model,store_id,sku_id,n,actual_units,wape,mape,mape_coverage,mae,rmse,smape,bias
catboost,STORE0011,SKU0023,14,964.0,0.5573850998360644,1.2075748900468057,1.0,38.37994544585472,50.248827257372476,0.5150774506709666,0.36960791163695217
catboost,STORE0005,SKU0045,14,985.0,0.5344078720231554,0.8400900183557723,1.0,37.599410995914866,47.91668018606671,0.4673428379881977,0.4438852067730155
catboost,STORE0009,SKU0069,14,1072.0,0.5320944169828609,0.6772619028949204,1.0,40.743229643259056,52.877487065533806,0.44712551590199745,0.29764513091506845
catboost,STORE0005,SKU0013,14,1453.0,0.5268017559321501,2.356509932587468,1.0,54.67449652638671,76.89221333240586,0.5102079753442721,0.34245547097054163
catboost,STORE0002,SKU0063,14,529.0,0.5158821577267002,0.903146069438087,1.0,19.492975816958886,24.896826860662934,0.45310286738205124,0.26006149209795004
catboost,STORE0010,SKU0098,14,456.0,0.5141763387272272,2.021361815460167,1.0,16.747457889972544,20.661695642748597,0.5903906993777053,0.28127499111740983
catboost,STORE0001,SKU0019,14,244.0,0.5093514602529374,0.561077944745434,0.9285714285714286,8.877268307265481,11.37379285844727,0.5153331809200936,0.26122040775355243
catboost,STORE0013,SKU0002,14,399.0,0.5090655662761162,1.1220537922544238,1.0,14.508368638869312,17.315828777685294,0.4949994663837912,0.3457650956188462
catboost,STORE0006,SKU0095,14,373.0,0.5070367581146784,1.378525111485904,1.0,13.508907912626787,16.192430291494677,0.5104487988468444,0.32078033725067107
catboost,STORE0008,SKU0043,14,765.0,0.4960337523283941,4.244383611405243,1.0,27.10470146651582,34.97853740136817,0.5506187844778935,0.15051461080938763
catboost,STORE0013,SKU0071,14,195.0,0.49540396110611706,0.8178348633836137,1.0,6.900269458263773,7.640668820722737,0.49168135616871844,0.2198411579854087
catboost,STORE0006,SKU0063,14,749.0,0.4881712652091756,0.8574859306543269,1.0,26.117162688690893,33.78910108068547,0.4545618260008304,0.19411619702684996
catboost,STORE0007,SKU0084,14,196.0,0.47530327104305886,1.2744579947436494,1.0,6.654245794602824,8.74497577280047,0.45889454653368916,0.38379745469813337
catboost,STORE0002,SKU0086,14,104.0,0.4718075253618921,0.7618235734962274,1.0,3.504855902688341,4.225925667972889,0.47432891382764747,0.055186201907153315
catboost,STORE0008,SKU0029,14,460.0,0.467366840050616,1.3310660189524486,1.0,15.356339030234526,19.54403353351957,0.4834193054781067,0.34917486646959495
catboost,STORE0005,SKU0020,14,625.0,0.46571169080846164,0.7432540351889331,1.0,20.79070048252061,25.997480762525388,0.4280611818709165,0.4050899194416645
catboost,STORE0007,SKU0080,14,717.0,0.46253803714228037,0.6719249133614109,0.9285714285714286,23.688555187929644,30.38622925293344,0.5139366021525682,0.22516239208080432
catboost,STORE0010,SKU0076,14,354.0,0.4612284078893168,1.7946176400897529,1.0,11.662489742344153,14.478341037156307,0.4771810756328745,0.19159383696993884
catboost,STORE0002,SKU0066,14,253.0,0.457298151819421,2.6410602251767523,1.0,8.264030886450966,10.638860203727148,0.5043246958244684,0.3569681010632119
catboost,STORE0011,SKU0098,14,576.0,0.4554257024766546,1.743491758477692,1.0,18.73751461618236,23.088986499908312,0.4906686168237552,0.04193554326858975
catboost,STORE0007,SKU0049,14,502.0,0.4544641633278802,0.630741696298804,1.0,16.295786427899703,17.612233557433616,0.4464919680678078,0.2032911126803695
catboost,STORE0008,SKU0047,14,1012.0,0.4517525371403716,0.5911313252124311,1.0,32.65525482757543,36.743037273222505,0.41287834818234004,0.3518628302213671
catboost,STORE0002,SKU0016,14,271.0,0.4499376838023616,2.022502092164611,1.0,8.709508022174285,10.877590809309487,0.46004847491104844,0.19487121918112796
catboost,STORE0007,SKU0101,14,165.0,0.4494282940126622,2.023913210362099,1.0,5.296833465149233,7.408900274133434,0.5194612014890437,0.27788536579183254
catboost,STORE0003,SKU0060,14,634.0,0.4468256783057861,0.7726832082378007,1.0,20.234820003276315,23.575629917921926,0.48170793632680936,0.05117286867152208
catboost,STORE0011,SKU0055,14,192.0,0.44597005820855956,0.6506823766693405,0.8571428571428571,6.116160798288817,8.148656832054177,0.5565252709047298,0.20125163493338624
catboost,STORE0013,SKU0025,14,206.0,0.4404820505123202,0.789034802132611,1.0,6.481378743252711,7.96266328479959,0.4271620154578433,0.32757026720408133
catboost,STORE0006,SKU0034,14,2432.0,0.4399780370949146,0.9759087738172717,1.0,76.4304704439166,94.32105296950587,0.4476935322704576,0.15024643533685017
catboost,STORE0003,SKU0031,14,713.0,0.43932053452778935,0.5934221963130736,1.0,22.3739672227367,28.561319432706867,0.41943717578125955,0.1300756668225599
catboost,STORE0001,SKU0092,14,1319.0,0.43748114657541165,0.6922836803650687,0.9285714285714286,41.21697373806914,50.49248815209936,0.5069617711469159,0.07450674499908173
catboost,STORE0012,SKU0091,14,223.0,0.43584826842268776,0.6353216712240463,1.0,6.942440275589955,8.462344472249745,0.4265594055557411,0.33313676760838684
catboost,STORE0002,SKU0023,14,801.0,0.4330750209167527,0.6456088517027051,1.0,24.77807798245135,32.780930342884,0.41516732478927715,0.11988222310646945
catboost,STORE0007,SKU0097,14,650.0,0.430584796010253,4.760157987772392,1.0,19.99143695761889,26.849601646681933,0.4887246306563822,0.06847967300695816
catboost,STORE0011,SKU0039,14,264.0,0.42609081764875567,1.7289001450684405,1.0,8.034855418519394,9.041143460373371,0.48534872785210587,0.056578856350352924
catboost,STORE0005,SKU0073,14,127.0,0.4259868419115152,0.45659305116186943,0.9285714285714286,3.864309208768745,4.981656320913778,0.4557847531914624,0.22614102535765515
catboost,STORE0002,SKU0015,14,102.0,0.42582065670161,1.1692629762962004,1.0,3.1024076416831585,3.9257163485542703,0.4500619648045577,0.29795097887935934
catboost,STORE0009,SKU0016,14,347.0,0.42567300957698173,1.347235955133774,1.0,10.55060959451519,13.978527659578173,0.45008035589590994,0.1356485400256571
catboost,STORE0008,SKU0059,14,364.0,0.425348759182413,0.40884884374033353,0.9285714285714286,11.059067738742739,12.70420130717798,0.47355948484780913,0.10548104339131921
catboost,STORE0009,SKU0032,14,997.0,0.4236273168091625,1.9405110800057852,1.0,30.16831677562393,46.57098985968241,0.4885618963126212,0.10874156795551067
catboost,STORE0005,SKU0084,14,296.0,0.4228536899242231,1.1705428532191247,1.0,8.94033515839786,11.460270284850674,0.459184034235096,0.27456927510659923
catboost,STORE0007,SKU0043,14,512.0,0.41908799353056037,0.7802739766277927,1.0,15.326646620546208,21.124659165167436,0.40047298632763084,0.2665577477868386
catboost,STORE0009,SKU0057,14,986.0,0.41609005995434095,1.0135876916027395,0.9285714285714286,29.30462850821287,38.23076268153849,0.4795962873843814,0.2527120686348029
catboost,STORE0001,SKU0020,14,665.0,0.41526205491203194,0.935907031681831,1.0,19.724947608321518,23.539835570701655,0.4384470535704676,0.15653099861821573
catboost,STORE0002,SKU0043,14,546.0,0.4132662891106864,0.5347572843713314,1.0,16.11738527531677,19.36583799226016,0.3857501824763007,0.3824074532147527
catboost,STORE0001,SKU0024,14,665.0,0.41314497237696146,1.663737451957067,1.0,19.624386187905667,24.648759905521068,0.4648529417400083,0.1517675127463435
catboost,STORE0002,SKU0031,14,646.0,0.41179985323906976,1.3650470244653616,1.0,19.001621799459933,23.603755827757194,0.4703229445097711,0.2588602104121839
catboost,STORE0005,SKU0019,14,248.0,0.41142499244046277,1.0771045721632713,1.0,7.2880998660881975,10.28170936479809,0.4295508817494477,0.26085284959492705
catboost,STORE0004,SKU0051,14,970.0,0.4111190767850363,1.4466763352523888,1.0,28.484678891534656,38.29504799441862,0.4728469539971606,0.15713599764462338
catboost,STORE0006,SKU0081,14,946.0,0.4077981123417672,0.5903110931012632,1.0,27.555501019665126,33.44290931742738,0.41641066313385183,0.07848381642985909
catboost,STORE0006,SKU0017,14,1393.0,0.40771594391538324,1.726505327379162,1.0,40.56773641958063,50.35495873248856,0.45740981665533154,0.20039738336123447
catboost,STORE0010,SKU0100,14,1076.0,0.40756234170198813,0.6998440055347978,1.0,31.324077119381375,37.62175288813763,0.44472894669202245,0.019964963807021573
catboost,STORE0007,SKU0066,14,279.0,0.40752836098016926,0.7234432176893216,1.0,8.121458050961945,9.696425825790694,0.4205377839856167,0.2540485073943929
catboost,STORE0009,SKU0077,14,716.0,0.4063705707894444,0.7407824401532012,1.0,20.78295204894587,29.786755609304926,0.38689567677892606,0.36329373857656494
catboost,STORE0008,SKU0007,14,374.0,0.4063079655513571,2.3827401703617794,1.0,10.854227079729112,13.21077742676103,0.4669638959018763,0.12172676887671496
catboost,STORE0004,SKU0076,14,386.0,0.40550167811979015,0.5542614501812786,1.0,11.180260553874215,12.851924371143005,0.40164574330374936,0.2195297360109531
catboost,STORE0001,SKU0016,14,404.0,0.4035366434244654,0.7902545495668918,1.0,11.644914567391714,13.466753370004328,0.4627309811935439,0.10992576471776032
catboost,STORE0006,SKU0046,14,1571.0,0.4021474285517155,0.6929592206780943,1.0,45.1266864467675,57.139089808111294,0.42157909099598917,0.12421707762703381
catboost,STORE0007,SKU0061,14,794.0,0.4014234587958281,0.9511421575145329,1.0,22.76644473456339,29.42715556245054,0.4289688627631317,0.31027271082496366
catboost,STORE0003,SKU0050,14,170.0,0.4010812584811945,0.7577778382318918,1.0,4.870272424414504,5.727587348566151,0.44068870642343133,0.11939434102959848
catboost,STORE0002,SKU0062,14,188.0,0.40076645985219905,1.3759149272977764,1.0,5.381721032300959,6.732952715007278,0.4480611653923026,0.013056984507601418
catboost,STORE0001,SKU0058,14,1284.0,0.40015403188203397,1.281588578395264,1.0,36.69984120975226,44.63013039187702,0.4880264013600685,0.09117256314977927
catboost,STORE0007,SKU0039,14,183.0,0.39985495848875147,1.5342083082059863,1.0,5.2266755288172515,6.162495852768727,0.4761185343708484,0.07802426621051212
catboost,STORE0002,SKU0026,14,1008.0,0.39972640887568256,3.978766791660051,1.0,28.780301439049143,37.632729991962215,0.41682566792572967,0.27282761192537136
catboost,STORE0009,SKU0099,14,1318.0,0.3988750445657592,0.8726753257529148,1.0,37.55123633840504,46.71235997002467,0.4687457499487908,0.12764922961244124
catboost,STORE0002,SKU0038,14,1030.0,0.39304333148997395,0.6714647187735044,1.0,28.91675938819094,33.36742139115265,0.4127583968426033,0.11363785803579515
catboost,STORE0013,SKU0006,14,938.0,0.39208209722352333,0.5106705799150749,1.0,26.269500513976062,33.65205652368399,0.4042993471719637,-0.03603372932022135
catboost,STORE0003,SKU0008,14,243.0,0.39141134799806904,0.606288632304976,1.0,6.793782683109341,7.768805138134037,0.410038751207876,0.11285256040113134
catboost,STORE0006,SKU0091,14,294.0,0.3908583192529575,0.5368937252042378,1.0,8.208024704312107,10.698266214254433,0.38772585787146285,0.03145010072545783
catboost,STORE0005,SKU0075,14,553.0,0.38902819214656653,0.35428811100754554,0.9285714285714286,15.366613589789377,18.101733750335477,0.4692665758887747,-0.09863631042874146
catboost,STORE0011,SKU0035,14,2625.0,0.3884435839409571,0.7621854679916781,1.0,72.83317198892946,86.70808696612157,0.44485269347566864,0.005347306950722029
catboost,STORE0009,SKU0058,14,1123.0,0.38803500539734553,2.816853636549602,1.0,31.125950790087074,40.51566707542391,0.44570779547090755,0.11409808651916456
catboost,STORE0011,SKU0100,14,1173.0,0.38798293092324326,0.5136732739679989,1.0,32.50742699806888,36.08504538188305,0.3891319810070087,0.14004384216064952
catboost,STORE0006,SKU0012,14,852.0,0.38754916381277177,0.9652759497286266,1.0,23.58513482632011,27.402442089698532,0.44199650682858194,0.2686275892661578
catboost,STORE0006,SKU0098,14,581.0,0.38699161868868437,1.1650044191846727,1.0,16.060152175580402,19.760969832670924,0.4518945368167407,0.10360154425558783
catboost,STORE0008,SKU0035,14,2593.0,0.38693538230350877,1.9990307012200554,1.0,71.66596045092845,86.04333404363123,0.4292481964197093,0.08844183668780992
catboost,STORE0001,SKU0043,14,718.0,0.3863754099992586,0.46902881073107616,1.0,19.815538884247694,29.58230639301929,0.31570102857052085,0.2866498738560934
catboost,STORE0007,SKU0036,14,496.0,0.38380224171095867,0.833841044752128,1.0,13.597565134902537,16.14571486485516,0.4368756103815266,0.05881227618083538
catboost,STORE0007,SKU0027,14,1769.0,0.38351838441314184,1.4343441932922754,1.0,48.460287287632,57.01061402038481,0.4530935720680208,-0.03928125675933349
catboost,STORE0013,SKU0028,14,879.0,0.3800692272504443,6.252224109241039,1.0,23.86291791093861,31.74420830013062,0.4480059342882674,0.14998056562915293
catboost,STORE0003,SKU0086,14,117.0,0.37739107520101806,0.7589127738118011,1.0,3.153911128465651,3.921407487051125,0.40798726118705064,-0.006592005441712975
catboost,STORE0004,SKU0068,14,562.0,0.3766922667627657,0.4808899968320377,1.0,15.121503851476735,19.242535856670912,0.3460917833505528,0.2766262095075382
catboost,STORE0005,SKU0060,14,923.0,0.37595548505965865,0.5004802579628207,1.0,24.786208050718923,29.72751871332254,0.38236018497023133,0.08939395479110607
catboost,STORE0006,SKU0033,14,1674.0,0.3749179538822599,0.6659594699171814,1.0,44.82947534277879,55.333684122289895,0.4027451663066934,0.029403360952274273
catboost,STORE0008,SKU0031,14,917.0,0.3734413239099776,0.9232377525515226,1.0,24.46040671610353,31.459897217845313,0.4250269691355394,0.18040372046822012
catboost,STORE0007,SKU0048,14,761.0,0.37162409263214985,0.7867383728627555,1.0,20.20042389236186,24.783778054896963,0.3983027826430185,0.1355846383419416
catboost,STORE0006,SKU0071,14,423.0,0.37033287242991547,0.5597738640251676,1.0,11.189343216989588,13.353429456064987,0.3722011602779703,0.18513780231944707
catboost,STORE0002,SKU0084,14,259.0,0.36941283118873725,0.7275784973187386,1.0,6.834137376991639,8.483177106972603,0.4138178825572259,0.16831505445271114
catboost,STORE0012,SKU0053,14,428.0,0.3690012453683288,0.47171828497439233,1.0,11.280895215546051,12.468461869281846,0.3745361383898147,0.05893181384647114
catboost,STORE0011,SKU0020,14,659.0,0.3689645928033973,0.8940763162394821,1.0,17.367690475531344,22.501732779523536,0.40325505625080904,0.10483194440003803
catboost,STORE0007,SKU0055,14,138.0,0.36826879939814416,0.6869174251508935,1.0,3.630078165495992,4.545862692398175,0.39547456186014057,0.12342155874388976
catboost,STORE0002,SKU0017,14,1063.0,0.368030930859597,1.2524590575600327,1.0,27.944062821696544,35.77482732026121,0.42769357294865656,-0.009938893386361329
catboost,STORE0004,SKU0077,14,944.0,0.367967209302041,1.4809752445354258,1.0,24.81150325579477,33.41818688258003,0.4329324462220896,0.16171096523049394
catboost,STORE0004,SKU0029,14,525.0,0.3679209133320161,1.677757775089034,1.0,13.797034249950602,16.89639602246802,0.394001507653517,0.17518893579154365
catboost,STORE0005,SKU0006,14,2295.0,0.3673455823323417,0.37249747982339104,1.0,60.21843653233744,73.17725210817231,0.3805534711994225,-0.1925859160125014
catboost,STORE0009,SKU0010,14,379.0,0.36728422400770566,0.6454870069370651,1.0,9.942908635637176,12.01093690260164,0.36769665060021206,0.2736885096483291
catboost,STORE0007,SKU0034,14,1854.0,0.36684613915345066,0.48679617781481666,1.0,48.58091014217839,58.97662862790885,0.36162512408416386,0.1188078955819054
catboost,STORE0010,SKU0017,14,1321.0,0.3666286988266068,0.6457748111694821,1.0,34.594036510710545,48.41862285975274,0.36859667930103385,0.01575026321229133
catboost,STORE0009,SKU0012,14,729.0,0.36595254228668506,1.177449550406357,1.0,19.055671666213815,26.03128856079037,0.4284260578981827,0.22568839013388234
catboost,STORE0009,SKU0015,14,147.0,0.3641272712240581,1.017507577021637,1.0,3.8233363478526097,4.442694602078301,0.4203791460527522,0.026211027142305634
catboost,STORE0002,SKU0099,14,1098.0,0.3640533779280764,0.8699321202959832,1.0,28.55218635464485,41.85181813225398,0.3596242153296971,0.029392144927992265
catboost,STORE0008,SKU0051,14,1030.0,0.36390087651489517,1.3316437744942655,1.0,26.77270734359586,35.17407787268873,0.4223306625935254,0.0969940583920394
catboost,STORE0009,SKU0082,14,680.0,0.3638687443875684,1.1873730545676326,1.0,17.673624727396177,22.44476281558896,0.4082844717901829,0.2036070011733868
catboost,STORE0003,SKU0021,14,560.0,0.36323027876347397,1.2806850550447764,1.0,14.529211150538957,18.240181437178094,0.40267154689616474,0.10826578537131852
catboost,STORE0011,SKU0043,14,803.0,0.3626526686520642,0.9289015633672701,1.0,20.80072092340054,26.30017731043926,0.41954184942516826,0.14893521662621634
catboost,STORE0006,SKU0048,14,1136.0,0.3626306599229069,0.5449704130701495,1.0,29.424887833744442,34.00888448049561,0.3744081114605425,0.1632785568794798
catboost,STORE0007,SKU0053,14,352.0,0.36249333091098773,1.420883110427949,1.0,9.114118034333407,12.024736894858693,0.42506288879161785,0.023730023132495403
catboost,STORE0001,SKU0066,14,429.0,0.36213215877305893,0.8166054594076797,1.0,11.096764008117306,13.265233071878761,0.40892295213273433,0.08655076730399258
catboost,STORE0005,SKU0016,14,417.0,0.361330479862849,0.5015685474840856,1.0,10.76248643591486,13.465519225645538,0.37311930572848073,0.011884064401203558
catboost,STORE0013,SKU0068,14,381.0,0.36100445467279774,0.4234515128394053,1.0,9.824478373595424,12.82881111375129,0.3717441069493353,-0.11524226070161489
catboost,STORE0005,SKU0101,14,261.0,0.3605445850314489,1.0053852121810292,1.0,6.721581192372012,8.922321552673187,0.4478826147774173,-0.06708097154182878
catboost,STORE0001,SKU0026,14,1585.0,0.3596790842546005,0.5748245350102851,1.0,40.72081061025299,47.8531283622342,0.38829304482501537,0.07546567940242772
catboost,STORE0006,SKU0053,14,441.0,0.35896699975564833,0.5733704054452591,1.0,11.307460492302923,14.577741630254803,0.38380782479192854,0.018022947716928896
catboost,STORE0010,SKU0079,14,989.0,0.35836853558199505,0.5047493592926823,1.0,25.316177263613792,27.870471014866943,0.36380588082006154,0.13808744114531515
catboost,STORE0005,SKU0086,14,135.0,0.35771812055508867,0.36638978257427063,0.9285714285714286,3.449424733924069,5.2177637521796205,0.3920532488542903,0.20468230301685553
catboost,STORE0008,SKU0056,14,385.0,0.35752483595314977,0.47169560539824207,1.0,9.831932988711618,14.693678110629461,0.3288246117314996,0.011108006558930407
catboost,STORE0005,SKU0023,14,1133.0,0.357381984910459,0.5587389072651601,1.0,28.92241349311072,34.59986679105937,0.3716718645454437,0.13116425676681284
catboost,STORE0012,SKU0062,14,192.0,0.3562735982465477,0.8087500065452448,1.0,4.886037918809797,6.222415613121861,0.37205269040337835,0.2152357006531779
catboost,STORE0001,SKU0035,14,3090.0,0.35625663341855124,0.6590596597035611,1.0,78.63092837595165,104.43722743134995,0.3921622631453118,-0.10892184223671728
catboost,STORE0010,SKU0034,14,2551.0,0.35551753061272745,0.41545393308751855,1.0,64.78037289950484,89.01190886155338,0.36317448564216653,-0.08693046795626111
catboost,STORE0012,SKU0005,14,1255.0,0.354173573879385,0.48934414507810703,1.0,31.74913108704487,39.34570603975854,0.3723723082804473,0.03441179425289569
catboost,STORE0002,SKU0087,14,272.0,0.35397380957152563,0.6206893927838381,1.0,6.877205443103926,8.409558581338281,0.37534773479150235,0.16537671412631513
catboost,STORE0009,SKU0022,14,1233.0,0.3537866849961503,0.8034995105056051,1.0,31.15849875716095,38.36846183263186,0.397194722610552,0.06883354614963814
catboost,STORE0011,SKU0058,14,1296.0,0.35336931170905184,0.7381465572130707,1.0,32.71190199820937,40.50835767243804,0.3822297706082338,0.05516127796660973
catboost,STORE0005,SKU0041,14,1350.0,0.353155798816149,0.6241512537029841,1.0,34.05430917155722,49.43052794340735,0.33272288507057224,0.22168596933744492
catboost,STORE0010,SKU0097,14,883.0,0.3516507091376032,0.8493213460286555,1.0,22.179112583464548,26.869003895102402,0.4017239207456625,0.11593972787158263
catboost,STORE0004,SKU0028,14,1815.0,0.35078938032213025,0.7102435861788559,1.0,45.477337520333315,54.31096889576641,0.394212322346409,0.03614360682185679
catboost,STORE0003,SKU0070,14,996.0,0.35062451515314547,0.4141760231690204,0.9285714285714286,24.944429792323778,31.57870111106678,0.422652394278629,0.10707451148009707
catboost,STORE0006,SKU0056,14,379.0,0.3504572032692536,1.291584942772579,1.0,9.487377145646223,14.041540157631214,0.4019630403864037,0.04542025726384903
catboost,STORE0013,SKU0001,14,745.0,0.35022802710529205,0.48517193065583664,1.0,18.637134299531613,20.853006953341247,0.36581062069292997,0.12404123329220275
catboost,STORE0009,SKU0023,14,991.0,0.3500390387088197,0.403108598375297,1.0,24.777763382888594,30.12292342279687,0.33624779541521227,0.05530300903160891
catboost,STORE0010,SKU0040,14,367.0,0.34957727630529767,2.9885412930652437,1.0,9.163918600288875,13.20417375009562,0.3658328269592304,0.16487810920005352
catboost,STORE0009,SKU0003,14,237.0,0.3490581280802484,0.8106014752865203,1.0,5.909055453929919,7.459943724885923,0.3910787791384403,0.11921440937732884
catboost,STORE0012,SKU0013,14,1554.0,0.3490311506192804,3.304410505691217,1.0,38.74245771874013,46.969980911957926,0.44963741767253096,0.06458058067928452
catboost,STORE0010,SKU0089,14,507.0,0.34866432760522914,1.4049677520253412,1.0,12.626629578275084,18.24673614119229,0.41515061360519373,0.16634171183124769
catboost,STORE0009,SKU0093,14,889.0,0.34855114289314076,0.5433717561169119,1.0,22.13299757371444,26.714780771455988,0.3625523618809711,0.1706294938657768
catboost,STORE0006,SKU0088,14,402.0,0.34812835167798023,0.36171255602935043,1.0,9.996256955324862,12.119274231473323,0.369287757571063,-0.20779833604345901
catboost,STORE0006,SKU0069,14,1386.0,0.34736361856312314,0.6268623139223589,1.0,34.38899823774919,41.136464348409454,0.39454345428107146,0.1785727062200014
catboost,STORE0011,SKU0024,14,794.0,0.3470516727197743,0.664127692919836,1.0,19.682787724250055,24.366816342025697,0.37881947709527186,0.051386015253233906
catboost,STORE0003,SKU0088,14,242.0,0.34682270927681574,0.8756733370970535,0.9285714285714286,5.995078260356387,7.9856991502330885,0.4661699578874693,0.06673813928342634
catboost,STORE0009,SKU0009,14,705.0,0.34674043290501083,1.258202205413303,1.0,17.46085751414519,23.675363966746712,0.4028285300436896,0.09798095180430003
catboost,STORE0009,SKU0019,14,230.0,0.34669875726635946,0.6345053665849691,1.0,5.695765297947334,6.625375653541996,0.4117337920977742,0.1146188358951102
catboost,STORE0010,SKU0092,14,1253.0,0.34632254478915914,0.5392180948908886,1.0,30.995867758629743,36.76734672271832,0.37690630108835327,-0.04637162117880238
catboost,STORE0004,SKU0014,14,812.0,0.346153128055537,1.9256287135776586,1.0,20.076881427221146,26.001206806594087,0.37652071604386633,0.11772715356717832
catboost,STORE0006,SKU0031,14,943.0,0.34614483055975587,0.49588405033806293,1.0,23.315326801274985,29.10912286770689,0.3475077851567172,0.1694019825983255
catboost,STORE0012,SKU0097,14,907.0,0.3457197671506074,0.6899182053766485,1.0,22.397702057542922,26.529083286271423,0.4038942999761764,-0.03142445293939365
catboost,STORE0006,SKU0058,14,1505.0,0.3455860971319854,0.36223567641951127,0.9285714285714286,37.15050544168843,48.29903187439514,0.4206841213258067,-0.042476953530053374
catboost,STORE0001,SKU0065,14,1009.0,0.3455139620132188,0.7779098709974014,1.0,24.901684833666987,37.383459681514395,0.36160245575621214,0.09667874580502044
catboost,STORE0008,SKU0101,14,243.0,0.34533249174114894,0.8615438743163182,1.0,5.993985392364229,7.545661229840041,0.38182348792282433,0.13823403273183407
catboost,STORE0001,SKU0101,14,287.0,0.34484881543121887,0.5584092937824222,1.0,7.069400716339986,8.429331059026685,0.380236751506639,0.024313995842966018
catboost,STORE0010,SKU0020,14,601.0,0.34436659027229194,0.5708341966413127,0.9285714285714286,14.783165768117675,18.684354413369412,0.435788820911809,0.0843741248467426
catboost,STORE0012,SKU0083,14,1138.0,0.3440307635948545,2.569302203190223,1.0,27.964786355067464,36.206024376871575,0.40279810076436207,0.03652286466504197
catboost,STORE0012,SKU0060,14,689.0,0.343897194711028,1.0178975346337908,1.0,16.924654796849875,21.472331632871974,0.39522225309755793,0.062902299342479
catboost,STORE0003,SKU0093,14,800.0,0.34352910970881156,0.48422463286401507,1.0,19.630234840503515,24.12652951948583,0.35075224624663603,0.09681323698493412
catboost,STORE0012,SKU0022,14,1162.0,0.34335632228648577,0.6357515093085141,1.0,28.49857474977832,36.36393686172525,0.37456284995716577,0.11504326247158267
catboost,STORE0013,SKU0003,14,142.0,0.3429493800191994,0.5555863286927014,0.9285714285714286,3.478486568766165,4.616718064232215,0.42612086986963404,0.12622377770187393
catboost,STORE0010,SKU0036,14,589.0,0.3429231813563764,0.4985503472670413,1.0,14.427268129921837,17.024174596362155,0.3728548343242827,0.06461170452951967
catboost,STORE0005,SKU0082,14,911.0,0.3423851617823934,0.4279460120094999,1.0,22.27949159884003,25.521727599631085,0.3387790220569724,0.14816144809920792
catboost,STORE0012,SKU0043,14,719.0,0.34234397016661866,0.3417012966728216,1.0,17.581808182128487,20.975377937278463,0.33195788706379464,-0.025772760578780966
catboost,STORE0013,SKU0076,14,226.0,0.3409977386586832,0.7402668290029981,1.0,5.504677781204458,6.896237604715013,0.3760404799746346,0.0938588774545116
catboost,STORE0011,SKU0026,14,1462.0,0.3408533668731931,0.9976045174462319,1.0,35.59483016918631,45.80426778909823,0.37785710150330554,0.10304347242166186
catboost,STORE0011,SKU0015,14,141.0,0.34065288922742304,1.1711475592033798,1.0,3.430861241504761,4.4804253800132345,0.39403178721728704,0.17333308820333743
catboost,STORE0003,SKU0044,14,1028.0,0.3400115852001093,0.4490559248910686,1.0,24.966564970408026,29.770736458753095,0.35874059093271043,-0.04361154084907337
catboost,STORE0001,SKU0051,14,924.0,0.33995561126600005,0.9230138483928597,1.0,22.437070343556,26.68576955507458,0.37556655268216216,0.12800291463607932
catboost,STORE0003,SKU0096,14,947.0,0.33970211795715743,1.7664877440612374,1.0,22.978421836102005,28.34177800076042,0.37820886054614,0.04873455177639757
catboost,STORE0006,SKU0076,14,378.0,0.33899219604489256,0.6141159662859111,1.0,9.152789293212098,12.20603700550381,0.35017588570545416,0.21120018016699477
catboost,STORE0008,SKU0025,14,468.0,0.3389487908816288,0.6447681237190385,1.0,11.330573866614449,13.887919721282394,0.3622718254550229,0.18332942181786574
catboost,STORE0001,SKU0081,14,1013.0,0.3384633457397979,1.161115963586791,1.0,24.490240659601092,30.54547344211012,0.3729233277083525,0.014397668033693117
catboost,STORE0011,SKU0021,14,795.0,0.338444082331108,0.28285640751440977,0.9285714285714286,19.218788960945062,24.657516943953826,0.37265533577256005,0.19099060080538577
catboost,STORE0007,SKU0018,14,935.0,0.3375540308754289,0.4270866621045934,1.0,22.543787062037573,25.34374949874723,0.3533955166401352,0.0028269308823603125
catboost,STORE0008,SKU0097,14,1035.0,0.33746063942996146,0.43848020595810666,1.0,24.94798298642929,32.13787754365601,0.3307691465400006,0.0786169336836371
catboost,STORE0004,SKU0052,14,857.0,0.33726540393280924,0.4461638921688091,1.0,20.645460797886965,24.707143796510753,0.345950214721544,0.052936015292892574
catboost,STORE0006,SKU0102,14,1498.0,0.3368857356378798,0.5167544491826124,1.0,36.04677371325314,43.089560433908375,0.3392489180561979,0.22326396093898498
catboost,STORE0004,SKU0048,14,1242.0,0.3365782953148449,0.5659987381384578,1.0,29.859303055788384,38.99455211997704,0.37270940156785726,-0.034727307215732896
catboost,STORE0007,SKU0074,14,734.0,0.33595601984283585,0.5733766939354784,1.0,17.61369418318868,23.47605872162833,0.3488881848053133,0.13541360198639915
catboost,STORE0007,SKU0016,14,360.0,0.33544746649702095,0.2472757113391982,0.9285714285714286,8.625791995637682,13.635309139282468,0.3969719082830339,-0.16471768668725703
catboost,STORE0012,SKU0001,14,1615.0,0.3353776114424097,0.6450791907648554,1.0,38.688203034249405,46.942280224727895,0.38934654846966466,-0.1672650540992002
catboost,STORE0001,SKU0059,14,390.0,0.3351230542149866,0.5263304389794295,1.0,9.335570795988913,10.697132072555725,0.3715186254217338,0.060431658777829474
catboost,STORE0003,SKU0048,14,898.0,0.3346973504520457,0.5439486316826487,1.0,21.468444336138358,30.468314316050442,0.35419295319607175,-0.031464285264925805
catboost,STORE0013,SKU0026,14,724.0,0.33445152963714164,0.39407479787664196,0.9285714285714286,17.29592196123504,25.438607730622454,0.37922966741417613,0.20560950671884
catboost,STORE0005,SKU0009,14,903.0,0.33323493958228073,0.644040717653222,1.0,21.49365360305711,29.137574045841134,0.356826084244311,-0.005021257340081663
catboost,STORE0007,SKU0094,14,607.0,0.33304282818131353,0.46553952108754987,1.0,14.439785479004092,16.915438000566553,0.3375646454411897,0.18213902142315022
catboost,STORE0001,SKU0078,14,466.0,0.33283225576085346,1.0095014946585004,1.0,11.07855937032555,13.21886350653234,0.4029202425031824,-0.013336270006819117
catboost,STORE0011,SKU0082,14,908.0,0.33238503088662796,0.44372260811043096,1.0,21.55754343178987,26.213516060294197,0.35624557070550367,-0.03113662376703317
catboost,STORE0007,SKU0065,14,707.0,0.33129247124745836,0.33661731133405104,1.0,16.730269797996648,21.967054949881927,0.28902858679520343,0.10638023117125062
catboost,STORE0005,SKU0054,14,1421.0,0.33100124652085056,8.065985513239248,1.0,33.596626521866334,45.91678957683458,0.371630893955829,0.07115667792167817
catboost,STORE0007,SKU0050,14,161.0,0.3309630927809186,0.44857990534640957,1.0,3.806075566980564,4.505995032142502,0.32440321098063224,0.17879507890521712
catboost,STORE0012,SKU0054,14,1213.0,0.33095764713543857,0.37137432254359926,1.0,28.67511614109193,36.354971887820724,0.3071395887308222,0.11711744931530173
catboost,STORE0001,SKU0021,14,843.0,0.33089130710519965,0.30550640248084177,0.9285714285714286,19.92438370640595,27.764587698339742,0.3729307310235213,0.159236170490745
catboost,STORE0011,SKU0067,14,553.0,0.33028850222986844,0.6112389798063765,1.0,13.046395838079803,16.584845944439834,0.36329996302170336,0.051767896953863864
catboost,STORE0007,SKU0006,14,1090.0,0.33026078662884717,0.3939448114492047,1.0,25.713161244674527,29.56455172539527,0.31363870154998497,0.2500753178047769
catboost,STORE0006,SKU0038,14,1642.0,0.3300827641928431,0.44381260382658644,1.0,38.7139927717606,44.410361124131015,0.3521126217178591,-0.007509948264037555
catboost,STORE0011,SKU0029,14,540.0,0.3299696425550387,0.6072297070907255,1.0,12.727400498551491,18.1842964204238,0.32881523247758887,0.06461686774855442
catboost,STORE0009,SKU0002,14,848.0,0.32989413746358504,0.474984948085161,1.0,19.98215918350858,25.529263821210296,0.3386917586420764,0.014807639451800938
catboost,STORE0010,SKU0078,14,444.0,0.32900015284785716,0.37064603314906597,1.0,10.434004847460614,12.881829818775437,0.3433849494679025,-0.1420618413881832
catboost,STORE0001,SKU0063,14,904.0,0.32827234320356513,0.6432196397715969,1.0,21.19701416114449,31.015043550281298,0.3497274331008137,0.07241337653568303
catboost,STORE0003,SKU0075,14,386.0,0.32818655290822285,0.45141307360686195,1.0,9.04857210161243,10.59538361291933,0.3359622247783431,0.1247295588033541
catboost,STORE0006,SKU0003,14,297.0,0.3274459524113813,0.6061441560656359,1.0,6.9465319904414455,9.383159078714668,0.3414603085083693,0.19608875822066246
catboost,STORE0011,SKU0025,14,459.0,0.3272648164724331,1.3432912386964517,1.0,10.729610768631915,13.36553147982115,0.3680652820421825,0.053280560803721344
catboost,STORE0001,SKU0090,14,320.0,0.3269511504193734,0.7675607386039714,1.0,7.4731691524428205,9.597978707728815,0.3980194945590113,-0.0654926660341661
catboost,STORE0013,SKU0049,14,298.0,0.3267710253429936,0.6082533127059758,1.0,6.955554682300864,8.748117851708386,0.3395777988496274,0.2742095495359763
catboost,STORE0005,SKU0070,14,1516.0,0.3265472627019788,3.3060728523637217,1.0,35.36040358972856,47.502722027010414,0.4362212020582876,0.009853453145475123
catboost,STORE0011,SKU0083,14,1365.0,0.3264848065977017,0.6205950506656145,1.0,31.832268643275913,38.16188273005994,0.3569644146154268,0.016108837042799296
catboost,STORE0011,SKU0048,14,1120.0,0.32582281666468277,1.166755090681628,1.0,26.06582533317462,33.02272364991167,0.41956215551150444,0.0518292341203552
catboost,STORE0002,SKU0039,14,173.0,0.3257893502739809,1.238600813444306,1.0,4.025825542671336,5.207962305343184,0.3897801108741857,0.1261075534375115
catboost,STORE0012,SKU0047,14,1060.0,0.32573464610753844,0.839503393777098,1.0,24.662766062427913,31.658434881007892,0.35452683132043006,-0.006609407725033177
catboost,STORE0003,SKU0019,14,186.0,0.3254708883234603,0.4729480661922217,1.0,4.324113230583115,6.211123063248808,0.31360589339424927,0.2828292880825882
catboost,STORE0007,SKU0012,14,644.0,0.325332709978517,0.4672736588540884,1.0,14.965304659011782,18.27486834075865,0.3388757899626434,0.1587217954192754
catboost,STORE0009,SKU0070,14,1061.0,0.3244061150124531,0.8969645159710397,1.0,24.58534914487234,34.24876417256012,0.35334842296496155,0.23860896490439412
catboost,STORE0009,SKU0062,14,252.0,0.32393072514105337,0.24868023265658537,0.9285714285714286,5.83075305253896,7.460422543151421,0.3896798049702045,-0.08802376715513081
catboost,STORE0001,SKU0055,14,207.0,0.3238641020617412,0.28150624680895026,0.9285714285714286,4.788562080484317,5.947157753030474,0.3853341376707574,0.04345248431586253
catboost,STORE0004,SKU0035,14,2944.0,0.3234034051747143,0.5759336002027787,1.0,68.00711605959705,89.60480633629436,0.3471848340017084,-0.0391156880772394
catboost,STORE0005,SKU0100,14,1179.0,0.32294700006260224,0.402263423150828,1.0,27.19675093384343,32.7993473290965,0.3166116888098806,0.1318486284586278
catboost,STORE0001,SKU0061,14,1251.0,0.32293491277535,0.4683711660986278,1.0,28.85654113442592,34.951266243914816,0.3332574090274914,0.07200884070848923
catboost,STORE0013,SKU0084,14,191.0,0.32167704702792443,0.7087324547532058,1.0,4.388593998738112,5.426002762854529,0.3953421657300717,0.019567126525891446
catboost,STORE0005,SKU0015,14,198.0,0.3215650198316258,0.3552835991371372,1.0,4.547848137618707,5.449959232631463,0.3492089871418894,-0.21034705556751707
catboost,STORE0012,SKU0100,14,1159.0,0.321499626585871,0.7963579857928635,1.0,26.615576229501748,32.25348634462872,0.366920586717212,-0.0321386761788251
catboost,STORE0010,SKU0054,14,1116.0,0.32149852389497235,0.4494539069040961,1.0,25.62802519048494,37.42868001351379,0.28505339716484873,0.2098839272502909
catboost,STORE0001,SKU0037,14,1531.0,0.32084993276596907,0.502454849080953,1.0,35.08723193319276,43.28158460670972,0.34426134893789045,0.04319389502534466
catboost,STORE0006,SKU0057,14,1481.0,0.3203267140936436,0.3472633687395495,1.0,33.88599025519187,41.085962945035234,0.33894721945314155,-0.15430425367372602
catboost,STORE0004,SKU0099,14,1429.0,0.3202428862051586,0.6673830036604714,1.0,32.68764888479797,40.783393282384175,0.3921418570232503,0.14748857287691697
catboost,STORE0009,SKU0049,14,539.0,0.3201139685294005,0.3725405752977243,1.0,12.324387788381918,13.619591738450186,0.2981520978323097,0.23413859847551943
catboost,STORE0005,SKU0038,14,1625.0,0.31989810886180636,0.46644570898070414,1.0,37.131030492888236,43.58129620546706,0.3560403540790885,-0.05729064803525667
catboost,STORE0008,SKU0090,14,344.0,0.31972078511114327,0.35261940515456003,1.0,7.85599643415952,9.264923224729548,0.3281676419167447,-0.08986262986910877
catboost,STORE0001,SKU0074,14,1048.0,0.3193876630175697,0.45998759289548763,1.0,23.90844791731522,30.744781015203877,0.3172980140558686,0.12211689565610066
catboost,STORE0005,SKU0080,14,1197.0,0.31931083502013985,0.5200901609681423,1.0,27.30107639422196,33.95939130121718,0.3602357142049247,-0.04913352884650644
catboost,STORE0006,SKU0039,14,251.0,0.3192242651583368,1.0157194109575298,1.0,5.723235039624467,7.591578104820021,0.35445720587717783,0.10342637569563837
catboost,STORE0007,SKU0067,14,400.0,0.31913231040876255,0.4543163891954015,1.0,9.11806601167893,11.153589600468697,0.32789177532752534,0.10131744434677335
catboost,STORE0013,SKU0013,14,796.0,0.31868910442277554,0.6753965473104743,1.0,18.119751937180666,23.140052360662626,0.35695884723678883,0.17442719768215265
catboost,STORE0001,SKU0072,14,490.0,0.31859738099745116,0.4423523992962814,1.0,11.150908334910792,13.91854674764738,0.3198351758672863,0.1825006507659718
catboost,STORE0008,SKU0062,14,294.0,0.31854291952943575,0.8860260877113534,1.0,6.689401310118151,8.422602308809207,0.3636448648238294,-0.14026216556354187
catboost,STORE0008,SKU0067,14,589.0,0.31811294404584317,0.5136811682572475,1.0,13.383466003071545,17.608019813092717,0.33644831002726006,0.08061031149080684
catboost,STORE0003,SKU0055,14,145.0,0.3176382851056515,0.6876657095731105,1.0,3.289825095737105,4.253907084655788,0.366337978774565,0.10914746232974212
catboost,STORE0005,SKU0028,14,2042.0,0.31762920493740315,0.6110279621577793,1.0,46.32848832015552,55.817315226018465,0.3588931399207356,-0.08028788392495492
catboost,STORE0008,SKU0076,14,476.0,0.3175456850730682,0.8000196393077196,1.0,10.796553292484319,13.784754609180228,0.3756042578066231,0.06346502379127307
catboost,STORE0011,SKU0062,14,249.0,0.31670255292121213,0.5643857091841845,1.0,5.632781119812988,6.867163346398956,0.34661564259763056,0.09774445256618468
catboost,STORE0002,SKU0079,14,829.0,0.31648425491475235,0.6489504807439389,1.0,18.740389094594978,22.380392102973968,0.3522565461559049,0.029320859973948513
catboost,STORE0013,SKU0037,14,839.0,0.31540208351435345,0.4370767569388424,1.0,18.90159629061018,22.774561018576325,0.32436846615139553,0.09977759271660717
catboost,STORE0011,SKU0041,14,1678.0,0.3153025851481092,0.6107869258435762,1.0,37.791266991323376,44.56471041206227,0.36382859864625644,0.04912148794997738
catboost,STORE0001,SKU0017,14,1767.0,0.31526894495724384,0.356021066821027,1.0,39.79144469567499,51.78211454659006,0.32035814310730715,-0.0754742597283445
catboost,STORE0011,SKU0033,14,1477.0,0.3148256389719436,1.1845504303901753,1.0,33.21410491154005,44.96241029474339,0.34582960416857816,0.09783085785596757
catboost,STORE0007,SKU0090,14,218.0,0.31441333623430107,0.8871330283436052,1.0,4.895864807076974,6.932188824999713,0.3672299494757086,-0.00566451941034499
catboost,STORE0004,SKU0001,14,1663.0,0.3143505314627787,0.750646774881685,1.0,37.340352415900064,46.024442271496696,0.369735129913892,-0.06863031254020012
catboost,STORE0004,SKU0058,14,1361.0,0.3140729758778449,0.42430770776257326,1.0,30.53238001212478,37.69961762699816,0.3252614231088025,0.05041002929740859
catboost,STORE0005,SKU0077,14,853.0,0.31379350170667025,0.7240895806143149,1.0,19.118989782556408,23.317317078137943,0.35867396689578485,0.16267106276519788
catboost,STORE0010,SKU0021,14,697.0,0.31273984601958227,0.4970183733763838,1.0,15.569976619689202,19.208825790207797,0.32555541435646135,0.11391721906292152
catboost,STORE0011,SKU0097,14,1139.0,0.3125300566591868,0.4054377285508707,1.0,25.426552466772414,29.823764378723485,0.34720484679161295,-0.09574969494812022
catboost,STORE0005,SKU0022,14,1380.0,0.31211720465830717,0.5948473178438342,1.0,30.76583874489028,38.30908125511455,0.33071063500144193,0.15645504546180541
catboost,STORE0003,SKU0084,14,303.0,0.3121039512512935,0.40180077106291634,1.0,6.754821230652994,7.854017295642389,0.3334256608579973,-0.0016511859006071218
catboost,STORE0004,SKU0053,14,442.0,0.3114764838233547,0.6081717337338034,1.0,9.83375756070877,12.471757216510824,0.3374219605215593,0.13306018309184
catboost,STORE0002,SKU0090,14,207.0,0.31095179272094237,1.2956390163498448,1.0,4.597644363802504,5.8856146119042725,0.3493090075785571,0.10644977431857901
catboost,STORE0011,SKU0053,14,465.0,0.31075827289133345,1.3154445726015358,1.0,10.321614063890719,13.243514215487439,0.3625752810632746,0.0036204510389394526
catboost,STORE0003,SKU0040,14,308.0,0.31067936525313516,0.4051789424453177,1.0,6.834946035568974,7.8643197349567275,0.31839279086131506,0.1480731912270895
catboost,STORE0013,SKU0085,14,573.0,0.3102761237415974,0.4143470097181214,1.0,12.699158493138237,18.435969485465673,0.300168628383854,0.15622210674485099
catboost,STORE0011,SKU0028,14,2051.0,0.31024912583625747,0.40941554156251664,1.0,45.45149693501172,52.904946836264784,0.3383915669524571,-0.06367600547533528
catboost,STORE0002,SKU0006,14,1359.0,0.3101408240254441,0.3781187206918682,1.0,30.10581284646989,37.363489733809814,0.3096116982240386,0.0485273681086551
catboost,STORE0008,SKU0009,14,896.0,0.3096102320556725,4.719614362259739,1.0,19.81505485156304,25.099650425932413,0.3746737360881086,0.05025372533646133
catboost,STORE0010,SKU0084,14,331.0,0.30957600651933403,0.24508225671092396,0.9285714285714286,7.319261296992827,8.95114506441233,0.38596350062638457,-0.09101849225192346
catboost,STORE0008,SKU0081,14,857.0,0.30926533639750475,0.9278496730835724,1.0,18.93145666376154,25.12422611806741,0.33263037850656074,0.2315183606709594
catboost,STORE0002,SKU0089,14,503.0,0.30895428232730865,1.2705904432749286,1.0,11.100286000759732,13.534015984103041,0.3646907127328375,-0.08473699935195259
catboost,STORE0011,SKU0006,14,1683.0,0.308934806996366,2.9325623118201274,1.0,37.138377155348856,46.80405839681339,0.4093582335306046,0.09244217294620057
catboost,STORE0004,SKU0003,14,392.0,0.30875570985996,0.30480764177724484,1.0,8.64515987607888,10.125761263963827,0.3323708113727993,-0.23018187655573819
catboost,STORE0001,SKU0049,14,707.0,0.30850577179364547,0.7928772717395564,1.0,15.579541475579095,20.383211473809236,0.36159628585211745,0.03519818680248373
catboost,STORE0004,SKU0066,14,424.0,0.3082395647661455,0.3410537842109501,0.9285714285714286,9.335255390060407,12.714347774827008,0.3880370615852452,0.08586985231687276
catboost,STORE0003,SKU0045,14,859.0,0.30823355624144183,4.510488023584648,1.0,18.912330343671325,27.156217323361528,0.340375006146825,0.22720798941839415
catboost,STORE0004,SKU0087,14,478.0,0.307232181513483,0.510658149781762,1.0,10.489784483103206,13.252222512652596,0.3516783800294192,-0.08783442405886388
catboost,STORE0011,SKU0001,14,1706.0,0.30711459696308013,0.4052893836212739,1.0,37.4241073156439,39.503859657175745,0.3488294561761705,-0.07610571979924445
catboost,STORE0009,SKU0045,14,1026.0,0.3068492754616105,0.7753102497973753,1.0,22.48766833025803,25.69778844647513,0.3578490269318232,0.13899966611176193
catboost,STORE0010,SKU0094,14,835.0,0.3067992488842674,0.597997844797865,1.0,18.298383772740234,27.25466506918266,0.32931986530975677,-0.08132718450278677
catboost,STORE0012,SKU0088,14,320.0,0.3067779096172737,0.22422104442247018,0.9285714285714286,7.0120665055376845,9.943421250342302,0.34792878146264894,0.05757031092503584
catboost,STORE0001,SKU0001,14,1457.0,0.3067513268926523,0.5131737881383523,1.0,31.924048805899595,39.79938179735845,0.33600787120527575,0.1222079385045459
catboost,STORE0003,SKU0030,14,558.0,0.3066299581541413,0.3889574827468882,1.0,12.221394046429348,14.57394590214749,0.31354380104002677,0.05778036409663455
catboost,STORE0010,SKU0013,14,1626.0,0.3065785143433135,0.4863738581713206,1.0,35.60690459444484,44.33489798782557,0.3419496413528165,-0.02112451051747611
catboost,STORE0003,SKU0047,14,927.0,0.30641004272353517,0.4102877244638795,1.0,20.28872211462265,23.272711296535192,0.33105743552794875,-0.03027458305515923
catboost,STORE0010,SKU0048,14,882.0,0.3063389952578791,0.9886221563220311,1.0,19.299356701246385,25.77430405264565,0.36213716155883063,0.16656167982954106
catboost,STORE0006,SKU0066,14,537.0,0.30593360389873425,0.310210363191337,1.0,11.734738949544306,14.244633233954595,0.32138243952481,-0.1692633643700872
catboost,STORE0001,SKU0099,14,1706.0,0.30568021950611873,0.22414610975776547,0.9285714285714286,37.249318176959896,51.29099150153434,0.36781916457133645,-0.08594166566967251
catboost,STORE0005,SKU0026,14,1544.0,0.3056111876467813,0.3834431981761937,1.0,33.70454812333074,38.38675508412,0.3159594960276141,0.017323724285339168
catboost,STORE0003,SKU0009,14,642.0,0.3054723490320247,0.349160619258362,1.0,14.00808914846856,19.479047600875244,0.2973731210620955,0.011343569147335962
catboost,STORE0006,SKU0094,14,987.0,0.305163425376258,0.7787278242901529,1.0,21.51402148902619,27.94798200630375,0.34405841000773935,0.005163684913222713
catboost,STORE0010,SKU0060,14,801.0,0.304885294512805,0.49998705645155955,1.0,17.443794350339772,21.39003603734011,0.3455660329446765,-0.017979537678516528
catboost,STORE0003,SKU0026,14,1101.0,0.3043959191478977,0.4422300679083585,1.0,23.938564784416815,27.17247120526703,0.3243934630554975,0.12160478791406501
catboost,STORE0007,SKU0058,14,1027.0,0.3042760517527511,0.3535997091586179,1.0,22.320821796433954,25.597126640106982,0.3034706841321304,0.06775866520344119
catboost,STORE0002,SKU0098,14,446.0,0.30424083545033404,0.4329161192734266,1.0,9.692243757917783,11.767340400561418,0.32027478610252524,0.14842303745116847
catboost,STORE0005,SKU0053,14,455.0,0.3042092228652456,0.2449001207427418,0.9285714285714286,9.88679974312048,13.108237396440838,0.3582977630885814,0.025007408532185423
catboost,STORE0003,SKU0041,14,1210.0,0.3036571875375226,0.3960771173851798,1.0,26.244656922885877,39.03197753166597,0.3104309385289508,0.04893815958961743
catboost,STORE0011,SKU0056,14,400.0,0.3033082530455077,0.452109826667152,1.0,8.665950087014505,9.898056395813082,0.3630587360593839,-0.11264421146953225
catboost,STORE0012,SKU0020,14,770.0,0.3033037977852046,0.3402913064085884,1.0,16.681708878186253,21.72236742797949,0.3160208266964567,-0.14232785393844471
catboost,STORE0008,SKU0089,14,751.0,0.3024576801054106,0.2987720052649192,1.0,16.224694125654526,19.078548089300813,0.3197588718431344,-0.17298598812551788
catboost,STORE0012,SKU0076,14,375.0,0.3024379143914904,1.2996407221356787,1.0,8.101015564057779,11.50185794711851,0.3186060942774721,0.07303191872338133
catboost,STORE0001,SKU0048,14,1153.0,0.30220691011668543,1.1492226442297924,1.0,24.888897668895595,33.21685033561908,0.32519321155196396,0.14260974979719956
catboost,STORE0008,SKU0091,14,360.0,0.3018590332798694,1.653021775837559,1.0,7.762089427196642,11.95129595487706,0.3431715961926451,0.011383553008491197
catboost,STORE0009,SKU0072,14,452.0,0.3018159839353177,0.6111547910743075,1.0,9.7443446241974,13.104229847596594,0.3236611659527682,0.11568975968845063
catboost,STORE0005,SKU0085,14,1371.0,0.3017583457558169,0.6622398965815276,1.0,29.55076371651607,39.10312818651709,0.3292879737973361,0.039958456083154896
catboost,STORE0005,SKU0055,14,213.0,0.3008944208843891,1.2305886590355375,1.0,4.577893689169635,6.109088548846759,0.349184483124301,0.03249066948003356
catboost,STORE0008,SKU0049,14,709.0,0.3008919618871265,0.4126462611248732,1.0,15.238028641283766,17.944796884708822,0.30640083195867174,0.15225372165363518
catboost,STORE0003,SKU0020,14,512.0,0.3005851171576558,0.4589457680079974,1.0,10.992827141765698,14.634591040971756,0.3072924052913419,0.21326054010044757
catboost,STORE0005,SKU0003,14,327.0,0.2997830185098612,0.37082459290063635,1.0,7.00207478948033,7.949177839736512,0.3087526682207966,0.06372552904392327
catboost,STORE0005,SKU0057,14,1247.0,0.29958124680626597,0.4443047168052746,1.0,26.684129626243834,33.040762124694034,0.3028271113988564,0.15980208601017204
catboost,STORE0003,SKU0095,14,342.0,0.2994847208693242,0.3130796864338687,1.0,7.315983895522064,8.5672158147762,0.29424142622743155,-0.0006000659930352692
catboost,STORE0006,SKU0055,14,230.0,0.2994146764893246,0.4412404809078788,1.0,4.918955399467476,6.728336427748731,0.32102026249302756,0.014129507558246547
catboost,STORE0008,SKU0014,14,903.0,0.2987011174650766,0.29471189838755707,1.0,19.26622207649744,28.12159975621536,0.28211785408817674,-0.030676373158015136
catboost,STORE0005,SKU0010,14,531.0,0.2984995412119748,1.0906293252543253,1.0,11.321661170254188,13.90614153228559,0.36372914088938096,0.07374762919326205
catboost,STORE0001,SKU0077,14,871.0,0.29832595324231725,0.7277901132242299,1.0,18.560136091004164,28.30059887822004,0.32929109621784713,0.15678690523732325
catboost,STORE0002,SKU0064,14,1120.0,0.29808468703579905,0.30789563015329785,1.0,23.846774962863922,29.601978854044194,0.3045469277058333,-0.11331683119269721
catboost,STORE0011,SKU0079,14,1376.0,0.2980597881477877,0.3247773007959606,1.0,29.295019177953993,33.1113705126483,0.31606434806096784,-0.11428117923064857
catboost,STORE0001,SKU0082,14,892.0,0.2976770071266702,0.3869535472858506,1.0,18.966277882642128,22.140855323928786,0.3006990356664124,0.1287855846286162
catboost,STORE0007,SKU0013,14,1056.0,0.2976238897404605,0.426096631586851,1.0,22.449344826137594,34.00559752566923,0.2657597960404858,0.21399761613286442
catboost,STORE0010,SKU0058,14,1183.0,0.29758590947078717,0.41280181794193677,1.0,25.146009350281513,32.9111602948113,0.2982696476898313,0.13205055058892357
catboost,STORE0002,SKU0019,14,198.0,0.29737010372464573,0.4458693433813405,1.0,4.205662895534275,5.038015874408615,0.3287200969018827,0.15110810170042704
catboost,STORE0011,SKU0095,14,484.0,0.29714634797122325,0.3381068982902517,1.0,10.272773744148003,12.158727555211943,0.3097863459512077,-0.078167114032556
catboost,STORE0009,SKU0044,14,1174.0,0.2968964712090541,1.0098888609070362,1.0,24.89688979995925,32.0154066479627,0.35443020545449094,0.09612698282343045
catboost,STORE0004,SKU0050,14,248.0,0.29688757902911483,0.8823038242730129,1.0,5.2591513999443205,6.732907691560104,0.3549862374009344,0.10332141761063073
catboost,STORE0008,SKU0057,14,1252.0,0.2961367997518221,0.3264147360945296,1.0,26.483090949234377,32.054439053104865,0.2835199561241187,0.10114372133308773
catboost,STORE0012,SKU0014,14,766.0,0.29607279491453636,0.3584170230144515,1.0,16.19941149318106,17.98270408204354,0.3080169640755482,-0.007280475900275414
catboost,STORE0003,SKU0042,14,176.0,0.2960067135291448,1.4504219157078662,1.0,3.7212272557949637,5.457355515065782,0.3631823508456473,0.10000911727088506
catboost,STORE0011,SKU0089,14,668.0,0.29599726861182146,0.37935797608502664,1.0,14.123298245192624,18.50048588543173,0.3171755548864764,-0.10981716560137411
catboost,STORE0012,SKU0057,14,1032.0,0.29580502759555266,0.3267075513027202,1.0,21.80505631990074,24.329789919453148,0.2846868556814436,0.10082338879782901
catboost,STORE0009,SKU0098,14,617.0,0.29546837838589946,0.35387218092327183,1.0,13.021713533149997,20.015970223202643,0.28903447291804557,-0.06441849648406049
catboost,STORE0007,SKU0102,14,1147.0,0.294897039242316,0.6676312978809646,1.0,24.160493143638316,31.60680845112485,0.359661354130883,0.11562031496184909
catboost,STORE0013,SKU0099,14,747.0,0.29488553981580223,0.542132068514037,1.0,15.734249874457447,19.374897998432115,0.3411552241828681,0.08526229579696618
catboost,STORE0001,SKU0011,14,335.0,0.29483400559354617,0.4389106615633002,1.0,7.054956562416998,8.655851271586911,0.31831628651540916,0.07618071467652852
catboost,STORE0007,SKU0076,14,358.0,0.2945545255454158,0.2911130989065035,1.0,7.532180010375632,8.639734024819736,0.3077898705902423,-0.1600723737906023
catboost,STORE0006,SKU0065,14,954.0,0.29450479901069065,0.32922909253692517,1.0,20.06839844687135,29.129808960077362,0.2636121498720836,0.15207276066705092
catboost,STORE0013,SKU0041,14,779.0,0.294274412149821,0.46415124537874325,1.0,16.37426907605075,21.9820990727589,0.30210581691741173,0.24906430796543688
catboost,STORE0003,SKU0066,14,303.0,0.2942582734941362,0.5584830247612756,1.0,6.368589776337376,8.439845431609264,0.33752235985656676,0.16159737316083142
catboost,STORE0004,SKU0013,14,1577.0,0.2937915076477302,0.2846268790506847,0.9285714285714286,33.093514825747896,42.1514308914246,0.3632756983826617,0.2103667801328464
catboost,STORE0010,SKU0029,14,400.0,0.29361928167071016,1.3762275731011466,1.0,8.389122333448862,11.604329820309129,0.33152472252873455,0.2083667244672016
catboost,STORE0012,SKU0016,14,394.0,0.29354479365684194,0.8188510018198286,1.0,8.26118919291398,10.073777977299875,0.34758407176234385,-0.018938081839874176
catboost,STORE0002,SKU0082,14,632.0,0.29339241423941176,0.4460682404229222,1.0,13.244571842807732,15.345275574372469,0.3302410729080138,0.0025947603678328148
catboost,STORE0009,SKU0083,14,1146.0,0.29336371427902536,0.9870776913087526,1.0,24.01391546884022,29.10805142285727,0.3422436932999389,0.03461735045008475
catboost,STORE0008,SKU0040,14,505.0,0.29295059041266636,1.2336932677862988,1.0,10.567146297028321,15.107152593343528,0.34278812457001956,0.0824374911950266
catboost,STORE0008,SKU0055,14,204.0,0.29274016488532806,0.35952574865707626,1.0,4.26564240261478,5.050120001434354,0.2856436862428621,0.1807748471692789
catboost,STORE0001,SKU0084,14,388.0,0.29259964552093815,0.5493922967403719,1.0,8.109190175866,10.013034174654589,0.3280417577757437,-0.0005070514672076924
catboost,STORE0001,SKU0042,14,244.0,0.29235683526125916,0.3804194586398789,1.0,5.0953619859819455,6.061467682052836,0.2996213894024267,0.09597324664700205
catboost,STORE0008,SKU0003,14,339.0,0.29228267057923313,0.3107727472738507,1.0,7.077416094740002,9.670446984698817,0.29132822312675055,-0.07906475973873323
catboost,STORE0002,SKU0071,14,316.0,0.29224284707350395,1.0842688933433027,1.0,6.596338548230518,9.229501344557187,0.35316368384201846,0.14638556037364273
catboost,STORE0007,SKU0083,14,888.0,0.29214242493317183,0.3608119136520843,1.0,18.530176667189757,22.815693202881818,0.2901760713653475,0.12942369177452664
catboost,STORE0007,SKU0009,14,700.0,0.2916854901473255,0.30775727361788247,1.0,14.584274507366274,17.040974746087354,0.30220994785567357,-0.09091966133998662
catboost,STORE0002,SKU0065,14,692.0,0.2916453569591347,0.37133305811222544,1.0,14.4156133582658,20.174636287485658,0.2757446791046289,0.14294953269041674
catboost,STORE0001,SKU0007,14,376.0,0.2913776943777891,0.39882682749281323,1.0,7.825572363289193,9.213395152135504,0.3098265236610494,0.069557163554265
catboost,STORE0012,SKU0037,14,1387.0,0.29135322115060913,0.5613533109481013,1.0,28.864779838278203,38.82222390101757,0.3277669506617747,0.019532107001006365
catboost,STORE0013,SKU0087,14,267.0,0.29125774921803493,0.287868351609946,1.0,5.554701360086809,6.229070566058584,0.3039421592302286,-0.14997530786482377
catboost,STORE0012,SKU0092,14,1293.0,0.29110121770953684,1.6028273539970346,1.0,26.88527674988794,35.10011069299439,0.35200699431396426,-0.08918314470295421
catboost,STORE0006,SKU0006,14,1978.0,0.29096661522921174,1.4355398800604824,1.0,41.10942606595578,51.7432403728428,0.3578762080503807,-0.07659747842425463
catboost,STORE0007,SKU0078,14,338.0,0.2909241156685839,0.42103780909500893,1.0,7.023739363998668,8.821744198697974,0.31839463695920683,-0.07293704364551515
catboost,STORE0005,SKU0088,14,353.0,0.29085824200043275,0.580470942546728,1.0,7.333782816153769,9.571692884037061,0.32260115347327734,0.09339158507720993
catboost,STORE0002,SKU0078,14,287.0,0.29079116662639826,0.44223669029783513,1.0,5.961218915841164,7.648029339209937,0.3017920879052588,0.22794006963340033
catboost,STORE0013,SKU0061,14,679.0,0.29075485485771,1.1034150136339584,1.0,14.101610460598936,21.185160941343046,0.34920291939043324,0.10179148883906226
catboost,STORE0008,SKU0092,14,1494.0,0.29072073618924055,0.5243164908262958,1.0,31.024055704766102,39.19287703509835,0.3244945228148311,-0.07885871721533097
catboost,STORE0004,SKU0054,14,1285.0,0.29049889137838336,0.41113898052503267,1.0,26.663648244373043,33.03851342679903,0.2982099899327317,0.16914291656483701
catboost,STORE0006,SKU0001,14,1469.0,0.29022100536598155,0.3754226773580143,1.0,30.45247549161621,36.49690236530117,0.29361803430518574,0.13029216478873037
catboost,STORE0009,SKU0092,14,1306.0,0.2900583034323031,0.32406222564158416,1.0,27.058296020184848,32.09412830379848,0.30813475190830925,-0.10766618182277625
catboost,STORE0011,SKU0027,14,2117.0,0.2896833671024588,1.0833371702544217,1.0,43.80426343970752,71.4825162166303,0.30714261891713673,0.14747353481124018
catboost,STORE0011,SKU0012,14,988.0,0.2895794699706028,0.36867589482382296,1.0,20.43603688078254,27.59629390928257,0.29694238165195586,0.0540752713844082
catboost,STORE0009,SKU0075,14,458.0,0.28878879618897874,0.281675501281397,1.0,9.447519189610876,12.14050044822378,0.3083378061761052,-0.22303417213810078
catboost,STORE0004,SKU0065,14,1077.0,0.28827251983896146,0.2785459345228331,1.0,22.17639313332582,34.355504000407656,0.2566442135885675,-0.0015135604907854437
catboost,STORE0009,SKU0089,14,533.0,0.288035272852702,3.235653525684107,1.0,10.965914316463582,14.96284723865829,0.33768829674703243,0.013118335256212685
catboost,STORE0006,SKU0035,14,3647.0,0.28800334511345943,0.25768862261212827,1.0,75.02487140205618,96.05165014727784,0.297869070323296,-0.23396757088166806
catboost,STORE0011,SKU0072,14,561.0,0.2879793191696733,0.39736763351091026,1.0,11.539742718156193,14.033339809657695,0.30102091909611733,0.05102825574602303
catboost,STORE0008,SKU0060,14,906.0,0.28771873888012744,0.5340094507864509,1.0,18.619512673242532,24.580839070485634,0.3236115346664974,0.02513321613811599
catboost,STORE0012,SKU0081,14,967.0,0.28715426034567315,0.39784163232621184,1.0,19.834154982447565,23.716092113278613,0.3153587386730247,-0.023949482995413867
catboost,STORE0011,SKU0085,14,1342.0,0.28699636695785363,0.6017520994839505,1.0,27.510651746959972,32.34086321667081,0.3305608344588033,0.05801373745052058
catboost,STORE0009,SKU0084,14,320.0,0.28668400899210345,0.37480377001165915,1.0,6.5527773483909355,8.198528124606787,0.29108869030964307,0.06283737245382466
catboost,STORE0009,SKU0005,14,1252.0,0.2866087666762491,0.5839614864887798,1.0,25.631012562761708,29.18379260582299,0.3405565634980118,0.05371443087947189
catboost,STORE0012,SKU0039,14,229.0,0.2864442104937407,0.3681568798418328,1.0,4.685408871647616,6.20940985182787,0.3003380761898806,-0.025577739606715402
catboost,STORE0009,SKU0090,14,249.0,0.2864429391738776,0.22672391000016953,0.9285714285714286,5.094592275306823,7.0993186222212765,0.3391163284607358,0.0868913371636847
catboost,STORE0012,SKU0077,14,784.0,0.28633257710273285,0.43962359744086627,1.0,16.03462431775304,22.959843407565497,0.2896526404341114,0.12972777037943894
catboost,STORE0007,SKU0079,14,993.0,0.28609512367922085,0.2716055817110857,1.0,20.292318415247593,23.40146634610307,0.29511033782442364,-0.16904367660146377
catboost,STORE0012,SKU0029,14,423.0,0.285918833534147,0.3859873150416446,1.0,8.638833327496013,10.152705278509295,0.2913663205118464,0.15533729208602357
catboost,STORE0006,SKU0099,14,1474.0,0.2855981206269483,1.2945373866248489,1.0,30.069402128865843,42.770956761899,0.32700538798864576,0.06401562383168964
catboost,STORE0012,SKU0008,14,336.0,0.28559135189289425,0.3451296287809457,1.0,6.854192445429462,8.31305097328461,0.2958904142672295,-0.04112901552989
catboost,STORE0011,SKU0094,14,891.0,0.2851485883328492,0.35493408254418046,1.0,18.1476708717549,23.26504870141915,0.2899087952467757,0.0379259406559064
catboost,STORE0005,SKU0074,14,1170.0,0.2850922586133452,0.31106643283006646,1.0,23.82556732697242,28.98525446208728,0.28503165948477627,-0.057212102436500184
catboost,STORE0007,SKU0029,14,356.0,0.2850341569775121,0.4766210498887436,1.0,7.248011420285308,9.23792746931836,0.3186202182635208,0.20999386065542408
catboost,STORE0007,SKU0037,14,1408.0,0.28497984363833145,0.2817866903241932,1.0,28.660829988769336,34.13345443472341,0.3067066273575784,-0.20987117109101067
catboost,STORE0001,SKU0014,14,909.0,0.2848944236494024,0.336731711248579,1.0,18.49778793552191,22.255472699597444,0.2914266448760849,-0.015521155642273715
catboost,STORE0005,SKU0034,14,2695.0,0.2844444092819501,0.39299534014450394,1.0,54.755548786775385,61.9411796409466,0.3155488627972833,-0.02140942211761989
catboost,STORE0010,SKU0015,14,141.0,0.2842352451615193,0.3807121174935297,1.0,2.8626549691267305,3.3801064622581847,0.3087013538359549,0.005228409662354015
catboost,STORE0011,SKU0051,14,1127.0,0.28409370109565674,0.3565973408056326,1.0,22.869542938200368,27.076902080931944,0.301358520201786,0.0067946740884973055
catboost,STORE0002,SKU0081,14,766.0,0.28365522614847943,1.3279460247401769,1.0,15.51999308783823,19.391248455513928,0.34884949248040314,-0.01602845407658833
catboost,STORE0005,SKU0005,14,1269.0,0.2836162460110175,0.35456896102401947,1.0,25.707786870570086,35.26684048094819,0.2658746313256317,0.21079333135268966
catboost,STORE0002,SKU0042,14,178.0,0.283574653648721,0.5919682725667964,1.0,3.6054491678194522,4.806486465065756,0.33365840999479585,-0.024319677527103158
catboost,STORE0013,SKU0063,14,400.0,0.2831454239364076,0.669653368796519,1.0,8.089869255325933,11.18807969567473,0.32031484165157037,0.1605162014407481
catboost,STORE0007,SKU0022,14,1142.0,0.2828927193718607,0.28048286753895824,1.0,23.075963251618926,28.555167299663253,0.27913427887794984,-0.0713448703140544
catboost,STORE0008,SKU0028,14,2184.0,0.2826050709688231,0.34775509939053706,1.0,44.086391071136404,50.861866892847225,0.3107221406243164,-0.11936324766130708
catboost,STORE0006,SKU0023,14,1272.0,0.2825200581526866,0.5341979458618134,1.0,25.668965283586953,33.74887380403467,0.3259838526515769,-0.003239807758708434
catboost,STORE0010,SKU0037,14,1785.0,0.2825176580845308,0.26374312307364345,1.0,36.021001405777675,43.977881104395344,0.2982325209048661,-0.20058903306458525
catboost,STORE0006,SKU0037,14,1684.0,0.28214127349644363,0.38568474444297535,1.0,33.93756461200079,39.936463412225415,0.3049463981510882,0.015953548722188758
catboost,STORE0005,SKU0083,14,1247.0,0.28210175207925364,0.349240778809154,1.0,25.127206060202095,29.91442491805384,0.2877532954935553,0.09997688230428481
catboost,STORE0009,SKU0041,14,1453.0,0.28097680368200495,0.7276411425035443,1.0,29.1613782678538,44.10231606110391,0.29484703087447695,0.08041994008980186
catboost,STORE0002,SKU0032,14,777.0,0.2808624526541923,0.6531522178578235,1.0,15.587866122307673,20.750139491484155,0.3269158608429072,0.1551148305603039
catboost,STORE0004,SKU0072,14,588.0,0.2806105189820628,0.277552798656106,1.0,11.785641797246639,14.836291011281245,0.2743874328829394,-0.04769969346294838
catboost,STORE0009,SKU0096,14,1393.0,0.28051943927255313,0.34229072103616637,1.0,27.911684207619036,30.740499634315974,0.3148848617065902,-0.1383305679359007
catboost,STORE0001,SKU0040,14,430.0,0.2805098869722386,0.37051037377463253,1.0,8.61566081414733,10.30702726585673,0.28159972469973454,0.19162295266032608
catboost,STORE0001,SKU0087,14,438.0,0.28049926916489343,0.6550609892737265,1.0,8.775619992444522,11.432630049556364,0.3198681457648108,0.08503539045020317
catboost,STORE0012,SKU0080,14,1230.0,0.2803271378429654,0.3141970136850805,1.0,24.62874139620339,31.552601172174786,0.2959327126356267,-0.13802333679889178
catboost,STORE0002,SKU0024,14,589.0,0.28026677983111165,0.4409761767107442,1.0,11.79122380860891,14.942307539986144,0.30306700876583353,0.15035433206569757
catboost,STORE0002,SKU0022,14,1028.0,0.28002869705511074,0.39718021323654434,1.0,20.56210718376099,23.556822433297746,0.3102321873744055,-0.01957538079557167
catboost,STORE0011,SKU0002,14,963.0,0.28000972903562393,0.3782107487379131,1.0,19.260669218664702,23.434818154410017,0.28910780517076906,0.0735826340989691
catboost,STORE0003,SKU0043,14,614.0,0.2798166158577509,0.34216435782588556,1.0,12.271957295475646,14.14352395573729,0.28769730736316107,0.07054274883664863
catboost,STORE0010,SKU0065,14,882.0,0.27974413695432554,0.4167370539019671,1.0,17.62388062812251,22.777788559009082,0.2983057439432687,0.10636264847811389
catboost,STORE0011,SKU0038,14,1762.0,0.27974281771967274,0.3234764518273821,1.0,35.20763177300453,40.32411862732961,0.29900278820781473,-0.08557038267882376
catboost,STORE0005,SKU0049,14,789.0,0.27957057474553876,0.7950107407630729,1.0,15.755798819587865,19.700398013777622,0.34209245790020865,-0.1315353071133431
catboost,STORE0012,SKU0096,14,1219.0,0.279453896721754,0.5116036800248323,1.0,24.332450007415584,35.41543420543261,0.294549976776076,0.011633539924383514
catboost,STORE0010,SKU0080,14,1122.0,0.2793345130667703,0.19239382988285791,0.9285714285714286,22.38666597577974,32.22187827864466,0.3305708755364174,-0.051647657470219197
catboost,STORE0011,SKU0044,14,1262.0,0.27909329119566895,0.6559033706787502,1.0,25.15826667778101,36.75104271186058,0.3004572966030113,0.06844703415006921
catboost,STORE0011,SKU0030,14,741.0,0.2790114249860195,0.45375781921082287,1.0,14.76767613676003,18.824334902846275,0.306033231598039,0.035285866022148026
catboost,STORE0002,SKU0009,14,721.0,0.27893992923512195,0.3119608811144149,1.0,14.365406355608782,16.653924283613012,0.3077733133225155,-0.1952536474432116
catboost,STORE0004,SKU0018,14,1410.0,0.27870445583633113,0.2777388286101187,1.0,28.069520194944776,37.18348345097623,0.27750083468485676,-0.10284640364666812
catboost,STORE0007,SKU0098,14,477.0,0.27818320494658777,0.3427895796235114,0.9285714285714286,9.478099197108742,14.295305555821322,0.3570193838061194,0.13633410224825412
catboost,STORE0003,SKU0011,14,266.0,0.27810852914446405,0.3184073515488901,1.0,5.284062053744817,7.84264398886562,0.2615380000808161,-0.0361917609244389
catboost,STORE0008,SKU0008,14,370.0,0.27797937289197333,0.3213673045123864,1.0,7.34659771214501,8.14042617106578,0.28253449755675997,0.06797398563969179
catboost,STORE0005,SKU0095,14,571.0,0.2778499840067659,0.24784878336637692,1.0,11.332310061990238,15.29583668120336,0.287139869364682,-0.23229626521633856
catboost,STORE0008,SKU0010,14,525.0,0.27773236515350125,0.3700617583055182,1.0,10.414963693256297,12.964716579748675,0.28392044620250256,0.14663076723791751
catboost,STORE0002,SKU0070,14,1187.0,0.2774973573656852,0.2904610028926303,1.0,23.52781165664774,30.249366759522573,0.27189542441750436,-0.007375730248688195
catboost,STORE0008,SKU0074,14,1162.0,0.2771404525953046,0.5410754791588311,1.0,23.002657565410285,31.191452905579126,0.31286586627391844,0.09104318816113885
catboost,STORE0012,SKU0034,14,2784.0,0.27682582643149045,0.22904130130878433,1.0,55.04879291323353,86.25322233886568,0.25340525378126677,-0.19809629604953646
catboost,STORE0003,SKU0067,14,432.0,0.27673477526867857,0.3157163736917963,1.0,8.539244494004938,9.467880836978035,0.2783148557118125,0.06923918380345742
catboost,STORE0006,SKU0028,14,1773.0,0.2767089470572801,0.5490109658529244,1.0,35.043211652325546,46.09136776862522,0.32575510462096907,0.051828100160281866
catboost,STORE0002,SKU0101,14,200.0,0.27664478768668443,0.4142223257487525,1.0,3.9520683955240634,4.7428530146268075,0.31085079733250154,0.10418751414234351
catboost,STORE0012,SKU0068,14,534.0,0.27630585247403805,0.2913826502142731,1.0,10.539094658652592,14.725938266324652,0.2533070718124265,0.0027084495882232114
catboost,STORE0009,SKU0028,14,1576.0,0.27591030043892256,0.3716601296527422,1.0,31.05961667798157,41.19950469631319,0.28147504537847745,0.018819281624758627
catboost,STORE0002,SKU0083,14,884.0,0.2757493863413403,0.34733884014709665,1.0,17.41160410898177,20.980738194234696,0.2708356515583349,0.19829380791840556
catboost,STORE0004,SKU0026,14,1729.0,0.27554949481104557,0.34313267459417895,1.0,34.03036260916413,39.48986824898505,0.3006722224464983,-0.06829907463901612
catboost,STORE0010,SKU0005,14,1302.0,0.2754998628703296,0.36852813339580515,1.0,25.621487246940656,30.71703823693248,0.2983479664290292,0.04707346463399612
catboost,STORE0009,SKU0067,14,473.0,0.2754359276568667,0.5632745816585476,1.0,9.305799555835566,11.86211937521533,0.3052076215910298,0.0725585905352625
catboost,STORE0006,SKU0097,14,1148.0,0.2751281787854008,0.21728939374234163,0.9285714285714286,22.560510660402866,30.84776265077599,0.3400442013441527,0.015246197505983572
catboost,STORE0012,SKU0059,14,346.0,0.274998419350159,0.41128544381719917,1.0,6.796389506796786,8.345919423595486,0.291561022458692,-0.009529705243396969
catboost,STORE0010,SKU0032,14,1108.0,0.2749861701091793,0.30917778083762243,1.0,21.76319117721219,23.825360487922513,0.279701786854144,0.008144862280315811
catboost,STORE0003,SKU0058,14,1001.0,0.2749420414087535,0.3630039324009074,1.0,19.658355960725878,23.889793178475113,0.2885302251460059,0.04549708834178132
catboost,STORE0003,SKU0004,14,911.0,0.2749015710142113,0.32604963385019603,1.0,17.88823794242475,21.802932640400417,0.2661384075994503,0.14135590302335277
catboost,STORE0001,SKU0018,14,1497.0,0.274874189387064,0.26072210257580314,1.0,29.391904393745342,35.84270963404669,0.27638922005358113,-0.11219745784051649
catboost,STORE0007,SKU0096,14,1130.0,0.27413765200639584,0.36368055680971095,1.0,22.126824769087666,26.6630523134779,0.30447848465109617,-0.07899351840060807
catboost,STORE0010,SKU0042,14,195.0,0.27396255010225196,0.44619620274869315,1.0,3.8159069478527954,5.082652664726261,0.2928438297247373,0.1996300512393335
catboost,STORE0001,SKU0041,14,1714.0,0.2738887820157239,0.4355680346855368,1.0,33.531812312496484,41.35131404652098,0.3150025606736758,0.03723077460086005
catboost,STORE0006,SKU0011,14,360.0,0.2735229955304202,0.36616914442495896,1.0,7.03344845649652,8.57195779993594,0.29070946901850114,-0.026419971071382827
catboost,STORE0004,SKU0064,14,1440.0,0.2735203506656073,0.26666419588434126,1.0,28.133521782748183,37.758538455502375,0.2689320816505245,-0.11845445050814259
catboost,STORE0012,SKU0070,14,1370.0,0.2734589020218548,0.28875457960127765,1.0,26.759906840710077,30.078467841304363,0.2834316036429868,-0.0737993505682078
catboost,STORE0004,SKU0021,14,958.0,0.2732794117970503,0.929324465427474,1.0,18.70011975011244,24.025213680279002,0.3146208602198423,0.026785701553624017
catboost,STORE0001,SKU0031,14,947.0,0.2732576690729524,0.7073899830448046,1.0,18.48392947229185,24.064272880732553,0.30557842099892824,0.0501891507622475
catboost,STORE0003,SKU0065,14,770.0,0.2725128141411846,0.36395432136099687,1.0,14.988204777765153,20.28592867940182,0.29244039791417464,-0.05809492024132076
catboost,STORE0009,SKU0102,14,1685.0,0.27223696193068503,0.2726498155579108,1.0,32.76566291808602,41.52159194405747,0.267498278210585,-0.04799961607844729
catboost,STORE0006,SKU0044,14,1507.0,0.2719996130037553,0.27472403159309416,1.0,29.27881548547566,38.6699830794541,0.269561211796934,-0.07577373443052186
catboost,STORE0006,SKU0010,14,576.0,0.2719784301195669,0.5062681561476975,1.0,11.189969696347896,16.056728416377425,0.29004481039397995,-0.041340852017506875
catboost,STORE0009,SKU0046,14,1328.0,0.2719563894575427,0.30678762654727915,1.0,25.797006085686906,34.51834376114008,0.25555894733952206,0.057413938230428195
catboost,STORE0002,SKU0028,14,1333.0,0.27154400406878354,0.2777735407240082,1.0,25.85486838740632,30.08248367262838,0.26832207949422304,-0.03075441885553206
catboost,STORE0006,SKU0019,14,307.0,0.2713709970308972,0.46408349706366214,1.0,5.950778292034674,8.332570775924738,0.30095822387655685,-0.042063648574705535
catboost,STORE0011,SKU0034,14,2864.0,0.27132093314333905,0.31821204872206227,1.0,55.50451089446593,63.33144957780301,0.28707131336286745,-0.06175406792525898
catboost,STORE0011,SKU0017,14,1642.0,0.2713082032308637,0.30084715886844243,1.0,31.820576407505587,38.8893383834095,0.2718952699683275,-0.013263223945010078
catboost,STORE0012,SKU0099,14,1401.0,0.2706139063759634,0.6762643203993349,1.0,27.08072020233748,33.42968053454457,0.32262910700084385,0.0002468416808328005
catboost,STORE0001,SKU0073,14,163.0,0.27021457739478383,0.29659688149627567,1.0,3.146069722524983,3.6554806259667565,0.2773305175063265,-0.03749459888158458
catboost,STORE0010,SKU0011,14,330.0,0.27018457778768495,0.2645471912418171,1.0,6.368636476424003,7.826835608031357,0.2668450962886028,-0.11021218610076064
catboost,STORE0002,SKU0088,14,317.0,0.2700361667063735,0.2513930393802357,1.0,6.114390346137171,7.611511941873886,0.2751702478005834,-0.16445155909964984
catboost,STORE0001,SKU0010,14,595.0,0.2700274543694049,2.8744160806722925,1.0,11.476166810699707,15.83893704013312,0.3248910804040274,-0.02513323159077094
catboost,STORE0007,SKU0082,14,697.0,0.2699128333771245,0.39107088331367773,1.0,13.43780320456113,17.914316592887317,0.28179764369827986,0.023628610524058676
catboost,STORE0010,SKU0085,14,1155.0,0.2693622973917793,1.0989570834098925,1.0,22.222389534821794,29.50636703810811,0.34942416430627826,-0.01210734395200348
catboost,STORE0001,SKU0006,14,1888.0,0.26884775761026947,0.299654986397837,1.0,36.25604045487063,47.87593356384816,0.2647518957502605,-0.016094878098268105
catboost,STORE0007,SKU0003,14,248.0,0.26879151233990184,0.1802494638787825,0.9285714285714286,4.761449647163976,6.783279919701602,0.3202939030442062,-0.03295770036533847
catboost,STORE0002,SKU0040,14,312.0,0.2687409004074327,0.39817454703039806,1.0,5.989082923365643,7.043743783063002,0.2982678008279566,0.20095703393682
catboost,STORE0006,SKU0072,14,483.0,0.26825212276768795,0.4496607754417222,1.0,9.254698235485234,12.692800573862321,0.2894060472716413,0.13860714866114662
catboost,STORE0010,SKU0067,14,463.0,0.2679379740225674,0.48659109882516244,1.0,8.861091569460623,11.374194020353032,0.30152346681475206,0.07755993063278739
catboost,STORE0001,SKU0086,14,177.0,0.26777423702918607,0.29970741061266976,1.0,3.385431425297567,4.915625862399108,0.2614694757486427,-0.060604769535585995
catboost,STORE0006,SKU0036,14,661.0,0.2676137372751335,0.6823766240491933,1.0,12.635191452775945,16.62916679115795,0.2997619492684711,0.16705421755241603
catboost,STORE0010,SKU0083,14,1272.0,0.26699836962091666,1.1190641693087942,1.0,24.258709011271858,31.60650519948396,0.3179986374036761,-0.03726488594155698
catboost,STORE0012,SKU0019,14,256.0,0.2669056133591182,0.3529748414417759,1.0,4.880559787138162,5.526649505241098,0.28605910418269265,0.15816799974189538
catboost,STORE0004,SKU0075,14,539.0,0.2664434998895503,0.42080517118123406,1.0,10.258074745747686,13.993133349021655,0.2821213120241135,-0.02400181215136101
catboost,STORE0009,SKU0039,14,227.0,0.2664423456044083,0.7232259787315004,1.0,4.320172318014335,6.169606698953602,0.3090802426256753,0.0763801064515132
catboost,STORE0002,SKU0044,14,974.0,0.2664081406438496,0.49543329596919883,1.0,18.53439492765068,22.563680115943953,0.2956154323696466,0.053428050730464666
catboost,STORE0009,SKU0071,14,412.0,0.2663734678949832,0.43604965263153,1.0,7.838990626623791,9.440091145848337,0.306102065357126,-0.04221629974302448
catboost,STORE0002,SKU0018,14,818.0,0.26619059670718204,1.8704759028147062,1.0,15.553136293319637,22.981084560610896,0.2973802106258177,0.1241844084030028
catboost,STORE0010,SKU0057,14,1210.0,0.26597497244196466,0.525818898428222,1.0,22.98783690391266,28.66403520735628,0.30279634171041875,-0.05452028491789804
catboost,STORE0002,SKU0011,14,251.0,0.2658306717611361,0.4220487352036265,1.0,4.765964186574655,5.603661990922828,0.30803416982107984,0.03890092173167901
catboost,STORE0003,SKU0092,14,949.0,0.26572754799021375,1.284630477676759,1.0,18.012531645908062,23.696947154059266,0.31787242068581784,0.03194381720779071
catboost,STORE0010,SKU0087,14,348.0,0.2652630691043225,0.31807397165994766,1.0,6.5936820034503025,8.134405191356995,0.2641095905455897,0.0829758105073504
catboost,STORE0009,SKU0038,14,1253.0,0.26507368284579774,0.34803238510275963,1.0,23.724094614698895,27.25287024298117,0.2762814541508004,0.07794706449769534
catboost,STORE0004,SKU0019,14,297.0,0.2650013968287318,0.3528122474603062,1.0,5.621815347009525,7.812182228709366,0.26382513097044946,0.11496943419666293
catboost,STORE0003,SKU0076,14,356.0,0.26482715361972703,0.2656050737963127,1.0,6.734176192044487,8.095602617945598,0.2833982580593799,-0.16870595426133017
catboost,STORE0013,SKU0014,14,483.0,0.26476675789362053,0.289619498130793,1.0,9.134453147329909,10.44351035255788,0.2853649293036947,-0.12609050977553718
catboost,STORE0004,SKU0071,14,421.0,0.2647441541696856,0.37691140221533576,1.0,7.961234921816975,9.79745095191188,0.27084613669965346,0.17631685270978265
catboost,STORE0010,SKU0088,14,348.0,0.2646778681889366,0.38557866512787686,1.0,6.579135580696424,8.346600901846084,0.2802669947001113,0.0087726470924956
catboost,STORE0004,SKU0008,14,363.0,0.2644692886832184,0.512640653406205,1.0,6.857310842286306,10.2251205836712,0.27829372399329405,0.08489718231425365
catboost,STORE0004,SKU0095,14,468.0,0.26439068570785806,0.5058036849696519,1.0,8.838202922234114,12.11275420282565,0.29668865842325587,0.05610495290159103
catboost,STORE0005,SKU0087,14,436.0,0.2641174228032689,0.35366315443936686,1.0,8.225371167301802,9.424744087935474,0.286710394656691,0.044163498603751385
catboost,STORE0007,SKU0038,14,1185.0,0.26408636568410243,0.35517371762812794,1.0,22.353024523975815,26.903720363948356,0.2835907871851135,-0.031253579546295
catboost,STORE0003,SKU0016,14,283.0,0.263951318946764,0.26245483527873,1.0,5.335587375852443,6.601572806289915,0.24088464614926655,0.05551559482462818
catboost,STORE0012,SKU0017,14,1482.0,0.26379865914715844,0.44336446835240423,1.0,27.924972346863488,33.17539835555791,0.3064073198012441,-0.03610035355563541
catboost,STORE0007,SKU0068,14,518.0,0.2635112632951903,0.29094341848089555,1.0,9.749916741922041,10.982790760131705,0.29125912205175825,-0.13709463637527275
catboost,STORE0011,SKU0073,14,184.0,0.2633251735744541,0.18229177263204768,0.9285714285714286,3.4608451384071115,4.724132347431261,0.33829340972599986,-0.12103937605644483
catboost,STORE0009,SKU0051,14,894.0,0.2633023178124611,0.39890265106250045,1.0,16.81373372316716,21.21911048713388,0.2824534530802638,0.041033940730678786
catboost,STORE0003,SKU0094,14,641.0,0.26326974976586376,0.45009607259752765,1.0,12.053993542851334,15.977467400953556,0.2929997837714131,0.05865195465738393
catboost,STORE0011,SKU0037,14,1945.0,0.2630820614604125,0.3156360044661745,1.0,36.54961496717874,43.67839506258177,0.2857703067565693,-0.10622793157637674
catboost,STORE0006,SKU0042,14,248.0,0.26262284707577066,1.6069181593939228,1.0,4.652176148199366,6.907604972484221,0.3043339642900887,0.051260833959406116
catboost,STORE0004,SKU0070,14,1545.0,0.2625709402828697,0.4192279808949488,1.0,28.976578766930977,37.22386352469303,0.2837525374843023,0.022182658060167313
catboost,STORE0008,SKU0088,14,350.0,0.2623527087270098,0.3031366662925934,1.0,6.558817718175244,7.861740730788382,0.27049422604524065,-0.04881941897895869
catboost,STORE0005,SKU0089,14,749.0,0.2623070416286953,0.3013931284098281,1.0,14.033426727135197,16.992812824206307,0.27366546175220763,-0.04084654790553887
catboost,STORE0011,SKU0074,14,1107.0,0.2621213542362503,0.34209530411380207,1.0,20.726309938537792,23.6905707648317,0.28256470158547076,0.037845704149315824
catboost,STORE0009,SKU0085,14,1081.0,0.2620768372660656,0.32672407829726874,1.0,20.23607579175835,25.52653082826031,0.2654285184585969,0.0641919402021959
catboost,STORE0004,SKU0015,14,176.0,0.2619126410034576,0.4914509187550521,1.0,3.2926160583291817,4.414084920131102,0.28701548716522346,0.05377449086697516
catboost,STORE0006,SKU0004,14,1365.0,0.2618392880498832,0.39798021860761185,1.0,25.52933058486361,34.500981387618644,0.2809665422689693,0.05993606852500703
catboost,STORE0001,SKU0004,14,1418.0,0.26182803855938125,2.4857819104044503,1.0,26.51943990551447,35.36636539936987,0.3259249899955627,0.026166761863898394
catboost,STORE0010,SKU0043,14,744.0,0.2616137608039401,0.36731583899006975,1.0,13.902902717009388,16.542521138341634,0.2827724617228757,0.14562069352796295
catboost,STORE0009,SKU0063,14,836.0,0.26160848048142954,0.4689212885862304,1.0,15.621763548748222,19.34921156294106,0.3208921839600674,0.07616579263685923
catboost,STORE0009,SKU0061,14,1390.0,0.261487464876929,0.34950157945097426,1.0,25.96196972706652,31.365816669410076,0.28873271961053243,-0.062084569495577765
catboost,STORE0007,SKU0031,14,763.0,0.26126364758685106,0.3346376446018836,1.0,14.238868793483382,16.701337025161823,0.28269092136043417,-0.016390006324863437
catboost,STORE0007,SKU0024,14,611.0,0.26113006673952976,0.3410543270888474,1.0,11.39646219841805,14.046977279652076,0.2649462561641143,0.09815877787902494
catboost,STORE0008,SKU0012,14,949.0,0.2610777420746473,0.3675208109656551,1.0,17.697341230631448,21.379066629667932,0.2877638437358469,0.10629964283532793
catboost,STORE0010,SKU0019,14,253.0,0.26095391109529636,0.2594980034352719,0.9285714285714286,4.7158099647935705,6.579441499941202,0.34150612581132594,0.17175499880103343
catboost,STORE0005,SKU0004,14,1459.0,0.2608129722817246,0.29537496969298443,1.0,27.180437611359732,35.15946660811265,0.2574772345143481,0.01128904180008735
catboost,STORE0011,SKU0052,14,860.0,0.2607288373855936,0.4129847591473467,1.0,16.01620001082932,23.44916631814289,0.2789156415967127,-0.011177466700920284
catboost,STORE0007,SKU0085,14,893.0,0.26069326366683476,0.32111196046913726,1.0,16.6285060324631,20.8189773927092,0.27324227404467016,0.03674654280591971
catboost,STORE0006,SKU0096,14,1601.0,0.26060150808241744,0.34677308373010823,1.0,29.801643888567877,34.13337795743341,0.2885890568677567,-0.08858028762746697
catboost,STORE0003,SKU0035,14,2221.0,0.260329723135833,0.4265260660634221,1.0,41.29945107747751,50.09369424262785,0.29562048287382237,-0.0037743795127227276
catboost,STORE0007,SKU0087,14,315.0,0.2602631701715646,0.4221758430050619,1.0,5.8559213288602034,7.121400096026963,0.2861582871175258,-0.02902340406517984
catboost,STORE0004,SKU0046,14,1925.0,0.26015673720557836,0.28674702100985716,1.0,35.771551365767024,41.73803465100928,0.2848889986345174,-0.1548512401481924
catboost,STORE0010,SKU0053,14,445.0,0.2599195148724877,0.23911658836536748,1.0,8.26172743701836,10.755400568275588,0.2596693916619624,-0.13500362887363215
catboost,STORE0006,SKU0054,14,1880.0,0.25991684220266514,0.2586487338313905,1.0,34.90311881007217,44.81018863751561,0.2810236015267046,-0.20751864379076873
catboost,STORE0009,SKU0018,14,1416.0,0.2598943769596882,0.24727784542412157,1.0,26.286459841065607,30.71848248235371,0.27467267087760566,-0.18713001209980842
catboost,STORE0001,SKU0070,14,1701.0,0.2594082716769331,0.8471997677132707,1.0,31.51810500874737,42.13578843102797,0.3027077500879802,-0.08307747302987947
catboost,STORE0010,SKU0096,14,1170.0,0.259388526306517,0.43976009315565273,1.0,21.677469698473203,26.201573963953823,0.2860002381481212,0.044626385676779574
catboost,STORE0012,SKU0058,14,1174.0,0.259240107528704,0.45978901951893664,1.0,21.73913473133561,28.693530690660815,0.29651161355013117,-0.04798088043806261
catboost,STORE0007,SKU0056,14,279.0,0.2590044694888906,0.53809355640035,1.0,5.161589070528605,6.923891306605336,0.31901559904609417,0.08162877855851958
catboost,STORE0012,SKU0052,14,731.0,0.2589513545468257,0.2976407497392048,1.0,13.520960012409258,16.39231031133423,0.2540217119446518,0.06378774383007633
catboost,STORE0007,SKU0088,14,252.0,0.25887374040577804,0.3122332525655421,1.0,4.6597273273040045,5.830291708825926,0.2646953465942974,0.04701872824277417
catboost,STORE0004,SKU0027,14,2403.0,0.25885864557180216,0.29215940893175646,1.0,44.43123752207433,58.694444353544526,0.2541009458162591,0.028162209336866455
catboost,STORE0004,SKU0017,14,1849.0,0.25835632471659187,0.2540532193284801,1.0,34.12148888578417,41.93173545357903,0.253048516888248,-0.07493766004474804
catboost,STORE0009,SKU0034,14,2219.0,0.25835343464085564,0.28372895994727626,1.0,40.94901939057562,47.00415081230086,0.25813514862282166,0.012114079370511188
catboost,STORE0012,SKU0064,14,1122.0,0.25822228558748606,0.5954811884413854,1.0,20.694671744939956,28.115126488823897,0.3000393029587634,0.015755124639461573
catboost,STORE0011,SKU0066,14,486.0,0.2577844012135869,0.27346875506781876,1.0,8.948801356414517,9.988017709914471,0.2601023475873155,-0.02809479886197861
catboost,STORE0009,SKU0076,14,399.0,0.257749914249834,0.35590120953131654,1.0,7.34587255612027,9.107949100153764,0.2793179836093806,-0.012768279989240676
catboost,STORE0013,SKU0080,14,743.0,0.2575864201429921,0.2539001325060525,1.0,13.670479297588797,16.23346405923999,0.2680450582453874,-0.1618529802780499
catboost,STORE0006,SKU0025,14,499.0,0.25756730241449516,1.7253989238982241,1.0,9.180434564630934,14.39402536267025,0.3052946115811728,0.11653497335079332
catboost,STORE0009,SKU0047,14,1126.0,0.25756426538833355,0.27470341897953443,1.0,20.715525916233112,25.00322295250996,0.2705371377154429,-0.11142149173241558
catboost,STORE0002,SKU0051,14,762.0,0.25754857984390195,0.2967163255044678,1.0,14.01800127436095,16.952417056823773,0.26893340985166353,-0.04267101826361521
catboost,STORE0013,SKU0024,14,496.0,0.257544314526756,0.2526169546993716,1.0,9.124427143233643,11.34155769861471,0.2638227066650679,-0.13930298610517414
catboost,STORE0008,SKU0039,14,321.0,0.2573738558906606,0.2422090820829144,1.0,5.90121483863586,7.29514464228497,0.26311375643780005,-0.14863378425628632
catboost,STORE0006,SKU0070,14,1667.0,0.257145980646721,0.2855906867568535,1.0,30.618739267005996,34.13938979327621,0.2777598951113039,-0.11346235403596468
catboost,STORE0005,SKU0056,14,455.0,0.25711984272941263,0.3044110035734867,1.0,8.35639488870591,11.138632463954554,0.27809840902095817,-0.13806883016160318
catboost,STORE0002,SKU0055,14,165.0,0.2570877913851952,0.7897743329014798,1.0,3.029963255611229,3.9949093038297874,0.31763452348555504,-0.13804058804641012
catboost,STORE0012,SKU0046,14,1369.0,0.2569633537893109,0.34825798911786426,1.0,25.127345095540473,30.014091584745817,0.26529217710979525,0.12209397575946554
catboost,STORE0008,SKU0018,14,1262.0,0.25682145702870135,0.28507652129634475,1.0,23.15061991215865,27.444119952688496,0.2609422393552675,-0.018295125858737122
catboost,STORE0011,SKU0031,14,1024.0,0.25643709556257654,0.2872729609327724,1.0,18.756541846862742,26.602131495353554,0.23971494956058267,0.059842075728800376
catboost,STORE0008,SKU0077,14,960.0,0.2563661827927625,0.8637084531069721,1.0,17.579395391503716,22.93890388176143,0.3289747513792744,0.12116544777226766
catboost,STORE0008,SKU0015,14,189.0,0.2562019110321445,0.2762743629005105,1.0,3.4587257989339513,4.322577061380776,0.2567038781041536,-0.018160527640612975
catboost,STORE0004,SKU0092,14,1296.0,0.25592382488638266,0.2782295122792442,1.0,23.69123407519657,26.344341485199827,0.24954461145669565,0.09172446079008575
catboost,STORE0001,SKU0096,14,1542.0,0.25577599261406375,0.26413609529054016,1.0,28.171898615063306,31.082216687323285,0.26394543244963703,-0.08334320908816673
catboost,STORE0002,SKU0034,14,1962.0,0.25557426955076507,0.2603369981398102,1.0,35.81690834704293,42.52932633568328,0.2615422679485225,-0.07618979129009243
catboost,STORE0010,SKU0074,14,952.0,0.2554963403498474,0.4356318838000221,1.0,17.373751143789622,23.066717796345177,0.29737095871163355,0.059791049573661596
catboost,STORE0007,SKU0093,14,816.0,0.25542916948675387,0.2994585186320635,1.0,14.887871592942227,17.15444440314049,0.2699448856397854,-0.02896154179594633
catboost,STORE0012,SKU0050,14,260.0,0.25540393461583083,0.23333922590524486,1.0,4.7432159285797155,6.368748535784625,0.2549159294661093,-0.16264117619651164
catboost,STORE0010,SKU0010,14,488.0,0.25511867949405626,0.3053948811378574,1.0,8.89270825664996,12.091346540670651,0.26507099047570365,-0.054351255265332035
catboost,STORE0012,SKU0027,14,2358.0,0.2548343092114967,0.23734627235801115,1.0,42.92137865147923,59.97914361612708,0.252394466022656,-0.1615677254076102
catboost,STORE0009,SKU0064,14,1341.0,0.2547984889893963,0.31225907868871683,1.0,24.406055266770032,28.2541088275759,0.27701080491315266,-0.08076517945104575
catboost,STORE0011,SKU0022,14,1660.0,0.2547533077343934,0.2552114197434302,1.0,30.206463631363793,34.02692946734399,0.25688386272826846,-0.0686413340998602
catboost,STORE0006,SKU0040,14,537.0,0.2546542515090978,0.3160427090328076,1.0,9.767809504313252,13.066123013707767,0.2696821999602063,-0.08491629775937266
catboost,STORE0001,SKU0036,14,751.0,0.2545440024351438,0.2894977507498843,1.0,13.6544675591995,14.79964728728545,0.25752807156883833,0.08813163826743407
catboost,STORE0008,SKU0082,14,1036.0,0.25450741016118567,0.28632598515345414,1.0,18.83354835192774,21.668724544745295,0.2646359338663075,-0.028294647458770857
catboost,STORE0013,SKU0056,14,205.0,0.2544502401228036,0.28252478498319955,1.0,3.72587851608391,4.288115645179341,0.2629126113645802,0.02501113898092413
catboost,STORE0002,SKU0012,14,745.0,0.25410370090538614,0.3222449917876466,1.0,13.521946941036619,20.33509401317321,0.26466269424880806,-0.0003786032057503891
catboost,STORE0006,SKU0090,14,298.0,0.2541011734588892,0.3275558534570928,1.0,5.4087249779106426,7.315424421006177,0.26853739313499114,-0.042231556092328856
catboost,STORE0009,SKU0088,14,297.0,0.25344019501911874,0.30087954502516095,1.0,5.376552708619876,6.66542688539635,0.24459316431329206,0.14331530909795903
catboost,STORE0003,SKU0069,14,1055.0,0.2533181259942053,0.3192825854755022,1.0,19.08933020884904,24.443552118129336,0.26331338512793095,0.05830354418751486
catboost,STORE0008,SKU0005,14,1579.0,0.25324757582351826,0.32729969845344903,1.0,28.562708730381097,35.647375820087206,0.27839560501957344,0.01136688997514302
catboost,STORE0001,SKU0068,14,625.0,0.2531543129097006,0.5738317918696724,1.0,11.301531826325919,15.38897550788219,0.30262756407141556,0.14574012667897523
catboost,STORE0010,SKU0064,14,1232.0,0.2528726430156689,0.3622951547212597,1.0,22.252792585378867,29.59369170599133,0.2716821217728876,0.02642404103809984
catboost,STORE0008,SKU0022,14,1449.0,0.25272361723685005,0.295690226789962,1.0,26.15689438401398,30.40181769444406,0.2652061022640031,-0.037362385868217406
catboost,STORE0004,SKU0031,14,1139.0,0.2523447676641188,0.40383009088333655,1.0,20.53004931210224,25.518210168649723,0.2840751544332368,-0.1301783565653862
catboost,STORE0009,SKU0024,14,724.0,0.25234000354311903,0.2907481236130406,1.0,13.049583040372726,15.178085902209634,0.255726643214644,0.061199466969414015
catboost,STORE0010,SKU0039,14,237.0,0.25233607161449045,0.31981242154119094,1.0,4.271689212331017,5.476321267386952,0.26360062057694345,-0.03415675576357877
catboost,STORE0009,SKU0074,14,1042.0,0.25224512994336223,0.2635974455087734,1.0,18.774244671498817,28.45427205036671,0.23540703826585235,0.01599404052417073
catboost,STORE0009,SKU0033,14,1735.0,0.25203231160090145,0.2565899541867541,1.0,31.234004330540284,36.58953575166589,0.2709460610189904,-0.1646356521677491
catboost,STORE0003,SKU0013,14,1042.0,0.2516196339478136,0.2764915439230196,1.0,18.72768989811584,26.011287665917546,0.22407830114495614,0.22686810124318496
catboost,STORE0002,SKU0092,14,941.0,0.251037649149075,0.8774626303871251,1.0,16.873316274948543,23.519105860706496,0.298137123269136,0.1177223403554022
catboost,STORE0010,SKU0046,14,1367.0,0.2509052688274783,0.4959737291822816,1.0,24.499107320511634,29.4739365329559,0.290193196084061,0.09370304635306279
catboost,STORE0013,SKU0031,14,543.0,0.250741732774324,0.27225975676097536,1.0,9.72519720688985,11.644237791961935,0.252455488892346,-0.019525693265063666
catboost,STORE0001,SKU0060,14,927.0,0.2507263053658459,0.2724567134386818,1.0,16.60166321958137,20.00609407997513,0.2616774433533937,-0.11045396034592168
catboost,STORE0005,SKU0018,14,1259.0,0.25068408975922074,0.4096877015635992,1.0,22.543662071918497,27.42377226083604,0.278969328053442,0.008003954284021899
catboost,STORE0002,SKU0056,14,305.0,0.25057862276269244,0.23727482067281133,1.0,5.459034281615799,8.750028967421919,0.21892739197457756,-0.02763029011423885
catboost,STORE0010,SKU0059,14,367.0,0.2505063335004145,0.2758013459139902,1.0,6.566844599618009,8.202179762306502,0.25614560756427796,-0.0283784239636195
catboost,STORE0012,SKU0009,14,708.0,0.25022701661950353,1.4722767354764041,1.0,12.654337697614894,18.885195127581547,0.32947381558475347,0.06702985028382885
catboost,STORE0011,SKU0050,14,248.0,0.2501586106352999,0.7629909164632532,1.0,4.431381102682456,6.066897577103345,0.2930532998410114,0.0608894656158942
catboost,STORE0007,SKU0020,14,561.0,0.2500075376598863,0.2832449501378807,1.0,10.018159187656874,13.152568256905184,0.25907265253367007,-0.07278158058579928
catboost,STORE0008,SKU0093,14,1165.0,0.2499472334208957,0.3174695328454176,1.0,20.799180495381677,26.01410413480959,0.26405774992559267,0.026035493496953083
catboost,STORE0012,SKU0074,14,1015.0,0.24994302229506382,0.44228186761521193,1.0,18.120869116392125,22.267812328022746,0.2980208212794377,0.0915380322916478
catboost,STORE0001,SKU0053,14,476.0,0.24993690566209642,0.2395448280568818,1.0,8.497854792511278,10.957356545455974,0.24139262635581687,-0.04833967999508197
catboost,STORE0007,SKU0086,14,129.0,0.24980977177865177,0.2263369208972097,1.0,2.3018186113890056,3.055025764662386,0.23733037770322465,-0.11758347868824141
catboost,STORE0013,SKU0036,14,382.0,0.2497356499277555,0.607431362429323,1.0,6.8142155908859,8.856803410878895,0.2906092598925124,0.10497021863049533
catboost,STORE0012,SKU0028,14,1723.0,0.24972157886940508,0.2528831570786588,1.0,30.733591456570355,40.199775269995634,0.2443475420647177,-0.01360048334451157
catboost,STORE0003,SKU0071,14,347.0,0.24972143047422812,0.2850849866560194,1.0,6.189524026754083,6.885150176880812,0.24970862119146583,0.06974729465047196
catboost,STORE0006,SKU0020,14,812.0,0.249641942516456,0.33008865176498686,1.0,14.479232665954447,16.77876091655262,0.2695093752377082,0.009603091916662074
catboost,STORE0003,SKU0091,14,230.0,0.24962415391267248,0.971377513208009,1.0,4.100968242851048,5.232206874173611,0.33614510782374457,-0.1083273940886558
catboost,STORE0007,SKU0015,14,121.0,0.2494868722873627,0.816610795480961,1.0,2.1562793961979203,3.1191045997541136,0.27977048429230933,0.03198185795994219
catboost,STORE0007,SKU0030,14,538.0,0.24945810663360293,0.27749015548385003,1.0,9.586318669205598,10.88743484275397,0.24014330884492632,0.15294871177280092
catboost,STORE0005,SKU0058,14,1467.0,0.24932350331794217,0.28329968885376294,1.0,26.125541383387226,30.02367078031809,0.26239186666340786,-0.04504033752764649
catboost,STORE0010,SKU0068,14,623.0,0.2491574679385256,0.25105225564545114,1.0,11.08750732326439,13.036739710158239,0.24492787556340226,0.01331565031658067
catboost,STORE0013,SKU0032,14,642.0,0.24911156064229284,0.32246711619956214,1.0,11.423544423739429,14.490450769577809,0.2674160954669609,-0.11292608442131906
catboost,STORE0004,SKU0081,14,1199.0,0.24901555256545269,0.27656312288155094,1.0,21.326403394712695,26.683855924237513,0.26172351658725995,-0.10788581713973823
catboost,STORE0010,SKU0035,14,2699.0,0.24885729614704197,0.4495598447920789,1.0,47.976131592919025,62.54104309146404,0.2757703523356665,-0.024004416901257913
catboost,STORE0004,SKU0037,14,1788.0,0.24883887335799976,0.40829610525791715,1.0,31.78027896886454,40.36016618376903,0.28135449605223267,-0.04297950727350579
catboost,STORE0006,SKU0085,14,1393.0,0.2488370282854328,0.7077218033736287,1.0,24.759284314400563,31.920348089198242,0.3151699589458941,-0.0703165291471281
catboost,STORE0002,SKU0052,14,690.0,0.24838086601633724,0.23397096165165207,1.0,12.241628396519477,14.51506156440015,0.2615380976029408,-0.18841869795685723
catboost,STORE0013,SKU0040,14,243.0,0.24798759240586368,0.3362803801184379,1.0,4.304356068187491,6.229313514562221,0.24347959088423024,0.04421975086556473
catboost,STORE0010,SKU0077,14,817.0,0.24793344000431117,0.3450623702087935,1.0,14.468687177394445,19.857512607245848,0.2546985155056535,0.19509680901219542
catboost,STORE0006,SKU0021,14,755.0,0.24781445362621402,0.31759599402167255,1.0,13.364279463413684,16.651371602755358,0.2486356055993137,0.14931453907642048
catboost,STORE0009,SKU0017,14,1593.0,0.24778984215341687,0.23812989099257248,1.0,28.194944182170932,35.60955162499747,0.24100726297026284,-0.08420913735057801
catboost,STORE0011,SKU0096,14,1533.0,0.2475817163385895,0.9071721493721264,1.0,27.11019793907555,35.72531305175621,0.3094987313229716,-0.05342958067822093
catboost,STORE0011,SKU0007,14,501.0,0.24740031613277264,0.241298714464242,1.0,8.853397027322792,12.832995892915912,0.2513842271921212,-0.1707250637624662
catboost,STORE0007,SKU0008,14,282.0,0.24737188625298082,0.42937401656362295,1.0,4.982776565952899,5.958744413275988,0.28452197297545806,-0.06447773982872743
catboost,STORE0005,SKU0079,14,1154.0,0.2473522700264895,1.509886017142404,1.0,20.38889425789778,29.224016743537966,0.29508059148745697,0.047273998011371145
catboost,STORE0007,SKU0089,14,434.0,0.24713822613683226,0.526856006705751,1.0,7.6612850102418,11.03749003031587,0.2691126000930352,0.13444508398045657
catboost,STORE0007,SKU0028,14,1380.0,0.24709827883946775,0.3805940090221251,1.0,24.356830342747536,31.769222704088754,0.27233797737681753,-0.00124860608878386
catboost,STORE0001,SKU0015,14,160.0,0.2467690507433265,0.39132990434497966,1.0,2.8202177227808742,3.776005017557878,0.26502136407274307,0.15512740074788461
catboost,STORE0005,SKU0076,14,437.0,0.24669706314169687,0.3262593871247398,1.0,7.700472613780109,9.487952667911001,0.2638626813956815,0.010284646282094488
catboost,STORE0006,SKU0030,14,772.0,0.24645017337174177,0.2746531406602311,1.0,13.589966703070331,16.27198790937037,0.24048086532709742,0.09454879816843613
catboost,STORE0005,SKU0052,14,866.0,0.24636138531507218,0.33546394302207644,1.0,15.239211405918036,19.69200873678276,0.2593694289787697,-0.008025225453253813
catboost,STORE0009,SKU0078,14,492.0,0.24630795254635837,0.22827626848272647,1.0,8.655965189486308,10.155686252264577,0.26636749282376415,-0.23583138347128668
catboost,STORE0001,SKU0045,14,1258.0,0.24618858075316383,0.32203567029004027,1.0,22.121802470534295,29.23879000865944,0.2532456918939001,0.09994647121117702
catboost,STORE0005,SKU0036,14,706.0,0.24614887325435397,0.3693433219040025,1.0,12.412936036969565,16.12948492845641,0.25705103165786053,0.20867935717022731
catboost,STORE0011,SKU0065,14,1013.0,0.24603323372031824,0.30788624632663397,1.0,17.802261839905885,23.76534927519578,0.2568182464499929,0.013566628525797663
catboost,STORE0006,SKU0022,14,1508.0,0.24558845975313762,0.5838822422822599,1.0,26.453385521980824,35.60402170233199,0.2808710369337597,-0.04431139620294831
catboost,STORE0008,SKU0085,14,1368.0,0.24555953058675067,0.2776007609866768,1.0,23.994674131619636,28.65910580052914,0.24534454578369563,0.03249068547415169
catboost,STORE0001,SKU0027,14,2752.0,0.24550862469057025,0.28232758740011216,1.0,48.25998108203209,61.474627803046545,0.2593804786659488,-0.1239129057810514
catboost,STORE0007,SKU0035,14,2441.0,0.24540835431218555,0.22557261232030087,1.0,42.78869949114607,53.11498116694824,0.26038305099819176,-0.20920271523525483
catboost,STORE0002,SKU0059,14,273.0,0.24511264935985325,0.750891223580977,1.0,4.779696662517138,6.29547371350398,0.29333516324365444,-0.01247871052694894
catboost,STORE0009,SKU0006,14,1664.0,0.2443890207538735,0.46703081220453513,1.0,29.04738075246039,38.003662733852224,0.27746201048418473,0.006983744328627071
catboost,STORE0008,SKU0004,14,1489.0,0.24416212400902854,0.28661722487370117,1.0,25.968385903531676,29.02251013687106,0.26162897257632706,-0.06661898120200249
catboost,STORE0012,SKU0018,14,1143.0,0.2441388467026695,0.3615580942318992,1.0,19.932192984367948,23.444661874207462,0.27204398932025975,-0.014944406031770524
catboost,STORE0006,SKU0008,14,381.0,0.24412685962017705,0.377201798549207,1.0,6.643738108234818,7.9919462924514395,0.2735800343434761,-0.024755555977758487
catboost,STORE0010,SKU0012,14,874.0,0.2440703352005218,0.5047338552904878,1.0,15.236962354661147,18.023461331115406,0.30163526083460823,0.009684368060661924
catboost,STORE0005,SKU0002,14,1008.0,0.24403893542569724,0.2655359188196375,1.0,17.570803350650202,20.84177897338825,0.24917924446247755,-0.03918652245640813
catboost,STORE0005,SKU0067,14,633.0,0.24390701181491253,1.0962727705366648,1.0,11.028081319917117,15.460030940231233,0.29161547331207804,-0.005813611617042035
catboost,STORE0011,SKU0070,14,1494.0,0.2438623750834263,0.5921789839944733,1.0,26.023599169617064,34.02926988245415,0.2867175287765268,-0.0006869442878164114
catboost,STORE0002,SKU0008,14,263.0,0.24376314598413285,0.26400215943031824,1.0,4.579264813844781,5.204835185479242,0.2484689543403202,-0.009021691313787434
catboost,STORE0012,SKU0078,14,414.0,0.24354920362260732,0.27298297270319616,1.0,7.2020978785542455,8.112299883366727,0.2471885941742245,0.008951128477611725
catboost,STORE0008,SKU0096,14,1339.0,0.24336369092849486,0.3258504212980074,1.0,23.275998725232473,31.443824578417665,0.25010437085334425,0.07871464082140535
catboost,STORE0007,SKU0046,14,1422.0,0.24318937369447005,0.22595130477238426,1.0,24.701092099538318,33.29585532956292,0.2376039245191539,-0.11983706484663631
catboost,STORE0003,SKU0051,14,746.0,0.2431160279509095,0.3090751132583614,1.0,12.954611203669893,15.847714990541519,0.25817657222641455,0.02330947949416518
catboost,STORE0011,SKU0061,14,1435.0,0.2430538405305027,0.3302669143684746,1.0,24.913018654376526,35.40342094887226,0.26075300668838697,-0.03132762968729402
catboost,STORE0008,SKU0086,14,156.0,0.24294997546732297,0.19601549337474522,0.9285714285714286,2.7071568694930273,3.630435289112846,0.31575944495924874,0.03527459569362046
catboost,STORE0003,SKU0022,14,1056.0,0.24293108228519417,0.34443558429791227,1.0,18.32394449236893,22.999240364226683,0.2667972578321394,0.028565814280413635
catboost,STORE0003,SKU0054,14,1121.0,0.2428084160778244,0.4118124888826392,1.0,19.442016744517225,27.795403035104695,0.2732521623647202,0.011415274097221923
catboost,STORE0001,SKU0054,14,1489.0,0.24272917545963596,0.2604576869325849,1.0,25.815981589956998,31.72855626455231,0.23420654900708074,0.028008585892556958
catboost,STORE0012,SKU0072,14,546.0,0.24247351773584766,0.35127030721660285,1.0,9.456467191698058,11.874732391709404,0.27128471850586733,-0.0235188800337227
catboost,STORE0002,SKU0001,14,1087.0,0.24219327599106602,0.3325665439478032,1.0,18.80457792873491,25.81794332603684,0.27015373526442593,-0.020832826740588107
catboost,STORE0004,SKU0100,14,1247.0,0.24214727943744666,0.2671925867139036,1.0,21.568404104178285,24.727034422569787,0.236937168596261,0.08691775202130944
catboost,STORE0005,SKU0001,14,1634.0,0.24210355093974523,0.37844557240437215,1.0,28.25694301682455,37.453422807196404,0.2638617016908779,-0.054350932634397005
catboost,STORE0012,SKU0055,14,187.0,0.24178136418320897,0.28880312037864464,1.0,3.2295082215900055,4.240536054071731,0.25111030705349835,-0.006181039809357149
catboost,STORE0003,SKU0003,14,272.0,0.24145111447066198,0.3837917993387191,1.0,4.691050224001432,5.832622876949364,0.2801905886004011,-0.05558861818173627
catboost,STORE0005,SKU0081,14,1122.0,0.24144264369231158,0.2503440658283465,1.0,19.349903301626686,26.247662694167115,0.24110212447062565,-0.06440063973355695
catboost,STORE0001,SKU0067,14,615.0,0.24123373646944224,0.2631223945647469,1.0,10.59705342347907,12.72122242901848,0.2430129647542179,-0.007013606065866086
catboost,STORE0007,SKU0040,14,332.0,0.2411483105385407,0.29416881188582494,1.0,5.718659935628251,6.565282472234128,0.24995730646615905,0.0908198081988542
catboost,STORE0002,SKU0036,14,497.0,0.2409217414824443,0.2866850420981274,1.0,8.552721822626774,12.712832361077178,0.21972078914101206,0.1791216871485837
catboost,STORE0002,SKU0005,14,982.0,0.24090718499742522,0.443911101632732,1.0,16.897918261962253,20.54325974692177,0.274859922105567,0.12528904892135787
catboost,STORE0001,SKU0012,14,998.0,0.2403184368811429,0.3224190058827739,1.0,17.131271429098614,23.757489272902653,0.24173239799173293,0.0900837811196754
catboost,STORE0005,SKU0033,14,1527.0,0.24007964442913685,0.2674750547336596,1.0,26.18582978880657,31.384392833650548,0.23896128514712797,0.03694889751421902
catboost,STORE0003,SKU0056,14,301.0,0.23991597038306198,0.24739623525925583,1.0,5.158193363235832,5.810297357513831,0.24057342589401623,-0.008084919027551535
catboost,STORE0002,SKU0096,14,950.0,0.2397877657365285,0.37765239214471086,1.0,16.27131267497872,23.06958043961435,0.2481150607675482,0.09826800832286568
catboost,STORE0003,SKU0063,14,680.0,0.2397505672491876,0.33817402988544526,1.0,11.645027552103398,13.380020569109814,0.2807952369681515,0.05523216183338334
catboost,STORE0008,SKU0044,14,1387.0,0.23921896961941494,0.28797430548876385,1.0,23.69976506158061,28.467977898962875,0.2531723297707372,-0.03052460032321537
catboost,STORE0011,SKU0064,14,1470.0,0.23901955899596136,0.24519238589811446,1.0,25.097053694575944,30.60291505764473,0.24241824431290013,-0.0606617847921938
catboost,STORE0004,SKU0056,14,437.0,0.2386812099908931,0.29686512321631386,1.0,7.450263483287164,8.415450572479328,0.2647224766745559,-0.028374206383600824
catboost,STORE0003,SKU0053,14,403.0,0.23831157285894972,0.25079635021771257,1.0,6.85996884729691,8.099450955506633,0.25766015613831406,-0.12642395238797263
catboost,STORE0008,SKU0016,14,488.0,0.23823637800413155,0.21326373794646075,1.0,8.3042394618583,10.93323450926965,0.23082886479389955,-0.1552168058832687
catboost,STORE0001,SKU0047,14,1257.0,0.2380924479021444,0.23223098473004608,1.0,21.37730050092825,26.68931311998191,0.23631205743200476,-0.07479490460657738
catboost,STORE0006,SKU0047,14,1285.0,0.23769919410031237,0.28896012799676196,1.0,21.817390315635812,27.093611473217674,0.24580285004724814,0.06797904565797239
catboost,STORE0004,SKU0091,14,408.0,0.23721538953914795,0.23438001961387547,1.0,6.913134209426597,7.881683297501053,0.2705867835805839,-0.21562235306189614
catboost,STORE0009,SKU0059,14,384.0,0.2370368057229484,0.239067179355275,1.0,6.501580956972299,7.446195863550869,0.257127189829886,-0.1726063405251461
catboost,STORE0006,SKU0101,14,272.0,0.2369242700964357,0.394579036999385,1.0,4.603100104730751,5.952265440394972,0.2779545342661599,-0.0016563518848066825
catboost,STORE0008,SKU0102,14,1650.0,0.23630417167635578,0.3340185391020002,1.0,27.850134518999077,38.34809718468091,0.2520392918252426,0.1945442895544249
catboost,STORE0009,SKU0080,14,1224.0,0.2362895132755359,0.2780829256652874,1.0,20.65845458923257,25.824022718198854,0.25044040516337435,-0.11984051694251649
catboost,STORE0003,SKU0023,14,943.0,0.23615044638181348,0.2904924268592461,1.0,15.906419352717865,20.24781353854186,0.25692231948049954,-0.05814359980119229
catboost,STORE0011,SKU0047,14,1260.0,0.23599177196584645,0.23615725726346135,1.0,21.23925947692618,24.500913777058628,0.24405869940501493,-0.11895720098232752
catboost,STORE0004,SKU0020,14,826.0,0.23582451219631806,2.0468736353022896,1.0,13.913646219582764,18.954648029903392,0.29734400574649017,0.0025678937601687902
catboost,STORE0005,SKU0035,14,2860.0,0.23562130167226777,0.293353424937468,1.0,48.134065913048985,62.90340844515789,0.24868108655065432,-0.02178400358627515
catboost,STORE0005,SKU0031,14,1061.0,0.23560928695269803,0.25355358290485885,1.0,17.85581810405804,21.997938824063848,0.23662643621645646,-0.01658718782953343
catboost,STORE0012,SKU0084,14,351.0,0.23552850966147723,0.2640934417163141,1.0,5.90503620651275,6.83040061661422,0.2487273449087303,-0.05724682018703503
catboost,STORE0013,SKU0020,14,390.0,0.23552122568966777,0.22626329457303967,1.0,6.5609484299264595,8.638910719172905,0.2260565565154856,-0.03289567972368646
catboost,STORE0006,SKU0018,14,1342.0,0.23544655845533471,0.270419782987428,1.0,22.569234389075657,28.500416633388337,0.23796346253081627,0.0002990247047066853
catboost,STORE0004,SKU0038,14,1901.0,0.2354099662939621,0.2776224204959535,1.0,31.96531042320157,41.277774807811916,0.2576160312739519,-0.14422914258488762
catboost,STORE0004,SKU0101,14,279.0,0.23499982178514417,0.25049875615984785,1.0,4.683210734146802,5.993380867148475,0.226322792722385,0.04708943505355177
catboost,STORE0012,SKU0030,14,750.0,0.2349502765969507,0.259633467085396,1.0,12.58662196055093,16.51381255513943,0.2414376285478387,-0.05512468184950281
catboost,STORE0008,SKU0065,14,1094.0,0.23491729250625523,0.2358488739065708,1.0,18.35710842870309,24.233799822844272,0.23106830534972794,-0.03489791709967949
catboost,STORE0009,SKU0068,14,556.0,0.23481973315959193,0.32625101630687414,1.0,9.325697974052364,11.247941140244441,0.26385444241973705,0.06404540334405093
catboost,STORE0011,SKU0071,14,524.0,0.234792121003182,0.2424561659164461,1.0,8.787933671833384,9.935262891989346,0.24618118753877488,-0.10470278698252038
catboost,STORE0011,SKU0077,14,1037.0,0.23476818516821185,0.26373854608199315,1.0,17.38961485853112,23.933519905830657,0.2407827472587549,-0.08129732928154793
catboost,STORE0011,SKU0090,14,347.0,0.2346947133692639,0.2404736130589542,1.0,5.817076109938184,7.025174026799506,0.2489206267522189,-0.16196633530955715
catboost,STORE0007,SKU0047,14,1027.0,0.23469235113359085,0.30554189972209805,1.0,17.21636032958556,20.95285367954236,0.26019136819960226,-0.09242536519727203
catboost,STORE0001,SKU0046,14,1677.0,0.23468308309409236,0.34760036916980047,1.0,28.111680739199493,32.52168301897526,0.25467394662649406,0.048825925205576624
catboost,STORE0006,SKU0026,14,1829.0,0.23466169066855339,0.23475905534187427,1.0,30.656873730913155,38.43179442456626,0.24523001895190435,-0.1540874369003518
catboost,STORE0013,SKU0086,14,87.0,0.2339193120678408,0.28061033219520354,1.0,1.453641439278725,1.8533665263624106,0.25434265842973863,-0.07419697999723764
catboost,STORE0002,SKU0075,14,387.0,0.23371784044343602,0.23540159113328016,1.0,6.460628875114982,7.7048006893295256,0.2320623354517176,-0.03070963623829313
catboost,STORE0002,SKU0041,14,1295.0,0.23307262410825608,0.2889520666965845,1.0,21.55921773001369,26.781925778193305,0.25066097158050105,0.010625913936985377
catboost,STORE0010,SKU0007,14,334.0,0.23298098890375515,0.3949845627478351,1.0,5.558260735275302,7.4206391252734445,0.2627400745784415,0.1188923630927971
catboost,STORE0002,SKU0025,14,396.0,0.23284619909332097,0.2381029763407508,1.0,6.586221060068222,7.63549426596334,0.23804632170196832,-0.09667987139031269
catboost,STORE0008,SKU0061,14,1310.0,0.23271440670061663,0.2838726429367326,1.0,21.775419484129127,26.112978268770647,0.23685847380230377,0.09116813416628455
catboost,STORE0013,SKU0089,14,390.0,0.23244642868315646,0.2223446124368047,1.0,6.475293370459359,7.995032006496117,0.23446390990353122,-0.0869316357296144
catboost,STORE0010,SKU0016,14,400.0,0.23241727707071091,0.29054429152476363,1.0,6.640493630591741,7.866565598964727,0.2606895241488151,-0.10616096593889267
catboost,STORE0006,SKU0050,14,250.0,0.23216336478843985,0.2506074400365347,1.0,4.14577437122214,4.7981747652848314,0.22735048119568213,0.0603030025439747
catboost,STORE0005,SKU0066,14,408.0,0.23214832497700374,0.4585930099178241,1.0,6.765465470758395,8.670647352684222,0.2681432381248917,0.09450858178748908
catboost,STORE0008,SKU0001,14,1519.0,0.23207279863910046,0.2780413161315204,1.0,25.1798986523424,36.486802037919816,0.22283689898374828,0.06299475736326401
catboost,STORE0009,SKU0001,14,1379.0,0.23165092414817437,0.2280124923606783,1.0,22.817616028595175,30.827293931023835,0.23210586497324628,-0.071250423569587
catboost,STORE0010,SKU0052,14,721.0,0.23163286996996083,0.34454083010033604,1.0,11.929092803452983,15.752036325012359,0.2552573998158358,0.029609791008776275
catboost,STORE0011,SKU0019,14,287.0,0.2314701696106584,0.40398083519187405,1.0,4.7451384770184974,5.691399878438788,0.29066251021535433,0.0695746892182535
catboost,STORE0012,SKU0066,14,381.0,0.23119331912975796,0.38279147276675934,1.0,6.29176104203127,8.501488807183991,0.2732569803156442,-0.035489931101783875
catboost,STORE0004,SKU0060,14,841.0,0.23107864475543108,0.2936023872932431,1.0,13.881224302808395,18.868657215046056,0.221861443402676,0.1731871512812649
catboost,STORE0002,SKU0004,14,1160.0,0.2308926355639034,0.23028180838545872,1.0,19.131104089580568,24.165525708239596,0.2340001763118727,-0.10016811399094794
catboost,STORE0009,SKU0030,14,587.0,0.23073774613245585,0.3169856976812345,1.0,9.674504069982257,12.08930394848248,0.24352265301045242,0.15545931654049933
catboost,STORE0012,SKU0023,14,986.0,0.2305311667187107,0.24469043462510429,1.0,16.235980741760624,19.712440758243417,0.21024203758657253,0.17963524751278948
catboost,STORE0007,SKU0073,14,119.0,0.23039370459132347,0.2481314360322355,1.0,1.9583464890262494,2.258594447185194,0.23713813307788337,-0.020653068485596587
catboost,STORE0002,SKU0073,14,114.0,0.23035546991976388,0.23199751472956845,1.0,1.8757516836323629,2.4646890047547907,0.21924220799710117,0.010542286049371422
catboost,STORE0005,SKU0072,14,626.0,0.23021671064482002,0.22636784679116465,1.0,10.293975775975523,12.625370848645261,0.23959763096754488,-0.11695719929669038
catboost,STORE0004,SKU0098,14,620.0,0.2301189847012686,0.35661815106902334,1.0,10.190983608199037,12.730438380612279,0.2648539354667599,-0.00589451829825368
catboost,STORE0001,SKU0069,14,1641.0,0.22995618412926253,2.177990926195238,1.0,26.954149868294273,39.52913993986303,0.28678539631663647,-0.05998918451354452
catboost,STORE0004,SKU0041,14,1795.0,0.2298525379622252,0.24817457064100004,1.0,29.470378974442447,34.17513510154848,0.23307677003845462,-0.021180732877023132
catboost,STORE0003,SKU0089,14,533.0,0.22976424771997023,0.2573316619750559,1.0,8.747453145338866,11.031645703618386,0.23698064710670103,-0.05793332442994779
catboost,STORE0003,SKU0082,14,612.0,0.2296423188137127,0.3054259387888679,1.0,10.038649936713727,12.285127399085608,0.2530326644561209,-0.048331009702902265
catboost,STORE0010,SKU0070,14,1503.0,0.2294179315027554,0.24203617636551827,1.0,24.629653646331526,27.254334645829367,0.2502201234524271,-0.15158314848925963
catboost,STORE0010,SKU0038,14,1464.0,0.2294169486378919,0.3628374159188464,1.0,23.99045805756241,30.071819792570633,0.258756002849021,-0.058449484697216884
catboost,STORE0007,SKU0059,14,282.0,0.22940993093518444,0.22380375001767097,1.0,4.620971465980143,5.915657485554365,0.2285602294365829,-0.06488860859879238
catboost,STORE0010,SKU0014,14,807.0,0.22936805718313835,0.28656879348169423,1.0,13.22143015334233,16.39901198672977,0.24314424469601667,0.026225480203137926
catboost,STORE0011,SKU0059,14,425.0,0.22931764359038417,0.3117486735381818,1.0,6.961428466136662,9.530878900176646,0.24046486803826506,-0.06334888392416275
catboost,STORE0008,SKU0095,14,449.0,0.22867586764575268,0.27009237088998606,1.0,7.333961755210211,8.912992487593714,0.23410063234204445,0.04364954264286178
catboost,STORE0002,SKU0007,14,321.0,0.2286230179467115,0.23589659833210513,1.0,5.241999197206742,6.279216860929827,0.23951871929645713,-0.10039030434568406
catboost,STORE0002,SKU0033,14,1228.0,0.2285153689204085,0.23785679055655634,1.0,20.044062359590118,22.986638041200095,0.23520600855085116,-0.06095418753514781
catboost,STORE0001,SKU0093,14,1088.0,0.2282033672682222,0.3039525809576114,1.0,17.7346616848447,22.229880865015897,0.24290637746552626,0.043198815373398466
catboost,STORE0002,SKU0003,14,250.0,0.2280331476405182,0.2602907716564541,1.0,4.072020493580682,5.039472156209514,0.2413133338221238,-0.060787891514817
catboost,STORE0004,SKU0005,14,1558.0,0.22795823186476105,0.26194384375169183,1.0,25.36849466037841,29.905029525648853,0.23910710254496273,-0.03295312045805612
catboost,STORE0011,SKU0018,14,1152.0,0.22793848826964952,0.3194846437362853,1.0,18.756081320474017,24.52669985512155,0.23614817953531797,0.09215065821299534
catboost,STORE0012,SKU0026,14,1485.0,0.22791607038174433,0.3426628825231165,1.0,24.175383179777878,30.08249881775115,0.2557293680078384,-0.03985475834787875
catboost,STORE0004,SKU0063,14,970.0,0.22777324404323362,0.24942910708459057,1.0,15.78143190870976,19.25432273968387,0.22262296070392232,0.08952288793480305
catboost,STORE0001,SKU0038,14,1504.0,0.22731192863082994,0.3427380717280255,1.0,24.419795761483446,29.985746363765283,0.25581191231397266,0.022709461905828423
catboost,STORE0009,SKU0035,14,2812.0,0.22725851396938176,0.22548564021630318,1.0,45.64649580585011,54.26103897515301,0.23799175519780014,-0.12150867939166295
catboost,STORE0004,SKU0088,14,340.0,0.22704873908361542,0.15778330738897248,0.9285714285714286,5.514040806316374,8.184478086734476,0.2870652334956408,0.05695960143507154
catboost,STORE0010,SKU0099,14,1273.0,0.22701849763441978,0.3591552175474845,1.0,20.64246767775831,25.366783053732487,0.26179038751648254,0.050257640813190854
catboost,STORE0009,SKU0025,14,431.0,0.22661210033047147,0.38472253220870245,1.0,6.976415374459514,9.081091122591936,0.24562978340148692,0.09809063931301787
catboost,STORE0002,SKU0093,14,797.0,0.22607605754157414,0.3924838139841301,1.0,12.870186990045328,17.399928628265027,0.2503603455819187,0.1020375723653537
catboost,STORE0004,SKU0025,14,450.0,0.22604743189468002,0.2977952042088015,1.0,7.265810310900429,8.93899949755411,0.23621875512367144,0.09852546498608254
catboost,STORE0012,SKU0038,14,1419.0,0.22552849520171175,0.26156322899885337,1.0,22.858923906516356,26.64618898912361,0.24930556020563108,-0.09943445222715036
catboost,STORE0012,SKU0101,14,250.0,0.22528339162029118,0.23273423715997035,1.0,4.0229177075052,5.603478711112066,0.21109817065382636,-0.0029682135892135407
catboost,STORE0010,SKU0101,14,214.0,0.22520310238832617,0.2375679359103236,1.0,3.4423902793644143,3.9808217260034353,0.20615257042347254,0.19976884298894218
catboost,STORE0012,SKU0056,14,336.0,0.22518504440184509,0.8003429257577436,1.0,5.404441065644282,6.998878602508627,0.2895472051775875,0.006193377172498428
catboost,STORE0012,SKU0015,14,171.0,0.22494082641046123,0.23028948232216503,1.0,2.7474915225849195,3.2973877115531383,0.23119957334049782,-0.10420237448104915
catboost,STORE0004,SKU0036,14,786.0,0.22492467513528913,0.26241994013415615,1.0,12.627913904024089,14.172445090316053,0.24463806064673596,-0.020387984437035444
catboost,STORE0011,SKU0014,14,814.0,0.22492262643824937,0.26009395755171055,1.0,13.077644137195355,14.949632130718847,0.2319008912571229,0.07150485449852512
catboost,STORE0002,SKU0074,14,857.0,0.22474107385335426,0.2712319604330436,1.0,13.757364306594614,15.849840343655067,0.2374517089049301,0.05175336350681525
catboost,STORE0005,SKU0063,14,922.0,0.22451150313716656,2.0769916545372786,1.0,14.785686135176254,20.021772045925157,0.29082784757687097,0.018254358697865146
catboost,STORE0001,SKU0094,14,1084.0,0.22434100084515976,0.19940955858084605,1.0,17.370403208296658,24.34625026020978,0.2233430600818521,-0.1892113588108278
catboost,STORE0003,SKU0014,14,723.0,0.2241459264743219,0.21346885591231493,1.0,11.575536060066767,16.47219043226531,0.22097581511017936,-0.09259023599333072
catboost,STORE0007,SKU0063,14,671.0,0.22404409937138428,0.25927897417203816,1.0,10.738113619871346,12.607518490627122,0.2248430220485138,0.06877590574347354
catboost,STORE0013,SKU0039,14,149.0,0.22347184037721257,0.2243980664450278,1.0,2.378378872586048,2.9731020272941078,0.22691278477458443,-0.059485831595949494
catboost,STORE0008,SKU0084,14,433.0,0.2234125926042874,0.21810766157466985,1.0,6.909832328404031,8.984098361249885,0.23051089271266129,-0.13346782599101217
catboost,STORE0010,SKU0061,14,1199.0,0.22332552054236332,0.23524401063001285,1.0,19.12623565216383,23.276531845683827,0.22816630060426082,-0.05009045446376235
catboost,STORE0008,SKU0075,14,510.0,0.22321217052467354,0.3104924957692193,1.0,8.131300497684537,10.524699038116873,0.23912437946089993,-0.0061816417976007275
catboost,STORE0006,SKU0077,14,1121.0,0.2230262606137647,0.2564210095614416,1.0,17.858031296287873,22.801236591248077,0.23008183848876457,-0.009831684837668095
catboost,STORE0012,SKU0071,14,404.0,0.22295443178231797,0.23320949959393758,1.0,6.433827888575462,7.815095054017165,0.22600205572279575,-0.04026066274468063
catboost,STORE0012,SKU0036,14,655.0,0.22293818176239802,0.23645843968668626,1.0,10.430322075312192,12.3958385712514,0.22567584943075708,-0.01178582174262547
catboost,STORE0001,SKU0002,14,954.0,0.22292974498206775,1.3059825199774646,1.0,15.191069765206617,22.058505327881676,0.2720412326423264,0.05681230529944526
catboost,STORE0005,SKU0071,14,460.0,0.22287797803580647,0.3766435740900534,1.0,7.3231335640336415,9.69522487284007,0.24871447826346876,0.016499217330262262
catboost,STORE0007,SKU0001,14,1190.0,0.222874329977591,0.4467125528337981,1.0,18.944318048095234,23.086597156984865,0.26408725399963523,-0.017295081799535015
catboost,STORE0008,SKU0030,14,737.0,0.2228513670697696,0.2571165553212239,1.0,11.7315326807443,13.261100613279465,0.22742375353132097,0.0726641266769296
catboost,STORE0012,SKU0089,14,590.0,0.22280716716649632,0.19744547224478087,1.0,9.389730616302344,13.208195336316237,0.21401521116712946,-0.1179811518660744
catboost,STORE0008,SKU0038,14,1628.0,0.22263720687479474,0.22960750546990796,1.0,25.889526628011847,32.38118555964858,0.22171015575201394,-0.03540980194568598
catboost,STORE0012,SKU0004,14,1315.0,0.22260116503315414,0.3194125519339868,1.0,20.908609429899833,27.657853692202263,0.2372961560147516,-0.030953388796148007
catboost,STORE0004,SKU0039,14,282.0,0.2224086656545321,0.22345654675128995,1.0,4.479945979612718,6.074351769056358,0.21588273919137355,-0.038340367451480804
catboost,STORE0010,SKU0075,14,475.0,0.22231190475347554,0.2785820048060988,1.0,7.5427253398500635,9.795528646204955,0.23402752142564456,-0.004408801239561185
catboost,STORE0008,SKU0080,14,1359.0,0.22207377480969406,1.0633691562966479,1.0,21.55701856902673,31.77655312587534,0.2669798690412433,-0.04051019359429238
catboost,STORE0012,SKU0010,14,552.0,0.22204278559881938,0.23319668144926356,1.0,8.754829832182022,10.365658650450616,0.22604675775861607,-0.04193346098943099
catboost,STORE0007,SKU0044,14,1071.0,0.22192153446037613,0.3073483138386782,1.0,16.976997386218773,22.13265692385116,0.24440052070696774,-0.01169489437113402
catboost,STORE0008,SKU0048,14,1241.0,0.2218611230273131,0.2526143727168239,1.0,19.666403834063967,25.475414799821923,0.23433629008449144,-0.04493929051491674
catboost,STORE0009,SKU0091,14,302.0,0.22167386828678906,0.2497464356728194,1.0,4.781822015900736,5.162709913999386,0.24172744149376105,-0.06159517981575032
catboost,STORE0007,SKU0026,14,1113.0,0.21984766680507487,0.29007972060933723,1.0,17.47788951100345,24.22610806103165,0.23523056094935405,0.037088800972087964
catboost,STORE0009,SKU0020,14,639.0,0.2197978011074101,0.4133350559474445,1.0,10.032199636259646,13.40083476522412,0.254445572834127,0.038840451034431345
catboost,STORE0010,SKU0018,14,1117.0,0.2193279551810694,0.2583603534970433,1.0,17.499237566946753,21.456446655547182,0.22776141925234503,0.02954472596852166
catboost,STORE0002,SKU0002,14,862.0,0.2192537399727975,0.2197124205337339,1.0,13.499765989753675,15.47842323509406,0.22775918816685237,-0.09119659317881683
catboost,STORE0006,SKU0075,14,592.0,0.21905382171806617,0.2301529553527952,1.0,9.26284731836394,10.613809270355558,0.22924922175501344,-0.09946257880862468
catboost,STORE0002,SKU0020,14,645.0,0.2186017331778844,0.20423318932420917,1.0,10.071294135695387,12.553385091396391,0.2210083350186903,-0.1387963017110001
catboost,STORE0001,SKU0023,14,1189.0,0.21850460745917094,0.32302906383711294,1.0,18.55728416206816,25.751534191639955,0.2378068354661825,0.024704420937759982
catboost,STORE0004,SKU0090,14,284.0,0.21833430725133657,0.26757502891553925,1.0,4.4290673756699706,5.828314920068465,0.21475578839681747,0.144262460626696
catboost,STORE0003,SKU0039,14,191.0,0.21806831024425197,0.35254339173261284,1.0,2.9750748040465806,3.985014401158129,0.24083217392407058,0.028270228546123814
catboost,STORE0008,SKU0099,14,1683.0,0.21792926841785587,0.25528854772163434,1.0,26.19821133908939,31.155331135828884,0.2335481991340495,-0.045250804591565795
catboost,STORE0004,SKU0102,14,1893.0,0.217778528796751,0.29907810555805087,1.0,29.446768215160688,36.88301320425866,0.23112562405921655,0.09213938313338516
catboost,STORE0008,SKU0046,14,1773.0,0.21775458857956934,0.274076583401016,1.0,27.57706325368403,36.22183226581715,0.2404230238662815,-0.08525284377018974
catboost,STORE0004,SKU0079,14,1285.0,0.21770647869244028,0.2388802041095641,1.0,19.982344651413268,25.33523484126379,0.22162248855927022,-0.010054008955963681
catboost,STORE0005,SKU0051,14,1281.0,0.21766407066962698,0.2111144035217494,1.0,19.91626246627087,23.264462621082487,0.22827849344055934,-0.16499571148393494
catboost,STORE0003,SKU0024,14,659.0,0.217297273640376,0.23609245510118188,1.0,10.228493094929126,12.537600902734688,0.2181155700929159,-0.0006590811874072733
catboost,STORE0005,SKU0043,14,925.0,0.2170782435395275,0.22681451768839916,1.0,14.342669662433067,18.308148107422333,0.2236127503768843,-0.08166860483363664
catboost,STORE0009,SKU0086,14,145.0,0.2169626446593317,0.24325697690494447,1.0,2.247113105400221,2.907078332200724,0.2245177877856415,-0.0029510010695561243
catboost,STORE0009,SKU0060,14,817.0,0.21688088273546052,0.2432296899986003,1.0,12.656548656776518,14.605404620138389,0.2257581765419918,-0.01912328074934765
catboost,STORE0005,SKU0048,14,1173.0,0.21685339765974498,0.2772695780418952,1.0,18.169216818205776,21.497392157272206,0.2341102626391673,0.062131861605314
catboost,STORE0006,SKU0007,14,453.0,0.21671392634771605,0.30772338844594416,1.0,7.012243473965384,8.78219188582338,0.2355796378953496,-0.015406975842361685
catboost,STORE0007,SKU0032,14,940.0,0.2163194079188268,0.19102151161902775,1.0,14.524303103121229,28.10862205929136,0.18295298127419887,-0.04854556204709898
catboost,STORE0013,SKU0027,14,1226.0,0.2161006694089566,0.25619346060941434,1.0,18.924244335384344,27.00659192489546,0.22159869696054413,0.005371682041487688
catboost,STORE0004,SKU0045,14,1259.0,0.21518465804968714,0.3009750123030085,1.0,19.351248891754008,22.186838422042864,0.2465403607212782,0.0982036405450911
catboost,STORE0003,SKU0037,14,1223.0,0.21510759172520968,0.2600051769277253,1.0,18.791184619995104,21.925249741370408,0.22483664462061376,0.022650163042814708
catboost,STORE0002,SKU0010,14,377.0,0.2149065896364132,0.3542463004362724,1.0,5.787127449494841,9.780058111556642,0.22172165218179615,0.10146906912105161
catboost,STORE0008,SKU0087,14,544.0,0.2149005238994286,0.21937094495403117,1.0,8.35042035723494,10.129562799442967,0.21998514809217193,-0.09304452561457406
catboost,STORE0006,SKU0092,14,1299.0,0.2148981978282408,0.1568810855064457,0.9285714285714286,19.939482784206056,31.678723437484877,0.2744079922085472,0.07996635518737648
catboost,STORE0004,SKU0023,14,1222.0,0.2146459215792887,0.30382780878524,1.0,18.73552258356363,22.748828077450774,0.2523150411925658,0.02217436457174614
catboost,STORE0012,SKU0006,14,1388.0,0.2143906735549272,0.36166417090821074,1.0,21.255303921017067,30.081803723971223,0.24647822137162176,0.13564230124206159
catboost,STORE0011,SKU0003,14,339.0,0.21421858862068557,0.2440525974516826,1.0,5.187150110172316,6.156520455448817,0.22623250149752724,-0.04571574103410196
catboost,STORE0007,SKU0099,14,1133.0,0.2140748141057986,0.2614963728806206,1.0,17.32476888441927,20.73994367228647,0.22126232365812082,0.10770115882916743
catboost,STORE0006,SKU0087,14,391.0,0.21402879728167798,0.3400747158006898,1.0,5.977518552652578,8.370609871446966,0.23065168076065137,0.036136884039300855
catboost,STORE0009,SKU0037,14,1292.0,0.21378678921227182,0.31414239816915057,1.0,19.72946654730394,25.259629717418253,0.23594550336514675,0.08279109898042573
catboost,STORE0012,SKU0094,14,813.0,0.2137019016361323,0.2577637684960821,1.0,12.409974716441113,14.93055614041263,0.22337717122468073,0.0010503766017928233
catboost,STORE0004,SKU0049,14,781.0,0.21341865483472183,0.21614770001691633,1.0,11.905712101851268,14.525905404376255,0.2135968822374915,-0.027335472517153563
catboost,STORE0009,SKU0013,14,1701.0,0.21323434766288027,0.25353389354332606,1.0,25.90797324103995,34.309971044952306,0.2379631977493331,-0.056907903353639266
catboost,STORE0012,SKU0048,14,1115.0,0.21317734801835353,0.2296694832143987,1.0,16.978053074318872,22.952764587656425,0.22133194714892773,-0.1301274709979346
catboost,STORE0003,SKU0061,14,1121.0,0.21303859226986457,0.19985709925338996,1.0,17.058304423894157,24.93904129175141,0.20481381736998783,-0.07208053095175183
catboost,STORE0001,SKU0039,14,303.0,0.2128359849690207,0.2027874374946222,1.0,4.606378817543805,6.025259339230206,0.21027487613321805,-0.09551087781096455
catboost,STORE0001,SKU0097,14,1117.0,0.2124455571837348,0.21441942323709948,1.0,16.950120526730842,20.438014524158255,0.2118578322807745,-0.05527065689980396
catboost,STORE0008,SKU0027,14,2431.0,0.2119458690066357,0.26487812476245576,1.0,36.802886253937956,46.05457087268176,0.23823185054012663,-0.09592178845315276
catboost,STORE0008,SKU0064,14,1430.0,0.21128825472011065,0.21947547133509127,1.0,21.58158601783987,24.380166573932588,0.2101847302802173,-0.007977330122295364
catboost,STORE0008,SKU0094,14,1177.0,0.21122069926710327,0.1918468857260826,1.0,17.757625931241467,22.81670085918152,0.21244334965034198,-0.1387454632390847
catboost,STORE0013,SKU0008,14,179.0,0.2110688200833306,0.29034413152685545,1.0,2.698665628208299,3.3164783217231735,0.22580604831478487,0.07426414941797001
catboost,STORE0010,SKU0004,14,1388.0,0.21088768417926998,0.25668259510564556,1.0,20.908007545773337,25.757992421249497,0.2250273443870562,-0.038279286502199444
catboost,STORE0002,SKU0030,14,632.0,0.21074455263205022,0.22284368355768236,1.0,9.513611233103981,11.854440905897578,0.2170845310482383,-0.04227045090207748
catboost,STORE0006,SKU0029,14,550.0,0.2105725185096138,0.23960477406326763,1.0,8.27249179859197,9.374177204580706,0.22158768891073288,0.005563857494985572
catboost,STORE0001,SKU0029,14,595.0,0.2105117273208053,0.2527661626879466,1.0,8.946748411134225,10.808669722600289,0.22116463435057757,0.04880948885126033
catboost,STORE0003,SKU0064,14,987.0,0.21049195699945783,0.28222629785074954,1.0,14.839682968461776,18.620572005229526,0.22121581629422857,0.08801801788620113
catboost,STORE0010,SKU0081,14,1047.0,0.21041718749461472,0.19780328003974113,1.0,15.736199664775828,20.137866780909807,0.22073407996584646,-0.1575758083569524
catboost,STORE0004,SKU0007,14,466.0,0.21037559440045056,0.2182025306267053,1.0,7.0025019279007115,8.257927101422698,0.22006306981253906,-0.09000788890646809
catboost,STORE0002,SKU0037,14,1200.0,0.2103185847314794,0.2156120848733207,1.0,18.027307262698237,22.521550762697103,0.20596078902144757,-0.013568707817993998
catboost,STORE0004,SKU0057,14,1483.0,0.21003247763434704,0.21661558064269476,1.0,22.248440309409762,29.126656934603773,0.21664421729762268,-0.12926631236012998
catboost,STORE0005,SKU0096,14,1530.0,0.2098995378323404,0.2708433406404411,1.0,22.939020920248627,27.238925542865484,0.23104310572193382,-0.03691409965360318
catboost,STORE0013,SKU0065,14,548.0,0.20955547415023779,0.22186759549674798,1.0,8.202599988166451,11.12081090123384,0.21925142714759738,-0.07027001450293362
catboost,STORE0011,SKU0040,14,548.0,0.20942045712535728,0.22854304099157519,1.0,8.1973150360497,10.260257226583388,0.21309625340602592,0.023937587748720707
catboost,STORE0005,SKU0094,14,1048.0,0.20941088635930397,0.2565902744730786,1.0,15.675900636039326,20.601662843163663,0.22581180469160414,-0.04971722880285688
catboost,STORE0006,SKU0100,14,1293.0,0.20928838799384047,0.23954266605134494,1.0,19.329277548288267,24.01935871912109,0.20436104942312952,0.09968414200486135
catboost,STORE0008,SKU0033,14,1750.0,0.20888763073619934,0.2075238059805255,1.0,26.110953842024916,31.91796002378167,0.21180799564005218,-0.05617569624385979
catboost,STORE0008,SKU0100,14,1462.0,0.20881222586891113,0.20992821427799843,1.0,21.805962444310577,23.64108494909066,0.21713983221201175,-0.10412409547304433
catboost,STORE0008,SKU0072,14,583.0,0.2085647469717086,0.2550398604644485,1.0,8.685231963179008,11.063987074222734,0.2200018833381622,-0.015482403558348635
catboost,STORE0008,SKU0045,14,1369.0,0.20830841192009322,0.2151102513459116,1.0,20.369586851329114,24.79840377624053,0.20985199217453426,0.018488173680273643
catboost,STORE0004,SKU0002,14,1095.0,0.20828304173399453,0.20607755116986487,1.0,16.290709335623145,19.470018685996468,0.20994464052859835,-0.062096005061401637
catboost,STORE0005,SKU0068,14,689.0,0.2080504314162462,0.21342588485818742,1.0,10.239053374699546,11.788358459981374,0.20575211922737754,0.004578193256184167
catboost,STORE0008,SKU0002,14,1009.0,0.20750745903526366,0.22807302310044633,1.0,14.955359011898645,16.87749867928267,0.2118919637506834,-0.004967691813391184
catboost,STORE0003,SKU0068,14,530.0,0.20703516533396055,0.22686380948203114,1.0,7.837759830499935,9.746329525555655,0.2284452028653007,-0.10379618756615108
catboost,STORE0010,SKU0051,14,907.0,0.2070214097085324,0.38030788904931373,1.0,13.412029900402777,18.710929584503628,0.2299900363074026,0.007062500088013502
catboost,STORE0002,SKU0046,14,1470.0,0.20691334096642863,0.19928337701271934,1.0,21.725900801475007,30.77609822053805,0.20705565441324286,-0.13997225615514508
catboost,STORE0009,SKU0011,14,293.0,0.20684681372171895,0.3685657536787799,1.0,4.329008315747403,6.153250633061555,0.24335438665588385,0.05176017162272715
catboost,STORE0001,SKU0095,14,501.0,0.20663959671973112,0.2201849039415593,1.0,7.3947455683275205,8.808600065871035,0.20977580904851817,-0.057730484667832926
catboost,STORE0004,SKU0047,14,1200.0,0.20628008514665575,0.3114815507752308,1.0,17.681150155427634,26.52596160569824,0.2317028374285603,0.040438734381359004
catboost,STORE0001,SKU0050,14,267.0,0.20575638056530812,0.21753555074284744,1.0,3.9240681150669476,4.637195102361547,0.20737478231214393,-0.01723364616581297
catboost,STORE0002,SKU0014,14,713.0,0.20551329229373247,0.20250314517558227,1.0,10.466498386102232,13.31227532776701,0.20366464051027386,-0.06925931267403551
catboost,STORE0011,SKU0009,14,904.0,0.20547706933101234,0.32731225418762183,1.0,13.26794790537394,17.247286681618316,0.2368161756272576,0.0015788742288528207
catboost,STORE0004,SKU0012,14,1052.0,0.20540084282528004,0.2113744632715189,1.0,15.434406189442472,21.311386043587746,0.20327936556792575,-0.06281715128943002
catboost,STORE0001,SKU0076,14,455.0,0.20533743365858703,0.20315198815950325,1.0,6.673466593904079,7.841195474063961,0.20632475467659436,-0.07279363438535608
catboost,STORE0001,SKU0080,14,1224.0,0.20515333795502658,0.20123555506575408,1.0,17.936263261210893,22.396677548958372,0.19281435596565846,0.021976014969489536
catboost,STORE0003,SKU0077,14,729.0,0.2040949283352668,0.227969223619415,1.0,10.627514482600677,12.20220136601893,0.20846484258177483,0.01608893364986057
catboost,STORE0004,SKU0055,14,228.0,0.20388769270598853,0.22442507139592435,1.0,3.3204567097832416,3.9858828154504695,0.2093715757593189,-0.037886796746928166
catboost,STORE0004,SKU0093,14,1345.0,0.20388308463738175,0.1806801225031982,1.0,19.587339202662747,25.856883065680375,0.20037645283658875,-0.14919926469959868
catboost,STORE0002,SKU0060,14,598.0,0.20362452826001398,0.279967913978103,1.0,8.697676278534884,10.724945952718436,0.2186832394535723,0.10116915052419975
catboost,STORE0004,SKU0024,14,1022.0,0.2029848202850287,0.199888727930087,1.0,14.817891880807096,17.11873485468437,0.2070329888375361,-0.09400064368752242
catboost,STORE0012,SKU0095,14,442.0,0.20284956092712214,0.18326696452791733,1.0,6.4042504235562845,9.111340044696922,0.1951584053721296,-0.10596300741263842
catboost,STORE0003,SKU0052,14,632.0,0.20267723637039053,0.21581195306720255,1.0,9.14942952757763,11.485209785529914,0.20622854348577296,-0.026508679501988753
catboost,STORE0012,SKU0007,14,380.0,0.20196826833090942,0.20952996650324626,1.0,5.481995854696113,7.774258725789945,0.19745604066573533,-0.029649432736196815
catboost,STORE0010,SKU0073,14,138.0,0.20188836668355498,0.22848458891974668,1.0,1.9900424715950418,2.3663275855748735,0.20759686868110355,-0.004814763187294874
catboost,STORE0011,SKU0005,14,1749.0,0.20186966521501362,0.18227500521732254,1.0,25.21928889007563,38.5485064951426,0.19543788639322393,-0.13668722946891973
catboost,STORE0005,SKU0021,14,911.0,0.2018502894868032,0.20269898003643388,1.0,13.134686694462692,15.537376411605075,0.20586116648024677,-0.050686448179033554
catboost,STORE0011,SKU0068,14,657.0,0.20180662084857082,0.20693226157596495,1.0,9.470496421250788,11.37888339488639,0.21379974086869494,-0.07390405352322599
catboost,STORE0009,SKU0087,14,419.0,0.20179431651371288,0.20907457280669736,1.0,6.039415615660407,7.138061648139299,0.21288621860394968,-0.10986490487037183
catboost,STORE0006,SKU0005,14,1530.0,0.20168006269673994,0.25558980594344904,1.0,22.040749709000863,27.360270560466766,0.23066866836330796,-0.05752439909172746
catboost,STORE0001,SKU0098,14,731.0,0.20148502879364016,0.20394370132797376,1.0,10.520396860582212,13.272318201123642,0.20551036207427203,-0.10332817379707293
catboost,STORE0008,SKU0098,14,692.0,0.20147062483824874,0.22818415069392567,1.0,9.958405170576295,12.005569847473412,0.21687097279611134,-0.06711962741837553
catboost,STORE0005,SKU0040,14,431.0,0.2013526392045984,0.27885403960688626,1.0,6.198784821227279,8.174942937422072,0.216495183399845,0.09166235587472027
catboost,STORE0013,SKU0090,14,173.0,0.20114882584062713,0.18766721515510884,1.0,2.4856247764591783,3.0357148696496927,0.20843825445219868,-0.1469591195711451
catboost,STORE0012,SKU0086,14,129.0,0.20076673948378534,0.22748307786743163,1.0,1.849922099529165,2.685976196208708,0.19089545323029963,0.058793947291126955
catboost,STORE0008,SKU0011,14,338.0,0.20044954222753145,0.19640435388315616,1.0,4.839424662350402,6.885291793207047,0.1837620400688879,0.0348974393796818
catboost,STORE0012,SKU0065,14,842.0,0.199663881895758,3.6062850510883058,1.0,12.008356325444876,18.16997245899509,0.27568673810158956,0.03823908009496499
catboost,STORE0005,SKU0012,14,1056.0,0.19887088198749914,0.2711710910840635,1.0,15.000546527057079,18.77551330094309,0.225529643800332,-0.043824436224982805
catboost,STORE0011,SKU0069,14,1593.0,0.19882013236429666,0.19650220391531742,1.0,22.622890775451758,33.08506298892811,0.2044832386116743,-0.12301780233994056
catboost,STORE0010,SKU0030,14,637.0,0.1984511825616964,0.2667208842482697,1.0,9.029528806557186,11.273922850793928,0.21166040662024055,0.07065552333746544
catboost,STORE0007,SKU0100,14,955.0,0.19819216696734154,0.24000131190323218,1.0,13.519537103843655,18.734717729837442,0.2059188518560699,-0.003836491547241811
catboost,STORE0002,SKU0102,14,1430.0,0.19717201811973217,0.26531212437310675,1.0,20.139713279372643,28.84169369143616,0.22098995056512555,-0.016551616308176333
catboost,STORE0003,SKU0033,14,1350.0,0.19697715635583463,0.17704053690854651,1.0,18.99422579145548,26.798330974147643,0.1871802364593118,-0.09817137761123933
catboost,STORE0005,SKU0062,14,300.0,0.19693786064200314,0.20232300032008937,1.0,4.2200970137572105,5.734077800301185,0.2071721675720175,-0.12943740221255795
catboost,STORE0013,SKU0097,14,535.0,0.19684632504425578,0.22057557736194336,1.0,7.522341707048346,8.683461890622295,0.2001476389784851,0.03461023671552244
catboost,STORE0012,SKU0025,14,456.0,0.1966459734891963,0.1846595014102687,1.0,6.405040279362394,7.872740123673949,0.1916838592849268,-0.062393310704342037
catboost,STORE0009,SKU0055,14,175.0,0.19642503396105093,0.32664640958247765,1.0,2.455312924513137,3.302592200958878,0.22405160672312688,0.08122606793233392
catboost,STORE0003,SKU0097,14,800.0,0.19604647128058553,0.20276739309793,1.0,11.202655501747744,14.785779299533223,0.19185906686640866,-0.004324287463792933
catboost,STORE0004,SKU0078,14,475.0,0.19589217089780872,0.23989712658697115,1.0,6.6463415126042245,8.410860477523165,0.2035991269720425,0.07313158881224267
catboost,STORE0001,SKU0100,14,1251.0,0.19558685010117652,0.2325010781281991,1.0,17.477082105469414,22.473316264186824,0.19761653512417712,0.03522992384485094
catboost,STORE0013,SKU0034,14,1377.0,0.19539989125186188,0.21480921471654812,1.0,19.21897501812956,22.820408520179054,0.20478285425619622,-0.004077667723067478
catboost,STORE0006,SKU0084,14,437.0,0.19538651903827725,0.20457909638690394,1.0,6.098850629980511,7.478144851765397,0.18950059560297824,0.04007545885376894
catboost,STORE0005,SKU0039,14,295.0,0.19533581402027594,0.24035721885775052,1.0,4.1160046525701,5.208800073656242,0.2029688799390233,0.04055890595657001
catboost,STORE0011,SKU0088,14,400.0,0.1951308398778846,0.18371690142643296,1.0,5.575166853653846,8.18726122748908,0.18736002906673457,-0.062049933699775336
catboost,STORE0008,SKU0006,14,1939.0,0.1950434865554656,0.48183133821195695,1.0,27.013522887931988,36.16095282302627,0.24785771464504933,-0.07643760222249553
catboost,STORE0005,SKU0011,14,366.0,0.194828713726896,0.22686458665323198,1.0,5.0933792302888525,6.084833589830138,0.21825329096358237,-0.057577717884035075
catboost,STORE0005,SKU0050,14,257.0,0.19456098852173068,0.24098096131926663,1.0,3.5715838607203416,4.310476353833907,0.2061379968089418,0.014994593210312442
catboost,STORE0009,SKU0027,14,1920.0,0.19426779846293682,0.2602718892163314,1.0,26.64244093205991,34.685551025923324,0.2133828087743837,0.03355391239072823
catboost,STORE0007,SKU0025,14,380.0,0.1942078321418025,0.2049911333566466,1.0,5.271355443848925,6.53921007630661,0.20041758947827454,-0.06243927988436644
catboost,STORE0011,SKU0046,14,1787.0,0.1937205975254559,0.2583297045592314,1.0,24.727050555570692,30.83891091793338,0.2137681732204591,-0.030007398667451148
catboost,STORE0002,SKU0097,14,727.0,0.19361710151146136,0.22127939383260053,1.0,10.054259485630885,12.749479089417699,0.18722922341023268,0.14046545250484843
catboost,STORE0007,SKU0045,14,912.0,0.19274774860262187,0.27360848739829907,1.0,12.55613905182794,15.706549364931648,0.21829321724972198,0.06180782937821203
catboost,STORE0003,SKU0015,14,118.0,0.19264302095820177,0.2207769047813746,1.0,1.6237054623619862,2.0588825756058724,0.18827950543658947,0.11112820648076363
catboost,STORE0011,SKU0086,14,173.0,0.19256604670101085,0.22718640519714098,1.0,2.379566148519634,2.8779767823639752,0.20886998339455662,-0.027212935814957585
catboost,STORE0007,SKU0060,14,758.0,0.19215361459293556,0.2474480256306377,1.0,10.403745704388939,12.880870579556696,0.2105792118256009,-0.06991970094166382
catboost,STORE0005,SKU0007,14,492.0,0.1920070293280556,0.21904119574411476,1.0,6.74767560210024,8.39471369662573,0.2051900953302874,-0.08675473815972715
catboost,STORE0006,SKU0073,14,173.0,0.19200662557840015,0.1903762936877699,1.0,2.3726533017902303,2.7825503701086154,0.19417711158489973,-0.06885425814498358
catboost,STORE0004,SKU0034,14,3135.0,0.19193349909626145,0.19677810657688619,1.0,42.97939426191283,55.301448595499835,0.19271438350603395,-0.08232320216542033
catboost,STORE0004,SKU0032,14,1320.0,0.1918878296864805,0.2239959349467306,1.0,18.092281084725304,22.56959895350441,0.20068004952583868,-0.006545476624650886
catboost,STORE0009,SKU0066,14,434.0,0.19149445685170338,0.18678449490147614,1.0,5.936328162402805,7.997598560801461,0.18711190873334788,-0.07375333237804872
catboost,STORE0003,SKU0006,14,1310.0,0.19145552295604756,0.21085342460788992,1.0,17.914766790887306,22.268006364458724,0.20077030436041382,0.006304125060173737
catboost,STORE0004,SKU0061,14,1480.0,0.19130277499637457,0.19062147593401488,1.0,20.223436213902456,24.995290155514628,0.1852705468899822,0.0020938592845218397
catboost,STORE0003,SKU0046,14,1266.0,0.1911370212233715,0.21787455148206905,1.0,17.284247776342024,26.778217847987335,0.1837766256785043,0.04481207803958829
catboost,STORE0003,SKU0010,14,419.0,0.19073451832632793,0.19395872713192452,1.0,5.708411655623672,6.5937600481129905,0.19679532829778648,-0.08423741814150058
catboost,STORE0012,SKU0035,14,2425.0,0.19067837705739982,0.19411573467485835,1.0,33.028218883156754,37.39765718041495,0.18728717788205868,0.022165299226726675
catboost,STORE0010,SKU0001,14,1348.0,0.19061821108140575,0.2198993479951914,1.0,18.35381060983821,24.213287229116027,0.18531412845516054,0.08785426844597553
catboost,STORE0001,SKU0030,14,738.0,0.18969793596771534,0.20737879178955695,1.0,9.999791196012422,11.34193882332483,0.1848474382434642,0.12163600282219711
catboost,STORE0006,SKU0052,14,965.0,0.18921580835483542,0.19649483108211058,1.0,13.042375361601156,17.30453391299348,0.18891145708858023,-0.0519286115964775
catboost,STORE0011,SKU0054,14,1640.0,0.18908669858906785,0.21621908980428278,1.0,22.15015612043366,27.48607718176686,0.20225832430061702,-0.03615681156381462
catboost,STORE0010,SKU0069,14,1248.0,0.1888464301078971,0.28596798904329085,1.0,16.834310341046827,23.313703737230785,0.2125166474036805,0.03768637416868421
catboost,STORE0007,SKU0081,14,810.0,0.1886720664340031,0.1759409240002592,1.0,10.916026700824466,14.454123080093298,0.1924628837743965,-0.12379414558063564
catboost,STORE0002,SKU0048,14,890.0,0.18818326544923464,0.19627287531660695,1.0,11.963079017844203,15.4562743653088,0.19194514038181193,-0.08450538697602372
catboost,STORE0012,SKU0032,14,1098.0,0.1877418285170766,0.21720072899230378,1.0,14.724323407982151,17.98984176859601,0.1891819539916686,0.08517469304799334
catboost,STORE0005,SKU0102,14,2057.0,0.18755815245437996,0.21228629416064848,1.0,27.557651399904255,33.188520887325296,0.20301231938683265,-0.046589556856539455
catboost,STORE0001,SKU0062,14,308.0,0.18720298694186402,0.17743312285226456,1.0,4.118465712721009,4.903404898172465,0.19507535605357126,-0.13570285021482328
catboost,STORE0013,SKU0017,14,772.0,0.18680879953662663,0.7972327036884765,1.0,10.301170945876839,15.527126322371634,0.23278912656632483,0.0618445028529331
catboost,STORE0003,SKU0005,14,1159.0,0.18665035150100698,0.1924956733943704,1.0,15.451982670690507,17.954664208697398,0.19901849253441015,-0.07105386807055554
catboost,STORE0004,SKU0033,14,1635.0,0.18664000825748064,0.18637969205179136,1.0,21.796886678641492,27.143825497554374,0.18564249517838674,-0.041232704860074305
catboost,STORE0011,SKU0101,14,290.0,0.18600398786611708,0.19367918212776775,1.0,3.8529397486552823,4.950775418358271,0.18404487118150437,-0.005305382508921803
catboost,STORE0006,SKU0032,14,1432.0,0.18568809504288877,0.17622823063343004,1.0,18.99323943581548,23.88177239687392,0.1909480604266093,-0.12265156811395471
catboost,STORE0010,SKU0095,14,461.0,0.185642332165632,0.29477281389519977,1.0,6.1129367948825974,8.160907668501933,0.21043310137867596,-0.005661262705917612
catboost,STORE0010,SKU0028,14,1787.0,0.1850749332895558,0.1786837576185038,1.0,23.623493270602584,29.971254411592803,0.18415971872687414,-0.07300594168834251
catboost,STORE0013,SKU0102,14,928.0,0.18505239806767565,0.1945771150272366,1.0,12.266330386200213,14.663758967675685,0.1837678476379225,0.005918778885044069
catboost,STORE0001,SKU0008,14,422.0,0.18216847476401674,0.17549203462961352,1.0,5.491078310743933,7.051665606704457,0.1769772573549493,-0.04851890205189007
catboost,STORE0006,SKU0009,14,920.0,0.1821513554240332,0.20019082558935697,1.0,11.969946213579325,16.806245336884515,0.19014074910706036,-0.0770376197703533
catboost,STORE0008,SKU0041,14,1837.0,0.18149322432343215,0.18967751216964585,1.0,23.814503791581778,28.66572507777385,0.19072638191714808,-0.04681929410843604
catboost,STORE0004,SKU0085,14,1270.0,0.18065806309502994,0.21898743568008336,1.0,16.388267152192,18.64627583557247,0.2070562757131263,-0.02029164344922712
catboost,STORE0008,SKU0042,14,281.0,0.1800571390951474,0.1917610480286604,1.0,3.61400400612403,4.448905854469399,0.18323417741520837,-0.034092444464855105
catboost,STORE0010,SKU0102,14,1666.0,0.17939720115590221,0.1851016074658536,1.0,21.348266937552363,31.58476235990733,0.17082055736757537,-0.006678375757919718
catboost,STORE0007,SKU0011,14,253.0,0.1792020831520663,0.19976899007692972,1.0,3.2384376455337693,3.8532113183183747,0.1861302942396912,0.002525845909454261
catboost,STORE0013,SKU0057,14,648.0,0.1783042338145159,0.20473830356571643,1.0,8.25293882227188,9.689197582524136,0.18018390403125775,0.09131786769301983
catboost,STORE0009,SKU0065,14,898.0,0.1782177552673029,0.1839207170769735,1.0,11.431396016431288,14.95940736585236,0.16712828842144897,0.09599326251985926
catboost,STORE0007,SKU0004,14,991.0,0.17804936253574155,0.24331450428872675,1.0,12.603351305208562,17.10245904780323,0.1945472223439873,0.054891024728321004
catboost,STORE0012,SKU0002,14,1021.0,0.17780517436486773,0.1797710668736537,1.0,12.967077359037855,18.032612036221774,0.18289385257197696,-0.08729099062972921
catboost,STORE0007,SKU0072,14,375.0,0.17761057441983014,0.21957742917218587,1.0,4.757426100531164,6.492168269839893,0.18066484171768635,0.06652473551188848
catboost,STORE0002,SKU0058,14,1066.0,0.17759292440377766,0.23598317615764794,1.0,13.522432672459072,19.92951178694405,0.19203444479673284,-0.0037298229781807506
catboost,STORE0005,SKU0027,14,2564.0,0.1774892318364483,0.18378795844302714,1.0,32.5058850306181,42.314277558708454,0.1821402242359324,-0.08392961127648996
catboost,STORE0013,SKU0096,14,753.0,0.17745935518899783,0.2094391574710067,1.0,9.544778175522525,11.076826569539291,0.1875408419536316,0.01629731403654923
catboost,STORE0008,SKU0020,14,909.0,0.17708365205737683,0.17312397834429866,1.0,11.497788551439681,14.239429668478069,0.18125254420780074,-0.11144480570997176
catboost,STORE0007,SKU0075,14,417.0,0.1769540468798266,0.17746766373093853,1.0,5.270702682063407,5.959867863382489,0.18528064425933027,-0.09800493772348556
catboost,STORE0005,SKU0014,14,832.0,0.1763843393373285,0.19870551031420755,1.0,10.482269309189807,12.598769200747265,0.1797905815359542,0.04613026844302565
catboost,STORE0003,SKU0007,14,352.0,0.17623892330155624,0.15812346173159658,1.0,4.431150071581986,6.3783214426735,0.1754957059609402,-0.11539070476135152
catboost,STORE0004,SKU0009,14,911.0,0.17611100968128898,0.19623116408837885,1.0,11.459794987118162,13.848628030315478,0.17956076227627252,0.02994567948383622
catboost,STORE0011,SKU0087,14,463.0,0.17580929017782868,0.22779979929389121,1.0,5.814264382309619,7.319504370816926,0.1924822623261811,0.025963479940272798
catboost,STORE0004,SKU0062,14,293.0,0.1753564093101284,0.16466359696214275,1.0,3.66995913770483,4.5419782380780696,0.17410996742121845,-0.07760539090590904
catboost,STORE0007,SKU0062,14,196.0,0.17523230941365506,0.208716508385525,1.0,2.4532523317911705,3.1557683415433466,0.1815905429025589,0.034423467321326694
catboost,STORE0004,SKU0040,14,515.0,0.17463584594192985,0.35182214824931973,1.0,6.424104332863848,8.066191421666133,0.23640960317104,0.03306150531793802
catboost,STORE0012,SKU0061,14,1301.0,0.17459936042817917,0.16443729745763963,1.0,16.225269136932933,21.63399917556714,0.17259017318050981,-0.0825522269954062
catboost,STORE0005,SKU0064,14,1440.0,0.1740870276127812,0.19216659128440833,1.0,17.906094268743207,23.587689867968898,0.17960498925017987,-0.04132465231824338
catboost,STORE0003,SKU0100,14,1105.0,0.17394285273149726,0.1703089060200039,1.0,13.729060876307463,16.08215686192767,0.1790100674982469,-0.1102209318817857
catboost,STORE0007,SKU0023,14,1017.0,0.1739292087537514,0.16409837689580437,1.0,12.634714664468941,16.77741327772931,0.17528444185296888,-0.10764060610073542
catboost,STORE0008,SKU0013,14,1894.0,0.17345074906865318,0.21317605265112477,1.0,23.465408481144937,38.28022840755249,0.18140204045286398,0.008998986366486888
catboost,STORE0003,SKU0012,14,762.0,0.17257911778531856,0.16105551235750587,1.0,9.393234839458055,12.550879250024073,0.1794782614305373,-0.15005790654033893
catboost,STORE0006,SKU0045,14,1420.0,0.17217499055865587,0.1832114083733875,1.0,17.46346332809224,22.614365925174297,0.17941282590396276,-0.06342918656877948
catboost,STORE0011,SKU0078,14,447.0,0.17173486520977216,0.199131497616041,1.0,5.483248910626297,6.425756116041252,0.17666691031480264,0.08557084149871291
catboost,STORE0003,SKU0073,14,120.0,0.16919127950723223,0.16610901886928814,1.0,1.4502109672048478,2.0604946414341923,0.16859071455747884,-0.05517683550082383
catboost,STORE0013,SKU0009,14,401.0,0.16914896199141888,0.18325529624803977,1.0,4.844909554182784,6.384483785223597,0.16649106889232732,0.04455296924679878
catboost,STORE0011,SKU0036,14,745.0,0.16901473446741638,0.22586441366137983,1.0,8.993998369873228,11.722599835685598,0.18888596322258674,0.01017146721052133
catboost,STORE0006,SKU0041,14,1818.0,0.1686692875986817,0.1819259980129742,1.0,21.90291177531452,25.57507051425731,0.17667098730690065,-0.0399093105846955
catboost,STORE0009,SKU0097,14,932.0,0.16862305078891338,0.17336816057096718,1.0,11.225477381090519,13.904255827004905,0.1606329847155911,0.08719636853307708
catboost,STORE0003,SKU0049,14,525.0,0.1680641652793192,0.1923570534606775,1.0,6.30240619797447,7.672246407461883,0.17982424048939297,-0.05730009146079651
catboost,STORE0010,SKU0025,14,401.0,0.1675217434686831,0.20591376024110228,1.0,4.798301366495851,6.483665907933715,0.17254703893130455,0.09214927199252071
catboost,STORE0009,SKU0052,14,809.0,0.1667580538659634,0.1570393640865094,1.0,9.636233255540315,12.207278972344984,0.16655971537337919,-0.08254958653849528
catboost,STORE0005,SKU0098,14,711.0,0.1667005689241672,0.20197588740298006,1.0,8.466007464648778,12.498325647174289,0.17555401804143486,0.04461421340606344
catboost,STORE0012,SKU0075,14,499.0,0.16651874406207254,0.17973844528536695,1.0,5.935203806212442,7.724581617631875,0.17573582021526574,-0.050823312864124094
catboost,STORE0010,SKU0086,14,146.0,0.1662983215631543,0.1531524967357231,1.0,1.734253924872895,2.3526983681523332,0.16692711322096176,-0.11717297599628566
catboost,STORE0003,SKU0087,14,310.0,0.16582888707892396,0.3211727965928432,1.0,3.6719253567476016,5.413480292355891,0.19818358086348287,-0.029309633039897157
catboost,STORE0003,SKU0062,14,199.0,0.16513164282755352,0.16408827573090953,1.0,2.347228351620225,3.0407637229161306,0.15938729239405844,-0.004268595480521203
catboost,STORE0003,SKU0001,14,1181.0,0.16448533075668176,0.17562137265043296,1.0,13.875512544545797,16.008756656585675,0.1647703688584817,0.03461936425558325
catboost,STORE0006,SKU0013,14,1958.0,0.1639388788384212,0.15331786674743972,1.0,22.92802319754491,31.93582805389747,0.15572428176004505,-0.02854134682202755
catboost,STORE0012,SKU0098,14,579.0,0.1637678516449416,0.15707785006454975,1.0,6.772970435887227,8.748516589592123,0.16513106520597848,-0.06891621646352694
catboost,STORE0004,SKU0096,14,1579.0,0.16344975047658142,0.1478828564155997,1.0,18.434796857323004,28.11826701247412,0.1635409942046717,-0.13171979747473025
catboost,STORE0013,SKU0015,14,98.0,0.16324484380472437,0.14722752164040087,1.0,1.1427139066330707,1.6185570408826853,0.16152934411360284,-0.10240702820605091
catboost,STORE0008,SKU0078,14,541.0,0.16322252435739393,0.15723482014854404,1.0,6.307384691239294,7.355070373903384,0.1663674756428187,-0.08462067457817692
catboost,STORE0002,SKU0054,14,1097.0,0.16286885871930784,0.19770653889727466,1.0,12.761938429648621,16.870440866407364,0.17161305768735785,0.05291507137267215
catboost,STORE0010,SKU0050,14,236.0,0.16161684269099305,0.15418997324297926,1.0,2.7243982053624545,3.6905915211238938,0.15527422833916502,-0.019703125783351854
catboost,STORE0007,SKU0002,14,756.0,0.16129592170788856,0.17479020914065918,1.0,8.709979772225983,9.890732469226224,0.16751358210341474,-0.02960458624507955
catboost,STORE0006,SKU0067,14,557.0,0.1600023987273027,0.185270446057027,1.0,6.365809720793401,8.233995535362714,0.16518202093102471,0.025886445725079525
catboost,STORE0003,SKU0101,14,211.0,0.15560922260935325,0.15593284239195906,1.0,2.345253283612396,2.875958631411744,0.16839595210950686,-0.08167222225378531
catboost,STORE0010,SKU0006,14,1503.0,0.15512991734955006,0.5830387346220115,1.0,16.65430469831241,27.78546362138166,0.20088023136238653,0.011651784366201672
catboost,STORE0010,SKU0055,14,213.0,0.15426376255238597,0.15579084688439374,1.0,2.347012958832729,2.6648870909725964,0.16255133845204098,-0.1029425626745457
catboost,STORE0001,SKU0056,14,420.0,0.15411934069160282,0.1754710802265913,1.0,4.623580220748084,6.23832076951194,0.1634332000986521,-0.0005741829447354585
catboost,STORE0005,SKU0091,14,329.0,0.15404041505563812,0.144854542591247,1.0,3.6199497538074956,4.3254930039916095,0.15419456629859227,-0.053466877322076924
catboost,STORE0008,SKU0066,14,465.0,0.15387245340302577,0.16440720530319589,1.0,5.110763630886213,6.463255383127981,0.15431203698311655,0.03602921226097296
catboost,STORE0011,SKU0004,14,1501.0,0.15308677785393732,0.14340458524232041,1.0,16.41308953991142,22.142151689644482,0.1517950674300221,-0.0894925189223542
catboost,STORE0010,SKU0063,14,942.0,0.15306152052803398,0.17256988407817508,1.0,10.298853738386287,13.974773281607103,0.16253374777784343,-0.04123037961912272
catboost,STORE0003,SKU0028,14,1445.0,0.1527340961474555,0.146303120595535,1.0,15.764340638076659,19.189916369472094,0.1561421093959193,-0.09329753348352719
catboost,STORE0002,SKU0069,14,1055.0,0.15267146283265173,0.16108440672004978,1.0,11.504885234889112,18.54040819555566,0.14833203188349636,0.03477357111629927
catboost,STORE0006,SKU0060,14,986.0,0.15266579334073596,0.14901365013894644,1.0,10.752033730997548,12.880858449619732,0.1548506237706995,-0.07005400644756743
catboost,STORE0010,SKU0056,14,374.0,0.1512555292986105,0.16588210357396552,1.0,4.040683425548595,5.179216725333895,0.15590105614261168,0.011096227943016313
catboost,STORE0009,SKU0050,14,233.0,0.1510624821770491,0.1467773813366607,1.0,2.5141113105180315,2.9959556446221347,0.14929083178889924,-0.028204678190230686
catboost,STORE0002,SKU0027,14,1812.0,0.15002252525296345,0.17301893901901835,1.0,19.417201125597842,23.61129428777124,0.17391638821950006,-0.053441464122743934
catboost,STORE0003,SKU0025,14,350.0,0.1488544240049271,0.16589289708114188,1.0,3.721360600123177,4.3834758223157175,0.14908217278721117,0.08976534928428344
catboost,STORE0009,SKU0008,14,367.0,0.1487965412660489,0.1641865737151758,1.0,3.900595046045711,5.069731831872657,0.1533525917818588,-0.040366447024326756
catboost,STORE0004,SKU0097,14,1146.0,0.14574376239961495,0.16572926536251611,1.0,11.930167979282768,16.764793593441738,0.15394700381468,-0.03190128530228011
catboost,STORE0012,SKU0044,14,1271.0,0.14538824490199287,0.13517006101288703,1.0,13.199175662173783,18.355896475631805,0.14323258727926985,-0.08124760615222079
catboost,STORE0012,SKU0033,14,1467.0,0.14444607471699353,0.1413077482477286,1.0,15.135885114987824,18.32433001181529,0.14663623679387167,-0.0674113665750352
catboost,STORE0006,SKU0064,14,1484.0,0.14250018103015424,0.14848539310770112,1.0,15.105019189196351,18.393918251462974,0.14009803088114042,0.03670509043342054
catboost,STORE0003,SKU0099,14,1227.0,0.14240936593131923,0.13502371522336304,1.0,12.481163714123479,16.08956986546296,0.13469681682368842,-0.018291158233488224
catboost,STORE0012,SKU0085,14,1133.0,0.14117782132289156,0.16385371921790376,1.0,11.425319397059724,15.36361574276034,0.14838227390278735,0.03340662531519711
catboost,STORE0008,SKU0083,14,1555.0,0.13492667743683048,0.12093133897754514,1.0,14.9864988153051,19.643766241551912,0.1316828019518822,-0.10129375667549885
catboost,STORE0001,SKU0033,14,1816.0,0.1325783497780329,0.11450154532997417,1.0,17.197305942636266,26.37527197007639,0.12139065048752622,-0.06034669978886387
catboost,STORE0010,SKU0090,14,267.0,0.13121865843607444,0.12284236060215324,1.0,2.502527271602277,3.293716147778063,0.13064662788267095,-0.07796442893745278
catboost,STORE0010,SKU0045,14,1099.0,0.12518645698041136,0.23040964707482295,1.0,9.827136872962294,14.6785243958814,0.1526992669099705,0.04950037128632239
tide,STORE0002,SKU0086,14,104.0,0.6717203087297078,1.1720887752790037,1.0,4.989922293420686,6.790112017781212,0.5743366396090458,0.35355660873618555
tide,STORE0005,SKU0086,14,135.0,0.6018089521148092,0.5485693896143414,0.9285714285714286,5.80315775253566,8.21297254320607,0.5289673209952007,0.38391110086370084
tide,STORE0002,SKU0063,14,529.0,0.5602406102215771,0.9913870150670606,1.0,21.169091629086733,27.952367399238057,0.47182363139472766,0.2951370284142885
tide,STORE0013,SKU0071,14,195.0,0.5396908898871713,0.9028021002155374,1.0,7.5171231091427435,8.372240228030112,0.5177743930874782,0.29794915045755876
tide,STORE0001,SKU0019,14,244.0,0.5326371917128787,0.571143731546967,0.9285714285714286,9.2831053412816,12.367096138563527,0.5233906397272575,0.2425055927229427
tide,STORE0007,SKU0084,14,196.0,0.5293134231195671,1.3524348739277394,1.0,7.410387923673939,9.375994234498663,0.49134687365360924,0.4267735896338363
tide,STORE0007,SKU0101,14,165.0,0.5270359256198005,2.05764425215931,1.0,6.211494837661935,8.286261740979594,0.5687896135049341,0.28622200586068475
tide,STORE0010,SKU0098,14,456.0,0.5263025326039659,2.043953146800775,1.0,17.14242534767203,21.02235160088147,0.597739916606152,0.31200892396399943
tide,STORE0009,SKU0069,14,1072.0,0.5211971783470905,0.639976029167781,1.0,39.90881251343435,51.827721306989986,0.4404990232363722,0.23057092154420047
tide,STORE0011,SKU0023,14,964.0,0.5180931995157254,1.0516702291959121,1.0,35.67441745236852,46.53591632666805,0.5006947845869769,0.23221683862196563
tide,STORE0012,SKU0091,14,223.0,0.5082912279769591,0.6923794095296127,1.0,8.096353131347277,10.071693260537568,0.4628023176497663,0.3586141747266545
tide,STORE0013,SKU0086,14,87.0,0.5051192093051913,0.5291245028579554,1.0,3.1389550863965456,3.5951031949808527,0.5327470183744568,0.20646130561614648
tide,STORE0008,SKU0043,14,765.0,0.5050139464225052,4.391787942780653,1.0,27.595404929515464,35.80231619122893,0.5634362105027384,0.16665456516797608
tide,STORE0006,SKU0063,14,749.0,0.4990931725378,0.8803837066924594,1.0,26.7014847307723,35.03604014309903,0.4643873925489558,0.16267261151805065
tide,STORE0002,SKU0016,14,271.0,0.49235477044343845,1.9404620422071897,1.0,9.530581627869415,11.969225336467082,0.4946727703272975,0.1877581402229005
tide,STORE0006,SKU0095,14,373.0,0.4881775951019231,1.2889924539707156,1.0,13.006445926644094,15.705966896370379,0.5007401539264219,0.26564985152132436
tide,STORE0005,SKU0013,14,1453.0,0.48596436464424353,2.0897872036719463,1.0,50.43615870200613,70.09814404137153,0.5069436131791756,0.20072187062603306
tide,STORE0002,SKU0066,14,253.0,0.48116091375710507,2.7711240404495525,1.0,8.695265084324827,11.141274057660429,0.5171565054768495,0.3812249900634711
tide,STORE0005,SKU0045,14,985.0,0.4766325108113591,0.7064545329838668,1.0,33.53450165351348,44.36140297437049,0.42556956967190057,0.3485283247584596
tide,STORE0003,SKU0060,14,634.0,0.4695441701969154,0.7772696358769794,1.0,21.263643136060313,24.499572682746688,0.5045749448790953,0.004898154511125729
tide,STORE0010,SKU0076,14,354.0,0.4694534429793396,1.7778766523764489,1.0,11.870465629620444,14.588680284487776,0.48361496865422265,0.19198166300690053
tide,STORE0007,SKU0080,14,717.0,0.46042113925258354,0.6942635008344862,0.9285714285714286,23.580139774578743,31.534510865901844,0.5107911915393499,0.2664513521759187
tide,STORE0013,SKU0002,14,399.0,0.4586028293821781,0.994583613929101,1.0,13.070180637392076,15.661423620684511,0.46158408141962354,0.22327642749996313
tide,STORE0006,SKU0091,14,294.0,0.45746821109069835,0.60392017369457,1.0,9.606832432904666,12.29141141206819,0.4348446902828314,0.04513850107025339
tide,STORE0007,SKU0039,14,183.0,0.45317585222618456,1.7540241857429444,1.0,5.923655782670841,6.8591658579071115,0.5118131705626483,0.12476531276557182
tide,STORE0009,SKU0016,14,347.0,0.45064661110802257,1.3686269958346948,1.0,11.169598146748845,14.59967447269134,0.47716088492873887,0.09858244133945218
tide,STORE0006,SKU0034,14,2432.0,0.45055008215487646,0.9557035170087131,1.0,78.26698570004712,94.26275004508312,0.4617719295791068,0.09365283930013016
tide,STORE0008,SKU0059,14,364.0,0.4482571596187667,0.4510107109593221,0.9285714285714286,11.654686150087935,13.381928414054842,0.4884613663850291,0.16679929169770252
tide,STORE0008,SKU0029,14,460.0,0.44722294685053304,1.2906210922533354,1.0,14.694468253660371,18.812013860409685,0.4715334329688891,0.31092619063326454
tide,STORE0002,SKU0023,14,801.0,0.4471715758633109,0.679339110552867,1.0,25.58460230475086,34.71324785410382,0.41804005933054095,0.17142884813228199
tide,STORE0011,SKU0055,14,192.0,0.4443500897429755,0.7070999805048176,0.8571428571428571,6.093944087903664,8.460447199608026,0.5513942711221081,0.22566617892904572
tide,STORE0011,SKU0098,14,576.0,0.4434540024982781,1.9396171644557785,1.0,18.24496467421487,22.8032717806997,0.47261266166590205,0.12087513446963803
tide,STORE0005,SKU0073,14,127.0,0.44244044373119407,0.48353259739077986,0.9285714285714286,4.013566882418689,5.535850341239753,0.45048819486037633,0.2896109189733247
tide,STORE0009,SKU0032,14,997.0,0.4413908989689148,1.9421728310029933,1.0,31.433337590857718,47.07827213788077,0.5056057726197956,0.09521934057500149
tide,STORE0007,SKU0097,14,650.0,0.4408207376007241,4.8862556225090445,1.0,20.466677102890763,27.70198242348003,0.4952462053458674,0.053619561599868235
tide,STORE0008,SKU0047,14,1012.0,0.4392490587394386,0.5696343382215143,1.0,31.75143196030799,36.01968628703724,0.4024881054240269,0.31844411506143205
tide,STORE0001,SKU0024,14,665.0,0.43609211453576774,1.7879579903876426,1.0,20.71437544044897,26.03551950031093,0.47814818318722363,0.2497348505363793
tide,STORE0007,SKU0049,14,502.0,0.43510763362376853,0.5783443204430071,1.0,15.601716577080841,16.612983963874896,0.43512340900329666,0.14433922923134956
tide,STORE0004,SKU0076,14,386.0,0.43453920597894835,0.5854472357581486,1.0,11.980866679133863,13.59527085470671,0.42300797367002924,0.24720105527116476
tide,STORE0001,SKU0092,14,1319.0,0.4336751309294696,0.6843492390879616,0.9285714285714286,40.85839269256932,49.55222935228391,0.5071009006102958,0.07796792165742877
tide,STORE0007,SKU0061,14,794.0,0.429475378403892,1.0092017142538,1.0,24.357389318049304,31.207596995593843,0.4457710086294328,0.3487556666799041
tide,STORE0006,SKU0046,14,1571.0,0.4286308578695605,0.6975504337982142,1.0,48.098505550934256,59.63636586848582,0.4448247984725602,0.09926289890017269
tide,STORE0001,SKU0020,14,665.0,0.4269841101939509,0.9447606861613874,1.0,20.281745234212668,23.91968367758083,0.4479627276781378,0.15308024166023057
tide,STORE0004,SKU0051,14,970.0,0.4256247687821567,1.472986268482187,1.0,29.489716122763717,38.826075445650375,0.48243834734829827,0.18222491572730398
tide,STORE0011,SKU0035,14,2625.0,0.42305849386571964,0.7466742683403839,1.0,79.32346759982242,90.20393767725001,0.48486896023403137,-0.06347683628076224
tide,STORE0005,SKU0084,14,296.0,0.4216812559454017,1.1856934097972114,1.0,8.915546554274206,11.448213754902815,0.45683526108063993,0.28980310336123494
tide,STORE0002,SKU0015,14,102.0,0.4204313545014731,1.1534875587797655,1.0,3.06314272565359,4.018176649147695,0.44769699101510024,0.3215533832594011
tide,STORE0007,SKU0043,14,512.0,0.41984706069766375,0.7426278212690324,1.0,15.354406791228845,22.283883170088036,0.39355215006161826,0.255682838526528
tide,STORE0011,SKU0039,14,264.0,0.4194341264819808,1.696311043255665,1.0,7.909329242231638,8.776258566590839,0.4793135242531402,0.0801890179658138
tide,STORE0009,SKU0099,14,1318.0,0.4181937768241014,0.8886802079006112,1.0,39.369956989583265,46.39231929703743,0.48378973201377073,0.1250011715264937
tide,STORE0003,SKU0008,14,243.0,0.4155785644962865,0.6459728996564363,1.0,7.213256512328401,8.215010820936925,0.43005083462240734,0.12290756845972126
tide,STORE0010,SKU0100,14,1076.0,0.4145567974810795,0.6831729084473547,1.0,31.86165100640297,37.901170951350316,0.45508320771895655,-0.0028940093192110815
tide,STORE0009,SKU0057,14,986.0,0.4144486046029611,0.9611812345989693,0.9285714285714286,29.189023152751407,37.79035406193373,0.48148835085194863,0.2035034095655538
tide,STORE0007,SKU0055,14,138.0,0.40939400453508806,0.7142912941662055,1.0,4.035455187560154,4.883590801058093,0.42133522992380473,0.2161469057054008
tide,STORE0007,SKU0027,14,1769.0,0.40803451787221773,1.288727510360577,1.0,51.558075865425224,62.09571781290246,0.4725785478208297,-0.11961383502706353
tide,STORE0007,SKU0066,14,279.0,0.40758897060723387,0.7269090379486812,1.0,8.12266591424416,10.025140928324833,0.4159370335119614,0.28875711961779954
tide,STORE0013,SKU0006,14,938.0,0.4058597428206474,0.5604585460062694,1.0,27.192602768983374,33.2988011699924,0.42100386719855615,0.005264687273176381
tide,STORE0009,SKU0019,14,230.0,0.40529217219212144,0.6713409888618684,1.0,6.658371400299138,7.452805548389625,0.4575881738272155,0.14276701049761012
tide,STORE0001,SKU0058,14,1284.0,0.40342441681278407,1.374011156423416,1.0,36.999782227686765,47.38615631240594,0.48115487759053466,0.15663187534220488
tide,STORE0003,SKU0019,14,186.0,0.40302535404178097,0.5019457793660517,1.0,5.3544797036979475,7.510220123238494,0.3610724052478721,0.28596366345059554
tide,STORE0003,SKU0031,14,713.0,0.40297752851435636,0.4996115274830889,1.0,20.52306984505258,27.38641024479322,0.3814664011266622,0.020715030795126665
tide,STORE0003,SKU0050,14,170.0,0.4029436111891477,0.86121937676236,1.0,4.892886707296793,6.492455380594041,0.42751205526431196,0.24170244969940258
tide,STORE0009,SKU0058,14,1123.0,0.40205011719226236,2.726078280738676,1.0,32.25016297192219,40.47391002166285,0.462583110682029,0.08820618049071734
tide,STORE0008,SKU0007,14,374.0,0.4000553948943286,2.34392768965547,1.0,10.687194120748492,12.787449153491512,0.4627019716715024,0.10314702950854167
tide,STORE0009,SKU0015,14,147.0,0.3989787250462398,1.138524298635166,1.0,4.189276612985518,4.936453576031023,0.4469561555990304,0.041855296450600495
tide,STORE0006,SKU0081,14,946.0,0.3971372063264995,0.5898700355600054,1.0,26.835128370347753,32.84602861149783,0.40591477710027457,0.09566698916369429
tide,STORE0002,SKU0038,14,1030.0,0.3962209961545567,0.696708858194534,1.0,29.150544717085243,34.294918860512716,0.41191409801966916,0.1302536026788172
tide,STORE0006,SKU0017,14,1393.0,0.3941061499726256,1.6826412483295428,1.0,39.21356192227625,49.202829452917754,0.44672501240732004,0.1950116664919164
tide,STORE0003,SKU0086,14,117.0,0.3920367386646779,0.9588096692337574,1.0,3.276307030269094,4.5329986304249985,0.4302154198701368,0.19058819711860153
tide,STORE0013,SKU0025,14,206.0,0.3898480029925921,0.7274429755269723,1.0,5.736334901176712,7.591933250536992,0.38763519834887417,0.2615357763129672
tide,STORE0001,SKU0016,14,404.0,0.38916750240235165,0.7462410881519723,1.0,11.230262212182149,13.268253907079574,0.4507227826203709,0.05242142510798911
tide,STORE0010,SKU0040,14,367.0,0.388774962309663,3.5131958210168177,1.0,10.191457940546167,15.462285401256405,0.372726564750011,0.2573171076394099
tide,STORE0005,SKU0075,14,553.0,0.3886565624706903,0.38432025677675136,0.9285714285714286,15.351934217592268,17.90204692398792,0.4660083277508343,-0.014982570934423197
tide,STORE0001,SKU0101,14,287.0,0.3872741514452714,0.5888179662948347,1.0,7.939120104628063,9.689769216719215,0.4202510059555534,0.02671829601549592
tide,STORE0001,SKU0043,14,718.0,0.3866482412718413,0.46728109026029724,1.0,19.829531230941573,30.33938110942442,0.3134604147115729,0.2611402808643652
tide,STORE0001,SKU0066,14,429.0,0.38646631965710443,0.889808708123902,1.0,11.842432223778415,13.984578861838806,0.42641214236432745,0.13613376372044286
tide,STORE0004,SKU0029,14,525.0,0.38629404574465215,1.6267582331153478,1.0,14.486026715424456,17.441169289310064,0.40777664279203935,0.17567549545039285
tide,STORE0002,SKU0062,14,188.0,0.3858287211444674,1.5196120820679475,1.0,5.181128541082848,6.562420539681556,0.4276595741353496,0.08336404331171884
tide,STORE0002,SKU0031,14,646.0,0.3854543152104549,1.227399634688497,1.0,17.78596340185385,22.16080373999772,0.45527949907039394,0.19113672481829794
tide,STORE0005,SKU0101,14,261.0,0.3853390561120331,1.157068856814764,1.0,7.183820974660046,9.032039947334255,0.46541835313839064,0.0438053626155388
tide,STORE0008,SKU0101,14,243.0,0.38524060566856094,0.8723600946437109,1.0,6.686676226961451,8.330127818433697,0.43394941337511217,0.1453054104343822
tide,STORE0005,SKU0019,14,248.0,0.3848073201446461,1.0091081512769076,1.0,6.816586813990874,11.29962292801022,0.3894560093142797,0.23016962355821377
tide,STORE0007,SKU0036,14,496.0,0.38432128520498254,0.8313792729611241,1.0,13.615954104405095,16.23621413522557,0.44124273964386357,0.043277957457664926
tide,STORE0002,SKU0099,14,1098.0,0.38411980484713854,0.9611572290472054,1.0,30.125967551582722,46.097821939831306,0.36732775550213986,0.03693860802056581
tide,STORE0008,SKU0035,14,2593.0,0.38251779269086883,1.8530733888411703,1.0,70.84775974624449,84.04274071277945,0.4305267077064448,0.0017041380465457748
tide,STORE0007,SKU0053,14,352.0,0.38182824012166916,1.4557197652318534,1.0,9.600252894487681,12.352283294390729,0.44351624003859547,0.010152849608974052
tide,STORE0005,SKU0020,14,625.0,0.38038254032114915,0.5958911706434201,1.0,16.98136340719416,21.238835383123217,0.376259004720954,0.2518671162874136
tide,STORE0006,SKU0098,14,581.0,0.38015755416894365,1.1440171210006167,1.0,15.776538498011162,19.374131012905053,0.45048903181921224,0.0825208314122716
tide,STORE0010,SKU0079,14,989.0,0.3795388333846009,0.5245296376808696,1.0,26.81170758695502,29.23540510997868,0.3816868263404967,0.1251832852294949
tide,STORE0007,SKU0006,14,1090.0,0.37906732629862444,0.4507709747610262,1.0,29.513098976107187,34.67167778245647,0.3457409069892842,0.31573484345220065
tide,STORE0011,SKU0100,14,1173.0,0.37904633415781763,0.48397120766082996,1.0,31.75866785479429,35.65261387540475,0.3815411230200598,0.09112674056869959
tide,STORE0009,SKU0023,14,991.0,0.3784873324025934,0.4294624224957485,1.0,26.791496172212145,33.43727038159502,0.3538598111837299,0.07027704887086815
tide,STORE0012,SKU0086,14,129.0,0.3783358521452179,0.413565483516302,1.0,3.486094637623794,5.140600086308578,0.3107115347268951,0.24139315531955483
tide,STORE0007,SKU0050,14,161.0,0.3779604625602469,0.504192470623691,1.0,4.34654531944284,5.160715214595189,0.3551180433168834,0.2156940031305305
tide,STORE0011,SKU0020,14,659.0,0.37788846379801383,0.8964367895013119,1.0,17.78774983163508,22.589422807762617,0.4118249650679356,0.09589547047225204
tide,STORE0013,SKU0028,14,879.0,0.3770731442791567,6.083669745125714,1.0,23.674806701527054,31.11981702715216,0.44941405811952817,0.1251160564899103
tide,STORE0003,SKU0088,14,242.0,0.37546152933880833,0.9277877115176293,0.9285714285714286,6.490120721427973,8.454914889972756,0.48136162726949333,0.1326061187727068
tide,STORE0001,SKU0065,14,1009.0,0.37493284628640033,0.760603039500519,1.0,27.02194585021271,37.25213314165944,0.39330757692934937,0.02219424523160596
tide,STORE0002,SKU0017,14,1063.0,0.37387008157469964,1.1693241406700423,1.0,28.387421193850408,36.82185164968605,0.4375370156137229,-0.06776008153058397
tide,STORE0005,SKU0060,14,923.0,0.3736644174811791,0.49114217568105684,1.0,24.63516123822345,29.55425086145182,0.3813176366464078,0.06629553233184166
tide,STORE0002,SKU0043,14,546.0,0.3735762332425293,0.4752380411172363,1.0,14.569473096458642,17.537296416321404,0.3563034282746673,0.31138980348
tide,STORE0008,SKU0031,14,917.0,0.3726802049628971,0.8490951155442323,1.0,24.41055342506976,30.249615594331814,0.43568308646475273,0.09617851366686564
tide,STORE0008,SKU0051,14,1030.0,0.37243841969673597,1.3329393902699838,1.0,27.40082659197415,35.33601568689078,0.43034309558490547,0.10165419854409787
tide,STORE0002,SKU0087,14,272.0,0.371654910758826,0.6691857073888613,1.0,7.220723980457191,8.874965354106807,0.3885514477147126,0.20038419709870836
tide,STORE0004,SKU0068,14,562.0,0.3710327338129747,0.46222815260815325,1.0,14.894314028777984,19.51332827003811,0.3368098478813685,0.2675382340658983
tide,STORE0006,SKU0058,14,1505.0,0.3704154211036891,0.35675571249430743,0.9285714285714286,39.81965776864657,50.033488028681056,0.4532172289406761,-0.12730361582625718
tide,STORE0012,SKU0013,14,1554.0,0.369620585235557,2.8742020043475587,1.0,41.027884961146825,47.440062407934924,0.4691275117243151,-0.10556532239064181
tide,STORE0010,SKU0017,14,1321.0,0.36943438738220025,0.6393624411496415,1.0,34.858773266563325,49.6036911036121,0.3693578666032414,-0.011651359374796054
tide,STORE0009,SKU0012,14,729.0,0.3690481574852578,1.0488719703325853,1.0,19.216864771910927,24.770928452808903,0.436644559100706,0.09879253954307424
tide,STORE0009,SKU0082,14,680.0,0.3689881691554641,1.1944811022732655,1.0,17.92228250183683,22.887741269019248,0.4113060807989774,0.1728059280713703
tide,STORE0005,SKU0016,14,417.0,0.3679489490891936,0.49361685654389736,1.0,10.959622269299553,13.288077428441655,0.3854636277544813,-0.022280417032851982
tide,STORE0005,SKU0006,14,2295.0,0.36755647631820987,0.37638386561984644,1.0,60.25300808216368,72.2828209346654,0.38352997777165504,-0.1955302417472937
tide,STORE0009,SKU0022,14,1233.0,0.3671957147828754,0.8031103745067923,1.0,32.33945116623467,38.85784859902525,0.41048454789385025,0.04470607211780065
tide,STORE0012,SKU0062,14,192.0,0.3625890016875584,0.8084266526078182,1.0,4.972649166000801,6.4371621654732625,0.3736423918162868,0.20735104076255892
tide,STORE0001,SKU0035,14,3090.0,0.3622011251076944,0.6803472584572247,1.0,79.94296261305541,105.01818200507104,0.39900610159940564,-0.11589911442994748
tide,STORE0006,SKU0033,14,1674.0,0.3611990508731006,0.6545284677838268,1.0,43.189086511540744,53.671703446708605,0.3904154553007816,0.04353965455356782
tide,STORE0011,SKU0043,14,803.0,0.36097686801404144,0.8896980149975677,1.0,20.704601786805377,25.558038222555474,0.42057931893464257,0.11349582289941765
tide,STORE0012,SKU0053,14,428.0,0.3603298783544356,0.45659563254014973,1.0,11.015799138264173,12.167963530212678,0.3664125661163432,0.053592509532626835
tide,STORE0001,SKU0001,14,1457.0,0.36001034160178846,0.573170742160251,1.0,37.466790550986126,44.45018875262213,0.37563116374877586,0.1724834208867432
tide,STORE0006,SKU0076,14,378.0,0.35936703666523645,0.6603018234886705,1.0,9.702909989961384,13.273148075801892,0.36040917709043985,0.25157193737321343
tide,STORE0009,SKU0093,14,889.0,0.3592201286935214,0.5406219939148976,1.0,22.810478172038607,26.627648339807823,0.3756357214619724,0.11365781116905657
tide,STORE0006,SKU0071,14,423.0,0.35804296500084487,0.525043405449921,1.0,10.818012442525527,13.065513846387528,0.362569189355258,0.14235649964567143
tide,STORE0002,SKU0101,14,200.0,0.3576389978173896,0.4246568193629159,1.0,5.109128540248423,5.699209033509194,0.3719931451974726,0.08056157429562631
tide,STORE0009,SKU0003,14,237.0,0.35705274131419507,0.8896633225981455,1.0,6.044392835104588,7.845444849291608,0.39279404053224887,0.21833197717735975
tide,STORE0011,SKU0058,14,1296.0,0.35620026924425124,0.7523965164916345,1.0,32.97396778146783,41.12934900244071,0.383956541100233,0.04461896567019337
tide,STORE0002,SKU0026,14,1008.0,0.35614378237904415,3.7772128351234993,1.0,25.642352331291182,35.346508769032184,0.38566498282286105,0.2126629939026322
tide,STORE0001,SKU0026,14,1585.0,0.3558439829381651,0.5646860386403619,1.0,40.286622354070836,47.30640774301511,0.385097054298773,0.0754197042192874
tide,STORE0012,SKU0001,14,1615.0,0.35580536030440735,0.6494395394951861,1.0,41.0446897779727,50.33424913663315,0.41092791731303063,-0.2176714423560068
tide,STORE0003,SKU0048,14,898.0,0.35555314114165487,0.5125984806216601,1.0,22.806194338943293,31.770562481639033,0.37616716636115605,-0.10405893327134491
tide,STORE0002,SKU0039,14,173.0,0.35494731891595255,1.272913931843211,1.0,4.38613472660427,5.649608102374771,0.409169964096305,0.15830264997581206
tide,STORE0012,SKU0043,14,719.0,0.3540070682967788,0.34337146587477646,1.0,18.180791578955997,21.866674937853794,0.3419222994611962,-0.042297575235533943
tide,STORE0002,SKU0078,14,287.0,0.35251375755331804,0.5039016254193963,1.0,7.22653202984302,8.634082461158155,0.3453548730075921,0.30093993314026557
tide,STORE0010,SKU0089,14,507.0,0.3522555993379326,1.402835660656154,1.0,12.756684918880845,17.993096338197034,0.41873827043543815,0.18158211758337908
tide,STORE0006,SKU0053,14,441.0,0.35173407732949796,0.5869215101401063,1.0,11.079623435879185,14.332664140036547,0.37690282210285136,0.04596145357812633
tide,STORE0012,SKU0097,14,907.0,0.351418698249737,0.6850018411921851,1.0,22.766911379465103,26.58132865095892,0.41020267792837933,-0.048538813110122814
tide,STORE0002,SKU0090,14,207.0,0.3513247850002101,1.324241419530754,1.0,5.194587892503106,6.278419715035806,0.38273986958278544,0.12670513883467377
tide,STORE0005,SKU0041,14,1350.0,0.3512763680814616,0.6208843414590685,1.0,33.87307835071237,49.65105710256074,0.3325480502783111,0.19859008907994746
tide,STORE0006,SKU0031,14,943.0,0.3511838653909141,0.4641584441171166,1.0,23.65474179025943,27.322318508361494,0.3581731912348513,0.08740981978622298
tide,STORE0009,SKU0010,14,379.0,0.35116315781997604,0.6318503888708785,1.0,9.50648834384078,11.928505477016515,0.3535761653196446,0.23689980945184264
tide,STORE0012,SKU0022,14,1162.0,0.3508776394473226,0.6266663389122449,1.0,29.122844074127777,35.899756185771714,0.3833004048114879,0.0861833725100706
tide,STORE0006,SKU0056,14,379.0,0.3507586864300172,1.1704387078058633,1.0,9.495538725498323,13.648536448299877,0.41097406821284876,-0.008048965164505328
tide,STORE0010,SKU0097,14,883.0,0.3503617011819935,0.8038830402897232,1.0,22.097813010264304,26.135352932226144,0.40383093585017144,0.09006015588581222
tide,STORE0001,SKU0051,14,924.0,0.3492495727845126,0.9686836788325621,1.0,23.050471803777832,27.470888704713875,0.3801142325314402,0.1340021062937606
tide,STORE0013,SKU0068,14,381.0,0.34913305848281995,0.38180905319699326,1.0,9.501406805853886,12.821296066050554,0.3586217708400167,-0.14771453402638818
tide,STORE0007,SKU0065,14,707.0,0.3486655992731632,0.3392813353277816,1.0,17.607612763294743,23.40919819893961,0.2989675577341232,0.07439892815220367
tide,STORE0007,SKU0034,14,1854.0,0.3483959107158246,0.4446001371835666,1.0,46.13757274765277,57.926256553213264,0.3433070790307006,0.05953872064248191
tide,STORE0003,SKU0070,14,996.0,0.34830105762338665,0.40619470653802087,0.9285714285714286,24.77913238520665,30.97882849779871,0.42284479017015414,0.08429281594032276
tide,STORE0013,SKU0037,14,839.0,0.3479992339212663,0.5114838828121661,1.0,20.855096947138744,25.959620198973187,0.34578892782510845,0.19445344910011478
tide,STORE0007,SKU0074,14,734.0,0.34761838213380936,0.6033047335173448,1.0,18.22513517758686,24.92895884144163,0.351179115183501,0.17695805242905857
tide,STORE0004,SKU0048,14,1242.0,0.34759808090383904,0.5647547973973707,1.0,30.836915463040576,40.00301859517148,0.3837940830714871,-0.06235177990279665
tide,STORE0011,SKU0026,14,1462.0,0.34705794420510827,1.0491587112986493,1.0,36.242765316276305,47.09689816353199,0.3770696700529431,0.13532775237479802
tide,STORE0004,SKU0014,14,812.0,0.3468114031962167,1.9468768404395715,1.0,20.115061385380567,26.34320699352523,0.3758081888139568,0.11868807976087864
tide,STORE0009,SKU0009,14,705.0,0.3463776911185325,1.224494741750468,1.0,17.442590874183246,23.134725975855172,0.4040689388255737,0.10511078362180168
tide,STORE0001,SKU0081,14,1013.0,0.3453714963689732,1.2760390685108862,1.0,24.990094701554987,31.94072958405562,0.37290261645128514,0.057935236588419765
tide,STORE0013,SKU0076,14,226.0,0.34528134338776556,0.7197725113915915,1.0,5.573827400402501,6.8980684133007095,0.3820606720157173,0.06036548296385092
tide,STORE0011,SKU0067,14,553.0,0.34493253825051656,0.6425028513277603,1.0,13.624835260895406,17.309235895770424,0.37531916199318954,0.07349990207689493
tide,STORE0010,SKU0034,14,2551.0,0.3449161944839841,0.3803224546906901,1.0,62.84865800918881,90.01769468080698,0.34807491230956616,-0.1386044693255999
tide,STORE0006,SKU0054,14,1880.0,0.34403806464544695,0.33895083416584565,1.0,46.199397252388586,54.36402834113002,0.38972405404672467,-0.3038200730186953
tide,STORE0003,SKU0096,14,947.0,0.3439981993232805,1.8227264140801598,1.0,23.269021054224762,28.99868543951189,0.37913309934318795,0.056991778926068826
tide,STORE0002,SKU0084,14,259.0,0.3435123891480071,0.7092876240073671,1.0,6.354979199238131,8.322421228044409,0.39325324574002757,0.19337528683320593
tide,STORE0004,SKU0052,14,857.0,0.34307077359161137,0.46301181813780434,1.0,21.000832354857923,25.428151939289968,0.34938175649134523,0.06612844866645913
tide,STORE0009,SKU0062,14,252.0,0.3429312792759111,0.2681954697094542,0.9285714285714286,6.1727630269664,7.88675636089559,0.40166418766608925,-0.06161488962667429
tide,STORE0005,SKU0023,14,1133.0,0.34223104645471536,0.5251516939801725,1.0,27.69626968808518,33.98405678357061,0.35523353412972253,0.12639973894466727
tide,STORE0009,SKU0002,14,848.0,0.34200353648057175,0.5232656524629478,1.0,20.71564278110892,25.49946094322664,0.34993424654612354,0.08072775151846069
tide,STORE0009,SKU0077,14,716.0,0.3418838814949168,0.6311981048852091,1.0,17.484918510740027,26.708062356248686,0.3380080290074008,0.23233766727758234
tide,STORE0007,SKU0048,14,761.0,0.3417934669328287,0.6821098549309237,1.0,18.578916309705903,23.4958353993385,0.37076719965716437,0.0452486603516207
tide,STORE0012,SKU0083,14,1138.0,0.3415097709288044,2.519172368128075,1.0,27.75986566549853,35.741599501973,0.4022616188747425,-0.0030180335693565704
tide,STORE0011,SKU0024,14,794.0,0.340770186248162,0.6361772788984826,1.0,19.326537705788617,24.8693875149195,0.37529558128668683,0.008336333505384748
tide,STORE0011,SKU0015,14,141.0,0.3405301720021068,1.25021021715604,1.0,3.4296253037355044,4.569879943735247,0.38845436778514125,0.2359075729751076
tide,STORE0001,SKU0063,14,904.0,0.34011172464571565,0.6359182837206291,1.0,21.96149993426621,30.011363551542107,0.3729440104636747,0.03320266381097726
tide,STORE0006,SKU0038,14,1642.0,0.3386960752923357,0.4787044237717922,1.0,39.72421111642966,45.49886887596135,0.36080660869432685,0.053074292919190025
tide,STORE0012,SKU0047,14,1060.0,0.33863985417383524,0.8364303509244226,1.0,25.63987467316181,32.13469625150657,0.3686172504268926,-0.03238990011590303
tide,STORE0005,SKU0082,14,911.0,0.33841009793277704,0.41201229305069836,1.0,22.02082851548285,25.162513730485646,0.33643161532566346,0.11924373206655221
tide,STORE0012,SKU0100,14,1159.0,0.3383815589101568,0.7594160039044641,1.0,28.01315905549084,33.148209163779974,0.3871277580317824,-0.08494673043444835
tide,STORE0006,SKU0019,14,307.0,0.33817491798059074,0.5357681545118402,1.0,7.415692844288668,9.513009507602852,0.3609864394428409,-0.03382170980101623
tide,STORE0010,SKU0020,14,601.0,0.3380438488912544,0.5775764890795414,0.9285714285714286,14.511739513117421,18.88997599237349,0.4306517982173542,0.11646514061044787
tide,STORE0011,SKU0029,14,540.0,0.33790089440714677,0.6069228910606943,1.0,13.033320212847089,18.149944452399946,0.33945285952580484,0.057539498253518645
tide,STORE0011,SKU0086,14,173.0,0.3373127584078213,0.4127564606792346,1.0,4.168221943182363,5.019565358556493,0.3747750365170067,0.051917811471951625
tide,STORE0003,SKU0044,14,1028.0,0.33718705371324675,0.44701012852424327,1.0,24.759163658372692,28.838303852076518,0.357457252120934,-0.03516347931197803
tide,STORE0006,SKU0012,14,852.0,0.3371529885936653,0.7772294583105218,1.0,20.518167591557347,25.617468915995186,0.3935396964849719,0.12978762111119807
tide,STORE0001,SKU0078,14,466.0,0.3368886673612137,1.016127917605089,1.0,11.2135799278804,13.318052130716408,0.40591482553896263,-0.004381460887880673
tide,STORE0007,SKU0018,14,935.0,0.33688107495447556,0.39323613754259706,1.0,22.498843220173903,26.230348505908665,0.35354527525148743,-0.07949793625048794
tide,STORE0006,SKU0048,14,1136.0,0.3365256173719478,0.4808781803698,1.0,27.306650095323764,31.94886390117463,0.3557257301998666,0.11110309595264255
tide,STORE0001,SKU0037,14,1531.0,0.336242971272942,0.5585549670975258,1.0,36.7705706442053,46.68913852687621,0.35208189564317444,0.11091602934744954
tide,STORE0006,SKU0102,14,1498.0,0.3360965060102816,0.507684694506055,1.0,35.962326143100135,42.56161302071708,0.33957812184398745,0.22152847798998015
tide,STORE0001,SKU0072,14,490.0,0.33530454982211977,0.4676056126443334,1.0,11.735659243774192,14.738768382686185,0.33088250648196643,0.20364678056394986
tide,STORE0003,SKU0021,14,560.0,0.33493511471667875,1.16984808150761,1.0,13.397404588667149,17.546840331477696,0.3802824744785482,0.05547975345509503
tide,STORE0004,SKU0028,14,1815.0,0.33490741478942604,0.7056487073426881,1.0,43.41835413162916,52.50024243492939,0.38222742070073784,0.07306724788250059
tide,STORE0004,SKU0035,14,2944.0,0.33488452205981034,0.6210295333156957,1.0,70.42143092457727,89.54019540059826,0.3580717301704835,0.012354632883418913
tide,STORE0013,SKU0041,14,779.0,0.33396738580489876,0.49271932805813956,1.0,18.58289953871544,24.20936503871413,0.324229716360577,0.2988463065641233
tide,STORE0012,SKU0060,14,689.0,0.33321516316001343,1.0970627111469184,1.0,16.398946244089235,21.979954789801408,0.38195380008254265,0.1205391668124855
tide,STORE0005,SKU0070,14,1516.0,0.33298780288815005,3.392824806691408,1.0,36.057822084173964,48.54319947526513,0.4407818502973721,0.012709433786856529
tide,STORE0003,SKU0093,14,800.0,0.3329471613376926,0.4197628022923966,1.0,19.025552076439574,23.461160075270705,0.3503459878246048,-0.030409605430035472
tide,STORE0001,SKU0074,14,1048.0,0.33257395207808504,0.48224495161354647,1.0,24.895535841273794,32.73669064235825,0.32209806745016706,0.13025720286172246
tide,STORE0007,SKU0090,14,218.0,0.33177739471005957,0.9367508089240933,1.0,5.166248003342356,6.910312727197163,0.383290583640197,0.0489109966817381
tide,STORE0008,SKU0056,14,385.0,0.3316027361112766,0.44331622057841674,1.0,9.119075243060108,13.689947469602263,0.31147764637969405,0.010312008723821129
tide,STORE0006,SKU0057,14,1481.0,0.33102501440720505,0.3849937326153449,1.0,35.017717595505054,41.46485359742384,0.3495366579843012,-0.10343035467991701
tide,STORE0010,SKU0092,14,1253.0,0.3307360918350425,0.545008275067424,1.0,29.600880219236302,35.76137257812459,0.36036064941051776,-0.005748816990940428
tide,STORE0006,SKU0003,14,297.0,0.32976574538749176,0.5741907152437999,1.0,6.995744741434647,9.154994024575396,0.3477120947587396,0.14292541093255937
tide,STORE0013,SKU0001,14,745.0,0.3286334047885847,0.45601990665765435,1.0,17.48799189767826,19.964686275713557,0.3435586215826806,0.11720171047089671
tide,STORE0004,SKU0099,14,1429.0,0.3276310158794838,0.678401642193984,1.0,33.441765835127306,41.42169858880076,0.3906469118257087,0.16927693951295875
tide,STORE0001,SKU0061,14,1251.0,0.32761525586017964,0.5045414499008298,1.0,29.27476322007748,36.68436026455367,0.33535638519648725,0.1354967214622222
tide,STORE0010,SKU0101,14,214.0,0.32754041351816177,0.3020836930412689,1.0,5.00668917806333,6.376275151481253,0.2659710269873993,0.22463487926487943
tide,STORE0003,SKU0042,14,176.0,0.32754028075638186,1.496595121043232,1.0,4.117649243794515,5.809438014163542,0.3875920448779304,0.0987736229353008
tide,STORE0003,SKU0084,14,303.0,0.32724815495439624,0.4020896722741419,1.0,7.082585067941577,8.347510099849009,0.34942893340167086,-0.052320775866241065
tide,STORE0005,SKU0009,14,903.0,0.32711328579757015,0.6610311601709677,1.0,21.098806933943276,29.2154547469154,0.348057409621522,0.02438923105868589
tide,STORE0012,SKU0039,14,229.0,0.3265258149340792,0.4343640638106419,1.0,5.341029401421723,6.882349236407982,0.3341258674459872,0.018582255110139695
tide,STORE0001,SKU0011,14,335.0,0.3252436305106906,0.4718465269008396,1.0,7.782615444362953,10.101049639322797,0.32948112680158287,0.14535819166102731
tide,STORE0010,SKU0036,14,589.0,0.3240852661129282,0.4424951469213286,1.0,13.634730124322479,16.96958180790099,0.35369406502305073,-0.013025004380739183
tide,STORE0011,SKU0083,14,1365.0,0.3240148199039111,0.6082064158367426,1.0,31.591444940631334,37.76413573569649,0.3543096978510928,-0.004542064031144125
tide,STORE0013,SKU0003,14,142.0,0.32400976387255076,0.5745544033717912,0.9285714285714286,3.2863847478501578,4.7766496519887935,0.40533206609727995,0.14064944937045598
tide,STORE0003,SKU0009,14,642.0,0.32400581386657995,0.38220820094829216,1.0,14.857980893024594,19.562037420657692,0.3154500075919806,0.0567367052403743
tide,STORE0002,SKU0098,14,446.0,0.323852436038595,0.4710065014252559,1.0,10.31701331951524,12.630089213899376,0.3344658083615237,0.18241880183727477
tide,STORE0006,SKU0094,14,987.0,0.32362573381130094,0.7596391481954728,1.0,22.815614233696717,29.05875688994029,0.3642526031157055,-0.033823354751374414
tide,STORE0008,SKU0097,14,1035.0,0.323272416496594,0.40411322826967566,1.0,23.899067933855342,32.81834287219791,0.3159655639544138,0.0261611843937558
tide,STORE0013,SKU0084,14,191.0,0.32324386216033374,0.734988316338139,1.0,4.409969833758839,5.697813464292646,0.398961733735913,0.04615074897877764
tide,STORE0008,SKU0025,14,468.0,0.3229570408107164,0.5836715873887782,1.0,10.795992507101092,12.878190335118122,0.35248051545124987,0.1363685160134606
tide,STORE0001,SKU0059,14,390.0,0.32267023602340633,0.4877067468973601,1.0,8.988670860652034,10.407805621329912,0.36106663614786283,0.02190761219691653
tide,STORE0008,SKU0081,14,857.0,0.322391080510375,0.9388513519098501,1.0,19.734939714099387,25.84183911608823,0.3433023356149782,0.2524390502180692
tide,STORE0013,SKU0026,14,724.0,0.32232108267200443,0.360643410081603,0.9285714285714286,16.66860456103794,24.17416614324404,0.37411877078411554,0.12256342407654501
tide,STORE0003,SKU0040,14,308.0,0.32085403677562946,0.4214380367000135,1.0,7.058788809063848,9.570720553174098,0.3097778815931339,0.27284917826353433
tide,STORE0003,SKU0075,14,386.0,0.3203793694651382,0.4304241484606261,1.0,8.83331690096738,10.272096081225593,0.3292304170505606,0.0889343813792198
tide,STORE0006,SKU0069,14,1386.0,0.32002910475310353,0.5174494328440146,1.0,31.68288137055725,36.14889882410412,0.36701986982086254,0.07842519452602592
tide,STORE0005,SKU0080,14,1197.0,0.3195290852628094,0.5820538971249501,1.0,27.3197367899702,32.43605264687147,0.36191805238846614,0.07080944211731707
tide,STORE0012,SKU0037,14,1387.0,0.3193185714979012,0.6330544915093705,1.0,31.635347047684924,41.4527354785753,0.34519085992056625,0.1359743931585612
tide,STORE0003,SKU0011,14,266.0,0.3189481501161019,0.3896621180799751,1.0,6.060014852205937,10.053231211793047,0.2784938616656074,0.03077082250122324
tide,STORE0002,SKU0006,14,1359.0,0.3188728827324513,0.370154868586918,1.0,30.953446259528665,37.22299296665315,0.32139552954700573,0.022717171333517527
tide,STORE0005,SKU0026,14,1544.0,0.3188438497210416,0.39808960554132194,1.0,35.16392171209201,40.52316887464176,0.3284604276005248,0.01562193685861347
tide,STORE0003,SKU0095,14,342.0,0.31856151170959873,0.3364008058426955,1.0,7.7820026431916265,8.998230248970414,0.31090892738512815,0.032175595729217285
tide,STORE0008,SKU0062,14,294.0,0.3184131220166231,0.9794224954182245,1.0,6.686675562349085,8.414068587205445,0.3629806230910753,-0.08866417216701003
tide,STORE0011,SKU0097,14,1139.0,0.3181462330333975,0.4213917953492215,1.0,25.88346853035998,30.59181671182443,0.3522244778925088,-0.07537991892266512
tide,STORE0007,SKU0067,14,400.0,0.31763630479882443,0.4501397657726193,1.0,9.075322994252128,11.491149922250957,0.3236849184346153,0.07917886608940011
tide,STORE0002,SKU0079,14,829.0,0.3174496364175249,0.7360934578662791,1.0,18.79755347072344,23.84761523903295,0.3486188999328523,0.13374037912627715
tide,STORE0001,SKU0086,14,177.0,0.3168388810525447,0.402161835949221,1.0,4.00574871045003,5.143015928541655,0.354208108609276,0.024619240562318744
tide,STORE0005,SKU0038,14,1625.0,0.3168326619934161,0.49230566153968475,1.0,36.77521969566437,43.74011697977482,0.35083666314430684,-0.0046189907186213585
tide,STORE0009,SKU0072,14,452.0,0.3162761232171182,0.6014679981920906,1.0,10.211200549581244,12.808327706364919,0.3409667990774688,0.05856322726266192
tide,STORE0011,SKU0006,14,1683.0,0.31612201639578524,2.7160269048861894,1.0,38.00238239957904,46.82056842419835,0.42476801903238165,0.10385468716960099
tide,STORE0011,SKU0082,14,908.0,0.3160542045679255,0.4532629904213948,1.0,20.498372696262596,24.994283151192572,0.34198031531790846,0.038926598898738174
tide,STORE0012,SKU0054,14,1213.0,0.3159608395020208,0.3458292467190475,1.0,27.375749879710803,35.34715221191548,0.29161141785639505,0.06349111619688028
tide,STORE0010,SKU0078,14,444.0,0.3157647581399842,0.35745193323059593,1.0,10.014253758153785,12.75776779453139,0.32857781055685137,-0.14951884615449793
tide,STORE0012,SKU0076,14,375.0,0.31543834714882746,1.3684910373886263,1.0,8.44924144148645,11.46413829449752,0.3288824836611522,0.12997597576220823
tide,STORE0012,SKU0034,14,2784.0,0.3151988350033048,0.2556852641892312,1.0,62.679539760657185,92.71619906088594,0.303195338257948,-0.2789784156117441
tide,STORE0002,SKU0042,14,178.0,0.31485770376115957,0.6746502114219466,1.0,4.003190804963315,5.0801528530220725,0.3516534463638063,0.06922804893550881
tide,STORE0009,SKU0090,14,249.0,0.3146910988284909,0.24204333944377246,0.9285714285714286,5.597005972021017,7.9817292055903,0.34808428436549843,0.13238154890003087
tide,STORE0007,SKU0016,14,360.0,0.3145961454113353,0.23436482266585654,0.9285714285714286,8.089615167720051,12.345670150872223,0.3906853265033216,-0.1795992054179996
tide,STORE0001,SKU0049,14,707.0,0.3143608805503314,0.8019262393706558,1.0,15.875224467791737,20.541766667069904,0.3669213479073456,0.02867490955375155
tide,STORE0005,SKU0100,14,1179.0,0.3142816955741415,0.38857949319630297,1.0,26.467008505850913,31.772630228446108,0.31040037557284644,0.11304439163427196
tide,STORE0006,SKU0066,14,537.0,0.31366030443263654,0.3329492637870804,1.0,12.031113105737559,14.064955971337048,0.3286005052259764,-0.1301649601007114
tide,STORE0010,SKU0060,14,801.0,0.3136299121053082,0.4752079486514527,1.0,17.94411139973942,21.33379358175673,0.35691434963682617,-0.0642306403331877
tide,STORE0009,SKU0098,14,617.0,0.3132581351527586,0.3694446751805313,1.0,13.805733527803719,21.09104380995622,0.3049485570835553,-0.07586836379546988
tide,STORE0006,SKU0039,14,251.0,0.312841171022085,1.0329398196364703,1.0,5.608795280467381,7.725584799891831,0.34690360999878267,0.11348634102658896
tide,STORE0011,SKU0028,14,2051.0,0.31283907037267894,0.41692820361058514,1.0,45.83092380959746,52.10244241985641,0.34164475172245934,-0.053791112332548914
tide,STORE0006,SKU0088,14,402.0,0.3126798936221482,0.3670364921974765,1.0,8.978379802578827,11.161563442156433,0.32360819490959186,-0.1039351942643322
tide,STORE0005,SKU0022,14,1380.0,0.31217246615565036,0.568914966089459,1.0,30.771285949628396,39.47598538707896,0.3295571471859682,0.11296450379227953
tide,STORE0011,SKU0041,14,1678.0,0.3113390659742933,0.62686065448606,1.0,37.316210907490294,45.02619954896896,0.360591209057055,0.04770779406858767
tide,STORE0004,SKU0077,14,944.0,0.31128108640784674,1.2360850214520551,1.0,20.989238969214806,31.95144172649967,0.3843094368544398,0.04521130844536836
tide,STORE0010,SKU0013,14,1626.0,0.3111167043064731,0.4585218084653885,1.0,36.133982943023234,44.379261148214795,0.345540424377267,-0.0690973026562772
tide,STORE0012,SKU0005,14,1255.0,0.3111000943276807,0.42334097826715317,1.0,27.887901312945665,36.13186340761082,0.3285700250504196,-0.02046442569748369
tide,STORE0004,SKU0066,14,424.0,0.3109746885593965,0.35397352838698465,0.9285714285714286,9.418090567798865,13.221883311770402,0.3826399640912622,0.13223498819061114
tide,STORE0007,SKU0083,14,888.0,0.3109635441015621,0.38232029068507467,1.0,19.723973368727652,23.851836887883778,0.30475426118403665,0.15257502018421373
tide,STORE0011,SKU0021,14,795.0,0.3109541630972182,0.2436981959650377,0.9285714285714286,17.657754261592032,22.966913610673345,0.3570360415393402,0.10083240970037914
tide,STORE0007,SKU0058,14,1027.0,0.3103973189605327,0.35586008945596653,1.0,22.769860469461936,25.657453471568296,0.31001788717345935,0.06715220476998573
tide,STORE0012,SKU0016,14,394.0,0.3103049493932042,0.8607772433258415,1.0,8.73286786149446,10.525462434943911,0.3698194201158987,-0.014546655644211728
tide,STORE0011,SKU0095,14,484.0,0.3101113539874056,0.35242225242202785,1.0,10.720992523564593,12.500043678010275,0.3237448876059289,-0.08109193803212676
tide,STORE0008,SKU0055,14,204.0,0.30993120672783997,0.3771301377371179,1.0,4.516140440891382,5.349501012314653,0.29896190718874877,0.1842210387478202
tide,STORE0013,SKU0056,14,205.0,0.30992401715472184,0.3529858970199489,1.0,4.5381731083369985,5.440235729974053,0.30003620249696744,0.1761196905986578
tide,STORE0009,SKU0070,14,1061.0,0.3095897148968989,0.829697771264854,1.0,23.462477678972125,31.833636613133642,0.34573407253676347,0.19514630652161874
tide,STORE0010,SKU0094,14,835.0,0.30950771184849346,0.6013478986563198,1.0,18.459924242392287,27.93890957446371,0.3321003724683118,-0.09914622781516225
tide,STORE0013,SKU0049,14,298.0,0.3092684752114562,0.575774967754765,1.0,6.583000400929568,8.392060684472483,0.32493117080781314,0.2636931933403187
tide,STORE0011,SKU0048,14,1120.0,0.3091336530397804,1.0705168610609779,1.0,24.730692243182432,31.534369940522428,0.4111951189417831,0.01724455531808908
tide,STORE0007,SKU0094,14,607.0,0.3091318679780827,0.4099674345796938,1.0,13.403074561621155,15.19040111330215,0.31994398562265575,0.0969941916326296
tide,STORE0003,SKU0026,14,1101.0,0.3087715566634349,0.4320598785425546,1.0,24.28267742046013,27.154199022877958,0.32820808200893986,0.08065942487458266
tide,STORE0004,SKU0001,14,1663.0,0.3086615191207656,0.8722815876070416,1.0,36.6645790212738,46.54204871614659,0.35357348987436443,0.04658829995164617
tide,STORE0013,SKU0013,14,796.0,0.3083104563993739,0.6160935865283201,1.0,17.529651663850114,22.05194476229582,0.348325659655696,0.1275209220701405
tide,STORE0009,SKU0086,14,145.0,0.3080357850453938,0.36052372367634006,1.0,3.1903706308272928,3.742783233084552,0.32918883325266535,0.12170920055796233
tide,STORE0004,SKU0058,14,1361.0,0.3079703641561161,0.3822880345495104,1.0,29.939118972605286,36.43963633643236,0.32201776713410435,-0.03711438087498391
tide,STORE0010,SKU0054,14,1116.0,0.30741878556515445,0.4373441226681157,1.0,24.505668906479453,37.12378361615241,0.2730527257044771,0.1739745099219241
tide,STORE0008,SKU0009,14,896.0,0.3073012861397224,4.662006789662369,1.0,19.667282312942234,24.901548986788267,0.374221994731376,0.046128572061898764
tide,STORE0001,SKU0021,14,843.0,0.3072558106008379,0.25813625921289307,0.9285714285714286,18.50118916689331,25.259983388400318,0.36354430692771317,0.03288095538327738
tide,STORE0001,SKU0084,14,388.0,0.3070969443730097,0.5296262095128721,1.0,8.510972458337699,10.223894638328822,0.345386395750532,-0.04638218888351991
tide,STORE0008,SKU0090,14,344.0,0.306982539871853,0.34857223886006083,1.0,7.542999551136958,8.967699559074944,0.3145881188355862,-0.07642553607402212
tide,STORE0001,SKU0055,14,207.0,0.3066312819822522,0.2754501723630308,0.9285714285714286,4.533762526451872,5.525186930576488,0.3785846035909008,0.0533434831927788
tide,STORE0011,SKU0025,14,459.0,0.3065757311425334,1.2304268321951308,1.0,10.051304328173059,12.949835259026932,0.3505682356749868,-0.008832016426990915
tide,STORE0003,SKU0030,14,558.0,0.3064186795600158,0.3881727196489238,1.0,12.212973085320629,14.72232411893411,0.31284853868902573,0.04642900412549299
tide,STORE0005,SKU0054,14,1421.0,0.30627276588510877,7.383481007061803,1.0,31.08668573733854,41.753656156000595,0.3616380639977211,0.054913957715973155
tide,STORE0010,SKU0058,14,1183.0,0.30610677854139134,0.3923855483106173,1.0,25.86602278674757,31.95038019585745,0.31248752354001785,0.03797985528233812
tide,STORE0001,SKU0017,14,1767.0,0.30570183400596324,0.3154330215272009,1.0,38.583938620609786,53.77976015749414,0.307950167986451,-0.14994747669026465
tide,STORE0010,SKU0048,14,882.0,0.30564918501854704,0.9399433640141815,1.0,19.255898656168462,25.748218742764852,0.36352675769353776,0.12324577617952129
tide,STORE0010,SKU0029,14,400.0,0.305347541960529,1.409601996571992,1.0,8.724215484586543,11.914212148508161,0.33953855792343524,0.22446913115358924
tide,STORE0001,SKU0077,14,871.0,0.3053373394236473,0.7274577562613683,1.0,18.99634447414263,28.910204914674473,0.3367060663874481,0.11577901345434508
tide,STORE0009,SKU0084,14,320.0,0.30512657635605656,0.41379286148493744,1.0,6.974321745281293,9.078286005720768,0.30171107845502787,0.10970448203529246
tide,STORE0003,SKU0055,14,145.0,0.3051075373280171,0.6629975809888844,1.0,3.16004235089732,3.9905375944269044,0.3632637921521373,0.15605626393453634
tide,STORE0011,SKU0044,14,1262.0,0.3050157181039221,0.7443318155518123,1.0,27.49498830336783,38.975478916375074,0.32018405415782414,0.12556992994899838
tide,STORE0011,SKU0062,14,249.0,0.30483865708956787,0.5762599630955549,1.0,5.421773258235886,6.974654090385143,0.33393263573921667,0.15441978727077063
tide,STORE0003,SKU0047,14,927.0,0.30476681757775653,0.4021056176531096,1.0,20.179917135327166,23.201661272536477,0.3303977463181881,-0.04914052491929354
tide,STORE0005,SKU0057,14,1247.0,0.30474686060937134,0.4439014066839075,1.0,27.144238227134718,32.893535085683155,0.3081073168382637,0.1610807291284284
tide,STORE0008,SKU0057,14,1252.0,0.3044179872374979,0.3447503537842832,1.0,27.22366571581053,32.28989752625354,0.29062463745416217,0.12755643400742758
tide,STORE0002,SKU0081,14,766.0,0.3039980559892642,1.3966633802476653,1.0,16.633036491984026,20.47582662319187,0.36742552890467833,-0.03522932172558499
tide,STORE0001,SKU0040,14,430.0,0.30386457398371175,0.3877144924296649,1.0,9.332983343785433,11.087605131553584,0.2973715400785144,0.2601025394219578
tide,STORE0005,SKU0028,14,2042.0,0.3033988015502617,0.6025754888361768,1.0,44.25288234040246,54.08056986219403,0.3444296638341001,-0.05091557941319152
tide,STORE0008,SKU0076,14,476.0,0.3033533856087056,0.8129242740130682,1.0,10.31401511069599,13.760286931599207,0.3633405288692866,0.10063584645344355
tide,STORE0004,SKU0072,14,588.0,0.3032963884533779,0.30810129012405574,1.0,12.738448315041873,15.416346043834288,0.29535924898943816,-0.016051251546000896
tide,STORE0011,SKU0085,14,1342.0,0.3028235125702738,0.5146013936181132,1.0,29.027796704950532,33.73244015391875,0.3506092839579686,-0.09651048439449302
tide,STORE0012,SKU0077,14,784.0,0.302699418612516,0.45799050461791274,1.0,16.951167442300893,24.333858845116726,0.3012795537918972,0.13452093654475059
tide,STORE0007,SKU0040,14,332.0,0.3022035994744835,0.3736790643378604,1.0,7.166542501823465,8.67939992919079,0.29402092016284215,0.19943319067050347
tide,STORE0008,SKU0092,14,1494.0,0.3020614849314484,0.5273739837146045,1.0,32.234275606256,40.207623410276256,0.3386024747019825,-0.09975896369103525
tide,STORE0009,SKU0096,14,1393.0,0.3018983556429963,0.3519592108267031,1.0,30.038886386478133,32.342560970410474,0.3411275359642021,-0.17446703331865554
tide,STORE0012,SKU0088,14,320.0,0.3018942140435892,0.20438084155710487,0.9285714285714286,6.900439178139181,10.479352635512777,0.3360088904939138,0.03899155259315048
tide,STORE0001,SKU0090,14,320.0,0.3014120143597067,0.792490730776126,1.0,6.889417471079011,9.065635753065537,0.3738904722967043,-0.014656466819687287
tide,STORE0004,SKU0003,14,392.0,0.30125249875582516,0.2997517641068281,1.0,8.435069965163104,9.758340135421754,0.32657719651105693,-0.2277768672886762
tide,STORE0006,SKU0055,14,230.0,0.30116930864026653,0.45656969295431626,1.0,4.947781499090093,7.011808213762619,0.32125852228982066,0.031703253328575785
tide,STORE0011,SKU0053,14,465.0,0.30101002711894903,1.2112350040276447,1.0,9.997833043593664,12.641951697275601,0.35815976459578147,0.014531042916552413
tide,STORE0005,SKU0088,14,353.0,0.3008847542219457,0.5997402360873785,1.0,7.586594160024774,9.905073827373217,0.33001764704867015,0.10574224571199888
tide,STORE0003,SKU0101,14,211.0,0.30018472669134505,0.28119965844726513,1.0,4.5242126665624145,5.753727299584883,0.2707709185932691,0.06198098751377978
tide,STORE0013,SKU0040,14,243.0,0.3000527627188631,0.4268521864945759,1.0,5.208058667191695,7.696767693145098,0.2828142634783718,0.16061589147017133
tide,STORE0005,SKU0053,14,455.0,0.29987704809143845,0.2496896997091037,0.9285714285714286,9.74600406297175,13.083690744147349,0.3541019155633273,0.06663698617522161
tide,STORE0012,SKU0014,14,766.0,0.2988856502466615,0.3580494059037975,1.0,16.353314863495907,18.097322338110143,0.31119319079166335,-0.017325203630831256
tide,STORE0011,SKU0079,14,1376.0,0.2988184467619874,0.32495108181796234,1.0,29.369584481749616,33.45071123285627,0.3163612322699799,-0.11476318473254303
tide,STORE0002,SKU0064,14,1120.0,0.29874334105070915,0.30658028201865817,1.0,23.89946728405673,29.094537532934567,0.3070598273166915,-0.12667232164470182
tide,STORE0011,SKU0050,14,248.0,0.2984299013681895,0.7984042897503313,1.0,5.286472538522213,6.501264677211827,0.33708786672194135,0.07028515158661017
tide,STORE0008,SKU0067,14,589.0,0.2983972140344673,0.4540624907558497,1.0,12.553997076164373,16.853854962668276,0.3206932198489158,0.00864011046511087
tide,STORE0008,SKU0089,14,751.0,0.29818888423404133,0.30567632645282516,1.0,15.995703718554646,18.68198518710912,0.314809693295119,-0.14305437187989933
tide,STORE0001,SKU0073,14,163.0,0.2978599398195334,0.3230979845921487,1.0,3.467940727898853,3.933748348717245,0.2969384851785519,0.024683918043665543
tide,STORE0003,SKU0041,14,1210.0,0.29784929549647515,0.37881274300419926,1.0,25.74268911076678,35.882604659824565,0.30396708907389375,0.0639440625124181
tide,STORE0007,SKU0078,14,338.0,0.2978262401021845,0.44956917530049917,1.0,7.190376368181312,9.178220892591778,0.32278073240002,-0.0417865982270288
tide,STORE0008,SKU0014,14,903.0,0.29752643924674027,0.2971277053656286,1.0,19.190455331414746,27.69887749542269,0.27935218482994645,-0.003965336310279963
tide,STORE0001,SKU0031,14,947.0,0.29699379696743083,0.7451671792806567,1.0,20.089508980582643,26.146902644367334,0.3266960190083153,0.02230845347189731
tide,STORE0001,SKU0087,14,438.0,0.29693750803633856,0.6890904078286441,1.0,9.289902037136878,11.997322572053905,0.3331231595147627,0.10185838046572358
tide,STORE0001,SKU0042,14,244.0,0.29672640480520623,0.37588712557514675,1.0,5.171517340890738,6.115481170647631,0.30114789858189484,0.0839540400838066
tide,STORE0003,SKU0045,14,859.0,0.2966259311760481,3.994150603098458,1.0,18.200119634301807,24.90539291275119,0.34942302317881746,0.10565956909190069
tide,STORE0012,SKU0020,14,770.0,0.29640355160648607,0.322007088633518,1.0,16.302195338356732,21.772534702171733,0.30683283822281326,-0.15482959790157388
tide,STORE0008,SKU0040,14,505.0,0.29609926972138556,1.2224164947590703,1.0,10.680723657807121,15.645781276729716,0.34228365611803474,0.09856693167514012
tide,STORE0007,SKU0098,14,477.0,0.29575248193232095,0.3324437930727134,0.9285714285714286,10.076709562979792,14.276401433414039,0.3688309094086514,0.0846106968358168
tide,STORE0008,SKU0060,14,906.0,0.2956786224304809,0.5399585443043391,1.0,19.13463085157255,25.14460055647652,0.33092804869167286,0.029088711779798822
tide,STORE0007,SKU0013,14,1056.0,0.29553641323565344,0.40554560529631206,1.0,22.29188945548929,30.1407803171508,0.28796875459598953,0.06181846176938163
tide,STORE0010,SKU0087,14,348.0,0.295224219675056,0.3622269512503073,1.0,7.338430603351393,9.133492162255784,0.2879022121392159,0.12611606370488718
tide,STORE0005,SKU0077,14,853.0,0.29462639561158227,0.6639709392097372,1.0,17.95116538976283,22.067011840841104,0.3481949194157066,0.1605538775423083
tide,STORE0006,SKU0065,14,954.0,0.29383693709725694,0.32807906232580714,1.0,20.02288842791308,29.677885322803853,0.26130082266037874,0.1482136296648245
tide,STORE0009,SKU0005,14,1252.0,0.2932581619879496,0.5806057948794291,1.0,26.22565848635092,30.04145936551796,0.34739512172253295,0.03145768907879907
tide,STORE0011,SKU0094,14,891.0,0.2931725427171996,0.360405180098351,1.0,18.658338254358917,23.87057226545093,0.29717768627477786,0.04007926345386564
tide,STORE0005,SKU0085,14,1371.0,0.29301095081413,0.5902803742335408,1.0,28.69414382615516,40.43556119590397,0.3252302929000102,-0.06287931488919273
tide,STORE0012,SKU0046,14,1369.0,0.2927760480608998,0.39988392846333587,1.0,28.6293149853837,33.77742733374208,0.2973039278095343,0.1925763678135556
tide,STORE0002,SKU0082,14,632.0,0.29264245039263254,0.4206847114446495,1.0,13.210716332010268,15.117230468934757,0.3312471408035971,-0.0357401534369266
tide,STORE0003,SKU0067,14,432.0,0.2920226400425388,0.3403007798777819,1.0,9.010984321312625,10.03770269139374,0.291237085878751,0.09675228188455583
tide,STORE0001,SKU0082,14,892.0,0.2919056842859831,0.36209068067480094,1.0,18.59856217022121,21.096541194717847,0.2981189280026639,0.06765971722344818
tide,STORE0001,SKU0041,14,1714.0,0.29187005584098125,0.45253165548450697,1.0,35.73323397938871,43.36497070106014,0.32976451870981166,0.041871931705337186
tide,STORE0008,SKU0074,14,1162.0,0.2917932870020858,0.5579156551524669,1.0,24.218842821173123,32.75822469696091,0.3187661015667723,0.06138576449835815
tide,STORE0004,SKU0053,14,442.0,0.29131733593390147,0.5452792511854174,1.0,9.197304463056032,11.632114565633627,0.32156896834160126,0.07710632540546997
tide,STORE0011,SKU0027,14,2117.0,0.2904359597684486,1.0490137833065198,1.0,43.918066202128976,69.75466096071698,0.313233629985405,0.11544794188865073
tide,STORE0006,SKU0006,14,1978.0,0.29030194636985307,1.4793653299385847,1.0,41.01551785139781,51.499098064027216,0.36253117802197693,-0.07263620868723532
tide,STORE0011,SKU0033,14,1477.0,0.2900525876812502,1.02898738753612,1.0,30.600548000371898,43.634310810950836,0.32781931740624237,0.010463663635774698
tide,STORE0007,SKU0102,14,1147.0,0.289587636430756,0.6164303980827233,1.0,23.725501356148367,30.63920752220427,0.3553712512102193,0.05082167311258814
tide,STORE0007,SKU0079,14,993.0,0.28950709962215126,0.27212936381939457,1.0,20.5343249946283,23.8936722172833,0.29933356002454176,-0.18287717494201078
tide,STORE0002,SKU0022,14,1028.0,0.28908575506852385,0.3727867133745245,1.0,21.22715401503161,24.005126011769416,0.31895572598118477,-0.08386454419410097
tide,STORE0012,SKU0081,14,967.0,0.2889795237376368,0.4208856701339555,1.0,19.96022853244963,23.731035086918826,0.3169284613223796,0.018867241302702
tide,STORE0013,SKU0061,14,679.0,0.2889572770496032,1.0851433862937656,1.0,14.014427936905756,21.08204153807112,0.3487941792692819,0.11086671661725729
tide,STORE0007,SKU0012,14,644.0,0.28885653525919824,0.3739925627256643,1.0,13.28740062192312,16.17541674947642,0.3041444385115848,0.0036225877197893657
tide,STORE0010,SKU0084,14,331.0,0.2884688501651574,0.2368479542730421,0.9285714285714286,6.820227814619079,8.996954408279162,0.364238517244825,-0.02767700495512663
tide,STORE0011,SKU0034,14,2864.0,0.2882542253245553,0.30892723989382415,1.0,58.96857866639474,68.41208928115901,0.30594515376076525,-0.13900279701939128
tide,STORE0002,SKU0070,14,1187.0,0.2877653434966202,0.31040003965063356,1.0,24.398390195034867,30.144932999726414,0.2805712244370327,0.026728142574920632
tide,STORE0009,SKU0044,14,1174.0,0.2876335012139726,0.9931723160802338,1.0,24.12012360180027,31.30132925601865,0.3478187654054646,0.10332428154584901
tide,STORE0002,SKU0089,14,503.0,0.28761473589060293,1.252724170987353,1.0,10.333586582355235,12.672029686246185,0.34380559350877815,-0.06772454472815209
tide,STORE0005,SKU0034,14,2695.0,0.28725527415722235,0.3537211767888833,1.0,55.296640275265304,61.37352100079164,0.32284410153966775,-0.09256942675293892
tide,STORE0006,SKU0099,14,1474.0,0.28725033639996006,1.2757763985549284,1.0,30.24335684668151,43.09139123557833,0.32159434792532593,0.08212616748940116
tide,STORE0009,SKU0071,14,412.0,0.28719785256484975,0.4892383647804768,1.0,8.451822518337007,9.680011212725844,0.3261153271847876,0.03458340156870985
tide,STORE0001,SKU0018,14,1497.0,0.28711144992885324,0.26986935242836946,1.0,30.700417181678095,37.38131002968348,0.2888942144721636,-0.12833739162227445
tide,STORE0012,SKU0068,14,534.0,0.2869502964894911,0.3118856432048828,1.0,10.94510416609916,15.177888557414322,0.2638001599600831,0.028669900434078202
tide,STORE0002,SKU0019,14,198.0,0.286862810072021,0.4112941627565562,1.0,4.057059742447154,4.662633022973923,0.33336969030763985,0.14426924942732533
tide,STORE0006,SKU0001,14,1469.0,0.28668736829563374,0.38989364090957845,1.0,30.081696001877567,40.96703347665087,0.28340221942725746,0.21743867789100998
tide,STORE0011,SKU0072,14,561.0,0.28646159429810036,0.3990893374139676,1.0,11.478925314373878,13.793594998595946,0.3011446022353205,0.062426311981236354
tide,STORE0008,SKU0086,14,156.0,0.28528930425767235,0.2861444372297957,0.9285714285714286,3.178937961728349,3.9358290141539944,0.37843877240566887,0.1235870984934817
tide,STORE0001,SKU0048,14,1153.0,0.28522464707275047,1.1864486767111195,1.0,23.490287005348666,33.48974932682679,0.3088135219503701,0.12109231571152153
tide,STORE0007,SKU0056,14,279.0,0.2852102425487855,0.5542887900892174,1.0,5.683832690793655,7.18740263109451,0.3279430684877997,0.16044534162122365
tide,STORE0007,SKU0022,14,1142.0,0.28515660978181406,0.2783428755190242,1.0,23.260632026487976,28.971549363441135,0.2826434946247227,-0.0963678305322554
tide,STORE0013,SKU0099,14,747.0,0.28479170684130234,0.5778873549800426,1.0,15.195671786460919,20.436335025270054,0.3379826054006056,0.12125161338975614
tide,STORE0010,SKU0067,14,463.0,0.28468305361017204,0.5328044296183833,1.0,9.414875272964975,12.24724009506948,0.31413249819108646,0.11834941259155526
tide,STORE0004,SKU0050,14,248.0,0.28457117685967903,0.8109418110787369,1.0,5.040975132942886,6.198862823983774,0.34553110342103166,0.07538128292606062
tide,STORE0006,SKU0037,14,1684.0,0.2845147819956653,0.41865147827635685,1.0,34.223063777192884,41.235896508388336,0.30488894042798526,0.11252463399982326
tide,STORE0009,SKU0089,14,533.0,0.28446533751491515,3.417477161382729,1.0,10.830001778246412,15.170692996369887,0.33089080890222194,0.050801323729828506
tide,STORE0009,SKU0083,14,1146.0,0.284412265827535,0.9244874163866229,1.0,23.28117547416822,28.3771354177144,0.33537295489721464,-0.0010250961338294784
tide,STORE0005,SKU0003,14,327.0,0.2840400123753523,0.330607540164762,1.0,6.634363146195729,7.524164689002318,0.29456167768095437,0.012821245857023869
tide,STORE0009,SKU0045,14,1026.0,0.28387735800677344,0.7142477631631662,1.0,20.804154951067826,24.64811423063809,0.3338344308752529,0.033480516269499216
tide,STORE0002,SKU0071,14,316.0,0.28366220126668446,0.9985258347005427,1.0,6.402661114305163,8.88483814056019,0.34968172919679186,0.12164894903165277
tide,STORE0008,SKU0028,14,2184.0,0.28342334434058897,0.3391715901438568,1.0,44.21404171713188,51.106045171756605,0.3130769570031916,-0.14192572740191234
tide,STORE0008,SKU0091,14,360.0,0.28334184111323785,1.2731772606517497,1.0,7.2859330571975445,11.029623571795383,0.33507278974094223,-0.024649767539098612
tide,STORE0005,SKU0010,14,531.0,0.283173956410067,1.1087002437163134,1.0,10.740383632410397,13.804166442046185,0.35366778158507545,0.14276920575093605
tide,STORE0012,SKU0070,14,1370.0,0.2829760481990935,0.30042635264228984,1.0,27.691227573768433,30.132755537457577,0.2918505038703104,-0.05670229961300973
tide,STORE0012,SKU0080,14,1230.0,0.28279117051509867,0.3121328450818634,1.0,24.845224266683665,32.33641903715728,0.29707193764387935,-0.14011439267833006
tide,STORE0005,SKU0055,14,213.0,0.28270143111101287,1.1942243351035187,1.0,4.3011003447604095,5.853600123383554,0.33339687777811283,0.04857811948590479
tide,STORE0008,SKU0003,14,339.0,0.2824076003919282,0.31015390351473193,1.0,6.838298323775976,9.351278680728672,0.28098915730552804,-0.0638561971946671
tide,STORE0010,SKU0083,14,1272.0,0.28238250468337,1.0705204373974635,1.0,25.656467568374758,31.888388287263737,0.33798064484016466,-0.07111701523018435
tide,STORE0006,SKU0011,14,360.0,0.28220328263077626,0.3682571877510528,1.0,7.256655839077104,8.634176926595243,0.30728855168794794,-0.05005866985429445
tide,STORE0012,SKU0096,14,1219.0,0.28218967186216265,0.5384687092649453,1.0,24.57065785714116,36.34032614995769,0.2940168747196565,0.028549523067619355
tide,STORE0010,SKU0012,14,874.0,0.2817308895770438,0.44418796260232657,1.0,17.58805696359545,20.98531343987871,0.3318004872126777,-0.12933950487528512
tide,STORE0001,SKU0007,14,376.0,0.28170942654867026,0.3943723473103738,1.0,7.565910313021429,9.0999251382877,0.30046349155692464,0.10764558758904653
tide,STORE0004,SKU0013,14,1577.0,0.2816100629295764,0.2516871238659966,0.9285714285714286,31.721362088567282,40.861488186328096,0.34973992700606893,0.15746546851345444
tide,STORE0008,SKU0015,14,189.0,0.2814684571445763,0.30188863017123796,1.0,3.7998241714517795,4.569265163236402,0.28313547446480797,-0.03167799260679495
tide,STORE0008,SKU0093,14,1165.0,0.2806795216218149,0.31828035360759843,1.0,23.356545906386742,26.82140172147763,0.29629398727288864,-0.07196365752998946
tide,STORE0006,SKU0072,14,483.0,0.28022210953343407,0.4584960769847979,1.0,9.667662778903475,13.061407663089335,0.2993214701338985,0.13717094035849683
tide,STORE0006,SKU0097,14,1148.0,0.2801967968769369,0.22554775297341315,0.9285714285714286,22.976137343908825,31.647086730880158,0.34595737493097084,0.013000984945900133
tide,STORE0009,SKU0092,14,1306.0,0.28012863653450215,0.29962585432530425,1.0,26.13199995100427,31.015763350575742,0.2968161203339156,-0.13045545691816438
tide,STORE0008,SKU0049,14,709.0,0.2800761244075826,0.3872162439843789,1.0,14.183855157498291,16.73743418129389,0.28902065367867913,0.14503070592597248
tide,STORE0004,SKU0054,14,1285.0,0.28004403811279094,0.41473435809883413,1.0,25.704042069638312,31.099150194871143,0.29804240536128646,0.14971730084565274
tide,STORE0010,SKU0015,14,141.0,0.2799869777867846,0.3742022349319405,1.0,2.8198688477097593,3.2620728056080743,0.3045291247554781,0.043849573411041474
tide,STORE0002,SKU0034,14,1962.0,0.2798760579366819,0.27900999857739833,1.0,39.222630405126424,45.97752544398138,0.2919342553639325,-0.12057471377226517
tide,STORE0012,SKU0029,14,423.0,0.2798408305855577,0.37564850854312476,1.0,8.455190809835065,10.274044988858154,0.28617799757297135,0.19465856505772153
tide,STORE0009,SKU0041,14,1453.0,0.2794912448722563,0.7267590023465521,1.0,29.007198485670603,45.058508866769564,0.2883464759669941,0.04692964561696318
tide,STORE0005,SKU0015,14,198.0,0.27943595674852806,0.32033037274962506,1.0,3.95202281687204,4.850819088911229,0.3020459600781486,-0.17633363671359029
tide,STORE0006,SKU0044,14,1507.0,0.2793863335415618,0.2711742613476807,1.0,30.07394318908097,39.22786923994832,0.2787448251241434,-0.12375801683421093
tide,STORE0011,SKU0056,14,400.0,0.27928123410281214,0.44373554453977626,1.0,7.979463831508919,9.094312347093622,0.3479590896236906,-0.07203707897505236
tide,STORE0012,SKU0057,14,1032.0,0.27923057586203104,0.3002993843187175,1.0,20.583282449258288,23.46549991196775,0.2692433585796137,0.06832677077788503
tide,STORE0013,SKU0063,14,400.0,0.2792033869561974,0.6776766469782178,1.0,7.977239627319926,11.531630009857558,0.3197673627538315,0.1875414937668057
tide,STORE0013,SKU0032,14,642.0,0.27913995813351716,0.3384717176072493,1.0,12.800560937265573,16.547729266512178,0.301000360333191,-0.17512836186805278
tide,STORE0012,SKU0092,14,1293.0,0.2790730567729654,1.6469477087662803,1.0,25.774390171960306,34.9693855364239,0.33428396601414706,-0.031389506402720375
tide,STORE0004,SKU0095,14,468.0,0.27863114842860803,0.479128048911674,1.0,9.31424124747061,11.903674261346927,0.31530688475361635,-0.006641067751551246
tide,STORE0007,SKU0009,14,700.0,0.2784988828126199,0.29380031191462747,1.0,13.924944140630997,16.34181490519478,0.2892339029515901,-0.08804448218744189
tide,STORE0002,SKU0024,14,589.0,0.2780552785001484,0.390201227111117,1.0,11.69818278832767,13.802611886528538,0.30299642917303105,0.03885905048463756
tide,STORE0011,SKU0051,14,1127.0,0.2776893608467899,0.3463254480903892,1.0,22.35399354816659,26.561644811333128,0.29451782003283544,0.004685123656442432
tide,STORE0013,SKU0087,14,267.0,0.27750229556310924,0.29954139730993073,1.0,5.292365208239297,5.956374053630108,0.28456202390615754,-0.07219383568383403
tide,STORE0004,SKU0021,14,958.0,0.2774821872115614,0.8828148865576642,1.0,18.987709667762562,23.92102389801091,0.322122554267176,-0.037687660411141875
tide,STORE0007,SKU0015,14,121.0,0.2773719683991111,1.001099101247039,1.0,2.3972862983066032,3.8119907621833433,0.3003906924972951,0.09818851757232479
tide,STORE0011,SKU0001,14,1706.0,0.2773435597547131,0.41545378588549686,1.0,33.79629378153861,40.42593745286657,0.3207840782241282,0.04428478629695886
tide,STORE0006,SKU0028,14,1773.0,0.27732154713583507,0.5765248426653127,1.0,35.12079307655968,47.25932522409762,0.32566835811671646,0.1274047484888542
tide,STORE0007,SKU0089,14,434.0,0.2772825135584474,0.5745085964645559,1.0,8.59575792031187,12.034416443846736,0.29028923686601454,0.18488023914501497
tide,STORE0003,SKU0020,14,512.0,0.2772247480480141,0.40940662613341955,1.0,10.138505071470231,13.246109302133025,0.29060320163646625,0.12293965777200982
tide,STORE0010,SKU0068,14,623.0,0.27701238867218775,0.2737400219996327,1.0,12.327051295912355,14.27480159666453,0.27100936652723717,-0.0025567408630210596
tide,STORE0012,SKU0101,14,250.0,0.2767996485424488,0.2899279985288384,1.0,4.942850866829444,6.391066573446373,0.2537154354392913,0.06444260698757713
tide,STORE0009,SKU0028,14,1576.0,0.27676579116149935,0.37652467124305106,1.0,31.155920490751644,40.59096965173886,0.28273102910005515,0.04947366409447339
tide,STORE0007,SKU0024,14,611.0,0.2766372844524974,0.3706508998136714,1.0,12.07324148574828,15.118446835964034,0.2761314987702402,0.14062326996630814
tide,STORE0011,SKU0002,14,963.0,0.2766148527039926,0.3757784283039262,1.0,19.02715022528178,23.562827642178274,0.2844382476422986,0.0843787873898265
tide,STORE0007,SKU0029,14,356.0,0.27609214646905283,0.4121023296975261,1.0,7.020628867355915,8.169280081138725,0.3073892062509679,0.08500666587591708
tide,STORE0004,SKU0075,14,539.0,0.27601539785323886,0.4521081667529837,1.0,10.626592817349698,14.602530667770573,0.28894793831251714,-0.0077870156082950484
tide,STORE0002,SKU0065,14,692.0,0.2756852107427542,0.33492222094425494,1.0,13.626726130998993,19.933140873739177,0.2562671358928274,0.09273384265694293
tide,STORE0012,SKU0017,14,1482.0,0.2753934377343707,0.44750346453435397,1.0,29.152362480166953,34.05073180762536,0.31785583422823693,-0.032659610283335166
tide,STORE0011,SKU0074,14,1107.0,0.2749534757195508,0.332967403410589,1.0,21.740964115824482,25.167261641134257,0.2849947718502837,0.02877642349578726
tide,STORE0006,SKU0042,14,248.0,0.2748094970845838,1.6102055782197813,1.0,4.868053948355484,7.088391201984583,0.3195442159660841,0.021900150978912233
tide,STORE0002,SKU0012,14,745.0,0.2747610097261848,0.29332506593749486,1.0,14.621210874714833,23.17574037760484,0.27584208001009813,-0.13294722594300254
tide,STORE0002,SKU0040,14,312.0,0.2747162305376869,0.40968028521451494,1.0,6.1222474234113085,8.05813846409192,0.2944818928804954,0.2710006290190854
tide,STORE0001,SKU0099,14,1706.0,0.27464061148721247,0.20718359619760932,0.9285714285714286,33.46692022837032,47.037926289469496,0.33240710157208164,-0.0022517736818938048
tide,STORE0004,SKU0087,14,478.0,0.27463338740946147,0.4738333009325794,1.0,9.376768512980183,11.88926373813004,0.31905292906933885,-0.05140796099432278
tide,STORE0004,SKU0065,14,1077.0,0.2743565184285237,0.2751962657577451,1.0,21.10585502482286,31.377219985132957,0.24650965196730587,0.034821612854062454
tide,STORE0005,SKU0083,14,1247.0,0.2738326184640553,0.3419098784457666,1.0,24.39066251604836,30.007944883112216,0.2802408495727574,0.09894508673851836
tide,STORE0009,SKU0017,14,1593.0,0.2737254200897953,0.2433171075951648,1.0,31.146042443074567,41.14337022507576,0.27154087061641335,-0.1877073281703968
tide,STORE0013,SKU0085,14,573.0,0.2735518621359199,0.3627223667757669,1.0,11.196086928848723,17.337981810091616,0.2655674799151515,0.11401506998449058
tide,STORE0008,SKU0010,14,525.0,0.2735315180873378,0.35676758413241255,1.0,10.257431928275167,12.456008993396376,0.2789641611719174,0.11632289876486827
tide,STORE0002,SKU0083,14,884.0,0.2734862308627575,0.33857313617099755,1.0,17.268702005905542,20.032728753091085,0.27020479908650324,0.17315817461971356
tide,STORE0002,SKU0028,14,1333.0,0.27315388448298444,0.29134785564882526,1.0,26.008152001129876,30.224880164196883,0.26830071936673966,0.010306371016292795
tide,STORE0007,SKU0003,14,248.0,0.2728877962627967,0.18351628246843343,0.9285714285714286,4.83401239094097,7.027814935925162,0.3201759223376213,-0.017622156017209838
tide,STORE0007,SKU0088,14,252.0,0.27286640582107036,0.3331849983269527,1.0,4.911595304779267,5.9897659517672395,0.2742873767808249,0.0977228523707818
tide,STORE0002,SKU0051,14,762.0,0.27286008058637257,0.324404407048803,1.0,14.851384386201135,17.163568146221706,0.2859663380035729,-0.028838729972944708
tide,STORE0006,SKU0085,14,1393.0,0.2724679388756629,0.7139747045266321,1.0,27.110559918128462,33.98105344104534,0.3448309543026184,-0.11261671706873308
tide,STORE0003,SKU0004,14,911.0,0.2723447322969409,0.3205522482425351,1.0,17.721860794465226,22.36812679004674,0.2619824354344576,0.1292021575325336
tide,STORE0009,SKU0018,14,1416.0,0.27218426464605117,0.2525388838429317,1.0,27.529494195629177,32.66027360430223,0.28901810753212087,-0.2135000092555452
tide,STORE0006,SKU0010,14,576.0,0.2719602377430354,0.5130231758239001,1.0,11.189221209999172,16.133309838375332,0.2902430850761529,-0.030146222227077808
tide,STORE0005,SKU0004,14,1459.0,0.2719305207339477,0.2954205716066224,1.0,28.33904498220212,35.78786273773456,0.27001831641966084,-0.02120092693770205
tide,STORE0012,SKU0055,14,187.0,0.27169238177502736,0.32000682702379624,1.0,3.6290339565664373,4.514614468459432,0.27822959061617974,0.016346437226344566
tide,STORE0012,SKU0008,14,336.0,0.2714076677694777,0.3064534663934576,1.0,6.513784026467465,8.191017860895979,0.281723882813793,-0.07726625130705315
tide,STORE0001,SKU0014,14,909.0,0.2712521006230759,0.32682874012922625,1.0,17.61201139045543,21.59359233976137,0.27763224494857874,-0.0035458756166251953
tide,STORE0012,SKU0072,14,546.0,0.2711236965815497,0.35848218350713523,1.0,10.573824166680438,12.469831581422651,0.30235544988151125,-0.07761666934978081
tide,STORE0010,SKU0065,14,882.0,0.27083342496901697,0.35696009472747436,1.0,17.06250577304807,22.242183688479304,0.28307097089601413,-0.0168242533697849
tide,STORE0008,SKU0012,14,949.0,0.2707458601321379,0.30592473335834863,1.0,18.352701518957065,22.596314263707146,0.27962836474268804,-0.05688479625300787
tide,STORE0012,SKU0058,14,1174.0,0.2706560300794667,0.5053661631115045,1.0,22.696441379520994,29.093940042276447,0.30295258368284667,0.0015587507582977534
tide,STORE0006,SKU0035,14,3647.0,0.2703831042628957,0.24156793016039155,1.0,70.43479866048433,92.55387558848837,0.27598408669708585,-0.2111331960132786
tide,STORE0010,SKU0019,14,253.0,0.2695727673437168,0.2080032408323435,0.9285714285714286,4.871565009854311,6.824149579063977,0.32706715556743365,0.09925685176184755
tide,STORE0012,SKU0052,14,731.0,0.2694796832730468,0.3086964492777121,1.0,14.070689176614085,16.697972907475897,0.26432254945750544,0.056817134996965654
tide,STORE0007,SKU0038,14,1185.0,0.2692900641863818,0.37710229179511684,1.0,22.793480432918745,26.785265169125744,0.2885005368116933,0.013945033919091038
tide,STORE0003,SKU0066,14,303.0,0.2692542401408911,0.5212334242206789,1.0,5.827431054477858,7.914731721606295,0.3178422181259112,0.17667002815114907
tide,STORE0009,SKU0047,14,1126.0,0.26918372861744977,0.28153885812998475,1.0,21.650062744517747,25.930103008740854,0.28446734614844627,-0.13942945750382035
tide,STORE0011,SKU0089,14,668.0,0.2687913511495623,0.38884765949556155,1.0,12.825187326279117,18.148858627772512,0.28515927068461144,-0.029092714345661512
tide,STORE0002,SKU0011,14,251.0,0.26809049540172364,0.44442413132708075,1.0,4.806479596130903,5.879429421696198,0.30510211841309726,0.12608633430629895
tide,STORE0012,SKU0028,14,1723.0,0.26808314119334303,0.2787836874775009,1.0,32.99337516258071,41.47214368812655,0.2596267516495465,0.008625659799167141
tide,STORE0008,SKU0001,14,1519.0,0.2680130323108149,0.33844396336588095,1.0,29.079414005723415,39.74606201429158,0.2528627813049837,0.1434896316371153
tide,STORE0010,SKU0080,14,1122.0,0.2679113855473853,0.1835948276294585,0.9285714285714286,21.471183898869022,31.270363228976425,0.3200070361587131,-0.038137306800459694
tide,STORE0009,SKU0034,14,2219.0,0.2677559967321833,0.28377963436252107,1.0,42.43932548205105,48.307813136197296,0.26845824978120675,-0.023142309274080727
tide,STORE0009,SKU0075,14,458.0,0.26761447536742083,0.2832588548408303,1.0,8.754816408448482,11.098487463829585,0.28512876529668757,-0.15925079542138804
tide,STORE0010,SKU0057,14,1210.0,0.26759245074346566,0.5042686371414191,1.0,23.127633242828104,28.578516156383376,0.3069867410430294,-0.08881929307014383
tide,STORE0012,SKU0027,14,2358.0,0.2674749715071608,0.2407221077897761,1.0,45.050427343848945,63.17242943204964,0.2632650978753932,-0.19174127832786958
tide,STORE0009,SKU0049,14,539.0,0.26744638204414833,0.30772416751222526,1.0,10.29668570869971,11.87975355963493,0.2561182734914294,0.16226740455795644
tide,STORE0006,SKU0004,14,1365.0,0.26726868564761413,0.4005379987799402,1.0,26.058696850642377,34.889184366601775,0.2862768061585193,0.03819045766557423
tide,STORE0011,SKU0038,14,1762.0,0.26718690222283276,0.33530601541122207,1.0,33.62738012261652,39.54368186761144,0.28624804131991866,-0.010603055086120501
tide,STORE0001,SKU0027,14,2752.0,0.26711302010029886,0.2846679835880472,1.0,52.50678795114446,67.5178985492764,0.2801628181332297,-0.1730376406881927
tide,STORE0008,SKU0008,14,370.0,0.26707003395453977,0.2988507748313771,1.0,7.058279468798552,7.848153990683655,0.27351221023171285,0.03230842220717623
tide,STORE0010,SKU0088,14,348.0,0.26696534620790796,0.4006529339048611,1.0,6.635995748596569,8.706632706003186,0.2804586056935339,0.006587311307248785
tide,STORE0009,SKU0067,14,473.0,0.2669302342011446,0.5508063050361753,1.0,9.01842862693867,12.004586476980641,0.29560444707653677,0.03439579583399753
tide,STORE0010,SKU0039,14,237.0,0.2667682536541751,0.3495206187923379,1.0,4.516005436859964,5.873363026521873,0.2738792160726224,-0.011935744809569639
tide,STORE0002,SKU0055,14,165.0,0.26672436670348854,0.846258399381852,1.0,3.1435371790054005,4.005565326789418,0.3257919634539069,-0.07438694779941016
tide,STORE0004,SKU0070,14,1545.0,0.26669177797924887,0.40604828439484353,1.0,29.431342641281393,38.2970729456771,0.28786013238147923,-0.005328879775759921
tide,STORE0003,SKU0043,14,614.0,0.26663338399929,0.3092631617731824,1.0,11.693778412540288,13.706060857888687,0.2694231468434614,0.039766353848313445
tide,STORE0007,SKU0046,14,1422.0,0.2665029791201065,0.24758150171031015,1.0,27.069088307770816,35.68132570064835,0.2629005268788719,-0.12317732136827884
tide,STORE0003,SKU0092,14,949.0,0.2664433743122138,1.353878387537551,1.0,18.06105444444935,24.565577395533104,0.3151656416176853,0.06804333240854853
tide,STORE0004,SKU0046,14,1925.0,0.2662207723107011,0.2999752780443095,1.0,36.6053561927214,42.229436479145676,0.2904028900679008,-0.14820919217908426
tide,STORE0006,SKU0096,14,1601.0,0.26590265945931013,0.35437280061961945,1.0,30.407868413882536,35.10104851808144,0.2936866349804598,-0.09119175687787295
tide,STORE0006,SKU0023,14,1272.0,0.2657270531944624,0.5362691105569858,1.0,24.143200833096866,31.263279812073115,0.311899918512489,0.028054493178466738
tide,STORE0011,SKU0019,14,287.0,0.265416457645137,0.44065690854001566,1.0,5.441037381725309,6.375328319028594,0.3290679949458881,0.08361567198917748
tide,STORE0001,SKU0004,14,1418.0,0.2653563484398473,2.5743762702969035,1.0,26.87680729197882,35.65611689714677,0.3271478971648108,0.03809865950949736
tide,STORE0005,SKU0074,14,1170.0,0.2652916485824293,0.31185220475230696,1.0,22.17080206010302,26.738552323011557,0.27036919994032194,-0.009583071614198009
tide,STORE0009,SKU0076,14,399.0,0.26509703161028186,0.35681707598400786,1.0,7.555265400893033,9.10307088798977,0.2879302487551216,-0.0285027998775521
tide,STORE0001,SKU0006,14,1888.0,0.2650834315583585,0.2923950412943465,1.0,35.748394198727205,46.792172692970944,0.25857789797075664,-0.002116722904723464
tide,STORE0001,SKU0068,14,625.0,0.26497884811497996,0.580576577548839,1.0,11.829412862275891,15.477117684171118,0.3167066403660549,0.17812814541929375
tide,STORE0005,SKU0005,14,1269.0,0.2648385251432966,0.3329898156544841,1.0,24.005720600488814,34.50866576411053,0.25112861456171565,0.2232688904282825
tide,STORE0007,SKU0059,14,282.0,0.26467614596365424,0.26452842736750026,1.0,5.331333797267893,6.663371837759855,0.2623003120107245,-0.029128076067562014
tide,STORE0005,SKU0095,14,571.0,0.2646661222504076,0.23657682913618827,1.0,10.794596843213053,15.054858074006026,0.2696924110847327,-0.21006396611236197
tide,STORE0009,SKU0085,14,1081.0,0.2644069527658904,0.31047940539465707,1.0,20.415993995709105,26.048832995796563,0.26490076646766775,0.009909217289992974
tide,STORE0003,SKU0035,14,2221.0,0.26432181776746183,0.4301351154366855,1.0,41.93276837582376,49.41389243463975,0.30102439930085634,0.009530417745393416
tide,STORE0007,SKU0082,14,697.0,0.26427226704702717,0.3667151325086945,1.0,13.156983580841281,17.627227510914572,0.27806212420278337,-0.019630567368418558
tide,STORE0003,SKU0054,14,1121.0,0.2636298041301913,0.42446187288477155,1.0,21.10921503071032,29.260964315168152,0.29096637667154457,0.005537292363259992
tide,STORE0012,SKU0019,14,256.0,0.26352820785741277,0.3029558323994489,1.0,4.818801515106976,6.148656086231903,0.27400585465158783,0.05736693375520538
tide,STORE0008,SKU0018,14,1262.0,0.263337679563158,0.2845887193152964,1.0,23.738010829193247,27.454103328742143,0.2695884430106833,-0.0477673127767436
tide,STORE0009,SKU0038,14,1253.0,0.2632525532377184,0.3580373869903825,1.0,23.561103514775795,27.115963845988116,0.27486573376695284,0.11658112334364504
tide,STORE0004,SKU0092,14,1296.0,0.2632418662857507,0.2946298933206363,1.0,24.36867562188092,27.629881230355576,0.25454718480223615,0.12674037504208333
tide,STORE0003,SKU0094,14,641.0,0.26321165063114327,0.4555800192326079,1.0,12.051333432468775,15.711128707468992,0.29300531222623416,0.06793963434478578
tide,STORE0005,SKU0049,14,789.0,0.26313981359042116,0.775331066122943,1.0,14.829808065917307,19.05537731001952,0.3243470462641573,-0.11153273760167993
tide,STORE0011,SKU0073,14,184.0,0.26304107660519216,0.19086589347842817,0.9285714285714286,3.4571112925253824,4.555765787627977,0.3450161214089378,-0.11051350720423174
tide,STORE0009,SKU0102,14,1685.0,0.26300142244084984,0.25529276442006305,1.0,31.65409977234514,41.71556742253155,0.2586639553733704,-0.07412558637040755
tide,STORE0006,SKU0101,14,272.0,0.2629833367560959,0.4088708884987754,1.0,5.109390542689864,6.606524580315868,0.2983413008709744,0.020384401932824515
tide,STORE0010,SKU0035,14,2699.0,0.2629064115168663,0.4877797982432561,1.0,50.684600334573005,67.68098482423508,0.28608043352525,-0.011106888988117571
tide,STORE0011,SKU0022,14,1660.0,0.2624313921160417,0.251856119283185,1.0,31.116865065187802,36.15066306593321,0.26412626939062545,-0.10903515744376129
tide,STORE0012,SKU0015,14,171.0,0.262216447913355,0.27874156511180204,1.0,3.2027866137988363,3.628565110005434,0.2768599663459002,-0.10910860494337217
tide,STORE0004,SKU0081,14,1199.0,0.26212574938295896,0.2862155341650602,1.0,22.44919810786913,27.89776079935398,0.2766898841817079,-0.13093836695737626
tide,STORE0007,SKU0096,14,1130.0,0.2618025006660362,0.3705126537682757,1.0,21.131201839472926,26.553309404555897,0.2893406993106833,-0.026967670583083348
tide,STORE0010,SKU0010,14,488.0,0.2616667756612271,0.3537454507748089,1.0,9.120956180191344,12.276320051874457,0.27398064792640237,0.062185946319097185
tide,STORE0004,SKU0064,14,1440.0,0.2616024387933025,0.2681276398493628,1.0,26.90767941873969,35.86331590227858,0.25843643487631546,-0.0848272943654141
tide,STORE0011,SKU0037,14,1945.0,0.2615233073463771,0.343598703354986,1.0,36.33305948490739,44.725792985814444,0.28206738585866653,-0.03755643176609871
tide,STORE0010,SKU0086,14,146.0,0.2614677673671914,0.25554703079056373,1.0,2.7267352882578533,3.5929204554332355,0.25717784598834886,0.0628036010894407
tide,STORE0007,SKU0020,14,561.0,0.26120118243761187,0.30952740287683506,1.0,10.466704524821449,13.007695942407643,0.2731413560024911,-0.03343065792024546
tide,STORE0003,SKU0058,14,1001.0,0.26117699171862685,0.3406139626578084,1.0,18.674154907881817,22.313206761265047,0.277101170919477,0.03707784935215019
tide,STORE0004,SKU0020,14,826.0,0.2610972542165957,1.98926561691879,1.0,15.404737998779146,19.424914146665802,0.32728386846161045,-0.05152353938831453
tide,STORE0010,SKU0021,14,697.0,0.26108488179296196,0.39259680047781564,1.0,12.998297329263892,18.085978245954824,0.2760749690558889,-0.012643802414388934
tide,STORE0002,SKU0088,14,317.0,0.2608118233120809,0.25434553225546824,1.0,5.905524856423546,7.214306103646512,0.26676673035794635,-0.11871497440365904
tide,STORE0012,SKU0064,14,1122.0,0.26061705167800364,0.6334353157228829,1.0,20.886595141622866,29.26530475284645,0.29950646949613086,0.049754466553882035
tide,STORE0007,SKU0047,14,1027.0,0.2602179478486695,0.3090859330335832,1.0,19.088845174327396,22.986107129487902,0.28956753399717167,-0.16324047297225558
tide,STORE0009,SKU0063,14,836.0,0.2600636308946019,0.39175153587334827,1.0,15.5295139591348,18.722044244141372,0.3202887255847723,-0.07842085030252652
tide,STORE0011,SKU0031,14,1024.0,0.25993498662774916,0.2722130646601099,1.0,19.012387593343938,25.816929367837513,0.24759894510366623,-0.01849789859339966
tide,STORE0003,SKU0071,14,347.0,0.2598825062483341,0.2925758106981481,1.0,6.441373547726566,7.1601888696927105,0.2586557350882451,0.06474676270517829
tide,STORE0011,SKU0052,14,860.0,0.25981823802699205,0.4003098071185999,1.0,15.960263193086655,23.280820748565734,0.2790766848939942,-0.03582763902964887
tide,STORE0011,SKU0012,14,988.0,0.2587959856742304,0.2903091556488423,1.0,18.263602417581403,25.302845421215675,0.2635885086506039,-0.0440074126113674
tide,STORE0010,SKU0085,14,1155.0,0.2586474033567664,1.055282434251295,1.0,21.338410776933227,28.511210726030846,0.34081674040779336,-0.017631367389559123
tide,STORE0007,SKU0008,14,282.0,0.2581358835325283,0.42963627843297975,1.0,5.1995942254409275,6.153544422065281,0.29840944232472505,-0.07287368833491771
tide,STORE0010,SKU0064,14,1232.0,0.25792699809908276,0.3857014910953561,1.0,22.697575832719284,31.271832085656385,0.2728194324863655,0.06203171599323105
tide,STORE0010,SKU0074,14,952.0,0.25790330917705073,0.42498667541431734,1.0,17.537425024039447,23.555752072262415,0.2966343015335443,0.07251609113499533
tide,STORE0007,SKU0093,14,816.0,0.25785920280760805,0.29743225840037674,1.0,15.029507820786298,17.364359333970157,0.27269591468422766,-0.04899902083035265
tide,STORE0008,SKU0016,14,488.0,0.2575251131719459,0.23063958730780074,1.0,8.976589659136398,11.54536199008229,0.25860106115535064,-0.18967239271625327
tide,STORE0009,SKU0046,14,1328.0,0.25751705129518127,0.2942010749713044,1.0,24.427331722857193,32.64189143177083,0.24363516006855354,0.0717716022743305
tide,STORE0001,SKU0070,14,1701.0,0.25730401829045796,0.8516162651968427,1.0,31.262438222290644,42.37136617750155,0.30006473041866333,-0.07965975150664105
tide,STORE0010,SKU0032,14,1108.0,0.2572103619372102,0.2861812995781757,1.0,20.356362930459206,22.781332320764086,0.26192119794299645,0.0012147129743451323
tide,STORE0012,SKU0059,14,346.0,0.25704313662489453,0.41323452366365554,1.0,6.352637519443823,8.168453263314198,0.2729234447910174,0.023144621183661486
tide,STORE0003,SKU0069,14,1055.0,0.2568385784338124,0.30818634156560665,1.0,19.354621446262293,23.496334920116208,0.27028473613417814,-0.001216297081188721
tide,STORE0007,SKU0076,14,358.0,0.2568213518381938,0.26882961816533857,1.0,6.5672888541480985,7.577876956803502,0.2708196372921338,-0.10925489703383894
tide,STORE0011,SKU0030,14,741.0,0.25665616877188746,0.421979874226044,1.0,13.58444436142633,18.153079920933763,0.2865685159023143,0.024502385408892716
tide,STORE0004,SKU0031,14,1139.0,0.2566488129141948,0.37778421168466814,1.0,20.880214136376274,25.829244369110526,0.28999319314036703,-0.168972806246969
tide,STORE0006,SKU0008,14,381.0,0.25647919142969716,0.35006430550214235,1.0,6.979897995336758,8.17078310111141,0.28861427267293915,-0.09122688165642837
tide,STORE0006,SKU0025,14,499.0,0.2564566157150539,1.6789064492961885,1.0,9.140846517272278,14.468800458304951,0.30801011328649847,0.0314342970990001
tide,STORE0004,SKU0008,14,363.0,0.2564530082355671,0.49890803946185003,1.0,6.649460142107919,9.939600747303128,0.27368129280093395,0.09179987772473182
tide,STORE0004,SKU0017,14,1849.0,0.2563881327952964,0.24988438255238257,1.0,33.86154696703593,41.5813773265103,0.2533173382025557,-0.09245704943179671
tide,STORE0002,SKU0096,14,950.0,0.2563877254097463,0.4080736849021464,1.0,17.397738509947068,24.61271038595514,0.2609809176714529,0.15669573723481142
tide,STORE0003,SKU0065,14,770.0,0.25633890833699347,0.35331581915867816,1.0,14.098639958534639,18.878041261697756,0.2741784206885624,-0.013492361014171905
tide,STORE0008,SKU0022,14,1449.0,0.2560020506880644,0.30820169848027146,1.0,26.496212246214668,30.312014290918967,0.2687140225399954,-0.002358029911816238
tide,STORE0009,SKU0039,14,227.0,0.25573597020247596,0.7426019646904977,1.0,4.146576088283004,5.990185773287927,0.2991945736752285,0.11387702391018538
tide,STORE0006,SKU0090,14,298.0,0.2556916313692262,0.34589613423749466,1.0,5.442579010573529,6.840258697798479,0.2677225646554421,0.044974491039324424
tide,STORE0001,SKU0069,14,1641.0,0.25567627741430105,1.9179149824111938,1.0,29.968912231204857,40.97312060906357,0.32008929188533103,-0.12666492187789033
tide,STORE0005,SKU0089,14,749.0,0.2554764965737344,0.300770897945216,1.0,13.66799256669479,16.555995353230653,0.2657140106287442,-0.005937525433775784
tide,STORE0008,SKU0082,14,1036.0,0.25515070823867936,0.27627145301368533,1.0,18.88115240966227,21.94248421744704,0.26599368786411504,-0.065735069408032
tide,STORE0010,SKU0053,14,445.0,0.25511142700063194,0.2382247756329314,1.0,8.108898929662944,10.523780850460755,0.25401510326136884,-0.1156158930852351
tide,STORE0001,SKU0015,14,160.0,0.2549095611835144,0.4012837267158895,1.0,2.913252127811593,3.9028235605152712,0.2706619539509331,0.13033201628238228
tide,STORE0011,SKU0065,14,1013.0,0.25473874851677397,0.3007389942346443,1.0,18.432168017678002,24.065581011787163,0.2651824503399209,-0.0321745699049859
tide,STORE0002,SKU0056,14,305.0,0.25467820419940373,0.26933813670630774,1.0,5.54834659148701,8.033752736090683,0.23450065663547856,0.029177594695762383
tide,STORE0009,SKU0061,14,1390.0,0.25448911055452167,0.34331783650132275,1.0,25.267133119341796,30.868388877132677,0.28175190546181367,-0.059706473771085455
tide,STORE0005,SKU0076,14,437.0,0.25409923080769137,0.345170148061896,1.0,7.93152599021151,9.897952583114332,0.2692916952797338,0.045513698712240806
tide,STORE0003,SKU0091,14,230.0,0.25392893059048816,0.9100190805312003,1.0,4.171689573986591,5.259320890671067,0.30587858903634285,0.025018602451572915
tide,STORE0004,SKU0027,14,2403.0,0.25370145910918,0.2810361061531117,1.0,43.546043302811405,57.60943441981022,0.25248108974699535,0.0022594609627770964
tide,STORE0002,SKU0044,14,974.0,0.25369573944309565,0.47391501974768196,1.0,17.649975015541084,21.61095701413076,0.2840283790599686,0.05786176688626072
tide,STORE0002,SKU0008,14,263.0,0.2535050632843651,0.2794702236656432,1.0,4.762273688842002,5.426947682086716,0.25431054290010974,0.015696279617814973
tide,STORE0009,SKU0051,14,894.0,0.2531334257233176,0.37148158889944305,1.0,16.164377328331852,20.670781196792895,0.2735951728250974,-0.01043508941487037
tide,STORE0006,SKU0022,14,1508.0,0.2528975610017119,0.6220710642779884,1.0,27.240680142184395,36.44989153250682,0.2843239111216113,0.009395427913214119
tide,STORE0011,SKU0066,14,486.0,0.25256297895934504,0.2729863349607073,1.0,8.767543412445834,9.807320880554729,0.25642496431139433,-0.006167937074093272
tide,STORE0008,SKU0039,14,321.0,0.25237804686866094,0.2358487506265375,1.0,5.78666807463144,7.319086634541796,0.2547782022309662,-0.13627820245533764
tide,STORE0010,SKU0043,14,744.0,0.25232178365322233,0.32947674159435436,1.0,13.4091005027141,15.773539259277094,0.27639624408784474,0.05916709983823514
tide,STORE0011,SKU0070,14,1494.0,0.25228343928536956,0.6277813307113869,1.0,26.92224702088158,35.46289104347932,0.29094717839624706,0.026706388714341257
tide,STORE0007,SKU0073,14,119.0,0.25225522786526394,0.2876794296687229,1.0,2.1441694368547433,2.373973457963354,0.2517962986456398,0.11110182500370079
tide,STORE0011,SKU0061,14,1435.0,0.2521348471406286,0.34871706588078727,1.0,25.843821831914433,34.43832760782277,0.2705406759362701,0.01312393542944863
tide,STORE0003,SKU0016,14,283.0,0.25208794160960146,0.248012816669643,1.0,5.095777676822658,7.187318963964963,0.2190233858251172,0.06450773401214654
tide,STORE0013,SKU0020,14,390.0,0.25208522513000886,0.2544507621572493,1.0,7.022374128621676,8.898907150819946,0.23918164841759104,0.028342019477960598
tide,STORE0001,SKU0093,14,1088.0,0.25185325342127657,0.33795020092479683,1.0,19.572595694453494,23.97051240158617,0.2615687690604992,0.09409203391490108
tide,STORE0002,SKU0073,14,114.0,0.2517773381920238,0.27882196216683164,1.0,2.0501868967064794,2.6817762343605467,0.23547714228872257,0.12266697687990283
tide,STORE0005,SKU0067,14,633.0,0.2517037322900443,1.0998658476242384,1.0,11.380604467114145,16.041514161620842,0.2982494775405385,-0.05765883121871421
tide,STORE0002,SKU0032,14,777.0,0.2516274993858041,0.5861823978289519,1.0,13.965326215912128,19.123715893874888,0.2998441367718068,0.09253527721681172
tide,STORE0008,SKU0044,14,1387.0,0.2515662333642518,0.2887724870661759,1.0,24.923026119729805,29.50937121439256,0.2684096197855048,-0.07555454265938036
tide,STORE0003,SKU0051,14,746.0,0.25130357181658985,0.30557183665047866,1.0,13.390890326798289,16.067284754356038,0.26659588750143126,-0.016928618547512823
tide,STORE0010,SKU0005,14,1302.0,0.25121556027217906,0.34145440447366615,1.0,23.363047105312653,28.273230560836108,0.27796446366420796,0.02384083806611066
tide,STORE0012,SKU0074,14,1015.0,0.2505915455992269,0.4026877977638798,1.0,18.167887055943954,22.02529752475062,0.29307528894257867,0.03692869351075613
tide,STORE0007,SKU0086,14,129.0,0.25050057081020244,0.2895851882793393,1.0,2.308183831036865,3.5552791059723003,0.2697493967272118,0.09572229912419197
tide,STORE0001,SKU0045,14,1258.0,0.2503836205009091,0.3023961123946655,1.0,22.498756756438834,29.826842712974834,0.2549307950940315,0.024220112495275392
tide,STORE0004,SKU0101,14,279.0,0.25019971773566113,0.25252533537104344,1.0,4.986122946303532,6.419583385603876,0.22644033879297226,0.08803141199271679
tide,STORE0004,SKU0026,14,1729.0,0.25007388190283436,0.33765881787735524,1.0,30.88412441500005,36.437794061402066,0.2767346963297595,-0.025823260995545775
tide,STORE0004,SKU0071,14,421.0,0.2500175188859765,0.3471527453580953,1.0,7.518383960785436,9.070180887577942,0.25845743378864056,0.1382881941034037
tide,STORE0011,SKU0096,14,1533.0,0.24946499380295425,0.8778819033437664,1.0,27.31641682142349,35.0871285925772,0.31298892739935086,-0.06649436985886162
tide,STORE0005,SKU0091,14,329.0,0.24939402650234593,0.22811333567578748,1.0,5.860759622805129,7.2362041316422,0.23393112352103218,-0.00463331402771992
tide,STORE0004,SKU0018,14,1410.0,0.24934134545897677,0.24999695229842292,1.0,25.112235506939804,33.80511602542679,0.24731546897276682,-0.08836196266242971
tide,STORE0009,SKU0088,14,297.0,0.24923148035807102,0.2883800342513047,1.0,5.287267833310507,6.59909860497153,0.240049515093436,0.10679873582093531
tide,STORE0008,SKU0027,14,2431.0,0.24921501099809126,0.28468113571910164,1.0,43.274406552597135,52.60230317064691,0.2727456564930283,-0.14391667768892658
tide,STORE0005,SKU0058,14,1467.0,0.24882551979507964,0.2815572864491426,1.0,26.073359824241557,29.95840623871312,0.26191015595194667,-0.04745873364182315
tide,STORE0003,SKU0063,14,680.0,0.2487672629980635,0.3266038224585711,1.0,12.082981345620228,13.219651472136224,0.28378746833647756,0.061703703939097125
tide,STORE0006,SKU0050,14,250.0,0.24830587092650575,0.2655690000352875,1.0,4.434033409401889,5.4190676896624215,0.23911637879331055,0.06935650468414975
tide,STORE0013,SKU0089,14,390.0,0.2481027491456201,0.23864799532671696,1.0,6.911433726199418,8.202377335489333,0.25073718981507265,-0.08115238582647051
tide,STORE0011,SKU0007,14,501.0,0.24788808898347284,0.24466586202098542,1.0,8.870852327194278,12.412738567061242,0.2543102551015138,-0.1781184101336305
tide,STORE0006,SKU0092,14,1299.0,0.24787595766614895,0.19150786224217659,0.9285714285714286,22.999347786309105,35.52192104972678,0.29370440423124805,0.16564312977018614
tide,STORE0010,SKU0059,14,367.0,0.24773504266500404,0.27382253244062243,1.0,6.494197189861177,8.229830609468458,0.25495916729632595,-0.02434280174362212
tide,STORE0001,SKU0010,14,595.0,0.24732260479150106,2.7871071135890118,1.0,10.511210703638795,14.934038280603104,0.29883016392206857,0.021182196984859954
tide,STORE0009,SKU0024,14,724.0,0.24712092134762337,0.2727054277538853,1.0,12.779681932548524,15.42340901409472,0.250192060928672,0.014778290496957388
tide,STORE0008,SKU0004,14,1489.0,0.24684580845764414,0.28053827735161724,1.0,26.25381491381658,28.788261004691304,0.2661090784382846,-0.08741259233753712
tide,STORE0013,SKU0014,14,483.0,0.24679714461799687,0.27885187251296345,1.0,8.514501489320892,9.631196839727336,0.2670778158242358,-0.09671587934178266
tide,STORE0009,SKU0059,14,384.0,0.2466967032881142,0.2497292456960487,1.0,6.766538147331132,7.85799599890229,0.270711151879333,-0.18072960307043537
tide,STORE0007,SKU0028,14,1380.0,0.246502722486746,0.40887965772348583,1.0,24.298125502264963,31.645568728844665,0.2721668555903245,0.09026088015926538
tide,STORE0004,SKU0098,14,620.0,0.24627896695590124,0.39218224992994655,1.0,10.906639965189912,12.984495272190356,0.2807474606749621,0.039378217853374
tide,STORE0012,SKU0026,14,1485.0,0.2460895873596861,0.31855535616106856,1.0,26.103074087795278,32.739553442174184,0.2770569146977101,-0.1384635874441754
tide,STORE0013,SKU0031,14,543.0,0.24583995607411277,0.24277249349985017,1.0,9.535078296303087,11.745254819627089,0.2435932932001777,-0.08050436575924713
tide,STORE0012,SKU0036,14,655.0,0.24578870944089035,0.2602028642761339,1.0,11.499400334555942,14.057694602175964,0.24663811063431104,-0.011444229484730816
tide,STORE0001,SKU0053,14,476.0,0.24525163004753478,0.24072185112261366,1.0,8.338555421616183,10.795502271790868,0.2361624436203016,-0.017286148625433036
tide,STORE0012,SKU0009,14,708.0,0.2450830040539294,1.4285705370081152,1.0,12.39419763358443,18.562927581007482,0.32528261547093323,0.06645224044607408
tide,STORE0005,SKU0079,14,1154.0,0.2449770165858912,1.6498124676565895,1.0,20.193105510008458,29.553199577263598,0.2896629433762657,0.0933259560690291
tide,STORE0009,SKU0068,14,556.0,0.24480450720277708,0.33463322305104576,1.0,9.722236143196003,11.74851240504795,0.26965275493826085,0.05283795336590255
tide,STORE0010,SKU0046,14,1367.0,0.24476708290674545,0.5054668236476424,1.0,23.899757309537218,29.85200256401768,0.2898482029007843,0.07814123280560394
tide,STORE0002,SKU0036,14,497.0,0.244563225553678,0.2855331154590598,1.0,8.681994507155569,12.690351671924189,0.2223486194462869,0.1539207341540971
tide,STORE0013,SKU0024,14,496.0,0.24449906430783575,0.25095121513190705,1.0,8.662252564049037,10.911443275266869,0.2518138948336996,-0.08728207944050016
tide,STORE0009,SKU0033,14,1735.0,0.2443470110448943,0.24082966923073149,1.0,30.281576011635117,36.247494982208266,0.2620409701932619,-0.1768632662789937
tide,STORE0005,SKU0087,14,436.0,0.24426716489373848,0.3522533890852121,1.0,7.607177420976427,9.408063391272899,0.27131392438186974,0.09495984284015996
tide,STORE0009,SKU0035,14,2812.0,0.24422016099454183,0.23477414008192496,1.0,49.05336376547512,59.086807760103824,0.2585683554606676,-0.16603406756083486
tide,STORE0003,SKU0022,14,1056.0,0.24414834669530422,0.3350876500870573,1.0,18.415761007874377,22.162822318147906,0.26815171002973315,0.007145255571991998
tide,STORE0005,SKU0035,14,2860.0,0.24407472604789235,0.3160993395365384,1.0,49.86097974978372,64.57678408851868,0.2561610368823695,0.02165359872773191
tide,STORE0007,SKU0031,14,763.0,0.2440073738794828,0.28589817870535983,1.0,13.298401876431813,16.697972112415812,0.26107487409657326,-0.06623106306477668
tide,STORE0008,SKU0088,14,350.0,0.24367216134086406,0.29303046824306833,1.0,6.091804033521602,7.401760800876186,0.2504474726019461,-0.007431976650713413
tide,STORE0011,SKU0017,14,1642.0,0.24365228864467414,0.25970539745212934,1.0,28.57693271103964,35.75749785552855,0.24327606112034433,-0.02732682906443567
tide,STORE0001,SKU0067,14,615.0,0.24354905249472028,0.26562142294868546,1.0,10.698761948875212,12.779477797444363,0.24513883674686296,-0.0029568629274754677
tide,STORE0006,SKU0020,14,812.0,0.24347186479996932,0.31659807341334206,1.0,14.121368158398221,16.548139904828158,0.2663045319384268,0.00031254255992358993
tide,STORE0010,SKU0037,14,1785.0,0.24345024094291545,0.23794443944553456,1.0,31.03990572022172,37.906042026636165,0.25344400032288694,-0.12778007075562087
tide,STORE0010,SKU0096,14,1170.0,0.2432236353145696,0.43762474401840273,1.0,20.326546665574742,26.514417031685042,0.2710034584476214,0.06662711418918293
tide,STORE0002,SKU0001,14,1087.0,0.24313866764241782,0.3454988066780916,1.0,18.877980837664868,25.193938773312755,0.267742073648901,0.03366240146500784
tide,STORE0011,SKU0059,14,425.0,0.2428971298967239,0.3253650799797362,1.0,7.373662871864832,9.942461442524678,0.2567191996286439,-0.08471689883140897
tide,STORE0012,SKU0004,14,1315.0,0.2428145860169473,0.3266201113013175,1.0,22.807227186591835,29.747351055427533,0.26032924207504365,-0.0855300782171233
tide,STORE0002,SKU0010,14,377.0,0.24259138196608193,0.4082165675859474,1.0,6.532639357229492,11.49443795294091,0.23493861024720855,0.1639379483030581
tide,STORE0007,SKU0085,14,893.0,0.24255288436002456,0.2927903011000804,1.0,15.471408980964425,19.53845930481872,0.25560291302710225,0.023212603804340884
tide,STORE0007,SKU0068,14,518.0,0.24249630413386689,0.2864038188790273,1.0,8.972363252953075,10.018863172943915,0.2783804758951319,-0.10316968945842123
tide,STORE0006,SKU0077,14,1121.0,0.2424144894735275,0.27074328480918686,1.0,19.410474478558882,23.92381842829131,0.25856644158306197,-0.05127698191091522
tide,STORE0011,SKU0003,14,339.0,0.2421448521772856,0.27289821020714333,1.0,5.863364634864273,6.997113300396774,0.25442736059206794,-0.047033294070678786
tide,STORE0003,SKU0014,14,723.0,0.24199487048820534,0.22114311115841837,1.0,12.497306525926604,17.48145901078246,0.24165324614700098,-0.14702409315278167
tide,STORE0002,SKU0092,14,941.0,0.2417419162282725,0.8522252836761398,1.0,16.24851022648603,23.16741839535525,0.2890516001591385,0.13192458552813063
tide,STORE0006,SKU0070,14,1667.0,0.24167424884815028,0.27516242618539366,1.0,28.77649805927618,33.63373606341964,0.26052543130785477,-0.09011426414616563
tide,STORE0002,SKU0007,14,321.0,0.2415490403609901,0.249222341902741,1.0,5.538374425419844,6.435686429574961,0.2534775165516626,-0.09892123617738248
tide,STORE0010,SKU0007,14,334.0,0.24129240247464545,0.39676399106404164,1.0,5.756547316180828,7.417449598924108,0.2721821248761355,0.10841775862578529
tide,STORE0007,SKU0087,14,315.0,0.2412820274511652,0.4278664784811189,1.0,5.428845617651217,6.6397536076709995,0.27193621986343025,0.03340544770547046
tide,STORE0008,SKU0011,14,338.0,0.24125254970179524,0.24415932028350365,1.0,5.824525842800485,9.08992896786655,0.20961274065932184,0.10719975518750954
tide,STORE0009,SKU0011,14,293.0,0.24121712953144786,0.40332572503128533,1.0,5.048329925193873,6.704181008680635,0.2623819760435683,0.11796262356581433
tide,STORE0002,SKU0018,14,818.0,0.2411115657650608,1.683753715402861,1.0,14.087804342558552,21.24501221317911,0.28250960473021414,0.03502159661767318
tide,STORE0012,SKU0018,14,1143.0,0.24098817843746473,0.34432474591268114,1.0,19.6749634252873,23.5677714415995,0.26834503970407236,-0.04254978891036847
tide,STORE0013,SKU0036,14,382.0,0.24070636705367796,0.5640999102293262,1.0,6.567845158178927,8.698527055175362,0.28357612650403646,0.03160178291275796
tide,STORE0005,SKU0031,14,1061.0,0.2405920615833133,0.2400661976260751,1.0,18.23344123856396,23.807350653470266,0.2430996895126989,-0.09062468050542206
tide,STORE0001,SKU0096,14,1542.0,0.24058587411957869,0.2539103190625461,1.0,26.498815563742166,29.57240818569662,0.24560786675893614,-0.04754396280992093
tide,STORE0002,SKU0025,14,396.0,0.2403003502706594,0.23864903640664722,1.0,6.797067050512937,7.7526020737166395,0.24951172351373518,-0.13785653455866317
tide,STORE0002,SKU0009,14,721.0,0.23987284533665038,0.2891431208839576,1.0,12.353451534837493,14.694918334596153,0.26119171514267747,-0.12868258329654947
tide,STORE0013,SKU0027,14,1226.0,0.2397412561788067,0.2578754583099499,1.0,20.99448429108693,28.075811182537617,0.24187569609028614,-0.06391084731421297
tide,STORE0012,SKU0050,14,260.0,0.2396553158065577,0.23610147976595314,1.0,4.450741579264642,5.757292965881619,0.2427960339875063,-0.10565153178722214
tide,STORE0008,SKU0085,14,1368.0,0.2396109068520354,0.23827358263036755,1.0,23.413408612398886,30.88297587937175,0.24028160924457412,-0.09421585811204072
tide,STORE0012,SKU0071,14,404.0,0.23952573338618616,0.24493860631010736,1.0,6.912028306287086,8.396998097613377,0.24314969092164324,-0.06111896049592256
tide,STORE0010,SKU0016,14,400.0,0.23951869928201316,0.305473324763177,1.0,6.843391408057519,7.971296447484227,0.27888050132219455,-0.08797119321543917
tide,STORE0012,SKU0078,14,414.0,0.2391386469011096,0.26189994864930993,1.0,7.071671415504241,7.899947216938337,0.243704346615445,-0.0009058820491072868
tide,STORE0007,SKU0037,14,1408.0,0.23901382439991617,0.24171925279571918,1.0,24.03796176822014,29.459286515872748,0.25329003828142294,-0.15790552756251544
tide,STORE0008,SKU0048,14,1241.0,0.238988058119236,0.25143503944842166,1.0,21.184584294712277,26.436346498801615,0.24979736771780586,-0.08650639129709747
tide,STORE0010,SKU0077,14,817.0,0.23896823710632606,0.3142122719500416,1.0,13.945503551133456,18.428025452970942,0.2450262550492588,0.1420086901887285
tide,STORE0007,SKU0026,14,1113.0,0.23861931593627234,0.29891978108642914,1.0,18.97023561693365,24.333108812644667,0.25395777481039067,0.004109246011080953
tide,STORE0010,SKU0075,14,475.0,0.23842918914832917,0.29901275439997643,1.0,8.089561774675454,10.492152242736655,0.2492450580600322,0.001123265689723885
tide,STORE0003,SKU0073,14,120.0,0.238236114097673,0.25550070784962753,1.0,2.042023835122911,2.420251981728371,0.23562776355963594,0.10410700468604635
tide,STORE0004,SKU0090,14,284.0,0.23796986936877262,0.2783561911261207,1.0,4.827388778623673,5.797006378610536,0.23506322240430652,0.0794064842216936
tide,STORE0002,SKU0033,14,1228.0,0.23793479523603797,0.24910598721016144,1.0,20.8702806107039,24.438300789571787,0.24483688652365912,-0.05632654348556231
tide,STORE0006,SKU0036,14,661.0,0.2379015433033991,0.589426359350005,1.0,11.2323514373962,14.766787997974312,0.2755981586187444,0.13972122296406436
tide,STORE0003,SKU0053,14,403.0,0.23782911960011918,0.24303916688830404,1.0,6.846081085632002,8.322889342461636,0.25857393498157405,-0.14100005385873066
tide,STORE0008,SKU0080,14,1359.0,0.23748879376220355,1.0776364224517556,1.0,23.053376480202473,31.610452995983298,0.2848183010734254,-0.0173602811078773
tide,STORE0010,SKU0070,14,1503.0,0.23743620062585138,0.25324130506998027,1.0,25.49047211004676,28.096699110645233,0.2594196036571698,-0.14759651429894982
tide,STORE0003,SKU0003,14,272.0,0.2372585096310162,0.3500329619112704,1.0,4.6095939014026,5.454812908178513,0.2784956362408576,-0.07619809805568965
tide,STORE0007,SKU0011,14,253.0,0.2370676761848799,0.2500300913332628,1.0,4.284151576769615,6.121684515683819,0.23171987602835006,0.03322542779300785
tide,STORE0009,SKU0037,14,1292.0,0.23706496046854383,0.35286214472628463,1.0,21.87770920895419,28.523460149427986,0.2534634531196888,0.17371542353539995
tide,STORE0001,SKU0002,14,954.0,0.2370389236658604,1.2800247603196664,1.0,16.152509512659346,22.47743887072317,0.2871690377381751,0.03560678567650449
tide,STORE0001,SKU0023,14,1189.0,0.2370278440792258,0.343738333205493,1.0,20.130436186442818,28.94211628951327,0.24685316426450551,0.022601006924192136
tide,STORE0012,SKU0099,14,1401.0,0.23695354446303468,0.6379022653835752,1.0,23.7122796994794,31.33312996081483,0.29675677194131644,0.009274887447898988
tide,STORE0009,SKU0001,14,1379.0,0.2367548812838987,0.24066956409022275,1.0,23.320355806464022,31.101067366574387,0.2319899025096772,-0.002219168071651571
tide,STORE0004,SKU0039,14,282.0,0.23657908510246725,0.24296106244931479,1.0,4.7653787142068404,6.270988465133879,0.22815824369574728,-0.006031308331699407
tide,STORE0004,SKU0056,14,437.0,0.23655439948494109,0.31122140448710883,1.0,7.383876612494233,8.138393928341058,0.2747115704875957,-0.02441765681981491
tide,STORE0012,SKU0010,14,552.0,0.23654461569905985,0.24960516034558797,1.0,9.32661627613436,10.849159262407564,0.2435048778360523,-0.05666097941756938
tide,STORE0009,SKU0064,14,1341.0,0.2364927765246063,0.30435429878086895,1.0,22.65262952282122,26.651323881423554,0.2598071785397085,-0.04311912117881907
tide,STORE0011,SKU0064,14,1470.0,0.23636048211201754,0.23738745420452162,1.0,24.817850621761842,31.02566183173816,0.2389337852637108,-0.07723518786922814
tide,STORE0004,SKU0025,14,450.0,0.23622368145236008,0.31083297215866296,1.0,7.592904046683003,9.547262903171898,0.2439960950911774,0.10635764935174882
tide,STORE0007,SKU0035,14,2441.0,0.23622302178825433,0.21690787389934615,1.0,41.18717115608063,50.345615541868014,0.2490093082490496,-0.19028662430089868
tide,STORE0009,SKU0030,14,587.0,0.236170667517977,0.31519915720061903,1.0,9.902298702360893,11.901167224590827,0.24692954850888452,0.14984624655725978
tide,STORE0005,SKU0039,14,295.0,0.23593580788566085,0.2770149317713923,1.0,4.971504523304996,5.706131572598022,0.2443510143407102,-0.0013351062072842737
tide,STORE0005,SKU0081,14,1122.0,0.2358984504393713,0.240939366888201,1.0,18.9055758137839,26.408905387227115,0.23582279431051495,-0.07451255614827687
tide,STORE0009,SKU0006,14,1664.0,0.23588561753715906,0.4596454664424038,1.0,28.036690541559476,37.98257742315789,0.26969552682811937,0.032288679355948625
tide,STORE0005,SKU0040,14,431.0,0.23576134609591487,0.3245696329016811,1.0,7.258081440524236,10.35175075156391,0.234274991726188,0.16723509573323445
tide,STORE0013,SKU0080,14,743.0,0.23549594869028762,0.24756051276287566,1.0,12.498106419777406,15.179644444759163,0.24775361201093365,-0.11293277751466614
tide,STORE0011,SKU0077,14,1037.0,0.2352543874732296,0.2601319370628137,1.0,17.425628557838508,24.049712350780997,0.23804721456112846,-0.07342444106245262
tide,STORE0004,SKU0079,14,1285.0,0.2350726888675757,0.27135230656598697,1.0,21.576314656773913,26.830451030887712,0.23809615066029574,0.04535935590523982
tide,STORE0008,SKU0095,14,449.0,0.235034278167066,0.28049192734888706,1.0,7.537885064072332,9.199745247072979,0.23921916190742132,0.05859126753014649
tide,STORE0002,SKU0004,14,1160.0,0.23487260829641607,0.22722587582528445,1.0,19.460873258845904,24.797116472994084,0.23747561876017373,-0.12604762624626586
tide,STORE0006,SKU0030,14,772.0,0.23447377931996363,0.2534546251319708,1.0,12.929554116786566,15.673983599301916,0.22998902501278834,0.05904605709605434
tide,STORE0004,SKU0038,14,1901.0,0.23445423985543581,0.30160590064234877,1.0,31.835536426084534,40.3351225210695,0.25627689156521655,-0.07088947630455672
tide,STORE0005,SKU0072,14,626.0,0.234411955919428,0.2293576129450075,1.0,10.481563171825853,12.771395313153239,0.24442094452312646,-0.12308871727790952
tide,STORE0008,SKU0102,14,1650.0,0.23428729946962693,0.31143999438867614,1.0,27.612431723206033,35.13422538205175,0.24921741058468502,0.11382355339426896
tide,STORE0002,SKU0046,14,1470.0,0.23389755894632647,0.2201513795135197,1.0,24.55924368936428,32.92848130501331,0.2375800914643519,-0.18002770075828753
tide,STORE0010,SKU0052,14,721.0,0.23372047450908812,0.3206712945198678,1.0,12.036604437218037,16.48681947893575,0.25945080040645563,-0.050579072958352414
tide,STORE0004,SKU0049,14,781.0,0.23348183375829393,0.24509221769576722,1.0,13.024950868944826,15.4695237938914,0.23148950197212673,0.017293198274597337
tide,STORE0003,SKU0056,14,301.0,0.23345248033338756,0.2535853467400995,1.0,5.019228327167832,5.654026604964694,0.2409504555627137,0.020324151021899793
tide,STORE0007,SKU0044,14,1071.0,0.23301944255115126,0.31498438049944194,1.0,17.825987355163072,23.397770459006463,0.2548293865116486,-0.038268778240256006
tide,STORE0012,SKU0084,14,351.0,0.23290987671833543,0.2685018047763566,1.0,5.839383337723981,6.565374723613938,0.2470346626753696,-0.02342097026095816
tide,STORE0010,SKU0042,14,195.0,0.23289895455941767,0.38284933736633275,1.0,3.2439497242204602,4.292697666955958,0.25870989882788503,0.16737529914897112
tide,STORE0006,SKU0047,14,1285.0,0.23289472541162326,0.26197512695104314,1.0,21.376408725281134,27.06048443199273,0.2402708038186554,-0.010414234034981599
tide,STORE0008,SKU0005,14,1579.0,0.2328515881769453,0.28783414608125835,1.0,26.262332695099758,33.19837840723632,0.25190105693907905,-0.024728402855594644
tide,STORE0005,SKU0001,14,1634.0,0.23252864744548774,0.3818386400535723,1.0,27.139414994709067,36.87251225369384,0.2516055528413811,-0.01784715663801669
tide,STORE0004,SKU0023,14,1222.0,0.23249737112884353,0.310205632767061,1.0,20.293699108531914,23.46350690383389,0.26516340880833716,0.013071104969167316
tide,STORE0008,SKU0061,14,1310.0,0.23249251856197292,0.28105822121735324,1.0,21.75465709401318,26.16734303286924,0.23626963609722734,0.08060656917742669
tide,STORE0010,SKU0061,14,1199.0,0.23233428214038954,0.250814040537995,1.0,19.89777173473765,23.346703933174634,0.237641494550942,-0.01559457168815124
tide,STORE0005,SKU0052,14,866.0,0.23225764662703197,0.32345233025784687,1.0,14.36679442707212,18.622487578027876,0.24589098058152953,0.01449146057834664
tide,STORE0011,SKU0047,14,1260.0,0.23212637019289667,0.23408475399916945,1.0,20.8913733173607,24.17137660138363,0.24051708576076836,-0.1133195364700479
tide,STORE0008,SKU0030,14,737.0,0.23208325780579975,0.2625373059892346,1.0,12.217525785919602,13.887468350773919,0.2349334213087699,0.06482390549598514
tide,STORE0004,SKU0088,14,340.0,0.2314220755457203,0.16509086475079207,0.9285714285714286,5.62025040611035,7.962301325321459,0.2943243409333104,0.052492043034510716
tide,STORE0002,SKU0059,14,273.0,0.2313271166268746,0.7582080797636769,1.0,4.510878774224055,6.003398536379795,0.2830054687231051,0.03175914091164157
tide,STORE0008,SKU0099,14,1683.0,0.2308721108574458,0.2904682458537451,1.0,27.754125898077234,33.21066094916594,0.24753912726318106,0.006942138813793391
tide,STORE0009,SKU0025,14,431.0,0.23059174532288915,0.3532933617151756,1.0,7.098931588154659,8.686046316518969,0.25697545285896245,-0.00699397045430484
tide,STORE0012,SKU0030,14,750.0,0.2303008581807625,0.25301832548659214,1.0,12.337545973969421,16.092030530020242,0.236899579189843,-0.06851642705690669
tide,STORE0004,SKU0037,14,1788.0,0.2302755240929582,0.42159020593611823,1.0,29.40947407701495,37.83875764696771,0.2597149794353878,0.0660119652145535
tide,STORE0004,SKU0041,14,1795.0,0.23010546454105163,0.231970947661271,1.0,29.502807775084836,33.890319917288714,0.2341812777107374,-0.07814000770690617
tide,STORE0012,SKU0056,14,336.0,0.2300904808227765,0.7484154192286203,1.0,5.522171539746636,6.822931346351678,0.29256946699330655,0.009643994598584671
tide,STORE0008,SKU0077,14,960.0,0.23007120603603518,0.772244418207228,1.0,15.776311271042413,20.53609382353555,0.3097247855787935,0.10728057966687406
tide,STORE0004,SKU0012,14,1052.0,0.22992221460338833,0.23821894169130672,1.0,17.27701212591175,22.967837598725602,0.24867575543348086,-0.13941958277383512
tide,STORE0004,SKU0015,14,176.0,0.229855833669627,0.4419264727542265,1.0,2.8896161947038825,4.1755664984313965,0.25554695428865304,0.029318898242798045
tide,STORE0007,SKU0030,14,538.0,0.22957964295078845,0.2454544732146348,1.0,8.822417707680298,10.70532070758613,0.22048648543832952,0.0962498317518591
tide,STORE0011,SKU0018,14,1152.0,0.22948097556905406,0.31236649262414595,1.0,18.883005989682164,24.062345163862133,0.2377153294500358,0.0762870604424128
tide,STORE0009,SKU0078,14,492.0,0.2293471106035279,0.2171140436199562,1.0,8.059912744066837,9.353154191115777,0.24805495591974527,-0.20184099521053064
tide,STORE0002,SKU0005,14,982.0,0.22921116048271414,0.41521920483523334,1.0,16.07752568528752,20.03737661687905,0.26304183307689083,0.13810208410080663
tide,STORE0005,SKU0066,14,408.0,0.22907164797939522,0.47890910097309175,1.0,6.675802312542375,8.983130367990015,0.2663928483705681,0.12020900350148875
tide,STORE0006,SKU0026,14,1829.0,0.22889734691953362,0.22651075285279448,1.0,29.90380339398764,37.750760290691645,0.2408777969757561,-0.15162761170293945
tide,STORE0005,SKU0018,14,1259.0,0.22886240073646405,0.37251186310213796,1.0,20.581268751943444,25.725451308817735,0.2601258453468882,0.005116583476276448
tide,STORE0011,SKU0071,14,524.0,0.22797582156252674,0.23288928132470924,1.0,8.532809321340286,9.88835836992099,0.23842124686058602,-0.1016781386819173
tide,STORE0001,SKU0060,14,927.0,0.22796542707406778,0.2671398779948392,1.0,15.094567921261488,18.19498453536642,0.24013772373620856,-0.05144178383281223
tide,STORE0011,SKU0014,14,814.0,0.2278688809333396,0.2610823364943048,1.0,13.248947791409888,15.413821272484222,0.23494861988473062,0.0647089892178028
tide,STORE0004,SKU0057,14,1483.0,0.22780884428242335,0.23377029721562037,1.0,24.131465433630986,30.770572570691,0.23667923642975452,-0.15573740291884497
tide,STORE0003,SKU0077,14,729.0,0.2274222489073853,0.2455821550548479,1.0,11.842201389534564,13.514281938857401,0.22868258934511085,0.0017864575848078033
tide,STORE0001,SKU0012,14,998.0,0.22735789687287547,0.2655249824917029,1.0,16.207370077080693,23.90140770975739,0.22409164048429991,-0.05976530502388513
tide,STORE0007,SKU0001,14,1190.0,0.22734241468636712,0.46273340933959994,1.0,19.324105248341205,23.123769613541832,0.2689670304908539,0.009173190049423971
tide,STORE0003,SKU0076,14,356.0,0.22732076350791167,0.23532768160680115,1.0,5.780442272058325,7.077719543703732,0.24058024360017474,-0.10441267072092418
tide,STORE0009,SKU0060,14,817.0,0.22730248108000436,0.24071520378136504,1.0,13.264723360168826,14.978579872310583,0.23778996160782997,-0.07676166206571587
tide,STORE0003,SKU0082,14,612.0,0.22729209882816237,0.3139963342817988,1.0,9.935911748773956,12.075151946149747,0.2530276547978884,-0.013469487480714111
tide,STORE0010,SKU0099,14,1273.0,0.22719017110558862,0.3827329382013401,1.0,20.65807770124388,24.963738270180666,0.2584829924832784,0.10512078581335543
tide,STORE0008,SKU0096,14,1339.0,0.2264666834802931,0.31290362203562233,1.0,21.65992065572232,30.260923504964104,0.23373853543565778,0.09924254611375304
tide,STORE0005,SKU0033,14,1527.0,0.22632023136217091,0.2453984415930082,1.0,24.685070949288214,31.305421561840497,0.22596552024569116,0.003007299058469838
tide,STORE0003,SKU0068,14,530.0,0.22586557167921223,0.23791720875855085,1.0,8.550625213570177,10.569155976433308,0.25506806114149017,-0.16276968844133008
tide,STORE0005,SKU0071,14,460.0,0.2254977527293588,0.38759932656292234,1.0,7.4092118753932175,9.945390034247044,0.2502643109473924,0.030036136571061512
tide,STORE0008,SKU0038,14,1628.0,0.22547974913594676,0.24049255020811452,1.0,26.220073685237235,32.13871248893522,0.22472532336524903,-0.010679891371281657
tide,STORE0004,SKU0100,14,1247.0,0.2252866813835679,0.23877590708193738,1.0,20.066606548950656,24.173261436368993,0.22050377062000223,0.04380324169356701
tide,STORE0001,SKU0036,14,751.0,0.22496474884100656,0.24062888200795193,1.0,12.067751884256852,13.99691368502336,0.23371527799050743,-0.0026544005099503588
tide,STORE0010,SKU0073,14,138.0,0.22466374875839967,0.27020772079733574,1.0,2.2145426663327967,2.929556323613388,0.2292677112115382,0.03488882820437898
tide,STORE0003,SKU0052,14,632.0,0.2243079227422576,0.23133627253223907,1.0,10.12590051236477,12.665775734184917,0.22972360643821335,-0.07896514433997977
tide,STORE0002,SKU0003,14,250.0,0.22421242548687154,0.2514967151760287,1.0,4.003793312265563,4.936149526808555,0.23576206822858306,-0.04997890423414031
tide,STORE0003,SKU0089,14,533.0,0.22404231327348142,0.24830110952714574,1.0,8.52961092676897,10.627162989460068,0.23154892777272743,-0.0729603089745772
tide,STORE0008,SKU0065,14,1094.0,0.22356764230964893,0.2107321100231739,1.0,17.47021433476828,23.957087667610615,0.219244106745954,-0.08145017092958784
tide,STORE0005,SKU0012,14,1056.0,0.22342107254677482,0.24840116381618516,1.0,16.852332329242444,22.61549762047941,0.2359590613118925,-0.1348298122882578
tide,STORE0006,SKU0075,14,592.0,0.22331865317465072,0.2259528928883671,1.0,9.443188762813802,11.003447140356174,0.23288166405227653,-0.12703450652278925
tide,STORE0003,SKU0012,14,762.0,0.2232478450273118,0.21366319384642388,1.0,12.151061279343685,15.074175825697823,0.24810824349250418,-0.2219396848136542
tide,STORE0006,SKU0087,14,391.0,0.22303797324812102,0.3665734436565086,1.0,6.229131967143951,8.955975697725655,0.23065788135381898,0.11243165398124252
tide,STORE0010,SKU0004,14,1388.0,0.22242891590959535,0.2556847382497934,1.0,22.052238234465595,26.36654938721621,0.23704615180561747,-0.09388977218803778
tide,STORE0012,SKU0002,14,1021.0,0.2224105558393998,0.21190053496159938,1.0,16.220084108001945,21.51894297583008,0.23274494821562017,-0.1697125484081337
tide,STORE0005,SKU0002,14,1008.0,0.22207121234823515,0.2444661834982711,1.0,15.98912728907293,19.303658236727614,0.22701383599537736,-0.03363853398756439
tide,STORE0001,SKU0054,14,1489.0,0.22193811963072452,0.24304245420197707,1.0,23.60470429501063,28.4333248950424,0.22066159439124886,0.024913984138821624
tide,STORE0008,SKU0075,14,510.0,0.22182232443655067,0.3148674298231646,1.0,8.080670390188631,10.335899569055,0.23787127732126084,0.03135295212817111
tide,STORE0008,SKU0094,14,1177.0,0.22170676505972056,0.19648669782516684,1.0,18.63920446252079,24.357134268854363,0.22468002565444653,-0.17590044449392922
tide,STORE0002,SKU0075,14,387.0,0.22139045380185,0.2398252757233779,1.0,6.119864687236854,7.009254459335709,0.22171517269725913,0.044879213755531264
tide,STORE0002,SKU0093,14,797.0,0.22127850942522317,0.3655964083929345,1.0,12.597069429421634,16.43067322042741,0.2478218036871567,0.036032885131437806
tide,STORE0001,SKU0038,14,1504.0,0.22106516717488553,0.34997521709356716,1.0,23.748715102216273,30.77257153185682,0.24994547877929693,0.049431778183434784
tide,STORE0008,SKU0013,14,1894.0,0.22087494659602422,0.22131993535314004,1.0,29.881224918062134,47.0061899417846,0.2253228526641293,-0.14757660017894117
tide,STORE0011,SKU0068,14,657.0,0.22084906528353734,0.2246659534618883,1.0,10.364131135091716,12.421826937599882,0.2225760110481203,-0.028529969449603874
tide,STORE0013,SKU0008,14,179.0,0.22077092564023867,0.30077876833019107,1.0,2.8227139778287658,3.4062082773432407,0.23509527915114092,0.11853428274665574
tide,STORE0012,SKU0095,14,442.0,0.22067567023061296,0.19290672972786055,1.0,6.967046160137924,9.775206968506161,0.21395245607921068,-0.1499126365505158
tide,STORE0002,SKU0041,14,1295.0,0.22063165000577364,0.2778184837983918,1.0,20.408427625534063,23.63158902592396,0.24516050051799956,0.005760428736360048
tide,STORE0005,SKU0036,14,706.0,0.22049529179185615,0.32474605792665895,1.0,11.119262571789317,14.592186074374382,0.23554285132672034,0.118043334104915
tide,STORE0003,SKU0023,14,943.0,0.22014605619230532,0.297911211418399,1.0,14.828409356381709,17.625191400924255,0.25063938945885433,-0.010382582657176918
tide,STORE0002,SKU0002,14,862.0,0.21976251753307308,0.2112003445408519,1.0,13.531092150964927,16.284196219242666,0.23006771836327303,-0.13033151754457759
tide,STORE0003,SKU0039,14,191.0,0.21913636622159627,0.34017928837301287,1.0,2.989646139166063,3.859118844161422,0.24398766398334829,0.08042739092455838
tide,STORE0001,SKU0047,14,1257.0,0.21899879940599096,0.21497466490352785,1.0,19.66296363238076,24.889981640650692,0.2164754225140678,-0.06928241658093781
tide,STORE0009,SKU0020,14,639.0,0.21896678874115677,0.4121684080186863,1.0,9.994269857542799,13.474989607697154,0.2541081232366858,0.03354646347225347
tide,STORE0001,SKU0094,14,1084.0,0.21888901509116632,0.19408566689871196,1.0,16.94826373991602,24.21134764420652,0.2173097800079413,-0.18514827027482617
tide,STORE0010,SKU0069,14,1248.0,0.2188167780741982,0.3024271122241174,1.0,19.505952788328525,24.355687167337354,0.24301320096140455,-0.026352882616376323
tide,STORE0003,SKU0037,14,1223.0,0.21843843689252065,0.293369024107421,1.0,19.08215773711091,25.85138007631048,0.22436474636084064,0.12829912489045536
tide,STORE0010,SKU0038,14,1464.0,0.21805879975763184,0.366028312106709,1.0,22.802720203226645,30.088726821684407,0.2464309816692797,-0.013876625355073887
tide,STORE0009,SKU0013,14,1701.0,0.21794788936190868,0.2468645347564001,1.0,26.480668557471905,36.49799285288274,0.24625552400681985,-0.10238653364861446
tide,STORE0006,SKU0021,14,755.0,0.21793216278343427,0.27103575281928916,1.0,11.752770207249492,14.856377827592473,0.22431780592024692,0.06373191581979865
tide,STORE0002,SKU0030,14,632.0,0.21790069450848193,0.22436423165840064,1.0,9.836659923525756,12.296687863231245,0.22378950694914906,-0.06114928923930729
tide,STORE0001,SKU0097,14,1117.0,0.2178464929507095,0.21974971394806714,1.0,17.38103804471018,20.500152747542558,0.21718401661323947,-0.05786948825881536
tide,STORE0007,SKU0032,14,940.0,0.21763157340880715,0.1818996342180917,1.0,14.612405643162765,29.199665777715346,0.1827947283218553,-0.09266894884991958
tide,STORE0004,SKU0007,14,466.0,0.2175249040094213,0.22422188306620475,1.0,7.240471804885023,8.807334151981149,0.23000011597957012,-0.09761006456918367
tide,STORE0004,SKU0047,14,1200.0,0.2173818079712772,0.32142775867325746,1.0,18.632726397538047,26.926319790450062,0.2414137491627582,0.030688248863454747
tide,STORE0001,SKU0050,14,267.0,0.21723818298536943,0.2270727324291657,1.0,4.1430424897924025,5.18799581544436,0.21617471760087748,-0.03425885233778731
tide,STORE0008,SKU0045,14,1369.0,0.2169642814302442,0.21424029952171392,1.0,21.216007234143166,25.444132253352574,0.2320836552452333,-0.0944434606599323
tide,STORE0013,SKU0039,14,149.0,0.21696065576398468,0.22737590876074698,1.0,2.3090812649166943,2.8522886242738323,0.22635528051010598,-0.02558878179046705
tide,STORE0001,SKU0039,14,303.0,0.21659035548471717,0.21613656442611306,1.0,4.687634122276378,5.843525853338622,0.2185642262892641,-0.06968184786751623
tide,STORE0008,SKU0098,14,692.0,0.2162954867586257,0.2448447793225988,1.0,10.691176916926356,12.8957121935053,0.2333903336180965,-0.06843948626785785
tide,STORE0009,SKU0080,14,1224.0,0.21591433388681625,0.2603409368824276,1.0,18.877081762675935,24.380953003911713,0.22664822849673752,-0.09247993138372397
tide,STORE0010,SKU0011,14,330.0,0.2155643974171439,0.2380619787217175,1.0,5.0811607962612495,6.476710887796666,0.2241361233613735,-0.02506945162710583
tide,STORE0012,SKU0023,14,986.0,0.2154680152613885,0.22709302090134614,1.0,15.17510450340922,19.777522912231756,0.19486263908332976,0.162758117729905
tide,STORE0012,SKU0066,14,381.0,0.2151754537081495,0.38763312156244306,1.0,5.855846275914639,8.44222612146483,0.2570810026363959,0.006255461227666128
tide,STORE0002,SKU0020,14,645.0,0.21506195864598446,0.2029371779035738,1.0,9.908211666189999,12.140329821517911,0.21944199546936652,-0.13825832771096508
tide,STORE0004,SKU0036,14,786.0,0.21471708543925863,0.24781116746615423,1.0,12.054830653946949,13.520412559918833,0.2347216589255538,-0.01937053861982124
tide,STORE0009,SKU0091,14,302.0,0.21447767318161834,0.26271953619492117,1.0,4.626589807203481,5.76801586507335,0.25792070820663715,-0.039529299315578297
tide,STORE0008,SKU0084,14,433.0,0.21420909839329147,0.21270158035926992,1.0,6.625181400306801,8.711399971841244,0.2223144622925728,-0.1226063325136754
tide,STORE0004,SKU0091,14,408.0,0.21416044930732622,0.2264855927095523,1.0,6.241247379813507,7.39544231293167,0.2635347452274783,-0.19175044071665012
tide,STORE0002,SKU0102,14,1430.0,0.21360900453649515,0.2586723597838783,1.0,21.818634034799146,30.36687837210609,0.23461012552728477,-0.09162901054682862
tide,STORE0012,SKU0048,14,1115.0,0.21350665113759718,0.23287751425922582,1.0,17.004279715601488,22.923652209392117,0.2230479205366713,-0.128560833125914
tide,STORE0006,SKU0007,14,453.0,0.21341332639139993,0.2922221688399672,1.0,6.905445489664584,8.335647040761534,0.23308858384498526,-0.02629844529002404
tide,STORE0011,SKU0036,14,745.0,0.21316179651948755,0.25588512093787896,1.0,11.343252743358445,13.132263438123177,0.23393871688574727,-0.07036874826412359
tide,STORE0012,SKU0038,14,1419.0,0.21297923200719662,0.258202866933536,1.0,21.586966444158,26.173243648406032,0.23678684588307594,-0.06494916357676453
tide,STORE0008,SKU0064,14,1430.0,0.2127289059403299,0.22098630206586936,1.0,21.728738249619408,24.835850661481736,0.2108933106430542,-0.0068204994330775285
tide,STORE0009,SKU0074,14,1042.0,0.21241834656167125,0.19679588306950865,1.0,15.809994079804389,27.24533575268508,0.19396216808932826,-0.07035724274157201
tide,STORE0002,SKU0037,14,1200.0,0.21215955065007383,0.23091126168475223,1.0,18.1851043414349,21.588075858961425,0.20831986442597522,0.049560973494530675
tide,STORE0003,SKU0024,14,659.0,0.2119803930426923,0.2260614452963443,1.0,9.978219929652445,12.380432436233395,0.2115989593081062,-0.01753972116256768
tide,STORE0012,SKU0035,14,2425.0,0.21188664669930976,0.2206373335172946,1.0,36.701794160416156,40.982969605882346,0.20457535796598397,0.0549504120447712
tide,STORE0012,SKU0065,14,842.0,0.2116533991971802,3.572005666941606,1.0,12.729440151716123,18.536458897966686,0.2847623364512449,0.06683450474380492
tide,STORE0002,SKU0052,14,690.0,0.2115058175203852,0.20216406723865973,1.0,10.424215292076127,12.609725180719854,0.22030805520211957,-0.1533386922378365
tide,STORE0004,SKU0005,14,1558.0,0.21137209589841965,0.24677540127407274,1.0,23.52269467212413,26.822090151807416,0.22433611236914017,-0.018887504771290753
tide,STORE0008,SKU0002,14,1009.0,0.2110120171016252,0.22745164544370558,1.0,15.207937518252846,17.030549524842872,0.21586662270623855,-0.028341045324302254
tide,STORE0005,SKU0043,14,925.0,0.21078899455763647,0.22168352638793037,1.0,13.927129997558124,18.01931410211957,0.2190937517637078,-0.07626873135229363
tide,STORE0012,SKU0089,14,590.0,0.2107065505898391,0.2006452404975459,1.0,8.879776060571789,12.534184797815353,0.2049034874059922,-0.04528039573951238
tide,STORE0005,SKU0048,14,1173.0,0.21060461318200108,0.2486656408978619,1.0,17.64565794732052,20.643799926401847,0.2255549921707814,0.001214258251397205
tide,STORE0005,SKU0063,14,922.0,0.21058283492709273,1.895086061584052,1.0,13.868383843055678,18.6343123993248,0.2907693146548678,0.02429664644142319
tide,STORE0007,SKU0063,14,671.0,0.2103797439322795,0.2237669013209436,1.0,10.083200584182824,12.15064565080764,0.21908076592739187,-0.04500083557763969
tide,STORE0004,SKU0019,14,297.0,0.21001492948780698,0.2786871918549561,1.0,4.455316718419906,5.823413537806706,0.2355126484390037,0.006973940351034887
tide,STORE0012,SKU0006,14,1388.0,0.2100037746591411,0.35722281430898206,1.0,20.82037423049199,29.969257394551995,0.24068153932001693,0.14284558364714503
tide,STORE0006,SKU0045,14,1420.0,0.20973042727393715,0.20670122624430798,1.0,21.272657623499338,28.500274033726757,0.22058647609996826,-0.14735568357243836
tide,STORE0005,SKU0021,14,911.0,0.20965694250755765,0.2023622233458606,1.0,13.642676758884644,16.85395075945937,0.21675796595215796,-0.10248180670333108
tide,STORE0001,SKU0046,14,1677.0,0.20956645272285568,0.2969602570149517,1.0,25.10306722973064,29.383289867708868,0.23019853428270692,-0.0002881587554909894
tide,STORE0010,SKU0014,14,807.0,0.20934227643303965,0.24987453241280938,1.0,12.067086934390215,16.29231813589342,0.22466287282562095,-0.03855026777448999
tide,STORE0012,SKU0094,14,813.0,0.20885646628806379,0.25954597312231764,1.0,12.128593363728275,14.572756944508258,0.22057992999734805,-0.010171079150010236
tide,STORE0006,SKU0018,14,1342.0,0.20883606587484638,0.23492400954649303,1.0,20.018428600288846,25.81936365187264,0.2126085396330772,-0.027223599195775657
tide,STORE0003,SKU0015,14,118.0,0.2087398520501352,0.23597258802827836,1.0,1.7593787529939966,2.0919304908668783,0.20658207672098997,0.0990296402843033
tide,STORE0006,SKU0073,14,173.0,0.2087259638497567,0.22519009458893507,1.0,2.579256553286279,3.155795191799048,0.20415628684100876,0.03414693863590759
tide,STORE0005,SKU0011,14,366.0,0.20851484317898303,0.23783983401246525,1.0,5.451173757393414,6.404125000997099,0.22807130397589875,-0.03635259828578353
tide,STORE0010,SKU0081,14,1047.0,0.20846218976037104,0.19945747370339234,1.0,15.589993762793464,19.98536565826614,0.21939687194546245,-0.13738538799640626
tide,STORE0008,SKU0087,14,544.0,0.20820551354838218,0.21604156996164595,1.0,8.09027138359428,9.64516375717569,0.21420541487739353,-0.09153010682792584
tide,STORE0008,SKU0033,14,1750.0,0.20817366598854206,0.20128030483362866,1.0,26.02170824856776,32.685765686738726,0.21197148455531706,-0.08020483245687182
tide,STORE0007,SKU0060,14,758.0,0.20762970825229712,0.25949559994150795,1.0,11.241665632517229,13.606460271362133,0.2271667820974919,-0.0936143010803903
tide,STORE0005,SKU0094,14,1048.0,0.2075838525481585,0.2567855865889545,1.0,15.53913410503358,20.65345155931791,0.2225702023198524,-0.052788181123790266
tide,STORE0008,SKU0072,14,583.0,0.20718264038618509,0.25171851709702675,1.0,8.62767709608185,11.103966839118137,0.2187711401664015,-0.019933143417632672
tide,STORE0004,SKU0002,14,1095.0,0.2066281486466896,0.20025522183885952,1.0,16.16127305486608,19.306857314449417,0.20862494990224836,-0.08230866712744025
tide,STORE0002,SKU0014,14,713.0,0.20617573039268094,0.19598603443626583,1.0,10.500235412141537,13.71130078870453,0.20371703518685508,-0.10263736808401162
tide,STORE0005,SKU0056,14,455.0,0.20572202691681848,0.2710198454040043,1.0,6.685965874796601,8.669101003821162,0.2332447909845119,-0.06226519966070011
tide,STORE0003,SKU0061,14,1121.0,0.20554240050312236,0.18594242902023822,1.0,16.458073640285726,24.913299262637313,0.19508889645161306,-0.09150629624604073
tide,STORE0003,SKU0064,14,987.0,0.205417713155705,0.2794229252056843,1.0,14.481948777477202,18.581327877976857,0.21607022525365344,0.08475619273727442
tide,STORE0008,SKU0046,14,1773.0,0.20472833835475862,0.25739186719435747,1.0,25.927381707356215,36.46865195062636,0.22198185309832286,-0.0839308462933382
tide,STORE0001,SKU0100,14,1251.0,0.20461565786833769,0.22154687915779378,1.0,18.283870570949315,23.151212148189224,0.21160669973387178,-0.07222749628748598
tide,STORE0010,SKU0018,14,1117.0,0.2045519666077854,0.2284073071999552,1.0,16.320324764349735,20.719602694522045,0.21280949358050064,-0.028406554404103074
tide,STORE0011,SKU0088,14,400.0,0.20439297613906998,0.18900297829701926,1.0,5.839799318259142,8.400354171343666,0.1985478367574616,-0.08507870518149391
tide,STORE0007,SKU0045,14,912.0,0.20356014192851976,0.27000091245740526,1.0,13.260489245629287,15.433037162475859,0.2279671762157322,0.02492698780674804
tide,STORE0005,SKU0051,14,1281.0,0.20334573166865844,0.2063786533411507,1.0,18.606134447682248,21.834150189364717,0.21431370128129998,-0.1229965408683418
tide,STORE0002,SKU0097,14,727.0,0.2032820841259765,0.2285840533676939,1.0,10.556148225684638,12.789300340018526,0.19655822816888385,0.1329101249442859
tide,STORE0004,SKU0024,14,1022.0,0.2027504165285155,0.1949158496815083,1.0,14.800780406581632,17.544071009693496,0.20614387078317753,-0.11408599460674856
tide,STORE0011,SKU0005,14,1749.0,0.2025374583445687,0.19013896230739433,1.0,25.302715331760762,37.185568629302935,0.20216538967483375,-0.13773141926544696
tide,STORE0003,SKU0062,14,199.0,0.20234034625139788,0.21649001931666215,1.0,2.87612349314487,3.5080548285028925,0.19227646377322521,0.07765913952873664
tide,STORE0011,SKU0040,14,548.0,0.2023077290288736,0.23133301704170178,1.0,7.918902536273052,9.784159931126942,0.2125075904504523,0.03217017937996737
tide,STORE0010,SKU0051,14,907.0,0.2022165029286422,0.3894546376617484,1.0,13.10074058259132,18.65160606157325,0.22442050173310749,0.01849502770721951
tide,STORE0005,SKU0102,14,2057.0,0.2020147925723164,0.2201535182960038,1.0,29.68174488008963,36.26442008649779,0.22507527253971132,-0.11905186735509984
tide,STORE0011,SKU0009,14,904.0,0.20201422508547678,0.3398490830180639,1.0,13.044347105519359,17.713625147807484,0.2332699782563238,0.03860505995714469
tide,STORE0001,SKU0080,14,1224.0,0.20200754905211013,0.19963776576094674,1.0,17.661231431413057,22.126095117916023,0.18921153698141271,0.036057490400495815
tide,STORE0012,SKU0075,14,499.0,0.20168282743199809,0.2013149646153133,1.0,7.188552206326217,9.131150957610851,0.21422221846276493,-0.1355622225843593
tide,STORE0004,SKU0102,14,1893.0,0.20145475103439414,0.2529670966003872,1.0,27.239560264864867,38.2785702255323,0.21514483382791855,-0.012130823347395476
tide,STORE0011,SKU0054,14,1640.0,0.2014362916093206,0.21171060917320322,1.0,23.596822731377557,30.134967651472163,0.21033384935484087,-0.07630563802521523
tide,STORE0005,SKU0068,14,689.0,0.2014317183898633,0.2108808156965115,1.0,9.913318140758273,12.45438530716041,0.1974980439118956,0.03331727207348369
tide,STORE0001,SKU0095,14,501.0,0.2013842826387666,0.21061228197095866,1.0,7.206680400144434,8.500505229992953,0.20436136931494073,-0.06521907510069269
tide,STORE0007,SKU0100,14,955.0,0.20103339386254623,0.24934020626226341,1.0,13.713349367052261,18.99691813874996,0.20879123634607763,0.012841834491910054
tide,STORE0005,SKU0062,14,300.0,0.20085575042404027,0.20823622060930264,1.0,4.304051794800863,5.848317006652078,0.2158806642335687,-0.12821174938045646
tide,STORE0004,SKU0060,14,841.0,0.2004794949135342,0.2453942869796434,1.0,12.043089658734447,16.122707948690906,0.20022529866196884,0.08875924808186768
tide,STORE0001,SKU0029,14,595.0,0.20041663858579128,0.2375880938166869,1.0,8.51770713989613,10.476253936025465,0.21337422404782025,0.012957083844332792
tide,STORE0004,SKU0040,14,515.0,0.20033489621255102,0.41493499298829767,1.0,7.369462253533127,9.221307838214456,0.2657721824162916,0.0967554258892187
tide,STORE0006,SKU0032,14,1432.0,0.19979287449316632,0.18776155600963615,1.0,20.435956876729584,25.082389552137506,0.2084819307447869,-0.15113707451317954
tide,STORE0013,SKU0065,14,548.0,0.19976553105249106,0.20824945143476165,1.0,7.81939364405465,10.672551551113903,0.21129076579148712,-0.07915856362871924
tide,STORE0010,SKU0001,14,1348.0,0.19948667519394128,0.22715983503327955,1.0,19.207717011530917,25.301755837154214,0.1906853192267173,0.09696535210265299
tide,STORE0004,SKU0063,14,970.0,0.19877656372958108,0.20275888011140827,1.0,13.772376201263834,17.045572928101567,0.2030394090235453,-0.01816160208920797
tide,STORE0009,SKU0087,14,419.0,0.19824268687528257,0.20174170934127766,1.0,5.9331204143388145,7.064020080059036,0.2104548819050627,-0.1168188218510099
tide,STORE0003,SKU0010,14,419.0,0.19819873056955276,0.20704614616978403,1.0,5.931804864903043,6.990573349153076,0.2006169019724701,-0.05031544574239502
tide,STORE0005,SKU0027,14,2564.0,0.19748221668912772,0.18889810692031314,1.0,36.167457399351676,46.736780083429686,0.19576792772018178,-0.12501388584094336
tide,STORE0003,SKU0006,14,1310.0,0.1972625433424814,0.2392798717488474,1.0,18.45813798418933,22.712504969887664,0.20877984814039957,0.09352550648144162
tide,STORE0002,SKU0060,14,598.0,0.19724475700947913,0.26163071669921883,1.0,8.425168906547752,10.022397118644403,0.21154463965026363,0.079543242650608
tide,STORE0008,SKU0041,14,1837.0,0.19689695263623963,0.20439551365009118,1.0,25.83569299948373,29.949718639520164,0.20321468501829384,-0.041304108187612536
tide,STORE0006,SKU0084,14,437.0,0.1968846332679971,0.18905142475437212,1.0,6.145613195579624,7.907385136360769,0.19528223239895143,-0.06268138481588353
tide,STORE0013,SKU0097,14,535.0,0.19642936312557235,0.21924929802810558,1.0,7.506407805155801,8.738989244249527,0.1994495453458139,0.029628926192207916
tide,STORE0012,SKU0025,14,456.0,0.19640968623367658,0.1807484400080829,1.0,6.3973440658968945,8.024886625948112,0.19338862525575387,-0.10300224736830238
tide,STORE0008,SKU0006,14,1939.0,0.19639336248244882,0.4848689685056517,1.0,27.20048070381916,34.81548143229249,0.2575040137261902,-0.052705859215800614
tide,STORE0006,SKU0040,14,537.0,0.19625070100336275,0.25307207912570384,1.0,7.527616174200415,10.685226452342391,0.21615661324234453,-0.06181710671775471
tide,STORE0001,SKU0030,14,738.0,0.19590219696678463,0.21493915768507232,1.0,10.32684438296336,12.048538904698752,0.18872153245543327,0.13500469670476647
tide,STORE0007,SKU0081,14,810.0,0.1958143416943574,0.18016102302533918,1.0,11.32925834088782,14.870976951393525,0.19971155069683838,-0.1340531494973431
tide,STORE0003,SKU0046,14,1266.0,0.19579718792334594,0.21746366479155532,1.0,17.70565999363971,26.58100072573365,0.18570126801577716,0.05000037871185653
tide,STORE0010,SKU0030,14,637.0,0.19532584012569648,0.24884956848115306,1.0,8.88732572571919,10.522777030922578,0.2120376043352353,0.006721937292106508
tide,STORE0004,SKU0061,14,1480.0,0.19402537935395325,0.1938858989433671,1.0,20.511254388846485,24.307666462694836,0.1879487688913211,0.011278908610871578
tide,STORE0005,SKU0096,14,1530.0,0.1936850714494398,0.2685556609606481,1.0,21.16701137983164,26.98768703962095,0.21462385707323492,-0.009006017303174093
tide,STORE0013,SKU0096,14,753.0,0.1934054520037254,0.22334246876991612,1.0,10.402450382771802,11.797799787620557,0.20364330465436553,0.006755326438679019
tide,STORE0008,SKU0100,14,1462.0,0.19322765958422033,0.20089276325804808,1.0,20.17848845086644,21.75755238371286,0.20105343679743942,-0.06918145647956071
tide,STORE0007,SKU0062,14,196.0,0.19304991213334205,0.2380474916368068,1.0,2.702698769866789,3.534168510490429,0.19381687763593472,0.11059656343087956
tide,STORE0011,SKU0046,14,1787.0,0.1929375146877791,0.25276019646806425,1.0,24.627095624790087,29.907651094111436,0.21492603802412827,-0.056509514194291614
tide,STORE0005,SKU0007,14,492.0,0.19197116467860587,0.22461923068512485,1.0,6.74641521584815,8.653899701537117,0.2035282690775744,-0.06832242399758816
tide,STORE0003,SKU0013,14,1042.0,0.19196571571241244,0.20398630278380767,1.0,14.287733983738125,19.872647035359236,0.1788027613353976,0.10217409493892973
tide,STORE0004,SKU0085,14,1270.0,0.191617789313143,0.22083546393958495,1.0,17.382470887692257,19.14947821614255,0.22267498789500056,-0.06691539636788789
tide,STORE0013,SKU0015,14,98.0,0.19148157946541128,0.1925194599075945,1.0,1.340371056257879,1.572239667796763,0.19482015451615844,-0.03493412104402982
tide,STORE0006,SKU0029,14,550.0,0.19145801239366078,0.21455491779753014,1.0,7.5215647726081025,8.723451930581545,0.20132194574998016,-0.007842512243869776
tide,STORE0009,SKU0055,14,175.0,0.19134136461117476,0.32922134763570243,1.0,2.3917670576396843,3.3895210076960622,0.22238553586209836,0.10527528233009388
tide,STORE0001,SKU0008,14,422.0,0.191225511947628,0.18402947032718278,1.0,5.764083288707072,7.220738143294117,0.18777852030307157,-0.06367536731240303
tide,STORE0004,SKU0034,14,3135.0,0.19103866798154132,0.18586048107818148,1.0,42.779016008723715,57.004502668996714,0.18957886775402066,-0.10166067193690322
tide,STORE0010,SKU0102,14,1666.0,0.19063885218494597,0.18454452109079003,1.0,22.68602341000857,34.394124261741545,0.18264746012237132,-0.07019283513512935
tide,STORE0003,SKU0007,14,352.0,0.1905066571555203,0.1750783855555087,1.0,4.7898816656245105,6.640878440650315,0.19257609971666745,-0.11612907491258029
tide,STORE0003,SKU0033,14,1350.0,0.18978051181840228,0.16759078996388005,1.0,18.30026363963165,25.684833240576943,0.18010226927837625,-0.11146723953667438
tide,STORE0013,SKU0090,14,173.0,0.18937519309547776,0.1989436697352782,1.0,2.340136314679832,2.9138125858724973,0.19489924470144024,-0.035667868537697586
tide,STORE0002,SKU0058,14,1066.0,0.1893034068905898,0.255851022432679,1.0,14.414102267526337,21.007893411697708,0.20333260964852012,0.010359602798465496
tide,STORE0004,SKU0055,14,228.0,0.18924239117943117,0.2203703183032967,1.0,3.0819475134935934,3.927880295904231,0.19689613937206332,-0.016344304704844922
tide,STORE0010,SKU0095,14,461.0,0.18921536531863675,0.2796316765925265,1.0,6.230591672277967,8.674354148177182,0.21438871887805908,-0.07650740784934033
tide,STORE0002,SKU0027,14,1812.0,0.18908282553892172,0.20306614238955012,1.0,24.47271999118044,27.410262124515658,0.21463587337758955,-0.10634076697213922
tide,STORE0013,SKU0034,14,1377.0,0.1889257691061995,0.18654390503241652,1.0,18.58219886137405,24.41507538978666,0.1990229996827119,-0.10082358600352624
tide,STORE0006,SKU0052,14,965.0,0.18885814219743785,0.19540534513355381,1.0,13.017721944323394,17.63830409717079,0.18813922841005448,-0.048526579722442224
tide,STORE0010,SKU0055,14,213.0,0.188709461184921,0.18954417150418568,1.0,2.871079659456298,3.2155928135868908,0.20683834590469719,-0.14012882460474005
tide,STORE0004,SKU0033,14,1635.0,0.1886604058484264,0.1880156968142561,1.0,22.032840254441226,28.53900520230101,0.18862818278651977,-0.0419932029725608
tide,STORE0007,SKU0072,14,375.0,0.18850175903819766,0.22729327038876465,1.0,5.049154259951723,6.452664436724732,0.19229886646650193,0.05014495470813027
tide,STORE0009,SKU0008,14,367.0,0.18821136950050135,0.19679072313426849,1.0,4.933826614763142,5.977537840330131,0.1982458904067093,-0.1023176594072951
tide,STORE0002,SKU0074,14,857.0,0.18801002972754086,0.21018347575536933,1.0,11.508899676893037,14.413287899276094,0.19695856108790027,-0.0025439304351850107
tide,STORE0006,SKU0013,14,1958.0,0.18730514132112658,0.17661475873991694,1.0,26.19596190762613,34.947351907521664,0.19709013759829813,-0.1282370422395452
tide,STORE0001,SKU0076,14,455.0,0.18705189943867961,0.19891530049954476,1.0,6.079186731757088,7.1717907752920285,0.18634153104903264,0.0019099737450100887
tide,STORE0004,SKU0093,14,1345.0,0.18701025442999772,0.1667491500690542,1.0,17.96634230059621,24.493328621889997,0.18244328929379974,-0.12236193077474279
tide,STORE0009,SKU0066,14,434.0,0.18678639497484423,0.18319904183058672,1.0,5.790378244220171,8.127608118733939,0.1813712976878106,-0.050176534441740764
tide,STORE0012,SKU0007,14,380.0,0.1862853734297732,0.19755527599977024,1.0,5.056317278808129,7.234207963588228,0.18222049169854346,-0.010439811572200709
tide,STORE0007,SKU0023,14,1017.0,0.18617472780380614,0.17463668540248983,1.0,13.524264155462204,17.553243244097224,0.19069020012684576,-0.1355006629462158
tide,STORE0004,SKU0078,14,475.0,0.1860607993280852,0.22163128254226594,1.0,6.3127771200600336,7.950444507032495,0.19505100316202745,0.047185012564727284
tide,STORE0005,SKU0050,14,257.0,0.18574924188139,0.23448182247556024,1.0,3.409825368822659,4.04482095666608,0.20070330340962325,0.034255287794619865
tide,STORE0011,SKU0087,14,463.0,0.18572685212636147,0.23222713731652286,1.0,6.14225232389324,7.415569029807318,0.20337872537823642,0.0013877403887675465
tide,STORE0003,SKU0097,14,800.0,0.18511894654903177,0.18408029044588733,1.0,10.57822551708753,15.35580144659973,0.1790672061030622,-0.03816448550361701
tide,STORE0001,SKU0056,14,420.0,0.18425102413687386,0.20438763454569436,1.0,5.5275307241062155,7.036772891324148,0.18789445411676628,0.02066023455387724
tide,STORE0007,SKU0075,14,417.0,0.1841683023879852,0.18542185247046186,1.0,5.485584435413559,6.056766073328741,0.19312022810335555,-0.09703651434521872
tide,STORE0004,SKU0009,14,911.0,0.18413836504044795,0.20773982688617768,1.0,11.98214646798915,14.610896559951398,0.18602605736276345,0.05826135069628428
tide,STORE0012,SKU0032,14,1098.0,0.18403452528959213,0.208994949261264,1.0,14.43356491199801,18.736840978690854,0.1881199885398746,0.02821022224573997
tide,STORE0003,SKU0087,14,310.0,0.18344237378704945,0.34596922131345653,1.0,4.061938276713238,5.687071823326689,0.21584332859264108,-0.015396913997564194
tide,STORE0001,SKU0098,14,731.0,0.18266749227775758,0.1964771736249045,1.0,9.537852632502915,12.409849804004608,0.18629907007865829,-0.058578332109888484
tide,STORE0008,SKU0020,14,909.0,0.18071270916255736,0.17626376800279991,1.0,11.73341804491176,14.42164214439183,0.1855160970741603,-0.11770495728951509
tide,STORE0007,SKU0004,14,991.0,0.18069271395340197,0.22844715166789129,1.0,12.79046282341581,15.974269001278607,0.19903495528303647,-0.008123566437694907
tide,STORE0008,SKU0078,14,541.0,0.18019370134516924,0.16682360260402312,1.0,6.96319945912404,8.393344219407565,0.18446923341898983,-0.13746529316585626
tide,STORE0007,SKU0099,14,1133.0,0.18013756834437383,0.22716453815118912,1.0,14.578276066726826,17.728151962389173,0.191852305076801,0.0828622069218723
tide,STORE0012,SKU0085,14,1133.0,0.1799382614619944,0.1759362247407534,1.0,14.562146445459975,18.630260519099963,0.17508932545223907,-0.06672659128808836
tide,STORE0008,SKU0042,14,281.0,0.17939128022593123,0.1951446299528515,1.0,3.6006392673919057,4.471636696572136,0.18538188398086755,-0.024731438767429115
tide,STORE0011,SKU0090,14,347.0,0.17923679393948164,0.201420019703547,1.0,4.4425119640714374,5.7505696935184565,0.18488592238342672,-0.050347715664602374
tide,STORE0006,SKU0067,14,557.0,0.1790496485708202,0.206682311536767,1.0,7.1236181609962035,8.918155964800375,0.1806252669763256,0.05885211308084165
tide,STORE0005,SKU0064,14,1440.0,0.17864092996942824,0.19461166940299732,1.0,18.374495653998334,23.669121369984378,0.1847398941819449,-0.05255222627149943
tide,STORE0006,SKU0041,14,1818.0,0.1786264144351072,0.19355936876844657,1.0,23.195915817358923,27.486640221097332,0.1865868760954805,-0.03554313475450792
tide,STORE0007,SKU0025,14,380.0,0.1780896172766566,0.18864305687562918,1.0,4.8338610403663935,6.001942842295248,0.18616034933281184,-0.06848398614956079
tide,STORE0004,SKU0045,14,1259.0,0.17791487535704326,0.23451227981803072,1.0,15.999630576751246,19.339539037381268,0.20725309831959987,0.012258830049139384
tide,STORE0011,SKU0078,14,447.0,0.17765068961271138,0.20508918593452435,1.0,5.672132732634428,6.526552771916059,0.18055961745935226,0.1000015939477126
tide,STORE0001,SKU0062,14,308.0,0.1772978136166231,0.1712690937091559,1.0,3.9005518995657087,4.658156825257265,0.18388804913337078,-0.11197498682894151
tide,STORE0005,SKU0014,14,832.0,0.17628178031833802,0.19091586838407631,1.0,10.476174373204088,13.032705154104892,0.17911568336749,0.0024801950865378764
tide,STORE0002,SKU0069,14,1055.0,0.17590833659668073,0.18409464414155643,1.0,13.255949650678442,20.83935281445312,0.1661325631553692,0.04222922592011657
tide,STORE0010,SKU0028,14,1787.0,0.17588748000703608,0.18145190481098136,1.0,22.450780483755246,26.77742986350729,0.176466813792279,-0.027349180791666913
tide,STORE0003,SKU0001,14,1181.0,0.17576008985228408,0.1887176551013532,1.0,14.826619008253392,17.16916959531988,0.17362848946551387,0.07098945834762718
tide,STORE0002,SKU0048,14,890.0,0.17426953719621868,0.17729507529855154,1.0,11.07856343604533,14.874595483588747,0.17739086767230083,-0.09506466929251427
tide,STORE0006,SKU0100,14,1293.0,0.17325971021442602,0.19231517716899033,1.0,16.00177180766092,21.39018711748106,0.17052010890596583,0.04470310293483928
tide,STORE0006,SKU0009,14,920.0,0.17272580117198286,0.1977378241692993,1.0,11.350552648444587,16.704855932399294,0.18074258103950142,-0.04954802641276923
tide,STORE0009,SKU0065,14,898.0,0.1719134938364094,0.1722058732282423,1.0,11.027022676078259,15.669619496257358,0.15697050419943567,0.08859205381004474
tide,STORE0010,SKU0050,14,236.0,0.17118440292483947,0.16303193086052195,1.0,2.8856799350187226,3.5046754095145345,0.16462400940069774,-0.019826674700281183
tide,STORE0013,SKU0102,14,928.0,0.1704056587147465,0.1712587060819774,1.0,11.295460806234626,13.978346174113094,0.1662607115784279,-0.007839318099279
tide,STORE0011,SKU0069,14,1593.0,0.17026942482632743,0.17160354687078389,1.0,19.374228124881398,27.47880226316784,0.17418158459471073,-0.08831643788083071
tide,STORE0013,SKU0017,14,772.0,0.1701343215374696,0.7103988435310349,1.0,9.38169258763761,14.000741430553171,0.2234208378206725,0.0460323766358642
tide,STORE0004,SKU0032,14,1320.0,0.16915010109361364,0.20116294845114563,1.0,15.948438103112142,20.804337346661406,0.1787306279502352,-0.011534253365325476
tide,STORE0009,SKU0027,14,1920.0,0.1687079320801422,0.22334655741510165,1.0,23.137087828133787,35.17118933583004,0.18348806978346807,-0.01420141524503642
tide,STORE0003,SKU0005,14,1159.0,0.1684295093655491,0.16750070763077485,1.0,13.943557239619386,16.43350603518274,0.17625572342447973,-0.07337128199111587
tide,STORE0006,SKU0005,14,1530.0,0.1680219794337463,0.22306889644797684,1.0,18.36240203811656,22.967083799449853,0.20180657813269126,-0.028159106663333062
tide,STORE0005,SKU0098,14,711.0,0.16714542297420976,0.1876619518609344,1.0,8.48859969533308,12.356181295629176,0.17274264986037186,-0.019240734868050172
tide,STORE0006,SKU0060,14,986.0,0.1664275661308702,0.16064129300047444,1.0,11.721255728931286,13.828854430702197,0.17141906135202764,-0.10677469616526877
tide,STORE0003,SKU0028,14,1445.0,0.16636426030703186,0.1561538395841284,1.0,17.171168295975786,21.373284292662422,0.17057357663514677,-0.1144779240123691
tide,STORE0004,SKU0097,14,1146.0,0.1645006782451968,0.18559083686558364,1.0,13.465555519213966,17.580872971022707,0.1730039469301444,-0.03783922119027086
tide,STORE0013,SKU0057,14,648.0,0.16407129313993918,0.1884838543606668,1.0,7.594156996762899,9.055653259139877,0.1668816007242416,0.0812213121733292
tide,STORE0009,SKU0052,14,809.0,0.16284298093503033,0.16018405435502062,1.0,9.40999796974568,11.659890721503409,0.16339035389379242,-0.04875475760385021
tide,STORE0012,SKU0061,14,1301.0,0.16122213221182935,0.152032172491502,1.0,14.98214242911357,19.774373486626324,0.15868464624047693,-0.07736439798347959
tide,STORE0013,SKU0009,14,401.0,0.15983238902570512,0.16945376644159868,1.0,4.57805628566484,6.020556780389072,0.15662567360793145,0.029262090885862867
tide,STORE0003,SKU0049,14,525.0,0.15954092871550518,0.19003739799909997,1.0,5.982784826831444,7.4812722371304545,0.1730203037418027,-0.0353621559018592
tide,STORE0007,SKU0002,14,756.0,0.15932251258722965,0.17347532769589552,1.0,8.6034156797104,10.131525182776329,0.16647320855971406,-0.02315725949290907
tide,STORE0003,SKU0100,14,1105.0,0.15817335687780001,0.15563567855226704,1.0,12.48439709642636,14.966825177738274,0.1619804610325395,-0.08633046236324025
tide,STORE0009,SKU0050,14,233.0,0.15786848288289865,0.156477174245201,1.0,2.62738260797967,3.157811804865326,0.15223529397941457,0.005631056054556445
tide,STORE0010,SKU0056,14,374.0,0.15723028013808038,0.1720167354055728,1.0,4.200294626545862,4.965013878296986,0.16329427263469468,0.0329877740625612
tide,STORE0011,SKU0004,14,1501.0,0.1554239518139615,0.1473642419048485,1.0,16.66366797662544,22.399209740606224,0.15582558645683325,-0.08657788563185158
tide,STORE0004,SKU0062,14,293.0,0.15422692980539954,0.14742419517964692,1.0,3.227749316641576,4.196807342152664,0.15213692528930728,-0.05363652433538304
tide,STORE0008,SKU0066,14,465.0,0.15419397086189565,0.16531601829007478,1.0,5.121442603627249,6.418997109790097,0.15434012212530826,0.03910907836474301
tide,STORE0002,SKU0054,14,1097.0,0.1536432589151209,0.1775391646492013,1.0,12.039046787849117,15.03066962604265,0.162124072845633,0.0030125550541247746
tide,STORE0012,SKU0033,14,1467.0,0.15352961169645019,0.14862994054503814,1.0,16.087710025620886,19.037636887647874,0.15815685021000467,-0.09378156175574368
tide,STORE0010,SKU0025,14,401.0,0.1513087158803565,0.18007113763045196,1.0,4.333913933430211,5.652335361223284,0.15756642075770538,0.051287937605446296
tide,STORE0008,SKU0083,14,1555.0,0.1487445403906254,0.1330828885802295,1.0,16.521268593387322,21.347456187868474,0.14695325803274467,-0.12098179892320224
tide,STORE0012,SKU0098,14,579.0,0.1484288125134504,0.15554836969296265,1.0,6.1385916032348415,7.475379120194086,0.15205857110331053,0.016857318784344474
tide,STORE0010,SKU0006,14,1503.0,0.14738837326734439,0.6216502147696362,1.0,15.823194644344186,29.067991267101547,0.18872158226074515,0.07013346758780223
tide,STORE0010,SKU0063,14,942.0,0.14549631713984437,0.15970824200142517,1.0,9.789823624695243,13.319378874417943,0.15291404006978643,-0.0456046512544848
tide,STORE0012,SKU0044,14,1271.0,0.14429193119723552,0.13228336038139807,1.0,13.099646039406167,18.10061366359004,0.1409265609585409,-0.0762500016354598
tide,STORE0009,SKU0097,14,932.0,0.141792395832166,0.13792287357395033,1.0,9.439322351112764,13.301878220842616,0.1353691433884802,0.015296972892392216
tide,STORE0004,SKU0096,14,1579.0,0.13785998421500523,0.13039685683829852,1.0,15.54863679110666,26.01450283206184,0.1350634672013569,-0.04768883035173315
tide,STORE0010,SKU0045,14,1099.0,0.13316683803201013,0.22276456995441682,1.0,10.453596785512795,14.003927467934213,0.16646702588748305,-0.0022201912367588307
tide,STORE0011,SKU0101,14,290.0,0.13272274737378803,0.12373074932352572,1.0,2.7492569098856094,4.06683045672681,0.12952832117753182,-0.04192629587941477
tide,STORE0001,SKU0033,14,1816.0,0.13155641651268224,0.11299632031850626,1.0,17.06474659907364,26.009355058138183,0.12101167834401659,-0.07509767298652599
tide,STORE0003,SKU0099,14,1227.0,0.12769722595720887,0.13024385438577954,1.0,11.191749732106805,13.72240559480326,0.1267018658574432,-0.003105261469819124
tide,STORE0010,SKU0090,14,267.0,0.12736546034558682,0.13009466936069056,1.0,2.429041279447977,3.0057675632879426,0.12835273978040093,0.016350577492712185
tide,STORE0003,SKU0025,14,350.0,0.1273300595093174,0.13407515649933846,1.0,3.1832514877329348,3.534364919007295,0.1288286232264045,0.02552787956568479
tide,STORE0006,SKU0064,14,1484.0,0.12608699211462768,0.1260603413171271,1.0,13.365221164150535,16.624602537724886,0.12446365546128942,-0.00786790652514219
transformer,STORE0005,SKU0045,14,985.0,0.6866887591211929,0.9049603820169808,1.0,48.31345912388393,68.1652724745994,0.5043255464068881,0.5977211269630394
transformer,STORE0006,SKU0063,14,749.0,0.5993000025424524,1.1739470750372583,1.0,32.06255013602121,46.276781206226694,0.49512069153069055,0.45354102100326477
transformer,STORE0007,SKU0084,14,196.0,0.5797726767403739,1.4663858887766685,1.0,8.116817474365234,10.208166287963111,0.517126641726868,0.5454031885886679
transformer,STORE0002,SKU0066,14,253.0,0.5749899445786306,3.2205158365581807,1.0,10.390889712742396,13.39084252367333,0.5549271599599502,0.5476966752365172
transformer,STORE0001,SKU0019,14,244.0,0.5675211578118996,0.6491997960826572,0.9285714285714286,9.89108303615025,12.877896082802653,0.5355828298727822,0.404746024335017
transformer,STORE0002,SKU0086,14,104.0,0.5641618875356821,1.0648216025963202,1.0,4.190916878836496,5.34088497009533,0.5245826520836625,0.2645392051109901
transformer,STORE0011,SKU0023,14,964.0,0.5619598404500494,1.2166915960899884,1.0,38.69494901384626,51.19284530017184,0.5165320009575802,0.39463952567072824
transformer,STORE0002,SKU0015,14,102.0,0.5527309716916552,1.4109282866233994,1.0,4.02703993661063,4.996846843936013,0.5261578726031202,0.5527309716916552
transformer,STORE0013,SKU0025,14,206.0,0.5496826171875,0.9746566996138128,1.0,8.088187081473214,9.857946837696806,0.49036318345677105,0.48188648409056434
transformer,STORE0009,SKU0069,14,1072.0,0.5482970920961294,0.686772665297312,1.0,41.98389162336077,55.577005249858836,0.453378401763909,0.2848214320282438
transformer,STORE0013,SKU0071,14,195.0,0.5441903530023037,0.9102439995414812,1.0,7.579794202532087,8.63681207678446,0.5178693516261126,0.3410039265950521
transformer,STORE0008,SKU0043,14,765.0,0.5321220447814542,5.5588275814987185,1.0,29.076668875558035,42.14811178785338,0.5505774333456377,0.3829395767910029
transformer,STORE0001,SKU0024,14,665.0,0.525221005776771,2.124290038211827,1.0,24.947997774396622,30.57132864788061,0.5304498047785818,0.4152119629365161
transformer,STORE0011,SKU0015,14,141.0,0.5242941024455618,1.5230082957224784,1.0,5.28039060320173,6.415573576877365,0.5124143334962808,0.5141352119175255
transformer,STORE0002,SKU0063,14,529.0,0.5226226691262258,0.9540672359815227,1.0,19.74767085484096,27.06851552292597,0.44214751110598494,0.4014942190822897
transformer,STORE0006,SKU0095,14,373.0,0.517433897739441,1.362735184769673,1.0,13.785917418343681,16.096629578445864,0.5214002024712243,0.3058583410431808
transformer,STORE0010,SKU0098,14,456.0,0.510068650831256,1.8722652610473733,1.0,16.613664627075195,20.34283944701515,0.5920880224398146,0.212031038183915
transformer,STORE0008,SKU0029,14,460.0,0.5098816996035369,1.4878338540471479,1.0,16.75325584411621,21.206577069679472,0.5044017544276614,0.4320494693258534
transformer,STORE0005,SKU0084,14,296.0,0.5084412548993085,1.3315758159342483,1.0,10.749900817871094,12.887163393242755,0.5143695130920742,0.4216437339782715
transformer,STORE0005,SKU0013,14,1453.0,0.4991755475689441,2.1600813669285728,1.0,51.807290758405415,72.36779236817176,0.5038003219504278,0.28790050593229793
transformer,STORE0006,SKU0017,14,1393.0,0.49244142246177874,1.989536023305668,1.0,48.99792153494699,58.21547883723655,0.5057279348770126,0.37406155708789485
transformer,STORE0012,SKU0062,14,192.0,0.4905892213185629,1.0394191784991735,1.0,6.72808074951172,7.682230202994826,0.46407671654048166,0.38572013378143316
transformer,STORE0011,SKU0055,14,192.0,0.4892660578091939,0.761856212227146,0.8571428571428571,6.7099345070975165,9.10582694100736,0.5658616931433993,0.3517868717511495
transformer,STORE0007,SKU0080,14,717.0,0.48676359104810896,0.757408471800669,0.9285714285714286,24.929249627249582,34.2127657456602,0.5190565800491107,0.37114242596273805
transformer,STORE0006,SKU0034,14,2432.0,0.4812228616915251,1.2056844243458642,1.0,83.59528568812779,113.8951020803767,0.4601011164533074,0.32641979895139994
transformer,STORE0001,SKU0043,14,718.0,0.477798313151495,0.5861541440735871,1.0,24.504227774483816,37.769832014594485,0.35798991565516236,0.4044813405836525
transformer,STORE0002,SKU0016,14,271.0,0.4765357408136459,2.2117762428091132,1.0,9.224370411464147,12.349389339117302,0.4627452759281491,0.31633667048492997
transformer,STORE0008,SKU0007,14,374.0,0.47634511835434856,2.890476747340057,1.0,12.725219590323311,15.041629231278437,0.5120277300025291,0.28890408296636083
transformer,STORE0013,SKU0002,14,399.0,0.47545983259540453,1.0282221928200757,1.0,13.55060522896903,16.21484625550042,0.4748330486936588,0.24655130333768993
transformer,STORE0002,SKU0039,14,173.0,0.4746681830786556,1.7521338826748114,1.0,5.865542548043387,7.648971488523599,0.4650264035915757,0.4746681830786556
transformer,STORE0007,SKU0043,14,512.0,0.47332114726305013,0.9096054309458967,1.0,17.310030528477263,26.87592116729788,0.4113522854152558,0.4337906017899513
transformer,STORE0004,SKU0076,14,386.0,0.47262150265392244,0.6456721488479065,1.0,13.030850001743861,14.537166813432188,0.44854381879214894,0.305629058205402
transformer,STORE0009,SKU0003,14,237.0,0.46675416487681715,1.1092309348110037,1.0,7.901481219700405,9.742596612371024,0.46667838969625974,0.36439984961401056
transformer,STORE0010,SKU0076,14,354.0,0.45686189468297583,1.8827256757629924,1.0,11.552079336983818,14.986458458847741,0.46389450021380174,0.23302709719555526
transformer,STORE0007,SKU0066,14,279.0,0.45671504714582983,0.8279982266949697,1.0,9.101678439549037,11.034261629515466,0.45178795971046537,0.3698879706816861
transformer,STORE0011,SKU0098,14,576.0,0.4566563169161479,1.8985679358577614,1.0,18.78814561026437,23.51207034028081,0.48090790407030987,0.1476377314991421
transformer,STORE0005,SKU0019,14,248.0,0.4563164864816973,1.192359560781446,1.0,8.083320617675781,11.406951635190003,0.45620107304055807,0.33277234723491056
transformer,STORE0009,SKU0016,14,347.0,0.4561776262882464,1.4387682370521833,1.0,11.30668830871582,15.138814659127936,0.4657627137277603,0.19033458390909244
transformer,STORE0008,SKU0059,14,364.0,0.45511454278296165,0.476609946419095,0.9285714285714286,11.832978112357003,13.960583044964832,0.48371442514665736,0.2427352758554312
transformer,STORE0007,SKU0097,14,650.0,0.45140482389009917,5.029449080594742,1.0,20.958081109183176,27.685139316395183,0.4992162104682431,0.1128886002760667
transformer,STORE0007,SKU0061,14,794.0,0.45067083325133817,1.0241549220053332,1.0,25.559474400111608,31.385115519843616,0.46047995406269576,0.3737979571825311
transformer,STORE0011,SKU0039,14,264.0,0.4497502428112608,2.1734997280160413,1.0,8.481004578726631,10.621868496092777,0.4850287036799757,0.31385491833542334
transformer,STORE0012,SKU0091,14,223.0,0.4495943693836708,0.6532668973004876,1.0,7.161396026611328,8.713031067477468,0.43771079746798386,0.344037624752575
transformer,STORE0004,SKU0051,14,970.0,0.44952659213665835,1.587042695940146,1.0,31.145771026611328,40.30870635198792,0.4959766163520175,0.24366847559348825
transformer,STORE0005,SKU0073,14,127.0,0.4489075668214813,0.5228185339817687,0.9285714285714286,4.072232927594866,5.557283215939306,0.4637238681567576,0.326680881770577
transformer,STORE0003,SKU0060,14,634.0,0.4478681786955343,0.80297884767439,1.0,20.282030378069198,23.965979669815017,0.4804024194255443,0.09221290564311416
transformer,STORE0013,SKU0003,14,142.0,0.4469398176166373,0.7890542232743025,0.9285714285714286,4.533246721540179,6.320472549692617,0.4734647509480218,0.39217339099293025
transformer,STORE0007,SKU0039,14,183.0,0.44598394925477075,1.8915262549840024,1.0,5.82964733668736,7.386957515345478,0.48900017458977363,0.3298176624735848
transformer,STORE0002,SKU0023,14,801.0,0.4444354148988569,0.6802944222072677,1.0,25.428054809570312,34.13868777803259,0.4149753626189737,0.19027762347541646
transformer,STORE0002,SKU0062,14,188.0,0.44294519627347906,1.7022122972886644,1.0,5.948121207101004,7.412738766054742,0.4679410182118538,0.22465681522450548
transformer,STORE0009,SKU0057,14,986.0,0.44154183811396663,1.042389216717583,0.9285714285714286,31.09716088431222,39.28570947182141,0.49851870006389193,0.28733438023689073
transformer,STORE0003,SKU0031,14,713.0,0.43883359783327763,0.60891855154935,1.0,22.34916823250907,28.851877842425015,0.4123289334651828,0.1526156956484074
transformer,STORE0009,SKU0010,14,379.0,0.43766046891426347,0.7702095049258534,1.0,11.84809412275042,14.138726744281213,0.41343824210294317,0.3925290371937613
transformer,STORE0011,SKU0026,14,1462.0,0.4363953189875946,1.216082789490279,1.0,45.572139739990234,54.337668987231126,0.44111038718630236,0.2616697120927427
transformer,STORE0001,SKU0020,14,665.0,0.43598251916412123,0.97365485991974,1.0,20.70916966029576,24.15463270967561,0.4530788769382172,0.18698562966253524
transformer,STORE0011,SKU0035,14,2625.0,0.4351055617559524,0.9566307829666136,1.0,81.58229282924107,96.37341531839395,0.4705539619711311,0.21084727260044642
transformer,STORE0010,SKU0036,14,589.0,0.43334631927956546,0.6647952117692152,1.0,18.23149871826172,19.946348118381067,0.44185621587122537,0.22710776207604919
transformer,STORE0009,SKU0032,14,997.0,0.4329105863121591,2.0019192057098167,1.0,30.829418182373047,42.80726720132034,0.5028036069762348,0.22603998978135578
transformer,STORE0007,SKU0050,14,161.0,0.4324926293414572,0.607145655367754,1.0,4.973665237426758,6.026620469911514,0.39043151123181924,0.3756392342703683
transformer,STORE0001,SKU0092,14,1319.0,0.4317597222201656,0.7161155131554835,0.9285714285714286,40.677933829171316,50.316621512518715,0.500787874001887,0.11370237638229128
transformer,STORE0009,SKU0058,14,1123.0,0.42991629351703375,3.105589189504727,1.0,34.48542840140207,44.793590706805354,0.46966745351304945,0.15583767980098298
transformer,STORE0006,SKU0081,14,946.0,0.42964631256039,0.6897769479345458,1.0,29.031815120152064,37.70789804793531,0.4227438762180907,0.21113888859496813
transformer,STORE0009,SKU0070,14,1061.0,0.4277424502215444,1.0775813458339083,1.0,32.41676712036133,43.360662349866374,0.4143736891469363,0.3942700888501598
transformer,STORE0005,SKU0086,14,135.0,0.42582906087239586,0.4862477421641469,0.9285714285714286,4.106208801269531,5.598505511486987,0.44733729224245733,0.3352987218786169
transformer,STORE0003,SKU0008,14,243.0,0.42490702499578026,0.7201816261645592,1.0,7.375171933855329,8.844492271994227,0.4282468187424114,0.2678634737744744
transformer,STORE0001,SKU0016,14,404.0,0.4244839885447285,0.8736334245326468,1.0,12.249395098005023,14.692956653736415,0.46863721869793207,0.17115654331622737
transformer,STORE0003,SKU0050,14,170.0,0.4222446666044347,0.8941782575199693,1.0,5.127256665910993,6.74471304906512,0.44480408796873633,0.32812675027286303
transformer,STORE0008,SKU0031,14,917.0,0.42168544656967777,1.0023705681964148,1.0,27.620396750313894,36.22099860148556,0.44998378831580427,0.2921536860575203
transformer,STORE0006,SKU0031,14,943.0,0.4188156856079749,0.6085321026128326,1.0,28.210227966308594,35.91364464862783,0.3993365459427229,0.3151825371880799
transformer,STORE0002,SKU0017,14,1063.0,0.4178696683523011,1.4806158323162286,1.0,31.72824696132115,37.38961245297026,0.4677507823751394,0.11614444047240637
transformer,STORE0006,SKU0091,14,294.0,0.415981591153307,0.5988125293219447,1.0,8.735613414219447,11.448079745779706,0.38710145239543886,0.17312330129195233
transformer,STORE0005,SKU0023,14,1133.0,0.41445601649339076,0.6141400802035929,1.0,33.54133333478655,43.00512017623424,0.3950395664191254,0.20550675152259285
transformer,STORE0010,SKU0100,14,1076.0,0.4141903349014906,0.7004664313820577,1.0,31.833485739571707,38.37523275824387,0.45083603801791483,0.008804909801837693
transformer,STORE0007,SKU0101,14,165.0,0.41323531179717093,1.8313738457199331,1.0,4.870273317609515,6.752640565590116,0.49750815808259957,0.2353270790793679
transformer,STORE0006,SKU0065,14,954.0,0.41193353505004626,0.43933149845679054,1.0,28.07032803126744,41.38826250517035,0.31878709137622474,0.2917878212918775
transformer,STORE0004,SKU0035,14,2944.0,0.41179704666137695,0.7883038393529136,1.0,86.59503609793526,101.93954191418494,0.41684053190060666,0.16479256878728452
transformer,STORE0009,SKU0019,14,230.0,0.410076962346616,0.7862367026562327,1.0,6.736978667122977,7.871355684635,0.45956833439970496,0.2820346085921578
transformer,STORE0001,SKU0051,14,924.0,0.4090312776111421,1.0968058404558507,1.0,26.99606432233538,32.25691778654878,0.41754884147462884,0.2697430565243676
transformer,STORE0005,SKU0020,14,625.0,0.4080355224609375,0.6376418708867506,1.0,18.21587153843471,22.502686093502568,0.39498691496674565,0.2984508056640625
transformer,STORE0002,SKU0087,14,272.0,0.4079908763661104,0.7488848648601086,1.0,7.9266798836844305,10.180674846038388,0.40693853338110747,0.3352638973909266
transformer,STORE0008,SKU0081,14,857.0,0.40757031257121956,1.1417742297915707,1.0,24.94912556239537,32.00811040405081,0.39639225475877043,0.3935194783338727
transformer,STORE0011,SKU0033,14,1477.0,0.40756713206007744,1.415674659156765,1.0,42.99833243233817,51.77717042638597,0.41318600610865935,0.27303036823414756
transformer,STORE0001,SKU0058,14,1284.0,0.4074235422960323,1.3255483333160305,1.0,37.366559164864675,46.42421328747206,0.4881376856106225,0.1612052620385666
transformer,STORE0008,SKU0047,14,1012.0,0.4056571538269284,0.5188480004236694,1.0,29.323217119489396,32.54814562481455,0.3813885134761388,0.2707880193536932
transformer,STORE0003,SKU0021,14,560.0,0.40528068542480467,1.4934105407059077,1.0,16.211227416992188,20.15181016457579,0.428561258049407,0.2730839593069894
transformer,STORE0007,SKU0048,14,761.0,0.4041340109866489,0.8572994207758818,1.0,21.96757016863142,26.385538051823694,0.4260430019186918,0.192960440877546
transformer,STORE0009,SKU0039,14,227.0,0.40303802490234375,1.022744435661711,1.0,6.534973689488003,7.795260416628998,0.4077495843906613,0.341989155907988
transformer,STORE0006,SKU0076,14,378.0,0.4030012605051515,0.7294268236735012,1.0,10.881034033639091,14.401454889561963,0.3891117748581928,0.32971085442437065
transformer,STORE0007,SKU0049,14,502.0,0.40201615717306555,0.5401035531316577,1.0,14.415150778634208,15.7133251386066,0.40855847188800437,0.11134420448090451
transformer,STORE0006,SKU0053,14,441.0,0.40201219139185623,0.7177565348577092,1.0,12.66338402884347,15.882036696161704,0.4135170037170795,0.20848481401023952
transformer,STORE0002,SKU0031,14,646.0,0.40159682518926565,1.3275735895171827,1.0,18.53082493373326,24.447493868632403,0.4599358226849544,0.2701636866519326
transformer,STORE0008,SKU0035,14,2593.0,0.40121697699108777,2.163086800095557,1.0,74.31111580984933,88.30412768134791,0.43910120779958156,0.1779362876765571
transformer,STORE0001,SKU0066,14,429.0,0.39997476075356936,0.9773419950912281,1.0,12.256369454520089,14.864714972956968,0.43267630985224226,0.2299635916045218
transformer,STORE0006,SKU0046,14,1571.0,0.39886667893844985,0.7207290646848664,1.0,44.758539472307476,54.880568026630044,0.4303696507093217,0.18693119002936523
transformer,STORE0005,SKU0041,14,1350.0,0.3983925769947194,0.682293697445555,1.0,38.416427067347946,54.88864390838586,0.3588633482713452,0.28236602218062795
transformer,STORE0002,SKU0026,14,1008.0,0.3950555211021787,3.970988590896316,1.0,28.443997519356863,37.37385330094379,0.4122878069233328,0.24194699998885866
transformer,STORE0006,SKU0033,14,1674.0,0.3950493925361223,0.7571005882286499,1.0,47.236620221819194,57.61855970848685,0.41520016574020735,0.13219183006879107
transformer,STORE0006,SKU0071,14,423.0,0.39482444961583923,0.5981340277459409,1.0,11.929338727678571,14.12478865582123,0.3896376562439152,0.23368474721344937
transformer,STORE0013,SKU0006,14,938.0,0.3944292454831382,0.5663920437539447,1.0,26.426759447370255,32.12414937411483,0.4100072369304551,0.05066292931530265
transformer,STORE0009,SKU0015,14,147.0,0.3935232876109428,1.067910526163365,1.0,4.131994519914899,4.929589666656182,0.4374189021697536,0.16978018624441965
transformer,STORE0007,SKU0065,14,707.0,0.38975869681912734,0.41557730788471786,1.0,19.68281418936593,27.50345639350556,0.3249883487704796,0.21456421955977337
transformer,STORE0009,SKU0099,14,1318.0,0.3890727539525589,0.9080158825677961,1.0,36.62842069353376,43.930250023313974,0.4700963852669346,0.17313413373978975
transformer,STORE0008,SKU0025,14,468.0,0.38837276360927486,0.7311363648475119,1.0,12.98274666922433,15.530960647238729,0.39584744282275447,0.2826996012630626
transformer,STORE0009,SKU0009,14,705.0,0.38820299189141455,1.4240509855664576,1.0,19.54879352024623,25.006040367113556,0.42756689753766813,0.22371381935498394
transformer,STORE0006,SKU0012,14,852.0,0.38798113719958094,0.8939593149145689,1.0,23.61142349243164,28.36376769412593,0.4366214674655761,0.18948045470904856
transformer,STORE0011,SKU0100,14,1173.0,0.38785323381220693,0.5109068651410683,1.0,32.49656023297991,36.941861826370456,0.38838309555849726,0.13266013325124548
transformer,STORE0011,SKU0024,14,794.0,0.3869349337945357,0.7838383083782959,1.0,21.944738388061523,26.438666320200685,0.4072085871884242,0.17922866494589548
transformer,STORE0001,SKU0026,14,1585.0,0.3868021294145554,0.6467472357230518,1.0,43.791526794433594,51.241781787693554,0.4082178856410811,0.17230855177629634
transformer,STORE0008,SKU0051,14,1030.0,0.38664224865367114,1.4678466837743191,1.0,28.44582257952009,38.02821821943557,0.4319901901563257,0.172084460212189
transformer,STORE0002,SKU0038,14,1030.0,0.38648113509983695,0.6818253784673857,1.0,28.433969225202286,33.69072940018961,0.4045215057596911,0.12401679326029656
transformer,STORE0012,SKU0043,14,719.0,0.3861064247693737,0.41305657843733684,1.0,19.829322814941406,23.114466493879398,0.35407201150948053,0.11695507405033032
transformer,STORE0013,SKU0028,14,879.0,0.38587335406445533,6.606526578585579,1.0,24.22733415876116,32.39860648368399,0.4490829294496826,0.16418080335319787
transformer,STORE0006,SKU0039,14,251.0,0.3857522865690558,1.2458788251435238,1.0,6.915987423488072,9.422022261118453,0.3907058597257159,0.30276988512016395
transformer,STORE0011,SKU0062,14,249.0,0.38526429325701245,0.7247536458909837,1.0,6.852200644356864,8.487972520020252,0.3949055860448065,0.29040536535791606
transformer,STORE0007,SKU0036,14,496.0,0.38461435994794296,1.0023465924742483,1.0,13.62633732386998,17.81494939147071,0.43073119193240206,0.2983834974227413
transformer,STORE0002,SKU0099,14,1098.0,0.38377274754703156,1.0394801949203012,1.0,30.098748343331472,49.299652871510304,0.34745054922201446,0.13608623289236824
transformer,STORE0009,SKU0045,14,1026.0,0.38274150052730566,0.8963671293194607,1.0,28.049484252929688,34.02715402682814,0.39962624542648584,0.26158710204602215
transformer,STORE0004,SKU0099,14,1429.0,0.3810495065591651,0.7869859570499298,1.0,38.89426749093192,49.097705901596406,0.41581496676022256,0.29759593240192006
transformer,STORE0009,SKU0093,14,889.0,0.3809000279155169,0.5942022701683255,1.0,24.187151772635325,28.945054983779805,0.38547341746485053,0.2188960741555865
transformer,STORE0009,SKU0023,14,991.0,0.3799481319731588,0.4507039819768873,1.0,26.894899913242885,34.640210001807766,0.3486581306141403,0.12169733057108703
transformer,STORE0007,SKU0055,14,138.0,0.37961116735486017,0.7452605642136014,1.0,3.7418815067836215,4.821869576967504,0.3966826893019804,0.1862410116886747
transformer,STORE0010,SKU0017,14,1321.0,0.37905803510043584,0.7569813842497426,1.0,35.7668331691197,54.19170929455302,0.3678705304937147,0.12065560559627235
transformer,STORE0011,SKU0058,14,1296.0,0.378892692518823,0.7997858092424426,1.0,35.07463782174248,41.92981585032768,0.4007570741733985,0.14142437334413885
transformer,STORE0001,SKU0081,14,1013.0,0.37842036376230104,1.4568229872928353,1.0,27.38141632080078,35.826882277057095,0.39134567942918475,0.20099788262837026
transformer,STORE0005,SKU0060,14,923.0,0.3782444268884793,0.48809693796521353,1.0,24.937114715576172,29.6286655520035,0.385762635345836,0.05483186335372512
transformer,STORE0013,SKU0063,14,400.0,0.37811779499053955,0.8499618964517551,1.0,10.803365571158272,14.068408279521782,0.3887520417613653,0.35501941204071047
transformer,STORE0012,SKU0053,14,428.0,0.37810868860405183,0.4943694892680229,1.0,11.559322765895299,12.724014782763064,0.3818798340600655,0.08586416957534364
transformer,STORE0001,SKU0101,14,287.0,0.3777996555022662,0.6305050056246453,1.0,7.744892937796457,9.551293007260243,0.3964539460601202,0.07420972498451792
transformer,STORE0003,SKU0019,14,186.0,0.37756277925224724,0.5441731976731504,1.0,5.01619121006557,6.738342791701964,0.3569810606691321,0.3648090157457578
transformer,STORE0011,SKU0043,14,803.0,0.37700242628047653,1.0185723307704644,1.0,21.623782021658762,28.377785369107727,0.4212438960423873,0.21454720123024984
transformer,STORE0011,SKU0020,14,659.0,0.3764975089042791,0.9806715062902044,1.0,17.722275597708567,23.565875849490713,0.40395338494459665,0.18186437233445857
transformer,STORE0009,SKU0012,14,729.0,0.37396101565681533,1.1618242067320492,1.0,19.47268431527274,26.42547698094793,0.4311072822966584,0.18792916652433503
transformer,STORE0001,SKU0007,14,376.0,0.3732912337526362,0.5592808576203497,1.0,10.025535992213658,11.775648619663059,0.3733355990071603,0.297121266101269
transformer,STORE0009,SKU0077,14,716.0,0.3727815617396179,0.6750704192008062,1.0,19.065114157540457,28.10013671940014,0.3571752035992738,0.32380553730373274
transformer,STORE0009,SKU0049,14,539.0,0.37190191378619986,0.4304870186973937,1.0,14.318223680768694,15.461721957751617,0.33672834616966585,0.2988464128993217
transformer,STORE0001,SKU0061,14,1251.0,0.3716109387880321,0.5787442142397641,1.0,33.20609174455915,40.80046076331516,0.3678029300921815,0.23808439820409294
transformer,STORE0007,SKU0034,14,1854.0,0.37115557525536,0.5350901229882764,1.0,49.151602608816965,68.0173261620862,0.35731033338093743,0.2144200264314489
transformer,STORE0013,SKU0068,14,381.0,0.37006351140540417,0.423730446066097,1.0,10.0710141318185,13.113788645629592,0.3808586425629184,-0.12556036000489562
transformer,STORE0004,SKU0068,14,562.0,0.36983175718911604,0.4692143761484199,1.0,14.846103395734515,19.183109714148895,0.3388134322411886,0.2600396247945222
transformer,STORE0009,SKU0082,14,680.0,0.3692091100356158,1.1610344770929921,1.0,17.933013916015625,22.17894611910333,0.41237766373615176,0.2123495101928711
transformer,STORE0001,SKU0001,14,1457.0,0.36863603245009274,0.5880206383493458,1.0,38.36447851998465,45.604529891498146,0.3763644182613555,0.20265443339770023
transformer,STORE0005,SKU0075,14,553.0,0.36819916047411844,0.3761578126676955,0.9285714285714286,14.543866838727679,17.564314128498623,0.44011048614492926,0.043110507737447755
transformer,STORE0007,SKU0053,14,352.0,0.36802163449200714,1.5550770880023133,1.0,9.253115381513323,12.754738571913537,0.4189179229891908,0.09655367786234076
transformer,STORE0010,SKU0042,14,195.0,0.3679748143905248,0.5728646816082452,1.0,5.125363486153739,6.222910174095568,0.3614068283591624,0.327334712101863
transformer,STORE0005,SKU0006,14,2295.0,0.367966070569938,0.38770142585865214,1.0,60.320152282714844,71.4703315974261,0.3807876396460283,-0.1634437378195636
transformer,STORE0004,SKU0014,14,812.0,0.36793464510311635,2.178230355850986,1.0,21.34020941598075,28.93316036265101,0.3861817383286474,0.19859118532077433
transformer,STORE0001,SKU0037,14,1531.0,0.3670692967091566,0.6277939905463875,1.0,40.141649518694194,51.37148716320442,0.3747965234516707,0.17737789141594545
transformer,STORE0006,SKU0102,14,1498.0,0.36703502924961146,0.5368735390409077,1.0,39.272748129708425,49.80985389702345,0.3511103211620899,0.3063349144481053
transformer,STORE0006,SKU0056,14,379.0,0.3664512131019129,1.4680077517508394,1.0,9.920357840401786,14.1109923124329,0.4084259988246767,0.14740228778768655
transformer,STORE0002,SKU0084,14,259.0,0.365906674889524,0.767350554293098,1.0,6.7692734854561945,8.945531627963897,0.40760652359142485,0.22742600606675314
transformer,STORE0005,SKU0101,14,261.0,0.3658022021881922,1.192498072854687,1.0,6.819598197937012,9.038000963534651,0.4307998274513204,0.08051237932110199
transformer,STORE0006,SKU0098,14,581.0,0.3639825239854507,1.1095145572158476,1.0,15.105274745396205,18.684644020245297,0.4361917306796306,0.08926681807447424
transformer,STORE0010,SKU0079,14,989.0,0.36295352546221327,0.5051344248166135,1.0,25.640074048723495,28.222448572714548,0.3672944353748733,0.12846435454303987
transformer,STORE0004,SKU0029,14,525.0,0.36292263939267105,1.6848101741666481,1.0,13.609598977225165,17.118380008635146,0.3893292981690274,0.2073333304268974
transformer,STORE0002,SKU0043,14,546.0,0.36271763197231643,0.45045153012637895,1.0,14.145987646920341,18.271191089691545,0.3384748681522923,0.3216885088127611
transformer,STORE0008,SKU0056,14,385.0,0.3625364724691812,0.535921296828913,1.0,9.969752992902484,14.170100621154678,0.3431109450604867,0.15463239991819705
transformer,STORE0007,SKU0067,14,400.0,0.36240598678588865,0.5340744991465587,1.0,10.354456765311104,12.438498254010154,0.36418249999704605,0.16109127998352052
transformer,STORE0007,SKU0027,14,1769.0,0.36140756299766597,1.461825703697993,1.0,45.66642706734793,54.92112348158522,0.43614848104181736,0.007836380134267682
transformer,STORE0001,SKU0086,14,177.0,0.36010261578748454,0.4575046218661383,1.0,4.55272592817034,5.521606033324797,0.3579505657080994,0.054916403387899465
transformer,STORE0009,SKU0022,14,1233.0,0.3594436336124417,0.8023437831498751,1.0,31.656714303152903,37.27073032586279,0.4035584656328188,0.08630119874432912
transformer,STORE0001,SKU0011,14,335.0,0.3593513261026411,0.5593762900605855,1.0,8.598763874598912,10.693293972707064,0.35979605074659604,0.24195022583007814
transformer,STORE0003,SKU0042,14,176.0,0.35911338979547675,1.7991788047363217,1.0,4.514568328857422,6.729614866696447,0.393606642079595,0.27675437927246094
transformer,STORE0001,SKU0035,14,3090.0,0.35880166458080504,0.7902300905887811,1.0,79.19265311104911,106.26390390813988,0.38395044405611733,0.030880559532387743
transformer,STORE0010,SKU0034,14,2551.0,0.35868212775780334,0.4489247674449158,1.0,65.3570077078683,78.67300439800447,0.3662687674192346,0.016616731566665023
transformer,STORE0004,SKU0028,14,1815.0,0.35829072642260673,0.7889055772275639,1.0,46.44983346121652,55.18145946842159,0.40226892173896134,0.17813935923510674
transformer,STORE0013,SKU0049,14,298.0,0.35772416415630576,0.6472106391422218,1.0,7.6144143513270794,9.218139063464204,0.36112351232266343,0.31207342595862064
transformer,STORE0002,SKU0019,14,198.0,0.3575652440388997,0.5723541335989876,1.0,5.056994165693011,6.185313609249117,0.3789482369213527,0.32038647237450185
transformer,STORE0003,SKU0039,14,191.0,0.35754985709464987,0.5859401632565707,1.0,4.878001621791294,6.013663290814162,0.3501277761923329,0.34861411848617474
transformer,STORE0003,SKU0009,14,642.0,0.3574633672601337,0.44567125850020956,1.0,16.392248698643275,19.9093300303922,0.3465490350717448,0.13322221155849945
transformer,STORE0010,SKU0040,14,367.0,0.35596491010702275,3.1927642480067235,1.0,9.331365857805524,13.687310969670278,0.36471706939096815,0.24365279070363058
transformer,STORE0002,SKU0042,14,178.0,0.3551897413275215,0.8247407462661428,1.0,4.515983854021345,5.84469530761007,0.36986003040604276,0.2579984986380245
transformer,STORE0013,SKU0076,14,226.0,0.3550538763535761,0.7714195355212523,1.0,5.731584003993443,7.233094466060924,0.3881415284616766,0.1429020198045579
transformer,STORE0003,SKU0086,14,117.0,0.35489217644063836,0.8200870333803038,1.0,2.9658846173967635,3.5956518982899013,0.40180656933489656,0.07745237431974493
transformer,STORE0006,SKU0099,14,1474.0,0.3548645423257691,1.5608552109515148,1.0,37.36216681344168,53.03618457598957,0.36332067201400925,0.21365856962579238
transformer,STORE0001,SKU0042,14,244.0,0.3548462664494749,0.485321412053997,1.0,6.1844635009765625,7.5791016522219845,0.3431361370196896,0.2557874585761399
transformer,STORE0013,SKU0026,14,724.0,0.35480959771087817,0.42359811120839513,0.9285714285714286,18.348724910191127,26.718544120763422,0.39202999599480626,0.2541237088198161
transformer,STORE0011,SKU0067,14,553.0,0.3544882279408129,0.698397820072508,1.0,14.00228500366211,17.671592401972582,0.3812941738686514,0.16473115503680213
transformer,STORE0006,SKU0058,14,1505.0,0.35321279633480845,0.3865644144955222,0.9285714285714286,37.97037560599191,47.561532672424924,0.4325541089089224,-0.034321533405899614
transformer,STORE0011,SKU0050,14,248.0,0.35311905030281315,1.014341787674251,1.0,6.255251748221261,8.0361721916128,0.3581666075803591,0.30077355907809356
transformer,STORE0011,SKU0021,14,795.0,0.3530418443979707,0.3000202012233181,0.9285714285714286,20.047733306884766,25.708343065003184,0.38180820224664774,0.21652007672771717
transformer,STORE0009,SKU0002,14,848.0,0.35301382136794757,0.5650779506072287,1.0,21.382551465715682,27.043206268934302,0.35667202468968057,0.12253976318071473
transformer,STORE0011,SKU0006,14,1683.0,0.3525522269454657,3.045831908808854,1.0,42.38181413922991,50.95937238683986,0.43044570358656087,0.2021455906433359
transformer,STORE0008,SKU0101,14,243.0,0.35244164643464265,0.971550869143563,1.0,6.117380005972726,8.059490820786026,0.39160737087076564,0.2378389413464707
transformer,STORE0007,SKU0074,14,734.0,0.3521372407918405,0.6019395542431064,1.0,18.462052481515066,25.149816267267642,0.35423419025483555,0.1673965765929677
transformer,STORE0006,SKU0048,14,1136.0,0.3521183040780081,0.5142903105227432,1.0,28.57188524518694,33.086804345676974,0.36207782504503955,0.15243019856197734
transformer,STORE0001,SKU0031,14,947.0,0.3515050942442107,0.8625930943772137,1.0,23.776808874947683,31.474003753011406,0.3505324345575982,0.2386245123310351
transformer,STORE0001,SKU0074,14,1048.0,0.35093909547529145,0.5145310182610693,1.0,26.27029800415039,34.89205191660925,0.331671435334229,0.16893593591588144
transformer,STORE0010,SKU0021,14,697.0,0.350648127464174,0.5665985618375029,1.0,17.45726748875209,20.77447655264901,0.35656962337599635,0.17356324708957754
transformer,STORE0010,SKU0089,14,507.0,0.3503776113897621,1.4657775411999154,1.0,12.688674926757812,18.813538765076554,0.41179628958342446,0.22376147388706547
transformer,STORE0012,SKU0013,14,1554.0,0.34998469309763863,3.1040424563563533,1.0,38.84830093383789,45.224455993200614,0.4505703681378885,-0.022480246643302063
transformer,STORE0010,SKU0097,14,883.0,0.349342886210838,0.7871957995278357,1.0,22.033554894583567,25.86451983589479,0.4042117937749407,0.04781878548057271
transformer,STORE0008,SKU0067,14,589.0,0.34925301491910615,0.5617912113924188,1.0,14.69357327052525,18.6465277544746,0.36134111407987096,0.1245515042938077
transformer,STORE0003,SKU0088,14,242.0,0.3491676740409914,0.9666828405307099,0.9285714285714286,6.035612651279995,8.328905604044289,0.4544275290944123,0.18712169867901762
transformer,STORE0010,SKU0029,14,400.0,0.3481064605712891,1.4708006402099656,1.0,9.945898873465401,13.268640304126126,0.3723239156182275,0.31754188537597655
transformer,STORE0001,SKU0045,14,1258.0,0.3477414166036585,0.42554424546214215,1.0,31.24705014910017,45.78858417965637,0.31211702372295236,0.2742042662797937
transformer,STORE0005,SKU0016,14,417.0,0.34646326517887255,0.546039408854672,1.0,10.31965582711356,14.34799541693555,0.35350356529316374,0.11854070210628373
transformer,STORE0004,SKU0066,14,424.0,0.3462512268210357,0.40242060801028096,0.9285714285714286,10.486465726579938,14.665896663863345,0.39670744701862853,0.25283940333240434
transformer,STORE0001,SKU0055,14,207.0,0.345888736743282,0.3422985776893137,0.9285714285714286,5.1142120361328125,6.622006142731471,0.39639607519937387,0.1975511560117565
transformer,STORE0012,SKU0022,14,1162.0,0.34484216555465724,0.6202718601798242,1.0,28.62189974103655,35.88664970978018,0.3765853883959444,0.09795644238155189
transformer,STORE0003,SKU0016,14,283.0,0.3444383708832542,0.390922987762761,1.0,6.96257563999721,8.994503347672179,0.3098938011028026,0.2595492251770235
transformer,STORE0012,SKU0083,14,1138.0,0.3442523399849139,2.730471774542757,1.0,27.982797350202286,37.92619190571342,0.3986435597230214,0.08342167028014813
transformer,STORE0001,SKU0065,14,1009.0,0.3437000195264107,0.8660695187891603,1.0,24.770951407296316,42.2716181910639,0.3576266550328335,0.14971193402444408
transformer,STORE0004,SKU0053,14,442.0,0.3434870448047759,0.6984541975268664,1.0,10.844376700265068,13.67922428501208,0.3619930414888834,0.19783763971803414
transformer,STORE0003,SKU0044,14,1028.0,0.3432674259527184,0.4777522774781388,1.0,25.205636705671036,29.435575195075582,0.3618523786680666,0.005205421596185707
transformer,STORE0001,SKU0015,14,160.0,0.3432096242904663,0.5033270213441029,1.0,3.922395706176758,4.791894469502513,0.3357217054519154,0.3267263650894165
transformer,STORE0012,SKU0097,14,907.0,0.343123603156278,0.69120164924004,1.0,22.22950771876744,26.252258897226575,0.40110418039389467,-0.03573978932978957
transformer,STORE0003,SKU0030,14,558.0,0.3426186277874909,0.4435102867046723,1.0,13.65579959324428,15.623292380556716,0.34354944111017127,0.11777721254629052
transformer,STORE0005,SKU0009,14,903.0,0.3418787959406146,0.717312377143902,1.0,22.051182338169642,29.690275181074654,0.35831097908652004,0.09256087901980378
transformer,STORE0007,SKU0006,14,1090.0,0.3415009454849663,0.39970387443134003,1.0,26.588287898472377,30.95403697694797,0.3185572441466756,0.25695843477861596
transformer,STORE0010,SKU0092,14,1253.0,0.34101869502451926,0.5770432549005307,1.0,30.521173204694474,37.454272807566234,0.36797098968680725,0.012205344624074098
transformer,STORE0012,SKU0005,14,1255.0,0.3405517152581082,0.48350684132319127,1.0,30.528028760637557,36.42497058807851,0.35393112030251783,0.06863593599235869
transformer,STORE0008,SKU0014,14,903.0,0.3404325567606676,0.36780432849284395,1.0,21.95789991106306,28.258455746169506,0.3202110676381963,0.07860246660437431
transformer,STORE0003,SKU0070,14,996.0,0.33995666657106943,0.4315558514009688,0.9285714285714286,24.185488564627512,32.83558106792868,0.4130866067675299,0.18572885444365353
transformer,STORE0003,SKU0096,14,947.0,0.33984211455428737,1.7626521290099508,1.0,22.987891605922155,28.24009202999777,0.3787801280763107,0.045583215409372525
transformer,STORE0001,SKU0077,14,871.0,0.33975501339690145,0.7769630882259747,1.0,21.1376154763358,31.325579312881075,0.3523559071764656,0.16677391761753504
transformer,STORE0006,SKU0036,14,661.0,0.3389242001993754,0.8196998119938295,1.0,16.00206402369908,20.351421580173035,0.34795794685441167,0.3262410993475056
transformer,STORE0001,SKU0072,14,490.0,0.33884767026317364,0.4753473534139456,1.0,11.859668459211077,14.543555545940533,0.3339993244237377,0.23070173458177215
transformer,STORE0004,SKU0050,14,248.0,0.33819009411719536,1.0595804022952227,1.0,5.990795952933175,8.061620365518138,0.3771017111687028,0.2629182723260695
transformer,STORE0006,SKU0003,14,297.0,0.3380970874619404,0.6460811231212789,1.0,7.172488212585449,9.871317880514262,0.34433211193116875,0.23053629069215922
transformer,STORE0013,SKU0037,14,839.0,0.33804015749543725,0.49030917176899685,1.0,20.258263724190847,25.039244777117556,0.34022148659399687,0.17646832289940126
transformer,STORE0004,SKU0077,14,944.0,0.3374668056682005,1.3787282997987358,1.0,22.75490461077009,31.501909271322333,0.40110269299851,0.12582500910354874
transformer,STORE0001,SKU0059,14,390.0,0.33699327615591196,0.5541698655704118,1.0,9.387669835771833,10.923189080018046,0.3739272594417353,0.11907712007180232
transformer,STORE0004,SKU0052,14,857.0,0.33685429149080187,0.4438936168552613,1.0,20.62029484340123,24.58819254674655,0.34519812871485395,0.055084557906054044
transformer,STORE0003,SKU0015,14,118.0,0.3360327704478118,0.3885813332968059,1.0,2.8322762080601285,3.422497381133634,0.29930194802638194,0.3360327704478118
transformer,STORE0012,SKU0076,14,375.0,0.33590472920735676,1.4399868487792038,1.0,8.997448103768486,12.072170970095156,0.34333434577269245,0.1387743174235026
transformer,STORE0003,SKU0066,14,303.0,0.3357106451154149,0.6474702717969858,1.0,7.265737533569336,9.659419677703529,0.36848500281968627,0.28179970668880855
transformer,STORE0008,SKU0003,14,339.0,0.33526331696186795,0.4317946208851189,1.0,8.118161746433803,9.993273126358831,0.329125359558271,0.14739645336229892
transformer,STORE0001,SKU0063,14,904.0,0.3349352769092121,0.6744691196078254,1.0,21.627249308994838,32.092232108515496,0.34804143095157786,0.11939618861780757
transformer,STORE0012,SKU0054,14,1213.0,0.3347978080881595,0.3798272064823426,1.0,29.007838657924108,37.38116573290983,0.3112132963164748,0.1008953147944791
transformer,STORE0008,SKU0055,14,204.0,0.3345952314489028,0.42681711842873093,1.0,4.875530515398298,6.063028896772238,0.31761024504638347,0.2773740618836646
transformer,STORE0005,SKU0083,14,1247.0,0.3343876928162747,0.42177152434328946,1.0,29.78438949584961,34.30027005140686,0.3291920906232311,0.20638573714610378
transformer,STORE0007,SKU0018,14,935.0,0.33427490397570603,0.4308845295673324,1.0,22.32478822980608,25.289022623923433,0.35002456391984377,0.015078017290900735
transformer,STORE0013,SKU0085,14,573.0,0.3342379824653346,0.44269774098820547,1.0,13.679883139474052,18.59795626292527,0.3234164178651598,0.1717058617823203
transformer,STORE0010,SKU0087,14,348.0,0.3341506760695886,0.42478568571662495,1.0,8.306031090872631,10.045806580297874,0.31639078691847283,0.25347536459736447
transformer,STORE0002,SKU0036,14,497.0,0.33388111720862285,0.39140918370991606,1.0,11.85277966090611,16.064673507680187,0.289946294750142,0.33060155212279535
transformer,STORE0006,SKU0028,14,1773.0,0.33342922359150273,0.6721372599029596,1.0,42.22642953055246,53.612604026862165,0.3634240781098735,0.26058113111053827
transformer,STORE0012,SKU0039,14,229.0,0.3327068178934821,0.49141589218234705,1.0,5.442132949829101,7.2091271815748605,0.32499886967652364,0.1944776809892279
transformer,STORE0003,SKU0075,14,386.0,0.3321897230000076,0.46282533446584345,1.0,9.158945219857353,10.846999802903191,0.34011252978641543,0.12304263040809434
transformer,STORE0003,SKU0040,14,308.0,0.3321292926738789,0.4533227876036402,1.0,7.306844438825336,8.60075419848522,0.3351028175994826,0.2613742382495435
transformer,STORE0002,SKU0078,14,287.0,0.33178871766200047,0.4901448458028366,1.0,6.80166871207101,8.363699138900385,0.3308825456990618,0.2806381730667805
transformer,STORE0011,SKU0083,14,1365.0,0.33160013052133414,0.6463020041404496,1.0,32.33101272583008,36.47616150725656,0.3621565157532687,0.1025173704266111
transformer,STORE0010,SKU0020,14,601.0,0.3313606249512531,0.5787609037867107,0.9285714285714286,14.224838256835938,18.95772415296418,0.4211675884987066,0.129402097172031
transformer,STORE0011,SKU0048,14,1120.0,0.3303652695247105,1.2586410611915857,1.0,26.429221561976842,33.428357388947184,0.41434926445412834,0.1611077513013567
transformer,STORE0006,SKU0087,14,391.0,0.3303056507159377,0.5220357019631872,1.0,9.22496495928083,12.181695711728317,0.31106843673360524,0.28889392160088817
transformer,STORE0001,SKU0021,14,843.0,0.329979096726025,0.3052231673884352,0.9285714285714286,19.86945561000279,27.987215333666196,0.370694758263108,0.17442872034980167
transformer,STORE0012,SKU0060,14,689.0,0.32987443456109966,1.0942443393433956,1.0,16.234534672328405,22.298354679596066,0.37842695142462696,0.15865829755675118
transformer,STORE0002,SKU0090,14,207.0,0.32973259082738904,1.3752347141478616,1.0,4.875331878662109,6.19934853492952,0.36038804650514233,0.15846046042327144
transformer,STORE0011,SKU0025,14,459.0,0.3294992550785505,1.4932301158810053,1.0,10.802868434361049,13.826584269728698,0.37100614835727613,0.20483275436368129
transformer,STORE0004,SKU0048,14,1242.0,0.3292774194296623,0.5852479082157419,1.0,29.21161106654576,37.15536722167234,0.36854389244580005,0.01902285712544661
transformer,STORE0005,SKU0077,14,853.0,0.3291720606098421,0.7273178867911783,1.0,20.05598340715681,23.46142005603978,0.3767964607991294,0.19718841874725235
transformer,STORE0003,SKU0055,14,145.0,0.3291090603532462,0.715343518466015,1.0,3.4086295536586215,4.290981220762272,0.3791631881959231,0.1567675623400458
transformer,STORE0005,SKU0028,14,2042.0,0.32863558658073044,0.746074113059611,1.0,47.93384769984654,59.10060474546716,0.35886782964611014,0.11333347511104692
transformer,STORE0013,SKU0001,14,745.0,0.32822816067894034,0.45746513558995555,1.0,17.466427121843612,20.105360321881783,0.3474628555467092,0.1280735860734978
transformer,STORE0009,SKU0028,14,1576.0,0.3274645539104636,0.4707856915300542,1.0,36.86315264020647,45.82893157720434,0.31814732994477846,0.17809156233889198
transformer,STORE0004,SKU0015,14,176.0,0.32735590501265094,0.6122137312018968,1.0,4.115331377301898,5.336103975387848,0.33719492815540175,0.15209674835205078
transformer,STORE0004,SKU0001,14,1663.0,0.32678859891908685,0.8576864507568084,1.0,38.817817143031526,47.22887016534202,0.36675197529838066,0.05795627119164112
transformer,STORE0013,SKU0036,14,382.0,0.3266828397181646,0.7444491873120878,1.0,8.913774626595634,11.13253919233219,0.35295391866720616,0.15909267345648162
transformer,STORE0008,SKU0097,14,1035.0,0.3266000056612319,0.41557898246050196,1.0,24.145071847098215,32.46650155945943,0.31935628860022225,0.04506286031382095
transformer,STORE0005,SKU0053,14,455.0,0.32644947596958707,0.3000707074329943,0.9285714285714286,10.609607969011579,13.986439856064674,0.37343016300906157,0.18000484089274982
transformer,STORE0002,SKU0065,14,692.0,0.32585794526028494,0.41400150385423645,1.0,16.106692722865514,23.985745850913645,0.2897844511648881,0.21391853156117346
transformer,STORE0006,SKU0094,14,987.0,0.32577480636952255,0.7182521349671115,1.0,22.96712384905134,28.54636579602161,0.369841240574727,-0.07688307834613649
transformer,STORE0008,SKU0015,14,189.0,0.3255607766449136,0.37894154786137335,1.0,4.395070484706333,5.196464438886488,0.30473629780254896,0.16817294731341972
transformer,STORE0001,SKU0048,14,1153.0,0.3240219208848859,1.197988895013929,1.0,26.68551962716239,34.13278412884554,0.34666617992933546,0.15595685391455041
transformer,STORE0006,SKU0038,14,1642.0,0.32393645775594027,0.4395095521779949,1.0,37.99311883108957,44.104373879295935,0.3468773515969153,-0.0009499525472104331
transformer,STORE0003,SKU0045,14,859.0,0.3239329496834414,4.434508732610455,1.0,19.875600269862584,28.210253245786802,0.3529444978828799,0.18853334775487257
transformer,STORE0010,SKU0058,14,1183.0,0.32366229433783616,0.42532500903738535,1.0,27.349463871547155,34.33467152244922,0.3230976772845769,0.07401709020490478
transformer,STORE0008,SKU0049,14,709.0,0.32338081865620044,0.44564466838151456,1.0,16.37692860194615,18.905454373985986,0.3247546068783502,0.19871471496495946
transformer,STORE0002,SKU0079,14,829.0,0.32327530496226864,0.745186226228708,1.0,19.14251627240862,24.41277657523358,0.3523564903739355,0.1628206894970055
transformer,STORE0005,SKU0080,14,1197.0,0.32320337128220944,0.6287853411742824,1.0,27.633888244628906,31.980856281552608,0.3727668864597318,0.14942312599124766
transformer,STORE0003,SKU0048,14,898.0,0.32294037188081803,0.5625499995033716,1.0,20.714318139212473,29.991049877519103,0.34118752118652396,0.02046308538696017
transformer,STORE0005,SKU0055,14,213.0,0.3225953187181356,1.3582663170959335,1.0,4.908057349068778,6.571332259741207,0.3614573747702786,0.14641433142720253
transformer,STORE0007,SKU0083,14,888.0,0.3218077668198594,0.3986082182394236,1.0,20.411806924002512,24.760950519236847,0.31111909576768554,0.17669864173408026
transformer,STORE0011,SKU0053,14,465.0,0.3217750959498908,1.5501980944420999,1.0,10.687529972621373,14.488315567658077,0.364662123035348,0.16073291737546203
transformer,STORE0005,SKU0054,14,1421.0,0.3217583481146365,7.836144394917437,1.0,32.6584723336356,43.79623469225275,0.3738431901546115,0.09821665882644814
transformer,STORE0004,SKU0065,14,1077.0,0.3215478810316562,0.3333609242596501,1.0,24.736219133649552,32.77692642182396,0.2861650367734904,0.11110624208866499
transformer,STORE0013,SKU0013,14,796.0,0.3214542063037355,0.6618836169623113,1.0,18.27696772984096,22.71584308825918,0.35739556381673954,0.168002047131409
transformer,STORE0003,SKU0093,14,800.0,0.3211612558364868,0.4286301056597141,1.0,18.35207176208496,23.06126021122902,0.3358206808961795,0.014661450386047364
transformer,STORE0012,SKU0100,14,1159.0,0.3204677144034964,0.7475550996069851,1.0,26.530148642403738,31.949959322829386,0.3678610105683576,-0.07680927503715825
transformer,STORE0006,SKU0069,14,1386.0,0.32040894633591777,0.5730735080682862,1.0,31.72048568725586,38.615992944816625,0.37454040147816015,0.19030576213269695
transformer,STORE0002,SKU0006,14,1359.0,0.31995856682985824,0.37223451990219036,1.0,31.058835165841238,39.360275472564595,0.31333867499388823,0.031624008751336564
transformer,STORE0012,SKU0047,14,1060.0,0.3198334675914836,0.8586262299010531,1.0,24.21596254621233,31.98736013458566,0.34700132665022554,0.005725435940724499
transformer,STORE0001,SKU0078,14,466.0,0.31961136519141464,1.0800348082730529,1.0,10.638492584228516,13.616301490153695,0.3835934968566583,0.05475048343511101
transformer,STORE0006,SKU0042,14,248.0,0.3192419082887711,1.9000102365530096,1.0,5.6551423754010886,7.778101383813707,0.34282084953603614,0.18010313280167117
transformer,STORE0007,SKU0016,14,360.0,0.31873913870917425,0.26446176685558936,0.9285714285714286,8.196149281093053,12.556342815458283,0.37744590532416694,-0.04133827421400281
transformer,STORE0005,SKU0003,14,327.0,0.31819908188752805,0.40786682127234597,1.0,7.4322214126586905,8.551712552436204,0.3221103859209918,0.10537762306516688
transformer,STORE0008,SKU0091,14,360.0,0.3179192860921224,1.7581901559737647,1.0,8.175067356654576,12.427232892083914,0.35487093290736876,0.012473678588867188
transformer,STORE0011,SKU0082,14,908.0,0.31676215957439946,0.4427315588855811,1.0,20.544288635253906,24.89601407570555,0.3430352841752325,0.01712831841691476
transformer,STORE0007,SKU0094,14,607.0,0.31606637744180843,0.4067736136443027,1.0,13.703735079084124,15.20576769676947,0.32757561731562274,0.07031145048691377
transformer,STORE0006,SKU0050,14,250.0,0.3160018615722657,0.3693501118838381,1.0,5.64289038521903,6.390188478835483,0.29576661256332276,0.24476559448242188
transformer,STORE0001,SKU0053,14,476.0,0.3157557559614422,0.3556775576783687,1.0,10.735695702689034,12.303361929023978,0.3006292316163504,0.15242486040131384
transformer,STORE0004,SKU0054,14,1285.0,0.3152984381649745,0.4750262391229411,1.0,28.9398923601423,37.826945576108834,0.3154994726691642,0.2829690064901508
transformer,STORE0007,SKU0090,14,218.0,0.31528094930386324,0.9404591135483964,1.0,4.9093747820172995,6.782560962185097,0.36698997128161664,0.050018380541320226
transformer,STORE0005,SKU0026,14,1544.0,0.3149865402458863,0.45264556872470957,1.0,34.73851558140346,44.17134968098524,0.3197072688658342,0.17109064487595632
transformer,STORE0013,SKU0086,14,87.0,0.31490939787064476,0.4057282405645669,1.0,1.956936972481864,2.3504324068759805,0.3292296845759229,0.033212332889951506
transformer,STORE0001,SKU0073,14,163.0,0.31489848505499907,0.3767570344602876,1.0,3.6663180759974887,4.193621030350261,0.31275424811861186,0.1022586471464005
transformer,STORE0003,SKU0043,14,614.0,0.3147959010220506,0.404837463411463,1.0,13.806048801967076,16.684237278235138,0.31763139227808035,0.18312690312388666
transformer,STORE0009,SKU0041,14,1453.0,0.3143480304841411,0.823050209927243,1.0,32.624834878104075,49.24159103986599,0.31047696858455565,0.1479613008125027
transformer,STORE0005,SKU0082,14,911.0,0.3143480261123272,0.3651050530038718,1.0,20.455075127737864,23.72281075470892,0.3170475550035681,0.03743389225948263
transformer,STORE0004,SKU0058,14,1361.0,0.3141844985591936,0.43605133487548614,1.0,30.543221609933035,38.45554212705993,0.3247243526756577,0.0716954440776256
transformer,STORE0011,SKU0044,14,1262.0,0.31396240742195236,0.7417348111181633,1.0,28.301468440464564,38.06151938645544,0.3306545767767077,0.1733608517896166
transformer,STORE0012,SKU0088,14,320.0,0.3137614369392395,0.22984439058200984,0.9285714285714286,7.171689987182617,10.182843023626369,0.34956622061674747,0.0772568106651306
transformer,STORE0005,SKU0100,14,1179.0,0.3136493401369672,0.3860787974488097,1.0,26.41375514439174,31.736096409094294,0.3085510612066162,0.10674050988738472
transformer,STORE0013,SKU0039,14,149.0,0.3135631996513213,0.39254198239025545,1.0,3.3372083391462053,3.7814838651172766,0.3079202095787816,0.22629173330012584
transformer,STORE0009,SKU0090,14,249.0,0.3135555068173083,0.25030067439601456,0.9285714285714286,5.5768086569649835,7.8288371244946715,0.34960774042473414,0.15849700989014648
transformer,STORE0001,SKU0017,14,1767.0,0.3135093252876079,0.37180417216463857,1.0,39.56935555594308,46.64712676154259,0.3258171689529905,-0.030231780228671453
transformer,STORE0011,SKU0002,14,963.0,0.3133804384669287,0.44092682132301125,1.0,21.556097303118026,26.658630216148442,0.3129926899934955,0.17310049625448226
transformer,STORE0006,SKU0057,14,1481.0,0.3132873112731975,0.386012570773744,1.0,33.141321999686106,38.83677963627173,0.3305108832994674,-0.03088303178971399
transformer,STORE0007,SKU0088,14,252.0,0.3123539061773391,0.40123604822272485,1.0,5.622370311192104,6.635857643321171,0.310205359015354,0.15749381837390725
transformer,STORE0002,SKU0071,14,316.0,0.31234917459608635,1.1844366276247755,1.0,7.050167083740234,9.881013636580064,0.3637239688984541,0.19112277936331834
transformer,STORE0011,SKU0029,14,540.0,0.31224830062301073,0.5954775982560233,1.0,12.043863024030413,17.742511406814916,0.3137067778408133,0.11450203789605035
transformer,STORE0009,SKU0084,14,320.0,0.31202890276908873,0.43167556320964423,1.0,7.1320892061506,9.14910751607407,0.3090154342167391,0.1550075113773346
transformer,STORE0007,SKU0029,14,356.0,0.31188536761851793,0.5113051699060066,1.0,7.930799348013742,9.851550442577812,0.3382150414086054,0.22456067867493362
transformer,STORE0008,SKU0076,14,476.0,0.3114721795090107,0.8240376238338457,1.0,10.590054103306363,13.740283000344737,0.37084346802047125,0.13475716214220063
transformer,STORE0009,SKU0067,14,473.0,0.3109794842516393,0.6417660691842427,1.0,10.506664003644671,13.242008753572883,0.3348617842853982,0.17506904682699773
transformer,STORE0009,SKU0046,14,1328.0,0.31082453785172426,0.3817343712999355,1.0,29.48392759050642,39.90993779311108,0.2889255652967596,0.1866231768964285
transformer,STORE0010,SKU0078,14,444.0,0.3107527397774361,0.38893342811207104,1.0,9.855301175798688,12.010271857204945,0.3252239205712823,-0.053210473275399406
transformer,STORE0010,SKU0048,14,882.0,0.3107014999908655,1.0380388585790294,1.0,19.574194499424525,26.940844399535397,0.36450475487484046,0.22315430154605786
transformer,STORE0003,SKU0004,14,911.0,0.3097786845804962,0.3750506671927831,1.0,20.15774154663086,23.893442104060806,0.29528061313667686,0.19498584299265487
transformer,STORE0002,SKU0089,14,503.0,0.30952976522578396,1.335650343838799,1.0,11.120962279183525,13.336101567472564,0.3667246279671417,-0.035069547164037256
transformer,STORE0010,SKU0094,14,835.0,0.30935270572136975,0.6002841537466308,1.0,18.450679234095983,27.207683862175347,0.33220072229756925,-0.07933367883373879
transformer,STORE0010,SKU0054,14,1116.0,0.3088404816111356,0.4416919800617246,1.0,24.61899839128767,37.487651050623306,0.27481584687823696,0.15998752142793388
transformer,STORE0008,SKU0008,14,370.0,0.3084363215678447,0.37998325125732274,1.0,8.15153135572161,9.006943662090196,0.30809996059168704,0.1771919095838392
transformer,STORE0005,SKU0022,14,1380.0,0.3082577967989272,0.580664658471569,1.0,30.385411398751394,38.409048732624065,0.3271975062292936,0.14953321926835655
transformer,STORE0006,SKU0072,14,483.0,0.3081108472362068,0.5086250809767534,1.0,10.629824229649135,13.953567204132925,0.31863155000559723,0.20474863151092212
transformer,STORE0005,SKU0010,14,531.0,0.3080886294837276,1.146543113567523,1.0,11.685361589704241,14.514384285503796,0.37295553077253457,0.1259586887395539
transformer,STORE0008,SKU0074,14,1162.0,0.3078960773251348,0.605680252464042,1.0,25.55537441798619,35.99718697094588,0.3300110981065372,0.09523120886692697
transformer,STORE0006,SKU0001,14,1469.0,0.3077831437102461,0.4089643243057742,1.0,32.29524557931082,44.109374493911645,0.2958781751506486,0.2134091745354514
transformer,STORE0007,SKU0098,14,477.0,0.30763100278202593,0.343489783355017,0.9285714285714286,10.48142773764474,13.889851731210882,0.3900666946213232,0.036199553707610646
transformer,STORE0008,SKU0009,14,896.0,0.30689174788338797,5.178402465584392,1.0,19.64107186453683,26.40312455469085,0.36604358116212005,0.1468759264264788
transformer,STORE0004,SKU0013,14,1577.0,0.3065397931415217,0.27564365371794786,0.9285714285714286,34.529518127441406,44.387093950696105,0.36161222676365307,0.22205622255159618
transformer,STORE0003,SKU0047,14,927.0,0.3063698349904345,0.45200983466552175,1.0,20.2860597882952,23.72624099645773,0.32834285868159796,0.04555829983313107
transformer,STORE0012,SKU0037,14,1387.0,0.30520180480120934,0.6198686771666667,1.0,30.236778804234095,40.80339745216814,0.33155240807343855,0.11754879886156892
transformer,STORE0010,SKU0015,14,141.0,0.30502524950825577,0.47528228897607816,1.0,3.072040012904576,3.8257709967125075,0.3201435865372834,0.2385668382577017
transformer,STORE0011,SKU0027,14,2117.0,0.3043389047830804,1.1389248367124163,1.0,46.02039010184152,73.6330496551567,0.32484525656672253,0.20073040082424273
transformer,STORE0004,SKU0087,14,478.0,0.3039202989394695,0.5741299671513399,1.0,10.376707349504743,12.89906221186078,0.3419911466740446,0.04963524471266998
transformer,STORE0004,SKU0008,14,363.0,0.303652886845192,0.5951999227830275,1.0,7.873285566057477,10.934634343707582,0.3119633647889848,0.18586053138922068
transformer,STORE0003,SKU0041,14,1210.0,0.30358065140148827,0.3769289228693312,1.0,26.23804201398577,39.34775169478323,0.30404428738806377,-0.012352992286366835
transformer,STORE0005,SKU0088,14,353.0,0.3034637008105054,0.6298561284147413,1.0,7.6516204561506,10.174342746380095,0.32947723579936383,0.15226902840157744
transformer,STORE0001,SKU0036,14,751.0,0.3034579585617614,0.36397978430770866,1.0,16.27835191999163,18.649886682311738,0.29154953765288016,0.1927455592250697
transformer,STORE0005,SKU0070,14,1516.0,0.3030048158992878,3.3642489842201067,1.0,32.81109292166574,46.52951484828266,0.4136942723496726,0.09265625885734458
transformer,STORE0013,SKU0099,14,747.0,0.30294301902433957,0.5791682589616868,1.0,16.164173943655832,19.993729566377667,0.3494639199238248,0.14321118601195146
transformer,STORE0006,SKU0088,14,402.0,0.30266873279021156,0.39096300073290396,1.0,8.690916470118932,10.767925612990046,0.312557723182179,-0.006999718016059838
transformer,STORE0004,SKU0025,14,450.0,0.3020582750108507,0.39592057985934165,1.0,9.70901598249163,12.268707912557412,0.2898077169571224,0.24076665242513026
transformer,STORE0009,SKU0098,14,617.0,0.3015087875786631,0.3714649563770073,1.0,13.287922995431083,18.841312725337225,0.2995368020922268,-0.03534118553421293
transformer,STORE0008,SKU0090,14,344.0,0.3014391411182492,0.36449978712646053,1.0,7.4067903246198386,8.725986643788273,0.3122706204992304,-0.011774273805840051
transformer,STORE0003,SKU0026,14,1101.0,0.30136675232654264,0.45063019367113394,1.0,23.700342450823104,27.82541519753516,0.321979460340854,0.1573063212021387
transformer,STORE0012,SKU0020,14,770.0,0.30133967709231685,0.34215091232444506,1.0,16.573682240077428,21.085082421553558,0.3143995329481881,-0.12390989328359629
transformer,STORE0007,SKU0013,14,1056.0,0.3012884855270386,0.4319554636578749,1.0,22.725760051182338,35.7001789678741,0.25670621998173226,0.19507259672338312
transformer,STORE0005,SKU0038,14,1625.0,0.3012711885892428,0.47568652112994636,1.0,34.96897724696568,40.762465678263,0.33792900812034776,0.004644723745492771
transformer,STORE0011,SKU0072,14,561.0,0.30122214332621366,0.4417264342612341,1.0,12.07040160042899,14.772546124706219,0.3121080479486714,0.12667602566261768
transformer,STORE0008,SKU0057,14,1252.0,0.3011776007021578,0.3437468267827515,1.0,26.933882577078684,32.97752498996009,0.28856173927189965,0.137879575784214
transformer,STORE0004,SKU0039,14,282.0,0.30099514359278035,0.34863222673726785,1.0,6.062902178083148,7.3929196458165585,0.2790022476517782,0.184616467631455
transformer,STORE0009,SKU0089,14,533.0,0.3004926141162751,3.7797757624788857,1.0,11.440183094569617,16.33455415710093,0.33528745470719656,0.13368088398373373
transformer,STORE0001,SKU0080,14,1224.0,0.3003678789325789,0.3172222928181187,1.0,26.26073455810547,35.001490758025994,0.2582284812858865,0.2197369718863294
transformer,STORE0006,SKU0055,14,230.0,0.2996475717295771,0.46839627052971816,1.0,4.9227815355573386,6.589220189653597,0.3214717303757215,0.0873860732368801
transformer,STORE0011,SKU0074,14,1107.0,0.2996445287964639,0.3819091184948947,1.0,23.693320955548966,27.01608568501348,0.31018187981022544,0.1003024610400523
transformer,STORE0010,SKU0039,14,237.0,0.2994765108647729,0.4422158318278742,1.0,5.069709505353655,6.918575880432257,0.2889738853877288,0.2133983982263235
transformer,STORE0003,SKU0095,14,342.0,0.2994400437115229,0.32139686715195864,1.0,7.314892496381487,8.62778428224073,0.2935875374622615,0.029188039010031194
transformer,STORE0003,SKU0084,14,303.0,0.2989485838232261,0.392756403385707,1.0,6.470101492745536,7.69296238901507,0.31945656542331824,0.01560661895046929
transformer,STORE0010,SKU0060,14,801.0,0.2989375606160634,0.4985529297741201,1.0,17.103499003819056,21.207746748912626,0.33888314057978686,0.00469957844594892
transformer,STORE0012,SKU0016,14,394.0,0.29823730197654763,0.8594521831259954,1.0,8.393249784197126,10.629164193760031,0.3451369701697732,0.012560781488563827
transformer,STORE0012,SKU0029,14,423.0,0.297946091239334,0.4200871633646924,1.0,9.002228328159877,11.14582378203437,0.29909975093732427,0.23732207458351803
transformer,STORE0004,SKU0070,14,1545.0,0.29781477844830856,0.4701562949479145,1.0,32.865988050188335,40.19080107246459,0.3121896150690734,0.09197487939137088
transformer,STORE0004,SKU0088,14,340.0,0.2977826230666217,0.23394473900385934,0.9285714285714286,7.2318637030465265,9.60377755590184,0.33708297755419847,0.1801731502308565
transformer,STORE0008,SKU0010,14,525.0,0.2976690891810826,0.413874568750115,1.0,11.162590844290596,14.134615649849309,0.3003443484775859,0.21241434006463913
transformer,STORE0013,SKU0084,14,191.0,0.29751405166705863,0.7647483365318127,1.0,4.0589417048863,5.6443645861575895,0.36804920579828826,0.1426985376168296
transformer,STORE0008,SKU0065,14,1094.0,0.29725313971203904,0.3217287043066303,1.0,23.22820963178362,28.367593007786724,0.28515945843093154,0.11235516773063481
transformer,STORE0012,SKU0001,14,1615.0,0.2968253546085889,0.6818840789900528,1.0,34.24092483520508,42.01261164291861,0.35584472751727503,-0.07049162306652719
transformer,STORE0002,SKU0098,14,446.0,0.29666310896253373,0.41304544485157296,1.0,9.450839042663574,11.450695149815674,0.31098596481750096,0.11713300371383872
transformer,STORE0001,SKU0084,14,388.0,0.29656144269962903,0.6036523492198993,1.0,8.21898855481829,10.240713963712796,0.3252784283407035,0.11224463059730136
transformer,STORE0012,SKU0057,14,1032.0,0.29650549186292546,0.33203278899898564,1.0,21.856690543038503,24.718260051363657,0.2836087278567592,0.11436690101327823
transformer,STORE0002,SKU0082,14,632.0,0.2963080044034161,0.44986876157601624,1.0,13.3761899130685,15.122602123919776,0.3327939573297466,0.014327200153205969
transformer,STORE0004,SKU0071,14,421.0,0.29622482517269616,0.41881757906606454,1.0,8.907903671264648,10.982539765775567,0.2940583004181275,0.2413619034647092
transformer,STORE0001,SKU0090,14,320.0,0.29594835042953493,0.8288490673074025,1.0,6.764533724103655,9.173816056581398,0.3633070333205142,0.05106596946716309
transformer,STORE0009,SKU0038,14,1253.0,0.29571365758312856,0.3966846673411622,1.0,26.46637235369001,29.911842972006067,0.3018077641555416,0.14898678596173864
transformer,STORE0013,SKU0061,14,679.0,0.2953467333966397,1.1380150296992275,1.0,14.324316569737025,21.799844485310757,0.35069126487409624,0.12116253253110905
transformer,STORE0009,SKU0072,14,452.0,0.29503820638741013,0.608044681592044,1.0,9.525519234793526,13.172380765330631,0.3171163271298987,0.11519565413483478
transformer,STORE0012,SKU0008,14,336.0,0.2948790618351528,0.4094183517208935,1.0,7.077097484043667,8.239602735866029,0.308882245729841,0.08640398297991071
transformer,STORE0005,SKU0066,14,408.0,0.29485299073013604,0.6048871844476195,1.0,8.592858586992536,11.389589082465774,0.31811397257012003,0.2673160001343372
transformer,STORE0013,SKU0041,14,779.0,0.29469694497496535,0.4473182288426831,1.0,16.39778000967843,21.453411080897244,0.30601004192949327,0.21029977957611673
transformer,STORE0008,SKU0075,14,510.0,0.29466901292987896,0.4400599323173316,1.0,10.734371185302734,12.679602644962738,0.2987459127296392,0.18844429464901194
transformer,STORE0009,SKU0062,14,252.0,0.2946331992981926,0.22770887605225382,0.9285714285714286,5.303397587367466,7.504510366828802,0.3394755736537261,0.0609450870090061
transformer,STORE0011,SKU0097,14,1139.0,0.29415351660027644,0.4064890530698433,1.0,23.93148967197963,28.915532369676612,0.32825243553312966,-0.038446046261540426
transformer,STORE0007,SKU0012,14,644.0,0.29402265489471624,0.4220605458490073,1.0,13.525042125156947,16.88682414661833,0.3114211117590361,0.09387163790116401
transformer,STORE0002,SKU0064,14,1120.0,0.29398713793073383,0.3227215052251567,1.0,23.518971034458705,29.35453505662035,0.2962637875123617,-0.05946455001831053
transformer,STORE0009,SKU0044,14,1174.0,0.2939275582360653,1.0454033391035449,1.0,24.647925240652906,33.51922902481023,0.3485473926797373,0.15609260312133996
transformer,STORE0007,SKU0102,14,1147.0,0.29377083416700156,0.6716826431443709,1.0,24.0682247706822,31.238561351770592,0.35553118858951366,0.13787068214848858
transformer,STORE0002,SKU0024,14,589.0,0.29356908231518264,0.4663427070304772,1.0,12.35087067740304,15.867784934882337,0.31317279849163804,0.1620278285598107
transformer,STORE0008,SKU0092,14,1494.0,0.293541296738059,0.5603512554749497,1.0,31.325049809047155,38.91840765067121,0.3260676797087448,-0.026157113602522097
transformer,STORE0001,SKU0082,14,892.0,0.2933703067591372,0.3661765044715265,1.0,18.691879544939315,21.769643701024073,0.2971002155451449,0.08237911874403334
transformer,STORE0004,SKU0072,14,588.0,0.29274463653564453,0.3084893242549244,1.0,12.29527473449707,14.327750167090588,0.2849889057604361,0.024992890909415536
transformer,STORE0012,SKU0077,14,784.0,0.2926822827786815,0.44998224931608,1.0,16.390207835606166,23.030096320278627,0.29911679818568615,0.13246708013573472
transformer,STORE0004,SKU0092,14,1296.0,0.2926764959170495,0.3342743372687161,1.0,27.09348133632115,31.17997294232903,0.27812373020266057,0.17822164959377712
transformer,STORE0011,SKU0051,14,1127.0,0.2926592822612231,0.3801766609093427,1.0,23.55907222202846,27.79906630715355,0.30884848104341955,0.054961968652950284
transformer,STORE0005,SKU0036,14,706.0,0.2924137709836446,0.4295155086482524,1.0,14.746008736746651,18.855879299891615,0.2880730666311067,0.28555826289795616
transformer,STORE0007,SKU0022,14,1142.0,0.2920497419955225,0.2986261669079831,1.0,23.822914668491908,28.598127415533714,0.28772127702516276,-0.045920143194248725
transformer,STORE0006,SKU0090,14,298.0,0.29204779503329487,0.4165410840707862,1.0,6.2164459228515625,7.623939529573699,0.2994145564732908,0.13577639176541526
transformer,STORE0011,SKU0079,14,1376.0,0.2918600814287053,0.3427150821224449,1.0,28.68567657470703,31.795726599819606,0.31094832276582796,-0.04993952152340912
transformer,STORE0012,SKU0014,14,766.0,0.2916565090806926,0.36097550899184094,1.0,15.957777568272181,17.925052465425487,0.30351578569264726,0.009399040560809502
transformer,STORE0005,SKU0034,14,2695.0,0.29156862163366765,0.4323923728730101,1.0,56.12695966448103,68.18004838852595,0.3157654221559905,0.11675039089677068
transformer,STORE0012,SKU0068,14,534.0,0.2915652985876419,0.3173797520795702,1.0,11.121133531842913,15.348377869259478,0.26564518352587213,0.04388016261411517
transformer,STORE0001,SKU0041,14,1714.0,0.29141250485717346,0.45213034742635483,1.0,35.67721666608538,43.53358560825383,0.3247274980829487,0.05220050433413708
transformer,STORE0001,SKU0087,14,438.0,0.29140927911349085,0.7231158151302746,1.0,9.116947446550641,12.634067330752032,0.32596128911889466,0.19950585387068798
transformer,STORE0010,SKU0067,14,463.0,0.291353056806725,0.5615007900314835,1.0,9.635461807250977,12.698526492186499,0.3170749395971572,0.2032444420437576
transformer,STORE0002,SKU0028,14,1333.0,0.29123574991648304,0.32849571719688014,1.0,27.729803902762278,31.557983026585692,0.28502021528505556,0.07522096512287253
transformer,STORE0012,SKU0081,14,967.0,0.29110922907106385,0.4288168655624924,1.0,20.107330322265625,23.04486569881783,0.32082095171965286,0.0518167016424832
transformer,STORE0011,SKU0041,14,1678.0,0.290893404645772,0.5839932592153948,1.0,34.86565235682896,43.90238669130736,0.3405460130253669,0.05162291589311819
transformer,STORE0004,SKU0027,14,2403.0,0.29066437440666615,0.3320619213618059,1.0,49.89046369280134,59.65712795145286,0.2819795922443924,0.06845514406227242
transformer,STORE0009,SKU0083,14,1146.0,0.2905236688583933,1.0011208571530317,1.0,23.781437465122767,29.479402387425246,0.34114140792997255,0.10434828087505454
transformer,STORE0010,SKU0053,14,445.0,0.2903678379701765,0.32406428423008343,1.0,9.22954913548061,10.383456831445221,0.2909201701436791,0.05216973979821368
transformer,STORE0011,SKU0094,14,891.0,0.2901776674486839,0.3709954823807934,1.0,18.467735835484095,23.35959499378107,0.29472650226963604,0.0718818347729684
transformer,STORE0011,SKU0085,14,1342.0,0.29006424746108306,0.5624793052039395,1.0,27.804730006626674,32.880151105172686,0.3309368275662758,0.017013390622089234
transformer,STORE0002,SKU0011,14,251.0,0.28975316537803864,0.5226857948214,1.0,5.1948603221348355,6.6622084549097105,0.3340405101373755,0.16817069338612348
transformer,STORE0001,SKU0014,14,909.0,0.2894211612781151,0.3635807021708056,1.0,18.79170254298619,23.229939709167425,0.29130334279101205,0.049449542961498304
transformer,STORE0006,SKU0037,14,1684.0,0.2893064729957852,0.43616464836591967,1.0,34.79943575177874,44.1281006220037,0.3086713470707589,0.15650047882152565
transformer,STORE0006,SKU0025,14,499.0,0.28913948961154734,1.8701247004070656,1.0,10.305757522583008,15.516718124797665,0.3254323396972422,0.1475213075687508
transformer,STORE0008,SKU0088,14,350.0,0.2890883309500558,0.39402462938855776,1.0,7.227208273751395,8.871283671298261,0.2896456339760602,0.16245530264718192
transformer,STORE0009,SKU0076,14,399.0,0.2890343295601675,0.4166588387880129,1.0,8.237478392464775,9.977222385769467,0.3008614068154126,0.09644736861226552
transformer,STORE0008,SKU0060,14,906.0,0.2888389444245934,0.5333730995932415,1.0,18.692005974905832,24.534657520103465,0.3251079248177036,0.05051013281276947
transformer,STORE0011,SKU0030,14,741.0,0.2885936937834087,0.4853902405726546,1.0,15.27485193525042,19.290488909285187,0.3144762741889204,0.0821078373835637
transformer,STORE0009,SKU0088,14,297.0,0.2885661012797244,0.3403774145626663,1.0,6.121723720005582,7.285077799754041,0.2733341647444824,0.1798100327000474
transformer,STORE0008,SKU0089,14,751.0,0.28847575790872587,0.3176512850577683,1.0,15.474663870675224,17.52617329487119,0.3035562917206646,-0.06800035662085968
transformer,STORE0008,SKU0001,14,1519.0,0.28835636663782194,0.35534826691510873,1.0,31.286665780203684,43.77829630685204,0.26485144240687075,0.1778161034449062
transformer,STORE0009,SKU0102,14,1685.0,0.28813362461169323,0.29646653619928204,1.0,34.67893981933594,43.043459111874746,0.28102045498651657,-0.002964868743624798
transformer,STORE0012,SKU0066,14,381.0,0.2880318258691022,0.5257899592673198,1.0,7.838580404009138,9.792635360031115,0.3159819293199662,0.1583484789830806
transformer,STORE0003,SKU0011,14,266.0,0.2872756298323323,0.35814497994450634,1.0,5.458236966814313,8.426868344169582,0.2559616314869962,0.11422685035189292
transformer,STORE0008,SKU0011,14,338.0,0.2870777513853897,0.30536691075822275,1.0,6.930877140590122,9.539749151767827,0.24774362996633315,0.23408641476602948
transformer,STORE0011,SKU0070,14,1494.0,0.28684704945269357,0.6761935749437408,1.0,30.61067799159459,38.64671730624218,0.31438639436715793,0.11281333933553224
transformer,STORE0003,SKU0067,14,432.0,0.2866121133168538,0.3291983788599318,1.0,8.844030925205775,9.784803710634282,0.2865956813659854,0.08380664719475642
transformer,STORE0001,SKU0006,14,1888.0,0.28647394099477996,0.3425653231200322,1.0,38.633057185581755,48.74474378691985,0.27448419652999834,0.09643402342068945
transformer,STORE0003,SKU0065,14,770.0,0.28614974083838524,0.4095863792163078,1.0,15.738235746111188,19.79172035124511,0.2953257121190739,0.08531357901436942
transformer,STORE0012,SKU0070,14,1370.0,0.28600174284329377,0.3196047805983521,1.0,27.98731340680803,31.177394730279445,0.29236408544911335,-0.005692920545591915
transformer,STORE0009,SKU0063,14,836.0,0.28567114287015927,0.5124766957385564,1.0,17.058648245675222,20.68818692315768,0.33032151827033335,0.14223936528110045
transformer,STORE0005,SKU0057,14,1247.0,0.28556853709645336,0.41658809563642396,1.0,25.435997554234095,31.631292876600558,0.2920063443280503,0.1258697570947618
transformer,STORE0012,SKU0028,14,1723.0,0.28515008183599416,0.2902337060100274,1.0,35.09382792881557,43.689525133502464,0.2735316908411209,0.026740186517486324
transformer,STORE0011,SKU0095,14,484.0,0.28510587865656073,0.3580781115267106,1.0,9.856517519269671,11.73593551778795,0.29559466281619473,0.01723818345503372
transformer,STORE0008,SKU0061,14,1310.0,0.2850593217456614,0.3632781047489075,1.0,26.67340796334403,33.16114918378915,0.27746047686800096,0.21234408662519383
transformer,STORE0005,SKU0015,14,198.0,0.28482570070208924,0.3962065933682231,1.0,4.028249195643833,4.897996326725885,0.3014403384643924,-0.010288026597764765
transformer,STORE0006,SKU0021,14,755.0,0.2847033671195933,0.3700263095585744,1.0,15.353645869663783,19.086197305086525,0.2780388922658136,0.22552216384584542
transformer,STORE0011,SKU0018,14,1152.0,0.2846121059523689,0.415435331793465,1.0,23.419510432652068,32.43134249686544,0.2757009766257638,0.23452901177936136
transformer,STORE0010,SKU0099,14,1273.0,0.28435658397210084,0.4333731282550373,1.0,25.85613795689174,30.364069006837692,0.2988680667686805,0.16236744391478053
transformer,STORE0002,SKU0070,14,1187.0,0.2841967781150451,0.3004281452694622,1.0,24.095826830182755,29.42463565221373,0.2755282291428129,0.0251569289968309
transformer,STORE0002,SKU0012,14,745.0,0.28400769329711095,0.36408421519228,1.0,15.11326653616769,22.847280656149124,0.28932109622743585,-0.005751549637557676
transformer,STORE0005,SKU0005,14,1269.0,0.2837185149497174,0.35994179728888154,1.0,25.717056819370814,40.29090710998226,0.2584742081515951,0.26243076068947313
transformer,STORE0005,SKU0033,14,1527.0,0.2832257583708098,0.335942722860433,1.0,30.89183807373047,36.85413467998813,0.2751252271836396,0.13524720117635172
transformer,STORE0005,SKU0079,14,1154.0,0.283218608571917,1.762444120344852,1.0,23.34530530657087,31.065860711461212,0.31904593256395136,0.17783715365457783
transformer,STORE0001,SKU0018,14,1497.0,0.2831588571837686,0.28843814679055096,1.0,30.277772086007257,35.80343476424401,0.2813020630105682,-0.036603225575500005
transformer,STORE0006,SKU0066,14,537.0,0.2827724264986688,0.34974676298468044,1.0,10.846342359270368,12.96898534202193,0.2961841436546354,0.0037567025012366154
transformer,STORE0002,SKU0101,14,200.0,0.282764482498169,0.4431117697425066,1.0,4.0394926071167,4.801602759773872,0.31666749867634864,0.14790905952453617
transformer,STORE0012,SKU0092,14,1293.0,0.28246216504774807,1.6649050598683324,1.0,26.087398529052734,35.28653325867847,0.33890499709847743,-0.04342777048628734
transformer,STORE0009,SKU0037,14,1292.0,0.28239837150455627,0.4252655995179056,1.0,26.06133542742048,34.691258393867976,0.2871387096079885,0.2702801175899919
transformer,STORE0003,SKU0020,14,512.0,0.28212302923202515,0.42112027317593465,1.0,10.317642211914062,13.725085123758985,0.29468576194681795,0.15105243027210236
transformer,STORE0011,SKU0028,14,2051.0,0.2820870312523807,0.42595233756984585,1.0,41.325750078473774,52.97251632120765,0.30551549941463724,0.046102307122954475
transformer,STORE0001,SKU0049,14,707.0,0.2818742506574876,0.8223734374290634,1.0,14.234649658203125,20.681798014148832,0.33382294258154716,0.12056177508881612
transformer,STORE0013,SKU0087,14,267.0,0.281392872556765,0.32913565719681676,1.0,5.366564069475446,6.154197374704007,0.29088199247796986,0.005184016424171947
transformer,STORE0006,SKU0085,14,1393.0,0.28130735464431533,0.7405408033896256,1.0,27.990081787109375,34.65189561980004,0.3408681076075846,-0.0349214749634052
transformer,STORE0008,SKU0040,14,505.0,0.2809328589108911,1.2274361746835916,1.0,10.133649553571429,14.689163855600599,0.33030658950132835,0.09454132684386603
transformer,STORE0005,SKU0085,14,1371.0,0.28090833000333354,0.5632119432523089,1.0,27.508951459612167,38.21757243959303,0.3170172927765832,-0.05937223761382545
transformer,STORE0007,SKU0058,14,1027.0,0.28088994012255053,0.31035465480365676,1.0,20.60528346470424,25.048268385357527,0.28174115773026703,0.00945264896143957
transformer,STORE0012,SKU0096,14,1219.0,0.28038787215923655,0.5193750682303137,1.0,24.413772583007812,35.99974250004397,0.29420927554883847,0.0029464358673220877
transformer,STORE0004,SKU0018,14,1410.0,0.2802426060886248,0.3228721337970385,1.0,28.22443389892578,35.0269957703761,0.28372895551983224,0.026929132989112366
transformer,STORE0007,SKU0082,14,697.0,0.28022402704531696,0.3619831095895036,1.0,13.951153346470424,18.25118304205071,0.29658739790576005,-0.06517680098370808
transformer,STORE0007,SKU0096,14,1130.0,0.28016510009765627,0.3614546387319694,1.0,22.613325936453684,26.703701519581003,0.3111064181138077,-0.09750165010975526
transformer,STORE0011,SKU0001,14,1706.0,0.27974053815548755,0.42013196007548154,1.0,34.088382720947266,39.28076937374034,0.32083934067991215,0.037832302616741025
transformer,STORE0002,SKU0075,14,387.0,0.27891824411791427,0.319925892161613,1.0,7.710097176688058,8.591565782854824,0.27449934108655527,0.13699312234725755
transformer,STORE0012,SKU0059,14,346.0,0.2786411329500937,0.43821410062988153,1.0,6.886416571480887,8.673190514446818,0.2928057428336263,0.02412484009141869
transformer,STORE0005,SKU0004,14,1459.0,0.278620849985877,0.31447554109807374,1.0,29.036272866385325,36.59777884814324,0.2740160366850189,0.01875111172671511
transformer,STORE0010,SKU0010,14,488.0,0.2781734779232838,0.38989547391043095,1.0,9.696332659040179,12.634613843747973,0.28972454556777816,0.11570051849865524
transformer,STORE0006,SKU0097,14,1148.0,0.2780778599117691,0.2198671925660958,0.9285714285714286,22.802384512765066,30.812108082577957,0.34392140192807313,0.005741132676393716
transformer,STORE0008,SKU0077,14,960.0,0.2778810222943624,0.9194928577453252,1.0,19.05469867161342,25.257747089864388,0.34715205922420334,0.1929398020108541
transformer,STORE0010,SKU0046,14,1367.0,0.27787656860798055,0.5173528355152661,1.0,27.132662091936385,31.933947826130353,0.30783640446935906,0.1298292002367467
transformer,STORE0010,SKU0013,14,1626.0,0.27760296642120474,0.43310658391160495,1.0,32.24160167149135,40.680976626674386,0.3105038618599091,0.009880483517054409
transformer,STORE0007,SKU0009,14,700.0,0.2769078663417271,0.31189352601508513,1.0,13.845393317086357,16.670024462643887,0.2861764868579405,-0.03290544237409317
transformer,STORE0004,SKU0075,14,539.0,0.27688704085482735,0.4846623541023372,1.0,10.660151072910853,14.346138418889382,0.2889057475355279,0.07689266877183225
transformer,STORE0008,SKU0062,14,294.0,0.27687032530907874,1.1168857515069885,1.0,5.814276831490653,8.33275758691799,0.3084863698790207,0.09349258578553492
transformer,STORE0007,SKU0056,14,279.0,0.27638073035893046,0.5570991956487212,1.0,5.507873126438686,7.014011115633044,0.33699721436418606,0.09370655483669704
transformer,STORE0009,SKU0024,14,724.0,0.2761755779961855,0.33211264563802734,1.0,14.282222747802734,16.12273874543975,0.27735755151372876,0.1313636737633805
transformer,STORE0004,SKU0036,14,786.0,0.2761702501136838,0.3439857263895605,1.0,15.504986899239677,18.07421665941082,0.27960834421157804,0.14726840691408738
transformer,STORE0004,SKU0101,14,279.0,0.2760843735014666,0.30273110728960395,1.0,5.50196715763637,6.744113134369216,0.26265205504045264,0.10593200328102251
transformer,STORE0011,SKU0089,14,668.0,0.2760060761503117,0.4222497906837565,1.0,13.169432776314872,18.241052361381463,0.29033639714373777,0.04501753367349774
transformer,STORE0006,SKU0019,14,307.0,0.27568815896099474,0.5208412657067784,1.0,6.045447485787528,9.088789498516087,0.28421250400353154,0.11089047857526847
transformer,STORE0012,SKU0072,14,546.0,0.2756828860048846,0.3568879425697795,1.0,10.751632554190499,12.519682294200198,0.30759307950669906,-0.09371436471904152
transformer,STORE0011,SKU0031,14,1024.0,0.2754465714097023,0.3180031224355746,1.0,20.146949223109655,26.428941805826383,0.26048969424916674,0.09951827675104141
transformer,STORE0007,SKU0079,14,993.0,0.2753920194965835,0.2770714896334943,1.0,19.53316252572196,21.872074682159724,0.28411534533125,-0.11385225217267943
transformer,STORE0012,SKU0058,14,1174.0,0.2753313834663144,0.5092522457280483,1.0,23.08850315638951,28.90375020245262,0.3062837249097727,0.04051464542213452
transformer,STORE0007,SKU0078,14,338.0,0.27497985094962035,0.4452998602491635,1.0,6.638799258640835,8.913965779592097,0.2970460364515678,0.003314311687762931
transformer,STORE0006,SKU0023,14,1272.0,0.2748091475768659,0.563245877764705,1.0,24.96837397984096,31.73608820115529,0.3245175500065562,0.05299948446405761
transformer,STORE0008,SKU0086,14,156.0,0.27469806182078826,0.27172444696975623,0.9285714285714286,3.0609212602887834,3.836340169153958,0.3525778456302204,0.14842776763133514
transformer,STORE0007,SKU0024,14,611.0,0.2744178334936963,0.372134032694845,1.0,11.976378304617745,15.202519374215823,0.2741399732217538,0.16212655674611295
transformer,STORE0013,SKU0056,14,205.0,0.27416550240865567,0.30985139741660234,1.0,4.014566285269601,4.730849591443855,0.27577706240887245,0.08907250195014765
transformer,STORE0007,SKU0089,14,434.0,0.274087141186411,0.5991093996984859,1.0,8.49670137677874,12.583811821175884,0.2831007810107687,0.22069681404922417
transformer,STORE0013,SKU0032,14,642.0,0.27382933239327784,0.38842243370158963,1.0,12.557030814034599,15.359013862134377,0.29817046681865905,-0.09323267476209599
transformer,STORE0001,SKU0040,14,430.0,0.2737525540728902,0.3682111601129027,1.0,8.408114160810198,10.098928453023268,0.2745722665341826,0.23227055128230606
transformer,STORE0009,SKU0096,14,1393.0,0.2735926839660075,0.344619727517252,1.0,27.222472054617747,30.126104674625978,0.3075058558009398,-0.11845443955617936
transformer,STORE0003,SKU0051,14,746.0,0.2734112624508446,0.3705059671166481,1.0,14.568914413452148,17.968585653743926,0.28030363994744883,0.1524827512275757
transformer,STORE0002,SKU0040,14,312.0,0.2733083260365022,0.4325748060250088,1.0,6.090871265956333,7.860687272240417,0.30874542505530006,0.25230719492985654
transformer,STORE0002,SKU0022,14,1028.0,0.2732244187291958,0.3937976520615746,1.0,20.06247874668666,22.998274872128572,0.3041293176515934,-0.005326705220144547
transformer,STORE0013,SKU0040,14,243.0,0.27313808551050506,0.40112043355401744,1.0,4.7408967699323386,6.839601939088503,0.26980213820849164,0.18454775398160206
transformer,STORE0004,SKU0095,14,468.0,0.27309716461051226,0.5044764756816879,1.0,9.129248074122838,12.20095180489147,0.30506247321333585,0.03367165214995037
transformer,STORE0010,SKU0037,14,1785.0,0.2725161854292498,0.2796321140358731,1.0,34.74581364222935,40.86806974332844,0.284232833265923,-0.08830604873785454
transformer,STORE0002,SKU0083,14,884.0,0.27205817623915174,0.3394881314734085,1.0,17.178530556815012,20.842585133645418,0.26622606339450233,0.19557655127339774
transformer,STORE0002,SKU0081,14,766.0,0.2717988036631293,1.4140966063531375,1.0,14.871277400425502,19.7719670982083,0.33057424374996736,0.07890957267103865
transformer,STORE0009,SKU0025,14,431.0,0.2716467164785292,0.44069604115171496,1.0,8.362838200160436,10.929708683968096,0.2760978091044069,0.16323572853601725
transformer,STORE0008,SKU0012,14,949.0,0.271348484951779,0.34559709413946177,1.0,18.393550872802734,22.390893540122704,0.2821659566951623,0.06068660788340113
transformer,STORE0012,SKU0052,14,731.0,0.27091819251774113,0.3191546634467389,1.0,14.145799909319196,16.647065947183304,0.2656863567661531,0.10628731828055532
transformer,STORE0003,SKU0094,14,641.0,0.2708883121865402,0.46447798592369594,1.0,12.402814865112305,16.05920781369558,0.29947789915882694,0.0766216581585627
transformer,STORE0006,SKU0044,14,1507.0,0.27066511876866295,0.2870300606116531,1.0,29.135166713169646,37.804445288523155,0.2672051704751775,-0.027259345709605195
transformer,STORE0003,SKU0035,14,2221.0,0.27045073459836505,0.4185851593492663,1.0,42.905077253069194,50.98626685107065,0.30613758835157145,-0.030269466504917547
transformer,STORE0003,SKU0054,14,1121.0,0.2702674083046143,0.4498698372521241,1.0,21.640697479248047,29.252200348029433,0.29780994815435674,0.044202173319807234
transformer,STORE0009,SKU0030,14,587.0,0.2702234778331126,0.37411749384160825,1.0,11.33008439200265,14.00140516648877,0.2756664559438386,0.22231951036079575
transformer,STORE0013,SKU0015,14,98.0,0.26996795498594944,0.29455614544096453,1.0,1.8897756849016463,2.1500146210670636,0.254618220327752,0.15699203646912868
transformer,STORE0011,SKU0012,14,988.0,0.2695762194119967,0.35208871671850145,1.0,19.02437891278948,26.06161517736791,0.28391376947562735,0.07188371897709026
transformer,STORE0002,SKU0018,14,818.0,0.2683125428290705,1.9131286071489242,1.0,15.677118573869977,23.427299201518853,0.29743753563212694,0.1397676164771642
transformer,STORE0005,SKU0035,14,2860.0,0.2680364862188593,0.3783650516362191,1.0,54.75602504185268,71.40476514176002,0.27168680400902384,0.17576363303444603
transformer,STORE0010,SKU0084,14,331.0,0.26801346724126995,0.23449211188282307,0.9285714285714286,6.336604118347168,8.849871162598886,0.33608284409352457,0.09972815499204887
transformer,STORE0009,SKU0005,14,1252.0,0.2679287419913295,0.5507306488977812,1.0,23.960484640938894,29.389819734508958,0.3221433604087758,0.049261946266832446
transformer,STORE0013,SKU0020,14,390.0,0.2678787084726187,0.27567872933467236,1.0,7.462335450308664,9.033067388855395,0.25654056668744313,0.03631052359556541
transformer,STORE0009,SKU0068,14,556.0,0.2672172861991169,0.3669415038903888,1.0,10.612343651907784,13.111958355093781,0.28180093442780924,0.1159906936206406
transformer,STORE0008,SKU0094,14,1177.0,0.26717183543345435,0.23338955435053116,1.0,22.461517878941127,29.06818593437349,0.28220088568995855,-0.2577717666820439
transformer,STORE0010,SKU0043,14,744.0,0.26709736547162455,0.3488770484444504,1.0,14.194317136492048,16.347587100506605,0.280902334995288,0.12198672243343889
transformer,STORE0001,SKU0027,14,2752.0,0.26626314673312873,0.31046029697287325,1.0,52.339727129255024,67.22232835672506,0.2836903460489059,-0.12024730305339015
transformer,STORE0006,SKU0011,14,360.0,0.26616472668117946,0.4214181627167551,1.0,6.844235828944615,8.359768671295946,0.2932690233730285,0.11450815200805664
transformer,STORE0005,SKU0089,14,749.0,0.2661439210614152,0.314602660489932,1.0,14.238699776785714,17.118325298479622,0.2774384651008129,0.0006627183412518965
transformer,STORE0009,SKU0086,14,145.0,0.2660086533118939,0.2923452843835343,1.0,2.7550896235874722,3.6539858839498187,0.2689063994713255,-7.074290308455376e-05
transformer,STORE0009,SKU0085,14,1081.0,0.2658009559991292,0.32622952184291915,1.0,20.523630959647047,26.201898425762447,0.2648085488453212,0.05819813660401973
transformer,STORE0007,SKU0086,14,129.0,0.26561175205910853,0.2763065482511883,1.0,2.447422572544643,3.0813027308612386,0.2658012128825805,-0.0432545270106589
transformer,STORE0012,SKU0019,14,256.0,0.2655254751443863,0.33561997093662876,1.0,4.855322974068778,5.382062734275698,0.279090898376978,0.11787588894367218
transformer,STORE0011,SKU0052,14,860.0,0.26551660493362783,0.4437249192905493,1.0,16.310305731637136,23.61715513875759,0.2815553379027913,0.058804849136707395
transformer,STORE0007,SKU0038,14,1185.0,0.26549850013185655,0.35047478824801276,1.0,22.472551618303573,27.045400885627043,0.28589705119145126,-0.062250270923984705
transformer,STORE0010,SKU0064,14,1232.0,0.2654781031918216,0.3843850889573684,1.0,23.3620730808803,31.523453210525954,0.28091560395509296,0.04784514068009016
transformer,STORE0001,SKU0099,14,1706.0,0.2653236478602062,0.2190501592136256,0.9285714285714286,32.33158166067941,44.461423815831076,0.3320552903451256,0.0736635170117073
transformer,STORE0003,SKU0069,14,1055.0,0.26494283811740965,0.33739898790131784,1.0,19.965335300990514,27.664921030416778,0.2760476138853876,0.1017905646590825
transformer,STORE0009,SKU0011,14,293.0,0.264520456359655,0.47507846820903465,1.0,5.536035265241351,7.3244357832466624,0.28978144880256956,0.188475859449992
transformer,STORE0002,SKU0044,14,974.0,0.2644919017501925,0.4894246346467709,1.0,18.401079450334823,22.146385571685336,0.2941059531660154,0.05482631738180987
transformer,STORE0008,SKU0018,14,1262.0,0.26394009476796193,0.32656902764423534,1.0,23.792314256940568,29.574868386668715,0.2608599704323777,0.11274624324260536
transformer,STORE0009,SKU0071,14,412.0,0.2638346153555564,0.4844217195887315,1.0,7.76427582332066,9.451282408649083,0.30075391934484286,0.09068921005841597
transformer,STORE0005,SKU0001,14,1634.0,0.2637381302682977,0.42770480511342773,1.0,30.782007489885604,40.60567061267013,0.2703044979441864,0.056753581127600955
transformer,STORE0011,SKU0056,14,400.0,0.2637333297729492,0.5371880270914999,1.0,7.535237993512835,9.461278707291632,0.32385338280574816,0.13218046188354493
transformer,STORE0001,SKU0010,14,595.0,0.26370243745691635,3.0863677382061807,1.0,11.207353591918945,16.15092292162052,0.3053964992627302,0.09559225515157235
transformer,STORE0009,SKU0001,14,1379.0,0.263549290159805,0.28120552027534834,1.0,25.959605080740793,35.018014051630416,0.24836120636560727,0.06677181362846434
transformer,STORE0004,SKU0019,14,297.0,0.2634320243039115,0.36388954586855243,1.0,5.588522229875837,7.352170565755694,0.272464280451686,0.1262808135061553
transformer,STORE0007,SKU0015,14,121.0,0.26315610270854856,0.9588876303215832,1.0,2.274420601981027,3.4584206113976608,0.28255297619595404,0.17409036179219395
transformer,STORE0001,SKU0050,14,267.0,0.26308489738778673,0.31251376615742205,1.0,5.01740482875279,6.1783545822822745,0.25157151928436483,0.17948059196329294
transformer,STORE0009,SKU0051,14,894.0,0.2630772771984672,0.42240745670333635,1.0,16.79936327253069,21.26144186709947,0.2813837215644849,0.14015117534321694
transformer,STORE0010,SKU0065,14,882.0,0.2626682117142104,0.40224017117110844,1.0,16.548097337995255,24.68773551820106,0.27851734810679885,0.12078452596859056
transformer,STORE0011,SKU0061,14,1435.0,0.2626382329322735,0.3817936107483262,1.0,26.920418875558035,34.68869061219052,0.2757741458958825,0.09075175959889484
transformer,STORE0005,SKU0049,14,789.0,0.26211838909579477,0.8572298121086048,1.0,14.772243499755861,18.44927236539289,0.31526724240355675,-0.029208938734008642
transformer,STORE0003,SKU0058,14,1001.0,0.2620706701135778,0.35367967037628895,1.0,18.738052913120814,22.937456347624757,0.27674686841005647,0.05047009112713458
transformer,STORE0010,SKU0025,14,401.0,0.2619415435410497,0.31632690696054194,1.0,7.502754211425781,8.769595502749464,0.25132967498096315,0.24382133198497896
transformer,STORE0006,SKU0010,14,576.0,0.26173009475072223,0.5460554223127626,1.0,10.76832389831543,15.817903930597174,0.27791473201781836,0.06600156757566668
transformer,STORE0006,SKU0022,14,1508.0,0.26167788113459983,0.684828112945015,1.0,28.186446053641184,39.03501650816808,0.2862834066733634,0.06320008295600542
transformer,STORE0003,SKU0092,14,949.0,0.2616422309513715,1.3776122578301997,1.0,17.73560551234654,24.68266335605946,0.3097607615336665,0.09289438229592005
transformer,STORE0007,SKU0040,14,332.0,0.26163744639201336,0.33236447474365965,1.0,6.204545157296317,7.551354529109775,0.2625232665663915,0.15114701512348222
transformer,STORE0011,SKU0065,14,1013.0,0.261573851755788,0.3477967020559526,1.0,18.92673655918666,28.156521565768724,0.2636575904254565,0.1381619407299829
transformer,STORE0010,SKU0007,14,334.0,0.26118810733635267,0.4568809528282927,1.0,6.2312019893101285,8.624368377298776,0.28206581844077144,0.2274216406359644
transformer,STORE0004,SKU0021,14,958.0,0.26089457629369045,0.9274070440869302,1.0,17.852643149239675,23.502673875331556,0.302031691096338,0.042109121111589085
transformer,STORE0012,SKU0017,14,1482.0,0.2606031904336412,0.45130230036066077,1.0,27.58670915876116,33.993823178793726,0.294215916880229,0.019325637302578854
transformer,STORE0008,SKU0082,14,1036.0,0.2600695414892955,0.2833821748637145,1.0,19.24514607020787,22.726871127752123,0.2700974829541797,-0.05296722618309227
transformer,STORE0001,SKU0067,14,615.0,0.2600391791118839,0.3047359833811494,1.0,11.42314965384347,13.091925958591977,0.2615199265559386,0.08194183101498984
transformer,STORE0001,SKU0068,14,625.0,0.2596376220703125,0.5680315720688456,1.0,11.590965270996094,15.540963007356934,0.30537039457314835,0.13639346923828125
transformer,STORE0011,SKU0017,14,1642.0,0.25957188391366043,0.3279805252910017,1.0,30.444073813302175,36.64163088047109,0.26915472442461014,0.09366758674129061
transformer,STORE0006,SKU0004,14,1365.0,0.2594795590355283,0.412433887580245,1.0,25.299257005964005,35.49268227269598,0.2755778545588508,0.09015502370757497
transformer,STORE0002,SKU0056,14,305.0,0.2589040912565638,0.27196436862664547,1.0,5.6404105595179965,7.970834876139843,0.24030998518890925,0.03207641351418419
transformer,STORE0012,SKU0009,14,708.0,0.25876322169761873,1.5705589032096732,1.0,13.086025782993861,19.853815029365112,0.33016469081230504,0.1487043132889742
transformer,STORE0002,SKU0001,14,1087.0,0.2587254935705892,0.3755268420166815,1.0,20.088186536516464,25.995170522804326,0.27902587541869434,0.08695788063252859
transformer,STORE0011,SKU0096,14,1533.0,0.2585511030282993,0.8968962797442291,1.0,28.31134578159877,35.99667079456786,0.32126650803368556,-0.07195902586138798
transformer,STORE0012,SKU0018,14,1143.0,0.2584124587652252,0.38785515522579067,1.0,21.097531454903738,24.110566181681126,0.2833400997576917,0.02111655541500917
transformer,STORE0008,SKU0102,14,1650.0,0.25792044437292855,0.3554658654633248,1.0,30.39776665823801,45.70228738372858,0.26092073443343794,0.21587800459428266
transformer,STORE0006,SKU0096,14,1601.0,0.25771239815020397,0.3544628804927853,1.0,29.471253531319753,34.419960145765906,0.28473833073422755,-0.0712123873232306
transformer,STORE0010,SKU0085,14,1155.0,0.25729670669093274,1.0447869400254859,1.0,21.226978302001953,27.584658476030327,0.3453496635164622,-0.013665791300984172
transformer,STORE0008,SKU0033,14,1750.0,0.257285400390625,0.2760383057954024,1.0,32.160675048828125,37.813481771879225,0.2479976230321918,0.08953665597098215
transformer,STORE0010,SKU0088,14,348.0,0.257273959017348,0.3883846416627201,1.0,6.395095552716937,8.208205173818572,0.27197101037329213,0.030745385707109815
transformer,STORE0002,SKU0092,14,941.0,0.256776191476301,0.8916147312579285,1.0,17.25902829851423,24.040903666598936,0.3016119407822874,0.13537569279118375
transformer,STORE0009,SKU0065,14,898.0,0.2566534140062226,0.24659265906756866,1.0,16.462483269827707,23.556096277929264,0.21104766223766055,0.191439651965033
transformer,STORE0005,SKU0040,14,431.0,0.2566470259026972,0.348907473712884,1.0,7.90106201171875,10.06716898503807,0.26103535853086257,0.18062474722098862
transformer,STORE0010,SKU0059,14,367.0,0.25649080094589527,0.2881070379535296,1.0,6.723723139081683,8.342972612005141,0.2622698367599896,0.008387672154065384
transformer,STORE0008,SKU0039,14,321.0,0.25602018053286546,0.2965508604286183,1.0,5.870176996503558,6.933884505118794,0.2536124302611507,0.08435880357974043
transformer,STORE0002,SKU0010,14,377.0,0.25585949136344444,0.430530998536029,1.0,6.889930588858468,11.564088950307601,0.24598264315214208,0.21323896150057764
transformer,STORE0011,SKU0022,14,1660.0,0.255449465096715,0.26243122194324425,1.0,30.289008004324778,33.383018424793995,0.25820166820081064,-0.04500265466161523
transformer,STORE0011,SKU0014,14,814.0,0.25522404045086233,0.30086733223664097,1.0,14.839454923357282,16.372693930768936,0.25678051362324095,0.14487777353797554
transformer,STORE0011,SKU0019,14,287.0,0.2551467975257581,0.4996808948394375,1.0,5.230509349278042,7.186600311610662,0.309413240243597,0.24390364856254765
transformer,STORE0005,SKU0087,14,436.0,0.25503964380386773,0.39351942450268573,1.0,7.942663192749023,10.463471377080023,0.28169215803971925,0.1742353964289394
transformer,STORE0004,SKU0064,14,1440.0,0.2549544758266873,0.2841171657978975,1.0,26.22388894217355,31.38565543421309,0.25720320614028064,0.0034167289733886917
transformer,STORE0011,SKU0038,14,1762.0,0.25494105483021556,0.3113802955448551,1.0,32.086152757917134,37.2351363381192,0.274948449699886,-0.04143266537132654
transformer,STORE0003,SKU0022,14,1056.0,0.2547787175034032,0.3782005416714777,1.0,19.217594691685267,23.72030987496287,0.2785627270546493,0.08723543629501805
transformer,STORE0008,SKU0030,14,737.0,0.25462048348125316,0.29689420697226154,1.0,13.403949737548828,14.937823536651125,0.25119419009395466,0.1400888926947295
transformer,STORE0011,SKU0073,14,184.0,0.25451092098070227,0.1741207905158619,0.9285714285714286,3.345000675746373,4.664893824253633,0.31818084836527405,-0.026624347852624
transformer,STORE0008,SKU0096,14,1339.0,0.2537900199633734,0.35331274163417864,1.0,24.273202623639786,33.36544461486259,0.25673353651734576,0.13734973340536605
transformer,STORE0002,SKU0051,14,762.0,0.25370874179629826,0.34771756886856886,1.0,13.809004374912806,16.417790019363217,0.27019254326929104,0.10892580187539729
transformer,STORE0010,SKU0074,14,952.0,0.25358019355966266,0.41162813006303783,1.0,17.243453162057058,23.51068884522765,0.28603835114710335,0.07518275845952395
transformer,STORE0009,SKU0034,14,2219.0,0.2534833979423973,0.3225152861896287,1.0,40.177118573869976,49.841389051691394,0.25965055431670964,0.16123035460133012
transformer,STORE0008,SKU0095,14,449.0,0.25345847760648665,0.3140227549049433,1.0,8.128775460379464,9.914029397542086,0.25314000399091136,0.13326978789671493
transformer,STORE0010,SKU0096,14,1170.0,0.2533660236586872,0.443833324438988,1.0,21.17416054861886,26.521529095966144,0.2803003413115982,0.07517178527310367
transformer,STORE0003,SKU0063,14,680.0,0.2532433734220617,0.3804308887996269,1.0,12.300392423357282,14.034361655849906,0.2939273275295296,0.13234153635361615
transformer,STORE0008,SKU0045,14,1369.0,0.25321443277697564,0.24245072886025426,1.0,24.76075417654855,32.72080956653592,0.232607459837766,0.03173563966270429
transformer,STORE0005,SKU0076,14,437.0,0.25316128850801584,0.36561298379678575,1.0,7.902248791285923,10.529225882931806,0.26539877064623674,0.10918343149006231
transformer,STORE0010,SKU0057,14,1210.0,0.2531306747562629,0.5178481536404113,1.0,21.877722603934153,27.514164685413682,0.2907295057979267,-0.027647803440566915
transformer,STORE0004,SKU0020,14,826.0,0.25279392861280836,2.0551052269507695,1.0,14.914841788155693,19.443966172913363,0.315467257708078,-0.017312777244438558
transformer,STORE0007,SKU0085,14,893.0,0.2527265516667723,0.3046586052091822,1.0,16.12034361703055,20.362061456630762,0.2613180656751471,0.023683140018886058
transformer,STORE0012,SKU0055,14,187.0,0.2525984004219586,0.309671610827723,1.0,3.373992919921875,4.173259838727386,0.25693718881713934,0.0656308260830966
transformer,STORE0005,SKU0074,14,1170.0,0.2525021740513989,0.3043058597495677,1.0,21.101967402866908,26.293389918610796,0.2635972471718361,-0.006964756892277656
transformer,STORE0007,SKU0031,14,763.0,0.25245293533505175,0.34601690987613626,1.0,13.758684975760321,15.981173421551807,0.27674560352559857,0.06562022237915204
transformer,STORE0012,SKU0071,14,404.0,0.25229192488264335,0.2837493679837564,1.0,7.280424118041993,8.196267392251357,0.2509742321018554,0.056124252848105856
transformer,STORE0001,SKU0002,14,954.0,0.25204270240895654,1.3198725795579833,1.0,17.174909864153182,22.656935590159986,0.2975237206775807,0.10252222824896408
transformer,STORE0004,SKU0037,14,1788.0,0.25192194177000315,0.4438886940334058,1.0,32.17403084891183,40.904562961960934,0.2805649402879886,0.07217424294559215
transformer,STORE0007,SKU0020,14,561.0,0.2518665157324915,0.3034283158882695,1.0,10.092651094709124,12.524394661399624,0.2624014363807487,-0.01760639183874011
transformer,STORE0006,SKU0006,14,1978.0,0.2516704054042712,1.5371621187681417,1.0,35.55743299211775,47.27173419172189,0.32989018420600547,0.018610770106918275
transformer,STORE0007,SKU0059,14,282.0,0.2515646346071933,0.2661066844710479,1.0,5.067230497087751,6.05508296707537,0.24596649436279924,0.039156122410551004
transformer,STORE0001,SKU0093,14,1088.0,0.2514445360969095,0.3504243135103246,1.0,19.54083251953125,24.676790943552234,0.25996218941697363,0.12409353256225586
transformer,STORE0001,SKU0004,14,1418.0,0.25134833138147095,2.684479014222568,1.0,25.4579952784947,36.067728844943915,0.312013854796484,0.0755811026805883
transformer,STORE0013,SKU0027,14,1226.0,0.25109687792729785,0.2898298734595276,1.0,21.988912309919083,30.784396470633606,0.24021529897748858,0.05746387774170319
transformer,STORE0004,SKU0100,14,1247.0,0.2504962593818915,0.2790312363784117,1.0,22.312059674944198,25.71897412858957,0.2419350899516331,0.11568573903540375
transformer,STORE0002,SKU0032,14,777.0,0.25049018614387264,0.5526776796787216,1.0,13.902205330984932,18.62598919912266,0.30595544022924637,0.08135904830088181
transformer,STORE0002,SKU0034,14,1962.0,0.2503951497520268,0.2758484262502132,1.0,35.091091700962615,42.042692252443736,0.2597300997006481,0.017042753042674105
transformer,STORE0007,SKU0093,14,816.0,0.2499370294458726,0.30367134092434495,1.0,14.567758287702288,17.305006451515254,0.26188221013400287,0.008635904274734804
transformer,STORE0012,SKU0080,14,1230.0,0.24987863680211508,0.3006045319134353,1.0,21.95362309047154,26.714834953335707,0.2719520046856626,-0.09408205854214303
transformer,STORE0013,SKU0031,14,543.0,0.2493520002558306,0.28829665563216705,1.0,9.671295438494,11.315634569949365,0.25394831565897485,0.023755862128888264
transformer,STORE0005,SKU0067,14,633.0,0.24934418544196782,1.1241329837194909,1.0,11.273919241768974,15.51434926129026,0.29651340517387487,0.025418430708030997
transformer,STORE0012,SKU0099,14,1401.0,0.24911923241734418,0.6708170353924103,1.0,24.929717472621373,32.26786820545696,0.30791376366814555,0.060504643769029386
transformer,STORE0010,SKU0083,14,1272.0,0.24867343302792724,1.0919770973064282,1.0,22.59375762939453,29.81618455656813,0.3033653207568001,0.0004657649394101317
transformer,STORE0009,SKU0092,14,1306.0,0.24866497279308838,0.3065746204520252,1.0,23.19688960484096,28.61106875010551,0.26705458939871984,-0.030295846655759465
transformer,STORE0002,SKU0008,14,263.0,0.24860065880837096,0.30558285904849775,1.0,4.670140947614398,5.619264582640798,0.2495930696273156,0.14569654573505825
transformer,STORE0008,SKU0093,14,1165.0,0.2485171796937869,0.31371445254152447,1.0,20.680179595947266,26.22879500966361,0.2630408083362172,0.0214722531036246
transformer,STORE0007,SKU0087,14,315.0,0.2484540545751178,0.4867484974117659,1.0,5.590216227940151,7.476063218553467,0.27479666529844754,0.13054703000992063
transformer,STORE0008,SKU0028,14,2184.0,0.248212157588302,0.3462066476870797,1.0,38.721096583775115,48.08347710170927,0.27447756962744785,-0.023471406091263854
transformer,STORE0010,SKU0012,14,874.0,0.2477995831033458,0.48596671955884857,1.0,15.469773973737444,18.368186791510173,0.30244725119067944,-0.0060270558232846305
transformer,STORE0003,SKU0076,14,356.0,0.24774910358900437,0.2886529960913453,1.0,6.29990577697754,7.099373764877711,0.25806352261235227,0.01626550481560527
transformer,STORE0010,SKU0019,14,253.0,0.24768419228052432,0.23323823268422356,0.9285714285714286,4.476007189069476,6.617138757402007,0.322818627452851,0.18745977228338068
transformer,STORE0008,SKU0044,14,1387.0,0.2475989849857916,0.3162892263178902,1.0,24.529985155378068,29.747825857643257,0.2544705793193238,0.05079320290145381
transformer,STORE0004,SKU0017,14,1849.0,0.24704777091951097,0.27600435579893656,1.0,32.62795203072684,37.72427526393443,0.2502914347453998,0.02177694515642958
transformer,STORE0005,SKU0052,14,866.0,0.2470423453949891,0.3575136870492001,1.0,15.281333650861468,19.886105391978575,0.2584622598714748,0.0504168671218132
transformer,STORE0001,SKU0096,14,1542.0,0.24683129771983423,0.2599332873806995,1.0,27.18670436314174,30.449339674845024,0.25306667301256336,-0.057907925814815395
transformer,STORE0007,SKU0062,14,196.0,0.246567609358807,0.30363085674968093,1.0,3.451946531023298,4.068486264635901,0.2423825352337398,0.1786339234332649
transformer,STORE0004,SKU0102,14,1893.0,0.2463937911543969,0.2961055141749425,1.0,33.31596047537667,40.08508734084062,0.24536466090507317,0.06383809826705296
transformer,STORE0004,SKU0041,14,1795.0,0.24635661770706385,0.2545090318099052,1.0,31.586437770298545,36.343440641075794,0.24333239646727514,-0.022016230931189092
transformer,STORE0012,SKU0074,14,1015.0,0.24627865570519358,0.36711920297508505,1.0,17.855202538626536,21.063933560824108,0.2836148030855378,0.007425824996873125
transformer,STORE0004,SKU0026,14,1729.0,0.24620973974242247,0.3642125083318075,1.0,30.406902858189174,36.8841073135227,0.2751312467282428,0.07974265227088907
transformer,STORE0005,SKU0031,14,1061.0,0.24606465978739286,0.27440065208895065,1.0,18.648186002458846,22.791178287543886,0.2415907175171687,0.024616047304604663
transformer,STORE0013,SKU0008,14,179.0,0.2458323047147783,0.36459622944913,1.0,3.143141610281808,4.264651877008243,0.2506281070803856,0.16724544930058485
transformer,STORE0010,SKU0101,14,214.0,0.2456729389796747,0.2618494299922186,1.0,3.7552863529750278,4.184269759873334,0.22676515487766577,0.20712064582610798
transformer,STORE0007,SKU0030,14,538.0,0.24520259275755474,0.2746665879679547,1.0,9.422785350254603,10.751348272037397,0.23721250528232535,0.1520069008866207
transformer,STORE0007,SKU0028,14,1380.0,0.24514668229697406,0.39839195367625296,1.0,24.164458683558873,32.26255465761386,0.2710190206439102,0.0664822177610536
transformer,STORE0005,SKU0050,14,257.0,0.2449519829063564,0.3408447290860694,1.0,4.496618543352399,5.6815168200045685,0.25247869949765006,0.20320301575419503
transformer,STORE0011,SKU0037,14,1945.0,0.24482895721200193,0.3229369990747791,1.0,34.01373726981027,43.66341944606661,0.26605115505779964,-0.04924906360459511
transformer,STORE0002,SKU0007,14,321.0,0.24475379302122882,0.30182245675654723,1.0,5.611854825701032,6.502459326598954,0.25305594493387834,0.07641563534365264
transformer,STORE0007,SKU0046,14,1422.0,0.24468875031934006,0.22444801878178788,1.0,24.85338592529297,33.17481156499818,0.2402184648162391,-0.11836271648165546
transformer,STORE0006,SKU0020,14,812.0,0.24458770564037002,0.3191012262366723,1.0,14.186086927141462,16.655536293250332,0.26601069195704935,-0.0014949948916881542
transformer,STORE0011,SKU0066,14,486.0,0.2444371352961034,0.28801745529083894,1.0,8.485460553850446,10.718775401121299,0.2385932511416183,0.10153279873569314
transformer,STORE0010,SKU0068,14,623.0,0.2443546276796687,0.24157065823007137,1.0,10.873780931745257,12.598294415975442,0.2494823944258767,-0.05220624455288172
transformer,STORE0012,SKU0056,14,336.0,0.24433648018609905,0.8940004847930904,1.0,5.864075524466378,7.557541744692388,0.30638986007502006,0.1311395395369757
transformer,STORE0002,SKU0088,14,317.0,0.244221828713402,0.2532772689706525,1.0,5.529879978724888,6.50387104287506,0.2479181086035656,-0.052351870371340176
transformer,STORE0001,SKU0046,14,1677.0,0.24400081190952036,0.36945586319108953,1.0,29.227811540876115,34.386151168659275,0.26398843758216045,0.057393501113409344
transformer,STORE0010,SKU0080,14,1122.0,0.2431019733721347,0.1722213840186377,0.9285714285714286,19.482886723109655,28.557287600166973,0.30566143929765344,-0.011507799281155999
transformer,STORE0012,SKU0046,14,1369.0,0.2423959123208803,0.319826375521104,1.0,23.702857426234655,27.944157333256495,0.252545943902014,0.11087737769606869
transformer,STORE0006,SKU0101,14,272.0,0.24231146363651052,0.44847124372559133,1.0,4.707765579223633,6.649757658610543,0.266787781333477,0.09312471221475038
transformer,STORE0004,SKU0061,14,1480.0,0.24210402514483478,0.26244951999677885,1.0,25.593854086739675,30.271781014813726,0.22850852675351588,0.11367973636936497
transformer,STORE0004,SKU0098,14,620.0,0.24199055702455582,0.38957086609594416,1.0,10.716724668230329,13.041801719883113,0.27789830944878935,0.04587845956125567
transformer,STORE0010,SKU0075,14,475.0,0.24198654174804687,0.3211217114244259,1.0,8.210257666451591,10.856583639293389,0.24735888427813008,0.08114868967156663
transformer,STORE0002,SKU0096,14,950.0,0.24188904611687911,0.39788344670991854,1.0,16.41389955793108,24.3455996685275,0.248139812093569,0.17062047857987253
transformer,STORE0008,SKU0085,14,1368.0,0.24186748370789646,0.2535964655322391,1.0,23.633908408028738,28.143146869824434,0.23675483640464254,-0.00867131439565915
transformer,STORE0002,SKU0060,14,598.0,0.24172927065437852,0.3291816420569753,1.0,10.325293132237025,12.45767915230208,0.2502904963647011,0.17287982825850165
transformer,STORE0009,SKU0027,14,1920.0,0.24171282052993776,0.34325988296092247,1.0,33.14918681553432,39.7293962796637,0.2564707667187616,0.1492750922838847
transformer,STORE0003,SKU0062,14,199.0,0.24139693753803196,0.2715427869676514,1.0,3.4312850407191684,3.8909012999640957,0.2317734543592403,0.16847725489630772
transformer,STORE0009,SKU0047,14,1126.0,0.2410244442006411,0.28221645682497554,1.0,19.38525172642299,24.26511154244829,0.24911798874490804,0.004310729872058171
transformer,STORE0005,SKU0018,14,1259.0,0.24098886697419206,0.4205887575325025,1.0,21.67178453717913,26.790719676945063,0.2716774080211731,0.0716242468290806
transformer,STORE0004,SKU0023,14,1222.0,0.240956002093376,0.3301615758044921,1.0,21.03201675415039,24.721271216087388,0.26854574742653803,0.06880348442814355
transformer,STORE0012,SKU0006,14,1388.0,0.24067849590730256,0.3859002737969064,1.0,23.861553737095424,33.03478099836432,0.25913233863340085,0.17226991461058516
transformer,STORE0001,SKU0047,14,1257.0,0.2405519326148568,0.260201627634164,1.0,21.598127092633927,26.371560564514212,0.2406856557159169,0.017580868425877597
transformer,STORE0001,SKU0070,14,1701.0,0.2403887973540955,0.9155776029439949,1.0,29.2072388785226,42.65425767412124,0.2802047457420348,-0.0244131519961259
transformer,STORE0010,SKU0005,14,1302.0,0.2401844499297955,0.34876532290227175,1.0,22.337153843470983,25.133260376137162,0.2814365923449428,0.06402330061623947
transformer,STORE0011,SKU0064,14,1470.0,0.2400764205828816,0.27645600319988833,1.0,25.208024161202566,29.65784996473527,0.24773031210130564,0.04635138479219815
transformer,STORE0008,SKU0038,14,1628.0,0.23992853375559064,0.2536427560579219,1.0,27.90026092529297,33.706432285790406,0.23736195075318056,-0.019457505434678286
transformer,STORE0012,SKU0065,14,842.0,0.23974064353526064,3.9415697188738226,1.0,14.418687275477819,20.38226621110029,0.3050403097476579,0.17221268225735553
transformer,STORE0008,SKU0064,14,1430.0,0.2395119887131911,0.26780898886932764,1.0,24.464438847133092,28.577201371836285,0.23271406005528705,0.07631841806265026
transformer,STORE0008,SKU0022,14,1449.0,0.23942062030421035,0.31116648943537023,1.0,24.78003420148577,29.52584939596588,0.2514087600172609,0.06827068131409324
transformer,STORE0006,SKU0054,14,1880.0,0.2392382398564765,0.2530099681450089,1.0,32.126277923583984,39.5290605130259,0.2634749117285629,-0.17567975876179148
transformer,STORE0009,SKU0018,14,1416.0,0.23921810839809265,0.24266101655606007,1.0,24.1952029636928,27.097483097544735,0.25349885611899176,-0.12245278978078379
transformer,STORE0005,SKU0071,14,460.0,0.2390295526255732,0.43058407223192635,1.0,7.853828157697405,10.273010528405843,0.26048698210046634,0.11366501683774204
transformer,STORE0007,SKU0047,14,1027.0,0.23900191205850246,0.310579124413989,1.0,17.53249740600586,21.109839646158264,0.2658531851829514,-0.10849241202854948
transformer,STORE0004,SKU0090,14,284.0,0.23890763269343845,0.295344795008868,1.0,4.846411977495466,6.538643565720267,0.22878561709330955,0.1891011184370014
transformer,STORE0006,SKU0077,14,1121.0,0.23873521939225753,0.2739227313592982,1.0,19.11587006705148,25.171950253879835,0.24987788006587092,-0.022073475193700873
transformer,STORE0006,SKU0008,14,381.0,0.2386980332101737,0.4194232010857621,1.0,6.495996475219727,8.274519322245451,0.2659649864106674,0.09107005001678865
transformer,STORE0004,SKU0056,14,437.0,0.23833504857951499,0.3237419301849758,1.0,7.439458302089146,8.249439969527991,0.27495640332183596,0.006491654524814016
transformer,STORE0004,SKU0063,14,970.0,0.2382653934439433,0.2512988466622804,1.0,16.508387974330358,21.674746614644516,0.21958719288040737,0.11816539174502658
transformer,STORE0004,SKU0045,14,1259.0,0.2381659788778607,0.3138464872626119,1.0,21.41792624337333,25.108934810445838,0.25666732145955623,0.16949199891639574
transformer,STORE0013,SKU0014,14,483.0,0.2380393089468188,0.2915682793934992,1.0,8.212356158665248,9.389940696026727,0.2592275056286451,-0.03176504336528897
transformer,STORE0010,SKU0061,14,1199.0,0.2375622416059607,0.2847063408741141,1.0,20.345509120396205,23.312720711429446,0.24359483943570867,0.09715493705692244
transformer,STORE0006,SKU0092,14,1299.0,0.2374104418325094,0.18389444076370445,0.9285714285714286,22.028297424316406,34.056901189372866,0.2873535162180216,0.15585861617184493
transformer,STORE0004,SKU0081,14,1199.0,0.2373022186050224,0.288504736624725,1.0,20.32324000767299,23.579111874675245,0.2532467388235758,-0.0194669060154295
transformer,STORE0003,SKU0024,14,659.0,0.23730197842819375,0.28117776786726456,1.0,11.170143127441406,13.274143965404036,0.23605449945411078,0.11170802022329052
transformer,STORE0009,SKU0017,14,1593.0,0.2372998359138982,0.24091905814854503,1.0,27.001331329345703,32.9783446422912,0.2338249298257152,-0.04599565600570612
transformer,STORE0003,SKU0071,14,347.0,0.23724694485623143,0.27449775610980337,1.0,5.8803349903651645,6.5511355049255515,0.2389614937240397,0.08289515800366146
transformer,STORE0012,SKU0078,14,414.0,0.23693694239077362,0.26862185193917437,1.0,7.006563867841448,7.9935757262784,0.2405675940345206,0.02407703768227994
transformer,STORE0012,SKU0027,14,2358.0,0.23686417247199526,0.22893593213266392,1.0,39.89469419206892,54.82337229687233,0.23328174742869096,-0.10557100265282914
transformer,STORE0009,SKU0006,14,1664.0,0.23663228291731614,0.4731503078367404,1.0,28.12543705531529,38.503859096058115,0.27191836266601727,0.02514265133784365
transformer,STORE0010,SKU0032,14,1108.0,0.2365024477135834,0.26566807278362564,1.0,18.71747943333217,19.639628699012217,0.2490085419643959,0.001379519163055945
transformer,STORE0005,SKU0081,14,1122.0,0.23645549916966077,0.26146444304725097,1.0,18.950219290597097,26.559270264671255,0.23263410902866083,0.005791404030539785
transformer,STORE0005,SKU0095,14,571.0,0.23627007613040102,0.21167200152693266,1.0,9.6364438193185,13.80548267472835,0.23536087596464395,-0.17614022570608376
transformer,STORE0006,SKU0030,14,772.0,0.23623551482363686,0.2611929514869251,1.0,13.026701245989118,16.227754130735836,0.2320318481279621,0.05912739254650057
transformer,STORE0012,SKU0030,14,750.0,0.2359172821044922,0.25081687350894455,1.0,12.638425827026367,17.016389772564818,0.24074790942853527,-0.07725563049316404
transformer,STORE0010,SKU0077,14,817.0,0.23588661931573687,0.3052771032476058,1.0,13.76566914149693,17.763388727697336,0.24607865560293823,0.0788623431613133
transformer,STORE0003,SKU0091,14,230.0,0.23581895413606063,1.1698761286976358,1.0,3.8741685322352817,5.205199687268306,0.2919390153402003,0.09131420798923658
transformer,STORE0007,SKU0026,14,1113.0,0.2357273633053789,0.3242720144855478,1.0,18.740325382777623,25.808946403168967,0.24686541271307827,0.11496254783006585
transformer,STORE0002,SKU0030,14,632.0,0.23547410361374477,0.24405935735607948,1.0,10.629973820277621,12.733722926564976,0.2414078217176023,-0.05819553664967982
transformer,STORE0002,SKU0003,14,250.0,0.23544618225097655,0.30745293839832055,1.0,4.204396111624582,4.8982277587582495,0.24571746768181657,0.12394493103027347
transformer,STORE0002,SKU0037,14,1200.0,0.23532835006713868,0.25158383465812384,1.0,20.171001434326172,25.406784624017387,0.22894398667471538,0.02632230758666992
transformer,STORE0007,SKU0068,14,518.0,0.23524081108652947,0.27631044384766584,1.0,8.703910010201591,9.948162502242267,0.2629916247848009,-0.09673634827367127
transformer,STORE0008,SKU0048,14,1241.0,0.23517844717316239,0.2874693584179829,1.0,20.84688949584961,25.127851957545925,0.2504863122418645,0.018640934700547077
transformer,STORE0007,SKU0044,14,1071.0,0.23506819211245697,0.31522362516364444,1.0,17.982716696602957,22.902396592501873,0.25798231276806705,-0.03191288824286225
transformer,STORE0007,SKU0076,14,358.0,0.23484002544893232,0.28005743045692283,1.0,6.005194936479841,7.189940539578192,0.25201215671484134,-0.01394196728754309
transformer,STORE0003,SKU0056,14,301.0,0.23446153406288933,0.2566086653230599,1.0,5.040922982352121,5.597164839034141,0.23793135879057675,0.04046047882384241
transformer,STORE0013,SKU0080,14,743.0,0.23433724835936182,0.2398669492800661,1.0,12.436612537928989,15.120902768313185,0.24327055122486416,-0.11546856044599857
transformer,STORE0005,SKU0056,14,455.0,0.23409736130263778,0.32524436038852106,1.0,7.608164242335728,9.967107411567392,0.25808754660197003,-0.026904971782977766
transformer,STORE0009,SKU0075,14,458.0,0.23402014986396358,0.2958431546438257,1.0,7.655802045549665,9.094219493677862,0.24497845064093363,0.05059746155051687
transformer,STORE0010,SKU0011,14,330.0,0.23386274395566997,0.2772465675057035,1.0,5.512478964669364,7.0660888695937825,0.23289313551129628,0.06472810687440816
transformer,STORE0011,SKU0077,14,1037.0,0.2337147888360166,0.2742414894467877,1.0,17.311588287353516,23.480499607372725,0.23432901252313368,-0.0010842053846545022
transformer,STORE0011,SKU0086,14,173.0,0.23363009767036216,0.2883753403448757,1.0,2.887000492640904,3.5531375189990277,0.23397553741641536,0.13542029761165558
transformer,STORE0012,SKU0036,14,655.0,0.2336188163466126,0.2682451685191583,1.0,10.930023193359375,14.063370577560237,0.22386094495579853,0.09751200202767175
transformer,STORE0002,SKU0005,14,982.0,0.23329619817481265,0.4321911503523347,1.0,16.364061900547572,20.91408494468296,0.26489723647407837,0.14116721143547725
transformer,STORE0001,SKU0023,14,1189.0,0.23320725347135526,0.3610940498804947,1.0,19.805958884102957,32.96441680205523,0.23270929808054538,0.11162595371923294
transformer,STORE0012,SKU0101,14,250.0,0.2330980072021484,0.2339807499043396,1.0,4.162464414324079,5.631003549302746,0.22111709824669007,-0.02558418273925782
transformer,STORE0004,SKU0003,14,392.0,0.23307847003547513,0.2763523454115579,1.0,6.526197160993304,7.711860528000706,0.25125352745580753,-0.07674890634964923
transformer,STORE0008,SKU0004,14,1489.0,0.23277262219492423,0.28789780946703175,1.0,24.7570310320173,28.098460621120257,0.2492130798095646,-0.011837776752828011
transformer,STORE0007,SKU0008,14,282.0,0.2324977631264545,0.48721038335237393,1.0,4.683169228690012,6.5331808654673225,0.2596716137834943,0.060306873727352064
transformer,STORE0002,SKU0093,14,797.0,0.23229296024949517,0.39059853584507553,1.0,13.22410637991769,17.482006075845014,0.2572734412491967,0.06291298285930642
transformer,STORE0010,SKU0052,14,721.0,0.23154916115177487,0.36439585663031154,1.0,11.924781799316406,15.964902725078199,0.25348109659574114,0.06874008284527783
transformer,STORE0013,SKU0024,14,496.0,0.2314541224510439,0.2524516797828709,1.0,8.200088909694127,10.08029272855648,0.23752858651001652,-0.03731709526431176
transformer,STORE0003,SKU0089,14,533.0,0.23117340259659358,0.2572374311723848,1.0,8.801101684570312,10.885029084666677,0.239252394991776,-0.05831120474924514
transformer,STORE0012,SKU0064,14,1122.0,0.23113282691561177,0.6695954564619829,1.0,18.5236451285226,31.14698923338591,0.2692876200226612,0.14527257283528647
transformer,STORE0006,SKU0018,14,1342.0,0.23104374597040622,0.2931893534208365,1.0,22.147193363734655,28.901470752080613,0.23413912906775444,0.08655422455152349
transformer,STORE0004,SKU0046,14,1925.0,0.23092788101790787,0.2900106018856662,1.0,31.75258363996233,35.903237018294256,0.25855594730518744,-0.07914728734400366
transformer,STORE0002,SKU0069,14,1055.0,0.23086847242020883,0.21952482965857353,1.0,17.39758845738002,28.11282183908402,0.1859721005997106,0.13670250770605005
transformer,STORE0002,SKU0059,14,273.0,0.2303664099165808,0.8277007630617323,1.0,4.4921449933733255,6.438465194558564,0.27628354420682416,0.13167837513235467
transformer,STORE0010,SKU0051,14,907.0,0.230264287273571,0.44169077611596563,1.0,14.917836325509208,19.868434118720632,0.25021163416900943,0.14348901750760146
transformer,STORE0002,SKU0041,14,1295.0,0.22985889331714526,0.2781667623183904,1.0,21.261947631835938,24.119731706642828,0.25574418336091104,-0.022405534545427125
transformer,STORE0010,SKU0050,14,236.0,0.2297830581665039,0.24708718241525326,1.0,3.873485837663923,4.157743057397253,0.22034506726121264,0.13724231719970703
transformer,STORE0002,SKU0073,14,114.0,0.22952190198396383,0.2306659629534993,1.0,1.8689640590122767,2.593257098183464,0.2164899848599833,0.01692808720103479
transformer,STORE0005,SKU0063,14,922.0,0.22936819328920446,2.09638256821039,1.0,15.105533872331893,20.53517312869714,0.29507479608992954,0.14094125164305052
transformer,STORE0002,SKU0004,14,1160.0,0.2292644369191137,0.2306654697678449,1.0,18.99619620186942,23.69030909330095,0.23191038401356195,-0.0925213649355132
transformer,STORE0009,SKU0060,14,817.0,0.2290748680236144,0.25547091247136006,1.0,13.368154798235212,15.236925128686783,0.23810045619053377,-0.022078309823716724
transformer,STORE0007,SKU0035,14,2441.0,0.22837317629653575,0.21722077530141215,1.0,39.818494524274556,49.13478873635736,0.2412267577782159,-0.16182180214787742
transformer,STORE0012,SKU0026,14,1485.0,0.22833556101378366,0.3308436885372033,1.0,24.219879150390625,29.347341344632536,0.25772289506936574,-0.050328593141703494
transformer,STORE0001,SKU0039,14,303.0,0.22777638576998568,0.2733265000877738,1.0,4.9297317777361185,5.8075574679861495,0.23092620668470215,0.12251826245399199
transformer,STORE0013,SKU0009,14,401.0,0.22754751476563717,0.258735770090221,1.0,6.517610958644322,8.063752622539553,0.2141835395421628,0.1705551099896134
transformer,STORE0010,SKU0045,14,1099.0,0.227405752888368,0.31364144255427695,1.0,17.851351601736887,27.05105141755272,0.206801735258659,0.1817735597369235
transformer,STORE0003,SKU0087,14,310.0,0.22729734605358493,0.4471787281192964,1.0,5.033012662615095,6.969578538338104,0.24005242906280472,0.1755845223703692
transformer,STORE0001,SKU0054,14,1489.0,0.22722421803676177,0.2586226432005075,1.0,24.16691861833845,31.972562667872896,0.2159655354691726,0.10548906601700228
transformer,STORE0012,SKU0050,14,260.0,0.22697821397047777,0.2491605255666234,1.0,4.215309688023159,5.467171677896879,0.22453752110698624,0.028303615863506597
transformer,STORE0009,SKU0064,14,1341.0,0.2268319581534594,0.308492991474749,1.0,21.72726113455636,25.49917232932968,0.25230007252226677,-0.01542186808177201
transformer,STORE0003,SKU0025,14,350.0,0.22675022670200892,0.2516974110336792,1.0,5.668755667550223,6.932647014226222,0.2104887358013015,0.21638480050223213
transformer,STORE0002,SKU0002,14,862.0,0.22667810037351815,0.21867881676553827,1.0,13.95689446585519,16.459278350562247,0.23721925786030734,-0.13038258209582548
transformer,STORE0005,SKU0043,14,925.0,0.22665329804291595,0.2653441824843831,1.0,14.975307192121234,18.33155117758425,0.2281563854990328,0.08452949730125633
transformer,STORE0012,SKU0004,14,1315.0,0.2261913343074204,0.31923277919384485,1.0,21.245828901018417,27.73124883838037,0.2425610687326532,-0.047549020745455084
transformer,STORE0012,SKU0010,14,552.0,0.22595064881919086,0.2376796855269332,1.0,8.908911296299525,10.831795980583886,0.2297840687638861,-0.036091479702272264
transformer,STORE0010,SKU0035,14,2699.0,0.2258278902215664,0.43042886624438764,1.0,43.53639112200055,57.20079530327713,0.25513221684402565,-0.0011254473499299298
transformer,STORE0007,SKU0037,14,1408.0,0.22579807043075562,0.23961511872725433,1.0,22.708834511893137,28.98454698783033,0.23640533284564408,-0.11335899071259932
transformer,STORE0005,SKU0058,14,1467.0,0.2257286545039036,0.2720567417836504,1.0,23.653138296944753,28.391739848403457,0.24141523509407348,-0.002783829286623443
transformer,STORE0003,SKU0061,14,1121.0,0.22569720007073762,0.22175177571709373,1.0,18.07189723423549,24.36396943966162,0.216805845197811,-0.020318717854454715
transformer,STORE0005,SKU0002,14,1008.0,0.22556424519372364,0.2644799410494984,1.0,16.240625653948104,19.362136002990255,0.23117110695230156,0.032441835554819255
transformer,STORE0013,SKU0090,14,173.0,0.22545881767493453,0.251079312881069,1.0,2.786026818411691,3.1167153370898815,0.2245821071195348,0.07842252433644556
transformer,STORE0006,SKU0007,14,453.0,0.22525616828968983,0.33895609330176096,1.0,7.288646016802106,8.899446823896147,0.24396241847594946,0.059495370119612735
transformer,STORE0007,SKU0073,14,119.0,0.22521998301273635,0.22757375937967658,1.0,1.914369855608259,2.2688085419070942,0.22939400899383447,-0.07276435659713104
transformer,STORE0008,SKU0042,14,281.0,0.22502493264412116,0.2712310350628218,1.0,4.5165718623570035,5.82326156425431,0.21918360946519547,0.15210274530051018
transformer,STORE0008,SKU0072,14,583.0,0.2249045920003953,0.28934758657700976,1.0,9.365669795445033,11.531188201966883,0.23531098799108732,0.0381151595205631
transformer,STORE0001,SKU0029,14,595.0,0.22476897039333316,0.28207861461686534,1.0,9.552681241716659,11.633657530025657,0.23720673422445607,0.07309132423721446
transformer,STORE0004,SKU0033,14,1635.0,0.2243141477625669,0.26272574627285433,1.0,26.196687970842635,33.34656836847729,0.21699724775454585,0.1550819886933773
transformer,STORE0008,SKU0016,14,488.0,0.22392435152022566,0.2383495559668922,1.0,7.805363110133579,10.156753271141556,0.21793511005628563,-0.01220098479849394
transformer,STORE0003,SKU0003,14,272.0,0.22366251665003162,0.3973832578899462,1.0,4.345443180629186,5.859930378046216,0.2607195087512055,0.019696488099939683
transformer,STORE0009,SKU0074,14,1042.0,0.22351732089286117,0.22406196559193475,1.0,16.63607488359724,27.30266830064629,0.210477319115938,-0.01953957131178959
transformer,STORE0007,SKU0063,14,671.0,0.22348044632799402,0.2600185370556168,1.0,10.711098534720284,13.019387351136054,0.22812543500078153,0.04626118621598769
transformer,STORE0009,SKU0020,14,639.0,0.22338711972900774,0.4125652206448837,1.0,10.196026393345424,13.111272411653093,0.2584509065195605,0.05599045492300592
transformer,STORE0004,SKU0038,14,1901.0,0.22312712130077508,0.28265007468766207,1.0,30.29747554234096,38.34296968509335,0.24322757535234865,-0.08153466912459725
transformer,STORE0006,SKU0029,14,550.0,0.22290836681019177,0.2694032077844191,1.0,8.75711441040039,9.803159882038827,0.23306811825411136,0.06976351651278412
transformer,STORE0004,SKU0079,14,1285.0,0.22245220971014712,0.25230729609378505,1.0,20.41793496268136,25.70050537530794,0.22540709276727763,0.03906518364694794
transformer,STORE0012,SKU0023,14,986.0,0.22195518137717102,0.22510133896459167,1.0,15.631986345563616,21.229015300547136,0.1951676712390526,0.16065530215992646
transformer,STORE0007,SKU0003,14,248.0,0.2213625754079511,0.1389904837864466,0.9285714285714286,3.9212799072265625,6.666174667501806,0.2652456654736806,0.09095810305687692
transformer,STORE0010,SKU0038,14,1464.0,0.22080606450148618,0.3657985448545799,1.0,23.09000560215541,29.92931267102778,0.24867209735842363,-0.0216084412538289
transformer,STORE0013,SKU0089,14,390.0,0.22068813030536358,0.21888579165487898,1.0,6.147740772792271,6.929495472510259,0.21898843083540137,-0.025506288577348796
transformer,STORE0008,SKU0005,14,1579.0,0.2206465592483994,0.289235895422101,1.0,24.885779789515905,31.285336285075036,0.24877492925072814,0.006112488256820476
transformer,STORE0012,SKU0035,14,2425.0,0.22026997045143362,0.23797923489168632,1.0,38.1539055960519,45.192541303577975,0.2116268886058281,0.09243247749879188
transformer,STORE0009,SKU0061,14,1390.0,0.22024262791914906,0.326642915674099,1.0,21.866946629115514,29.11151667613936,0.25123134725898055,-0.0009073380943682963
transformer,STORE0003,SKU0014,14,723.0,0.2201128282982284,0.21726633843303192,1.0,11.367255347115654,15.630725846249048,0.21638750601778747,-0.056150628982902726
transformer,STORE0009,SKU0013,14,1701.0,0.21989371396736984,0.25100216069969983,1.0,26.717086247035436,35.91925474238496,0.2383262739716915,-0.044192552426364565
transformer,STORE0011,SKU0101,14,290.0,0.21924170132341056,0.25632077154828126,1.0,4.541435241699219,5.3665009757041044,0.23056033435606307,0.049908197337183456
transformer,STORE0006,SKU0047,14,1285.0,0.21916656494140624,0.2493556051038414,1.0,20.11635971069336,26.3068573554661,0.22783972701494568,-0.009931862678973117
transformer,STORE0006,SKU0070,14,1667.0,0.2191631452151952,0.2734162314179879,1.0,26.096068790980745,32.25645328949561,0.2372834136038517,-0.013399299205100386
transformer,STORE0011,SKU0071,14,524.0,0.21913766496964082,0.25733473253620087,1.0,8.202009746006556,9.657223821585482,0.22736682056109062,0.019939036769721356
transformer,STORE0008,SKU0066,14,465.0,0.21910270772954468,0.24699669167137608,1.0,7.277339935302734,8.957773960249089,0.2118037476199339,0.1728072299752184
transformer,STORE0011,SKU0036,14,745.0,0.21906593885997797,0.31968965746311034,1.0,11.657437460763115,16.442410211192595,0.22978853698375112,0.17288221320849936
transformer,STORE0012,SKU0034,14,2784.0,0.21889982004275269,0.19606151767998953,1.0,43.52979278564453,68.13577178057002,0.20643144849312942,-0.15060557990238585
transformer,STORE0011,SKU0034,14,2864.0,0.2187018207997583,0.32738810423926573,1.0,44.74014391217913,56.798802957221945,0.24895265575916406,0.12897908620994183
transformer,STORE0009,SKU0035,14,2812.0,0.21824569485095963,0.24297561002851983,1.0,43.8362067086356,50.74749460240037,0.22482839338546584,0.001223345738895248
transformer,STORE0010,SKU0070,14,1503.0,0.2175957482414728,0.24660747549464787,1.0,23.360457829066686,27.300910202370492,0.23342821683035378,-0.07815739066300992
transformer,STORE0005,SKU0102,14,2057.0,0.21749707686999611,0.23653967274115043,1.0,31.956534794398717,38.723948052004665,0.23328612264167672,-0.050060055240822146
transformer,STORE0010,SKU0018,14,1117.0,0.21696491292681988,0.25917158666662155,1.0,17.31070055280413,22.529071457645614,0.22511082206485894,0.048500846514449976
transformer,STORE0001,SKU0012,14,998.0,0.2168557543553905,0.2841541957676373,1.0,15.458717346191408,22.771437553938792,0.22080433097205374,0.03640788351605552
transformer,STORE0009,SKU0055,14,175.0,0.21663122994559153,0.38184324285794924,1.0,2.707890374319894,3.9209881438984517,0.23954073745780854,0.18315135410853794
transformer,STORE0012,SKU0007,14,380.0,0.21599389628360147,0.2467896025162825,1.0,5.862691470554897,7.779052429361121,0.21081698103412086,0.0805418566653603
transformer,STORE0004,SKU0049,14,781.0,0.2159611925425511,0.22212583943873132,1.0,12.047549383980888,14.942136938826215,0.21486455980640762,-0.006327381207298836
transformer,STORE0003,SKU0037,14,1223.0,0.21587641319093992,0.2680079784505652,1.0,18.858346666608536,22.744228961133707,0.22566910195940343,0.05654698244782618
transformer,STORE0005,SKU0068,14,689.0,0.21576690120171046,0.21342521597962386,1.0,10.618813923427037,12.41821106595197,0.2075880141014467,-0.007890914451920233
transformer,STORE0002,SKU0033,14,1228.0,0.21570600826499517,0.24017210938901384,1.0,18.92049843924386,22.142867863094782,0.2196860999100428,0.03445598589869197
transformer,STORE0003,SKU0082,14,612.0,0.21563705120211332,0.30208809871611564,1.0,9.42641966683524,11.452782043488053,0.23953823276418693,0.013313012964585282
transformer,STORE0001,SKU0060,14,927.0,0.21475067467879838,0.2785921665808004,1.0,14.219562530517578,17.446906344229767,0.23100039887253263,0.017829499969976233
transformer,STORE0009,SKU0066,14,434.0,0.21468733862248432,0.24065013705686963,1.0,6.655307497297014,8.03162621186409,0.21620147040298607,0.047458112514513436
transformer,STORE0007,SKU0072,14,375.0,0.21466747538248698,0.263414516588065,1.0,5.7500216620309015,7.421911657191566,0.21321133694658292,0.10336176045735677
transformer,STORE0003,SKU0006,14,1310.0,0.21438749473513538,0.2409751996922944,1.0,20.060544150216238,24.25160697675117,0.2185702273539618,0.07543961037206284
transformer,STORE0005,SKU0012,14,1056.0,0.21389874545010654,0.26932327680349905,1.0,16.134076799665177,21.968081658391032,0.2331342845949438,-0.07458566174362646
transformer,STORE0003,SKU0023,14,943.0,0.2137420144591832,0.2965953613234857,1.0,14.397051402500697,17.669702763153666,0.2396302929685798,0.00974333147228968
transformer,STORE0003,SKU0013,14,1042.0,0.21360224908693282,0.24006487549527752,1.0,15.898110253470284,22.883173306397815,0.1953861032316624,0.19658209495031903
transformer,STORE0002,SKU0046,14,1470.0,0.21327296146730176,0.21120058869697464,1.0,22.393660954066686,28.14314810805067,0.2236963878535762,-0.14842712506145037
transformer,STORE0004,SKU0060,14,841.0,0.21231890121623254,0.2642043579198297,1.0,12.754299708775111,17.580534831259584,0.2070062010847647,0.11046965028669835
transformer,STORE0006,SKU0035,14,3647.0,0.2121241124715091,0.2113591492653908,1.0,55.258331298828125,75.23728849048122,0.20751652106696356,-0.07737668756265852
transformer,STORE0008,SKU0080,14,1359.0,0.21158945113091543,1.12320786253149,1.0,20.539290291922434,28.95005647401602,0.2655955501921688,0.04447230773431755
transformer,STORE0005,SKU0094,14,1048.0,0.21150135811958604,0.25708233223329696,1.0,15.832387379237584,21.43062468637767,0.22733692421008264,-0.06079409868662594
transformer,STORE0003,SKU0052,14,632.0,0.21139603626878956,0.23408882054426366,1.0,9.543021065848214,11.637589689071392,0.21522865961085344,0.016372632376755375
transformer,STORE0012,SKU0094,14,813.0,0.21136467101975706,0.2554256857485018,1.0,12.274248395647321,14.422047613125876,0.22271296761631937,-0.007610184973309694
transformer,STORE0004,SKU0047,14,1200.0,0.21131319681803384,0.3218720330029007,1.0,18.112559727260045,26.29767374489719,0.23517977541549087,0.07021221160888672
transformer,STORE0012,SKU0084,14,351.0,0.21125718467255944,0.2581417744299904,1.0,5.296519415719168,6.302987689175955,0.22544344273923558,0.012274152532941595
transformer,STORE0010,SKU0014,14,807.0,0.21113076381376095,0.25411328474749767,1.0,12.170180456978935,16.5980101738835,0.22508417430367605,-0.04984594957240599
transformer,STORE0010,SKU0073,14,138.0,0.21110982480256454,0.2429146775131234,1.0,2.080939701625279,2.5221879178459323,0.2153998814461425,0.01590568431909531
transformer,STORE0001,SKU0030,14,738.0,0.21094966257813824,0.22830077320657466,1.0,11.120060784476143,12.485400403081739,0.20115307852657732,0.14773193090588743
transformer,STORE0005,SKU0072,14,626.0,0.21093657984139438,0.20792035103949935,1.0,9.43187849862235,11.940275258159373,0.2176616690156384,-0.09949886456084324
transformer,STORE0007,SKU0001,14,1190.0,0.21069155781208967,0.4631762551027157,1.0,17.908782414027623,22.926651267800615,0.25762603368982173,0.034123082521582866
transformer,STORE0011,SKU0003,14,339.0,0.21065481855454346,0.2805614247550917,1.0,5.100855963570731,6.9818104029636565,0.21847890659161465,0.1190356364292381
transformer,STORE0003,SKU0053,14,403.0,0.21058377911967616,0.24820196431013333,1.0,6.061804498944964,7.432125834197568,0.2263174839750082,-0.02056320133635189
transformer,STORE0010,SKU0004,14,1388.0,0.2102790964439898,0.2535505268520137,1.0,20.84767041887556,25.028672317805025,0.22530458020337774,-0.03707814285322294
transformer,STORE0012,SKU0095,14,442.0,0.2101136419028718,0.1945747906608827,1.0,6.633587837219238,9.144761486294213,0.20439076532503986,-0.09532848634331474
transformer,STORE0002,SKU0014,14,713.0,0.21007231809982577,0.21218645442635475,1.0,10.698683057512556,13.450797294020337,0.2088178046253122,-0.05221987773793608
transformer,STORE0013,SKU0097,14,535.0,0.20983121640214297,0.23116470448309115,1.0,8.018550055367607,9.281214549975466,0.2130395125294274,0.01988086878696336
transformer,STORE0006,SKU0073,14,173.0,0.20955827746088104,0.22508208428693838,1.0,2.589541571480887,2.934219441677813,0.20996180810804294,0.02174701580422464
transformer,STORE0004,SKU0031,14,1139.0,0.2093702120358113,0.4225757582810445,1.0,17.03376225062779,21.49335482700169,0.2553971164915433,-0.02158881531565518
transformer,STORE0013,SKU0065,14,548.0,0.20925860161328838,0.23080898692129992,1.0,8.190979548863002,10.620537676461714,0.21776721858106282,-0.03784361372898964
transformer,STORE0001,SKU0097,14,1117.0,0.20925205268279293,0.21319704084215038,1.0,16.69532448904855,19.861607823290264,0.2093264879543189,-0.05057504460975968
transformer,STORE0002,SKU0020,14,645.0,0.20879700535027557,0.19409705764932186,1.0,9.619576317923409,12.01254245375102,0.21010446417788292,-0.13543706494708393
transformer,STORE0012,SKU0086,14,129.0,0.20874372378800266,0.2556310184227398,1.0,1.923424312046596,2.5823805796470616,0.20944577584461954,0.1361927949180899
transformer,STORE0011,SKU0047,14,1260.0,0.20865911453489272,0.2324443683750143,1.0,18.779320308140345,22.26384836933363,0.2167284779405785,-0.007751216585673972
transformer,STORE0003,SKU0064,14,987.0,0.20814586821056547,0.2775927650312126,1.0,14.674283708844866,18.06286680963226,0.217069321668937,0.09855773987620316
transformer,STORE0008,SKU0098,14,692.0,0.20803855058085713,0.23853043607835006,1.0,10.283048357282366,12.215510783671139,0.22265408721953425,-0.04547188598985614
transformer,STORE0001,SKU0094,14,1084.0,0.20788287764545738,0.18513795912929315,1.0,16.09607424054827,22.80317592201189,0.20637174969937172,-0.17718370022369048
transformer,STORE0008,SKU0084,14,433.0,0.2069236103436688,0.2345297356697004,1.0,6.3998516627720425,8.032677690720524,0.21571840667045813,0.01094967883949191
transformer,STORE0006,SKU0075,14,592.0,0.20681490769257416,0.24147872170417123,1.0,8.745316096714564,9.993303260310629,0.21928523695427615,-0.02381960121360986
transformer,STORE0012,SKU0025,14,456.0,0.206450060794228,0.21271029802662808,1.0,6.724373408726284,7.581457648851412,0.20152792701373357,0.021682990224737877
transformer,STORE0006,SKU0040,14,537.0,0.2064373435476861,0.2723966581509186,1.0,7.918346677507673,10.978308648705774,0.22195395846656255,-0.03711847486442694
transformer,STORE0003,SKU0068,14,530.0,0.20630966042572596,0.2118507251186486,1.0,7.81029428754534,10.099247903569903,0.2201477489579082,-0.1376879854022332
transformer,STORE0012,SKU0089,14,590.0,0.20613084566795226,0.20397437318927752,1.0,8.686942781720845,11.914074412047084,0.19968593772934953,-0.01662044848425911
transformer,STORE0010,SKU0001,14,1348.0,0.2060029570355967,0.23360466469656196,1.0,19.83514186314174,25.813046187227997,0.1973570269771617,0.1004337344749745
transformer,STORE0013,SKU0034,14,1377.0,0.20595444157752077,0.22494674669311607,1.0,20.257090432303293,24.95971144911908,0.2026073722000659,0.0812888827632109
transformer,STORE0001,SKU0076,14,455.0,0.20576942360008155,0.2407292037909802,1.0,6.687506267002651,8.554437449900547,0.20344347353661343,0.1054075890844995
transformer,STORE0011,SKU0059,14,425.0,0.20574217852424173,0.31497109886482394,1.0,6.245744705200195,9.18937889118164,0.2147556125036027,0.021178938921760117
transformer,STORE0004,SKU0012,14,1052.0,0.20515919094303262,0.23363751733756352,1.0,15.416247776576451,20.733410797528155,0.21283724995909092,-0.022387500951498655
transformer,STORE0001,SKU0038,14,1504.0,0.20488852135678556,0.3405493384248937,1.0,22.010881151471818,29.358220535038182,0.23678561267263956,0.11667154697661704
transformer,STORE0002,SKU0025,14,396.0,0.20464466557358252,0.24610067584999093,1.0,5.788520540509905,7.23464085028494,0.21000357619652618,0.047369436784224075
transformer,STORE0010,SKU0102,14,1666.0,0.2045119744675214,0.20859495586652482,1.0,24.336924961635045,35.30076568430928,0.18479881863297482,0.029143453646106862
transformer,STORE0011,SKU0088,14,400.0,0.20424538612365722,0.21007562272260336,1.0,5.835582460675921,7.933672692554456,0.19657183285082544,0.026986665725708008
transformer,STORE0012,SKU0002,14,1021.0,0.20417655623507897,0.19795590327774162,1.0,14.890304565429688,20.421535948878173,0.2135917083855904,-0.14019767170905134
transformer,STORE0009,SKU0033,14,1735.0,0.20402251141902691,0.23728634295973558,1.0,25.284218379429408,32.03151985272391,0.22106402584641094,-0.04322057278767785
transformer,STORE0012,SKU0038,14,1419.0,0.20325061886809592,0.25146754002199107,1.0,20.600902012416295,24.241340520001472,0.22512000684049033,-0.0360754764441288
transformer,STORE0007,SKU0032,14,940.0,0.2030230217791618,0.1790336830046933,1.0,13.631545748029435,24.892768565222337,0.17370283119893334,-0.07214402137918673
transformer,STORE0010,SKU0030,14,637.0,0.20294235564850194,0.27272000432819427,1.0,9.233877182006838,11.570063472786561,0.2152389116257361,0.07425669935097685
transformer,STORE0003,SKU0046,14,1266.0,0.20250860398037926,0.22267512896227956,1.0,18.312563759940012,27.944161019232773,0.19631754442677835,0.0009256215268778499
transformer,STORE0004,SKU0009,14,911.0,0.20203671000006432,0.23645086183868888,1.0,13.146817343575615,16.5157743464093,0.2003741831968597,0.12280322848507393
transformer,STORE0011,SKU0054,14,1640.0,0.20201623963146675,0.23164487101294967,1.0,23.664759499686106,28.200256230985083,0.21259931665870033,-0.0036616022993878534
transformer,STORE0008,SKU0027,14,2431.0,0.20179017293311008,0.27514796297736405,1.0,35.03942217145647,44.45140115873618,0.23394792376968992,-0.037543224238996295
transformer,STORE0004,SKU0002,14,1095.0,0.20170754210589684,0.20832314335406088,1.0,15.77641132899693,18.608835358383892,0.20305214611887087,-0.017658690012753282
transformer,STORE0007,SKU0060,14,758.0,0.20148667307831053,0.244559694864881,1.0,10.909064156668526,12.892703265199774,0.22188728821180126,-0.1004726742062531
transformer,STORE0005,SKU0048,14,1173.0,0.20141444811938872,0.25474658894160146,1.0,16.875653403145925,20.423924141195293,0.21755723107460437,0.04585018304302868
transformer,STORE0008,SKU0046,14,1773.0,0.2013828817626816,0.26074793029936777,1.0,25.503703526088177,34.50208629508816,0.22032394695153903,-0.0553177749108811
transformer,STORE0001,SKU0069,14,1641.0,0.20131123116799493,2.053078227180726,1.0,23.59655216761998,33.087319276965225,0.2755070441467172,-0.022339676154379016
transformer,STORE0009,SKU0050,14,233.0,0.20122480597107195,0.21997961409144412,1.0,3.3489556993756975,4.029111971038722,0.1914530104358329,0.14396128838666009
transformer,STORE0006,SKU0067,14,557.0,0.2010743707899988,0.24333099180006856,1.0,7.999887466430666,10.026020576345296,0.20043073768671035,0.13782173170435583
transformer,STORE0005,SKU0096,14,1530.0,0.20103353363236567,0.26180641343076944,1.0,21.970093318394248,26.488233952113415,0.22260822601042926,-0.04157423131606158
transformer,STORE0011,SKU0009,14,904.0,0.20098564688083345,0.36318725906872185,1.0,12.977930341448102,19.3896398566458,0.22780057775218146,0.14917174482767562
transformer,STORE0005,SKU0014,14,832.0,0.20075934666853684,0.23419645210233528,1.0,11.930841173444476,13.772129714569525,0.20276108654717132,0.10498374242048997
transformer,STORE0004,SKU0024,14,1022.0,0.20067309400106828,0.2006098316416179,1.0,14.649135862077985,16.71539944862171,0.2046414760816331,-0.08112126553828469
transformer,STORE0002,SKU0102,14,1430.0,0.20061164802604622,0.2646847467746015,1.0,20.491046905517578,27.246942570384885,0.23199854135491674,-0.050154684640310844
transformer,STORE0005,SKU0011,14,366.0,0.2000422972798999,0.27122843008028424,1.0,5.229677200317383,6.151576172421748,0.22435146465373976,0.07295113443676893
transformer,STORE0006,SKU0026,14,1829.0,0.19903066394236518,0.23269663246114533,1.0,26.001934596470424,32.86514672777626,0.20842005507941064,-0.00022945748188900263
transformer,STORE0004,SKU0078,14,475.0,0.1981750568590666,0.24046989052049478,1.0,6.723796572004046,8.632291051915402,0.20572133790512165,0.0559600267912212
transformer,STORE0004,SKU0005,14,1558.0,0.19800948117296563,0.24229960325349778,1.0,22.035626547677175,25.794261053409745,0.21456113185296213,0.030834197998046885
transformer,STORE0002,SKU0074,14,857.0,0.19700302515730975,0.22908174542030052,1.0,12.059399468558174,14.98853269034322,0.20747638186526612,0.013929115571385946
transformer,STORE0009,SKU0059,14,384.0,0.19668718179066977,0.2152779867038132,1.0,5.3948484148297995,6.061588813611201,0.2118460864512643,-0.07431644201278687
transformer,STORE0003,SKU0077,14,729.0,0.19666821933741105,0.2320948372472554,1.0,10.240795135498047,12.040581233842577,0.20430410056575102,0.044950351793579604
transformer,STORE0008,SKU0087,14,544.0,0.1959633055855246,0.2145470694900147,1.0,7.614574159894671,9.544935019333868,0.2019550752414431,-0.039512346772586596
transformer,STORE0013,SKU0017,14,772.0,0.19562590801654084,0.8614678878649168,1.0,10.787371499197823,16.169287633648054,0.24450644775994657,0.1451836225282343
transformer,STORE0010,SKU0069,14,1248.0,0.19551457808567926,0.2917734423967802,1.0,17.428728103637695,22.610745012111824,0.22802506034688766,0.023188435114347018
transformer,STORE0010,SKU0086,14,146.0,0.19537996265986193,0.21786209920025082,1.0,2.0375338963099887,2.356886639927126,0.19715165262022394,0.05550368844646298
transformer,STORE0009,SKU0080,14,1224.0,0.19533131169337853,0.2688056571354121,1.0,17.077537536621094,24.752992268196305,0.2032211229080118,-0.02250299890056933
transformer,STORE0008,SKU0002,14,1009.0,0.19480746281513256,0.24261597354022796,1.0,14.040052141462054,17.698682077960843,0.20315557146508206,0.09247343367698525
transformer,STORE0005,SKU0039,14,295.0,0.19354279728259066,0.2622004715867251,1.0,4.078223228454589,5.977758972232141,0.19983362995550716,0.12581817497641354
transformer,STORE0011,SKU0087,14,463.0,0.19328738185808417,0.273278492022745,1.0,6.3922898428780695,8.93094833249804,0.20518744902193767,0.1551350208389579
transformer,STORE0010,SKU0095,14,461.0,0.19319039466841362,0.288986678525947,1.0,6.361483710152762,8.730020952690055,0.21691318206359142,-0.07085790241100781
transformer,STORE0009,SKU0091,14,302.0,0.19264725186177437,0.23568268031659076,1.0,4.155676433018276,4.780964102821035,0.2113739651357589,0.004626962522797226
transformer,STORE0003,SKU0033,14,1350.0,0.19262531421802662,0.1867513070638392,1.0,18.574583871023997,26.53465444206141,0.1833507645465783,-0.027695866337528935
transformer,STORE0007,SKU0004,14,991.0,0.1925186711531715,0.2662443321174623,1.0,13.627571650913783,18.266480539731138,0.20788745583578785,0.08561015971132772
transformer,STORE0002,SKU0052,14,690.0,0.19201786207116167,0.20771590616068378,1.0,9.463737487792969,11.060806691068995,0.20002721175590224,-0.048110597029976235
transformer,STORE0001,SKU0100,14,1251.0,0.19181429148673249,0.2287316606888874,1.0,17.139977046421595,22.47600228221101,0.1938743540194765,0.02419896968167652
transformer,STORE0010,SKU0081,14,1047.0,0.1917386678934325,0.19135206816401742,1.0,14.339313234601702,17.640344885116296,0.19957021385877588,-0.07720272133434627
transformer,STORE0013,SKU0057,14,648.0,0.1914007575423629,0.221450591474365,1.0,8.859120777675084,10.610012904067549,0.19127701292198743,0.12563671889128508
transformer,STORE0008,SKU0099,14,1683.0,0.1913147063320475,0.2609406864337733,1.0,22.998760768345424,28.311700663613014,0.2190762423496934,0.05090019239673853
transformer,STORE0011,SKU0078,14,447.0,0.19121769984029816,0.22323935612742724,1.0,6.105307987758091,7.097608690840787,0.19369120554868563,0.12192639515170582
transformer,STORE0007,SKU0099,14,1133.0,0.19096800761210214,0.2501896886970932,1.0,15.45476804460798,17.979223249586795,0.20861736353469948,0.13077023969954973
transformer,STORE0005,SKU0021,14,911.0,0.1906180397477553,0.19926654092366797,1.0,12.40378815787179,14.806295003969415,0.19382587923216482,-0.011391552821472377
transformer,STORE0004,SKU0093,14,1345.0,0.19038669061483504,0.1716114507741943,1.0,18.290721348353795,24.30971806093032,0.18613482905629516,-0.11924593900659271
transformer,STORE0001,SKU0095,14,501.0,0.18991611198988742,0.2143611246405919,1.0,6.796283721923828,8.153817740972956,0.19449612344287623,-0.00931681558757485
transformer,STORE0004,SKU0055,14,228.0,0.18972361715216385,0.23929195718354995,1.0,3.089784622192383,4.247559992213335,0.19411080119801086,0.07228588639644154
transformer,STORE0011,SKU0068,14,657.0,0.18970491243824017,0.20985158419503652,1.0,8.902580533708843,11.068701917017904,0.19453345611703335,0.01746843938958155
transformer,STORE0011,SKU0046,14,1787.0,0.18966961707492477,0.25678459829203854,1.0,24.20997183663504,31.082831287110377,0.209240725472897,-0.013467712914670204
transformer,STORE0006,SKU0045,14,1420.0,0.18853166069782956,0.2107710501403817,1.0,19.122497013637,24.340089169245417,0.199582529472418,0.020621227210676166
transformer,STORE0004,SKU0040,14,515.0,0.1884178569015947,0.37133807615932574,1.0,6.931085450308663,8.438968446440725,0.2529820757983509,0.035156246296410426
transformer,STORE0002,SKU0027,14,1812.0,0.18839161180239378,0.21973766191329108,1.0,24.383257184709823,31.8038851830946,0.20344086559193394,0.003794714315048101
transformer,STORE0002,SKU0055,14,165.0,0.18833629723751183,0.8568804600840564,1.0,2.2196777888706754,3.5283400713088544,0.23673249019162362,0.02672514481977981
transformer,STORE0007,SKU0100,14,955.0,0.1882739920890768,0.22711279651147895,1.0,12.842975888933454,18.211753597949222,0.19614524716729034,-0.005026305033898471
transformer,STORE0008,SKU0013,14,1894.0,0.18827052453755078,0.22960418191386922,1.0,25.470312391008655,37.10604639589847,0.19801364492123993,0.03529636258182708
transformer,STORE0010,SKU0016,14,400.0,0.18690196990966798,0.277471107039498,1.0,5.340056283133371,7.0030497480440745,0.2148536346444397,0.022460298538208016
transformer,STORE0004,SKU0032,14,1320.0,0.18674028570001774,0.2256601272328125,1.0,17.60694122314453,21.305910687219946,0.20196497976550448,-0.015162566213896802
transformer,STORE0007,SKU0023,14,1017.0,0.18645363641699506,0.18017792230242985,1.0,13.544524874006,17.52393160517042,0.18780510906396122,-0.09856848027502187
transformer,STORE0012,SKU0032,14,1098.0,0.18539998483570982,0.1935647601057628,1.0,14.540655953543526,17.436865374206686,0.1871863527412803,-0.02212985790926685
transformer,STORE0009,SKU0078,14,492.0,0.1852984505940259,0.17454299450623348,1.0,6.511916978018625,7.679266150373679,0.19265739310507438,-0.14707067923817208
transformer,STORE0011,SKU0005,14,1749.0,0.1842042804105136,0.17924886434743897,1.0,23.01237760271345,34.404989075351146,0.18678789848405972,-0.10678791986185186
transformer,STORE0008,SKU0041,14,1837.0,0.18400525968880768,0.18572549475336975,1.0,24.144118717738554,29.76960916596345,0.1847348873161822,-0.037010965362864516
transformer,STORE0003,SKU0010,14,419.0,0.18373739292627303,0.20567825130392522,1.0,5.498997688293457,7.208565895064842,0.17975169255687695,0.07382100635610503
transformer,STORE0002,SKU0097,14,727.0,0.18288857671220823,0.20343065996744084,1.0,9.497142519269671,11.899139776889925,0.17750983747935445,0.09889046460431085
transformer,STORE0006,SKU0084,14,437.0,0.18260017848942317,0.1832553759679624,1.0,5.699734142848423,7.25089540501332,0.17876796662895883,-0.011569658187761492
transformer,STORE0006,SKU0052,14,965.0,0.18256297926828652,0.19536469201340828,1.0,12.583805356706891,16.667290022781817,0.18344220941315098,-0.027564824553968977
transformer,STORE0004,SKU0062,14,293.0,0.18250174408479766,0.19799637259120925,1.0,3.8195007869175512,4.540746177423318,0.17998737332901354,0.06618777070029194
transformer,STORE0001,SKU0098,14,731.0,0.18214388324200048,0.1949820065268006,1.0,9.51051276070731,12.131136908503047,0.1865413096229769,-0.0629584733829942
transformer,STORE0004,SKU0007,14,466.0,0.18162105625791097,0.21476652317849781,1.0,6.045386586870465,7.416518354773892,0.19311724897210822,0.02099348649446544
transformer,STORE0004,SKU0085,14,1270.0,0.18108910387895238,0.21770653656513422,1.0,16.42736870901925,19.31403160124654,0.20325367522840218,0.011401349165308194
transformer,STORE0003,SKU0100,14,1105.0,0.1810442583593308,0.17506396974726493,1.0,14.289564677647181,16.61703528045177,0.18812044175765022,-0.1286242144140183
transformer,STORE0011,SKU0040,14,548.0,0.18092311385774268,0.20003301071398902,1.0,7.081847599574499,8.949131254470844,0.18718204985188144,0.009666602977000885
transformer,STORE0007,SKU0025,14,380.0,0.18079885181627775,0.21167354878651926,1.0,4.907397406441825,5.972694538021918,0.18714558350217447,0.04113097943757708
transformer,STORE0013,SKU0102,14,928.0,0.18069499525530586,0.19636892603897632,1.0,11.977496828351702,13.722378606052466,0.18302161457182725,0.023078453951868534
transformer,STORE0002,SKU0009,14,721.0,0.18064751274542737,0.25729465991639705,1.0,9.303346906389509,12.640442820592972,0.1977176533582473,-0.009073254800867944
transformer,STORE0011,SKU0007,14,501.0,0.18042202719195397,0.2037564482081668,1.0,6.4565311159406376,10.688247045246575,0.18218462216167128,-0.02831979092961537
transformer,STORE0012,SKU0048,14,1115.0,0.17997501185122092,0.21169144631305384,1.0,14.33372415815081,19.864027581031966,0.18953640493930315,-0.06670102859291795
transformer,STORE0003,SKU0097,14,800.0,0.1798298454284668,0.18199357230158547,1.0,10.27599116734096,14.045549661377276,0.17543802903112024,-0.016389780044555664
transformer,STORE0004,SKU0057,14,1483.0,0.17919129611508555,0.19916062907446475,1.0,18.981478009905135,27.300650149834652,0.18015334372718242,-0.059790314811351566
transformer,STORE0007,SKU0081,14,810.0,0.17854336397147472,0.17925266022353933,1.0,10.330008915492467,12.809720001460061,0.18052231429743967,-0.05297770559051891
transformer,STORE0008,SKU0100,14,1462.0,0.17756564639987762,0.1905238131797601,1.0,18.542926788330078,21.400811489675373,0.18669538693443435,-0.051745992678787114
transformer,STORE0001,SKU0008,14,422.0,0.17707391711772905,0.18689963070319293,1.0,5.3375137874058325,6.919201608045975,0.17134565737862908,0.03951479473385204
transformer,STORE0007,SKU0045,14,912.0,0.17650492986043295,0.2597362589720986,1.0,11.498035430908203,15.259997701875736,0.20452431318914674,0.13900481608876014
transformer,STORE0008,SKU0006,14,1939.0,0.176481942407491,0.4891453622424636,1.0,24.4427490234375,33.75812103696878,0.22760299614552773,-0.01630919812080973
transformer,STORE0006,SKU0100,14,1293.0,0.1746943828585714,0.20322904178678242,1.0,16.134274074009486,22.213909525747724,0.17164425239818443,0.0809849195487722
transformer,STORE0001,SKU0056,14,420.0,0.1745859827314104,0.2017607615111941,1.0,5.237579481942312,6.863649539659582,0.17459165704618332,0.07336882182529997
transformer,STORE0009,SKU0087,14,419.0,0.17396158933070507,0.2117361404593269,1.0,5.206421852111816,6.296242457281593,0.18592509784271635,0.026726028515217135
transformer,STORE0011,SKU0090,14,347.0,0.17357936166548935,0.20929701834641687,1.0,4.302288464137486,5.703616221318968,0.17795911671635256,-0.0015180241477592432
transformer,STORE0007,SKU0011,14,253.0,0.17328989835595895,0.20660636322188844,1.0,3.13159602028983,4.425068393279293,0.17134927052306434,0.11242090006590834
transformer,STORE0008,SKU0020,14,909.0,0.1728479744184135,0.17218381039435518,1.0,11.22277205330985,13.945500112821264,0.17803810831531755,-0.10264341902024675
transformer,STORE0006,SKU0009,14,920.0,0.1728230393451193,0.22009399212068753,1.0,11.356942585536412,16.47020150365528,0.18110649697373363,0.053469255696172294
transformer,STORE0006,SKU0041,14,1818.0,0.1725143331899108,0.19844919359004104,1.0,22.402218409946986,27.123822610421914,0.1849066931547664,0.0036553025114523015
transformer,STORE0013,SKU0096,14,753.0,0.17243893687943534,0.2018467401706358,1.0,9.27475139072963,10.767539039374382,0.18335540850300855,0.003830199222640725
transformer,STORE0003,SKU0101,14,211.0,0.17223895104575496,0.16251239007958976,1.0,2.5958870479038785,3.581681321458965,0.1634189499116534,0.020819261740734254
transformer,STORE0005,SKU0051,14,1281.0,0.1715878762834059,0.18043552984102318,1.0,15.70029067993164,18.783715273567758,0.18015305854839386,-0.08192028727594713
transformer,STORE0010,SKU0028,14,1787.0,0.17145497343963126,0.1795745449564501,1.0,21.885002681187217,28.049856344510363,0.16678839972761203,0.020104735405937404
transformer,STORE0002,SKU0058,14,1066.0,0.17111149514146415,0.22402124734692502,1.0,13.028918130057198,19.391590464784798,0.18560312404532728,-0.018239312950263105
transformer,STORE0003,SKU0007,14,352.0,0.17032266746867783,0.1667799623510302,1.0,4.282398496355328,5.5540385789977025,0.16597172370537375,-0.008292772553183806
transformer,STORE0006,SKU0032,14,1432.0,0.17028155939539047,0.16996493603228882,1.0,17.417370932442797,21.40090885749854,0.17329341628082254,-0.040324125875973844
transformer,STORE0005,SKU0098,14,711.0,0.17008075097106848,0.18481752716869398,1.0,8.637672424316406,12.47068441682872,0.17483896181779102,-0.03748552239226221
transformer,STORE0003,SKU0001,14,1181.0,0.16924924147926482,0.17985455938927689,1.0,14.27738244192941,16.204159379833552,0.17021880449693713,0.02525005938136709
transformer,STORE0004,SKU0034,14,3135.0,0.16911833305298044,0.20249221039439552,1.0,37.87042672293526,46.76374915695484,0.17690101726455537,0.033557956336597895
transformer,STORE0007,SKU0075,14,417.0,0.16679110172555314,0.1785484640842636,1.0,4.967992101396833,5.489106632050036,0.1722572219491671,-0.017408425859410145
transformer,STORE0002,SKU0048,14,890.0,0.1665498412057255,0.1939793709938577,1.0,10.58781133379255,13.368867077327671,0.1749914233733987,0.0014367478617121744
transformer,STORE0012,SKU0015,14,171.0,0.16649081135353846,0.1842289564356716,1.0,2.033566338675363,2.7099524940338244,0.17118553446896725,-0.018985569825646482
transformer,STORE0003,SKU0073,14,120.0,0.16538197199503582,0.1596394432416537,1.0,1.4175597599574499,2.0096193300852394,0.16452417402079794,-0.0677678108215332
transformer,STORE0011,SKU0069,14,1593.0,0.16479654066680888,0.18191878210882736,1.0,18.75149209158761,23.693635505546272,0.17132565518585788,0.00922095423888205
transformer,STORE0006,SKU0005,14,1530.0,0.16422620287128523,0.2338093829377446,1.0,17.94757788521903,22.329186099250062,0.20260799670218782,0.030976673201018698
transformer,STORE0005,SKU0091,14,329.0,0.16363135804521275,0.14956833517910345,1.0,3.8453369140625,4.936803687662398,0.14394010276945254,0.054756071792185106
transformer,STORE0005,SKU0007,14,492.0,0.16332802733754723,0.1996885165294064,1.0,5.739813532148089,7.995909141436964,0.17247085471611298,-0.025130213760748112
transformer,STORE0012,SKU0085,14,1133.0,0.16270181802343922,0.17318819574829925,1.0,13.16722570146833,18.997989721256925,0.16212191148569485,-0.012637108906327561
transformer,STORE0012,SKU0075,14,499.0,0.16259735810732795,0.17921384811401414,1.0,5.795434406825474,7.546028374015203,0.17202339921263313,-0.038108558119657285
transformer,STORE0006,SKU0013,14,1958.0,0.16180816977698662,0.15193918063171002,1.0,22.630028315952842,29.6138508534987,0.1590737503301576,-0.05739727156642024
transformer,STORE0004,SKU0091,14,408.0,0.16121910132613834,0.16911646430428598,1.0,4.69838523864746,5.854829226274463,0.18337615353256181,-0.12155043845083195
transformer,STORE0005,SKU0062,14,300.0,0.16062527974446617,0.18986957985088096,1.0,3.4419702802385608,5.074891281340934,0.16693060357016112,0.02184763590494794
transformer,STORE0010,SKU0056,14,374.0,0.16014496400394543,0.18410252665606833,1.0,4.278158324105399,5.35742783689845,0.16871423438948793,0.034204080143076805
transformer,STORE0002,SKU0054,14,1097.0,0.15867955878091705,0.19115838964550141,1.0,12.433676855904716,15.737988713408424,0.16733141418782965,0.05322042028797467
transformer,STORE0007,SKU0002,14,756.0,0.1578069111657521,0.1768014980525934,1.0,8.521573202950615,10.41314754001291,0.16503947355395893,-0.003296675505461516
transformer,STORE0003,SKU0012,14,762.0,0.157702628708887,0.15422380362966445,1.0,8.583528791155134,11.14123881582814,0.1601956779638302,-0.09502331791274504
transformer,STORE0012,SKU0061,14,1301.0,0.15737420682445294,0.16240409768182834,1.0,14.624560219900948,18.00460037934821,0.15772737242604434,-0.008546968499666723
transformer,STORE0001,SKU0062,14,308.0,0.15656638455081295,0.1683475554390915,1.0,3.444460460117885,4.292761783788859,0.15936188331594578,0.028067365869299147
transformer,STORE0010,SKU0006,14,1503.0,0.1565319881071191,0.6059571895580109,1.0,16.804827008928573,28.975635762019227,0.19882275419867818,0.0872371671045929
transformer,STORE0005,SKU0027,14,2564.0,0.1547941484614951,0.18401444542554254,1.0,28.349442618233816,35.03593461296967,0.1710947240763346,0.001262771915905922
transformer,STORE0012,SKU0098,14,579.0,0.1535014743837874,0.15286642320251634,1.0,6.348382404872349,7.69159751731406,0.15428632646975404,-0.02726180977566046
transformer,STORE0003,SKU0005,14,1159.0,0.15248484442828542,0.1625565844977457,1.0,12.62356676374163,14.440706018007658,0.16035577579205823,-0.009153963472433782
transformer,STORE0009,SKU0052,14,809.0,0.15136134521333486,0.1576999169226985,1.0,8.746523448399135,11.196394506830813,0.15239147260307775,0.009620378869130976
transformer,STORE0004,SKU0097,14,1146.0,0.15050172389697863,0.1702875227637484,1.0,12.31964111328125,17.00707570977518,0.15820534615956108,-0.028924166428064998
transformer,STORE0011,SKU0004,14,1501.0,0.1493956777431582,0.1527287484910558,1.0,16.017350878034318,21.028820938662445,0.15046706155371978,-0.021795878959925172
transformer,STORE0005,SKU0064,14,1440.0,0.14906181229485405,0.18226466378522596,1.0,15.332072121756417,20.83840342539847,0.15835570975162075,0.04142154587639701
transformer,STORE0006,SKU0060,14,986.0,0.1486876450977751,0.14790534462192179,1.0,10.471858433314733,12.826015457273643,0.15086783247522945,-0.05136434930333259
transformer,STORE0010,SKU0090,14,267.0,0.1486202482873581,0.15962872348868287,1.0,2.8344004494803294,3.4323109270388117,0.14506143756734696,0.09914642505431444
transformer,STORE0012,SKU0044,14,1271.0,0.14744101463575987,0.13861122443613824,1.0,13.385537828717913,17.991353044601265,0.1455166904367712,-0.07906713718321264
transformer,STORE0003,SKU0028,14,1445.0,0.14524256300348723,0.1460669082037198,1.0,14.991107395717076,17.48108632149283,0.1462490030587955,-0.005424557590154628
transformer,STORE0008,SKU0078,14,541.0,0.14282357009633853,0.14257931146477637,1.0,5.519110815865653,6.435555739974186,0.14479881043969003,-0.047541091270235245
transformer,STORE0003,SKU0099,14,1227.0,0.14281308796703088,0.14939950835229135,1.0,12.516547066824776,14.56701728212594,0.14184993208834756,0.0337678867330761
transformer,STORE0006,SKU0064,14,1484.0,0.14203474656590873,0.15127224516937515,1.0,15.055683135986325,18.49097770699377,0.13964893495613742,0.05870212955937551
transformer,STORE0009,SKU0097,14,932.0,0.13996450890798937,0.13800185331140175,1.0,9.317637307303292,12.963308826988909,0.13288570616655987,0.030832487114509286
transformer,STORE0003,SKU0049,14,525.0,0.13680765061151415,0.1756711725353337,1.0,5.13028689793178,7.038938189148057,0.14901523558962237,0.01122627621605284
transformer,STORE0004,SKU0096,14,1579.0,0.13625452139469704,0.12785068250504314,1.0,15.367563520159043,25.47169929436496,0.13299160532940896,-0.04953949960294293
transformer,STORE0010,SKU0063,14,942.0,0.1349402142178481,0.16449530654801095,1.0,9.079548699515207,11.958892352112539,0.14472342541686903,0.015166754429001195
transformer,STORE0009,SKU0008,14,367.0,0.1336359860786625,0.153163146343587,1.0,3.503171920776367,4.837907845747627,0.13688230438941842,0.003682482145137943
transformer,STORE0012,SKU0033,14,1467.0,0.1325936606731558,0.13909215360356358,1.0,13.893921443394257,18.134254884829268,0.13266846991395956,0.03336954149325527
transformer,STORE0001,SKU0033,14,1816.0,0.12661298676209307,0.1265315854273681,1.0,16.423513139997215,21.818332617887485,0.1200606168675425,0.05133511211378458
transformer,STORE0008,SKU0083,14,1555.0,0.12227762596400221,0.12149226436701739,1.0,13.581550598144531,14.96878485075429,0.12205038015381839,-0.02295602878190309
transformer,STORE0010,SKU0055,14,213.0,0.11437773368727992,0.12629159751118368,1.0,1.740175519670759,2.240157391979076,0.12262157830256361,-0.025234849240298597
