model,store_id,sku_id,n,actual_units,wape,mape,mape_coverage,mae,rmse,smape,bias
transformer,STORE0002,SKU0015,14,102.0,0.6457588345396752,1.6019920554039409,1.0,4.704814365931919,5.596769844598569,0.5799887502391993,0.6147431766285616
transformer,STORE0007,SKU0084,14,196.0,0.5708899206044723,1.4159543564912078,1.0,7.992458888462612,9.84371522697835,0.517921384831198,0.5396211974474848
transformer,STORE0013,SKU0071,14,195.0,0.5554193545610476,1.014117841242103,1.0,7.736198152814593,9.046858208491104,0.5216044402263823,0.4020890651605068
transformer,STORE0002,SKU0063,14,529.0,0.5417682020335206,0.9929066526561893,1.0,20.471098491123744,27.107235966695768,0.45860296587980764,0.3356731321049998
transformer,STORE0005,SKU0045,14,985.0,0.540433893348965,0.8248977057202486,1.0,38.02338463919504,47.344136674698184,0.473454674795112,0.46870568754709313
transformer,STORE0010,SKU0098,14,456.0,0.535700471777665,2.0522382021945944,1.0,17.448529652186803,21.531411989464704,0.6024266099762245,0.2680787956505491
transformer,STORE0008,SKU0043,14,765.0,0.5275946124706393,4.631168345865613,1.0,28.82927703857422,37.568752123862424,0.5683892427007599,0.24317538192848753
transformer,STORE0006,SKU0063,14,749.0,0.5179024150120082,0.967514375387611,1.0,27.70777920314244,37.35422122553731,0.4696142205115099,0.2976080788789349
transformer,STORE0002,SKU0086,14,104.0,0.5149925305293157,0.9053192418655491,1.0,3.8256587982177734,4.554437783603776,0.5068103456831462,0.2129035729628343
transformer,STORE0011,SKU0023,14,964.0,0.5106292977867285,1.0472076409714304,1.0,35.160474504743306,45.84994493489446,0.49567157987355825,0.24580403877986418
transformer,STORE0007,SKU0101,14,165.0,0.5029349818374171,2.0679934797698403,1.0,5.927448000226702,7.504287691301371,0.560709330997713,0.3122437217018821
transformer,STORE0011,SKU0015,14,141.0,0.5026601426144863,1.559931299084886,1.0,5.062505722045898,6.2698064487138225,0.4977666290590215,0.448838768275917
transformer,STORE0009,SKU0069,14,1072.0,0.49638837842798944,0.6063011701417024,1.0,38.00916726248605,48.21971780025782,0.42879224502892893,0.2082653045654297
transformer,STORE0013,SKU0002,14,399.0,0.4928310843637414,1.0792507131883273,1.0,14.04568590436663,16.680566383887776,0.48665315172989304,0.33259087278131855
transformer,STORE0005,SKU0073,14,127.0,0.49156924871009167,0.5833400641208564,0.9285714285714286,4.459235327584403,5.88615810233516,0.4904384490547563,0.41125124833715243
transformer,STORE0005,SKU0084,14,296.0,0.4860581578435125,1.3136478447276587,1.0,10.276658194405693,12.609549183985308,0.49956720126039567,0.3678224537823651
transformer,STORE0006,SKU0095,14,373.0,0.48535237043856294,1.2901012104909881,1.0,12.931173869541713,15.159109698361412,0.5030742668729479,0.26438473248929184
transformer,STORE0013,SKU0025,14,206.0,0.47893051962250643,0.8539346950721346,1.0,7.04712050301688,8.543955665032522,0.4540887489463583,0.40678007625839085
transformer,STORE0001,SKU0019,14,244.0,0.4784892269822418,0.5444656940543994,0.9285714285714286,8.339383670261928,10.804573833830352,0.4977674357036882,0.29488231314987434
transformer,STORE0001,SKU0024,14,665.0,0.47349614308292703,1.9143363171646388,1.0,22.491066796439036,27.65973653657094,0.5035237574628619,0.3025415463555128
transformer,STORE0002,SKU0066,14,253.0,0.4698000519643188,2.7771011873590425,1.0,8.489958081926618,11.46835744537078,0.5075473094419215,0.43803170547183795
transformer,STORE0007,SKU0097,14,650.0,0.4676971259483924,5.1812231102384985,1.0,21.714509419032506,27.595327547505672,0.5106338695579541,0.19712681110088642
transformer,STORE0003,SKU0086,14,117.0,0.46565931271284056,0.9061147786049343,1.0,3.8915813991001675,4.891902543465859,0.4874181344550032,-0.03343441955044738
transformer,STORE0005,SKU0013,14,1453.0,0.4638492350568463,1.9839078063238424,1.0,48.14092418125698,67.47871263998061,0.4991079189613731,0.16046850909386023
transformer,STORE0005,SKU0019,14,248.0,0.4611899545115809,1.2335100557668812,1.0,8.169650622776576,10.98954474344926,0.4643850068240794,0.2892390604942075
transformer,STORE0011,SKU0098,14,576.0,0.45747079451878864,1.9607385704737967,1.0,18.821655545915878,23.6643445839272,0.47945384071336733,0.16721156570646498
transformer,STORE0007,SKU0080,14,717.0,0.4573166021243299,0.6739021750275515,0.9285714285714286,23.42114312308175,30.647764590763252,0.5091634021650796,0.2678211696310855
transformer,STORE0011,SKU0055,14,192.0,0.4569200873374939,0.6157793684851726,0.8571428571428571,6.266332626342773,7.990151032486371,0.5675363685812175,0.19907373189926147
transformer,STORE0004,SKU0076,14,386.0,0.4511476625432622,0.6324513906788568,1.0,12.438785552978516,14.16554880480512,0.4346298722544565,0.2897493233952498
transformer,STORE0003,SKU0060,14,634.0,0.450990021040763,0.8088896768700938,1.0,20.423405238560267,23.97510329695038,0.48278109111536127,0.06992817827579728
transformer,STORE0009,SKU0032,14,997.0,0.4509013184573251,2.1344943273759447,1.0,32.11061532156808,48.264479119019555,0.5031051509307314,0.18499458948133463
transformer,STORE0003,SKU0031,14,713.0,0.4504478261982408,0.5901000891378131,1.0,22.940664291381836,28.5550018289112,0.4291541449175084,0.0949622230476283
transformer,STORE0013,SKU0003,14,142.0,0.44841234448929906,0.7875448109906813,0.9285714285714286,4.548182351248605,6.051255042669809,0.47805799360763673,0.37478358309033893
transformer,STORE0008,SKU0047,14,1012.0,0.4445471857847432,0.5788631410004147,1.0,32.1344108581543,36.16590476868582,0.40777817573816433,0.3276135365482375
transformer,STORE0006,SKU0046,14,1571.0,0.44337015619405434,0.765116814918786,1.0,49.7524653843471,61.17346336285174,0.4570441567990393,0.17239483809638073
transformer,STORE0008,SKU0007,14,374.0,0.4432344181652375,2.6724282997263527,1.0,11.840690885271345,14.057692454252264,0.4912202280877507,0.21239405137332365
transformer,STORE0006,SKU0034,14,2432.0,0.44130611419677734,0.9413374356301778,1.0,76.66117640904018,93.12839477988433,0.4506769663913115,0.09653907073171514
transformer,STORE0009,SKU0010,14,379.0,0.4393871377829197,0.7839805557420663,1.0,11.894837515694755,14.045469641266388,0.41535069681608167,0.3714657987327878
transformer,STORE0002,SKU0062,14,188.0,0.4391854874631192,1.5785939176146047,1.0,5.8976336887904575,7.530607147162032,0.4700880080924526,0.18336819587869846
transformer,STORE0002,SKU0087,14,272.0,0.4387841084424188,0.8026597883813907,1.0,8.524948392595565,10.667703082532665,0.4286434522064958,0.37440173766192275
transformer,STORE0001,SKU0092,14,1319.0,0.4374112699680748,0.7195468655530834,0.9285714285714286,41.21039036342076,51.14658119498304,0.5045683181634166,0.11732657593791461
transformer,STORE0009,SKU0016,14,347.0,0.4321368654454476,1.3520661250958383,1.0,10.710820879255023,13.946848209189216,0.4566340577105838,0.1381773715060451
transformer,STORE0007,SKU0055,14,138.0,0.4283603723498358,0.8632093368167817,1.0,4.222409384591239,5.270348391345128,0.4310218002401414,0.30313099294468976
transformer,STORE0001,SKU0020,14,665.0,0.42706284487157836,0.9666135932662276,1.0,20.285485131399973,23.91971726228826,0.4477266600949689,0.17360711922322897
transformer,STORE0007,SKU0066,14,279.0,0.42532231047162017,0.7778425129347684,1.0,8.476066044398717,10.067233313893913,0.43596199468146224,0.3035293633792563
transformer,STORE0012,SKU0091,14,223.0,0.4240418421313367,0.6237222786104244,1.0,6.7543807710920065,7.705247124501809,0.42337590750732446,0.2751113566582513
transformer,STORE0008,SKU0029,14,460.0,0.42306097279424254,1.245561828987565,1.0,13.900574820382255,17.614421013978976,0.4600589747004538,0.2486740444017493
transformer,STORE0007,SKU0043,14,512.0,0.42172548174858093,0.794794203495753,1.0,15.423103332519531,20.945085403438206,0.4047745312485919,0.29567378759384155
transformer,STORE0009,SKU0099,14,1318.0,0.42112406034570904,0.8713973986484733,1.0,39.64582225254604,47.22055067250413,0.4858091389878723,0.09573595223549827
transformer,STORE0010,SKU0076,14,354.0,0.42029745026496845,1.6604813264137588,1.0,10.627521242414202,13.462218977143623,0.4498316054147842,0.17837011477368023
transformer,STORE0005,SKU0041,14,1350.0,0.41955320005063657,0.749554265620399,1.0,40.45691571916853,57.500059544480806,0.3733046555679763,0.3357697663483796
transformer,STORE0001,SKU0016,14,404.0,0.41930662759459847,0.8420643533814126,1.0,12.099991253444127,14.329830116482745,0.46981472487417253,0.13671349534893984
transformer,STORE0002,SKU0023,14,801.0,0.41800921150807585,0.6058332132373206,1.0,23.91609845842634,30.333483330790685,0.41288929077736086,0.06661908248539425
transformer,STORE0002,SKU0016,14,271.0,0.4167674441179226,1.9402169698935554,1.0,8.06742695399693,10.24661645562041,0.43655093017915314,0.23496329388495302
transformer,STORE0007,SKU0049,14,502.0,0.41517044918470647,0.5458775354123369,1.0,14.88682610648019,16.066325293977794,0.42189755089009273,0.10249948691561878
transformer,STORE0002,SKU0026,14,1008.0,0.41380244209652856,3.9503913323274067,1.0,29.793775830950057,38.17760420660189,0.4285594591327485,0.3054630718533955
transformer,STORE0007,SKU0090,14,218.0,0.41326706562567195,1.1651422149069426,1.0,6.435158593314035,8.086283237426676,0.44436219747662287,0.16974186678545192
transformer,STORE0008,SKU0059,14,364.0,0.40981096749777324,0.38438487121434617,0.9285714285714286,10.655085154942103,12.49889225550872,0.4617521962714338,0.05920571547288161
transformer,STORE0010,SKU0100,14,1076.0,0.4077638037585858,0.7070562312610199,1.0,31.339560917445592,37.76093767340072,0.4442308548472722,0.04087607656712869
transformer,STORE0011,SKU0035,14,2625.0,0.40682384091331847,0.8425502950070923,1.0,76.27947017124721,90.35827870561148,0.4569262339498268,0.09078494117373513
transformer,STORE0002,SKU0017,14,1063.0,0.40469679738257364,1.37010120273503,1.0,30.728049686976842,37.12038329995271,0.46162841830016565,0.0600690079094213
transformer,STORE0007,SKU0061,14,794.0,0.40380498083772826,0.9504647856978587,1.0,22.90151105608259,29.50422945946511,0.43165872924416926,0.30124214614368505
transformer,STORE0006,SKU0081,14,946.0,0.40339513863367965,0.6143611276130267,1.0,27.25798579624721,33.57220948174921,0.40902186802372315,0.14172953631862778
transformer,STORE0011,SKU0026,14,1462.0,0.40284373104653837,1.1923078516530896,1.0,42.06839534214565,51.35372878932431,0.4168991707728376,0.2495332083852118
transformer,STORE0011,SKU0039,14,264.0,0.4027774261705803,1.6134873211199963,1.0,7.595231464930943,8.730582992662795,0.467052788988323,-0.010097286917946528
transformer,STORE0004,SKU0051,14,970.0,0.4024846814342381,1.3666910951033524,1.0,27.886438642229354,36.8707846156058,0.47089018901134627,0.11253106815298808
transformer,STORE0009,SKU0003,14,237.0,0.40147477162035206,0.9778338861993975,1.0,6.796394348144531,8.655598901658992,0.4248728108696061,0.2457040392396823
transformer,STORE0013,SKU0049,14,298.0,0.40081897838003683,0.7162779878206557,1.0,8.531718254089355,10.378912334625472,0.39306500755243823,0.3415349217869292
transformer,STORE0007,SKU0048,14,761.0,0.40069590103610586,0.8636881508603066,1.0,21.780684334891184,25.729261483874247,0.4224705527530758,0.20884265473575064
transformer,STORE0003,SKU0050,14,170.0,0.39710213156307445,0.7890349935798177,1.0,4.821954454694476,5.899914479955757,0.4342088018413505,0.1871558245490579
transformer,STORE0001,SKU0058,14,1284.0,0.39595632463972147,1.346769262400409,1.0,36.314851488385884,45.83481412231467,0.47726367512964635,0.14191268611919838
transformer,STORE0013,SKU0028,14,879.0,0.39539567168390927,6.465438270218273,1.0,24.825199672154017,34.026179299605545,0.4544433895408538,0.2463773655810047
transformer,STORE0009,SKU0057,14,986.0,0.3953326304592419,0.9352039514079675,0.9285714285714286,27.84271240234375,36.85311471878209,0.4663227203057857,0.18320590438997528
transformer,STORE0008,SKU0035,14,2593.0,0.39321629310546125,1.9945836665953993,1.0,72.82927485874721,85.46143989746817,0.4361888935493203,0.0787818458518879
transformer,STORE0013,SKU0006,14,938.0,0.3928200207285281,0.5390685372624396,1.0,26.318941388811385,33.71141508931444,0.4078923202040616,-0.004284824135461079
transformer,STORE0005,SKU0086,14,135.0,0.3917994181315104,0.4860705900673914,0.9285714285714286,3.7780658176967075,5.057749820394105,0.43674155620187965,0.250236737286603
transformer,STORE0006,SKU0017,14,1393.0,0.3915190960294637,1.6588865789194267,1.0,38.95615005493164,48.9535915857336,0.4441750525925328,0.18668673283233972
transformer,STORE0007,SKU0015,14,121.0,0.3906829140403054,1.0761785680204292,1.0,3.3766166142054965,4.140946601962816,0.38822272689704285,0.33748037164861505
transformer,STORE0005,SKU0075,14,553.0,0.39065073023652946,0.3803540844401644,0.9285714285714286,15.430703844342913,18.01118236512445,0.4666337024589775,-0.03203066779303939
transformer,STORE0006,SKU0053,14,441.0,0.39043074454309723,0.6809088285929702,1.0,12.298568453107563,15.393378277482388,0.40571956653470304,0.15069286839491663
transformer,STORE0011,SKU0033,14,1477.0,0.3894439831567763,1.4132965259701042,1.0,41.0863402230399,50.526836912397556,0.39974724967425407,0.2494493973925054
transformer,STORE0007,SKU0036,14,496.0,0.3892632992036881,0.9683025690259797,1.0,13.791042600359235,17.573800437931403,0.43422230875429096,0.2269533295785227
transformer,STORE0011,SKU0100,14,1173.0,0.38802712286829644,0.5017497912113088,1.0,32.511129651750835,35.98863120390669,0.3900625021852204,0.11363262491966046
transformer,STORE0010,SKU0036,14,589.0,0.38685828113393994,0.6079016115367631,1.0,16.275680541992188,18.440562904542148,0.4091286763268929,0.19109537484083192
transformer,STORE0006,SKU0033,14,1674.0,0.38581215551961995,0.7433396229343697,1.0,46.132110595703125,57.70783255028598,0.4069812780632781,0.11699405793220766
transformer,STORE0012,SKU0062,14,192.0,0.3851207693417867,0.8917963353281863,1.0,5.281656265258789,6.528296422791031,0.39402708880351456,0.2816598614056905
transformer,STORE0013,SKU0068,14,381.0,0.384415243554303,0.5349232023379247,1.0,10.461586271013532,13.03533044258623,0.4001296580807279,0.01353155221213195
transformer,STORE0009,SKU0019,14,230.0,0.383855446525242,0.7160428285873414,1.0,6.3061966214861185,7.363778683173868,0.44017463760809095,0.18372314287268593
transformer,STORE0007,SKU0027,14,1769.0,0.3831316407216074,1.4805559399614123,1.0,48.41141945975168,57.41440459448386,0.4524512743160129,-0.007387065294437206
transformer,STORE0009,SKU0058,14,1123.0,0.3830880821547334,2.829271368908054,1.0,30.729136875697545,40.51739539711801,0.4404035647946732,0.12918132941635824
transformer,STORE0006,SKU0076,14,378.0,0.382430666968936,0.6896931489852546,1.0,10.325628008161273,13.53258864182717,0.3795900457774553,0.31749636534029846
transformer,STORE0002,SKU0038,14,1030.0,0.3822928641606303,0.6787530286428084,1.0,28.125832148960658,33.26553374403301,0.40156756258593473,0.14061645952243249
transformer,STORE0011,SKU0020,14,659.0,0.38228522663955805,0.9329596122402856,1.0,17.99471173967634,22.78102311368536,0.41418653878598116,0.14984519854301026
transformer,STORE0007,SKU0050,14,161.0,0.3822333294412364,0.5547141538138292,1.0,4.395683288574219,5.28865788897773,0.35811542889833625,0.3089854554359957
transformer,STORE0002,SKU0084,14,259.0,0.38193081888913194,0.7503539047058687,1.0,7.065720149448941,8.836148470325956,0.4217226303275961,0.17417409889486304
transformer,STORE0006,SKU0056,14,379.0,0.3816603305786455,1.4157929049512137,1.0,10.332090377807617,14.904512154627806,0.42507004270409615,0.04883739501631041
transformer,STORE0010,SKU0017,14,1321.0,0.38126803563455125,0.6924715039107764,1.0,35.97536250523159,50.22140566171293,0.3807532617838282,0.06083328050704366
transformer,STORE0002,SKU0031,14,646.0,0.3811773176163712,1.307925126549809,1.0,17.5886105128697,22.738901382245515,0.4471992626780098,0.24058057944471992
transformer,STORE0001,SKU0026,14,1585.0,0.3804000228737431,0.641772330281983,1.0,43.066716875348774,50.52859643566911,0.4038897901169259,0.1636222093263259
transformer,STORE0007,SKU0039,14,183.0,0.3795254816774462,1.6663760194609534,1.0,4.960940224783761,6.463459788350812,0.4475254951766418,0.14612641881723873
transformer,STORE0013,SKU0026,14,724.0,0.37907274783645545,0.46277868564141794,0.9285714285714286,19.60347638811384,26.92611090710005,0.41361684189606673,0.2839070736373986
transformer,STORE0003,SKU0008,14,243.0,0.37880160484784914,0.5949824396703842,1.0,6.574913569859096,7.5183937018402505,0.4012985960520684,0.12888838528605642
transformer,STORE0006,SKU0098,14,581.0,0.3780782177608313,1.2807048166742123,1.0,15.690246037074498,20.63830757285286,0.43215497711273765,0.18759501944720847
transformer,STORE0004,SKU0068,14,562.0,0.3770107052080148,0.4946038424048009,1.0,15.134286880493164,18.612994281673075,0.3538686339226709,0.2860063369588071
transformer,STORE0006,SKU0071,14,423.0,0.37530538319977746,0.570374233774716,1.0,11.339584078107562,13.398077039749898,0.3765992461581627,0.20534961781603225
transformer,STORE0012,SKU0043,14,719.0,0.37465582835657707,0.3963205246679786,1.0,19.241252899169922,21.493130781875113,0.35634909211823723,0.07557883017252147
transformer,STORE0003,SKU0055,14,145.0,0.3722558646366514,0.7969477681196393,1.0,3.8555071694510326,4.872824571111278,0.40854103468544967,0.17634443085769128
transformer,STORE0011,SKU0058,14,1296.0,0.37149302164713544,0.8161214830408188,1.0,34.389639718191965,41.89308420946829,0.3936028511554808,0.11303017463213132
transformer,STORE0013,SKU0076,14,226.0,0.36980244121720307,0.8196621643960355,1.0,5.969667979649135,7.346345648375578,0.3976960247980081,0.20053196797328712
transformer,STORE0005,SKU0060,14,923.0,0.3693014126299262,0.47232739129579265,1.0,24.34751456124442,29.364324193776877,0.3790978725554434,0.030425893136765303
transformer,STORE0012,SKU0013,14,1554.0,0.3687289862712531,2.9486452849231175,1.0,40.9289174761091,47.64383459834446,0.4674097986681513,-0.06936527188373502
transformer,STORE0005,SKU0020,14,625.0,0.3685651184082031,0.5854325258056539,1.0,16.453799928937638,20.432178744042343,0.3692287804283311,0.26139653930664064
transformer,STORE0005,SKU0016,14,417.0,0.3684704366633646,0.5611502749719854,1.0,10.97515514918736,14.240130119097456,0.3767563561302375,0.12337097790029697
transformer,STORE0008,SKU0031,14,917.0,0.36770537531362885,0.960638271232334,1.0,24.08470208304269,32.23429150916236,0.41457064071287003,0.20825206128435542
transformer,STORE0005,SKU0101,14,261.0,0.3671351757999581,1.178249226281691,1.0,6.844448634556362,9.007607987703334,0.4374473438425687,0.08809702789189715
transformer,STORE0009,SKU0022,14,1233.0,0.36679659407987697,0.8157983042203505,1.0,32.304300035749165,39.50639361137403,0.40930654641930475,0.06189258757975656
transformer,STORE0009,SKU0023,14,991.0,0.3666662414427602,0.42402578480183467,1.0,25.954731804983957,32.06363650215741,0.34803644189395794,0.062420838295390926
transformer,STORE0001,SKU0065,14,1009.0,0.366636365090891,0.7514177434672176,1.0,26.424006598336355,36.54959440558675,0.38298142401804386,0.033932200980966214
transformer,STORE0009,SKU0012,14,729.0,0.3659197070798102,1.1140379249155454,1.0,19.053961890084402,25.18598805920242,0.424970030447593,0.1555803557972849
transformer,STORE0012,SKU0053,14,428.0,0.3656436126922893,0.45088761480079625,1.0,11.178247588021415,12.303504919727452,0.37214354470864625,0.01607488917413159
transformer,STORE0005,SKU0006,14,2295.0,0.3649907297038824,0.3814557618483457,1.0,59.8324089050293,70.72270771343725,0.3795354643509871,-0.17050873999502142
transformer,STORE0003,SKU0070,14,996.0,0.36382979274274835,0.44585227745273104,0.9285714285714286,25.88389096941267,32.675022790107604,0.43245324802969104,0.15433564243546452
transformer,STORE0007,SKU0067,14,400.0,0.3630807399749756,0.5253285268854943,1.0,10.373735427856445,12.089483333771458,0.3661803219520366,0.17342613220214845
transformer,STORE0001,SKU0055,14,207.0,0.36296748654278005,0.3418650556065067,0.9285714285714286,5.366733551025391,6.661088469171577,0.41110497238421845,0.1379901683272947
transformer,STORE0001,SKU0043,14,718.0,0.3620419834317603,0.4493197322343622,1.0,18.567581721714564,28.588559088491536,0.298001750654727,0.28896737696400593
transformer,STORE0008,SKU0051,14,1030.0,0.361783947990936,1.2666248505473494,1.0,26.616961887904576,34.42550281263629,0.4238565751280579,0.0320916036957676
transformer,STORE0012,SKU0060,14,689.0,0.361240104597781,1.1658179525450436,1.0,17.77817371913365,23.935923709944348,0.40201930946477754,0.18564415254855882
transformer,STORE0001,SKU0066,14,429.0,0.35995197073840873,0.8785141200537296,1.0,11.029956817626953,13.489932361937994,0.3997605042784808,0.10728115802044635
transformer,STORE0006,SKU0048,14,1136.0,0.35902355758237164,0.5223473673626955,1.0,29.13219724382673,33.087192919319904,0.3733215773762152,0.14730607287984498
transformer,STORE0001,SKU0086,14,177.0,0.3581379820398018,0.41635037042225725,1.0,4.527887344360352,6.599855511203283,0.3470781642709701,-0.07262125392418124
transformer,STORE0007,SKU0034,14,1854.0,0.3579958902336376,0.4651421533081567,1.0,47.40888432094029,55.94714166595805,0.3570598151411223,0.09306329688079402
transformer,STORE0011,SKU0067,14,553.0,0.3579297402021467,0.6867843152579439,1.0,14.138224737984794,17.401016886850623,0.38564251170719555,0.1375406620515406
transformer,STORE0010,SKU0097,14,883.0,0.35786498902473146,0.7986241738492558,1.0,22.57105609348842,26.489724865806693,0.41210586404837407,0.039760987053911116
transformer,STORE0001,SKU0059,14,390.0,0.35771070138002053,0.5225117666917597,1.0,9.964798109872001,11.333938041430129,0.3925558922807146,-0.02120880224765878
transformer,STORE0006,SKU0091,14,294.0,0.3573679307691094,0.5285818192597466,1.0,7.504726546151297,9.644743812813854,0.3596388124117544,0.12984929117215732
transformer,STORE0003,SKU0044,14,1028.0,0.3567788461766818,0.5107808886233298,1.0,26.19776099068778,29.646212134157324,0.37593053235049273,0.050284263224917164
transformer,STORE0002,SKU0090,14,207.0,0.35611225441458144,1.5433246694298677,1.0,5.265374047415597,6.852578031089722,0.37545551027643675,0.24467208420020944
transformer,STORE0009,SKU0082,14,680.0,0.35603701647590186,1.1886343534423365,1.0,17.293226514543807,22.932327445479803,0.40112465531463376,0.1833422155941234
transformer,STORE0006,SKU0031,14,943.0,0.3559900569005584,0.5375738095477643,1.0,23.978473118373326,30.67959826997532,0.35619163070998944,0.2561385477335051
transformer,STORE0010,SKU0079,14,989.0,0.35587922531143357,0.4919497945421201,1.0,25.14032527378627,27.428851193169233,0.3631714015350143,0.08450115269428558
transformer,STORE0004,SKU0028,14,1815.0,0.3534321430300878,0.773002385544028,1.0,45.81995282854353,55.415668433011476,0.3984933380913735,0.14233339588175792
transformer,STORE0010,SKU0034,14,2551.0,0.3532501005369371,0.4195760461885426,1.0,64.36721474783761,88.42518097438798,0.361466891167813,-0.08154256798995799
transformer,STORE0002,SKU0099,14,1098.0,0.353217918799006,0.8871226381396852,1.0,27.702376774379186,42.32344158806293,0.3432639731297012,0.07446206375983677
transformer,STORE0006,SKU0012,14,852.0,0.353121967942502,0.8176632670517522,1.0,21.489994049072266,26.43974141578526,0.40808932366537487,0.14758003485594556
transformer,STORE0009,SKU0015,14,147.0,0.35302389235723586,1.2023743930874755,1.0,3.7067508697509766,4.942201767171229,0.39439140575805365,0.22059561281788106
transformer,STORE0001,SKU0035,14,3090.0,0.35265847116612314,0.6761431712461375,1.0,77.8367625645229,103.50758005378617,0.386778611184011,-0.08235983740550419
transformer,STORE0009,SKU0070,14,1061.0,0.3514410696649866,0.9698376145766383,1.0,26.634212493896484,37.30078855356208,0.3699620495924024,0.3121882446749271
transformer,STORE0009,SKU0045,14,1026.0,0.3509150350767734,0.9029899390192034,1.0,25.717058999197825,30.244939512750484,0.3876270228714774,0.2267790008009526
transformer,STORE0004,SKU0014,14,812.0,0.35089627157878406,1.8930791384617713,1.0,20.351983751569474,26.242869328169615,0.3798390780319348,0.09036990574428014
transformer,STORE0009,SKU0093,14,889.0,0.34912183180166445,0.5206792184336166,1.0,22.16923631940569,25.823140886119738,0.3686155586087132,0.09698611625268033
transformer,STORE0007,SKU0016,14,360.0,0.3478873994615343,0.2870616780291814,0.9285714285714286,8.94567598615374,13.769792597970437,0.3966480487354126,-0.06198652055528424
transformer,STORE0004,SKU0048,14,1242.0,0.3478615617982431,0.6294223853348573,1.0,30.860289982387,38.97131721862531,0.3849523602924513,0.020318275488517133
transformer,STORE0012,SKU0022,14,1162.0,0.3476747653980879,0.6428284337093814,1.0,28.857005528041295,36.454111474129284,0.3774688748198825,0.13223610646548248
transformer,STORE0011,SKU0024,14,794.0,0.3476027673678074,0.6841331119424678,1.0,19.71404266357422,24.467936364908613,0.37791020229695443,0.0765172348214637
transformer,STORE0009,SKU0002,14,848.0,0.3472490445622858,0.4961047026837421,1.0,21.03337069920131,26.148539776220314,0.35568429476199287,0.028845701577528467
transformer,STORE0001,SKU0037,14,1531.0,0.34724170129179255,0.5943806724433766,1.0,37.97336033412388,47.862306811541806,0.3600909769397971,0.17644207217504898
transformer,STORE0002,SKU0043,14,546.0,0.3466112954275949,0.41555168718656027,1.0,13.5178405216762,15.321064083541485,0.33042676543714944,0.21467068431141612
transformer,STORE0010,SKU0020,14,601.0,0.3464586699068447,0.581960607582824,0.9285714285714286,14.872975758143834,19.059046254314353,0.4354828708831723,0.11067284125456596
transformer,STORE0008,SKU0101,14,243.0,0.3454136004663789,0.927726701621404,1.0,5.995393208095005,7.6156558566072725,0.38089754517190244,0.1508892514578109
transformer,STORE0006,SKU0039,14,251.0,0.3453364429245907,0.9813739033048151,1.0,6.191389083862305,7.701309275122879,0.3817373115381032,0.09036660669334379
transformer,STORE0010,SKU0092,14,1253.0,0.34509045965464136,0.5674559278687382,1.0,30.885596139090403,36.87387392781143,0.3733401717255455,-0.0067633943184794
transformer,STORE0008,SKU0025,14,468.0,0.3450835708878998,0.65471861413984,1.0,11.53565079825265,14.155470773414766,0.36737992103195916,0.19317066975128958
transformer,STORE0012,SKU0097,14,907.0,0.344530221251432,0.7324060336278274,1.0,22.3206364767892,26.62553054451921,0.39952467779937845,0.018539668443841726
transformer,STORE0011,SKU0025,14,459.0,0.34436686729813454,1.4827408902664687,1.0,11.290313720703125,13.803236603887967,0.3812839075748567,0.15480407182946965
transformer,STORE0003,SKU0096,14,947.0,0.3440488031824388,1.9766412806251985,1.0,23.272444043840682,29.31549698196823,0.37358583079541197,0.09666529074389932
transformer,STORE0006,SKU0058,14,1505.0,0.3436793989517364,0.36429190996165006,0.9285714285714286,36.945535387311665,48.03070881339447,0.41988265232738037,-0.03831603091420526
transformer,STORE0008,SKU0056,14,385.0,0.3436279693207183,0.4492518777672343,1.0,9.449769156319755,14.56622671176946,0.3128338046434232,0.04005233962814529
transformer,STORE0002,SKU0073,14,114.0,0.3430515757778235,0.38429832945896364,1.0,2.7934199741908485,3.1653426486440357,0.31504282329156613,0.203107800400048
transformer,STORE0010,SKU0089,14,507.0,0.3425142487595538,1.384320896439302,1.0,12.403908865792411,17.940958697247492,0.4107943718459594,0.2027277147041035
transformer,STORE0013,SKU0099,14,747.0,0.34148548948397756,0.6275289500750304,1.0,18.220690046037948,21.38123417838937,0.3866054151423784,0.1536274901036437
transformer,STORE0011,SKU0043,14,803.0,0.3411516115941562,0.878573068388788,1.0,19.56748172215053,24.97120299881049,0.40347442741030964,0.1336917568411061
transformer,STORE0001,SKU0061,14,1251.0,0.34113842958836055,0.5288528665231488,1.0,30.483155386788503,37.871126072332416,0.34639075483933174,0.17526887913497327
transformer,STORE0001,SKU0101,14,287.0,0.34103534445945394,0.5197322183280519,1.0,6.9912245614188055,8.103725442295692,0.37246784562384044,-0.015499394114424542
transformer,STORE0003,SKU0088,14,242.0,0.34083399496787836,0.9678619094274765,0.9285714285714286,5.8915590558733255,8.732306060999557,0.43997793375316074,0.18203779488555655
transformer,STORE0003,SKU0015,14,118.0,0.3404877226231462,0.38406146480507736,1.0,2.8698250906808034,3.1687948234066003,0.3083380292345931,0.3008495266154661
transformer,STORE0003,SKU0041,14,1210.0,0.3402880581942472,0.4626030466225849,1.0,29.41061074393136,40.22628465375024,0.35144471678650036,0.09187456871852402
transformer,STORE0011,SKU0062,14,249.0,0.3398485451817034,0.611047043588638,1.0,6.044449125017438,7.219047861996807,0.36534529443878133,0.13499970033944372
transformer,STORE0010,SKU0015,14,141.0,0.33966873385382035,0.529239210888058,1.0,3.4209493909563338,4.285769024580737,0.34838020374999923,0.23708860248538619
transformer,STORE0001,SKU0015,14,160.0,0.33919568061828614,0.5238086443392987,1.0,3.8765220642089844,4.84829396782532,0.33677254428081416,0.31125969886779786
transformer,STORE0008,SKU0090,14,344.0,0.338617812755496,0.39483552185737253,1.0,8.320323399135045,9.554541455471362,0.3477782346408344,-0.03417882253957352
transformer,STORE0002,SKU0019,14,198.0,0.338297988429214,0.4855347210099235,1.0,4.7845001220703125,5.548217800215068,0.3587794574639571,0.14961558640605274
transformer,STORE0001,SKU0081,14,1013.0,0.3379783969287929,1.2335332834631605,1.0,24.4551511492048,31.05609625899334,0.3679864801817159,0.07217054753054047
transformer,STORE0006,SKU0038,14,1642.0,0.33789471848147506,0.4486341496423839,1.0,39.630223410470144,45.410957458842546,0.35996574319713026,-0.010228021136154954
transformer,STORE0003,SKU0021,14,560.0,0.3374134676797049,1.1935929663753515,1.0,13.496538707188197,17.31095512016763,0.3829585458103442,0.07115949222019742
transformer,STORE0007,SKU0086,14,129.0,0.33679882315702214,0.36351210333194406,1.0,3.10336058480399,4.116106854764857,0.32550790439898514,-0.02107868638149529
transformer,STORE0007,SKU0018,14,935.0,0.3365538979596633,0.4371968228595888,1.0,22.476992470877512,24.66088367269747,0.3532184183825704,0.026952578294723428
transformer,STORE0010,SKU0048,14,882.0,0.33640157825011513,1.0858815492915406,1.0,21.193299429757253,28.179834942543042,0.38546255296426857,0.23984833801684735
transformer,STORE0001,SKU0051,14,924.0,0.3363545157692649,0.95466861721074,1.0,22.199398040771484,26.712258802571803,0.3701144179303039,0.1551019825460591
transformer,STORE0003,SKU0026,14,1101.0,0.33586024978180345,0.5160986568683905,1.0,26.413009643554688,31.537849567353767,0.34898367473628644,0.20648168413125856
transformer,STORE0006,SKU0102,14,1498.0,0.3356888316502082,0.5194893393241677,1.0,35.91870498657227,44.45548515708603,0.33695440188358866,0.2491876935767872
transformer,STORE0001,SKU0007,14,376.0,0.335583950610871,0.5043345249606918,1.0,9.012826102120536,11.093234685562313,0.3445511515502105,0.2127527581884506
transformer,STORE0012,SKU0083,14,1138.0,0.3350789383551358,2.491015703659978,1.0,27.237130846296036,35.0913423262402,0.3964973146826881,0.028610732308171558
transformer,STORE0011,SKU0083,14,1365.0,0.33406505095653044,0.6310883004028859,1.0,32.57134246826172,39.066323989988064,0.3639607779277215,-0.0012464027265052865
transformer,STORE0006,SKU0069,14,1386.0,0.3340552303870175,0.5311767265900412,1.0,33.07146780831473,38.53841895384085,0.37620340871867125,0.07361362782047597
transformer,STORE0004,SKU0029,14,525.0,0.33358035859607515,1.5387886169445897,1.0,12.509263447352819,14.764455477460297,0.37604246854877044,0.09082761492047994
transformer,STORE0007,SKU0053,14,352.0,0.3333168463273482,1.3765982350548838,1.0,8.380537850516182,11.401737003020326,0.39898244698134233,0.057488885792818925
transformer,STORE0013,SKU0001,14,745.0,0.33305471535497067,0.45557602309691336,1.0,17.72326878138951,20.063200428340092,0.34660354290898165,0.12676654790071834
transformer,STORE0003,SKU0048,14,898.0,0.3327406859875787,0.5662632611933985,1.0,21.34293828691755,31.321467653548364,0.34835756688011493,0.01680417899830572
transformer,STORE0001,SKU0063,14,904.0,0.33246905402799626,0.6450676183933217,1.0,21.468001774379186,30.51384327879945,0.3566992782335966,0.0632544239010431
transformer,STORE0004,SKU0052,14,857.0,0.33177622168595483,0.4276620542311595,1.0,20.309444427490234,24.25683306691689,0.3423294340939438,0.02542002977262161
transformer,STORE0008,SKU0040,14,505.0,0.3317513720823987,1.154950016285864,1.0,11.966745921543666,14.088035442536336,0.391436970841001,-0.05309403674437269
transformer,STORE0011,SKU0048,14,1120.0,0.3303461483546666,1.2379264106313586,1.0,26.427691868373326,33.69540213416938,0.42081955074515587,0.12985151835850306
transformer,STORE0013,SKU0084,14,191.0,0.3300098798661956,0.8701021367635898,1.0,4.502277646745954,6.309005242661341,0.38881461573086756,0.20572240939315076
transformer,STORE0008,SKU0097,14,1035.0,0.32996761303593,0.41344666945307634,1.0,24.394034249441965,33.136761848284486,0.32286186522147353,0.03601230492338466
transformer,STORE0009,SKU0067,14,473.0,0.32967267026356867,0.6990440312029341,1.0,11.138226645333427,13.747673050664478,0.34741686211573175,0.17632734044661733
transformer,STORE0001,SKU0090,14,320.0,0.3295952796936035,0.9038405876192529,1.0,7.533606392996652,10.241071015921298,0.3890867508120124,0.04413909912109378
transformer,STORE0008,SKU0076,14,476.0,0.3294235117295209,0.8200047190157393,1.0,11.200399398803711,13.963977763792055,0.3844940338426415,0.04559052892091895
transformer,STORE0008,SKU0091,14,360.0,0.3290123568640815,1.7288434706354177,1.0,8.460317747933525,14.278978521467648,0.35975926239853095,-0.06341355111863876
transformer,STORE0001,SKU0072,14,490.0,0.328700505470743,0.46563224055765084,1.0,11.504517691476005,14.202427558461567,0.3282002895152215,0.21961361632055168
transformer,STORE0012,SKU0001,14,1615.0,0.3281280328614793,0.7133362223869962,1.0,37.851912362234934,46.48702903029305,0.37652513010711103,-0.1191883476895075
transformer,STORE0013,SKU0037,14,839.0,0.3274866679285934,0.4650561038890389,1.0,19.62580817086356,23.517212184364812,0.3346484128410501,0.1512308495831859
transformer,STORE0005,SKU0026,14,1544.0,0.3273568375740645,0.4620034486027093,1.0,36.10278265816825,43.66943449352526,0.3332887236905547,0.1697047782067808
transformer,STORE0009,SKU0009,14,705.0,0.3272486747579372,1.2601918591675094,1.0,16.47930826459612,22.434546094634523,0.3853505740224075,0.11749921758124168
transformer,STORE0012,SKU0068,14,534.0,0.3272476124852784,0.38511709264170635,1.0,12.482158933367048,15.982624854738907,0.30195879402300074,0.1550255464703849
transformer,STORE0011,SKU0029,14,540.0,0.3260984773989077,0.5630215880279776,1.0,12.578084128243583,16.90902830806919,0.3324028331137616,0.025228133024992754
transformer,STORE0005,SKU0053,14,455.0,0.3260274614606585,0.28128007452389914,0.9285714285714286,10.5958924974714,13.887444857871674,0.37236093197234643,0.1279885512131911
transformer,STORE0006,SKU0094,14,987.0,0.3258777529514548,0.7707315223220066,1.0,22.974381583077566,28.972767690234484,0.36593485261759096,-0.020793679033490057
transformer,STORE0009,SKU0028,14,1576.0,0.32537088055295993,0.463307760595665,1.0,36.62746483939035,44.437861280060034,0.3227920853693759,0.157247877363021
transformer,STORE0011,SKU0082,14,908.0,0.32495930961575276,0.4517011185335767,1.0,21.075932366507395,25.41806784842235,0.34924730718106567,0.009198676121917583
transformer,STORE0004,SKU0035,14,2944.0,0.3247887414434682,0.5907336157315503,1.0,68.29843248639789,88.7897538207493,0.3486734519234784,-0.003209222917971394
transformer,STORE0012,SKU0005,14,1255.0,0.3246404093100255,0.44875792292208766,1.0,29.101693834577286,38.96790592800587,0.34235406510973865,-0.021307670927617654
transformer,STORE0012,SKU0100,14,1159.0,0.3240267183371306,0.7952279154340286,1.0,26.824783325195312,31.924899562147548,0.3703010957788657,-0.022264745546066125
transformer,STORE0007,SKU0074,14,734.0,0.32356585468843135,0.5600963147071545,1.0,16.964095524379186,23.39840370362026,0.3347563052368838,0.10417672139097624
transformer,STORE0009,SKU0077,14,716.0,0.32351330272312273,0.5975600338170134,1.0,16.54539462498256,25.26703053570869,0.32471379420027213,0.2198135386632141
transformer,STORE0008,SKU0009,14,896.0,0.32346445322036743,4.443098362513159,1.0,20.701725006103516,25.616340572739183,0.39102954465884715,-0.006915935448237828
transformer,STORE0006,SKU0057,14,1481.0,0.3232116390127817,0.3784403898974618,1.0,34.19117409842355,40.85896136803477,0.34114733600711455,-0.10405496807214298
transformer,STORE0013,SKU0085,14,573.0,0.32273808158088935,0.40149173210815753,1.0,13.209208624703544,17.3202326747801,0.31474123420887146,0.10076489540086783
transformer,STORE0012,SKU0047,14,1060.0,0.3224404532954378,0.8931459990461661,1.0,24.413348606654576,31.636675807550464,0.3463678646090225,0.07353974828180279
transformer,STORE0008,SKU0067,14,589.0,0.32229846766525294,0.5212639631173652,1.0,13.55955696105957,17.84515292158933,0.34031761010143463,0.09065225209364057
transformer,STORE0012,SKU0076,14,375.0,0.32216399637858073,1.3245990256052291,1.0,8.629392760140556,11.180615829140892,0.3383571800066117,0.13150645446777343
transformer,STORE0004,SKU0053,14,442.0,0.3216175666222206,0.6464797993709085,1.0,10.153926031930107,13.241832731212675,0.34475320922989505,0.14882634883552656
transformer,STORE0011,SKU0006,14,1683.0,0.32128143763868,2.8759139888257708,1.0,38.62261853899275,46.99706141942971,0.4183601163179479,0.1345192631014882
transformer,STORE0011,SKU0044,14,1262.0,0.32118705108690937,0.7654952687824997,1.0,28.95271846226283,39.303634285504046,0.33462051812004606,0.16513449643190986
transformer,STORE0005,SKU0100,14,1179.0,0.32117667938310074,0.3976242100853371,1.0,27.047664642333984,32.49375579581067,0.31563246415850366,0.1255479380677978
transformer,STORE0008,SKU0081,14,857.0,0.3211514841300047,0.9458805016880826,1.0,19.659058707101003,25.93640800749571,0.341833116445556,0.24905160483290184
transformer,STORE0005,SKU0023,14,1133.0,0.3199161957137267,0.5062671169938342,1.0,25.89036069597517,31.840719118821344,0.34528270233968067,0.07141105874070844
transformer,STORE0007,SKU0006,14,1090.0,0.31941070556640627,0.37983815294782197,1.0,24.868404933384486,29.83699281543353,0.3040878131062085,0.22974258562840452
transformer,STORE0011,SKU0085,14,1342.0,0.31939832570833526,0.5419551319225463,1.0,30.61661093575614,35.2791418861142,0.36556450972137894,-0.09551058227720985
transformer,STORE0005,SKU0009,14,903.0,0.3192302285634798,0.6353119836806497,1.0,20.590349742344447,28.539991175979228,0.3432326971574136,0.01387094474446074
transformer,STORE0002,SKU0011,14,251.0,0.31888844007514855,0.5071725145829326,1.0,5.71721417563302,6.693620677721369,0.3504657750664014,0.10313410208044774
transformer,STORE0004,SKU0077,14,944.0,0.3181685391118971,1.3144873229347638,1.0,21.453650065830775,33.09490645410854,0.38701361050378713,0.061622049848912126
transformer,STORE0013,SKU0013,14,796.0,0.3179595698064296,0.6123588404213273,1.0,18.078272683279856,20.23672282656655,0.36344876801304066,0.04632117880049665
transformer,STORE0010,SKU0040,14,367.0,0.3176121308952976,2.710661035881597,1.0,8.325975145612444,11.802641508911805,0.35702404493594175,0.057625856321579114
transformer,STORE0002,SKU0071,14,316.0,0.3172175793708125,1.1704596530093527,1.0,7.160053934369769,9.708887334606485,0.3702580136818897,0.16923086552680294
transformer,STORE0003,SKU0030,14,558.0,0.3171063289847425,0.39262795666880745,1.0,12.638952255249023,14.826071390709105,0.3239328716097498,0.042546733733146394
transformer,STORE0002,SKU0098,14,446.0,0.31685664087133025,0.436702679309216,1.0,10.094147273472377,12.046724455272253,0.32867412349841524,0.12252624580143813
transformer,STORE0003,SKU0084,14,303.0,0.3161937978008006,0.39362924671483374,1.0,6.843337195260184,7.7378250434162,0.3375255997613255,-0.032574581234368565
transformer,STORE0005,SKU0080,14,1197.0,0.315930786387763,0.5850207795223453,1.0,27.012082236153738,32.60491202106309,0.35993936069054655,0.06988973466176839
transformer,STORE0005,SKU0070,14,1516.0,0.31537487261528074,3.5366523864165904,1.0,34.15059334891183,48.42289587675122,0.41938719988860174,0.060652941701280126
transformer,STORE0011,SKU0053,14,465.0,0.31511268205540155,1.4144672570571923,1.0,10.46624265398298,13.210886238017116,0.3637254624024285,0.06858984834404405
transformer,STORE0004,SKU0015,14,176.0,0.3148275505412709,0.6054382502086578,1.0,3.957832063947405,5.278582233594648,0.3283990451816547,0.20103690840981223
transformer,STORE0003,SKU0075,14,386.0,0.31461967211313197,0.3882989783142277,1.0,8.674513816833496,10.066806217849242,0.32543458644014583,0.0005350903525871225
transformer,STORE0013,SKU0063,14,400.0,0.3145087575912476,0.719031340525674,1.0,8.985964502607073,12.089902590046863,0.346338714968781,0.23757650852203369
transformer,STORE0010,SKU0087,14,348.0,0.31441396954415857,0.39769513177687765,1.0,7.815432957240513,9.4450610839875,0.3044252142853113,0.20378287085171398
transformer,STORE0001,SKU0017,14,1767.0,0.3142673814101076,0.3600819898053711,1.0,39.66503306797573,51.59027555839876,0.3196511514673129,-0.07642480216595707
transformer,STORE0010,SKU0078,14,444.0,0.31386394328899214,0.3732181346614941,1.0,9.953970772879464,12.397376073730513,0.3265300669177738,-0.0938023318041552
transformer,STORE0001,SKU0011,14,335.0,0.3135252539791278,0.4823726455866962,1.0,7.502211434500558,8.89117523116566,0.33941763469146646,0.12324749391470383
transformer,STORE0003,SKU0016,14,283.0,0.3134629953876401,0.3492937488745005,1.0,6.336430549621582,6.921360554057081,0.2979160468665036,0.1531656824657858
transformer,STORE0012,SKU0054,14,1213.0,0.3134096968006911,0.348632938398448,1.0,27.15471158708845,34.91999486034256,0.29351126480344636,0.08173738937189239
transformer,STORE0011,SKU0097,14,1139.0,0.3131522696932959,0.4124842230820872,1.0,25.477173941476003,30.121617486655165,0.34720949517790484,-0.08453639753038575
transformer,STORE0007,SKU0102,14,1147.0,0.313110943555624,0.7061663014169979,1.0,25.652732304164342,32.43725485055618,0.3742120586194727,0.15545689550398117
transformer,STORE0010,SKU0013,14,1626.0,0.31304463366594115,0.4314185742084372,1.0,36.35789816720145,45.93923109043342,0.34630720089904615,-0.11318346612421203
transformer,STORE0011,SKU0041,14,1678.0,0.31296953512744197,0.645154490156485,1.0,37.5116342817034,45.83989505001368,0.35733951324811103,0.08651511973220771
transformer,STORE0007,SKU0029,14,356.0,0.3120600078882796,0.5049278399507812,1.0,7.935240200587681,9.75209293223894,0.33579171344913067,0.20093578702948067
transformer,STORE0007,SKU0088,14,252.0,0.3116772666810051,0.40955992183580775,1.0,5.610190800258091,6.887311936648187,0.31015584293352433,0.1670171646844773
transformer,STORE0003,SKU0093,14,800.0,0.3116489458084106,0.406602157001886,1.0,17.808511189052037,22.567410289511,0.3285621462978102,-0.009170870780944815
transformer,STORE0001,SKU0021,14,843.0,0.31131396853626836,0.26325844985711655,0.9285714285714286,18.745548248291016,25.5689475052579,0.36638704417456863,0.020170879250885045
transformer,STORE0001,SKU0049,14,707.0,0.31124325958640436,0.8620314779162814,1.0,15.717784609113421,21.606575056520942,0.35776617634865476,0.08452102790627486
transformer,STORE0004,SKU0050,14,248.0,0.3108016906246062,0.9636903279352269,1.0,5.50562994820731,7.369458289578,0.36193053195142166,0.14044930857996787
transformer,STORE0005,SKU0038,14,1625.0,0.3104202880859375,0.489948582670605,1.0,36.03092629568918,43.72811731924303,0.3437511488691701,-0.0031650954026442133
transformer,STORE0010,SKU0094,14,835.0,0.3103599365599855,0.6709879321179788,1.0,18.51075335911342,26.83749778505028,0.3290624920624225,-0.013545277304278172
transformer,STORE0013,SKU0015,14,98.0,0.3103156187096421,0.3598829029368705,1.0,2.1722093309674944,2.5238506525119777,0.2865724092182912,0.2658575797567562
transformer,STORE0003,SKU0066,14,303.0,0.31024436824785995,0.5741812706940694,1.0,6.714574541364398,8.683787707693364,0.34712410627348006,0.16694865211008406
transformer,STORE0007,SKU0065,14,707.0,0.30955338646701236,0.30350837171514516,1.0,15.632446016584124,20.470961270746088,0.2713906351427943,0.06489148065763958
transformer,STORE0003,SKU0009,14,642.0,0.3094840777625919,0.3439197843750677,1.0,14.192055565970284,19.89435947344858,0.3009345572854021,-0.005569107435945388
transformer,STORE0005,SKU0054,14,1421.0,0.3090476962900934,7.252173073838156,1.0,31.368341173444474,41.78181868954756,0.3651898476655995,0.06555129070671237
transformer,STORE0007,SKU0094,14,607.0,0.3081456519037338,0.4269609717941728,1.0,13.3603150503976,15.730999696441561,0.3185569816465791,0.14642380489745288
transformer,STORE0001,SKU0078,14,466.0,0.3080683532190937,1.028764612611692,1.0,10.25427518572126,12.9620897950795,0.3751429574104469,0.026794138896107163
transformer,STORE0005,SKU0082,14,911.0,0.307925851363382,0.35864938363410076,1.0,20.037175042288645,22.794664959101432,0.3121078503894438,0.036525868689058646
transformer,STORE0006,SKU0072,14,483.0,0.30729864053351047,0.527038382222283,1.0,10.60180309840611,14.351912604100724,0.31700653226502373,0.23234982223984618
transformer,STORE0005,SKU0010,14,531.0,0.30675686909878547,1.1716816871945412,1.0,11.63484982081822,14.661888996296167,0.37203001055928475,0.15906809862499632
transformer,STORE0005,SKU0077,14,853.0,0.30628281265741775,0.7069288292898291,1.0,18.661374228341238,22.59869414500572,0.3583480532500302,0.17998608391282148
transformer,STORE0006,SKU0036,14,661.0,0.3061683008421929,0.758735918552326,1.0,14.455517632620678,18.19466452420442,0.33054431704703735,0.249600437874152
transformer,STORE0007,SKU0087,14,315.0,0.3060382782466828,0.5683757329206053,1.0,6.885861260550363,8.554633458687766,0.3226402486097027,0.18849134899321057
transformer,STORE0002,SKU0079,14,829.0,0.3060203708699299,0.683750573213268,1.0,18.120777675083705,22.458494098851187,0.3398922730305605,0.08676755787811463
transformer,STORE0001,SKU0068,14,625.0,0.30586251220703126,0.6349550328509671,1.0,13.654576437813896,17.085922166655973,0.34849855571218624,0.16722802734375
transformer,STORE0010,SKU0021,14,697.0,0.3057758763667672,0.4599304613261463,1.0,15.223270416259766,19.26495924050379,0.3189618554267109,0.042006220331835105
transformer,STORE0004,SKU0066,14,424.0,0.30549873046155246,0.3282490547213284,0.9285714285714286,9.252247265407018,13.134139803169232,0.37473907591889294,0.12214701580551435
transformer,STORE0005,SKU0003,14,327.0,0.30464587663656345,0.38517899846995046,1.0,7.115657261439732,8.244572942388297,0.31327020110944565,0.06729282297490205
transformer,STORE0010,SKU0042,14,195.0,0.30427095462114384,0.39205161600913685,1.0,4.238059725080218,5.215763692718871,0.32519353952704805,-0.047727438119741596
transformer,STORE0012,SKU0037,14,1387.0,0.30351457547694555,0.6261360174319952,1.0,30.069622584751674,40.89839146882714,0.33206881958256024,0.14469108774065542
transformer,STORE0005,SKU0055,14,213.0,0.30295784820413363,1.3236827114555187,1.0,4.609287261962891,6.23180457584233,0.34715698149684954,0.1243630351035248
transformer,STORE0007,SKU0056,14,279.0,0.3027626229016157,0.58456988774833,1.0,6.033626556396484,7.352678962323216,0.3560585429981108,0.07372367339322217
transformer,STORE0002,SKU0028,14,1333.0,0.30271290051516786,0.34628715357494816,1.0,28.82259259905134,32.04111223891322,0.2947216291387224,0.11341294720042315
transformer,STORE0004,SKU0099,14,1429.0,0.3026416743861119,0.6552667361362546,1.0,30.891068049839564,39.863946499221555,0.37162717780076565,0.16557766358446963
transformer,STORE0001,SKU0001,14,1457.0,0.30259978975755514,0.5147959391685837,1.0,31.4919924054827,40.196661149099334,0.33325696873791893,0.11816797930652669
transformer,STORE0008,SKU0003,14,339.0,0.30247904909747186,0.348813783081327,1.0,7.324314117431641,9.843839392405803,0.3013362386730076,0.0009120389775189079
transformer,STORE0004,SKU0001,14,1663.0,0.3024337181325283,0.7759527436943218,1.0,35.924805232456755,44.96078387648758,0.3567853922737651,-0.01751325908943035
transformer,STORE0011,SKU0079,14,1376.0,0.30149421581002167,0.3384617698636477,1.0,29.632574353899276,32.94736023945135,0.3202555756526553,-0.09653309334156125
transformer,STORE0008,SKU0060,14,906.0,0.30149400050013797,0.5517472195490601,1.0,19.510968889508927,25.28498705757429,0.3365500266975611,0.026596953537290458
transformer,STORE0010,SKU0019,14,253.0,0.30098788446117297,0.27167778358098993,0.9285714285714286,5.439281054905483,6.772067196003621,0.3700361086685188,0.0483575979240327
transformer,STORE0009,SKU0049,14,539.0,0.3006694914016299,0.3628814035510667,1.0,11.57577541896275,13.108035840300923,0.2835829290604231,0.23501753232032338
transformer,STORE0010,SKU0085,14,1155.0,0.3005299357624797,1.1023719244183368,1.0,24.793719700404576,32.697907391473954,0.37250833996447313,-0.08924290380436621
transformer,STORE0008,SKU0092,14,1494.0,0.30040336006297325,0.5703805376086877,1.0,32.057329995291575,38.92374627455316,0.3330757538942418,-0.02141109910834744
transformer,STORE0012,SKU0008,14,336.0,0.3001982598077683,0.37712857385708765,1.0,7.20475823538644,8.44239801752346,0.31083724862169876,-0.016198476155598968
transformer,STORE0011,SKU0027,14,2117.0,0.30014836703711767,1.0584945835139907,1.0,45.38672092982701,70.66464447484883,0.3203256423309015,0.13366696335653336
transformer,STORE0010,SKU0058,14,1183.0,0.30002363113055064,0.3890028609313334,1.0,25.35199683053153,31.79034958019729,0.30593643421626393,0.051131395999395715
transformer,STORE0003,SKU0040,14,308.0,0.299947435205633,0.4040259720726051,1.0,6.598843574523926,7.528169100449998,0.32282877862147225,0.07212053645740855
transformer,STORE0002,SKU0032,14,777.0,0.2997803510079206,0.6993454771885138,1.0,16.63780948093959,22.019204694515672,0.3406904064178008,0.171772170097518
transformer,STORE0012,SKU0014,14,766.0,0.2994017289761775,0.35471049546775374,1.0,16.38155174255371,18.242983938208972,0.3100806669368036,-0.015900828508421897
transformer,STORE0006,SKU0055,14,230.0,0.29931942483653196,0.4475585569249542,1.0,4.917390550885882,6.339125415499316,0.32115224187794295,0.024183754298997953
transformer,STORE0009,SKU0086,14,145.0,0.2992926235856681,0.33334174444198217,1.0,3.099816458565848,4.17513055719933,0.2992681246018514,-0.031864718733162704
transformer,STORE0012,SKU0088,14,320.0,0.29929046630859374,0.2164622680132542,0.9285714285714286,6.840924944196429,9.660610363917423,0.34467556491669704,0.030418467521667512
transformer,STORE0002,SKU0089,14,503.0,0.2989462592729754,1.4530308034999384,1.0,10.74071202959333,13.392578647155124,0.35119782264057947,0.048071942793920075
transformer,STORE0001,SKU0077,14,871.0,0.29893864610849374,0.7168038169671125,1.0,18.598254340035574,27.612650785699962,0.3306541853648825,0.14414063989089632
transformer,STORE0005,SKU0022,14,1380.0,0.298386792169101,0.5500331845593252,1.0,29.41241237095424,37.19255762490999,0.3193807359052108,0.1028801074926404
transformer,STORE0004,SKU0058,14,1361.0,0.2983708490263794,0.4117658810532087,1.0,29.005908966064453,36.546704805835674,0.3098519008982817,0.06123033084911424
transformer,STORE0011,SKU0021,14,795.0,0.2981571557386866,0.22847540813217423,0.9285714285714286,16.931067058018275,21.756834851828295,0.3514128442976348,0.0531152641248403
transformer,STORE0007,SKU0073,14,119.0,0.29805524810021666,0.36363277775787284,1.0,2.5334696088518416,2.8598449713086107,0.2973740784385463,0.12917744612493434
transformer,STORE0009,SKU0039,14,227.0,0.2977248372485459,0.7482891405095333,1.0,4.827395575387137,6.498108830538901,0.33470840506989713,0.04367309099777158
transformer,STORE0001,SKU0087,14,438.0,0.29689672983944687,0.6946900813627893,1.0,9.288626262119838,11.89304581740358,0.33371800221522807,0.1376828319950191
transformer,STORE0012,SKU0057,14,1032.0,0.2968653375788253,0.3289673568923704,1.0,21.883216312953405,24.307639404033,0.2854977068810171,0.10808114487995474
transformer,STORE0002,SKU0082,14,632.0,0.29674711710290064,0.47791599445125865,1.0,13.396012714930944,16.089665295069505,0.3307925373556169,0.06295074390459664
transformer,STORE0002,SKU0078,14,287.0,0.2966175145803844,0.46320565026156435,1.0,6.080659048897879,8.037145150470645,0.30635318801034883,0.26334766560730616
transformer,STORE0006,SKU0088,14,402.0,0.2964989154493038,0.36091195954190164,1.0,8.513754572187151,10.732788462539906,0.3073399649286257,-0.04654369544033977
transformer,STORE0013,SKU0061,14,679.0,0.296402550586369,1.0825740327215028,1.0,14.375523703438896,20.784530503293727,0.3566643045441396,0.08949517993056194
transformer,STORE0003,SKU0042,14,176.0,0.2960179935802113,1.2559409189969946,1.0,3.721369062151228,5.110469435156795,0.38102098459312517,-0.056434587998823685
transformer,STORE0010,SKU0060,14,801.0,0.29590668124652536,0.5024776377014701,1.0,16.93008940560477,20.905303397762363,0.3354393702304447,0.01156884335102365
transformer,STORE0009,SKU0046,14,1328.0,0.2957775276827525,0.3648805933874587,1.0,28.05661119733538,37.3733703446382,0.277015030751492,0.1983092894037086
transformer,STORE0006,SKU0097,14,1148.0,0.295605622932886,0.2309282728022368,0.9285714285714286,24.239661080496653,31.264002157391108,0.36771255652066104,-0.06297986764941066
transformer,STORE0002,SKU0056,14,305.0,0.295440592531298,0.2893651635621678,1.0,6.436384337288993,10.01617069986479,0.2616883984659791,-0.014207152069592074
transformer,STORE0009,SKU0072,14,452.0,0.29531155645319845,0.6064440615938256,1.0,9.53434453691755,12.869103368335525,0.3181535899171694,0.14790147595700967
transformer,STORE0002,SKU0012,14,745.0,0.2949721061143299,0.3461969389308404,1.0,15.696729932512556,24.021224998250467,0.2981177538597489,-0.07305754591154572
transformer,STORE0012,SKU0074,14,1015.0,0.29493620172510004,0.42246850976998684,1.0,21.382874625069753,25.248993109581402,0.3244074836663174,-0.05007354285329434
transformer,STORE0008,SKU0086,14,156.0,0.2949190873366136,0.2609906884893637,0.9285714285714286,3.286241258893694,4.280440917731403,0.36249167047998637,0.041613847781450324
transformer,STORE0007,SKU0009,14,700.0,0.29476397923060826,0.31178643691098074,1.0,14.738198961530413,17.23356914024816,0.30457287342161493,-0.08325099400111606
transformer,STORE0008,SKU0062,14,294.0,0.294717399441466,0.9232595623945039,1.0,6.1890653882707864,7.936843166161019,0.33530963884413484,-0.04873046096490355
transformer,STORE0006,SKU0066,14,537.0,0.2946453307594001,0.3148631240040375,1.0,11.301753044128418,13.675750949137067,0.30565007925245696,-0.11246427610599795
transformer,STORE0005,SKU0028,14,2042.0,0.29463499930416337,0.6361379503562306,1.0,42.97461918422154,53.54269846094707,0.3337692866320305,0.007812567252253459
transformer,STORE0011,SKU0095,14,484.0,0.29461820854628384,0.3486022456967735,1.0,10.185372352600098,11.959480689717456,0.3064405100698186,-0.03891750603667961
transformer,STORE0011,SKU0001,14,1706.0,0.2946133362031067,0.4097998792154248,1.0,35.90073939732143,39.493645315542814,0.33811412435456484,-0.03567576436336826
transformer,STORE0006,SKU0099,14,1474.0,0.294399007851589,1.4001351863320743,1.0,30.996009826660156,45.78033716889403,0.3264704792501899,0.13074903345819733
transformer,STORE0002,SKU0006,14,1359.0,0.2940394027519086,0.3428969360483456,1.0,28.54282488141741,35.55601609480464,0.3017178692131216,-0.02882827635281572
transformer,STORE0006,SKU0065,14,954.0,0.2938382930475711,0.31996941468228457,1.0,20.02298082624163,27.198722199202358,0.26966441041883227,0.1050892715933938
transformer,STORE0011,SKU0094,14,891.0,0.29372619646031717,0.37558668460515426,1.0,18.693574360438756,23.73198635943016,0.29796686707441955,0.07423640207275664
transformer,STORE0007,SKU0098,14,477.0,0.29370755369558277,0.3430361685461772,0.9285714285714286,10.00703593662807,13.349106722678007,0.37529475688551245,0.04847266239190253
transformer,STORE0007,SKU0012,14,644.0,0.2935546495899651,0.40777745160576995,1.0,13.503513881138392,16.78844754018343,0.31009923402678735,0.07495681099269702
transformer,STORE0013,SKU0086,14,87.0,0.2933034348761898,0.41357614750764815,1.0,1.822671345302037,2.2490817804497034,0.31623149733578815,0.028775489193269575
transformer,STORE0003,SKU0047,14,927.0,0.29310270883504624,0.4209439071184975,1.0,19.40758650643485,22.927059465371464,0.3171247672903088,0.026564979758977647
transformer,STORE0009,SKU0098,14,617.0,0.2924928649704499,0.37345672179095907,1.0,12.890578406197685,19.777304102264033,0.28521066926418925,-0.03202904526572945
transformer,STORE0010,SKU0005,14,1302.0,0.29217013052897883,0.3604262864590241,1.0,27.171822139195033,33.04669225652485,0.31344499400253467,-0.05190798031386508
transformer,STORE0009,SKU0044,14,1174.0,0.29177389193637204,1.0360626762618808,1.0,24.46732493809291,32.82031911530016,0.34766699355004327,0.13194536797232684
transformer,STORE0001,SKU0074,14,1048.0,0.29149305547466714,0.4258915820654126,1.0,21.820337295532227,29.478353011988784,0.292878100797012,0.08391799999557377
transformer,STORE0010,SKU0059,14,367.0,0.29130863948479013,0.28404177518421686,1.0,7.636447906494141,9.558936845714,0.29352049636279404,-0.12493380928559264
transformer,STORE0002,SKU0024,14,589.0,0.2910860187938541,0.4074203893557744,1.0,12.246404647827148,14.38120016041637,0.3141628121377166,0.040890620803185375
transformer,STORE0001,SKU0031,14,947.0,0.2910202654765047,0.7885976632620653,1.0,19.685442243303573,26.637218560500656,0.30659383659037787,0.18008759608364408
transformer,STORE0003,SKU0045,14,859.0,0.2907341367568348,4.323304921135991,1.0,17.83861596243722,25.633644745939097,0.3315980967467911,0.18354764500929951
transformer,STORE0003,SKU0095,14,342.0,0.29068577638146476,0.3136994608553753,1.0,7.101038251604352,8.126143702374161,0.2875534981498317,0.023745687384354442
transformer,STORE0006,SKU0003,14,297.0,0.29027410950323546,0.5645517749597753,1.0,6.157957894461496,8.431924496514762,0.3127668008401008,0.15447152905191236
transformer,STORE0006,SKU0011,14,360.0,0.2902570830451118,0.40585216618740194,1.0,7.46375356401716,8.871176627386081,0.30553155950963007,0.052353488074408636
transformer,STORE0005,SKU0085,14,1371.0,0.2900514053133263,0.6044546228959853,1.0,28.404319763183594,41.65379920331524,0.3277797572031145,-0.09926977512351272
transformer,STORE0012,SKU0081,14,967.0,0.28980356510324096,0.3972833372384836,1.0,20.017146246773855,24.028325806417932,0.3173045964991529,-0.031144699364931402
transformer,STORE0007,SKU0058,14,1027.0,0.28974086237743046,0.32756984158789004,1.0,21.254561832972936,25.647176743298214,0.2911388719145112,0.02345775838255766
transformer,STORE0004,SKU0072,14,588.0,0.28970529595199895,0.3072069648069221,1.0,12.167622429983956,14.968266445029718,0.28250394835471065,0.014164275863543683
transformer,STORE0006,SKU0042,14,248.0,0.289629582435854,1.3855129777108097,1.0,5.130581174577985,6.685107582045027,0.3399636704070514,-0.061598577807026496
transformer,STORE0008,SKU0089,14,751.0,0.28942958968933347,0.3193232930621936,1.0,15.525830132620674,17.132814740694776,0.30517650302847726,-0.06996209135703177
transformer,STORE0008,SKU0014,14,903.0,0.28938718016361475,0.2865068235240847,1.0,18.665473120553152,27.368157429960352,0.2736216032938362,-0.029895858511180196
transformer,STORE0010,SKU0067,14,463.0,0.28930589910717297,0.5716330113033166,1.0,9.567759377615792,12.781398192397033,0.31516558989639026,0.16820717269864505
transformer,STORE0006,SKU0001,14,1469.0,0.289290000339038,0.3770712386037572,1.0,30.354786464146205,36.50184408709186,0.2928481108812258,0.12434415252457029
transformer,STORE0005,SKU0088,14,353.0,0.28924649160239246,0.6158335387181378,1.0,7.293143681117466,9.681346490366899,0.31920481784924115,0.10153671567230657
transformer,STORE0011,SKU0072,14,561.0,0.2891655648243406,0.3950999329157799,1.0,11.587277276175362,13.89007757358358,0.3029861115690668,0.04781587026123482
transformer,STORE0006,SKU0028,14,1773.0,0.2889632361122127,0.6183020601475392,1.0,36.59512983049665,50.406290336811885,0.33313440197116434,0.18802327405108749
transformer,STORE0007,SKU0083,14,888.0,0.2883507754351642,0.34650496678590753,1.0,18.28967775617327,21.951640663091244,0.28838218846079783,0.09388372919580958
transformer,STORE0011,SKU0056,14,400.0,0.2876486492156982,0.5005990340099511,1.0,8.218532834734235,9.579631386875304,0.3399033396648773,-0.020033063888549814
transformer,STORE0012,SKU0020,14,770.0,0.28756321498325893,0.3243923220189508,1.0,15.815976824079241,21.377454397348256,0.29819967908743145,-0.13038917640586953
transformer,STORE0010,SKU0084,14,331.0,0.2875326450497722,0.23764239846506066,0.9285714285714286,6.798093250819615,8.76573887725821,0.3538481077997753,0.018073655327281193
transformer,STORE0007,SKU0013,14,1056.0,0.2867114507790768,0.4024570429957978,1.0,21.626235144478933,30.905542805759822,0.2706799316340164,0.09728783910924738
transformer,STORE0010,SKU0074,14,952.0,0.28652885981968473,0.42727875097816476,1.0,19.48396246773856,23.797197967024,0.32361887254537297,0.004553257918157505
transformer,STORE0002,SKU0039,14,173.0,0.2863781658900266,1.3572282462558385,1.0,3.538815907069615,5.489689694802118,0.3475653971883293,0.21741942036358602
transformer,STORE0004,SKU0054,14,1285.0,0.28604507743152663,0.42543478859409267,1.0,26.254851749965123,32.04677194967703,0.3007143573786072,0.18780541920940236
transformer,STORE0001,SKU0041,14,1714.0,0.2860417048878264,0.4588443508829328,1.0,35.0196772984096,43.65047456106786,0.32527301790206115,0.04357232680259538
transformer,STORE0006,SKU0087,14,391.0,0.28599426386606364,0.4642518680073732,1.0,7.9874112265450625,10.726675601404988,0.2807960721420339,0.2625138363265016
transformer,STORE0009,SKU0089,14,533.0,0.2859193540648269,3.531537166221742,1.0,10.885358265468053,15.734492861724595,0.3283779947759996,0.16592602613495622
transformer,STORE0007,SKU0022,14,1142.0,0.28548516241765065,0.2859576168977952,1.0,23.287432534354075,28.957298312027344,0.2817697444250909,-0.06535875818149012
transformer,STORE0005,SKU0033,14,1527.0,0.2851509938617899,0.34371473907271194,1.0,31.101826259068083,36.22875478564809,0.27860182474116274,0.16305665901149108
transformer,STORE0012,SKU0096,14,1219.0,0.2845604249548971,0.541272433887736,1.0,24.777082715715682,36.402347223022026,0.29754910051200706,0.047739287103366626
transformer,STORE0010,SKU0065,14,882.0,0.2845280575914448,0.3797117074164443,1.0,17.92526762826102,22.515238294590503,0.29778919178738666,0.006522020785446372
transformer,STORE0009,SKU0071,14,412.0,0.2844955759141052,0.5154084358846469,1.0,8.37229837690081,10.313662780395209,0.3197824209616309,0.06895956946808157
transformer,STORE0005,SKU0034,14,2695.0,0.28421873188195734,0.3746145471328113,1.0,54.712105887276785,61.1508646192104,0.3144915059154373,-0.037087033188630554
transformer,STORE0010,SKU0080,14,1122.0,0.2839906933898382,0.19513793307171234,0.9285714285714286,22.759825570242747,32.659016757244586,0.3337007602431386,-0.04929664598216772
transformer,STORE0002,SKU0064,14,1120.0,0.2838578019823347,0.30074896153096065,1.0,22.708624158586776,28.251090369529003,0.2887939430653471,-0.08418093408857073
transformer,STORE0005,SKU0083,14,1247.0,0.28375322453576085,0.3521376073328502,1.0,25.274305071149552,30.529006399076106,0.28914392643551196,0.09655716444075155
transformer,STORE0009,SKU0083,14,1146.0,0.28359969373772903,0.9433386945036167,1.0,23.21466064453125,28.135914476218417,0.33375326914079256,0.02329838671193281
transformer,STORE0011,SKU0028,14,2051.0,0.2835705337264025,0.41450490287130826,1.0,41.54308319091797,50.93065341214394,0.30806666223405743,0.02205627084301484
transformer,STORE0013,SKU0056,14,205.0,0.2832789723466082,0.33837452406336027,1.0,4.148013523646763,4.881338026794309,0.2850017052336166,0.0796695244021532
transformer,STORE0004,SKU0021,14,958.0,0.28259232347842794,0.8140671005704824,1.0,19.33738899230957,24.25074022263522,0.3323947301270227,-0.09766362853239374
transformer,STORE0004,SKU0056,14,437.0,0.2825736213876126,0.3216585037538641,1.0,8.820333753313337,10.431988217196256,0.2982674264461644,-0.0849179370452392
transformer,STORE0009,SKU0005,14,1252.0,0.2824870831669329,0.5566615017573546,1.0,25.262416294642858,29.369166601545952,0.33238522745362936,-0.002138850787958006
transformer,STORE0010,SKU0032,14,1108.0,0.2824062526441223,0.3381481568348799,1.0,22.350437709263392,24.609662758969687,0.28771597222705425,0.06916636938652837
transformer,STORE0006,SKU0023,14,1272.0,0.2823759534823819,0.5218640532392913,1.0,25.655872344970703,33.699192716983696,0.3275009054555822,-0.03442673713156262
transformer,STORE0004,SKU0071,14,421.0,0.2822488707771211,0.40868463411544165,1.0,8.48762675694057,10.561133482377338,0.2844926765105431,0.2230774976861732
transformer,STORE0010,SKU0083,14,1272.0,0.28219892393867924,1.051776882313794,1.0,25.639787946428573,32.25828683405964,0.3376762506651363,-0.08778700438685386
transformer,STORE0010,SKU0054,14,1116.0,0.2821200039224385,0.4050852158584143,1.0,22.488994598388672,34.59332150380536,0.2587855639681464,0.14611215488885038
transformer,STORE0004,SKU0087,14,478.0,0.28181441558454823,0.54917931075818,1.0,9.621949332101005,12.532905782661345,0.32036541572197974,0.035176712099977116
transformer,STORE0007,SKU0038,14,1185.0,0.281749876642026,0.4051731008040638,1.0,23.848114558628627,28.209043497662588,0.3002971681253412,0.03164923301728969
transformer,STORE0002,SKU0040,14,312.0,0.2816438797192696,0.3789493414684205,1.0,6.276635033743722,6.941377491971011,0.3058739235864162,0.10960748868110848
transformer,STORE0009,SKU0038,14,1253.0,0.28156759105295726,0.38339982471090694,1.0,25.20029939923967,28.82886428498147,0.29071119232289255,0.14035688736680405
transformer,STORE0006,SKU0037,14,1684.0,0.281342336514217,0.40710911211811585,1.0,33.84146390642439,39.85360363136516,0.30305670412171537,0.0888737612835302
transformer,STORE0013,SKU0041,14,779.0,0.2812790534003555,0.44569526545870153,1.0,15.651170185634069,20.038792596650772,0.29739235540944825,0.21451801207007432
transformer,STORE0010,SKU0029,14,400.0,0.28126006603240966,1.2946420443522633,1.0,8.036001886640276,10.932813331835447,0.3315688858276556,0.19195600032806392
transformer,STORE0005,SKU0087,14,436.0,0.28121607019266953,0.4059411750063155,1.0,8.757871900285993,10.50789935948524,0.3021924792750537,0.14861850563539278
transformer,STORE0004,SKU0003,14,392.0,0.2811983361536143,0.3130915855615345,1.0,7.8735534123012,9.175880415059375,0.2998725402503416,-0.1270718963778749
transformer,STORE0012,SKU0077,14,784.0,0.28093352609751177,0.4269039444797974,1.0,15.732277461460658,22.685985890192224,0.28645567997938054,0.09922308824500259
transformer,STORE0001,SKU0042,14,244.0,0.2808746900714812,0.33161077870254535,1.0,4.895244598388672,5.7853783896366595,0.2908526604412157,-0.04098961001536884
transformer,STORE0012,SKU0016,14,394.0,0.2808651609469186,0.7767554728551228,1.0,7.90434810093471,9.676704853624763,0.3352400426139198,-0.022396358741721526
transformer,STORE0001,SKU0082,14,892.0,0.2807693096554333,0.34685105583970594,1.0,17.889016015189036,20.05345802464631,0.2885094701372476,0.05210527924678786
transformer,STORE0009,SKU0041,14,1453.0,0.28067771664834074,0.7744236793202269,1.0,29.13033730643136,46.15914544123889,0.28812835810260334,0.11759673589193156
transformer,STORE0001,SKU0048,14,1153.0,0.2802537188567189,1.125902027854429,1.0,23.080895560128347,31.838523414048964,0.3085466478358944,0.12703710789279327
transformer,STORE0001,SKU0018,14,1497.0,0.2800714547584753,0.2677926061588157,1.0,29.947640555245535,36.29640062265293,0.28195547500807916,-0.10329629392248038
transformer,STORE0001,SKU0099,14,1706.0,0.27987486200902834,0.2087167971492739,0.9285714285714286,34.10475104195731,47.60940688626184,0.3384424334285757,-0.025251431034709757
transformer,STORE0002,SKU0022,14,1028.0,0.27968916540479843,0.4083006894054329,1.0,20.53717585972377,23.679927200813477,0.3099373396999751,0.01922592578694978
transformer,STORE0009,SKU0084,14,320.0,0.27963699102401735,0.36409467645374843,1.0,6.391702651977539,7.778413679762456,0.28541400638952313,0.07839740514755249
transformer,STORE0012,SKU0080,14,1230.0,0.27963194808339686,0.319603823850751,1.0,24.567664010184153,31.42919242840908,0.2942261434368798,-0.11945952128588669
transformer,STORE0011,SKU0038,14,1762.0,0.27931185234147765,0.32336199017343153,1.0,35.15339170183454,40.53931190131142,0.2989096235372375,-0.08462703241527961
transformer,STORE0002,SKU0081,14,766.0,0.27895254628154065,1.4827899479399351,1.0,15.262689317975726,20.17219957400177,0.33639773884935664,0.00730645002957735
transformer,STORE0008,SKU0057,14,1252.0,0.2788081489051112,0.30023918666173,1.0,24.933414459228516,30.568278546248308,0.26743498292190787,0.059832545515066504
transformer,STORE0002,SKU0101,14,200.0,0.2787775993347168,0.43436911031453074,1.0,3.9825371333530972,4.6834518932709,0.31487546091419594,0.09471139907836915
transformer,STORE0004,SKU0092,14,1296.0,0.27874477998709973,0.3168102489316556,1.0,25.803802490234375,29.470589721953058,0.26776053011545914,0.15593159051589028
transformer,STORE0003,SKU0058,14,1001.0,0.2787441059306904,0.36112294915062293,1.0,19.930203574044363,23.58310269734847,0.293060681637905,0.03756946331256634
transformer,STORE0012,SKU0059,14,346.0,0.27873928974129564,0.39171345426845977,1.0,6.888842446463449,8.210827460937017,0.2978875218147708,-0.04564245587828531
transformer,STORE0009,SKU0037,14,1292.0,0.27857299781067085,0.42080620133426055,1.0,25.70830808367048,33.59702116309634,0.2872689388878119,0.24958018843234508
transformer,STORE0011,SKU0030,14,741.0,0.2783416717158638,0.47040367604680683,1.0,14.732227052961077,18.7529282893959,0.3064971749965965,0.08097323007107425
transformer,STORE0001,SKU0053,14,476.0,0.27821111278373656,0.29597505159321347,1.0,9.459177834647042,11.455150622501717,0.2688780798119491,0.060452469256745696
transformer,STORE0006,SKU0025,14,499.0,0.27814583023468814,1.75131101417856,1.0,9.913912091936384,14.731181780094559,0.32362146666007063,0.12365863318433744
transformer,STORE0010,SKU0057,14,1210.0,0.27766497273090457,0.5238120425773171,1.0,23.998186928885325,29.335708343066624,0.31585155249117397,-0.07233606133579222
transformer,STORE0008,SKU0010,14,525.0,0.2771576654343378,0.37188735227639363,1.0,10.393412453787667,12.890166822260541,0.28359270306641066,0.16197509765625007
transformer,STORE0011,SKU0051,14,1127.0,0.27703998907541105,0.3205143825994144,1.0,22.301719120570592,27.073410422110342,0.2940545424196074,-0.0669277905360089
transformer,STORE0002,SKU0051,14,762.0,0.2769307464439412,0.3401268265074121,1.0,15.072944913591659,17.674041053802092,0.2888359353046276,0.007503434429018525
transformer,STORE0007,SKU0089,14,434.0,0.27642134037984684,0.5770908651657508,1.0,8.56906155177525,12.258410331368042,0.29032921670418216,0.22228758675711496
transformer,STORE0012,SKU0029,14,423.0,0.2764168462009295,0.38174151805120066,1.0,8.351737567356654,9.830706638022273,0.2876749696436055,0.1440932857792992
transformer,STORE0010,SKU0010,14,488.0,0.276359995857614,0.35861087353153864,1.0,9.633119855608259,12.317205867418807,0.2863413162063932,0.05053517075835684
transformer,STORE0003,SKU0092,14,949.0,0.27630878926830876,1.382158442156851,1.0,18.729788643973215,24.978744277130826,0.3238999669583425,0.09369753484856592
transformer,STORE0008,SKU0005,14,1579.0,0.27625245667470266,0.2999150361220714,1.0,31.157330649239675,40.31222123825382,0.2822911764900465,-0.09866358616293194
transformer,STORE0011,SKU0012,14,988.0,0.276001374248551,0.3226252015612695,1.0,19.47781126839774,25.48696353719792,0.2869663228134379,-0.009396993196927578
transformer,STORE0007,SKU0020,14,561.0,0.2759869689397421,0.33281170676365196,1.0,11.059192112513951,13.501447728340095,0.2862669934132254,-0.011145675033596522
transformer,STORE0006,SKU0090,14,298.0,0.27597273756193635,0.40118848725482004,1.0,5.874276842389788,7.266963990396793,0.2867149296843973,0.11707367352991296
transformer,STORE0002,SKU0065,14,692.0,0.27593121501062645,0.34462042704614854,1.0,13.63888577052525,18.632911801204315,0.2683921275167337,0.08526154336212684
transformer,STORE0013,SKU0036,14,382.0,0.27586503553140845,0.635598010233436,1.0,7.5271745409284305,9.948222159894522,0.30961645038864927,0.06522183642961592
transformer,STORE0005,SKU0015,14,198.0,0.2757721139927103,0.4044869024218403,1.0,3.900205612182617,4.872011955862853,0.28806786436883247,0.07738265605887981
transformer,STORE0004,SKU0019,14,297.0,0.27556006434790614,0.36869163134588073,1.0,5.8458099365234375,8.213197160255415,0.2741014255206618,0.07000645082004948
transformer,STORE0012,SKU0046,14,1369.0,0.27534586291316654,0.3696715114511857,1.0,26.924891880580358,31.328094722889663,0.282291689927679,0.15467336249229593
transformer,STORE0004,SKU0088,14,340.0,0.275191666098202,0.20958518044545874,0.9285714285714286,6.68322617667062,9.302657944649434,0.32148281299296305,0.13447720022762524
transformer,STORE0005,SKU0066,14,408.0,0.27448347970551135,0.569419455469869,1.0,7.999232837132046,10.449316319199843,0.30250667421618893,0.18258224281610227
transformer,STORE0002,SKU0042,14,178.0,0.2743422904711091,0.6610886107774541,1.0,3.4880662645612444,4.779423241010692,0.31712601542646324,0.0026684664608387465
transformer,STORE0001,SKU0004,14,1418.0,0.27429727573152657,2.5402146099028333,1.0,27.78239549909319,36.02929392072007,0.3363404939023253,-0.0005039597095656595
transformer,STORE0011,SKU0031,14,1024.0,0.2741728201508522,0.32574302666094246,1.0,20.053783416748047,26.760249177496945,0.25940931854516985,0.11978993564844131
transformer,STORE0008,SKU0012,14,949.0,0.27408041918868137,0.33362797128020133,1.0,18.578736986432755,22.171965343540407,0.2832658138364511,0.027467677414856922
transformer,STORE0001,SKU0006,14,1888.0,0.27385937157323803,0.30554056968423726,1.0,36.93189239501953,47.6644588410487,0.26546131319888444,0.006957627959170584
transformer,STORE0001,SKU0084,14,388.0,0.2737831676129213,0.548657112948384,1.0,7.587704930986677,9.767103090295281,0.3089089660683849,0.02710719452690834
transformer,STORE0003,SKU0067,14,432.0,0.27352434175985835,0.3106258619813987,1.0,8.440179688589915,9.325618687412566,0.275189607961276,0.06648717544696953
transformer,STORE0008,SKU0008,14,370.0,0.2730576128573031,0.30433791693676754,1.0,7.216522625514439,8.12223436728531,0.2761024815718586,0.03408174772520323
transformer,STORE0008,SKU0074,14,1162.0,0.2728642613054758,0.4973553002405763,1.0,22.647733688354492,30.62488097740078,0.30876600397624687,-0.024023817656577743
transformer,STORE0003,SKU0003,14,272.0,0.27277257863213034,0.41885160080414263,1.0,5.299581527709961,6.303220600439126,0.31034215981572066,-0.07381451831144445
transformer,STORE0008,SKU0049,14,709.0,0.2726708211750843,0.364166309157958,1.0,13.808829443795341,16.39054488353826,0.28202273052723414,0.08680745005103195
transformer,STORE0013,SKU0020,14,390.0,0.2726017878605769,0.28447123461826546,1.0,7.593906947544643,9.22058470625434,0.2609292464099854,0.05833689371744796
transformer,STORE0003,SKU0043,14,614.0,0.27255291270899074,0.3360194560495436,1.0,11.953392028808594,14.448609992582625,0.2810168276286121,0.05749582545376756
transformer,STORE0008,SKU0055,14,204.0,0.2725253011666092,0.3372392372534289,1.0,3.971082959856306,4.784799576730484,0.2709421624958368,0.14757851993336396
transformer,STORE0004,SKU0095,14,468.0,0.27252216420621955,0.49322527211711875,1.0,9.110026632036481,11.791029778054558,0.305627742737567,0.0046632351019443765
transformer,STORE0012,SKU0058,14,1174.0,0.27237569493776287,0.5434950912063563,1.0,22.840647561209543,29.41591265695418,0.2998597818762839,0.07786001826063736
transformer,STORE0005,SKU0057,14,1247.0,0.27225567803157263,0.3869674684580148,1.0,24.250202178955078,29.97298541034513,0.2849925457910404,0.06505556573080078
transformer,STORE0006,SKU0006,14,1978.0,0.2721178500307583,1.4620540511432376,1.0,38.44636481148856,48.705968063642686,0.3456272343991717,-0.05190367742062099
transformer,STORE0002,SKU0018,14,818.0,0.2719964491417472,1.8578838183133084,1.0,15.892363956996373,22.776452597789365,0.30267591936404525,0.1580630911008653
transformer,STORE0007,SKU0028,14,1380.0,0.2718883016835088,0.4472604147363358,1.0,26.800418308803014,33.785825225539995,0.29482011308000583,0.11679206516431725
transformer,STORE0009,SKU0085,14,1081.0,0.27176579802704565,0.3090580527562025,1.0,20.984201976231166,26.932896691212886,0.2692494973790158,-0.011964129254731974
transformer,STORE0012,SKU0034,14,2784.0,0.2712752079141551,0.24207083937100699,1.0,53.945012773786274,81.43896961221547,0.2536612389881161,-0.15949432877288466
transformer,STORE0006,SKU0085,14,1393.0,0.27086683767610376,0.6887114938838803,1.0,26.951250348772323,33.64876037961267,0.3377164055154916,-0.12201302357911208
transformer,STORE0009,SKU0090,14,249.0,0.2705984766703533,0.2204893765828761,0.9285714285714286,4.812787192208426,7.188911755323583,0.3198293811497989,0.15993754069010416
transformer,STORE0003,SKU0019,14,186.0,0.2704666711950815,0.4056287233623543,1.0,3.5933429173060825,5.147447459735633,0.27284651164777624,0.1839307969616305
transformer,STORE0013,SKU0040,14,243.0,0.27040690355340147,0.3391088762190292,1.0,4.69349125453404,6.051721084832481,0.2704002120057289,0.019388175305025068
transformer,STORE0006,SKU0040,14,537.0,0.2704008233835799,0.3134146702386362,1.0,10.37180301121303,13.0671227602515,0.2801298175899218,-0.12762324015299475
transformer,STORE0011,SKU0019,14,287.0,0.27016975323082265,0.4590286230093538,1.0,5.538479941231864,6.876105291492789,0.3101037340600647,0.07638717279201601
transformer,STORE0012,SKU0070,14,1370.0,0.27015017767022126,0.3109944088574654,1.0,26.436124529157365,29.87399819741168,0.27691123732372697,0.016715858626539667
transformer,STORE0013,SKU0087,14,267.0,0.2698652717504608,0.3312352481836899,1.0,5.146716254098075,5.695505150170455,0.2783731387081528,0.07297008671564108
transformer,STORE0011,SKU0073,14,184.0,0.2696441774782927,0.1815118169956585,0.9285714285714286,3.5438949040004184,4.981511307928513,0.32943908084542084,-0.06055535440859587
transformer,STORE0006,SKU0044,14,1507.0,0.26954223086047663,0.291302036005082,1.0,29.014295850481307,37.64697377178007,0.26663517326347985,-0.01461364199328911
transformer,STORE0009,SKU0061,14,1390.0,0.2694742710470296,0.349384364152156,1.0,26.754945482526505,32.008153760713725,0.2963478444626994,-0.08737479559809183
transformer,STORE0007,SKU0076,14,358.0,0.26932737680786817,0.3307694507970433,1.0,6.8870857783726285,8.056002985499383,0.28190315456105325,0.021343774635698552
transformer,STORE0008,SKU0093,14,1165.0,0.2688529870029171,0.31671911852416296,1.0,22.37240927559989,26.560090376710562,0.28345836442046896,-0.0349475516781786
transformer,STORE0004,SKU0064,14,1440.0,0.26878964636060926,0.29893332578660764,1.0,27.646935054234095,35.27435256883736,0.2677091149827051,-0.011516555150349925
transformer,STORE0003,SKU0035,14,2221.0,0.2686546837516005,0.40585752715665,1.0,42.62014661516462,50.43981270751,0.30597847048573495,-0.05625908657110043
transformer,STORE0007,SKU0031,14,763.0,0.2685372388847221,0.3727472535837436,1.0,14.635279519217354,17.21126772297889,0.29524700062038695,0.048845463624006796
transformer,STORE0001,SKU0027,14,2752.0,0.2685249794361203,0.29865420839843254,1.0,52.78433881487165,69.2060584023353,0.2763221825836437,-0.1421626889428427
transformer,STORE0011,SKU0002,14,963.0,0.26843104852694216,0.35151802769277507,1.0,18.46422140938895,22.60511884917625,0.2797006713999562,0.04178919648579472
transformer,STORE0007,SKU0085,14,893.0,0.26840219786025643,0.31266340320110425,1.0,17.12022590637207,21.967618399358628,0.2722969053140542,-0.014646715973686405
transformer,STORE0004,SKU0075,14,539.0,0.2682706730264016,0.41672048422069474,1.0,10.328420911516462,14.207720162476015,0.2843978669599874,-0.028838219580712258
transformer,STORE0003,SKU0065,14,770.0,0.26814733728185874,0.36147601416431374,1.0,14.748103550502233,20.858398133660792,0.28434782531054337,-0.036010861087155024
transformer,STORE0001,SKU0014,14,909.0,0.26759925481378705,0.3158010759365552,1.0,17.37483733040946,21.491147546917798,0.27382756059577157,-0.020013870054607998
transformer,STORE0003,SKU0020,14,512.0,0.2675947919487953,0.38303302905454123,1.0,9.786323819841657,12.242490622437199,0.2855682684585239,0.08025109022855759
transformer,STORE0013,SKU0039,14,149.0,0.26752269668067064,0.31156970918979116,1.0,2.84720584324428,3.2904571079255858,0.2707781682282901,0.05400169935802487
transformer,STORE0010,SKU0043,14,744.0,0.2674673603427026,0.3621914634624211,1.0,14.213979721069336,16.396292767713103,0.28829770309184083,0.07291948154408445
transformer,STORE0011,SKU0074,14,1107.0,0.2672251500626782,0.3327799123732915,1.0,21.12987436567034,24.220193932954338,0.28379941677955006,0.017671886606052786
transformer,STORE0003,SKU0004,14,911.0,0.26719067570406835,0.30940280817624505,1.0,17.386478969029017,21.487338463947847,0.25910924355623677,0.10992362967699472
transformer,STORE0011,SKU0089,14,668.0,0.2665637239010748,0.407426142061757,1.0,12.718897683279854,18.106187304903578,0.28272704944579335,0.03590931007248199
transformer,STORE0012,SKU0092,14,1293.0,0.2663497334750973,1.6372333588686456,1.0,24.599300384521484,33.588130993813586,0.3217382080555094,-0.00909345350980942
transformer,STORE0012,SKU0028,14,1723.0,0.2661395656875725,0.28328106086096566,1.0,32.754176548549104,40.33757327680707,0.25866117872227556,0.04029645161509721
transformer,STORE0001,SKU0073,14,163.0,0.2659480557119919,0.3318091310341072,1.0,3.0963952200753346,3.6114774207782427,0.271615578707468,0.09062705010724213
transformer,STORE0004,SKU0020,14,826.0,0.26588526303196647,1.9873334542681995,1.0,15.687230518886022,19.25886322730411,0.33216702206957466,-0.06049815679000595
transformer,STORE0004,SKU0008,14,363.0,0.2657241768745023,0.48841433451219346,1.0,6.8898483003888815,9.527642095636486,0.28210633174233235,0.06801618360619242
transformer,STORE0010,SKU0012,14,874.0,0.26567642421416887,0.5051517157363768,1.0,16.585799625941686,19.67865085205999,0.3160022405944077,-0.053019778952173024
transformer,STORE0010,SKU0046,14,1367.0,0.26561669528963977,0.5565724889642553,1.0,25.93557303292411,32.64705090235078,0.3008611383369442,0.14792066572701398
transformer,STORE0011,SKU0034,14,2864.0,0.26559975693345733,0.3103213083140824,1.0,54.33412170410156,61.532770463200414,0.2811655907596151,-0.06179886290480971
transformer,STORE0010,SKU0088,14,348.0,0.2654075622558594,0.3484370628402372,1.0,6.597273690359933,7.808678885407413,0.28453495397317696,-0.07077280680338542
transformer,STORE0010,SKU0064,14,1232.0,0.2653774224318467,0.37139046037970386,1.0,23.353213174002512,29.85931800710327,0.2844524056884365,0.0025073893658526416
transformer,STORE0009,SKU0018,14,1416.0,0.2652258576646363,0.25672656398759275,1.0,26.825701032366073,30.57555707114282,0.280758057464817,-0.17545253947629766
transformer,STORE0011,SKU0086,14,173.0,0.2651076785401802,0.2690175358195671,1.0,3.275973456246512,4.549440142649249,0.2631685390017386,-0.0987803067775131
transformer,STORE0007,SKU0096,14,1130.0,0.26508679010171804,0.3570008039282227,1.0,21.396290915352957,25.92080023382158,0.2944948603594469,-0.07022123758771778
transformer,STORE0008,SKU0088,14,350.0,0.2648429489135742,0.34405925372719043,1.0,6.621073722839355,7.932650651476949,0.27074187551930007,0.09845812661307199
transformer,STORE0010,SKU0053,14,445.0,0.2644517705681619,0.2724249910427804,1.0,8.40578842163086,9.591927526684612,0.26650620757857035,-0.039287078514527736
transformer,STORE0012,SKU0072,14,546.0,0.26444601401304585,0.3587929800689566,1.0,10.313394546508789,11.89128975411224,0.2935154415016057,-0.05813131227598087
transformer,STORE0005,SKU0074,14,1170.0,0.26417879936022637,0.303797209162099,1.0,22.07779966081892,27.112556332440946,0.2662205224457402,-0.02495181091830259
transformer,STORE0009,SKU0034,14,2219.0,0.2640743040726925,0.30370767888090106,1.0,41.85577719552176,47.38403004342709,0.26561161087132473,0.04969333753547135
transformer,STORE0005,SKU0056,14,455.0,0.26361708169455056,0.3273342512095948,1.0,8.567555155072894,11.873579638425554,0.280194386365264,-0.10683948810283954
transformer,STORE0007,SKU0026,14,1113.0,0.2634894001730262,0.3689171448170424,1.0,20.94740731375558,28.073685819985613,0.26935382467507435,0.17900521414620535
transformer,STORE0008,SKU0018,14,1262.0,0.26327215397225695,0.3122109925226838,1.0,23.73210416521345,28.899939240052284,0.2631331325853985,0.06246635690921842
transformer,STORE0011,SKU0017,14,1642.0,0.2632248073489599,0.2928664398663207,1.0,30.8725095476423,37.43965670067984,0.2652607064782141,-0.004436348881413655
transformer,STORE0007,SKU0078,14,338.0,0.2631365251258986,0.4488813359128953,1.0,6.3528675351824075,8.960888847754578,0.2849826195630082,0.07203937846528001
transformer,STORE0013,SKU0024,14,496.0,0.2630751132965088,0.26694501123913594,1.0,9.320375442504883,11.737207962313867,0.2685211201774297,-0.10870522068392846
transformer,STORE0001,SKU0045,14,1258.0,0.2630699473079324,0.35726329173857196,1.0,23.638713836669922,29.827502072369885,0.27119127629565787,0.1317310727457553
transformer,STORE0009,SKU0024,14,724.0,0.2630203310297339,0.2949213737455085,1.0,13.601908547537667,16.21243659724548,0.2646311025977575,0.02201229959561683
transformer,STORE0004,SKU0065,14,1077.0,0.26261160167810976,0.24620610599380438,1.0,20.202335357666016,33.78587126000592,0.2318519501216839,-0.029605061452258115
transformer,STORE0002,SKU0070,14,1187.0,0.2623317753856887,0.2701994954304205,1.0,22.241986955915177,29.963540981726588,0.2558761855439358,-0.024851849627474727
transformer,STORE0004,SKU0070,14,1545.0,0.2619390049412798,0.41626499440490844,1.0,28.90684018816267,36.97211409530352,0.28298584690170137,0.028320021150953174
transformer,STORE0001,SKU0010,14,595.0,0.26159367280847884,2.8729459119562457,1.0,11.117731094360352,15.517364087916887,0.31163478708061093,0.03175666232068997
transformer,STORE0006,SKU0035,14,3647.0,0.2615610451642082,0.23475375468255996,1.0,68.13665226527623,90.18801824972724,0.26437179006378514,-0.20314163111777445
transformer,STORE0004,SKU0013,14,1577.0,0.2615503324461497,0.21763750498139806,0.9285714285714286,29.461776733398438,38.26200020230848,0.33383268463076865,0.08262630407010443
transformer,STORE0005,SKU0089,14,749.0,0.2611178409591695,0.2998253679077975,1.0,13.96980449131557,16.754127380107565,0.2727313183151264,-0.043022084458966096
transformer,STORE0008,SKU0082,14,1036.0,0.26101944529411875,0.27394837223306806,1.0,19.315438951764786,22.893785436943663,0.27190073725275815,-0.0975974093993198
transformer,STORE0006,SKU0096,14,1601.0,0.26076589533122607,0.352668040041961,1.0,29.820442744663783,34.27048574690968,0.28882271353407635,-0.07356972727159054
transformer,STORE0002,SKU0088,14,317.0,0.26059820373727693,0.2696770431739533,1.0,5.900687898908343,7.09609503083283,0.26404078343096943,-0.06672717795387056
transformer,STORE0005,SKU0004,14,1459.0,0.2605013621842069,0.28560743111285714,1.0,27.14796338762556,34.68260482434508,0.25946212969548393,-0.019424710394667796
transformer,STORE0002,SKU0044,14,974.0,0.2603288764091977,0.5086652689025105,1.0,18.111451830182755,22.51560964828534,0.2879832856727827,0.10525530711336548
transformer,STORE0004,SKU0018,14,1410.0,0.2602399136157746,0.27374631690329737,1.0,26.209877014160156,33.72863375602583,0.259721969901398,-0.04807637532552082
transformer,STORE0004,SKU0101,14,279.0,0.26022944570014983,0.2865684973966919,1.0,5.186001096452985,6.7417474070400045,0.2596825840510135,0.02643526412252887
transformer,STORE0012,SKU0039,14,229.0,0.26020041719794795,0.3447748120721748,1.0,4.256135395595005,5.487124415457667,0.2758375172247095,-0.010053293153188115
transformer,STORE0011,SKU0037,14,1945.0,0.2600338658820694,0.33166233840756176,1.0,36.126133510044646,43.683944103790175,0.28227063656496,-0.06519235645284382
transformer,STORE0009,SKU0102,14,1685.0,0.2599079935770007,0.2617911060712237,1.0,31.281783512660436,39.57157828511919,0.2562629695302762,-0.036566592253280315
transformer,STORE0008,SKU0022,14,1449.0,0.2598882902894372,0.32745540425891667,1.0,26.89843804495675,30.94783920120046,0.27084504283765864,0.04378005107408394
transformer,STORE0005,SKU0071,14,460.0,0.25978119062340777,0.46160042029385917,1.0,8.53566769191197,11.008191104541895,0.27909382250907955,0.1363591981970746
transformer,STORE0012,SKU0017,14,1482.0,0.259427424545391,0.4373045281368131,1.0,27.46224594116211,32.70163385189748,0.3008585985117219,-0.029477905808833665
transformer,STORE0011,SKU0052,14,860.0,0.2593359215314998,0.41832497839990535,1.0,15.930635179792132,23.38608811241985,0.2768687153541262,0.013567893449650262
transformer,STORE0013,SKU0031,14,543.0,0.25906078415900524,0.29974096154163204,1.0,10.047857557024274,11.486767247419259,0.26288724884429987,0.041192983834563476
transformer,STORE0007,SKU0079,14,993.0,0.25888621627023933,0.2614596557289857,1.0,18.362429482596262,20.94693530073578,0.26503323173855353,-0.09924485436138906
transformer,STORE0009,SKU0062,14,252.0,0.25838128347245476,0.19178577021565377,0.9285714285714286,4.650863102504185,6.440177382025916,0.32258873570903956,-0.025754868038116913
transformer,STORE0011,SKU0065,14,1013.0,0.25829927118721274,0.3211255874993092,1.0,18.689797265189036,24.458663347693324,0.26988466930668525,0.016290003785023214
transformer,STORE0005,SKU0031,14,1061.0,0.25813897480726467,0.3017839934157415,1.0,19.56324659075056,23.21546069866814,0.2549116301931019,0.08140453227166294
transformer,STORE0003,SKU0094,14,641.0,0.25806284769090965,0.45297694168107877,1.0,11.81559181213379,15.610697164221763,0.28872086951355164,0.0720162652026101
transformer,STORE0006,SKU0008,14,381.0,0.25783778613633684,0.4136416220901559,1.0,7.016871179853167,8.470826127836101,0.2851684426173558,0.011986544751745529
transformer,STORE0008,SKU0077,14,960.0,0.257775874932607,0.7765938513166301,1.0,17.676059995378765,21.21547682743352,0.33268026268560635,0.045099111398061116
transformer,STORE0007,SKU0082,14,697.0,0.25749693642045707,0.3570831819242305,1.0,12.819668906075615,18.160479068203795,0.27120337879133344,-0.028183990434731427
transformer,STORE0012,SKU0019,14,256.0,0.25737061351537704,0.3207071242823139,1.0,4.70620550428118,5.472252868539831,0.27344487791415645,0.042177595198154436
transformer,STORE0004,SKU0025,14,450.0,0.25715815226236977,0.3547139231298213,1.0,8.265797751290458,10.661394646028532,0.25893764763053023,0.222719980875651
transformer,STORE0010,SKU0035,14,2699.0,0.25708122013144336,0.4472227288470922,1.0,49.56158665248326,64.95561140473559,0.28415869067967203,-0.07036536019923466
transformer,STORE0011,SKU0022,14,1660.0,0.25692241622740963,0.25352134389443653,1.0,30.463657924107142,34.88485584285425,0.2592790149732062,-0.08877834641789815
transformer,STORE0009,SKU0076,14,399.0,0.2568127816183525,0.3815091608107181,1.0,7.319164276123047,8.959204471593912,0.2763222210947746,0.07523215922496675
transformer,STORE0008,SKU0028,14,2184.0,0.2566155444134723,0.3392447129001725,1.0,40.03202492850168,47.21067364406623,0.2823525068305665,-0.05975831559289506
transformer,STORE0009,SKU0063,14,836.0,0.2561043232821962,0.4632530753921875,1.0,15.293086733136859,19.32451752338521,0.3161308839360371,0.021765499023729533
transformer,STORE0003,SKU0023,14,943.0,0.25607089854753157,0.29551141023047844,1.0,17.24820409502302,21.16265518880229,0.27184241417157223,-0.09226055691376218
transformer,STORE0013,SKU0014,14,483.0,0.25535320495226366,0.30898563316344235,1.0,8.809685570853096,10.496292933467979,0.2734006319612288,-0.0510764191116112
transformer,STORE0012,SKU0030,14,750.0,0.254967529296875,0.28369389772935594,1.0,13.658974783761161,17.461377351743927,0.2610649927270862,-0.05253611246744792
transformer,STORE0010,SKU0086,14,146.0,0.2545862851077563,0.2369512680518429,1.0,2.654971258980887,3.59119236251094,0.2462133249007413,-0.10372044288948794
transformer,STORE0004,SKU0017,14,1849.0,0.2541686780650014,0.23734073012149878,1.0,33.56842041015625,42.53227406061334,0.24845522628769157,-0.11247457253604144
transformer,STORE0002,SKU0059,14,273.0,0.2540398901635474,0.8442075173854694,1.0,4.9537778581891745,6.982570993728138,0.29588666928952845,0.061479533548320184
transformer,STORE0009,SKU0051,14,894.0,0.2538639725721389,0.39558439184221666,1.0,16.21102796282087,20.90434349503272,0.2731773418696579,0.03496822041419797
transformer,STORE0004,SKU0026,14,1729.0,0.2536472918464656,0.3717593067154286,1.0,31.325440543038503,38.31889203003525,0.27984971121550034,0.05477371348198471
transformer,STORE0009,SKU0030,14,587.0,0.25355246444780133,0.35709475080613057,1.0,10.631092616489955,13.762199902165424,0.2618499973314302,0.21529398825546342
transformer,STORE0006,SKU0020,14,812.0,0.25337767013775303,0.3187483387389553,1.0,14.695904867989677,16.881399582770054,0.27420271006665903,-0.03525241607515683
transformer,STORE0009,SKU0068,14,556.0,0.2529301197408772,0.37716795428935596,1.0,10.044939041137695,12.242383619334209,0.2814724763366938,0.12703492830125548
transformer,STORE0004,SKU0098,14,620.0,0.25238235842797063,0.4238726996086383,1.0,11.176933016095843,13.808952559300089,0.2865048316174098,0.0929089023220924
transformer,STORE0003,SKU0071,14,347.0,0.25234734702866085,0.2827494112604545,1.0,6.254609244210379,6.882587666057919,0.2532265578093642,0.04574544285491153
transformer,STORE0012,SKU0066,14,381.0,0.2522071678181646,0.47520119127519367,1.0,6.863637924194336,9.433709089517619,0.29175485121928185,0.08149975553898049
transformer,STORE0009,SKU0064,14,1341.0,0.2521683638172306,0.31459252396707,1.0,24.154126848493302,28.06697866180375,0.274342391367087,-0.06408181642081467
transformer,STORE0011,SKU0064,14,1470.0,0.2520915855355815,0.2732053003982003,1.0,26.469616481236052,31.00638442394509,0.2572019991125837,-0.019828889807876313
transformer,STORE0009,SKU0017,14,1593.0,0.2520091553117521,0.23668216811062456,1.0,28.67504174368722,37.23664770591463,0.2457176484852594,-0.11285545507168815
transformer,STORE0005,SKU0058,14,1467.0,0.25199390351569156,0.30047739908550586,1.0,26.40536117553711,30.543200948423586,0.2661106844819825,-0.0049027987053058
transformer,STORE0002,SKU0083,14,884.0,0.2517248990848593,0.29832125778912777,1.0,15.894629342215401,18.038168593285484,0.2534772387112821,0.09740729353546557
transformer,STORE0001,SKU0036,14,751.0,0.2515278395895317,0.2999114639673751,1.0,13.492671966552734,15.272695352673257,0.2555411515752596,0.11464061305303866
transformer,STORE0004,SKU0027,14,2403.0,0.2512268434699952,0.28882152426353,1.0,43.121293204171316,56.83802744152822,0.25211830152004555,0.019878404913373258
transformer,STORE0010,SKU0037,14,1785.0,0.2511826886516325,0.2520944111405484,1.0,32.02579280308315,37.614524228084385,0.2617685096024828,-0.11403096516927083
transformer,STORE0010,SKU0099,14,1273.0,0.2510180357208612,0.4070320277310419,1.0,22.824711390904017,27.510281489972897,0.28010796766463153,0.10343086859979503
transformer,STORE0013,SKU0080,14,743.0,0.25072250776945504,0.2579790949520863,1.0,13.306201662336077,16.04974506722326,0.2595323571446074,-0.11916082800637984
transformer,STORE0003,SKU0054,14,1121.0,0.25047204241382554,0.42160709091321363,1.0,20.05565425327846,31.089153689180144,0.27938733866907445,-0.042165989327069164
transformer,STORE0009,SKU0088,14,297.0,0.25043958927244453,0.2964800910689576,1.0,5.312897000994002,6.400171645079827,0.24481934529246194,0.1253337282122988
transformer,STORE0002,SKU0075,14,387.0,0.2504347177746992,0.2682678555466262,1.0,6.922731127057757,7.837272791987123,0.24872404086303496,0.030091278312742258
transformer,STORE0002,SKU0034,14,1962.0,0.25005204864719716,0.26467027419908157,1.0,35.043008531842915,40.951923658897435,0.2567206472482146,-0.05025691772212068
transformer,STORE0003,SKU0073,14,120.0,0.24990968704223632,0.2763878685338905,1.0,2.1420830317905972,2.557997607117098,0.24567277386587832,0.058126036326090494
transformer,STORE0006,SKU0077,14,1121.0,0.24987435319612963,0.2643420284126531,1.0,20.007796423775808,23.326748027732116,0.26338779403905693,-0.09495600582126205
transformer,STORE0009,SKU0096,14,1393.0,0.2498298310925442,0.32491604232489557,1.0,24.858068193708146,28.702931169358315,0.2797861493184405,-0.08801335254677403
transformer,STORE0012,SKU0099,14,1401.0,0.24963265636152748,0.6375897722954847,1.0,24.981096540178573,31.855537327594334,0.3050109179869957,0.013436436568048483
transformer,STORE0010,SKU0011,14,330.0,0.2496041962594697,0.2547696031114159,1.0,5.883527483258929,7.358943134957445,0.2416842737454598,-0.03771403919566761
transformer,STORE0005,SKU0005,14,1269.0,0.24923378393535447,0.30511214565349015,1.0,22.59126227242606,29.953976524371978,0.24064733215634737,0.14229831440041063
transformer,STORE0008,SKU0048,14,1241.0,0.2491064263773387,0.29912718170420166,1.0,22.081505366734095,26.14999270809438,0.2665710202116095,0.01137361979888005
transformer,STORE0011,SKU0061,14,1435.0,0.24896766582847887,0.351185945821018,1.0,25.519185747419083,35.107519021615374,0.26669858666618557,0.013578642203832732
transformer,STORE0001,SKU0070,14,1701.0,0.24885743873950525,0.8454235649262862,1.0,30.23617880684989,41.21776525886562,0.2913602269637036,-0.05956339625874945
transformer,STORE0011,SKU0101,14,290.0,0.24876452478869207,0.25856845596198863,1.0,5.152979442051479,6.675345109709889,0.24441653605640182,-0.04600755099592538
transformer,STORE0008,SKU0102,14,1650.0,0.2485016747676965,0.3239072269142186,1.0,29.287697383335658,37.49040313350638,0.2566418309760344,0.12304439197887074
transformer,STORE0004,SKU0038,14,1901.0,0.24845476466564678,0.2962957141232712,1.0,33.736607687813894,43.06000658284005,0.27198430202122703,-0.1374712908412205
transformer,STORE0012,SKU0089,14,590.0,0.2484398599398338,0.2564223459571005,1.0,10.469965526035853,12.799751751755467,0.24215180790957688,0.021767936318607677
transformer,STORE0001,SKU0067,14,615.0,0.2483916926190136,0.28404469279458927,1.0,10.911492211478096,12.502249346611556,0.25070413570974204,0.0467113153721259
transformer,STORE0006,SKU0019,14,307.0,0.24833152348521478,0.48031252417198866,1.0,5.445555550711496,7.908569856331563,0.2742222658888001,0.039850315752557514
transformer,STORE0006,SKU0050,14,250.0,0.2482201995849609,0.2789292875624994,1.0,4.432503564017159,5.078215636640415,0.2417911657174289,0.12172334289550775
transformer,STORE0005,SKU0076,14,437.0,0.24795660547042603,0.37133292327624157,1.0,7.739788327898298,10.582460155000536,0.261014998539003,0.14758366250882704
transformer,STORE0013,SKU0008,14,179.0,0.24792373912960458,0.37730588096512496,1.0,3.1698820931570872,4.445714165752807,0.2512693329019121,0.18608182768581966
transformer,STORE0004,SKU0081,14,1199.0,0.2477409865480348,0.2784425774329827,1.0,21.21724591936384,27.135843333290705,0.2598442607532621,-0.10912808504971591
transformer,STORE0007,SKU0032,14,940.0,0.24767837118595204,0.23981135009372267,1.0,16.629833493913925,28.347073957835068,0.21794915809722099,0.0069816386446039805
transformer,STORE0005,SKU0035,14,2860.0,0.24757658951766007,0.3090464901735371,1.0,50.576360430036274,64.85430929222406,0.2603795075096839,-0.015508451661863567
transformer,STORE0010,SKU0068,14,623.0,0.2471615896944441,0.26267428395707604,1.0,10.998690741402763,12.395122012622993,0.2530984585571065,-0.004372702364362836
transformer,STORE0006,SKU0004,14,1365.0,0.24695691119183552,0.38153740793667523,1.0,24.078298841203964,33.35975235507762,0.26709340881745786,0.04654081016233119
transformer,STORE0007,SKU0046,14,1422.0,0.24679774138159558,0.2443814231328568,1.0,25.067599160330637,32.673264737640444,0.2407644382596931,-0.057882569174893976
transformer,STORE0005,SKU0018,14,1259.0,0.24675004154656785,0.42693111654421073,1.0,22.189878736223495,27.443538359094077,0.2754104518247572,0.06923634329895066
transformer,STORE0008,SKU0001,14,1519.0,0.24670391572471354,0.30185665588889515,1.0,26.76737485613142,37.143499599639725,0.23881391444293612,0.07274219846945205
transformer,STORE0012,SKU0052,14,731.0,0.24669793333792,0.2815822895573798,1.0,12.881156376429967,15.522522694726717,0.24431354010268388,0.05287826892941499
transformer,STORE0008,SKU0039,14,321.0,0.2463339927411896,0.23233522142414334,1.0,5.648086547851562,6.747306400422355,0.2509416010610129,-0.14611262621537915
transformer,STORE0008,SKU0015,14,189.0,0.24614784200355488,0.28568043434629165,1.0,3.322995867047991,4.073743690605085,0.24366166895911995,0.08798355021804728
transformer,STORE0006,SKU0010,14,576.0,0.24582821130752563,0.5113194731430218,1.0,10.114074979509626,15.431641474855274,0.26340644952326076,0.04832896259095934
transformer,STORE0013,SKU0089,14,390.0,0.24568726466252253,0.26463005043791704,1.0,6.844145229884556,7.951621069456547,0.2468221790893072,0.01056995391845704
transformer,STORE0003,SKU0051,14,746.0,0.24554316032348306,0.31170300321360844,1.0,13.083942685808454,16.02610006432938,0.2606301252291102,0.020370212381071444
transformer,STORE0007,SKU0030,14,538.0,0.24519111321318104,0.2721270886696953,1.0,9.422344207763672,11.038064830564775,0.23693009507865212,0.1311549076803555
transformer,STORE0002,SKU0008,14,263.0,0.24514808219648587,0.28291116503107067,1.0,4.605281829833984,4.990581293192104,0.24864621174558238,0.0689272572332462
transformer,STORE0008,SKU0065,14,1094.0,0.24510700916241465,0.24313331959630125,1.0,19.153362001691544,24.83770934936055,0.2431185834960123,-0.05370389739599701
transformer,STORE0007,SKU0024,14,611.0,0.24499143360094236,0.30015255887125,1.0,10.692126137869698,13.157652667913286,0.2525364089123769,0.009408054882492863
transformer,STORE0006,SKU0054,14,1880.0,0.2447304056045857,0.24465699861003393,1.0,32.86379732404436,42.962587022263556,0.2591363575091655,-0.19648893234577586
transformer,STORE0009,SKU0092,14,1306.0,0.2446457949020596,0.2988868129419104,1.0,22.821957724434988,28.653220627980886,0.26183050386564566,-0.03330042022658344
transformer,STORE0012,SKU0056,14,336.0,0.24458160854521252,0.8372993247300788,1.0,5.869958605085101,7.399569856103043,0.30457804543194816,0.018531390598842096
transformer,STORE0003,SKU0022,14,1056.0,0.2442708665674383,0.3341352798560315,1.0,18.42500250680106,22.865422755383957,0.2675626490854516,-0.0006133498567523378
transformer,STORE0003,SKU0039,14,191.0,0.2440937701320149,0.3867894432042734,1.0,3.3301364353724887,4.366651917119012,0.26455403093345814,0.04622394501850866
transformer,STORE0003,SKU0089,14,533.0,0.24377037034025784,0.28528202481917597,1.0,9.280686242239815,11.85781521324522,0.25011871625290927,-0.025237772299245852
transformer,STORE0008,SKU0016,14,488.0,0.2436357599789979,0.24450365131779042,1.0,8.492446490696498,10.672982866467384,0.23730164967675904,-0.06277560015193753
transformer,STORE0001,SKU0046,14,1677.0,0.24358071752012522,0.38599633607303707,1.0,29.177490234375,34.55994443539529,0.2628803824109673,0.11578851380231626
transformer,STORE0010,SKU0061,14,1199.0,0.24352502385410693,0.27768350057251495,1.0,20.856178828648158,23.632152298410503,0.24863273767864308,0.03656782797717176
transformer,STORE0012,SKU0006,14,1388.0,0.2433631193397368,0.39414392629827366,1.0,24.12771497453962,34.31688819876909,0.2621832636536821,0.1832285394586129
transformer,STORE0012,SKU0071,14,404.0,0.24330818062961693,0.2808897317758559,1.0,7.021178926740374,7.95579882013479,0.24407882258843652,0.08258942330237665
transformer,STORE0003,SKU0063,14,680.0,0.24330193014705884,0.3297561454794418,1.0,11.817522321428571,13.568429003455867,0.2819177809990453,0.01745896058924059
transformer,STORE0011,SKU0059,14,425.0,0.24309224745806526,0.3000575094425511,1.0,7.37958608354841,9.65329521154761,0.25829863673528997,-0.11251524981330424
transformer,STORE0006,SKU0092,14,1299.0,0.24284020380573698,0.1827595391758861,0.9285714285714286,22.532101767403738,35.34188612103481,0.2888747648836807,0.14908477689230593
transformer,STORE0010,SKU0096,14,1170.0,0.2427685990292802,0.4358327187215319,1.0,20.28851863316127,26.0276655040159,0.2695553942953231,0.06863544170673076
transformer,STORE0001,SKU0069,14,1641.0,0.2427551576380756,2.000389445038908,1.0,28.45437240600586,41.60545830897642,0.3000458409968557,-0.09310178971740983
transformer,STORE0001,SKU0047,14,1257.0,0.2425411895047888,0.273004515236654,1.0,21.77673394339425,25.544623760163404,0.24278452192562652,0.0605448781258546
transformer,STORE0010,SKU0052,14,721.0,0.24240919158131338,0.37615033899322203,1.0,12.48407336643764,16.85552573582122,0.2642379113823119,0.05875219485300092
transformer,STORE0005,SKU0079,14,1154.0,0.2421689223582038,1.6301616875578329,1.0,19.96163831438337,29.70530618863631,0.28714883842821187,0.09706027131766544
transformer,STORE0012,SKU0009,14,708.0,0.24152375883975272,1.5207325105465639,1.0,12.214201518467494,19.04892177459998,0.31836801446076796,0.08547589469090694
transformer,STORE0005,SKU0052,14,866.0,0.24151051016933098,0.3428690818087137,1.0,14.939150129045759,19.389988980757327,0.253803566128516,0.03443743064827511
transformer,STORE0001,SKU0096,14,1542.0,0.2412411136849845,0.2596094397927321,1.0,26.570985521589005,30.121273754892027,0.24645369246531107,-0.035961240182127
transformer,STORE0011,SKU0070,14,1494.0,0.2410892757226824,0.6387265138644033,1.0,25.727669852120535,35.49146488663118,0.2773716751481363,0.05301417053304363
transformer,STORE0008,SKU0061,14,1310.0,0.24098601013649512,0.29644614931568875,1.0,22.549405234200613,27.20361222108897,0.2440016956653262,0.10933947963569
transformer,STORE0006,SKU0022,14,1508.0,0.24082505608110907,0.5998971538547929,1.0,25.940298897879465,35.310186904713746,0.2745925737556903,0.00255904463305085
transformer,STORE0008,SKU0004,14,1489.0,0.24051664210230492,0.28702443637296654,1.0,25.580662863595144,28.608890219229497,0.25761225543233385,-0.047542630945619425
transformer,STORE0008,SKU0044,14,1387.0,0.24034585107034628,0.30779261917129447,1.0,23.81140681675502,28.81589237666339,0.24881594348443278,0.05117395204352921
transformer,STORE0006,SKU0075,14,592.0,0.24010109257053686,0.25029734220285266,1.0,10.152846200125557,11.529276983097448,0.25079759422521064,-0.10989749753797376
transformer,STORE0012,SKU0064,14,1122.0,0.2400735729305927,0.6365653508952634,1.0,19.240182059151785,29.565541213548226,0.28030913377323136,0.12027048257157977
transformer,STORE0011,SKU0018,14,1152.0,0.23985415697097778,0.34652712922754336,1.0,19.736570630754745,26.664451822659498,0.24415208486819187,0.15291031863954332
transformer,STORE0002,SKU0007,14,321.0,0.23981069404388142,0.2834671353792674,1.0,5.4985166277204245,6.195170974528387,0.24971687870058282,0.01982340114510318
transformer,STORE0003,SKU0011,14,266.0,0.23971104442625119,0.28237419089566357,1.0,4.554509844098773,6.837204330043231,0.2270176318440769,0.020220075334821428
transformer,STORE0005,SKU0067,14,633.0,0.239402192463807,1.121875375482564,1.0,10.82439913068499,14.917412273761135,0.286568558565041,0.023851548325958986
transformer,STORE0002,SKU0001,14,1087.0,0.23938617162344755,0.3550084738334987,1.0,18.586626325334823,25.53804687023287,0.26618858246637833,0.04429114095201817
transformer,STORE0010,SKU0039,14,237.0,0.23931345557361716,0.28472654111665757,1.0,4.0512349264962335,5.287643625578209,0.2525644477964587,-0.07514765292783326
transformer,STORE0008,SKU0085,14,1368.0,0.2392152987028423,0.22964924494369737,1.0,23.374752044677734,32.88113610797368,0.23189130703609,-0.10793462273670221
transformer,STORE0002,SKU0036,14,497.0,0.23854243011781628,0.2872238278377525,1.0,8.468256269182477,12.10658910666193,0.2211852481715876,0.2060224199199101
transformer,STORE0006,SKU0101,14,272.0,0.23846915188957662,0.40791123565773724,1.0,4.633114950997489,6.004060272618957,0.27390708889843307,0.03801539364983055
transformer,STORE0008,SKU0096,14,1339.0,0.23833484379011272,0.327288374318759,1.0,22.795025416782924,31.149015224927552,0.24473062915337046,0.10160175804952973
transformer,STORE0009,SKU0055,14,175.0,0.23818130493164064,0.39752422355777994,1.0,2.977266311645508,4.027449689764398,0.2589486890279439,0.1469720241001674
transformer,STORE0007,SKU0093,14,816.0,0.23801711493847416,0.28370129552657697,1.0,13.872997556413923,16.10989899257779,0.2523059601232677,-0.017962927911795806
transformer,STORE0005,SKU0049,14,789.0,0.23797309111581857,0.8384942389300897,1.0,13.411483492170062,17.587586581849393,0.2902948035422442,-0.015938264486605385
transformer,STORE0012,SKU0078,14,414.0,0.23796277345666564,0.2612392436070059,1.0,7.036899157932827,7.778338260817487,0.2418381055380745,-0.006357851811653149
transformer,STORE0002,SKU0020,14,645.0,0.23795671093371487,0.22686536259989146,1.0,10.96300561087472,13.084612314055272,0.24251742145839167,-0.13097043296163394
transformer,STORE0013,SKU0027,14,1226.0,0.23761341661263446,0.28453675929343253,1.0,20.80814634050642,28.181067014808818,0.23928031084789045,0.02452200038592539
transformer,STORE0004,SKU0040,14,515.0,0.2375111589153993,0.3854192973707384,1.0,8.73701763153076,10.193691747688293,0.29014124935610425,-0.07802869556019604
transformer,STORE0004,SKU0045,14,1259.0,0.23729672481182362,0.3333757678542564,1.0,21.33975546700614,24.678214927212622,0.26486323439710563,0.13873429180990618
transformer,STORE0002,SKU0037,14,1200.0,0.23715880076090495,0.2689616395683113,1.0,20.327897208077566,24.519119860843574,0.23132993219544026,0.11264620463053386
transformer,STORE0011,SKU0066,14,486.0,0.23701794942220053,0.2565019491619666,1.0,8.22790881565639,9.254188662650082,0.24238849843316915,-0.026561132674354577
transformer,STORE0005,SKU0036,14,706.0,0.23634111982567113,0.35406090621499153,1.0,11.918345042637416,15.332778670996703,0.2473685822002021,0.17407569669123746
transformer,STORE0007,SKU0008,14,282.0,0.23632206477171985,0.48333642467432353,1.0,4.760201590401786,6.3253811690504405,0.26595750503490956,-0.0028687335075215587
transformer,STORE0011,SKU0096,14,1533.0,0.2363153944121259,0.8838487395849838,1.0,25.876535688127785,34.482784928010126,0.2988450927476231,-0.038679666637363455
transformer,STORE0009,SKU0006,14,1664.0,0.23623752135496873,0.45916901100094837,1.0,28.078516823904856,37.88843402213434,0.27196765192883554,-0.0038003142063434306
transformer,STORE0002,SKU0041,14,1295.0,0.2362275878434936,0.30402352800925386,1.0,21.851051875523158,26.21009138997213,0.25399349103392105,0.026604028650232262
transformer,STORE0006,SKU0021,14,755.0,0.2361477933972087,0.305370676527275,1.0,12.735113143920898,16.196200898349712,0.23911980076341685,0.13058884475404853
transformer,STORE0011,SKU0014,14,814.0,0.23554274725386787,0.2735984239782413,1.0,13.695128304617745,15.657650730885079,0.24183259988446432,0.07864856954288717
transformer,STORE0004,SKU0046,14,1925.0,0.2352596213600852,0.303184832494186,1.0,32.34819793701172,36.96042435805979,0.2592434167869007,-0.05173424658837259
transformer,STORE0002,SKU0096,14,950.0,0.23512481689453124,0.367711953334922,1.0,15.954898289271764,22.455139704941725,0.24537084641220694,0.09749102140727796
transformer,STORE0002,SKU0004,14,1160.0,0.23496210164037243,0.22683281848238218,1.0,19.46828842163086,23.899745798922496,0.23781421467963967,-0.1299692943178374
transformer,STORE0011,SKU0077,14,1037.0,0.23473492790670955,0.26834087703490805,1.0,17.38715144566127,24.53160239445415,0.2347869991402261,-0.04033165014813243
transformer,STORE0010,SKU0004,14,1388.0,0.2337692656503287,0.2570583321099758,1.0,23.17655290876116,27.522356192893042,0.24959075843544307,-0.11687246317135154
transformer,STORE0008,SKU0030,14,737.0,0.23373077682433005,0.27728996307663717,1.0,12.304255894252233,13.9868865533317,0.23595413230900159,0.11569487158931903
transformer,STORE0002,SKU0025,14,396.0,0.23370187932794745,0.26340854137059516,1.0,6.6104245867047995,7.454940863446519,0.23795646010794907,0.01738422085540465
transformer,STORE0012,SKU0055,14,187.0,0.2336927199746198,0.29804725118401204,1.0,3.1214670453752786,4.057651795064896,0.24051433666930921,0.07511567304478607
transformer,STORE0006,SKU0047,14,1285.0,0.23348417170780641,0.28341673675589363,1.0,21.430511474609375,26.54672509351472,0.24209271526777698,0.05614652522343144
transformer,STORE0003,SKU0082,14,612.0,0.23343051960265715,0.34984154450401966,1.0,10.204248428344727,13.135776755774486,0.2539192617526423,0.08431321811052708
transformer,STORE0005,SKU0001,14,1634.0,0.23342731620573792,0.39111389195455404,1.0,27.24430247715541,36.716706219674215,0.2530660727789015,-0.004311303613819119
transformer,STORE0009,SKU0001,14,1379.0,0.2334226147691092,0.25071056669390973,1.0,22.992127554757253,30.82239601274721,0.22862184861935625,0.029806998780536147
transformer,STORE0008,SKU0080,14,1359.0,0.2332923501795754,1.0255850242764941,1.0,22.646021706717356,32.48023039828711,0.28154415047542,-0.07919074052216991
transformer,STORE0003,SKU0014,14,723.0,0.23246327739203784,0.2122819109148204,1.0,12.005067825317383,17.488028163833103,0.22965021515501083,-0.13750011924226582
transformer,STORE0010,SKU0075,14,475.0,0.2319245629561575,0.27153140812830007,1.0,7.8688691002982,9.697719993124915,0.24698240318732903,-0.06121356763337788
transformer,STORE0004,SKU0039,14,282.0,0.2317706710057901,0.23700916489648255,1.0,4.668523515973773,6.495125711903274,0.2246227809816601,-0.029239167558386008
transformer,STORE0012,SKU0050,14,260.0,0.23159361619215746,0.224568031717544,1.0,4.301024300711496,5.880617951825138,0.22750847444368744,-0.07448563208946815
transformer,STORE0002,SKU0092,14,941.0,0.23143972625894577,0.8313920097868787,1.0,15.556055886404854,22.18830127097886,0.2831433676663306,0.10269167471388067
transformer,STORE0001,SKU0039,14,303.0,0.23120813401225376,0.22018885953044207,1.0,5.004004614693778,6.684307268904833,0.22836275031483672,-0.10340177580074901
transformer,STORE0004,SKU0047,14,1200.0,0.23104909261067708,0.3580171858368802,1.0,19.804207938058035,28.580053846964226,0.2504715670876306,0.10906214396158855
transformer,STORE0004,SKU0031,14,1139.0,0.2309133112692226,0.4440160740745787,1.0,18.786447252546036,22.366450560003877,0.2711523562777945,-0.00907605232325849
transformer,STORE0001,SKU0093,14,1088.0,0.23045725682202509,0.3070748623565991,1.0,17.909821101597377,22.416418195162727,0.24481151818830793,0.04383524025187774
transformer,STORE0001,SKU0012,14,998.0,0.23040316625683008,0.28914539224021774,1.0,16.424454280308314,24.546191733893835,0.22999779367736228,-0.013224660991905664
transformer,STORE0012,SKU0027,14,2358.0,0.23029090874876584,0.21869174108567055,1.0,38.787568773542134,55.728242106556735,0.22472858118144087,-0.12567133818570592
transformer,STORE0006,SKU0030,14,772.0,0.2300691456374727,0.2586192717891989,1.0,12.68667003086635,15.540352765375694,0.22679968621916263,0.08208396397724053
transformer,STORE0012,SKU0018,14,1143.0,0.23003820651263807,0.35697330197503824,1.0,18.78097643171038,22.831353241878347,0.2563556548850609,0.026117226374535216
transformer,STORE0005,SKU0002,14,1008.0,0.22971688376532662,0.258368884043653,1.0,16.539615631103516,20.498107186406063,0.23416091174895676,-0.006090232304164341
transformer,STORE0002,SKU0002,14,862.0,0.2293410290144989,0.21502058592220274,1.0,14.120854786464147,16.813473479540388,0.2393712673567165,-0.16188928643954603
transformer,STORE0009,SKU0059,14,384.0,0.2291091879208883,0.23833642887500087,1.0,6.284137725830079,6.945832055253795,0.2463453862560663,-0.13871324062347412
transformer,STORE0011,SKU0007,14,501.0,0.22902550383242304,0.24381337590909885,1.0,8.195841244288854,12.432541621173376,0.228994085878169,-0.10818737662005092
transformer,STORE0003,SKU0069,14,1055.0,0.22887261919500704,0.2809912493491558,1.0,17.2471866607666,21.804601033383527,0.2414298067883717,0.008580982515597203
transformer,STORE0010,SKU0007,14,334.0,0.22883512873849468,0.4002005386172528,1.0,5.459352357046945,7.678266613293792,0.2582043041962959,0.15073691156809915
transformer,STORE0007,SKU0003,14,248.0,0.22871488140475366,0.151609351494668,0.9285714285714286,4.051520756312779,6.095519649018188,0.2835898499162838,0.044333980929466985
transformer,STORE0012,SKU0084,14,351.0,0.22867102772421985,0.2716865071464644,1.0,5.733109337942941,6.80035568081944,0.2409093338543838,-0.01140443416062926
transformer,STORE0004,SKU0036,14,786.0,0.22832704500387643,0.2947384150269614,1.0,12.818932669503349,14.973388140380331,0.24585342177539207,0.08801651971637445
transformer,STORE0001,SKU0002,14,954.0,0.228215119623788,1.2906791933147765,1.0,15.551230294363839,22.354798364867335,0.27839981441041367,0.06032611838926559
transformer,STORE0009,SKU0011,14,293.0,0.22801605589153823,0.4004173320882617,1.0,4.772050312587193,6.424971470121618,0.2594191268144232,0.10747745500896572
transformer,STORE0009,SKU0020,14,639.0,0.22787103070899353,0.4195960773719232,1.0,10.400684901646205,13.811863318283537,0.26194029729381346,0.04073711031106346
transformer,STORE0002,SKU0093,14,797.0,0.22786182322197007,0.3626434070076688,1.0,12.97184807913644,16.936099807058103,0.254177307625363,0.007045195422776837
transformer,STORE0005,SKU0095,14,571.0,0.2276769461022158,0.20123195447849915,1.0,9.285966873168945,13.644286484541505,0.22422704798298512,-0.16246498361777925
transformer,STORE0008,SKU0095,14,449.0,0.2271948094357361,0.26778627501285085,1.0,7.286462102617536,8.539866917483835,0.23324106158291033,0.04506111994618031
transformer,STORE0004,SKU0102,14,1893.0,0.22701227154860218,0.2729381862190016,1.0,30.695302145821707,40.814988415255506,0.23497369764018278,-0.008643160909178126
transformer,STORE0004,SKU0037,14,1788.0,0.2269101921610651,0.4075326844106559,1.0,28.97967311314174,37.27644198942962,0.2582064595329408,0.03486250977654851
transformer,STORE0005,SKU0039,14,295.0,0.22680320093187234,0.2548953646953893,1.0,4.77906744820731,5.515150893839953,0.2370128400259717,-0.04964253053826798
transformer,STORE0008,SKU0075,14,510.0,0.22671875299191943,0.3301313661646686,1.0,8.25904028756278,10.436510842058576,0.2418413592685377,0.03932070264629291
transformer,STORE0009,SKU0075,14,458.0,0.22668611118366624,0.28456126242973034,1.0,7.415874208722796,9.804033497447227,0.23662216314538456,-0.00493356962911945
transformer,STORE0009,SKU0027,14,1920.0,0.22617179155349731,0.33571927535701435,1.0,31.017845698765345,36.696273261849825,0.2538232034508552,0.11109877824783324
transformer,STORE0006,SKU0018,14,1342.0,0.2259281118651616,0.2668040446631036,1.0,21.656823294503347,27.863610785870844,0.22897979412571082,0.023234530817023334
transformer,STORE0009,SKU0035,14,2812.0,0.22564947961234774,0.22742886259354478,1.0,45.32330976213728,53.87807905529682,0.23668911973514214,-0.1135456524736342
transformer,STORE0005,SKU0051,14,1281.0,0.22560598476150834,0.21998456075478615,1.0,20.642947605678014,24.079314940665604,0.23711714579326687,-0.16246586605313232
transformer,STORE0012,SKU0004,14,1315.0,0.22543822894078244,0.311614622153133,1.0,21.175090789794922,27.503679600231568,0.2424295165854391,-0.058295971540443796
transformer,STORE0007,SKU0047,14,1027.0,0.22541430212390456,0.3120116648496758,1.0,16.535749162946427,20.027152800209223,0.25018357221472576,-0.04349399704083495
transformer,STORE0005,SKU0081,14,1122.0,0.22525171290106952,0.2385574481875068,1.0,18.052315848214285,25.45370831806166,0.22315351767106678,-0.03613609001173267
transformer,STORE0003,SKU0024,14,659.0,0.22519715675272964,0.22929237467066763,1.0,10.600351878574916,13.39012273657591,0.22773977629411896,-0.07658749176627407
transformer,STORE0009,SKU0080,14,1224.0,0.22491307975419986,0.26928315644840356,1.0,19.663829258510045,25.17193913535036,0.2361963359969639,-0.10436412088232103
transformer,STORE0001,SKU0054,14,1489.0,0.2247576332476573,0.24922127160473526,1.0,23.904579707554408,29.150906938839146,0.22141862419857508,0.031108658933415367
transformer,STORE0007,SKU0068,14,518.0,0.22468247284760345,0.3083643924980754,1.0,8.313251495361328,9.645501146630973,0.2566998454149241,0.017778286142238805
transformer,STORE0011,SKU0005,14,1749.0,0.22458277462958745,0.20225457585810827,1.0,28.056805201939174,41.166641385727594,0.2212600795194166,-0.1791209443900979
transformer,STORE0006,SKU0070,14,1667.0,0.22454157087283716,0.2685376066084206,1.0,26.736485617501394,31.651562880022325,0.24201146170168525,-0.04727322510351442
transformer,STORE0012,SKU0101,14,250.0,0.22454063415527345,0.23193284790500596,1.0,4.009654181344168,5.887313615657596,0.21721842682988443,-0.025725631713867193
transformer,STORE0004,SKU0024,14,1022.0,0.22446499132130243,0.20831725915997817,1.0,16.385944366455078,20.143221202072176,0.22933175640220793,-0.15599356425485034
transformer,STORE0001,SKU0029,14,595.0,0.2243400766068146,0.25087790208184424,1.0,9.53445325578962,10.808687316552442,0.23574168689754912,-0.03493206120338759
transformer,STORE0005,SKU0040,14,431.0,0.22409791348981747,0.30492283793252606,1.0,6.899014336722238,8.402695347009415,0.24010189062221743,0.09674243971255983
transformer,STORE0004,SKU0023,14,1222.0,0.22384313280570722,0.29779855014873824,1.0,19.538307734898158,22.452985138383777,0.25696336517697865,-0.012200606825308793
transformer,STORE0007,SKU0059,14,282.0,0.22319221496582026,0.23705733955217728,1.0,4.495728901454379,5.475337577728263,0.2219192193398618,0.02017118575725151
transformer,STORE0008,SKU0042,14,281.0,0.22312139870857428,0.21222840845751456,1.0,4.478365216936384,5.611214794468362,0.2337547647279435,-0.16257612560991716
transformer,STORE0001,SKU0023,14,1189.0,0.22289127898476924,0.32708084700061235,1.0,18.929837908063615,26.536950860475052,0.2363065357931434,0.0030444556670193032
transformer,STORE0010,SKU0095,14,461.0,0.22288039863238882,0.3015196979664361,1.0,7.339133126395089,9.457165237346095,0.24742234709575622,-0.1258097253497407
transformer,STORE0010,SKU0014,14,807.0,0.22281253441263457,0.26589396777214885,1.0,12.843551090785436,16.462176611025896,0.23658148965758202,-0.05581481631065095
transformer,STORE0012,SKU0007,14,380.0,0.22280804985447933,0.2439944867687775,1.0,6.047647067478725,8.2433954505569,0.2172445006454786,0.024572507958663146
transformer,STORE0010,SKU0016,14,400.0,0.22276260375976562,0.30448252002477216,1.0,6.364645821707589,7.690769017733288,0.2449666503758932,-0.04772918701171875
transformer,STORE0008,SKU0038,14,1628.0,0.22262404064581492,0.23761045583863508,1.0,25.88799558367048,32.26650617241851,0.2215980514515397,-0.014332600249119413
transformer,STORE0008,SKU0087,14,544.0,0.2225167330573587,0.22886807007791135,1.0,8.646364484514509,10.575052527561162,0.22718511139795994,-0.08842737534466913
transformer,STORE0002,SKU0009,14,721.0,0.2224751973780448,0.2704561293795319,1.0,11.457472664969307,14.16439315189761,0.24088037919741692,-0.11666006651731536
transformer,STORE0005,SKU0048,14,1173.0,0.22239435948780836,0.29153698878346596,1.0,18.633470262799943,22.132243727120187,0.2405304937720468,0.09431796386926884
transformer,STORE0001,SKU0038,14,1504.0,0.22228963831637769,0.3660510814197066,1.0,23.880258287702286,32.008848382429434,0.25048901137200724,0.07840043433169101
transformer,STORE0002,SKU0030,14,632.0,0.2219914424268505,0.23157332497654393,1.0,10.02132797241211,12.028150971263916,0.22715970674062988,-0.05058277709574639
transformer,STORE0003,SKU0053,14,403.0,0.22196223067290727,0.24178372504318763,1.0,6.389341354370116,7.755649009191471,0.23839005219135115,-0.09757401156366315
transformer,STORE0005,SKU0050,14,257.0,0.22189604169199903,0.2955207957312137,1.0,4.073377336774554,5.095537758810374,0.23029668219885058,0.09020256903384913
transformer,STORE0008,SKU0072,14,583.0,0.22154606840418298,0.28190224778200923,1.0,9.225811277117048,11.282205613022814,0.23316238354924482,0.021447543214565688
transformer,STORE0012,SKU0010,14,552.0,0.22130114099253778,0.23264136686258732,1.0,8.725587844848633,10.494585027428174,0.2288805853379667,-0.06301656667736995
transformer,STORE0012,SKU0002,14,1021.0,0.22128883608408,0.21874795074155198,1.0,16.138278688703263,20.84359455667069,0.2307426078685053,-0.1444431458117329
transformer,STORE0008,SKU0002,14,1009.0,0.22121495983172929,0.24009026659635851,1.0,15.943278176443917,17.658215807264206,0.2252501710291141,-0.014283156607621252
transformer,STORE0002,SKU0005,14,982.0,0.22101997406565244,0.38865772992730924,1.0,15.50297246660505,20.386001494523423,0.2518862205625549,0.030233872640885534
transformer,STORE0012,SKU0036,14,655.0,0.2209639454615935,0.25204186490701236,1.0,10.337956019810267,12.282712639686752,0.22111875487749694,0.06747217542342557
transformer,STORE0010,SKU0073,14,138.0,0.22079570051552594,0.2560131089723604,1.0,2.17641476222447,2.568604412026394,0.2244520053817925,0.0437130858932716
transformer,STORE0006,SKU0029,14,550.0,0.22071354259144177,0.2519773449298265,1.0,8.670889173235212,10.185057069102175,0.22784114742528438,0.013979436700994318
transformer,STORE0006,SKU0007,14,453.0,0.22052121951880044,0.3175375118144478,1.0,7.135436603001186,8.829546046068618,0.23850003449338342,0.01345492988232746
transformer,STORE0011,SKU0040,14,548.0,0.22050872510367064,0.20353698618782193,1.0,8.631341525486537,11.470234503929863,0.2264314293374406,-0.15847050534547677
transformer,STORE0007,SKU0035,14,2441.0,0.22042810423654496,0.2116341043976975,1.0,38.433214460100444,45.61694130529286,0.23008583254906806,-0.14139789110908055
transformer,STORE0012,SKU0086,14,129.0,0.22041332629299903,0.24219871842576546,1.0,2.030951363699777,2.5035507854629815,0.21638893398705822,0.05503135503724561
transformer,STORE0011,SKU0050,14,248.0,0.22034920415570663,0.7860107758241117,1.0,3.9033287593296606,6.064053607067571,0.2625370637155174,0.12215781980945216
transformer,STORE0002,SKU0010,14,377.0,0.220321275827423,0.39634967310555264,1.0,5.932937213352749,10.352473975281308,0.2227371808290333,0.16406053194000486
transformer,STORE0013,SKU0017,14,772.0,0.21987416954238181,0.84075802635783,1.0,12.124489920479911,16.650397631383438,0.2618993588532962,0.07787951533658519
transformer,STORE0002,SKU0074,14,857.0,0.21957648954981265,0.23273176503861331,1.0,13.441217967442103,16.247583919979157,0.22758708881201126,-0.05997996291313037
transformer,STORE0002,SKU0003,14,250.0,0.21954649353027345,0.28102924075123653,1.0,3.920473098754883,4.983198494337945,0.23203593687603136,0.0370348663330078
transformer,STORE0004,SKU0091,14,408.0,0.21931741284389122,0.21120274801925096,1.0,6.391536031450544,7.542513618175493,0.23217439602890572,-0.17475049168455833
transformer,STORE0001,SKU0060,14,927.0,0.21927809072286694,0.28069029038459736,1.0,14.519342150006976,17.977769656931557,0.2328139253632828,0.016999871213845066
transformer,STORE0009,SKU0066,14,434.0,0.21900094379477786,0.21874955827842094,1.0,6.789029257638114,9.049282817762416,0.21286047204433584,-0.042840228102723574
transformer,STORE0004,SKU0100,14,1247.0,0.2189281374909157,0.23741087746808068,1.0,19.50024196079799,23.38640158483325,0.21538633717631925,0.05736929030062775
transformer,STORE0010,SKU0038,14,1464.0,0.2188252099876195,0.3541205718089731,1.0,22.88286481584821,29.24844313125195,0.24768436132579724,-0.039397463772466244
transformer,STORE0009,SKU0013,14,1701.0,0.2187774990110941,0.23035363080853985,1.0,26.581466129847936,36.051038683523274,0.2448343876260569,-0.14511759206871647
transformer,STORE0008,SKU0094,14,1177.0,0.21861577580921104,0.1933396619283529,1.0,18.37934058053153,24.296935633583026,0.22121719169845777,-0.1748625140323817
transformer,STORE0008,SKU0084,14,433.0,0.2179852501074106,0.23111278429340282,1.0,6.741972378322056,8.611375336775074,0.22503340549134387,-0.07513472224493226
transformer,STORE0004,SKU0033,14,1635.0,0.21783875165000238,0.2477278352137364,1.0,25.44045421055385,29.859530879721994,0.2139305760799061,0.11708512612439077
transformer,STORE0012,SKU0065,14,842.0,0.21778352243600152,3.7693395444020026,1.0,13.098123277936663,19.342247524542568,0.29093312194595206,0.061190244987288464
transformer,STORE0003,SKU0076,14,356.0,0.21730289030610844,0.2585365013667362,1.0,5.525702067783901,6.468005773673277,0.22938495471425746,0.003709525204776388
transformer,STORE0001,SKU0050,14,267.0,0.217218691936593,0.242111658373683,1.0,4.14267076764788,4.827332636285914,0.21754380105457538,0.04426874739400454
transformer,STORE0013,SKU0032,14,642.0,0.21711012581798517,0.3293374481474278,1.0,9.956050055367607,13.04568036070806,0.23363262207250038,0.009381285337644214
transformer,STORE0007,SKU0001,14,1190.0,0.21709760778090534,0.43499112474650864,1.0,18.453296661376953,22.830745057635657,0.2565229806750741,-0.029399692311006434
transformer,STORE0011,SKU0009,14,904.0,0.21696375956577538,0.34079629710554754,1.0,14.009659903390068,17.832762688540907,0.24779660878475918,-0.00434873800362106
transformer,STORE0009,SKU0074,14,1042.0,0.21684259279218152,0.19645297710986306,1.0,16.13928440638951,29.607578401328364,0.1899444370839163,-0.0659138245683256
transformer,STORE0003,SKU0037,14,1223.0,0.21678630114576414,0.2850048026172189,1.0,18.93783187866211,23.849351344001015,0.2250496811671677,0.1081172603129951
transformer,STORE0004,SKU0049,14,781.0,0.21651383520851672,0.22508099150338848,1.0,12.07837894984654,14.501865977165178,0.21679335732208943,-0.00641601796950025
transformer,STORE0004,SKU0034,14,3135.0,0.21644924230742874,0.20631499050328525,1.0,48.46916961669922,64.08298603193877,0.21562960337181444,-0.137068222508286
transformer,STORE0002,SKU0102,14,1430.0,0.2162792872715663,0.2720344809251605,1.0,22.09138434273856,30.383511327666575,0.23789509575898296,-0.07062463827066488
transformer,STORE0003,SKU0091,14,230.0,0.21619947682256285,1.1976629498589861,1.0,3.5518485477992465,5.619390264451738,0.27721972874623224,0.04973106384277344
transformer,STORE0011,SKU0068,14,657.0,0.21595873317399164,0.24279759083205835,1.0,10.134634835379464,12.233865818006867,0.21461038330023915,0.08273978501875835
transformer,STORE0011,SKU0071,14,524.0,0.21595295330950323,0.23893286354133095,1.0,8.082810538155693,9.642652027432451,0.22430148180266465,-0.03500961711388508
transformer,STORE0004,SKU0007,14,466.0,0.21589575509656653,0.24682363837842924,1.0,7.186244419642857,8.657824787264733,0.2256454311607612,-0.026174095055576045
transformer,STORE0002,SKU0033,14,1228.0,0.21573667495180807,0.23705091330526784,1.0,18.92318834577288,21.785495371115946,0.22077362656956476,0.0012401121058759046
transformer,STORE0004,SKU0041,14,1795.0,0.2156039224693702,0.2398260691766543,1.0,27.643502916608536,31.80500574196511,0.21836536371535106,0.012831404747073017
transformer,STORE0002,SKU0014,14,713.0,0.21556027106115222,0.20292335198711284,1.0,10.97817666190011,14.178377123783001,0.2129855697476141,-0.11021154759475259
transformer,STORE0009,SKU0047,14,1126.0,0.21547144725521758,0.26373899176100235,1.0,17.330060686383927,22.670412649404955,0.22322600746783985,0.02485372160510101
transformer,STORE0008,SKU0099,14,1683.0,0.21528296377144607,0.26121780282667356,1.0,25.88008771623884,30.19715449804838,0.23288956699912947,-0.018311689244234607
transformer,STORE0009,SKU0025,14,431.0,0.2152796344801334,0.3912429717543648,1.0,6.627537318638393,9.303866928743739,0.2339177623395024,0.13908841161882796
transformer,STORE0007,SKU0063,14,671.0,0.21522415092911698,0.2525195134694725,1.0,10.315386090959821,11.660203856988101,0.22463084034556693,0.04549777490016069
transformer,STORE0013,SKU0065,14,548.0,0.21475554556742202,0.2431246457563299,1.0,8.406145640781947,11.39446047957216,0.22402278727043293,-0.019420790846330405
transformer,STORE0007,SKU0072,14,375.0,0.2146793416341146,0.27282124848900857,1.0,5.750339508056641,7.593551902341295,0.21391641492509023,0.16956223551432292
transformer,STORE0005,SKU0063,14,922.0,0.2138210222157377,2.020226917938054,1.0,14.081641605922155,18.907335331559462,0.28502428158250737,0.06179553050539761
transformer,STORE0011,SKU0003,14,339.0,0.21363531242078032,0.2520911197502445,1.0,5.173026493617466,6.107981771779154,0.2253069397048046,-0.01473265341249538
transformer,STORE0013,SKU0009,14,401.0,0.21351192122385687,0.24290482298160393,1.0,6.1155914579119,7.504206395310466,0.20541090280109456,0.15076164473916526
transformer,STORE0004,SKU0005,14,1558.0,0.21348931210950037,0.22987542023471624,1.0,23.75831059047154,27.923783209401215,0.22538754660931587,-0.0809034217765916
transformer,STORE0001,SKU0095,14,501.0,0.21316147612002556,0.22301105311015798,1.0,7.628135681152344,9.054934101807222,0.21671213435009823,-0.06747007084463887
transformer,STORE0008,SKU0011,14,338.0,0.2130560451710718,0.2232996731005727,1.0,5.143781661987305,7.071979314028422,0.1962482044293485,0.0978748050667125
transformer,STORE0010,SKU0077,14,817.0,0.2130381982212697,0.2742440422444314,1.0,12.432300567626953,16.040771304940098,0.22527307544482206,0.05449685851976077
transformer,STORE0009,SKU0033,14,1735.0,0.21290436670484736,0.24026500736817533,1.0,26.38493401663644,31.224509578012846,0.22911816820272704,-0.07716741204605322
transformer,STORE0003,SKU0077,14,729.0,0.21273208220472714,0.226592942784788,1.0,11.07726342337472,12.758025538832966,0.21923631742817715,-0.02958861299993569
transformer,STORE0004,SKU0079,14,1285.0,0.21258643480590345,0.23020319650702734,1.0,19.51239776611328,24.884642860947125,0.2163677950233527,-0.022809716606882306
transformer,STORE0001,SKU0097,14,1117.0,0.21256600348353918,0.21568056297465357,1.0,16.959730420793807,20.43723165099619,0.21198213767147905,-0.04706252464355906
transformer,STORE0003,SKU0056,14,301.0,0.21210524093273075,0.23031057337345096,1.0,4.560262680053711,5.465961446500833,0.22453073577727325,-0.045852458358207
transformer,STORE0012,SKU0095,14,442.0,0.2117480627551877,0.1953150069688654,1.0,6.685188838413784,9.390678781333087,0.2046565311482945,-0.08876771193284257
transformer,STORE0010,SKU0018,14,1117.0,0.21149071648169973,0.2507429660123494,1.0,16.8739378792899,20.594814987610256,0.22025054179461198,0.02766083091524102
transformer,STORE0005,SKU0043,14,925.0,0.21144831889384502,0.25852221326378805,1.0,13.97069249834333,16.957325745298043,0.22872302287445975,0.015705314842430335
transformer,STORE0012,SKU0026,14,1485.0,0.21131779834477588,0.3497647965379559,1.0,22.41478075299944,28.945562787092786,0.2369719473429884,0.05013742157907195
transformer,STORE0004,SKU0002,14,1095.0,0.2107155020378496,0.20510463654154656,1.0,16.48096248081752,19.2803703626022,0.21306431146970878,-0.08383404457405821
transformer,STORE0010,SKU0025,14,401.0,0.21046259872931197,0.25669449266927524,1.0,6.02825014931815,7.527081321694296,0.2112905544324263,0.14653770941451302
transformer,STORE0003,SKU0062,14,199.0,0.21044333376477112,0.22000595120826194,1.0,2.9913016727992465,3.388613788211321,0.20495886549881856,0.06655207111607844
transformer,STORE0013,SKU0102,14,928.0,0.21042494527224836,0.22164830377832073,1.0,13.94816780090332,15.846694203736773,0.209541677808691,0.008317293791935361
transformer,STORE0004,SKU0078,14,475.0,0.20971544767680922,0.24091364797036466,1.0,7.115345546177456,8.261845124471721,0.21816974046010337,0.005617113615337156
transformer,STORE0001,SKU0040,14,430.0,0.20961875915527345,0.28203380407238154,1.0,6.438290459769113,7.825265557678435,0.2261451278937289,0.07588842525038608
transformer,STORE0008,SKU0064,14,1430.0,0.20954585575557255,0.21790106319913258,1.0,21.403612409319198,24.16226814721726,0.2084671550859572,-0.0030038153374945665
transformer,STORE0005,SKU0012,14,1056.0,0.20944116332314236,0.27017937203511444,1.0,15.797847747802738,21.12458458592387,0.23274773942669547,-0.06376200733762802
transformer,STORE0007,SKU0023,14,1017.0,0.209412795135288,0.18989268080356042,1.0,15.212343760899135,19.73172008938058,0.20835679061110232,-0.1586098497478894
transformer,STORE0009,SKU0091,14,302.0,0.2093582721735468,0.23629058112148152,1.0,4.516157014029367,5.3324728465760245,0.2177754486100739,-0.0385177751250614
transformer,STORE0004,SKU0090,14,284.0,0.20903608832560797,0.2626428172460337,1.0,4.240446363176619,5.6569121812107666,0.20784711098631575,0.1809828583623322
transformer,STORE0012,SKU0015,14,171.0,0.2089162458453262,0.2401715321962979,1.0,2.55176271711077,3.1854979206346066,0.21265977523064858,0.04094468501576203
transformer,STORE0007,SKU0060,14,758.0,0.20884496240942962,0.2646956344521232,1.0,11.307462964739118,14.27147384919803,0.22711475726834132,-0.09291932199120836
transformer,STORE0010,SKU0051,14,907.0,0.2083624573763308,0.399002106617402,1.0,13.498910631452288,19.721270300565862,0.22942923943223295,0.01568909700807952
transformer,STORE0007,SKU0044,14,1071.0,0.20811104796736402,0.2982521033648167,1.0,15.920495169503349,21.984673320560315,0.22977682575949454,0.013475334388312617
transformer,STORE0005,SKU0102,14,2057.0,0.20796684669416743,0.22769216568402637,1.0,30.55627168927874,37.888861047470385,0.22933848837204776,-0.09285436397509836
transformer,STORE0002,SKU0060,14,598.0,0.20774089851506977,0.296471308854953,1.0,8.873504093715123,11.394636662779993,0.2220955252763252,0.15296173095703128
transformer,STORE0007,SKU0099,14,1133.0,0.20767638836933885,0.24533164857155865,1.0,16.80695343017578,22.055183726540573,0.2089141437546404,0.0539487348861223
transformer,STORE0008,SKU0027,14,2431.0,0.20762764206152304,0.27550121201242417,1.0,36.05305698939732,46.067558628917915,0.2326104107262161,-0.05072517347943875
transformer,STORE0005,SKU0068,14,689.0,0.20740944761323307,0.2163313338965395,1.0,10.207507814679827,11.884008560501455,0.1991700819984016,0.05565728020079768
transformer,STORE0012,SKU0025,14,456.0,0.2072418447126422,0.21245510169627108,1.0,6.7501629420689175,7.498212134876982,0.20328999321823416,0.02049650225722999
transformer,STORE0011,SKU0047,14,1260.0,0.20704947577582467,0.2429912301869213,1.0,18.63445281982422,22.474374939193055,0.214490483275043,0.024220324319506437
transformer,STORE0004,SKU0032,14,1320.0,0.20697090842507102,0.25707590232266886,1.0,19.514399937220983,24.059791244999023,0.21722999007533997,0.04203776735247987
transformer,STORE0012,SKU0038,14,1419.0,0.20630256486157447,0.26630067281859654,1.0,20.91023853846958,25.875560881857346,0.22752391968511715,-0.016849364589183024
transformer,STORE0005,SKU0072,14,626.0,0.20586848639832517,0.21911521408173887,1.0,9.205262320382255,11.221698358866563,0.213274358712685,-0.04395960847409767
transformer,STORE0007,SKU0025,14,380.0,0.20576474039178144,0.25180679811763096,1.0,5.585042953491211,7.345045123318632,0.210097715389612,0.053680841546309616
transformer,STORE0004,SKU0055,14,228.0,0.2056514673065721,0.23881374934290514,1.0,3.3491810389927457,4.237677342769647,0.20969447516639636,0.028127369127775494
transformer,STORE0012,SKU0094,14,813.0,0.205551672978888,0.2621711015023365,1.0,11.936679295131139,15.120014672694149,0.21529308687279183,0.03454471602211141
transformer,STORE0002,SKU0055,14,165.0,0.20509490966796878,0.9554766550274743,1.0,2.4171900068010608,3.7730799825123644,0.24850317515443082,0.098640488133286
transformer,STORE0004,SKU0093,14,1345.0,0.2048959611516903,0.17679480553739044,1.0,19.684647696358816,26.6658567407714,0.20047521360273116,-0.1649780840678729
transformer,STORE0008,SKU0033,14,1750.0,0.2046266087123326,0.21770195060076755,1.0,25.578326089041575,31.429659527206873,0.20636765050609265,0.013861768450055812
transformer,STORE0007,SKU0062,14,196.0,0.20458910416583626,0.2565666233362699,1.0,2.8642474583217075,3.7289392400193635,0.2082424201702667,0.1261530506367586
transformer,STORE0006,SKU0067,14,557.0,0.20425407505549048,0.25002791098818117,1.0,8.126394271850586,10.164046419539822,0.2042693341253658,0.15224605402783817
transformer,STORE0005,SKU0096,14,1530.0,0.20409678540198628,0.27520417778360684,1.0,22.304862976074215,27.14843391118174,0.22479942517815824,-0.022735116996017195
transformer,STORE0011,SKU0054,14,1640.0,0.2036266978194074,0.22015151405506841,1.0,23.85341317313058,30.10325592050375,0.21531886832620772,-0.07077704638969609
transformer,STORE0003,SKU0061,14,1121.0,0.20301692938825894,0.18671159466625098,1.0,16.255855560302734,25.259025369933163,0.19329901999117124,-0.07666409685609599
transformer,STORE0008,SKU0100,14,1462.0,0.20192471150660482,0.20459503613412006,1.0,21.08670915876116,22.76227302922254,0.20958710823196366,-0.09414513166560685
transformer,STORE0012,SKU0035,14,2425.0,0.2017055110341495,0.20800229312128185,1.0,34.93827601841518,38.38418338988534,0.19727988791743803,0.03657343598985179
transformer,STORE0003,SKU0052,14,632.0,0.20162715187555627,0.22181614384731138,1.0,9.102025713239398,11.128988537725833,0.2053925738254996,-0.0018614998346642602
transformer,STORE0007,SKU0100,14,955.0,0.2014706916209915,0.24418232511943655,1.0,13.743179321289062,19.28917045723728,0.20845126452324697,0.0008213542518815445
transformer,STORE0009,SKU0060,14,817.0,0.2011566769099148,0.23175806328399637,1.0,11.738928931100029,14.27633478120041,0.209761498835421,0.0008575878353422566
transformer,STORE0004,SKU0012,14,1052.0,0.20081544738305385,0.22095385364430548,1.0,15.08984647478376,21.196117579170927,0.20992458029448172,-0.06353208592636048
transformer,STORE0007,SKU0045,14,912.0,0.20031967497708505,0.307070035443133,1.0,13.049395969935826,16.752546262016438,0.23223612422081133,0.1376743149339107
transformer,STORE0005,SKU0094,14,1048.0,0.20030526896469467,0.24523413639917294,1.0,14.994280133928571,20.130174093732762,0.2160310508098866,-0.05247341767522215
transformer,STORE0013,SKU0090,14,173.0,0.19991375256135974,0.24141334963137556,1.0,2.470362799508231,3.081805765088184,0.20113380288286473,0.15008516256519824
transformer,STORE0005,SKU0027,14,2564.0,0.19967291916774327,0.21397959603512465,1.0,36.56866891043527,45.765171287927195,0.20683925978190001,-0.07326787273151085
transformer,STORE0010,SKU0081,14,1047.0,0.19957966699755067,0.19173417782812227,1.0,14.925707953316826,18.602780907020325,0.20829775779046455,-0.12670548301485457
transformer,STORE0010,SKU0070,14,1503.0,0.19951427101850985,0.22133700477065818,1.0,21.41928209577288,24.438592118117917,0.21495814468025345,-0.0961005438666937
transformer,STORE0010,SKU0063,14,942.0,0.199490358875056,0.20263646454285947,1.0,13.422851290021626,18.16282384950102,0.20369983830701271,-0.12005002534060472
transformer,STORE0001,SKU0080,14,1224.0,0.1994889327903199,0.19970855534557266,1.0,17.44103240966797,21.892277933007538,0.18821067399489028,0.033858741810119254
transformer,STORE0007,SKU0037,14,1408.0,0.19941980188543146,0.22322710889128441,1.0,20.055934361049108,26.22459599037135,0.20738324626664204,-0.05672412568872623
transformer,STORE0004,SKU0057,14,1483.0,0.19940200466122565,0.2089285432517957,1.0,21.122369493756974,28.554964933476434,0.20439976678646682,-0.10794468144669538
transformer,STORE0008,SKU0098,14,692.0,0.19935635472997765,0.23414625429575908,1.0,9.853899819510323,11.849507451320832,0.21325113309379495,-0.026996689724784313
transformer,STORE0008,SKU0020,14,909.0,0.19919444337011827,0.1879278812367988,1.0,12.93341064453125,16.003967909750493,0.20388332539475792,-0.1520873553419795
transformer,STORE0004,SKU0061,14,1480.0,0.19905461491765203,0.19642549429519723,1.0,21.042916434151785,25.179172171117813,0.19332566588222094,-0.007712204391891911
transformer,STORE0003,SKU0097,14,800.0,0.19893041610717774,0.2024965252779149,1.0,11.367452348981585,15.681572580658905,0.1940987338369753,-0.031096525192260714
transformer,STORE0010,SKU0050,14,236.0,0.19838971606755662,0.1916441802086431,1.0,3.344283785138811,4.135828286184337,0.19094168987568924,-0.002475043474617666
transformer,STORE0010,SKU0056,14,374.0,0.19831262680298503,0.18463845351411365,1.0,5.2977801731654575,6.781576478619023,0.19248606756474101,-0.10467080508961397
transformer,STORE0003,SKU0087,14,310.0,0.19827510464575984,0.4267916247667284,1.0,4.39037731715611,6.628311620172393,0.21892098369124738,0.17614151739305065
transformer,STORE0006,SKU0026,14,1829.0,0.1977194300631215,0.22984558323165644,1.0,25.830631256103516,31.764365529986495,0.20768483715069566,-0.012115991591364374
transformer,STORE0009,SKU0078,14,492.0,0.1977054665728313,0.18587378253044506,1.0,6.947934968130929,8.21598726501581,0.20595604603524362,-0.15782710982532036
transformer,STORE0002,SKU0058,14,1066.0,0.19734198335858716,0.2577617574995976,1.0,15.026182447160993,21.297356399152186,0.20998835396771914,-0.022530138828070034
transformer,STORE0007,SKU0004,14,991.0,0.19703151575852595,0.25761429006206865,1.0,13.94701657976423,18.209250036629758,0.21258872767513,0.024057929138122006
transformer,STORE0003,SKU0046,14,1266.0,0.19663795362716602,0.22811955286281074,1.0,17.7816892351423,26.157589465594782,0.19069898957733203,0.07446665108486375
transformer,STORE0007,SKU0040,14,332.0,0.1963036376309682,0.2422018163871329,1.0,4.655200549534389,5.531987747692552,0.21003855691333198,0.03278227312019073
transformer,STORE0010,SKU0069,14,1248.0,0.19614643928332207,0.2914356705565026,1.0,17.48505401611328,23.507871449655703,0.21822488275527374,0.022058694790571175
transformer,STORE0011,SKU0088,14,400.0,0.19587442874908448,0.1843278916872501,1.0,5.5964122499738425,8.287276566653526,0.188241717770222,-0.05428195476531984
transformer,STORE0009,SKU0087,14,419.0,0.19575803661118826,0.2346871709757641,1.0,5.858758381434848,6.729294617297578,0.2059572158213847,0.030492295513289674
transformer,STORE0008,SKU0013,14,1894.0,0.19500107649387252,0.1959781819558102,1.0,26.38085991995675,45.29991662403244,0.19991686952914614,-0.12605732370958658
transformer,STORE0010,SKU0102,14,1666.0,0.19435102684872776,0.1899165463815948,1.0,23.127772194998606,34.70752244485567,0.18145744658686658,-0.04000368610578997
transformer,STORE0006,SKU0073,14,173.0,0.1940661303569816,0.21200235731517067,1.0,2.3981028965541293,2.7304718601561526,0.1958412558426625,0.039786895575550936
transformer,STORE0008,SKU0045,14,1369.0,0.19362248043843305,0.20613125842062743,1.0,18.93351255144392,25.06318571724409,0.1912371006550753,0.04382572215869533
transformer,STORE0001,SKU0076,14,455.0,0.19342972472473816,0.22566325696282027,1.0,6.28646605355399,8.068881994309413,0.19300622150096777,0.09984664916992188
transformer,STORE0003,SKU0068,14,530.0,0.19342563917052072,0.24103836354773514,1.0,7.32254205431257,9.278431163091625,0.21360103632705116,-0.0291109301009268
transformer,STORE0005,SKU0014,14,832.0,0.1930784170444195,0.22367342838742035,1.0,11.474374498639788,13.962299268513728,0.19593012265899135,0.0709149562395536
transformer,STORE0004,SKU0060,14,841.0,0.19243259407252108,0.24410479735865812,1.0,11.559700829642159,15.998178413675625,0.19228658245683264,0.1103345755306067
transformer,STORE0003,SKU0100,14,1105.0,0.19240268344792846,0.1841099223280025,1.0,15.186068943568639,17.65480945017755,0.19875225366981475,-0.1361509849582862
transformer,STORE0012,SKU0075,14,499.0,0.19134856703763972,0.20418320484920352,1.0,6.820209639413016,8.486887605062414,0.20036261927610471,-0.08395280627783888
transformer,STORE0008,SKU0046,14,1773.0,0.1910739948167279,0.27301963969843046,1.0,24.1981566292899,34.378276248300686,0.20769541234333638,0.017344014898774594
transformer,STORE0005,SKU0011,14,366.0,0.19092677590625534,0.2538146979588914,1.0,4.991371427263532,6.04548365340157,0.21476732676588522,0.0332951467545306
transformer,STORE0005,SKU0021,14,911.0,0.1908561882412656,0.19195884138607994,1.0,12.41928482055664,15.491101377775882,0.19591856603764693,-0.06274455098760377
transformer,STORE0003,SKU0064,14,987.0,0.19047664653928809,0.25778245688640583,1.0,13.42860358101981,18.681715433935377,0.20188980344558952,0.04418318418987858
transformer,STORE0013,SKU0034,14,1377.0,0.19046090319265727,0.22018528515117372,1.0,18.733190264020646,21.890838708074174,0.20098634206660287,0.02911411304792462
transformer,STORE0006,SKU0052,14,965.0,0.19029880582977454,0.19142626500124385,1.0,13.11702483040946,17.51584904535344,0.18947786087048873,-0.06784288080245102
transformer,STORE0001,SKU0100,14,1251.0,0.18979775896080012,0.22973572582738727,1.0,16.95978546142578,21.88025325817903,0.1927087485357781,0.050734168524555354
transformer,STORE0001,SKU0098,14,731.0,0.18970535946283718,0.19914542204988334,1.0,9.905329840523857,12.495020265125548,0.19074499806542677,-0.06615557063946807
transformer,STORE0006,SKU0045,14,1420.0,0.18870825431716273,0.22017576512582973,1.0,19.140408652169363,24.288117325663645,0.2029730853236493,-9.708673181668134e-06
transformer,STORE0002,SKU0046,14,1470.0,0.18857490383848852,0.18257612773795276,1.0,19.800364903041295,29.01426781194211,0.18428639970573452,-0.10836744243595876
transformer,STORE0008,SKU0041,14,1837.0,0.18857328594542097,0.20730656512634676,1.0,24.74350902012417,28.394313612527544,0.19839927877193264,-0.0070136895177152795
transformer,STORE0001,SKU0008,14,422.0,0.1884210324400409,0.17688172360944204,1.0,5.679548263549805,7.670624923383924,0.18321583872049477,-0.07689599855251222
transformer,STORE0003,SKU0033,14,1350.0,0.1880552108199508,0.17396120586626673,1.0,18.133895329066686,26.566597997291485,0.17744135039386405,-0.05783238728841144
transformer,STORE0007,SKU0081,14,810.0,0.18781763712565105,0.18721869584868125,1.0,10.86659186226981,13.336330834385437,0.1904786430316062,-0.05106661761248553
transformer,STORE0001,SKU0030,14,738.0,0.1870104161704459,0.2095328253729163,1.0,9.858120509556361,11.622892686019519,0.182612895083451,0.139058544706846
transformer,STORE0002,SKU0052,14,690.0,0.1862403924914374,0.19071764583950404,1.0,9.178990772792272,11.155080566083871,0.19259841896044644,-0.07751677692800328
transformer,STORE0012,SKU0032,14,1098.0,0.18550682415293432,0.21805760525585632,1.0,14.549035208565849,18.076345965814856,0.18876609738187208,0.09132999496598931
transformer,STORE0012,SKU0085,14,1133.0,0.18461647942754303,0.1719734992293389,1.0,14.940747942243304,19.705568170205723,0.1727869914518966,-0.08324167061357085
transformer,STORE0010,SKU0030,14,637.0,0.18447172922466762,0.2598708534727686,1.0,8.393463679722377,11.393224110749772,0.19813735062659052,0.09219002237125318
transformer,STORE0006,SKU0005,14,1530.0,0.1835785311031965,0.2333048325001362,1.0,20.062510899135045,24.242230924621182,0.21159027733078234,-0.05214279274535335
transformer,STORE0004,SKU0009,14,911.0,0.18343110403820923,0.19737191981495836,1.0,11.936123984200615,13.836168192303266,0.1868257424300252,0.0015471340141757154
transformer,STORE0004,SKU0063,14,970.0,0.18221044638722214,0.18976336280336306,1.0,12.624580928257533,16.116622591700764,0.18311405668582553,0.006286912111891935
transformer,STORE0003,SKU0013,14,1042.0,0.1821866502231005,0.1969426961061798,1.0,13.559892109462194,20.66094735426566,0.16593978773044762,0.13109053760023354
transformer,STORE0013,SKU0097,14,535.0,0.1814337044118721,0.2103878945140926,1.0,6.93335941859654,8.238960244572441,0.18505163975025707,0.06570652756735544
transformer,STORE0002,SKU0097,14,727.0,0.1810336158888868,0.19708710152737946,1.0,9.400817053658622,11.231514054397778,0.17757135771188035,0.07985494684484343
transformer,STORE0012,SKU0048,14,1115.0,0.18048631471368765,0.23163286379988793,1.0,14.37444577898298,21.287789234129733,0.1873395069777622,-0.015184144161207272
transformer,STORE0004,SKU0062,14,293.0,0.17982455569322606,0.17844921842041048,1.0,3.7634710584368025,4.334508639294311,0.17892148628741847,-0.027695235945665808
transformer,STORE0003,SKU0006,14,1310.0,0.1788442364175811,0.20040204615005316,1.0,16.734710693359375,22.04587801915464,0.18886876981606177,0.021384540586981155
transformer,STORE0002,SKU0054,14,1097.0,0.17864757249218394,0.1976200717103967,1.0,13.998313358851842,16.65363743459576,0.18731045882324326,-0.026275815589925644
transformer,STORE0005,SKU0064,14,1440.0,0.1771021842956543,0.2034356916226899,1.0,18.216224670410156,24.165331057447364,0.1831926601815686,-0.004124228159586598
transformer,STORE0004,SKU0085,14,1270.0,0.17646921112781436,0.20671575352403762,1.0,16.008278438023158,17.995136304990915,0.19965005396560673,-0.036747351218396285
transformer,STORE0001,SKU0094,14,1084.0,0.17639295993255952,0.1607512068383073,1.0,13.657854897635323,20.922668046864736,0.1694768546448761,-0.10645727037943598
transformer,STORE0012,SKU0098,14,579.0,0.17621820743013952,0.18724775296252422,1.0,7.287881578717913,8.835054805124852,0.17987618882295098,0.009366682774044677
transformer,STORE0006,SKU0100,14,1293.0,0.17608997200407547,0.19324583994574088,1.0,16.263166700090686,22.155526305391735,0.17228114136003045,0.03415540678963955
transformer,STORE0011,SKU0090,14,347.0,0.1759251421397976,0.19446144401495782,1.0,4.360430308750698,5.589343571536263,0.18122023990732578,-0.04918275992533657
transformer,STORE0006,SKU0013,14,1958.0,0.17534326898187125,0.16596937847214793,1.0,24.523008619035995,32.98800533933009,0.18424807191402442,-0.12809049316032184
transformer,STORE0009,SKU0052,14,809.0,0.17435791524880012,0.17333932425716583,1.0,10.07539667401995,12.001025183764057,0.17494229329561314,-0.03935752368827979
transformer,STORE0008,SKU0006,14,1939.0,0.17414787099679885,0.4820884479282538,1.0,24.11948013305664,33.275972324411484,0.23116132422006946,-0.032072672221757775
transformer,STORE0011,SKU0087,14,463.0,0.17343679308633825,0.23639309086935983,1.0,5.735802514212472,7.8139842351244795,0.18932316571954208,0.05729239445268208
transformer,STORE0010,SKU0045,14,1099.0,0.17279759442621845,0.3013102591552964,1.0,13.564611162458148,18.46046077438228,0.1983601902260015,0.13362350672130915
transformer,STORE0007,SKU0002,14,756.0,0.17253664813975178,0.18010229838331987,1.0,9.316978999546595,10.113477504773838,0.17859701237942657,-0.052188187049179484
transformer,STORE0006,SKU0084,14,437.0,0.17236072356968232,0.16046252644033768,1.0,5.380116871425083,7.052084008936143,0.17046158902073968,-0.0840714408822136
transformer,STORE0003,SKU0012,14,762.0,0.17194565199804432,0.1664695446007473,1.0,9.358756201607841,12.392452521259468,0.1762371607622673,-0.1096512551695656
transformer,STORE0011,SKU0036,14,745.0,0.1717049105855443,0.2578314543028699,1.0,9.137154170445035,13.663833237090266,0.1908669530440075,0.11211108521327072
transformer,STORE0003,SKU0049,14,525.0,0.17144793555850074,0.21669736599148884,1.0,6.429297583443778,8.33389459228774,0.18340278109578018,0.02828701200939363
transformer,STORE0005,SKU0098,14,711.0,0.17105732956683753,0.18363749163462392,1.0,8.687268665858678,12.246619195052425,0.1737063391039236,-0.031726837158203125
transformer,STORE0013,SKU0096,14,753.0,0.17087293019491046,0.20478537773940583,1.0,9.190522602626256,11.275853160179793,0.1821358072666563,-0.0025707766670946424
transformer,STORE0001,SKU0056,14,420.0,0.1696253640311105,0.18167172935157497,1.0,5.088760920933315,6.596183704169618,0.1741743074365424,-0.04478618076869419
transformer,STORE0010,SKU0028,14,1787.0,0.16944928801653433,0.17785739839230205,1.0,21.628991263253347,26.9608744630601,0.16832265790155207,0.002449236305719249
transformer,STORE0005,SKU0007,14,492.0,0.16897548892633701,0.1941278223108358,1.0,5.9382814679827005,7.994636237160294,0.17939311962187557,-0.06653880297653074
transformer,STORE0011,SKU0046,14,1787.0,0.1671794171965716,0.2430154210803254,1.0,21.339258466448104,29.543114787346138,0.18364789617020463,0.020691046050359367
transformer,STORE0010,SKU0001,14,1348.0,0.16701572089945174,0.19133839437240008,1.0,16.08122798374721,21.38474702907883,0.16622245634674204,0.04746375381062224
transformer,STORE0008,SKU0078,14,541.0,0.16656103504343087,0.15563296702563512,1.0,6.436394282749721,7.709783393300293,0.16843015082734195,-0.112747798785705
transformer,STORE0006,SKU0009,14,920.0,0.16571688444718072,0.20218055111098424,1.0,10.889966692243304,16.42458030494459,0.17229257435488496,-0.012804512355638587
transformer,STORE0003,SKU0005,14,1159.0,0.16483964171257381,0.15558074947330228,1.0,13.646367481776647,18.0877564326523,0.1679620179319487,-0.12280461374699193
transformer,STORE0011,SKU0078,14,447.0,0.16464686127050343,0.187355969909101,1.0,5.25693907056536,6.086590129006138,0.1700594326719345,0.04670013410666376
transformer,STORE0008,SKU0066,14,465.0,0.16451358179892264,0.17725207362883463,1.0,5.46420110974993,6.367682030383049,0.168135459760417,0.024886810138661383
transformer,STORE0009,SKU0065,14,898.0,0.16420186388997032,0.15893463530398882,1.0,10.53237669808524,13.384554645673594,0.154345780172765,0.023150416418810466
transformer,STORE0002,SKU0027,14,1812.0,0.16418395137155292,0.1921340736340724,1.0,21.250094277518137,24.71073679537911,0.1862679931134589,-0.04970174541010236
transformer,STORE0002,SKU0048,14,890.0,0.16407270967290644,0.19031631197689983,1.0,10.430336543491908,13.557306652446973,0.16829661919270825,0.013958320189058127
transformer,STORE0013,SKU0057,14,648.0,0.16300905486683787,0.1817396008796388,1.0,7.544990539550781,9.325673210864142,0.16452335609740523,0.05109214782714845
transformer,STORE0003,SKU0010,14,419.0,0.16265426216944875,0.1832174493642916,1.0,4.86800970349993,6.367958110399551,0.16328979621518794,0.02899306031001779
transformer,STORE0001,SKU0062,14,308.0,0.16251500860437165,0.1593152911315823,1.0,3.5753301892961766,4.195866555507487,0.16694712439917,-0.08020635084672403
transformer,STORE0012,SKU0061,14,1301.0,0.16158236035193782,0.16225484065437928,1.0,15.01561791556222,19.282657550492473,0.16060001077542035,-0.024498701278839005
transformer,STORE0010,SKU0055,14,213.0,0.16151293902329997,0.16387313890166713,1.0,2.457304000854492,2.858087709497846,0.1677447986119564,-0.08444090292487348
transformer,STORE0006,SKU0041,14,1818.0,0.1615106018200697,0.1941507353015191,1.0,20.973305293491908,25.808068377912985,0.17706639775921992,0.013899317406716242
transformer,STORE0003,SKU0001,14,1181.0,0.16147080565992802,0.16581768280382556,1.0,13.6212158203125,15.517175362271496,0.1666381356972142,-0.026580410019812394
transformer,STORE0003,SKU0025,14,350.0,0.15875333513532366,0.17909385735905523,1.0,3.9688333783830916,4.678342774271802,0.15808141532303352,0.12408746991838727
transformer,STORE0006,SKU0032,14,1432.0,0.15835067280177964,0.16201013480101153,1.0,16.19701167515346,20.374081180548643,0.1617660954033655,-0.04478344837380524
transformer,STORE0004,SKU0097,14,1146.0,0.15753574604347323,0.17344503005630654,1.0,12.895426068987165,17.70666493791979,0.16813725242911295,-0.07483735675379036
transformer,STORE0012,SKU0023,14,986.0,0.15685635115989083,0.16740399744330386,1.0,11.047168731689453,13.773585655514676,0.15413026196677193,0.0704803002533516
transformer,STORE0010,SKU0006,14,1503.0,0.15604983372285378,0.6251629485432704,1.0,16.7530642918178,29.08387414458209,0.19714095624081426,0.0870197014418429
transformer,STORE0003,SKU0007,14,352.0,0.1557090932672674,0.14030628683197138,1.0,3.914971487862723,5.88003665418052,0.15247423674692293,-0.08034166422757236
transformer,STORE0007,SKU0075,14,417.0,0.1555859911070167,0.16323268814099887,1.0,4.634239877973283,5.334810249987076,0.16141103582864838,-0.05189943656646943
transformer,STORE0005,SKU0062,14,300.0,0.15507099151611323,0.1714600462780121,1.0,3.3229498182024266,5.103825638465491,0.1612630676011347,-0.05551919301350909
transformer,STORE0009,SKU0008,14,367.0,0.1545273367650502,0.1596163499984896,1.0,4.050823756626673,5.156544321505141,0.1617266204792928,-0.0944873487592068
transformer,STORE0010,SKU0101,14,214.0,0.14966743683146538,0.18397536819460572,1.0,2.287773677280971,2.8589394439381275,0.1597092442037218,0.11806530818760952
transformer,STORE0011,SKU0004,14,1501.0,0.14944851422293992,0.14763221850161656,1.0,16.02301570347377,21.614783192052517,0.14960693247428947,-0.051105608549378574
transformer,STORE0007,SKU0011,14,253.0,0.14918318284830087,0.18516696952157669,1.0,2.695953232901437,3.7676893645422203,0.15284902366483635,0.10788726052747885
transformer,STORE0012,SKU0044,14,1271.0,0.14843448665928033,0.1512825864734268,1.0,13.475730895996094,16.54408041178612,0.14672741225070082,0.010713554760492466
transformer,STORE0003,SKU0028,14,1445.0,0.14814567169928633,0.15786102482816047,1.0,15.290749686104911,17.23628021652377,0.14945273594277797,0.032949184958910055
transformer,STORE0011,SKU0069,14,1593.0,0.1474484038367933,0.14799882382236443,1.0,16.77752195085798,27.97985991441048,0.14850373578023987,-0.06853133570975803
transformer,STORE0008,SKU0083,14,1555.0,0.1471929126997086,0.13121095066830019,1.0,16.348927089146205,21.284126632638085,0.14517826472161954,-0.1265193730688555
transformer,STORE0002,SKU0069,14,1055.0,0.14595287738818127,0.15268940554443874,1.0,10.998591831752233,16.328151923401258,0.14423575762565605,0.010206170104691195
transformer,STORE0009,SKU0050,14,233.0,0.1432971708764334,0.14977161107047585,1.0,2.3848743438720703,2.6647320524446756,0.14297016557429482,0.03246174759107599
transformer,STORE0006,SKU0064,14,1484.0,0.13823694295960295,0.13781642446082282,1.0,14.653115953717913,17.973873523200847,0.13643495376842796,-0.015191538314613673
transformer,STORE0006,SKU0060,14,986.0,0.13766723617337054,0.13829020988831436,1.0,9.69570677621024,11.88082967375564,0.13877798269356303,-0.04004120198031226
transformer,STORE0001,SKU0033,14,1816.0,0.1374230321808534,0.1324416057676009,1.0,17.825730460030695,24.88271374773321,0.1294346637884985,0.023898330554037915
transformer,STORE0004,SKU0096,14,1579.0,0.13648221944237598,0.12870532940288545,1.0,15.393244607107976,26.18715891467946,0.1336089128461048,-0.06245744643594889
transformer,STORE0003,SKU0099,14,1227.0,0.1356016188592763,0.12858664648281673,1.0,11.884513310023717,15.57994808314583,0.1297939410941706,-0.03300981591558107
transformer,STORE0010,SKU0090,14,267.0,0.13429511709606157,0.13934438927483409,1.0,2.561199733189174,3.1033241917797985,0.13266188822431427,0.0461030024267761
transformer,STORE0012,SKU0033,14,1467.0,0.12884973423287582,0.14132395209140144,1.0,13.501611437116347,17.675697015207348,0.13037334872780731,0.05079592111245578
transformer,STORE0009,SKU0097,14,932.0,0.12155525469472991,0.11630854592878918,1.0,8.09210695539202,12.20660119535027,0.11668552014203246,0.0011462019236814312
transformer,STORE0005,SKU0091,14,329.0,0.11437783052856074,0.11349825980866612,1.0,2.6878790174211775,3.0987346036595644,0.10997336301963381,0.04002731694276574
transformer,STORE0003,SKU0101,14,211.0,0.09575992963890329,0.09090688223126185,1.0,1.4432389395577567,2.0335817619838994,0.09565943341289032,-0.01937783046921285
xgboost,STORE0002,SKU0063,14,529.0,0.5450299621928166,0.9668438773085963,1.0,20.59434642857143,26.83972424305786,0.4633091519837506,0.30178804536862
xgboost,STORE0005,SKU0013,14,1453.0,0.5434175567790778,2.3591461330174672,1.0,56.39897928571429,78.53533848287101,0.5189073268907911,0.34493367515485207
xgboost,STORE0011,SKU0023,14,964.0,0.541611208506224,1.1771984161571296,1.0,37.29380035714286,49.00475731471728,0.5069873814722963,0.3404025466804978
xgboost,STORE0009,SKU0069,14,1072.0,0.5198873619402985,0.664331483680223,1.0,39.808518,52.11378807479567,0.4393509944249236,0.2913717201492537
xgboost,STORE0001,SKU0019,14,244.0,0.5173292704918031,0.5565650018692707,0.9285714285714286,9.01631014285714,11.34866112078951,0.5206343982415206,0.25329455737704915
xgboost,STORE0010,SKU0098,14,456.0,0.5143500021929824,2.094932380980761,1.0,16.753114357142856,20.741335745724843,0.5909085614960861,0.3303038311403508
xgboost,STORE0002,SKU0086,14,104.0,0.5082784519230769,0.9287758906569293,1.0,3.775782785714285,4.888476866536279,0.4753974286173946,0.2146659326923077
xgboost,STORE0013,SKU0002,14,399.0,0.5045368145363409,1.086445566398324,1.0,14.379299214285714,16.91164597726454,0.49453295998000785,0.3240302481203008
xgboost,STORE0005,SKU0045,14,985.0,0.49951226395939086,0.8046568494977763,1.0,35.14425571428571,43.463223595600915,0.4529110403432491,0.4013610152284264
xgboost,STORE0008,SKU0043,14,765.0,0.494050583006536,4.300796800794016,1.0,26.99633542857143,35.04585727201618,0.5494649113074583,0.16785147189542488
xgboost,STORE0006,SKU0063,14,749.0,0.4938402937249667,0.8881777959905763,1.0,26.420455714285715,34.90698772745818,0.4554346650709629,0.21710699866488653
xgboost,STORE0006,SKU0095,14,373.0,0.49151348793565686,1.3101550400074846,1.0,13.095323642857142,15.470743640114096,0.5049336656435875,0.2728408284182306
xgboost,STORE0008,SKU0029,14,460.0,0.47555135217391303,1.318815328846396,1.0,15.625258714285716,19.896849426953786,0.4878197831193894,0.35177355217391304
xgboost,STORE0013,SKU0071,14,195.0,0.46605883333333326,0.7552721298839111,1.0,6.491533749999999,7.222467790363852,0.47124261736116135,0.1687920641025641
xgboost,STORE0007,SKU0080,14,717.0,0.46419160669456055,0.6608331468287265,0.9285714285714286,23.773241571428567,30.147348875991057,0.5166290426884327,0.21125938633193864
xgboost,STORE0007,SKU0101,14,165.0,0.4624416272727273,2.099989809171629,1.0,5.450204892857143,7.723950631153748,0.5251255408061287,0.31124652424242427
xgboost,STORE0002,SKU0066,14,253.0,0.4618073478260869,2.6700662998739495,1.0,8.345518499999999,10.777857091516832,0.5072685247103556,0.3409418932806324
xgboost,STORE0011,SKU0098,14,576.0,0.4610027413194444,1.8046233047720328,1.0,18.966969928571427,23.497666732064623,0.49016461605738065,0.0802380538194444
xgboost,STORE0005,SKU0020,14,625.0,0.4529869552,0.715145074136292,1.0,20.222631928571428,25.04306205305221,0.42171414239833765,0.380235512
xgboost,STORE0002,SKU0016,14,271.0,0.4508766014760147,1.979209911125708,1.0,8.727682785714284,10.794406211382663,0.46376004931986664,0.17112533210332104
xgboost,STORE0007,SKU0084,14,196.0,0.4473013673469388,1.1916513346663666,1.0,6.262219142857143,8.246311865503493,0.44405177255164757,0.360056887755102
xgboost,STORE0006,SKU0034,14,2432.0,0.4452647985197369,0.999664195378464,1.0,77.34885642857144,97.59050648159588,0.45437649720651274,0.13493555509868424
xgboost,STORE0005,SKU0086,14,135.0,0.4434542518518519,0.44887195971112226,0.9285714285714286,4.276166000000001,6.439087471152259,0.428100104504551,0.3913201925925926
xgboost,STORE0007,SKU0043,14,512.0,0.4428383359375,0.8189572262654767,1.0,16.19523057142857,22.892152148239983,0.4088793325303956,0.31159512500000003
xgboost,STORE0007,SKU0049,14,502.0,0.4414877788844622,0.605948842367565,1.0,15.83049035714286,17.139027742125325,0.43711838667080055,0.18478444422310755
xgboost,STORE0011,SKU0055,14,192.0,0.4391567604166667,0.641242104477829,0.8571428571428571,6.022721285714286,8.058398075228022,0.5529403952165541,0.19999179166666667
xgboost,STORE0003,SKU0060,14,634.0,0.4386406892744481,0.7413695207052479,1.0,19.864156928571436,23.084690858718247,0.4757356476793822,0.029072298107255524
xgboost,STORE0001,SKU0092,14,1319.0,0.43755832448824883,0.6807731053834002,0.9285714285714286,41.22424500000001,50.49298223241757,0.5083103804368478,0.049340993176649
xgboost,STORE0007,SKU0097,14,650.0,0.4357068261538462,4.687773158244184,1.0,20.2292455,27.023541664129073,0.4947684122296783,0.049937650769230776
xgboost,STORE0010,SKU0076,14,354.0,0.435305127118644,1.7369401267898879,1.0,11.00700107142857,13.99541822010671,0.45792030771941994,0.16595504237288133
xgboost,STORE0002,SKU0023,14,801.0,0.43284803495630453,0.631115542567872,1.0,24.765091142857138,32.27947369809465,0.41901368167243963,0.08190574781523098
xgboost,STORE0009,SKU0016,14,347.0,0.4313567694524495,1.2957336491965317,1.0,10.691485642857142,13.66248635342766,0.46261915614900667,0.08861751873198846
xgboost,STORE0012,SKU0091,14,223.0,0.43102901345291483,0.6406337538150936,1.0,6.865676428571429,8.449651017260003,0.424542944592356,0.3549437578475336
xgboost,STORE0003,SKU0031,14,713.0,0.42874476016830304,0.5738673703014875,1.0,21.83535814285715,28.43698397670231,0.4065797022204992,0.10929720336605893
xgboost,STORE0008,SKU0047,14,1012.0,0.42830844960474307,0.555898363115733,1.0,30.960582214285715,34.6724595162641,0.3969093634191581,0.31455874604743084
xgboost,STORE0006,SKU0012,14,852.0,0.42824831103286404,1.0319977637466213,1.0,26.061968642857153,29.479393670258176,0.4683589714120944,0.34518599647887327
xgboost,STORE0002,SKU0015,14,102.0,0.4231517009803922,1.1438843036802484,1.0,3.082962392857143,3.8309550268702885,0.45086018517621795,0.2827304656862745
xgboost,STORE0007,SKU0027,14,1769.0,0.41907118428490675,1.445512481688098,1.0,52.9526375,63.67549725789063,0.4783541218733761,-0.06965917184850198
xgboost,STORE0005,SKU0073,14,127.0,0.4189467007874016,0.4448815230408481,0.9285714285714286,3.800445071428572,4.944788742261572,0.44956764819140627,0.2274933937007874
xgboost,STORE0011,SKU0039,14,264.0,0.4189013295454546,1.6959949927630107,1.0,7.899282214285715,8.984109342280755,0.4796238299526362,0.030469147727272716
xgboost,STORE0004,SKU0051,14,970.0,0.41663813505154634,1.4308025538697469,1.0,28.867070785714283,37.89670973743842,0.4796491771394697,0.12889970000000006
xgboost,STORE0013,SKU0025,14,206.0,0.4148173106796117,0.7362782317624486,1.0,6.103740428571429,7.474431031300538,0.4107023779772118,0.2665025631067962
xgboost,STORE0001,SKU0016,14,404.0,0.4135281287128713,0.7825917162492573,1.0,11.933240285714287,13.508121653991122,0.4703062561322441,0.07418061386138614
xgboost,STORE0001,SKU0024,14,665.0,0.4125423112781955,1.6387867148952713,1.0,19.595759785714286,24.725010922168646,0.46487875013838315,0.1538434601503759
xgboost,STORE0002,SKU0043,14,546.0,0.4123564340659341,0.5331052002202288,1.0,16.08190092857143,19.445998547836822,0.3856187146281278,0.3838788919413919
xgboost,STORE0006,SKU0017,14,1393.0,0.4112478930366116,1.7162107458637244,1.0,40.91916535714285,50.312601855361635,0.4602290663661403,0.1787320911701364
xgboost,STORE0006,SKU0081,14,946.0,0.4112311712473573,0.5853907018589961,1.0,27.787477714285718,33.31342824284091,0.42090020875920864,0.06342580338266383
xgboost,STORE0010,SKU0100,14,1076.0,0.4095057286245352,0.7029186515667655,1.0,31.47344028571428,37.96259649715452,0.4461524256044656,0.016878293680297442
xgboost,STORE0007,SKU0066,14,279.0,0.4092770752688172,0.7162500945888128,1.0,8.156307428571427,9.605398043113897,0.4220818141028168,0.24330886738351254
xgboost,STORE0009,SKU0032,14,997.0,0.40900550752256776,1.8946928889327401,1.0,29.127035071428573,45.275226450620636,0.47922430696561136,0.10283181644934801
xgboost,STORE0003,SKU0050,14,170.0,0.4075655235294118,0.7562147723638039,1.0,4.949009928571429,5.724055735695134,0.4473239745090781,0.10451424117647058
xgboost,STORE0002,SKU0062,14,188.0,0.40481714893617027,1.3695623808098658,1.0,5.436116,6.781712069377636,0.4522192422382993,-0.010391670212765953
xgboost,STORE0008,SKU0059,14,364.0,0.4041163186813187,0.37327569055810106,0.9285714285714286,10.507024285714285,12.389344662534722,0.45505559061914763,0.06240811538461538
xgboost,STORE0009,SKU0057,14,986.0,0.4033662434077079,0.9835838657765616,0.9285714285714286,28.408508285714284,37.434878875436,0.47104008244341855,0.23415506693711963
xgboost,STORE0001,SKU0020,14,665.0,0.4024834721804511,0.9088332760629079,1.0,19.11796492857143,23.03392593895933,0.4286560172747342,0.12457257593984963
xgboost,STORE0004,SKU0076,14,386.0,0.4015491321243524,0.538698979147877,1.0,11.071283214285716,12.597175567487005,0.39917277590205075,0.18684623575129533
xgboost,STORE0001,SKU0043,14,718.0,0.4010984080779945,0.485362761243251,1.0,20.57061835714286,30.207124373490785,0.32610391417109286,0.30104573955431757
xgboost,STORE0002,SKU0031,14,646.0,0.4001999473684211,1.293042215078183,1.0,18.466369000000004,22.98151305494379,0.4637520994356607,0.2323054643962848
xgboost,STORE0005,SKU0084,14,296.0,0.3984999831081081,1.1026559210553246,1.0,8.425428214285713,10.970914886288554,0.4442841803956366,0.2343136993243243
xgboost,STORE0009,SKU0012,14,729.0,0.3984390301783264,1.2463659428980856,1.0,20.747289499999994,28.19105081605671,0.4450217602032932,0.33617700548696844
xgboost,STORE0009,SKU0077,14,716.0,0.39796963407821223,0.7275670609140982,1.0,20.353304142857137,29.884910455823352,0.3787330345488789,0.3370571480446927
xgboost,STORE0006,SKU0046,14,1571.0,0.3976383711012094,0.6661759559395382,1.0,44.620705785714286,57.810737792504234,0.4136303937544388,0.08303369127943984
xgboost,STORE0009,SKU0099,14,1318.0,0.39727192336874045,0.8429081208903002,1.0,37.40031392857143,46.15834002508138,0.4669011049476495,0.09573653641881638
xgboost,STORE0008,SKU0007,14,374.0,0.3970677085561498,2.315387240835632,1.0,10.607380214285715,13.207979827737152,0.4604676585405281,0.07122598128342246
xgboost,STORE0001,SKU0058,14,1284.0,0.39674868457943924,1.2591039075771826,1.0,36.38752221428571,44.0868292165538,0.48766468532392954,0.06590211915887852
xgboost,STORE0011,SKU0035,14,2625.0,0.3941400723809524,0.7374828939979847,1.0,73.90126357142857,87.40354105136404,0.4524752477586726,-0.01985121142857143
xgboost,STORE0005,SKU0075,14,553.0,0.3933207106690778,0.3532692825789311,0.9285714285714286,15.536168071428573,18.283422167044392,0.47550150827384463,-0.12131965461121155
xgboost,STORE0002,SKU0084,14,259.0,0.3926920926640927,0.7223752101910929,1.0,7.264803714285715,8.461155558835271,0.43506462694233344,0.11075602316602312
xgboost,STORE0007,SKU0039,14,183.0,0.3920492213114754,1.456833041349174,1.0,5.124643392857143,6.038743524069717,0.4725236472102666,0.03913229781420766
xgboost,STORE0001,SKU0035,14,3090.0,0.3893182071197411,0.6677938813571328,1.0,85.92809,108.33257842140596,0.4329860776700573,-0.15291429126213596
xgboost,STORE0005,SKU0019,14,248.0,0.3875499032258065,1.00404190467201,1.0,6.865169714285715,9.806852308132237,0.41371135787681285,0.21787508064516128
xgboost,STORE0006,SKU0098,14,581.0,0.3872432048192771,1.1901226604182928,1.0,16.070593,20.16086933177804,0.44695273607702457,0.13276349397590362
xgboost,STORE0007,SKU0061,14,794.0,0.3871913929471033,0.9225857581264069,1.0,21.95928328571429,28.727618572698464,0.41955767967756097,0.2881825869017632
xgboost,STORE0007,SKU0036,14,496.0,0.38703174798387097,0.8270284376175353,1.0,13.71198192857143,16.056280154744982,0.4414867468060998,0.05426272379032258
xgboost,STORE0008,SKU0031,14,917.0,0.3863625016357689,0.9202492457731025,1.0,25.306743857142862,31.562413244118495,0.44003353468954226,0.15861914285714285
xgboost,STORE0008,SKU0035,14,2593.0,0.38570791361357504,1.834312059385617,1.0,71.43861571428572,85.30194897107368,0.432010076579318,0.03657778634785962
xgboost,STORE0007,SKU0053,14,352.0,0.38551299431818187,1.3898779058118482,1.0,9.692898142857144,12.306104243779334,0.4529449883529079,-0.029177835227272717
xgboost,STORE0013,SKU0006,14,938.0,0.3853906300639659,0.5064263611877472,1.0,25.821172214285717,33.17713151525439,0.3985108126612581,-0.03404196481876332
xgboost,STORE0004,SKU0029,14,525.0,0.38512534476190485,1.7115292602992667,1.0,14.44220042857143,17.71341065860456,0.4054034350133919,0.17392531047619048
xgboost,STORE0003,SKU0008,14,243.0,0.3843244444444444,0.5810538453147797,1.0,6.670774285714286,7.590967607130755,0.4064262231259228,0.07635548971193418
xgboost,STORE0004,SKU0068,14,562.0,0.38416160142348754,0.47457556403680273,1.0,15.421344285714286,20.33398429314459,0.34627050829454153,0.2640943309608541
xgboost,STORE0011,SKU0100,14,1173.0,0.38339942540494454,0.4994092127019286,1.0,32.12339471428571,35.297094459258815,0.38539804219433355,0.12129881841432227
xgboost,STORE0009,SKU0058,14,1123.0,0.3831181139804097,2.771236465068605,1.0,30.731545857142862,39.79550380638415,0.44374049545407196,0.09977651825467497
xgboost,STORE0002,SKU0038,14,1030.0,0.38298107281553395,0.6449903798678429,1.0,28.176464642857137,32.653423249246686,0.4062224393544055,0.08553530582524274
xgboost,STORE0013,SKU0028,14,879.0,0.38227406712172923,6.136413289338361,1.0,24.001350357142858,31.476310078353258,0.4519237106497651,0.13823944823663253
xgboost,STORE0006,SKU0091,14,294.0,0.3793326156462585,0.5264818525491117,1.0,7.965984928571428,10.521246979723273,0.37588652714517884,0.045915214285714295
xgboost,STORE0002,SKU0026,14,1008.0,0.37818471825396827,3.82442501419838,1.0,27.229299714285712,36.250470952006516,0.4025564127743747,0.23553528174603172
xgboost,STORE0010,SKU0017,14,1321.0,0.37817064042392134,0.6529950764362934,1.0,35.68310114285715,49.43844850218405,0.3790197029794499,-0.0033828735806207353
xgboost,STORE0005,SKU0060,14,923.0,0.37726085048754066,0.48334188830441,1.0,24.87226892857143,29.50654330119689,0.38581825447363766,0.04572152221018416
xgboost,STORE0007,SKU0048,14,761.0,0.3771289093298291,0.8034851681437233,1.0,20.49965,24.71388314433784,0.4041255374215645,0.1451969513797635
xgboost,STORE0002,SKU0099,14,1098.0,0.37514956284153006,0.8768683765837116,1.0,29.422444285714285,42.201262896897475,0.3724018790447416,0.021401063752276878
xgboost,STORE0006,SKU0033,14,1674.0,0.37306297550776585,0.6586082610444862,1.0,44.60767292857143,55.44245386181935,0.40099439569528306,0.022372789127837498
xgboost,STORE0007,SKU0074,14,734.0,0.37137782425068117,0.6465940379541913,1.0,19.470808785714286,25.773508669072587,0.37318664290303544,0.20544462806539507
xgboost,STORE0006,SKU0053,14,441.0,0.3713474693877551,0.5580359959069059,1.0,11.697445285714284,14.687803152583289,0.3987085167813307,-0.034231959183673465
xgboost,STORE0005,SKU0016,14,417.0,0.3703124004796163,0.5035685062092158,1.0,11.030019357142857,13.49776802823329,0.384237912395806,-0.009167920863309368
xgboost,STORE0005,SKU0006,14,2295.0,0.3693927982570806,0.3797166292207412,1.0,60.554033714285715,73.0221404256888,0.38193212399800147,-0.1782021612200436
xgboost,STORE0013,SKU0068,14,381.0,0.36713484251968503,0.4275971715222734,1.0,9.991312500000001,12.948315747220784,0.37899761145930144,-0.12456889501312333
xgboost,STORE0003,SKU0086,14,117.0,0.3666796350427351,0.834808353689849,1.0,3.0643940928571434,3.7022351136010374,0.41061971687152526,0.11826516495726495
xgboost,STORE0006,SKU0048,14,1136.0,0.36565307658450696,0.5418829590834761,1.0,29.67013535714285,33.829752499556136,0.3782972531726393,0.14018422623239432
xgboost,STORE0010,SKU0034,14,2551.0,0.36525448059584475,0.43360375972585696,1.0,66.55458428571428,91.03216855637172,0.3732691174469859,-0.08175116424931399
xgboost,STORE0002,SKU0017,14,1063.0,0.3648140319849483,1.1689768530100733,1.0,27.699808285714287,36.240116967077384,0.4247443853115628,-0.0624183499529633
xgboost,STORE0003,SKU0088,14,242.0,0.36481347107438006,0.8694422339453293,0.9285714285714286,6.306061428571427,7.97786737629685,0.48716636713360956,0.008949727272727259
xgboost,STORE0006,SKU0071,14,423.0,0.3639839787234043,0.532574464958538,1.0,10.997515928571431,12.77448930056245,0.36927767210883333,0.1502168439716312
xgboost,STORE0011,SKU0020,14,659.0,0.3627720015174507,0.8705896900851641,1.0,17.07619635714286,22.115335481199974,0.3991306461546992,0.08524407738998481
xgboost,STORE0012,SKU0053,14,428.0,0.3622456308411215,0.45351797691715856,1.0,11.074366428571429,12.341295072085627,0.3685149427033174,0.03356685046728973
xgboost,STORE0008,SKU0051,14,1030.0,0.36150971067961174,1.3159505996499432,1.0,26.596785857142862,34.95040251522172,0.42145520274361653,0.09419459417475727
xgboost,STORE0007,SKU0034,14,1854.0,0.3607061758360301,0.47810493888274497,1.0,47.76780357142856,57.86519104721638,0.35752123437118005,0.10991441747572815
xgboost,STORE0009,SKU0015,14,147.0,0.35953404761904767,0.9957980681922246,1.0,3.7751075000000007,4.390615125049166,0.41772084598145226,0.010031394557823117
xgboost,STORE0007,SKU0055,14,138.0,0.35942005434782615,0.6717531129495505,1.0,3.542854821428572,4.454921424125548,0.38925707589054775,0.10102937318840582
xgboost,STORE0006,SKU0056,14,379.0,0.357639216358839,1.2532285623115615,1.0,9.681804499999998,14.006076360510681,0.41098101576501855,0.009988989445910285
xgboost,STORE0010,SKU0092,14,1253.0,0.3574459577015164,0.5384493863895383,1.0,31.991413214285718,37.565089559653956,0.3891766008954259,-0.06894632482043098
xgboost,STORE0009,SKU0003,14,237.0,0.35722113924050625,0.831967083740051,1.0,6.047243571428569,7.592756934223308,0.39723166783213365,0.14182617721518986
xgboost,STORE0001,SKU0066,14,429.0,0.35690062937062933,0.8003407319764009,1.0,10.936454999999999,13.100607109400427,0.40644656395883433,0.07007120279720279
xgboost,STORE0005,SKU0023,14,1133.0,0.35576792586054723,0.5519722039324362,1.0,28.79179,34.39127973313072,0.3726555059548627,0.11102715975286848
xgboost,STORE0001,SKU0026,14,1585.0,0.35504105993690854,0.559064459973296,1.0,40.19572,47.8767589215999,0.38450951250714505,0.05105895899053628
xgboost,STORE0011,SKU0043,14,803.0,0.3544434533001245,0.9269147252539762,1.0,20.329863785714284,26.110196484248007,0.4119212918628693,0.15712115940224158
xgboost,STORE0010,SKU0097,14,883.0,0.3540941947904869,0.829103697100637,1.0,22.33322671428571,26.491938462262826,0.406303160051034,0.0819307791619479
xgboost,STORE0004,SKU0014,14,812.0,0.35397190886699514,1.9495150754764043,1.0,20.530370714285716,26.50299240824644,0.38176818357811637,0.1058591330049261
xgboost,STORE0009,SKU0082,14,680.0,0.35361769411764704,1.1571413243998532,1.0,17.17571657142857,22.138178412292696,0.4014994720704657,0.17031985588235293
xgboost,STORE0006,SKU0031,14,943.0,0.35317687910922585,0.5016423920936025,1.0,23.7889855,29.41232826588805,0.3536849521879784,0.15883917603393424
xgboost,STORE0004,SKU0077,14,944.0,0.3525803029661018,1.4438589784665328,1.0,23.77398614285715,32.21602858547089,0.4208868494079017,0.15212516101694923
xgboost,STORE0003,SKU0070,14,996.0,0.35257486947791167,0.4118789173810273,0.9285714285714286,25.083183571428574,31.66925160776402,0.42430124357052806,0.08955628514056223
xgboost,STORE0010,SKU0089,14,507.0,0.3520439368836291,1.350582806202573,1.0,12.749019714285712,17.717299288783387,0.4232281878364748,0.11631127416173566
xgboost,STORE0010,SKU0036,14,589.0,0.3519684838709678,0.506806982481963,1.0,14.80781692857143,17.17488179339805,0.37882155282388574,0.07259733616298808
xgboost,STORE0010,SKU0020,14,601.0,0.35144973211314473,0.5576441315398455,0.9285714285714286,15.087234928571428,18.445946079490874,0.4459080831714698,0.040849362728785366
xgboost,STORE0010,SKU0079,14,989.0,0.35077493326592524,0.4854203408589813,1.0,24.779743500000002,26.913942067712124,0.3590494370599947,0.11036392416582408
xgboost,STORE0012,SKU0005,14,1255.0,0.35051965816733066,0.4709389662977838,1.0,31.42158364285714,39.783594778723476,0.3667076579770434,0.014796184063745017
xgboost,STORE0007,SKU0016,14,360.0,0.34950760277777776,0.2575516987454304,0.9285714285714286,8.987338357142857,13.931621293901307,0.40964096111427256,-0.18269506944444447
xgboost,STORE0008,SKU0056,14,385.0,0.3494958857142857,0.4483022808963336,1.0,9.611136857142856,14.49259967306725,0.3223625335794477,-0.015656836363636385
xgboost,STORE0012,SKU0097,14,907.0,0.3492781124586549,0.6767003819194973,1.0,22.628232,26.490552168550813,0.40847046909308204,-0.05792961852260197
xgboost,STORE0006,SKU0058,14,1505.0,0.3492459102990033,0.35794182449234724,0.9285714285714286,37.54393535714286,49.02551211228539,0.4254946535264394,-0.07020794485049835
xgboost,STORE0009,SKU0022,14,1233.0,0.34921712003244115,0.7840884431904165,1.0,30.756050642857137,38.48290653492185,0.3935013672258841,0.04552522222222223
xgboost,STORE0009,SKU0023,14,991.0,0.34909317759838543,0.39614824805025267,1.0,24.710809928571425,30.123307422430223,0.3354745561588569,0.035389956609485365
xgboost,STORE0013,SKU0013,14,796.0,0.3488594233668341,0.7070817630745496,1.0,19.83515007142857,26.50838131899523,0.3723904099909265,0.21659500628140704
xgboost,STORE0012,SKU0060,14,689.0,0.3487562510885341,1.0301561859460073,1.0,17.163789785714282,21.866328731537067,0.39877721723847986,0.06883669811320756
xgboost,STORE0010,SKU0040,14,367.0,0.3484864359673025,2.8991772063438352,1.0,9.135323000000001,12.976352976309855,0.3670718912316854,0.16584724250681201
xgboost,STORE0012,SKU0083,14,1138.0,0.34747858084358524,2.514713886312861,1.0,28.245044642857145,36.04761047297634,0.4079889069310788,0.01599316783831282
xgboost,STORE0005,SKU0041,14,1350.0,0.3472871177777778,0.6055745927265417,1.0,33.488400642857144,47.90691295296565,0.3313894359148284,0.20361206000000004
xgboost,STORE0008,SKU0101,14,243.0,0.34621429218107,0.8613256657194539,1.0,6.0092909285714295,7.712224489625717,0.3784509695402169,0.15154383127572016
xgboost,STORE0004,SKU0028,14,1815.0,0.3452368815426997,0.7163901947560551,1.0,44.75749571428571,54.05811615944455,0.3889605501342757,0.048875305785123974
xgboost,STORE0009,SKU0093,14,889.0,0.3450765208098987,0.5339595339598385,1.0,21.91235907142857,26.317112481916087,0.36069221863346185,0.15497812485939258
xgboost,STORE0012,SKU0013,14,1554.0,0.34476129729729726,3.2039837825967106,1.0,38.268504,45.551162303270274,0.4525190093117448,0.06236443114543113
xgboost,STORE0002,SKU0087,14,272.0,0.3445463676470588,0.58610751020326,1.0,6.694043714285714,8.150379133049894,0.37004480499666986,0.11089177941176467
xgboost,STORE0006,SKU0088,14,402.0,0.3441274552238806,0.3609594385511413,1.0,9.88137407142857,11.985739961970365,0.36424159328081146,-0.19759406716417904
xgboost,STORE0003,SKU0021,14,560.0,0.3434433053571428,1.2044726075158674,1.0,13.737732214285712,17.485368839674905,0.38874087161308946,0.07856034821428572
xgboost,STORE0013,SKU0026,14,724.0,0.34339056215469616,0.40639136340021165,0.9285714285714286,17.758197642857144,25.755773463474473,0.3862697305695444,0.21202916436464087
xgboost,STORE0006,SKU0069,14,1386.0,0.34289276623376624,0.5927649552835076,1.0,33.946383857142855,40.425476391541544,0.38789006659109376,0.13126492496392494
xgboost,STORE0003,SKU0044,14,1028.0,0.3428872470817121,0.45225827886014447,1.0,25.177720714285716,30.191818952674616,0.3611870594040701,-0.04535505836575878
xgboost,STORE0001,SKU0065,14,1009.0,0.34242642220019825,0.7835606955198843,1.0,24.679161428571433,37.83402251783136,0.35710588064210064,0.10320109018830527
xgboost,STORE0001,SKU0078,14,466.0,0.3423962103004292,0.9894755398717365,1.0,11.396902428571428,13.351717456420115,0.41524977272230956,-0.04864630042918455
xgboost,STORE0011,SKU0026,14,1462.0,0.3420848344733243,0.9895823676232209,1.0,35.72343057142858,45.97808578016335,0.378922500168268,0.10232267305061558
xgboost,STORE0012,SKU0043,14,719.0,0.3416999443671766,0.33423553510989334,1.0,17.548732857142856,21.239049765047476,0.3279467468314713,-0.03052378859527122
xgboost,STORE0006,SKU0102,14,1498.0,0.3411563391188251,0.5342009825042202,1.0,36.50372828571428,44.01365243150381,0.34295756475598643,0.22458532443257676
xgboost,STORE0007,SKU0065,14,707.0,0.3407176421499292,0.3484619344082672,1.0,17.206240928571425,23.405909156055912,0.2917079634468474,0.1274856053748232
xgboost,STORE0011,SKU0015,14,141.0,0.34030941134751774,1.1632469771062273,1.0,3.427401928571429,4.512638060108941,0.39442328235690866,0.16667379432624116
xgboost,STORE0013,SKU0076,14,226.0,0.34022961061946905,0.6914454911631978,1.0,5.492278,6.72762280605473,0.37960677815842736,0.023623964601769923
xgboost,STORE0005,SKU0070,14,1516.0,0.33982215633245383,3.168023364282172,1.0,36.79788492857143,47.7537692122508,0.45256050729395475,-0.020607703825857516
xgboost,STORE0001,SKU0059,14,390.0,0.3391628461538462,0.519585253041715,1.0,9.448107857142858,10.707713971342562,0.37567961648609266,0.03517204615384617
xgboost,STORE0012,SKU0001,14,1615.0,0.33905917275541797,0.6404313539777954,1.0,39.11289742857143,48.19461093621504,0.3910128384516399,-0.179370106501548
xgboost,STORE0011,SKU0024,14,794.0,0.33901102267002514,0.6248191386663094,1.0,19.226767999999996,23.653661722091783,0.3738591033967334,0.027436317380352643
xgboost,STORE0003,SKU0093,14,800.0,0.33886897125000004,0.47706200300120577,1.0,19.363941214285717,23.914945870032337,0.34715735553384486,0.08969281374999999
xgboost,STORE0009,SKU0010,14,379.0,0.33826808443271766,0.5953376041757235,1.0,9.157400285714285,11.080051340177702,0.3499007314257891,0.22254726121372032
xgboost,STORE0013,SKU0084,14,191.0,0.337837837696335,0.697175270433941,1.0,4.609073357142856,5.477760248466328,0.41158199135723283,-0.018726141361256547
xgboost,STORE0009,SKU0019,14,230.0,0.33750016521739135,0.6410504618714244,1.0,5.544645571428572,6.435068799181216,0.40990694430552244,0.14068169565217392
xgboost,STORE0013,SKU0001,14,745.0,0.33718364832214776,0.463409540061904,1.0,17.942987000000006,20.15314225169388,0.35630747310887884,0.10292464161073825
xgboost,STORE0005,SKU0009,14,903.0,0.33711838759689916,0.6117072170830137,1.0,21.744135999999997,29.031253008955538,0.3662965686250761,-0.05605083720930231
xgboost,STORE0005,SKU0101,14,261.0,0.33654052490421454,1.0066096930966288,1.0,6.274076928571428,8.47948163661144,0.42496872819045517,-0.024012348659003823
xgboost,STORE0010,SKU0078,14,444.0,0.33622376576576574,0.35903268706854014,1.0,10.66309657142857,13.445715623162734,0.35093083912029754,-0.18047806306306308
xgboost,STORE0011,SKU0058,14,1296.0,0.3361537268518518,0.6995601826845705,1.0,31.118230714285712,39.44368398842252,0.36794223709218843,0.020466118827160505
xgboost,STORE0001,SKU0101,14,287.0,0.33611800348432047,0.543107867066541,1.0,6.890419071428569,8.164476801155537,0.37381503556142104,0.014051878048780515
xgboost,STORE0007,SKU0012,14,644.0,0.3360879021739131,0.4818945165783627,1.0,15.460043500000003,18.854683812927398,0.3450533989598926,0.18599877173913043
xgboost,STORE0004,SKU0035,14,2944.0,0.33598359714673903,0.5792569162072025,1.0,70.6525507142857,90.90123317613781,0.3603866260257819,-0.05331001019021741
xgboost,STORE0011,SKU0067,14,553.0,0.3357706546112116,0.5971978897641588,1.0,13.262940857142857,16.394928939055326,0.3693810546954174,0.023491327305605776
xgboost,STORE0012,SKU0022,14,1162.0,0.33574446127366614,0.5949421089587961,1.0,27.86679028571429,34.50100361728039,0.3717558412109221,0.07562465920826161
xgboost,STORE0007,SKU0094,14,607.0,0.3353425189456343,0.4600552113775195,1.0,14.539493500000003,16.649196601289983,0.3404979487677262,0.1568299686985173
xgboost,STORE0003,SKU0096,14,947.0,0.3351457381203802,1.756095608985934,1.0,22.670215285714285,28.123546418504656,0.3745516781624221,0.038132591341077084
xgboost,STORE0011,SKU0082,14,908.0,0.3349385440528634,0.4380793274598986,1.0,21.723156999999997,26.470781460432175,0.3587374784959061,-0.050699799559471355
xgboost,STORE0004,SKU0048,14,1242.0,0.3347936634460547,0.5761878800141292,1.0,29.700980714285713,39.145326813154355,0.3700832192763398,-0.024377310789049905
xgboost,STORE0013,SKU0085,14,573.0,0.33477756719022683,0.4675647838966296,1.0,13.70196757142857,20.130828258466174,0.3206425517008995,0.2379888760907504
xgboost,STORE0007,SKU0050,14,161.0,0.3343243975155279,0.4463038593027887,1.0,3.844730571428571,4.460891024322643,0.32810558409774515,0.16619809316770187
xgboost,STORE0006,SKU0038,14,1642.0,0.3338320462850183,0.4311237932705437,1.0,39.15373,44.60102244783801,0.355598468582584,-0.045595761266747865
xgboost,STORE0004,SKU0052,14,857.0,0.33285985064177365,0.4383995893768023,1.0,20.375778,24.504024295437027,0.3423739756125838,0.0441357666277713
xgboost,STORE0001,SKU0090,14,320.0,0.33181646249999996,0.7662261908543838,1.0,7.584376285714285,9.797344725946084,0.4026643802986799,-0.07686994999999999
xgboost,STORE0009,SKU0009,14,705.0,0.33162888652482275,1.2233861431781212,1.0,16.699883214285716,23.178550623674603,0.39088922820871014,0.07198639290780141
xgboost,STORE0005,SKU0015,14,198.0,0.3314292525252525,0.35851933603703723,1.0,4.687356571428571,5.565206750907553,0.36143555672572847,-0.23017042424242426
xgboost,STORE0008,SKU0062,14,294.0,0.3314248095238095,0.8795170772789636,1.0,6.959921,8.658630144079547,0.3794533774967993,-0.1660321904761905
xgboost,STORE0012,SKU0047,14,1060.0,0.3312055839622641,0.812826232961349,1.0,25.076994214285712,31.621106578097873,0.3639619469383998,-0.04420568018867925
xgboost,STORE0001,SKU0051,14,924.0,0.3309986255411255,0.8861522195002254,1.0,21.84590928571428,26.229937067052926,0.3704703005758009,0.0997202922077922
xgboost,STORE0001,SKU0081,14,1013.0,0.33089764955577494,1.1189592698474562,1.0,23.9428085,29.798910778085933,0.36790486421410995,0.0025770296150049166
xgboost,STORE0013,SKU0003,14,142.0,0.33089393661971833,0.5321994465274043,0.9285714285714286,3.356209928571429,4.524017567305486,0.41714809645145434,0.09176802112676058
xgboost,STORE0006,SKU0076,14,378.0,0.3298847619047619,0.5839781967507911,1.0,8.90688857142857,11.711412817242895,0.34539041513647006,0.1639611904761905
xgboost,STORE0011,SKU0021,14,795.0,0.32985055723270434,0.2728631114157801,0.9285714285714286,18.730799499999996,24.07443418226265,0.3679527759552294,0.1684238805031446
xgboost,STORE0011,SKU0029,14,540.0,0.32945009444444445,0.6017666096184738,1.0,12.707360785714286,18.071887541378423,0.32910136350042746,0.05953085740740741
xgboost,STORE0001,SKU0037,14,1531.0,0.329431519268452,0.5121180665332281,1.0,36.02568971428571,44.35447665690248,0.3518785244779604,0.03637072240365777
xgboost,STORE0003,SKU0075,14,386.0,0.3293313160621762,0.43778887679073303,1.0,9.080134857142857,10.491137857275582,0.3377361215019375,0.08088515025906735
xgboost,STORE0005,SKU0054,14,1421.0,0.32917906685432785,8.178887380840335,1.0,33.41167528571428,45.78088866121539,0.37089808132521424,0.06204265024630544
xgboost,STORE0008,SKU0097,14,1035.0,0.3289607198067633,0.41827355358244594,1.0,24.31959607142857,32.637367085906035,0.3218826858949235,0.045693570048309165
xgboost,STORE0006,SKU0057,14,1481.0,0.32866582781904125,0.34673109047295425,1.0,34.76814935714286,42.560242334508295,0.34891159788938914,-0.18271827751519246
xgboost,STORE0009,SKU0062,14,252.0,0.3284412023809524,0.2500561672657947,0.9285714285714286,5.911941642857144,7.545067335295031,0.39614033146156735,-0.10592140873015873
xgboost,STORE0001,SKU0074,14,1048.0,0.32843637499999995,0.4724823795888217,1.0,24.58580864285714,31.22402697000366,0.3279333533250042,0.1270680811068702
xgboost,STORE0007,SKU0018,14,935.0,0.3278790438502674,0.4138699205862967,1.0,21.897636142857145,24.72902238132555,0.3447017176504232,-0.007519364705882344
xgboost,STORE0012,SKU0054,14,1213.0,0.3272259488870569,0.36521312630541736,1.0,28.351791142857145,36.18885628355477,0.30601550433623076,0.09686034954657874
xgboost,STORE0001,SKU0055,14,207.0,0.3267089613526569,0.2713885049362402,0.9285714285714286,4.830625357142856,5.9827184932294495,0.39004574758064053,-0.014992004830917904
xgboost,STORE0008,SKU0025,14,468.0,0.3264418269230769,0.6155086227551464,1.0,10.912483928571428,13.50516201580871,0.3525097462518589,0.1285304166666667
xgboost,STORE0003,SKU0048,14,898.0,0.3259906804008909,0.5409655134989714,1.0,20.909973642857146,29.870009604325556,0.34562994014013626,-0.01827522605790645
xgboost,STORE0005,SKU0082,14,911.0,0.32593334467618,0.3967920236372957,1.0,21.208948357142855,24.409946653033874,0.3259165939155762,0.10807329418221734
xgboost,STORE0003,SKU0045,14,859.0,0.3255410698486612,4.503245712584723,1.0,19.974269928571427,28.61069432388209,0.3501000214455063,0.2226648137369034
xgboost,STORE0011,SKU0083,14,1365.0,0.3254079589743589,0.6040155798106611,1.0,31.727275999999993,38.612494469268384,0.3563947908068229,-0.007299305494505479
xgboost,STORE0010,SKU0021,14,697.0,0.32468069727403154,0.5077528109871988,1.0,16.164460428571427,20.032590038591046,0.3342360481359135,0.09735249067431846
xgboost,STORE0001,SKU0061,14,1251.0,0.32438236211031174,0.46545723987228144,1.0,28.98588107142857,34.937255684401386,0.33448405547732885,0.0650647042366107
xgboost,STORE0004,SKU0099,14,1429.0,0.32435493701889434,0.6628155303986804,1.0,33.107371785714285,40.85267335792296,0.39231838974546474,0.1471736144156753
xgboost,STORE0007,SKU0090,14,218.0,0.32428627752293576,0.9017086506089323,1.0,5.049600607142857,7.1383294590716,0.37560181052538966,-0.019920194954128414
xgboost,STORE0012,SKU0062,14,192.0,0.32417175000000004,0.7616105239502353,1.0,4.445784000000001,6.010833052719743,0.34805048467333793,0.16528327083333336
xgboost,STORE0001,SKU0063,14,904.0,0.3238660542035398,0.6531402711837011,1.0,20.912493785714283,31.628597485018936,0.3430720131929133,0.09955114048672564
xgboost,STORE0007,SKU0006,14,1090.0,0.32332582018348627,0.383661561994684,1.0,25.173224571428573,28.84940670188169,0.31007942604594657,0.23078735412844037
xgboost,STORE0003,SKU0055,14,145.0,0.3232951137931035,0.6730888058258967,1.0,3.348413678571429,4.217631634251936,0.37209698240155653,0.08431980344827586
xgboost,STORE0008,SKU0076,14,476.0,0.3232734159663866,0.7596040755867125,1.0,10.991296142857143,13.620414790897973,0.38183823732441485,0.014506453781512598
xgboost,STORE0012,SKU0100,14,1159.0,0.3229134633304573,0.7904101890782542,1.0,26.732621714285717,32.1689202923826,0.3686409753969651,-0.0390057756686799
xgboost,STORE0004,SKU0087,14,478.0,0.3228045732217572,0.5153036314291343,1.0,11.021470428571424,13.768632787924602,0.3692754038384251,-0.11820643514644351
xgboost,STORE0005,SKU0100,14,1179.0,0.3225612815945717,0.3993306613579284,1.0,27.16426792857143,33.01070585144742,0.3161246619845609,0.12486765988125526
xgboost,STORE0011,SKU0048,14,1120.0,0.3224891696428571,1.16563841240939,1.0,25.79913357142857,32.71253334813269,0.41496102108371874,0.054252312500000004
xgboost,STORE0003,SKU0019,14,186.0,0.32226366397849465,0.4627391738519657,1.0,4.281502964285715,6.011634379757206,0.309423807719112,0.27087701344086024
xgboost,STORE0001,SKU0001,14,1457.0,0.3220709196980096,0.5389410313447183,1.0,33.51838071428572,41.68251700602622,0.34632441684570897,0.14723183939601922
xgboost,STORE0005,SKU0038,14,1625.0,0.32171776492307685,0.46754586690356786,1.0,37.34224057142857,43.8709228936719,0.3573410890643456,-0.05995296738461539
xgboost,STORE0005,SKU0028,14,2042.0,0.3213911728697355,0.6141135341138213,1.0,46.87719821428571,55.873015270932996,0.3633310249000382,-0.08306484476003921
xgboost,STORE0006,SKU0039,14,251.0,0.3210786374501992,0.9872112679207687,1.0,5.756481285714286,7.485405448787908,0.3583031702965394,0.09519176892430277
xgboost,STORE0001,SKU0021,14,843.0,0.3204878457888493,0.29225693869689345,0.9285714285714286,19.29794671428571,27.36437778475083,0.36471490875571816,0.130107537366548
xgboost,STORE0009,SKU0002,14,848.0,0.32016749292452834,0.44176716579362296,1.0,19.39300242857143,25.64630646480677,0.3294143690786183,-0.026991683962264174
xgboost,STORE0011,SKU0097,14,1139.0,0.319807712906058,0.4010990708166455,1.0,26.018641785714287,30.288476529759862,0.35502847245755437,-0.12049417295873573
xgboost,STORE0005,SKU0080,14,1197.0,0.31971274853801174,0.5088614490850497,1.0,27.335440000000006,33.91884391592947,0.3619410854928552,-0.07305590643274852
xgboost,STORE0008,SKU0090,14,344.0,0.31926865406976745,0.357193448321309,1.0,7.844886928571428,9.231893206703385,0.32760156734067386,-0.07720857267441862
xgboost,STORE0011,SKU0025,14,459.0,0.3185346100217865,1.3062522560570966,1.0,10.443384714285715,13.304043362630313,0.36027829710361986,0.02278120261437908
xgboost,STORE0002,SKU0079,14,829.0,0.31824212665862484,0.6584992659025198,1.0,18.844480214285714,22.625637453077573,0.3530929902798442,0.03253457056694815
xgboost,STORE0001,SKU0049,14,707.0,0.3170500961810467,0.7501016362753338,1.0,16.011029857142855,20.33720876328644,0.37156542064334286,-0.018785824611032526
xgboost,STORE0002,SKU0039,14,173.0,0.31670567052023124,1.1967942594169723,1.0,3.913577214285714,5.076033472630229,0.38496176753458605,0.08860940462427747
xgboost,STORE0007,SKU0067,14,400.0,0.3159768625,0.440455464059705,1.0,9.027910357142858,11.348444946473558,0.32435804785449607,0.0581574575
xgboost,STORE0011,SKU0089,14,668.0,0.3158244131736527,0.3905110714912075,1.0,15.069336285714286,19.081438432739855,0.33946012546555415,-0.14032412275449102
xgboost,STORE0011,SKU0012,14,988.0,0.31572946659919027,0.41205848829453456,1.0,22.281479499999996,29.85269788532396,0.3137278891052864,0.12450020141700405
xgboost,STORE0002,SKU0089,14,503.0,0.31557036381709747,1.2454598333269717,1.0,11.337992357142857,13.832091384521728,0.37188309993100155,-0.10967294831013916
xgboost,STORE0011,SKU0053,14,465.0,0.3155696172043011,1.2779644282034652,1.0,10.48141942857143,13.333710994405871,0.3685372996733727,-0.03085972043010751
xgboost,STORE0004,SKU0066,14,424.0,0.31492138679245274,0.3503190331705173,0.9285714285714286,9.53761914285714,12.981631291294478,0.39096730300032295,0.09867071698113207
xgboost,STORE0010,SKU0048,14,882.0,0.31485239229024936,1.0115651887024966,1.0,19.83570071428571,26.08415179772638,0.36793158785041563,0.1814719750566893
xgboost,STORE0013,SKU0037,14,839.0,0.3138799845053636,0.4419789344983867,1.0,18.810379071428574,22.96586050669972,0.32285882004827116,0.11522623957091777
xgboost,STORE0011,SKU0028,14,2051.0,0.3138745197464652,0.41407344346025304,1.0,45.982617142857144,53.28387417475707,0.3421273288826378,-0.06199098976109218
xgboost,STORE0007,SKU0013,14,1056.0,0.3130896875,0.4471320181254344,1.0,23.615907857142854,35.26691163945437,0.27545699955958497,0.21480179924242426
xgboost,STORE0009,SKU0070,14,1061.0,0.3130005881244109,0.8686800700397922,1.0,23.72097314285714,32.91106981281965,0.34572500831752817,0.21198797926484447
xgboost,STORE0002,SKU0098,14,446.0,0.31265495964125567,0.44527530180192937,1.0,9.960293714285715,11.89509978548264,0.32875253910272695,0.16257847982062784
xgboost,STORE0001,SKU0017,14,1767.0,0.3124549915110357,0.3539983617502814,1.0,39.436283571428575,51.16810418573732,0.318395399060784,-0.07649496887379739
xgboost,STORE0012,SKU0016,14,394.0,0.3120010101522843,0.8379832633298185,1.0,8.780599857142859,10.495533134281622,0.36522419822727226,-0.04245754822335027
xgboost,STORE0009,SKU0045,14,1026.0,0.3116294230019493,0.7950927387610232,1.0,22.837984857142857,26.116963553908988,0.3593874812628116,0.11461260233918132
xgboost,STORE0009,SKU0075,14,458.0,0.31119076855895206,0.2992995036758502,1.0,10.180383714285716,12.779070354973497,0.3358477989713598,-0.25571119213973803
xgboost,STORE0004,SKU0058,14,1361.0,0.3110802850844967,0.4100195950251341,1.0,30.241447714285716,37.07131722168452,0.3232777216488067,0.02741534166054371
xgboost,STORE0002,SKU0006,14,1359.0,0.3109674289919058,0.3763981419199757,1.0,30.186052571428572,37.92493524329903,0.30977085435544843,0.03099465342163357
xgboost,STORE0006,SKU0035,14,3647.0,0.31089407732382784,0.27907125631439605,1.0,80.98790714285715,101.88072127050226,0.3274356197929091,-0.2557626048807239
xgboost,STORE0011,SKU0006,14,1683.0,0.31085942602495537,2.854576116875767,1.0,37.36974385714285,46.89541522082308,0.41338157537707165,0.09205411408199644
xgboost,STORE0006,SKU0094,14,987.0,0.3105965238095239,0.7483438069769551,1.0,21.897054928571436,28.007650984240488,0.3506661227181316,-0.02517528976697062
xgboost,STORE0011,SKU0062,14,249.0,0.31053611244979923,0.5428571414807416,1.0,5.523106571428571,6.767562564732297,0.34161653636016515,0.0710081044176707
xgboost,STORE0003,SKU0041,14,1210.0,0.3104280380165289,0.407816500733794,1.0,26.829851857142852,38.639113522427124,0.31934530191270866,0.04527988925619835
xgboost,STORE0010,SKU0084,14,331.0,0.3103529123867069,0.24476528716545298,0.9285714285714286,7.337629571428571,8.879369393574748,0.3901157819101216,-0.10963261027190334
xgboost,STORE0002,SKU0090,14,207.0,0.31026308695652177,1.3256932119484295,1.0,4.587461357142858,5.883171487266765,0.3473822390420082,0.12537584057971018
xgboost,STORE0010,SKU0054,14,1116.0,0.3097335716845878,0.4347351735785843,1.0,24.69019042857143,36.04288519291818,0.2784602077392801,0.17625868637992828
xgboost,STORE0005,SKU0055,14,213.0,0.30967710563380285,1.198235522547956,1.0,4.711515964285715,6.147942981946286,0.36021339506700784,-0.0034323544600938956
xgboost,STORE0011,SKU0033,14,1477.0,0.30931692958700074,1.1379276098965643,1.0,32.632936071428574,44.18623844889817,0.34297533128940355,0.09227089031821258
xgboost,STORE0008,SKU0067,14,589.0,0.30907472156196947,0.4872563794713991,1.0,13.003215071428572,17.479260018891694,0.3294386040364493,0.04190518336162988
xgboost,STORE0008,SKU0009,14,896.0,0.3089508325892857,4.5499763303497955,1.0,19.772853285714284,25.09715517353161,0.3751074164322499,0.011852908482142845
xgboost,STORE0008,SKU0091,14,360.0,0.30861238888888887,1.7218592100767507,1.0,7.935747142857143,12.218090989968658,0.349431173358103,-0.0005860222222222451
xgboost,STORE0004,SKU0050,14,248.0,0.3085909798387097,0.8626838240489152,1.0,5.4664687857142855,6.723535764136334,0.3672875724619922,0.053289520161290335
xgboost,STORE0003,SKU0040,14,308.0,0.308031961038961,0.3782778237071756,1.0,6.7767031428571425,7.48671016689132,0.3199318337394509,0.07879255194805194
xgboost,STORE0011,SKU0056,14,400.0,0.30798011000000003,0.439285707235968,1.0,8.799431714285715,10.320905434092426,0.3686502579325114,-0.15399865999999998
xgboost,STORE0003,SKU0047,14,927.0,0.30787839913700105,0.4046933242134566,1.0,20.38594828571428,23.689351935617793,0.3330676910582188,-0.051009771305285855
xgboost,STORE0012,SKU0020,14,770.0,0.3078464766233767,0.32887620628055286,1.0,16.931556214285717,22.255157933893695,0.3223805247674549,-0.17952490779220778
xgboost,STORE0001,SKU0077,14,871.0,0.307523625717566,0.7286029653687861,1.0,19.132362714285712,28.95403411088959,0.3352889414677044,0.1573226107921929
xgboost,STORE0005,SKU0026,14,1544.0,0.30750495336787564,0.3836567597238013,1.0,33.91340342857143,38.3975821708925,0.3182382344954223,0.011121531088082911
xgboost,STORE0011,SKU0041,14,1678.0,0.3067439177592372,0.5899620515256289,1.0,36.765449571428576,42.739025046910186,0.35723823110950675,0.02365304767580452
xgboost,STORE0006,SKU0003,14,297.0,0.3062894814814815,0.5533392633328119,1.0,6.497712571428572,8.473883937127725,0.32875738644052177,0.14570300336700337
xgboost,STORE0003,SKU0084,14,303.0,0.30619369636963695,0.3836072879683883,1.0,6.626906428571429,7.808255814593771,0.3275975069902029,-0.029830462046204625
xgboost,STORE0005,SKU0053,14,455.0,0.30598376923076925,0.24170726269876974,0.9285714285714286,9.944472500000002,13.133482290993067,0.36122832611466155,0.0005614483516483636
xgboost,STORE0010,SKU0013,14,1626.0,0.30553831795817954,0.4779456240376812,1.0,35.48609321428571,43.9523903368484,0.3416312348421142,-0.018880850553505548
xgboost,STORE0002,SKU0065,14,692.0,0.3048982167630058,0.3862568158303756,1.0,15.070683285714287,20.773401176551324,0.28679124377934484,0.15578455202312133
xgboost,STORE0007,SKU0076,14,358.0,0.3047221480446927,0.2951108321978621,1.0,7.792180642857143,9.03452319156937,0.31856546335666447,-0.18068452793296094
xgboost,STORE0003,SKU0042,14,176.0,0.3043254829545454,1.4346350622303135,1.0,3.825806071428571,5.454783680549074,0.3735790509231949,0.05927928977272727
xgboost,STORE0005,SKU0085,14,1371.0,0.30423056673960613,0.656007611166049,1.0,29.792864785714283,39.02557063814951,0.33125387407353785,0.035402419401896444
xgboost,STORE0003,SKU0011,14,266.0,0.30403684022556393,0.33645441266204806,1.0,5.776699964285714,8.004143484745569,0.29852172892157763,-0.09173418984962402
xgboost,STORE0010,SKU0060,14,801.0,0.3036576441947566,0.48928024553427746,1.0,17.373555214285716,21.037205063684688,0.3450611794776262,-0.02997786392009987
xgboost,STORE0004,SKU0013,14,1577.0,0.30335579835129994,0.29193249270506266,0.9285714285714286,34.17086385714286,43.487351622494856,0.3674984447580916,0.2311161280913126
xgboost,STORE0010,SKU0094,14,835.0,0.30318693772455096,0.5621519051522677,1.0,18.08293521428572,27.118316649161002,0.3288202193698306,-0.1169884203592814
xgboost,STORE0005,SKU0010,14,531.0,0.303095077212806,1.0770747255735775,1.0,11.495963285714284,14.002471289196881,0.3667103080455237,0.04945867796610166
xgboost,STORE0008,SKU0089,14,751.0,0.3028997270306258,0.2950908574495862,1.0,16.248406785714284,19.247410699271384,0.3204496290180908,-0.18315992942743006
xgboost,STORE0005,SKU0022,14,1380.0,0.30214388478260873,0.5631765827507051,1.0,29.78275435714286,36.987661300573734,0.32288112462905805,0.10950272391304347
xgboost,STORE0009,SKU0072,14,452.0,0.3010355420353983,0.5889533884299439,1.0,9.719147500000002,12.56703394237658,0.3271060595027268,0.06272188716814162
xgboost,STORE0004,SKU0053,14,442.0,0.30097211990950223,0.5903085081760505,1.0,9.502119785714285,12.4371470710935,0.3288222121769598,0.09083917873303171
xgboost,STORE0006,SKU0066,14,537.0,0.30072883054003735,0.30611393926777997,1.0,11.535098714285718,14.133446876492439,0.3159847150096424,-0.168989687150838
xgboost,STORE0004,SKU0003,14,392.0,0.3005026428571429,0.29715213550201297,1.0,8.414074000000001,9.913249143898065,0.32222435387564763,-0.22099536734693873
xgboost,STORE0013,SKU0087,14,267.0,0.30040889138576776,0.29200729633544104,1.0,5.729226714285714,6.468840768311429,0.3148853121867251,-0.17033620224719104
xgboost,STORE0003,SKU0020,14,512.0,0.30034541992187497,0.45314763408669745,1.0,10.98406107142857,14.478015976619846,0.3076601882902338,0.19982389648437504
xgboost,STORE0012,SKU0088,14,320.0,0.30026652187499997,0.21621785470602115,0.9285714285714286,6.863234785714285,9.795939976762861,0.34376163432823065,0.03688722187499999
xgboost,STORE0009,SKU0044,14,1174.0,0.3002597546848381,1.0015278904947045,1.0,25.17892514285714,31.615633600745873,0.35884374639774924,0.05797607495741056
xgboost,STORE0004,SKU0065,14,1077.0,0.30000147075208916,0.2980946179588891,1.0,23.07868457142857,35.06520292807994,0.2690440964273392,0.011379563602599818
xgboost,STORE0011,SKU0079,14,1376.0,0.2999084251453488,0.32092295485288175,1.0,29.476713785714285,33.426869479673854,0.31786529084128073,-0.13096397165697676
xgboost,STORE0006,SKU0001,14,1469.0,0.29972830837304293,0.39289914812913224,1.0,31.450063214285716,38.63248713621756,0.2998717135473266,0.15625193669162693
xgboost,STORE0006,SKU0065,14,954.0,0.29961232389937104,0.3414464520726246,1.0,20.416439785714285,28.800472170956173,0.27074158547358423,0.1739810744234801
xgboost,STORE0001,SKU0099,14,1706.0,0.29937374208675266,0.221310942381194,0.9285714285714286,36.48082885714286,49.794697886585666,0.36320085467887314,-0.07581301641266121
xgboost,STORE0009,SKU0083,14,1146.0,0.2990629738219895,0.9856223034162254,1.0,24.48044057142857,29.344043390395928,0.3476448931769906,0.01918141361256548
xgboost,STORE0002,SKU0071,14,316.0,0.29892029430379746,1.0632140229246472,1.0,6.747058071428571,9.161898210272385,0.35913878902178725,0.07933366139240507
xgboost,STORE0009,SKU0092,14,1306.0,0.2987516194486983,0.32800160217169155,1.0,27.869258214285715,32.74385036972098,0.3177369519095337,-0.12401214777947933
xgboost,STORE0002,SKU0064,14,1120.0,0.2984398267857143,0.29873111014021425,1.0,23.875186142857142,30.067028570617822,0.3064762234232658,-0.14211052321428572
xgboost,STORE0001,SKU0048,14,1153.0,0.29822507805724197,1.097619333613418,1.0,24.56096535714286,32.429908141810834,0.3255829991214381,0.12675825411968777
xgboost,STORE0009,SKU0049,14,539.0,0.29798728942486086,0.3450167367632638,1.0,11.472510642857143,12.720938198150387,0.2809639042228044,0.20965719666048235
xgboost,STORE0007,SKU0009,14,700.0,0.29797703857142854,0.312040830898001,1.0,14.898851928571428,17.40383308558745,0.30880278206912803,-0.09921164142857143
xgboost,STORE0005,SKU0049,14,789.0,0.2978235893536122,0.7903663303511268,1.0,16.784486571428573,20.52108675647382,0.3645049848525784,-0.16025143726235744
xgboost,STORE0012,SKU0014,14,766.0,0.29774473237597915,0.34796204060107216,1.0,16.29089035714286,18.459297763640862,0.30814216148026846,-0.0408531135770235
xgboost,STORE0004,SKU0001,14,1663.0,0.2971540450992182,0.7790026159829081,1.0,35.29765549999999,44.91768754385068,0.34883617674756956,-0.003798261575466023
xgboost,STORE0002,SKU0019,14,198.0,0.29651775,0.4471696073273375,1.0,4.193608178571429,5.130333673737295,0.3278767043111153,0.15538623989898992
xgboost,STORE0003,SKU0026,14,1101.0,0.29630550953678475,0.4141072984259223,1.0,23.302311857142858,26.078342092388013,0.3168353004491733,0.07420647956403273
xgboost,STORE0003,SKU0030,14,558.0,0.2958878207885305,0.36251559791203364,1.0,11.793243142857145,14.461802153430957,0.303381348667771,0.021040071684587807
xgboost,STORE0005,SKU0005,14,1269.0,0.2957589330181245,0.3634297134195667,1.0,26.808434714285713,35.966929345691916,0.2747971942588076,0.21364522143420017
xgboost,STORE0006,SKU0055,14,230.0,0.29545431739130434,0.42285316052670535,1.0,4.853892357142857,6.630121881175645,0.318084729004828,-0.007660778260869573
xgboost,STORE0008,SKU0028,14,2184.0,0.295362445054945,0.36153034104786375,1.0,46.076541428571424,53.27346780940624,0.32495431282976467,-0.12608694139194138
xgboost,STORE0009,SKU0005,14,1252.0,0.29509982028753995,0.5970877376176803,1.0,26.39035535714286,30.55059778297481,0.3443285085535423,0.06017193690095846
xgboost,STORE0011,SKU0001,14,1706.0,0.29473058968347016,0.4126516538852245,1.0,35.915027571428574,39.12617858599859,0.33823752769726634,-0.029987376318874565
xgboost,STORE0010,SKU0037,14,1785.0,0.2944252879551821,0.27112772170275307,1.0,37.53922421428571,46.31958282585271,0.3132308203410381,-0.22765476246498598
xgboost,STORE0008,SKU0040,14,505.0,0.29433153267326734,1.233501921176847,1.0,10.616958857142858,15.012506824595024,0.34364195689728133,0.07054784950495047
xgboost,STORE0002,SKU0081,14,766.0,0.29408989033942556,1.3138006622220768,1.0,16.090918285714285,19.510062515629386,0.3608597183042262,-0.036821629242819835
xgboost,STORE0003,SKU0009,14,642.0,0.29390397196261686,0.32705339024150015,1.0,13.477596428571431,19.366838691322993,0.2858356299481555,-0.02123876947040498
xgboost,STORE0013,SKU0049,14,298.0,0.29390043959731554,0.5607829369933011,1.0,6.255880785714288,8.215475654657352,0.314566413249013,0.23446781543624165
xgboost,STORE0008,SKU0081,14,857.0,0.29387623803967333,0.8983333387322551,1.0,17.989424000000003,24.106480451008554,0.32176243763921913,0.20653303850641777
xgboost,STORE0008,SKU0014,14,903.0,0.2938515548172757,0.2877424685308094,1.0,18.95342528571428,27.95495982917082,0.2777711363813627,-0.04149507419712073
xgboost,STORE0003,SKU0066,14,303.0,0.2938241419141914,0.543337236135428,1.0,6.359193928571428,8.19387020610324,0.33816062584685813,0.13324883498349835
xgboost,STORE0007,SKU0078,14,338.0,0.29379252662721894,0.4240005437288568,1.0,7.092991,8.972725818474483,0.3206384350234511,-0.07939928994082843
xgboost,STORE0012,SKU0034,14,2784.0,0.29358286637931036,0.2427070596556385,1.0,58.38105000000001,90.14702698345219,0.2716933945229175,-0.21423096982758622
xgboost,STORE0008,SKU0092,14,1494.0,0.2935130227576974,0.5163910875693712,1.0,31.32203257142857,39.810853398346474,0.3280252424299048,-0.09679148326639891
xgboost,STORE0002,SKU0082,14,632.0,0.2932038085443038,0.4425421429302073,1.0,13.236057642857142,15.388878614709949,0.32989198103973427,-0.01040317246835446
xgboost,STORE0012,SKU0037,14,1387.0,0.2931076532083634,0.5647990561844184,1.0,29.03859392857143,39.03856652448807,0.32938753778812213,0.017697782984859398
xgboost,STORE0008,SKU0086,14,156.0,0.2928367435897436,0.2568549700746996,0.9285714285714286,3.2630380000000003,4.293226399199463,0.3440137043163126,0.21775083974358977
xgboost,STORE0007,SKU0083,14,888.0,0.29260818806306305,0.356028289152669,1.0,18.559719357142857,22.429884876832467,0.29137549440328464,0.11094352590090092
xgboost,STORE0013,SKU0099,14,747.0,0.29223726506024095,0.5134635916056679,1.0,15.592945499999999,18.825027592109635,0.33761018548944055,0.07095192101740296
xgboost,STORE0009,SKU0089,14,533.0,0.2922039362101313,3.1719242611489697,1.0,11.124621285714284,14.979589931902549,0.3429031006396618,-0.0012830769230769402
xgboost,STORE0008,SKU0012,14,949.0,0.29220060590094843,0.42133667552433873,1.0,19.807026785714292,24.985089583041145,0.3143880410556196,0.17308151422550053
xgboost,STORE0009,SKU0098,14,617.0,0.2921273857374392,0.3547044204039961,1.0,12.874471214285714,19.597972711707655,0.28668554488721654,-0.049090471636952994
xgboost,STORE0013,SKU0061,14,679.0,0.2920854226804124,1.0926067424761186,1.0,14.166143000000002,21.101906802978448,0.35118913282720593,0.08492357879234168
xgboost,STORE0001,SKU0082,14,892.0,0.2920709540358744,0.3735867794232427,1.0,18.609092214285713,21.55079491695558,0.29636640941124626,0.10387495403587443
xgboost,STORE0012,SKU0092,14,1293.0,0.29194362722351125,1.5890509852540453,1.0,26.963079285714286,35.00900304347683,0.35342354650145974,-0.0941130657385924
xgboost,STORE0001,SKU0040,14,430.0,0.29189465116279073,0.38926301177317274,1.0,8.965335714285715,10.79106874656928,0.290818151434401,0.20096183255813954
xgboost,STORE0011,SKU0095,14,484.0,0.291621520661157,0.32783094718504946,1.0,10.081772571428571,12.149985825236048,0.30385427608966725,-0.0889830826446281
xgboost,STORE0003,SKU0095,14,342.0,0.2913809356725146,0.2982237065758243,1.0,7.1180200000000005,8.523304269602747,0.28645856935825603,-0.026019087719298253
xgboost,STORE0005,SKU0003,14,327.0,0.2911770550458716,0.35722911489821907,1.0,6.801064071428573,7.798785702446114,0.30150390002115124,0.046042345565749244
xgboost,STORE0001,SKU0072,14,490.0,0.2906891551020408,0.406641269603472,1.0,10.174120428571428,12.981090500571788,0.299002713580736,0.14463950612244897
xgboost,STORE0005,SKU0034,14,2695.0,0.2902572727272727,0.3753054007728983,1.0,55.874525,62.20500028712156,0.32609583006056714,-0.06044936920222636
xgboost,STORE0008,SKU0049,14,709.0,0.2902503272214386,0.3758238763750276,1.0,14.699105857142856,17.280539091462334,0.298062278831167,0.08785458674188999
xgboost,STORE0009,SKU0096,14,1393.0,0.2900759547738693,0.34820010296891163,1.0,28.862557499999998,31.501303705811367,0.32593155495944304,-0.15265044005743
xgboost,STORE0011,SKU0072,14,561.0,0.2899706827094475,0.3873263949535291,1.0,11.619539500000002,14.032350303650148,0.30362815501548385,0.019335360071301252
xgboost,STORE0007,SKU0102,14,1147.0,0.2895423984306888,0.6720328032929229,1.0,23.721795071428573,31.072789161609915,0.3561074713332175,0.13645565562336529
xgboost,STORE0011,SKU0038,14,1762.0,0.289416623723042,0.32097534958151897,1.0,36.42514935714286,41.830163076086535,0.3095240854042465,-0.12357819580022704
xgboost,STORE0012,SKU0057,14,1032.0,0.2893122490310078,0.3145247912305308,1.0,21.326445785714288,23.84321130081081,0.2795348311922871,0.07626124127906976
xgboost,STORE0012,SKU0008,14,336.0,0.28925937202380947,0.3491750058905882,1.0,6.942224928571427,8.479489092912855,0.2999591405681887,-0.049153193452380964
xgboost,STORE0012,SKU0081,14,967.0,0.2891219100310238,0.39001364049307774,1.0,19.97006335714286,24.08210400935284,0.31725516527913245,-0.04744932678386764
xgboost,STORE0012,SKU0039,14,229.0,0.28882689737991263,0.35969683725507345,1.0,4.724382821428571,6.15731237571573,0.3045014301016563,-0.05182064410480349
xgboost,STORE0003,SKU0076,14,356.0,0.2885919101123596,0.2808219391772162,1.0,7.33848,8.787392285232299,0.3121127792595006,-0.21134841573033708
xgboost,STORE0012,SKU0027,14,2358.0,0.288463560644614,0.26869134632844316,1.0,48.585505428571416,66.50279373677282,0.2850863634604736,-0.17581261916878707
xgboost,STORE0006,SKU0023,14,1272.0,0.28832242845911954,0.5244714943827337,1.0,26.196152071428575,33.36907312259466,0.3360612006923959,-0.025365673742138363
xgboost,STORE0013,SKU0063,14,400.0,0.2882509725,0.6825288926756682,1.0,8.23574207142857,11.516371142711202,0.32551870398011606,0.17880196249999997
xgboost,STORE0008,SKU0003,14,339.0,0.2880699203539823,0.31199712786723033,1.0,6.975407357142857,9.61116381758922,0.2868474866361669,-0.058581424778761056
xgboost,STORE0012,SKU0077,14,784.0,0.28804535969387757,0.4392646979732841,1.0,16.130540142857143,23.3014290338651,0.29092918545629093,0.1295219362244898
xgboost,STORE0010,SKU0058,14,1183.0,0.28794788672865596,0.38935237397156136,1.0,24.331596428571427,31.617221127573643,0.29271601957934285,0.08658011834319525
xgboost,STORE0002,SKU0042,14,178.0,0.28786023033707864,0.5809227978842586,1.0,3.6599372142857143,4.708892535376285,0.3395706396524584,-0.0565302415730337
xgboost,STORE0001,SKU0042,14,244.0,0.2877319139344262,0.36956181123828546,1.0,5.014756214285714,5.97865460087335,0.2959767551085735,0.07913617622950818
xgboost,STORE0004,SKU0054,14,1285.0,0.28758916264591433,0.40191106494196643,1.0,26.39657671428571,32.545487711084206,0.29481945096756623,0.15429392529182875
xgboost,STORE0006,SKU0037,14,1684.0,0.28758685095011877,0.3784721409006403,1.0,34.59258978571428,39.90833982073516,0.3115054013771824,-0.019936355700712588
xgboost,STORE0011,SKU0085,14,1342.0,0.2873133002980626,0.5855371469499262,1.0,27.54103207142857,32.2203798402847,0.3297310116479703,0.03950813785394933
xgboost,STORE0011,SKU0051,14,1127.0,0.2872978251996451,0.35859183219088947,1.0,23.127474928571427,27.442657053246425,0.3046332235020722,7.365483584738608e-05
xgboost,STORE0008,SKU0060,14,906.0,0.2870560838852097,0.5173722088599433,1.0,18.57662942857143,24.36842341714731,0.3239417435011847,0.0074263774834437265
xgboost,STORE0001,SKU0007,14,376.0,0.286993329787234,0.38532823035809033,1.0,7.707820857142856,9.184737418979957,0.3047234718799761,0.03961124468085103
xgboost,STORE0007,SKU0058,14,1027.0,0.28668099902629013,0.3231406055880969,1.0,21.030099,25.213826609771353,0.28712020983818176,0.02678081402142163
xgboost,STORE0006,SKU0099,14,1474.0,0.28643632700135685,1.3105554933002839,1.0,30.157653285714282,43.40071669606741,0.3268605851134518,0.07621645997286293
xgboost,STORE0001,SKU0011,14,335.0,0.28632757014925375,0.40529996021035253,1.0,6.851409714285714,8.175791983308947,0.31779968203912956,0.0064099343283582355
xgboost,STORE0008,SKU0055,14,204.0,0.28617282843137254,0.3469503251764317,1.0,4.169946928571428,4.889099096262996,0.2815678286371385,0.14917673039215687
xgboost,STORE0007,SKU0079,14,993.0,0.2861087532729104,0.2709506740718765,1.0,20.293285142857144,23.33945607225731,0.2951752702123744,-0.1705861329305136
xgboost,STORE0002,SKU0009,14,721.0,0.28590741192787794,0.31523758539889907,1.0,14.724231714285713,17.06049346422663,0.31641888892217407,-0.20803500693481275
xgboost,STORE0005,SKU0077,14,853.0,0.28545767526377497,0.6941485553694902,1.0,17.392528357142858,22.06956830503554,0.33890424201887914,0.1685023153575615
xgboost,STORE0005,SKU0088,14,353.0,0.28510880453257786,0.557504479860138,1.0,7.188814857142857,9.297953539825402,0.3198728094143138,0.05882448725212462
xgboost,STORE0012,SKU0029,14,423.0,0.28483200000000003,0.38328500552414296,1.0,8.605995428571429,10.108992369174755,0.2910202429304371,0.14433400000000002
xgboost,STORE0010,SKU0015,14,141.0,0.28475069148936166,0.37109836772909627,1.0,2.8678462499999995,3.4526669636168235,0.30987996519539773,-0.025042684397163107
xgboost,STORE0009,SKU0090,14,249.0,0.2844751004016064,0.2278145369121041,0.9285714285714286,5.0595928571428574,7.041703982526946,0.33826588895554854,0.09087331726907631
xgboost,STORE0009,SKU0039,14,227.0,0.28401527973568275,0.715587927688684,1.0,4.605104892857142,6.282398062338328,0.3229976983827611,0.0048936585903083755
xgboost,STORE0005,SKU0074,14,1170.0,0.28400053076923076,0.3266069463537851,1.0,23.73433007142857,28.478017850590973,0.28672265809297215,-0.021175352991453008
xgboost,STORE0011,SKU0094,14,891.0,0.2839998451178451,0.3495782523477529,1.0,18.07456157142857,23.496372499068283,0.28861541688803405,0.02342591245791246
xgboost,STORE0005,SKU0095,14,571.0,0.28368604553415055,0.25223912771073503,1.0,11.570337999999998,15.384079067330982,0.2949992928419029,-0.24669809457092817
xgboost,STORE0008,SKU0057,14,1252.0,0.2836614081469649,0.30618328423063346,1.0,25.3674345,31.339958368303083,0.2717629044334589,0.07065062699680508
xgboost,STORE0007,SKU0022,14,1142.0,0.2835702933450088,0.2775645813471311,1.0,23.13123392857143,28.972764218501926,0.2802335809322593,-0.08636411821366025
xgboost,STORE0011,SKU0037,14,1945.0,0.28351725141388173,0.3226761518557056,1.0,39.38864671428571,45.99413214399103,0.30870314791052983,-0.1486610560411311
xgboost,STORE0012,SKU0080,14,1230.0,0.2831837569105691,0.32337883565196124,1.0,24.879715785714286,31.925986710029143,0.2989891371484849,-0.1320292691056911
xgboost,STORE0010,SKU0065,14,882.0,0.28314240136054425,0.4206928929417274,1.0,17.837971285714286,23.386372340614237,0.30014769232797395,0.10927136961451249
xgboost,STORE0001,SKU0014,14,909.0,0.2831054862486248,0.3302980682241331,1.0,18.381634785714283,22.294452360614493,0.2895511572631659,-0.02836267656765678
xgboost,STORE0004,SKU0095,14,468.0,0.2830787136752137,0.5129494531722943,1.0,9.462917000000001,12.197583652020874,0.3151486054836302,0.015170790598290615
xgboost,STORE0001,SKU0084,14,388.0,0.2828398170103093,0.5206690714051055,1.0,7.838703500000001,9.90663318001391,0.32008952786112543,-0.046632605670103085
xgboost,STORE0001,SKU0031,14,947.0,0.28283811193241815,0.7032111583743051,1.0,19.131978,24.175902804974164,0.3165271282533472,0.04343150580781416
xgboost,STORE0004,SKU0026,14,1729.0,0.2826495020242915,0.3455716342692478,1.0,34.9072135,39.88223963091555,0.3084245782318281,-0.08274573105841526
xgboost,STORE0013,SKU0014,14,483.0,0.28242123395445135,0.30004122147656587,1.0,9.743532571428572,11.114059424721722,0.3049624339046539,-0.15595316770186335
xgboost,STORE0012,SKU0076,14,375.0,0.282192128,1.2271042858822443,1.0,7.558717714285714,11.422189077622724,0.30182896830179756,0.027498490666666677
xgboost,STORE0005,SKU0057,14,1247.0,0.2821671443464315,0.4173976308298476,1.0,25.133030642857143,31.55441672486199,0.28975729262806876,0.1221836479550922
xgboost,STORE0007,SKU0068,14,518.0,0.28196439382239386,0.30243754986404603,1.0,10.432682571428572,11.585218983237095,0.3150566279135639,-0.16976954826254828
xgboost,STORE0012,SKU0096,14,1219.0,0.2818247210828548,0.5101863120966176,1.0,24.53888107142857,35.69403626354289,0.2968915139372107,0.0017971886792452888
xgboost,STORE0009,SKU0028,14,1576.0,0.28161068781725884,0.3821655898129978,1.0,31.701317428571425,41.730152235468836,0.28635223656406705,0.03000877157360407
xgboost,STORE0009,SKU0084,14,320.0,0.281402528125,0.36768583518357134,1.0,6.432057785714286,8.095326533867977,0.28624194394350694,0.062095559374999984
xgboost,STORE0007,SKU0037,14,1408.0,0.28134384943181817,0.27759553924976,1.0,28.295152857142856,33.717859249044594,0.3023713713134865,-0.20882255681818182
xgboost,STORE0002,SKU0022,14,1028.0,0.28111614396887163,0.39060814088796153,1.0,20.641956857142862,23.819888993051308,0.3110676484434397,-0.0371138093385214
xgboost,STORE0006,SKU0011,14,360.0,0.28088129444444443,0.33841923205598734,1.0,7.222661857142858,9.03548764161731,0.29063515786459676,-0.09120767777777776
xgboost,STORE0007,SKU0029,14,356.0,0.28081240449438205,0.43161610820786106,1.0,7.140658285714287,8.435197882802589,0.3112809085659333,0.12240523033707865
xgboost,STORE0009,SKU0041,14,1453.0,0.2804225774260151,0.6979744694761599,1.0,29.103857499999997,43.91380681486762,0.29996558665261236,0.0343953372333104
xgboost,STORE0009,SKU0061,14,1390.0,0.2802620100719424,0.3525060894504152,1.0,27.82601385714285,33.1937022442866,0.30738449479552254,-0.10296300287769786
xgboost,STORE0011,SKU0044,14,1262.0,0.2797180103011094,0.6544537778602078,1.0,25.214580642857147,36.848863515056586,0.3009706984633194,0.06204836846275753
xgboost,STORE0013,SKU0024,14,496.0,0.27966285483870973,0.2625411134169117,1.0,9.90805542857143,12.268840935059513,0.2880798470991102,-0.18806991129032258
xgboost,STORE0006,SKU0097,14,1148.0,0.2795553954703833,0.21978990016046598,0.9285714285714286,22.923542428571434,30.742102778922536,0.3480704087149677,-0.013888716027874583
xgboost,STORE0008,SKU0074,14,1162.0,0.2791521901893288,0.5390445712848679,1.0,23.16963178571429,30.96698396943437,0.31631233413424625,0.08443887693631669
xgboost,STORE0002,SKU0032,14,777.0,0.2788882522522522,0.6476065704438331,1.0,15.478297999999999,20.9338377365765,0.3236578047584497,0.13583696525096525
xgboost,STORE0001,SKU0041,14,1714.0,0.27878762252042,0.42429658291467326,1.0,34.13157035714285,43.12293709653383,0.3159231554979404,0.017648135939323215
xgboost,STORE0002,SKU0024,14,589.0,0.27868189134125637,0.4272340578068211,1.0,11.724545285714285,14.851866794271107,0.30171354687158114,0.10400546349745331
xgboost,STORE0004,SKU0018,14,1410.0,0.27864335035460996,0.28003373353295336,1.0,28.063366000000002,36.98875033257179,0.27758952400148285,-0.09418586099290782
xgboost,STORE0010,SKU0080,14,1122.0,0.2785304340463458,0.19206509334986574,0.9285714285714286,22.322224785714287,32.10956050520238,0.3312407620445898,-0.061193357397504464
xgboost,STORE0003,SKU0058,14,1001.0,0.2780180779220779,0.36105696016345246,1.0,19.87829257142857,23.93826565684358,0.2918137427294713,0.02852640759240761
xgboost,STORE0001,SKU0012,14,998.0,0.27799211723446887,0.37800365364428756,1.0,19.81686664285714,27.5139425639804,0.26665182867852893,0.15570573246492986
xgboost,STORE0009,SKU0067,14,473.0,0.27765333826638483,0.5403644638742461,1.0,9.380716357142859,11.929200076144488,0.30718884936326296,0.023435063424947153
xgboost,STORE0003,SKU0043,14,614.0,0.27744327361563514,0.3484896546081463,1.0,12.167869285714286,14.144553280084118,0.28714096886348056,0.09672797394136809
xgboost,STORE0004,SKU0021,14,958.0,0.2772937922755741,0.902451042978102,1.0,18.97481807142857,23.656076654738587,0.3211053061369964,-0.00639752713987473
xgboost,STORE0001,SKU0010,14,595.0,0.2772369092436975,2.8290830843525376,1.0,11.782568642857143,15.801739716357925,0.33406972545789115,-0.0405559680672269
xgboost,STORE0011,SKU0027,14,2117.0,0.27709639584317436,1.0100751552143745,1.0,41.90093357142858,67.42705365436377,0.3017540668454356,0.11504844119036373
xgboost,STORE0007,SKU0096,14,1130.0,0.2768732300884955,0.36055368117325465,1.0,22.347624999999994,26.6332874811245,0.30789336546730733,-0.09156813274336287
xgboost,STORE0011,SKU0073,14,184.0,0.27679997010869567,0.1970459413124715,0.9285714285714286,3.6379424642857145,4.806222407689969,0.35540641341019724,-0.14241572554347828
xgboost,STORE0012,SKU0059,14,346.0,0.27655959826589593,0.4043460977543085,1.0,6.834972928571427,8.452129561173255,0.29338112200443195,-0.03448109537572254
xgboost,STORE0010,SKU0005,14,1302.0,0.2764221436251921,0.37361215186963764,1.0,25.707259357142863,30.588381292459403,0.30025105512376976,0.05355546927803379
xgboost,STORE0002,SKU0101,14,200.0,0.2759355775,0.41161359505542033,1.0,3.9419368214285706,4.824522485086746,0.3098295127683234,0.09004570749999999
xgboost,STORE0006,SKU0096,14,1601.0,0.2754594846970643,0.3496831922225149,1.0,31.50075964285714,35.134867213552184,0.3059961832673662,-0.1222004790755778
xgboost,STORE0010,SKU0057,14,1210.0,0.2750957272727273,0.51144363945632,1.0,23.776130714285717,29.053315441014583,0.3139891364786211,-0.0849684297520661
xgboost,STORE0004,SKU0072,14,588.0,0.2750838707482994,0.2712191623081051,1.0,11.553522571428573,14.739152329968057,0.269158753976469,-0.05515323469387755
xgboost,STORE0012,SKU0099,14,1401.0,0.2748776266952177,0.7027846466504767,1.0,27.50739678571429,33.95630807553823,0.325815419282731,-0.0013425945753033494
xgboost,STORE0005,SKU0083,14,1247.0,0.2748769679230152,0.33312151781888943,1.0,24.483684214285713,29.35400293219137,0.2815751002440588,0.0734593496391339
xgboost,STORE0006,SKU0006,14,1978.0,0.2748703437815976,1.397640515314283,1.0,38.835252857142855,49.25583192246078,0.34180715934947736,-0.0750833205257836
xgboost,STORE0011,SKU0030,14,741.0,0.2747066680161943,0.4327143931999734,1.0,14.5398315,18.714581472485378,0.30141384058290493,-0.004469850202429152
xgboost,STORE0011,SKU0002,14,963.0,0.27432871651090346,0.362815417877741,1.0,18.869896714285716,23.156923869224798,0.2857837783275276,0.03179495950155764
xgboost,STORE0001,SKU0027,14,2752.0,0.27412192950581393,0.3049567810470741,1.0,53.88453928571429,70.49770985933702,0.2825732451737643,-0.13820497456395348
xgboost,STORE0010,SKU0032,14,1108.0,0.27400477436823106,0.298948702790303,1.0,21.68552071428572,24.005408573335917,0.27856995189940964,-0.022517454873646203
xgboost,STORE0001,SKU0018,14,1497.0,0.27396920908483635,0.25918646975952725,1.0,29.295136142857142,35.90258129802353,0.2756846123717335,-0.11432437274549097
xgboost,STORE0012,SKU0068,14,534.0,0.2739483689138577,0.2891216719071456,1.0,10.4491735,14.623747450774733,0.25176004186686585,0.00029560112359552053
xgboost,STORE0005,SKU0087,14,436.0,0.2738241513761468,0.36129456677931354,1.0,8.527666428571427,9.653661648342672,0.29560719590527734,0.035139050458715584
xgboost,STORE0001,SKU0086,14,177.0,0.2732807175141243,0.35108578034941246,1.0,3.4550490714285718,4.32578417765155,0.28248591550592184,0.0876764915254237
xgboost,STORE0007,SKU0056,14,279.0,0.2730741792114696,0.5374088636685309,1.0,5.441978285714287,7.046960338682852,0.3315908894667351,0.05988450179211471
xgboost,STORE0001,SKU0006,14,1888.0,0.2728931366525424,0.306399073578598,1.0,36.80158871428572,47.93723819238717,0.26717184298148144,-0.006519649364406761
xgboost,STORE0007,SKU0098,14,477.0,0.27280621802935007,0.3460211322353022,0.9285714285714286,9.294897571428569,14.22678910162974,0.35325370954221263,0.15069514046121596
xgboost,STORE0012,SKU0070,14,1370.0,0.27263009124087595,0.28540995166154093,1.0,26.67880178571429,30.453940845749543,0.28291049132259466,-0.08266219343065695
xgboost,STORE0005,SKU0056,14,455.0,0.2722606307692308,0.30791878411206713,1.0,8.848470500000001,11.781522614752854,0.2918303419522661,-0.16268070989010985
xgboost,STORE0002,SKU0011,14,251.0,0.27180803585657376,0.40682778373570877,1.0,4.873129785714286,5.665052574398476,0.30951614910128006,-0.0036157171314740995
xgboost,STORE0006,SKU0070,14,1667.0,0.27164104979004194,0.29292069679624505,1.0,32.34468785714285,35.470587073702646,0.29381582015547064,-0.13716161367726454
xgboost,STORE0011,SKU0034,14,2864.0,0.27157822276536314,0.2976788779254173,1.0,55.557145,65.49732246041366,0.2849146336187315,-0.10825875349162013
xgboost,STORE0001,SKU0070,14,1701.0,0.27138356319811874,0.833262652835557,1.0,32.97310292857143,42.898103489102084,0.31734470066390646,-0.10849170429159319
xgboost,STORE0012,SKU0017,14,1482.0,0.2712166578947368,0.46274919585433827,1.0,28.7102205,34.389765925562294,0.312883792899502,-0.03240559176788123
xgboost,STORE0001,SKU0073,14,163.0,0.2711966411042945,0.29980757742673986,1.0,3.15750375,3.623625363657263,0.2784823669970379,-0.02975838343558285
xgboost,STORE0006,SKU0036,14,661.0,0.27063814977307105,0.6525525270146286,1.0,12.777986928571426,16.138431119910372,0.3011590921490827,0.15994102723146744
xgboost,STORE0007,SKU0082,14,697.0,0.27037956384505024,0.38522454114221427,1.0,13.461039714285716,18.004624668509337,0.2829444449767851,0.011673796269727397
xgboost,STORE0008,SKU0010,14,525.0,0.27028463047619045,0.34832573625236257,1.0,10.135673642857142,12.191443841572566,0.2781482484771828,0.11581206285714285
xgboost,STORE0009,SKU0046,14,1328.0,0.27021676280120477,0.30141679263044224,1.0,25.631990071428568,33.97958340404021,0.2556299954540507,0.03879654292168677
xgboost,STORE0009,SKU0102,14,1685.0,0.27019864035608315,0.27565334457669277,1.0,32.52033635714286,39.8008309029087,0.2685173676273927,-0.03652889554896144
xgboost,STORE0007,SKU0087,14,315.0,0.2698127238095238,0.43667079164469297,1.0,6.070786285714285,7.336622464335636,0.2953425955821586,-0.03074153650793652
xgboost,STORE0007,SKU0038,14,1185.0,0.2696589797468355,0.3547349786061882,1.0,22.8247065,27.467297722174987,0.28868717953451,-0.05132105400843881
xgboost,STORE0006,SKU0028,14,1773.0,0.26930186407219403,0.5400657115586027,1.0,34.105157500000004,45.20614986947749,0.3197929491242391,0.05783247997743937
xgboost,STORE0003,SKU0092,14,949.0,0.2688850305584826,1.280840108118858,1.0,18.226563857142857,23.957198388211072,0.32039826285656237,0.004647709167544779
xgboost,STORE0010,SKU0083,14,1272.0,0.2688357154088051,1.097530399791106,1.0,24.425645000000003,31.434270666006853,0.3212909309659567,-0.047470393081761014
xgboost,STORE0002,SKU0070,14,1187.0,0.26878089216512213,0.27275752625684946,1.0,22.788779928571426,30.63533469249779,0.2631283374313931,-0.03777785930918284
xgboost,STORE0003,SKU0067,14,432.0,0.2686164976851852,0.2993806622358647,1.0,8.288737642857145,9.21574525212786,0.2706753639099951,0.042980506944444434
xgboost,STORE0004,SKU0064,14,1440.0,0.26861595486111106,0.2615356492299508,1.0,27.62906964285714,37.248071914734844,0.26345429772286155,-0.1175242673611111
xgboost,STORE0009,SKU0047,14,1126.0,0.2680726003552398,0.27526430602425084,1.0,21.560696285714283,25.496933471469095,0.28368518723758707,-0.14443208525754886
xgboost,STORE0010,SKU0085,14,1155.0,0.2678090571428572,1.0990242694649268,1.0,22.09424721428572,29.219676662576326,0.3486670960574815,0.004867088311688295
xgboost,STORE0003,SKU0053,14,403.0,0.2675025657568238,0.2672494039680287,1.0,7.700252428571429,8.992603733414215,0.29118635059948167,-0.18410828784119102
xgboost,STORE0006,SKU0054,14,1880.0,0.26739051436170214,0.2649229006271418,1.0,35.90672621428572,45.25795864757046,0.2903264979790177,-0.21927460372340424
xgboost,STORE0010,SKU0011,14,330.0,0.2673050909090909,0.25974165469446336,1.0,6.300762857142857,7.696086562189773,0.2658772237240651,-0.11885069696969698
xgboost,STORE0006,SKU0010,14,576.0,0.267294796875,0.4897046831272242,1.0,10.997271642857143,16.088664727230835,0.2846101970631115,-0.0412202517361111
xgboost,STORE0009,SKU0018,14,1416.0,0.2672797690677966,0.2501413398693742,1.0,27.033439499999997,32.13640877223512,0.2827183786406915,-0.2065752422316384
xgboost,STORE0003,SKU0069,14,1055.0,0.2672377289099526,0.33611820276039606,1.0,20.138271714285715,26.423842853379057,0.27076844024103913,0.09421353175355453
xgboost,STORE0011,SKU0074,14,1107.0,0.2672354010840109,0.3527299153424649,1.0,21.130684928571434,24.13088982192433,0.28697708659068405,0.06141357813911472
xgboost,STORE0009,SKU0033,14,1735.0,0.2670896628242075,0.26841133030097614,1.0,33.10004035714285,38.70272338517329,0.28750655966257177,-0.18164739884726225
xgboost,STORE0004,SKU0075,14,539.0,0.26665203339517624,0.40994957804724336,1.0,10.266103285714284,14.001283104053627,0.2833299326518178,-0.04544070129870129
xgboost,STORE0002,SKU0088,14,317.0,0.26656334069400633,0.2453175561498156,1.0,6.035755642857144,7.587256454418746,0.27106338917566003,-0.17278258359621448
xgboost,STORE0006,SKU0042,14,248.0,0.2664725080645161,1.575395330795714,1.0,4.720370142857142,6.906833920864713,0.3088307352851348,0.02142394354838712
xgboost,STORE0001,SKU0087,14,438.0,0.2664444223744293,0.6017973543639148,1.0,8.335904071428573,10.875144542699964,0.3098211067456115,0.03925662328767122
xgboost,STORE0006,SKU0044,14,1507.0,0.2663554512276045,0.2606087682814368,1.0,28.671261785714286,38.51918222910034,0.2637358104998263,-0.0981826310550763
xgboost,STORE0007,SKU0085,14,893.0,0.26610609406494956,0.3376480497049815,1.0,16.97376728571428,20.467564825612538,0.28243463609559655,0.05806633818589024
xgboost,STORE0002,SKU0044,14,974.0,0.26610546611909647,0.4872537463690021,1.0,18.513337428571425,22.34109596470221,0.2966388193734777,0.026235353182751515
xgboost,STORE0011,SKU0007,14,501.0,0.26604987824351295,0.25431353370211374,1.0,9.520784928571429,13.46485745265775,0.2728213385320067,-0.2016558982035928
xgboost,STORE0011,SKU0031,14,1024.0,0.2660227177734375,0.2941003336771608,1.0,19.457661642857143,27.17238175549691,0.2481510831144009,0.04855771972656249
xgboost,STORE0002,SKU0028,14,1333.0,0.2659916054013504,0.26264374587448536,1.0,25.326200714285722,30.249490988068217,0.2642790609189318,-0.06863081320330083
xgboost,STORE0012,SKU0019,14,256.0,0.26562875781249995,0.3412915999691703,1.0,4.857211571428571,5.465821171012681,0.2827869006573728,0.1295118671875
xgboost,STORE0006,SKU0072,14,483.0,0.26540920703933746,0.4462679130882328,1.0,9.156617642857142,12.548467227454271,0.287914029654595,0.12308732712215321
xgboost,STORE0002,SKU0083,14,884.0,0.2653807239819005,0.3302302202990594,1.0,16.756897142857145,20.1176655814734,0.2624066331414185,0.1720968642533937
xgboost,STORE0007,SKU0088,14,252.0,0.265138876984127,0.32078940436991543,1.0,4.772499785714286,5.908769806904281,0.2707198072116145,0.047536170634920646
xgboost,STORE0012,SKU0072,14,546.0,0.26505277289377294,0.3597462157972612,1.0,10.337058142857144,12.131891595147495,0.2943920876829008,-0.06421170695970693
xgboost,STORE0003,SKU0094,14,641.0,0.2650156911076443,0.4463469223054117,1.0,12.133932714285711,16.036835210075537,0.2960366311018632,0.031174839313572542
xgboost,STORE0001,SKU0004,14,1418.0,0.264995928067701,2.4482373825887787,1.0,26.840301857142858,35.21844307445681,0.32984712066394556,0.013705095909732014
xgboost,STORE0006,SKU0019,14,307.0,0.2649726970684039,0.4551706162240587,1.0,5.810472714285714,8.22514984250103,0.2953270288347532,-0.03855568729641694
xgboost,STORE0008,SKU0008,14,370.0,0.26463762162162163,0.2816673242484515,1.0,6.993994285714286,7.946437905647465,0.2671480827087386,-0.01313774054054053
xgboost,STORE0012,SKU0050,14,260.0,0.26456218846153845,0.23914816724470808,1.0,4.913297785714286,6.539239230492078,0.266022744078695,-0.18248009615384614
xgboost,STORE0005,SKU0004,14,1459.0,0.2645188389307745,0.29528247860866924,1.0,27.566641857142855,35.59761703691154,0.2620319717094793,-0.003005862919808087
xgboost,STORE0010,SKU0088,14,348.0,0.2644829683908046,0.3836029492542558,1.0,6.574290928571429,8.26056914662246,0.28054303618575427,0.011823123563218386
xgboost,STORE0013,SKU0041,14,779.0,0.2642038433889602,0.4231681794702558,1.0,14.701056714285713,19.971991718604944,0.2809072565013119,0.2162702182284981
xgboost,STORE0011,SKU0017,14,1642.0,0.26401930207064556,0.2923290935695254,1.0,30.965692428571426,38.022420744882865,0.26499845515970405,-0.01099843970767357
xgboost,STORE0009,SKU0085,14,1081.0,0.26399219426456977,0.33582866397741046,1.0,20.38396871428571,26.270189847753983,0.2660770402920656,0.07987093246993528
xgboost,STORE0010,SKU0064,14,1232.0,0.2637934943181819,0.3611721278956406,1.0,23.213827500000004,29.269214099226264,0.28383597407957006,-0.005061700487012971
xgboost,STORE0009,SKU0063,14,836.0,0.2637356112440191,0.46577652823695387,1.0,15.748783642857143,19.52882028995761,0.31990135347081966,0.08095377153110046
xgboost,STORE0003,SKU0065,14,770.0,0.26360623766233765,0.3640128748040072,1.0,14.49834307142857,18.67291136882081,0.28533273226433437,-0.02484071818181819
xgboost,STORE0010,SKU0042,14,195.0,0.2634963846153846,0.426439408599045,1.0,3.670128214285714,5.03246525254125,0.28382511497232416,0.1489480564102564
xgboost,STORE0009,SKU0071,14,412.0,0.2633736868932039,0.42634897251849696,1.0,7.7507113571428565,9.373756329700319,0.30254808684403783,-0.05029104126213592
xgboost,STORE0007,SKU0024,14,611.0,0.26321677905073654,0.33491944423395503,1.0,11.487532285714286,13.996710972747417,0.2678258503699226,0.06549745990180031
xgboost,STORE0010,SKU0067,14,463.0,0.2631547883369331,0.4879569546441255,1.0,8.702904785714287,11.245560137977114,0.29769480923735225,0.08589966522678188
xgboost,STORE0009,SKU0064,14,1341.0,0.2631310171513796,0.3184305433585868,1.0,25.204192428571435,29.120505513148398,0.28528549993686536,-0.09214076510067117
xgboost,STORE0002,SKU0078,14,287.0,0.26306742160278745,0.4071609179076276,1.0,5.392882142857142,7.178854927850342,0.2807266954131369,0.18936769337979092
xgboost,STORE0004,SKU0015,14,176.0,0.26297520170454547,0.4901608829025688,1.0,3.3059739642857147,4.450029571366606,0.28752248933736846,0.0365979005681818
xgboost,STORE0012,SKU0064,14,1122.0,0.2629392076648841,0.5804960622327228,1.0,21.072699357142856,27.6698280020398,0.3061234178518194,-0.011601034759358279
xgboost,STORE0004,SKU0046,14,1925.0,0.2622927485714286,0.28344253070571906,1.0,36.06525292857143,42.44344197284634,0.2863375002699672,-0.16720992675324675
xgboost,STORE0010,SKU0096,14,1170.0,0.2622202564102564,0.4323976410307356,1.0,21.91412142857143,25.929146817370697,0.289491906355701,0.0337628034188034
xgboost,STORE0007,SKU0008,14,282.0,0.26212556382978724,0.4324916398220568,1.0,5.279957785714286,6.149028379692675,0.30174640004771497,-0.09531398936170216
xgboost,STORE0005,SKU0089,14,749.0,0.26207090921228304,0.2987500121572935,1.0,14.020793642857143,16.992196140287657,0.27377259662766906,-0.04765345927903872
xgboost,STORE0010,SKU0035,14,2699.0,0.26185956280103745,0.43949568976500497,1.0,50.48278285714286,62.33381917788701,0.29307394306240286,-0.06869883660615046
xgboost,STORE0013,SKU0080,14,743.0,0.2617522126514132,0.25708555909608904,1.0,13.891563857142856,16.60927977420124,0.27190922836263487,-0.16619931359353968
xgboost,STORE0008,SKU0039,14,321.0,0.26166838940809967,0.24093021195698733,1.0,5.9996823571428575,7.4724722143001125,0.2680200631882682,-0.16917670716510905
xgboost,STORE0002,SKU0018,14,818.0,0.261541380195599,1.819435650208185,1.0,15.281489214285715,22.422275101496208,0.2952537473934767,0.12025431662591687
xgboost,STORE0009,SKU0078,14,492.0,0.26148142276422764,0.2428853102861697,1.0,9.189204285714286,10.64356560643495,0.2858341063336112,-0.2540028780487805
xgboost,STORE0009,SKU0034,14,2219.0,0.2613190581342948,0.29156201380787017,1.0,41.41907071428572,48.76626035155095,0.2601228147972057,0.026653569175304193
xgboost,STORE0004,SKU0008,14,363.0,0.2611548980716254,0.47175146123841954,1.0,6.7713734285714295,9.766333514335361,0.2768147156578969,0.02383555371900826
xgboost,STORE0010,SKU0010,14,488.0,0.2611145881147541,0.3082782485569835,1.0,9.101708499999999,12.180204629631788,0.2710555126457245,-0.06180089959016394
xgboost,STORE0002,SKU0040,14,312.0,0.26087906410256406,0.37919814308247574,1.0,5.813876285714285,6.713500072973709,0.28925458358023126,0.17946987179487175
xgboost,STORE0003,SKU0004,14,911.0,0.26056558177826566,0.3061738980561547,1.0,16.955374642857144,21.2436066022482,0.25290028460932723,0.11238481558726678
xgboost,STORE0007,SKU0093,14,816.0,0.26040188848039214,0.2944055311632235,1.0,15.177710071428569,17.305814440336892,0.277096912276898,-0.06478135661764703
xgboost,STORE0002,SKU0052,14,690.0,0.2603839130434783,0.2427372369893046,1.0,12.833207142857145,15.18191181078327,0.27526940094343993,-0.20680519420289856
xgboost,STORE0011,SKU0096,14,1533.0,0.2602705114155251,0.9123432678511438,1.0,28.499620999999998,36.409241392610866,0.3224947639090966,-0.07004895890410957
xgboost,STORE0004,SKU0017,14,1849.0,0.25997053758788535,0.2506996657120992,1.0,34.334680285714285,42.11001174158438,0.25739411522385763,-0.0981527009194159
xgboost,STORE0011,SKU0052,14,860.0,0.2599396686046512,0.3972084831870006,1.0,15.967722500000002,22.417122231013593,0.2805681826645458,-0.031418094186046526
xgboost,STORE0010,SKU0043,14,744.0,0.2599087634408602,0.3622294199323778,1.0,13.812294285714286,16.350146264050796,0.2804031102834214,0.14167842741935482
xgboost,STORE0004,SKU0070,14,1545.0,0.2595389417475728,0.40473669458879385,1.0,28.64197607142857,37.775427739784504,0.28158415013218197,-0.01486839805825243
xgboost,STORE0005,SKU0058,14,1467.0,0.25941822903885475,0.2892619157932526,1.0,27.18332442857142,30.685384559877832,0.27238413305567505,-0.06347856714383095
xgboost,STORE0010,SKU0053,14,445.0,0.25917871235955053,0.23849323758785876,1.0,8.2381805,10.791556212836282,0.2589657264027424,-0.13292119325842697
xgboost,STORE0006,SKU0004,14,1365.0,0.2589077208791209,0.3824200636359646,1.0,25.243502785714288,33.637212666094825,0.27984334862158344,0.025143707692307716
xgboost,STORE0002,SKU0036,14,497.0,0.2588417082494969,0.30803707492040955,1.0,9.188880642857141,13.895784324241173,0.230709226366293,0.21430953118712276
xgboost,STORE0002,SKU0051,14,762.0,0.25865674409448824,0.28593833111341244,1.0,14.078317071428573,17.416573714777698,0.2685735581815667,-0.0722244343832021
xgboost,STORE0007,SKU0003,14,248.0,0.25855406249999996,0.17256481966114454,0.9285714285714286,4.580100535714285,6.436169338080462,0.3160189054705048,-0.05670815927419356
xgboost,STORE0011,SKU0066,14,486.0,0.2584777880658436,0.27073344219618795,1.0,8.972871785714284,9.900532610751098,0.2624048358283811,-0.04587213786008231
xgboost,STORE0010,SKU0087,14,348.0,0.25839605459770115,0.30726429968787133,1.0,6.422987642857143,7.954724128928361,0.25820672638203673,0.07010382471264369
xgboost,STORE0008,SKU0015,14,189.0,0.2581628306878307,0.2771327951966684,1.0,3.485198214285714,4.365597048861726,0.2586967621051604,-0.022703592592592595
xgboost,STORE0001,SKU0096,14,1542.0,0.25800842153047987,0.262395783016674,1.0,28.417784714285713,31.698402245916135,0.2684321540491334,-0.10414881712062257
xgboost,STORE0013,SKU0056,14,205.0,0.2579456707317074,0.2921311523677216,1.0,3.777061607142858,4.333723663365937,0.26595983819650876,0.040812958536585384
xgboost,STORE0010,SKU0059,14,367.0,0.25764599455040865,0.2677969684587462,1.0,6.754005714285713,8.509114782944815,0.26042837961480997,-0.06933037057220709
xgboost,STORE0003,SKU0063,14,680.0,0.25750800294117643,0.36801200831606634,1.0,12.50753157142857,14.551876503977745,0.29375877228502706,0.1216147205882353
xgboost,STORE0008,SKU0005,14,1579.0,0.25748174730842305,0.33735532764259407,1.0,29.040262785714283,36.8526924806521,0.284639180261737,0.022055306523115912
xgboost,STORE0007,SKU0030,14,538.0,0.25748069888475833,0.2884096122497254,1.0,9.894615428571427,11.25645689610464,0.24688587548494922,0.16742536802973979
xgboost,STORE0004,SKU0027,14,2403.0,0.25717808156471084,0.2947897643130866,1.0,44.14278071428572,61.78866564507991,0.2543537162404859,0.01823700790678318
xgboost,STORE0004,SKU0037,14,1788.0,0.25716798154362414,0.40369255150270955,1.0,32.84402507142857,41.46267898552077,0.29051723443729205,-0.07112806991051455
xgboost,STORE0009,SKU0038,14,1253.0,0.2569535083798883,0.33291073891003414,1.0,22.997339000000004,26.811955350227294,0.2685608090403577,0.05153559776536313
xgboost,STORE0002,SKU0034,14,1962.0,0.2569461508664628,0.2581975680139919,1.0,36.00916771428571,43.58754131058211,0.2633206795283255,-0.08760515800203875
xgboost,STORE0012,SKU0009,14,708.0,0.2562314717514125,1.4341255291513575,1.0,12.957991571428575,18.669932501032193,0.3373365911446122,0.024159635593220315
xgboost,STORE0011,SKU0071,14,524.0,0.25587402099236645,0.25578217621094823,1.0,9.576999071428572,10.862425131743663,0.26871940352964335,-0.13930326908396945
xgboost,STORE0003,SKU0035,14,2221.0,0.255793719045475,0.40937457030826063,1.0,40.57984642857143,49.24775318938034,0.2915687239575685,-0.02445788833858622
xgboost,STORE0012,SKU0058,14,1174.0,0.25553080068143097,0.45132600845750587,1.0,21.428082857142858,28.93980052252719,0.2932363734949753,-0.0682711345826235
xgboost,STORE0006,SKU0008,14,381.0,0.2552033989501312,0.37492883076539135,1.0,6.945178214285714,8.23493404292559,0.2850708188987045,-0.06786536745406825
xgboost,STORE0008,SKU0016,14,488.0,0.2548238545081967,0.21988648201107028,1.0,8.8824315,11.982137586354689,0.2494477643428124,-0.20315255532786883
xgboost,STORE0012,SKU0052,14,731.0,0.2547710519835841,0.2936133631815615,1.0,13.302688499999999,16.008639116071098,0.2510206031485697,0.06695588098495212
xgboost,STORE0005,SKU0076,14,437.0,0.2546227551487414,0.32328258212624034,1.0,7.947867428571428,9.533078845737853,0.27227229640736667,-0.020891290617848956
xgboost,STORE0004,SKU0038,14,1901.0,0.2545366307206733,0.29073603048439906,1.0,34.56243821428571,43.064075104137906,0.27995937661145315,-0.17278138611257235
xgboost,STORE0008,SKU0082,14,1036.0,0.25409218050193044,0.2802651275957103,1.0,18.802821357142854,21.87427891527738,0.2640787737105493,-0.04732446042471043
xgboost,STORE0002,SKU0055,14,165.0,0.25402130000000006,0.7857150979270731,1.0,2.993822464285715,3.973041165550734,0.313521137893367,-0.1346950090909091
xgboost,STORE0001,SKU0060,14,927.0,0.2540069395900754,0.2738965285697907,1.0,16.818888071428567,20.288650680782006,0.26523469443937275,-0.11543814778856525
xgboost,STORE0003,SKU0016,14,283.0,0.25395560777385157,0.2507937371772352,1.0,5.133531214285713,6.395546101101906,0.23144604566610338,0.04799715547703182
xgboost,STORE0003,SKU0013,14,1042.0,0.25379028119001923,0.27418768203853905,1.0,18.88924807142857,26.32987824408572,0.22328653480795554,0.2284438339731286
xgboost,STORE0006,SKU0090,14,298.0,0.2537516409395973,0.3207164004550183,1.0,5.401284928571428,7.369713275881386,0.2682952957137034,-0.06008368120805368
xgboost,STORE0010,SKU0039,14,237.0,0.2537421518987342,0.31543360201777687,1.0,4.295492142857143,5.43657615936254,0.2666230178865571,-0.04762344303797469
xgboost,STORE0008,SKU0018,14,1262.0,0.25364164263074485,0.28431388679932373,1.0,22.863982357142856,27.622808248389138,0.25703071578047215,-0.00892905467511886
xgboost,STORE0008,SKU0096,14,1339.0,0.25336563554891706,0.32777215815798705,1.0,24.23261328571428,31.699167132684405,0.26026668436135453,0.042562134428678136
xgboost,STORE0011,SKU0022,14,1660.0,0.2533020813253012,0.24449333743425014,1.0,30.034389642857143,35.20819272673608,0.25538327897479013,-0.10361389457831327
xgboost,STORE0009,SKU0074,14,1042.0,0.2530277428023033,0.2725608826087972,1.0,18.832493428571432,28.31424580221188,0.23883326277757325,0.03557266794625721
xgboost,STORE0007,SKU0015,14,121.0,0.25261346280991737,0.7547403317198674,1.0,2.1833020714285714,2.9873559164351464,0.287753476481317,0.005831743801652929
xgboost,STORE0008,SKU0093,14,1165.0,0.25241166266094417,0.3116980261762316,1.0,21.00425621428571,25.84923025292055,0.2663450726225142,1.1238626609427975e-05
xgboost,STORE0003,SKU0022,14,1056.0,0.2523523731060606,0.3440063374415492,1.0,19.034579,23.216509971200267,0.27605792749655184,-0.0008833314393939175
xgboost,STORE0011,SKU0050,14,248.0,0.25188860080645165,0.76269658552084,1.0,4.462026642857144,6.057544906763425,0.2951592010229711,0.05417985080645162
xgboost,STORE0009,SKU0006,14,1664.0,0.2518456856971154,0.4642073843020425,1.0,29.933658642857147,38.689719453453435,0.28393073073580116,-0.004637751802884615
xgboost,STORE0008,SKU0102,14,1650.0,0.2515442327272728,0.35368919334128324,1.0,29.646284571428573,40.35314014176696,0.265279147099705,0.21680863272727266
xgboost,STORE0011,SKU0090,14,347.0,0.2515399279538905,0.2524446748800154,1.0,6.234596785714287,7.302815224747111,0.26961575326269394,-0.19112694812680114
xgboost,STORE0010,SKU0074,14,952.0,0.25140767962184873,0.43266670464830165,1.0,17.09572221428571,22.505398219558423,0.29503044974127146,0.07631158298319327
xgboost,STORE0007,SKU0031,14,763.0,0.2513038440366972,0.3299485576660959,1.0,13.696059499999999,16.09003857958717,0.2773424853199632,0.0005399174311926339
xgboost,STORE0008,SKU0088,14,350.0,0.25124924,0.2803954211934555,1.0,6.281231,7.756836919859418,0.2589237858038416,-0.07779831428571428
xgboost,STORE0004,SKU0031,14,1139.0,0.2506861510096576,0.4114370542503979,1.0,20.395108999999998,25.690698610450404,0.28159859129626635,-0.13030610535557507
xgboost,STORE0009,SKU0024,14,724.0,0.25066904005524865,0.2880336866888663,1.0,12.963170357142857,15.045713963958463,0.25432348701294255,0.05513130248618784
xgboost,STORE0012,SKU0046,14,1369.0,0.25056085098612124,0.3396081068279519,1.0,24.501271785714287,30.125238176825516,0.2576956396389884,0.10184611029948867
xgboost,STORE0009,SKU0086,14,145.0,0.2504304482758621,0.3080259281037415,1.0,2.5937439285714285,2.9471749030891434,0.25905088393482495,0.12271568965517243
xgboost,STORE0008,SKU0085,14,1368.0,0.2500006140350877,0.27608243545701944,1.0,24.428631428571432,29.557228232030575,0.24710782738627454,0.021251622807017544
xgboost,STORE0001,SKU0015,14,160.0,0.24998553125000003,0.3911520882438639,1.0,2.8569775,3.7840087559706626,0.2673035872200487,0.14795574375
xgboost,STORE0006,SKU0025,14,499.0,0.24990366933867736,1.6232181125705991,1.0,8.907280785714287,13.917143579296905,0.3019198748638337,0.045426779559118224
xgboost,STORE0005,SKU0052,14,866.0,0.249872876443418,0.3358558134335438,1.0,15.456422214285713,19.81517268759092,0.26308920341128794,-0.022466005773672058
xgboost,STORE0005,SKU0067,14,633.0,0.2497893396524486,1.0737131137194207,1.0,11.294046571428568,15.66673819825142,0.2978848331782803,-0.032620932069510236
xgboost,STORE0008,SKU0022,14,1449.0,0.24959717529330575,0.2879740359377512,1.0,25.833307642857143,30.180665532286337,0.2624269628663995,-0.050708625948930296
xgboost,STORE0007,SKU0020,14,561.0,0.24955752584670235,0.278963189489619,1.0,10.000126571428572,13.221108948541909,0.2580400808120822,-0.08039449554367202
xgboost,STORE0010,SKU0068,14,623.0,0.24954600321027293,0.24401795806883686,1.0,11.104797142857146,13.41675700001581,0.2434410209008075,-0.004314231139646876
xgboost,STORE0008,SKU0077,14,960.0,0.2495345364583333,0.8651494566150532,1.0,17.11093964285714,22.735423363473352,0.3238435942463641,0.12056181979166668
xgboost,STORE0013,SKU0032,14,642.0,0.24949493613707163,0.3227877881546312,1.0,11.441124928571428,14.332593611124578,0.26973510125313005,-0.11738955919003115
xgboost,STORE0012,SKU0028,14,1723.0,0.2493444927452118,0.25510000214000716,1.0,30.687182928571424,39.50228937108691,0.2445807834778663,-0.004906070226349415
xgboost,STORE0010,SKU0029,14,400.0,0.24908217749999995,1.262552168537171,1.0,7.116633642857141,10.589941583339234,0.30213755695248606,0.12674299749999998
xgboost,STORE0008,SKU0004,14,1489.0,0.24896940161182002,0.2853244446303184,1.0,26.479674214285716,29.90411276070028,0.2671892967821471,-0.08844121490933515
xgboost,STORE0001,SKU0053,14,476.0,0.2489493655462185,0.23259508444351745,1.0,8.46427842857143,11.108872605391236,0.24024974810336536,-0.07128095378151261
xgboost,STORE0007,SKU0046,14,1422.0,0.2489228481012658,0.2292023345551391,1.0,25.283449285714283,33.816309314510434,0.24214713983572175,-0.12577320112517582
xgboost,STORE0013,SKU0040,14,243.0,0.24878407818930046,0.33525272738771433,1.0,4.318180785714286,6.216180436045279,0.24518996786998568,0.04140727160493827
xgboost,STORE0009,SKU0076,14,399.0,0.24871048120300748,0.34397021781875914,1.0,7.088248714285713,9.01617990662657,0.27103134790531763,-0.026331674185463658
xgboost,STORE0012,SKU0101,14,250.0,0.24866208399999995,0.26230075526052554,1.0,4.440394357142856,5.8045461557995015,0.22948611288910475,0.049715812
xgboost,STORE0005,SKU0081,14,1122.0,0.24852631372549014,0.2548293542758147,1.0,19.917608857142852,26.62207282261091,0.24941018127130582,-0.08355928163992869
xgboost,STORE0004,SKU0091,14,408.0,0.2485205882352941,0.2424802547492216,1.0,7.2426,8.232330108957418,0.28064852028083,-0.22493697549019606
xgboost,STORE0004,SKU0081,14,1199.0,0.24834165554628856,0.27020943597559516,1.0,21.26868892857143,27.03047396732347,0.2610448575471747,-0.12398028773978317
xgboost,STORE0004,SKU0019,14,297.0,0.24828260269360272,0.3257571169746501,1.0,5.267138071428572,7.533705861848722,0.2501135903519419,0.08436904040404038
xgboost,STORE0007,SKU0035,14,2441.0,0.24801983613273249,0.22872037639379958,1.0,43.24403,53.45019018503917,0.26370948807037153,-0.2052650553052028
xgboost,STORE0002,SKU0012,14,745.0,0.24799696375838925,0.3318043961395877,1.0,13.196981285714285,19.594196768292782,0.2631104514871176,0.06135098255033556
xgboost,STORE0010,SKU0046,14,1367.0,0.2478907388441843,0.4761052228612309,1.0,24.204759999999997,28.540521722554722,0.29050751610225445,0.06936166788588148
xgboost,STORE0006,SKU0020,14,812.0,0.24776787438423645,0.316587149874143,1.0,14.370536714285715,16.68359043409521,0.2677651997787885,-0.02695076354679803
xgboost,STORE0009,SKU0017,14,1593.0,0.2477147112366604,0.2358386110200383,1.0,28.186395357142857,35.805754143044844,0.24126286291138102,-0.09168339924670432
xgboost,STORE0009,SKU0051,14,894.0,0.24761851565995524,0.36535083024996234,1.0,15.812210928571428,20.29163083064441,0.269151130183753,-0.006652784116331089
xgboost,STORE0005,SKU0018,14,1259.0,0.24760616441620337,0.40377153130692645,1.0,22.266868642857144,27.129130180279777,0.2763009130526209,0.007569540111199376
xgboost,STORE0002,SKU0092,14,941.0,0.24739270882040382,0.859716791827864,1.0,16.628324214285715,23.00508344596469,0.2970072779780094,0.09208742933049947
xgboost,STORE0012,SKU0074,14,1015.0,0.24663092807881773,0.4460647196961748,1.0,17.880742285714284,22.12277938891007,0.2978345043302172,0.11292413004926108
xgboost,STORE0002,SKU0056,14,305.0,0.24658234754098365,0.22469267182020805,1.0,5.371972571428572,9.018470749233686,0.21084779442014617,-0.04923838032786884
xgboost,STORE0002,SKU0007,14,321.0,0.246551753894081,0.24213405534646254,1.0,5.6530795,6.872888529712604,0.2570244540431256,-0.14383081931464178
xgboost,STORE0007,SKU0028,14,1380.0,0.24624187608695655,0.3831761111901394,1.0,24.272413500000003,31.7667444114896,0.2712247225533581,0.006941261594202889
xgboost,STORE0010,SKU0016,14,400.0,0.24619361499999998,0.29619415612731886,1.0,7.034103285714285,8.28798330317756,0.2737844862758468,-0.13366049000000005
xgboost,STORE0005,SKU0002,14,1008.0,0.24612001884920634,0.26178186602438824,1.0,17.720641357142856,21.02595309015405,0.2513672853067675,-0.05968321130952381
xgboost,STORE0011,SKU0061,14,1435.0,0.24611577770034837,0.32649420943260415,1.0,25.226867214285708,35.78190236697807,0.26310676045874165,-0.05262439651567946
xgboost,STORE0001,SKU0036,14,751.0,0.24603754061251665,0.2774661298467539,1.0,13.198156642857143,14.727169108756216,0.24960023805007148,0.06713522370173101
xgboost,STORE0001,SKU0069,14,1641.0,0.2454803430834857,2.141217395010993,1.0,28.773803071428574,41.03509710298402,0.3008307016411251,-0.0689341407678245
xgboost,STORE0011,SKU0065,14,1013.0,0.24542810069101678,0.30903119507353666,1.0,17.75847614285714,24.458505112024255,0.2531574028520005,0.03187059624876603
xgboost,STORE0012,SKU0018,14,1143.0,0.2453587707786527,0.3596381388190236,1.0,20.031791071428575,23.649918707351034,0.2736623506987032,-0.028715971128608925
xgboost,STORE0006,SKU0022,14,1508.0,0.24528184350132629,0.5795995404583836,1.0,26.420358571428576,35.73158925467402,0.28084994047752065,-0.05567070291777189
xgboost,STORE0009,SKU0035,14,2812.0,0.24485193812233286,0.2326118489397759,1.0,49.180260714285716,60.7217570188471,0.2579696866810802,-0.16430106330014224
xgboost,STORE0004,SKU0071,14,421.0,0.2447619097387173,0.3385105033479396,1.0,7.360340285714285,8.860577382582978,0.2554828559155665,0.11135489311163897
xgboost,STORE0005,SKU0031,14,1061.0,0.2443344081055608,0.2623274187712625,1.0,18.517057642857143,22.172679194408204,0.2473438500582251,-0.02207719227144203
xgboost,STORE0005,SKU0035,14,2860.0,0.24425329370629373,0.2898322808575304,1.0,49.89745857142857,64.87756704373554,0.25888404724914904,-0.052045153846153845
xgboost,STORE0007,SKU0040,14,332.0,0.24418245481927714,0.29990419494627113,1.0,5.790612500000001,6.714873191479126,0.25074644148219477,0.10625643072289156
xgboost,STORE0005,SKU0079,14,1154.0,0.24414262218370886,1.4882016632477284,1.0,20.124327571428573,29.479758807787466,0.2921296587256137,0.02494669497400346
xgboost,STORE0013,SKU0036,14,382.0,0.24402172251308893,0.597548718151349,1.0,6.658306999999998,8.691428647637865,0.2855336088918738,0.07933383769633506
xgboost,STORE0003,SKU0071,14,347.0,0.24393922478386168,0.27640311569621406,1.0,6.0462079285714285,6.68868132552351,0.24476515287990308,0.05803147838616716
xgboost,STORE0003,SKU0051,14,746.0,0.24380185388739947,0.30785546528882174,1.0,12.991155928571429,15.647828486775117,0.2593374000462866,0.01956062064343163
xgboost,STORE0006,SKU0040,14,537.0,0.2437532067039106,0.3016428492053384,1.0,9.34967657142857,12.679410959181096,0.2588332548404112,-0.08920363128491623
xgboost,STORE0012,SKU0055,14,187.0,0.24373976203208556,0.28998672314233387,1.0,3.2556668214285716,4.201359914413854,0.2526329006160916,-0.009155933155080205
xgboost,STORE0004,SKU0092,14,1296.0,0.24366712577160493,0.2579289391243387,1.0,22.55661392857143,25.306994074610984,0.2388939762475939,0.057950752314814814
xgboost,STORE0003,SKU0054,14,1121.0,0.2434652319357716,0.4052496959278738,1.0,19.494608928571427,28.08507907353607,0.27383611506671396,0.0036975887600356728
xgboost,STORE0003,SKU0089,14,533.0,0.24346465853658536,0.25220759258027287,1.0,9.269047357142856,11.822922163877202,0.2489226557724086,-0.11200655347091933
xgboost,STORE0010,SKU0101,14,214.0,0.24331341121495323,0.25528779822188263,1.0,3.719219285714285,4.373654725861052,0.2186935021861554,0.22621533644859812
xgboost,STORE0011,SKU0070,14,1494.0,0.24314097456492634,0.5812021447214814,1.0,25.946615428571423,33.774658717122385,0.287676847577748,-0.014484764390896928
xgboost,STORE0009,SKU0088,14,297.0,0.2431236565656565,0.2890557864711297,1.0,5.157694714285713,6.409985526925024,0.23658985001439312,0.12972498989898987
xgboost,STORE0002,SKU0001,14,1087.0,0.24293232750689975,0.3377121188243105,1.0,18.861960000000003,25.74390218725402,0.26744239147374627,0.009584224471021176
xgboost,STORE0005,SKU0066,14,408.0,0.2427262377450981,0.4652399026228344,1.0,7.073736071428573,8.98621614508043,0.2779861589228132,0.07785399264705883
xgboost,STORE0012,SKU0078,14,414.0,0.24271912077294686,0.2622430105027291,1.0,7.177551142857142,8.283722806997934,0.24646821678946376,-0.03191640579710145
xgboost,STORE0006,SKU0018,14,1342.0,0.24261307600596121,0.2754970990286944,1.0,23.25619628571428,29.132253614601122,0.24507106931368047,-0.013754909090909087
xgboost,STORE0002,SKU0059,14,273.0,0.2419050989010989,0.7390889733488629,1.0,4.717149428571429,6.2806751515885155,0.2897984085576608,-0.019882095238095237
xgboost,STORE0006,SKU0021,14,755.0,0.24158352052980128,0.30947780988113216,1.0,13.02825414285714,16.219764496283243,0.2442625992040839,0.13797531390728482
xgboost,STORE0012,SKU0030,14,750.0,0.24094239333333334,0.2520737599550837,1.0,12.907628214285713,17.194745074428536,0.24602740477406002,-0.09656702799999997
xgboost,STORE0007,SKU0063,14,671.0,0.24035468554396416,0.2844149648404684,1.0,11.51985671428571,14.043923912860366,0.23272492866062242,0.14654125186289121
xgboost,STORE0012,SKU0023,14,986.0,0.2400908590263692,0.25129587372309137,1.0,16.909256214285715,20.860456721420817,0.2139675543756844,0.19259296044624746
xgboost,STORE0008,SKU0001,14,1519.0,0.24007708624094795,0.2974805550760237,1.0,26.048363857142853,36.98075533233267,0.2306311456501693,0.10970979196840024
xgboost,STORE0011,SKU0059,14,425.0,0.23998351058823533,0.30814066554284897,1.0,7.285213714285716,9.510963431760603,0.2539432793912791,-0.09495984941176473
xgboost,STORE0001,SKU0054,14,1489.0,0.2399422928139691,0.25480071638591784,1.0,25.519576714285712,30.724723608368453,0.234231261591237,0.011754893216924106
xgboost,STORE0009,SKU0080,14,1224.0,0.2397131413398693,0.28003451526361706,1.0,20.9577775,25.73843163593976,0.2556590326049465,-0.1240360661764706
xgboost,STORE0004,SKU0101,14,279.0,0.2396633440860215,0.2558001019698602,1.0,4.776148071428572,6.061092314621816,0.2324201891200753,0.037839000000000025
xgboost,STORE0012,SKU0066,14,381.0,0.23965011023622043,0.39580613375908635,1.0,6.521906571428571,8.695809827298293,0.28131673880289776,-0.04443666141732281
xgboost,STORE0011,SKU0019,14,287.0,0.23961894773519166,0.40252910220865573,1.0,4.912188428571429,5.724536904212366,0.29564677127753863,0.044730062717770046
xgboost,STORE0007,SKU0073,14,119.0,0.2393772823529412,0.27230738823319545,1.0,2.0347069,2.3185934468195826,0.24538437782554942,0.02613970252100842
xgboost,STORE0011,SKU0047,14,1260.0,0.2391557793650794,0.23781385424122714,1.0,21.524020142857147,24.750327830530484,0.24764683953036437,-0.12507713492063488
xgboost,STORE0008,SKU0044,14,1387.0,0.23887714491708723,0.28346277885581384,1.0,23.665899999999997,28.206528170687214,0.25347887518511586,-0.048756149963950966
xgboost,STORE0010,SKU0019,14,253.0,0.23887365810276678,0.22459942052735338,0.9285714285714286,4.31678825,6.189222800692474,0.32162503848342977,0.13754272924901184
xgboost,STORE0002,SKU0025,14,396.0,0.23880414393939392,0.23795860141351646,1.0,6.754745785714285,7.881118573406365,0.24448530912708957,-0.11970618939393939
xgboost,STORE0001,SKU0045,14,1258.0,0.23874020667726548,0.30952030945129744,1.0,21.452512857142857,28.04037355213473,0.24784779156120026,0.06727640699523052
xgboost,STORE0011,SKU0064,14,1470.0,0.23820972108843538,0.23773861363770202,1.0,25.012020714285715,31.57314948552228,0.2405616114658417,-0.08621192517006802
xgboost,STORE0004,SKU0020,14,826.0,0.23818621307506052,2.084459779204151,1.0,14.05298657142857,19.12226394207793,0.29889359517457637,-0.0005384503631961201
xgboost,STORE0008,SKU0061,14,1310.0,0.23815815877862595,0.28354301771503504,1.0,22.284799142857143,26.42893177148242,0.2425946688042635,0.060165425954198444
xgboost,STORE0012,SKU0015,14,171.0,0.23808786257309944,0.2362120545224121,1.0,2.9080731785714287,3.511873276940195,0.2446788104555715,-0.13194754678362575
xgboost,STORE0013,SKU0031,14,543.0,0.238018817679558,0.2604532217208426,1.0,9.231729857142856,11.066857016997314,0.24046473913804695,-0.01255125966850828
xgboost,STORE0002,SKU0004,14,1160.0,0.2379769905172414,0.23202229016212378,1.0,19.718093500000002,24.943145622039317,0.24159549542538936,-0.12440773189655176
xgboost,STORE0011,SKU0077,14,1037.0,0.2378991861137898,0.2708308566123452,1.0,17.62153257142857,24.041322721039357,0.24311246654023716,-0.06854769141755064
xgboost,STORE0006,SKU0085,14,1393.0,0.23787298420674804,0.6953009506365356,1.0,23.668361928571432,31.233156984887085,0.30803162229538755,-0.06510336037329506
xgboost,STORE0005,SKU0001,14,1634.0,0.23785902019583838,0.39567498367357057,1.0,27.761545642857136,37.19120895005531,0.25590228318011726,-0.004745759485924112
xgboost,STORE0008,SKU0084,14,433.0,0.23772777598152428,0.22623025894278562,1.0,7.352580500000001,9.526911078180202,0.24582718603246057,-0.16156280600461892
xgboost,STORE0002,SKU0005,14,982.0,0.23758052443991853,0.44120669179036076,1.0,16.664576785714285,20.266401008147028,0.27328271910802776,0.12129037983706721
xgboost,STORE0004,SKU0056,14,437.0,0.2375759679633867,0.28883607287821383,1.0,7.415764142857142,8.49581829719936,0.26145820445188955,-0.0421132448512586
xgboost,STORE0010,SKU0038,14,1464.0,0.23714518715846997,0.3669729808108085,1.0,24.798611,30.86148589700829,0.2675543374806376,-0.07567698360655738
xgboost,STORE0010,SKU0077,14,817.0,0.23712714075887398,0.323053792850242,1.0,13.838062428571432,19.116209504231016,0.2440678620368347,0.17861642594859242
xgboost,STORE0012,SKU0084,14,351.0,0.23704066096866103,0.26102996634017905,1.0,5.942948000000001,6.969169350080334,0.2495138752148879,-0.0720485754985755
xgboost,STORE0006,SKU0075,14,592.0,0.23690498479729732,0.24368964717134398,1.0,10.017696500000001,11.375745262551144,0.24835291412553837,-0.12298620777027029
xgboost,STORE0008,SKU0065,14,1094.0,0.23669295429616083,0.24184926031299978,1.0,18.49586371428571,24.027807165930003,0.2336177222206897,-0.018048179159049382
xgboost,STORE0002,SKU0096,14,950.0,0.23658250315789472,0.36679091941257236,1.0,16.053812714285716,22.558397250109483,0.24631852108774724,0.07459895578947368
xgboost,STORE0003,SKU0003,14,272.0,0.23641999264705885,0.3759786962631071,1.0,4.593302714285715,5.735713326090749,0.27502870456617784,-0.05408027941176469
xgboost,STORE0004,SKU0100,14,1247.0,0.23640530392943063,0.2606045802165952,1.0,21.056958142857145,24.462058904997445,0.23117460368704826,0.08192737931034481
xgboost,STORE0003,SKU0082,14,612.0,0.23623209803921572,0.30919051667151454,1.0,10.32671742857143,12.497993480159199,0.25903827677073116,-0.059079973856209146
xgboost,STORE0001,SKU0047,14,1257.0,0.23591814956245025,0.226353874991514,1.0,21.18207957142857,26.758170650242135,0.233829796856546,-0.08726640095465393
xgboost,STORE0007,SKU0047,14,1027.0,0.23578520447906526,0.3050694366657944,1.0,17.29652892857143,21.521500942681534,0.2610632387417539,-0.10436762317429409
xgboost,STORE0006,SKU0026,14,1829.0,0.23559143411700384,0.23363447953065059,1.0,30.778338071428575,38.789132170235135,0.24668955602653805,-0.16318016566429747
xgboost,STORE0001,SKU0067,14,615.0,0.23547202926829267,0.2505840529480103,1.0,10.343949857142857,12.52390013968732,0.23750851358498312,-0.029744026016260156
xgboost,STORE0002,SKU0008,14,263.0,0.23533869961977189,0.24486416613787046,1.0,4.421005571428572,5.23427864430046,0.24098791830819083,-0.055551946768060835
xgboost,STORE0002,SKU0075,14,387.0,0.23521744444444448,0.23081799696090374,1.0,6.502082214285715,7.911857255130641,0.2334565237252877,-0.05520793540051679
xgboost,STORE0007,SKU0089,14,434.0,0.23505646313364056,0.5000254790456735,1.0,7.286750357142857,10.460082580408276,0.2600653076717014,0.09973085483870968
xgboost,STORE0004,SKU0063,14,970.0,0.23481051030927833,0.2576253148413163,1.0,16.26901392857143,19.918153925388417,0.2273116177039965,0.09859909793814432
xgboost,STORE0005,SKU0033,14,1527.0,0.2347319626719057,0.2588250248738627,1.0,25.6025505,30.714594451453426,0.23416787483772644,0.028376739358218703
xgboost,STORE0005,SKU0072,14,626.0,0.23466305431309903,0.22438862902519846,1.0,10.492790857142856,12.913226081392093,0.24291457985746193,-0.14104138658146967
xgboost,STORE0012,SKU0036,14,655.0,0.2342148778625954,0.2463016984980671,1.0,10.957910357142856,12.976946969404185,0.23114558825856837,0.013076312977099236
xgboost,STORE0013,SKU0086,14,87.0,0.23401428620689654,0.3254111264285714,1.0,1.4542316357142855,1.7973276790116723,0.2562741341945423,0.132435083908046
xgboost,STORE0008,SKU0080,14,1359.0,0.23373074172185432,1.045706716461432,1.0,22.688577000000002,32.958560021706845,0.2800870982732569,-0.07137300809418691
xgboost,STORE0010,SKU0012,14,874.0,0.23368377803203663,0.5304969019783536,1.0,14.58854442857143,18.700096632434256,0.2963863856463603,0.10085002517162474
xgboost,STORE0002,SKU0033,14,1228.0,0.23347239820846907,0.2347137070530501,1.0,20.478864642857143,23.304051112138705,0.24135400390610576,-0.09314160016286646
xgboost,STORE0010,SKU0070,14,1503.0,0.23339809980039922,0.24288482015687318,1.0,25.056953142857143,27.64143223508252,0.2552216739731562,-0.1643115395874917
xgboost,STORE0003,SKU0056,14,301.0,0.23332549833887042,0.23748304283624305,1.0,5.016498214285714,5.6716270339271695,0.23850204373064754,-0.03881103322259138
xgboost,STORE0008,SKU0027,14,2431.0,0.23314153846153848,0.275801195931816,1.0,40.483362857142865,50.633282157435914,0.2545708688833707,-0.11922874948580832
xgboost,STORE0013,SKU0020,14,390.0,0.2330933564102564,0.21853147740081735,1.0,6.4933149285714284,8.811560022459041,0.22336446291736017,-0.05770743333333333
xgboost,STORE0009,SKU0068,14,556.0,0.23306434172661866,0.3248078984094354,1.0,9.255983857142855,11.414854671636892,0.2622407318965221,0.054000564748201446
xgboost,STORE0010,SKU0007,14,334.0,0.23268232934131738,0.38527618019431,1.0,5.551135571428572,7.227905578257578,0.2632199812702457,0.08813737125748504
xgboost,STORE0003,SKU0023,14,943.0,0.23240118345705196,0.277729846750722,1.0,15.653879714285713,19.763487465528186,0.25236665006079045,-0.07520810816542946
xgboost,STORE0002,SKU0074,14,857.0,0.23209058343057173,0.29562337589823573,1.0,14.207259285714285,16.979957122767985,0.24874789613115297,0.09920158459743292
xgboost,STORE0006,SKU0047,14,1285.0,0.23170552451361864,0.27584723281686413,1.0,21.267257071428567,26.731647835000413,0.24020673669153436,0.0493605766536965
xgboost,STORE0007,SKU0044,14,1071.0,0.23169855462184874,0.3011742230040804,1.0,17.724939428571428,21.521767077528622,0.2556717850422884,-0.04701365452847806
xgboost,STORE0002,SKU0073,14,114.0,0.23123180087719297,0.22995903673360366,1.0,1.8828875214285714,2.4716338342334585,0.2197945873130171,0.010097690350877188
xgboost,STORE0012,SKU0086,14,129.0,0.2311889868217054,0.27877321387221554,1.0,2.1302413785714287,3.1944223792664896,0.21747729616613506,0.17018028449612407
xgboost,STORE0012,SKU0038,14,1419.0,0.23100515503875974,0.2687733748028879,1.0,23.414022500000005,27.059903185822314,0.25506980178511757,-0.09990608527131786
xgboost,STORE0012,SKU0071,14,404.0,0.23081967821782176,0.23834380060687785,1.0,6.6607964285714285,7.992134990370695,0.23498054296123042,-0.0599618910891089
xgboost,STORE0001,SKU0094,14,1084.0,0.23080596863468633,0.20443286165364438,1.0,17.870976428571428,25.001712906444048,0.23080209765685963,-0.19724759225092253
xgboost,STORE0003,SKU0091,14,230.0,0.23071184782608697,0.9973027414804285,1.0,3.790266071428572,5.002777043953381,0.3135939298803785,-0.061743708695652176
xgboost,STORE0012,SKU0089,14,590.0,0.23070153559322032,0.1990711822293371,1.0,9.722421857142857,13.899183957161503,0.2218270946480513,-0.1526489254237288
xgboost,STORE0008,SKU0087,14,544.0,0.23067257536764704,0.22629006334461027,1.0,8.963277214285714,11.04784057785961,0.23559344684091005,-0.12877885110294118
xgboost,STORE0013,SKU0089,14,390.0,0.23062954871794875,0.22023683904043737,1.0,6.424680285714286,7.912670322040485,0.23241116116941332,-0.08569782564102563
xgboost,STORE0004,SKU0007,14,466.0,0.23030164377682405,0.22772709103188063,1.0,7.665754714285716,8.886989636706065,0.24032414131189342,-0.13499048927038626
xgboost,STORE0011,SKU0009,14,904.0,0.23015401880530975,0.3295422253513935,1.0,14.861373785714287,17.62093282191897,0.2623548882987373,-0.04985020685840708
xgboost,STORE0001,SKU0038,14,1504.0,0.22997942885638295,0.3403051556841448,1.0,24.706361499999996,30.041572087554563,0.2580591060360005,0.012277013962765959
xgboost,STORE0002,SKU0003,14,250.0,0.22984903199999995,0.25492370471483344,1.0,4.1044469999999995,5.042437709115871,0.24267966876005448,-0.08215355199999999
xgboost,STORE0010,SKU0081,14,1047.0,0.22973656542502385,0.21382308015186552,1.0,17.181013142857143,21.43488571399673,0.24326793926144613,-0.18794643744030565
xgboost,STORE0004,SKU0041,14,1795.0,0.22953033983286908,0.24320517454827612,1.0,29.42906857142857,34.02236599301155,0.23433010569260945,-0.04732788857938717
xgboost,STORE0011,SKU0018,14,1152.0,0.2292890972222222,0.3222279543774874,1.0,18.86721714285714,24.741253162669803,0.23704564968831296,0.10129824479166667
xgboost,STORE0002,SKU0093,14,797.0,0.2288368168130489,0.38331952465135044,1.0,13.02735307142857,17.47355680476442,0.25335326724291013,0.05187364742785445
xgboost,STORE0010,SKU0052,14,721.0,0.22880156171983357,0.3408281764991227,1.0,11.783280428571429,15.791885643434531,0.25265432122011783,0.022143203883495142
xgboost,STORE0003,SKU0014,14,723.0,0.2287283416320885,0.21232056181822076,1.0,11.812185071428571,16.954911040116368,0.22620962335975708,-0.12135651313969571
xgboost,STORE0008,SKU0095,14,449.0,0.2287162783964365,0.26280599027005697,1.0,7.335257785714284,8.798155619119843,0.2349548861218071,0.01572501336302894
xgboost,STORE0007,SKU0059,14,282.0,0.22861268794326237,0.22230907083013696,1.0,4.604912714285713,5.903679328840194,0.2279597962959198,-0.06886515602836879
xgboost,STORE0004,SKU0005,14,1558.0,0.2284549724005135,0.2669339906707295,1.0,25.42377478571429,29.689701952094133,0.24294649035385354,-0.0340688812580231
xgboost,STORE0006,SKU0101,14,272.0,0.22843400735294117,0.3895220048426188,1.0,4.438146428571429,5.911843234604524,0.2683655011685991,0.011262955882352951
xgboost,STORE0009,SKU0013,14,1701.0,0.22821123398001178,0.26821552871566134,1.0,27.727664928571432,35.74027252462593,0.25351792481638424,-0.05422587948265723
xgboost,STORE0012,SKU0056,14,336.0,0.22820722321428571,0.7716586563294684,1.0,5.476973357142858,7.039452419828583,0.29172482739682215,-0.021193139880952415
xgboost,STORE0001,SKU0093,14,1088.0,0.2280444255514706,0.2974745558524786,1.0,17.722309642857144,22.190650338837404,0.24340676167210767,0.02156630974264706
xgboost,STORE0008,SKU0048,14,1241.0,0.22799990088638195,0.25866224946317046,1.0,20.210562642857145,26.022722754001087,0.2389775496921593,-0.05043877437550362
xgboost,STORE0010,SKU0099,14,1273.0,0.22799599450117833,0.350106191141502,1.0,20.731350071428572,24.990938576728343,0.2618805564538178,0.03322863393558523
xgboost,STORE0004,SKU0036,14,786.0,0.22793142875318068,0.26411936316589407,1.0,12.796721642857145,14.206467025248122,0.24697434823657385,-0.016729963104325684
xgboost,STORE0012,SKU0010,14,552.0,0.22792770108695654,0.23500503077819493,1.0,8.986863642857143,10.347014708564608,0.23495186297760035,-0.07389876630434783
xgboost,STORE0012,SKU0004,14,1315.0,0.22791752015209127,0.31013283526403435,1.0,21.407967071428573,27.446027012310584,0.2453139918578558,-0.06876230342205324
xgboost,STORE0004,SKU0088,14,340.0,0.22784343823529415,0.15650549993188695,0.9285714285714286,5.533340642857143,8.18941268538031,0.2892333076330468,0.03305944411764705
xgboost,STORE0001,SKU0046,14,1677.0,0.22747317829457367,0.3248719139342517,1.0,27.248037142857147,32.32870375254739,0.24775998802108987,0.000976601073345268
xgboost,STORE0006,SKU0030,14,772.0,0.22745188212435238,0.24739762980290567,1.0,12.542346642857146,15.303365151768341,0.2255068769116136,0.044662483160621755
xgboost,STORE0011,SKU0040,14,548.0,0.2274085821167883,0.2482173253187687,1.0,8.901421642857143,10.695753506934103,0.22988508730410548,0.03266457481751828
xgboost,STORE0012,SKU0026,14,1485.0,0.22727736363636364,0.33777710494396807,1.0,24.107634642857143,30.087331725928067,0.2553380710331212,-0.05507159932659933
xgboost,STORE0002,SKU0041,14,1295.0,0.22724274594594596,0.27928177044654473,1.0,21.019954000000002,25.564046515892933,0.24498604417398942,-0.0010281513513513535
xgboost,STORE0013,SKU0039,14,149.0,0.22709497651006713,0.22478654954053884,1.0,2.416939392857143,3.09445646845205,0.23051555847944089,-0.08094209060402684
xgboost,STORE0005,SKU0071,14,460.0,0.2269847152173913,0.3769113346509787,1.0,7.458069214285715,9.780415428796655,0.2529162297464354,-0.0030392586956521583
xgboost,STORE0009,SKU0060,14,817.0,0.2267073598531212,0.2432140217754282,1.0,13.229993785714287,15.21507343192488,0.23769607106603427,-0.06812568053855568
xgboost,STORE0009,SKU0059,14,384.0,0.2265075442708334,0.23182092792491707,1.0,6.2127783571428585,7.132566867041711,0.2444999663912557,-0.15364753906249998
xgboost,STORE0009,SKU0091,14,302.0,0.22649016225165564,0.2526780672302217,1.0,4.885716357142857,5.351155078649395,0.24881427409160678,-0.07200731456953642
xgboost,STORE0011,SKU0003,14,339.0,0.22628442477876107,0.24646732219466477,1.0,5.479315714285714,6.302306847216378,0.23871712266206327,-0.08254755162241888
xgboost,STORE0006,SKU0050,14,250.0,0.22624283200000003,0.24169845235865425,1.0,4.040050571428572,4.702172072126303,0.22167231165713658,0.04624843199999999
xgboost,STORE0001,SKU0068,14,625.0,0.2261559840000001,0.5323294162000181,1.0,10.09624928571429,14.276597047220422,0.2824414612146805,0.12709879040000002
xgboost,STORE0003,SKU0077,14,729.0,0.22524001646090536,0.24558653749047446,1.0,11.72856942857143,13.372415781721319,0.2229029227937304,0.03992680384087789
xgboost,STORE0013,SKU0090,14,173.0,0.2251766473988439,0.2070552918244454,1.0,2.78254,3.407219785278272,0.23469608406334777,-0.17706949132947974
xgboost,STORE0002,SKU0002,14,862.0,0.22486330858468673,0.21972430646097715,1.0,13.84515514285714,16.11315716910839,0.23497245791145147,-0.12356185150812064
xgboost,STORE0008,SKU0038,14,1628.0,0.2244214557739558,0.22991548697855307,1.0,26.09700928571429,32.86383892218313,0.22410332467279895,-0.048825142506142505
xgboost,STORE0008,SKU0046,14,1773.0,0.22426211449520583,0.27566397786029734,1.0,28.401194928571424,36.409815554717426,0.2486299442244755,-0.09825365425831924
xgboost,STORE0009,SKU0001,14,1379.0,0.2241369622915156,0.22033457799184353,1.0,22.077490785714286,30.199835491303332,0.2245857830192768,-0.0668503560551124
xgboost,STORE0004,SKU0025,14,450.0,0.22405408222222226,0.2858956293108739,1.0,7.201738357142858,8.535208104122095,0.23634030100876657,0.05596153111111111
xgboost,STORE0004,SKU0098,14,620.0,0.2238131112903226,0.3688348878645961,1.0,9.911723500000003,12.579872039451153,0.26198322564340515,0.03573101774193547
xgboost,STORE0001,SKU0023,14,1189.0,0.22374764592094198,0.3315871163543494,1.0,19.00256792857143,26.74709443712924,0.23985875076511057,0.030891050462573583
xgboost,STORE0005,SKU0063,14,922.0,0.2237372939262473,2.121336989528929,1.0,14.73469892857143,20.108235780243884,0.287077595957808,0.030660473969631223
xgboost,STORE0005,SKU0036,14,706.0,0.22350188951841357,0.34301990456849163,1.0,11.270881,14.900061644572205,0.24097226306533898,0.17917683569405102
xgboost,STORE0007,SKU0026,14,1113.0,0.22322568553459116,0.28964652977958455,1.0,17.746442,24.13343819585063,0.23903445707453677,0.024234548068283915
xgboost,STORE0003,SKU0068,14,530.0,0.22309200377358493,0.23673849186254295,1.0,8.445625857142858,10.53781339301775,0.24750299841191128,-0.13600798490566035
xgboost,STORE0010,SKU0075,14,475.0,0.2230672652631579,0.2721693628355702,1.0,7.568353642857143,9.812352931251922,0.23613792376628598,-0.03364517684210528
xgboost,STORE0009,SKU0020,14,639.0,0.22167344287949925,0.3961960755760176,1.0,10.117809285714287,13.258704087447908,0.25791274419492083,-0.00442055086071986
xgboost,STORE0009,SKU0025,14,431.0,0.2215889883990719,0.37515352658329615,1.0,6.821775285714286,8.876345793414387,0.2418357944010596,0.06630412993039443
xgboost,STORE0005,SKU0048,14,1173.0,0.22134600255754477,0.2807680086457046,1.0,18.54563292857143,21.73193239566212,0.2372420640557659,0.05314101534526854
xgboost,STORE0012,SKU0094,14,813.0,0.2213159298892989,0.26058404994852535,1.0,12.852132214285716,15.385535185074177,0.23103062439200106,-0.011666901599016007
xgboost,STORE0004,SKU0045,14,1259.0,0.2209889769658459,0.29617486947325844,1.0,19.873223,22.719140684001754,0.24760005555378067,0.07193162033359807
xgboost,STORE0002,SKU0046,14,1470.0,0.22083959047619045,0.21398424397655805,1.0,23.188156999999997,30.99564284196079,0.22552001158222565,-0.157579693877551
xgboost,STORE0002,SKU0020,14,645.0,0.22076189767441862,0.19939164092346315,1.0,10.170816,12.97508075221048,0.22180248969638702,-0.16260745736434112
xgboost,STORE0001,SKU0029,14,595.0,0.22052651596638656,0.2552663378899668,1.0,9.372376928571429,10.921970108122904,0.2288610574508608,0.031243678991596642
xgboost,STORE0001,SKU0002,14,954.0,0.2202629245283019,1.261992870350144,1.0,15.009345,21.639387812429387,0.27246234898730226,0.031068052410901475
xgboost,STORE0010,SKU0018,14,1117.0,0.22018266786034021,0.2595791178877608,1.0,17.56743142857143,21.672217446111745,0.22879428244187822,0.03238205908683975
xgboost,STORE0010,SKU0061,14,1199.0,0.21984456380316927,0.2321311508120172,1.0,18.82811657142857,23.184633543088307,0.2243845950083442,-0.05000987989991658
xgboost,STORE0011,SKU0014,14,814.0,0.21958155651105646,0.2468211443922206,1.0,12.76709907142857,14.608343890700905,0.22629824837459842,0.0312112248157248
xgboost,STORE0004,SKU0079,14,1285.0,0.21940338054474712,0.23313092498335902,1.0,20.138096,25.748895000025392,0.22380564958680635,-0.04275099299610895
xgboost,STORE0004,SKU0012,14,1052.0,0.21891390209125472,0.2317491179699402,1.0,16.449816071428568,22.66507228327456,0.21059443967101604,-0.011235670152091266
xgboost,STORE0010,SKU0004,14,1388.0,0.21835135086455335,0.25785888663793594,1.0,21.647976785714288,26.195289376598332,0.2327640243816082,-0.06348780043227667
xgboost,STORE0008,SKU0094,14,1177.0,0.21828957434154625,0.1964698631429799,1.0,18.35191635714285,23.755919286813853,0.2206086449676651,-0.15429929566694986
xgboost,STORE0009,SKU0037,14,1292.0,0.21800878792569664,0.3161795776079779,1.0,20.119096714285718,25.35039218319414,0.24011786473663882,0.07628974148606812
xgboost,STORE0005,SKU0011,14,366.0,0.2179888442622951,0.23624341263972584,1.0,5.698851214285715,6.699965380522879,0.23746558397708098,-0.1083952923497268
xgboost,STORE0001,SKU0039,14,303.0,0.2179177161716171,0.20336711880866226,1.0,4.716361999999998,6.257552449770653,0.21477638233483232,-0.11527799999999998
xgboost,STORE0005,SKU0096,14,1530.0,0.21789998431372548,0.27394180130804274,1.0,23.81335542857143,28.007459120662627,0.23879723813413095,-0.05264217908496733
xgboost,STORE0005,SKU0051,14,1281.0,0.21771584699453553,0.21062850987756182,1.0,19.921,23.238977022032095,0.2281960777759168,-0.16675110070257612
xgboost,STORE0004,SKU0039,14,282.0,0.21769541489361702,0.2152911039578249,1.0,4.3850076428571425,6.05912788150931,0.2114677264802884,-0.05211484042553191
xgboost,STORE0008,SKU0075,14,510.0,0.21730038039215688,0.2906259951537611,1.0,7.915942428571428,10.533878115955442,0.2338388294901778,-0.049738411764705885
xgboost,STORE0005,SKU0043,14,925.0,0.2172867264864865,0.22564881137381967,1.0,14.35644442857143,18.543162950807815,0.2241758458445938,-0.08340046486486485
xgboost,STORE0006,SKU0077,14,1121.0,0.21707937823371987,0.24925252860741914,1.0,17.381855928571426,22.558637627143398,0.22472577130613666,-0.010412848349687774
xgboost,STORE0003,SKU0039,14,191.0,0.21698489005235602,0.34351864049703434,1.0,2.960293857142857,3.9929107157139314,0.2398429185732714,-0.0034130680628272287
xgboost,STORE0008,SKU0099,14,1683.0,0.21692867082590617,0.2558767548308279,1.0,26.07792521428572,30.4477969539572,0.2355693113321624,-0.04466787581699346
xgboost,STORE0007,SKU0001,14,1190.0,0.21689615462184875,0.445980184964644,1.0,18.436173142857143,23.151450073659262,0.25946507800974494,-0.005522776470588232
xgboost,STORE0003,SKU0061,14,1121.0,0.2167569776984835,0.20196499480594657,1.0,17.356040857142858,25.70383575103443,0.20849114939215316,-0.08098822123104371
xgboost,STORE0003,SKU0037,14,1223.0,0.21663951267375303,0.2651864906561273,1.0,18.925008857142853,22.050611314599657,0.22622332258730554,0.03553501553556828
xgboost,STORE0013,SKU0065,14,548.0,0.21652737043795622,0.24068766430901053,1.0,8.475499928571429,10.822492132731433,0.22669687843111982,-0.02581573540145986
xgboost,STORE0003,SKU0024,14,659.0,0.21625660091047041,0.22887081732637812,1.0,10.179507142857144,12.536341766560888,0.21842701096713804,-0.028903811836115317
xgboost,STORE0006,SKU0029,14,550.0,0.21607307818181817,0.23935904381784576,1.0,8.488585214285715,9.503689079930027,0.2245634801303762,-0.005222598181818202
xgboost,STORE0006,SKU0007,14,453.0,0.21604937086092715,0.298960783084075,1.0,6.990740357142857,9.011181409374089,0.23444420222786055,-0.04650706181015453
xgboost,STORE0001,SKU0097,14,1117.0,0.21579100179051033,0.20889487833213763,1.0,17.217039214285716,21.177865921146058,0.21426012066702577,-0.08762859534467324
xgboost,STORE0010,SKU0014,14,807.0,0.21551214498141266,0.2724827798215642,1.0,12.422735785714286,16.281747987873825,0.2299951723802148,0.009605693928128866
xgboost,STORE0006,SKU0087,14,391.0,0.2151296649616368,0.346183616616142,1.0,6.008264214285714,8.542135861670133,0.2305942069356776,0.05585272378516625
xgboost,STORE0008,SKU0002,14,1009.0,0.21508279088206145,0.23021413725825243,1.0,15.501324,17.440015916097128,0.21936163607537099,-0.028470164519326074
xgboost,STORE0004,SKU0060,14,841.0,0.2148230118906064,0.27235018385469195,1.0,12.904725214285714,17.703946661799314,0.20924277189188448,0.1426609405469679
xgboost,STORE0004,SKU0090,14,284.0,0.21423962323943663,0.264144022613089,1.0,4.346003785714286,5.770187730483082,0.21126940369550917,0.14974070774647885
xgboost,STORE0002,SKU0030,14,632.0,0.21402909810126583,0.22679492470364188,1.0,9.661885,11.916706467011943,0.2205005654152352,-0.041453015822784794
xgboost,STORE0010,SKU0051,14,907.0,0.21398492943770675,0.37721455525275693,1.0,13.863166500000002,18.881936824004804,0.23800332008028177,-0.019376510474090423
xgboost,STORE0008,SKU0033,14,1750.0,0.21385906514285713,0.21032201154780036,1.0,26.73238314285714,32.70181680059519,0.21764508210278213,-0.07056014628571426
xgboost,STORE0007,SKU0032,14,940.0,0.21383626489361698,0.18430277718448437,1.0,14.357577785714284,27.404610565278322,0.1814839965637128,-0.07406375638297873
xgboost,STORE0004,SKU0102,14,1893.0,0.21376362440570523,0.2812473957036098,1.0,28.903895785714287,37.584698211229664,0.22338160120554557,0.06681196038034866
xgboost,STORE0012,SKU0006,14,1388.0,0.21350224063400575,0.3568398259625207,1.0,21.16722214285714,29.62786409934254,0.2479109224461715,0.1259750144092219
xgboost,STORE0002,SKU0010,14,377.0,0.21340820159151194,0.33795584135605333,1.0,5.746778,9.093691567758547,0.22509714008537599,0.045735236074270554
xgboost,STORE0004,SKU0093,14,1345.0,0.21321608698884764,0.18819014043935103,1.0,20.483974071428577,26.770580606351377,0.2105068633269009,-0.16362503271375464
xgboost,STORE0008,SKU0100,14,1462.0,0.21316260670314638,0.2118752740109469,1.0,22.2602665,24.518591104031042,0.22108483655866004,-0.11297037688098495
xgboost,STORE0009,SKU0030,14,587.0,0.21296767802385008,0.290256018442629,1.0,8.9294305,11.394280720314542,0.22892116630153625,0.10663099318568996
xgboost,STORE0002,SKU0037,14,1200.0,0.21293938,0.21323175919602916,1.0,18.25194685714286,22.898648917134867,0.20856533601197638,-0.036655980000000005
xgboost,STORE0008,SKU0030,14,737.0,0.21267920895522388,0.2407710355395844,1.0,11.196041214285714,12.873276829290425,0.21951413659417493,0.03773801763907734
xgboost,STORE0006,SKU0092,14,1299.0,0.21246478521939954,0.1511908635113741,0.9285714285714286,19.713696857142857,31.91174320420696,0.27157739839165523,0.05713777059276364
xgboost,STORE0002,SKU0014,14,713.0,0.2121550546984572,0.20274748543754798,1.0,10.804753857142856,13.826349970030373,0.21048061644182264,-0.09950432819074335
xgboost,STORE0004,SKU0049,14,781.0,0.2121007003841229,0.2114192410815033,1.0,11.832189071428571,14.610989574683186,0.21268731774958255,-0.04330612676056337
xgboost,STORE0005,SKU0040,14,431.0,0.21208688631090486,0.29523045591584957,1.0,6.529246285714286,8.447857146450742,0.22735576327473206,0.10839624593967519
xgboost,STORE0007,SKU0081,14,810.0,0.21172504074074075,0.19586115092519332,1.0,12.24980592857143,15.721032185470845,0.21952177616134821,-0.16346041604938272
xgboost,STORE0004,SKU0023,14,1222.0,0.21148236497545006,0.2971262737859854,1.0,18.459389285714284,22.507605390019837,0.24964950539338332,0.013316129296235648
xgboost,STORE0007,SKU0086,14,129.0,0.2109133713178295,0.22999002327574888,1.0,1.9434160642857148,2.29751225749674,0.2129054873045658,0.02247872015503873
xgboost,STORE0005,SKU0094,14,1048.0,0.2104854208015267,0.25303724126680205,1.0,15.756337214285713,20.533745406632573,0.22757847297148606,-0.06602057347328241
xgboost,STORE0012,SKU0048,14,1115.0,0.21022851659192823,0.22440535131968045,1.0,16.743199714285712,23.05336911052573,0.2169204601921831,-0.13003904573991032
xgboost,STORE0013,SKU0027,14,1226.0,0.21011669575856445,0.24035400773744295,1.0,18.400219214285716,26.043695379450554,0.21410347070894664,-0.016352994290375216
xgboost,STORE0001,SKU0076,14,455.0,0.2101069758241758,0.2026568562323065,1.0,6.8284767142857135,8.317535833116148,0.211671939438791,-0.09966763956043953
xgboost,STORE0011,SKU0068,14,657.0,0.20998556773211569,0.21044992683345987,1.0,9.854322714285715,11.708814081736257,0.22013790493479518,-0.08528411567732111
xgboost,STORE0004,SKU0047,14,1200.0,0.20990545416666667,0.3134280703009062,1.0,17.991896071428574,26.75929249840428,0.23534012560102754,0.029784612499999998
xgboost,STORE0004,SKU0034,14,3135.0,0.20966071132376393,0.21038822853443784,1.0,46.94902357142856,56.17926854064069,0.21523075110370343,-0.11660755023923444
xgboost,STORE0011,SKU0046,14,1787.0,0.20949474930050363,0.26340612706668604,1.0,26.740508357142858,31.747034532822553,0.2320140450232129,-0.0664102658086178
xgboost,STORE0001,SKU0095,14,501.0,0.2093794870259481,0.22132098618772597,1.0,7.4927945000000005,8.844217024892476,0.2131612919897008,-0.06519266067864272
xgboost,STORE0004,SKU0002,14,1095.0,0.20934579452054794,0.20224577088773335,1.0,16.373831785714284,19.5758112641051,0.2115332070642593,-0.0882667077625571
xgboost,STORE0004,SKU0024,14,1022.0,0.20884295107632095,0.20277756871569488,1.0,15.24553542857143,17.670929899063246,0.21308497841445734,-0.10859128180039139
xgboost,STORE0004,SKU0057,14,1483.0,0.2083316244099798,0.21332737754814524,1.0,22.06827135714286,28.80649732774157,0.21570542569973947,-0.1320307019554956
xgboost,STORE0008,SKU0064,14,1430.0,0.20817126503496508,0.2113380314937434,1.0,21.26320778571429,24.346595722410864,0.20827726451049136,-0.03300460909090909
xgboost,STORE0003,SKU0010,14,419.0,0.20816837470167068,0.20702706683008487,1.0,6.2301820714285725,7.086784441077889,0.21885122625375103,-0.12184813126491648
xgboost,STORE0009,SKU0087,14,419.0,0.20796631264916468,0.21276210618536723,1.0,6.224134642857143,7.35379408726899,0.21901771687442376,-0.12143623150357993
xgboost,STORE0004,SKU0055,14,228.0,0.20758489912280703,0.22291516166077066,1.0,3.380668357142857,4.058297512779316,0.21268439723805202,-0.058687776315789475
xgboost,STORE0011,SKU0069,14,1593.0,0.20681001255492784,0.20393102876889355,1.0,23.532025000000004,33.57760089666671,0.21227132722196473,-0.12920299309478972
xgboost,STORE0003,SKU0033,14,1350.0,0.20678769407407407,0.18250567589928565,1.0,19.940241928571428,28.45331515706983,0.197026889261465,-0.11932653703703704
xgboost,STORE0008,SKU0072,14,583.0,0.20655709433962263,0.24999095377516087,1.0,8.60162757142857,11.409511355421092,0.21774983894946137,-0.03662286106346483
xgboost,STORE0006,SKU0005,14,1530.0,0.20616636274509803,0.2555709759347004,1.0,22.53103821428571,27.712851098098007,0.233827139074122,-0.0673020816993464
xgboost,STORE0011,SKU0088,14,400.0,0.2058883925,0.18707459806059326,1.0,5.8825255,8.432809275265242,0.19926720946686746,-0.10355504250000003
xgboost,STORE0012,SKU0065,14,842.0,0.20583450237529685,3.66335494665157,1.0,12.379475071428569,18.218528317643752,0.28008136385902194,0.05472475890736341
xgboost,STORE0007,SKU0100,14,955.0,0.20565995706806284,0.24336959169614972,1.0,14.028947071428572,19.164463786296185,0.21257909970786731,-0.0130427109947644
xgboost,STORE0011,SKU0086,14,173.0,0.205469661849711,0.26760584163912526,1.0,2.5390179642857147,3.1645316365318723,0.22575048811239506,0.07555575433526013
xgboost,STORE0005,SKU0027,14,2564.0,0.20546102964118568,0.20554025061430228,1.0,37.62872,50.637459237187954,0.2049647743540594,-0.09876738689547582
xgboost,STORE0013,SKU0008,14,179.0,0.2052716675977654,0.27111808266747356,1.0,2.6245448928571435,3.161876488633205,0.22140717737674684,0.02739143296089385
xgboost,STORE0012,SKU0095,14,442.0,0.20468615158371037,0.1856536471647558,1.0,6.462234214285713,9.010692936446178,0.19795156485518675,-0.10942721493212672
xgboost,STORE0009,SKU0027,14,1920.0,0.20464433125000003,0.2750861367433369,1.0,28.06550828571429,37.81352467123648,0.22444861785769796,0.024047345833333338
xgboost,STORE0010,SKU0030,14,637.0,0.20436625274725276,0.26115840918679284,1.0,9.298664500000001,10.992800174973276,0.21999996647476963,0.017912422291993697
xgboost,STORE0010,SKU0073,14,138.0,0.20424803260869565,0.2242362656898657,1.0,2.0133020357142857,2.3474603396952167,0.21036629197827486,-0.026758344202898552
xgboost,STORE0005,SKU0062,14,300.0,0.20416118666666672,0.20794322820758898,1.0,4.374882571428572,5.832374699674788,0.21540141356013381,-0.14012362
xgboost,STORE0007,SKU0025,14,380.0,0.20386594210526318,0.20870801010187537,1.0,5.533504142857143,6.747832715716251,0.20997397066144124,-0.08939603157894735
xgboost,STORE0003,SKU0064,14,987.0,0.20365562715298885,0.2718606291692236,1.0,14.357721714285715,18.651936384542886,0.21530388126454864,0.06514478622087132
xgboost,STORE0013,SKU0097,14,535.0,0.20348029906542062,0.2236892673402493,1.0,7.775854285714288,8.799560324071596,0.20681786933380567,0.013636153271028033
xgboost,STORE0005,SKU0007,14,492.0,0.20331476219512198,0.2241938654920589,1.0,7.145061642857144,8.622581003923862,0.21792900184645245,-0.10999186382113822
xgboost,STORE0007,SKU0060,14,758.0,0.20326611873350922,0.2568063963112234,1.0,11.005408428571428,13.375130082147814,0.22274125235377856,-0.08641062796833772
xgboost,STORE0009,SKU0011,14,293.0,0.20303630716723553,0.35123691295904785,1.0,4.249259857142858,5.960424425068691,0.2382011632025813,0.017352191126279844
xgboost,STORE0003,SKU0052,14,632.0,0.2030252405063291,0.2143328774538762,1.0,9.165139428571427,11.61192172873763,0.20660190105298298,-0.03342213291139243
xgboost,STORE0002,SKU0102,14,1430.0,0.20249541048951047,0.2611755154046971,1.0,20.683459785714284,28.553499943238492,0.22602859697216468,-0.045891459440559466
xgboost,STORE0012,SKU0007,14,380.0,0.20242324473684212,0.206480527923939,1.0,5.4943452142857145,7.838011053059366,0.19791499169878882,-0.04449069210526316
xgboost,STORE0001,SKU0050,14,267.0,0.2023915056179775,0.21189008484619012,1.0,3.859895142857142,4.601531321387727,0.2044625580445339,-0.02751305617977527
xgboost,STORE0008,SKU0020,14,909.0,0.201982597359736,0.19165648549791792,1.0,13.114441500000002,16.00593643967043,0.2080372353639508,-0.15384391749174922
xgboost,STORE0011,SKU0005,14,1749.0,0.2016371503716409,0.18104132325310981,1.0,25.190241142857136,39.49434871943205,0.19419264814918896,-0.1292848164665523
xgboost,STORE0002,SKU0060,14,598.0,0.20136648494983284,0.2745045140267318,1.0,8.601225571428573,10.577321506318885,0.21668472942903821,0.08920134113712376
xgboost,STORE0008,SKU0011,14,338.0,0.20068387869822482,0.19048017050234595,1.0,4.845082214285713,6.616933940621651,0.19140980939425342,-0.03363126331360945
xgboost,STORE0001,SKU0080,14,1224.0,0.20010267565359477,0.19154167510332987,1.0,17.494691071428573,21.67165563463098,0.1911770340018226,-0.013568698529411751
xgboost,STORE0011,SKU0101,14,290.0,0.20008511379310343,0.20915204541268126,1.0,4.144620214285714,5.257247578280681,0.19725986181449653,-0.00750212068965515
xgboost,STORE0007,SKU0011,14,253.0,0.1997705138339921,0.20907191225069652,1.0,3.6101385714285716,4.075977767893859,0.21223901738058934,-0.0754881581027668
xgboost,STORE0005,SKU0021,14,911.0,0.19952722832052694,0.20061358088661208,1.0,12.983521785714288,15.395856705226228,0.20373928182242795,-0.05293026893523601
xgboost,STORE0007,SKU0045,14,912.0,0.19928818530701756,0.27656319547777936,1.0,12.982201785714286,16.01618029604198,0.2222121722665345,0.04962579276315791
xgboost,STORE0001,SKU0100,14,1251.0,0.19841315827338124,0.2348607305614412,1.0,17.729632928571423,22.28154521740149,0.20120297135055057,0.033473342126298954
xgboost,STORE0012,SKU0002,14,1021.0,0.196675013712047,0.19052683238140394,1.0,14.343227785714285,19.32050453592904,0.202446904316145,-0.1283729177277179
xgboost,STORE0003,SKU0015,14,118.0,0.19656476271186443,0.2239579061050061,1.0,1.656760142857143,2.0512270224305116,0.1921933874665979,0.1178155254237288
xgboost,STORE0007,SKU0099,14,1133.0,0.19648117387466899,0.23619695532828658,1.0,15.900940714285712,20.184699237188905,0.20236037256524658,0.08406090909090909
xgboost,STORE0006,SKU0032,14,1432.0,0.19637359497206705,0.18202011412910152,1.0,20.08621342857143,25.956062412817595,0.20433173463951615,-0.1578608575418994
xgboost,STORE0008,SKU0006,14,1939.0,0.19614495822588962,0.48420047793350846,1.0,27.166076714285712,36.11158185323744,0.25219589487799754,-0.07491968334192882
xgboost,STORE0006,SKU0100,14,1293.0,0.1954270649651972,0.22231293383897016,1.0,18.049085357142857,23.07986049954023,0.19163778657330827,0.0737786736272235
xgboost,STORE0008,SKU0045,14,1369.0,0.19525659167275386,0.20155030649710998,1.0,19.093305285714287,22.408860673377546,0.20380366586437507,-0.023366693937180442
xgboost,STORE0004,SKU0078,14,475.0,0.1951216905263158,0.22885001095138918,1.0,6.620200214285715,8.06093977629229,0.20342264815122665,0.018245425263157918
xgboost,STORE0003,SKU0046,14,1266.0,0.1945580529225908,0.21922003379884464,1.0,17.593606785714282,25.623901707086116,0.1916765429302761,0.017359087677725125
xgboost,STORE0001,SKU0008,14,422.0,0.194509345971564,0.181376546715506,1.0,5.863067428571429,7.443106075388045,0.19043706814013778,-0.08985264928909951
xgboost,STORE0009,SKU0055,14,175.0,0.19416257714285715,0.31634342486187944,1.0,2.427032214285714,3.203948522939212,0.22172529258716156,0.060743742857142846
xgboost,STORE0004,SKU0032,14,1320.0,0.19378503106060602,0.21506267420092845,1.0,18.271160071428568,23.014115745998737,0.20163433566986563,-0.04290089772727274
xgboost,STORE0006,SKU0073,14,173.0,0.19364058959537572,0.1891772366270518,1.0,2.3928444285714288,2.8183401313892955,0.19617222802386722,-0.08098687861271676
xgboost,STORE0008,SKU0098,14,692.0,0.19355058959537572,0.2278506373241575,1.0,9.566929142857143,11.46219914447867,0.20929202625162605,-0.035068540462427744
xgboost,STORE0011,SKU0087,14,463.0,0.193152939524838,0.23693601424707017,1.0,6.387843642857143,7.420169881472568,0.2098882777444068,-0.022315138228941683
xgboost,STORE0006,SKU0052,14,965.0,0.1929796870466321,0.19484473139749495,1.0,13.301814142857141,17.438031478625497,0.19304015612428146,-0.07358760621761659
xgboost,STORE0005,SKU0039,14,295.0,0.19293121355932202,0.23347828304299867,1.0,4.065336285714285,4.996362472036631,0.20145546043789656,0.02680294237288138
xgboost,STORE0001,SKU0098,14,731.0,0.19276424897400823,0.19827850369896452,1.0,10.065047571428574,12.69974834137569,0.19681336696493895,-0.088921975376197
xgboost,STORE0005,SKU0050,14,257.0,0.19266077042801558,0.23456229102005224,1.0,3.536701285714286,4.283186201192002,0.20413008863048845,0.0011394941634241438
xgboost,STORE0005,SKU0068,14,689.0,0.19230658345428162,0.19826425726329985,1.0,9.464231142857145,11.337582543807383,0.19606541692648374,-0.01269751233671989
xgboost,STORE0011,SKU0054,14,1640.0,0.1922909957317073,0.21396410198965718,1.0,22.525516642857138,28.97023094765429,0.2051128169870518,-0.06107806524390245
xgboost,STORE0012,SKU0025,14,456.0,0.19221859429824562,0.1689941288953381,1.0,6.2608342142857145,8.51152214771034,0.18641575623335202,-0.11745323903508773
xgboost,STORE0003,SKU0006,14,1310.0,0.19056656106870226,0.20716522092822706,1.0,17.831585357142853,22.524077212561853,0.19881468292012272,0.0006322404580152505
xgboost,STORE0010,SKU0001,14,1348.0,0.19044787833827895,0.21877325281053528,1.0,18.337410000000002,23.462309898074984,0.18630937212102666,0.08614011869436203
xgboost,STORE0003,SKU0005,14,1159.0,0.19034498878343403,0.1961270235602153,1.0,15.75784585714286,18.349445975436417,0.20162347423677088,-0.06842142709232098
xgboost,STORE0010,SKU0095,14,461.0,0.19006412364425163,0.29442750563237385,1.0,6.2585400714285715,8.609387662816541,0.21423032548405296,-0.038941264642082446
xgboost,STORE0013,SKU0034,14,1377.0,0.1889447356572258,0.20265805580271973,1.0,18.584064357142854,22.77794431060863,0.1962406696536647,-0.02635451053013796
xgboost,STORE0010,SKU0055,14,213.0,0.18854476056338026,0.18555817197110966,1.0,2.8685738571428567,3.2068570054602192,0.20047137398256878,-0.14445723004694833
xgboost,STORE0003,SKU0049,14,525.0,0.18836353333333336,0.20382575225971727,1.0,7.0636325000000015,8.479698291250129,0.20020692510724344,-0.10289391809523811
xgboost,STORE0002,SKU0058,14,1066.0,0.18832789962476548,0.23591990510533778,1.0,14.339824357142858,20.44174276150171,0.2019672280674341,-0.04607053564727958
xgboost,STORE0003,SKU0097,14,800.0,0.18822499124999997,0.1904805269053045,1.0,10.755713785714283,14.652683668887677,0.1840789385014489,-0.029825596250000013
xgboost,STORE0006,SKU0045,14,1420.0,0.18814663309859153,0.19237043800445222,1.0,19.083444214285713,25.26894998046504,0.19273308301343978,-0.08932769788732395
xgboost,STORE0009,SKU0066,14,434.0,0.1880439400921659,0.18220996182501983,1.0,5.829362142857143,7.693232230023384,0.18463727393868923,-0.08075497235023042
xgboost,STORE0008,SKU0041,14,1837.0,0.18755927490473598,0.19094619922874115,1.0,24.610456285714285,30.931132319331162,0.19646862865975454,-0.07035314970059879
xgboost,STORE0002,SKU0048,14,890.0,0.1872951134831461,0.19951168525796045,1.0,11.90661792857143,15.243678332387828,0.19191897867582483,-0.07693499662921349
xgboost,STORE0004,SKU0061,14,1480.0,0.18718253783783786,0.1824492846791142,1.0,19.78786828571429,25.031154985556906,0.18148526644217403,-0.0208113608108108
xgboost,STORE0010,SKU0028,14,1787.0,0.18718081197537775,0.18007944986387578,1.0,23.892293642857144,30.396629488986267,0.18636942540687546,-0.07637336261891439
xgboost,STORE0010,SKU0102,14,1666.0,0.18712769627851142,0.1916346357337399,1.0,22.26819585714286,33.51310369962455,0.17632333832780925,-0.008533589435774319
xgboost,STORE0004,SKU0033,14,1635.0,0.18696241896024465,0.18929278355182352,1.0,21.834539642857145,26.97272980368743,0.18613758453197932,-0.031482511926605505
xgboost,STORE0007,SKU0075,14,417.0,0.18695058273381293,0.1820075984645733,1.0,5.568456642857142,6.400815326053856,0.19612911787507104,-0.12533494244604318
xgboost,STORE0007,SKU0023,14,1017.0,0.1866542123893805,0.17020552689251942,1.0,13.559095285714283,18.351671638325353,0.18613527324363824,-0.1345071760078663
xgboost,STORE0005,SKU0012,14,1056.0,0.18598221874999996,0.28247411941946676,1.0,14.028373071428566,16.719600354827524,0.22108789829784972,0.026058046401515156
xgboost,STORE0003,SKU0073,14,120.0,0.18497887166666666,0.17807981948281876,1.0,1.5855331857142858,2.1797107882434794,0.18376266354883566,-0.07467340666666664
xgboost,STORE0001,SKU0062,14,308.0,0.1843353636363636,0.17510702239719672,1.0,4.055377999999999,4.864179159271627,0.1921887356844796,-0.13208787012987014
xgboost,STORE0003,SKU0007,14,352.0,0.1841435852272727,0.16406206560149217,1.0,4.629895857142857,6.58459213974493,0.1852982313793409,-0.14001402272727273
xgboost,STORE0003,SKU0100,14,1105.0,0.18366461538461534,0.1777919480338161,1.0,14.496385714285712,16.84431215065106,0.18932785024609936,-0.1257427040723982
xgboost,STORE0013,SKU0017,14,772.0,0.18324531606217617,0.7688653121939331,1.0,10.104670285714286,14.927996291441431,0.23223205287687065,0.046037847150259076
xgboost,STORE0010,SKU0069,14,1248.0,0.18319314182692306,0.280126916729976,1.0,16.33036007142857,23.221750755346992,0.20784729164679663,0.040462877403846166
xgboost,STORE0007,SKU0072,14,375.0,0.18285894933333338,0.21243368302838,1.0,4.898007571428573,6.293314129115597,0.18548846988955217,0.021228085333333334
xgboost,STORE0005,SKU0102,14,2057.0,0.1827873334953816,0.2094533480520444,1.0,26.85668178571428,31.84382172125149,0.2036182802604633,-0.058862447739426345
xgboost,STORE0008,SKU0042,14,281.0,0.18257839857651245,0.1920551100878328,1.0,3.6646092857142856,4.473216458493662,0.18597752992088099,-0.04985010676156582
xgboost,STORE0013,SKU0102,14,928.0,0.1821743846982759,0.18790261466412791,1.0,12.075559214285716,14.790241537181679,0.17829112364954816,-0.0005900765086206788
xgboost,STORE0004,SKU0096,14,1579.0,0.18178337808739709,0.16524675367480632,1.0,20.502568142857143,29.451283578001405,0.18480199292216232,-0.15598898923369223
xgboost,STORE0011,SKU0036,14,745.0,0.1810207879194631,0.23464397025353861,1.0,9.632891928571429,11.740201574032788,0.2032138111610264,-0.014695217449664443
xgboost,STORE0004,SKU0085,14,1270.0,0.1803494937007874,0.21708771960116405,1.0,16.3602755,18.57956692400102,0.20792029189424252,-0.033811674803149616
xgboost,STORE0012,SKU0032,14,1098.0,0.1800447267759563,0.20345721794842217,1.0,14.120650714285714,17.15654551455279,0.1832986372708551,0.052099699453551904
xgboost,STORE0002,SKU0027,14,1812.0,0.17970359823399557,0.19626866201631019,1.0,23.258779999999998,26.20445061456866,0.1984762106904871,-0.08594778145695366
xgboost,STORE0012,SKU0061,14,1301.0,0.17969908608762492,0.16778121153289807,1.0,16.699179357142857,22.23524630437908,0.17777051509176195,-0.09440036510376633
xgboost,STORE0012,SKU0035,14,2425.0,0.17951666804123706,0.17906177056192266,1.0,31.09485142857142,36.26463107930488,0.17623179028175642,0.0028982103092783447
xgboost,STORE0006,SKU0009,14,920.0,0.17928817717391302,0.1980616428281183,1.0,11.781794499999998,16.854886810761396,0.1862998518417514,-0.07523186847826087
xgboost,STORE0005,SKU0064,14,1440.0,0.1783731034722222,0.19512948782944126,1.0,18.346947785714285,24.42945223290047,0.1835087745906045,-0.042550742361111095
xgboost,STORE0004,SKU0009,14,911.0,0.1780802338090011,0.19284239888149127,1.0,11.587935214285713,13.576939786287248,0.18185437758632841,0.002895138309549927
xgboost,STORE0012,SKU0075,14,499.0,0.1772729178356713,0.18331048139099562,1.0,6.3185132857142845,8.102148140628834,0.18620235069352062,-0.09206795991983968
xgboost,STORE0006,SKU0041,14,1818.0,0.1769645819581958,0.18286272360531466,1.0,22.980115,27.847532190312794,0.18185560627826147,-0.05807370187018701
xgboost,STORE0009,SKU0065,14,898.0,0.17639746213808463,0.18360558962260656,1.0,11.314637214285714,15.188333797072815,0.1658601112605369,0.10365469599109133
xgboost,STORE0001,SKU0030,14,738.0,0.17607944986449864,0.19135357243669754,1.0,9.281902428571428,10.514062785843395,0.17456523434452526,0.08773356097560975
xgboost,STORE0005,SKU0014,14,832.0,0.1756389759615385,0.19544743746555965,1.0,10.43797342857143,12.540853287330986,0.17895791128611,0.030515466346153857
xgboost,STORE0006,SKU0013,14,1958.0,0.17523136925434116,0.1611819792946589,1.0,24.507358642857145,33.36334730055411,0.16221276578134444,-0.011155964759959142
xgboost,STORE0007,SKU0004,14,991.0,0.17499928355196775,0.2367714470171455,1.0,12.387449285714288,16.877089789222595,0.19179982567907133,0.04066289606458123
xgboost,STORE0004,SKU0062,14,293.0,0.1745461023890785,0.16283944730569436,1.0,3.653000571428571,4.605573242485875,0.1733027475495861,-0.08735003412969286
xgboost,STORE0008,SKU0078,14,541.0,0.17356112199630316,0.1601220258968372,1.0,6.706897642857143,8.154997651438494,0.1766131814207483,-0.13747857116451015
xgboost,STORE0003,SKU0087,14,310.0,0.17329231290322583,0.32279768974199724,1.0,3.837186928571429,5.456051399490275,0.20650020071176406,-0.05160182903225806
xgboost,STORE0001,SKU0056,14,420.0,0.17302355714285714,0.19268598616103746,1.0,5.190706714285715,6.594977793005372,0.18429053364155892,-0.026982490476190477
xgboost,STORE0006,SKU0084,14,437.0,0.17288206407322657,0.1679567573374623,1.0,5.396390142857143,7.037624425806725,0.17032135708603469,-0.048362677345537765
xgboost,STORE0013,SKU0057,14,648.0,0.17265062962962963,0.19456054998608116,1.0,7.991257714285714,9.471817983696123,0.1744239029715116,0.06481885802469135
xgboost,STORE0008,SKU0013,14,1894.0,0.1712028489968321,0.20745017875889651,1.0,23.161299714285715,37.08982032445719,0.17603906969275057,0.020448255543822565
xgboost,STORE0003,SKU0012,14,762.0,0.17075992913385826,0.15720134318015583,1.0,9.294219,12.019993558560035,0.17407987798585278,-0.1308302729658793
xgboost,STORE0012,SKU0098,14,579.0,0.1704633696027634,0.17032640343373465,1.0,7.049877928571429,8.702753027865915,0.17431115125069008,-0.04684687219343696
xgboost,STORE0002,SKU0097,14,727.0,0.1700078156808803,0.18697260438106392,1.0,8.828262999999998,11.01554448518196,0.16703558964865262,0.07782207152682255
xgboost,STORE0013,SKU0015,14,98.0,0.16941030204081634,0.1561857975340136,1.0,1.1858721142857145,1.5907994102464522,0.16584747109081752,-0.0741299836734694
xgboost,STORE0013,SKU0096,14,753.0,0.1693483452855246,0.1955556123401396,1.0,9.108521714285715,10.80223166142391,0.18102804564138,-0.019793415670650717
xgboost,STORE0009,SKU0052,14,809.0,0.16823807416563658,0.1581777062311089,1.0,9.721757285714286,12.288174955146152,0.16798619836627227,-0.08536725339925834
xgboost,STORE0004,SKU0040,14,515.0,0.16821029514563104,0.3510835958156463,1.0,6.187735857142856,7.983507744369953,0.23217580830050802,0.04759704466019419
xgboost,STORE0007,SKU0062,14,196.0,0.16793147193877553,0.1943376290206992,1.0,2.351040607142857,3.145166687708292,0.17443687458708615,0.0022462831632652953
xgboost,STORE0005,SKU0098,14,711.0,0.16777865260196909,0.20213124837663937,1.0,8.520758714285716,12.75985479099851,0.17688125280511138,0.029513985935302387
xgboost,STORE0011,SKU0004,14,1501.0,0.167317781479014,0.1557794704645068,1.0,17.93885642857143,23.59934062277504,0.16706094644706607,-0.10979749367088608
xgboost,STORE0007,SKU0002,14,756.0,0.16703932539682542,0.17754141205988336,1.0,9.020123571428574,10.206729762195593,0.1729719113860614,-0.04612158994708996
xgboost,STORE0003,SKU0062,14,199.0,0.1650714974874372,0.15451595213766497,1.0,2.346373428571429,3.2091221572203468,0.15910648712669637,-0.06137704522613066
xgboost,STORE0006,SKU0067,14,557.0,0.16454357989228005,0.1898721040933989,1.0,6.546483857142856,8.44740587609465,0.16968902825604779,0.023890211849192093
xgboost,STORE0010,SKU0006,14,1503.0,0.16362045508982032,0.5712768037179841,1.0,17.565824571428568,27.987735754460413,0.20889510465939012,-0.012936562874251503
xgboost,STORE0002,SKU0054,14,1097.0,0.16357970009115771,0.19400416261364875,1.0,12.817637928571429,16.562537970838722,0.1709001747233178,0.03760971285323612
xgboost,STORE0003,SKU0001,14,1181.0,0.1619675690093141,0.17212811719359777,1.0,13.663121357142854,15.873351865399803,0.1618745784843616,0.033619922946655376
xgboost,STORE0013,SKU0009,14,401.0,0.16021254613466335,0.1705787136279824,1.0,4.588945071428571,6.0388323645678454,0.16045131368002133,0.009959294264339166
xgboost,STORE0010,SKU0025,14,401.0,0.15973985785536157,0.18859003043414665,1.0,4.575405928571428,6.344147604343824,0.1643739494062755,0.04432374812967581
xgboost,STORE0011,SKU0078,14,447.0,0.1586497382550336,0.17628431304665673,1.0,5.065459500000001,5.894666531094183,0.16411504174784736,0.030697590604026853
xgboost,STORE0010,SKU0050,14,236.0,0.15766782838983048,0.14860992823014657,1.0,2.657829107142857,3.625367581387263,0.15132514232317648,-0.027242180084745767
xgboost,STORE0006,SKU0060,14,986.0,0.15654400608519273,0.1519960847222205,1.0,11.025170714285718,13.23801037365491,0.15909163269071905,-0.07832374036511157
xgboost,STORE0010,SKU0063,14,942.0,0.15633888535031853,0.17909465299003616,1.0,10.519373571428575,13.667631009533467,0.16749005960853366,-0.04138954352441614
xgboost,STORE0008,SKU0066,14,465.0,0.15281328172043013,0.1621775018278883,1.0,5.075584,6.497082397267726,0.15289659323575785,0.030013496774193554
xgboost,STORE0003,SKU0028,14,1445.0,0.15275103044982702,0.14502477983911335,1.0,15.766088500000004,19.40786331991808,0.15608288840443846,-0.10534882975778548
xgboost,STORE0003,SKU0101,14,211.0,0.15266161374407583,0.15227542207859526,1.0,2.3008286071428574,2.769518802100044,0.15984531592154086,-0.045540827014218
xgboost,STORE0010,SKU0056,14,374.0,0.15215981550802135,0.15491846151724378,1.0,4.064840785714285,5.229728031451984,0.15154403534435681,-0.023486489304812848
xgboost,STORE0009,SKU0008,14,367.0,0.15194437329700275,0.16492528678292712,1.0,3.9831132142857153,5.130432827366149,0.1579671124833227,-0.06329933242506812
xgboost,STORE0002,SKU0069,14,1055.0,0.1518179943127962,0.15975466081963605,1.0,11.440570285714285,18.508519103479454,0.14782367722209264,0.027718479620853085
xgboost,STORE0009,SKU0050,14,233.0,0.15117477467811158,0.14703108099137704,1.0,2.5159801785714286,3.018470070966679,0.14973855539895845,-0.030290633047210296
xgboost,STORE0012,SKU0044,14,1271.0,0.15059779701022813,0.13820794711080944,1.0,13.67212857142857,19.010849731407795,0.14866111521965414,-0.09680501180173091
xgboost,STORE0005,SKU0091,14,329.0,0.15000325227963526,0.14377349341807868,1.0,3.5250764285714284,4.1139636445392735,0.1540286066174856,-0.06719049848024315
xgboost,STORE0003,SKU0025,14,350.0,0.14954396857142854,0.1631530919456581,1.0,3.7385992142857134,4.161150842189926,0.1505970976084116,0.06043599714285714
xgboost,STORE0010,SKU0086,14,146.0,0.14904383150684936,0.14152266495107016,1.0,1.5543142428571433,1.9714274513854353,0.15013901856625828,-0.05667738219178082
xgboost,STORE0012,SKU0085,14,1133.0,0.14880744307149163,0.17387452009385776,1.0,12.042773785714287,16.01731231010371,0.15588923932790832,0.043252973521624
xgboost,STORE0012,SKU0033,14,1467.0,0.14863217041581459,0.14305672850909154,1.0,15.574528142857144,18.71506842616094,0.1506273186690201,-0.08049765916837083
xgboost,STORE0010,SKU0090,14,267.0,0.14265103370786517,0.13304237194012455,1.0,2.720559,3.5447787863757756,0.14339727463185642,-0.0966750936329588
xgboost,STORE0008,SKU0083,14,1555.0,0.14263965337620577,0.12620068735632867,1.0,15.84319007142857,21.349255957207035,0.14026876418227666,-0.1237282450160772
xgboost,STORE0004,SKU0097,14,1146.0,0.14174362739965096,0.1581639689886663,1.0,11.602728357142857,17.129189492793532,0.1507057241243195,-0.0544008595113438
xgboost,STORE0003,SKU0099,14,1227.0,0.1415912673186634,0.13163083023240232,1.0,12.409463214285713,16.152228581308563,0.13460407482632722,-0.041756905460472706
xgboost,STORE0006,SKU0064,14,1484.0,0.13658225808625335,0.13594158592214164,1.0,14.477719357142856,18.068003864426597,0.13387606152476045,-0.0051976138814016325
xgboost,STORE0009,SKU0097,14,932.0,0.1339181684549356,0.132202188260755,1.0,8.915123785714284,12.542973576126192,0.12775617707003814,0.030004355150214577
xgboost,STORE0001,SKU0033,14,1816.0,0.12782889592511013,0.10531886722571819,1.0,16.58123392857143,27.833771286702515,0.11592703232060962,-0.09154945759911895
xgboost,STORE0010,SKU0045,14,1099.0,0.1238940964513194,0.2254272935234594,1.0,9.725686571428572,14.891970879956032,0.1500209784251736,0.03085305004549592
