date,store_id,sku_id,transformer,xgboost
2024-01-01,STORE0001,SKU0001,104.20539093017578,98.83892059326172
2024-01-01,STORE0001,SKU0002,67.86512756347656,66.85975646972656
2024-01-01,STORE0001,SKU0004,96.26004028320312,93.9712905883789
2024-01-01,STORE0001,SKU0006,108.82786560058594,103.84265899658203
2024-01-01,STORE0001,SKU0007,31.32762908935547,25.45051383972168
2024-01-01,STORE0001,SKU0008,27.031517028808594,26.79070281982422
2024-01-01,STORE0001,SKU0010,39.30092239379883,35.05345153808594
2024-01-01,STORE0001,SKU0011,23.679424285888672,18.89118194580078
2024-01-01,STORE0001,SKU0012,47.681861877441406,46.69688034057617
2024-01-01,STORE0001,SKU0014,60.759498596191406,60.37626647949219
2024-01-01,STORE0001,SKU0015,14.577056884765625,11.172673225402832
2024-01-01,STORE0001,SKU0016,27.162033081054688,25.25113868713379
2024-01-01,STORE0001,SKU0017,103.91763305664062,109.97852325439453
2024-01-01,STORE0001,SKU0018,92.04931640625,94.22415161132812
2024-01-01,STORE0001,SKU0019,18.85430145263672,15.169208526611328
2024-01-01,STORE0001,SKU0020,53.3416862487793,48.1442985534668
2024-01-01,STORE0001,SKU0021,59.21056365966797,61.092533111572266
2024-01-01,STORE0001,SKU0023,72.617431640625,70.3066177368164
2024-01-01,STORE0001,SKU0024,58.62208938598633,49.8838996887207
2024-01-01,STORE0001,SKU0026,90.9414291381836,103.72972106933594
2024-01-01,STORE0001,SKU0027,105.30197143554688,118.40306854248047
2024-01-01,STORE0001,SKU0029,27.27029800415039,37.0604362487793
2024-01-01,STORE0001,SKU0030,40.48896026611328,50.26797103881836
2024-01-01,STORE0001,SKU0031,47.715293884277344,55.648128509521484
2024-01-01,STORE0001,SKU0033,88.86940002441406,110.18624114990234
2024-01-01,STORE0001,SKU0035,150.83419799804688,161.8131561279297
2024-01-01,STORE0001,SKU0036,37.514739990234375,47.60818099975586
2024-01-01,STORE0001,SKU0037,89.64228057861328,99.8672866821289
2024-01-01,STORE0001,SKU0038,82.0911865234375,97.61148071289062
2024-01-01,STORE0001,SKU0039,14.699535369873047,17.29851722717285
2024-01-01,STORE0001,SKU0040,19.889896392822266,22.317834854125977
2024-01-01,STORE0001,SKU0041,74.44306945800781,87.43521118164062
2024-01-01,STORE0001,SKU0042,12.1380615234375,16.644569396972656
2024-01-01,STORE0001,SKU0043,40.57296371459961,49.06507110595703
2024-01-01,STORE0001,SKU0045,57.973548889160156,68.80474853515625
2024-01-01,STORE0001,SKU0046,82.17904663085938,93.161865234375
2024-01-01,STORE0001,SKU0047,67.12969970703125,78.04330444335938
2024-01-01,STORE0001,SKU0048,60.63788604736328,73.35565185546875
2024-01-01,STORE0001,SKU0049,51.90123748779297,49.36228561401367
2024-01-01,STORE0001,SKU0050,19.43178939819336,17.192567825317383
2024-01-01,STORE0001,SKU0051,70.92138671875,66.75828552246094
2024-01-01,STORE0001,SKU0053,34.38506317138672,30.768798828125
2024-01-01,STORE0001,SKU0054,84.01603698730469,79.59500122070312
2024-01-01,STORE0001,SKU0055,16.153553009033203,14.15018081665039
2024-01-01,STORE0001,SKU0056,24.335193634033203,24.135601043701172
2024-01-01,STORE0001,SKU0058,97.92474365234375,94.74945068359375
2024-01-01,STORE0001,SKU0059,26.153640747070312,27.975107192993164
2024-01-01,STORE0001,SKU0060,64.01025390625,59.135719299316406
2024-01-01,STORE0001,SKU0061,97.34791564941406,88.5709457397461
2024-01-01,STORE0001,SKU0062,19.659927368164062,19.567718505859375
2024-01-01,STORE0001,SKU0063,53.50910949707031,52.88661575317383
2024-01-01,STORE0001,SKU0065,59.03945541381836,58.06694030761719
2024-01-01,STORE0001,SKU0066,31.038373947143555,29.352001190185547
2024-01-01,STORE0001,SKU0067,43.15032958984375,39.653282165527344
2024-01-01,STORE0001,SKU0068,44.338462829589844,40.62487030029297
2024-01-01,STORE0001,SKU0069,80.65575408935547,74.3163833618164
2024-01-01,STORE0001,SKU0070,107.2601318359375,97.77421569824219
2024-01-01,STORE0001,SKU0072,40.410274505615234,33.833805084228516
2024-01-01,STORE0001,SKU0073,11.965526580810547,10.513859748840332
2024-01-01,STORE0001,SKU0074,58.47937774658203,54.653846740722656
2024-01-01,STORE0001,SKU0076,33.70785140991211,28.7661190032959
2024-01-01,STORE0001,SKU0077,57.78982162475586,54.58717346191406
2024-01-01,STORE0001,SKU0078,32.19103240966797,31.00952911376953
2024-01-01,STORE0001,SKU0080,80.29135131835938,76.16595458984375
2024-01-01,STORE0001,SKU0081,72.48808288574219,68.58438873291016
2024-01-01,STORE0001,SKU0082,62.641170501708984,64.38530731201172
2024-01-01,STORE0001,SKU0084,27.037567138671875,25.676586151123047
2024-01-01,STORE0001,SKU0086,10.889915466308594,9.0447416305542
2024-01-01,STORE0001,SKU0087,33.79236602783203,31.465566635131836
2024-01-01,STORE0001,SKU0090,23.019756317138672,22.12105369567871
2024-01-01,STORE0001,SKU0092,99.90174865722656,93.48002624511719
2024-01-01,STORE0001,SKU0093,75.0080337524414,72.27092742919922
2024-01-01,STORE0001,SKU0094,65.05321502685547,65.36459350585938
2024-01-01,STORE0001,SKU0095,31.802268981933594,31.569944381713867
2024-01-01,STORE0001,SKU0096,99.48385620117188,93.01165008544922
2024-01-01,STORE0001,SKU0097,71.76522827148438,69.4427719116211
2024-01-01,STORE0001,SKU0098,43.59499740600586,42.01845932006836
2024-01-01,STORE0001,SKU0099,99.73870849609375,90.85687255859375
2024-01-01,STORE0001,SKU0100,88.03433227539062,85.57364654541016
2024-01-01,STORE0001,SKU0101,17.411502838134766,15.44791030883789
2024-01-01,STORE0002,SKU0001,73.1871337890625,80.3951187133789
2024-01-01,STORE0002,SKU0002,49.659908294677734,54.53461456298828
2024-01-01,STORE0002,SKU0003,19.01752471923828,15.806324005126953
2024-01-01,STORE0002,SKU0004,69.25729370117188,73.68511199951172
2024-01-01,STORE0002,SKU0005,57.56663513183594,54.515682220458984
2024-01-01,STORE0002,SKU0006,77.12699890136719,84.19817352294922
2024-01-01,STORE0002,SKU0007,22.703922271728516,21.93857765197754
2024-01-01,STORE0002,SKU0008,19.661415100097656,16.892671585083008
2024-01-01,STORE0002,SKU0009,43.51031494140625,43.51057052612305
2024-01-01,STORE0002,SKU0010,28.51850700378418,24.334531784057617
2024-01-01,STORE0002,SKU0011,17.72039794921875,15.13790225982666
2024-01-01,STORE0002,SKU0012,33.215911865234375,34.972103118896484
2024-01-01,STORE0002,SKU0014,43.54482650756836,44.823829650878906
2024-01-01,STORE0002,SKU0015,12.079761505126953,8.245389938354492
2024-01-01,STORE0002,SKU0016,20.930450439453125,17.636186599731445
2024-01-01,STORE0002,SKU0017,72.15266418457031,67.5532455444336
2024-01-01,STORE0002,SKU0018,65.23914337158203,60.44355010986328
2024-01-01,STORE0002,SKU0019,13.846794128417969,12.031118392944336
2024-01-01,STORE0002,SKU0020,38.064971923828125,40.78824234008789
2024-01-01,STORE0002,SKU0022,70.2223129272461,70.25798797607422
2024-01-01,STORE0002,SKU0023,52.36923599243164,48.39844512939453
2024-01-01,STORE0002,SKU0024,41.65678787231445,43.6546630859375
2024-01-01,STORE0002,SKU0025,20.632064819335938,24.110628128051758
2024-01-01,STORE0002,SKU0026,67.24261474609375,80.65686798095703
2024-01-01,STORE0002,SKU0027,74.25566101074219,96.04398345947266
2024-01-01,STORE0002,SKU0028,73.83845520019531,88.59683227539062
2024-01-01,STORE0002,SKU0030,29.443233489990234,41.938777923583984
2024-01-01,STORE0002,SKU0031,35.01708984375,44.899200439453125
2024-01-01,STORE0002,SKU0032,43.84371566772461,51.1816520690918
2024-01-01,STORE0002,SKU0033,61.53678512573242,82.45394897460938
2024-01-01,STORE0002,SKU0034,85.20403289794922,109.52330780029297
2024-01-01,STORE0002,SKU0036,28.40876007080078,32.19841003417969
2024-01-01,STORE0002,SKU0037,65.32147979736328,79.1949462890625
2024-01-01,STORE0002,SKU0038,58.56442642211914,75.89714050292969
2024-01-01,STORE0002,SKU0039,11.775634765625,11.867323875427246
2024-01-01,STORE0002,SKU0040,15.090713500976562,17.732595443725586
2024-01-01,STORE0002,SKU0041,54.04447937011719,70.04508972167969
2024-01-01,STORE0002,SKU0042,9.468925476074219,12.047239303588867
2024-01-01,STORE0002,SKU0043,29.473682403564453,39.06962203979492
2024-01-01,STORE0002,SKU0044,53.49176025390625,68.2072525024414
2024-01-01,STORE0002,SKU0046,58.36452865600586,77.5917739868164
2024-01-01,STORE0002,SKU0048,42.40251922607422,49.899051666259766
2024-01-01,STORE0002,SKU0051,51.8488883972168,50.6285285949707
2024-01-01,STORE0002,SKU0052,42.6087646484375,41.96124267578125
2024-01-01,STORE0002,SKU0054,60.2888069152832,62.98933792114258
2024-01-01,STORE0002,SKU0055,12.658832550048828,10.920138359069824
2024-01-01,STORE0002,SKU0056,18.599925994873047,17.07281494140625
2024-01-01,STORE0002,SKU0058,70.37239074707031,72.71060943603516
2024-01-01,STORE0002,SKU0059,20.29220199584961,19.10246467590332
2024-01-01,STORE0002,SKU0060,46.551025390625,42.05390167236328
2024-01-01,STORE0002,SKU0062,15.415496826171875,13.542675018310547
2024-01-01,STORE0002,SKU0063,38.43385696411133,33.86334991455078
2024-01-01,STORE0002,SKU0064,69.54757690429688,71.37828826904297
2024-01-01,STORE0002,SKU0065,42.184234619140625,41.70908737182617
2024-01-01,STORE0002,SKU0066,24.268932342529297,20.11355209350586
2024-01-01,STORE0002,SKU0069,58.38452911376953,58.32767868041992
2024-01-01,STORE0002,SKU0070,77.94588470458984,85.51534271240234
2024-01-01,STORE0002,SKU0071,25.27471923828125,23.409683227539062
2024-01-01,STORE0002,SKU0073,9.44974136352539,7.778541088104248
2024-01-01,STORE0002,SKU0074,41.381736755371094,46.50215148925781
2024-01-01,STORE0002,SKU0075,27.15111541748047,25.549345016479492
2024-01-01,STORE0002,SKU0078,24.693626403808594,21.284578323364258
2024-01-01,STORE0002,SKU0079,60.783775329589844,58.42641067504883
2024-01-01,STORE0002,SKU0081,51.724876403808594,52.94857406616211
2024-01-01,STORE0002,SKU0082,45.21413803100586,43.681800842285156
2024-01-01,STORE0002,SKU0083,65.33658599853516,68.1193618774414
2024-01-01,STORE0002,SKU0084,20.824806213378906,18.99600601196289
2024-01-01,STORE0002,SKU0086,8.614704132080078,6.458286285400391
2024-01-01,STORE0002,SKU0087,25.55697250366211,20.046491622924805
2024-01-01,STORE0002,SKU0088,20.498825073242188,19.27031707763672
2024-01-01,STORE0002,SKU0089,34.45945739746094,33.20616912841797
2024-01-01,STORE0002,SKU0090,17.667945861816406,14.817461013793945
2024-01-01,STORE0002,SKU0092,69.99923706054688,71.9217758178711
2024-01-01,STORE0002,SKU0093,54.003108978271484,55.319522857666016
2024-01-01,STORE0002,SKU0096,70.28208923339844,69.52655792236328
2024-01-01,STORE0002,SKU0097,52.67679977416992,50.17342758178711
2024-01-01,STORE0002,SKU0098,31.700286865234375,29.80974769592285
2024-01-01,STORE0002,SKU0099,71.45840454101562,66.59078979492188
2024-01-01,STORE0002,SKU0101,13.246315002441406,11.907851219177246
2024-01-01,STORE0002,SKU0102,71.94039916992188,77.49559020996094
2024-01-01,STORE0003,SKU0001,73.61458587646484,81.2842788696289
2024-01-01,STORE0003,SKU0003,18.293121337890625,17.280250549316406
2024-01-01,STORE0003,SKU0004,69.06243896484375,66.55332946777344
2024-01-01,STORE0003,SKU0005,57.65423583984375,57.84950637817383
2024-01-01,STORE0003,SKU0006,76.77007293701172,76.65243530273438
2024-01-01,STORE0003,SKU0007,22.412609100341797,22.20577621459961
2024-01-01,STORE0003,SKU0008,19.244522094726562,18.704042434692383
2024-01-01,STORE0003,SKU0009,43.399627685546875,44.5538330078125
2024-01-01,STORE0003,SKU0010,28.015438079833984,24.54714584350586
2024-01-01,STORE0003,SKU0011,17.229660034179688,15.475162506103516
2024-01-01,STORE0003,SKU0012,32.823951721191406,33.24810791015625
2024-01-01,STORE0003,SKU0013,61.129634857177734,57.014129638671875
2024-01-01,STORE0003,SKU0014,43.367923736572266,46.04326248168945
2024-01-01,STORE0003,SKU0015,11.108955383300781,8.46205997467041
2024-01-01,STORE0003,SKU0016,20.30211639404297,16.603927612304688
2024-01-01,STORE0003,SKU0019,13.31491470336914,11.647838592529297
2024-01-01,STORE0003,SKU0020,37.61701965332031,38.72676086425781
2024-01-01,STORE0003,SKU0021,40.50413513183594,41.72814178466797
2024-01-01,STORE0003,SKU0022,70.1825942993164,71.70105743408203
2024-01-01,STORE0003,SKU0023,52.24674987792969,54.48974609375
2024-01-01,STORE0003,SKU0024,41.33235168457031,42.95180130004883
2024-01-01,STORE0003,SKU0025,19.67235565185547,23.631484985351562
2024-01-01,STORE0003,SKU0026,66.21623992919922,76.2419204711914
2024-01-01,STORE0003,SKU0028,73.76256561279297,92.22700500488281
2024-01-01,STORE0003,SKU0030,28.86273765563965,38.04344940185547
2024-01-01,STORE0003,SKU0031,35.25444412231445,42.835418701171875
2024-01-01,STORE0003,SKU0033,62.09716796875,85.89163970947266
2024-01-01,STORE0003,SKU0035,109.60509490966797,140.017822265625
2024-01-01,STORE0003,SKU0037,67.06476593017578,83.4276351928711
2024-01-01,STORE0003,SKU0039,10.818073272705078,12.295575141906738
2024-01-01,STORE0003,SKU0040,14.300025939941406,16.011451721191406
2024-01-01,STORE0003,SKU0041,53.874141693115234,66.20294189453125
2024-01-01,STORE0003,SKU0042,8.553760528564453,12.299200057983398
2024-01-01,STORE0003,SKU0043,28.930593490600586,36.60198974609375
2024-01-01,STORE0003,SKU0044,52.630340576171875,66.62711334228516
2024-01-01,STORE0003,SKU0045,40.72084045410156,54.7988395690918
2024-01-01,STORE0003,SKU0046,58.195430755615234,74.02730560302734
2024-01-01,STORE0003,SKU0047,47.26180648803711,60.88715744018555
2024-01-01,STORE0003,SKU0048,41.58734130859375,54.73504638671875
2024-01-01,STORE0003,SKU0049,35.960601806640625,33.84248352050781
2024-01-01,STORE0003,SKU0050,13.842689514160156,12.915718078613281
2024-01-01,STORE0003,SKU0051,51.3609733581543,51.024749755859375
2024-01-01,STORE0003,SKU0052,42.069400787353516,40.96122741699219
2024-01-01,STORE0003,SKU0053,24.901165008544922,25.326194763183594
2024-01-01,STORE0003,SKU0054,60.28704071044922,64.21643829345703
2024-01-01,STORE0003,SKU0055,11.849224090576172,10.46211051940918
2024-01-01,STORE0003,SKU0056,17.87530517578125,16.367382049560547
2024-01-01,STORE0003,SKU0058,70.27207946777344,68.58798217773438
2024-01-01,STORE0003,SKU0060,45.77980422973633,45.45122146606445
2024-01-01,STORE0003,SKU0061,69.56056213378906,76.91971588134766
2024-01-01,STORE0003,SKU0062,14.576183319091797,13.329721450805664
2024-01-01,STORE0003,SKU0063,37.651859283447266,38.841888427734375
2024-01-01,STORE0003,SKU0064,69.33892822265625,69.71837615966797
2024-01-01,STORE0003,SKU0065,41.427310943603516,39.208740234375
2024-01-01,STORE0003,SKU0066,23.487594604492188,20.916671752929688
2024-01-01,STORE0003,SKU0067,31.34645652770996,29.925649642944336
2024-01-01,STORE0003,SKU0068,31.040010452270508,31.878538131713867
2024-01-01,STORE0003,SKU0069,58.07387161254883,59.2695426940918
2024-01-01,STORE0003,SKU0070,77.01493072509766,77.33838653564453
2024-01-01,STORE0003,SKU0071,24.84539031982422,24.802024841308594
2024-01-01,STORE0003,SKU0073,8.633533477783203,7.833622455596924
2024-01-01,STORE0003,SKU0075,26.153236389160156,27.283775329589844
2024-01-01,STORE0003,SKU0076,24.10015106201172,22.46422004699707
2024-01-01,STORE0003,SKU0077,39.78152084350586,41.06665802001953
2024-01-01,STORE0003,SKU0082,44.541534423828125,41.519256591796875
2024-01-01,STORE0003,SKU0084,19.984912872314453,20.313859939575195
2024-01-01,STORE0003,SKU0086,7.736545562744141,6.498474597930908
2024-01-01,STORE0003,SKU0087,24.894256591796875,21.582618713378906
2024-01-01,STORE0003,SKU0088,19.6737060546875,17.332073211669922
2024-01-01,STORE0003,SKU0089,33.4244384765625,34.5777473449707
2024-01-01,STORE0003,SKU0091,14.929424285888672,12.998318672180176
2024-01-01,STORE0003,SKU0092,70.36329650878906,65.92280578613281
2024-01-01,STORE0003,SKU0093,53.22441864013672,56.25936508178711
2024-01-01,STORE0003,SKU0094,46.04783630371094,44.83070373535156
2024-01-01,STORE0003,SKU0095,24.274757385253906,22.193326950073242
2024-01-01,STORE0003,SKU0096,69.35620880126953,69.673095703125
2024-01-01,STORE0003,SKU0097,52.24610137939453,51.6656379699707
2024-01-01,STORE0003,SKU0099,71.58193969726562,76.81047058105469
2024-01-01,STORE0003,SKU0100,63.85762023925781,70.48789978027344
2024-01-01,STORE0003,SKU0101,12.641090393066406,11.839198112487793
2024-01-01,STORE0004,SKU0001,104.01589965820312,98.72506713867188
2024-01-01,STORE0004,SKU0002,68.44591522216797,69.92984008789062
2024-01-01,STORE0004,SKU0003,24.132335662841797,23.150123596191406
2024-01-01,STORE0004,SKU0005,78.72115325927734,77.29780578613281
2024-01-01,STORE0004,SKU0007,30.916419982910156,28.743877410888672
2024-01-01,STORE0004,SKU0008,26.702190399169922,25.546741485595703
2024-01-01,STORE0004,SKU0009,61.409549713134766,60.20534896850586
2024-01-01,STORE0004,SKU0012,46.89753341674805,47.4481201171875
2024-01-01,STORE0004,SKU0013,86.60113525390625,90.87627410888672
2024-01-01,STORE0004,SKU0014,61.058929443359375,60.4270133972168
2024-01-01,STORE0004,SKU0015,14.709724426269531,12.080422401428223
2024-01-01,STORE0004,SKU0017,104.16697692871094,113.57259368896484
2024-01-01,STORE0004,SKU0018,91.58039855957031,88.12479400634766
2024-01-01,STORE0004,SKU0019,19.000823974609375,16.772296905517578
2024-01-01,STORE0004,SKU0020,53.08052444458008,56.0698127746582
2024-01-01,STORE0004,SKU0021,58.43468475341797,61.16222381591797
2024-01-01,STORE0004,SKU0023,73.71900939941406,70.02003479003906
2024-01-01,STORE0004,SKU0024,58.757896423339844,64.84064483642578
2024-01-01,STORE0004,SKU0025,26.79894256591797,29.465476989746094
2024-01-01,STORE0004,SKU0026,92.34405517578125,104.21174621582031
2024-01-01,STORE0004,SKU0027,104.5547103881836,120.72834014892578
2024-01-01,STORE0004,SKU0028,104.50053405761719,114.62969970703125
2024-01-01,STORE0004,SKU0029,27.48710823059082,35.430450439453125
2024-01-01,STORE0004,SKU0031,48.56275939941406,55.61704635620117
2024-01-01,STORE0004,SKU0032,63.520538330078125,75.21832275390625
2024-01-01,STORE0004,SKU0033,86.65523529052734,104.18355560302734
2024-01-01,STORE0004,SKU0034,127.76380920410156,139.8376007080078
2024-01-01,STORE0004,SKU0035,153.64772033691406,171.39453125
2024-01-01,STORE0004,SKU0036,38.24073028564453,47.29625701904297
2024-01-01,STORE0004,SKU0037,90.7719497680664,115.53804779052734
2024-01-01,STORE0004,SKU0038,81.39055633544922,113.4040298461914
2024-01-01,STORE0004,SKU0039,14.804481506347656,17.170717239379883
2024-01-01,STORE0004,SKU0040,19.960895538330078,25.84785270690918
2024-01-01,STORE0004,SKU0041,73.91046905517578,84.7892837524414
2024-01-01,STORE0004,SKU0045,57.51817321777344,68.47777557373047
2024-01-01,STORE0004,SKU0046,81.8968734741211,98.69932556152344
2024-01-01,STORE0004,SKU0047,66.4603271484375,76.4735107421875
2024-01-01,STORE0004,SKU0048,58.779380798339844,71.64608764648438
2024-01-01,STORE0004,SKU0049,51.371498107910156,49.90574645996094
2024-01-01,STORE0004,SKU0050,19.791545867919922,17.12955093383789
2024-01-01,STORE0004,SKU0051,71.96029663085938,74.04507446289062
2024-01-01,STORE0004,SKU0052,58.48788833618164,57.67710494995117
2024-01-01,STORE0004,SKU0053,34.37675857543945,33.00056838989258
2024-01-01,STORE0004,SKU0054,82.45222473144531,74.00828552246094
2024-01-01,STORE0004,SKU0055,16.25478744506836,14.860627174377441
2024-01-01,STORE0004,SKU0056,24.215511322021484,24.896791458129883
2024-01-01,STORE0004,SKU0057,89.23834228515625,89.02191162109375
2024-01-01,STORE0004,SKU0058,96.68406677246094,92.00985717773438
2024-01-01,STORE0004,SKU0060,63.08556365966797,59.41162872314453
2024-01-01,STORE0004,SKU0061,98.47175598144531,96.883544921875
2024-01-01,STORE0004,SKU0062,19.90496826171875,18.780550003051758
2024-01-01,STORE0004,SKU0063,54.229530334472656,52.04124069213867
2024-01-01,STORE0004,SKU0064,95.0455322265625,90.50951385498047
2024-01-01,STORE0004,SKU0065,58.7763786315918,55.478458404541016
2024-01-01,STORE0004,SKU0066,31.029539108276367,28.607725143432617
2024-01-01,STORE0004,SKU0068,44.10509490966797,37.87602233886719
2024-01-01,STORE0004,SKU0070,106.37651824951172,101.5018539428711
2024-01-01,STORE0004,SKU0071,34.654056549072266,30.150571823120117
2024-01-01,STORE0004,SKU0072,40.231910705566406,36.92804718017578
2024-01-01,STORE0004,SKU0075,35.21569061279297,35.754180908203125
2024-01-01,STORE0004,SKU0076,33.356117248535156,29.39432716369629
2024-01-01,STORE0004,SKU0077,57.47074508666992,59.28829574584961
2024-01-01,STORE0004,SKU0078,31.79307746887207,31.978412628173828
2024-01-01,STORE0004,SKU0079,84.54096984863281,85.27725219726562
2024-01-01,STORE0004,SKU0081,72.16322326660156,74.70301818847656
2024-01-01,STORE0004,SKU0085,65.32160949707031,65.14791870117188
2024-01-01,STORE0004,SKU0087,33.58209991455078,31.47266387939453
2024-01-01,STORE0004,SKU0088,26.19176483154297,23.142059326171875
2024-01-01,STORE0004,SKU0090,22.78594207763672,19.84022331237793
2024-01-01,STORE0004,SKU0091,20.546913146972656,20.352479934692383
2024-01-01,STORE0004,SKU0092,100.41023254394531,90.61343383789062
2024-01-01,STORE0004,SKU0093,74.5450668334961,78.88967895507812
2024-01-01,STORE0004,SKU0095,31.860931396484375,32.2603759765625
2024-01-01,STORE0004,SKU0096,98.80181884765625,95.47871398925781
2024-01-01,STORE0004,SKU0097,70.96879577636719,73.91564178466797
2024-01-01,STORE0004,SKU0098,42.85126495361328,39.21846389770508
2024-01-01,STORE0004,SKU0099,99.24730682373047,89.45838165283203
2024-01-01,STORE0004,SKU0100,88.61965942382812,89.61543273925781
2024-01-01,STORE0004,SKU0101,17.870052337646484,15.493353843688965
2024-01-01,STORE0004,SKU0102,101.15252685546875,96.95963287353516
2024-01-01,STORE0005,SKU0001,104.88592529296875,96.99895477294922
2024-01-01,STORE0005,SKU0002,68.51995086669922,64.8721923828125
2024-01-01,STORE0005,SKU0003,24.780170440673828,22.10245704650879
2024-01-01,STORE0005,SKU0004,95.83526611328125,95.63111114501953
2024-01-01,STORE0005,SKU0005,80.87815856933594,72.41211700439453
2024-01-01,STORE0005,SKU0006,109.78707885742188,118.53656005859375
2024-01-01,STORE0005,SKU0007,31.73023223876953,30.54634666442871
2024-01-01,STORE0005,SKU0009,61.62692642211914,63.35700225830078
2024-01-01,STORE0005,SKU0010,39.64286804199219,33.89950942993164
2024-01-01,STORE0005,SKU0011,23.880699157714844,20.876768112182617
2024-01-01,STORE0005,SKU0012,47.427001953125,44.762508392333984
2024-01-01,STORE0005,SKU0013,85.70283508300781,81.5940170288086
2024-01-01,STORE0005,SKU0014,61.5963134765625,54.81129837036133
2024-01-01,STORE0005,SKU0015,14.816001892089844,11.66464900970459
2024-01-01,STORE0005,SKU0016,27.58209228515625,24.476579666137695
2024-01-01,STORE0005,SKU0018,92.04688262939453,83.57433319091797
2024-01-01,STORE0005,SKU0019,19.078243255615234,15.8834867477417
2024-01-01,STORE0005,SKU0020,53.73188781738281,51.54895782470703
2024-01-01,STORE0005,SKU0021,58.04081726074219,57.718692779541016
2024-01-01,STORE0005,SKU0022,101.13227844238281,95.83423614501953
2024-01-01,STORE0005,SKU0023,73.381591796875,66.9635009765625
2024-01-01,STORE0005,SKU0026,90.99146270751953,97.4639892578125
2024-01-01,STORE0005,SKU0027,104.55331420898438,116.04542541503906
2024-01-01,STORE0005,SKU0028,105.60255432128906,123.4565200805664
2024-01-01,STORE0005,SKU0031,48.00421905517578,57.324790954589844
2024-01-01,STORE0005,SKU0033,84.13566589355469,99.36693572998047
2024-01-01,STORE0005,SKU0034,124.94697570800781,129.88662719726562
2024-01-01,STORE0005,SKU0035,146.27589416503906,159.41085815429688
2024-01-01,STORE0005,SKU0036,36.79679489135742,48.275814056396484
2024-01-01,STORE0005,SKU0038,82.34375762939453,102.42268371582031
2024-01-01,STORE0005,SKU0039,14.896465301513672,18.811344146728516
2024-01-01,STORE0005,SKU0040,20.211685180664062,22.385547637939453
2024-01-01,STORE0005,SKU0041,74.73737335205078,80.73042297363281
2024-01-01,STORE0005,SKU0043,41.64509582519531,47.810916900634766
2024-01-01,STORE0005,SKU0045,57.72563171386719,63.037471771240234
2024-01-01,STORE0005,SKU0048,59.68037033081055,67.2795181274414
2024-01-01,STORE0005,SKU0049,52.39073181152344,50.400691986083984
2024-01-01,STORE0005,SKU0050,19.527847290039062,16.807941436767578
2024-01-01,STORE0005,SKU0051,72.42650604248047,77.67151641845703
2024-01-01,STORE0005,SKU0052,60.187129974365234,55.81158447265625
2024-01-01,STORE0005,SKU0053,35.00270080566406,31.26692008972168
2024-01-01,STORE0005,SKU0054,83.47314453125,81.35134887695312
2024-01-01,STORE0005,SKU0055,16.46068572998047,14.619799613952637
2024-01-01,STORE0005,SKU0056,24.554244995117188,24.445493698120117
2024-01-01,STORE0005,SKU0057,89.4571533203125,90.40361785888672
2024-01-01,STORE0005,SKU0058,98.44993591308594,91.94518280029297
2024-01-01,STORE0005,SKU0060,64.11600494384766,64.23693084716797
2024-01-01,STORE0005,SKU0062,19.79964828491211,18.0579891204834
2024-01-01,STORE0005,SKU0063,54.076961517333984,50.526023864746094
2024-01-01,STORE0005,SKU0064,97.01327514648438,92.31800842285156
2024-01-01,STORE0005,SKU0066,31.45970344543457,25.778907775878906
2024-01-01,STORE0005,SKU0067,43.87485885620117,43.14438247680664
2024-01-01,STORE0005,SKU0068,44.5635986328125,40.980186462402344
2024-01-01,STORE0005,SKU0070,108.51893615722656,98.90116882324219
2024-01-01,STORE0005,SKU0071,35.1826171875,30.974515914916992
2024-01-01,STORE0005,SKU0072,40.772865295410156,38.9237060546875
2024-01-01,STORE0005,SKU0073,12.1075439453125,9.703535079956055
2024-01-01,STORE0005,SKU0074,58.63095474243164,57.0994873046875
2024-01-01,STORE0005,SKU0075,36.04176330566406,36.907230377197266
2024-01-01,STORE0005,SKU0076,33.806312561035156,28.652236938476562
2024-01-01,STORE0005,SKU0077,57.99946975708008,52.13870620727539
2024-01-01,STORE0005,SKU0079,85.33827209472656,77.8182373046875
2024-01-01,STORE0005,SKU0080,81.03565216064453,75.02861022949219
2024-01-01,STORE0005,SKU0081,72.10004425048828,68.5235595703125
2024-01-01,STORE0005,SKU0082,63.631107330322266,66.52156829833984
2024-01-01,STORE0005,SKU0083,91.0767822265625,85.657470703125
2024-01-01,STORE0005,SKU0084,27.439245223999023,22.77182388305664
2024-01-01,STORE0005,SKU0085,67.2889633178711,72.37262725830078
2024-01-01,STORE0005,SKU0086,10.993160247802734,8.305583000183105
2024-01-01,STORE0005,SKU0087,34.04304504394531,29.979413986206055
2024-01-01,STORE0005,SKU0088,26.613914489746094,23.647794723510742
2024-01-01,STORE0005,SKU0089,48.72438049316406,49.144989013671875
2024-01-01,STORE0005,SKU0091,20.725826263427734,17.659526824951172
2024-01-01,STORE0005,SKU0094,66.27799224853516,68.38188171386719
2024-01-01,STORE0005,SKU0095,32.73621368408203,33.0894889831543
2024-01-01,STORE0005,SKU0096,99.37911987304688,95.4978256225586
2024-01-01,STORE0005,SKU0098,44.2720832824707,44.543758392333984
2024-01-01,STORE0005,SKU0100,88.6568603515625,85.07511138916016
2024-01-01,STORE0005,SKU0101,17.553081512451172,14.583683013916016
2024-01-01,STORE0005,SKU0102,100.68942260742188,97.6483383178711
2024-01-01,STORE0006,SKU0001,104.72381591796875,100.07058715820312
2024-01-01,STORE0006,SKU0003,24.487224578857422,20.8946590423584
2024-01-01,STORE0006,SKU0004,95.15826416015625,92.71659088134766
2024-01-01,STORE0006,SKU0005,79.2762451171875,75.59004974365234
2024-01-01,STORE0006,SKU0006,108.3346176147461,110.85716247558594
2024-01-01,STORE0006,SKU0007,31.589696884155273,28.74226188659668
2024-01-01,STORE0006,SKU0008,26.972667694091797,24.812408447265625
2024-01-01,STORE0006,SKU0009,60.967140197753906,56.351314544677734
2024-01-01,STORE0006,SKU0010,39.023658752441406,35.56206512451172
2024-01-01,STORE0006,SKU0011,24.070831298828125,20.2017879486084
2024-01-01,STORE0006,SKU0012,47.29340744018555,40.01498794555664
2024-01-01,STORE0006,SKU0013,85.5224380493164,93.07263946533203
2024-01-01,STORE0006,SKU0017,104.68540954589844,105.10139465332031
2024-01-01,STORE0006,SKU0018,91.84343719482422,84.48866271972656
2024-01-01,STORE0006,SKU0019,19.406375885009766,16.388505935668945
2024-01-01,STORE0006,SKU0020,53.69074630737305,51.27677917480469
2024-01-01,STORE0006,SKU0021,57.5510368347168,51.15865707397461
2024-01-01,STORE0006,SKU0022,99.35043334960938,94.2829360961914
2024-01-01,STORE0006,SKU0023,73.52037811279297,69.92131042480469
2024-01-01,STORE0006,SKU0025,27.453811645507812,33.67972183227539
2024-01-01,STORE0006,SKU0026,92.04188537597656,102.57254028320312
2024-01-01,STORE0006,SKU0028,105.1015625,116.14574432373047
2024-01-01,STORE0006,SKU0029,27.47262954711914,34.11324691772461
2024-01-01,STORE0006,SKU0030,40.9346923828125,51.91580581665039
2024-01-01,STORE0006,SKU0031,49.20146560668945,58.97386169433594
2024-01-01,STORE0006,SKU0032,64.14754486083984,74.38540649414062
2024-01-01,STORE0006,SKU0033,88.25959014892578,109.61239624023438
2024-01-01,STORE0006,SKU0034,128.7704315185547,132.2905731201172
2024-01-01,STORE0006,SKU0035,159.0689697265625,156.48716735839844
2024-01-01,STORE0006,SKU0036,37.37884521484375,44.06049346923828
2024-01-01,STORE0006,SKU0037,91.26342010498047,104.32540130615234
2024-01-01,STORE0006,SKU0038,81.66650390625,101.07821655273438
2024-01-01,STORE0006,SKU0039,14.777664184570312,16.866369247436523
2024-01-01,STORE0006,SKU0040,19.897686004638672,25.749515533447266
2024-01-01,STORE0006,SKU0041,74.64656066894531,85.60075378417969
2024-01-01,STORE0006,SKU0042,12.32387924194336,16.252544403076172
2024-01-01,STORE0006,SKU0044,74.75021362304688,89.92326354980469
2024-01-01,STORE0006,SKU0045,57.508056640625,69.53472137451172
2024-01-01,STORE0006,SKU0046,81.41959381103516,91.69857025146484
2024-01-01,STORE0006,SKU0047,66.42870330810547,83.27131652832031
2024-01-01,STORE0006,SKU0048,60.37630844116211,71.1330337524414
2024-01-01,STORE0006,SKU0050,19.74565887451172,16.80013656616211
2024-01-01,STORE0006,SKU0052,60.25572967529297,59.2828254699707
2024-01-01,STORE0006,SKU0053,34.646026611328125,30.067962646484375
2024-01-01,STORE0006,SKU0054,82.37359619140625,87.0060043334961
2024-01-01,STORE0006,SKU0055,16.472286224365234,15.612713813781738
2024-01-01,STORE0006,SKU0056,24.165889739990234,23.341806411743164
2024-01-01,STORE0006,SKU0057,88.80804443359375,89.39410400390625
2024-01-01,STORE0006,SKU0058,97.34223175048828,96.8778076171875
2024-01-01,STORE0006,SKU0060,64.19924926757812,60.15304946899414
2024-01-01,STORE0006,SKU0063,54.213340759277344,47.16131591796875
2024-01-01,STORE0006,SKU0064,98.2213134765625,93.99502563476562
2024-01-01,STORE0006,SKU0065,59.48834228515625,59.409019470214844
2024-01-01,STORE0006,SKU0066,31.303592681884766,31.22907066345215
2024-01-01,STORE0006,SKU0067,43.30238723754883,37.465049743652344
2024-01-01,STORE0006,SKU0069,79.91514587402344,77.39090728759766
2024-01-01,STORE0006,SKU0070,105.31097412109375,98.31629180908203
2024-01-01,STORE0006,SKU0071,34.81190490722656,30.48488998413086
2024-01-01,STORE0006,SKU0072,40.5768928527832,33.82619094848633
2024-01-01,STORE0006,SKU0073,12.292778015136719,10.53632926940918
2024-01-01,STORE0006,SKU0075,35.81053161621094,38.0570182800293
2024-01-01,STORE0006,SKU0076,33.76600646972656,27.668123245239258
2024-01-01,STORE0006,SKU0077,58.4098014831543,57.79090118408203
2024-01-01,STORE0006,SKU0081,72.04963684082031,66.63549041748047
2024-01-01,STORE0006,SKU0084,27.093425750732422,28.616003036499023
2024-01-01,STORE0006,SKU0085,66.67691802978516,72.8670883178711
2024-01-01,STORE0006,SKU0087,33.582275390625,27.16205596923828
2024-01-01,STORE0006,SKU0088,26.23825454711914,24.347383499145508
2024-01-01,STORE0006,SKU0090,22.96194076538086,19.577173233032227
2024-01-01,STORE0006,SKU0091,20.55150604248047,16.4979248046875
2024-01-01,STORE0006,SKU0092,99.89274597167969,91.93775939941406
2024-01-01,STORE0006,SKU0094,64.85486602783203,69.24284362792969
2024-01-01,STORE0006,SKU0095,32.09103012084961,29.00442886352539
2024-01-01,STORE0006,SKU0096,99.63911437988281,96.52047729492188
2024-01-01,STORE0006,SKU0097,72.3309326171875,74.8121566772461
2024-01-01,STORE0006,SKU0098,43.56592559814453,38.793067932128906
2024-01-01,STORE0006,SKU0099,99.50599670410156,87.56648254394531
2024-01-01,STORE0006,SKU0100,89.10693359375,88.4869155883789
2024-01-01,STORE0006,SKU0101,17.743980407714844,15.023924827575684
2024-01-01,STORE0006,SKU0102,99.52914428710938,88.27599334716797
2024-01-01,STORE0007,SKU0001,73.5799331665039,84.01350402832031
2024-01-01,STORE0007,SKU0002,49.75318145751953,49.31777572631836
2024-01-01,STORE0007,SKU0003,18.942134857177734,17.069673538208008
2024-01-01,STORE0007,SKU0004,69.3991928100586,68.2979507446289
2024-01-01,STORE0007,SKU0006,77.40715789794922,68.85426330566406
2024-01-01,STORE0007,SKU0008,19.79071807861328,17.734392166137695
2024-01-01,STORE0007,SKU0009,43.81843566894531,44.245208740234375
2024-01-01,STORE0007,SKU0011,17.71623992919922,14.122601509094238
2024-01-01,STORE0007,SKU0012,33.32625198364258,31.104019165039062
2024-01-01,STORE0007,SKU0013,61.21990203857422,61.76008224487305
2024-01-01,STORE0007,SKU0015,11.79302978515625,7.75261926651001
2024-01-01,STORE0007,SKU0016,20.92938995361328,20.2735595703125
2024-01-01,STORE0007,SKU0018,65.63844299316406,65.67822265625
2024-01-01,STORE0007,SKU0020,38.18678283691406,37.40309524536133
2024-01-01,STORE0007,SKU0022,70.88765716552734,72.79362487792969
2024-01-01,STORE0007,SKU0023,52.71514129638672,55.975921630859375
2024-01-01,STORE0007,SKU0024,41.698463439941406,42.989593505859375
2024-01-01,STORE0007,SKU0025,20.363727569580078,24.12677764892578
2024-01-01,STORE0007,SKU0026,67.24708557128906,73.29330444335938
2024-01-01,STORE0007,SKU0027,73.8726806640625,95.84700012207031
2024-01-01,STORE0007,SKU0028,74.1156005859375,93.19644927978516
2024-01-01,STORE0007,SKU0029,20.949398040771484,25.067035675048828
2024-01-01,STORE0007,SKU0030,29.511198043823242,38.026268005371094
2024-01-01,STORE0007,SKU0031,35.947044372558594,43.278011322021484
2024-01-01,STORE0007,SKU0032,43.784507751464844,56.48134231567383
2024-01-01,STORE0007,SKU0034,90.8830795288086,111.76372528076172
2024-01-01,STORE0007,SKU0035,110.44291687011719,134.7847137451172
2024-01-01,STORE0007,SKU0036,28.938648223876953,32.65791320800781
2024-01-01,STORE0007,SKU0037,65.9941635131836,82.64116668701172
2024-01-01,STORE0007,SKU0038,58.836978912353516,81.41897583007812
2024-01-01,STORE0007,SKU0039,11.368549346923828,13.195825576782227
2024-01-01,STORE0007,SKU0040,14.905776977539062,17.659820556640625
2024-01-01,STORE0007,SKU0043,29.259241104125977,35.79904556274414
2024-01-01,STORE0007,SKU0044,53.56342697143555,68.92949676513672
2024-01-01,STORE0007,SKU0045,40.985755920410156,51.89393615722656
2024-01-01,STORE0007,SKU0046,58.3151969909668,75.99825286865234
2024-01-01,STORE0007,SKU0047,47.97405242919922,66.56712341308594
2024-01-01,STORE0007,SKU0048,42.03995895385742,50.06229019165039
2024-01-01,STORE0007,SKU0049,37.086238861083984,38.06602096557617
2024-01-01,STORE0007,SKU0050,14.562477111816406,12.172478675842285
2024-01-01,STORE0007,SKU0053,25.32854461669922,25.303306579589844
2024-01-01,STORE0007,SKU0055,12.468914031982422,10.380146026611328
2024-01-01,STORE0007,SKU0056,18.545745849609375,16.89699363708496
2024-01-01,STORE0007,SKU0058,70.86481475830078,71.367431640625
2024-01-01,STORE0007,SKU0059,20.00606918334961,18.34526252746582
2024-01-01,STORE0007,SKU0060,46.76590347290039,49.580230712890625
2024-01-01,STORE0007,SKU0061,69.58686828613281,66.72789764404297
2024-01-01,STORE0007,SKU0062,15.372085571289062,13.362532615661621
2024-01-01,STORE0007,SKU0063,38.27509307861328,39.986572265625
2024-01-01,STORE0007,SKU0065,41.998443603515625,41.338951110839844
2024-01-01,STORE0007,SKU0066,24.15667724609375,20.116592407226562
2024-01-01,STORE0007,SKU0067,31.796457290649414,29.510210037231445
2024-01-01,STORE0007,SKU0068,31.884180068969727,31.22071075439453
2024-01-01,STORE0007,SKU0072,29.38213348388672,26.52871322631836
2024-01-01,STORE0007,SKU0073,9.273151397705078,7.768215656280518
2024-01-01,STORE0007,SKU0074,41.44325637817383,41.742122650146484
2024-01-01,STORE0007,SKU0075,26.720577239990234,26.57522964477539
2024-01-01,STORE0007,SKU0076,24.77376937866211,22.614198684692383
2024-01-01,STORE0007,SKU0078,24.61798858642578,22.873952865600586
2024-01-01,STORE0007,SKU0079,60.6942253112793,60.2791748046875
2024-01-01,STORE0007,SKU0080,57.55050277709961,50.8873405456543
2024-01-01,STORE0007,SKU0081,51.772640228271484,49.709266662597656
2024-01-01,STORE0007,SKU0082,45.77135467529297,49.73897171020508
2024-01-01,STORE0007,SKU0083,65.16551971435547,65.3927993774414
2024-01-01,STORE0007,SKU0084,20.49207305908203,16.07649040222168
2024-01-01,STORE0007,SKU0085,48.6492805480957,48.32084274291992
2024-01-01,STORE0007,SKU0086,8.45273208618164,6.510561943054199
2024-01-01,STORE0007,SKU0087,25.533893585205078,21.601882934570312
2024-01-01,STORE0007,SKU0088,20.34585189819336,17.313751220703125
2024-01-01,STORE0007,SKU0089,34.045223236083984,31.597951889038086
2024-01-01,STORE0007,SKU0090,17.56982421875,15.760452270507812
2024-01-01,STORE0007,SKU0093,53.91431427001953,52.136199951171875
2024-01-01,STORE0007,SKU0094,46.24382400512695,44.714942932128906
2024-01-01,STORE0007,SKU0096,70.39590454101562,72.83892822265625
2024-01-01,STORE0007,SKU0097,52.73529815673828,47.98146438598633
2024-01-01,STORE0007,SKU0098,31.420291900634766,32.63511276245117
2024-01-01,STORE0007,SKU0099,72.11705017089844,72.21619415283203
2024-01-01,STORE0007,SKU0100,64.05599212646484,65.79341888427734
2024-01-01,STORE0007,SKU0101,13.215446472167969,11.051095008850098
2024-01-01,STORE0007,SKU0102,71.43704986572266,63.98334503173828
2024-01-01,STORE0008,SKU0001,104.06594848632812,100.77902221679688
2024-01-01,STORE0008,SKU0002,67.36216735839844,67.03229522705078
2024-01-01,STORE0008,SKU0003,24.222000122070312,22.31435775756836
2024-01-01,STORE0008,SKU0004,94.85211181640625,88.81131744384766
2024-01-01,STORE0008,SKU0005,78.77075958251953,79.64952850341797
2024-01-01,STORE0008,SKU0006,107.5167236328125,107.68534851074219
2024-01-01,STORE0008,SKU0007,31.169981002807617,27.781675338745117
2024-01-01,STORE0008,SKU0008,26.666709899902344,24.365062713623047
2024-01-01,STORE0008,SKU0009,61.40135955810547,61.02682876586914
2024-01-01,STORE0008,SKU0010,38.999107360839844,34.44797897338867
2024-01-01,STORE0008,SKU0011,23.46019744873047,18.611740112304688
2024-01-01,STORE0008,SKU0012,47.128082275390625,42.36101150512695
2024-01-01,STORE0008,SKU0013,85.8387222290039,91.89837646484375
2024-01-01,STORE0008,SKU0014,60.84372329711914,61.75794982910156
2024-01-01,STORE0008,SKU0015,14.254344940185547,12.082207679748535
2024-01-01,STORE0008,SKU0016,26.955047607421875,25.85654067993164
2024-01-01,STORE0008,SKU0018,90.88233947753906,83.00242614746094
2024-01-01,STORE0008,SKU0020,53.49124526977539,56.274173736572266
2024-01-01,STORE0008,SKU0022,100.45602416992188,91.51445007324219
2024-01-01,STORE0008,SKU0025,27.148155212402344,33.03606414794922
2024-01-01,STORE0008,SKU0027,103.95854187011719,110.34243774414062
2024-01-01,STORE0008,SKU0028,104.47834014892578,115.94964599609375
2024-01-01,STORE0008,SKU0029,27.297990798950195,34.0394401550293
2024-01-01,STORE0008,SKU0030,40.15180969238281,48.594573974609375
2024-01-01,STORE0008,SKU0031,48.028968811035156,58.74386978149414
2024-01-01,STORE0008,SKU0033,85.9588394165039,106.13203430175781
2024-01-01,STORE0008,SKU0035,143.8167266845703,154.9235382080078
2024-01-01,STORE0008,SKU0038,80.5654067993164,102.44719696044922
2024-01-01,STORE0008,SKU0039,14.579689025878906,19.65720558166504
2024-01-01,STORE0008,SKU0040,20.013866424560547,26.570802688598633
2024-01-01,STORE0008,SKU0041,74.05644226074219,88.1097183227539
2024-01-01,STORE0008,SKU0042,11.995590209960938,16.679941177368164
2024-01-01,STORE0008,SKU0043,41.03721618652344,47.90625
2024-01-01,STORE0008,SKU0044,73.43867492675781,86.48387145996094
2024-01-01,STORE0008,SKU0045,58.17665481567383,73.46852111816406
2024-01-01,STORE0008,SKU0046,81.39877319335938,88.18499755859375
2024-01-01,STORE0008,SKU0047,67.14335632324219,74.23137664794922
2024-01-01,STORE0008,SKU0048,59.314483642578125,68.30545806884766
2024-01-01,STORE0008,SKU0049,51.66671371459961,49.25311279296875
2024-01-01,STORE0008,SKU0051,71.47781372070312,76.07742309570312
2024-01-01,STORE0008,SKU0055,16.056232452392578,14.972155570983887
2024-01-01,STORE0008,SKU0056,24.16741180419922,23.04711151123047
2024-01-01,STORE0008,SKU0057,88.18111419677734,86.0931396484375
2024-01-01,STORE0008,SKU0059,26.395530700683594,26.8167667388916
2024-01-01,STORE0008,SKU0060,62.773277282714844,61.02894973754883
2024-01-01,STORE0008,SKU0061,97.68999481201172,92.62944030761719
2024-01-01,STORE0008,SKU0062,19.416851043701172,18.777847290039062
2024-01-01,STORE0008,SKU0064,96.388916015625,93.3580322265625
2024-01-01,STORE0008,SKU0065,58.635093688964844,56.83946228027344
2024-01-01,STORE0008,SKU0066,31.229116439819336,28.70549964904785
2024-01-01,STORE0008,SKU0067,43.222782135009766,40.369571685791016
2024-01-01,STORE0008,SKU0072,40.73898696899414,37.83932113647461
2024-01-01,STORE0008,SKU0074,58.39535140991211,62.29582214355469
2024-01-01,STORE0008,SKU0075,35.46994400024414,33.41926956176758
2024-01-01,STORE0008,SKU0076,33.72844696044922,32.124366760253906
2024-01-01,STORE0008,SKU0077,58.32273864746094,56.27999496459961
2024-01-01,STORE0008,SKU0078,32.28382110595703,34.17875671386719
2024-01-01,STORE0008,SKU0080,79.88394165039062,85.95384216308594
2024-01-01,STORE0008,SKU0081,72.04332733154297,63.48265075683594
2024-01-01,STORE0008,SKU0082,62.677059173583984,68.75470733642578
2024-01-01,STORE0008,SKU0083,91.20374298095703,92.98994445800781
2024-01-01,STORE0008,SKU0084,27.081893920898438,26.342811584472656
2024-01-01,STORE0008,SKU0085,66.68537139892578,72.5784912109375
2024-01-01,STORE0008,SKU0086,10.561519622802734,8.628127098083496
2024-01-01,STORE0008,SKU0087,33.86035919189453,34.340423583984375
2024-01-01,STORE0008,SKU0088,26.238162994384766,21.635160446166992
2024-01-01,STORE0008,SKU0089,47.04250717163086,46.159393310546875
2024-01-01,STORE0008,SKU0090,22.92879867553711,22.74073028564453
2024-01-01,STORE0008,SKU0091,20.372451782226562,20.790632247924805
2024-01-01,STORE0008,SKU0092,98.66024017333984,92.85816192626953
2024-01-01,STORE0008,SKU0093,75.6298828125,73.73179626464844
2024-01-01,STORE0008,SKU0094,65.2086181640625,72.49676513671875
2024-01-01,STORE0008,SKU0095,31.78240394592285,29.13316535949707
2024-01-01,STORE0008,SKU0096,98.18701171875,92.61441802978516
2024-01-01,STORE0008,SKU0097,71.69412994384766,73.31815338134766
2024-01-01,STORE0008,SKU0098,43.11492919921875,41.00592041015625
2024-01-01,STORE0008,SKU0099,99.75660705566406,92.35368347167969
2024-01-01,STORE0008,SKU0100,88.35664367675781,89.24859619140625
2024-01-01,STORE0008,SKU0101,17.007381439208984,14.339699745178223
2024-01-01,STORE0008,SKU0102,100.40097045898438,92.23908233642578
2024-01-01,STORE0009,SKU0001,89.45137023925781,87.97250366210938
2024-01-01,STORE0009,SKU0002,59.86897659301758,58.86538314819336
2024-01-01,STORE0009,SKU0003,21.117340087890625,17.958894729614258
2024-01-01,STORE0009,SKU0005,69.4841079711914,68.8445053100586
2024-01-01,STORE0009,SKU0006,93.1894302368164,95.29000091552734
2024-01-01,STORE0009,SKU0008,22.934734344482422,23.05339813232422
2024-01-01,STORE0009,SKU0009,52.98247528076172,51.72458267211914
2024-01-01,STORE0009,SKU0010,33.3419189453125,27.148656845092773
2024-01-01,STORE0009,SKU0011,20.36688232421875,17.374080657958984
2024-01-01,STORE0009,SKU0012,40.21515655517578,36.817115783691406
2024-01-01,STORE0009,SKU0013,74.3214340209961,84.17137145996094
2024-01-01,STORE0009,SKU0015,12.694995880126953,10.292311668395996
2024-01-01,STORE0009,SKU0016,23.440608978271484,22.654972076416016
2024-01-01,STORE0009,SKU0017,89.27243041992188,101.2290267944336
2024-01-01,STORE0009,SKU0018,79.89675903320312,83.82579040527344
2024-01-01,STORE0009,SKU0019,16.06539535522461,13.03848934173584
2024-01-01,STORE0009,SKU0020,45.96616744995117,43.181007385253906
2024-01-01,STORE0009,SKU0022,85.92125701904297,88.63019561767578
2024-01-01,STORE0009,SKU0023,64.10057067871094,59.05148696899414
2024-01-01,STORE0009,SKU0024,50.88010787963867,51.07075500488281
2024-01-01,STORE0009,SKU0025,23.018146514892578,30.123620986938477
2024-01-01,STORE0009,SKU0027,90.04981231689453,97.01187896728516
2024-01-01,STORE0009,SKU0028,89.78517150878906,103.49048614501953
2024-01-01,STORE0009,SKU0030,35.00035858154297,40.5202751159668
2024-01-01,STORE0009,SKU0032,55.489349365234375,64.13494873046875
2024-01-01,STORE0009,SKU0033,79.06126403808594,108.89948272705078
2024-01-01,STORE0009,SKU0034,105.4681625366211,119.24527740478516
2024-01-01,STORE0009,SKU0035,128.80165100097656,154.95556640625
2024-01-01,STORE0009,SKU0037,78.22488403320312,88.40074157714844
2024-01-01,STORE0009,SKU0038,71.31206512451172,84.40188598632812
2024-01-01,STORE0009,SKU0039,12.445785522460938,14.839609146118164
2024-01-01,STORE0009,SKU0041,66.48844146728516,79.4237060546875
2024-01-01,STORE0009,SKU0044,65.47907257080078,83.7626953125
2024-01-01,STORE0009,SKU0045,50.35212707519531,60.48755645751953
2024-01-01,STORE0009,SKU0046,70.60367584228516,77.4971923828125
2024-01-01,STORE0009,SKU0047,57.932003021240234,68.77748107910156
2024-01-01,STORE0009,SKU0049,44.86248016357422,40.649959564208984
2024-01-01,STORE0009,SKU0050,16.80804443359375,15.371896743774414
2024-01-01,STORE0009,SKU0051,62.74226760864258,62.827667236328125
2024-01-01,STORE0009,SKU0052,52.12907791137695,49.84362030029297
2024-01-01,STORE0009,SKU0055,13.919849395751953,12.250954627990723
2024-01-01,STORE0009,SKU0057,78.4525146484375,77.67324829101562
2024-01-01,STORE0009,SKU0058,84.12982177734375,84.53482818603516
2024-01-01,STORE0009,SKU0059,22.827136993408203,24.059764862060547
2024-01-01,STORE0009,SKU0060,55.86019515991211,52.27779769897461
2024-01-01,STORE0009,SKU0061,84.98604583740234,87.42156982421875
2024-01-01,STORE0009,SKU0062,17.262714385986328,16.126678466796875
2024-01-01,STORE0009,SKU0063,47.25877380371094,47.923377990722656
2024-01-01,STORE0009,SKU0064,84.01297760009766,84.74114990234375
2024-01-01,STORE0009,SKU0065,51.82474136352539,52.853919982910156
2024-01-01,STORE0009,SKU0066,27.16200828552246,26.075292587280273
2024-01-01,STORE0009,SKU0067,37.55608367919922,33.4642333984375
2024-01-01,STORE0009,SKU0068,38.31184768676758,34.90850830078125
2024-01-01,STORE0009,SKU0069,69.48954772949219,65.22801971435547
2024-01-01,STORE0009,SKU0070,92.62461853027344,83.17963409423828
2024-01-01,STORE0009,SKU0071,29.799348831176758,27.722763061523438
2024-01-01,STORE0009,SKU0072,35.06549835205078,32.719032287597656
2024-01-01,STORE0009,SKU0074,50.67116165161133,54.567481994628906
2024-01-01,STORE0009,SKU0075,30.662508010864258,28.36171531677246
2024-01-01,STORE0009,SKU0076,28.598142623901367,26.84156608581543
2024-01-01,STORE0009,SKU0077,50.13945007324219,51.04212188720703
2024-01-01,STORE0009,SKU0078,27.7680721282959,28.427730560302734
2024-01-01,STORE0009,SKU0080,69.58817291259766,75.0295181274414
2024-01-01,STORE0009,SKU0082,54.653228759765625,53.92081832885742
2024-01-01,STORE0009,SKU0083,78.25138092041016,81.26306915283203
2024-01-01,STORE0009,SKU0084,23.46710968017578,21.507898330688477
2024-01-01,STORE0009,SKU0085,59.33505630493164,61.095741271972656
2024-01-01,STORE0009,SKU0086,9.297508239746094,7.902102947235107
2024-01-01,STORE0009,SKU0087,29.050823211669922,26.55120277404785
2024-01-01,STORE0009,SKU0088,22.605987548828125,19.936119079589844
2024-01-01,STORE0009,SKU0089,41.27119445800781,36.200653076171875
2024-01-01,STORE0009,SKU0090,19.5294189453125,18.10061264038086
2024-01-01,STORE0009,SKU0091,17.744464874267578,15.597101211547852
2024-01-01,STORE0009,SKU0092,84.33180236816406,81.24888610839844
2024-01-01,STORE0009,SKU0093,65.43958282470703,63.85074996948242
2024-01-01,STORE0009,SKU0096,84.24818420410156,84.71270751953125
2024-01-01,STORE0009,SKU0097,62.67634201049805,62.61709976196289
2024-01-01,STORE0009,SKU0098,37.84504318237305,38.95143508911133
2024-01-01,STORE0009,SKU0099,85.99042510986328,83.9554672241211
2024-01-01,STORE0009,SKU0102,87.1985092163086,87.3702621459961
2024-01-01,STORE0010,SKU0001,88.406005859375,91.314208984375
2024-01-01,STORE0010,SKU0004,81.77448272705078,89.36202239990234
2024-01-01,STORE0010,SKU0005,69.11737060546875,71.60955047607422
2024-01-01,STORE0010,SKU0006,91.6580810546875,88.05534362792969
2024-01-01,STORE0010,SKU0007,26.195873260498047,23.154766082763672
2024-01-01,STORE0010,SKU0010,32.89910888671875,28.991498947143555
2024-01-01,STORE0010,SKU0011,20.208003997802734,17.88321304321289
2024-01-01,STORE0010,SKU0012,39.69158172607422,37.820438385009766
2024-01-01,STORE0010,SKU0013,73.02151489257812,80.04141235351562
2024-01-01,STORE0010,SKU0014,52.39095687866211,54.031761169433594
2024-01-01,STORE0010,SKU0015,12.40951919555664,9.48291301727295
2024-01-01,STORE0010,SKU0016,23.01300811767578,21.32205581665039
2024-01-01,STORE0010,SKU0017,88.3550796508789,88.96015930175781
2024-01-01,STORE0010,SKU0018,77.53520965576172,73.78439331054688
2024-01-01,STORE0010,SKU0019,15.934650421142578,14.999242782592773
2024-01-01,STORE0010,SKU0020,45.562225341796875,42.16428756713867
2024-01-01,STORE0010,SKU0021,49.621131896972656,50.104583740234375
2024-01-01,STORE0010,SKU0025,22.76187515258789,26.0148868560791
2024-01-01,STORE0010,SKU0028,87.03702545166016,110.67442321777344
2024-01-01,STORE0010,SKU0029,22.9610595703125,26.76140785217285
2024-01-01,STORE0010,SKU0030,34.41636657714844,42.495506286621094
2024-01-01,STORE0010,SKU0032,54.07967758178711,65.26631927490234
2024-01-01,STORE0010,SKU0034,106.07640838623047,134.03163146972656
2024-01-01,STORE0010,SKU0035,129.59165954589844,164.27377319335938
2024-01-01,STORE0010,SKU0036,32.50322723388672,37.53110122680664
2024-01-01,STORE0010,SKU0037,77.79310607910156,108.48356628417969
2024-01-01,STORE0010,SKU0038,69.78937530517578,95.3492660522461
2024-01-01,STORE0010,SKU0039,12.006057739257812,15.07244873046875
2024-01-01,STORE0010,SKU0040,16.794837951660156,20.10738754272461
2024-01-01,STORE0010,SKU0042,9.580913543701172,13.538763046264648
2024-01-01,STORE0010,SKU0043,34.129234313964844,47.44756317138672
2024-01-01,STORE0010,SKU0045,49.73056411743164,59.179466247558594
2024-01-01,STORE0010,SKU0046,68.09809875488281,81.40253448486328
2024-01-01,STORE0010,SKU0048,50.22361373901367,60.486427307128906
2024-01-01,STORE0010,SKU0050,16.453815460205078,15.886363983154297
2024-01-01,STORE0010,SKU0051,62.177146911621094,61.30897521972656
2024-01-01,STORE0010,SKU0052,51.157005310058594,51.37757873535156
2024-01-01,STORE0010,SKU0053,28.89154815673828,28.497343063354492
2024-01-01,STORE0010,SKU0054,71.07821655273438,67.3807373046875
2024-01-01,STORE0010,SKU0055,13.431377410888672,13.490562438964844
2024-01-01,STORE0010,SKU0056,20.366802215576172,20.571828842163086
2024-01-01,STORE0010,SKU0057,76.71856689453125,79.06935119628906
2024-01-01,STORE0010,SKU0058,82.42973327636719,82.43717956542969
2024-01-01,STORE0010,SKU0059,22.260726928710938,24.94625473022461
2024-01-01,STORE0010,SKU0060,55.44114303588867,56.09475326538086
2024-01-01,STORE0010,SKU0061,82.38262176513672,77.60286712646484
2024-01-01,STORE0010,SKU0063,46.27900695800781,51.88539505004883
2024-01-01,STORE0010,SKU0064,82.0967025756836,81.56341552734375
2024-01-01,STORE0010,SKU0065,50.44486618041992,51.13129425048828
2024-01-01,STORE0010,SKU0067,36.804847717285156,33.197265625
2024-01-01,STORE0010,SKU0068,37.77322006225586,36.711029052734375
2024-01-01,STORE0010,SKU0069,68.4748764038086,66.8690185546875
2024-01-01,STORE0010,SKU0070,90.27278137207031,90.7869873046875
2024-01-01,STORE0010,SKU0073,9.574188232421875,9.43515682220459
2024-01-01,STORE0010,SKU0074,49.599449157714844,51.59530258178711
2024-01-01,STORE0010,SKU0075,30.211627960205078,32.22616958618164
2024-01-01,STORE0010,SKU0076,28.025449752807617,26.845409393310547
2024-01-01,STORE0010,SKU0077,49.53493118286133,50.100093841552734
2024-01-01,STORE0010,SKU0078,27.133853912353516,28.442081451416016
2024-01-01,STORE0010,SKU0079,71.9509506225586,76.97833251953125
2024-01-01,STORE0010,SKU0080,67.49855041503906,73.36621856689453
2024-01-01,STORE0010,SKU0081,61.50969696044922,62.049495697021484
2024-01-01,STORE0010,SKU0083,77.59341430664062,81.93953704833984
2024-01-01,STORE0010,SKU0084,23.079090118408203,22.139623641967773
2024-01-01,STORE0010,SKU0085,58.11563491821289,63.01048278808594
2024-01-01,STORE0010,SKU0086,9.141223907470703,7.4980082511901855
2024-01-01,STORE0010,SKU0087,28.394197463989258,24.860641479492188
2024-01-01,STORE0010,SKU0088,22.28853988647461,23.156713485717773
2024-01-01,STORE0010,SKU0089,40.710716247558594,36.601776123046875
2024-01-01,STORE0010,SKU0090,19.08047103881836,17.082416534423828
2024-01-01,STORE0010,SKU0092,82.69569396972656,82.40008544921875
2024-01-01,STORE0010,SKU0094,55.54301834106445,57.53536605834961
2024-01-01,STORE0010,SKU0095,27.27948760986328,30.544702529907227
2024-01-01,STORE0010,SKU0096,82.16300201416016,77.77887725830078
2024-01-01,STORE0010,SKU0097,62.20256423950195,63.011070251464844
2024-01-01,STORE0010,SKU0098,36.9029541015625,34.98972702026367
2024-01-01,STORE0010,SKU0099,83.17285919189453,79.75894927978516
2024-01-01,STORE0010,SKU0100,74.70648956298828,76.18487548828125
2024-01-01,STORE0010,SKU0101,15.058391571044922,13.109919548034668
2024-01-01,STORE0010,SKU0102,84.84781646728516,85.47300720214844
2024-01-01,STORE0011,SKU0001,103.8326416015625,101.00896453857422
2024-01-01,STORE0011,SKU0002,67.59784698486328,65.81218719482422
2024-01-01,STORE0011,SKU0003,23.99880599975586,20.66354751586914
2024-01-01,STORE0011,SKU0004,95.42253875732422,91.43461608886719
2024-01-01,STORE0011,SKU0005,77.6759033203125,82.97369384765625
2024-01-01,STORE0011,SKU0006,109.07606506347656,102.71189880371094
2024-01-01,STORE0011,SKU0007,30.698339462280273,30.718366622924805
2024-01-01,STORE0011,SKU0009,60.24806594848633,59.050437927246094
2024-01-01,STORE0011,SKU0012,46.44457244873047,47.22092819213867
2024-01-01,STORE0011,SKU0014,59.038368225097656,53.748016357421875
2024-01-01,STORE0011,SKU0015,14.317142486572266,10.459121704101562
2024-01-01,STORE0011,SKU0017,103.09436798095703,108.196044921875
2024-01-01,STORE0011,SKU0018,89.37376403808594,80.99083709716797
2024-01-01,STORE0011,SKU0019,18.830921173095703,15.981659889221191
2024-01-01,STORE0011,SKU0020,52.29682159423828,49.170806884765625
2024-01-01,STORE0011,SKU0021,56.442413330078125,58.68425369262695
2024-01-01,STORE0011,SKU0022,100.96533203125,97.85045623779297
2024-01-01,STORE0011,SKU0023,71.68128204345703,66.27500915527344
2024-01-01,STORE0011,SKU0024,57.83072280883789,54.7856330871582
2024-01-01,STORE0011,SKU0025,26.54080581665039,31.498353958129883
2024-01-01,STORE0011,SKU0026,90.57744598388672,103.24080657958984
2024-01-01,STORE0011,SKU0027,103.58318328857422,102.56448364257812
2024-01-01,STORE0011,SKU0028,101.56802368164062,123.80484771728516
2024-01-01,STORE0011,SKU0029,27.205223083496094,35.48715591430664
2024-01-01,STORE0011,SKU0030,39.97895050048828,46.6611442565918
2024-01-01,STORE0011,SKU0031,47.36845779418945,58.519771575927734
2024-01-01,STORE0011,SKU0033,84.36719512939453,103.4327163696289
2024-01-01,STORE0011,SKU0034,128.87289428710938,140.807861328125
2024-01-01,STORE0011,SKU0035,150.30479431152344,151.95274353027344
2024-01-01,STORE0011,SKU0036,36.687835693359375,43.46258544921875
2024-01-01,STORE0011,SKU0037,89.51945495605469,111.38987731933594
2024-01-01,STORE0011,SKU0038,79.95442199707031,103.89144134521484
2024-01-01,STORE0011,SKU0039,14.536674499511719,17.87333869934082
2024-01-01,STORE0011,SKU0040,19.840938568115234,26.397546768188477
2024-01-01,STORE0011,SKU0041,74.30583190917969,87.75748443603516
2024-01-01,STORE0011,SKU0043,39.44765090942383,50.05649185180664
2024-01-01,STORE0011,SKU0044,72.4212875366211,88.58262634277344
2024-01-01,STORE0011,SKU0046,80.74760437011719,94.40296936035156
2024-01-01,STORE0011,SKU0047,65.33294677734375,73.76287841796875
2024-01-01,STORE0011,SKU0048,58.29951095581055,71.59358215332031
2024-01-01,STORE0011,SKU0050,19.56987762451172,17.502395629882812
2024-01-01,STORE0011,SKU0051,70.70198822021484,73.94330596923828
2024-01-01,STORE0011,SKU0052,57.67274856567383,58.197792053222656
2024-01-01,STORE0011,SKU0053,33.957054138183594,31.766250610351562
2024-01-01,STORE0011,SKU0054,82.29232788085938,87.30677795410156
2024-01-01,STORE0011,SKU0055,16.0164794921875,15.340892791748047
2024-01-01,STORE0011,SKU0056,23.9429931640625,21.619447708129883
2024-01-01,STORE0011,SKU0058,96.7861557006836,90.20360565185547
2024-01-01,STORE0011,SKU0059,25.942596435546875,27.089794158935547
2024-01-01,STORE0011,SKU0061,96.91510009765625,91.2043685913086
2024-01-01,STORE0011,SKU0062,19.70468521118164,17.288545608520508
2024-01-01,STORE0011,SKU0064,97.14408874511719,90.83689880371094
2024-01-01,STORE0011,SKU0065,57.56264114379883,55.812095642089844
2024-01-01,STORE0011,SKU0066,30.995037078857422,28.958541870117188
2024-01-01,STORE0011,SKU0067,42.50273132324219,38.8524284362793
2024-01-01,STORE0011,SKU0068,43.098121643066406,37.87246322631836
2024-01-01,STORE0011,SKU0069,79.11808776855469,70.04757690429688
2024-01-01,STORE0011,SKU0070,104.8875732421875,97.81362915039062
2024-01-01,STORE0011,SKU0071,34.11784362792969,32.31553649902344
2024-01-01,STORE0011,SKU0072,39.76103973388672,36.48633575439453
2024-01-01,STORE0011,SKU0073,11.767337799072266,11.592307090759277
2024-01-01,STORE0011,SKU0074,57.44013595581055,56.53175735473633
2024-01-01,STORE0011,SKU0077,57.055240631103516,54.48224639892578
2024-01-01,STORE0011,SKU0078,31.470321655273438,30.216495513916016
2024-01-01,STORE0011,SKU0079,84.01374816894531,84.72714233398438
2024-01-01,STORE0011,SKU0082,61.04174041748047,61.866172790527344
2024-01-01,STORE0011,SKU0083,90.84111022949219,88.08297729492188
2024-01-01,STORE0011,SKU0085,66.1803207397461,71.7745361328125
2024-01-01,STORE0011,SKU0086,10.659008026123047,9.326210021972656
2024-01-01,STORE0011,SKU0087,33.459617614746094,30.047754287719727
2024-01-01,STORE0011,SKU0088,25.983524322509766,24.66204833984375
2024-01-01,STORE0011,SKU0089,46.234214782714844,42.957489013671875
2024-01-01,STORE0011,SKU0090,22.663002014160156,21.444318771362305
2024-01-01,STORE0011,SKU0094,63.46840286254883,62.607261657714844
2024-01-01,STORE0011,SKU0095,31.29875946044922,30.56737518310547
2024-01-01,STORE0011,SKU0096,98.52226257324219,96.1885757446289
2024-01-01,STORE0011,SKU0097,69.94444274902344,69.20802307128906
2024-01-01,STORE0011,SKU0098,42.293296813964844,37.24864959716797
2024-01-01,STORE0011,SKU0100,86.79736328125,85.47758483886719
2024-01-01,STORE0011,SKU0101,17.46442413330078,15.60129451751709
2024-01-01,STORE0012,SKU0001,90.24657440185547,97.49054718017578
2024-01-01,STORE0012,SKU0002,59.354915618896484,62.88580322265625
2024-01-01,STORE0012,SKU0004,83.48406982421875,84.57223510742188
2024-01-01,STORE0012,SKU0005,69.78468322753906,69.63567352294922
2024-01-01,STORE0012,SKU0006,94.8469009399414,87.70263671875
2024-01-01,STORE0012,SKU0007,26.91147232055664,24.747161865234375
2024-01-01,STORE0012,SKU0008,23.081008911132812,22.47441864013672
2024-01-01,STORE0012,SKU0009,53.219505310058594,47.38947677612305
2024-01-01,STORE0012,SKU0010,33.49320983886719,33.15791320800781
2024-01-01,STORE0012,SKU0013,74.95140075683594,82.9800033569336
2024-01-01,STORE0012,SKU0014,52.422908782958984,51.086544036865234
2024-01-01,STORE0012,SKU0015,12.664424896240234,10.41732406616211
2024-01-01,STORE0012,SKU0016,23.464263916015625,23.304643630981445
2024-01-01,STORE0012,SKU0017,90.7911605834961,95.34193420410156
2024-01-01,STORE0012,SKU0018,79.89501190185547,75.74899291992188
2024-01-01,STORE0012,SKU0019,16.007373809814453,15.001969337463379
2024-01-01,STORE0012,SKU0020,46.101959228515625,49.767578125
2024-01-01,STORE0012,SKU0022,86.5776596069336,83.23456573486328
2024-01-01,STORE0012,SKU0023,64.8017578125,61.58097839355469
2024-01-01,STORE0012,SKU0025,23.164817810058594,27.702497482299805
2024-01-01,STORE0012,SKU0026,78.11782836914062,96.73705291748047
2024-01-01,STORE0012,SKU0027,87.84001159667969,100.6834487915039
2024-01-01,STORE0012,SKU0028,89.13665771484375,110.40870666503906
2024-01-01,STORE0012,SKU0029,23.38436508178711,28.30002784729004
2024-01-01,STORE0012,SKU0030,35.100181579589844,47.9719123840332
2024-01-01,STORE0012,SKU0032,54.21321105957031,67.46987915039062
2024-01-01,STORE0012,SKU0033,74.05110931396484,95.34220123291016
2024-01-01,STORE0012,SKU0034,105.85153198242188,130.33338928222656
2024-01-01,STORE0012,SKU0035,131.89004516601562,146.838623046875
2024-01-01,STORE0012,SKU0036,32.334571838378906,38.66488265991211
2024-01-01,STORE0012,SKU0037,78.03380584716797,90.94136810302734
2024-01-01,STORE0012,SKU0038,70.30938720703125,87.91111755371094
2024-01-01,STORE0012,SKU0039,12.393169403076172,14.070985794067383
2024-01-01,STORE0012,SKU0043,34.492034912109375,39.95792007446289
2024-01-01,STORE0012,SKU0044,64.14153289794922,79.479248046875
2024-01-01,STORE0012,SKU0046,69.304443359375,84.72222900390625
2024-01-01,STORE0012,SKU0047,56.413333892822266,70.45948028564453
2024-01-01,STORE0012,SKU0048,51.43952178955078,62.26224899291992
2024-01-01,STORE0012,SKU0050,16.772422790527344,15.778362274169922
2024-01-01,STORE0012,SKU0052,52.27065658569336,50.262046813964844
2024-01-01,STORE0012,SKU0053,29.71630096435547,28.958328247070312
2024-01-01,STORE0012,SKU0054,73.22267150878906,69.85456085205078
2024-01-01,STORE0012,SKU0055,13.998226165771484,12.380414009094238
2024-01-01,STORE0012,SKU0056,20.934234619140625,19.315805435180664
2024-01-01,STORE0012,SKU0057,76.99761962890625,72.57286071777344
2024-01-01,STORE0012,SKU0058,84.21959686279297,76.09523010253906
2024-01-01,STORE0012,SKU0059,22.9193115234375,22.987157821655273
2024-01-01,STORE0012,SKU0060,55.45893478393555,50.63240051269531
2024-01-01,STORE0012,SKU0061,84.87239074707031,81.57195281982422
2024-01-01,STORE0012,SKU0062,17.280288696289062,15.139015197753906
2024-01-01,STORE0012,SKU0064,83.85275268554688,76.61195373535156
2024-01-01,STORE0012,SKU0065,50.96931457519531,47.43058395385742
2024-01-01,STORE0012,SKU0066,27.25154685974121,24.539304733276367
2024-01-01,STORE0012,SKU0068,37.97520446777344,33.334564208984375
2024-01-01,STORE0012,SKU0070,92.9221420288086,90.24645233154297
2024-01-01,STORE0012,SKU0071,29.726106643676758,26.902795791625977
2024-01-01,STORE0012,SKU0072,34.9119758605957,36.15941619873047
2024-01-01,STORE0012,SKU0074,50.817169189453125,56.15662384033203
2024-01-01,STORE0012,SKU0075,30.950927734375,31.317968368530273
2024-01-01,STORE0012,SKU0076,28.712175369262695,26.11390495300293
2024-01-01,STORE0012,SKU0077,49.987152099609375,44.3137092590332
2024-01-01,STORE0012,SKU0078,27.96925926208496,27.642826080322266
2024-01-01,STORE0012,SKU0080,68.81343841552734,74.76237487792969
2024-01-01,STORE0012,SKU0081,63.077178955078125,62.557823181152344
2024-01-01,STORE0012,SKU0083,78.31121063232422,81.55307006835938
2024-01-01,STORE0012,SKU0084,23.84003448486328,22.673622131347656
2024-01-01,STORE0012,SKU0085,58.19287109375,61.82748031616211
2024-01-01,STORE0012,SKU0086,9.19949722290039,7.168829917907715
2024-01-01,STORE0012,SKU0088,22.77231216430664,22.355342864990234
2024-01-01,STORE0012,SKU0089,40.832008361816406,38.26353073120117
2024-01-01,STORE0012,SKU0091,17.494815826416016,14.15751838684082
2024-01-01,STORE0012,SKU0092,85.33502197265625,85.16398620605469
2024-01-01,STORE0012,SKU0094,56.96829605102539,51.77785110473633
2024-01-01,STORE0012,SKU0095,27.490869522094727,27.940956115722656
2024-01-01,STORE0012,SKU0096,85.20426177978516,83.03189849853516
2024-01-01,STORE0012,SKU0097,62.3348274230957,61.45256423950195
2024-01-01,STORE0012,SKU0098,37.21474838256836,34.59532165527344
2024-01-01,STORE0012,SKU0099,85.22871398925781,85.6700668334961
2024-01-01,STORE0012,SKU0100,76.51986694335938,79.94620513916016
2024-01-01,STORE0012,SKU0101,15.071861267089844,13.913068771362305
2024-01-01,STORE0013,SKU0001,55.636695861816406,57.55952453613281
2024-01-01,STORE0013,SKU0002,36.705772399902344,31.784202575683594
2024-01-01,STORE0013,SKU0003,14.36966323852539,10.365843772888184
2024-01-01,STORE0013,SKU0006,57.94547653198242,53.581260681152344
2024-01-01,STORE0013,SKU0008,14.9156494140625,12.244534492492676
2024-01-01,STORE0013,SKU0009,31.332469940185547,27.323556900024414
2024-01-01,STORE0013,SKU0013,44.81727600097656,41.23537063598633
2024-01-01,STORE0013,SKU0014,31.79315757751465,30.49058723449707
2024-01-01,STORE0013,SKU0015,8.835315704345703,6.48757266998291
2024-01-01,STORE0013,SKU0017,54.675132751464844,52.388484954833984
2024-01-01,STORE0013,SKU0020,28.832063674926758,26.024513244628906
2024-01-01,STORE0013,SKU0024,30.333940505981445,30.406240463256836
2024-01-01,STORE0013,SKU0025,15.067893981933594,15.6757173538208
2024-01-01,STORE0013,SKU0026,47.61948776245117,53.80385971069336
2024-01-01,STORE0013,SKU0027,53.285884857177734,63.45944595336914
2024-01-01,STORE0013,SKU0028,54.500431060791016,65.50575256347656
2024-01-01,STORE0013,SKU0031,24.708755493164062,32.43623733520508
2024-01-01,STORE0013,SKU0032,30.48114013671875,38.722862243652344
2024-01-01,STORE0013,SKU0034,62.89116668701172,77.42628479003906
2024-01-01,STORE0013,SKU0036,20.39682388305664,26.206043243408203
2024-01-01,STORE0013,SKU0037,47.947715759277344,60.7591552734375
2024-01-01,STORE0013,SKU0039,7.847934722900391,9.020853042602539
2024-01-01,STORE0013,SKU0040,10.654415130615234,12.880563735961914
2024-01-01,STORE0013,SKU0041,38.808349609375,46.357460021972656
2024-01-01,STORE0013,SKU0049,27.446395874023438,22.520875930786133
2024-01-01,STORE0013,SKU0056,14.029029846191406,12.816425323486328
2024-01-01,STORE0013,SKU0057,47.623382568359375,43.790809631347656
2024-01-01,STORE0013,SKU0061,51.40089416503906,49.74929428100586
2024-01-01,STORE0013,SKU0063,27.86653709411621,26.272268295288086
2024-01-01,STORE0013,SKU0065,31.34283447265625,30.86666488647461
2024-01-01,STORE0013,SKU0068,24.136329650878906,22.8102970123291
2024-01-01,STORE0013,SKU0071,19.020626068115234,15.266182899475098
2024-01-01,STORE0013,SKU0076,18.46652603149414,16.801109313964844
2024-01-01,STORE0013,SKU0080,42.430938720703125,43.598846435546875
2024-01-01,STORE0013,SKU0084,15.892585754394531,13.691997528076172
2024-01-01,STORE0013,SKU0085,36.13772201538086,34.594383239746094
2024-01-01,STORE0013,SKU0086,5.336528778076172,4.648005485534668
2024-01-01,STORE0013,SKU0087,19.766693115234375,17.50987434387207
2024-01-01,STORE0013,SKU0089,25.9439697265625,25.5631103515625
2024-01-01,STORE0013,SKU0090,13.321453094482422,11.018205642700195
2024-01-01,STORE0013,SKU0096,52.012115478515625,49.34756088256836
2024-01-01,STORE0013,SKU0097,38.75977325439453,36.303077697753906
2024-01-01,STORE0013,SKU0099,53.85747146606445,46.5128173828125
2024-01-01,STORE0013,SKU0102,53.16275405883789,50.11054229736328
2024-01-02,STORE0001,SKU0001,103.56144714355469,101.31175994873047
2024-01-02,STORE0001,SKU0002,67.35548400878906,63.83434295654297
2024-01-02,STORE0001,SKU0004,95.15324401855469,92.6717758178711
2024-01-02,STORE0001,SKU0006,107.56729125976562,98.22757720947266
2024-01-02,STORE0001,SKU0007,31.069400787353516,24.907861709594727
2024-01-02,STORE0001,SKU0008,26.874000549316406,26.289226531982422
2024-01-02,STORE0001,SKU0010,38.987857818603516,35.30626678466797
2024-01-02,STORE0001,SKU0011,23.45897674560547,18.986906051635742
2024-01-02,STORE0001,SKU0012,47.14698791503906,45.642154693603516
2024-01-02,STORE0001,SKU0014,60.260799407958984,59.626861572265625
2024-01-02,STORE0001,SKU0015,14.402412414550781,11.00328540802002
2024-01-02,STORE0001,SKU0016,26.949260711669922,24.6224422454834
2024-01-02,STORE0001,SKU0017,102.93907165527344,96.6104507446289
2024-01-02,STORE0001,SKU0018,91.08968353271484,90.81615447998047
2024-01-02,STORE0001,SKU0019,18.82497787475586,14.970260620117188
2024-01-02,STORE0001,SKU0020,52.89548873901367,47.60897445678711
2024-01-02,STORE0001,SKU0021,58.91276168823242,61.558502197265625
2024-01-02,STORE0001,SKU0023,71.7705307006836,69.06372833251953
2024-01-02,STORE0001,SKU0024,58.20565414428711,50.21577835083008
2024-01-02,STORE0001,SKU0026,90.21333312988281,98.9666519165039
2024-01-02,STORE0001,SKU0027,104.34016418457031,113.08677673339844
2024-01-02,STORE0001,SKU0029,27.33595848083496,36.5900993347168
2024-01-02,STORE0001,SKU0030,40.17808532714844,49.788116455078125
2024-01-02,STORE0001,SKU0031,47.56468200683594,55.416175842285156
2024-01-02,STORE0001,SKU0033,88.68904113769531,101.85020446777344
2024-01-02,STORE0001,SKU0035,150.95291137695312,135.32656860351562
2024-01-02,STORE0001,SKU0036,37.40736389160156,46.86196517944336
2024-01-02,STORE0001,SKU0037,88.83497619628906,97.23146057128906
2024-01-02,STORE0001,SKU0038,81.16224670410156,94.09217071533203
2024-01-02,STORE0001,SKU0039,14.402137756347656,17.407875061035156
2024-01-02,STORE0001,SKU0040,19.644229888916016,22.050363540649414
2024-01-02,STORE0001,SKU0041,74.5541763305664,83.9867172241211
2024-01-02,STORE0001,SKU0042,11.864097595214844,16.62263298034668
2024-01-02,STORE0001,SKU0043,40.41169357299805,48.92790222167969
2024-01-02,STORE0001,SKU0045,57.81915283203125,67.89432525634766
2024-01-02,STORE0001,SKU0046,81.31918334960938,93.18580627441406
2024-01-02,STORE0001,SKU0047,66.6340103149414,79.1721420288086
2024-01-02,STORE0001,SKU0048,60.1611213684082,74.6548843383789
2024-01-02,STORE0001,SKU0049,51.44213104248047,49.2525634765625
2024-01-02,STORE0001,SKU0050,19.21468734741211,17.214826583862305
2024-01-02,STORE0001,SKU0051,70.09520721435547,65.28369140625
2024-01-02,STORE0001,SKU0053,34.168052673339844,30.840591430664062
2024-01-02,STORE0001,SKU0054,82.85144805908203,79.70682525634766
2024-01-02,STORE0001,SKU0055,15.865562438964844,14.341055870056152
2024-01-02,STORE0001,SKU0056,23.942119598388672,22.784957885742188
2024-01-02,STORE0001,SKU0058,96.5174789428711,92.5797119140625
2024-01-02,STORE0001,SKU0059,25.80948257446289,27.51824188232422
2024-01-02,STORE0001,SKU0060,63.61820983886719,59.386470794677734
2024-01-02,STORE0001,SKU0061,96.47521209716797,86.84036254882812
2024-01-02,STORE0001,SKU0062,19.456050872802734,19.10552215576172
2024-01-02,STORE0001,SKU0063,53.14598846435547,52.333438873291016
2024-01-02,STORE0001,SKU0065,58.527000427246094,57.45689010620117
2024-01-02,STORE0001,SKU0066,30.823566436767578,29.442638397216797
2024-01-02,STORE0001,SKU0067,42.98210144042969,40.22529983520508
2024-01-02,STORE0001,SKU0068,44.017459869384766,39.3731803894043
2024-01-02,STORE0001,SKU0069,79.75839233398438,80.03501892089844
2024-01-02,STORE0001,SKU0070,106.28472137451172,100.04570770263672
2024-01-02,STORE0001,SKU0072,40.17469024658203,34.16458511352539
2024-01-02,STORE0001,SKU0073,11.721538543701172,10.813835144042969
2024-01-02,STORE0001,SKU0074,57.99026107788086,53.297786712646484
2024-01-02,STORE0001,SKU0076,33.455814361572266,28.60453987121582
2024-01-02,STORE0001,SKU0077,57.387977600097656,53.51874542236328
2024-01-02,STORE0001,SKU0078,31.846866607666016,31.26944923400879
2024-01-02,STORE0001,SKU0080,79.10733795166016,76.8050765991211
2024-01-02,STORE0001,SKU0081,71.50273132324219,70.07376098632812
2024-01-02,STORE0001,SKU0082,61.82741928100586,60.75033187866211
2024-01-02,STORE0001,SKU0084,26.6915283203125,25.75522232055664
2024-01-02,STORE0001,SKU0086,10.60512924194336,9.78286075592041
2024-01-02,STORE0001,SKU0087,33.46991729736328,31.191787719726562
2024-01-02,STORE0001,SKU0090,22.740413665771484,22.574289321899414
2024-01-02,STORE0001,SKU0092,98.19520568847656,92.85214233398438
2024-01-02,STORE0001,SKU0093,73.85951232910156,74.2972412109375
2024-01-02,STORE0001,SKU0094,64.60631561279297,63.60344696044922
2024-01-02,STORE0001,SKU0095,31.606861114501953,31.936927795410156
2024-01-02,STORE0001,SKU0096,98.21200561523438,95.06119537353516
2024-01-02,STORE0001,SKU0097,71.0879135131836,68.5573501586914
2024-01-02,STORE0001,SKU0098,43.13554382324219,41.77703857421875
2024-01-02,STORE0001,SKU0099,97.98043823242188,91.82600402832031
2024-01-02,STORE0001,SKU0100,86.998046875,86.18832397460938
2024-01-02,STORE0001,SKU0101,17.28809356689453,15.678130149841309
2024-01-02,STORE0002,SKU0001,72.5886459350586,81.07977294921875
2024-01-02,STORE0002,SKU0002,48.867774963378906,53.59188461303711
2024-01-02,STORE0002,SKU0003,18.739299774169922,15.748997688293457
2024-01-02,STORE0002,SKU0004,68.51081848144531,72.93489074707031
2024-01-02,STORE0002,SKU0005,56.70382308959961,55.3187370300293
2024-01-02,STORE0002,SKU0006,76.4472885131836,81.08901977539062
2024-01-02,STORE0002,SKU0007,22.580078125,21.19817352294922
2024-01-02,STORE0002,SKU0008,19.450611114501953,17.008546829223633
2024-01-02,STORE0002,SKU0009,43.069496154785156,43.22661209106445
2024-01-02,STORE0002,SKU0010,28.44571304321289,24.66738510131836
2024-01-02,STORE0002,SKU0011,17.661598205566406,15.198328018188477
2024-01-02,STORE0002,SKU0012,33.000823974609375,35.67774963378906
2024-01-02,STORE0002,SKU0014,42.91863250732422,44.60738754272461
2024-01-02,STORE0002,SKU0015,11.959022521972656,8.006437301635742
2024-01-02,STORE0002,SKU0016,20.838645935058594,16.66971778869629
2024-01-02,STORE0002,SKU0017,71.38487243652344,65.84525299072266
2024-01-02,STORE0002,SKU0018,64.43431854248047,59.6776008605957
2024-01-02,STORE0002,SKU0019,13.696548461914062,11.936772346496582
2024-01-02,STORE0002,SKU0020,37.83277130126953,40.84695816040039
2024-01-02,STORE0002,SKU0022,69.41770935058594,70.03272247314453
2024-01-02,STORE0002,SKU0023,51.51670455932617,48.90325927734375
2024-01-02,STORE0002,SKU0024,41.11018753051758,43.23624801635742
2024-01-02,STORE0002,SKU0025,20.54772186279297,24.299057006835938
2024-01-02,STORE0002,SKU0026,66.95460510253906,79.83423614501953
2024-01-02,STORE0002,SKU0027,74.29472351074219,87.77662658691406
2024-01-02,STORE0002,SKU0028,73.47802734375,84.72682189941406
2024-01-02,STORE0002,SKU0030,29.314939498901367,41.52275848388672
2024-01-02,STORE0002,SKU0031,35.0571174621582,44.2997932434082
2024-01-02,STORE0002,SKU0032,44.05975341796875,51.24119567871094
2024-01-02,STORE0002,SKU0033,61.607261657714844,78.07917022705078
2024-01-02,STORE0002,SKU0034,85.34397888183594,108.69731140136719
2024-01-02,STORE0002,SKU0036,28.495941162109375,31.818038940429688
2024-01-02,STORE0002,SKU0037,65.4332504272461,80.66621398925781
2024-01-02,STORE0002,SKU0038,58.019287109375,73.0891342163086
2024-01-02,STORE0002,SKU0039,11.717727661132812,11.743477821350098
2024-01-02,STORE0002,SKU0040,15.058189392089844,17.09139633178711
2024-01-02,STORE0002,SKU0041,53.8909797668457,69.79341125488281
2024-01-02,STORE0002,SKU0042,9.329734802246094,11.452494621276855
2024-01-02,STORE0002,SKU0043,29.59667205810547,38.58153533935547
2024-01-02,STORE0002,SKU0044,53.20282745361328,67.93379211425781
2024-01-02,STORE0002,SKU0046,57.90883255004883,76.73240661621094
2024-01-02,STORE0002,SKU0048,42.03203201293945,51.45545959472656
2024-01-02,STORE0002,SKU0051,51.04240036010742,50.67604064941406
2024-01-02,STORE0002,SKU0052,42.265682220458984,42.81377029418945
2024-01-02,STORE0002,SKU0054,59.47908020019531,63.36467742919922
2024-01-02,STORE0002,SKU0055,12.592716217041016,10.730347633361816
2024-01-02,STORE0002,SKU0056,18.415721893310547,16.898195266723633
2024-01-02,STORE0002,SKU0058,69.56996154785156,71.88624572753906
2024-01-02,STORE0002,SKU0059,19.99957275390625,18.882659912109375
2024-01-02,STORE0002,SKU0060,45.985984802246094,42.81116485595703
2024-01-02,STORE0002,SKU0062,15.291919708251953,13.360798835754395
2024-01-02,STORE0002,SKU0063,38.135520935058594,32.87859344482422
2024-01-02,STORE0002,SKU0064,68.74553680419922,71.01837158203125
2024-01-02,STORE0002,SKU0065,41.61272430419922,41.89326477050781
2024-01-02,STORE0002,SKU0066,24.144699096679688,20.261465072631836
2024-01-02,STORE0002,SKU0069,57.65622329711914,57.570556640625
2024-01-02,STORE0002,SKU0070,76.7425537109375,82.17682647705078
2024-01-02,STORE0002,SKU0071,25.181941986083984,23.574113845825195
2024-01-02,STORE0002,SKU0073,9.235618591308594,8.148819923400879
2024-01-02,STORE0002,SKU0074,40.99908447265625,45.84733581542969
2024-01-02,STORE0002,SKU0075,26.963077545166016,25.954727172851562
2024-01-02,STORE0002,SKU0078,24.667247772216797,21.308900833129883
2024-01-02,STORE0002,SKU0079,59.868011474609375,58.956844329833984
2024-01-02,STORE0002,SKU0081,50.82658004760742,53.064109802246094
2024-01-02,STORE0002,SKU0082,44.58671951293945,42.61300277709961
2024-01-02,STORE0002,SKU0083,64.35641479492188,68.98410034179688
2024-01-02,STORE0002,SKU0084,20.64472198486328,19.15896987915039
2024-01-02,STORE0002,SKU0086,8.318866729736328,6.885754585266113
2024-01-02,STORE0002,SKU0087,25.47893524169922,19.82124137878418
2024-01-02,STORE0002,SKU0088,20.242961883544922,20.08192253112793
2024-01-02,STORE0002,SKU0089,34.26178741455078,33.558956146240234
2024-01-02,STORE0002,SKU0090,17.548900604248047,14.915894508361816
2024-01-02,STORE0002,SKU0092,68.85942077636719,71.79641723632812
2024-01-02,STORE0002,SKU0093,53.36280059814453,55.94913864135742
2024-01-02,STORE0002,SKU0096,69.32112121582031,68.6588363647461
2024-01-02,STORE0002,SKU0097,52.15827560424805,49.830322265625
2024-01-02,STORE0002,SKU0098,31.4888916015625,30.158113479614258
2024-01-02,STORE0002,SKU0099,70.666015625,67.16101837158203
2024-01-02,STORE0002,SKU0101,13.211688995361328,12.132957458496094
2024-01-02,STORE0002,SKU0102,71.22145080566406,79.65826416015625
2024-01-02,STORE0003,SKU0001,73.09449005126953,82.15087890625
2024-01-02,STORE0003,SKU0003,18.086334228515625,17.66581916809082
2024-01-02,STORE0003,SKU0004,68.3208999633789,66.0742416381836
2024-01-02,STORE0003,SKU0005,56.867557525634766,58.836509704589844
2024-01-02,STORE0003,SKU0006,76.13738250732422,75.45465850830078
2024-01-02,STORE0003,SKU0007,22.361000061035156,21.718000411987305
2024-01-02,STORE0003,SKU0008,19.039356231689453,18.44157600402832
2024-01-02,STORE0003,SKU0009,42.97812271118164,43.99176025390625
2024-01-02,STORE0003,SKU0010,28.038084030151367,24.754167556762695
2024-01-02,STORE0003,SKU0011,17.24689483642578,15.126502990722656
2024-01-02,STORE0003,SKU0012,32.64324951171875,35.19607162475586
2024-01-02,STORE0003,SKU0013,60.384613037109375,57.28392028808594
2024-01-02,STORE0003,SKU0014,42.76094055175781,45.08414840698242
2024-01-02,STORE0003,SKU0015,11.075180053710938,8.378171920776367
2024-01-02,STORE0003,SKU0016,20.20409393310547,16.272937774658203
2024-01-02,STORE0003,SKU0019,13.213275909423828,11.50709056854248
2024-01-02,STORE0003,SKU0020,37.371826171875,39.644351959228516
2024-01-02,STORE0003,SKU0021,40.13022232055664,41.46036911010742
2024-01-02,STORE0003,SKU0022,69.4872817993164,72.11598205566406
2024-01-02,STORE0003,SKU0023,51.465843200683594,53.53326416015625
2024-01-02,STORE0003,SKU0024,40.69277572631836,42.38022994995117
2024-01-02,STORE0003,SKU0025,19.51272201538086,23.480270385742188
2024-01-02,STORE0003,SKU0026,66.01728057861328,77.45552825927734
2024-01-02,STORE0003,SKU0028,73.27428436279297,87.70825958251953
2024-01-02,STORE0003,SKU0030,28.734535217285156,37.49949645996094
2024-01-02,STORE0003,SKU0031,35.306968688964844,42.22166442871094
2024-01-02,STORE0003,SKU0033,62.10329818725586,84.70785522460938
2024-01-02,STORE0003,SKU0035,109.84193420410156,128.21755981445312
2024-01-02,STORE0003,SKU0037,67.24018859863281,81.60890197753906
2024-01-02,STORE0003,SKU0039,10.754798889160156,12.255094528198242
2024-01-02,STORE0003,SKU0040,14.239067077636719,15.995994567871094
2024-01-02,STORE0003,SKU0041,53.72199249267578,66.80794525146484
2024-01-02,STORE0003,SKU0042,8.443614959716797,12.064455032348633
2024-01-02,STORE0003,SKU0043,29.202587127685547,36.669700622558594
2024-01-02,STORE0003,SKU0044,52.229713439941406,67.97830963134766
2024-01-02,STORE0003,SKU0045,40.658241271972656,55.57304382324219
2024-01-02,STORE0003,SKU0046,57.75345993041992,73.03888702392578
2024-01-02,STORE0003,SKU0047,46.93318557739258,61.712425231933594
2024-01-02,STORE0003,SKU0048,41.18689727783203,55.4854736328125
2024-01-02,STORE0003,SKU0049,35.71459197998047,34.11994552612305
2024-01-02,STORE0003,SKU0050,13.573844909667969,12.72586727142334
2024-01-02,STORE0003,SKU0051,50.6391487121582,50.45198440551758
2024-01-02,STORE0003,SKU0052,41.726837158203125,41.37351608276367
2024-01-02,STORE0003,SKU0053,24.77948760986328,25.389429092407227
2024-01-02,STORE0003,SKU0054,59.45370864868164,64.53483581542969
2024-01-02,STORE0003,SKU0055,11.809303283691406,10.357616424560547
2024-01-02,STORE0003,SKU0056,17.70065689086914,16.262895584106445
2024-01-02,STORE0003,SKU0058,69.49835205078125,69.46935272216797
2024-01-02,STORE0003,SKU0060,45.26139450073242,44.92506790161133
2024-01-02,STORE0003,SKU0061,68.80555725097656,76.0322494506836
2024-01-02,STORE0003,SKU0062,14.526996612548828,13.026070594787598
2024-01-02,STORE0003,SKU0063,37.39813232421875,38.93476867675781
2024-01-02,STORE0003,SKU0064,68.54031372070312,69.74604797363281
2024-01-02,STORE0003,SKU0065,40.888214111328125,41.538307189941406
2024-01-02,STORE0003,SKU0066,23.36248779296875,20.67508316040039
2024-01-02,STORE0003,SKU0067,31.283945083618164,30.183048248291016
2024-01-02,STORE0003,SKU0068,31.042823791503906,31.4738826751709
2024-01-02,STORE0003,SKU0069,57.31682586669922,58.15388488769531
2024-01-02,STORE0003,SKU0070,76.060302734375,75.80265045166016
2024-01-02,STORE0003,SKU0071,24.846385955810547,24.815553665161133
2024-01-02,STORE0003,SKU0073,8.445266723632812,8.05548095703125
2024-01-02,STORE0003,SKU0075,26.021148681640625,27.499013900756836
2024-01-02,STORE0003,SKU0076,24.14413070678711,22.51154327392578
2024-01-02,STORE0003,SKU0077,39.306297302246094,41.79035568237305
2024-01-02,STORE0003,SKU0082,43.905067443847656,41.33770751953125
2024-01-02,STORE0003,SKU0084,19.77423095703125,20.59010887145996
2024-01-02,STORE0003,SKU0086,7.44647216796875,7.0285186767578125
2024-01-02,STORE0003,SKU0087,24.801193237304688,21.49449920654297
2024-01-02,STORE0003,SKU0088,19.416332244873047,17.397865295410156
2024-01-02,STORE0003,SKU0089,33.286048889160156,34.84469223022461
2024-01-02,STORE0003,SKU0091,14.887466430664062,13.571732521057129
2024-01-02,STORE0003,SKU0092,69.43315124511719,65.69740295410156
2024-01-02,STORE0003,SKU0093,52.63408279418945,54.63721466064453
2024-01-02,STORE0003,SKU0094,45.452938079833984,44.81018829345703
2024-01-02,STORE0003,SKU0095,24.25286102294922,22.32521629333496
2024-01-02,STORE0003,SKU0096,68.5497055053711,69.5624771118164
2024-01-02,STORE0003,SKU0097,51.7565803527832,51.94709014892578
2024-01-02,STORE0003,SKU0099,70.80728149414062,78.06754302978516
2024-01-02,STORE0003,SKU0100,63.14934539794922,70.27389526367188
2024-01-02,STORE0003,SKU0101,12.639297485351562,12.19318962097168
2024-01-02,STORE0004,SKU0001,102.98546600341797,102.06455993652344
2024-01-02,STORE0004,SKU0002,68.02877807617188,65.50422668457031
2024-01-02,STORE0004,SKU0003,23.989810943603516,23.6378231048584
2024-01-02,STORE0004,SKU0005,77.96927642822266,77.7337646484375
2024-01-02,STORE0004,SKU0007,30.72859764099121,28.47600746154785
2024-01-02,STORE0004,SKU0008,26.552135467529297,25.04183006286621
2024-01-02,STORE0004,SKU0009,60.96685028076172,59.615989685058594
2024-01-02,STORE0004,SKU0012,46.442718505859375,46.256065368652344
2024-01-02,STORE0004,SKU0013,85.66704559326172,87.25708770751953
2024-01-02,STORE0004,SKU0014,60.54574203491211,59.24189376831055
2024-01-02,STORE0004,SKU0015,14.578166961669922,12.034523963928223
2024-01-02,STORE0004,SKU0017,102.93952941894531,101.6753921508789
2024-01-02,STORE0004,SKU0018,90.41267395019531,88.34656524658203
2024-01-02,STORE0004,SKU0019,18.98202133178711,16.776731491088867
2024-01-02,STORE0004,SKU0020,52.70925521850586,55.509586334228516
2024-01-02,STORE0004,SKU0021,58.083656311035156,61.605079650878906
2024-01-02,STORE0004,SKU0023,72.92196655273438,67.34420776367188
2024-01-02,STORE0004,SKU0024,58.44526672363281,62.51827621459961
2024-01-02,STORE0004,SKU0025,26.592941284179688,29.518840789794922
2024-01-02,STORE0004,SKU0026,91.50947570800781,100.371826171875
2024-01-02,STORE0004,SKU0027,103.75934600830078,110.444091796875
2024-01-02,STORE0004,SKU0028,103.75013732910156,107.70110321044922
2024-01-02,STORE0004,SKU0029,27.4266414642334,35.29888916015625
2024-01-02,STORE0004,SKU0031,48.533973693847656,56.185279846191406
2024-01-02,STORE0004,SKU0032,63.8309440612793,71.27562713623047
2024-01-02,STORE0004,SKU0033,86.52969360351562,98.68761444091797
2024-01-02,STORE0004,SKU0034,128.4001922607422,136.05833435058594
2024-01-02,STORE0004,SKU0035,153.63784790039062,147.7758331298828
2024-01-02,STORE0004,SKU0036,38.17723083496094,48.24866485595703
2024-01-02,STORE0004,SKU0037,90.00371551513672,105.61906433105469
2024-01-02,STORE0004,SKU0038,80.18553161621094,101.28378295898438
2024-01-02,STORE0004,SKU0039,14.554214477539062,17.232778549194336
2024-01-02,STORE0004,SKU0040,19.78278350830078,26.384986877441406
2024-01-02,STORE0004,SKU0041,73.87449645996094,84.01103210449219
2024-01-02,STORE0004,SKU0045,57.405128479003906,68.44540405273438
2024-01-02,STORE0004,SKU0046,81.18283081054688,92.8883056640625
2024-01-02,STORE0004,SKU0047,65.82074737548828,75.79816436767578
2024-01-02,STORE0004,SKU0048,58.298763275146484,69.65227508544922
2024-01-02,STORE0004,SKU0049,50.98653793334961,49.179344177246094
2024-01-02,STORE0004,SKU0050,19.61031723022461,17.347280502319336
2024-01-02,STORE0004,SKU0051,71.17913818359375,73.55085754394531
2024-01-02,STORE0004,SKU0052,58.114192962646484,58.39064407348633
2024-01-02,STORE0004,SKU0053,34.16413497924805,33.33857345581055
2024-01-02,STORE0004,SKU0054,81.35436248779297,73.71271514892578
2024-01-02,STORE0004,SKU0055,16.007320404052734,14.854901313781738
2024-01-02,STORE0004,SKU0056,23.867095947265625,23.963529586791992
2024-01-02,STORE0004,SKU0057,87.96244812011719,88.83013153076172
2024-01-02,STORE0004,SKU0058,95.05477142333984,92.60555267333984
2024-01-02,STORE0004,SKU0060,62.684234619140625,59.5193977355957
2024-01-02,STORE0004,SKU0061,97.16512298583984,92.6996078491211
2024-01-02,STORE0004,SKU0062,19.799293518066406,18.54366111755371
2024-01-02,STORE0004,SKU0063,53.91086196899414,53.243587493896484
2024-01-02,STORE0004,SKU0064,93.98957824707031,89.8985366821289
2024-01-02,STORE0004,SKU0065,58.26686477661133,56.54876708984375
2024-01-02,STORE0004,SKU0066,30.770727157592773,29.26490592956543
2024-01-02,STORE0004,SKU0068,43.83893966674805,37.37002944946289
2024-01-02,STORE0004,SKU0070,105.10601806640625,100.02357482910156
2024-01-02,STORE0004,SKU0071,34.45818328857422,30.76565170288086
2024-01-02,STORE0004,SKU0072,40.0040397644043,37.232444763183594
2024-01-02,STORE0004,SKU0075,34.927574157714844,35.58380889892578
2024-01-02,STORE0004,SKU0076,33.070030212402344,29.08479881286621
2024-01-02,STORE0004,SKU0077,57.04182052612305,58.37770080566406
2024-01-02,STORE0004,SKU0078,31.414142608642578,31.894187927246094
2024-01-02,STORE0004,SKU0079,83.43582916259766,83.32568359375
2024-01-02,STORE0004,SKU0081,70.91946411132812,73.90348052978516
2024-01-02,STORE0004,SKU0085,64.76652526855469,62.72507858276367
2024-01-02,STORE0004,SKU0087,33.3197021484375,31.369781494140625
2024-01-02,STORE0004,SKU0088,25.86660385131836,24.19837760925293
2024-01-02,STORE0004,SKU0090,22.467708587646484,20.275127410888672
2024-01-02,STORE0004,SKU0091,20.36715316772461,20.36153221130371
2024-01-02,STORE0004,SKU0092,98.43489837646484,88.65958404541016
2024-01-02,STORE0004,SKU0093,73.5082015991211,81.92867279052734
2024-01-02,STORE0004,SKU0095,31.679136276245117,32.43115997314453
2024-01-02,STORE0004,SKU0096,97.0853271484375,95.8980484008789
2024-01-02,STORE0004,SKU0097,70.36425018310547,72.99276733398438
2024-01-02,STORE0004,SKU0098,42.46936798095703,38.38325881958008
2024-01-02,STORE0004,SKU0099,97.6275863647461,92.74925994873047
2024-01-02,STORE0004,SKU0100,87.2549057006836,87.86402893066406
2024-01-02,STORE0004,SKU0101,17.806289672851562,15.833050727844238
2024-01-02,STORE0004,SKU0102,99.59255981445312,92.78046417236328
2024-01-02,STORE0005,SKU0001,104.12203979492188,102.28663635253906
2024-01-02,STORE0005,SKU0002,68.0622787475586,62.13722229003906
2024-01-02,STORE0005,SKU0003,24.487056732177734,22.326173782348633
2024-01-02,STORE0005,SKU0004,95.08576965332031,93.32564544677734
2024-01-02,STORE0005,SKU0005,80.14368438720703,72.96372985839844
2024-01-02,STORE0005,SKU0006,108.23384094238281,100.3882827758789
2024-01-02,STORE0005,SKU0007,31.487773895263672,29.883197784423828
2024-01-02,STORE0005,SKU0009,61.08899688720703,61.844154357910156
2024-01-02,STORE0005,SKU0010,39.30520248413086,34.28773498535156
2024-01-02,STORE0005,SKU0011,23.651203155517578,20.490224838256836
2024-01-02,STORE0005,SKU0012,46.955596923828125,44.30153274536133
2024-01-02,STORE0005,SKU0013,85.10746002197266,85.27969360351562
2024-01-02,STORE0005,SKU0014,61.125160217285156,54.76655578613281
2024-01-02,STORE0005,SKU0015,14.602710723876953,11.622563362121582
2024-01-02,STORE0005,SKU0016,27.302623748779297,24.4694881439209
2024-01-02,STORE0005,SKU0018,91.335693359375,81.98345947265625
2024-01-02,STORE0005,SKU0019,19.014930725097656,15.80912971496582
2024-01-02,STORE0005,SKU0020,53.251861572265625,51.0994758605957
2024-01-02,STORE0005,SKU0021,57.759464263916016,58.5451545715332
2024-01-02,STORE0005,SKU0022,100.01731872558594,94.66400146484375
2024-01-02,STORE0005,SKU0023,72.70250701904297,66.25289916992188
2024-01-02,STORE0005,SKU0026,90.41809844970703,95.68634796142578
2024-01-02,STORE0005,SKU0027,103.6784439086914,106.83724212646484
2024-01-02,STORE0005,SKU0028,105.10873413085938,111.95216369628906
2024-01-02,STORE0005,SKU0031,47.83370590209961,56.47721481323242
2024-01-02,STORE0005,SKU0033,84.09654235839844,96.8146743774414
2024-01-02,STORE0005,SKU0034,125.56515502929688,127.95819854736328
2024-01-02,STORE0005,SKU0035,146.0070037841797,143.1370391845703
2024-01-02,STORE0005,SKU0036,36.561500549316406,43.45486831665039
2024-01-02,STORE0005,SKU0038,81.60218048095703,97.18563079833984
2024-01-02,STORE0005,SKU0039,14.658584594726562,19.063827514648438
2024-01-02,STORE0005,SKU0040,19.943099975585938,22.221843719482422
2024-01-02,STORE0005,SKU0041,75.12194061279297,78.89485931396484
2024-01-02,STORE0005,SKU0043,41.4005126953125,48.87179946899414
2024-01-02,STORE0005,SKU0045,57.619876861572266,60.8360710144043
2024-01-02,STORE0005,SKU0048,59.22595977783203,67.84400177001953
2024-01-02,STORE0005,SKU0049,51.890655517578125,50.11738967895508
2024-01-02,STORE0005,SKU0050,19.249427795410156,16.875295639038086
2024-01-02,STORE0005,SKU0051,71.94706726074219,76.80284881591797
2024-01-02,STORE0005,SKU0052,59.981388092041016,57.356597900390625
2024-01-02,STORE0005,SKU0053,34.72022247314453,31.48902702331543
2024-01-02,STORE0005,SKU0054,82.66989135742188,80.75501251220703
2024-01-02,STORE0005,SKU0055,16.16485595703125,14.411540031433105
2024-01-02,STORE0005,SKU0056,24.162582397460938,23.677692413330078
2024-01-02,STORE0005,SKU0057,88.44491577148438,89.58657836914062
2024-01-02,STORE0005,SKU0058,97.18074035644531,91.86830139160156
2024-01-02,STORE0005,SKU0060,63.69940185546875,64.25285339355469
2024-01-02,STORE0005,SKU0062,19.538291931152344,18.053455352783203
2024-01-02,STORE0005,SKU0063,53.7333984375,51.179073333740234
2024-01-02,STORE0005,SKU0064,96.08662414550781,92.61630249023438
2024-01-02,STORE0005,SKU0066,31.185775756835938,25.938783645629883
2024-01-02,STORE0005,SKU0067,43.673980712890625,42.96057891845703
2024-01-02,STORE0005,SKU0068,44.21277618408203,40.416290283203125
2024-01-02,STORE0005,SKU0070,107.30352783203125,99.642578125
2024-01-02,STORE0005,SKU0071,34.91517639160156,31.41693687438965
2024-01-02,STORE0005,SKU0072,40.52531814575195,39.53898239135742
2024-01-02,STORE0005,SKU0073,11.852436065673828,10.053319931030273
2024-01-02,STORE0005,SKU0074,58.091651916503906,55.31896209716797
2024-01-02,STORE0005,SKU0075,35.791481018066406,36.75566101074219
2024-01-02,STORE0005,SKU0076,33.50333786010742,29.04215431213379
2024-01-02,STORE0005,SKU0077,57.58852005004883,51.92832946777344
2024-01-02,STORE0005,SKU0079,84.22900390625,77.3752670288086
2024-01-02,STORE0005,SKU0080,79.97592163085938,75.39997863769531
2024-01-02,STORE0005,SKU0081,71.25960540771484,70.1874771118164
2024-01-02,STORE0005,SKU0082,63.17745590209961,62.8625602722168
2024-01-02,STORE0005,SKU0083,89.71705627441406,86.0038070678711
2024-01-02,STORE0005,SKU0084,27.086612701416016,23.370325088500977
2024-01-02,STORE0005,SKU0085,66.83689880371094,74.60348510742188
2024-01-02,STORE0005,SKU0086,10.676483154296875,8.932148933410645
2024-01-02,STORE0005,SKU0087,33.692596435546875,30.16426658630371
2024-01-02,STORE0005,SKU0088,26.21145248413086,24.529067993164062
2024-01-02,STORE0005,SKU0089,48.23457336425781,48.23890686035156
2024-01-02,STORE0005,SKU0091,20.485607147216797,17.877981185913086
2024-01-02,STORE0005,SKU0094,65.83700561523438,65.49700927734375
2024-01-02,STORE0005,SKU0095,32.48423767089844,33.34556579589844
2024-01-02,STORE0005,SKU0096,98.13139343261719,97.62805938720703
2024-01-02,STORE0005,SKU0098,43.84613037109375,43.89246368408203
2024-01-02,STORE0005,SKU0100,87.54438781738281,87.09600067138672
2024-01-02,STORE0005,SKU0101,17.400936126708984,14.992199897766113
2024-01-02,STORE0005,SKU0102,99.18058013916016,96.90056610107422
2024-01-02,STORE0006,SKU0001,103.92503356933594,98.74887084960938
2024-01-02,STORE0006,SKU0003,24.206172943115234,21.128334045410156
2024-01-02,STORE0006,SKU0004,94.12645721435547,90.07947540283203
2024-01-02,STORE0006,SKU0005,78.62757873535156,77.416015625
2024-01-02,STORE0006,SKU0006,106.87152099609375,98.8675308227539
2024-01-02,STORE0006,SKU0007,31.382732391357422,28.830705642700195
2024-01-02,STORE0006,SKU0008,26.791561126708984,24.37908363342285
2024-01-02,STORE0006,SKU0009,60.37250518798828,56.17998504638672
2024-01-02,STORE0006,SKU0010,38.59226989746094,35.336578369140625
2024-01-02,STORE0006,SKU0011,23.79863739013672,20.250812530517578
2024-01-02,STORE0006,SKU0012,46.812904357910156,42.73544692993164
2024-01-02,STORE0006,SKU0013,84.51254272460938,91.2678451538086
2024-01-02,STORE0006,SKU0017,103.63887023925781,99.1092758178711
2024-01-02,STORE0006,SKU0018,90.98246002197266,85.27638244628906
2024-01-02,STORE0006,SKU0019,19.34143829345703,16.40959930419922
2024-01-02,STORE0006,SKU0020,53.17327880859375,51.42772674560547
2024-01-02,STORE0006,SKU0021,57.22142791748047,52.223812103271484
2024-01-02,STORE0006,SKU0022,98.2090072631836,94.4132080078125
2024-01-02,STORE0006,SKU0023,72.7374038696289,69.5583267211914
2024-01-02,STORE0006,SKU0025,27.286569595336914,32.68895721435547
2024-01-02,STORE0006,SKU0026,91.37083435058594,100.82589721679688
2024-01-02,STORE0006,SKU0028,104.52064514160156,105.72119903564453
2024-01-02,STORE0006,SKU0029,27.294288635253906,33.483642578125
2024-01-02,STORE0006,SKU0030,40.64392852783203,49.72176742553711
2024-01-02,STORE0006,SKU0031,48.99461364746094,58.7289924621582
2024-01-02,STORE0006,SKU0032,64.03535461425781,71.73101043701172
2024-01-02,STORE0006,SKU0033,88.32150268554688,103.98269653320312
2024-01-02,STORE0006,SKU0034,129.45281982421875,125.16228485107422
2024-01-02,STORE0006,SKU0035,159.1854705810547,143.57606506347656
2024-01-02,STORE0006,SKU0036,37.26573944091797,43.28034591674805
2024-01-02,STORE0006,SKU0037,90.91140747070312,100.53507995605469
2024-01-02,STORE0006,SKU0038,80.4806137084961,97.72576904296875
2024-01-02,STORE0006,SKU0039,14.45956802368164,17.12325668334961
2024-01-02,STORE0006,SKU0040,19.615970611572266,25.751636505126953
2024-01-02,STORE0006,SKU0041,74.81389617919922,84.6782455444336
2024-01-02,STORE0006,SKU0042,12.00265121459961,16.329002380371094
2024-01-02,STORE0006,SKU0044,74.50138854980469,89.96365356445312
2024-01-02,STORE0006,SKU0045,57.40904235839844,69.14922332763672
2024-01-02,STORE0006,SKU0046,80.5591049194336,88.77007293701172
2024-01-02,STORE0006,SKU0047,65.82496643066406,84.36304473876953
2024-01-02,STORE0006,SKU0048,59.95452117919922,71.74217224121094
2024-01-02,STORE0006,SKU0050,19.52353286743164,16.782546997070312
2024-01-02,STORE0006,SKU0052,59.930545806884766,60.147056579589844
2024-01-02,STORE0006,SKU0053,34.3218879699707,30.641260147094727
2024-01-02,STORE0006,SKU0054,81.29020690917969,85.85096740722656
2024-01-02,STORE0006,SKU0055,16.106998443603516,15.762787818908691
2024-01-02,STORE0006,SKU0056,23.796794891357422,22.91522789001465
2024-01-02,STORE0006,SKU0057,87.48500061035156,89.37799835205078
2024-01-02,STORE0006,SKU0058,96.0713882446289,98.25139617919922
2024-01-02,STORE0006,SKU0060,63.75537109375,60.81492614746094
2024-01-02,STORE0006,SKU0063,53.80845642089844,44.477333068847656
2024-01-02,STORE0006,SKU0064,97.09978485107422,94.91289520263672
2024-01-02,STORE0006,SKU0065,59.089324951171875,57.565704345703125
2024-01-02,STORE0006,SKU0066,31.038501739501953,30.64900016784668
2024-01-02,STORE0006,SKU0067,43.098731994628906,38.03478240966797
2024-01-02,STORE0006,SKU0069,78.88768768310547,77.15188598632812
2024-01-02,STORE0006,SKU0070,104.37205505371094,99.33934020996094
2024-01-02,STORE0006,SKU0071,34.545928955078125,31.141799926757812
2024-01-02,STORE0006,SKU0072,40.316184997558594,34.961605072021484
2024-01-02,STORE0006,SKU0073,12.054206848144531,10.727718353271484
2024-01-02,STORE0006,SKU0075,35.5565071105957,38.3232307434082
2024-01-02,STORE0006,SKU0076,33.44409942626953,27.889883041381836
2024-01-02,STORE0006,SKU0077,58.044708251953125,57.79802703857422
2024-01-02,STORE0006,SKU0081,70.89275360107422,68.03250885009766
2024-01-02,STORE0006,SKU0084,26.751789093017578,28.07785987854004
2024-01-02,STORE0006,SKU0085,66.02090454101562,72.42330932617188
2024-01-02,STORE0006,SKU0087,33.217525482177734,27.53754234313965
2024-01-02,STORE0006,SKU0088,25.859630584716797,25.362701416015625
2024-01-02,STORE0006,SKU0090,22.670753479003906,20.10390281677246
2024-01-02,STORE0006,SKU0091,20.267593383789062,16.93328094482422
2024-01-02,STORE0006,SKU0092,98.08971405029297,92.9737548828125
2024-01-02,STORE0006,SKU0094,64.51239013671875,67.18533325195312
2024-01-02,STORE0006,SKU0095,31.85660171508789,29.423940658569336
2024-01-02,STORE0006,SKU0096,98.12728118896484,95.97845458984375
2024-01-02,STORE0006,SKU0097,71.61114501953125,72.17354583740234
2024-01-02,STORE0006,SKU0098,43.14093017578125,38.27159881591797
2024-01-02,STORE0006,SKU0099,97.8031997680664,89.41846466064453
2024-01-02,STORE0006,SKU0100,87.89923095703125,89.46459197998047
2024-01-02,STORE0006,SKU0101,17.635555267333984,15.465656280517578
2024-01-02,STORE0006,SKU0102,97.99895477294922,90.91361236572266
2024-01-02,STORE0007,SKU0001,72.98448181152344,86.363037109375
2024-01-02,STORE0007,SKU0002,49.023292541503906,49.11215591430664
2024-01-02,STORE0007,SKU0003,18.61353302001953,16.71393585205078
2024-01-02,STORE0007,SKU0004,68.73834991455078,68.16395568847656
2024-01-02,STORE0007,SKU0006,76.69815063476562,70.17780303955078
2024-01-02,STORE0007,SKU0008,19.581653594970703,17.92186164855957
2024-01-02,STORE0007,SKU0009,43.37538146972656,44.5194091796875
2024-01-02,STORE0007,SKU0011,17.67532730102539,14.103175163269043
2024-01-02,STORE0007,SKU0012,33.097129821777344,32.80696487426758
2024-01-02,STORE0007,SKU0013,60.5733642578125,61.74571990966797
2024-01-02,STORE0007,SKU0015,11.696102142333984,7.612775802612305
2024-01-02,STORE0007,SKU0016,20.78582763671875,19.568912506103516
2024-01-02,STORE0007,SKU0018,64.8318099975586,65.11346435546875
2024-01-02,STORE0007,SKU0020,37.836395263671875,36.983802795410156
2024-01-02,STORE0007,SKU0022,70.14567565917969,73.94524383544922
2024-01-02,STORE0007,SKU0023,51.89451599121094,55.13645553588867
2024-01-02,STORE0007,SKU0024,41.093353271484375,42.717159271240234
2024-01-02,STORE0007,SKU0025,20.216503143310547,23.752065658569336
2024-01-02,STORE0007,SKU0026,66.95621490478516,72.53799438476562
2024-01-02,STORE0007,SKU0027,73.95320129394531,90.23859405517578
2024-01-02,STORE0007,SKU0028,73.69366455078125,89.66979217529297
2024-01-02,STORE0007,SKU0029,21.033512115478516,25.142961502075195
2024-01-02,STORE0007,SKU0030,29.342069625854492,37.65172576904297
2024-01-02,STORE0007,SKU0031,36.0039176940918,42.83242416381836
2024-01-02,STORE0007,SKU0032,44.02996826171875,53.76840591430664
2024-01-02,STORE0007,SKU0034,91.4813232421875,111.01265716552734
2024-01-02,STORE0007,SKU0035,110.79522705078125,125.36511993408203
2024-01-02,STORE0007,SKU0036,29.064390182495117,33.10182189941406
2024-01-02,STORE0007,SKU0037,66.24413299560547,83.61528778076172
2024-01-02,STORE0007,SKU0038,58.49854278564453,78.80682373046875
2024-01-02,STORE0007,SKU0039,11.284542083740234,12.993178367614746
2024-01-02,STORE0007,SKU0040,14.792938232421875,17.506187438964844
2024-01-02,STORE0007,SKU0043,29.397476196289062,36.60309982299805
2024-01-02,STORE0007,SKU0044,53.2397346496582,69.16470336914062
2024-01-02,STORE0007,SKU0045,40.864891052246094,52.47886276245117
2024-01-02,STORE0007,SKU0046,57.783382415771484,75.15748596191406
2024-01-02,STORE0007,SKU0047,47.65171432495117,66.86263275146484
2024-01-02,STORE0007,SKU0048,41.682125091552734,50.32162094116211
2024-01-02,STORE0007,SKU0049,36.811588287353516,37.46663284301758
2024-01-02,STORE0007,SKU0050,14.294139862060547,11.962881088256836
2024-01-02,STORE0007,SKU0053,25.12771987915039,25.166807174682617
2024-01-02,STORE0007,SKU0055,12.33530044555664,10.397555351257324
2024-01-02,STORE0007,SKU0056,18.36660385131836,16.6231689453125
2024-01-02,STORE0007,SKU0058,70.11357879638672,70.59264373779297
2024-01-02,STORE0007,SKU0059,19.710155487060547,18.234952926635742
2024-01-02,STORE0007,SKU0060,46.23661804199219,48.75564193725586
2024-01-02,STORE0007,SKU0061,68.938232421875,66.18678283691406
2024-01-02,STORE0007,SKU0062,15.27874755859375,13.048958778381348
2024-01-02,STORE0007,SKU0063,38.05251693725586,40.36735534667969
2024-01-02,STORE0007,SKU0065,41.437049865722656,42.09772872924805
2024-01-02,STORE0007,SKU0066,24.03960418701172,20.006208419799805
2024-01-02,STORE0007,SKU0067,31.740657806396484,30.003145217895508
2024-01-02,STORE0007,SKU0068,31.869497299194336,30.910823822021484
2024-01-02,STORE0007,SKU0072,29.22221565246582,26.56129264831543
2024-01-02,STORE0007,SKU0073,9.060134887695312,8.12275218963623
2024-01-02,STORE0007,SKU0074,41.058082580566406,40.66183090209961
2024-01-02,STORE0007,SKU0075,26.53415298461914,26.15707778930664
2024-01-02,STORE0007,SKU0076,24.776390075683594,23.22180938720703
2024-01-02,STORE0007,SKU0078,24.56011962890625,22.974878311157227
2024-01-02,STORE0007,SKU0079,59.842105865478516,61.3126220703125
2024-01-02,STORE0007,SKU0080,56.65974044799805,49.96225357055664
2024-01-02,STORE0007,SKU0081,50.94932174682617,50.709510803222656
2024-01-02,STORE0007,SKU0082,45.11573791503906,48.79084396362305
2024-01-02,STORE0007,SKU0083,64.28038024902344,67.01554107666016
2024-01-02,STORE0007,SKU0084,20.28261947631836,16.05166244506836
2024-01-02,STORE0007,SKU0085,48.141544342041016,47.53636932373047
2024-01-02,STORE0007,SKU0086,8.138484954833984,7.126164436340332
2024-01-02,STORE0007,SKU0087,25.35219955444336,21.69619369506836
2024-01-02,STORE0007,SKU0088,20.082618713378906,17.878650665283203
2024-01-02,STORE0007,SKU0089,33.826839447021484,31.522579193115234
2024-01-02,STORE0007,SKU0090,17.385208129882812,15.944073677062988
2024-01-02,STORE0007,SKU0093,53.311805725097656,53.28065490722656
2024-01-02,STORE0007,SKU0094,45.72514343261719,44.55759048461914
2024-01-02,STORE0007,SKU0096,69.5317153930664,72.37586212158203
2024-01-02,STORE0007,SKU0097,52.242462158203125,47.37708282470703
2024-01-02,STORE0007,SKU0098,31.123207092285156,33.10651779174805
2024-01-02,STORE0007,SKU0099,71.3106460571289,72.34041595458984
2024-01-02,STORE0007,SKU0100,63.3376579284668,66.00923156738281
2024-01-02,STORE0007,SKU0101,13.191413879394531,10.826946258544922
2024-01-02,STORE0007,SKU0102,70.78221893310547,67.81661987304688
2024-01-02,STORE0008,SKU0001,103.372314453125,101.6247787475586
2024-01-02,STORE0008,SKU0002,66.92802429199219,63.67234802246094
2024-01-02,STORE0008,SKU0003,24.02608871459961,22.778017044067383
2024-01-02,STORE0008,SKU0004,93.59027099609375,89.1619644165039
2024-01-02,STORE0008,SKU0005,78.17691802978516,78.47281646728516
2024-01-02,STORE0008,SKU0006,106.22120666503906,96.07524871826172
2024-01-02,STORE0008,SKU0007,30.91845703125,27.771760940551758
2024-01-02,STORE0008,SKU0008,26.490760803222656,24.61670684814453
2024-01-02,STORE0008,SKU0009,60.757545471191406,60.69385528564453
2024-01-02,STORE0008,SKU0010,38.652191162109375,34.68767166137695
2024-01-02,STORE0008,SKU0011,23.284194946289062,18.542356491088867
2024-01-02,STORE0008,SKU0012,46.70368957519531,43.364749908447266
2024-01-02,STORE0008,SKU0013,85.01725769042969,89.11172485351562
2024-01-02,STORE0008,SKU0014,60.40500259399414,60.01604461669922
2024-01-02,STORE0008,SKU0015,14.092399597167969,11.98960018157959
2024-01-02,STORE0008,SKU0016,26.78070068359375,25.190887451171875
2024-01-02,STORE0008,SKU0018,89.89441680908203,83.7121353149414
2024-01-02,STORE0008,SKU0020,52.99251937866211,55.85649871826172
2024-01-02,STORE0008,SKU0022,99.58785247802734,89.82659149169922
2024-01-02,STORE0008,SKU0025,26.928211212158203,32.424991607666016
2024-01-02,STORE0008,SKU0027,103.14054870605469,102.97261047363281
2024-01-02,STORE0008,SKU0028,103.9263916015625,109.3612060546875
2024-01-02,STORE0008,SKU0029,27.33023452758789,34.22567367553711
2024-01-02,STORE0008,SKU0030,39.886749267578125,48.336490631103516
2024-01-02,STORE0008,SKU0031,47.9635009765625,57.85426712036133
2024-01-02,STORE0008,SKU0033,86.27815246582031,99.8250961303711
2024-01-02,STORE0008,SKU0035,143.60501098632812,137.6161651611328
2024-01-02,STORE0008,SKU0038,79.48565673828125,96.77476501464844
2024-01-02,STORE0008,SKU0039,14.316879272460938,19.843168258666992
2024-01-02,STORE0008,SKU0040,19.808265686035156,26.211181640625
2024-01-02,STORE0008,SKU0041,74.06402587890625,86.4229965209961
2024-01-02,STORE0008,SKU0042,11.701423645019531,16.691545486450195
2024-01-02,STORE0008,SKU0043,40.79408264160156,48.7053337097168
2024-01-02,STORE0008,SKU0044,73.20679473876953,86.76963806152344
2024-01-02,STORE0008,SKU0045,58.14725112915039,74.29483795166016
2024-01-02,STORE0008,SKU0046,80.9007797241211,88.33499145507812
2024-01-02,STORE0008,SKU0047,66.8184814453125,73.55779266357422
2024-01-02,STORE0008,SKU0048,58.78831100463867,69.28250885009766
2024-01-02,STORE0008,SKU0049,51.18880844116211,49.13698959350586
2024-01-02,STORE0008,SKU0051,70.7020034790039,75.22750091552734
2024-01-02,STORE0008,SKU0055,15.812374114990234,15.050536155700684
2024-01-02,STORE0008,SKU0056,23.785430908203125,22.60049819946289
2024-01-02,STORE0008,SKU0057,87.0733871459961,87.1046371459961
2024-01-02,STORE0008,SKU0059,25.99661636352539,26.53748321533203
2024-01-02,STORE0008,SKU0060,62.38096237182617,60.529640197753906
2024-01-02,STORE0008,SKU0061,96.72837829589844,91.95957946777344
2024-01-02,STORE0008,SKU0062,19.281757354736328,18.4508056640625
2024-01-02,STORE0008,SKU0064,95.58407592773438,91.09984588623047
2024-01-02,STORE0008,SKU0065,58.143917083740234,56.61910629272461
2024-01-02,STORE0008,SKU0066,30.93094825744629,29.056692123413086
2024-01-02,STORE0008,SKU0067,43.03766632080078,40.477386474609375
2024-01-02,STORE0008,SKU0072,40.47349166870117,38.284156799316406
2024-01-02,STORE0008,SKU0074,57.818939208984375,59.754756927490234
2024-01-02,STORE0008,SKU0075,35.227264404296875,33.10710144042969
2024-01-02,STORE0008,SKU0076,33.46548080444336,31.85224151611328
2024-01-02,STORE0008,SKU0077,57.86219024658203,55.861328125
2024-01-02,STORE0008,SKU0078,31.912500381469727,32.95915222167969
2024-01-02,STORE0008,SKU0080,78.70378112792969,86.3928451538086
2024-01-02,STORE0008,SKU0081,70.97637939453125,64.60263061523438
2024-01-02,STORE0008,SKU0082,62.028560638427734,64.36863708496094
2024-01-02,STORE0008,SKU0083,89.70995330810547,94.51323699951172
2024-01-02,STORE0008,SKU0084,26.726238250732422,26.78237533569336
2024-01-02,STORE0008,SKU0085,66.18209838867188,71.01516723632812
2024-01-02,STORE0008,SKU0086,10.277118682861328,9.187386512756348
2024-01-02,STORE0008,SKU0087,33.603240966796875,33.90885543823242
2024-01-02,STORE0008,SKU0088,25.88957977294922,21.95260238647461
2024-01-02,STORE0008,SKU0089,46.69151306152344,46.1978874206543
2024-01-02,STORE0008,SKU0090,22.58013153076172,23.382925033569336
2024-01-02,STORE0008,SKU0091,20.252899169921875,20.83350944519043
2024-01-02,STORE0008,SKU0092,96.94606018066406,94.2583236694336
2024-01-02,STORE0008,SKU0093,74.43962097167969,73.07254791259766
2024-01-02,STORE0008,SKU0094,64.86454010009766,69.28821563720703
2024-01-02,STORE0008,SKU0095,31.613739013671875,29.749553680419922
2024-01-02,STORE0008,SKU0096,96.99474334716797,95.43165588378906
2024-01-02,STORE0008,SKU0097,71.16959381103516,72.45903778076172
2024-01-02,STORE0008,SKU0098,42.72037124633789,40.5936393737793
2024-01-02,STORE0008,SKU0099,98.20460510253906,93.47843170166016
2024-01-02,STORE0008,SKU0100,87.4049301147461,88.2411117553711
2024-01-02,STORE0008,SKU0101,16.92974853515625,14.836650848388672
2024-01-02,STORE0008,SKU0102,99.05569458007812,92.55911254882812
2024-01-02,STORE0009,SKU0001,88.70162963867188,93.26982116699219
2024-01-02,STORE0009,SKU0002,59.453887939453125,57.68952178955078
2024-01-02,STORE0009,SKU0003,20.82642364501953,18.318147659301758
2024-01-02,STORE0009,SKU0005,68.54000091552734,70.5357894897461
2024-01-02,STORE0009,SKU0006,92.46058654785156,92.84815216064453
2024-01-02,STORE0009,SKU0008,22.74213409423828,23.34388542175293
2024-01-02,STORE0009,SKU0009,52.345157623291016,50.42091369628906
2024-01-02,STORE0009,SKU0010,33.16213607788086,27.672555923461914
2024-01-02,STORE0009,SKU0011,20.20962142944336,17.654550552368164
2024-01-02,STORE0009,SKU0012,39.920616149902344,38.4463996887207
2024-01-02,STORE0009,SKU0013,73.72480773925781,83.79480743408203
2024-01-02,STORE0009,SKU0015,12.563896179199219,9.982270240783691
2024-01-02,STORE0009,SKU0016,23.2376708984375,21.82764434814453
2024-01-02,STORE0009,SKU0017,88.30233764648438,95.4198989868164
2024-01-02,STORE0009,SKU0018,79.0860824584961,85.25459289550781
2024-01-02,STORE0009,SKU0019,16.05937957763672,12.941366195678711
2024-01-02,STORE0009,SKU0020,45.348915100097656,43.0975227355957
2024-01-02,STORE0009,SKU0022,85.0445556640625,89.13883209228516
2024-01-02,STORE0009,SKU0023,63.202301025390625,58.63087844848633
2024-01-02,STORE0009,SKU0024,50.34046173095703,50.232337951660156
2024-01-02,STORE0009,SKU0025,23.070682525634766,29.783802032470703
2024-01-02,STORE0009,SKU0027,89.73490905761719,94.77574920654297
2024-01-02,STORE0009,SKU0028,89.2113037109375,100.44376373291016
2024-01-02,STORE0009,SKU0030,34.85691833496094,40.116111755371094
2024-01-02,STORE0009,SKU0032,55.71648025512695,61.76701736450195
2024-01-02,STORE0009,SKU0033,79.14524841308594,97.62088012695312
2024-01-02,STORE0009,SKU0034,105.74483489990234,118.66204833984375
2024-01-02,STORE0009,SKU0035,128.73228454589844,137.8194122314453
2024-01-02,STORE0009,SKU0037,78.55503845214844,88.96302795410156
2024-01-02,STORE0009,SKU0038,70.6827163696289,85.26307678222656
2024-01-02,STORE0009,SKU0039,12.250667572021484,15.133963584899902
2024-01-02,STORE0009,SKU0041,66.56571197509766,79.72098541259766
2024-01-02,STORE0009,SKU0044,65.15792083740234,84.6292953491211
2024-01-02,STORE0009,SKU0045,50.213890075683594,60.532432556152344
2024-01-02,STORE0009,SKU0046,70.48102569580078,76.14244842529297
2024-01-02,STORE0009,SKU0047,57.347084045410156,69.4801025390625
2024-01-02,STORE0009,SKU0049,44.48270797729492,39.50368881225586
2024-01-02,STORE0009,SKU0050,16.59723663330078,15.354018211364746
2024-01-02,STORE0009,SKU0051,62.21204376220703,61.507999420166016
2024-01-02,STORE0009,SKU0052,51.896644592285156,50.8045654296875
2024-01-02,STORE0009,SKU0055,13.759082794189453,12.362168312072754
2024-01-02,STORE0009,SKU0057,77.59021759033203,78.16260528564453
2024-01-02,STORE0009,SKU0058,83.19839477539062,83.7145004272461
2024-01-02,STORE0009,SKU0059,22.561111450195312,23.968936920166016
2024-01-02,STORE0009,SKU0060,55.36565399169922,52.735721588134766
2024-01-02,STORE0009,SKU0061,84.08808898925781,88.86917877197266
2024-01-02,STORE0009,SKU0062,17.06555938720703,16.036785125732422
2024-01-02,STORE0009,SKU0063,46.954471588134766,47.2236213684082
2024-01-02,STORE0009,SKU0064,82.96986389160156,86.19828796386719
2024-01-02,STORE0009,SKU0065,51.30476379394531,51.32439422607422
2024-01-02,STORE0009,SKU0066,27.03409194946289,26.379480361938477
2024-01-02,STORE0009,SKU0067,37.35986328125,34.21002197265625
2024-01-02,STORE0009,SKU0068,38.13261413574219,35.19963836669922
2024-01-02,STORE0009,SKU0069,68.81729888916016,63.769927978515625
2024-01-02,STORE0009,SKU0070,91.088134765625,83.61991119384766
2024-01-02,STORE0009,SKU0071,29.586353302001953,27.819969177246094
2024-01-02,STORE0009,SKU0072,34.865203857421875,32.76704406738281
2024-01-02,STORE0009,SKU0074,50.23566436767578,52.84327697753906
2024-01-02,STORE0009,SKU0075,30.444772720336914,29.037322998046875
2024-01-02,STORE0009,SKU0076,28.40117645263672,27.10492515563965
2024-01-02,STORE0009,SKU0077,49.70282745361328,51.75361633300781
2024-01-02,STORE0009,SKU0078,27.54416275024414,29.006547927856445
2024-01-02,STORE0009,SKU0080,68.68667602539062,75.27127075195312
2024-01-02,STORE0009,SKU0082,54.0667839050293,53.24079895019531
2024-01-02,STORE0009,SKU0083,77.08802032470703,83.3458251953125
2024-01-02,STORE0009,SKU0084,23.184585571289062,21.845684051513672
2024-01-02,STORE0009,SKU0085,58.78718566894531,61.80344772338867
2024-01-02,STORE0009,SKU0086,9.212249755859375,8.47120475769043
2024-01-02,STORE0009,SKU0087,28.744823455810547,26.709524154663086
2024-01-02,STORE0009,SKU0088,22.314430236816406,20.931032180786133
2024-01-02,STORE0009,SKU0089,40.89210510253906,37.05323791503906
2024-01-02,STORE0009,SKU0090,19.286174774169922,18.265722274780273
2024-01-02,STORE0009,SKU0091,17.48724365234375,16.43421745300293
2024-01-02,STORE0009,SKU0092,82.92088317871094,84.41455841064453
2024-01-02,STORE0009,SKU0093,64.783203125,63.51596450805664
2024-01-02,STORE0009,SKU0096,83.26712036132812,86.2957763671875
2024-01-02,STORE0009,SKU0097,62.20439529418945,63.938663482666016
2024-01-02,STORE0009,SKU0098,37.43262481689453,37.845516204833984
2024-01-02,STORE0009,SKU0099,84.72199249267578,84.32012176513672
2024-01-02,STORE0009,SKU0102,86.18197631835938,88.77536010742188
2024-01-02,STORE0010,SKU0001,87.6319351196289,96.51122283935547
2024-01-02,STORE0010,SKU0004,81.25926208496094,88.81488800048828
2024-01-02,STORE0010,SKU0005,68.29580688476562,72.67706298828125
2024-01-02,STORE0010,SKU0006,90.85604858398438,86.01222229003906
2024-01-02,STORE0010,SKU0007,26.046951293945312,22.515188217163086
2024-01-02,STORE0010,SKU0010,32.763343811035156,29.06081771850586
2024-01-02,STORE0010,SKU0011,19.994747161865234,18.16033935546875
2024-01-02,STORE0010,SKU0012,39.358642578125,40.25861740112305
2024-01-02,STORE0010,SKU0013,72.3653564453125,81.08084106445312
2024-01-02,STORE0010,SKU0014,51.84468460083008,54.56355667114258
2024-01-02,STORE0010,SKU0015,12.279808044433594,9.393654823303223
2024-01-02,STORE0010,SKU0016,22.816936492919922,20.739913940429688
2024-01-02,STORE0010,SKU0017,87.28762817382812,85.80436706542969
2024-01-02,STORE0010,SKU0018,76.92485046386719,73.13200378417969
2024-01-02,STORE0010,SKU0019,15.903236389160156,15.00195598602295
2024-01-02,STORE0010,SKU0020,44.978851318359375,41.6060676574707
2024-01-02,STORE0010,SKU0021,49.09738540649414,49.93523406982422
2024-01-02,STORE0010,SKU0025,22.63951873779297,26.269771575927734
2024-01-02,STORE0010,SKU0028,86.24172973632812,104.01429748535156
2024-01-02,STORE0010,SKU0029,22.865516662597656,27.59603500366211
2024-01-02,STORE0010,SKU0030,34.12523651123047,42.44739532470703
2024-01-02,STORE0010,SKU0032,54.02452087402344,63.02034378051758
2024-01-02,STORE0010,SKU0034,106.54196166992188,125.8968276977539
2024-01-02,STORE0010,SKU0035,129.63119506835938,138.06915283203125
2024-01-02,STORE0010,SKU0036,32.37213897705078,37.96893310546875
2024-01-02,STORE0010,SKU0037,77.61747741699219,99.41673278808594
2024-01-02,STORE0010,SKU0038,69.05804443359375,91.0496826171875
2024-01-02,STORE0010,SKU0039,11.803001403808594,15.086771965026855
2024-01-02,STORE0010,SKU0040,16.527969360351562,19.489818572998047
2024-01-02,STORE0010,SKU0042,9.397907257080078,13.307765007019043
2024-01-02,STORE0010,SKU0043,34.03910827636719,47.00322723388672
2024-01-02,STORE0010,SKU0045,49.39126205444336,58.38218688964844
2024-01-02,STORE0010,SKU0046,67.24060821533203,82.75035095214844
2024-01-02,STORE0010,SKU0048,49.636512756347656,58.5025634765625
2024-01-02,STORE0010,SKU0050,16.291343688964844,15.908864974975586
2024-01-02,STORE0010,SKU0051,61.48744201660156,60.008419036865234
2024-01-02,STORE0010,SKU0052,50.805519104003906,50.88431167602539
2024-01-02,STORE0010,SKU0053,28.76243782043457,28.571420669555664
2024-01-02,STORE0010,SKU0054,70.26726531982422,65.74430847167969
2024-01-02,STORE0010,SKU0055,13.288551330566406,13.448338508605957
2024-01-02,STORE0010,SKU0056,20.00611114501953,20.078269958496094
2024-01-02,STORE0010,SKU0057,75.85086059570312,81.25590515136719
2024-01-02,STORE0010,SKU0058,81.44729614257812,79.7602310180664
2024-01-02,STORE0010,SKU0059,21.986438751220703,25.000816345214844
2024-01-02,STORE0010,SKU0060,54.88583755493164,55.20405960083008
2024-01-02,STORE0010,SKU0061,81.47760009765625,77.5180435180664
2024-01-02,STORE0010,SKU0063,45.89336013793945,51.14051055908203
2024-01-02,STORE0010,SKU0064,80.982666015625,81.51243591308594
2024-01-02,STORE0010,SKU0065,49.82543182373047,51.89439010620117
2024-01-02,STORE0010,SKU0067,36.59212112426758,33.14438247680664
2024-01-02,STORE0010,SKU0068,37.54570007324219,36.044921875
2024-01-02,STORE0010,SKU0069,67.7076416015625,66.63140869140625
2024-01-02,STORE0010,SKU0070,88.80229187011719,91.84774017333984
2024-01-02,STORE0010,SKU0073,9.469032287597656,9.36741828918457
2024-01-02,STORE0010,SKU0074,49.11628341674805,50.69193649291992
2024-01-02,STORE0010,SKU0075,29.982177734375,31.973236083984375
2024-01-02,STORE0010,SKU0076,27.819143295288086,26.92359733581543
2024-01-02,STORE0010,SKU0077,48.94407653808594,50.95853042602539
2024-01-02,STORE0010,SKU0078,26.91967010498047,29.029804229736328
2024-01-02,STORE0010,SKU0079,71.21753692626953,74.04280853271484
2024-01-02,STORE0010,SKU0080,66.58316802978516,73.6501235961914
2024-01-02,STORE0010,SKU0081,60.680931091308594,62.656646728515625
2024-01-02,STORE0010,SKU0083,76.29066467285156,84.00177001953125
2024-01-02,STORE0010,SKU0084,22.85354995727539,22.556232452392578
2024-01-02,STORE0010,SKU0085,57.45692443847656,64.21076965332031
2024-01-02,STORE0010,SKU0086,8.994911193847656,8.052248001098633
2024-01-02,STORE0010,SKU0087,28.139318466186523,24.742891311645508
2024-01-02,STORE0010,SKU0088,21.986557006835938,23.795732498168945
2024-01-02,STORE0010,SKU0089,40.334800720214844,36.535194396972656
2024-01-02,STORE0010,SKU0090,18.876998901367188,17.58759117126465
2024-01-02,STORE0010,SKU0092,81.29473114013672,83.76669311523438
2024-01-02,STORE0010,SKU0094,54.84600830078125,56.93779754638672
2024-01-02,STORE0010,SKU0095,27.05349349975586,30.71449089050293
2024-01-02,STORE0010,SKU0096,81.11860656738281,78.2792739868164
2024-01-02,STORE0010,SKU0097,61.65154266357422,62.23173141479492
2024-01-02,STORE0010,SKU0098,36.518672943115234,33.8796272277832
2024-01-02,STORE0010,SKU0099,82.13224792480469,80.51052856445312
2024-01-02,STORE0010,SKU0100,73.73710632324219,75.97330474853516
2024-01-02,STORE0010,SKU0101,14.979972839355469,13.467158317565918
2024-01-02,STORE0010,SKU0102,83.7356948852539,88.6656494140625
2024-01-02,STORE0011,SKU0001,102.837890625,101.88825988769531
2024-01-02,STORE0011,SKU0002,67.06195068359375,63.620948791503906
2024-01-02,STORE0011,SKU0003,23.844390869140625,20.59697914123535
2024-01-02,STORE0011,SKU0004,94.29974365234375,92.09828186035156
2024-01-02,STORE0011,SKU0005,77.08226013183594,80.60485076904297
2024-01-02,STORE0011,SKU0006,107.38233947753906,96.04347229003906
2024-01-02,STORE0011,SKU0007,30.620492935180664,30.395116806030273
2024-01-02,STORE0011,SKU0009,59.81122589111328,59.031700134277344
2024-01-02,STORE0011,SKU0012,46.0167236328125,45.31421661376953
2024-01-02,STORE0011,SKU0014,58.608604431152344,53.901039123535156
2024-01-02,STORE0011,SKU0015,14.15167236328125,10.41097354888916
2024-01-02,STORE0011,SKU0017,102.072998046875,95.23640441894531
2024-01-02,STORE0011,SKU0018,88.47096252441406,79.67266082763672
2024-01-02,STORE0011,SKU0019,18.824188232421875,15.944831848144531
2024-01-02,STORE0011,SKU0020,51.838844299316406,48.30876159667969
2024-01-02,STORE0011,SKU0021,56.2440071105957,58.92258834838867
2024-01-02,STORE0011,SKU0022,99.45484924316406,97.52644348144531
2024-01-02,STORE0011,SKU0023,70.78889465332031,66.77086639404297
2024-01-02,STORE0011,SKU0024,57.53619384765625,54.204750061035156
2024-01-02,STORE0011,SKU0025,26.381072998046875,31.56718635559082
2024-01-02,STORE0011,SKU0026,89.51934051513672,98.14049530029297
2024-01-02,STORE0011,SKU0027,102.59855651855469,101.15928649902344
2024-01-02,STORE0011,SKU0028,100.59675598144531,111.76709747314453
2024-01-02,STORE0011,SKU0029,27.111106872558594,34.23286819458008
2024-01-02,STORE0011,SKU0030,39.73206329345703,47.088199615478516
2024-01-02,STORE0011,SKU0031,47.31280517578125,58.08284378051758
2024-01-02,STORE0011,SKU0033,84.360595703125,98.5208740234375
2024-01-02,STORE0011,SKU0034,129.04962158203125,133.0958251953125
2024-01-02,STORE0011,SKU0035,149.9886932373047,134.97314453125
2024-01-02,STORE0011,SKU0036,36.544681549072266,43.52708053588867
2024-01-02,STORE0011,SKU0037,88.28564453125,106.02822875976562
2024-01-02,STORE0011,SKU0038,78.54161071777344,99.27115631103516
2024-01-02,STORE0011,SKU0039,14.245246887207031,17.98668098449707
2024-01-02,STORE0011,SKU0040,19.680992126464844,27.23387908935547
2024-01-02,STORE0011,SKU0041,74.17403411865234,86.79887390136719
2024-01-02,STORE0011,SKU0043,39.39125061035156,50.41096878051758
2024-01-02,STORE0011,SKU0044,71.9225082397461,87.24657440185547
2024-01-02,STORE0011,SKU0046,79.65663146972656,93.98213958740234
2024-01-02,STORE0011,SKU0047,64.56200408935547,75.875
2024-01-02,STORE0011,SKU0048,57.87436294555664,72.333251953125
2024-01-02,STORE0011,SKU0050,19.39315414428711,17.466493606567383
2024-01-02,STORE0011,SKU0051,69.92244720458984,75.2593994140625
2024-01-02,STORE0011,SKU0052,57.32918930053711,58.237857818603516
2024-01-02,STORE0011,SKU0053,33.76583480834961,31.778350830078125
2024-01-02,STORE0011,SKU0054,81.1833267211914,85.64820098876953
2024-01-02,STORE0011,SKU0055,15.73459243774414,15.089905738830566
2024-01-02,STORE0011,SKU0056,23.631458282470703,21.498750686645508
2024-01-02,STORE0011,SKU0058,94.95893859863281,89.12699127197266
2024-01-02,STORE0011,SKU0059,25.660099029541016,26.929990768432617
2024-01-02,STORE0011,SKU0061,96.02230834960938,91.81685638427734
2024-01-02,STORE0011,SKU0062,19.5869140625,17.31954574584961
2024-01-02,STORE0011,SKU0064,95.56834411621094,92.60165405273438
2024-01-02,STORE0011,SKU0065,57.11850357055664,56.622154235839844
2024-01-02,STORE0011,SKU0066,30.828828811645508,29.801105499267578
2024-01-02,STORE0011,SKU0067,42.32659912109375,38.95005798339844
2024-01-02,STORE0011,SKU0068,42.81354522705078,37.92803955078125
2024-01-02,STORE0011,SKU0069,78.21886444091797,73.06544494628906
2024-01-02,STORE0011,SKU0070,103.57672882080078,97.29894256591797
2024-01-02,STORE0011,SKU0071,33.887882232666016,33.16160202026367
2024-01-02,STORE0011,SKU0072,39.54145812988281,37.19220733642578
2024-01-02,STORE0011,SKU0073,11.597522735595703,11.972675323486328
2024-01-02,STORE0011,SKU0074,56.96392059326172,55.045692443847656
2024-01-02,STORE0011,SKU0077,56.68387222290039,55.14519500732422
2024-01-02,STORE0011,SKU0078,31.16056251525879,30.501617431640625
2024-01-02,STORE0011,SKU0079,82.94585418701172,82.18643188476562
2024-01-02,STORE0011,SKU0082,60.356651306152344,60.20615768432617
2024-01-02,STORE0011,SKU0083,88.94351959228516,89.84251403808594
2024-01-02,STORE0011,SKU0085,65.48212432861328,70.0086441040039
2024-01-02,STORE0011,SKU0086,10.444755554199219,9.87048625946045
2024-01-02,STORE0011,SKU0087,33.21212387084961,30.30495262145996
2024-01-02,STORE0011,SKU0088,25.757511138916016,25.330135345458984
2024-01-02,STORE0011,SKU0089,45.76626205444336,42.6933479309082
2024-01-02,STORE0011,SKU0090,22.415904998779297,21.62189292907715
2024-01-02,STORE0011,SKU0094,63.029518127441406,60.36345672607422
2024-01-02,STORE0011,SKU0095,31.184226989746094,31.184297561645508
2024-01-02,STORE0011,SKU0096,96.64700317382812,97.22439575195312
2024-01-02,STORE0011,SKU0097,69.38784790039062,68.54208374023438
2024-01-02,STORE0011,SKU0098,41.89759826660156,37.60343933105469
2024-01-02,STORE0011,SKU0100,85.56867980957031,86.53678894042969
2024-01-02,STORE0011,SKU0101,17.40694808959961,16.201374053955078
2024-01-02,STORE0012,SKU0001,89.3511962890625,99.89849090576172
2024-01-02,STORE0012,SKU0002,58.96855926513672,60.53342819213867
2024-01-02,STORE0012,SKU0004,82.78585052490234,82.77083587646484
2024-01-02,STORE0012,SKU0005,68.84933471679688,71.47705841064453
2024-01-02,STORE0012,SKU0006,94.01470947265625,86.09545135498047
2024-01-02,STORE0012,SKU0007,26.790489196777344,24.708763122558594
2024-01-02,STORE0012,SKU0008,22.909404754638672,22.989660263061523
2024-01-02,STORE0012,SKU0009,52.59296798706055,47.697547912597656
2024-01-02,STORE0012,SKU0010,33.34064483642578,33.10237121582031
2024-01-02,STORE0012,SKU0013,74.3272476196289,82.11968231201172
2024-01-02,STORE0012,SKU0014,51.91682434082031,51.11592483520508
2024-01-02,STORE0012,SKU0015,12.598407745361328,10.356645584106445
2024-01-02,STORE0012,SKU0016,23.33460235595703,22.477312088012695
2024-01-02,STORE0012,SKU0017,89.63987731933594,92.02926635742188
2024-01-02,STORE0012,SKU0018,79.13468933105469,75.063720703125
2024-01-02,STORE0012,SKU0019,15.99697494506836,15.131221771240234
2024-01-02,STORE0012,SKU0020,45.640220642089844,50.34124755859375
2024-01-02,STORE0012,SKU0022,85.42717742919922,83.56836700439453
2024-01-02,STORE0012,SKU0023,63.987754821777344,61.18941879272461
2024-01-02,STORE0012,SKU0025,23.074085235595703,27.80695915222168
2024-01-02,STORE0012,SKU0026,77.85888671875,94.10289001464844
2024-01-02,STORE0012,SKU0027,87.62474822998047,97.11624908447266
2024-01-02,STORE0012,SKU0028,88.31006622314453,104.50464630126953
2024-01-02,STORE0012,SKU0029,23.378082275390625,28.198238372802734
2024-01-02,STORE0012,SKU0030,34.823997497558594,48.231624603271484
2024-01-02,STORE0012,SKU0032,54.41214370727539,65.57671356201172
2024-01-02,STORE0012,SKU0033,74.0283203125,89.7422866821289
2024-01-02,STORE0012,SKU0034,106.50735473632812,124.12767791748047
2024-01-02,STORE0012,SKU0035,132.02415466308594,126.22718048095703
2024-01-02,STORE0012,SKU0036,32.19227600097656,39.007286071777344
2024-01-02,STORE0012,SKU0037,77.63546752929688,91.9879379272461
2024-01-02,STORE0012,SKU0038,69.60153198242188,86.6473388671875
2024-01-02,STORE0012,SKU0039,12.20949935913086,14.027148246765137
2024-01-02,STORE0012,SKU0043,34.46803665161133,39.662723541259766
2024-01-02,STORE0012,SKU0044,63.913970947265625,78.01444244384766
2024-01-02,STORE0012,SKU0046,68.61528778076172,83.763916015625
2024-01-02,STORE0012,SKU0047,55.596187591552734,70.94440460205078
2024-01-02,STORE0012,SKU0048,50.90161895751953,62.9941520690918
2024-01-02,STORE0012,SKU0050,16.574413299560547,15.572712898254395
2024-01-02,STORE0012,SKU0052,51.92039108276367,50.957122802734375
2024-01-02,STORE0012,SKU0053,29.56050682067871,29.59531021118164
2024-01-02,STORE0012,SKU0054,72.34154510498047,70.40975189208984
2024-01-02,STORE0012,SKU0055,13.837406158447266,12.51734447479248
2024-01-02,STORE0012,SKU0056,20.681854248046875,19.05909538269043
2024-01-02,STORE0012,SKU0057,76.27989959716797,72.71732330322266
2024-01-02,STORE0012,SKU0058,83.11400604248047,76.22175598144531
2024-01-02,STORE0012,SKU0059,22.659446716308594,23.050785064697266
2024-01-02,STORE0012,SKU0060,55.01255416870117,52.05254364013672
2024-01-02,STORE0012,SKU0061,83.82023620605469,83.48872375488281
2024-01-02,STORE0012,SKU0062,17.084503173828125,15.100022315979004
2024-01-02,STORE0012,SKU0064,82.53190612792969,75.79623413085938
2024-01-02,STORE0012,SKU0065,50.40675354003906,48.12427520751953
2024-01-02,STORE0012,SKU0066,27.108535766601562,24.529109954833984
2024-01-02,STORE0012,SKU0068,37.777015686035156,33.40238952636719
2024-01-02,STORE0012,SKU0070,91.41804504394531,88.57926940917969
2024-01-02,STORE0012,SKU0071,29.496959686279297,26.87325096130371
2024-01-02,STORE0012,SKU0072,34.73473358154297,36.78868865966797
2024-01-02,STORE0012,SKU0074,50.38428497314453,54.610965728759766
2024-01-02,STORE0012,SKU0075,30.75827407836914,31.544343948364258
2024-01-02,STORE0012,SKU0076,28.5557918548584,26.75600814819336
2024-01-02,STORE0012,SKU0077,49.475677490234375,44.843475341796875
2024-01-02,STORE0012,SKU0078,27.760639190673828,28.397083282470703
2024-01-02,STORE0012,SKU0080,68.05193328857422,75.22225952148438
2024-01-02,STORE0012,SKU0081,62.23933792114258,62.91111755371094
2024-01-02,STORE0012,SKU0083,76.95650482177734,83.26049041748047
2024-01-02,STORE0012,SKU0084,23.62954330444336,22.785499572753906
2024-01-02,STORE0012,SKU0085,57.67305374145508,61.97420883178711
2024-01-02,STORE0012,SKU0086,9.110610961914062,7.717006206512451
2024-01-02,STORE0012,SKU0088,22.495922088623047,22.723169326782227
2024-01-02,STORE0012,SKU0089,40.480308532714844,37.29323196411133
2024-01-02,STORE0012,SKU0091,17.264297485351562,15.200723648071289
2024-01-02,STORE0012,SKU0092,83.88457489013672,85.68841552734375
2024-01-02,STORE0012,SKU0094,56.30430603027344,51.824119567871094
2024-01-02,STORE0012,SKU0095,27.329896926879883,28.497812271118164
2024-01-02,STORE0012,SKU0096,84.08686065673828,83.01325988769531
2024-01-02,STORE0012,SKU0097,61.96213912963867,62.163902282714844
2024-01-02,STORE0012,SKU0098,36.86332702636719,34.9418830871582
2024-01-02,STORE0012,SKU0099,84.3214340209961,86.70361328125
2024-01-02,STORE0012,SKU0100,75.5633316040039,80.06312561035156
2024-01-02,STORE0012,SKU0101,15.017765045166016,14.303199768066406
2024-01-02,STORE0013,SKU0001,54.590354919433594,58.03923034667969
2024-01-02,STORE0013,SKU0002,36.3525505065918,32.17539596557617
2024-01-02,STORE0013,SKU0003,14.125957489013672,10.189192771911621
2024-01-02,STORE0013,SKU0006,56.747528076171875,51.774253845214844
2024-01-02,STORE0013,SKU0008,14.659400939941406,12.175488471984863
2024-01-02,STORE0013,SKU0009,31.177249908447266,27.29703712463379
2024-01-02,STORE0013,SKU0013,44.35853576660156,42.82563018798828
2024-01-02,STORE0013,SKU0014,31.49126625061035,31.184995651245117
2024-01-02,STORE0013,SKU0015,8.565265655517578,6.5156636238098145
2024-01-02,STORE0013,SKU0017,53.630584716796875,51.024139404296875
2024-01-02,STORE0013,SKU0020,28.493154525756836,26.22957420349121
2024-01-02,STORE0013,SKU0024,29.940366744995117,30.02147674560547
2024-01-02,STORE0013,SKU0025,14.841365814208984,15.427738189697266
2024-01-02,STORE0013,SKU0026,46.97550964355469,53.624778747558594
2024-01-02,STORE0013,SKU0027,52.584190368652344,60.83354187011719
2024-01-02,STORE0013,SKU0028,53.68266296386719,63.9180908203125
2024-01-02,STORE0013,SKU0031,24.42270278930664,30.782493591308594
2024-01-02,STORE0013,SKU0032,30.28229331970215,38.67146301269531
2024-01-02,STORE0013,SKU0034,62.732872009277344,76.22650909423828
2024-01-02,STORE0013,SKU0036,20.209476470947266,25.65264892578125
2024-01-02,STORE0013,SKU0037,47.242767333984375,58.2392463684082
2024-01-02,STORE0013,SKU0039,7.6600799560546875,9.070780754089355
2024-01-02,STORE0013,SKU0040,10.42889404296875,12.766120910644531
2024-01-02,STORE0013,SKU0041,38.3510856628418,46.115028381347656
2024-01-02,STORE0013,SKU0049,27.03656005859375,22.626955032348633
2024-01-02,STORE0013,SKU0056,13.79574966430664,12.852516174316406
2024-01-02,STORE0013,SKU0057,46.4776611328125,45.13836669921875
2024-01-02,STORE0013,SKU0061,50.21293640136719,49.211936950683594
2024-01-02,STORE0013,SKU0063,27.452802658081055,24.659942626953125
2024-01-02,STORE0013,SKU0065,30.70188331604004,31.86231803894043
2024-01-02,STORE0013,SKU0068,23.79556655883789,22.96396827697754
2024-01-02,STORE0013,SKU0071,18.65726089477539,14.91036605834961
2024-01-02,STORE0013,SKU0076,18.15036392211914,16.75353240966797
2024-01-02,STORE0013,SKU0080,41.63863754272461,43.99052810668945
2024-01-02,STORE0013,SKU0084,15.635993957519531,13.687975883483887
2024-01-02,STORE0013,SKU0085,35.7442626953125,33.213096618652344
2024-01-02,STORE0013,SKU0086,4.963325500488281,5.242880344390869
2024-01-02,STORE0013,SKU0087,19.454090118408203,17.15358543395996
2024-01-02,STORE0013,SKU0089,25.538936614990234,25.48492431640625
2024-01-02,STORE0013,SKU0090,13.05471420288086,11.237974166870117
2024-01-02,STORE0013,SKU0096,50.738121032714844,49.363277435302734
2024-01-02,STORE0013,SKU0097,38.300941467285156,37.08114242553711
2024-01-02,STORE0013,SKU0099,52.745601654052734,46.963382720947266
2024-01-02,STORE0013,SKU0102,52.20673751831055,51.99999237060547
2024-01-03,STORE0001,SKU0001,103.40231323242188,101.7608642578125
2024-01-03,STORE0001,SKU0002,67.21665954589844,63.426307678222656
2024-01-03,STORE0001,SKU0004,94.99710845947266,92.52762603759766
2024-01-03,STORE0001,SKU0006,106.92732238769531,98.93054962158203
2024-01-03,STORE0001,SKU0007,30.65237808227539,24.722585678100586
2024-01-03,STORE0001,SKU0008,26.439979553222656,26.12230110168457
2024-01-03,STORE0001,SKU0010,38.64736557006836,34.84565353393555
2024-01-03,STORE0001,SKU0011,22.995311737060547,18.36751365661621
2024-01-03,STORE0001,SKU0012,46.64923095703125,45.57339859008789
2024-01-03,STORE0001,SKU0014,59.67893981933594,59.38426208496094
2024-01-03,STORE0001,SKU0015,14.01137924194336,10.919808387756348
2024-01-03,STORE0001,SKU0016,26.498889923095703,24.38163185119629
2024-01-03,STORE0001,SKU0017,102.71742248535156,98.39742279052734
2024-01-03,STORE0001,SKU0018,90.80290985107422,91.20953369140625
2024-01-03,STORE0001,SKU0019,18.524555206298828,15.321525573730469
2024-01-03,STORE0001,SKU0020,52.179847717285156,48.002723693847656
2024-01-03,STORE0001,SKU0021,58.45320129394531,59.86220932006836
2024-01-03,STORE0001,SKU0023,71.74160766601562,69.38768768310547
2024-01-03,STORE0001,SKU0024,57.54709243774414,49.9056510925293
2024-01-03,STORE0001,SKU0026,89.83123779296875,97.75773620605469
2024-01-03,STORE0001,SKU0027,103.75910186767578,111.5912094116211
2024-01-03,STORE0001,SKU0029,26.998817443847656,38.10404586791992
2024-01-03,STORE0001,SKU0030,39.799373626708984,49.15571212768555
2024-01-03,STORE0001,SKU0031,46.81471252441406,54.42937469482422
2024-01-03,STORE0001,SKU0033,87.52826690673828,101.44847106933594
2024-01-03,STORE0001,SKU0035,150.96578979492188,135.05123901367188
2024-01-03,STORE0001,SKU0036,36.90129852294922,45.439273834228516
2024-01-03,STORE0001,SKU0037,89.02792358398438,96.93463134765625
2024-01-03,STORE0001,SKU0038,80.9810791015625,94.627197265625
2024-01-03,STORE0001,SKU0039,14.130680084228516,17.476638793945312
2024-01-03,STORE0001,SKU0040,19.227588653564453,21.15509605407715
2024-01-03,STORE0001,SKU0041,74.63534545898438,85.95667266845703
2024-01-03,STORE0001,SKU0042,11.528690338134766,16.628992080688477
2024-01-03,STORE0001,SKU0043,40.13128662109375,48.28289794921875
2024-01-03,STORE0001,SKU0045,57.870018005371094,67.03205871582031
2024-01-03,STORE0001,SKU0046,81.25703430175781,91.23027801513672
2024-01-03,STORE0001,SKU0047,66.33737182617188,80.16000366210938
2024-01-03,STORE0001,SKU0048,60.22755813598633,74.2782974243164
2024-01-03,STORE0001,SKU0049,50.917083740234375,49.09772491455078
2024-01-03,STORE0001,SKU0050,18.738563537597656,17.046812057495117
2024-01-03,STORE0001,SKU0051,69.66770935058594,65.49833679199219
2024-01-03,STORE0001,SKU0053,33.66560363769531,30.645614624023438
2024-01-03,STORE0001,SKU0054,82.78213500976562,78.25357818603516
2024-01-03,STORE0001,SKU0055,15.57965087890625,14.313275337219238
2024-01-03,STORE0001,SKU0056,23.528453826904297,22.701688766479492
2024-01-03,STORE0001,SKU0058,96.397705078125,92.72528076171875
2024-01-03,STORE0001,SKU0059,25.541915893554688,27.573169708251953
2024-01-03,STORE0001,SKU0060,63.28263854980469,58.31348419189453
2024-01-03,STORE0001,SKU0061,96.59817504882812,86.4709701538086
2024-01-03,STORE0001,SKU0062,19.00113296508789,19.356950759887695
2024-01-03,STORE0001,SKU0063,52.66450500488281,51.83894729614258
2024-01-03,STORE0001,SKU0065,58.116031646728516,56.754661560058594
2024-01-03,STORE0001,SKU0066,30.461410522460938,28.827604293823242
2024-01-03,STORE0001,SKU0067,42.5807991027832,39.628150939941406
2024-01-03,STORE0001,SKU0068,43.53924560546875,38.90884017944336
2024-01-03,STORE0001,SKU0069,79.20377349853516,80.22642517089844
2024-01-03,STORE0001,SKU0070,106.2208023071289,100.013671875
2024-01-03,STORE0001,SKU0072,39.89752960205078,33.23985290527344
2024-01-03,STORE0001,SKU0073,11.555107116699219,10.820194244384766
2024-01-03,STORE0001,SKU0074,57.75621032714844,52.9050178527832
2024-01-03,STORE0001,SKU0076,33.02168273925781,28.378036499023438
2024-01-03,STORE0001,SKU0077,57.22049331665039,52.76042938232422
2024-01-03,STORE0001,SKU0078,31.728796005249023,31.19664192199707
2024-01-03,STORE0001,SKU0080,79.12369537353516,76.2991943359375
2024-01-03,STORE0001,SKU0081,71.27789306640625,69.8369140625
2024-01-03,STORE0001,SKU0082,61.851585388183594,60.569095611572266
2024-01-03,STORE0001,SKU0084,26.519237518310547,25.678752899169922
2024-01-03,STORE0001,SKU0086,10.213272094726562,9.543137550354004
2024-01-03,STORE0001,SKU0087,32.96653747558594,30.92753791809082
2024-01-03,STORE0001,SKU0090,22.315181732177734,22.547710418701172
2024-01-03,STORE0001,SKU0092,97.59662628173828,93.23087310791016
2024-01-03,STORE0001,SKU0093,74.27668762207031,75.49272918701172
2024-01-03,STORE0001,SKU0094,64.44967651367188,63.62075424194336
2024-01-03,STORE0001,SKU0095,31.19293785095215,31.970151901245117
2024-01-03,STORE0001,SKU0096,97.93934631347656,94.169921875
2024-01-03,STORE0001,SKU0097,71.0777359008789,68.64445495605469
2024-01-03,STORE0001,SKU0098,42.58024978637695,41.17746353149414
2024-01-03,STORE0001,SKU0099,97.09851837158203,88.51182556152344
2024-01-03,STORE0001,SKU0100,86.64930725097656,84.92961120605469
2024-01-03,STORE0001,SKU0101,16.89415740966797,15.599893569946289
2024-01-03,STORE0002,SKU0001,71.98014831542969,81.31010437011719
2024-01-03,STORE0002,SKU0002,48.258628845214844,52.777976989746094
2024-01-03,STORE0002,SKU0003,18.238361358642578,15.667076110839844
2024-01-03,STORE0002,SKU0004,67.76264190673828,72.82379150390625
2024-01-03,STORE0002,SKU0005,56.21282958984375,55.08761978149414
2024-01-03,STORE0002,SKU0006,75.7803955078125,80.71088409423828
2024-01-03,STORE0002,SKU0007,22.126861572265625,21.245723724365234
2024-01-03,STORE0002,SKU0008,18.93524169921875,16.440074920654297
2024-01-03,STORE0002,SKU0009,42.47661209106445,43.051483154296875
2024-01-03,STORE0002,SKU0010,28.125473022460938,24.748579025268555
2024-01-03,STORE0002,SKU0011,17.247631072998047,15.677873611450195
2024-01-03,STORE0002,SKU0012,32.82841873168945,36.42009353637695
2024-01-03,STORE0002,SKU0014,42.440093994140625,44.52698516845703
2024-01-03,STORE0002,SKU0015,11.508979797363281,8.008581161499023
2024-01-03,STORE0002,SKU0016,20.41720199584961,16.464914321899414
2024-01-03,STORE0002,SKU0017,71.02205657958984,65.72428131103516
2024-01-03,STORE0002,SKU0018,63.74425506591797,60.124820709228516
2024-01-03,STORE0002,SKU0019,13.2939453125,11.254361152648926
2024-01-03,STORE0002,SKU0020,37.378875732421875,40.60992431640625
2024-01-03,STORE0002,SKU0022,68.80838012695312,70.6181411743164
2024-01-03,STORE0002,SKU0023,50.94621276855469,48.57977294921875
2024-01-03,STORE0002,SKU0024,40.705989837646484,43.17855453491211
2024-01-03,STORE0002,SKU0025,20.262741088867188,24.297651290893555
2024-01-03,STORE0002,SKU0026,66.4081039428711,78.13957977294922
2024-01-03,STORE0002,SKU0027,73.8734130859375,88.44080352783203
2024-01-03,STORE0002,SKU0028,73.22711944580078,83.23494720458984
2024-01-03,STORE0002,SKU0030,29.18407440185547,41.5330924987793
2024-01-03,STORE0002,SKU0031,34.407264709472656,43.69707107543945
2024-01-03,STORE0002,SKU0032,43.43412780761719,50.48908615112305
2024-01-03,STORE0002,SKU0033,60.988128662109375,76.8639144897461
2024-01-03,STORE0002,SKU0034,84.80677032470703,113.22040557861328
2024-01-03,STORE0002,SKU0036,27.860431671142578,31.521381378173828
2024-01-03,STORE0002,SKU0037,65.36225128173828,80.44694519042969
2024-01-03,STORE0002,SKU0038,57.707157135009766,72.72296142578125
2024-01-03,STORE0002,SKU0039,11.475162506103516,11.817728996276855
2024-01-03,STORE0002,SKU0040,14.695308685302734,16.80257225036621
2024-01-03,STORE0002,SKU0041,53.57200241088867,68.60389709472656
2024-01-03,STORE0002,SKU0042,9.210235595703125,11.302781105041504
2024-01-03,STORE0002,SKU0043,29.433881759643555,38.45990753173828
2024-01-03,STORE0002,SKU0044,52.9450569152832,66.97282409667969
2024-01-03,STORE0002,SKU0046,57.61075210571289,78.54488372802734
2024-01-03,STORE0002,SKU0048,41.79124069213867,49.6483268737793
2024-01-03,STORE0002,SKU0051,50.50041198730469,50.65713119506836
2024-01-03,STORE0002,SKU0052,42.080650329589844,42.89992141723633
2024-01-03,STORE0002,SKU0054,58.678253173828125,62.533626556396484
2024-01-03,STORE0002,SKU0055,12.22528076171875,10.732489585876465
2024-01-03,STORE0002,SKU0056,17.947689056396484,16.832731246948242
2024-01-03,STORE0002,SKU0058,68.91412353515625,72.59928894042969
2024-01-03,STORE0002,SKU0059,19.685874938964844,18.97740364074707
2024-01-03,STORE0002,SKU0060,45.46943664550781,42.930545806884766
2024-01-03,STORE0002,SKU0062,14.830329895019531,13.362942695617676
2024-01-03,STORE0002,SKU0063,37.91975402832031,33.208770751953125
2024-01-03,STORE0002,SKU0064,68.11114501953125,70.95085144042969
2024-01-03,STORE0002,SKU0065,41.242279052734375,41.494720458984375
2024-01-03,STORE0002,SKU0066,23.723072052001953,20.388586044311523
2024-01-03,STORE0002,SKU0069,57.23052978515625,57.703956604003906
2024-01-03,STORE0002,SKU0070,75.91558074951172,83.85759735107422
2024-01-03,STORE0002,SKU0071,24.73221206665039,23.8112850189209
2024-01-03,STORE0002,SKU0073,8.931812286376953,8.150961875915527
2024-01-03,STORE0002,SKU0074,40.740577697753906,45.2215690612793
2024-01-03,STORE0002,SKU0075,26.804046630859375,25.712383270263672
2024-01-03,STORE0002,SKU0078,24.330013275146484,21.17256736755371
2024-01-03,STORE0002,SKU0079,59.385658264160156,58.831905364990234
2024-01-03,STORE0002,SKU0081,50.21104049682617,52.42782211303711
2024-01-03,STORE0002,SKU0082,44.356483459472656,42.436859130859375
2024-01-03,STORE0002,SKU0083,63.882606506347656,70.00064849853516
2024-01-03,STORE0002,SKU0084,20.441295623779297,19.21490478515625
2024-01-03,STORE0002,SKU0086,7.665119171142578,6.939414024353027
2024-01-03,STORE0002,SKU0087,25.088401794433594,19.911972045898438
2024-01-03,STORE0002,SKU0088,19.725296020507812,20.46331214904785
2024-01-03,STORE0002,SKU0089,34.04298400878906,33.55316925048828
2024-01-03,STORE0002,SKU0090,17.11090087890625,15.26826000213623
2024-01-03,STORE0002,SKU0092,67.90554809570312,72.32172393798828
2024-01-03,STORE0002,SKU0093,53.026432037353516,55.99953842163086
2024-01-03,STORE0002,SKU0096,68.5767822265625,69.46800231933594
2024-01-03,STORE0002,SKU0097,51.64279556274414,50.101036071777344
2024-01-03,STORE0002,SKU0098,31.10819435119629,29.552078247070312
2024-01-03,STORE0002,SKU0099,69.84825897216797,69.21044921875
2024-01-03,STORE0002,SKU0101,12.771709442138672,12.406562805175781
2024-01-03,STORE0002,SKU0102,70.73210906982422,77.8873062133789
2024-01-03,STORE0003,SKU0001,72.510498046875,82.79837799072266
2024-01-03,STORE0003,SKU0003,17.589523315429688,17.717342376708984
2024-01-03,STORE0003,SKU0004,67.43746948242188,66.37520599365234
2024-01-03,STORE0003,SKU0005,56.28016662597656,58.40811538696289
2024-01-03,STORE0003,SKU0006,75.53706359863281,75.35994720458984
2024-01-03,STORE0003,SKU0007,21.931320190429688,20.891279220581055
2024-01-03,STORE0003,SKU0008,18.542659759521484,18.3073787689209
2024-01-03,STORE0003,SKU0009,42.37216567993164,43.967010498046875
2024-01-03,STORE0003,SKU0010,27.852031707763672,24.783809661865234
2024-01-03,STORE0003,SKU0011,16.909717559814453,15.220331192016602
2024-01-03,STORE0003,SKU0012,32.48444366455078,35.061771392822266
2024-01-03,STORE0003,SKU0013,59.77229690551758,56.014530181884766
2024-01-03,STORE0003,SKU0014,42.192955017089844,45.0496826171875
2024-01-03,STORE0003,SKU0015,10.652660369873047,8.384531021118164
2024-01-03,STORE0003,SKU0016,19.811237335205078,16.29843521118164
2024-01-03,STORE0003,SKU0019,12.955360412597656,11.357863426208496
2024-01-03,STORE0003,SKU0020,36.942203521728516,39.40454864501953
2024-01-03,STORE0003,SKU0021,39.879920959472656,41.33255386352539
2024-01-03,STORE0003,SKU0022,69.11442565917969,71.882080078125
2024-01-03,STORE0003,SKU0023,50.90863037109375,53.098995208740234
2024-01-03,STORE0003,SKU0024,40.2028694152832,42.03236389160156
2024-01-03,STORE0003,SKU0025,19.275779724121094,23.088134765625
2024-01-03,STORE0003,SKU0026,65.60037994384766,76.44366455078125
2024-01-03,STORE0003,SKU0028,73.02314758300781,87.28536987304688
2024-01-03,STORE0003,SKU0030,28.572980880737305,37.369388580322266
2024-01-03,STORE0003,SKU0031,34.655635833740234,42.054134368896484
2024-01-03,STORE0003,SKU0033,61.335044860839844,84.1932144165039
2024-01-03,STORE0003,SKU0035,109.85818481445312,131.53431701660156
2024-01-03,STORE0003,SKU0037,66.77583312988281,81.24321746826172
2024-01-03,STORE0003,SKU0039,10.580726623535156,12.241174697875977
2024-01-03,STORE0003,SKU0040,13.953670501708984,15.63226318359375
2024-01-03,STORE0003,SKU0041,53.27719497680664,67.07502746582031
2024-01-03,STORE0003,SKU0042,8.370716094970703,12.188207626342773
2024-01-03,STORE0003,SKU0043,29.10172462463379,36.91740417480469
2024-01-03,STORE0003,SKU0044,51.95075988769531,67.2777328491211
2024-01-03,STORE0003,SKU0045,40.55606460571289,55.40633773803711
2024-01-03,STORE0003,SKU0046,57.43915939331055,74.29830169677734
2024-01-03,STORE0003,SKU0047,46.72447967529297,60.8121337890625
2024-01-03,STORE0003,SKU0048,41.003196716308594,54.00544357299805
2024-01-03,STORE0003,SKU0049,35.44525146484375,33.48680877685547
2024-01-03,STORE0003,SKU0050,13.143135070800781,12.652386665344238
2024-01-03,STORE0003,SKU0051,50.12327575683594,50.4465446472168
2024-01-03,STORE0003,SKU0052,41.508155822753906,41.3338737487793
2024-01-03,STORE0003,SKU0053,24.41769790649414,25.029800415039062
2024-01-03,STORE0003,SKU0054,58.83693313598633,63.93748474121094
2024-01-03,STORE0003,SKU0055,11.459251403808594,10.363975524902344
2024-01-03,STORE0003,SKU0056,17.275314331054688,16.1419620513916
2024-01-03,STORE0003,SKU0058,68.84696960449219,69.4353256225586
2024-01-03,STORE0003,SKU0060,44.769107818603516,45.39945983886719
2024-01-03,STORE0003,SKU0061,68.33184051513672,76.11087799072266
2024-01-03,STORE0003,SKU0062,14.114402770996094,12.903061866760254
2024-01-03,STORE0003,SKU0063,37.14853286743164,39.10978698730469
2024-01-03,STORE0003,SKU0064,67.88549041748047,68.85391235351562
2024-01-03,STORE0003,SKU0065,40.46516799926758,41.57535934448242
2024-01-03,STORE0003,SKU0066,22.944820404052734,20.449024200439453
2024-01-03,STORE0003,SKU0067,30.96637725830078,29.547969818115234
2024-01-03,STORE0003,SKU0068,30.80864715576172,31.40978240966797
2024-01-03,STORE0003,SKU0069,56.855079650878906,58.95751953125
2024-01-03,STORE0003,SKU0070,75.57275390625,75.25865173339844
2024-01-03,STORE0003,SKU0071,24.573307037353516,24.453792572021484
2024-01-03,STORE0003,SKU0073,8.196483612060547,8.06183910369873
2024-01-03,STORE0003,SKU0075,25.97161102294922,27.680824279785156
2024-01-03,STORE0003,SKU0076,23.894081115722656,22.587675094604492
2024-01-03,STORE0003,SKU0077,39.09434509277344,41.754642486572266
2024-01-03,STORE0003,SKU0082,43.59410095214844,41.905582427978516
2024-01-03,STORE0003,SKU0084,19.60055160522461,20.083086013793945
2024-01-03,STORE0003,SKU0086,6.82037353515625,7.047122955322266
2024-01-03,STORE0003,SKU0087,24.433094024658203,20.68567657470703
2024-01-03,STORE0003,SKU0088,18.924575805664062,17.470684051513672
2024-01-03,STORE0003,SKU0089,33.18927001953125,34.84469223022461
2024-01-03,STORE0003,SKU0091,14.449783325195312,13.672608375549316
2024-01-03,STORE0003,SKU0092,68.44813537597656,65.8340835571289
2024-01-03,STORE0003,SKU0093,52.290401458740234,55.5252571105957
2024-01-03,STORE0003,SKU0094,45.206764221191406,44.53945541381836
2024-01-03,STORE0003,SKU0095,23.864986419677734,22.15186882019043
2024-01-03,STORE0003,SKU0096,68.0954360961914,69.96035766601562
2024-01-03,STORE0003,SKU0097,51.29494094848633,51.64120101928711
2024-01-03,STORE0003,SKU0099,70.09639739990234,76.70227813720703
2024-01-03,STORE0003,SKU0100,62.59223937988281,69.74146270751953
2024-01-03,STORE0003,SKU0101,12.259082794189453,12.172956466674805
2024-01-03,STORE0004,SKU0001,102.85396575927734,101.89376831054688
2024-01-03,STORE0004,SKU0002,67.95160675048828,65.3862533569336
2024-01-03,STORE0004,SKU0003,23.693145751953125,23.523508071899414
2024-01-03,STORE0004,SKU0005,77.96197509765625,77.89398956298828
2024-01-03,STORE0004,SKU0007,30.38421058654785,28.40813636779785
2024-01-03,STORE0004,SKU0008,26.156917572021484,24.808958053588867
2024-01-03,STORE0004,SKU0009,60.35067367553711,59.617156982421875
2024-01-03,STORE0004,SKU0012,45.965599060058594,47.14030075073242
2024-01-03,STORE0004,SKU0013,85.82000732421875,85.901611328125
2024-01-03,STORE0004,SKU0014,59.92163848876953,58.41494369506836
2024-01-03,STORE0004,SKU0015,14.19034194946289,11.915486335754395
2024-01-03,STORE0004,SKU0017,102.65373992919922,104.24381256103516
2024-01-03,STORE0004,SKU0018,90.19219970703125,87.76681518554688
2024-01-03,STORE0004,SKU0019,18.758190155029297,16.518953323364258
2024-01-03,STORE0004,SKU0020,52.156654357910156,56.17714309692383
2024-01-03,STORE0004,SKU0021,57.73368453979492,61.84934997558594
2024-01-03,STORE0004,SKU0023,72.92780303955078,68.09613037109375
2024-01-03,STORE0004,SKU0024,57.87827682495117,62.34043502807617
2024-01-03,STORE0004,SKU0025,26.318424224853516,29.29958152770996
2024-01-03,STORE0004,SKU0026,91.26600646972656,100.93045806884766
2024-01-03,STORE0004,SKU0027,102.97933959960938,106.18006134033203
2024-01-03,STORE0004,SKU0028,103.63141632080078,109.2521743774414
2024-01-03,STORE0004,SKU0029,27.135082244873047,36.839012145996094
2024-01-03,STORE0004,SKU0031,47.78385925292969,58.035274505615234
2024-01-03,STORE0004,SKU0032,63.14759826660156,69.75670623779297
2024-01-03,STORE0004,SKU0033,85.54476928710938,98.34938049316406
2024-01-03,STORE0004,SKU0034,128.36753845214844,134.1305694580078
2024-01-03,STORE0004,SKU0035,153.40499877929688,145.6512451171875
2024-01-03,STORE0004,SKU0036,37.569679260253906,47.5956916809082
2024-01-03,STORE0004,SKU0037,90.18991088867188,105.46307373046875
2024-01-03,STORE0004,SKU0038,79.88227844238281,101.12940216064453
2024-01-03,STORE0004,SKU0039,14.190547943115234,17.202381134033203
2024-01-03,STORE0004,SKU0040,19.36617660522461,25.284635543823242
2024-01-03,STORE0004,SKU0041,73.78662109375,85.01954650878906
2024-01-03,STORE0004,SKU0045,57.370452880859375,67.10990142822266
2024-01-03,STORE0004,SKU0046,81.06495666503906,90.99638366699219
2024-01-03,STORE0004,SKU0047,65.37409973144531,73.9258804321289
2024-01-03,STORE0004,SKU0048,58.106868743896484,68.97293090820312
2024-01-03,STORE0004,SKU0049,50.569400787353516,49.364097595214844
2024-01-03,STORE0004,SKU0050,19.139354705810547,17.234569549560547
2024-01-03,STORE0004,SKU0051,70.83293914794922,74.16834259033203
2024-01-03,STORE0004,SKU0052,57.842559814453125,58.081417083740234
2024-01-03,STORE0004,SKU0053,33.774681091308594,33.382633209228516
2024-01-03,STORE0004,SKU0054,81.23509979248047,75.14064025878906
2024-01-03,STORE0004,SKU0055,15.696884155273438,14.861260414123535
2024-01-03,STORE0004,SKU0056,23.501178741455078,23.952449798583984
2024-01-03,STORE0004,SKU0057,87.36727142333984,88.66179656982422
2024-01-03,STORE0004,SKU0058,94.58132934570312,92.62885284423828
2024-01-03,STORE0004,SKU0060,62.27545166015625,59.38798141479492
2024-01-03,STORE0004,SKU0061,97.06900024414062,93.82234954833984
2024-01-03,STORE0004,SKU0062,19.364566802978516,18.5272216796875
2024-01-03,STORE0004,SKU0063,53.610504150390625,52.64794158935547
2024-01-03,STORE0004,SKU0064,94.0927963256836,90.53104400634766
2024-01-03,STORE0004,SKU0065,57.871341705322266,56.296783447265625
2024-01-03,STORE0004,SKU0066,30.398401260375977,28.922943115234375
2024-01-03,STORE0004,SKU0068,43.46680450439453,37.30982971191406
2024-01-03,STORE0004,SKU0070,105.09940338134766,100.12931823730469
2024-01-03,STORE0004,SKU0071,34.16975402832031,30.42950439453125
2024-01-03,STORE0004,SKU0072,39.88994598388672,38.378028869628906
2024-01-03,STORE0004,SKU0075,34.81058883666992,36.1336669921875
2024-01-03,STORE0004,SKU0076,32.712303161621094,28.3165340423584
2024-01-03,STORE0004,SKU0077,56.84476852416992,57.75205612182617
2024-01-03,STORE0004,SKU0078,31.285165786743164,31.550989151000977
2024-01-03,STORE0004,SKU0079,83.19175720214844,82.20994567871094
2024-01-03,STORE0004,SKU0081,70.62503814697266,75.73290252685547
2024-01-03,STORE0004,SKU0085,64.6645736694336,63.205074310302734
2024-01-03,STORE0004,SKU0087,32.8214111328125,32.1451301574707
2024-01-03,STORE0004,SKU0088,25.50186538696289,24.150854110717773
2024-01-03,STORE0004,SKU0090,22.164165496826172,20.6405086517334
2024-01-03,STORE0004,SKU0091,19.944149017333984,20.260847091674805
2024-01-03,STORE0004,SKU0092,97.47428894042969,87.67892456054688
2024-01-03,STORE0004,SKU0093,73.85000610351562,82.50588989257812
2024-01-03,STORE0004,SKU0095,31.295146942138672,32.439369201660156
2024-01-03,STORE0004,SKU0096,96.86015319824219,95.84886169433594
2024-01-03,STORE0004,SKU0097,70.33366394042969,70.60901641845703
2024-01-03,STORE0004,SKU0098,41.96418762207031,38.91558837890625
2024-01-03,STORE0004,SKU0099,96.69479370117188,90.64966583251953
2024-01-03,STORE0004,SKU0100,86.86371612548828,87.1167221069336
2024-01-03,STORE0004,SKU0101,17.444061279296875,15.987661361694336
2024-01-03,STORE0004,SKU0102,99.1864013671875,94.32884216308594
2024-01-03,STORE0005,SKU0001,104.04129028320312,102.40375518798828
2024-01-03,STORE0005,SKU0002,67.79655456542969,61.42118453979492
2024-01-03,STORE0005,SKU0003,24.036861419677734,22.246158599853516
2024-01-03,STORE0005,SKU0004,95.18511962890625,93.54273986816406
2024-01-03,STORE0005,SKU0005,80.26737976074219,71.66889953613281
2024-01-03,STORE0005,SKU0006,108.0012435913086,99.59171295166016
2024-01-03,STORE0005,SKU0007,31.016735076904297,29.67934799194336
2024-01-03,STORE0005,SKU0009,60.537654876708984,60.447120666503906
2024-01-03,STORE0005,SKU0010,38.87815856933594,34.17130661010742
2024-01-03,STORE0005,SKU0011,23.20443344116211,19.95816993713379
2024-01-03,STORE0005,SKU0012,46.353599548339844,45.09517288208008
2024-01-03,STORE0005,SKU0013,85.17274475097656,83.12615203857422
2024-01-03,STORE0005,SKU0014,60.587364196777344,55.44264221191406
2024-01-03,STORE0005,SKU0015,14.196857452392578,11.535405158996582
2024-01-03,STORE0005,SKU0016,26.85982894897461,23.88426971435547
2024-01-03,STORE0005,SKU0018,91.06541442871094,82.90601348876953
2024-01-03,STORE0005,SKU0019,18.668148040771484,15.726982116699219
2024-01-03,STORE0005,SKU0020,52.625465393066406,50.68278884887695
2024-01-03,STORE0005,SKU0021,57.244319915771484,58.55483627319336
2024-01-03,STORE0005,SKU0022,99.59614562988281,94.44876098632812
2024-01-03,STORE0005,SKU0023,72.68608093261719,64.58486938476562
2024-01-03,STORE0005,SKU0026,90.30593872070312,94.70379638671875
2024-01-03,STORE0005,SKU0027,103.19746398925781,107.58599090576172
2024-01-03,STORE0005,SKU0028,105.02977752685547,109.86368560791016
2024-01-03,STORE0005,SKU0031,46.95930480957031,55.45072937011719
2024-01-03,STORE0005,SKU0033,83.18771362304688,96.61567687988281
2024-01-03,STORE0005,SKU0034,125.71701049804688,128.18109130859375
2024-01-03,STORE0005,SKU0035,145.88238525390625,146.21128845214844
2024-01-03,STORE0005,SKU0036,35.81066131591797,43.0872802734375
2024-01-03,STORE0005,SKU0038,81.73433685302734,97.7773208618164
2024-01-03,STORE0005,SKU0039,14.403118133544922,19.026369094848633
2024-01-03,STORE0005,SKU0040,19.525630950927734,21.706985473632812
2024-01-03,STORE0005,SKU0041,75.28134155273438,77.85388946533203
2024-01-03,STORE0005,SKU0043,41.18272399902344,49.430580139160156
2024-01-03,STORE0005,SKU0045,57.665489196777344,60.445587158203125
2024-01-03,STORE0005,SKU0048,59.23151397705078,67.16622161865234
2024-01-03,STORE0005,SKU0049,51.464046478271484,49.844547271728516
2024-01-03,STORE0005,SKU0050,18.74944305419922,16.779373168945312
2024-01-03,STORE0005,SKU0051,71.605224609375,76.88233184814453
2024-01-03,STORE0005,SKU0052,59.726097106933594,57.14165496826172
2024-01-03,STORE0005,SKU0053,34.26055908203125,31.087766647338867
2024-01-03,STORE0005,SKU0054,82.61897277832031,80.59146881103516
2024-01-03,STORE0005,SKU0055,15.868637084960938,14.349471092224121
2024-01-03,STORE0005,SKU0056,23.728469848632812,23.781253814697266
2024-01-03,STORE0005,SKU0057,88.13961791992188,88.46692657470703
2024-01-03,STORE0005,SKU0058,97.40162658691406,91.76349639892578
2024-01-03,STORE0005,SKU0060,63.304283142089844,63.67851257324219
2024-01-03,STORE0005,SKU0062,19.072837829589844,18.034055709838867
2024-01-03,STORE0005,SKU0063,53.26872634887695,50.262691497802734
2024-01-03,STORE0005,SKU0064,96.04986572265625,93.15377044677734
2024-01-03,STORE0005,SKU0066,30.794023513793945,26.327980041503906
2024-01-03,STORE0005,SKU0067,43.26509475708008,42.424583435058594
2024-01-03,STORE0005,SKU0068,43.72024917602539,39.26873779296875
2024-01-03,STORE0005,SKU0070,107.08546447753906,97.66268157958984
2024-01-03,STORE0005,SKU0071,34.529754638671875,31.21157455444336
2024-01-03,STORE0005,SKU0072,40.18067932128906,39.136165618896484
2024-01-03,STORE0005,SKU0073,11.641902923583984,9.962623596191406
2024-01-03,STORE0005,SKU0074,57.98374557495117,54.62889099121094
2024-01-03,STORE0005,SKU0075,35.69880294799805,36.718780517578125
2024-01-03,STORE0005,SKU0076,33.01313781738281,28.88105583190918
2024-01-03,STORE0005,SKU0077,57.33248519897461,49.8735466003418
2024-01-03,STORE0005,SKU0079,84.31476593017578,76.99700164794922
2024-01-03,STORE0005,SKU0080,80.01457214355469,74.04795837402344
2024-01-03,STORE0005,SKU0081,71.07521057128906,69.7624282836914
2024-01-03,STORE0005,SKU0082,63.199432373046875,62.79904556274414
2024-01-03,STORE0005,SKU0083,89.49197387695312,86.31438446044922
2024-01-03,STORE0005,SKU0084,26.904830932617188,23.216352462768555
2024-01-03,STORE0005,SKU0085,66.82748413085938,71.5105209350586
2024-01-03,STORE0005,SKU0086,10.164039611816406,8.797001838684082
2024-01-03,STORE0005,SKU0087,33.19103240966797,30.112071990966797
2024-01-03,STORE0005,SKU0088,25.769943237304688,24.471942901611328
2024-01-03,STORE0005,SKU0089,47.74073791503906,48.088985443115234
2024-01-03,STORE0005,SKU0091,20.036865234375,17.730451583862305
2024-01-03,STORE0005,SKU0094,65.52580261230469,65.02477264404297
2024-01-03,STORE0005,SKU0095,32.08793258666992,33.50008010864258
2024-01-03,STORE0005,SKU0096,97.82902526855469,98.37992858886719
2024-01-03,STORE0005,SKU0098,43.37199783325195,44.165035247802734
2024-01-03,STORE0005,SKU0100,87.416259765625,87.70316314697266
2024-01-03,STORE0005,SKU0101,16.93755340576172,15.03353214263916
2024-01-03,STORE0005,SKU0102,98.85569763183594,94.58009338378906
2024-01-03,STORE0006,SKU0001,103.49974060058594,99.13301849365234
2024-01-03,STORE0006,SKU0003,23.758655548095703,20.9990234375
2024-01-03,STORE0006,SKU0004,94.13255310058594,89.49944305419922
2024-01-03,STORE0006,SKU0005,78.7408447265625,76.14273071289062
2024-01-03,STORE0006,SKU0006,106.32791137695312,98.35379028320312
2024-01-03,STORE0006,SKU0007,30.981794357299805,29.096092224121094
2024-01-03,STORE0006,SKU0008,26.360206604003906,24.199159622192383
2024-01-03,STORE0006,SKU0009,59.74381637573242,56.39379119873047
2024-01-03,STORE0006,SKU0010,38.15644454956055,35.10215377807617
2024-01-03,STORE0006,SKU0011,23.324005126953125,20.262184143066406
2024-01-03,STORE0006,SKU0012,46.208740234375,41.89619445800781
2024-01-03,STORE0006,SKU0013,84.61578369140625,90.51718139648438
2024-01-03,STORE0006,SKU0017,103.24903106689453,99.7701187133789
2024-01-03,STORE0006,SKU0018,90.81576538085938,84.7416000366211
2024-01-03,STORE0006,SKU0019,19.00202178955078,15.968894004821777
2024-01-03,STORE0006,SKU0020,52.53205490112305,51.038509368896484
2024-01-03,STORE0006,SKU0021,56.739986419677734,51.29985427856445
2024-01-03,STORE0006,SKU0022,98.00306701660156,93.9557113647461
2024-01-03,STORE0006,SKU0023,72.67369842529297,69.8186264038086
2024-01-03,STORE0006,SKU0025,26.847728729248047,32.55986404418945
2024-01-03,STORE0006,SKU0026,91.01103973388672,101.54924011230469
2024-01-03,STORE0006,SKU0028,104.4726333618164,105.40763854980469
2024-01-03,STORE0006,SKU0029,26.88028335571289,33.7420768737793
2024-01-03,STORE0006,SKU0030,40.202640533447266,49.70021438598633
2024-01-03,STORE0006,SKU0031,48.14967346191406,56.727783203125
2024-01-03,STORE0006,SKU0032,63.03546905517578,71.35079956054688
2024-01-03,STORE0006,SKU0033,87.50062561035156,103.37955474853516
2024-01-03,STORE0006,SKU0034,129.46322631835938,128.1901397705078
2024-01-03,STORE0006,SKU0035,159.34410095214844,144.66006469726562
2024-01-03,STORE0006,SKU0036,36.62763214111328,42.60243606567383
2024-01-03,STORE0006,SKU0037,91.26237487792969,97.847412109375
2024-01-03,STORE0006,SKU0038,80.51094818115234,98.02606201171875
2024-01-03,STORE0006,SKU0039,14.102588653564453,17.2559757232666
2024-01-03,STORE0006,SKU0040,19.208606719970703,24.728302001953125
2024-01-03,STORE0006,SKU0041,74.98149871826172,85.21759033203125
2024-01-03,STORE0006,SKU0042,11.587291717529297,16.356689453125
2024-01-03,STORE0006,SKU0044,74.37517547607422,89.19744110107422
2024-01-03,STORE0006,SKU0045,57.47428894042969,69.28958892822266
2024-01-03,STORE0006,SKU0046,80.70211791992188,90.22054290771484
2024-01-03,STORE0006,SKU0047,65.53895568847656,84.31541442871094
2024-01-03,STORE0006,SKU0048,59.99671173095703,69.56473541259766
2024-01-03,STORE0006,SKU0050,19.02796173095703,16.714733123779297
2024-01-03,STORE0006,SKU0052,59.59402847290039,59.86289978027344
2024-01-03,STORE0006,SKU0053,33.85637283325195,29.905797958374023
2024-01-03,STORE0006,SKU0054,81.17059326171875,86.16069030761719
2024-01-03,STORE0006,SKU0055,15.765739440917969,15.647156715393066
2024-01-03,STORE0006,SKU0056,23.38077163696289,23.19694709777832
2024-01-03,STORE0006,SKU0057,87.46931457519531,89.34982299804688
2024-01-03,STORE0006,SKU0058,96.0489273071289,96.71975708007812
2024-01-03,STORE0006,SKU0060,63.42934799194336,61.19735336303711
2024-01-03,STORE0006,SKU0063,53.34626770019531,43.4017448425293
2024-01-03,STORE0006,SKU0064,97.01829528808594,95.30632781982422
2024-01-03,STORE0006,SKU0065,58.735782623291016,57.35303497314453
2024-01-03,STORE0006,SKU0066,30.653446197509766,30.78057289123535
2024-01-03,STORE0006,SKU0067,42.666053771972656,38.01933670043945
2024-01-03,STORE0006,SKU0069,78.407470703125,77.54515838623047
2024-01-03,STORE0006,SKU0070,104.37252044677734,99.98530578613281
2024-01-03,STORE0006,SKU0071,34.146759033203125,31.11581802368164
2024-01-03,STORE0006,SKU0072,39.944435119628906,34.458839416503906
2024-01-03,STORE0006,SKU0073,11.885986328125,10.720943450927734
2024-01-03,STORE0006,SKU0075,35.43227767944336,38.21117401123047
2024-01-03,STORE0006,SKU0076,32.95676040649414,27.791086196899414
2024-01-03,STORE0006,SKU0077,57.82489776611328,57.369110107421875
2024-01-03,STORE0006,SKU0081,70.66342163085938,67.6180648803711
2024-01-03,STORE0006,SKU0084,26.545650482177734,28.085609436035156
2024-01-03,STORE0006,SKU0085,65.88431549072266,71.48242950439453
2024-01-03,STORE0006,SKU0087,32.72259521484375,27.635150909423828
2024-01-03,STORE0006,SKU0088,25.45671844482422,25.315290451049805
2024-01-03,STORE0006,SKU0090,22.257328033447266,20.492536544799805
2024-01-03,STORE0006,SKU0091,19.807254791259766,16.90847396850586
2024-01-03,STORE0006,SKU0092,97.24417114257812,91.26331329345703
2024-01-03,STORE0006,SKU0094,64.26871490478516,64.16355895996094
2024-01-03,STORE0006,SKU0095,31.44903564453125,29.42378807067871
2024-01-03,STORE0006,SKU0096,97.767333984375,96.39746856689453
2024-01-03,STORE0006,SKU0097,71.46322631835938,72.07463836669922
2024-01-03,STORE0006,SKU0098,42.60539245605469,38.442447662353516
2024-01-03,STORE0006,SKU0099,97.08480834960938,89.2776107788086
2024-01-03,STORE0006,SKU0100,87.58306884765625,89.53303527832031
2024-01-03,STORE0006,SKU0101,17.187305450439453,15.49119758605957
2024-01-03,STORE0006,SKU0102,97.42982482910156,89.84319305419922
2024-01-03,STORE0007,SKU0001,72.44882202148438,86.13787841796875
2024-01-03,STORE0007,SKU0002,48.43511962890625,47.91596603393555
2024-01-03,STORE0007,SKU0003,18.20352554321289,16.714204788208008
2024-01-03,STORE0007,SKU0004,68.02108764648438,68.7586441040039
2024-01-03,STORE0007,SKU0006,76.10604858398438,70.30828857421875
2024-01-03,STORE0007,SKU0008,19.02576446533203,17.613622665405273
2024-01-03,STORE0007,SKU0009,42.81255340576172,44.47426986694336
2024-01-03,STORE0007,SKU0011,17.274921417236328,14.349780082702637
2024-01-03,STORE0007,SKU0012,32.92870330810547,32.8048210144043
2024-01-03,STORE0007,SKU0013,60.05134963989258,62.02688217163086
2024-01-03,STORE0007,SKU0015,11.281021118164062,7.383674621582031
2024-01-03,STORE0007,SKU0016,20.33090591430664,19.817663192749023
2024-01-03,STORE0007,SKU0018,64.00751495361328,64.7614974975586
2024-01-03,STORE0007,SKU0020,37.48381805419922,37.28480911254883
2024-01-03,STORE0007,SKU0022,69.6330795288086,74.16869354248047
2024-01-03,STORE0007,SKU0023,51.36387634277344,55.41597366333008
2024-01-03,STORE0007,SKU0024,40.67755126953125,42.07111358642578
2024-01-03,STORE0007,SKU0025,20.005390167236328,23.760873794555664
2024-01-03,STORE0007,SKU0026,66.44487762451172,72.78028869628906
2024-01-03,STORE0007,SKU0027,73.6412353515625,92.40396881103516
2024-01-03,STORE0007,SKU0028,73.55219268798828,90.01203155517578
2024-01-03,STORE0007,SKU0029,20.795494079589844,24.264846801757812
2024-01-03,STORE0007,SKU0030,29.190135955810547,37.49574661254883
2024-01-03,STORE0007,SKU0031,35.38019561767578,42.52545166015625
2024-01-03,STORE0007,SKU0032,43.47662353515625,53.12297058105469
2024-01-03,STORE0007,SKU0034,91.41189575195312,111.94525909423828
2024-01-03,STORE0007,SKU0035,110.60845947265625,128.85464477539062
2024-01-03,STORE0007,SKU0036,28.466115951538086,33.18077087402344
2024-01-03,STORE0007,SKU0037,66.08206176757812,83.01071166992188
2024-01-03,STORE0007,SKU0038,58.21369934082031,78.14543914794922
2024-01-03,STORE0007,SKU0039,11.093742370605469,13.051323890686035
2024-01-03,STORE0007,SKU0040,14.542953491210938,16.91511344909668
2024-01-03,STORE0007,SKU0043,29.31401252746582,35.63936233520508
2024-01-03,STORE0007,SKU0044,52.97751235961914,68.90113067626953
2024-01-03,STORE0007,SKU0045,40.72937774658203,51.983299255371094
2024-01-03,STORE0007,SKU0046,57.386051177978516,75.95521545410156
2024-01-03,STORE0007,SKU0047,47.35313415527344,65.72004699707031
2024-01-03,STORE0007,SKU0048,41.54076385498047,50.15869903564453
2024-01-03,STORE0007,SKU0049,36.5761604309082,37.456783294677734
2024-01-03,STORE0007,SKU0050,13.846820831298828,11.55099868774414
2024-01-03,STORE0007,SKU0053,24.86530303955078,24.61301040649414
2024-01-03,STORE0007,SKU0055,12.065269470214844,10.073351860046387
2024-01-03,STORE0007,SKU0056,17.907817840576172,16.62578773498535
2024-01-03,STORE0007,SKU0058,69.49820709228516,71.62670135498047
2024-01-03,STORE0007,SKU0059,19.405960083007812,18.324787139892578
2024-01-03,STORE0007,SKU0060,45.76448440551758,49.71006393432617
2024-01-03,STORE0007,SKU0061,68.51518249511719,66.94795989990234
2024-01-03,STORE0007,SKU0062,14.823020935058594,13.023566246032715
2024-01-03,STORE0007,SKU0063,37.868919372558594,39.70552444458008
2024-01-03,STORE0007,SKU0065,41.0066032409668,42.094181060791016
2024-01-03,STORE0007,SKU0066,23.622440338134766,19.819456100463867
2024-01-03,STORE0007,SKU0067,31.425792694091797,30.003145217895508
2024-01-03,STORE0007,SKU0068,31.549945831298828,30.829086303710938
2024-01-03,STORE0007,SKU0072,28.97360610961914,26.3057804107666
2024-01-03,STORE0007,SKU0073,8.768810272216797,8.129111289978027
2024-01-03,STORE0007,SKU0074,40.827056884765625,40.94404983520508
2024-01-03,STORE0007,SKU0075,26.439624786376953,26.15707778930664
2024-01-03,STORE0007,SKU0076,24.52812957763672,22.9925537109375
2024-01-03,STORE0007,SKU0078,24.240962982177734,22.974878311157227
2024-01-03,STORE0007,SKU0079,59.439186096191406,60.94438934326172
2024-01-03,STORE0007,SKU0080,56.14891052246094,49.71387481689453
2024-01-03,STORE0007,SKU0081,50.36362838745117,51.056396484375
2024-01-03,STORE0007,SKU0082,44.80729293823242,48.76523208618164
2024-01-03,STORE0007,SKU0083,63.78761291503906,66.51337432861328
2024-01-03,STORE0007,SKU0084,20.074588775634766,16.118860244750977
2024-01-03,STORE0007,SKU0085,47.90653991699219,47.9046630859375
2024-01-03,STORE0007,SKU0086,7.572517395019531,6.995166301727295
2024-01-03,STORE0007,SKU0087,25.066078186035156,21.629047393798828
2024-01-03,STORE0007,SKU0088,19.561752319335938,18.138193130493164
2024-01-03,STORE0007,SKU0089,33.743621826171875,31.773332595825195
2024-01-03,STORE0007,SKU0090,17.063106536865234,16.253618240356445
2024-01-03,STORE0007,SKU0093,52.99521255493164,54.242008209228516
2024-01-03,STORE0007,SKU0094,45.496952056884766,44.01336669921875
2024-01-03,STORE0007,SKU0096,69.05986022949219,71.67996978759766
2024-01-03,STORE0007,SKU0097,51.76856231689453,47.571346282958984
2024-01-03,STORE0007,SKU0098,30.815990447998047,32.91286849975586
2024-01-03,STORE0007,SKU0099,70.639404296875,73.30294799804688
2024-01-03,STORE0007,SKU0100,62.822486877441406,65.70040893554688
2024-01-03,STORE0007,SKU0101,12.729476928710938,10.981790542602539
2024-01-03,STORE0007,SKU0102,70.28102111816406,65.75752258300781
2024-01-03,STORE0008,SKU0001,103.0046615600586,98.94947814941406
2024-01-03,STORE0008,SKU0002,66.80140686035156,63.083404541015625
2024-01-03,STORE0008,SKU0003,23.644264221191406,22.58551788330078
2024-01-03,STORE0008,SKU0004,93.51708984375,89.64453125
2024-01-03,STORE0008,SKU0005,78.12984466552734,78.73094177246094
2024-01-03,STORE0008,SKU0006,105.53382873535156,96.67269134521484
2024-01-03,STORE0008,SKU0007,30.41867446899414,27.824575424194336
2024-01-03,STORE0008,SKU0008,26.025390625,24.24680519104004
2024-01-03,STORE0008,SKU0009,60.23758316040039,60.49003219604492
2024-01-03,STORE0008,SKU0010,38.198890686035156,34.92193603515625
2024-01-03,STORE0008,SKU0011,22.806537628173828,18.242834091186523
2024-01-03,STORE0008,SKU0012,46.213348388671875,43.11717987060547
2024-01-03,STORE0008,SKU0013,85.12803649902344,86.80414581298828
2024-01-03,STORE0008,SKU0014,59.86490249633789,59.70842742919922
2024-01-03,STORE0008,SKU0015,13.731685638427734,11.895407676696777
2024-01-03,STORE0008,SKU0016,26.349586486816406,24.787883758544922
2024-01-03,STORE0008,SKU0018,89.55409240722656,81.31395721435547
2024-01-03,STORE0008,SKU0020,52.30152130126953,55.71247482299805
2024-01-03,STORE0008,SKU0022,99.17779541015625,89.52434539794922
2024-01-03,STORE0008,SKU0025,26.547962188720703,32.266075134277344
2024-01-03,STORE0008,SKU0027,102.50201416015625,101.86714935302734
2024-01-03,STORE0008,SKU0028,104.0113525390625,110.4882583618164
2024-01-03,STORE0008,SKU0029,26.985233306884766,34.309417724609375
2024-01-03,STORE0008,SKU0030,39.50828170776367,48.39730453491211
2024-01-03,STORE0008,SKU0031,47.16581726074219,58.403167724609375
2024-01-03,STORE0008,SKU0033,85.70193481445312,98.0253677368164
2024-01-03,STORE0008,SKU0035,143.22254943847656,135.48309326171875
2024-01-03,STORE0008,SKU0038,79.38031005859375,97.43537139892578
2024-01-03,STORE0008,SKU0039,14.069873809814453,19.113018035888672
2024-01-03,STORE0008,SKU0040,19.380661010742188,25.41048240661621
2024-01-03,STORE0008,SKU0041,74.38697052001953,86.65158081054688
2024-01-03,STORE0008,SKU0042,11.352455139160156,16.740188598632812
2024-01-03,STORE0008,SKU0043,40.607975006103516,47.96062088012695
2024-01-03,STORE0008,SKU0044,73.35391235351562,86.59174346923828
2024-01-03,STORE0008,SKU0045,58.25666809082031,73.43434143066406
2024-01-03,STORE0008,SKU0046,81.0915298461914,90.67327117919922
2024-01-03,STORE0008,SKU0047,66.49714660644531,73.27205657958984
2024-01-03,STORE0008,SKU0048,58.81382751464844,68.2968978881836
2024-01-03,STORE0008,SKU0049,50.70095443725586,48.86870193481445
2024-01-03,STORE0008,SKU0051,70.35839080810547,75.31666564941406
2024-01-03,STORE0008,SKU0055,15.521602630615234,15.097323417663574
2024-01-03,STORE0008,SKU0056,23.365726470947266,22.390745162963867
2024-01-03,STORE0008,SKU0057,86.88397216796875,88.90272521972656
2024-01-03,STORE0008,SKU0059,25.706836700439453,26.35426139831543
2024-01-03,STORE0008,SKU0060,62.029335021972656,59.80959701538086
2024-01-03,STORE0008,SKU0061,96.92103576660156,91.17670440673828
2024-01-03,STORE0008,SKU0062,18.839397430419922,18.36896514892578
2024-01-03,STORE0008,SKU0064,95.59261322021484,90.3317642211914
2024-01-03,STORE0008,SKU0065,57.74053192138672,56.312095642089844
2024-01-03,STORE0008,SKU0066,30.538606643676758,28.860963821411133
2024-01-03,STORE0008,SKU0067,42.645042419433594,40.37619400024414
2024-01-03,STORE0008,SKU0072,40.16705322265625,38.55242156982422
2024-01-03,STORE0008,SKU0074,57.559539794921875,60.552433013916016
2024-01-03,STORE0008,SKU0075,35.130775451660156,33.13075637817383
2024-01-03,STORE0008,SKU0076,33.01169967651367,32.01091384887695
2024-01-03,STORE0008,SKU0077,57.66300582885742,55.223541259765625
2024-01-03,STORE0008,SKU0078,31.77014923095703,32.7662239074707
2024-01-03,STORE0008,SKU0080,78.74104309082031,86.7811508178711
2024-01-03,STORE0008,SKU0081,70.66169738769531,63.68425369262695
2024-01-03,STORE0008,SKU0082,62.04058837890625,64.25611114501953
2024-01-03,STORE0008,SKU0083,89.48067474365234,94.99256896972656
2024-01-03,STORE0008,SKU0084,26.576400756835938,26.99100685119629
2024-01-03,STORE0008,SKU0085,66.06375122070312,69.04240417480469
2024-01-03,STORE0008,SKU0086,9.932403564453125,9.034064292907715
2024-01-03,STORE0008,SKU0087,33.11498260498047,33.51390075683594
2024-01-03,STORE0008,SKU0088,25.45486831665039,21.85074234008789
2024-01-03,STORE0008,SKU0089,46.223304748535156,45.367435455322266
2024-01-03,STORE0008,SKU0090,22.163867950439453,23.637226104736328
2024-01-03,STORE0008,SKU0091,19.850502014160156,20.589982986450195
2024-01-03,STORE0008,SKU0092,96.4004135131836,93.95189666748047
2024-01-03,STORE0008,SKU0093,74.81970977783203,73.77215576171875
2024-01-03,STORE0008,SKU0094,64.71688842773438,69.0111312866211
2024-01-03,STORE0008,SKU0095,31.270719528198242,29.71333122253418
2024-01-03,STORE0008,SKU0096,96.68511962890625,93.36687469482422
2024-01-03,STORE0008,SKU0097,71.1229248046875,73.9015884399414
2024-01-03,STORE0008,SKU0098,42.19419860839844,40.01968765258789
2024-01-03,STORE0008,SKU0099,97.55126953125,93.62621307373047
2024-01-03,STORE0008,SKU0100,87.06019592285156,88.35081481933594
2024-01-03,STORE0008,SKU0101,16.573108673095703,14.814302444458008
2024-01-03,STORE0008,SKU0102,98.54478454589844,91.1484375
2024-01-03,STORE0009,SKU0001,88.32411193847656,92.96451568603516
2024-01-03,STORE0009,SKU0002,58.83242416381836,57.0030403137207
2024-01-03,STORE0009,SKU0003,20.331348419189453,18.31127166748047
2024-01-03,STORE0009,SKU0005,68.16168975830078,71.10440063476562
2024-01-03,STORE0009,SKU0006,92.38604736328125,92.7310791015625
2024-01-03,STORE0009,SKU0008,22.39188003540039,23.187089920043945
2024-01-03,STORE0009,SKU0009,51.54885482788086,49.563873291015625
2024-01-03,STORE0009,SKU0010,32.79689025878906,27.724241256713867
2024-01-03,STORE0009,SKU0011,19.749065399169922,17.47999382019043
2024-01-03,STORE0009,SKU0012,39.55735778808594,38.50779724121094
2024-01-03,STORE0009,SKU0013,73.3492660522461,81.49454498291016
2024-01-03,STORE0009,SKU0015,12.266155242919922,10.051769256591797
2024-01-03,STORE0009,SKU0016,22.908946990966797,21.607023239135742
2024-01-03,STORE0009,SKU0017,88.19638061523438,96.36824035644531
2024-01-03,STORE0009,SKU0018,78.47877502441406,83.81423950195312
2024-01-03,STORE0009,SKU0019,15.771793365478516,12.473721504211426
2024-01-03,STORE0009,SKU0020,44.56172561645508,42.94367980957031
2024-01-03,STORE0009,SKU0022,85.20592498779297,88.57747650146484
2024-01-03,STORE0009,SKU0023,62.69486999511719,57.70071029663086
2024-01-03,STORE0009,SKU0024,49.559608459472656,50.706424713134766
2024-01-03,STORE0009,SKU0025,22.84503936767578,29.661266326904297
2024-01-03,STORE0009,SKU0027,89.73082733154297,96.55766296386719
2024-01-03,STORE0009,SKU0028,89.25736999511719,97.99884796142578
2024-01-03,STORE0009,SKU0030,34.59413146972656,40.434593200683594
2024-01-03,STORE0009,SKU0032,55.08671569824219,60.7363395690918
2024-01-03,STORE0009,SKU0033,78.28108215332031,99.2321548461914
2024-01-03,STORE0009,SKU0034,105.60604858398438,118.97943115234375
2024-01-03,STORE0009,SKU0035,128.4034881591797,135.9162139892578
2024-01-03,STORE0009,SKU0037,78.7923583984375,89.08916473388672
2024-01-03,STORE0009,SKU0038,70.40884399414062,85.6014175415039
2024-01-03,STORE0009,SKU0039,12.02566146850586,15.180109977722168
2024-01-03,STORE0009,SKU0041,66.3885498046875,81.15963745117188
2024-01-03,STORE0009,SKU0044,64.85954284667969,83.5661392211914
2024-01-03,STORE0009,SKU0045,50.187286376953125,60.422752380371094
2024-01-03,STORE0009,SKU0046,70.2850112915039,74.22815704345703
2024-01-03,STORE0009,SKU0047,56.866180419921875,69.54090118408203
2024-01-03,STORE0009,SKU0049,44.0848388671875,39.33580017089844
2024-01-03,STORE0009,SKU0050,16.108001708984375,15.365373611450195
2024-01-03,STORE0009,SKU0051,61.987701416015625,61.70964813232422
2024-01-03,STORE0009,SKU0052,51.760841369628906,51.06977844238281
2024-01-03,STORE0009,SKU0055,13.524959564208984,12.373523712158203
2024-01-03,STORE0009,SKU0057,76.926025390625,76.88153839111328
2024-01-03,STORE0009,SKU0058,82.88272857666016,84.37559509277344
2024-01-03,STORE0009,SKU0059,22.218284606933594,23.98029327392578
2024-01-03,STORE0009,SKU0060,54.8694953918457,52.539703369140625
2024-01-03,STORE0009,SKU0061,84.17186737060547,88.9758071899414
2024-01-03,STORE0009,SKU0062,16.57537841796875,16.364877700805664
2024-01-03,STORE0009,SKU0063,46.64870834350586,46.62669372558594
2024-01-03,STORE0009,SKU0064,82.86868286132812,86.17852783203125
2024-01-03,STORE0009,SKU0065,50.78319549560547,51.280147552490234
2024-01-03,STORE0009,SKU0066,26.64942169189453,26.37007713317871
2024-01-03,STORE0009,SKU0067,37.0456657409668,33.92670440673828
2024-01-03,STORE0009,SKU0068,37.64289855957031,34.53544235229492
2024-01-03,STORE0009,SKU0069,68.34869384765625,64.91921997070312
2024-01-03,STORE0009,SKU0070,90.83622741699219,84.16944885253906
2024-01-03,STORE0009,SKU0071,29.280990600585938,27.722373962402344
2024-01-03,STORE0009,SKU0072,34.5844841003418,33.05925369262695
2024-01-03,STORE0009,SKU0074,49.76503372192383,52.1924934387207
2024-01-03,STORE0009,SKU0075,30.33909797668457,28.877666473388672
2024-01-03,STORE0009,SKU0076,28.121004104614258,26.99507713317871
2024-01-03,STORE0009,SKU0077,49.3463249206543,50.30448913574219
2024-01-03,STORE0009,SKU0078,27.40866470336914,28.95825958251953
2024-01-03,STORE0009,SKU0080,68.31072998046875,75.68896484375
2024-01-03,STORE0009,SKU0082,53.71150588989258,52.6185417175293
2024-01-03,STORE0009,SKU0083,77.08901977539062,83.69142150878906
2024-01-03,STORE0009,SKU0084,23.033103942871094,21.63521385192871
2024-01-03,STORE0009,SKU0085,58.37185287475586,61.63139724731445
2024-01-03,STORE0009,SKU0086,8.81131362915039,8.569823265075684
2024-01-03,STORE0009,SKU0087,28.300403594970703,26.906719207763672
2024-01-03,STORE0009,SKU0088,21.835189819335938,21.20162010192871
2024-01-03,STORE0009,SKU0089,40.346500396728516,36.710479736328125
2024-01-03,STORE0009,SKU0090,18.93255615234375,18.20648956298828
2024-01-03,STORE0009,SKU0091,16.902050018310547,16.38410758972168
2024-01-03,STORE0009,SKU0092,82.77151489257812,84.4874038696289
2024-01-03,STORE0009,SKU0093,64.5276870727539,64.17670440673828
2024-01-03,STORE0009,SKU0096,83.19246673583984,86.01275634765625
2024-01-03,STORE0009,SKU0097,61.764163970947266,64.28562927246094
2024-01-03,STORE0009,SKU0098,36.85692596435547,38.108970642089844
2024-01-03,STORE0009,SKU0099,84.04290771484375,83.57795715332031
2024-01-03,STORE0009,SKU0102,85.76551818847656,87.7475814819336
2024-01-03,STORE0010,SKU0001,87.31391143798828,92.25785064697266
2024-01-03,STORE0010,SKU0004,80.88774108886719,88.50828552246094
2024-01-03,STORE0010,SKU0005,67.84808349609375,72.75830078125
2024-01-03,STORE0010,SKU0006,90.63410186767578,84.27812957763672
2024-01-03,STORE0010,SKU0007,25.782752990722656,22.479328155517578
2024-01-03,STORE0010,SKU0010,32.402915954589844,29.071170806884766
2024-01-03,STORE0010,SKU0011,19.549861907958984,17.849597930908203
2024-01-03,STORE0010,SKU0012,38.961631774902344,39.915687561035156
2024-01-03,STORE0010,SKU0013,72.25116729736328,77.6654052734375
2024-01-03,STORE0010,SKU0014,51.15855407714844,53.57831573486328
2024-01-03,STORE0010,SKU0015,12.030841827392578,9.381640434265137
2024-01-03,STORE0010,SKU0016,22.45758819580078,20.606929779052734
2024-01-03,STORE0010,SKU0017,87.07276153564453,86.19286346435547
2024-01-03,STORE0010,SKU0018,76.42543029785156,73.7339096069336
2024-01-03,STORE0010,SKU0019,15.570301055908203,14.813261985778809
2024-01-03,STORE0010,SKU0020,44.277671813964844,41.719215393066406
2024-01-03,STORE0010,SKU0021,48.80004119873047,49.99415969848633
2024-01-03,STORE0010,SKU0025,22.362075805664062,26.15372085571289
2024-01-03,STORE0010,SKU0028,86.2103500366211,101.29205322265625
2024-01-03,STORE0010,SKU0029,22.625991821289062,27.465362548828125
2024-01-03,STORE0010,SKU0030,33.952049255371094,42.544437408447266
2024-01-03,STORE0010,SKU0032,53.15292739868164,62.115047454833984
2024-01-03,STORE0010,SKU0034,106.81636047363281,124.64533233642578
2024-01-03,STORE0010,SKU0035,128.8680877685547,139.37351989746094
2024-01-03,STORE0010,SKU0036,31.692506790161133,37.65525817871094
2024-01-03,STORE0010,SKU0037,78.0406494140625,98.59117126464844
2024-01-03,STORE0010,SKU0038,68.79312896728516,91.65941619873047
2024-01-03,STORE0010,SKU0039,11.586353302001953,14.96523380279541
2024-01-03,STORE0010,SKU0040,16.171432495117188,19.386878967285156
2024-01-03,STORE0010,SKU0042,9.207408905029297,13.355767250061035
2024-01-03,STORE0010,SKU0043,33.99492645263672,46.217098236083984
2024-01-03,STORE0010,SKU0045,49.23673629760742,58.07220458984375
2024-01-03,STORE0010,SKU0046,66.83061981201172,81.20759582519531
2024-01-03,STORE0010,SKU0048,49.54176712036133,57.9556884765625
2024-01-03,STORE0010,SKU0050,15.829948425292969,15.950507164001465
2024-01-03,STORE0010,SKU0051,61.25645446777344,59.9979248046875
2024-01-03,STORE0010,SKU0052,50.52897644042969,50.78270721435547
2024-01-03,STORE0010,SKU0053,28.394887924194336,28.67767333984375
2024-01-03,STORE0010,SKU0054,69.74344635009766,67.09632110595703
2024-01-03,STORE0010,SKU0055,13.089515686035156,13.537516593933105
2024-01-03,STORE0010,SKU0056,19.573184967041016,19.99899673461914
2024-01-03,STORE0010,SKU0057,75.20105743408203,79.89134979248047
2024-01-03,STORE0010,SKU0058,81.23495483398438,79.45773315429688
2024-01-03,STORE0010,SKU0059,21.632080078125,24.907848358154297
2024-01-03,STORE0010,SKU0060,54.560760498046875,54.53975296020508
2024-01-03,STORE0010,SKU0061,81.38861083984375,77.11195373535156
2024-01-03,STORE0010,SKU0063,45.65876770019531,51.07429504394531
2024-01-03,STORE0010,SKU0064,80.79922485351562,80.74463653564453
2024-01-03,STORE0010,SKU0065,49.48477554321289,50.88032150268555
2024-01-03,STORE0010,SKU0067,36.24442672729492,33.242244720458984
2024-01-03,STORE0010,SKU0068,37.079322814941406,35.5077018737793
2024-01-03,STORE0010,SKU0069,67.37730407714844,67.26060485839844
2024-01-03,STORE0010,SKU0070,88.67657470703125,91.3870849609375
2024-01-03,STORE0010,SKU0073,9.299125671386719,9.19471549987793
2024-01-03,STORE0010,SKU0074,48.749141693115234,50.316532135009766
2024-01-03,STORE0010,SKU0075,29.903793334960938,31.840341567993164
2024-01-03,STORE0010,SKU0076,27.547117233276367,26.497631072998047
2024-01-03,STORE0010,SKU0077,48.71682357788086,49.04292678833008
2024-01-03,STORE0010,SKU0078,26.828968048095703,28.719831466674805
2024-01-03,STORE0010,SKU0079,70.99264526367188,72.93061065673828
2024-01-03,STORE0010,SKU0080,66.25482940673828,74.09223937988281
2024-01-03,STORE0010,SKU0081,60.29080581665039,63.095184326171875
2024-01-03,STORE0010,SKU0083,76.30853271484375,85.06310272216797
2024-01-03,STORE0010,SKU0084,22.701244354248047,22.37883758544922
2024-01-03,STORE0010,SKU0085,57.19022750854492,61.02151107788086
2024-01-03,STORE0010,SKU0086,8.570640563964844,8.10076904296875
2024-01-03,STORE0010,SKU0087,27.699485778808594,24.5546875
2024-01-03,STORE0010,SKU0088,21.50998306274414,23.437881469726562
2024-01-03,STORE0010,SKU0089,39.87018966674805,37.38740921020508
2024-01-03,STORE0010,SKU0090,18.524330139160156,17.37994956970215
2024-01-03,STORE0010,SKU0092,80.93307495117188,86.07247924804688
2024-01-03,STORE0010,SKU0094,54.52285385131836,56.650794982910156
2024-01-03,STORE0010,SKU0095,26.635169982910156,30.625354766845703
2024-01-03,STORE0010,SKU0096,81.12203979492188,78.02565002441406
2024-01-03,STORE0010,SKU0097,61.465370178222656,62.1616325378418
2024-01-03,STORE0010,SKU0098,36.005157470703125,34.08280563354492
2024-01-03,STORE0010,SKU0099,81.58621978759766,77.80387878417969
2024-01-03,STORE0010,SKU0100,73.44672393798828,77.02281951904297
2024-01-03,STORE0010,SKU0101,14.523929595947266,13.47414493560791
2024-01-03,STORE0010,SKU0102,83.40591430664062,87.91040802001953
2024-01-03,STORE0011,SKU0001,102.55696105957031,104.41722106933594
2024-01-03,STORE0011,SKU0002,66.9937744140625,63.01499938964844
2024-01-03,STORE0011,SKU0003,23.555423736572266,20.590206146240234
2024-01-03,STORE0011,SKU0004,94.03340148925781,92.64240264892578
2024-01-03,STORE0011,SKU0005,77.27885437011719,79.74681854248047
2024-01-03,STORE0011,SKU0006,106.65657806396484,95.81221771240234
2024-01-03,STORE0011,SKU0007,30.266366958618164,30.272090911865234
2024-01-03,STORE0011,SKU0009,59.22358703613281,58.946285247802734
2024-01-03,STORE0011,SKU0012,45.549049377441406,45.11909103393555
2024-01-03,STORE0011,SKU0014,58.105621337890625,53.9229850769043
2024-01-03,STORE0011,SKU0015,13.72711181640625,10.52955150604248
2024-01-03,STORE0011,SKU0017,101.70781707763672,96.84696197509766
2024-01-03,STORE0011,SKU0018,88.52336120605469,79.63310241699219
2024-01-03,STORE0011,SKU0019,18.540863037109375,15.78413200378418
2024-01-03,STORE0011,SKU0020,51.28384017944336,47.444740295410156
2024-01-03,STORE0011,SKU0021,55.948890686035156,58.90378189086914
2024-01-03,STORE0011,SKU0022,99.1689453125,97.26123046875
2024-01-03,STORE0011,SKU0023,70.71650695800781,66.38400268554688
2024-01-03,STORE0011,SKU0024,57.084373474121094,53.066001892089844
2024-01-03,STORE0011,SKU0025,26.052536010742188,31.582002639770508
2024-01-03,STORE0011,SKU0026,89.01258850097656,97.8140640258789
2024-01-03,STORE0011,SKU0027,102.03244018554688,104.54354095458984
2024-01-03,STORE0011,SKU0028,100.48104858398438,109.16969299316406
2024-01-03,STORE0011,SKU0029,26.747268676757812,34.119747161865234
2024-01-03,STORE0011,SKU0030,39.420555114746094,46.675682067871094
2024-01-03,STORE0011,SKU0031,46.56947708129883,56.61705017089844
2024-01-03,STORE0011,SKU0033,83.70191955566406,98.4813003540039
2024-01-03,STORE0011,SKU0034,128.90673828125,135.24356079101562
2024-01-03,STORE0011,SKU0035,149.89598083496094,141.26234436035156
2024-01-03,STORE0011,SKU0036,35.87769317626953,42.531925201416016
2024-01-03,STORE0011,SKU0037,88.35614776611328,106.68118286132812
2024-01-03,STORE0011,SKU0038,78.28153991699219,98.80422973632812
2024-01-03,STORE0011,SKU0039,13.891620635986328,18.02083396911621
2024-01-03,STORE0011,SKU0040,19.297569274902344,26.01173210144043
2024-01-03,STORE0011,SKU0041,74.07792663574219,86.90584564208984
2024-01-03,STORE0011,SKU0043,39.233375549316406,50.032711029052734
2024-01-03,STORE0011,SKU0044,72.00448608398438,87.2217025756836
2024-01-03,STORE0011,SKU0046,79.26873779296875,95.48770904541016
2024-01-03,STORE0011,SKU0047,64.12638092041016,75.03447723388672
2024-01-03,STORE0011,SKU0048,57.808956146240234,73.29942321777344
2024-01-03,STORE0011,SKU0050,18.91413116455078,17.455827713012695
2024-01-03,STORE0011,SKU0051,69.46192169189453,75.2220687866211
2024-01-03,STORE0011,SKU0052,57.024051666259766,57.7733268737793
2024-01-03,STORE0011,SKU0053,33.35198974609375,31.410964965820312
2024-01-03,STORE0011,SKU0054,80.81402587890625,85.60478210449219
2024-01-03,STORE0011,SKU0055,15.364795684814453,15.272566795349121
2024-01-03,STORE0011,SKU0056,23.30352020263672,21.16480827331543
2024-01-03,STORE0011,SKU0058,94.6860122680664,89.31413269042969
2024-01-03,STORE0011,SKU0059,25.47097396850586,26.918672561645508
2024-01-03,STORE0011,SKU0061,96.23716735839844,92.34877014160156
2024-01-03,STORE0011,SKU0062,19.16409683227539,17.291074752807617
2024-01-03,STORE0011,SKU0064,95.53897094726562,92.13155364990234
2024-01-03,STORE0011,SKU0065,56.75287628173828,56.61470031738281
2024-01-03,STORE0011,SKU0066,30.469846725463867,29.747392654418945
2024-01-03,STORE0011,SKU0067,41.99510192871094,39.18075942993164
2024-01-03,STORE0011,SKU0068,42.372615814208984,37.03030776977539
2024-01-03,STORE0011,SKU0069,77.59005737304688,74.826171875
2024-01-03,STORE0011,SKU0070,103.44920349121094,97.8550033569336
2024-01-03,STORE0011,SKU0071,33.62609100341797,32.49995803833008
2024-01-03,STORE0011,SKU0072,39.41219711303711,36.7718620300293
2024-01-03,STORE0011,SKU0073,11.46331787109375,11.967716217041016
2024-01-03,STORE0011,SKU0074,56.748626708984375,54.47890853881836
2024-01-03,STORE0011,SKU0077,56.47757339477539,54.53900909423828
2024-01-03,STORE0011,SKU0078,31.047887802124023,30.423437118530273
2024-01-03,STORE0011,SKU0079,82.77017974853516,80.58248138427734
2024-01-03,STORE0011,SKU0082,60.41567611694336,59.93499755859375
2024-01-03,STORE0011,SKU0083,88.35369873046875,90.22080993652344
2024-01-03,STORE0011,SKU0085,65.33533477783203,70.96793365478516
2024-01-03,STORE0011,SKU0086,10.16232681274414,10.011040687561035
2024-01-03,STORE0011,SKU0087,32.733619689941406,30.151540756225586
2024-01-03,STORE0011,SKU0088,25.439998626708984,25.302955627441406
2024-01-03,STORE0011,SKU0089,45.224979400634766,42.50604248046875
2024-01-03,STORE0011,SKU0090,22.125423431396484,21.60300064086914
2024-01-03,STORE0011,SKU0094,62.95143508911133,60.324623107910156
2024-01-03,STORE0011,SKU0095,30.846153259277344,31.224315643310547
2024-01-03,STORE0011,SKU0096,96.15264892578125,96.95378112792969
2024-01-03,STORE0011,SKU0097,69.34866333007812,68.23954772949219
2024-01-03,STORE0011,SKU0098,41.41807556152344,37.378929138183594
2024-01-03,STORE0011,SKU0100,85.090087890625,85.03602600097656
2024-01-03,STORE0011,SKU0101,17.10085678100586,16.194984436035156
2024-01-03,STORE0012,SKU0001,89.14153289794922,99.36763000488281
2024-01-03,STORE0012,SKU0002,58.50821304321289,60.17224884033203
2024-01-03,STORE0012,SKU0004,82.4158935546875,82.83128356933594
2024-01-03,STORE0012,SKU0005,68.32816314697266,72.04623413085938
2024-01-03,STORE0012,SKU0006,93.75871276855469,85.59808349609375
2024-01-03,STORE0012,SKU0007,26.419845581054688,24.94037628173828
2024-01-03,STORE0012,SKU0008,22.51752471923828,22.8441162109375
2024-01-03,STORE0012,SKU0009,51.77592468261719,47.736934661865234
2024-01-03,STORE0012,SKU0010,32.94760513305664,33.24384307861328
2024-01-03,STORE0012,SKU0013,74.24436950683594,81.61023712158203
2024-01-03,STORE0012,SKU0014,51.310577392578125,51.11323165893555
2024-01-03,STORE0012,SKU0015,12.216259002685547,10.338650703430176
2024-01-03,STORE0012,SKU0016,23.00287628173828,22.41712760925293
2024-01-03,STORE0012,SKU0017,89.38008117675781,92.12321472167969
2024-01-03,STORE0012,SKU0018,78.88214874267578,74.6501235961914
2024-01-03,STORE0012,SKU0019,15.706245422363281,14.578432083129883
2024-01-03,STORE0012,SKU0020,44.99443817138672,49.70082092285156
2024-01-03,STORE0012,SKU0022,85.32488250732422,83.39846801757812
2024-01-03,STORE0012,SKU0023,63.501434326171875,60.02354049682617
2024-01-03,STORE0012,SKU0025,22.773387908935547,27.68883514404297
2024-01-03,STORE0012,SKU0026,77.86497497558594,93.99091339111328
2024-01-03,STORE0012,SKU0027,87.5775146484375,97.7059097290039
2024-01-03,STORE0012,SKU0028,88.15094757080078,100.20442962646484
2024-01-03,STORE0012,SKU0029,23.060745239257812,28.04950523376465
2024-01-03,STORE0012,SKU0030,34.60573959350586,49.194190979003906
2024-01-03,STORE0012,SKU0032,53.704689025878906,64.06484985351562
2024-01-03,STORE0012,SKU0033,72.86511993408203,90.36761474609375
2024-01-03,STORE0012,SKU0034,106.58871459960938,124.19996643066406
2024-01-03,STORE0012,SKU0035,132.22247314453125,130.10995483398438
2024-01-03,STORE0012,SKU0036,31.397491455078125,38.44056701660156
2024-01-03,STORE0012,SKU0037,77.6749496459961,93.03690338134766
2024-01-03,STORE0012,SKU0038,69.4185791015625,86.59502410888672
2024-01-03,STORE0012,SKU0039,11.936264038085938,14.038503646850586
2024-01-03,STORE0012,SKU0043,34.45552062988281,39.311485290527344
2024-01-03,STORE0012,SKU0044,63.6904296875,78.39974212646484
2024-01-03,STORE0012,SKU0046,68.36187744140625,83.95816802978516
2024-01-03,STORE0012,SKU0047,55.37601852416992,70.95588684082031
2024-01-03,STORE0012,SKU0048,50.838138580322266,61.4073486328125
2024-01-03,STORE0012,SKU0050,16.068248748779297,15.553948402404785
2024-01-03,STORE0012,SKU0052,51.73239517211914,50.980438232421875
2024-01-03,STORE0012,SKU0053,29.133115768432617,29.553686141967773
2024-01-03,STORE0012,SKU0054,71.87914276123047,68.93408203125
2024-01-03,STORE0012,SKU0055,13.516918182373047,12.52869987487793
2024-01-03,STORE0012,SKU0056,20.237354278564453,18.866968154907227
2024-01-03,STORE0012,SKU0057,75.77713012695312,72.16726684570312
2024-01-03,STORE0012,SKU0058,83.04316711425781,76.03422546386719
2024-01-03,STORE0012,SKU0059,22.241302490234375,23.33343505859375
2024-01-03,STORE0012,SKU0060,54.628204345703125,50.87765884399414
2024-01-03,STORE0012,SKU0061,83.92498016357422,82.64155578613281
2024-01-03,STORE0012,SKU0062,16.563858032226562,14.993000030517578
2024-01-03,STORE0012,SKU0064,82.58280944824219,77.22650909423828
2024-01-03,STORE0012,SKU0065,50.02288818359375,47.904335021972656
2024-01-03,STORE0012,SKU0066,26.677139282226562,24.571107864379883
2024-01-03,STORE0012,SKU0068,37.275264739990234,32.89936065673828
2024-01-03,STORE0012,SKU0070,91.14849090576172,89.77375030517578
2024-01-03,STORE0012,SKU0071,29.13465690612793,26.991641998291016
2024-01-03,STORE0012,SKU0072,34.44023513793945,36.80928421020508
2024-01-03,STORE0012,SKU0074,49.944522857666016,54.555824279785156
2024-01-03,STORE0012,SKU0075,30.548072814941406,31.609262466430664
2024-01-03,STORE0012,SKU0076,28.209768295288086,26.644729614257812
2024-01-03,STORE0012,SKU0077,49.2285041809082,44.500553131103516
2024-01-03,STORE0012,SKU0078,27.61250877380371,27.832609176635742
2024-01-03,STORE0012,SKU0080,67.8053970336914,75.92741394042969
2024-01-03,STORE0012,SKU0081,61.82813262939453,63.18551254272461
2024-01-03,STORE0012,SKU0083,76.95492553710938,83.61713409423828
2024-01-03,STORE0012,SKU0084,23.45760726928711,22.844921112060547
2024-01-03,STORE0012,SKU0085,57.298946380615234,61.94875717163086
2024-01-03,STORE0012,SKU0086,8.626422882080078,7.121335029602051
2024-01-03,STORE0012,SKU0088,21.999500274658203,22.20005226135254
2024-01-03,STORE0012,SKU0089,39.970848083496094,36.82196807861328
2024-01-03,STORE0012,SKU0091,16.682846069335938,14.983572959899902
2024-01-03,STORE0012,SKU0092,83.5538330078125,83.64305114746094
2024-01-03,STORE0012,SKU0094,55.98554992675781,53.023380279541016
2024-01-03,STORE0012,SKU0095,26.892723083496094,28.405227661132812
2024-01-03,STORE0012,SKU0096,83.97073364257812,82.67677307128906
2024-01-03,STORE0012,SKU0097,61.74996566772461,62.316715240478516
2024-01-03,STORE0012,SKU0098,36.421756744384766,34.9453125
2024-01-03,STORE0012,SKU0099,83.7572021484375,86.25450134277344
2024-01-03,STORE0012,SKU0100,75.3342056274414,80.18891906738281
2024-01-03,STORE0012,SKU0101,14.591556549072266,14.596116065979004
2024-01-03,STORE0013,SKU0001,53.49495315551758,58.24964904785156
2024-01-03,STORE0013,SKU0002,35.81566619873047,31.082441329956055
2024-01-03,STORE0013,SKU0003,13.747406005859375,10.234705924987793
2024-01-03,STORE0013,SKU0006,55.3619499206543,52.74285888671875
2024-01-03,STORE0013,SKU0008,14.255149841308594,12.053236961364746
2024-01-03,STORE0013,SKU0009,31.045703887939453,27.26666831970215
2024-01-03,STORE0013,SKU0013,44.229034423828125,42.06533432006836
2024-01-03,STORE0013,SKU0014,31.174428939819336,30.860578536987305
2024-01-03,STORE0013,SKU0015,8.221786499023438,6.538449764251709
2024-01-03,STORE0013,SKU0017,52.94583511352539,52.531490325927734
2024-01-03,STORE0013,SKU0020,28.058151245117188,25.99014663696289
2024-01-03,STORE0013,SKU0024,29.543487548828125,29.917171478271484
2024-01-03,STORE0013,SKU0025,14.527183532714844,15.298587799072266
2024-01-03,STORE0013,SKU0026,46.29694747924805,53.72782516479492
2024-01-03,STORE0013,SKU0027,51.63679122924805,60.85209655761719
2024-01-03,STORE0013,SKU0028,53.06956100463867,62.8621940612793
2024-01-03,STORE0013,SKU0031,23.988067626953125,32.1378288269043
2024-01-03,STORE0013,SKU0032,29.811077117919922,38.54734420776367
2024-01-03,STORE0013,SKU0034,61.978248596191406,75.13909149169922
2024-01-03,STORE0013,SKU0036,19.711196899414062,25.509939193725586
2024-01-03,STORE0013,SKU0037,46.72309875488281,58.866519927978516
2024-01-03,STORE0013,SKU0039,7.422882080078125,9.018996238708496
2024-01-03,STORE0013,SKU0040,10.147903442382812,12.465301513671875
2024-01-03,STORE0013,SKU0041,38.0938720703125,46.86955642700195
2024-01-03,STORE0013,SKU0049,26.708065032958984,22.523067474365234
2024-01-03,STORE0013,SKU0056,13.380699157714844,12.852516174316406
2024-01-03,STORE0013,SKU0057,45.29923629760742,44.69412612915039
2024-01-03,STORE0013,SKU0061,49.20117950439453,49.3218994140625
2024-01-03,STORE0013,SKU0063,26.99591827392578,24.63945198059082
2024-01-03,STORE0013,SKU0065,30.11990737915039,32.073211669921875
2024-01-03,STORE0013,SKU0068,23.367568969726562,22.841136932373047
2024-01-03,STORE0013,SKU0071,18.288372039794922,14.625932693481445
2024-01-03,STORE0013,SKU0076,17.844547271728516,17.09256935119629
2024-01-03,STORE0013,SKU0080,40.99589538574219,43.83597183227539
2024-01-03,STORE0013,SKU0084,15.385124206542969,14.185938835144043
2024-01-03,STORE0013,SKU0085,35.455936431884766,34.4970588684082
2024-01-03,STORE0013,SKU0086,4.284603118896484,5.310117721557617
2024-01-03,STORE0013,SKU0087,19.020938873291016,17.197816848754883
2024-01-03,STORE0013,SKU0089,25.160579681396484,25.335205078125
2024-01-03,STORE0013,SKU0090,12.724308013916016,11.244333267211914
2024-01-03,STORE0013,SKU0096,49.728214263916016,49.45765686035156
2024-01-03,STORE0013,SKU0097,38.00777816772461,37.05503845214844
2024-01-03,STORE0013,SKU0099,51.829742431640625,45.60292053222656
2024-01-03,STORE0013,SKU0102,51.25235366821289,51.32953643798828
2024-01-04,STORE0001,SKU0001,103.79386901855469,101.70487976074219
2024-01-04,STORE0001,SKU0002,67.65465545654297,63.29341125488281
2024-01-04,STORE0001,SKU0004,95.67433166503906,93.13949584960938
2024-01-04,STORE0001,SKU0006,107.48970031738281,96.91778564453125
2024-01-04,STORE0001,SKU0007,30.385244369506836,24.590694427490234
2024-01-04,STORE0001,SKU0008,26.182605743408203,26.15668487548828
2024-01-04,STORE0001,SKU0010,38.63679122924805,35.46599578857422
2024-01-04,STORE0001,SKU0011,22.695140838623047,18.36751365661621
2024-01-04,STORE0001,SKU0012,46.488006591796875,45.28449249267578
2024-01-04,STORE0001,SKU0014,59.60799789428711,59.284828186035156
2024-01-04,STORE0001,SKU0015,13.914058685302734,10.919808387756348
2024-01-04,STORE0001,SKU0016,26.264434814453125,24.54665756225586
2024-01-04,STORE0001,SKU0017,103.33570861816406,98.23388671875
2024-01-04,STORE0001,SKU0018,91.3077392578125,90.82372283935547
2024-01-04,STORE0001,SKU0019,18.283710479736328,15.45356559753418
2024-01-04,STORE0001,SKU0020,51.825714111328125,47.54755401611328
2024-01-04,STORE0001,SKU0021,58.52676010131836,59.71970748901367
2024-01-04,STORE0001,SKU0023,72.49755859375,69.56488800048828
2024-01-04,STORE0001,SKU0024,57.59617233276367,49.1430549621582
2024-01-04,STORE0001,SKU0026,90.3829574584961,98.45845794677734
2024-01-04,STORE0001,SKU0027,104.24090576171875,115.33441925048828
2024-01-04,STORE0001,SKU0029,26.756446838378906,38.07905197143555
2024-01-04,STORE0001,SKU0030,39.68621063232422,49.15571212768555
2024-01-04,STORE0001,SKU0031,46.40892791748047,54.8736457824707
2024-01-04,STORE0001,SKU0033,86.82792663574219,100.02833557128906
2024-01-04,STORE0001,SKU0035,150.94773864746094,139.99937438964844
2024-01-04,STORE0001,SKU0036,36.58634567260742,44.852108001708984
2024-01-04,STORE0001,SKU0037,89.79606628417969,96.91634368896484
2024-01-04,STORE0001,SKU0038,81.76564025878906,94.0762939453125
2024-01-04,STORE0001,SKU0039,14.197769165039062,17.476638793945312
2024-01-04,STORE0001,SKU0040,19.081138610839844,21.133399963378906
2024-01-04,STORE0001,SKU0041,74.88967895507812,84.75110626220703
2024-01-04,STORE0001,SKU0042,11.52280044555664,16.515857696533203
2024-01-04,STORE0001,SKU0043,39.974937438964844,48.04668426513672
2024-01-04,STORE0001,SKU0045,57.96977615356445,65.5627670288086
2024-01-04,STORE0001,SKU0046,81.67829132080078,89.74100494384766
2024-01-04,STORE0001,SKU0047,66.61211395263672,80.26261138916016
2024-01-04,STORE0001,SKU0048,60.494773864746094,72.29120635986328
2024-01-04,STORE0001,SKU0049,50.96269226074219,48.52918243408203
2024-01-04,STORE0001,SKU0050,18.538612365722656,17.126771926879883
2024-01-04,STORE0001,SKU0051,69.89763641357422,65.03376007080078
2024-01-04,STORE0001,SKU0053,33.49064254760742,30.505939483642578
2024-01-04,STORE0001,SKU0054,83.71107482910156,76.9683837890625
2024-01-04,STORE0001,SKU0055,15.617683410644531,14.26893138885498
2024-01-04,STORE0001,SKU0056,23.483692169189453,23.221220016479492
2024-01-04,STORE0001,SKU0058,97.5428466796875,92.77005767822266
2024-01-04,STORE0001,SKU0059,25.575519561767578,27.163219451904297
2024-01-04,STORE0001,SKU0060,63.68866729736328,59.02183532714844
2024-01-04,STORE0001,SKU0061,97.34686279296875,86.66687774658203
2024-01-04,STORE0001,SKU0062,18.848522186279297,19.36398696899414
2024-01-04,STORE0001,SKU0063,52.67046356201172,51.70846176147461
2024-01-04,STORE0001,SKU0065,58.2100715637207,57.86750030517578
2024-01-04,STORE0001,SKU0066,30.289506912231445,28.473003387451172
2024-01-04,STORE0001,SKU0067,42.42816162109375,39.600250244140625
2024-01-04,STORE0001,SKU0068,43.411476135253906,39.578731536865234
2024-01-04,STORE0001,SKU0069,79.90509796142578,81.12592315673828
2024-01-04,STORE0001,SKU0070,107.1266860961914,99.8823013305664
2024-01-04,STORE0001,SKU0072,39.78082275390625,33.2394905090332
2024-01-04,STORE0001,SKU0073,11.64801025390625,10.820194244384766
2024-01-04,STORE0001,SKU0074,58.00371170043945,53.0639762878418
2024-01-04,STORE0001,SKU0076,32.901641845703125,28.380922317504883
2024-01-04,STORE0001,SKU0077,57.33937072753906,52.73509216308594
2024-01-04,STORE0001,SKU0078,31.966064453125,31.262680053710938
2024-01-04,STORE0001,SKU0080,80.05790710449219,73.91216278076172
2024-01-04,STORE0001,SKU0081,71.86686706542969,69.70681762695312
2024-01-04,STORE0001,SKU0082,62.58242416381836,60.55590057373047
2024-01-04,STORE0001,SKU0084,26.636646270751953,25.678752899169922
2024-01-04,STORE0001,SKU0086,9.923961639404297,9.543137550354004
2024-01-04,STORE0001,SKU0087,32.83319091796875,30.850412368774414
2024-01-04,STORE0001,SKU0090,22.166179656982422,22.428749084472656
2024-01-04,STORE0001,SKU0092,98.27447509765625,94.5326156616211
2024-01-04,STORE0001,SKU0093,75.2109375,74.21615600585938
2024-01-04,STORE0001,SKU0094,64.68199157714844,63.93021774291992
2024-01-04,STORE0001,SKU0095,31.080324172973633,31.945453643798828
2024-01-04,STORE0001,SKU0096,98.5941162109375,94.16923522949219
2024-01-04,STORE0001,SKU0097,71.7264633178711,68.87714385986328
2024-01-04,STORE0001,SKU0098,42.536949157714844,40.55963134765625
2024-01-04,STORE0001,SKU0099,97.86455535888672,90.41499328613281
2024-01-04,STORE0001,SKU0100,87.34162139892578,85.3256607055664
2024-01-04,STORE0001,SKU0101,16.595138549804688,15.601627349853516
2024-01-04,STORE0002,SKU0001,71.76239013671875,81.07286834716797
2024-01-04,STORE0002,SKU0002,48.245975494384766,52.892723083496094
2024-01-04,STORE0002,SKU0003,18.00042724609375,15.667076110839844
2024-01-04,STORE0002,SKU0004,67.52508544921875,72.83940124511719
2024-01-04,STORE0002,SKU0005,56.25177764892578,54.40922546386719
2024-01-04,STORE0002,SKU0006,75.68257141113281,80.80974578857422
2024-01-04,STORE0002,SKU0007,21.66684341430664,20.689725875854492
2024-01-04,STORE0002,SKU0008,18.596153259277344,16.25497055053711
2024-01-04,STORE0002,SKU0009,42.13548278808594,43.17832946777344
2024-01-04,STORE0002,SKU0010,27.885395050048828,24.727033615112305
2024-01-04,STORE0002,SKU0011,16.906734466552734,15.681138038635254
2024-01-04,STORE0002,SKU0012,32.536956787109375,36.19207000732422
2024-01-04,STORE0002,SKU0014,42.28594970703125,44.82767105102539
2024-01-04,STORE0002,SKU0015,11.207740783691406,8.008581161499023
2024-01-04,STORE0002,SKU0016,20.10814666748047,16.226423263549805
2024-01-04,STORE0002,SKU0017,71.1515121459961,65.42822265625
2024-01-04,STORE0002,SKU0018,63.58525085449219,58.92564392089844
2024-01-04,STORE0002,SKU0019,13.04030990600586,11.85130786895752
2024-01-04,STORE0002,SKU0020,37.033103942871094,40.36268997192383
2024-01-04,STORE0002,SKU0022,68.85698699951172,69.79129791259766
2024-01-04,STORE0002,SKU0023,50.982765197753906,48.78460693359375
2024-01-04,STORE0002,SKU0024,40.65210723876953,43.18839645385742
2024-01-04,STORE0002,SKU0025,20.023258209228516,24.109752655029297
2024-01-04,STORE0002,SKU0026,66.18600463867188,77.80416870117188
2024-01-04,STORE0002,SKU0027,73.78665924072266,89.2088851928711
2024-01-04,STORE0002,SKU0028,73.56849670410156,84.28816223144531
2024-01-04,STORE0002,SKU0030,29.191129684448242,41.59590148925781
2024-01-04,STORE0002,SKU0031,33.746761322021484,43.01359939575195
2024-01-04,STORE0002,SKU0032,42.695701599121094,50.084224700927734
2024-01-04,STORE0002,SKU0033,60.31233215332031,76.64918518066406
2024-01-04,STORE0002,SKU0034,84.520263671875,110.45423126220703
2024-01-04,STORE0002,SKU0036,27.27294921875,31.375385284423828
2024-01-04,STORE0002,SKU0037,65.27955627441406,80.28247833251953
2024-01-04,STORE0002,SKU0038,57.661376953125,72.22627258300781
2024-01-04,STORE0002,SKU0039,11.27938461303711,11.796721458435059
2024-01-04,STORE0002,SKU0040,14.491512298583984,16.28766632080078
2024-01-04,STORE0002,SKU0041,53.52216720581055,68.77854919433594
2024-01-04,STORE0002,SKU0042,9.268253326416016,11.203255653381348
2024-01-04,STORE0002,SKU0043,29.075788497924805,38.530391693115234
2024-01-04,STORE0002,SKU0044,52.94860076904297,66.4658432006836
2024-01-04,STORE0002,SKU0046,57.75231170654297,77.4700927734375
2024-01-04,STORE0002,SKU0048,41.88432312011719,49.49429702758789
2024-01-04,STORE0002,SKU0051,50.44624328613281,50.57008743286133
2024-01-04,STORE0002,SKU0052,41.92202377319336,43.148109436035156
2024-01-04,STORE0002,SKU0054,58.48641586303711,60.710060119628906
2024-01-04,STORE0002,SKU0055,12.015251159667969,10.642653465270996
2024-01-04,STORE0002,SKU0056,17.733924865722656,17.34424591064453
2024-01-04,STORE0002,SKU0058,68.88642883300781,72.77310180664062
2024-01-04,STORE0002,SKU0059,19.545974731445312,19.006635665893555
2024-01-04,STORE0002,SKU0060,45.383216857910156,43.10301208496094
2024-01-04,STORE0002,SKU0062,14.573135375976562,13.286826133728027
2024-01-04,STORE0002,SKU0063,37.829750061035156,32.78049087524414
2024-01-04,STORE0002,SKU0064,67.98644256591797,70.96503448486328
2024-01-04,STORE0002,SKU0065,41.377464294433594,41.44172286987305
2024-01-04,STORE0002,SKU0066,23.525360107421875,20.01085090637207
2024-01-04,STORE0002,SKU0069,57.20869827270508,57.891090393066406
2024-01-04,STORE0002,SKU0070,76.01679992675781,85.15472412109375
2024-01-04,STORE0002,SKU0071,24.389556884765625,22.774356842041016
2024-01-04,STORE0002,SKU0073,8.862754821777344,8.150961875915527
2024-01-04,STORE0002,SKU0074,40.62095260620117,43.908599853515625
2024-01-04,STORE0002,SKU0075,26.96904754638672,25.712383270263672
2024-01-04,STORE0002,SKU0078,24.09328842163086,21.106351852416992
2024-01-04,STORE0002,SKU0079,59.65571212768555,58.12762451171875
2024-01-04,STORE0002,SKU0081,50.281124114990234,52.25318908691406
2024-01-04,STORE0002,SKU0082,44.77680969238281,42.79013442993164
2024-01-04,STORE0002,SKU0083,64.10325622558594,69.82005310058594
2024-01-04,STORE0002,SKU0084,20.446582794189453,19.116273880004883
2024-01-04,STORE0002,SKU0086,7.516242980957031,6.805319786071777
2024-01-04,STORE0002,SKU0087,24.827796936035156,19.911972045898438
2024-01-04,STORE0002,SKU0088,19.542369842529297,19.66114044189453
2024-01-04,STORE0002,SKU0089,34.00571060180664,33.539459228515625
2024-01-04,STORE0002,SKU0090,16.942394256591797,15.266545295715332
2024-01-04,STORE0002,SKU0092,67.92962646484375,72.724853515625
2024-01-04,STORE0002,SKU0093,53.00469970703125,54.84259796142578
2024-01-04,STORE0002,SKU0096,68.4281997680664,69.35111999511719
2024-01-04,STORE0002,SKU0097,51.54668426513672,49.828250885009766
2024-01-04,STORE0002,SKU0098,31.01072883605957,29.52805519104004
2024-01-04,STORE0002,SKU0099,69.74745178222656,69.5584716796875
2024-01-04,STORE0002,SKU0101,12.528053283691406,12.141153335571289
2024-01-04,STORE0002,SKU0102,70.76946258544922,79.16973114013672
2024-01-04,STORE0003,SKU0001,72.36543273925781,82.16262817382812
2024-01-04,STORE0003,SKU0003,17.39712905883789,17.635128021240234
2024-01-04,STORE0003,SKU0004,67.02223205566406,65.96379852294922
2024-01-04,STORE0003,SKU0005,56.245269775390625,58.03560256958008
2024-01-04,STORE0003,SKU0006,75.42716979980469,77.28514099121094
2024-01-04,STORE0003,SKU0007,21.500789642333984,20.891279220581055
2024-01-04,STORE0003,SKU0008,18.164352416992188,18.329328536987305
2024-01-04,STORE0003,SKU0009,41.98784637451172,43.876304626464844
2024-01-04,STORE0003,SKU0010,27.715534210205078,24.55014991760254
2024-01-04,STORE0003,SKU0011,16.617897033691406,15.165964126586914
2024-01-04,STORE0003,SKU0012,32.22734069824219,35.63182067871094
2024-01-04,STORE0003,SKU0013,59.61664962768555,56.271095275878906
2024-01-04,STORE0003,SKU0014,42.01609802246094,44.971588134765625
2024-01-04,STORE0003,SKU0015,10.414482116699219,8.384531021118164
2024-01-04,STORE0003,SKU0016,19.527862548828125,15.94829273223877
2024-01-04,STORE0003,SKU0019,12.757598876953125,11.371306419372559
2024-01-04,STORE0003,SKU0020,36.53269577026367,39.360923767089844
2024-01-04,STORE0003,SKU0021,39.754425048828125,41.613304138183594
2024-01-04,STORE0003,SKU0022,69.22978210449219,72.358154296875
2024-01-04,STORE0003,SKU0023,50.926414489746094,52.78706741333008
2024-01-04,STORE0003,SKU0024,40.14435958862305,41.88903045654297
2024-01-04,STORE0003,SKU0025,19.052322387695312,22.82874870300293
2024-01-04,STORE0003,SKU0026,65.38967895507812,75.35736846923828
2024-01-04,STORE0003,SKU0028,73.21929168701172,86.58309936523438
2024-01-04,STORE0003,SKU0030,28.531126022338867,37.390804290771484
2024-01-04,STORE0003,SKU0031,34.052127838134766,41.90704345703125
2024-01-04,STORE0003,SKU0033,60.64849853515625,84.326416015625
2024-01-04,STORE0003,SKU0035,109.95044708251953,130.8590087890625
2024-01-04,STORE0003,SKU0037,66.30559539794922,82.0846176147461
2024-01-04,STORE0003,SKU0039,10.474967956542969,12.241174697875977
2024-01-04,STORE0003,SKU0040,13.782352447509766,15.368440628051758
2024-01-04,STORE0003,SKU0041,53.03456497192383,66.97343444824219
2024-01-04,STORE0003,SKU0042,8.518531799316406,12.158807754516602
2024-01-04,STORE0003,SKU0043,28.669906616210938,37.043418884277344
2024-01-04,STORE0003,SKU0044,52.1539421081543,67.53436279296875
2024-01-04,STORE0003,SKU0045,40.614471435546875,54.479652404785156
2024-01-04,STORE0003,SKU0046,57.57798767089844,74.427978515625
2024-01-04,STORE0003,SKU0047,46.90171813964844,61.34532928466797
2024-01-04,STORE0003,SKU0048,41.09320068359375,53.46331787109375
2024-01-04,STORE0003,SKU0049,35.23321533203125,34.361846923828125
2024-01-04,STORE0003,SKU0050,13.03061294555664,12.719531059265137
2024-01-04,STORE0003,SKU0051,50.142669677734375,49.84322738647461
2024-01-04,STORE0003,SKU0052,41.36897277832031,41.470829010009766
2024-01-04,STORE0003,SKU0053,24.028343200683594,24.9075927734375
2024-01-04,STORE0003,SKU0054,58.669429779052734,64.04383850097656
2024-01-04,STORE0003,SKU0055,11.272842407226562,10.474559783935547
2024-01-04,STORE0003,SKU0056,17.085838317871094,16.430036544799805
2024-01-04,STORE0003,SKU0058,68.80900573730469,69.0513916015625
2024-01-04,STORE0003,SKU0060,44.73829650878906,45.097145080566406
2024-01-04,STORE0003,SKU0061,68.38556671142578,76.37640380859375
2024-01-04,STORE0003,SKU0062,13.896835327148438,12.882782936096191
2024-01-04,STORE0003,SKU0063,37.17121505737305,38.48916244506836
2024-01-04,STORE0003,SKU0064,67.88603210449219,69.17816162109375
2024-01-04,STORE0003,SKU0065,40.55280303955078,41.61528778076172
2024-01-04,STORE0003,SKU0066,22.780776977539062,20.628742218017578
2024-01-04,STORE0003,SKU0067,30.553607940673828,29.475391387939453
2024-01-04,STORE0003,SKU0068,30.48816680908203,31.32117462158203
2024-01-04,STORE0003,SKU0069,56.90364074707031,58.6866455078125
2024-01-04,STORE0003,SKU0070,75.77852630615234,76.24132537841797
2024-01-04,STORE0003,SKU0071,24.269134521484375,24.377775192260742
2024-01-04,STORE0003,SKU0073,8.187187194824219,8.119848251342773
2024-01-04,STORE0003,SKU0075,26.232101440429688,27.844968795776367
2024-01-04,STORE0003,SKU0076,23.539634704589844,22.497892379760742
2024-01-04,STORE0003,SKU0077,39.27864074707031,41.23258590698242
2024-01-04,STORE0003,SKU0082,43.961639404296875,40.90924072265625
2024-01-04,STORE0003,SKU0084,19.693988800048828,20.55221939086914
2024-01-04,STORE0003,SKU0086,6.735027313232422,7.047122955322266
2024-01-04,STORE0003,SKU0087,24.23895263671875,21.15316390991211
2024-01-04,STORE0003,SKU0088,18.780426025390625,17.333223342895508
2024-01-04,STORE0003,SKU0089,33.329246520996094,34.600433349609375
2024-01-04,STORE0003,SKU0091,14.227947235107422,13.637959480285645
2024-01-04,STORE0003,SKU0092,68.52613830566406,65.76045227050781
2024-01-04,STORE0003,SKU0093,52.27833557128906,55.347225189208984
2024-01-04,STORE0003,SKU0094,45.31770706176758,44.505001068115234
2024-01-04,STORE0003,SKU0095,23.69397735595703,22.20081901550293
2024-01-04,STORE0003,SKU0096,68.17532348632812,69.85497283935547
2024-01-04,STORE0003,SKU0097,51.28152084350586,51.310916900634766
2024-01-04,STORE0003,SKU0099,69.8836669921875,75.64259338378906
2024-01-04,STORE0003,SKU0100,62.60170364379883,70.08496856689453
2024-01-04,STORE0003,SKU0101,12.020973205566406,12.107017517089844
2024-01-04,STORE0004,SKU0001,103.676025390625,102.57410430908203
2024-01-04,STORE0004,SKU0002,68.34663391113281,64.6380386352539
2024-01-04,STORE0004,SKU0003,23.452335357666016,23.390439987182617
2024-01-04,STORE0004,SKU0005,78.87715148925781,76.33080291748047
2024-01-04,STORE0004,SKU0007,30.15744400024414,28.40813636779785
2024-01-04,STORE0004,SKU0008,25.92376708984375,24.808958053588867
2024-01-04,STORE0004,SKU0009,60.19437026977539,59.646949768066406
2024-01-04,STORE0004,SKU0012,45.79594421386719,46.696815490722656
2024-01-04,STORE0004,SKU0013,86.6163101196289,84.62812042236328
2024-01-04,STORE0004,SKU0014,59.8585205078125,59.21400833129883
2024-01-04,STORE0004,SKU0015,14.07680892944336,11.671149253845215
2024-01-04,STORE0004,SKU0017,103.47384643554688,104.89752960205078
2024-01-04,STORE0004,SKU0018,90.68429565429688,87.86731719970703
2024-01-04,STORE0004,SKU0019,18.457080841064453,16.501022338867188
2024-01-04,STORE0004,SKU0020,51.844703674316406,56.17020797729492
2024-01-04,STORE0004,SKU0021,57.72372055053711,61.03257751464844
2024-01-04,STORE0004,SKU0023,73.61454772949219,67.27005004882812
2024-01-04,STORE0004,SKU0024,57.73080825805664,61.16746520996094
2024-01-04,STORE0004,SKU0025,26.18018341064453,29.293506622314453
2024-01-04,STORE0004,SKU0026,91.88713073730469,100.1617660522461
2024-01-04,STORE0004,SKU0027,103.31797790527344,110.0006332397461
2024-01-04,STORE0004,SKU0028,104.43002319335938,105.64537048339844
2024-01-04,STORE0004,SKU0029,26.858535766601562,36.36186981201172
2024-01-04,STORE0004,SKU0031,47.33411407470703,58.056846618652344
2024-01-04,STORE0004,SKU0032,62.56686019897461,70.8845443725586
2024-01-04,STORE0004,SKU0033,84.97420501708984,97.82722473144531
2024-01-04,STORE0004,SKU0034,128.6402587890625,128.5611572265625
2024-01-04,STORE0004,SKU0035,153.5019073486328,141.44155883789062
2024-01-04,STORE0004,SKU0036,37.15957260131836,47.11465072631836
2024-01-04,STORE0004,SKU0037,91.19893646240234,104.05461120605469
2024-01-04,STORE0004,SKU0038,80.74213409423828,100.37044525146484
2024-01-04,STORE0004,SKU0039,14.19167709350586,17.29496192932129
2024-01-04,STORE0004,SKU0040,19.222549438476562,24.9498291015625
2024-01-04,STORE0004,SKU0041,73.94318389892578,86.40847778320312
2024-01-04,STORE0004,SKU0045,57.42645263671875,64.49827575683594
2024-01-04,STORE0004,SKU0046,81.490478515625,92.4051742553711
2024-01-04,STORE0004,SKU0047,65.51459503173828,73.85419464111328
2024-01-04,STORE0004,SKU0048,58.31792449951172,68.27913665771484
2024-01-04,STORE0004,SKU0049,50.60879135131836,49.31636428833008
2024-01-04,STORE0004,SKU0050,18.928443908691406,17.168594360351562
2024-01-04,STORE0004,SKU0051,70.88646697998047,73.61882019042969
2024-01-04,STORE0004,SKU0052,57.97676086425781,58.580806732177734
2024-01-04,STORE0004,SKU0053,33.641090393066406,33.299354553222656
2024-01-04,STORE0004,SKU0054,82.20606994628906,74.64338684082031
2024-01-04,STORE0004,SKU0055,15.786476135253906,14.861260414123535
2024-01-04,STORE0004,SKU0056,23.45792007446289,24.448341369628906
2024-01-04,STORE0004,SKU0057,87.93154907226562,88.30904388427734
2024-01-04,STORE0004,SKU0058,95.73926544189453,92.76068878173828
2024-01-04,STORE0004,SKU0060,62.51081848144531,58.774452209472656
2024-01-04,STORE0004,SKU0061,97.93881225585938,94.86495208740234
2024-01-04,STORE0004,SKU0062,19.10131072998047,18.5272216796875
2024-01-04,STORE0004,SKU0063,53.649662017822266,52.62733459472656
2024-01-04,STORE0004,SKU0064,95.18428039550781,90.33055877685547
2024-01-04,STORE0004,SKU0065,57.97996520996094,55.46660232543945
2024-01-04,STORE0004,SKU0066,30.229671478271484,28.420820236206055
2024-01-04,STORE0004,SKU0068,43.37455368041992,36.70687484741211
2024-01-04,STORE0004,SKU0070,106.0305404663086,99.78021240234375
2024-01-04,STORE0004,SKU0071,34.11561965942383,30.264284133911133
2024-01-04,STORE0004,SKU0072,39.86109161376953,38.22919845581055
2024-01-04,STORE0004,SKU0075,35.09330749511719,36.231197357177734
2024-01-04,STORE0004,SKU0076,32.64951705932617,28.521852493286133
2024-01-04,STORE0004,SKU0077,57.09904861450195,58.11679458618164
2024-01-04,STORE0004,SKU0078,31.610105514526367,31.78777503967285
2024-01-04,STORE0004,SKU0079,83.8055191040039,80.86975860595703
2024-01-04,STORE0004,SKU0081,70.99288940429688,73.63639831542969
2024-01-04,STORE0004,SKU0085,65.21711730957031,62.803836822509766
2024-01-04,STORE0004,SKU0087,32.6928825378418,32.352821350097656
2024-01-04,STORE0004,SKU0088,25.41949462890625,23.917816162109375
2024-01-04,STORE0004,SKU0090,22.032470703125,20.646608352661133
2024-01-04,STORE0004,SKU0091,19.684112548828125,20.24115562438965
2024-01-04,STORE0004,SKU0092,97.90095520019531,86.34174346923828
2024-01-04,STORE0004,SKU0093,74.8788070678711,82.16597747802734
2024-01-04,STORE0004,SKU0095,31.1289119720459,32.179134368896484
2024-01-04,STORE0004,SKU0096,97.81597900390625,95.3642349243164
2024-01-04,STORE0004,SKU0097,70.89755249023438,70.15424346923828
2024-01-04,STORE0004,SKU0098,41.92170333862305,38.69537353515625
2024-01-04,STORE0004,SKU0099,97.36531066894531,90.21269989013672
2024-01-04,STORE0004,SKU0100,87.44169616699219,86.98460388183594
2024-01-04,STORE0004,SKU0101,17.11086654663086,16.04805564880371
2024-01-04,STORE0004,SKU0102,100.32765197753906,95.39338684082031
2024-01-04,STORE0005,SKU0001,104.35103607177734,102.55307006835938
2024-01-04,STORE0005,SKU0002,68.13252258300781,61.49879455566406
2024-01-04,STORE0005,SKU0003,23.819721221923828,21.811412811279297
2024-01-04,STORE0005,SKU0004,95.7351303100586,92.15763092041016
2024-01-04,STORE0005,SKU0005,81.01295471191406,71.02570343017578
2024-01-04,STORE0005,SKU0006,108.57711791992188,101.44627380371094
2024-01-04,STORE0005,SKU0007,30.739120483398438,29.65779685974121
2024-01-04,STORE0005,SKU0009,60.521427154541016,59.71424102783203
2024-01-04,STORE0005,SKU0010,38.76189041137695,34.533321380615234
2024-01-04,STORE0005,SKU0011,22.82461166381836,19.461477279663086
2024-01-04,STORE0005,SKU0012,46.180511474609375,45.714420318603516
2024-01-04,STORE0005,SKU0013,85.9244613647461,84.58614349365234
2024-01-04,STORE0005,SKU0014,60.46596145629883,55.73831558227539
2024-01-04,STORE0005,SKU0015,14.081111907958984,11.535405158996582
2024-01-04,STORE0005,SKU0016,26.67718505859375,23.905977249145508
2024-01-04,STORE0005,SKU0018,91.49588012695312,82.31520080566406
2024-01-04,STORE0005,SKU0019,18.429515838623047,15.370006561279297
2024-01-04,STORE0005,SKU0020,52.376319885253906,50.355411529541016
2024-01-04,STORE0005,SKU0021,57.24799346923828,58.115478515625
2024-01-04,STORE0005,SKU0022,99.95726013183594,94.07171630859375
2024-01-04,STORE0005,SKU0023,73.33857727050781,65.91484069824219
2024-01-04,STORE0005,SKU0026,90.33306121826172,93.98895263671875
2024-01-04,STORE0005,SKU0027,103.90174865722656,107.64833068847656
2024-01-04,STORE0005,SKU0028,105.67059326171875,109.93495178222656
2024-01-04,STORE0005,SKU0031,46.5348014831543,55.821136474609375
2024-01-04,STORE0005,SKU0033,82.64449310302734,96.3548583984375
2024-01-04,STORE0005,SKU0034,125.7679443359375,124.1479263305664
2024-01-04,STORE0005,SKU0035,145.93675231933594,142.88778686523438
2024-01-04,STORE0005,SKU0036,35.37532043457031,43.39870071411133
2024-01-04,STORE0005,SKU0038,82.40959167480469,97.23348236083984
2024-01-04,STORE0005,SKU0039,14.42498779296875,18.487531661987305
2024-01-04,STORE0005,SKU0040,19.382503509521484,21.176897048950195
2024-01-04,STORE0005,SKU0041,75.44696044921875,77.9869613647461
2024-01-04,STORE0005,SKU0043,41.276878356933594,49.24116134643555
2024-01-04,STORE0005,SKU0045,57.637203216552734,56.4993896484375
2024-01-04,STORE0005,SKU0048,59.39714813232422,67.22098541259766
2024-01-04,STORE0005,SKU0049,51.600521087646484,48.70259475708008
2024-01-04,STORE0005,SKU0050,18.57073974609375,16.808605194091797
2024-01-04,STORE0005,SKU0051,71.63642120361328,76.81207275390625
2024-01-04,STORE0005,SKU0052,59.89452362060547,57.20137023925781
2024-01-04,STORE0005,SKU0053,34.13746643066406,31.05320930480957
2024-01-04,STORE0005,SKU0054,83.4613265991211,80.94705200195312
2024-01-04,STORE0005,SKU0055,15.901924133300781,14.577322959899902
2024-01-04,STORE0005,SKU0056,23.65117645263672,23.878219604492188
2024-01-04,STORE0005,SKU0057,88.7568359375,88.71905517578125
2024-01-04,STORE0005,SKU0058,98.55331420898438,92.2901611328125
2024-01-04,STORE0005,SKU0060,63.54465866088867,63.48147964477539
2024-01-04,STORE0005,SKU0062,18.880123138427734,18.08834457397461
2024-01-04,STORE0005,SKU0063,53.21159362792969,51.0320930480957
2024-01-04,STORE0005,SKU0064,96.99955749511719,93.48713684082031
2024-01-04,STORE0005,SKU0066,30.640457153320312,26.64508628845215
2024-01-04,STORE0005,SKU0067,43.030914306640625,42.07634353637695
2024-01-04,STORE0005,SKU0068,43.529457092285156,38.651519775390625
2024-01-04,STORE0005,SKU0070,107.97621154785156,97.56402587890625
2024-01-04,STORE0005,SKU0071,34.38692855834961,31.433048248291016
2024-01-04,STORE0005,SKU0072,40.046138763427734,39.20726776123047
2024-01-04,STORE0005,SKU0073,11.823284149169922,9.962623596191406
2024-01-04,STORE0005,SKU0074,58.171241760253906,54.028968811035156
2024-01-04,STORE0005,SKU0075,35.88987731933594,36.402732849121094
2024-01-04,STORE0005,SKU0076,32.88243865966797,28.615211486816406
2024-01-04,STORE0005,SKU0077,57.38798522949219,50.30830383300781
2024-01-04,STORE0005,SKU0079,85.11439514160156,76.6727066040039
2024-01-04,STORE0005,SKU0080,80.78298950195312,72.6976089477539
2024-01-04,STORE0005,SKU0081,71.49604797363281,69.40054321289062
2024-01-04,STORE0005,SKU0082,63.70853042602539,62.19968795776367
2024-01-04,STORE0005,SKU0083,90.50797271728516,84.84383392333984
2024-01-04,STORE0005,SKU0084,27.036277770996094,23.14556312561035
2024-01-04,STORE0005,SKU0085,67.39669036865234,70.80973052978516
2024-01-04,STORE0005,SKU0086,9.888912200927734,8.797001838684082
2024-01-04,STORE0005,SKU0087,33.076622009277344,30.118228912353516
2024-01-04,STORE0005,SKU0088,25.656261444091797,24.410795211791992
2024-01-04,STORE0005,SKU0089,47.83550262451172,48.658958435058594
2024-01-04,STORE0005,SKU0091,19.78339385986328,17.693092346191406
2024-01-04,STORE0005,SKU0094,65.47105407714844,65.01907348632812
2024-01-04,STORE0005,SKU0095,31.965511322021484,33.36214828491211
2024-01-04,STORE0005,SKU0096,98.36654663085938,97.84855651855469
2024-01-04,STORE0005,SKU0098,43.377044677734375,43.14833068847656
2024-01-04,STORE0005,SKU0100,87.9399185180664,87.02718353271484
2024-01-04,STORE0005,SKU0101,16.65628433227539,15.03353214263916
2024-01-04,STORE0005,SKU0102,99.93392944335938,95.53316497802734
2024-01-04,STORE0006,SKU0001,103.87348937988281,101.13488006591797
2024-01-04,STORE0006,SKU0003,23.521312713623047,20.597047805786133
2024-01-04,STORE0006,SKU0004,94.69499206542969,89.46630859375
2024-01-04,STORE0006,SKU0005,79.51277160644531,73.94378662109375
2024-01-04,STORE0006,SKU0006,106.86449432373047,98.04560852050781
2024-01-04,STORE0006,SKU0007,30.7015323638916,29.058000564575195
2024-01-04,STORE0006,SKU0008,26.090251922607422,24.15264320373535
2024-01-04,STORE0006,SKU0009,59.57535934448242,56.95201873779297
2024-01-04,STORE0006,SKU0010,38.13288116455078,35.1846809387207
2024-01-04,STORE0006,SKU0011,23.011302947998047,19.821203231811523
2024-01-04,STORE0006,SKU0012,46.018211364746094,41.869510650634766
2024-01-04,STORE0006,SKU0013,85.54814147949219,90.18204498291016
2024-01-04,STORE0006,SKU0017,103.77472686767578,98.12318420410156
2024-01-04,STORE0006,SKU0018,91.33489990234375,84.53246307373047
2024-01-04,STORE0006,SKU0019,18.705059051513672,15.818588256835938
2024-01-04,STORE0006,SKU0020,52.320579528808594,50.40854263305664
2024-01-04,STORE0006,SKU0021,56.76926040649414,51.54662322998047
2024-01-04,STORE0006,SKU0022,98.55715942382812,93.23755645751953
2024-01-04,STORE0006,SKU0023,73.31600952148438,69.05558776855469
2024-01-04,STORE0006,SKU0025,26.68648910522461,32.22391128540039
2024-01-04,STORE0006,SKU0026,91.27115631103516,99.45060729980469
2024-01-04,STORE0006,SKU0028,105.31292724609375,105.51597595214844
2024-01-04,STORE0006,SKU0029,26.693191528320312,33.718849182128906
2024-01-04,STORE0006,SKU0030,40.09046173095703,49.32818603515625
2024-01-04,STORE0006,SKU0031,47.70772171020508,56.60118103027344
2024-01-04,STORE0006,SKU0032,62.617435455322266,70.65953826904297
2024-01-04,STORE0006,SKU0033,87.06206512451172,102.28949737548828
2024-01-04,STORE0006,SKU0034,129.1746826171875,126.01213836669922
2024-01-04,STORE0006,SKU0035,159.41835021972656,145.85240173339844
2024-01-04,STORE0006,SKU0036,36.20849609375,42.066917419433594
2024-01-04,STORE0006,SKU0037,92.05209350585938,97.98653411865234
2024-01-04,STORE0006,SKU0038,81.36415100097656,97.26057434082031
2024-01-04,STORE0006,SKU0039,14.133201599121094,17.118297576904297
2024-01-04,STORE0006,SKU0040,19.09497833251953,24.174516677856445
2024-01-04,STORE0006,SKU0041,75.25682067871094,86.96167755126953
2024-01-04,STORE0006,SKU0042,11.552116394042969,16.356689453125
2024-01-04,STORE0006,SKU0044,74.53739929199219,89.76490020751953
2024-01-04,STORE0006,SKU0045,57.553104400634766,69.90502166748047
2024-01-04,STORE0006,SKU0046,81.16337585449219,89.41674041748047
2024-01-04,STORE0006,SKU0047,65.88093566894531,84.08985137939453
2024-01-04,STORE0006,SKU0048,60.14870834350586,69.76569366455078
2024-01-04,STORE0006,SKU0050,18.801067352294922,16.714733123779297
2024-01-04,STORE0006,SKU0052,59.815284729003906,60.00952911376953
2024-01-04,STORE0006,SKU0053,33.734580993652344,30.199359893798828
2024-01-04,STORE0006,SKU0054,81.99858093261719,86.26619720458984
2024-01-04,STORE0006,SKU0055,15.815040588378906,15.647156715393066
2024-01-04,STORE0006,SKU0056,23.31460189819336,22.94451904296875
2024-01-04,STORE0006,SKU0057,88.23538208007812,89.98082733154297
2024-01-04,STORE0006,SKU0058,97.09164428710938,96.4428939819336
2024-01-04,STORE0006,SKU0060,63.80045700073242,61.09770584106445
2024-01-04,STORE0006,SKU0063,53.37199783325195,42.356178283691406
2024-01-04,STORE0006,SKU0064,98.10150146484375,94.41548156738281
2024-01-04,STORE0006,SKU0065,58.76814270019531,57.382869720458984
2024-01-04,STORE0006,SKU0066,30.470298767089844,30.840778350830078
2024-01-04,STORE0006,SKU0067,42.529693603515625,37.95594024658203
2024-01-04,STORE0006,SKU0069,78.94442749023438,76.71321868896484
2024-01-04,STORE0006,SKU0070,105.16067504882812,99.02066802978516
2024-01-04,STORE0006,SKU0071,34.05303955078125,30.70454978942871
2024-01-04,STORE0006,SKU0072,39.829132080078125,34.19900894165039
2024-01-04,STORE0006,SKU0073,11.949893951416016,10.720943450927734
2024-01-04,STORE0006,SKU0075,35.585655212402344,38.14322280883789
2024-01-04,STORE0006,SKU0076,32.82917785644531,27.74105453491211
2024-01-04,STORE0006,SKU0077,57.838462829589844,55.778629302978516
2024-01-04,STORE0006,SKU0081,70.97090148925781,66.82416534423828
2024-01-04,STORE0006,SKU0084,26.671215057373047,28.34025001525879
2024-01-04,STORE0006,SKU0085,66.36661529541016,70.85826873779297
2024-01-04,STORE0006,SKU0087,32.61672592163086,27.247379302978516
2024-01-04,STORE0006,SKU0088,25.339473724365234,25.25965118408203
2024-01-04,STORE0006,SKU0090,22.087696075439453,20.695951461791992
2024-01-04,STORE0006,SKU0091,19.56875991821289,16.7756290435791
2024-01-04,STORE0006,SKU0092,97.99372100830078,91.13275909423828
2024-01-04,STORE0006,SKU0094,64.38126373291016,64.50655364990234
2024-01-04,STORE0006,SKU0095,31.32074546813965,29.19947052001953
2024-01-04,STORE0006,SKU0096,98.42967987060547,96.17778778076172
2024-01-04,STORE0006,SKU0097,71.99974060058594,72.87944793701172
2024-01-04,STORE0006,SKU0098,42.53573226928711,38.460330963134766
2024-01-04,STORE0006,SKU0099,97.70895385742188,87.98859405517578
2024-01-04,STORE0006,SKU0100,88.35651397705078,89.5755386352539
2024-01-04,STORE0006,SKU0101,16.852840423583984,15.296836853027344
2024-01-04,STORE0006,SKU0102,98.37455749511719,88.86965942382812
2024-01-04,STORE0007,SKU0001,72.26275634765625,87.42678833007812
2024-01-04,STORE0007,SKU0002,48.383609771728516,48.090858459472656
2024-01-04,STORE0007,SKU0003,17.982460021972656,16.630216598510742
2024-01-04,STORE0007,SKU0004,67.79219055175781,68.91466522216797
2024-01-04,STORE0007,SKU0006,75.98957061767578,70.7801513671875
2024-01-04,STORE0007,SKU0008,18.653717041015625,17.54090690612793
2024-01-04,STORE0007,SKU0009,42.580177307128906,44.18667984008789
2024-01-04,STORE0007,SKU0011,16.98676300048828,14.254569053649902
2024-01-04,STORE0007,SKU0012,32.81016540527344,32.00310516357422
2024-01-04,STORE0007,SKU0013,59.96713638305664,62.45273208618164
2024-01-04,STORE0007,SKU0015,11.050819396972656,7.383674621582031
2024-01-04,STORE0007,SKU0016,20.04404067993164,19.616336822509766
2024-01-04,STORE0007,SKU0018,63.787967681884766,65.0095443725586
2024-01-04,STORE0007,SKU0020,37.15766143798828,37.911956787109375
2024-01-04,STORE0007,SKU0022,69.67109680175781,73.85414123535156
2024-01-04,STORE0007,SKU0023,51.37384033203125,54.72062301635742
2024-01-04,STORE0007,SKU0024,40.656639099121094,41.8920783996582
2024-01-04,STORE0007,SKU0025,19.809307098388672,23.79008674621582
2024-01-04,STORE0007,SKU0026,66.31075286865234,72.14649963378906
2024-01-04,STORE0007,SKU0027,73.426513671875,91.61982727050781
2024-01-04,STORE0007,SKU0028,74.13787078857422,88.58438873291016
2024-01-04,STORE0007,SKU0029,20.392757415771484,24.138830184936523
2024-01-04,STORE0007,SKU0030,29.17642593383789,37.402469635009766
2024-01-04,STORE0007,SKU0031,34.758975982666016,41.51544189453125
2024-01-04,STORE0007,SKU0032,42.824485778808594,53.350345611572266
2024-01-04,STORE0007,SKU0034,91.26463317871094,110.82603454589844
2024-01-04,STORE0007,SKU0035,110.33860778808594,128.19485473632812
2024-01-04,STORE0007,SKU0036,27.88162612915039,33.55589294433594
2024-01-04,STORE0007,SKU0037,65.87046813964844,83.84927368164062
2024-01-04,STORE0007,SKU0038,58.263248443603516,78.39886474609375
2024-01-04,STORE0007,SKU0039,11.033317565917969,12.98776912689209
2024-01-04,STORE0007,SKU0040,14.379684448242188,16.909561157226562
2024-01-04,STORE0007,SKU0043,29.071962356567383,36.06378173828125
2024-01-04,STORE0007,SKU0044,53.102516174316406,68.47650909423828
2024-01-04,STORE0007,SKU0045,40.866371154785156,50.62925720214844
2024-01-04,STORE0007,SKU0046,57.54791259765625,75.46823120117188
2024-01-04,STORE0007,SKU0047,47.485496520996094,66.27381134033203
2024-01-04,STORE0007,SKU0048,41.639747619628906,48.710391998291016
2024-01-04,STORE0007,SKU0049,36.429595947265625,37.33478546142578
2024-01-04,STORE0007,SKU0050,13.688209533691406,11.440414428710938
2024-01-04,STORE0007,SKU0053,24.458721160888672,24.637304306030273
2024-01-04,STORE0007,SKU0055,11.86627197265625,10.30277156829834
2024-01-04,STORE0007,SKU0056,17.711265563964844,16.64962387084961
2024-01-04,STORE0007,SKU0058,69.47956848144531,71.411376953125
2024-01-04,STORE0007,SKU0059,19.40869140625,18.086193084716797
2024-01-04,STORE0007,SKU0060,45.69157028198242,48.80690383911133
2024-01-04,STORE0007,SKU0061,68.63902282714844,65.75807189941406
2024-01-04,STORE0007,SKU0062,14.57098388671875,13.023566246032715
2024-01-04,STORE0007,SKU0063,37.853111267089844,39.48012924194336
2024-01-04,STORE0007,SKU0065,41.0849723815918,42.74946212768555
2024-01-04,STORE0007,SKU0066,23.44033432006836,19.851621627807617
2024-01-04,STORE0007,SKU0067,31.074386596679688,30.003145217895508
2024-01-04,STORE0007,SKU0068,31.258438110351562,31.291866302490234
2024-01-04,STORE0007,SKU0072,28.88109588623047,25.653444290161133
2024-01-04,STORE0007,SKU0073,8.703765869140625,8.129111289978027
2024-01-04,STORE0007,SKU0074,40.91532897949219,40.98812484741211
2024-01-04,STORE0007,SKU0075,26.677955627441406,25.994796752929688
2024-01-04,STORE0007,SKU0076,24.215911865234375,22.797849655151367
2024-01-04,STORE0007,SKU0078,24.0596923828125,22.760478973388672
2024-01-04,STORE0007,SKU0079,59.61537551879883,60.31787109375
2024-01-04,STORE0007,SKU0080,56.227149963378906,49.03032684326172
2024-01-04,STORE0007,SKU0081,50.46809387207031,50.816123962402344
2024-01-04,STORE0007,SKU0082,45.185142517089844,48.711673736572266
2024-01-04,STORE0007,SKU0083,64.0166015625,66.849853515625
2024-01-04,STORE0007,SKU0084,20.181320190429688,15.992315292358398
2024-01-04,STORE0007,SKU0085,48.08700942993164,48.6396369934082
2024-01-04,STORE0007,SKU0086,7.500865936279297,6.995166301727295
2024-01-04,STORE0007,SKU0087,24.862396240234375,21.580442428588867
2024-01-04,STORE0007,SKU0088,19.388233184814453,17.81537628173828
2024-01-04,STORE0007,SKU0089,33.98361587524414,31.359237670898438
2024-01-04,STORE0007,SKU0090,16.89582061767578,16.0329532623291
2024-01-04,STORE0007,SKU0093,53.0209846496582,54.033897399902344
2024-01-04,STORE0007,SKU0094,45.66056442260742,44.54280090332031
2024-01-04,STORE0007,SKU0096,69.08666229248047,71.2606430053711
2024-01-04,STORE0007,SKU0097,51.76460647583008,47.778099060058594
2024-01-04,STORE0007,SKU0098,30.813671112060547,32.83734130859375
2024-01-04,STORE0007,SKU0099,70.49549102783203,72.38482666015625
2024-01-04,STORE0007,SKU0100,62.840431213378906,65.92513275146484
2024-01-04,STORE0007,SKU0101,12.494743347167969,10.839359283447266
2024-01-04,STORE0007,SKU0102,70.30506896972656,67.39224243164062
2024-01-04,STORE0008,SKU0001,103.32881164550781,98.90702819824219
2024-01-04,STORE0008,SKU0002,67.1144027709961,63.09146499633789
2024-01-04,STORE0008,SKU0003,23.387561798095703,22.473268508911133
2024-01-04,STORE0008,SKU0004,94.19058990478516,90.185791015625
2024-01-04,STORE0008,SKU0005,78.89830780029297,78.48042297363281
2024-01-04,STORE0008,SKU0006,106.08242797851562,96.218994140625
2024-01-04,STORE0008,SKU0007,30.100507736206055,28.12525749206543
2024-01-04,STORE0008,SKU0008,25.63774871826172,24.25540542602539
2024-01-04,STORE0008,SKU0009,60.200740814208984,59.81180953979492
2024-01-04,STORE0008,SKU0010,38.075347900390625,34.22001647949219
2024-01-04,STORE0008,SKU0011,22.40943145751953,17.968835830688477
2024-01-04,STORE0008,SKU0012,46.06079864501953,44.46678161621094
2024-01-04,STORE0008,SKU0013,85.84264373779297,85.81680297851562
2024-01-04,STORE0008,SKU0014,59.774356842041016,59.700355529785156
2024-01-04,STORE0008,SKU0015,13.63760757446289,11.64664363861084
2024-01-04,STORE0008,SKU0016,26.08740997314453,24.694841384887695
2024-01-04,STORE0008,SKU0018,90.04312896728516,81.45527648925781
2024-01-04,STORE0008,SKU0020,52.11508560180664,55.83929443359375
2024-01-04,STORE0008,SKU0022,99.51332092285156,89.34577941894531
2024-01-04,STORE0008,SKU0025,26.394832611083984,32.266075134277344
2024-01-04,STORE0008,SKU0027,103.10889434814453,100.98188781738281
2024-01-04,STORE0008,SKU0028,104.72755432128906,109.91620635986328
2024-01-04,STORE0008,SKU0029,26.690444946289062,33.836875915527344
2024-01-04,STORE0008,SKU0030,39.38676452636719,48.09246063232422
2024-01-04,STORE0008,SKU0031,46.686492919921875,58.471282958984375
2024-01-04,STORE0008,SKU0033,85.3141860961914,97.40687561035156
2024-01-04,STORE0008,SKU0035,143.12997436523438,137.85482788085938
2024-01-04,STORE0008,SKU0038,80.37183380126953,97.01116943359375
2024-01-04,STORE0008,SKU0039,14.114570617675781,18.724653244018555
2024-01-04,STORE0008,SKU0040,19.242698669433594,24.985200881958008
2024-01-04,STORE0008,SKU0041,74.86096954345703,86.53717041015625
2024-01-04,STORE0008,SKU0042,11.348159790039062,16.606651306152344
2024-01-04,STORE0008,SKU0043,40.659324645996094,47.214412689208984
2024-01-04,STORE0008,SKU0044,73.77377319335938,85.724853515625
2024-01-04,STORE0008,SKU0045,58.30155944824219,72.61447143554688
2024-01-04,STORE0008,SKU0046,81.34248352050781,90.02275085449219
2024-01-04,STORE0008,SKU0047,66.52692413330078,72.79768371582031
2024-01-04,STORE0008,SKU0048,59.118431091308594,67.11064147949219
2024-01-04,STORE0008,SKU0049,50.86607360839844,48.116092681884766
2024-01-04,STORE0008,SKU0051,70.48310089111328,75.4420394897461
2024-01-04,STORE0008,SKU0055,15.577110290527344,15.19727611541748
2024-01-04,STORE0008,SKU0056,23.313644409179688,22.452482223510742
2024-01-04,STORE0008,SKU0057,87.61756896972656,88.18489837646484
2024-01-04,STORE0008,SKU0059,25.738510131835938,26.04888153076172
2024-01-04,STORE0008,SKU0060,62.23405838012695,59.820430755615234
2024-01-04,STORE0008,SKU0061,97.70072937011719,90.9366455078125
2024-01-04,STORE0008,SKU0062,18.670631408691406,18.36896514892578
2024-01-04,STORE0008,SKU0064,96.48284912109375,90.33560943603516
2024-01-04,STORE0008,SKU0065,57.785526275634766,56.70681381225586
2024-01-04,STORE0008,SKU0066,30.39975357055664,28.89905548095703
2024-01-04,STORE0008,SKU0067,42.496856689453125,40.745025634765625
2024-01-04,STORE0008,SKU0072,40.0062141418457,38.74223327636719
2024-01-04,STORE0008,SKU0074,57.834129333496094,61.0733528137207
2024-01-04,STORE0008,SKU0075,35.357666015625,32.99660110473633
2024-01-04,STORE0008,SKU0076,32.90383529663086,31.827220916748047
2024-01-04,STORE0008,SKU0077,57.771915435791016,54.9925651550293
2024-01-04,STORE0008,SKU0078,32.00715255737305,32.81532669067383
2024-01-04,STORE0008,SKU0080,79.69730377197266,86.4373550415039
2024-01-04,STORE0008,SKU0081,70.93878936767578,63.61701965332031
2024-01-04,STORE0008,SKU0082,62.80303955078125,63.812591552734375
2024-01-04,STORE0008,SKU0083,90.43650817871094,94.03768157958984
2024-01-04,STORE0008,SKU0084,26.728801727294922,26.634431838989258
2024-01-04,STORE0008,SKU0085,66.69912719726562,67.92728424072266
2024-01-04,STORE0008,SKU0086,9.635364532470703,9.092207908630371
2024-01-04,STORE0008,SKU0087,32.99072265625,33.484161376953125
2024-01-04,STORE0008,SKU0088,25.35763168334961,22.028484344482422
2024-01-04,STORE0008,SKU0089,46.22601318359375,44.44374084472656
2024-01-04,STORE0008,SKU0090,22.001209259033203,23.141319274902344
2024-01-04,STORE0008,SKU0091,19.547313690185547,20.206937789916992
2024-01-04,STORE0008,SKU0092,96.98262023925781,94.33292388916016
2024-01-04,STORE0008,SKU0093,75.65072631835938,73.32325744628906
2024-01-04,STORE0008,SKU0094,64.68903350830078,69.06013488769531
2024-01-04,STORE0008,SKU0095,31.105100631713867,29.680957794189453
2024-01-04,STORE0008,SKU0096,97.37086486816406,90.29934692382812
2024-01-04,STORE0008,SKU0097,71.76152038574219,74.8036880493164
2024-01-04,STORE0008,SKU0098,42.17068099975586,39.943687438964844
2024-01-04,STORE0008,SKU0099,98.22013854980469,91.0949935913086
2024-01-04,STORE0008,SKU0100,87.56975555419922,89.19145965576172
2024-01-04,STORE0008,SKU0101,16.22979736328125,14.82457160949707
2024-01-04,STORE0008,SKU0102,99.64718627929688,91.85404205322266
2024-01-04,STORE0009,SKU0001,88.40503692626953,90.6083984375
2024-01-04,STORE0009,SKU0002,58.774478912353516,57.02212142944336
2024-01-04,STORE0009,SKU0003,20.21444320678711,18.42384147644043
2024-01-04,STORE0009,SKU0005,68.42874908447266,70.2593994140625
2024-01-04,STORE0009,SKU0006,92.87651062011719,93.71504974365234
2024-01-04,STORE0009,SKU0008,22.131759643554688,23.187089920043945
2024-01-04,STORE0009,SKU0009,51.16617965698242,49.290252685546875
2024-01-04,STORE0009,SKU0010,32.565040588378906,26.92106819152832
2024-01-04,STORE0009,SKU0011,19.510784149169922,17.41701316833496
2024-01-04,STORE0009,SKU0012,39.35736846923828,38.48218536376953
2024-01-04,STORE0009,SKU0013,73.8585433959961,81.5032958984375
2024-01-04,STORE0009,SKU0015,12.048110961914062,10.100973129272461
2024-01-04,STORE0009,SKU0016,22.810726165771484,21.05457305908203
2024-01-04,STORE0009,SKU0017,88.7533187866211,94.4428939819336
2024-01-04,STORE0009,SKU0018,78.53894805908203,85.12010192871094
2024-01-04,STORE0009,SKU0019,15.477691650390625,13.147488594055176
2024-01-04,STORE0009,SKU0020,44.19617462158203,42.61201858520508
2024-01-04,STORE0009,SKU0022,85.85443878173828,88.70926666259766
2024-01-04,STORE0009,SKU0023,62.94032287597656,57.881160736083984
2024-01-04,STORE0009,SKU0024,49.24982833862305,49.977088928222656
2024-01-04,STORE0009,SKU0025,22.587738037109375,29.460290908813477
2024-01-04,STORE0009,SKU0027,90.04137420654297,96.1656265258789
2024-01-04,STORE0009,SKU0028,89.96707916259766,98.77110290527344
2024-01-04,STORE0009,SKU0030,34.494117736816406,40.75071716308594
2024-01-04,STORE0009,SKU0032,54.3422737121582,60.08036804199219
2024-01-04,STORE0009,SKU0033,77.54737091064453,99.4115982055664
2024-01-04,STORE0009,SKU0034,105.857177734375,116.99585723876953
2024-01-04,STORE0009,SKU0035,128.5863800048828,132.5654296875
2024-01-04,STORE0009,SKU0037,78.96018981933594,87.75113677978516
2024-01-04,STORE0009,SKU0038,70.60636138916016,85.29680633544922
2024-01-04,STORE0009,SKU0039,12.024101257324219,15.186710357666016
2024-01-04,STORE0009,SKU0041,66.3277587890625,80.78880310058594
2024-01-04,STORE0009,SKU0044,65.01344299316406,82.3538589477539
2024-01-04,STORE0009,SKU0045,50.16495132446289,58.998435974121094
2024-01-04,STORE0009,SKU0046,70.32376861572266,75.23707580566406
2024-01-04,STORE0009,SKU0047,56.999393463134766,69.9310073852539
2024-01-04,STORE0009,SKU0049,44.11427688598633,39.04291534423828
2024-01-04,STORE0009,SKU0050,15.909622192382812,15.71966552734375
2024-01-04,STORE0009,SKU0051,61.990535736083984,60.68107604980469
2024-01-04,STORE0009,SKU0052,51.880680084228516,50.792415618896484
2024-01-04,STORE0009,SKU0055,13.424392700195312,12.46771240234375
2024-01-04,STORE0009,SKU0057,76.92601776123047,76.82431030273438
2024-01-04,STORE0009,SKU0058,83.73250579833984,83.83293914794922
2024-01-04,STORE0009,SKU0059,22.13644790649414,24.306396484375
2024-01-04,STORE0009,SKU0060,54.869388580322266,52.43418884277344
2024-01-04,STORE0009,SKU0061,84.86388397216797,89.01384735107422
2024-01-04,STORE0009,SKU0062,16.35387420654297,16.261592864990234
2024-01-04,STORE0009,SKU0063,46.6602668762207,46.47468566894531
2024-01-04,STORE0009,SKU0064,83.77458953857422,87.506591796875
2024-01-04,STORE0009,SKU0065,50.60962677001953,50.951778411865234
2024-01-04,STORE0009,SKU0066,26.474586486816406,25.988290786743164
2024-01-04,STORE0009,SKU0067,36.83208465576172,34.00859451293945
2024-01-04,STORE0009,SKU0068,37.33218002319336,34.331687927246094
2024-01-04,STORE0009,SKU0069,68.50001525878906,64.7330551147461
2024-01-04,STORE0009,SKU0070,91.66848754882812,83.96504211425781
2024-01-04,STORE0009,SKU0071,29.090839385986328,27.70533561706543
2024-01-04,STORE0009,SKU0072,34.52027130126953,32.91629409790039
2024-01-04,STORE0009,SKU0074,49.70863342285156,52.0839958190918
2024-01-04,STORE0009,SKU0075,30.39181137084961,28.91575813293457
2024-01-04,STORE0009,SKU0076,28.019269943237305,27.143369674682617
2024-01-04,STORE0009,SKU0077,49.426605224609375,51.809871673583984
2024-01-04,STORE0009,SKU0078,27.474637985229492,29.01166343688965
2024-01-04,STORE0009,SKU0080,68.67817687988281,75.85900115966797
2024-01-04,STORE0009,SKU0082,53.898250579833984,53.00611114501953
2024-01-04,STORE0009,SKU0083,78.03221130371094,81.62699890136719
2024-01-04,STORE0009,SKU0084,23.13946533203125,21.654193878173828
2024-01-04,STORE0009,SKU0085,58.466983795166016,60.61302947998047
2024-01-04,STORE0009,SKU0086,8.621845245361328,8.580092430114746
2024-01-04,STORE0009,SKU0087,28.180309295654297,26.55717658996582
2024-01-04,STORE0009,SKU0088,21.669811248779297,20.503681182861328
2024-01-04,STORE0009,SKU0089,40.30830764770508,35.9176025390625
2024-01-04,STORE0009,SKU0090,18.825958251953125,17.747802734375
2024-01-04,STORE0009,SKU0091,16.659305572509766,16.398189544677734
2024-01-04,STORE0009,SKU0092,83.59288787841797,85.47498321533203
2024-01-04,STORE0009,SKU0093,64.75129699707031,63.08483123779297
2024-01-04,STORE0009,SKU0096,84.14179229736328,86.07981872558594
2024-01-04,STORE0009,SKU0097,61.916011810302734,64.60800170898438
2024-01-04,STORE0009,SKU0098,36.815006256103516,38.227176666259766
2024-01-04,STORE0009,SKU0099,84.36219024658203,81.4754409790039
2024-01-04,STORE0009,SKU0102,86.525634765625,88.06024169921875
2024-01-04,STORE0010,SKU0001,87.60673522949219,91.38035583496094
2024-01-04,STORE0010,SKU0004,81.19915771484375,88.45524597167969
2024-01-04,STORE0010,SKU0005,67.99996948242188,71.40742492675781
2024-01-04,STORE0010,SKU0006,90.95635986328125,83.31919860839844
2024-01-04,STORE0010,SKU0007,25.515899658203125,22.373905181884766
2024-01-04,STORE0010,SKU0010,32.18128967285156,29.113842010498047
2024-01-04,STORE0010,SKU0011,19.355545043945312,17.616743087768555
2024-01-04,STORE0010,SKU0012,38.785274505615234,39.63322448730469
2024-01-04,STORE0010,SKU0013,72.79838562011719,77.30858612060547
2024-01-04,STORE0010,SKU0014,50.84458923339844,53.41778564453125
2024-01-04,STORE0010,SKU0015,11.82425308227539,9.341500282287598
2024-01-04,STORE0010,SKU0016,22.334976196289062,20.213645935058594
2024-01-04,STORE0010,SKU0017,87.52874755859375,84.9403076171875
2024-01-04,STORE0010,SKU0018,76.53069305419922,73.93110656738281
2024-01-04,STORE0010,SKU0019,15.337543487548828,14.54194164276123
2024-01-04,STORE0010,SKU0020,43.89319610595703,41.92587661743164
2024-01-04,STORE0010,SKU0021,48.646568298339844,49.955230712890625
2024-01-04,STORE0010,SKU0025,22.22421646118164,25.97447395324707
2024-01-04,STORE0010,SKU0028,87.01312255859375,100.70039367675781
2024-01-04,STORE0010,SKU0029,22.4112548828125,27.336509704589844
2024-01-04,STORE0010,SKU0030,33.91054153442383,42.68482971191406
2024-01-04,STORE0010,SKU0032,52.457557678222656,61.99474334716797
2024-01-04,STORE0010,SKU0034,106.9429931640625,123.79086303710938
2024-01-04,STORE0010,SKU0035,128.79473876953125,135.48300170898438
2024-01-04,STORE0010,SKU0036,31.27182388305664,37.93113708496094
2024-01-04,STORE0010,SKU0037,78.6620101928711,97.47361755371094
2024-01-04,STORE0010,SKU0038,69.24920654296875,91.49396514892578
2024-01-04,STORE0010,SKU0039,11.60219955444336,15.083687782287598
2024-01-04,STORE0010,SKU0040,16.013320922851562,18.964263916015625
2024-01-04,STORE0010,SKU0042,9.266548156738281,13.40976333618164
2024-01-04,STORE0010,SKU0043,34.00603485107422,46.41802978515625
2024-01-04,STORE0010,SKU0045,49.39708709716797,58.02442169189453
2024-01-04,STORE0010,SKU0046,67.18047332763672,79.15275573730469
2024-01-04,STORE0010,SKU0048,49.946136474609375,57.45347213745117
2024-01-04,STORE0010,SKU0050,15.615699768066406,15.854048728942871
2024-01-04,STORE0010,SKU0051,61.54693603515625,59.89812088012695
2024-01-04,STORE0010,SKU0052,50.61627197265625,51.34160614013672
2024-01-04,STORE0010,SKU0053,28.147064208984375,28.287864685058594
2024-01-04,STORE0010,SKU0054,69.8268051147461,66.6843032836914
2024-01-04,STORE0010,SKU0055,12.971336364746094,13.388449668884277
2024-01-04,STORE0010,SKU0056,19.447322845458984,20.839637756347656
2024-01-04,STORE0010,SKU0057,75.15057373046875,81.20702362060547
2024-01-04,STORE0010,SKU0058,81.99526977539062,79.14561462402344
2024-01-04,STORE0010,SKU0059,21.52316665649414,24.508848190307617
2024-01-04,STORE0010,SKU0060,54.599700927734375,54.61948013305664
2024-01-04,STORE0010,SKU0061,82.13668823242188,74.93579864501953
2024-01-04,STORE0010,SKU0063,45.66785430908203,51.26116180419922
2024-01-04,STORE0010,SKU0064,81.74861907958984,80.21107482910156
2024-01-04,STORE0010,SKU0065,49.347869873046875,51.27705383300781
2024-01-04,STORE0010,SKU0067,36.039344787597656,33.9110221862793
2024-01-04,STORE0010,SKU0068,36.71992111206055,35.03764724731445
2024-01-04,STORE0010,SKU0069,67.49408721923828,67.86481475830078
2024-01-04,STORE0010,SKU0070,89.57650756835938,90.63250732421875
2024-01-04,STORE0010,SKU0073,9.366142272949219,9.315263748168945
2024-01-04,STORE0010,SKU0074,48.875797271728516,49.85767364501953
2024-01-04,STORE0010,SKU0075,29.987035751342773,31.4616756439209
2024-01-04,STORE0010,SKU0076,27.421710968017578,26.564146041870117
2024-01-04,STORE0010,SKU0077,48.79537582397461,48.524322509765625
2024-01-04,STORE0010,SKU0078,26.901199340820312,28.681806564331055
2024-01-04,STORE0010,SKU0079,71.68927001953125,74.00717163085938
2024-01-04,STORE0010,SKU0080,66.64007568359375,74.24131774902344
2024-01-04,STORE0010,SKU0081,60.577728271484375,62.96230697631836
2024-01-04,STORE0010,SKU0083,77.30586242675781,85.79258728027344
2024-01-04,STORE0010,SKU0084,22.829368591308594,22.095571517944336
2024-01-04,STORE0010,SKU0085,57.261192321777344,61.485538482666016
2024-01-04,STORE0010,SKU0086,8.337879180908203,8.071733474731445
2024-01-04,STORE0010,SKU0087,27.558197021484375,24.499038696289062
2024-01-04,STORE0010,SKU0088,21.322147369384766,23.701248168945312
2024-01-04,STORE0010,SKU0089,39.85319137573242,36.87516403198242
2024-01-04,STORE0010,SKU0090,18.415206909179688,17.34792709350586
2024-01-04,STORE0010,SKU0092,81.54377746582031,86.14911651611328
2024-01-04,STORE0010,SKU0094,54.46036148071289,56.86345672607422
2024-01-04,STORE0010,SKU0095,26.58423614501953,30.647367477416992
2024-01-04,STORE0010,SKU0096,81.89530944824219,78.13666534423828
2024-01-04,STORE0010,SKU0097,61.60118103027344,61.94076156616211
2024-01-04,STORE0010,SKU0098,36.04393005371094,33.71340560913086
2024-01-04,STORE0010,SKU0099,81.80048370361328,77.85324096679688
2024-01-04,STORE0010,SKU0100,73.87376403808594,75.77531433105469
2024-01-04,STORE0010,SKU0101,14.291641235351562,13.436247825622559
2024-01-04,STORE0010,SKU0102,84.39952850341797,88.16963958740234
2024-01-04,STORE0011,SKU0001,103.07687377929688,105.5805892944336
2024-01-04,STORE0011,SKU0002,67.42838287353516,62.81542205810547
2024-01-04,STORE0011,SKU0003,23.236141204833984,20.393550872802734
2024-01-04,STORE0011,SKU0004,94.61872863769531,91.90037536621094
2024-01-04,STORE0011,SKU0005,78.25040435791016,79.83450317382812
2024-01-04,STORE0011,SKU0006,107.41429138183594,95.58112335205078
2024-01-04,STORE0011,SKU0007,29.926450729370117,30.241811752319336
2024-01-04,STORE0011,SKU0009,59.172882080078125,58.78595733642578
2024-01-04,STORE0011,SKU0012,45.40202331542969,44.575218200683594
2024-01-04,STORE0011,SKU0014,58.033775329589844,53.14218521118164
2024-01-04,STORE0011,SKU0015,13.683326721191406,10.52955150604248
2024-01-04,STORE0011,SKU0017,102.39738464355469,98.39537811279297
2024-01-04,STORE0011,SKU0018,89.24413299560547,79.68051147460938
2024-01-04,STORE0011,SKU0019,18.255474090576172,15.969827651977539
2024-01-04,STORE0011,SKU0020,51.12120819091797,47.413368225097656
2024-01-04,STORE0011,SKU0021,55.99193572998047,58.775814056396484
2024-01-04,STORE0011,SKU0022,99.80328369140625,97.49320983886719
2024-01-04,STORE0011,SKU0023,71.38056182861328,67.04149627685547
2024-01-04,STORE0011,SKU0024,57.069278717041016,53.148258209228516
2024-01-04,STORE0011,SKU0025,25.938003540039062,31.371381759643555
2024-01-04,STORE0011,SKU0026,89.31341552734375,97.84174346923828
2024-01-04,STORE0011,SKU0027,102.7481689453125,101.37327575683594
2024-01-04,STORE0011,SKU0028,101.24392700195312,109.34532928466797
2024-01-04,STORE0011,SKU0029,26.557918548583984,34.949806213378906
2024-01-04,STORE0011,SKU0030,39.3386344909668,46.71370315551758
2024-01-04,STORE0011,SKU0031,46.19361114501953,56.785987854003906
2024-01-04,STORE0011,SKU0033,83.54305267333984,97.59317016601562
2024-01-04,STORE0011,SKU0034,129.24575805664062,135.88772583007812
2024-01-04,STORE0011,SKU0035,150.28126525878906,139.5725555419922
2024-01-04,STORE0011,SKU0036,35.46669006347656,42.52852249145508
2024-01-04,STORE0011,SKU0037,89.31990051269531,104.0921630859375
2024-01-04,STORE0011,SKU0038,79.37008666992188,99.00559997558594
2024-01-04,STORE0011,SKU0039,13.955780029296875,17.98552703857422
2024-01-04,STORE0011,SKU0040,19.133934020996094,25.54288673400879
2024-01-04,STORE0011,SKU0041,74.27648162841797,86.5191879272461
2024-01-04,STORE0011,SKU0043,39.28527069091797,49.99880599975586
2024-01-04,STORE0011,SKU0044,72.41574096679688,87.12598419189453
2024-01-04,STORE0011,SKU0046,79.7451171875,95.69384002685547
2024-01-04,STORE0011,SKU0047,64.35847473144531,74.52078247070312
2024-01-04,STORE0011,SKU0048,58.06819534301758,73.28816223144531
2024-01-04,STORE0011,SKU0050,18.71218490600586,17.547834396362305
2024-01-04,STORE0011,SKU0051,69.48624420166016,75.25313568115234
2024-01-04,STORE0011,SKU0052,57.212867736816406,57.679786682128906
2024-01-04,STORE0011,SKU0053,33.230979919433594,31.449403762817383
2024-01-04,STORE0011,SKU0054,81.67750549316406,84.50335693359375
2024-01-04,STORE0011,SKU0055,15.490821838378906,15.247206687927246
2024-01-04,STORE0011,SKU0056,23.244224548339844,21.637786865234375
2024-01-04,STORE0011,SKU0058,96.00968933105469,90.3519058227539
2024-01-04,STORE0011,SKU0059,25.568561553955078,26.742366790771484
2024-01-04,STORE0011,SKU0061,97.15945434570312,93.15270233154297
2024-01-04,STORE0011,SKU0062,18.997840881347656,17.430299758911133
2024-01-04,STORE0011,SKU0064,96.80070495605469,91.41375732421875
2024-01-04,STORE0011,SKU0065,56.8548583984375,56.768062591552734
2024-01-04,STORE0011,SKU0066,30.31154441833496,29.660959243774414
2024-01-04,STORE0011,SKU0067,41.89679718017578,37.86872482299805
2024-01-04,STORE0011,SKU0068,42.236656188964844,37.02130126953125
2024-01-04,STORE0011,SKU0069,78.2003173828125,75.6083755493164
2024-01-04,STORE0011,SKU0070,104.18891906738281,97.4689712524414
2024-01-04,STORE0011,SKU0071,33.555419921875,32.18054962158203
2024-01-04,STORE0011,SKU0072,39.3257942199707,36.6208610534668
2024-01-04,STORE0011,SKU0073,11.50101089477539,11.667465209960938
2024-01-04,STORE0011,SKU0074,56.899696350097656,53.075233459472656
2024-01-04,STORE0011,SKU0077,56.672672271728516,54.53857421875
2024-01-04,STORE0011,SKU0078,31.278589248657227,30.52274513244629
2024-01-04,STORE0011,SKU0079,83.44873046875,80.19901275634766
2024-01-04,STORE0011,SKU0082,61.13798522949219,59.46449661254883
2024-01-04,STORE0011,SKU0083,89.5414810180664,90.44496154785156
2024-01-04,STORE0011,SKU0085,65.82156372070312,68.76615905761719
2024-01-04,STORE0011,SKU0086,9.886241912841797,10.011040687561035
2024-01-04,STORE0011,SKU0087,32.62615203857422,30.065107345581055
2024-01-04,STORE0011,SKU0088,25.30617904663086,25.531953811645508
2024-01-04,STORE0011,SKU0089,45.27211380004883,41.784149169921875
2024-01-04,STORE0011,SKU0090,22.000606536865234,21.344348907470703
2024-01-04,STORE0011,SKU0094,63.22613525390625,59.81279754638672
2024-01-04,STORE0011,SKU0095,30.66913414001465,31.29408073425293
2024-01-04,STORE0011,SKU0096,97.02690124511719,97.65005493164062
2024-01-04,STORE0011,SKU0097,69.90916442871094,68.01496887207031
2024-01-04,STORE0011,SKU0098,41.410614013671875,37.23809814453125
2024-01-04,STORE0011,SKU0100,85.6970443725586,85.58639526367188
2024-01-04,STORE0011,SKU0101,16.758419036865234,16.20525360107422
2024-01-04,STORE0012,SKU0001,89.69960021972656,99.63233947753906
2024-01-04,STORE0012,SKU0002,58.587188720703125,60.62261199951172
2024-01-04,STORE0012,SKU0004,82.60176849365234,82.68067169189453
2024-01-04,STORE0012,SKU0005,68.64120483398438,70.86100769042969
2024-01-04,STORE0012,SKU0006,93.99765014648438,85.52190399169922
2024-01-04,STORE0012,SKU0007,26.150772094726562,24.695039749145508
2024-01-04,STORE0012,SKU0008,22.232398986816406,22.796470642089844
2024-01-04,STORE0012,SKU0009,51.4347038269043,46.73041534423828
2024-01-04,STORE0012,SKU0010,32.59431838989258,33.51438903808594
2024-01-04,STORE0012,SKU0013,74.7347412109375,80.4702377319336
2024-01-04,STORE0012,SKU0014,51.05454635620117,51.24690246582031
2024-01-04,STORE0012,SKU0015,11.901512145996094,10.361016273498535
2024-01-04,STORE0012,SKU0016,22.881404876708984,22.086984634399414
2024-01-04,STORE0012,SKU0017,89.75248718261719,91.36702728271484
2024-01-04,STORE0012,SKU0018,79.17141723632812,74.19763946533203
2024-01-04,STORE0012,SKU0019,15.406009674072266,14.00712776184082
2024-01-04,STORE0012,SKU0020,44.667884826660156,50.05483627319336
2024-01-04,STORE0012,SKU0022,85.8857192993164,83.0829849243164
2024-01-04,STORE0012,SKU0023,64.16232299804688,59.472618103027344
2024-01-04,STORE0012,SKU0025,22.583049774169922,27.59214973449707
2024-01-04,STORE0012,SKU0026,78.08120727539062,94.65840148925781
2024-01-04,STORE0012,SKU0027,87.88148498535156,98.28118896484375
2024-01-04,STORE0012,SKU0028,89.01201629638672,100.89635467529297
2024-01-04,STORE0012,SKU0029,22.856769561767578,27.918155670166016
2024-01-04,STORE0012,SKU0030,34.55914306640625,49.383846282958984
2024-01-04,STORE0012,SKU0032,52.98301315307617,63.6558837890625
2024-01-04,STORE0012,SKU0033,72.0774154663086,90.21996307373047
2024-01-04,STORE0012,SKU0034,106.64342498779297,124.63428497314453
2024-01-04,STORE0012,SKU0035,132.73956298828125,129.6393280029297
2024-01-04,STORE0012,SKU0036,31.009387969970703,38.46563720703125
2024-01-04,STORE0012,SKU0037,78.2017822265625,92.87837219238281
2024-01-04,STORE0012,SKU0038,69.78880310058594,86.63429260253906
2024-01-04,STORE0012,SKU0039,11.832931518554688,13.942066192626953
2024-01-04,STORE0012,SKU0043,34.527626037597656,39.565284729003906
2024-01-04,STORE0012,SKU0044,63.80799865722656,78.1600570678711
2024-01-04,STORE0012,SKU0046,68.67803192138672,84.0432357788086
2024-01-04,STORE0012,SKU0047,55.81827163696289,70.72100830078125
2024-01-04,STORE0012,SKU0048,51.15127182006836,60.791805267333984
2024-01-04,STORE0012,SKU0050,15.847187042236328,15.254119873046875
2024-01-04,STORE0012,SKU0052,51.78181076049805,51.21353530883789
2024-01-04,STORE0012,SKU0053,28.888263702392578,29.527496337890625
2024-01-04,STORE0012,SKU0054,71.98662567138672,69.31842041015625
2024-01-04,STORE0012,SKU0055,13.30245590209961,12.383888244628906
2024-01-04,STORE0012,SKU0056,20.035789489746094,19.186861038208008
2024-01-04,STORE0012,SKU0057,75.72412109375,71.8585433959961
2024-01-04,STORE0012,SKU0058,83.89152526855469,75.81266021728516
2024-01-04,STORE0012,SKU0059,22.092796325683594,23.075735092163086
2024-01-04,STORE0012,SKU0060,54.65739059448242,51.961917877197266
2024-01-04,STORE0012,SKU0061,84.70965576171875,82.96344757080078
2024-01-04,STORE0012,SKU0062,16.311298370361328,14.565250396728516
2024-01-04,STORE0012,SKU0064,83.38566589355469,75.35077667236328
2024-01-04,STORE0012,SKU0065,49.854949951171875,47.90869903564453
2024-01-04,STORE0012,SKU0066,26.478355407714844,24.7457332611084
2024-01-04,STORE0012,SKU0068,36.930633544921875,33.0449333190918
2024-01-04,STORE0012,SKU0070,92.0763168334961,88.40724182128906
2024-01-04,STORE0012,SKU0071,28.935914993286133,26.726543426513672
2024-01-04,STORE0012,SKU0072,34.36402130126953,35.781005859375
2024-01-04,STORE0012,SKU0074,49.86655044555664,54.4915771484375
2024-01-04,STORE0012,SKU0075,30.52007293701172,31.77962875366211
2024-01-04,STORE0012,SKU0076,28.035497665405273,26.85659408569336
2024-01-04,STORE0012,SKU0077,49.265869140625,44.216068267822266
2024-01-04,STORE0012,SKU0078,27.521081924438477,27.79804039001465
2024-01-04,STORE0012,SKU0080,68.43000793457031,77.05750274658203
2024-01-04,STORE0012,SKU0081,62.17353057861328,62.53984069824219
2024-01-04,STORE0012,SKU0083,77.91258239746094,83.38362884521484
2024-01-04,STORE0012,SKU0084,23.421836853027344,23.146743774414062
2024-01-04,STORE0012,SKU0085,57.5350456237793,62.2267951965332
2024-01-04,STORE0012,SKU0086,8.334026336669922,6.894474983215332
2024-01-04,STORE0012,SKU0088,21.798969268798828,22.20005226135254
2024-01-04,STORE0012,SKU0089,39.962913513183594,36.80409240722656
2024-01-04,STORE0012,SKU0091,16.49529266357422,15.110167503356934
2024-01-04,STORE0012,SKU0092,84.20401000976562,83.54753112792969
2024-01-04,STORE0012,SKU0094,55.81637191772461,53.01850891113281
2024-01-04,STORE0012,SKU0095,26.797584533691406,28.452545166015625
2024-01-04,STORE0012,SKU0096,84.61456298828125,82.02486419677734
2024-01-04,STORE0012,SKU0097,61.98270797729492,62.44685745239258
2024-01-04,STORE0012,SKU0098,36.50482177734375,34.93620300292969
2024-01-04,STORE0012,SKU0099,84.3338623046875,84.69320678710938
2024-01-04,STORE0012,SKU0100,75.7811279296875,79.60208129882812
2024-01-04,STORE0012,SKU0101,14.334526062011719,14.596116065979004
2024-01-04,STORE0013,SKU0001,53.11405944824219,58.48420715332031
2024-01-04,STORE0013,SKU0002,35.682777404785156,31.04717254638672
2024-01-04,STORE0013,SKU0003,13.632312774658203,10.257073402404785
2024-01-04,STORE0013,SKU0006,54.791107177734375,52.44232177734375
2024-01-04,STORE0013,SKU0008,14.012115478515625,12.053236961364746
2024-01-04,STORE0013,SKU0009,30.921049118041992,27.2730770111084
2024-01-04,STORE0013,SKU0013,44.37322998046875,43.33311462402344
2024-01-04,STORE0013,SKU0014,31.052837371826172,31.28152084350586
2024-01-04,STORE0013,SKU0015,8.226760864257812,6.522021770477295
2024-01-04,STORE0013,SKU0017,52.538787841796875,51.5829963684082
2024-01-04,STORE0013,SKU0020,28.001544952392578,25.741127014160156
2024-01-04,STORE0013,SKU0024,29.469350814819336,29.778766632080078
2024-01-04,STORE0013,SKU0025,14.490352630615234,15.088310241699219
2024-01-04,STORE0013,SKU0026,46.003360748291016,53.58408737182617
2024-01-04,STORE0013,SKU0027,51.230712890625,60.97397994995117
2024-01-04,STORE0013,SKU0028,52.9227409362793,63.031105041503906
2024-01-04,STORE0013,SKU0031,23.844642639160156,32.71137619018555
2024-01-04,STORE0013,SKU0032,29.658056259155273,38.06584167480469
2024-01-04,STORE0013,SKU0034,61.63462448120117,75.89295959472656
2024-01-04,STORE0013,SKU0036,19.439083099365234,24.760875701904297
2024-01-04,STORE0013,SKU0037,46.50431823730469,59.74287414550781
2024-01-04,STORE0013,SKU0039,7.403999328613281,9.264124870300293
2024-01-04,STORE0013,SKU0040,10.203872680664062,12.450307846069336
2024-01-04,STORE0013,SKU0041,38.299190521240234,46.13261413574219
2024-01-04,STORE0013,SKU0049,26.669681549072266,22.196338653564453
2024-01-04,STORE0013,SKU0056,13.162712097167969,12.687074661254883
2024-01-04,STORE0013,SKU0057,44.874473571777344,45.15182876586914
2024-01-04,STORE0013,SKU0061,49.05128860473633,50.13871383666992
2024-01-04,STORE0013,SKU0063,26.796207427978516,24.56392478942871
2024-01-04,STORE0013,SKU0065,30.109838485717773,32.25484085083008
2024-01-04,STORE0013,SKU0068,22.955123901367188,22.89433479309082
2024-01-04,STORE0013,SKU0071,18.113426208496094,14.697969436645508
2024-01-04,STORE0013,SKU0076,17.75102996826172,16.46712303161621
2024-01-04,STORE0013,SKU0080,40.840171813964844,44.72098159790039
2024-01-04,STORE0013,SKU0084,15.443538665771484,14.154629707336426
2024-01-04,STORE0013,SKU0085,35.572566986083984,34.738704681396484
2024-01-04,STORE0013,SKU0086,4.1590118408203125,5.310117721557617
2024-01-04,STORE0013,SKU0087,18.932239532470703,17.159944534301758
2024-01-04,STORE0013,SKU0089,25.143573760986328,25.215543746948242
2024-01-04,STORE0013,SKU0090,12.717514038085938,11.244333267211914
2024-01-04,STORE0013,SKU0096,49.54914093017578,49.39864730834961
2024-01-04,STORE0013,SKU0097,38.036956787109375,37.095428466796875
2024-01-04,STORE0013,SKU0099,51.44929504394531,45.7293586730957
2024-01-04,STORE0013,SKU0102,50.87614059448242,51.20840072631836
2024-01-05,STORE0001,SKU0001,104.53746032714844,102.7059555053711
2024-01-05,STORE0001,SKU0002,68.35538482666016,63.15836715698242
2024-01-05,STORE0001,SKU0004,96.45814514160156,92.54508209228516
2024-01-05,STORE0001,SKU0006,108.62445831298828,96.31584930419922
2024-01-05,STORE0001,SKU0007,30.431222915649414,25.1234188079834
2024-01-05,STORE0001,SKU0008,26.175304412841797,26.136775970458984
2024-01-05,STORE0001,SKU0010,38.908363342285156,35.27170181274414
2024-01-05,STORE0001,SKU0011,22.787254333496094,18.26275634765625
2024-01-05,STORE0001,SKU0012,46.882789611816406,44.57826614379883
2024-01-05,STORE0001,SKU0014,60.210941314697266,59.27156448364258
2024-01-05,STORE0001,SKU0015,14.101818084716797,11.010138511657715
2024-01-05,STORE0001,SKU0016,26.40947723388672,24.390850067138672
2024-01-05,STORE0001,SKU0017,104.34304809570312,98.75218200683594
2024-01-05,STORE0001,SKU0018,92.06207275390625,89.91691589355469
2024-01-05,STORE0001,SKU0019,18.350444793701172,15.272903442382812
2024-01-05,STORE0001,SKU0020,52.142311096191406,46.46438980102539
2024-01-05,STORE0001,SKU0021,59.10587692260742,60.0309944152832
2024-01-05,STORE0001,SKU0023,73.30282592773438,69.15795135498047
2024-01-05,STORE0001,SKU0024,58.21170425415039,49.653743743896484
2024-01-05,STORE0001,SKU0026,91.08712768554688,98.34772491455078
2024-01-05,STORE0001,SKU0027,105.21168518066406,114.03765106201172
2024-01-05,STORE0001,SKU0029,26.78696060180664,37.454734802246094
2024-01-05,STORE0001,SKU0030,40.0933837890625,48.92298126220703
2024-01-05,STORE0001,SKU0031,46.69228744506836,55.048160552978516
2024-01-05,STORE0001,SKU0033,87.04109191894531,99.77272033691406
2024-01-05,STORE0001,SKU0035,151.03021240234375,142.9391326904297
2024-01-05,STORE0001,SKU0036,36.97019577026367,44.96186447143555
2024-01-05,STORE0001,SKU0037,90.56240844726562,96.50761413574219
2024-01-05,STORE0001,SKU0038,82.59649658203125,94.06165313720703
2024-01-05,STORE0001,SKU0039,14.536319732666016,17.476638793945312
2024-01-05,STORE0001,SKU0040,19.310550689697266,20.80509376525879
2024-01-05,STORE0001,SKU0041,75.04196166992188,84.49868774414062
2024-01-05,STORE0001,SKU0042,11.841476440429688,16.523561477661133
2024-01-05,STORE0001,SKU0043,40.321842193603516,48.10758972167969
2024-01-05,STORE0001,SKU0045,58.35895919799805,63.73662567138672
2024-01-05,STORE0001,SKU0046,82.25325012207031,89.78271484375
2024-01-05,STORE0001,SKU0047,67.05216979980469,78.18875122070312
2024-01-05,STORE0001,SKU0048,60.96775817871094,72.3358154296875
2024-01-05,STORE0001,SKU0049,51.603248596191406,48.53435134887695
2024-01-05,STORE0001,SKU0050,18.740550994873047,16.981721878051758
2024-01-05,STORE0001,SKU0051,70.62825012207031,63.96724319458008
2024-01-05,STORE0001,SKU0053,33.7677001953125,30.381507873535156
2024-01-05,STORE0001,SKU0054,84.73736572265625,77.59912872314453
2024-01-05,STORE0001,SKU0055,15.889167785644531,14.249260902404785
2024-01-05,STORE0001,SKU0056,23.80893325805664,22.91402816772461
2024-01-05,STORE0001,SKU0058,98.99064636230469,93.46531677246094
2024-01-05,STORE0001,SKU0059,25.905193328857422,27.417726516723633
2024-01-05,STORE0001,SKU0060,64.38371276855469,59.07844543457031
2024-01-05,STORE0001,SKU0061,98.21676635742188,86.81733703613281
2024-01-05,STORE0001,SKU0062,18.945220947265625,20.019210815429688
2024-01-05,STORE0001,SKU0063,53.16636276245117,52.121150970458984
2024-01-05,STORE0001,SKU0065,58.63375473022461,56.91387176513672
2024-01-05,STORE0001,SKU0066,30.459299087524414,29.023170471191406
2024-01-05,STORE0001,SKU0067,42.68724822998047,39.98127746582031
2024-01-05,STORE0001,SKU0068,43.803680419921875,39.0479850769043
2024-01-05,STORE0001,SKU0069,81.06629943847656,77.59691619873047
2024-01-05,STORE0001,SKU0070,108.30107116699219,100.00009155273438
2024-01-05,STORE0001,SKU0072,40.10454559326172,33.21793746948242
2024-01-05,STORE0001,SKU0073,11.817142486572266,10.813209533691406
2024-01-05,STORE0001,SKU0074,58.46488952636719,52.365745544433594
2024-01-05,STORE0001,SKU0076,33.252071380615234,28.41840362548828
2024-01-05,STORE0001,SKU0077,57.73188781738281,52.850955963134766
2024-01-05,STORE0001,SKU0078,32.39533233642578,31.459095001220703
2024-01-05,STORE0001,SKU0080,80.99893188476562,75.7448501586914
2024-01-05,STORE0001,SKU0081,72.61537170410156,69.45769500732422
2024-01-05,STORE0001,SKU0082,63.499237060546875,59.90300750732422
2024-01-05,STORE0001,SKU0084,27.022823333740234,25.604984283447266
2024-01-05,STORE0001,SKU0086,10.113327026367188,9.439776420593262
2024-01-05,STORE0001,SKU0087,33.182029724121094,30.43951988220215
2024-01-05,STORE0001,SKU0090,22.407814025878906,22.038917541503906
2024-01-05,STORE0001,SKU0092,99.63639831542969,91.927978515625
2024-01-05,STORE0001,SKU0093,76.10820770263672,74.20272827148438
2024-01-05,STORE0001,SKU0094,65.13230895996094,63.59852600097656
2024-01-05,STORE0001,SKU0095,31.252761840820312,31.938323974609375
2024-01-05,STORE0001,SKU0096,99.85464477539062,95.08985137939453
2024-01-05,STORE0001,SKU0097,72.63983917236328,68.64186096191406
2024-01-05,STORE0001,SKU0098,43.05766296386719,40.57609939575195
2024-01-05,STORE0001,SKU0099,99.27293395996094,90.82122802734375
2024-01-05,STORE0001,SKU0100,88.56201934814453,84.96703338623047
2024-01-05,STORE0001,SKU0101,16.674495697021484,15.325581550598145
2024-01-05,STORE0002,SKU0001,72.13674926757812,80.55751037597656
2024-01-05,STORE0002,SKU0002,48.63529586791992,53.59814453125
2024-01-05,STORE0002,SKU0003,18.161483764648438,15.631766319274902
2024-01-05,STORE0002,SKU0004,67.89327239990234,71.8424301147461
2024-01-05,STORE0002,SKU0005,56.68605422973633,56.843902587890625
2024-01-05,STORE0002,SKU0006,76.35799407958984,79.23543548583984
2024-01-05,STORE0002,SKU0007,21.614105224609375,20.705421447753906
2024-01-05,STORE0002,SKU0008,18.638652801513672,16.22755241394043
2024-01-05,STORE0002,SKU0009,42.198280334472656,42.79562759399414
2024-01-05,STORE0002,SKU0010,27.8565616607666,24.072843551635742
2024-01-05,STORE0002,SKU0011,16.914485931396484,15.622688293457031
2024-01-05,STORE0002,SKU0012,32.535186767578125,36.05928039550781
2024-01-05,STORE0002,SKU0014,42.42496871948242,44.89056396484375
2024-01-05,STORE0002,SKU0015,11.353507995605469,8.04102611541748
2024-01-05,STORE0002,SKU0016,20.13210678100586,15.954282760620117
2024-01-05,STORE0002,SKU0017,71.67059326171875,67.4242172241211
2024-01-05,STORE0002,SKU0018,63.95857238769531,58.38469696044922
2024-01-05,STORE0002,SKU0019,13.216388702392578,12.134255409240723
2024-01-05,STORE0002,SKU0020,37.07238006591797,40.55789566040039
2024-01-05,STORE0002,SKU0022,69.33041381835938,69.6141357421875
2024-01-05,STORE0002,SKU0023,51.533348083496094,48.51980209350586
2024-01-05,STORE0002,SKU0024,40.93254852294922,43.018775939941406
2024-01-05,STORE0002,SKU0025,19.989253997802734,24.287738800048828
2024-01-05,STORE0002,SKU0026,66.55109405517578,77.92206573486328
2024-01-05,STORE0002,SKU0027,74.38371276855469,88.60530853271484
2024-01-05,STORE0002,SKU0028,74.30689239501953,84.67066192626953
2024-01-05,STORE0002,SKU0030,29.246694564819336,41.34241485595703
2024-01-05,STORE0002,SKU0031,33.64857482910156,43.454410552978516
2024-01-05,STORE0002,SKU0032,42.64936065673828,50.8019905090332
2024-01-05,STORE0002,SKU0033,60.24961471557617,77.89752960205078
2024-01-05,STORE0002,SKU0034,84.48094177246094,106.74325561523438
2024-01-05,STORE0002,SKU0036,27.229482650756836,31.375385284423828
2024-01-05,STORE0002,SKU0037,65.30255126953125,79.67586517333984
2024-01-05,STORE0002,SKU0038,58.02561950683594,72.57952880859375
2024-01-05,STORE0002,SKU0039,11.434680938720703,11.183682441711426
2024-01-05,STORE0002,SKU0040,14.678443908691406,15.910696029663086
2024-01-05,STORE0002,SKU0041,53.630821228027344,66.7886734008789
2024-01-05,STORE0002,SKU0042,9.489830017089844,11.16736888885498
2024-01-05,STORE0002,SKU0043,28.974346160888672,38.49384689331055
2024-01-05,STORE0002,SKU0044,53.27496337890625,65.99813079833984
2024-01-05,STORE0002,SKU0046,58.1449089050293,77.42753601074219
2024-01-05,STORE0002,SKU0048,42.22905349731445,49.75148391723633
2024-01-05,STORE0002,SKU0051,51.0237922668457,50.616432189941406
2024-01-05,STORE0002,SKU0052,42.094242095947266,43.23893356323242
2024-01-05,STORE0002,SKU0054,59.02252960205078,61.577354431152344
2024-01-05,STORE0002,SKU0055,12.247371673583984,10.650357246398926
2024-01-05,STORE0002,SKU0056,17.919322967529297,17.1679630279541
2024-01-05,STORE0002,SKU0058,69.56456756591797,72.5191650390625
2024-01-05,STORE0002,SKU0059,19.74289321899414,18.925670623779297
2024-01-05,STORE0002,SKU0060,45.678436279296875,42.93999481201172
2024-01-05,STORE0002,SKU0062,14.813224792480469,13.218317985534668
2024-01-05,STORE0002,SKU0063,38.00421905517578,33.331451416015625
2024-01-05,STORE0002,SKU0064,68.52482604980469,70.87971496582031
2024-01-05,STORE0002,SKU0065,41.77046203613281,42.379207611083984
2024-01-05,STORE0002,SKU0066,23.613941192626953,20.05994415283203
2024-01-05,STORE0002,SKU0069,57.59723663330078,58.63407516479492
2024-01-05,STORE0002,SKU0070,76.97341918945312,85.14437866210938
2024-01-05,STORE0002,SKU0071,24.37847137451172,23.551469802856445
2024-01-05,STORE0002,SKU0073,9.15972900390625,8.117695808410645
2024-01-05,STORE0002,SKU0074,40.795082092285156,44.68098449707031
2024-01-05,STORE0002,SKU0075,27.098526000976562,25.967180252075195
2024-01-05,STORE0002,SKU0078,24.150115966796875,21.078153610229492
2024-01-05,STORE0002,SKU0079,60.31511688232422,58.46652603149414
2024-01-05,STORE0002,SKU0081,51.03092575073242,51.97553634643555
2024-01-05,STORE0002,SKU0082,45.26815414428711,42.567935943603516
2024-01-05,STORE0002,SKU0083,64.80255889892578,69.95751190185547
2024-01-05,STORE0002,SKU0084,20.58502197265625,18.96052360534668
2024-01-05,STORE0002,SKU0086,8.04660415649414,6.805988311767578
2024-01-05,STORE0002,SKU0087,24.889057159423828,19.92302131652832
2024-01-05,STORE0002,SKU0088,19.82341766357422,19.5942440032959
2024-01-05,STORE0002,SKU0089,34.21617126464844,33.92538070678711
2024-01-05,STORE0002,SKU0090,17.18585205078125,15.17220401763916
2024-01-05,STORE0002,SKU0092,68.5919418334961,71.79932403564453
2024-01-05,STORE0002,SKU0093,53.378414154052734,54.839866638183594
2024-01-05,STORE0002,SKU0096,69.02631378173828,69.35111999511719
2024-01-05,STORE0002,SKU0097,51.85357666015625,49.5106086730957
2024-01-05,STORE0002,SKU0098,31.31654167175293,30.654029846191406
2024-01-05,STORE0002,SKU0099,70.38062286376953,70.3046646118164
2024-01-05,STORE0002,SKU0101,12.698131561279297,11.991789817810059
2024-01-05,STORE0002,SKU0102,71.39372253417969,78.60968017578125
2024-01-05,STORE0003,SKU0001,72.81405639648438,81.2881851196289
2024-01-05,STORE0003,SKU0003,17.61437225341797,17.635128021240234
2024-01-05,STORE0003,SKU0004,67.34700012207031,66.08910369873047
2024-01-05,STORE0003,SKU0005,56.68751525878906,57.09484100341797
2024-01-05,STORE0003,SKU0006,75.95549011230469,75.0562744140625
2024-01-05,STORE0003,SKU0007,21.435470581054688,21.07529067993164
2024-01-05,STORE0003,SKU0008,18.198333740234375,18.323612213134766
2024-01-05,STORE0003,SKU0009,42.01908874511719,43.89112854003906
2024-01-05,STORE0003,SKU0010,27.71733856201172,24.119781494140625
2024-01-05,STORE0003,SKU0011,16.67003631591797,15.101993560791016
2024-01-05,STORE0003,SKU0012,32.138641357421875,35.8157844543457
2024-01-05,STORE0003,SKU0013,60.073360443115234,56.185447692871094
2024-01-05,STORE0003,SKU0014,42.14564514160156,44.713226318359375
2024-01-05,STORE0003,SKU0015,10.531742095947266,8.384531021118164
2024-01-05,STORE0003,SKU0016,19.594810485839844,15.881213188171387
2024-01-05,STORE0003,SKU0019,12.916259765625,11.229918479919434
2024-01-05,STORE0003,SKU0020,36.54534149169922,39.83246612548828
2024-01-05,STORE0003,SKU0021,39.99055480957031,41.04167175292969
2024-01-05,STORE0003,SKU0022,69.68403625488281,73.06341552734375
2024-01-05,STORE0003,SKU0023,51.486961364746094,52.6527099609375
2024-01-05,STORE0003,SKU0024,40.52893829345703,41.74714660644531
2024-01-05,STORE0003,SKU0025,19.19257354736328,22.836740493774414
2024-01-05,STORE0003,SKU0026,65.80142974853516,74.95069885253906
2024-01-05,STORE0003,SKU0028,73.94591522216797,87.25208282470703
2024-01-05,STORE0003,SKU0030,28.617340087890625,37.10316467285156
2024-01-05,STORE0003,SKU0031,33.981689453125,41.872623443603516
2024-01-05,STORE0003,SKU0033,60.653926849365234,84.26863861083984
2024-01-05,STORE0003,SKU0035,110.33084106445312,131.76431274414062
2024-01-05,STORE0003,SKU0037,66.14203643798828,81.57568359375
2024-01-05,STORE0003,SKU0039,10.658309936523438,12.186321258544922
2024-01-05,STORE0003,SKU0040,13.974353790283203,14.866070747375488
2024-01-05,STORE0003,SKU0041,53.04638671875,64.98927307128906
2024-01-05,STORE0003,SKU0042,8.737674713134766,11.941600799560547
2024-01-05,STORE0003,SKU0043,28.468786239624023,37.6741943359375
2024-01-05,STORE0003,SKU0044,52.46314239501953,67.678466796875
2024-01-05,STORE0003,SKU0045,40.815345764160156,54.881771087646484
2024-01-05,STORE0003,SKU0046,57.963768005371094,72.84449768066406
2024-01-05,STORE0003,SKU0047,47.425086975097656,61.78508377075195
2024-01-05,STORE0003,SKU0048,41.5108642578125,53.00107192993164
2024-01-05,STORE0003,SKU0049,35.392539978027344,33.79111099243164
2024-01-05,STORE0003,SKU0050,13.281745910644531,12.930191993713379
2024-01-05,STORE0003,SKU0051,50.70230484008789,49.929359436035156
2024-01-05,STORE0003,SKU0052,41.545501708984375,41.08797836303711
2024-01-05,STORE0003,SKU0053,24.039031982421875,25.006126403808594
2024-01-05,STORE0003,SKU0054,59.25144577026367,63.77446365356445
2024-01-05,STORE0003,SKU0055,11.458232879638672,10.474559783935547
2024-01-05,STORE0003,SKU0056,17.290454864501953,16.28622817993164
2024-01-05,STORE0003,SKU0058,69.35808563232422,67.60270690917969
2024-01-05,STORE0003,SKU0060,45.00590896606445,45.37839889526367
2024-01-05,STORE0003,SKU0061,68.9163589477539,74.81233978271484
2024-01-05,STORE0003,SKU0062,14.071182250976562,12.780564308166504
2024-01-05,STORE0003,SKU0063,37.306854248046875,38.374752044677734
2024-01-05,STORE0003,SKU0064,68.38916778564453,69.01432037353516
2024-01-05,STORE0003,SKU0065,40.983497619628906,42.35136795043945
2024-01-05,STORE0003,SKU0066,22.98330307006836,20.551992416381836
2024-01-05,STORE0003,SKU0067,30.500558853149414,29.044374465942383
2024-01-05,STORE0003,SKU0068,30.477819442749023,31.47167205810547
2024-01-05,STORE0003,SKU0069,57.303131103515625,58.039363861083984
2024-01-05,STORE0003,SKU0070,76.58502960205078,76.18623352050781
2024-01-05,STORE0003,SKU0071,24.248855590820312,24.41073989868164
2024-01-05,STORE0003,SKU0073,8.485855102539062,8.12755012512207
2024-01-05,STORE0003,SKU0075,26.396785736083984,27.991119384765625
2024-01-05,STORE0003,SKU0076,23.43988037109375,22.503803253173828
2024-01-05,STORE0003,SKU0077,39.707542419433594,41.62827682495117
2024-01-05,STORE0003,SKU0082,44.626129150390625,40.77632522583008
2024-01-05,STORE0003,SKU0084,19.921600341796875,20.016605377197266
2024-01-05,STORE0003,SKU0086,7.363765716552734,7.054825782775879
2024-01-05,STORE0003,SKU0087,24.38187026977539,21.100841522216797
2024-01-05,STORE0003,SKU0088,19.085216522216797,17.517122268676758
2024-01-05,STORE0003,SKU0089,33.55878448486328,34.320125579833984
2024-01-05,STORE0003,SKU0091,14.42547607421875,13.629683494567871
2024-01-05,STORE0003,SKU0092,69.20967864990234,65.57005310058594
2024-01-05,STORE0003,SKU0093,52.64745330810547,55.47197723388672
2024-01-05,STORE0003,SKU0094,45.7547607421875,44.77519989013672
2024-01-05,STORE0003,SKU0095,23.841156005859375,22.21377944946289
2024-01-05,STORE0003,SKU0096,68.64813995361328,68.39700317382812
2024-01-05,STORE0003,SKU0097,51.58850860595703,51.191200256347656
2024-01-05,STORE0003,SKU0099,70.46296691894531,74.83403015136719
2024-01-05,STORE0003,SKU0100,63.0511474609375,70.1728515625
2024-01-05,STORE0003,SKU0101,12.174686431884766,11.885673522949219
2024-01-05,STORE0004,SKU0001,104.63920593261719,103.92546844482422
2024-01-05,STORE0004,SKU0002,68.9427261352539,64.72037506103516
2024-01-05,STORE0004,SKU0003,23.55695343017578,23.523508071899414
2024-01-05,STORE0004,SKU0005,79.75070190429688,74.66764831542969
2024-01-05,STORE0004,SKU0007,30.2117862701416,28.27676773071289
2024-01-05,STORE0004,SKU0008,25.908039093017578,24.846439361572266
2024-01-05,STORE0004,SKU0009,60.749061584472656,59.34502410888672
2024-01-05,STORE0004,SKU0012,46.18450164794922,46.0961799621582
2024-01-05,STORE0004,SKU0013,87.29792022705078,84.30978393554688
2024-01-05,STORE0004,SKU0014,60.33195877075195,58.417015075683594
2024-01-05,STORE0004,SKU0015,14.277214050292969,11.671149253845215
2024-01-05,STORE0004,SKU0017,104.64695739746094,100.15245056152344
2024-01-05,STORE0004,SKU0018,91.39027404785156,88.40769958496094
2024-01-05,STORE0004,SKU0019,18.463951110839844,16.807954788208008
2024-01-05,STORE0004,SKU0020,52.16569519042969,55.61747741699219
2024-01-05,STORE0004,SKU0021,58.361175537109375,61.044368743896484
2024-01-05,STORE0004,SKU0023,74.35614013671875,66.8169174194336
2024-01-05,STORE0004,SKU0024,58.237144470214844,61.05508804321289
2024-01-05,STORE0004,SKU0025,26.480880737304688,29.24616813659668
2024-01-05,STORE0004,SKU0026,93.09880065917969,98.6559066772461
2024-01-05,STORE0004,SKU0027,104.38365936279297,108.96814727783203
2024-01-05,STORE0004,SKU0028,105.73961639404297,106.2939682006836
2024-01-05,STORE0004,SKU0029,26.995338439941406,35.637813568115234
2024-01-05,STORE0004,SKU0031,47.509578704833984,57.7125244140625
2024-01-05,STORE0004,SKU0032,62.629878997802734,70.29168701171875
2024-01-05,STORE0004,SKU0033,85.22237396240234,98.20063781738281
2024-01-05,STORE0004,SKU0034,129.1576690673828,131.59356689453125
2024-01-05,STORE0004,SKU0035,153.40916442871094,139.596923828125
2024-01-05,STORE0004,SKU0036,37.462886810302734,46.56930160522461
2024-01-05,STORE0004,SKU0037,92.26344299316406,104.7861557006836
2024-01-05,STORE0004,SKU0038,81.698974609375,100.57279205322266
2024-01-05,STORE0004,SKU0039,14.519969940185547,17.21567726135254
2024-01-05,STORE0004,SKU0040,19.43747329711914,24.703895568847656
2024-01-05,STORE0004,SKU0041,74.16349029541016,85.38961791992188
2024-01-05,STORE0004,SKU0045,57.784122467041016,64.0396957397461
2024-01-05,STORE0004,SKU0046,81.97625732421875,91.1567153930664
2024-01-05,STORE0004,SKU0047,66.04253387451172,73.66610717773438
2024-01-05,STORE0004,SKU0048,58.780818939208984,67.72230529785156
2024-01-05,STORE0004,SKU0049,51.17051315307617,48.974456787109375
2024-01-05,STORE0004,SKU0050,19.104515075683594,16.853456497192383
2024-01-05,STORE0004,SKU0051,71.51351928710938,73.29264831542969
2024-01-05,STORE0004,SKU0052,58.54570388793945,58.23956298828125
2024-01-05,STORE0004,SKU0053,33.910301208496094,33.731788635253906
2024-01-05,STORE0004,SKU0054,83.00799560546875,74.74887084960938
2024-01-05,STORE0004,SKU0055,16.027984619140625,14.868966102600098
2024-01-05,STORE0004,SKU0056,23.782882690429688,24.1370906829834
2024-01-05,STORE0004,SKU0057,88.87408447265625,89.1673355102539
2024-01-05,STORE0004,SKU0058,97.28929138183594,92.07026672363281
2024-01-05,STORE0004,SKU0060,63.217098236083984,58.49171829223633
2024-01-05,STORE0004,SKU0061,99.11619567871094,94.10680389404297
2024-01-05,STORE0004,SKU0062,19.16046142578125,17.96181869506836
2024-01-05,STORE0004,SKU0063,54.137001037597656,52.72013854980469
2024-01-05,STORE0004,SKU0064,96.5923080444336,91.3023910522461
2024-01-05,STORE0004,SKU0065,58.39360809326172,56.21786880493164
2024-01-05,STORE0004,SKU0066,30.450048446655273,28.922197341918945
2024-01-05,STORE0004,SKU0068,43.76554870605469,36.67687225341797
2024-01-05,STORE0004,SKU0070,107.273681640625,97.90249633789062
2024-01-05,STORE0004,SKU0071,34.390872955322266,30.109590530395508
2024-01-05,STORE0004,SKU0072,40.184364318847656,38.218082427978516
2024-01-05,STORE0004,SKU0075,35.5304069519043,35.60153579711914
2024-01-05,STORE0004,SKU0076,33.023826599121094,28.119604110717773
2024-01-05,STORE0004,SKU0077,57.56761932373047,57.22365951538086
2024-01-05,STORE0004,SKU0078,32.044681549072266,31.387067794799805
2024-01-05,STORE0004,SKU0079,84.90034484863281,82.26197814941406
2024-01-05,STORE0004,SKU0081,71.95355987548828,73.2998046875
2024-01-05,STORE0004,SKU0085,66.02661895751953,62.82414245605469
2024-01-05,STORE0004,SKU0087,33.0003776550293,31.87407112121582
2024-01-05,STORE0004,SKU0088,25.745330810546875,23.727052688598633
2024-01-05,STORE0004,SKU0090,22.309463500976562,20.54896354675293
2024-01-05,STORE0004,SKU0091,19.799163818359375,20.067228317260742
2024-01-05,STORE0004,SKU0092,99.57110595703125,86.8626937866211
2024-01-05,STORE0004,SKU0093,75.75601196289062,82.52210998535156
2024-01-05,STORE0004,SKU0095,31.28402328491211,31.853717803955078
2024-01-05,STORE0004,SKU0096,99.27555847167969,93.4712142944336
2024-01-05,STORE0004,SKU0097,71.78899383544922,70.03843688964844
2024-01-05,STORE0004,SKU0098,42.39179229736328,38.423370361328125
2024-01-05,STORE0004,SKU0099,98.90550231933594,90.1028060913086
2024-01-05,STORE0004,SKU0100,88.73583984375,87.39098358154297
2024-01-05,STORE0004,SKU0101,17.12244415283203,15.607396125793457
2024-01-05,STORE0004,SKU0102,101.90826416015625,96.108154296875
2024-01-05,STORE0005,SKU0001,105.03616333007812,102.40518951416016
2024-01-05,STORE0005,SKU0002,68.74116516113281,61.155059814453125
2024-01-05,STORE0005,SKU0003,23.991291046142578,21.53557586669922
2024-01-05,STORE0005,SKU0004,96.42851257324219,92.44186401367188
2024-01-05,STORE0005,SKU0005,81.81231689453125,70.04911804199219
2024-01-05,STORE0005,SKU0006,109.68888092041016,104.06085968017578
2024-01-05,STORE0005,SKU0007,30.82465171813965,29.7716064453125
2024-01-05,STORE0005,SKU0009,61.08611297607422,59.3916015625
2024-01-05,STORE0005,SKU0010,38.94602584838867,33.726051330566406
2024-01-05,STORE0005,SKU0011,22.86101531982422,19.46045684814453
2024-01-05,STORE0005,SKU0012,46.55157470703125,45.26468276977539
2024-01-05,STORE0005,SKU0013,86.61846160888672,81.94243621826172
2024-01-05,STORE0005,SKU0014,60.87449645996094,55.39583969116211
2024-01-05,STORE0005,SKU0015,14.261154174804688,11.502758979797363
2024-01-05,STORE0005,SKU0016,26.868213653564453,23.295326232910156
2024-01-05,STORE0005,SKU0018,92.2249755859375,81.4950180053711
2024-01-05,STORE0005,SKU0019,18.501148223876953,15.70029067993164
2024-01-05,STORE0005,SKU0020,52.755653381347656,49.18412399291992
2024-01-05,STORE0005,SKU0021,57.7841796875,58.32714080810547
2024-01-05,STORE0005,SKU0022,100.97608947753906,94.1944351196289
2024-01-05,STORE0005,SKU0023,74.06771087646484,65.84064483642578
2024-01-05,STORE0005,SKU0026,90.78729248046875,93.97016906738281
2024-01-05,STORE0005,SKU0027,104.76417541503906,108.78610229492188
2024-01-05,STORE0005,SKU0028,106.72079467773438,108.58631896972656
2024-01-05,STORE0005,SKU0031,46.92073059082031,55.85853958129883
2024-01-05,STORE0005,SKU0033,82.9561767578125,95.41722869873047
2024-01-05,STORE0005,SKU0034,125.702880859375,126.6107177734375
2024-01-05,STORE0005,SKU0035,146.3567657470703,143.1197967529297
2024-01-05,STORE0005,SKU0036,35.73370361328125,43.42093276977539
2024-01-05,STORE0005,SKU0038,83.1781234741211,96.95584106445312
2024-01-05,STORE0005,SKU0039,14.699851989746094,18.099166870117188
2024-01-05,STORE0005,SKU0040,19.60845947265625,21.201080322265625
2024-01-05,STORE0005,SKU0041,75.620849609375,77.96674346923828
2024-01-05,STORE0005,SKU0043,41.69342041015625,49.341835021972656
2024-01-05,STORE0005,SKU0045,57.864646911621094,55.119537353515625
2024-01-05,STORE0005,SKU0048,59.75520324707031,65.52972412109375
2024-01-05,STORE0005,SKU0049,52.21988296508789,49.16389083862305
2024-01-05,STORE0005,SKU0050,18.80213165283203,16.97270393371582
2024-01-05,STORE0005,SKU0051,72.36763000488281,75.8901596069336
2024-01-05,STORE0005,SKU0052,60.42122268676758,57.69574737548828
2024-01-05,STORE0005,SKU0053,34.38460159301758,30.954286575317383
2024-01-05,STORE0005,SKU0054,84.32512664794922,78.63956451416016
2024-01-05,STORE0005,SKU0055,16.12554168701172,14.585026741027832
2024-01-05,STORE0005,SKU0056,23.96657943725586,23.061254501342773
2024-01-05,STORE0005,SKU0057,89.55856323242188,87.64794921875
2024-01-05,STORE0005,SKU0058,99.7350082397461,93.17872619628906
2024-01-05,STORE0005,SKU0060,64.2386703491211,63.28199768066406
2024-01-05,STORE0005,SKU0062,18.985858917236328,17.988718032836914
2024-01-05,STORE0005,SKU0063,53.66794967651367,50.07378387451172
2024-01-05,STORE0005,SKU0064,98.36293029785156,93.39263153076172
2024-01-05,STORE0005,SKU0066,30.852008819580078,26.079326629638672
2024-01-05,STORE0005,SKU0067,43.270137786865234,41.85014724731445
2024-01-05,STORE0005,SKU0068,43.871707916259766,38.56887435913086
2024-01-05,STORE0005,SKU0070,109.31449890136719,97.33731842041016
2024-01-05,STORE0005,SKU0071,34.69829177856445,31.37403678894043
2024-01-05,STORE0005,SKU0072,40.35499572753906,38.624141693115234
2024-01-05,STORE0005,SKU0073,11.99996566772461,10.141735076904297
2024-01-05,STORE0005,SKU0074,58.718746185302734,53.92912292480469
2024-01-05,STORE0005,SKU0075,36.28489685058594,36.27357482910156
2024-01-05,STORE0005,SKU0076,33.23486328125,28.615211486816406
2024-01-05,STORE0005,SKU0077,57.75046920776367,49.44996643066406
2024-01-05,STORE0005,SKU0079,85.9583740234375,78.18221282958984
2024-01-05,STORE0005,SKU0080,81.661865234375,74.60623931884766
2024-01-05,STORE0005,SKU0081,72.28955078125,68.75708770751953
2024-01-05,STORE0005,SKU0082,64.45628356933594,62.71508026123047
2024-01-05,STORE0005,SKU0083,91.94371032714844,81.97702026367188
2024-01-05,STORE0005,SKU0084,27.434368133544922,22.8791446685791
2024-01-05,STORE0005,SKU0085,68.20220947265625,68.69960021972656
2024-01-05,STORE0005,SKU0086,10.063995361328125,8.804705619812012
2024-01-05,STORE0005,SKU0087,33.41594314575195,29.892724990844727
2024-01-05,STORE0005,SKU0088,25.951820373535156,24.64778709411621
2024-01-05,STORE0005,SKU0089,48.405662536621094,47.891357421875
2024-01-05,STORE0005,SKU0091,19.93130111694336,17.827892303466797
2024-01-05,STORE0005,SKU0094,65.95709228515625,64.46772766113281
2024-01-05,STORE0005,SKU0095,32.14142608642578,33.344261169433594
2024-01-05,STORE0005,SKU0096,99.39254760742188,98.00479888916016
2024-01-05,STORE0005,SKU0098,43.88459777832031,43.41796112060547
2024-01-05,STORE0005,SKU0100,88.71927642822266,86.69744110107422
2024-01-05,STORE0005,SKU0101,16.756488800048828,14.662203788757324
2024-01-05,STORE0005,SKU0102,100.9503173828125,94.93145751953125
2024-01-05,STORE0006,SKU0001,104.72285461425781,99.1120376586914
2024-01-05,STORE0006,SKU0003,23.69280242919922,20.546998977661133
2024-01-05,STORE0006,SKU0004,95.36369323730469,89.45957946777344
2024-01-05,STORE0006,SKU0005,80.35687255859375,73.90672302246094
2024-01-05,STORE0006,SKU0006,108.04264068603516,99.73023223876953
2024-01-05,STORE0006,SKU0007,30.710947036743164,29.030099868774414
2024-01-05,STORE0006,SKU0008,26.090530395507812,24.106809616088867
2024-01-05,STORE0006,SKU0009,60.07096862792969,56.450157165527344
2024-01-05,STORE0006,SKU0010,38.32875061035156,35.0800895690918
2024-01-05,STORE0006,SKU0011,23.07740020751953,19.759185791015625
2024-01-05,STORE0006,SKU0012,46.37206268310547,41.49608612060547
2024-01-05,STORE0006,SKU0013,86.35401153564453,89.27499389648438
2024-01-05,STORE0006,SKU0017,104.70890808105469,97.18548583984375
2024-01-05,STORE0006,SKU0018,92.09563446044922,84.85594177246094
2024-01-05,STORE0006,SKU0019,18.720008850097656,16.008487701416016
2024-01-05,STORE0006,SKU0020,52.66459655761719,49.87086486816406
2024-01-05,STORE0006,SKU0021,57.324913024902344,51.82176208496094
2024-01-05,STORE0006,SKU0022,99.70797729492188,93.2688980102539
2024-01-05,STORE0006,SKU0023,74.07284545898438,67.96479797363281
2024-01-05,STORE0006,SKU0025,26.941242218017578,32.24905014038086
2024-01-05,STORE0006,SKU0026,92.22613525390625,99.08483123779297
2024-01-05,STORE0006,SKU0028,106.58668518066406,105.11485290527344
2024-01-05,STORE0006,SKU0029,26.8741455078125,33.733551025390625
2024-01-05,STORE0006,SKU0030,40.53684997558594,49.289791107177734
2024-01-05,STORE0006,SKU0031,48.05779266357422,56.396568298339844
2024-01-05,STORE0006,SKU0032,62.94892501831055,72.6351547241211
2024-01-05,STORE0006,SKU0033,87.25630187988281,100.96215057373047
2024-01-05,STORE0006,SKU0034,129.0993194580078,126.34626770019531
2024-01-05,STORE0006,SKU0035,159.7713623046875,141.14666748046875
2024-01-05,STORE0006,SKU0036,36.481563568115234,42.43295669555664
2024-01-05,STORE0006,SKU0037,92.73030090332031,98.38815307617188
2024-01-05,STORE0006,SKU0038,82.19329833984375,97.00543975830078
2024-01-05,STORE0006,SKU0039,14.497169494628906,17.11992645263672
2024-01-05,STORE0006,SKU0040,19.336517333984375,23.82999610900879
2024-01-05,STORE0006,SKU0041,75.51433563232422,86.68102264404297
2024-01-05,STORE0006,SKU0042,11.876152038574219,16.22574234008789
2024-01-05,STORE0006,SKU0044,74.69374084472656,90.88765716552734
2024-01-05,STORE0006,SKU0045,57.890708923339844,69.5604248046875
2024-01-05,STORE0006,SKU0046,81.52678680419922,89.08841705322266
2024-01-05,STORE0006,SKU0047,66.40879821777344,83.20738220214844
2024-01-05,STORE0006,SKU0048,60.50977325439453,69.6649169921875
2024-01-05,STORE0006,SKU0050,18.98065948486328,16.714733123779297
2024-01-05,STORE0006,SKU0052,60.373634338378906,59.8720588684082
2024-01-05,STORE0006,SKU0053,34.07655334472656,30.199359893798828
2024-01-05,STORE0006,SKU0054,82.81182098388672,85.06114959716797
2024-01-05,STORE0006,SKU0055,16.09087371826172,15.647156715393066
2024-01-05,STORE0006,SKU0056,23.627670288085938,22.859207153320312
2024-01-05,STORE0006,SKU0057,89.19161987304688,88.84689331054688
2024-01-05,STORE0006,SKU0058,98.46263122558594,96.20736694335938
2024-01-05,STORE0006,SKU0060,64.55585479736328,60.732826232910156
2024-01-05,STORE0006,SKU0063,53.84946060180664,43.40116500854492
2024-01-05,STORE0006,SKU0064,99.5826416015625,94.78550720214844
2024-01-05,STORE0006,SKU0065,59.151344299316406,58.8509635925293
2024-01-05,STORE0006,SKU0066,30.66016960144043,30.76944923400879
2024-01-05,STORE0006,SKU0067,42.73968505859375,37.72075271606445
2024-01-05,STORE0006,SKU0069,80.08831787109375,76.9037094116211
2024-01-05,STORE0006,SKU0070,106.48806762695312,99.69164276123047
2024-01-05,STORE0006,SKU0071,34.370216369628906,30.535493850708008
2024-01-05,STORE0006,SKU0072,40.172691345214844,34.10647201538086
2024-01-05,STORE0006,SKU0073,12.089153289794922,11.033082962036133
2024-01-05,STORE0006,SKU0075,35.98329162597656,38.89317321777344
2024-01-05,STORE0006,SKU0076,33.177398681640625,27.298629760742188
2024-01-05,STORE0006,SKU0077,58.211509704589844,55.67788314819336
2024-01-05,STORE0006,SKU0081,71.66539001464844,67.0741195678711
2024-01-05,STORE0006,SKU0084,27.043094635009766,28.3309268951416
2024-01-05,STORE0006,SKU0085,67.16665649414062,70.02291870117188
2024-01-05,STORE0006,SKU0087,32.9642219543457,27.356929779052734
2024-01-05,STORE0006,SKU0088,25.601364135742188,25.303890228271484
2024-01-05,STORE0006,SKU0090,22.31075668334961,20.784423828125
2024-01-05,STORE0006,SKU0091,19.73537826538086,16.71269416809082
2024-01-05,STORE0006,SKU0092,99.43871307373047,90.40875244140625
2024-01-05,STORE0006,SKU0094,64.73307800292969,64.50357055664062
2024-01-05,STORE0006,SKU0095,31.482521057128906,29.175352096557617
2024-01-05,STORE0006,SKU0096,99.88514709472656,95.79936218261719
2024-01-05,STORE0006,SKU0097,72.8520736694336,71.84803009033203
2024-01-05,STORE0006,SKU0098,43.026344299316406,38.39746856689453
2024-01-05,STORE0006,SKU0099,99.10601806640625,87.58814239501953
2024-01-05,STORE0006,SKU0100,89.37833404541016,89.34205627441406
2024-01-05,STORE0006,SKU0101,16.88775634765625,15.484505653381348
2024-01-05,STORE0006,SKU0102,99.8082046508789,88.35099029541016
2024-01-05,STORE0007,SKU0001,72.71073913574219,86.0402603149414
2024-01-05,STORE0007,SKU0002,48.870750427246094,48.14796829223633
2024-01-05,STORE0007,SKU0003,18.169296264648438,16.606611251831055
2024-01-05,STORE0007,SKU0004,68.1240005493164,69.66332244873047
2024-01-05,STORE0007,SKU0006,76.50779724121094,68.41400146484375
2024-01-05,STORE0007,SKU0008,18.698097229003906,17.44612693786621
2024-01-05,STORE0007,SKU0009,42.67493438720703,44.11121368408203
2024-01-05,STORE0007,SKU0011,17.04323959350586,14.415085792541504
2024-01-05,STORE0007,SKU0012,32.82954406738281,31.277973175048828
2024-01-05,STORE0007,SKU0013,60.39796447753906,61.35722351074219
2024-01-05,STORE0007,SKU0015,11.189563751220703,7.358931541442871
2024-01-05,STORE0007,SKU0016,20.119094848632812,19.780879974365234
2024-01-05,STORE0007,SKU0018,64.1358642578125,65.0015869140625
2024-01-05,STORE0007,SKU0020,37.18989562988281,37.840423583984375
2024-01-05,STORE0007,SKU0022,70.20791625976562,73.83043670654297
2024-01-05,STORE0007,SKU0023,51.899940490722656,55.139156341552734
2024-01-05,STORE0007,SKU0024,41.09690475463867,41.686378479003906
2024-01-05,STORE0007,SKU0025,19.89482879638672,23.297847747802734
2024-01-05,STORE0007,SKU0026,66.79073333740234,72.57685089111328
2024-01-05,STORE0007,SKU0027,73.89114379882812,92.20201110839844
2024-01-05,STORE0007,SKU0028,75.04451751708984,89.14549255371094
2024-01-05,STORE0007,SKU0029,20.26575469970703,24.322446823120117
2024-01-05,STORE0007,SKU0030,29.306032180786133,37.861480712890625
2024-01-05,STORE0007,SKU0031,34.66163635253906,41.50623321533203
2024-01-05,STORE0007,SKU0032,42.784942626953125,52.93120574951172
2024-01-05,STORE0007,SKU0034,91.56076049804688,110.09932708740234
2024-01-05,STORE0007,SKU0035,110.46985626220703,129.40365600585938
2024-01-05,STORE0007,SKU0036,27.8389892578125,33.19075012207031
2024-01-05,STORE0007,SKU0037,65.79109954833984,83.56954956054688
2024-01-05,STORE0007,SKU0038,58.66876983642578,77.80762481689453
2024-01-05,STORE0007,SKU0039,11.203804016113281,12.974261283874512
2024-01-05,STORE0007,SKU0040,14.575889587402344,16.407575607299805
2024-01-05,STORE0007,SKU0043,28.956262588500977,36.19001388549805
2024-01-05,STORE0007,SKU0044,53.50143814086914,68.60067749023438
2024-01-05,STORE0007,SKU0045,41.08107376098633,49.903263092041016
2024-01-05,STORE0007,SKU0046,58.03853988647461,74.3046875
2024-01-05,STORE0007,SKU0047,48.095985412597656,66.16851043701172
2024-01-05,STORE0007,SKU0048,42.01708984375,48.351234436035156
2024-01-05,STORE0007,SKU0049,36.58392333984375,36.84199905395508
2024-01-05,STORE0007,SKU0050,13.938472747802734,11.440414428710938
2024-01-05,STORE0007,SKU0053,24.43072509765625,24.6632022857666
2024-01-05,STORE0007,SKU0055,12.056842803955078,10.368617057800293
2024-01-05,STORE0007,SKU0056,17.916866302490234,16.40283966064453
2024-01-05,STORE0007,SKU0058,70.04656219482422,70.97244262695312
2024-01-05,STORE0007,SKU0059,19.612911224365234,18.11542510986328
2024-01-05,STORE0007,SKU0060,46.08910369873047,49.097965240478516
2024-01-05,STORE0007,SKU0061,69.10902404785156,65.91914367675781
2024-01-05,STORE0007,SKU0062,14.800323486328125,12.791979789733887
2024-01-05,STORE0007,SKU0063,38.09758758544922,39.56024169921875
2024-01-05,STORE0007,SKU0065,41.537986755371094,42.833900451660156
2024-01-05,STORE0007,SKU0066,23.64405059814453,19.859325408935547
2024-01-05,STORE0007,SKU0067,31.034666061401367,30.3483829498291
2024-01-05,STORE0007,SKU0068,31.311410903930664,31.76165008544922
2024-01-05,STORE0007,SKU0072,28.986209869384766,25.577672958374023
2024-01-05,STORE0007,SKU0073,9.01943588256836,8.187121391296387
2024-01-05,STORE0007,SKU0074,41.14145278930664,40.66638946533203
2024-01-05,STORE0007,SKU0075,26.966754913330078,26.165069580078125
2024-01-05,STORE0007,SKU0076,24.130191802978516,22.80584144592285
2024-01-05,STORE0007,SKU0078,24.130996704101562,22.874923706054688
2024-01-05,STORE0007,SKU0079,60.206016540527344,59.59444046020508
2024-01-05,STORE0007,SKU0080,56.936824798583984,49.2783088684082
2024-01-05,STORE0007,SKU0081,51.11387634277344,50.8114128112793
2024-01-05,STORE0007,SKU0082,45.810035705566406,49.10806655883789
2024-01-05,STORE0007,SKU0083,64.60948181152344,67.02265167236328
2024-01-05,STORE0007,SKU0084,20.429981231689453,16.000019073486328
2024-01-05,STORE0007,SKU0085,48.554508209228516,47.41937255859375
2024-01-05,STORE0007,SKU0086,7.954456329345703,6.9371562004089355
2024-01-05,STORE0007,SKU0087,24.981491088867188,21.573823928833008
2024-01-05,STORE0007,SKU0088,19.687923431396484,17.81537628173828
2024-01-05,STORE0007,SKU0089,34.30928039550781,31.161184310913086
2024-01-05,STORE0007,SKU0090,17.139118194580078,16.04065704345703
2024-01-05,STORE0007,SKU0093,53.37162780761719,54.04550552368164
2024-01-05,STORE0007,SKU0094,46.10658264160156,44.0152587890625
2024-01-05,STORE0007,SKU0096,69.66666412353516,71.63899230957031
2024-01-05,STORE0007,SKU0097,52.203060150146484,47.5474967956543
2024-01-05,STORE0007,SKU0098,31.228328704833984,32.83734130859375
2024-01-05,STORE0007,SKU0099,71.24099731445312,73.21304321289062
2024-01-05,STORE0007,SKU0100,63.28435516357422,64.7440185546875
2024-01-05,STORE0007,SKU0101,12.682979583740234,10.740986824035645
2024-01-05,STORE0007,SKU0102,70.93964385986328,66.94116973876953
2024-01-05,STORE0008,SKU0001,104.17881774902344,100.3061752319336
2024-01-05,STORE0008,SKU0002,67.73946380615234,63.54656219482422
2024-01-05,STORE0008,SKU0003,23.498546600341797,22.303157806396484
2024-01-05,STORE0008,SKU0004,94.92879486083984,88.84825134277344
2024-01-05,STORE0008,SKU0005,79.81739807128906,76.24732208251953
2024-01-05,STORE0008,SKU0006,107.15823364257812,97.55530548095703
2024-01-05,STORE0008,SKU0007,30.164880752563477,27.95736312866211
2024-01-05,STORE0008,SKU0008,25.661338806152344,24.012008666992188
2024-01-05,STORE0008,SKU0009,60.73099899291992,59.65214157104492
2024-01-05,STORE0008,SKU0010,38.22368621826172,34.05077362060547
2024-01-05,STORE0008,SKU0011,22.47601318359375,17.943326950073242
2024-01-05,STORE0008,SKU0012,46.42864227294922,43.2004508972168
2024-01-05,STORE0008,SKU0013,86.51211547851562,84.22466278076172
2024-01-05,STORE0008,SKU0014,60.203041076660156,59.82859802246094
2024-01-05,STORE0008,SKU0015,13.805389404296875,11.64664363861084
2024-01-05,STORE0008,SKU0016,26.213825225830078,24.702545166015625
2024-01-05,STORE0008,SKU0018,90.83522033691406,81.42269134521484
2024-01-05,STORE0008,SKU0020,52.493858337402344,55.93105697631836
2024-01-05,STORE0008,SKU0022,100.5980224609375,89.63267517089844
2024-01-05,STORE0008,SKU0025,26.688140869140625,32.710208892822266
2024-01-05,STORE0008,SKU0027,104.01945495605469,102.3993911743164
2024-01-05,STORE0008,SKU0028,105.84860229492188,108.4971923828125
2024-01-05,STORE0008,SKU0029,26.782184600830078,33.987667083740234
2024-01-05,STORE0008,SKU0030,39.785064697265625,48.21237564086914
2024-01-05,STORE0008,SKU0031,47.0531120300293,58.1640625
2024-01-05,STORE0008,SKU0033,85.4671630859375,98.39100646972656
2024-01-05,STORE0008,SKU0035,143.581298828125,134.2903289794922
2024-01-05,STORE0008,SKU0038,81.17538452148438,96.3935775756836
2024-01-05,STORE0008,SKU0039,14.415042877197266,19.121009826660156
2024-01-05,STORE0008,SKU0040,19.477752685546875,24.14297103881836
2024-01-05,STORE0008,SKU0041,75.0584487915039,87.95787811279297
2024-01-05,STORE0008,SKU0042,11.70370864868164,16.50439453125
2024-01-05,STORE0008,SKU0043,41.06910705566406,47.059818267822266
2024-01-05,STORE0008,SKU0044,73.91963195800781,85.89553833007812
2024-01-05,STORE0008,SKU0045,58.48629379272461,71.12198638916016
2024-01-05,STORE0008,SKU0046,81.3697280883789,90.1106948852539
2024-01-05,STORE0008,SKU0047,66.83413696289062,73.22994232177734
2024-01-05,STORE0008,SKU0048,59.5921630859375,67.06938934326172
2024-01-05,STORE0008,SKU0049,51.436058044433594,48.137596130371094
2024-01-05,STORE0008,SKU0051,71.2873306274414,76.32769775390625
2024-01-05,STORE0008,SKU0055,15.760520935058594,15.20497989654541
2024-01-05,STORE0008,SKU0056,23.60788345336914,22.33625030517578
2024-01-05,STORE0008,SKU0057,88.42686462402344,88.17071533203125
2024-01-05,STORE0008,SKU0059,26.121997833251953,25.9636173248291
2024-01-05,STORE0008,SKU0060,62.95566177368164,59.60048294067383
2024-01-05,STORE0008,SKU0061,98.68585205078125,90.68763732910156
2024-01-05,STORE0008,SKU0062,18.739845275878906,18.23878288269043
2024-01-05,STORE0008,SKU0064,97.80648803710938,91.24237823486328
2024-01-05,STORE0008,SKU0065,58.13418960571289,56.16166687011719
2024-01-05,STORE0008,SKU0066,30.6299991607666,28.427488327026367
2024-01-05,STORE0008,SKU0067,42.7452278137207,40.319862365722656
2024-01-05,STORE0008,SKU0072,40.28349685668945,38.67627716064453
2024-01-05,STORE0008,SKU0074,58.38505172729492,60.29883575439453
2024-01-05,STORE0008,SKU0075,35.73741149902344,32.99660110473633
2024-01-05,STORE0008,SKU0076,33.24108123779297,31.75440788269043
2024-01-05,STORE0008,SKU0077,58.187469482421875,55.01207733154297
2024-01-05,STORE0008,SKU0078,32.43578338623047,33.43769073486328
2024-01-05,STORE0008,SKU0080,80.57708740234375,84.48577117919922
2024-01-05,STORE0008,SKU0081,71.63127136230469,63.483272552490234
2024-01-05,STORE0008,SKU0082,63.545066833496094,64.24639892578125
2024-01-05,STORE0008,SKU0083,91.8135986328125,93.9998550415039
2024-01-05,STORE0008,SKU0084,27.109619140625,26.740312576293945
2024-01-05,STORE0008,SKU0085,67.58836364746094,68.14707946777344
2024-01-05,STORE0008,SKU0086,9.803089141845703,9.041768074035645
2024-01-05,STORE0008,SKU0087,33.331512451171875,33.43490219116211
2024-01-05,STORE0008,SKU0088,25.68689727783203,22.311391830444336
2024-01-05,STORE0008,SKU0089,46.72713088989258,44.51704406738281
2024-01-05,STORE0008,SKU0090,22.288127899169922,23.08881187438965
2024-01-05,STORE0008,SKU0091,19.646968841552734,19.968446731567383
2024-01-05,STORE0008,SKU0092,98.30561828613281,94.90579986572266
2024-01-05,STORE0008,SKU0093,76.53326416015625,73.81854248046875
2024-01-05,STORE0008,SKU0094,65.12309265136719,68.4159164428711
2024-01-05,STORE0008,SKU0095,31.278411865234375,29.68392562866211
2024-01-05,STORE0008,SKU0096,98.70428466796875,90.1021728515625
2024-01-05,STORE0008,SKU0097,72.56236267089844,74.99684143066406
2024-01-05,STORE0008,SKU0098,42.684288024902344,40.426544189453125
2024-01-05,STORE0008,SKU0099,99.5345230102539,91.1206283569336
2024-01-05,STORE0008,SKU0100,88.6458969116211,88.94587707519531
2024-01-05,STORE0008,SKU0101,16.281055450439453,14.715715408325195
2024-01-05,STORE0008,SKU0102,101.02857971191406,91.68255615234375
2024-01-05,STORE0009,SKU0001,88.91026306152344,93.22103881835938
2024-01-05,STORE0009,SKU0002,59.236175537109375,57.05520248413086
2024-01-05,STORE0009,SKU0003,20.442928314208984,18.2299747467041
2024-01-05,STORE0009,SKU0005,69.07664489746094,68.27965545654297
2024-01-05,STORE0009,SKU0006,93.62073516845703,92.63118743896484
2024-01-05,STORE0009,SKU0008,22.1915283203125,23.306018829345703
2024-01-05,STORE0009,SKU0009,51.514671325683594,49.990562438964844
2024-01-05,STORE0009,SKU0010,32.74751281738281,26.661376953125
2024-01-05,STORE0009,SKU0011,19.625797271728516,17.403663635253906
2024-01-05,STORE0009,SKU0012,39.55587387084961,38.363372802734375
2024-01-05,STORE0009,SKU0013,74.65121459960938,81.73539733886719
2024-01-05,STORE0009,SKU0015,12.120861053466797,10.209817886352539
2024-01-05,STORE0009,SKU0016,22.94829559326172,21.06061553955078
2024-01-05,STORE0009,SKU0017,89.55740356445312,95.32052612304688
2024-01-05,STORE0009,SKU0018,79.25190734863281,85.03728485107422
2024-01-05,STORE0009,SKU0019,15.572654724121094,13.368121147155762
2024-01-05,STORE0009,SKU0020,44.472625732421875,42.75707244873047
2024-01-05,STORE0009,SKU0022,86.75080871582031,87.66795349121094
2024-01-05,STORE0009,SKU0023,63.501258850097656,57.77994918823242
2024-01-05,STORE0009,SKU0024,49.63746643066406,50.10296630859375
2024-01-05,STORE0009,SKU0025,22.64487075805664,29.521549224853516
2024-01-05,STORE0009,SKU0027,90.3752670288086,95.97191619873047
2024-01-05,STORE0009,SKU0028,91.01109313964844,97.67106628417969
2024-01-05,STORE0009,SKU0030,34.699859619140625,40.7971305847168
2024-01-05,STORE0009,SKU0032,54.37314224243164,60.37454605102539
2024-01-05,STORE0009,SKU0033,77.73917388916016,99.5384292602539
2024-01-05,STORE0009,SKU0034,106.44450378417969,119.1946792602539
2024-01-05,STORE0009,SKU0035,129.22035217285156,136.7672119140625
2024-01-05,STORE0009,SKU0037,79.01436614990234,89.02684020996094
2024-01-05,STORE0009,SKU0038,71.07146453857422,84.59168243408203
2024-01-05,STORE0009,SKU0039,12.275836944580078,15.13319206237793
2024-01-05,STORE0009,SKU0041,66.54283142089844,79.58815002441406
2024-01-05,STORE0009,SKU0044,65.33068084716797,82.65178680419922
2024-01-05,STORE0009,SKU0045,50.27290725708008,57.42255783081055
2024-01-05,STORE0009,SKU0046,70.56023406982422,74.77637481689453
2024-01-05,STORE0009,SKU0047,57.584041595458984,70.78443908691406
2024-01-05,STORE0009,SKU0049,44.683345794677734,38.674407958984375
2024-01-05,STORE0009,SKU0050,16.098388671875,15.425329208374023
2024-01-05,STORE0009,SKU0051,62.37548065185547,60.00739288330078
2024-01-05,STORE0009,SKU0052,52.182830810546875,50.86587142944336
2024-01-05,STORE0009,SKU0055,13.617534637451172,12.46771240234375
2024-01-05,STORE0009,SKU0057,77.41226196289062,76.15913391113281
2024-01-05,STORE0009,SKU0058,84.72756958007812,83.15735626220703
2024-01-05,STORE0009,SKU0059,22.386333465576172,24.479413986206055
2024-01-05,STORE0009,SKU0060,55.39311981201172,52.06377410888672
2024-01-05,STORE0009,SKU0061,85.47956848144531,88.76049041748047
2024-01-05,STORE0009,SKU0062,16.525638580322266,16.17711067199707
2024-01-05,STORE0009,SKU0063,47.098941802978516,46.245704650878906
2024-01-05,STORE0009,SKU0064,84.57260131835938,87.44187927246094
2024-01-05,STORE0009,SKU0065,50.87706756591797,52.04323959350586
2024-01-05,STORE0009,SKU0066,26.610992431640625,26.430452346801758
2024-01-05,STORE0009,SKU0067,36.99409866333008,32.7205924987793
2024-01-05,STORE0009,SKU0068,37.46984100341797,34.51074981689453
2024-01-05,STORE0009,SKU0069,69.11436462402344,61.596923828125
2024-01-05,STORE0009,SKU0070,92.8099365234375,84.65623474121094
2024-01-05,STORE0009,SKU0071,29.234582901000977,27.737945556640625
2024-01-05,STORE0009,SKU0072,34.66505432128906,32.60066223144531
2024-01-05,STORE0009,SKU0074,50.11864471435547,52.399383544921875
2024-01-05,STORE0009,SKU0075,30.677827835083008,28.91575813293457
2024-01-05,STORE0009,SKU0076,28.263315200805664,27.180850982666016
2024-01-05,STORE0009,SKU0077,49.81024932861328,51.621673583984375
2024-01-05,STORE0009,SKU0078,27.729429244995117,28.966251373291016
2024-01-05,STORE0009,SKU0080,69.50232696533203,75.57992553710938
2024-01-05,STORE0009,SKU0082,54.580833435058594,53.681827545166016
2024-01-05,STORE0009,SKU0083,79.08458709716797,81.68614196777344
2024-01-05,STORE0009,SKU0084,23.422679901123047,21.662185668945312
2024-01-05,STORE0009,SKU0085,59.17391586303711,60.5186882019043
2024-01-05,STORE0009,SKU0086,8.82318115234375,8.511679649353027
2024-01-05,STORE0009,SKU0087,28.4661865234375,26.78415298461914
2024-01-05,STORE0009,SKU0088,21.918346405029297,20.519376754760742
2024-01-05,STORE0009,SKU0089,40.837303161621094,37.06680679321289
2024-01-05,STORE0009,SKU0090,19.045936584472656,18.10405921936035
2024-01-05,STORE0009,SKU0091,16.83346939086914,16.070724487304688
2024-01-05,STORE0009,SKU0092,84.582763671875,84.15970611572266
2024-01-05,STORE0009,SKU0093,65.21862030029297,62.51306915283203
2024-01-05,STORE0009,SKU0096,85.17222595214844,86.16606903076172
2024-01-05,STORE0009,SKU0097,62.524871826171875,63.575592041015625
2024-01-05,STORE0009,SKU0098,37.322715759277344,37.92082595825195
2024-01-05,STORE0009,SKU0099,85.14363861083984,82.19276428222656
2024-01-05,STORE0009,SKU0102,87.44509887695312,87.5479965209961
2024-01-05,STORE0010,SKU0001,88.25680541992188,92.0655288696289
2024-01-05,STORE0010,SKU0004,81.8005142211914,88.53865051269531
2024-01-05,STORE0010,SKU0005,68.61990356445312,70.48921966552734
2024-01-05,STORE0010,SKU0006,91.62042236328125,82.01836395263672
2024-01-05,STORE0010,SKU0007,25.573955535888672,22.32834815979004
2024-01-05,STORE0010,SKU0010,32.25999069213867,29.058446884155273
2024-01-05,STORE0010,SKU0011,19.489547729492188,17.437339782714844
2024-01-05,STORE0010,SKU0012,39.01348876953125,39.70867919921875
2024-01-05,STORE0010,SKU0013,73.45526123046875,77.83695220947266
2024-01-05,STORE0010,SKU0014,51.15875244140625,53.70041275024414
2024-01-05,STORE0010,SKU0015,11.898983001708984,9.252333641052246
2024-01-05,STORE0010,SKU0016,22.49631118774414,20.10895538330078
2024-01-05,STORE0010,SKU0017,88.30650329589844,85.72233581542969
2024-01-05,STORE0010,SKU0018,77.0949478149414,76.61853790283203
2024-01-05,STORE0010,SKU0019,15.44968032836914,14.119996070861816
2024-01-05,STORE0010,SKU0020,44.1583366394043,41.69211959838867
2024-01-05,STORE0010,SKU0021,49.06193161010742,49.38032913208008
2024-01-05,STORE0010,SKU0025,22.33755111694336,26.161712646484375
2024-01-05,STORE0010,SKU0028,88.3130111694336,99.83895111083984
2024-01-05,STORE0010,SKU0029,22.537864685058594,27.469621658325195
2024-01-05,STORE0010,SKU0030,34.07135009765625,42.69340515136719
2024-01-05,STORE0010,SKU0032,52.74081039428711,62.16560745239258
2024-01-05,STORE0010,SKU0034,107.36671447753906,118.70818328857422
2024-01-05,STORE0010,SKU0035,129.72132873535156,134.6393280029297
2024-01-05,STORE0010,SKU0036,31.53813362121582,37.80768966674805
2024-01-05,STORE0010,SKU0037,79.1462173461914,96.1948013305664
2024-01-05,STORE0010,SKU0038,69.94874572753906,91.4439926147461
2024-01-05,STORE0010,SKU0039,11.861900329589844,15.03600025177002
2024-01-05,STORE0010,SKU0040,16.247127532958984,18.420787811279297
2024-01-05,STORE0010,SKU0042,9.533653259277344,13.306396484375
2024-01-05,STORE0010,SKU0043,34.10595703125,46.56255340576172
2024-01-05,STORE0010,SKU0045,49.746543884277344,56.982669830322266
2024-01-05,STORE0010,SKU0046,67.99579620361328,78.5177230834961
2024-01-05,STORE0010,SKU0048,50.46413803100586,57.92422866821289
2024-01-05,STORE0010,SKU0050,15.79541015625,15.726435661315918
2024-01-05,STORE0010,SKU0051,62.02833557128906,60.34218215942383
2024-01-05,STORE0010,SKU0052,50.85792922973633,50.964237213134766
2024-01-05,STORE0010,SKU0053,28.21273422241211,28.65896987915039
2024-01-05,STORE0010,SKU0054,70.37506103515625,66.22527313232422
2024-01-05,STORE0010,SKU0055,13.154251098632812,13.463610649108887
2024-01-05,STORE0010,SKU0056,19.695201873779297,20.283967971801758
2024-01-05,STORE0010,SKU0057,75.74676513671875,81.10720825195312
2024-01-05,STORE0010,SKU0058,82.92472839355469,79.1714096069336
2024-01-05,STORE0010,SKU0059,21.748863220214844,24.330272674560547
2024-01-05,STORE0010,SKU0060,54.97683334350586,53.457035064697266
2024-01-05,STORE0010,SKU0061,83.04376983642578,74.79914093017578
2024-01-05,STORE0010,SKU0063,45.975528717041016,49.99997329711914
2024-01-05,STORE0010,SKU0064,82.72392272949219,78.5124740600586
2024-01-05,STORE0010,SKU0065,49.61122131347656,51.68083190917969
2024-01-05,STORE0010,SKU0067,36.180484771728516,33.67735290527344
2024-01-05,STORE0010,SKU0068,36.80476379394531,35.05912780761719
2024-01-05,STORE0010,SKU0069,68.00289154052734,67.8360366821289
2024-01-05,STORE0010,SKU0070,90.82069396972656,90.34968566894531
2024-01-05,STORE0010,SKU0073,9.60525131225586,9.768688201904297
2024-01-05,STORE0010,SKU0074,49.2943229675293,49.448890686035156
2024-01-05,STORE0010,SKU0075,30.281591415405273,31.4478816986084
2024-01-05,STORE0010,SKU0076,27.5701847076416,26.31002426147461
2024-01-05,STORE0010,SKU0077,49.225101470947266,48.750518798828125
2024-01-05,STORE0010,SKU0078,27.12519073486328,28.661821365356445
2024-01-05,STORE0010,SKU0079,72.43124389648438,72.32611846923828
2024-01-05,STORE0010,SKU0080,67.53504943847656,75.19831085205078
2024-01-05,STORE0010,SKU0081,61.18733215332031,63.57044219970703
2024-01-05,STORE0010,SKU0083,78.31101989746094,83.16521453857422
2024-01-05,STORE0010,SKU0084,23.051563262939453,22.068187713623047
2024-01-05,STORE0010,SKU0085,57.87564468383789,60.26021957397461
2024-01-05,STORE0010,SKU0086,8.575119018554688,7.98081636428833
2024-01-05,STORE0010,SKU0087,27.80910301208496,24.075407028198242
2024-01-05,STORE0010,SKU0088,21.560718536376953,23.665912628173828
2024-01-05,STORE0010,SKU0089,40.38189697265625,37.46609878540039
2024-01-05,STORE0010,SKU0090,18.642292022705078,17.371421813964844
2024-01-05,STORE0010,SKU0092,82.74803161621094,85.9618911743164
2024-01-05,STORE0010,SKU0094,54.81139373779297,57.38387680053711
2024-01-05,STORE0010,SKU0095,26.824485778808594,30.61696434020996
2024-01-05,STORE0010,SKU0096,82.85469055175781,78.18524169921875
2024-01-05,STORE0010,SKU0097,62.164249420166016,61.413963317871094
2024-01-05,STORE0010,SKU0098,36.54894256591797,34.7810173034668
2024-01-05,STORE0010,SKU0099,82.64541625976562,79.16813659667969
2024-01-05,STORE0010,SKU0100,74.60106658935547,78.22489166259766
2024-01-05,STORE0010,SKU0101,14.45064926147461,13.099284172058105
2024-01-05,STORE0010,SKU0102,85.48811340332031,87.1638412475586
2024-01-05,STORE0011,SKU0001,104.0130615234375,103.72126007080078
2024-01-05,STORE0011,SKU0002,68.02220153808594,62.978572845458984
2024-01-05,STORE0011,SKU0003,23.305557250976562,20.30194854736328
2024-01-05,STORE0011,SKU0004,95.57412719726562,90.06029510498047
2024-01-05,STORE0011,SKU0005,79.11680603027344,80.7970199584961
2024-01-05,STORE0011,SKU0006,108.83197021484375,94.12206268310547
2024-01-05,STORE0011,SKU0007,29.881826400756836,30.538700103759766
2024-01-05,STORE0011,SKU0009,59.66487503051758,58.78059768676758
2024-01-05,STORE0011,SKU0012,45.805999755859375,44.310081481933594
2024-01-05,STORE0011,SKU0014,58.403812408447266,53.141380310058594
2024-01-05,STORE0011,SKU0015,13.893875122070312,10.559622764587402
2024-01-05,STORE0011,SKU0017,103.40132141113281,96.53242492675781
2024-01-05,STORE0011,SKU0018,90.02215576171875,79.38795471191406
2024-01-05,STORE0011,SKU0019,18.272384643554688,16.206846237182617
2024-01-05,STORE0011,SKU0020,51.57203674316406,47.85060119628906
2024-01-05,STORE0011,SKU0021,56.47330093383789,58.35792922973633
2024-01-05,STORE0011,SKU0022,101.08650207519531,97.1927490234375
2024-01-05,STORE0011,SKU0023,72.14071655273438,65.14845275878906
2024-01-05,STORE0011,SKU0024,57.64390563964844,53.44465637207031
2024-01-05,STORE0011,SKU0025,26.142253875732422,31.406028747558594
2024-01-05,STORE0011,SKU0026,90.29109191894531,96.97570037841797
2024-01-05,STORE0011,SKU0027,103.91661071777344,102.34497833251953
2024-01-05,STORE0011,SKU0028,102.56529235839844,108.41333770751953
2024-01-05,STORE0011,SKU0029,26.711502075195312,34.56775665283203
2024-01-05,STORE0011,SKU0030,39.664894104003906,48.04758071899414
2024-01-05,STORE0011,SKU0031,46.512474060058594,56.50902557373047
2024-01-05,STORE0011,SKU0033,84.06848907470703,97.68944549560547
2024-01-05,STORE0011,SKU0034,130.1193389892578,131.02505493164062
2024-01-05,STORE0011,SKU0035,150.84178161621094,133.4888458251953
2024-01-05,STORE0011,SKU0036,35.71885681152344,42.82217788696289
2024-01-05,STORE0011,SKU0037,90.40208435058594,103.42724609375
2024-01-05,STORE0011,SKU0038,80.43421936035156,97.06190490722656
2024-01-05,STORE0011,SKU0039,14.294567108154297,17.961416244506836
2024-01-05,STORE0011,SKU0040,19.346847534179688,24.743253707885742
2024-01-05,STORE0011,SKU0041,74.47942352294922,83.65878295898438
2024-01-05,STORE0011,SKU0043,39.555458068847656,50.27665328979492
2024-01-05,STORE0011,SKU0044,72.6876449584961,86.39678192138672
2024-01-05,STORE0011,SKU0046,80.45994567871094,94.19705200195312
2024-01-05,STORE0011,SKU0047,64.9454116821289,74.52651977539062
2024-01-05,STORE0011,SKU0048,58.479217529296875,72.48674011230469
2024-01-05,STORE0011,SKU0050,18.893070220947266,17.302356719970703
2024-01-05,STORE0011,SKU0051,70.1969223022461,73.23807525634766
2024-01-05,STORE0011,SKU0052,57.80394744873047,57.256065368652344
2024-01-05,STORE0011,SKU0053,33.48316955566406,31.838048934936523
2024-01-05,STORE0011,SKU0054,82.62066650390625,85.71356201171875
2024-01-05,STORE0011,SKU0055,15.716163635253906,15.520110130310059
2024-01-05,STORE0011,SKU0056,23.513553619384766,21.24159812927246
2024-01-05,STORE0011,SKU0058,97.71453857421875,89.44264221191406
2024-01-05,STORE0011,SKU0059,25.883975982666016,26.6418399810791
2024-01-05,STORE0011,SKU0061,98.22727966308594,92.9051513671875
2024-01-05,STORE0011,SKU0062,19.047080993652344,17.2609920501709
2024-01-05,STORE0011,SKU0064,98.6090087890625,90.18839263916016
2024-01-05,STORE0011,SKU0065,57.209407806396484,56.411399841308594
2024-01-05,STORE0011,SKU0066,30.480857849121094,29.73186683654785
2024-01-05,STORE0011,SKU0067,42.136390686035156,37.7635612487793
2024-01-05,STORE0011,SKU0068,42.55271911621094,37.19745635986328
2024-01-05,STORE0011,SKU0069,79.43190002441406,75.16266632080078
2024-01-05,STORE0011,SKU0070,105.51296997070312,97.85848236083984
2024-01-05,STORE0011,SKU0071,33.836936950683594,32.128089904785156
2024-01-05,STORE0011,SKU0072,39.64821243286133,37.347286224365234
2024-01-05,STORE0011,SKU0073,11.6319580078125,11.830602645874023
2024-01-05,STORE0011,SKU0074,57.405296325683594,53.3928337097168
2024-01-05,STORE0011,SKU0077,57.12346267700195,54.367225646972656
2024-01-05,STORE0011,SKU0078,31.690488815307617,30.501882553100586
2024-01-05,STORE0011,SKU0079,84.59437561035156,81.28187561035156
2024-01-05,STORE0011,SKU0082,61.96253967285156,59.69435501098633
2024-01-05,STORE0011,SKU0083,91.27078247070312,92.23087310791016
2024-01-05,STORE0011,SKU0085,66.5960693359375,68.14132690429688
2024-01-05,STORE0011,SKU0086,10.05780029296875,9.9006929397583
2024-01-05,STORE0011,SKU0087,32.937538146972656,29.998844146728516
2024-01-05,STORE0011,SKU0088,25.57469940185547,25.252437591552734
2024-01-05,STORE0011,SKU0089,45.95001983642578,41.418453216552734
2024-01-05,STORE0011,SKU0090,22.233543395996094,21.12459945678711
2024-01-05,STORE0011,SKU0094,63.7125244140625,59.837059020996094
2024-01-05,STORE0011,SKU0095,30.804489135742188,31.294279098510742
2024-01-05,STORE0011,SKU0096,98.48271179199219,98.26416015625
2024-01-05,STORE0011,SKU0097,70.77684783935547,68.47284698486328
2024-01-05,STORE0011,SKU0098,41.918487548828125,37.39883804321289
2024-01-05,STORE0011,SKU0100,86.928955078125,84.25151062011719
2024-01-05,STORE0011,SKU0101,16.75577163696289,16.12203598022461
2024-01-05,STORE0012,SKU0001,90.52499389648438,101.13783264160156
2024-01-05,STORE0012,SKU0002,59.18859100341797,60.7857780456543
2024-01-05,STORE0012,SKU0004,83.17533874511719,82.32463836669922
2024-01-05,STORE0012,SKU0005,69.45987701416016,69.40478515625
2024-01-05,STORE0012,SKU0006,94.64420318603516,84.77861022949219
2024-01-05,STORE0012,SKU0007,26.19847869873047,24.676715850830078
2024-01-05,STORE0012,SKU0008,22.293025970458984,22.854951858520508
2024-01-05,STORE0012,SKU0009,51.74073028564453,46.70707321166992
2024-01-05,STORE0012,SKU0010,32.71283721923828,32.966880798339844
2024-01-05,STORE0012,SKU0013,75.3919677734375,81.93667602539062
2024-01-05,STORE0012,SKU0014,51.36394500732422,51.41668701171875
2024-01-05,STORE0012,SKU0015,11.974609375,10.368000984191895
2024-01-05,STORE0012,SKU0016,23.041847229003906,21.844518661499023
2024-01-05,STORE0012,SKU0017,90.4378433227539,91.88617706298828
2024-01-05,STORE0012,SKU0018,79.7960205078125,73.97002410888672
2024-01-05,STORE0012,SKU0019,15.48007583618164,14.406635284423828
2024-01-05,STORE0012,SKU0020,44.925514221191406,49.15481185913086
2024-01-05,STORE0012,SKU0022,86.65412902832031,82.5947036743164
2024-01-05,STORE0012,SKU0023,64.9439926147461,59.61406326293945
2024-01-05,STORE0012,SKU0025,22.72452163696289,27.5907039642334
2024-01-05,STORE0012,SKU0026,78.45421600341797,94.78704071044922
2024-01-05,STORE0012,SKU0027,88.54841613769531,102.12549591064453
2024-01-05,STORE0012,SKU0028,89.91708374023438,100.30928039550781
2024-01-05,STORE0012,SKU0029,23.02082061767578,28.741090774536133
2024-01-05,STORE0012,SKU0030,34.782470703125,48.88955307006836
2024-01-05,STORE0012,SKU0032,53.13498306274414,63.62625503540039
2024-01-05,STORE0012,SKU0033,72.40083312988281,89.8501205444336
2024-01-05,STORE0012,SKU0034,107.04545593261719,125.4688491821289
2024-01-05,STORE0012,SKU0035,133.36517333984375,129.74427795410156
2024-01-05,STORE0012,SKU0036,31.30558967590332,38.41477966308594
2024-01-05,STORE0012,SKU0037,78.85633087158203,92.44068908691406
2024-01-05,STORE0012,SKU0038,70.55821990966797,84.86920166015625
2024-01-05,STORE0012,SKU0039,12.075035095214844,13.792779922485352
2024-01-05,STORE0012,SKU0043,34.66111755371094,39.75701904296875
2024-01-05,STORE0012,SKU0044,64.15021514892578,78.31730651855469
2024-01-05,STORE0012,SKU0046,69.37628936767578,83.82162475585938
2024-01-05,STORE0012,SKU0047,56.665706634521484,69.68695068359375
2024-01-05,STORE0012,SKU0048,51.5602912902832,60.68202590942383
2024-01-05,STORE0012,SKU0050,16.02637481689453,15.168745040893555
2024-01-05,STORE0012,SKU0052,52.082427978515625,49.79018783569336
2024-01-05,STORE0012,SKU0053,28.96384048461914,29.524654388427734
2024-01-05,STORE0012,SKU0054,72.7763900756836,69.38267517089844
2024-01-05,STORE0012,SKU0055,13.486980438232422,12.3447265625
2024-01-05,STORE0012,SKU0056,20.243980407714844,19.130216598510742
2024-01-05,STORE0012,SKU0057,76.45584106445312,72.28221130371094
2024-01-05,STORE0012,SKU0058,84.8988037109375,75.60362243652344
2024-01-05,STORE0012,SKU0059,22.294178009033203,22.936981201171875
2024-01-05,STORE0012,SKU0060,55.201087951660156,52.05479049682617
2024-01-05,STORE0012,SKU0061,85.46011352539062,83.38213348388672
2024-01-05,STORE0012,SKU0062,16.483116149902344,14.732162475585938
2024-01-05,STORE0012,SKU0064,84.29246520996094,75.12088012695312
2024-01-05,STORE0012,SKU0065,50.11732864379883,48.39284133911133
2024-01-05,STORE0012,SKU0066,26.641216278076172,24.783283233642578
2024-01-05,STORE0012,SKU0068,37.06505584716797,33.028472900390625
2024-01-05,STORE0012,SKU0070,93.25077819824219,87.59583282470703
2024-01-05,STORE0012,SKU0071,29.10521125793457,26.700834274291992
2024-01-05,STORE0012,SKU0072,34.52278137207031,35.61013412475586
2024-01-05,STORE0012,SKU0074,50.248779296875,53.75484848022461
2024-01-05,STORE0012,SKU0075,30.821521759033203,31.789066314697266
2024-01-05,STORE0012,SKU0076,28.252403259277344,26.647172927856445
2024-01-05,STORE0012,SKU0077,49.61445617675781,43.511714935302734
2024-01-05,STORE0012,SKU0078,27.737886428833008,27.639352798461914
2024-01-05,STORE0012,SKU0080,69.39366912841797,77.04791259765625
2024-01-05,STORE0012,SKU0081,62.77922439575195,62.94821548461914
2024-01-05,STORE0012,SKU0083,78.93513488769531,83.61148071289062
2024-01-05,STORE0012,SKU0084,23.64543914794922,23.162952423095703
2024-01-05,STORE0012,SKU0085,58.350276947021484,61.049381256103516
2024-01-05,STORE0012,SKU0086,8.642017364501953,6.8976898193359375
2024-01-05,STORE0012,SKU0088,22.00576400756836,22.215747833251953
2024-01-05,STORE0012,SKU0089,40.49955749511719,36.00897216796875
2024-01-05,STORE0012,SKU0091,16.69235610961914,14.811163902282715
2024-01-05,STORE0012,SKU0092,85.3547592163086,83.52726745605469
2024-01-05,STORE0012,SKU0094,56.201995849609375,52.644954681396484
2024-01-05,STORE0012,SKU0095,27.00385284423828,28.894594192504883
2024-01-05,STORE0012,SKU0096,85.54611206054688,82.1060562133789
2024-01-05,STORE0012,SKU0097,62.774715423583984,62.08864974975586
2024-01-05,STORE0012,SKU0098,37.014991760253906,34.8798942565918
2024-01-05,STORE0012,SKU0099,85.24986267089844,84.6014633178711
2024-01-05,STORE0012,SKU0100,76.60902404785156,80.07872772216797
2024-01-05,STORE0012,SKU0101,14.480144500732422,14.342568397521973
2024-01-05,STORE0013,SKU0001,53.84465789794922,58.16349792480469
2024-01-05,STORE0013,SKU0002,36.10363006591797,31.19289207458496
2024-01-05,STORE0013,SKU0003,13.818984985351562,10.242409706115723
2024-01-05,STORE0013,SKU0006,55.51117706298828,50.70054244995117
2024-01-05,STORE0013,SKU0008,14.076152801513672,12.198050498962402
2024-01-05,STORE0013,SKU0009,30.971824645996094,26.548885345458984
2024-01-05,STORE0013,SKU0013,44.787025451660156,42.122230529785156
2024-01-05,STORE0013,SKU0014,31.27983283996582,30.897443771362305
2024-01-05,STORE0013,SKU0015,8.529552459716797,6.305083751678467
2024-01-05,STORE0013,SKU0017,53.17966842651367,53.198997497558594
2024-01-05,STORE0013,SKU0020,28.241214752197266,25.878389358520508
2024-01-05,STORE0013,SKU0024,29.893796920776367,30.289968490600586
2024-01-05,STORE0013,SKU0025,14.649856567382812,15.28925895690918
2024-01-05,STORE0013,SKU0026,46.32500457763672,52.678184509277344
2024-01-05,STORE0013,SKU0027,51.780975341796875,60.61894989013672
2024-01-05,STORE0013,SKU0028,53.58491516113281,61.855106353759766
2024-01-05,STORE0013,SKU0031,24.250015258789062,32.24745178222656
2024-01-05,STORE0013,SKU0032,29.974727630615234,37.43327331542969
2024-01-05,STORE0013,SKU0034,61.744747161865234,74.4764633178711
2024-01-05,STORE0013,SKU0036,19.709156036376953,25.1923885345459
2024-01-05,STORE0013,SKU0037,46.916316986083984,60.039588928222656
2024-01-05,STORE0013,SKU0039,7.6240386962890625,9.264124870300293
2024-01-05,STORE0013,SKU0040,10.459903717041016,11.976886749267578
2024-01-05,STORE0013,SKU0041,38.90699768066406,46.52010726928711
2024-01-05,STORE0013,SKU0049,26.975540161132812,22.02924156188965
2024-01-05,STORE0013,SKU0056,13.365859985351562,13.07535171508789
2024-01-05,STORE0013,SKU0057,45.434627532958984,46.47809982299805
2024-01-05,STORE0013,SKU0061,49.85344696044922,50.434513092041016
2024-01-05,STORE0013,SKU0063,27.03502655029297,24.481273651123047
2024-01-05,STORE0013,SKU0065,30.74592399597168,31.01801300048828
2024-01-05,STORE0013,SKU0068,23.0594482421875,22.810335159301758
2024-01-05,STORE0013,SKU0071,18.225311279296875,14.632692337036133
2024-01-05,STORE0013,SKU0076,17.86187744140625,16.75855827331543
2024-01-05,STORE0013,SKU0080,41.373931884765625,45.152854919433594
2024-01-05,STORE0013,SKU0084,15.696788787841797,13.688071250915527
2024-01-05,STORE0013,SKU0085,36.120582580566406,33.565860748291016
2024-01-05,STORE0013,SKU0086,4.795429229736328,5.310117721557617
2024-01-05,STORE0013,SKU0087,19.11343002319336,17.37443733215332
2024-01-05,STORE0013,SKU0089,25.49445343017578,25.167329788208008
2024-01-05,STORE0013,SKU0090,13.063087463378906,11.200262069702148
2024-01-05,STORE0013,SKU0096,50.210872650146484,49.33470153808594
2024-01-05,STORE0013,SKU0097,38.48944854736328,36.12477493286133
2024-01-05,STORE0013,SKU0099,52.042510986328125,45.81086730957031
2024-01-05,STORE0013,SKU0102,51.527122497558594,52.00769805908203
2024-01-06,STORE0001,SKU0001,123.88809204101562,119.04692840576172
2024-01-06,STORE0001,SKU0002,82.50099182128906,76.01301574707031
2024-01-06,STORE0001,SKU0004,114.65870666503906,111.14336395263672
2024-01-06,STORE0001,SKU0006,128.8301239013672,115.24142456054688
2024-01-06,STORE0001,SKU0007,35.27189254760742,30.0498046875
2024-01-06,STORE0001,SKU0008,30.13475799560547,30.97654151916504
2024-01-06,STORE0001,SKU0010,46.053794860839844,41.9976806640625
2024-01-06,STORE0001,SKU0011,25.810863494873047,21.318208694458008
2024-01-06,STORE0001,SKU0012,55.40219497680664,55.82453536987305
2024-01-06,STORE0001,SKU0014,71.95915985107422,71.30985260009766
2024-01-06,STORE0001,SKU0015,15.717403411865234,13.588713645935059
2024-01-06,STORE0001,SKU0016,30.978179931640625,27.451711654663086
2024-01-06,STORE0001,SKU0017,123.68624877929688,119.0899658203125
2024-01-06,STORE0001,SKU0018,111.49041748046875,104.89704132080078
2024-01-06,STORE0001,SKU0019,20.824352264404297,18.459447860717773
2024-01-06,STORE0001,SKU0020,61.81612777709961,55.183006286621094
2024-01-06,STORE0001,SKU0021,69.66007995605469,72.34776306152344
2024-01-06,STORE0001,SKU0023,87.7138671875,83.23189544677734
2024-01-06,STORE0001,SKU0024,69.11848449707031,58.89995574951172
2024-01-06,STORE0001,SKU0026,110.15447998046875,116.90299987792969
2024-01-06,STORE0001,SKU0027,124.38322448730469,134.13917541503906
2024-01-06,STORE0001,SKU0029,30.746305465698242,44.82464599609375
2024-01-06,STORE0001,SKU0030,46.95745849609375,59.16899490356445
2024-01-06,STORE0001,SKU0031,55.08017349243164,66.08309173583984
2024-01-06,STORE0001,SKU0033,102.96688842773438,120.06959533691406
2024-01-06,STORE0001,SKU0035,176.57191467285156,166.78199768066406
2024-01-06,STORE0001,SKU0036,42.61479949951172,52.66828918457031
2024-01-06,STORE0001,SKU0037,108.6791763305664,114.3501205444336
2024-01-06,STORE0001,SKU0038,99.36849975585938,112.86466217041016
2024-01-06,STORE0001,SKU0039,16.174701690673828,21.25225830078125
2024-01-06,STORE0001,SKU0040,22.42670440673828,23.915756225585938
2024-01-06,STORE0001,SKU0041,90.51112365722656,100.42095947265625
2024-01-06,STORE0001,SKU0042,13.255496978759766,19.9044246673584
2024-01-06,STORE0001,SKU0043,47.214595794677734,58.43235397338867
2024-01-06,STORE0001,SKU0045,69.64209747314453,77.29413604736328
2024-01-06,STORE0001,SKU0046,100.13182830810547,112.88337707519531
2024-01-06,STORE0001,SKU0047,79.56256103515625,94.56146240234375
2024-01-06,STORE0001,SKU0048,71.93063354492188,85.19540405273438
2024-01-06,STORE0001,SKU0049,60.59138870239258,58.52157211303711
2024-01-06,STORE0001,SKU0050,20.796939849853516,20.303800582885742
2024-01-06,STORE0001,SKU0051,83.7591552734375,78.48735809326172
2024-01-06,STORE0001,SKU0053,38.85894775390625,36.789405822753906
2024-01-06,STORE0001,SKU0054,101.17646789550781,92.75578308105469
2024-01-06,STORE0001,SKU0055,17.61608123779297,17.22663116455078
2024-01-06,STORE0001,SKU0056,27.203174591064453,26.40239715576172
2024-01-06,STORE0001,SKU0058,116.57192993164062,106.99232482910156
2024-01-06,STORE0001,SKU0059,29.090675354003906,32.103057861328125
2024-01-06,STORE0001,SKU0060,74.82796478271484,70.85203552246094
2024-01-06,STORE0001,SKU0061,115.568115234375,104.36612701416016
2024-01-06,STORE0001,SKU0062,21.25928497314453,23.475248336791992
2024-01-06,STORE0001,SKU0063,61.83860397338867,63.40065383911133
2024-01-06,STORE0001,SKU0065,68.72403717041016,68.05926513671875
2024-01-06,STORE0001,SKU0066,35.09916687011719,32.509071350097656
2024-01-06,STORE0001,SKU0067,50.083099365234375,48.07931900024414
2024-01-06,STORE0001,SKU0068,51.23896026611328,46.94114685058594
2024-01-06,STORE0001,SKU0069,97.14338684082031,96.38822937011719
2024-01-06,STORE0001,SKU0070,126.26547241210938,119.1812973022461
2024-01-06,STORE0001,SKU0072,46.16046905517578,39.0215950012207
2024-01-06,STORE0001,SKU0073,13.310832977294922,13.0231351852417
2024-01-06,STORE0001,SKU0074,69.63704681396484,62.9180793762207
2024-01-06,STORE0001,SKU0076,39.03744888305664,33.41654586791992
2024-01-06,STORE0001,SKU0077,68.0301284790039,61.96393966674805
2024-01-06,STORE0001,SKU0078,37.36459732055664,37.38644790649414
2024-01-06,STORE0001,SKU0080,95.9370346069336,91.8441162109375
2024-01-06,STORE0001,SKU0081,87.06900024414062,83.30799865722656
2024-01-06,STORE0001,SKU0082,73.604248046875,71.52513885498047
2024-01-06,STORE0001,SKU0084,30.871665954589844,30.127349853515625
2024-01-06,STORE0001,SKU0086,10.984683990478516,10.702812194824219
2024-01-06,STORE0001,SKU0087,38.30305862426758,35.709407806396484
2024-01-06,STORE0001,SKU0090,25.335617065429688,25.961944580078125
2024-01-06,STORE0001,SKU0092,118.11894226074219,112.01309204101562
2024-01-06,STORE0001,SKU0093,91.45394897460938,90.21052551269531
2024-01-06,STORE0001,SKU0094,77.98806762695312,76.49003601074219
2024-01-06,STORE0001,SKU0095,36.50713348388672,38.2516975402832
2024-01-06,STORE0001,SKU0096,118.03378295898438,110.80071258544922
2024-01-06,STORE0001,SKU0097,85.0462417602539,83.78107452392578
2024-01-06,STORE0001,SKU0098,50.4766845703125,48.2841796875
2024-01-06,STORE0001,SKU0099,119.35737609863281,115.15868377685547
2024-01-06,STORE0001,SKU0100,105.17849731445312,101.20741271972656
2024-01-06,STORE0001,SKU0101,18.450115203857422,18.20500373840332
2024-01-06,STORE0002,SKU0001,87.21920013427734,95.3980484008789
2024-01-06,STORE0002,SKU0002,57.122825622558594,61.940940856933594
2024-01-06,STORE0002,SKU0003,19.707439422607422,18.739540100097656
2024-01-06,STORE0002,SKU0004,79.60736083984375,87.84415435791016
2024-01-06,STORE0002,SKU0005,65.59626770019531,63.825252532958984
2024-01-06,STORE0002,SKU0006,90.31625366210938,95.57605743408203
2024-01-06,STORE0002,SKU0007,24.972698211669922,24.497562408447266
2024-01-06,STORE0002,SKU0008,21.598217010498047,19.752450942993164
2024-01-06,STORE0002,SKU0009,49.84699630737305,52.108131408691406
2024-01-06,STORE0002,SKU0010,31.913511276245117,28.413543701171875
2024-01-06,STORE0002,SKU0011,19.207637786865234,18.57288360595703
2024-01-06,STORE0002,SKU0012,37.9130859375,43.81304931640625
2024-01-06,STORE0002,SKU0014,49.94588088989258,54.58317184448242
2024-01-06,STORE0002,SKU0015,11.638736724853516,9.130221366882324
2024-01-06,STORE0002,SKU0016,22.13105010986328,19.12717056274414
2024-01-06,STORE0002,SKU0017,86.36878967285156,80.41281127929688
2024-01-06,STORE0002,SKU0018,74.39572143554688,68.7978744506836
2024-01-06,STORE0002,SKU0019,15.164012908935547,14.334449768066406
2024-01-06,STORE0002,SKU0020,43.458431243896484,48.04806137084961
2024-01-06,STORE0002,SKU0022,83.2087631225586,82.24362182617188
2024-01-06,STORE0002,SKU0023,60.945255279541016,55.20578384399414
2024-01-06,STORE0002,SKU0024,48.40333557128906,51.01556396484375
2024-01-06,STORE0002,SKU0025,22.184913635253906,29.079343795776367
2024-01-06,STORE0002,SKU0026,76.94376373291016,95.03518676757812
2024-01-06,STORE0002,SKU0027,86.385009765625,105.66119384765625
2024-01-06,STORE0002,SKU0028,87.71006774902344,101.39934539794922
2024-01-06,STORE0002,SKU0030,33.24964141845703,49.918521881103516
2024-01-06,STORE0002,SKU0031,38.67405700683594,49.8626708984375
2024-01-06,STORE0002,SKU0032,50.03763198852539,60.04600524902344
2024-01-06,STORE0002,SKU0033,70.36286163330078,92.98153686523438
2024-01-06,STORE0002,SKU0034,100.06503295898438,119.86083221435547
2024-01-06,STORE0002,SKU0036,30.806406021118164,39.09932327270508
2024-01-06,STORE0002,SKU0037,74.4482192993164,93.4973373413086
2024-01-06,STORE0002,SKU0038,67.84911346435547,87.33997344970703
2024-01-06,STORE0002,SKU0039,11.838245391845703,14.031182289123535
2024-01-06,STORE0002,SKU0040,16.154903411865234,18.89494514465332
2024-01-06,STORE0002,SKU0041,62.681480407714844,78.79405212402344
2024-01-06,STORE0002,SKU0042,9.488201141357422,13.61056900024414
2024-01-06,STORE0002,SKU0043,33.29766082763672,44.01109313964844
2024-01-06,STORE0002,SKU0044,61.914512634277344,77.54885864257812
2024-01-06,STORE0002,SKU0046,67.67151641845703,90.17488861083984
2024-01-06,STORE0002,SKU0048,49.53856658935547,58.25554275512695
2024-01-06,STORE0002,SKU0051,59.7199592590332,60.18854522705078
2024-01-06,STORE0002,SKU0052,49.25627517700195,51.79072189331055
2024-01-06,STORE0002,SKU0054,68.33102416992188,74.16081237792969
2024-01-06,STORE0002,SKU0055,13.116931915283203,12.611259460449219
2024-01-06,STORE0002,SKU0056,19.57221221923828,20.076637268066406
2024-01-06,STORE0002,SKU0058,81.9924545288086,86.64291381835938
2024-01-06,STORE0002,SKU0059,21.61833953857422,22.700820922851562
2024-01-06,STORE0002,SKU0060,53.359920501708984,51.78655242919922
2024-01-06,STORE0002,SKU0062,16.058582305908203,15.920364379882812
2024-01-06,STORE0002,SKU0063,44.38701629638672,38.31589126586914
2024-01-06,STORE0002,SKU0064,80.8388442993164,83.49690246582031
2024-01-06,STORE0002,SKU0065,48.52256774902344,50.129730224609375
2024-01-06,STORE0002,SKU0066,25.98819351196289,23.005630493164062
2024-01-06,STORE0002,SKU0069,67.8154296875,69.87003326416016
2024-01-06,STORE0002,SKU0070,90.73719024658203,96.55499267578125
2024-01-06,STORE0002,SKU0071,28.341663360595703,27.57653045654297
2024-01-06,STORE0002,SKU0073,9.568641662597656,9.394104957580566
2024-01-06,STORE0002,SKU0074,47.852413177490234,51.09764862060547
2024-01-06,STORE0002,SKU0075,30.105388641357422,31.219453811645508
2024-01-06,STORE0002,SKU0078,27.162187576293945,25.45938491821289
2024-01-06,STORE0002,SKU0079,70.68144989013672,70.82725524902344
2024-01-06,STORE0002,SKU0081,60.460914611816406,61.524017333984375
2024-01-06,STORE0002,SKU0082,52.37415313720703,50.968177795410156
2024-01-06,STORE0002,SKU0083,76.76754760742188,82.32413482666016
2024-01-06,STORE0002,SKU0084,23.100204467773438,22.254058837890625
2024-01-06,STORE0002,SKU0086,8.222461700439453,7.922455787658691
2024-01-06,STORE0002,SKU0087,27.72129249572754,23.730581283569336
2024-01-06,STORE0002,SKU0088,21.550647735595703,22.99016571044922
2024-01-06,STORE0002,SKU0089,39.061805725097656,39.91295623779297
2024-01-06,STORE0002,SKU0090,18.35943603515625,18.03999900817871
2024-01-06,STORE0002,SKU0092,81.98599243164062,85.27456665039062
2024-01-06,STORE0002,SKU0093,62.62977981567383,66.55370330810547
2024-01-06,STORE0002,SKU0096,81.72578430175781,83.142333984375
2024-01-06,STORE0002,SKU0097,60.086788177490234,58.1515998840332
2024-01-06,STORE0002,SKU0098,35.716346740722656,35.320064544677734
2024-01-06,STORE0002,SKU0099,82.43368530273438,80.43904113769531
2024-01-06,STORE0002,SKU0101,13.874286651611328,14.274511337280273
2024-01-06,STORE0002,SKU0102,83.73634338378906,91.35851287841797
2024-01-06,STORE0003,SKU0001,88.17346954345703,97.50255584716797
2024-01-06,STORE0003,SKU0003,19.011547088623047,20.966136932373047
2024-01-06,STORE0003,SKU0004,79.89373779296875,78.1142578125
2024-01-06,STORE0003,SKU0005,66.14857482910156,70.9671401977539
2024-01-06,STORE0003,SKU0006,91.01963806152344,89.96285247802734
2024-01-06,STORE0003,SKU0007,24.53518295288086,24.879493713378906
2024-01-06,STORE0003,SKU0008,21.043441772460938,21.584735870361328
2024-01-06,STORE0003,SKU0009,49.9810791015625,53.020530700683594
2024-01-06,STORE0003,SKU0010,31.016651153564453,28.3438720703125
2024-01-06,STORE0003,SKU0011,18.597728729248047,17.87327766418457
2024-01-06,STORE0003,SKU0012,37.74943161010742,42.650089263916016
2024-01-06,STORE0003,SKU0013,71.40939331054688,68.57205200195312
2024-01-06,STORE0003,SKU0014,49.99311828613281,53.70124435424805
2024-01-06,STORE0003,SKU0015,10.612438201904297,9.937104225158691
2024-01-06,STORE0003,SKU0016,21.430099487304688,18.959436416625977
2024-01-06,STORE0003,SKU0019,14.5672607421875,13.790656089782715
2024-01-06,STORE0003,SKU0020,42.89743423461914,46.161869049072266
2024-01-06,STORE0003,SKU0021,47.68772888183594,47.694061279296875
2024-01-06,STORE0003,SKU0022,84.12724304199219,88.82910919189453
2024-01-06,STORE0003,SKU0023,61.5347785949707,62.655033111572266
2024-01-06,STORE0003,SKU0024,48.39011764526367,50.928138732910156
2024-01-06,STORE0003,SKU0025,21.305469512939453,27.516183853149414
2024-01-06,STORE0003,SKU0026,76.58511352539062,90.1975326538086
2024-01-06,STORE0003,SKU0028,87.9447250366211,104.15912628173828
2024-01-06,STORE0003,SKU0030,32.64755630493164,44.28669738769531
2024-01-06,STORE0003,SKU0031,38.8571662902832,50.036346435546875
2024-01-06,STORE0003,SKU0033,70.96305847167969,101.74144744873047
2024-01-06,STORE0003,SKU0035,128.30589294433594,153.79226684570312
2024-01-06,STORE0003,SKU0037,76.2986068725586,97.2776107788086
2024-01-06,STORE0003,SKU0039,10.925483703613281,14.793424606323242
2024-01-06,STORE0003,SKU0040,15.49496078491211,17.512598037719727
2024-01-06,STORE0003,SKU0041,62.20152282714844,81.87490844726562
2024-01-06,STORE0003,SKU0042,8.538536071777344,14.625361442565918
2024-01-06,STORE0003,SKU0043,32.77455520629883,44.35441970825195
2024-01-06,STORE0003,SKU0044,61.885284423828125,79.7492446899414
2024-01-06,STORE0003,SKU0045,48.16037368774414,63.651493072509766
2024-01-06,STORE0003,SKU0046,68.61003875732422,87.62947082519531
2024-01-06,STORE0003,SKU0047,54.471988677978516,72.56584930419922
2024-01-06,STORE0003,SKU0048,49.003604888916016,62.526424407958984
2024-01-06,STORE0003,SKU0049,41.537811279296875,40.198360443115234
2024-01-06,STORE0003,SKU0050,14.82199478149414,15.326770782470703
2024-01-06,STORE0003,SKU0051,59.98711395263672,58.8736572265625
2024-01-06,STORE0003,SKU0052,48.44425964355469,49.029319763183594
2024-01-06,STORE0003,SKU0053,27.195661544799805,29.931150436401367
2024-01-06,STORE0003,SKU0054,69.09304809570312,76.64964294433594
2024-01-06,STORE0003,SKU0055,12.300655364990234,12.522148132324219
2024-01-06,STORE0003,SKU0056,18.95684814453125,19.1417236328125
2024-01-06,STORE0003,SKU0058,82.33854675292969,81.87564849853516
2024-01-06,STORE0003,SKU0060,52.447654724121094,51.77910232543945
2024-01-06,STORE0003,SKU0061,81.26244354248047,89.22769165039062
2024-01-06,STORE0003,SKU0062,15.214603424072266,15.29296588897705
2024-01-06,STORE0003,SKU0063,43.370662689208984,46.13880157470703
2024-01-06,STORE0003,SKU0064,81.38776397705078,83.23748779296875
2024-01-06,STORE0003,SKU0065,48.19181823730469,50.641639709472656
2024-01-06,STORE0003,SKU0066,25.30713653564453,23.59747886657715
2024-01-06,STORE0003,SKU0067,35.26720428466797,35.539512634277344
2024-01-06,STORE0003,SKU0068,35.56367492675781,36.188331604003906
2024-01-06,STORE0003,SKU0069,68.13531494140625,69.04429626464844
2024-01-06,STORE0003,SKU0070,91.07835388183594,91.44194030761719
2024-01-06,STORE0003,SKU0071,27.572519302368164,29.095664978027344
2024-01-06,STORE0003,SKU0073,8.593376159667969,9.365400314331055
2024-01-06,STORE0003,SKU0075,29.108579635620117,33.51933670043945
2024-01-06,STORE0003,SKU0076,26.711685180664062,26.904624938964844
2024-01-06,STORE0003,SKU0077,47.21086120605469,48.288002014160156
2024-01-06,STORE0003,SKU0082,51.875633239746094,47.81699752807617
2024-01-06,STORE0003,SKU0084,22.27261734008789,23.60004425048828
2024-01-06,STORE0003,SKU0086,7.361263275146484,8.195898056030273
2024-01-06,STORE0003,SKU0087,27.0361328125,25.715505599975586
2024-01-06,STORE0003,SKU0088,20.791393280029297,20.396711349487305
2024-01-06,STORE0003,SKU0089,38.313270568847656,40.81061553955078
2024-01-06,STORE0003,SKU0091,15.651020050048828,16.087615966796875
2024-01-06,STORE0003,SKU0092,83.09730529785156,78.01680755615234
2024-01-06,STORE0003,SKU0093,61.948883056640625,63.918128967285156
2024-01-06,STORE0003,SKU0094,53.22964096069336,53.42369842529297
2024-01-06,STORE0003,SKU0095,25.483348846435547,26.373397827148438
2024-01-06,STORE0003,SKU0096,81.65190887451172,77.96577453613281
2024-01-06,STORE0003,SKU0097,59.91312026977539,60.45586395263672
2024-01-06,STORE0003,SKU0099,83.34434509277344,87.19319915771484
2024-01-06,STORE0003,SKU0100,74.99115753173828,84.58991241455078
2024-01-06,STORE0003,SKU0101,13.135429382324219,14.195513725280762
2024-01-06,STORE0004,SKU0001,124.18647766113281,119.64580535888672
2024-01-06,STORE0004,SKU0002,83.19962310791016,78.59172821044922
2024-01-06,STORE0004,SKU0003,26.08739471435547,28.358131408691406
2024-01-06,STORE0004,SKU0005,95.17244720458984,89.39604187011719
2024-01-06,STORE0004,SKU0007,35.00634765625,33.635982513427734
2024-01-06,STORE0004,SKU0008,29.782772064208984,29.140108108520508
2024-01-06,STORE0004,SKU0009,73.97822570800781,72.66261291503906
2024-01-06,STORE0004,SKU0012,54.80134963989258,56.43539047241211
2024-01-06,STORE0004,SKU0013,106.07455444335938,99.13613891601562
2024-01-06,STORE0004,SKU0014,72.59669494628906,70.91757202148438
2024-01-06,STORE0004,SKU0015,15.739273071289062,14.282845497131348
2024-01-06,STORE0004,SKU0017,123.919677734375,120.15442657470703
2024-01-06,STORE0004,SKU0018,111.11473083496094,106.05159759521484
2024-01-06,STORE0004,SKU0019,20.73944854736328,20.312183380126953
2024-01-06,STORE0004,SKU0020,61.55099868774414,66.55826568603516
2024-01-06,STORE0004,SKU0021,69.033935546875,73.4697265625
2024-01-06,STORE0004,SKU0023,89.06434631347656,81.15473937988281
2024-01-06,STORE0004,SKU0024,69.220947265625,75.1045913696289
2024-01-06,STORE0004,SKU0025,30.860889434814453,35.240604400634766
2024-01-06,STORE0004,SKU0026,113.01242065429688,117.16825866699219
2024-01-06,STORE0004,SKU0027,124.22602844238281,131.24476623535156
2024-01-06,STORE0004,SKU0028,125.74479675292969,126.2901840209961
2024-01-06,STORE0004,SKU0029,30.7362003326416,42.13166046142578
2024-01-06,STORE0004,SKU0031,55.588775634765625,68.97411346435547
2024-01-06,STORE0004,SKU0032,73.50679016113281,85.21826171875
2024-01-06,STORE0004,SKU0033,101.3381576538086,117.05014038085938
2024-01-06,STORE0004,SKU0034,149.7867889404297,162.4165802001953
2024-01-06,STORE0004,SKU0035,180.21856689453125,164.11837768554688
2024-01-06,STORE0004,SKU0036,42.894676208496094,54.55850601196289
2024-01-06,STORE0004,SKU0037,110.49540710449219,124.04084014892578
2024-01-06,STORE0004,SKU0038,98.53279113769531,117.5327377319336
2024-01-06,STORE0004,SKU0039,15.955513000488281,20.994922637939453
2024-01-06,STORE0004,SKU0040,22.520442962646484,29.068281173706055
2024-01-06,STORE0004,SKU0041,89.53751373291016,100.13273620605469
2024-01-06,STORE0004,SKU0045,69.97528839111328,77.58282470703125
2024-01-06,STORE0004,SKU0046,100.01129913330078,107.28445434570312
2024-01-06,STORE0004,SKU0047,79.06415557861328,90.58130645751953
2024-01-06,STORE0004,SKU0048,69.97222137451172,81.3353271484375
2024-01-06,STORE0004,SKU0049,59.840171813964844,58.832122802734375
2024-01-06,STORE0004,SKU0050,20.560840606689453,20.288747787475586
2024-01-06,STORE0004,SKU0051,85.13093566894531,88.79979705810547
2024-01-06,STORE0004,SKU0052,70.18232727050781,69.761474609375
2024-01-06,STORE0004,SKU0053,39.063446044921875,39.10456848144531
2024-01-06,STORE0004,SKU0054,99.85189056396484,89.8892822265625
2024-01-06,STORE0004,SKU0055,17.40988540649414,17.87677764892578
2024-01-06,STORE0004,SKU0056,26.87957763671875,28.177736282348633
2024-01-06,STORE0004,SKU0057,107.078125,106.83643341064453
2024-01-06,STORE0004,SKU0058,115.37149047851562,109.19552612304688
2024-01-06,STORE0004,SKU0060,73.93830108642578,70.38495635986328
2024-01-06,STORE0004,SKU0061,117.29146575927734,110.12047576904297
2024-01-06,STORE0004,SKU0062,21.191192626953125,21.443008422851562
2024-01-06,STORE0004,SKU0063,63.03388595581055,62.85558319091797
2024-01-06,STORE0004,SKU0064,113.03301239013672,108.60523223876953
2024-01-06,STORE0004,SKU0065,69.0194320678711,66.69029235839844
2024-01-06,STORE0004,SKU0066,34.78600311279297,32.711097717285156
2024-01-06,STORE0004,SKU0068,51.187255859375,43.899742126464844
2024-01-06,STORE0004,SKU0070,125.38475036621094,119.26631927490234
2024-01-06,STORE0004,SKU0071,39.868045806884766,35.74957275390625
2024-01-06,STORE0004,SKU0072,45.95677185058594,44.7645149230957
2024-01-06,STORE0004,SKU0075,40.70267868041992,42.978515625
2024-01-06,STORE0004,SKU0076,38.53785705566406,33.153160095214844
2024-01-06,STORE0004,SKU0077,68.04080200195312,66.92212677001953
2024-01-06,STORE0004,SKU0078,36.74222946166992,36.96757888793945
2024-01-06,STORE0004,SKU0079,100.92323303222656,97.75679016113281
2024-01-06,STORE0004,SKU0081,86.8070068359375,88.87118530273438
2024-01-06,STORE0004,SKU0085,78.13276672363281,75.6413803100586
2024-01-06,STORE0004,SKU0087,37.921714782714844,38.001399993896484
2024-01-06,STORE0004,SKU0088,29.132116317749023,28.321182250976562
2024-01-06,STORE0004,SKU0090,25.04425048828125,24.452777862548828
2024-01-06,STORE0004,SKU0091,22.213287353515625,23.88600730895996
2024-01-06,STORE0004,SKU0092,119.1705551147461,102.75285339355469
2024-01-06,STORE0004,SKU0093,91.73121643066406,99.87500762939453
2024-01-06,STORE0004,SKU0095,36.56726837158203,37.53272247314453
2024-01-06,STORE0004,SKU0096,117.85459899902344,110.14451599121094
2024-01-06,STORE0004,SKU0097,84.36994171142578,86.01408386230469
2024-01-06,STORE0004,SKU0098,49.71859359741211,44.94533920288086
2024-01-06,STORE0004,SKU0099,119.68367767333984,107.78889465332031
2024-01-06,STORE0004,SKU0100,106.31642150878906,104.17129516601562
2024-01-06,STORE0004,SKU0101,18.38524627685547,18.589759826660156
2024-01-06,STORE0004,SKU0102,120.49868774414062,115.17281341552734
2024-01-06,STORE0005,SKU0001,124.45742797851562,122.23191833496094
2024-01-06,STORE0005,SKU0002,82.20946502685547,75.1611099243164
2024-01-06,STORE0005,SKU0003,26.674861907958984,25.961782455444336
2024-01-06,STORE0005,SKU0004,114.4165267944336,110.14008331298828
2024-01-06,STORE0005,SKU0005,96.77771759033203,82.4344711303711
2024-01-06,STORE0005,SKU0006,130.07601928710938,118.6364974975586
2024-01-06,STORE0005,SKU0007,35.72872543334961,35.38611602783203
2024-01-06,STORE0005,SKU0009,73.37250518798828,72.39725494384766
2024-01-06,STORE0005,SKU0010,46.0346565246582,40.55466079711914
2024-01-06,STORE0005,SKU0011,26.150299072265625,23.514890670776367
2024-01-06,STORE0005,SKU0012,54.83891677856445,55.4857177734375
2024-01-06,STORE0005,SKU0013,104.14237976074219,98.95369720458984
2024-01-06,STORE0005,SKU0014,72.35111999511719,66.3526382446289
2024-01-06,STORE0005,SKU0015,15.917865753173828,14.121907234191895
2024-01-06,STORE0005,SKU0016,31.521699905395508,26.28876495361328
2024-01-06,STORE0005,SKU0018,111.35408782958984,98.21927642822266
2024-01-06,STORE0005,SKU0019,21.23912811279297,18.39865493774414
2024-01-06,STORE0005,SKU0020,61.65471267700195,60.344642639160156
2024-01-06,STORE0005,SKU0021,67.8926010131836,69.45245361328125
2024-01-06,STORE0005,SKU0022,121.18321228027344,113.1966323852539
2024-01-06,STORE0005,SKU0023,87.86827087402344,79.45399475097656
2024-01-06,STORE0005,SKU0026,110.02153015136719,111.1747055053711
2024-01-06,STORE0005,SKU0027,124.54209899902344,126.186767578125
2024-01-06,STORE0005,SKU0028,126.85340881347656,130.2463836669922
2024-01-06,STORE0005,SKU0031,54.9710578918457,66.95227813720703
2024-01-06,STORE0005,SKU0033,98.27523040771484,112.70600128173828
2024-01-06,STORE0005,SKU0034,146.12831115722656,158.50503540039062
2024-01-06,STORE0005,SKU0035,174.10328674316406,164.83351135253906
2024-01-06,STORE0005,SKU0036,41.238975524902344,53.7691535949707
2024-01-06,STORE0005,SKU0038,99.7071533203125,115.33319854736328
2024-01-06,STORE0005,SKU0039,16.458236694335938,21.819997787475586
2024-01-06,STORE0005,SKU0040,22.77924346923828,24.479631423950195
2024-01-06,STORE0005,SKU0041,90.11984252929688,91.29495239257812
2024-01-06,STORE0005,SKU0043,47.87080764770508,62.18259811401367
2024-01-06,STORE0005,SKU0045,68.53949737548828,66.4110336303711
2024-01-06,STORE0005,SKU0048,69.95712280273438,78.5156478881836
2024-01-06,STORE0005,SKU0049,60.559024810791016,58.292179107666016
2024-01-06,STORE0005,SKU0050,20.958873748779297,20.413999557495117
2024-01-06,STORE0005,SKU0051,85.16075134277344,90.9603042602539
2024-01-06,STORE0005,SKU0052,70.91252899169922,68.65438079833984
2024-01-06,STORE0005,SKU0053,39.43848419189453,37.26725387573242
2024-01-06,STORE0005,SKU0054,100.58827209472656,93.52973175048828
2024-01-06,STORE0005,SKU0055,17.994037628173828,17.274782180786133
2024-01-06,STORE0005,SKU0056,27.141712188720703,26.700956344604492
2024-01-06,STORE0005,SKU0057,106.00352478027344,105.35871124267578
2024-01-06,STORE0005,SKU0058,116.89215087890625,108.77079772949219
2024-01-06,STORE0005,SKU0060,74.15579986572266,76.86311340332031
2024-01-06,STORE0005,SKU0062,21.304466247558594,21.287267684936523
2024-01-06,STORE0005,SKU0063,62.294769287109375,60.156253814697266
2024-01-06,STORE0005,SKU0064,114.44851684570312,110.54473114013672
2024-01-06,STORE0005,SKU0066,35.37155532836914,29.44930648803711
2024-01-06,STORE0005,SKU0067,50.86992645263672,48.933006286621094
2024-01-06,STORE0005,SKU0068,51.23581314086914,45.263206481933594
2024-01-06,STORE0005,SKU0070,127.27696228027344,114.39723205566406
2024-01-06,STORE0005,SKU0071,40.02201843261719,37.35489273071289
2024-01-06,STORE0005,SKU0072,46.046112060546875,46.05533981323242
2024-01-06,STORE0005,SKU0073,13.716106414794922,11.933195114135742
2024-01-06,STORE0005,SKU0074,69.19236755371094,65.26475524902344
2024-01-06,STORE0005,SKU0075,41.644004821777344,42.75568771362305
2024-01-06,STORE0005,SKU0076,38.48691940307617,33.9820556640625
2024-01-06,STORE0005,SKU0077,67.4236068725586,58.10258102416992
2024-01-06,STORE0005,SKU0079,101.57551574707031,93.78056335449219
2024-01-06,STORE0005,SKU0080,96.74652862548828,88.203125
2024-01-06,STORE0005,SKU0081,86.06926727294922,84.4429702758789
2024-01-06,STORE0005,SKU0082,74.09848022460938,75.28242492675781
2024-01-06,STORE0005,SKU0083,109.034912109375,98.56932830810547
2024-01-06,STORE0005,SKU0084,31.255157470703125,27.344104766845703
2024-01-06,STORE0005,SKU0085,79.9533462524414,83.20357513427734
2024-01-06,STORE0005,SKU0086,11.065933227539062,10.129980087280273
2024-01-06,STORE0005,SKU0087,38.21238708496094,35.95033645629883
2024-01-06,STORE0005,SKU0088,29.571529388427734,28.776851654052734
2024-01-06,STORE0005,SKU0089,56.0086784362793,56.72260665893555
2024-01-06,STORE0005,SKU0091,22.599258422851562,21.04471778869629
2024-01-06,STORE0005,SKU0094,78.61461639404297,76.83308410644531
2024-01-06,STORE0005,SKU0095,37.23741912841797,38.983341217041016
2024-01-06,STORE0005,SKU0096,117.67066955566406,114.74185180664062
2024-01-06,STORE0005,SKU0098,50.993614196777344,51.6048698425293
2024-01-06,STORE0005,SKU0100,105.3346939086914,103.56555938720703
2024-01-06,STORE0005,SKU0101,18.7486572265625,17.7369441986084
2024-01-06,STORE0005,SKU0102,119.2872314453125,117.65696716308594
2024-01-06,STORE0006,SKU0001,124.37185668945312,118.51089477539062
2024-01-06,STORE0006,SKU0003,26.13650894165039,24.62861442565918
2024-01-06,STORE0006,SKU0004,113.50650787353516,105.25914001464844
2024-01-06,STORE0006,SKU0005,95.87142181396484,88.25829315185547
2024-01-06,STORE0006,SKU0006,128.9481201171875,119.75751495361328
2024-01-06,STORE0006,SKU0007,35.438175201416016,34.06262969970703
2024-01-06,STORE0006,SKU0008,29.85742950439453,29.0090389251709
2024-01-06,STORE0006,SKU0009,73.1102523803711,68.9795913696289
2024-01-06,STORE0006,SKU0010,45.14318084716797,41.27772903442383
2024-01-06,STORE0006,SKU0011,25.987049102783203,23.66156768798828
2024-01-06,STORE0006,SKU0012,54.50262451171875,50.89144515991211
2024-01-06,STORE0006,SKU0013,104.25040435791016,104.72706604003906
2024-01-06,STORE0006,SKU0017,123.97276306152344,113.07725524902344
2024-01-06,STORE0006,SKU0018,111.7745361328125,102.30181121826172
2024-01-06,STORE0006,SKU0019,21.026222229003906,19.319149017333984
2024-01-06,STORE0006,SKU0020,62.06412887573242,60.269798278808594
2024-01-06,STORE0006,SKU0021,67.92457580566406,61.231544494628906
2024-01-06,STORE0006,SKU0022,119.01849365234375,109.99427032470703
2024-01-06,STORE0006,SKU0023,88.56233215332031,79.41297149658203
2024-01-06,STORE0006,SKU0025,31.37721824645996,38.6197509765625
2024-01-06,STORE0006,SKU0026,112.00399780273438,118.66129302978516
2024-01-06,STORE0006,SKU0028,126.98696899414062,122.08799743652344
2024-01-06,STORE0006,SKU0029,30.309486389160156,39.972381591796875
2024-01-06,STORE0006,SKU0030,47.24623107910156,59.704795837402344
2024-01-06,STORE0006,SKU0031,56.20844268798828,67.13430786132812
2024-01-06,STORE0006,SKU0032,74.03189849853516,87.77035522460938
2024-01-06,STORE0006,SKU0033,103.51286315917969,119.51174926757812
2024-01-06,STORE0006,SKU0034,150.73414611816406,156.0648193359375
2024-01-06,STORE0006,SKU0035,184.9256134033203,165.05050659179688
2024-01-06,STORE0006,SKU0036,41.726600646972656,50.87202453613281
2024-01-06,STORE0006,SKU0037,111.35682678222656,118.31867980957031
2024-01-06,STORE0006,SKU0038,99.45919036865234,114.6604232788086
2024-01-06,STORE0006,SKU0039,15.88405990600586,20.503761291503906
2024-01-06,STORE0006,SKU0040,22.377361297607422,27.897003173828125
2024-01-06,STORE0006,SKU0041,90.64512634277344,106.40633392333984
2024-01-06,STORE0006,SKU0042,13.123878479003906,19.495508193969727
2024-01-06,STORE0006,SKU0044,91.23753356933594,108.4284439086914
2024-01-06,STORE0006,SKU0045,68.98414611816406,83.17455291748047
2024-01-06,STORE0006,SKU0046,99.55867767333984,108.43675231933594
2024-01-06,STORE0006,SKU0047,79.39131164550781,100.10299682617188
2024-01-06,STORE0006,SKU0048,71.58001708984375,80.84172821044922
2024-01-06,STORE0006,SKU0050,20.651813507080078,20.177534103393555
2024-01-06,STORE0006,SKU0052,71.58629608154297,72.4684829711914
2024-01-06,STORE0006,SKU0053,39.17228317260742,35.907257080078125
2024-01-06,STORE0006,SKU0054,99.62820434570312,104.11007690429688
2024-01-06,STORE0006,SKU0055,17.633792877197266,18.73793601989746
2024-01-06,STORE0006,SKU0056,26.949771881103516,26.325416564941406
2024-01-06,STORE0006,SKU0057,106.46612548828125,106.77898406982422
2024-01-06,STORE0006,SKU0058,115.90233612060547,114.28829956054688
2024-01-06,STORE0006,SKU0060,74.80752563476562,74.24224853515625
2024-01-06,STORE0006,SKU0063,62.261539459228516,52.528587341308594
2024-01-06,STORE0006,SKU0064,115.86885070800781,110.96762084960938
2024-01-06,STORE0006,SKU0065,69.66789245605469,70.96971893310547
2024-01-06,STORE0006,SKU0066,34.98960876464844,35.326358795166016
2024-01-06,STORE0006,SKU0067,49.97306442260742,44.81351089477539
2024-01-06,STORE0006,SKU0069,96.56348419189453,90.20799255371094
2024-01-06,STORE0006,SKU0070,124.18948364257812,118.4800796508789
2024-01-06,STORE0006,SKU0071,39.52674102783203,35.88426971435547
2024-01-06,STORE0006,SKU0072,45.77824020385742,38.937801361083984
2024-01-06,STORE0006,SKU0073,13.324180603027344,13.416766166687012
2024-01-06,STORE0006,SKU0075,41.09101867675781,46.21931076049805
2024-01-06,STORE0006,SKU0076,38.601226806640625,32.703487396240234
2024-01-06,STORE0006,SKU0077,68.41117858886719,66.1424789428711
2024-01-06,STORE0006,SKU0081,85.9125747680664,80.7851333618164
2024-01-06,STORE0006,SKU0084,30.791412353515625,32.35149383544922
2024-01-06,STORE0006,SKU0085,79.1437759399414,83.57391357421875
2024-01-06,STORE0006,SKU0087,37.74564743041992,32.19059371948242
2024-01-06,STORE0006,SKU0088,29.14618682861328,30.127708435058594
2024-01-06,STORE0006,SKU0090,25.19110870361328,24.519235610961914
2024-01-06,STORE0006,SKU0091,22.08987808227539,19.437665939331055
2024-01-06,STORE0006,SKU0092,118.1524429321289,106.43035888671875
2024-01-06,STORE0006,SKU0094,77.41595458984375,78.0499267578125
2024-01-06,STORE0006,SKU0095,36.41743469238281,33.956600189208984
2024-01-06,STORE0006,SKU0096,118.56793975830078,113.44412231445312
2024-01-06,STORE0006,SKU0097,85.87646484375,86.90692901611328
2024-01-06,STORE0006,SKU0098,50.270687103271484,44.610137939453125
2024-01-06,STORE0006,SKU0099,119.59048461914062,102.68907928466797
2024-01-06,STORE0006,SKU0100,106.62849426269531,108.03720092773438
2024-01-06,STORE0006,SKU0101,18.419254302978516,18.185548782348633
2024-01-06,STORE0006,SKU0102,118.15882873535156,103.96221160888672
2024-01-06,STORE0007,SKU0001,87.74429321289062,102.49176788330078
2024-01-06,STORE0007,SKU0002,57.42068099975586,56.95192337036133
2024-01-06,STORE0007,SKU0003,19.565513610839844,19.413272857666016
2024-01-06,STORE0007,SKU0004,79.85997009277344,82.08737182617188
2024-01-06,STORE0007,SKU0006,90.643798828125,82.05049133300781
2024-01-06,STORE0007,SKU0008,21.573436737060547,20.36545753479004
2024-01-06,STORE0007,SKU0009,50.459564208984375,53.341922760009766
2024-01-06,STORE0007,SKU0011,19.13262176513672,16.973514556884766
2024-01-06,STORE0007,SKU0012,38.35528564453125,38.073734283447266
2024-01-06,STORE0007,SKU0013,70.92318725585938,73.11369323730469
2024-01-06,STORE0007,SKU0015,11.34823226928711,8.73157024383545
2024-01-06,STORE0007,SKU0016,22.02078628540039,22.596529006958008
2024-01-06,STORE0007,SKU0018,75.06209564208984,76.09806060791016
2024-01-06,STORE0007,SKU0020,43.63605499267578,44.50550079345703
2024-01-06,STORE0007,SKU0022,84.7059326171875,89.0902328491211
2024-01-06,STORE0007,SKU0023,61.40321350097656,63.2622184753418
2024-01-06,STORE0007,SKU0024,48.84418869018555,50.22810745239258
2024-01-06,STORE0007,SKU0025,22.080707550048828,28.145418167114258
2024-01-06,STORE0007,SKU0026,77.3598861694336,87.67438507080078
2024-01-06,STORE0007,SKU0027,85.76101684570312,109.44759368896484
2024-01-06,STORE0007,SKU0028,88.58917236328125,106.03713989257812
2024-01-06,STORE0007,SKU0029,22.427276611328125,29.053970336914062
2024-01-06,STORE0007,SKU0030,33.56144714355469,44.87395095825195
2024-01-06,STORE0007,SKU0031,39.80889892578125,48.1718864440918
2024-01-06,STORE0007,SKU0032,49.97990798950195,63.1665153503418
2024-01-06,STORE0007,SKU0034,107.4510498046875,127.42089080810547
2024-01-06,STORE0007,SKU0035,128.52403259277344,154.9578094482422
2024-01-06,STORE0007,SKU0036,31.291471481323242,39.95740509033203
2024-01-06,STORE0007,SKU0037,75.4332275390625,100.01632690429688
2024-01-06,STORE0007,SKU0038,68.54804992675781,93.18110656738281
2024-01-06,STORE0007,SKU0039,11.5438232421875,15.140185356140137
2024-01-06,STORE0007,SKU0040,16.125179290771484,19.29039192199707
2024-01-06,STORE0007,SKU0043,33.3751220703125,42.973114013671875
2024-01-06,STORE0007,SKU0044,62.66911315917969,82.32482147216797
2024-01-06,STORE0007,SKU0045,48.50709533691406,59.11492156982422
2024-01-06,STORE0007,SKU0046,68.28044128417969,88.42362976074219
2024-01-06,STORE0007,SKU0047,55.09162902832031,78.5301513671875
2024-01-06,STORE0007,SKU0048,49.454986572265625,56.816307067871094
2024-01-06,STORE0007,SKU0049,42.90110778808594,43.104759216308594
2024-01-06,STORE0007,SKU0050,15.522464752197266,13.507919311523438
2024-01-06,STORE0007,SKU0053,27.858367919921875,29.228412628173828
2024-01-06,STORE0007,SKU0055,12.968647003173828,12.0768404006958
2024-01-06,STORE0007,SKU0056,19.589454650878906,19.75199317932129
2024-01-06,STORE0007,SKU0058,82.59407043457031,86.55137634277344
2024-01-06,STORE0007,SKU0059,21.47954559326172,21.601680755615234
2024-01-06,STORE0007,SKU0060,53.64971160888672,58.264923095703125
2024-01-06,STORE0007,SKU0061,80.76188659667969,78.44652557373047
2024-01-06,STORE0007,SKU0062,16.055110931396484,15.304381370544434
2024-01-06,STORE0007,SKU0063,44.20478057861328,47.49860382080078
2024-01-06,STORE0007,SKU0065,48.8581657409668,50.20191955566406
2024-01-06,STORE0007,SKU0066,26.009323120117188,23.165904998779297
2024-01-06,STORE0007,SKU0067,36.027259826660156,35.67805480957031
2024-01-06,STORE0007,SKU0068,36.54082489013672,36.11990737915039
2024-01-06,STORE0007,SKU0072,33.68632507324219,30.242197036743164
2024-01-06,STORE0007,SKU0073,9.31027603149414,9.463530540466309
2024-01-06,STORE0007,SKU0074,48.46804428100586,47.49578094482422
2024-01-06,STORE0007,SKU0075,29.773590087890625,30.95256996154785
2024-01-06,STORE0007,SKU0076,27.57984161376953,27.25657844543457
2024-01-06,STORE0007,SKU0078,27.11892318725586,27.227983474731445
2024-01-06,STORE0007,SKU0079,70.36274719238281,69.98002624511719
2024-01-06,STORE0007,SKU0080,67.00572204589844,59.53605651855469
2024-01-06,STORE0007,SKU0081,60.81658172607422,59.856197357177734
2024-01-06,STORE0007,SKU0082,53.252281188964844,57.60437774658203
2024-01-06,STORE0007,SKU0083,76.52957916259766,78.66844177246094
2024-01-06,STORE0007,SKU0084,22.92465591430664,18.97345542907715
2024-01-06,STORE0007,SKU0085,56.323509216308594,54.95401382446289
2024-01-06,STORE0007,SKU0086,8.012802124023438,8.115388870239258
2024-01-06,STORE0007,SKU0087,27.690393447875977,25.890214920043945
2024-01-06,STORE0007,SKU0088,21.439735412597656,21.066635131835938
2024-01-06,STORE0007,SKU0089,38.996726989746094,36.408782958984375
2024-01-06,STORE0007,SKU0090,18.335811614990234,18.76974105834961
2024-01-06,STORE0007,SKU0093,62.38576889038086,62.7017936706543
2024-01-06,STORE0007,SKU0094,53.55704116821289,52.66915512084961
2024-01-06,STORE0007,SKU0096,82.33131408691406,86.02729034423828
2024-01-06,STORE0007,SKU0097,60.45979309082031,56.865692138671875
2024-01-06,STORE0007,SKU0098,35.54832458496094,38.744815826416016
2024-01-06,STORE0007,SKU0099,83.37120056152344,85.30064392089844
2024-01-06,STORE0007,SKU0100,74.78353118896484,76.82884216308594
2024-01-06,STORE0007,SKU0101,13.771907806396484,12.812995910644531
2024-01-06,STORE0007,SKU0102,83.6085433959961,79.04188537597656
2024-01-06,STORE0008,SKU0001,123.63670349121094,117.18690490722656
2024-01-06,STORE0008,SKU0002,81.29202270507812,78.22083282470703
2024-01-06,STORE0008,SKU0003,26.328937530517578,27.06559944152832
2024-01-06,STORE0008,SKU0004,113.1739501953125,106.56767272949219
2024-01-06,STORE0008,SKU0005,94.4723129272461,91.56536102294922
2024-01-06,STORE0008,SKU0006,127.78675842285156,118.46862030029297
2024-01-06,STORE0008,SKU0007,35.10189437866211,33.10837936401367
2024-01-06,STORE0008,SKU0008,29.87172508239746,28.776784896850586
2024-01-06,STORE0008,SKU0009,73.01203918457031,72.04912567138672
2024-01-06,STORE0008,SKU0010,45.49943542480469,39.41181564331055
2024-01-06,STORE0008,SKU0011,25.720062255859375,21.44935417175293
2024-01-06,STORE0008,SKU0012,54.90310287475586,51.607051849365234
2024-01-06,STORE0008,SKU0013,104.34120178222656,104.91749572753906
2024-01-06,STORE0008,SKU0014,71.74281311035156,72.5832748413086
2024-01-06,STORE0008,SKU0015,15.500606536865234,14.428781509399414
2024-01-06,STORE0008,SKU0016,30.798860549926758,27.956117630004883
2024-01-06,STORE0008,SKU0018,110.3482894897461,97.96358489990234
2024-01-06,STORE0008,SKU0020,61.724361419677734,68.26496124267578
2024-01-06,STORE0008,SKU0022,120.70411682128906,107.26138305664062
2024-01-06,STORE0008,SKU0025,31.187978744506836,38.77068328857422
2024-01-06,STORE0008,SKU0027,124.00582885742188,118.62965393066406
2024-01-06,STORE0008,SKU0028,125.75688171386719,131.6864013671875
2024-01-06,STORE0008,SKU0029,30.474014282226562,40.38911437988281
2024-01-06,STORE0008,SKU0030,46.539852142333984,57.70023727416992
2024-01-06,STORE0008,SKU0031,55.4918212890625,71.46743774414062
2024-01-06,STORE0008,SKU0033,101.28469848632812,117.75614929199219
2024-01-06,STORE0008,SKU0035,169.88421630859375,164.68592834472656
2024-01-06,STORE0008,SKU0038,97.15693664550781,114.37653350830078
2024-01-06,STORE0008,SKU0039,16.127418518066406,23.136356353759766
2024-01-06,STORE0008,SKU0040,22.70144271850586,29.480188369750977
2024-01-06,STORE0008,SKU0041,90.21833801269531,101.89506530761719
2024-01-06,STORE0008,SKU0042,13.178829193115234,20.08669090270996
2024-01-06,STORE0008,SKU0043,47.669586181640625,58.081058502197266
2024-01-06,STORE0008,SKU0044,89.56298065185547,102.90498352050781
2024-01-06,STORE0008,SKU0045,69.49771881103516,85.89669036865234
2024-01-06,STORE0008,SKU0046,98.72006225585938,107.9836196899414
2024-01-06,STORE0008,SKU0047,79.55467987060547,85.51428985595703
2024-01-06,STORE0008,SKU0048,70.26490783691406,78.72954559326172
2024-01-06,STORE0008,SKU0049,60.11528015136719,56.87762451171875
2024-01-06,STORE0008,SKU0051,84.67263793945312,89.66924285888672
2024-01-06,STORE0008,SKU0055,17.625320434570312,17.56409454345703
2024-01-06,STORE0008,SKU0056,26.702129364013672,25.89569854736328
2024-01-06,STORE0008,SKU0057,105.25077056884766,105.00506591796875
2024-01-06,STORE0008,SKU0059,29.420673370361328,30.67103385925293
2024-01-06,STORE0008,SKU0060,73.46340942382812,71.12528991699219
2024-01-06,STORE0008,SKU0061,115.79762268066406,107.64447021484375
2024-01-06,STORE0008,SKU0062,21.16916275024414,21.806154251098633
2024-01-06,STORE0008,SKU0064,113.76371765136719,107.38970947265625
2024-01-06,STORE0008,SKU0065,68.71087646484375,67.03583526611328
2024-01-06,STORE0008,SKU0066,35.36827087402344,33.31079864501953
2024-01-06,STORE0008,SKU0067,50.2445068359375,47.891849517822266
2024-01-06,STORE0008,SKU0072,46.398983001708984,45.64619445800781
2024-01-06,STORE0008,SKU0074,69.47640991210938,71.3825454711914
2024-01-06,STORE0008,SKU0075,41.15977478027344,39.50068283081055
2024-01-06,STORE0008,SKU0076,38.906227111816406,38.073150634765625
2024-01-06,STORE0008,SKU0077,68.41079711914062,65.01216125488281
2024-01-06,STORE0008,SKU0078,37.46954345703125,39.407249450683594
2024-01-06,STORE0008,SKU0080,95.49181365966797,101.81615447998047
2024-01-06,STORE0008,SKU0081,85.92726135253906,76.23358154296875
2024-01-06,STORE0008,SKU0082,73.42724609375,77.33916473388672
2024-01-06,STORE0008,SKU0083,108.5216293334961,110.04370880126953
2024-01-06,STORE0008,SKU0084,31.033945083618164,31.706809997558594
2024-01-06,STORE0008,SKU0085,79.28094482421875,80.2265625
2024-01-06,STORE0008,SKU0086,10.681556701660156,10.662684440612793
2024-01-06,STORE0008,SKU0087,38.530330657958984,39.49108123779297
2024-01-06,STORE0008,SKU0088,29.384634017944336,26.135295867919922
2024-01-06,STORE0008,SKU0089,54.84114456176758,53.22285461425781
2024-01-06,STORE0008,SKU0090,25.237640380859375,27.579360961914062
2024-01-06,STORE0008,SKU0091,22.32473373413086,23.554166793823242
2024-01-06,STORE0008,SKU0092,116.55999755859375,111.8323745727539
2024-01-06,STORE0008,SKU0093,91.9510269165039,88.81714630126953
2024-01-06,STORE0008,SKU0094,78.0544662475586,84.13040924072266
2024-01-06,STORE0008,SKU0095,36.54651641845703,35.68072509765625
2024-01-06,STORE0008,SKU0096,116.89529418945312,110.20364379882812
2024-01-06,STORE0008,SKU0097,84.66320037841797,88.40058898925781
2024-01-06,STORE0008,SKU0098,50.05717086791992,46.989044189453125
2024-01-06,STORE0008,SKU0099,118.98528289794922,111.60025024414062
2024-01-06,STORE0008,SKU0100,105.42139434814453,106.51270294189453
2024-01-06,STORE0008,SKU0101,18.08856201171875,17.894376754760742
2024-01-06,STORE0008,SKU0102,119.12379455566406,112.51118469238281
2024-01-06,STORE0009,SKU0001,107.35856628417969,108.07674407958984
2024-01-06,STORE0009,SKU0002,69.47528839111328,69.83146667480469
2024-01-06,STORE0009,SKU0003,22.903972625732422,21.49848747253418
2024-01-06,STORE0009,SKU0005,80.72480773925781,83.3101577758789
2024-01-06,STORE0009,SKU0006,112.58564758300781,116.2627944946289
2024-01-06,STORE0009,SKU0008,25.406387329101562,27.95149803161621
2024-01-06,STORE0009,SKU0009,60.94308090209961,61.49225997924805
2024-01-06,STORE0009,SKU0010,38.30418395996094,32.16816329956055
2024-01-06,STORE0009,SKU0011,21.917285919189453,20.854259490966797
2024-01-06,STORE0009,SKU0012,46.59991455078125,46.9422607421875
2024-01-06,STORE0009,SKU0013,89.50933837890625,95.7338638305664
2024-01-06,STORE0009,SKU0015,13.069652557373047,11.85972785949707
2024-01-06,STORE0009,SKU0016,26.014236450195312,23.66439437866211
2024-01-06,STORE0009,SKU0017,108.35009765625,112.47091674804688
2024-01-06,STORE0009,SKU0018,95.35723114013672,102.32731628417969
2024-01-06,STORE0009,SKU0019,17.414154052734375,16.232070922851562
2024-01-06,STORE0009,SKU0020,52.25556945800781,51.52722930908203
2024-01-06,STORE0009,SKU0022,105.9090805053711,104.64595031738281
2024-01-06,STORE0009,SKU0023,74.15870666503906,67.57882690429688
2024-01-06,STORE0009,SKU0024,57.934364318847656,61.6234245300293
2024-01-06,STORE0009,SKU0025,26.280582427978516,35.14406204223633
2024-01-06,STORE0009,SKU0027,108.27310180664062,117.44172668457031
2024-01-06,STORE0009,SKU0028,109.11499786376953,116.49713897705078
2024-01-06,STORE0009,SKU0030,39.78779602050781,49.765106201171875
2024-01-06,STORE0009,SKU0032,63.47587585449219,72.31149291992188
2024-01-06,STORE0009,SKU0033,90.64808654785156,119.55408477783203
2024-01-06,STORE0009,SKU0034,125.51156616210938,136.72096252441406
2024-01-06,STORE0009,SKU0035,153.66122436523438,162.4036102294922
2024-01-06,STORE0009,SKU0037,94.02708435058594,105.54349517822266
2024-01-06,STORE0009,SKU0038,84.1966323852539,102.55926513671875
2024-01-06,STORE0009,SKU0039,13.336761474609375,18.158342361450195
2024-01-06,STORE0009,SKU0041,77.75318908691406,94.9720687866211
2024-01-06,STORE0009,SKU0044,77.96412658691406,99.72018432617188
2024-01-06,STORE0009,SKU0045,58.542022705078125,68.91106414794922
2024-01-06,STORE0009,SKU0046,85.48985290527344,90.6370849609375
2024-01-06,STORE0009,SKU0047,67.07896423339844,84.80854797363281
2024-01-06,STORE0009,SKU0049,51.34585189819336,46.838523864746094
2024-01-06,STORE0009,SKU0050,17.535354614257812,18.247840881347656
2024-01-06,STORE0009,SKU0051,72.11454772949219,71.80858612060547
2024-01-06,STORE0009,SKU0052,60.04205322265625,60.74456024169922
2024-01-06,STORE0009,SKU0055,14.82492446899414,15.175923347473145
2024-01-06,STORE0009,SKU0057,91.50531005859375,90.44884490966797
2024-01-06,STORE0009,SKU0058,100.81562805175781,100.39842224121094
2024-01-06,STORE0009,SKU0059,25.28215789794922,29.570512771606445
2024-01-06,STORE0009,SKU0060,62.783355712890625,62.97332000732422
2024-01-06,STORE0009,SKU0061,101.80457305908203,107.26713562011719
2024-01-06,STORE0009,SKU0062,17.74679946899414,19.33284568786621
2024-01-06,STORE0009,SKU0063,53.88624572753906,53.802371978759766
2024-01-06,STORE0009,SKU0064,100.80416870117188,104.44229125976562
2024-01-06,STORE0009,SKU0065,59.610023498535156,61.79888153076172
2024-01-06,STORE0009,SKU0066,29.987016677856445,29.68494987487793
2024-01-06,STORE0009,SKU0067,42.79596710205078,38.27867126464844
2024-01-06,STORE0009,SKU0068,43.26542663574219,39.83029556274414
2024-01-06,STORE0009,SKU0069,81.85780334472656,74.9389877319336
2024-01-06,STORE0009,SKU0070,110.12957763671875,99.2118148803711
2024-01-06,STORE0009,SKU0071,34.074913024902344,33.02410888671875
2024-01-06,STORE0009,SKU0072,39.91078186035156,38.897804260253906
2024-01-06,STORE0009,SKU0074,58.662696838378906,60.39579391479492
2024-01-06,STORE0009,SKU0075,34.85517120361328,34.72010040283203
2024-01-06,STORE0009,SKU0076,32.7700080871582,31.050121307373047
2024-01-06,STORE0009,SKU0077,57.91270446777344,61.103790283203125
2024-01-06,STORE0009,SKU0078,31.564964294433594,34.74868392944336
2024-01-06,STORE0009,SKU0080,83.27667999267578,89.55460357666016
2024-01-06,STORE0009,SKU0082,62.79248809814453,65.13812255859375
2024-01-06,STORE0009,SKU0083,94.27371215820312,98.24877166748047
2024-01-06,STORE0009,SKU0084,26.224281311035156,25.43206214904785
2024-01-06,STORE0009,SKU0085,68.21216583251953,71.64896392822266
2024-01-06,STORE0009,SKU0086,8.779651641845703,10.116716384887695
2024-01-06,STORE0009,SKU0087,32.59663391113281,31.596691131591797
2024-01-06,STORE0009,SKU0088,25.09284210205078,24.748504638671875
2024-01-06,STORE0009,SKU0089,46.59758377075195,42.464881896972656
2024-01-06,STORE0009,SKU0090,21.718536376953125,21.19595718383789
2024-01-06,STORE0009,SKU0091,18.929908752441406,18.918237686157227
2024-01-06,STORE0009,SKU0092,102.07953643798828,99.3005142211914
2024-01-06,STORE0009,SKU0093,77.11058044433594,74.40055084228516
2024-01-06,STORE0009,SKU0096,101.99833679199219,105.32289123535156
2024-01-06,STORE0009,SKU0097,72.01055145263672,76.92645263671875
2024-01-06,STORE0009,SKU0098,42.927249908447266,43.32137680053711
2024-01-06,STORE0009,SKU0099,103.2419204711914,100.05731201171875
2024-01-06,STORE0009,SKU0102,104.23764038085938,102.67779541015625
2024-01-06,STORE0010,SKU0001,107.17432403564453,107.85010528564453
2024-01-06,STORE0010,SKU0004,99.1251220703125,104.97101593017578
2024-01-06,STORE0010,SKU0005,81.10298156738281,83.52505493164062
2024-01-06,STORE0010,SKU0006,111.32911682128906,97.34635925292969
2024-01-06,STORE0010,SKU0007,29.654621124267578,27.3795166015625
2024-01-06,STORE0010,SKU0010,37.6051025390625,35.506996154785156
2024-01-06,STORE0010,SKU0011,21.650177001953125,21.084548950195312
2024-01-06,STORE0010,SKU0012,46.12538146972656,47.41502380371094
2024-01-06,STORE0010,SKU0013,88.84342956542969,90.80682373046875
2024-01-06,STORE0010,SKU0014,59.849491119384766,64.00530242919922
2024-01-06,STORE0010,SKU0015,12.582340240478516,11.15013599395752
2024-01-06,STORE0010,SKU0016,25.173534393310547,23.477519989013672
2024-01-06,STORE0010,SKU0017,107.96908569335938,105.00775146484375
2024-01-06,STORE0010,SKU0018,93.5817642211914,90.38021850585938
2024-01-06,STORE0010,SKU0019,17.25049591064453,16.62848663330078
2024-01-06,STORE0010,SKU0020,52.09441375732422,49.72308349609375
2024-01-06,STORE0010,SKU0021,57.18619918823242,58.4089469909668
2024-01-06,STORE0010,SKU0025,25.606433868408203,31.255647659301758
2024-01-06,STORE0010,SKU0028,106.6791763305664,120.13416290283203
2024-01-06,STORE0010,SKU0029,25.33694839477539,32.921669006347656
2024-01-06,STORE0010,SKU0030,39.392578125,50.841041564941406
2024-01-06,STORE0010,SKU0032,61.63885498046875,73.7701187133789
2024-01-06,STORE0010,SKU0034,126.89686584472656,152.80917358398438
2024-01-06,STORE0010,SKU0035,153.5657196044922,161.4539794921875
2024-01-06,STORE0010,SKU0036,35.877769470214844,45.74761199951172
2024-01-06,STORE0010,SKU0037,93.41192626953125,116.44384765625
2024-01-06,STORE0010,SKU0038,83.33226776123047,107.29969787597656
2024-01-06,STORE0010,SKU0039,12.669845581054688,17.73557472229004
2024-01-06,STORE0010,SKU0040,18.110523223876953,21.69460678100586
2024-01-06,STORE0010,SKU0042,10.023200988769531,16.11629295349121
2024-01-06,STORE0010,SKU0043,39.86425018310547,54.88938903808594
2024-01-06,STORE0010,SKU0045,58.37921142578125,69.52244567871094
2024-01-06,STORE0010,SKU0046,82.62033081054688,94.36552429199219
2024-01-06,STORE0010,SKU0048,59.061798095703125,68.5348129272461
2024-01-06,STORE0010,SKU0050,17.183101654052734,19.106618881225586
2024-01-06,STORE0010,SKU0051,72.23316955566406,71.58776092529297
2024-01-06,STORE0010,SKU0052,58.56996154785156,61.13035583496094
2024-01-06,STORE0010,SKU0053,32.68385696411133,34.729122161865234
2024-01-06,STORE0010,SKU0054,84.07536315917969,80.4139633178711
2024-01-06,STORE0010,SKU0055,14.117500305175781,16.140121459960938
2024-01-06,STORE0010,SKU0056,22.475414276123047,23.864179611206055
2024-01-06,STORE0010,SKU0057,89.95085906982422,95.35983276367188
2024-01-06,STORE0010,SKU0058,99.7532958984375,92.85907745361328
2024-01-06,STORE0010,SKU0059,24.380573272705078,29.039325714111328
2024-01-06,STORE0010,SKU0060,63.03624725341797,61.989646911621094
2024-01-06,STORE0010,SKU0061,99.73332214355469,90.64185333251953
2024-01-06,STORE0010,SKU0063,52.42707061767578,60.01322937011719
2024-01-06,STORE0010,SKU0064,99.52615356445312,93.95515441894531
2024-01-06,STORE0010,SKU0065,58.41691207885742,60.80705642700195
2024-01-06,STORE0010,SKU0067,41.620914459228516,39.869346618652344
2024-01-06,STORE0010,SKU0068,42.74650573730469,40.64072799682617
2024-01-06,STORE0010,SKU0069,81.32420349121094,80.0467300415039
2024-01-06,STORE0010,SKU0070,108.64859008789062,106.46046447753906
2024-01-06,STORE0010,SKU0073,9.964275360107422,10.795379638671875
2024-01-06,STORE0010,SKU0074,57.903106689453125,57.88768005371094
2024-01-06,STORE0010,SKU0075,34.48484420776367,37.76409912109375
2024-01-06,STORE0010,SKU0076,31.945417404174805,31.17616081237793
2024-01-06,STORE0010,SKU0077,58.11328887939453,55.25083541870117
2024-01-06,STORE0010,SKU0078,30.830392837524414,34.022274017333984
2024-01-06,STORE0010,SKU0079,85.71861267089844,83.89534759521484
2024-01-06,STORE0010,SKU0080,81.12208557128906,88.32718658447266
2024-01-06,STORE0010,SKU0081,72.6618423461914,76.87538146972656
2024-01-06,STORE0010,SKU0083,93.616455078125,99.2370834350586
2024-01-06,STORE0010,SKU0084,25.510154724121094,25.959033966064453
2024-01-06,STORE0010,SKU0085,67.1330337524414,70.8079833984375
2024-01-06,STORE0010,SKU0086,8.348209381103516,9.272821426391602
2024-01-06,STORE0010,SKU0087,31.724905014038086,28.50043296813965
2024-01-06,STORE0010,SKU0088,24.498947143554688,28.101110458374023
2024-01-06,STORE0010,SKU0089,46.10645294189453,43.6655158996582
2024-01-06,STORE0010,SKU0090,21.065292358398438,20.664318084716797
2024-01-06,STORE0010,SKU0092,100.69654846191406,99.84806823730469
2024-01-06,STORE0010,SKU0094,64.35276794433594,65.84490203857422
2024-01-06,STORE0010,SKU0095,30.34339141845703,36.66059494018555
2024-01-06,STORE0010,SKU0096,99.7503662109375,93.9317855834961
2024-01-06,STORE0010,SKU0097,71.81663513183594,73.61933135986328
2024-01-06,STORE0010,SKU0098,42.21473693847656,39.74774169921875
2024-01-06,STORE0010,SKU0099,100.32131958007812,93.91404724121094
2024-01-06,STORE0010,SKU0100,89.9153060913086,91.92842102050781
2024-01-06,STORE0010,SKU0101,15.006500244140625,15.8099946975708
2024-01-06,STORE0010,SKU0102,103.37193298339844,103.85921478271484
2024-01-06,STORE0011,SKU0001,123.83988952636719,121.22526550292969
2024-01-06,STORE0011,SKU0002,83.17494201660156,75.84143829345703
2024-01-06,STORE0011,SKU0003,25.67694854736328,23.841442108154297
2024-01-06,STORE0011,SKU0004,114.32622528076172,107.3971176147461
2024-01-06,STORE0011,SKU0005,95.09243774414062,96.01190948486328
2024-01-06,STORE0011,SKU0006,129.73583984375,114.77667236328125
2024-01-06,STORE0011,SKU0007,34.31690979003906,36.0970573425293
2024-01-06,STORE0011,SKU0009,73.23013305664062,70.62134552001953
2024-01-06,STORE0011,SKU0012,54.26247787475586,54.36700439453125
2024-01-06,STORE0011,SKU0014,71.122314453125,61.76436233520508
2024-01-06,STORE0011,SKU0015,15.106708526611328,12.328033447265625
2024-01-06,STORE0011,SKU0017,123.34278869628906,116.43671417236328
2024-01-06,STORE0011,SKU0018,110.20196533203125,93.93742370605469
2024-01-06,STORE0011,SKU0019,20.27727508544922,19.526737213134766
2024-01-06,STORE0011,SKU0020,61.242610931396484,59.269935607910156
2024-01-06,STORE0011,SKU0021,67.18649291992188,70.33686065673828
2024-01-06,STORE0011,SKU0022,122.03749084472656,115.18740844726562
2024-01-06,STORE0011,SKU0023,87.45040130615234,75.82621765136719
2024-01-06,STORE0011,SKU0024,68.87144470214844,64.09473419189453
2024-01-06,STORE0011,SKU0025,30.089982986450195,37.312503814697266
2024-01-06,STORE0011,SKU0026,110.80335998535156,114.62140655517578
2024-01-06,STORE0011,SKU0027,124.37287902832031,121.17343139648438
2024-01-06,STORE0011,SKU0028,122.78733825683594,130.4180908203125
2024-01-06,STORE0011,SKU0029,29.92941665649414,40.06515121459961
2024-01-06,STORE0011,SKU0030,46.36309051513672,57.797935485839844
2024-01-06,STORE0011,SKU0031,54.06007385253906,67.31023406982422
2024-01-06,STORE0011,SKU0033,100.97044372558594,115.92012023925781
2024-01-06,STORE0011,SKU0034,152.64236450195312,161.22610473632812
2024-01-06,STORE0011,SKU0035,178.77952575683594,167.41598510742188
2024-01-06,STORE0011,SKU0036,40.53943634033203,54.26081466674805
2024-01-06,STORE0011,SKU0037,109.70037078857422,121.84390258789062
2024-01-06,STORE0011,SKU0038,97.39808654785156,116.83599853515625
2024-01-06,STORE0011,SKU0039,15.399856567382812,20.98641586303711
2024-01-06,STORE0011,SKU0040,22.03563690185547,29.554386138916016
2024-01-06,STORE0011,SKU0041,90.48585510253906,98.29389953613281
2024-01-06,STORE0011,SKU0043,46.18585968017578,61.297157287597656
2024-01-06,STORE0011,SKU0044,89.37852478027344,102.9158935546875
2024-01-06,STORE0011,SKU0046,99.54330444335938,114.31720733642578
2024-01-06,STORE0011,SKU0047,78.17497253417969,89.54127502441406
2024-01-06,STORE0011,SKU0048,70.2865219116211,85.56311798095703
2024-01-06,STORE0011,SKU0050,20.291568756103516,20.632686614990234
2024-01-06,STORE0011,SKU0051,84.0761489868164,88.6191177368164
2024-01-06,STORE0011,SKU0052,70.04780578613281,68.3253402709961
2024-01-06,STORE0011,SKU0053,38.11199188232422,37.16105651855469
2024-01-06,STORE0011,SKU0054,100.28074645996094,102.13494873046875
2024-01-06,STORE0011,SKU0055,16.95645523071289,18.386289596557617
2024-01-06,STORE0011,SKU0056,26.549636840820312,24.654970169067383
2024-01-06,STORE0011,SKU0058,116.21807861328125,106.73997497558594
2024-01-06,STORE0011,SKU0059,28.520095825195312,31.66217041015625
2024-01-06,STORE0011,SKU0061,115.95042419433594,109.0316162109375
2024-01-06,STORE0011,SKU0062,20.994503021240234,20.693349838256836
2024-01-06,STORE0011,SKU0064,115.47467803955078,109.21623992919922
2024-01-06,STORE0011,SKU0065,67.98185729980469,68.690185546875
2024-01-06,STORE0011,SKU0066,34.707672119140625,34.51326370239258
2024-01-06,STORE0011,SKU0067,49.113487243652344,44.961158752441406
2024-01-06,STORE0011,SKU0068,49.55976867675781,43.15489196777344
2024-01-06,STORE0011,SKU0069,96.51872253417969,91.60369873046875
2024-01-06,STORE0011,SKU0070,123.99603271484375,115.90618133544922
2024-01-06,STORE0011,SKU0071,39.09759521484375,38.494171142578125
2024-01-06,STORE0011,SKU0072,45.301612854003906,43.61925506591797
2024-01-06,STORE0011,SKU0073,12.781497955322266,14.290529251098633
2024-01-06,STORE0011,SKU0074,69.21348571777344,63.834346771240234
2024-01-06,STORE0011,SKU0077,67.79803466796875,63.96293640136719
2024-01-06,STORE0011,SKU0078,36.11621856689453,36.503623962402344
2024-01-06,STORE0011,SKU0079,101.35853576660156,98.13330078125
2024-01-06,STORE0011,SKU0082,72.63245391845703,72.14701843261719
2024-01-06,STORE0011,SKU0083,109.0736083984375,109.91706848144531
2024-01-06,STORE0011,SKU0085,79.1190414428711,80.77540588378906
2024-01-06,STORE0011,SKU0086,10.25775146484375,11.453958511352539
2024-01-06,STORE0011,SKU0087,37.63766098022461,35.61643600463867
2024-01-06,STORE0011,SKU0088,28.875741958618164,30.14501953125
2024-01-06,STORE0011,SKU0089,54.13141632080078,50.236328125
2024-01-06,STORE0011,SKU0090,24.841331481933594,25.425859451293945
2024-01-06,STORE0011,SKU0094,77.04940032958984,72.01553344726562
2024-01-06,STORE0011,SKU0095,35.87730026245117,37.80805206298828
2024-01-06,STORE0011,SKU0096,117.56130981445312,116.02970886230469
2024-01-06,STORE0011,SKU0097,83.54705047607422,82.18953704833984
2024-01-06,STORE0011,SKU0098,49.52616882324219,43.237735748291016
2024-01-06,STORE0011,SKU0100,104.5938949584961,98.92890167236328
2024-01-06,STORE0011,SKU0101,17.967239379882812,19.145099639892578
2024-01-06,STORE0012,SKU0001,108.49158477783203,118.1376953125
2024-01-06,STORE0012,SKU0002,69.78435516357422,72.57232666015625
2024-01-06,STORE0012,SKU0004,100.30039978027344,99.43181610107422
2024-01-06,STORE0012,SKU0005,81.82440948486328,81.50946044921875
2024-01-06,STORE0012,SKU0006,113.72256469726562,100.62582397460938
2024-01-06,STORE0012,SKU0007,30.175954818725586,29.73100471496582
2024-01-06,STORE0012,SKU0008,25.230804443359375,27.2548885345459
2024-01-06,STORE0012,SKU0009,61.226844787597656,57.2928581237793
2024-01-06,STORE0012,SKU0010,37.9539909362793,38.386253356933594
2024-01-06,STORE0012,SKU0013,90.65139770507812,96.2991943359375
2024-01-06,STORE0012,SKU0014,60.497642517089844,60.940956115722656
2024-01-06,STORE0012,SKU0015,12.998653411865234,12.200194358825684
2024-01-06,STORE0012,SKU0016,25.668197631835938,25.777233123779297
2024-01-06,STORE0012,SKU0017,109.58290100097656,109.52582550048828
2024-01-06,STORE0012,SKU0018,95.90973663330078,88.3982925415039
2024-01-06,STORE0012,SKU0019,17.467079162597656,17.508716583251953
2024-01-06,STORE0012,SKU0020,52.90960693359375,58.61322021484375
2024-01-06,STORE0012,SKU0022,106.21548461914062,97.69380950927734
2024-01-06,STORE0012,SKU0023,76.66179656982422,72.58173370361328
2024-01-06,STORE0012,SKU0025,25.942726135253906,33.592586517333984
2024-01-06,STORE0012,SKU0026,93.92774963378906,111.80210876464844
2024-01-06,STORE0012,SKU0027,106.14472961425781,119.03897094726562
2024-01-06,STORE0012,SKU0028,107.83235931396484,120.47721099853516
2024-01-06,STORE0012,SKU0029,25.767108917236328,34.029327392578125
2024-01-06,STORE0012,SKU0030,39.84272766113281,59.16539764404297
2024-01-06,STORE0012,SKU0032,62.296051025390625,75.28986358642578
2024-01-06,STORE0012,SKU0033,85.10810852050781,109.19867706298828
2024-01-06,STORE0012,SKU0034,126.68145751953125,150.72406005859375
2024-01-06,STORE0012,SKU0035,157.2581329345703,152.8043670654297
2024-01-06,STORE0012,SKU0036,35.571529388427734,45.72856521606445
2024-01-06,STORE0012,SKU0037,93.30412292480469,109.82756042480469
2024-01-06,STORE0012,SKU0038,84.12793731689453,103.38607025146484
2024-01-06,STORE0012,SKU0039,13.246280670166016,16.986751556396484
2024-01-06,STORE0012,SKU0043,40.23685836791992,46.903106689453125
2024-01-06,STORE0012,SKU0044,76.84040069580078,96.6866455078125
2024-01-06,STORE0012,SKU0046,84.40821075439453,101.49681091308594
2024-01-06,STORE0012,SKU0047,66.05448913574219,83.91314697265625
2024-01-06,STORE0012,SKU0048,60.09994888305664,71.26911926269531
2024-01-06,STORE0012,SKU0050,17.624435424804688,18.386014938354492
2024-01-06,STORE0012,SKU0052,60.24861145019531,59.514713287353516
2024-01-06,STORE0012,SKU0053,33.242889404296875,35.726356506347656
2024-01-06,STORE0012,SKU0054,87.21354675292969,83.95089721679688
2024-01-06,STORE0012,SKU0055,14.83353042602539,14.84255599975586
2024-01-06,STORE0012,SKU0056,23.122268676757812,22.636749267578125
2024-01-06,STORE0012,SKU0057,90.74838256835938,85.92028045654297
2024-01-06,STORE0012,SKU0058,101.36311340332031,91.39806365966797
2024-01-06,STORE0012,SKU0059,25.001991271972656,27.807783126831055
2024-01-06,STORE0012,SKU0060,63.706398010253906,61.795448303222656
2024-01-06,STORE0012,SKU0061,101.85652160644531,99.52711486816406
2024-01-06,STORE0012,SKU0062,17.85553741455078,17.459226608276367
2024-01-06,STORE0012,SKU0064,100.80043029785156,89.43963623046875
2024-01-06,STORE0012,SKU0065,58.86568832397461,58.7265739440918
2024-01-06,STORE0012,SKU0066,29.598684310913086,28.104854583740234
2024-01-06,STORE0012,SKU0068,42.857601165771484,37.96208190917969
2024-01-06,STORE0012,SKU0070,110.68923950195312,104.91097259521484
2024-01-06,STORE0012,SKU0071,33.645965576171875,31.90498161315918
2024-01-06,STORE0012,SKU0072,39.677696228027344,41.95557403564453
2024-01-06,STORE0012,SKU0074,59.091270446777344,64.66728210449219
2024-01-06,STORE0012,SKU0075,35.05567932128906,37.879459381103516
2024-01-06,STORE0012,SKU0076,32.49568557739258,31.409770965576172
2024-01-06,STORE0012,SKU0077,58.34920883178711,51.327327728271484
2024-01-06,STORE0012,SKU0078,31.72244644165039,33.19234848022461
2024-01-06,STORE0012,SKU0080,82.7271728515625,90.07463836669922
2024-01-06,STORE0012,SKU0081,74.70225524902344,75.23578643798828
2024-01-06,STORE0012,SKU0083,93.73551940917969,97.37000274658203
2024-01-06,STORE0012,SKU0084,26.334453582763672,27.105344772338867
2024-01-06,STORE0012,SKU0085,68.02204895019531,72.43437194824219
2024-01-06,STORE0012,SKU0086,8.738494873046875,9.118213653564453
2024-01-06,STORE0012,SKU0088,24.942787170410156,26.358911514282227
2024-01-06,STORE0012,SKU0089,46.333412170410156,43.761783599853516
2024-01-06,STORE0012,SKU0091,18.732505798339844,17.69213104248047
2024-01-06,STORE0012,SKU0092,103.60560607910156,99.8375244140625
2024-01-06,STORE0012,SKU0094,66.13018035888672,62.82560729980469
2024-01-06,STORE0012,SKU0095,30.3416805267334,34.712711334228516
2024-01-06,STORE0012,SKU0096,102.52813720703125,97.92597198486328
2024-01-06,STORE0012,SKU0097,72.64639282226562,73.97120666503906
2024-01-06,STORE0012,SKU0098,42.68568420410156,39.7226676940918
2024-01-06,STORE0012,SKU0099,102.65290069580078,99.69413757324219
2024-01-06,STORE0012,SKU0100,92.30481719970703,95.079833984375
2024-01-06,STORE0012,SKU0101,15.427871704101562,17.37594223022461
2024-01-06,STORE0013,SKU0001,61.17939376831055,67.53720092773438
2024-01-06,STORE0013,SKU0002,41.748382568359375,38.36033630371094
2024-01-06,STORE0013,SKU0003,14.687034606933594,11.93700885772705
2024-01-06,STORE0013,SKU0006,62.53911209106445,59.5035400390625
2024-01-06,STORE0013,SKU0008,15.6434326171875,14.608994483947754
2024-01-06,STORE0013,SKU0009,35.994850158691406,31.433645248413086
2024-01-06,STORE0013,SKU0013,51.36014938354492,48.53546905517578
2024-01-06,STORE0013,SKU0014,36.243377685546875,37.511051177978516
2024-01-06,STORE0013,SKU0015,9.022754669189453,7.562611103057861
2024-01-06,STORE0013,SKU0017,61.14065170288086,62.427757263183594
2024-01-06,STORE0013,SKU0020,31.830659866333008,31.041337966918945
2024-01-06,STORE0013,SKU0024,34.58744430541992,36.940673828125
2024-01-06,STORE0013,SKU0025,15.95656967163086,18.330045700073242
2024-01-06,STORE0013,SKU0026,52.35914993286133,63.325775146484375
2024-01-06,STORE0013,SKU0027,58.848411560058594,73.52994537353516
2024-01-06,STORE0013,SKU0028,60.95259094238281,75.43546295166016
2024-01-06,STORE0013,SKU0031,28.021705627441406,37.593997955322266
2024-01-06,STORE0013,SKU0032,34.56841278076172,44.32049560546875
2024-01-06,STORE0013,SKU0034,71.81208801269531,91.23131561279297
2024-01-06,STORE0013,SKU0036,22.341941833496094,31.13192367553711
2024-01-06,STORE0013,SKU0037,53.532718658447266,68.5328598022461
2024-01-06,STORE0013,SKU0039,8.358814239501953,10.757699966430664
2024-01-06,STORE0013,SKU0040,11.44485855102539,14.491409301757812
2024-01-06,STORE0013,SKU0041,43.459896087646484,55.65024185180664
2024-01-06,STORE0013,SKU0049,29.871747970581055,26.65110206604004
2024-01-06,STORE0013,SKU0056,14.201595306396484,15.461078643798828
2024-01-06,STORE0013,SKU0057,51.65403366088867,55.04399871826172
2024-01-06,STORE0013,SKU0061,56.30376434326172,59.43898391723633
2024-01-06,STORE0013,SKU0063,31.064979553222656,28.654300689697266
2024-01-06,STORE0013,SKU0065,34.10101318359375,37.180362701416016
2024-01-06,STORE0013,SKU0068,26.177417755126953,26.848833084106445
2024-01-06,STORE0013,SKU0071,20.604686737060547,17.416656494140625
2024-01-06,STORE0013,SKU0076,19.98101806640625,19.204925537109375
2024-01-06,STORE0013,SKU0080,47.45329666137695,52.87702560424805
2024-01-06,STORE0013,SKU0084,16.962017059326172,16.582332611083984
2024-01-06,STORE0013,SKU0085,41.08661651611328,39.9378547668457
2024-01-06,STORE0013,SKU0086,5.690086364746094,6.49157190322876
2024-01-06,STORE0013,SKU0087,20.692535400390625,20.5681209564209
2024-01-06,STORE0013,SKU0089,28.286457061767578,30.218156814575195
2024-01-06,STORE0013,SKU0090,14.218425750732422,13.213774681091309
2024-01-06,STORE0013,SKU0096,56.58738708496094,58.03510665893555
2024-01-06,STORE0013,SKU0097,43.47007751464844,43.11933135986328
2024-01-06,STORE0013,SKU0099,58.8473014831543,54.6226921081543
2024-01-06,STORE0013,SKU0102,58.19435501098633,59.883636474609375
2024-01-07,STORE0001,SKU0001,124.44097900390625,120.62849426269531
2024-01-07,STORE0001,SKU0002,83.11536407470703,79.5725326538086
2024-01-07,STORE0001,SKU0004,115.13904571533203,111.86683654785156
2024-01-07,STORE0001,SKU0006,129.17564392089844,117.1138916015625
2024-01-07,STORE0001,SKU0007,35.67388153076172,29.424638748168945
2024-01-07,STORE0001,SKU0008,30.4240665435791,30.87457847595215
2024-01-07,STORE0001,SKU0010,46.39070129394531,44.58727264404297
2024-01-07,STORE0001,SKU0011,26.037906646728516,21.127599716186523
2024-01-07,STORE0001,SKU0012,55.831390380859375,55.01262283325195
2024-01-07,STORE0001,SKU0014,72.41283416748047,71.36573028564453
2024-01-07,STORE0001,SKU0015,16.041839599609375,12.786235809326172
2024-01-07,STORE0001,SKU0016,31.391408920288086,28.6218204498291
2024-01-07,STORE0001,SKU0017,124.04241943359375,118.2146224975586
2024-01-07,STORE0001,SKU0018,111.70158386230469,108.29158020019531
2024-01-07,STORE0001,SKU0019,21.025753021240234,18.264026641845703
2024-01-07,STORE0001,SKU0020,61.99197006225586,55.43334197998047
2024-01-07,STORE0001,SKU0021,69.76531982421875,72.51532745361328
2024-01-07,STORE0001,SKU0023,87.97685241699219,85.54073333740234
2024-01-07,STORE0001,SKU0024,69.36746978759766,58.93279266357422
2024-01-07,STORE0001,SKU0026,110.86076354980469,118.68704986572266
2024-01-07,STORE0001,SKU0027,125.28498840332031,142.302001953125
2024-01-07,STORE0001,SKU0029,31.228910446166992,44.225440979003906
2024-01-07,STORE0001,SKU0030,47.29425811767578,58.52998352050781
2024-01-07,STORE0001,SKU0031,56.02888870239258,64.68704223632812
2024-01-07,STORE0001,SKU0033,103.83387756347656,117.59626007080078
2024-01-07,STORE0001,SKU0035,177.30421447753906,167.93482971191406
2024-01-07,STORE0001,SKU0036,43.47917175292969,53.382999420166016
2024-01-07,STORE0001,SKU0037,108.6656723022461,113.78351593017578
2024-01-07,STORE0001,SKU0038,99.35749816894531,111.56684112548828
2024-01-07,STORE0001,SKU0039,16.532726287841797,20.947830200195312
2024-01-07,STORE0001,SKU0040,22.508438110351562,24.479429244995117
2024-01-07,STORE0001,SKU0041,89.9805679321289,101.09369659423828
2024-01-07,STORE0001,SKU0042,13.355209350585938,19.883024215698242
2024-01-07,STORE0001,SKU0043,47.53839111328125,56.98276138305664
2024-01-07,STORE0001,SKU0045,70.0617904663086,79.7115707397461
2024-01-07,STORE0001,SKU0046,99.86236572265625,106.26911926269531
2024-01-07,STORE0001,SKU0047,79.87003326416016,96.36737823486328
2024-01-07,STORE0001,SKU0048,72.20550537109375,86.44059753417969
2024-01-07,STORE0001,SKU0049,60.53437042236328,58.21437454223633
2024-01-07,STORE0001,SKU0050,21.204113006591797,20.36515998840332
2024-01-07,STORE0001,SKU0051,83.79985046386719,78.84864044189453
2024-01-07,STORE0001,SKU0053,39.42488098144531,36.80656814575195
2024-01-07,STORE0001,SKU0054,101.53569030761719,94.63668823242188
2024-01-07,STORE0001,SKU0055,17.75566864013672,17.142833709716797
2024-01-07,STORE0001,SKU0056,27.58049774169922,27.191984176635742
2024-01-07,STORE0001,SKU0058,116.69563293457031,107.53546905517578
2024-01-07,STORE0001,SKU0059,29.251554489135742,33.01022720336914
2024-01-07,STORE0001,SKU0060,75.03630065917969,71.2936019897461
2024-01-07,STORE0001,SKU0061,116.17159271240234,104.18868255615234
2024-01-07,STORE0001,SKU0062,21.70287322998047,23.78374481201172
2024-01-07,STORE0001,SKU0063,62.2461051940918,63.41222381591797
2024-01-07,STORE0001,SKU0065,69.01647186279297,67.79767608642578
2024-01-07,STORE0001,SKU0066,35.377769470214844,34.17330551147461
2024-01-07,STORE0001,SKU0067,50.42070770263672,48.42522048950195
2024-01-07,STORE0001,SKU0068,51.61307907104492,47.475833892822266
2024-01-07,STORE0001,SKU0069,97.66470336914062,95.3099365234375
2024-01-07,STORE0001,SKU0070,126.67588806152344,118.57347106933594
2024-01-07,STORE0001,SKU0072,46.28706741333008,39.17637252807617
2024-01-07,STORE0001,SKU0073,13.619709014892578,12.887646675109863
2024-01-07,STORE0001,SKU0074,69.81884002685547,59.97127914428711
2024-01-07,STORE0001,SKU0076,39.47801971435547,33.99799728393555
2024-01-07,STORE0001,SKU0077,68.0573959350586,62.6707763671875
2024-01-07,STORE0001,SKU0078,37.48188400268555,37.120628356933594
2024-01-07,STORE0001,SKU0080,95.98316192626953,89.75958251953125
2024-01-07,STORE0001,SKU0081,87.20122528076172,81.4031753540039
2024-01-07,STORE0001,SKU0082,73.59552764892578,72.63265991210938
2024-01-07,STORE0001,SKU0084,30.900930404663086,30.47500991821289
2024-01-07,STORE0001,SKU0086,11.239120483398438,10.919639587402344
2024-01-07,STORE0001,SKU0087,38.753379821777344,35.92723846435547
2024-01-07,STORE0001,SKU0090,25.625015258789062,26.04039192199707
2024-01-07,STORE0001,SKU0092,118.8563232421875,110.3663558959961
2024-01-07,STORE0001,SKU0093,91.76719665527344,89.1506118774414
2024-01-07,STORE0001,SKU0094,78.0171890258789,78.824462890625
2024-01-07,STORE0001,SKU0095,36.90863800048828,37.591068267822266
2024-01-07,STORE0001,SKU0096,118.84909057617188,109.4343032836914
2024-01-07,STORE0001,SKU0097,85.31682586669922,84.28532409667969
2024-01-07,STORE0001,SKU0098,50.90949249267578,50.08442687988281
2024-01-07,STORE0001,SKU0099,119.65214538574219,113.45021057128906
2024-01-07,STORE0001,SKU0100,105.56749725341797,101.95686340332031
2024-01-07,STORE0001,SKU0101,18.858749389648438,18.608510971069336
2024-01-07,STORE0002,SKU0001,87.44821166992188,93.93663787841797
2024-01-07,STORE0002,SKU0002,57.82013702392578,62.8134880065918
2024-01-07,STORE0002,SKU0003,19.82455825805664,19.06383514404297
2024-01-07,STORE0002,SKU0004,80.28994750976562,88.24943542480469
2024-01-07,STORE0002,SKU0005,66.0098648071289,63.10617446899414
2024-01-07,STORE0002,SKU0006,91.21670532226562,96.74626922607422
2024-01-07,STORE0002,SKU0007,25.203792572021484,24.90949249267578
2024-01-07,STORE0002,SKU0008,21.66018295288086,19.53977394104004
2024-01-07,STORE0002,SKU0009,50.27949905395508,51.57182693481445
2024-01-07,STORE0002,SKU0010,32.06671142578125,30.209415435791016
2024-01-07,STORE0002,SKU0011,19.426185607910156,18.896509170532227
2024-01-07,STORE0002,SKU0012,38.23721694946289,43.69258499145508
2024-01-07,STORE0002,SKU0014,50.35813903808594,55.65262222290039
2024-01-07,STORE0002,SKU0015,11.777580261230469,9.147710800170898
2024-01-07,STORE0002,SKU0016,22.20676040649414,19.590784072875977
2024-01-07,STORE0002,SKU0017,86.50961303710938,81.48978424072266
2024-01-07,STORE0002,SKU0018,74.91901397705078,70.28546905517578
2024-01-07,STORE0002,SKU0019,15.4195556640625,14.566366195678711
2024-01-07,STORE0002,SKU0020,43.82621765136719,47.95726776123047
2024-01-07,STORE0002,SKU0022,83.79670715332031,84.89442443847656
2024-01-07,STORE0002,SKU0023,61.54611587524414,54.71177673339844
2024-01-07,STORE0002,SKU0024,48.849388122558594,51.33125305175781
2024-01-07,STORE0002,SKU0025,22.25664520263672,29.37419319152832
2024-01-07,STORE0002,SKU0026,77.93672180175781,91.46094512939453
2024-01-07,STORE0002,SKU0027,87.0569839477539,107.02147674560547
2024-01-07,STORE0002,SKU0028,88.00047302246094,96.11724853515625
2024-01-07,STORE0002,SKU0030,33.539886474609375,50.0494270324707
2024-01-07,STORE0002,SKU0031,39.235755920410156,50.82127380371094
2024-01-07,STORE0002,SKU0032,50.81659698486328,59.5460090637207
2024-01-07,STORE0002,SKU0033,71.23358917236328,92.30020141601562
2024-01-07,STORE0002,SKU0034,100.78367614746094,120.74211120605469
2024-01-07,STORE0002,SKU0036,31.358455657958984,38.67302703857422
2024-01-07,STORE0002,SKU0037,74.80013275146484,94.67095184326172
2024-01-07,STORE0002,SKU0038,68.33897399902344,85.09440612792969
2024-01-07,STORE0002,SKU0039,11.82590103149414,14.618529319763184
2024-01-07,STORE0002,SKU0040,16.322322845458984,19.000104904174805
2024-01-07,STORE0002,SKU0041,62.890316009521484,80.59127807617188
2024-01-07,STORE0002,SKU0042,9.386959075927734,13.909887313842773
2024-01-07,STORE0002,SKU0043,33.34773254394531,44.47825241088867
2024-01-07,STORE0002,SKU0044,62.388572692871094,80.61573791503906
2024-01-07,STORE0002,SKU0046,68.10763549804688,89.74808502197266
2024-01-07,STORE0002,SKU0048,49.574283599853516,60.522216796875
2024-01-07,STORE0002,SKU0051,60.4703483581543,61.29490280151367
2024-01-07,STORE0002,SKU0052,49.672733306884766,51.676509857177734
2024-01-07,STORE0002,SKU0054,69.23954010009766,74.16261291503906
2024-01-07,STORE0002,SKU0055,13.182376861572266,12.938170433044434
2024-01-07,STORE0002,SKU0056,19.629718780517578,19.483531951904297
2024-01-07,STORE0002,SKU0058,82.28697967529297,86.59392547607422
2024-01-07,STORE0002,SKU0059,21.70064926147461,22.096982955932617
2024-01-07,STORE0002,SKU0060,54.01936721801758,52.255435943603516
2024-01-07,STORE0002,SKU0062,16.202373504638672,16.697044372558594
2024-01-07,STORE0002,SKU0063,44.63275146484375,38.17636489868164
2024-01-07,STORE0002,SKU0064,81.29048156738281,83.76622009277344
2024-01-07,STORE0002,SKU0065,48.96744155883789,49.46163558959961
2024-01-07,STORE0002,SKU0066,26.04222869873047,22.984817504882812
2024-01-07,STORE0002,SKU0069,68.69219970703125,69.61280059814453
2024-01-07,STORE0002,SKU0070,91.3243408203125,94.69017028808594
2024-01-07,STORE0002,SKU0071,28.480745315551758,27.680696487426758
2024-01-07,STORE0002,SKU0073,9.44265365600586,9.397889137268066
2024-01-07,STORE0002,SKU0074,48.49395751953125,49.459415435791016
2024-01-07,STORE0002,SKU0075,30.14803695678711,31.395572662353516
2024-01-07,STORE0002,SKU0078,27.161579132080078,25.482196807861328
2024-01-07,STORE0002,SKU0079,70.83141326904297,71.18474578857422
2024-01-07,STORE0002,SKU0081,61.01304244995117,61.74951934814453
2024-01-07,STORE0002,SKU0082,52.73331832885742,51.3377571105957
2024-01-07,STORE0002,SKU0083,76.70181274414062,79.9648208618164
2024-01-07,STORE0002,SKU0084,23.017784118652344,21.92505645751953
2024-01-07,STORE0002,SKU0086,8.47354507446289,7.834855556488037
2024-01-07,STORE0002,SKU0087,27.80217933654785,23.602500915527344
2024-01-07,STORE0002,SKU0088,21.62311553955078,23.22760772705078
2024-01-07,STORE0002,SKU0089,39.28089904785156,41.09990692138672
2024-01-07,STORE0002,SKU0090,18.35686492919922,18.15397834777832
2024-01-07,STORE0002,SKU0092,82.71370697021484,85.51545715332031
2024-01-07,STORE0002,SKU0093,63.135345458984375,64.30299377441406
2024-01-07,STORE0002,SKU0096,82.40162658691406,83.73088073730469
2024-01-07,STORE0002,SKU0097,60.7306022644043,58.68407440185547
2024-01-07,STORE0002,SKU0098,35.851226806640625,35.95701599121094
2024-01-07,STORE0002,SKU0099,82.91319274902344,82.74554443359375
2024-01-07,STORE0002,SKU0101,14.09847640991211,14.74921703338623
2024-01-07,STORE0002,SKU0102,84.2650375366211,92.0801010131836
2024-01-07,STORE0003,SKU0001,88.35745239257812,95.119140625
2024-01-07,STORE0003,SKU0003,19.117172241210938,20.89212417602539
2024-01-07,STORE0003,SKU0004,80.637939453125,80.1445083618164
2024-01-07,STORE0003,SKU0005,66.7835693359375,70.57868194580078
2024-01-07,STORE0003,SKU0006,91.83328247070312,88.09297180175781
2024-01-07,STORE0003,SKU0007,24.724842071533203,24.956623077392578
2024-01-07,STORE0003,SKU0008,21.119548797607422,21.50921058654785
2024-01-07,STORE0003,SKU0009,50.40216827392578,54.474700927734375
2024-01-07,STORE0003,SKU0010,31.2081356048584,30.089662551879883
2024-01-07,STORE0003,SKU0011,18.710777282714844,17.941635131835938
2024-01-07,STORE0003,SKU0012,38.09761047363281,42.92795181274414
2024-01-07,STORE0003,SKU0013,71.79289245605469,68.61302947998047
2024-01-07,STORE0003,SKU0014,50.528076171875,54.1790885925293
2024-01-07,STORE0003,SKU0015,10.701286315917969,9.740280151367188
2024-01-07,STORE0003,SKU0016,21.560882568359375,18.9587459564209
2024-01-07,STORE0003,SKU0019,14.782402038574219,13.452777862548828
2024-01-07,STORE0003,SKU0020,43.18848419189453,46.174583435058594
2024-01-07,STORE0003,SKU0021,48.099300384521484,48.46676254272461
2024-01-07,STORE0003,SKU0022,84.39217376708984,89.30998229980469
2024-01-07,STORE0003,SKU0023,61.94634246826172,63.86459732055664
2024-01-07,STORE0003,SKU0024,48.75775146484375,50.208003997802734
2024-01-07,STORE0003,SKU0025,21.371978759765625,27.485837936401367
2024-01-07,STORE0003,SKU0026,77.44276428222656,90.62496185302734
2024-01-07,STORE0003,SKU0028,88.20205688476562,102.95347595214844
2024-01-07,STORE0003,SKU0030,32.84136199951172,43.82029724121094
2024-01-07,STORE0003,SKU0031,39.33320999145508,49.47487258911133
2024-01-07,STORE0003,SKU0033,71.96964263916016,103.5188217163086
2024-01-07,STORE0003,SKU0035,128.66680908203125,154.0000457763672
2024-01-07,STORE0003,SKU0037,76.79976654052734,97.15286254882812
2024-01-07,STORE0003,SKU0039,10.920578002929688,15.218781471252441
2024-01-07,STORE0003,SKU0040,15.655826568603516,17.579137802124023
2024-01-07,STORE0003,SKU0041,62.44525146484375,78.8363265991211
2024-01-07,STORE0003,SKU0042,8.4356689453125,14.47977066040039
2024-01-07,STORE0003,SKU0043,32.89131164550781,45.08780288696289
2024-01-07,STORE0003,SKU0044,62.39270782470703,81.76240539550781
2024-01-07,STORE0003,SKU0045,48.28574752807617,64.98352813720703
2024-01-07,STORE0003,SKU0046,69.04278564453125,85.50102996826172
2024-01-07,STORE0003,SKU0047,54.76679992675781,73.38395690917969
2024-01-07,STORE0003,SKU0048,49.063323974609375,64.42494201660156
2024-01-07,STORE0003,SKU0049,41.93191146850586,40.0926399230957
2024-01-07,STORE0003,SKU0050,14.95528793334961,15.420266151428223
2024-01-07,STORE0003,SKU0051,60.62269973754883,60.57356262207031
2024-01-07,STORE0003,SKU0052,48.961917877197266,49.244873046875
2024-01-07,STORE0003,SKU0053,27.344181060791016,30.1762752532959
2024-01-07,STORE0003,SKU0054,69.94084930419922,77.05303955078125
2024-01-07,STORE0003,SKU0055,12.319931030273438,12.294793128967285
2024-01-07,STORE0003,SKU0056,19.014575958251953,19.221567153930664
2024-01-07,STORE0003,SKU0058,82.53739166259766,84.03883361816406
2024-01-07,STORE0003,SKU0060,53.19797134399414,54.16024398803711
2024-01-07,STORE0003,SKU0061,81.75860595703125,89.93938446044922
2024-01-07,STORE0003,SKU0062,15.360633850097656,15.733709335327148
2024-01-07,STORE0003,SKU0063,43.604881286621094,45.862369537353516
2024-01-07,STORE0003,SKU0064,81.77447509765625,84.8460693359375
2024-01-07,STORE0003,SKU0065,48.54926300048828,51.52461624145508
2024-01-07,STORE0003,SKU0066,25.337688446044922,24.160663604736328
2024-01-07,STORE0003,SKU0067,35.450313568115234,35.27150344848633
2024-01-07,STORE0003,SKU0068,35.80691146850586,36.61589431762695
2024-01-07,STORE0003,SKU0069,68.76060485839844,70.59436798095703
2024-01-07,STORE0003,SKU0070,91.55813598632812,90.2934799194336
2024-01-07,STORE0003,SKU0071,27.695283889770508,28.838428497314453
2024-01-07,STORE0003,SKU0073,8.456901550292969,9.287667274475098
2024-01-07,STORE0003,SKU0075,29.106224060058594,33.9376220703125
2024-01-07,STORE0003,SKU0076,26.786109924316406,27.189207077026367
2024-01-07,STORE0003,SKU0077,47.768455505371094,47.91817092895508
2024-01-07,STORE0003,SKU0082,52.297908782958984,48.34038162231445
2024-01-07,STORE0003,SKU0084,22.108463287353516,24.165172576904297
2024-01-07,STORE0003,SKU0086,7.584098815917969,8.005176544189453
2024-01-07,STORE0003,SKU0087,27.108524322509766,25.91299057006836
2024-01-07,STORE0003,SKU0088,20.83702850341797,20.717899322509766
2024-01-07,STORE0003,SKU0089,38.52032470703125,41.78458023071289
2024-01-07,STORE0003,SKU0091,15.909614562988281,16.12775421142578
2024-01-07,STORE0003,SKU0092,83.62120056152344,77.01592254638672
2024-01-07,STORE0003,SKU0093,62.4490852355957,64.3440933227539
2024-01-07,STORE0003,SKU0094,53.94538879394531,53.402061462402344
2024-01-07,STORE0003,SKU0095,25.630638122558594,26.530315399169922
2024-01-07,STORE0003,SKU0096,82.28364562988281,76.30281829833984
2024-01-07,STORE0003,SKU0097,60.54644012451172,61.76740264892578
2024-01-07,STORE0003,SKU0099,83.65997314453125,86.84473419189453
2024-01-07,STORE0003,SKU0100,75.35810089111328,82.65262603759766
2024-01-07,STORE0003,SKU0101,13.3369140625,13.985464096069336
2024-01-07,STORE0004,SKU0001,124.59048461914062,119.79696655273438
2024-01-07,STORE0004,SKU0002,83.80208587646484,80.44414520263672
2024-01-07,STORE0004,SKU0003,26.220657348632812,28.351627349853516
2024-01-07,STORE0004,SKU0005,95.56595611572266,90.526123046875
2024-01-07,STORE0004,SKU0007,35.45017623901367,33.71125793457031
2024-01-07,STORE0004,SKU0008,30.066923141479492,29.60529136657715
2024-01-07,STORE0004,SKU0009,74.30818939208984,70.22799682617188
2024-01-07,STORE0004,SKU0012,55.313838958740234,53.896018981933594
2024-01-07,STORE0004,SKU0013,106.307861328125,98.46279907226562
2024-01-07,STORE0004,SKU0014,73.0237045288086,68.96981811523438
2024-01-07,STORE0004,SKU0015,16.058937072753906,13.718756675720215
2024-01-07,STORE0004,SKU0017,124.46133422851562,117.41291046142578
2024-01-07,STORE0004,SKU0018,111.41703033447266,105.79730224609375
2024-01-07,STORE0004,SKU0019,20.928668975830078,20.19750213623047
2024-01-07,STORE0004,SKU0020,61.93599319458008,65.97505187988281
2024-01-07,STORE0004,SKU0021,69.27037048339844,73.63402557373047
2024-01-07,STORE0004,SKU0023,89.36441040039062,83.97537231445312
2024-01-07,STORE0004,SKU0024,69.52422332763672,74.19085693359375
2024-01-07,STORE0004,SKU0025,31.24908447265625,35.49433135986328
2024-01-07,STORE0004,SKU0026,113.25547790527344,118.37971496582031
2024-01-07,STORE0004,SKU0027,125.23994445800781,129.18795776367188
2024-01-07,STORE0004,SKU0028,126.23403930664062,125.09304809570312
2024-01-07,STORE0004,SKU0029,31.251628875732422,42.31357955932617
2024-01-07,STORE0004,SKU0031,56.513885498046875,67.83804321289062
2024-01-07,STORE0004,SKU0032,74.44478607177734,87.93118286132812
2024-01-07,STORE0004,SKU0033,102.01065063476562,117.6124267578125
2024-01-07,STORE0004,SKU0034,149.66854858398438,159.64321899414062
2024-01-07,STORE0004,SKU0035,180.48533630371094,176.55184936523438
2024-01-07,STORE0004,SKU0036,43.8105354309082,55.408042907714844
2024-01-07,STORE0004,SKU0037,110.18811798095703,123.10626220703125
2024-01-07,STORE0004,SKU0038,98.32760620117188,119.79182434082031
2024-01-07,STORE0004,SKU0039,16.31911849975586,20.701160430908203
2024-01-07,STORE0004,SKU0040,22.558979034423828,28.14181137084961
2024-01-07,STORE0004,SKU0041,89.03909301757812,99.23548126220703
2024-01-07,STORE0004,SKU0045,70.26034545898438,78.0593032836914
2024-01-07,STORE0004,SKU0046,99.62749481201172,105.72735595703125
2024-01-07,STORE0004,SKU0047,79.2127914428711,92.1400146484375
2024-01-07,STORE0004,SKU0048,70.26506042480469,82.02584838867188
2024-01-07,STORE0004,SKU0049,59.958316802978516,58.55900573730469
2024-01-07,STORE0004,SKU0050,20.980419158935547,20.312889099121094
2024-01-07,STORE0004,SKU0051,85.17408752441406,87.92193603515625
2024-01-07,STORE0004,SKU0052,70.2347412109375,68.55309295654297
2024-01-07,STORE0004,SKU0053,39.64222717285156,37.50571060180664
2024-01-07,STORE0004,SKU0054,100.17483520507812,92.58820343017578
2024-01-07,STORE0004,SKU0055,17.527854919433594,17.894887924194336
2024-01-07,STORE0004,SKU0056,27.161115646362305,27.81576919555664
2024-01-07,STORE0004,SKU0057,107.57630920410156,104.45307922363281
2024-01-07,STORE0004,SKU0058,115.46284484863281,108.51801300048828
2024-01-07,STORE0004,SKU0060,74.1930160522461,69.0901107788086
2024-01-07,STORE0004,SKU0061,117.64466094970703,110.97772216796875
2024-01-07,STORE0004,SKU0062,21.612754821777344,21.845144271850586
2024-01-07,STORE0004,SKU0063,63.512508392333984,63.27616882324219
2024-01-07,STORE0004,SKU0064,113.2650375366211,108.98139190673828
2024-01-07,STORE0004,SKU0065,69.36418914794922,65.55224609375
2024-01-07,STORE0004,SKU0066,35.00743103027344,34.38423156738281
2024-01-07,STORE0004,SKU0068,51.517250061035156,44.250064849853516
2024-01-07,STORE0004,SKU0070,125.72889709472656,118.05097198486328
2024-01-07,STORE0004,SKU0071,40.12431335449219,35.680423736572266
2024-01-07,STORE0004,SKU0072,46.11585998535156,44.84412384033203
2024-01-07,STORE0004,SKU0075,40.68779373168945,42.78312301635742
2024-01-07,STORE0004,SKU0076,38.89207077026367,33.69401931762695
2024-01-07,STORE0004,SKU0077,68.19805908203125,67.87132263183594
2024-01-07,STORE0004,SKU0078,36.91059112548828,36.641510009765625
2024-01-07,STORE0004,SKU0079,101.19143676757812,99.5313949584961
2024-01-07,STORE0004,SKU0081,86.71659851074219,89.09835815429688
2024-01-07,STORE0004,SKU0085,78.22264099121094,76.25188446044922
2024-01-07,STORE0004,SKU0087,38.40496826171875,38.34646987915039
2024-01-07,STORE0004,SKU0088,29.43705940246582,28.570222854614258
2024-01-07,STORE0004,SKU0090,25.29309844970703,24.20199966430664
2024-01-07,STORE0004,SKU0091,22.676162719726562,23.981321334838867
2024-01-07,STORE0004,SKU0092,119.75415802001953,102.86456298828125
2024-01-07,STORE0004,SKU0093,91.95858001708984,95.84947204589844
2024-01-07,STORE0004,SKU0095,36.912132263183594,37.29132843017578
2024-01-07,STORE0004,SKU0096,118.64239501953125,109.31963348388672
2024-01-07,STORE0004,SKU0097,84.59293365478516,86.40625
2024-01-07,STORE0004,SKU0098,50.20317459106445,45.619205474853516
2024-01-07,STORE0004,SKU0099,120.08561706542969,108.57554626464844
2024-01-07,STORE0004,SKU0100,107.09486389160156,103.87067413330078
2024-01-07,STORE0004,SKU0101,18.696441650390625,18.916784286499023
2024-01-07,STORE0004,SKU0102,121.01412963867188,113.72271728515625
2024-01-07,STORE0005,SKU0001,125.201416015625,122.53192901611328
2024-01-07,STORE0005,SKU0002,82.87448120117188,76.16917419433594
2024-01-07,STORE0005,SKU0003,26.749168395996094,25.599462509155273
2024-01-07,STORE0005,SKU0004,115.07174682617188,110.44889068603516
2024-01-07,STORE0005,SKU0005,97.24166870117188,84.25355529785156
2024-01-07,STORE0005,SKU0006,130.5920867919922,120.1449203491211
2024-01-07,STORE0005,SKU0007,35.90986633300781,35.823944091796875
2024-01-07,STORE0005,SKU0009,73.73234558105469,71.89082336425781
2024-01-07,STORE0005,SKU0010,46.30744171142578,42.01021957397461
2024-01-07,STORE0005,SKU0011,26.375579833984375,23.4714298248291
2024-01-07,STORE0005,SKU0012,55.21177291870117,55.21436309814453
2024-01-07,STORE0005,SKU0013,104.51373291015625,102.70316314697266
2024-01-07,STORE0005,SKU0014,72.94290161132812,62.06255340576172
2024-01-07,STORE0005,SKU0015,16.03687286376953,13.975988388061523
2024-01-07,STORE0005,SKU0016,31.727231979370117,27.106853485107422
2024-01-07,STORE0005,SKU0018,111.78988647460938,100.78794860839844
2024-01-07,STORE0005,SKU0019,21.44713592529297,18.31295394897461
2024-01-07,STORE0005,SKU0020,61.97050094604492,62.5986442565918
2024-01-07,STORE0005,SKU0021,68.05760192871094,69.37140655517578
2024-01-07,STORE0005,SKU0022,121.56785583496094,113.27458953857422
2024-01-07,STORE0005,SKU0023,88.27169799804688,80.61808013916016
2024-01-07,STORE0005,SKU0026,110.62074279785156,111.69998931884766
2024-01-07,STORE0005,SKU0027,125.52017211914062,133.22666931152344
2024-01-07,STORE0005,SKU0028,127.32478332519531,138.3773193359375
2024-01-07,STORE0005,SKU0031,55.716339111328125,66.07813262939453
2024-01-07,STORE0005,SKU0033,99.29290771484375,114.35702514648438
2024-01-07,STORE0005,SKU0034,146.2877655029297,157.80409240722656
2024-01-07,STORE0005,SKU0035,174.68702697753906,162.35171508789062
2024-01-07,STORE0005,SKU0036,41.981998443603516,53.479095458984375
2024-01-07,STORE0005,SKU0038,99.72775268554688,114.25071716308594
2024-01-07,STORE0005,SKU0039,16.60599136352539,22.059162139892578
2024-01-07,STORE0005,SKU0040,22.894798278808594,25.111156463623047
2024-01-07,STORE0005,SKU0041,89.81106567382812,93.39424133300781
2024-01-07,STORE0005,SKU0043,48.29792785644531,60.98519515991211
2024-01-07,STORE0005,SKU0045,68.97443389892578,67.0994873046875
2024-01-07,STORE0005,SKU0048,70.42232513427734,78.82427978515625
2024-01-07,STORE0005,SKU0049,60.44580841064453,57.87370300292969
2024-01-07,STORE0005,SKU0050,21.175384521484375,20.367481231689453
2024-01-07,STORE0005,SKU0051,85.3119888305664,93.0117416381836
2024-01-07,STORE0005,SKU0052,70.94264221191406,68.61714172363281
2024-01-07,STORE0005,SKU0053,39.993324279785156,37.360015869140625
2024-01-07,STORE0005,SKU0054,100.86866760253906,95.79688262939453
2024-01-07,STORE0005,SKU0055,18.080535888671875,17.681392669677734
2024-01-07,STORE0005,SKU0056,27.516067504882812,27.029787063598633
2024-01-07,STORE0005,SKU0057,106.75116729736328,105.59735107421875
2024-01-07,STORE0005,SKU0058,117.30084991455078,111.05860900878906
2024-01-07,STORE0005,SKU0060,74.45924377441406,77.77754211425781
2024-01-07,STORE0005,SKU0062,21.774185180664062,21.40182876586914
2024-01-07,STORE0005,SKU0063,62.430179595947266,59.19929122924805
2024-01-07,STORE0005,SKU0064,114.84732055664062,111.50933837890625
2024-01-07,STORE0005,SKU0066,35.62803649902344,30.399038314819336
2024-01-07,STORE0005,SKU0067,51.13584899902344,48.593387603759766
2024-01-07,STORE0005,SKU0068,51.494285583496094,45.233036041259766
2024-01-07,STORE0005,SKU0070,127.99369812011719,114.87238311767578
2024-01-07,STORE0005,SKU0071,40.30940628051758,37.67997360229492
2024-01-07,STORE0005,SKU0072,46.196876525878906,46.10591506958008
2024-01-07,STORE0005,SKU0073,13.756919860839844,11.920044898986816
2024-01-07,STORE0005,SKU0074,69.52978515625,63.36061477661133
2024-01-07,STORE0005,SKU0075,41.43873596191406,41.74870300292969
2024-01-07,STORE0005,SKU0076,38.855613708496094,33.1270637512207
2024-01-07,STORE0005,SKU0077,67.45309448242188,56.78481674194336
2024-01-07,STORE0005,SKU0079,102.08113861083984,94.63069152832031
2024-01-07,STORE0005,SKU0080,96.90054321289062,90.11600494384766
2024-01-07,STORE0005,SKU0081,86.26557922363281,85.04521942138672
2024-01-07,STORE0005,SKU0082,74.20840454101562,75.98381805419922
2024-01-07,STORE0005,SKU0083,109.49992370605469,97.51200103759766
2024-01-07,STORE0005,SKU0084,31.237924575805664,27.303449630737305
2024-01-07,STORE0005,SKU0085,80.11770629882812,81.87865447998047
2024-01-07,STORE0005,SKU0086,11.14229965209961,9.953518867492676
2024-01-07,STORE0005,SKU0087,38.66762161254883,35.95869827270508
2024-01-07,STORE0005,SKU0088,29.901870727539062,29.425600051879883
2024-01-07,STORE0005,SKU0089,56.152854919433594,58.189212799072266
2024-01-07,STORE0005,SKU0091,22.863597869873047,21.154586791992188
2024-01-07,STORE0005,SKU0094,78.77384948730469,78.56188201904297
2024-01-07,STORE0005,SKU0095,37.6168212890625,39.380184173583984
2024-01-07,STORE0005,SKU0096,118.3365478515625,113.6541748046875
2024-01-07,STORE0005,SKU0098,51.29939270019531,53.12989807128906
2024-01-07,STORE0005,SKU0100,105.85232543945312,103.58831024169922
2024-01-07,STORE0005,SKU0101,18.965068817138672,17.7056827545166
2024-01-07,STORE0005,SKU0102,120.04397583007812,117.77667236328125
2024-01-07,STORE0006,SKU0001,125.28482055664062,117.23114013671875
2024-01-07,STORE0006,SKU0003,26.248676300048828,24.546159744262695
2024-01-07,STORE0006,SKU0004,113.93060302734375,104.6506118774414
2024-01-07,STORE0006,SKU0005,96.27662658691406,89.45909118652344
2024-01-07,STORE0006,SKU0006,129.22348022460938,117.84833526611328
2024-01-07,STORE0006,SKU0007,35.88299560546875,34.18077087402344
2024-01-07,STORE0006,SKU0008,30.045778274536133,28.902652740478516
2024-01-07,STORE0006,SKU0009,73.49684143066406,67.59632873535156
2024-01-07,STORE0006,SKU0010,45.47697448730469,44.458621978759766
2024-01-07,STORE0006,SKU0011,26.209964752197266,23.929134368896484
2024-01-07,STORE0006,SKU0012,54.93159866333008,50.83600997924805
2024-01-07,STORE0006,SKU0013,104.46612548828125,105.33031463623047
2024-01-07,STORE0006,SKU0017,124.86973571777344,108.06145477294922
2024-01-07,STORE0006,SKU0018,112.13296508789062,102.09776306152344
2024-01-07,STORE0006,SKU0019,21.223628997802734,19.455175399780273
2024-01-07,STORE0006,SKU0020,62.353660583496094,60.00154113769531
2024-01-07,STORE0006,SKU0021,68.05532836914062,60.906097412109375
2024-01-07,STORE0006,SKU0022,119.46572875976562,110.73089599609375
2024-01-07,STORE0006,SKU0023,88.89924621582031,82.96109771728516
2024-01-07,STORE0006,SKU0025,31.784034729003906,39.188072204589844
2024-01-07,STORE0006,SKU0026,112.77566528320312,119.00675964355469
2024-01-07,STORE0006,SKU0028,127.4022216796875,121.65895080566406
2024-01-07,STORE0006,SKU0029,30.764251708984375,40.194278717041016
2024-01-07,STORE0006,SKU0030,47.53122329711914,59.25244140625
2024-01-07,STORE0006,SKU0031,57.25474548339844,67.49938201904297
2024-01-07,STORE0006,SKU0032,74.95523834228516,88.63418579101562
2024-01-07,STORE0006,SKU0033,104.82049560546875,120.14997863769531
2024-01-07,STORE0006,SKU0034,150.6020050048828,152.45187377929688
2024-01-07,STORE0006,SKU0035,185.69888305664062,170.67213439941406
2024-01-07,STORE0006,SKU0036,42.64987564086914,51.37781524658203
2024-01-07,STORE0006,SKU0037,111.28605651855469,117.8669204711914
2024-01-07,STORE0006,SKU0038,99.53204345703125,114.82437133789062
2024-01-07,STORE0006,SKU0039,16.174598693847656,20.73187255859375
2024-01-07,STORE0006,SKU0040,22.465377807617188,28.035057067871094
2024-01-07,STORE0006,SKU0041,90.2195053100586,104.89505767822266
2024-01-07,STORE0006,SKU0042,13.154777526855469,19.760374069213867
2024-01-07,STORE0006,SKU0044,91.49472045898438,110.31111907958984
2024-01-07,STORE0006,SKU0045,69.38954162597656,84.5104751586914
2024-01-07,STORE0006,SKU0046,99.3848876953125,105.42733764648438
2024-01-07,STORE0006,SKU0047,79.70513153076172,100.26667785644531
2024-01-07,STORE0006,SKU0048,71.94918823242188,82.17393493652344
2024-01-07,STORE0006,SKU0050,20.99978256225586,20.13006591796875
2024-01-07,STORE0006,SKU0052,71.54463958740234,70.84492492675781
2024-01-07,STORE0006,SKU0053,39.73431396484375,36.0649299621582
2024-01-07,STORE0006,SKU0054,99.81904602050781,107.573974609375
2024-01-07,STORE0006,SKU0055,17.731948852539062,18.65701675415039
2024-01-07,STORE0006,SKU0056,27.34857749938965,26.144634246826172
2024-01-07,STORE0006,SKU0057,107.01739501953125,107.05729675292969
2024-01-07,STORE0006,SKU0058,116.16624450683594,114.827880859375
2024-01-07,STORE0006,SKU0060,75.04235076904297,75.4843521118164
2024-01-07,STORE0006,SKU0063,62.594886779785156,52.431331634521484
2024-01-07,STORE0006,SKU0064,116.17021942138672,111.92717742919922
2024-01-07,STORE0006,SKU0065,69.91429138183594,70.51901245117188
2024-01-07,STORE0006,SKU0066,35.23543930053711,36.79280471801758
2024-01-07,STORE0006,SKU0067,50.3209342956543,44.940040588378906
2024-01-07,STORE0006,SKU0069,97.16078186035156,91.85106658935547
2024-01-07,STORE0006,SKU0070,124.64607238769531,116.29241943359375
2024-01-07,STORE0006,SKU0071,39.862648010253906,36.19731903076172
2024-01-07,STORE0006,SKU0072,45.994693756103516,38.695987701416016
2024-01-07,STORE0006,SKU0073,13.550418853759766,13.164621353149414
2024-01-07,STORE0006,SKU0075,41.089202880859375,47.02968215942383
2024-01-07,STORE0006,SKU0076,39.0501823425293,32.34193420410156
2024-01-07,STORE0006,SKU0077,68.59130096435547,65.47452545166016
2024-01-07,STORE0006,SKU0081,86.0062484741211,80.59473419189453
2024-01-07,STORE0006,SKU0084,30.78173065185547,33.148983001708984
2024-01-07,STORE0006,SKU0085,79.39067840576172,85.07384490966797
2024-01-07,STORE0006,SKU0087,38.23570251464844,32.32569885253906
2024-01-07,STORE0006,SKU0088,29.470369338989258,30.539628982543945
2024-01-07,STORE0006,SKU0090,25.351757049560547,24.023645401000977
2024-01-07,STORE0006,SKU0091,22.511306762695312,18.993114471435547
2024-01-07,STORE0006,SKU0092,119.11943054199219,107.41413116455078
2024-01-07,STORE0006,SKU0094,77.52626037597656,78.60484313964844
2024-01-07,STORE0006,SKU0095,36.82774353027344,34.02251434326172
2024-01-07,STORE0006,SKU0096,119.23509216308594,112.58877563476562
2024-01-07,STORE0006,SKU0097,86.15348815917969,88.62096405029297
2024-01-07,STORE0006,SKU0098,50.711151123046875,45.695167541503906
2024-01-07,STORE0006,SKU0099,120.4349365234375,103.83085632324219
2024-01-07,STORE0006,SKU0100,107.18348693847656,104.19634246826172
2024-01-07,STORE0006,SKU0101,18.74759292602539,18.115158081054688
2024-01-07,STORE0006,SKU0102,118.77275085449219,104.57453155517578
2024-01-07,STORE0007,SKU0001,87.94181823730469,101.9593505859375
2024-01-07,STORE0007,SKU0002,57.98365020751953,57.75434112548828
2024-01-07,STORE0007,SKU0003,19.67849349975586,19.22803497314453
2024-01-07,STORE0007,SKU0004,80.52555847167969,84.27620697021484
2024-01-07,STORE0007,SKU0006,91.6273193359375,81.64462280273438
2024-01-07,STORE0007,SKU0008,21.655475616455078,20.44388198852539
2024-01-07,STORE0007,SKU0009,50.790061950683594,52.77434158325195
2024-01-07,STORE0007,SKU0011,19.277191162109375,16.944591522216797
2024-01-07,STORE0007,SKU0012,38.69194793701172,37.765689849853516
2024-01-07,STORE0007,SKU0013,71.3049087524414,72.98262023925781
2024-01-07,STORE0007,SKU0015,11.46474838256836,8.767393112182617
2024-01-07,STORE0007,SKU0016,22.15906524658203,22.979206085205078
2024-01-07,STORE0007,SKU0018,75.5052719116211,76.42788696289062
2024-01-07,STORE0007,SKU0020,43.896018981933594,45.064571380615234
2024-01-07,STORE0007,SKU0022,84.94071197509766,89.86705780029297
2024-01-07,STORE0007,SKU0023,61.87517547607422,66.50035095214844
2024-01-07,STORE0007,SKU0024,49.02412414550781,50.49272918701172
2024-01-07,STORE0007,SKU0025,22.14899444580078,28.720735549926758
2024-01-07,STORE0007,SKU0026,78.31794738769531,87.83549499511719
2024-01-07,STORE0007,SKU0027,86.47969818115234,114.39286804199219
2024-01-07,STORE0007,SKU0028,88.74175262451172,104.98482513427734
2024-01-07,STORE0007,SKU0029,22.57674789428711,28.99774742126465
2024-01-07,STORE0007,SKU0030,33.6495361328125,45.45234680175781
2024-01-07,STORE0007,SKU0031,40.343505859375,48.48329544067383
2024-01-07,STORE0007,SKU0032,50.74908447265625,64.00131225585938
2024-01-07,STORE0007,SKU0034,107.62133026123047,125.43805694580078
2024-01-07,STORE0007,SKU0035,129.1014862060547,149.55181884765625
2024-01-07,STORE0007,SKU0036,31.824878692626953,40.42036437988281
2024-01-07,STORE0007,SKU0037,75.83609008789062,99.6415023803711
2024-01-07,STORE0007,SKU0038,68.96006774902344,93.04539489746094
2024-01-07,STORE0007,SKU0039,11.569965362548828,15.81708812713623
2024-01-07,STORE0007,SKU0040,16.30565643310547,19.538850784301758
2024-01-07,STORE0007,SKU0043,33.49992370605469,43.572723388671875
2024-01-07,STORE0007,SKU0044,63.22648620605469,83.71078491210938
2024-01-07,STORE0007,SKU0045,48.36649703979492,58.43726348876953
2024-01-07,STORE0007,SKU0046,68.68946075439453,87.2027816772461
2024-01-07,STORE0007,SKU0047,55.247459411621094,79.69188690185547
2024-01-07,STORE0007,SKU0048,49.421207427978516,56.981971740722656
2024-01-07,STORE0007,SKU0049,43.200477600097656,43.486690521240234
2024-01-07,STORE0007,SKU0050,15.67422103881836,14.071866989135742
2024-01-07,STORE0007,SKU0053,28.0238037109375,29.340316772460938
2024-01-07,STORE0007,SKU0055,13.026866912841797,12.215445518493652
2024-01-07,STORE0007,SKU0056,19.651248931884766,19.75255012512207
2024-01-07,STORE0007,SKU0058,82.79318237304688,85.33333587646484
2024-01-07,STORE0007,SKU0059,21.574363708496094,22.054628372192383
2024-01-07,STORE0007,SKU0060,54.180458068847656,59.17637252807617
2024-01-07,STORE0007,SKU0061,81.22665405273438,77.43037414550781
2024-01-07,STORE0007,SKU0062,16.216712951660156,15.941947937011719
2024-01-07,STORE0007,SKU0063,44.2576789855957,47.91131591796875
2024-01-07,STORE0007,SKU0065,49.05705261230469,50.15041732788086
2024-01-07,STORE0007,SKU0066,26.054588317871094,23.997295379638672
2024-01-07,STORE0007,SKU0067,36.227664947509766,35.49581527709961
2024-01-07,STORE0007,SKU0068,36.83477783203125,36.461448669433594
2024-01-07,STORE0007,SKU0072,33.89240264892578,29.970561981201172
2024-01-07,STORE0007,SKU0073,9.18893814086914,9.280356407165527
2024-01-07,STORE0007,SKU0074,49.11314010620117,47.36647033691406
2024-01-07,STORE0007,SKU0075,29.724483489990234,30.700044631958008
2024-01-07,STORE0007,SKU0076,27.640399932861328,27.394922256469727
2024-01-07,STORE0007,SKU0078,27.047191619873047,27.279510498046875
2024-01-07,STORE0007,SKU0079,70.55104064941406,71.17784118652344
2024-01-07,STORE0007,SKU0080,67.51716613769531,58.19071578979492
2024-01-07,STORE0007,SKU0081,61.304656982421875,60.205562591552734
2024-01-07,STORE0007,SKU0082,53.385704040527344,58.284725189208984
2024-01-07,STORE0007,SKU0083,76.4009017944336,79.32239532470703
2024-01-07,STORE0007,SKU0084,22.815967559814453,19.528051376342773
2024-01-07,STORE0007,SKU0085,56.680702209472656,56.20037078857422
2024-01-07,STORE0007,SKU0086,8.249202728271484,7.820630073547363
2024-01-07,STORE0007,SKU0087,27.77306365966797,26.018692016601562
2024-01-07,STORE0007,SKU0088,21.50445556640625,20.84257698059082
2024-01-07,STORE0007,SKU0089,39.13523483276367,38.31464767456055
2024-01-07,STORE0007,SKU0090,18.39073944091797,18.70066261291504
2024-01-07,STORE0007,SKU0093,62.908077239990234,62.28935241699219
2024-01-07,STORE0007,SKU0094,54.024742126464844,53.64659118652344
2024-01-07,STORE0007,SKU0096,83.062255859375,87.34241485595703
2024-01-07,STORE0007,SKU0097,60.96722412109375,58.04206085205078
2024-01-07,STORE0007,SKU0098,35.68299865722656,38.141876220703125
2024-01-07,STORE0007,SKU0099,83.70335388183594,83.9151611328125
2024-01-07,STORE0007,SKU0100,75.16422271728516,77.64214324951172
2024-01-07,STORE0007,SKU0101,13.987987518310547,12.471220016479492
2024-01-07,STORE0007,SKU0102,84.06273651123047,79.96119689941406
2024-01-07,STORE0008,SKU0001,124.3408203125,118.44852447509766
2024-01-07,STORE0008,SKU0002,81.92728424072266,80.98233795166016
2024-01-07,STORE0008,SKU0003,26.38471221923828,27.112424850463867
2024-01-07,STORE0008,SKU0004,113.76205444335938,106.98697662353516
2024-01-07,STORE0008,SKU0005,94.89271545410156,93.17330932617188
2024-01-07,STORE0008,SKU0006,128.15196228027344,116.29881286621094
2024-01-07,STORE0008,SKU0007,35.454227447509766,33.698116302490234
2024-01-07,STORE0008,SKU0008,30.095460891723633,29.238433837890625
2024-01-07,STORE0008,SKU0009,73.41961669921875,71.24490356445312
2024-01-07,STORE0008,SKU0010,45.78680419921875,40.138343811035156
2024-01-07,STORE0008,SKU0011,25.9422607421875,21.407291412353516
2024-01-07,STORE0008,SKU0012,55.32470703125,50.308677673339844
2024-01-07,STORE0008,SKU0013,104.71876525878906,103.12686920166016
2024-01-07,STORE0008,SKU0014,72.27164459228516,71.12590026855469
2024-01-07,STORE0008,SKU0015,15.804893493652344,14.400934219360352
2024-01-07,STORE0008,SKU0016,31.20176124572754,28.887487411499023
2024-01-07,STORE0008,SKU0018,110.7186279296875,100.64604949951172
2024-01-07,STORE0008,SKU0020,62.12481689453125,67.41422271728516
2024-01-07,STORE0008,SKU0022,121.0704345703125,107.42947387695312
2024-01-07,STORE0008,SKU0025,31.574928283691406,37.531463623046875
2024-01-07,STORE0008,SKU0027,124.73368835449219,128.98785400390625
2024-01-07,STORE0008,SKU0028,125.96797180175781,134.9560546875
2024-01-07,STORE0008,SKU0029,30.983245849609375,40.69883346557617
2024-01-07,STORE0008,SKU0030,46.72774887084961,57.105220794677734
2024-01-07,STORE0008,SKU0031,56.2577018737793,71.22587585449219
2024-01-07,STORE0008,SKU0033,102.15763854980469,118.3056640625
2024-01-07,STORE0008,SKU0035,170.25404357910156,169.7086639404297
2024-01-07,STORE0008,SKU0038,97.34037780761719,114.69349670410156
2024-01-07,STORE0008,SKU0039,16.45855712890625,22.896562576293945
2024-01-07,STORE0008,SKU0040,22.83169937133789,29.69593048095703
2024-01-07,STORE0008,SKU0041,89.68843078613281,101.1991958618164
2024-01-07,STORE0008,SKU0042,13.232097625732422,20.21786880493164
2024-01-07,STORE0008,SKU0043,48.014556884765625,58.6629638671875
2024-01-07,STORE0008,SKU0044,89.9012451171875,103.81753540039062
2024-01-07,STORE0008,SKU0045,69.86827087402344,85.7035903930664
2024-01-07,STORE0008,SKU0046,98.6836166381836,105.6572494506836
2024-01-07,STORE0008,SKU0047,79.8746337890625,85.39854431152344
2024-01-07,STORE0008,SKU0048,70.59324645996094,81.46937561035156
2024-01-07,STORE0008,SKU0049,60.19908142089844,57.5628662109375
2024-01-07,STORE0008,SKU0051,84.72137451171875,89.59622192382812
2024-01-07,STORE0008,SKU0055,17.70444107055664,17.63007354736328
2024-01-07,STORE0008,SKU0056,27.08980941772461,25.950029373168945
2024-01-07,STORE0008,SKU0057,105.5467529296875,106.26299285888672
2024-01-07,STORE0008,SKU0059,29.569522857666016,31.60477066040039
2024-01-07,STORE0008,SKU0060,73.7271957397461,71.32915496826172
2024-01-07,STORE0008,SKU0061,116.27911376953125,109.02433013916016
2024-01-07,STORE0008,SKU0062,21.614391326904297,21.899211883544922
2024-01-07,STORE0008,SKU0064,114.03018188476562,107.67379760742188
2024-01-07,STORE0008,SKU0065,69.04755401611328,66.6091537475586
2024-01-07,STORE0008,SKU0066,35.61432647705078,35.136810302734375
2024-01-07,STORE0008,SKU0067,50.66273498535156,48.32894515991211
2024-01-07,STORE0008,SKU0072,46.57723617553711,44.7144660949707
2024-01-07,STORE0008,SKU0074,69.80599212646484,70.25395202636719
2024-01-07,STORE0008,SKU0075,41.11472702026367,40.042518615722656
2024-01-07,STORE0008,SKU0076,39.32477569580078,37.73345184326172
2024-01-07,STORE0008,SKU0077,68.6065902709961,64.02526092529297
2024-01-07,STORE0008,SKU0078,37.48624038696289,39.312660217285156
2024-01-07,STORE0008,SKU0080,95.59886169433594,102.17523956298828
2024-01-07,STORE0008,SKU0081,86.19044494628906,74.56297302246094
2024-01-07,STORE0008,SKU0082,73.44837188720703,78.83045196533203
2024-01-07,STORE0008,SKU0083,108.87648010253906,107.0466537475586
2024-01-07,STORE0008,SKU0084,31.046810150146484,32.1334114074707
2024-01-07,STORE0008,SKU0085,79.42607116699219,83.73492431640625
2024-01-07,STORE0008,SKU0086,10.878997802734375,10.51794719696045
2024-01-07,STORE0008,SKU0087,38.9949951171875,39.5014533996582
2024-01-07,STORE0008,SKU0088,29.698699951171875,26.335987091064453
2024-01-07,STORE0008,SKU0089,55.11420822143555,54.45734786987305
2024-01-07,STORE0008,SKU0090,25.497695922851562,27.45001220703125
2024-01-07,STORE0008,SKU0091,22.695167541503906,23.811677932739258
2024-01-07,STORE0008,SKU0092,117.36174774169922,109.64881134033203
2024-01-07,STORE0008,SKU0093,92.26075744628906,89.22270965576172
2024-01-07,STORE0008,SKU0094,78.1292724609375,85.57791137695312
2024-01-07,STORE0008,SKU0095,36.99049377441406,36.21195983886719
2024-01-07,STORE0008,SKU0096,117.51185607910156,107.47608947753906
2024-01-07,STORE0008,SKU0097,84.96305847167969,89.76580810546875
2024-01-07,STORE0008,SKU0098,50.42981719970703,47.547630310058594
2024-01-07,STORE0008,SKU0099,119.51760864257812,112.63448333740234
2024-01-07,STORE0008,SKU0100,105.81231689453125,106.99129486083984
2024-01-07,STORE0008,SKU0101,18.384624481201172,18.17066764831543
2024-01-07,STORE0008,SKU0102,119.85951232910156,111.87762451171875
2024-01-07,STORE0009,SKU0001,107.68363952636719,105.65343475341797
2024-01-07,STORE0009,SKU0002,69.9458999633789,69.59044647216797
2024-01-07,STORE0009,SKU0003,23.024009704589844,21.561525344848633
2024-01-07,STORE0009,SKU0005,80.83631134033203,82.16780090332031
2024-01-07,STORE0009,SKU0006,112.84477233886719,114.32118225097656
2024-01-07,STORE0009,SKU0008,25.60497283935547,28.53358268737793
2024-01-07,STORE0009,SKU0009,61.305782318115234,61.16179656982422
2024-01-07,STORE0009,SKU0010,38.438697814941406,32.80086135864258
2024-01-07,STORE0009,SKU0011,22.04977798461914,20.86461067199707
2024-01-07,STORE0009,SKU0012,46.760292053222656,46.7226676940918
2024-01-07,STORE0009,SKU0013,89.66041564941406,96.60650634765625
2024-01-07,STORE0009,SKU0015,13.058277130126953,11.793296813964844
2024-01-07,STORE0009,SKU0016,26.272396087646484,24.321306228637695
2024-01-07,STORE0009,SKU0017,108.59364318847656,111.40338134765625
2024-01-07,STORE0009,SKU0018,95.34623718261719,101.0387191772461
2024-01-07,STORE0009,SKU0019,17.58415985107422,16.39659881591797
2024-01-07,STORE0009,SKU0020,52.756980895996094,51.436981201171875
2024-01-07,STORE0009,SKU0022,106.18611907958984,104.70512390136719
2024-01-07,STORE0009,SKU0023,74.0218276977539,67.34391784667969
2024-01-07,STORE0009,SKU0024,58.63139343261719,59.85111618041992
2024-01-07,STORE0009,SKU0025,26.44573211669922,35.599639892578125
2024-01-07,STORE0009,SKU0027,108.56387329101562,116.71138763427734
2024-01-07,STORE0009,SKU0028,108.94491577148438,119.03011322021484
2024-01-07,STORE0009,SKU0030,39.9952278137207,48.82425308227539
2024-01-07,STORE0009,SKU0032,64.25272369384766,72.83195495605469
2024-01-07,STORE0009,SKU0033,91.43529510498047,119.93522644042969
2024-01-07,STORE0009,SKU0034,125.59141540527344,134.03109741210938
2024-01-07,STORE0009,SKU0035,154.49525451660156,165.62510681152344
2024-01-07,STORE0009,SKU0037,93.64069366455078,104.43761444091797
2024-01-07,STORE0009,SKU0038,84.24101257324219,102.55276489257812
2024-01-07,STORE0009,SKU0039,13.22524642944336,18.115524291992188
2024-01-07,STORE0009,SKU0041,77.81312561035156,97.67916107177734
2024-01-07,STORE0009,SKU0044,78.23979187011719,99.54814910888672
2024-01-07,STORE0009,SKU0045,58.8454475402832,70.71678161621094
2024-01-07,STORE0009,SKU0046,85.48633575439453,89.72703552246094
2024-01-07,STORE0009,SKU0047,67.60143280029297,84.77989959716797
2024-01-07,STORE0009,SKU0049,51.684932708740234,46.81988525390625
2024-01-07,STORE0009,SKU0050,17.61724090576172,18.421276092529297
2024-01-07,STORE0009,SKU0051,72.54122924804688,72.00448608398438
2024-01-07,STORE0009,SKU0052,60.26712417602539,60.351829528808594
2024-01-07,STORE0009,SKU0055,14.720767974853516,15.252135276794434
2024-01-07,STORE0009,SKU0057,91.75022888183594,91.81575012207031
2024-01-07,STORE0009,SKU0058,100.66026306152344,102.76285552978516
2024-01-07,STORE0009,SKU0059,25.16162109375,30.141685485839844
2024-01-07,STORE0009,SKU0060,63.19002151489258,62.546051025390625
2024-01-07,STORE0009,SKU0061,102.07101440429688,106.98038482666016
2024-01-07,STORE0009,SKU0062,17.909393310546875,19.608922958374023
2024-01-07,STORE0009,SKU0063,54.21208953857422,54.68433380126953
2024-01-07,STORE0009,SKU0064,100.83573913574219,105.06510925292969
2024-01-07,STORE0009,SKU0065,59.976322174072266,59.934303283691406
2024-01-07,STORE0009,SKU0066,30.093381881713867,31.25550651550293
2024-01-07,STORE0009,SKU0067,42.945831298828125,38.89159393310547
2024-01-07,STORE0009,SKU0068,43.502052307128906,40.151824951171875
2024-01-07,STORE0009,SKU0069,82.61892700195312,74.00282287597656
2024-01-07,STORE0009,SKU0070,110.46986389160156,101.20555877685547
2024-01-07,STORE0009,SKU0071,34.25237274169922,32.35569381713867
2024-01-07,STORE0009,SKU0072,39.900718688964844,39.047767639160156
2024-01-07,STORE0009,SKU0074,59.030784606933594,60.65596008300781
2024-01-07,STORE0009,SKU0075,34.564613342285156,34.894371032714844
2024-01-07,STORE0009,SKU0076,33.05987548828125,31.60919952392578
2024-01-07,STORE0009,SKU0077,58.155479431152344,60.30256652832031
2024-01-07,STORE0009,SKU0078,31.580432891845703,34.5575065612793
2024-01-07,STORE0009,SKU0080,82.89702606201172,89.83168029785156
2024-01-07,STORE0009,SKU0082,62.79298400878906,64.9483413696289
2024-01-07,STORE0009,SKU0083,93.88777160644531,96.92794036865234
2024-01-07,STORE0009,SKU0084,26.13848876953125,26.107524871826172
2024-01-07,STORE0009,SKU0085,68.36478424072266,72.92068481445312
2024-01-07,STORE0009,SKU0086,9.069183349609375,10.156368255615234
2024-01-07,STORE0009,SKU0087,32.78857421875,32.16872787475586
2024-01-07,STORE0009,SKU0088,25.200897216796875,24.960594177246094
2024-01-07,STORE0009,SKU0089,47.11478805541992,43.70625686645508
2024-01-07,STORE0009,SKU0090,21.777183532714844,21.287288665771484
2024-01-07,STORE0009,SKU0091,19.08456039428711,18.987056732177734
2024-01-07,STORE0009,SKU0092,102.69378662109375,99.94373321533203
2024-01-07,STORE0009,SKU0093,77.17274475097656,72.95706939697266
2024-01-07,STORE0009,SKU0096,101.93392944335938,104.96183013916016
2024-01-07,STORE0009,SKU0097,71.99517059326172,77.14566040039062
2024-01-07,STORE0009,SKU0098,43.41968536376953,44.563819885253906
2024-01-07,STORE0009,SKU0099,103.42726135253906,103.165283203125
2024-01-07,STORE0009,SKU0102,104.4345703125,103.6405029296875
2024-01-07,STORE0010,SKU0001,107.55575561523438,108.9074935913086
2024-01-07,STORE0010,SKU0004,99.19972229003906,106.37390899658203
2024-01-07,STORE0010,SKU0005,81.04740905761719,84.15196228027344
2024-01-07,STORE0010,SKU0006,111.91912841796875,100.11102294921875
2024-01-07,STORE0010,SKU0007,29.843429565429688,27.375551223754883
2024-01-07,STORE0010,SKU0010,37.898292541503906,36.225128173828125
2024-01-07,STORE0010,SKU0011,21.777740478515625,21.654491424560547
2024-01-07,STORE0010,SKU0012,46.42359161376953,47.856136322021484
2024-01-07,STORE0010,SKU0013,88.71527862548828,94.75299072265625
2024-01-07,STORE0010,SKU0014,60.560733795166016,64.50186157226562
2024-01-07,STORE0010,SKU0015,12.58603286743164,11.128151893615723
2024-01-07,STORE0010,SKU0016,25.428600311279297,24.602827072143555
2024-01-07,STORE0010,SKU0017,108.17829895019531,102.35897064208984
2024-01-07,STORE0010,SKU0018,93.43843078613281,90.94843292236328
2024-01-07,STORE0010,SKU0019,17.394515991210938,16.969449996948242
2024-01-07,STORE0010,SKU0020,52.78792953491211,49.85045623779297
2024-01-07,STORE0010,SKU0021,57.857120513916016,58.880126953125
2024-01-07,STORE0010,SKU0025,25.765235900878906,31.879119873046875
2024-01-07,STORE0010,SKU0028,106.54060363769531,124.42068481445312
2024-01-07,STORE0010,SKU0029,25.41079330444336,33.063167572021484
2024-01-07,STORE0010,SKU0030,39.56682586669922,51.537296295166016
2024-01-07,STORE0010,SKU0032,62.626285552978516,75.56952667236328
2024-01-07,STORE0010,SKU0034,127.13435363769531,152.57676696777344
2024-01-07,STORE0010,SKU0035,154.1129608154297,158.81683349609375
2024-01-07,STORE0010,SKU0036,36.4542236328125,46.673484802246094
2024-01-07,STORE0010,SKU0037,92.97019958496094,117.87969970703125
2024-01-07,STORE0010,SKU0038,83.3675308227539,109.19058990478516
2024-01-07,STORE0010,SKU0039,12.603240966796875,18.47850799560547
2024-01-07,STORE0010,SKU0040,18.204429626464844,22.424713134765625
2024-01-07,STORE0010,SKU0042,9.968219757080078,16.316129684448242
2024-01-07,STORE0010,SKU0043,39.95747375488281,52.096168518066406
2024-01-07,STORE0010,SKU0045,58.691951751708984,69.95001983642578
2024-01-07,STORE0010,SKU0046,82.51250457763672,94.35133361816406
2024-01-07,STORE0010,SKU0048,59.517215728759766,69.58526611328125
2024-01-07,STORE0010,SKU0050,17.25369644165039,19.00326156616211
2024-01-07,STORE0010,SKU0051,72.739501953125,72.87794494628906
2024-01-07,STORE0010,SKU0052,58.97092819213867,60.92533493041992
2024-01-07,STORE0010,SKU0053,32.879615783691406,35.052799224853516
2024-01-07,STORE0010,SKU0054,84.255126953125,83.50411224365234
2024-01-07,STORE0010,SKU0055,14.00179672241211,16.257001876831055
2024-01-07,STORE0010,SKU0056,22.554969787597656,24.07439422607422
2024-01-07,STORE0010,SKU0057,90.21637725830078,96.71954345703125
2024-01-07,STORE0010,SKU0058,99.55691528320312,94.05003356933594
2024-01-07,STORE0010,SKU0059,24.22158432006836,29.459917068481445
2024-01-07,STORE0010,SKU0060,63.48029708862305,61.87452697753906
2024-01-07,STORE0010,SKU0061,99.92840576171875,93.96773529052734
2024-01-07,STORE0010,SKU0063,52.90190505981445,60.05941390991211
2024-01-07,STORE0010,SKU0064,99.65122985839844,97.84925842285156
2024-01-07,STORE0010,SKU0065,58.839698791503906,60.9002799987793
2024-01-07,STORE0010,SKU0067,41.980133056640625,39.1812858581543
2024-01-07,STORE0010,SKU0068,43.21098709106445,41.55487060546875
2024-01-07,STORE0010,SKU0069,81.9723892211914,81.02535247802734
2024-01-07,STORE0010,SKU0070,108.97978973388672,108.13544464111328
2024-01-07,STORE0010,SKU0073,9.869293212890625,11.219001770019531
2024-01-07,STORE0010,SKU0074,58.494140625,58.34311294555664
2024-01-07,STORE0010,SKU0075,34.267356872558594,38.28093719482422
2024-01-07,STORE0010,SKU0076,32.326202392578125,32.18720245361328
2024-01-07,STORE0010,SKU0077,58.64518356323242,56.10749053955078
2024-01-07,STORE0010,SKU0078,30.9049129486084,34.000694274902344
2024-01-07,STORE0010,SKU0079,85.57280731201172,83.52933502197266
2024-01-07,STORE0010,SKU0080,80.70219421386719,90.0032730102539
2024-01-07,STORE0010,SKU0081,72.99793243408203,77.29368591308594
2024-01-07,STORE0010,SKU0083,93.42108154296875,102.58712005615234
2024-01-07,STORE0010,SKU0084,25.397682189941406,26.04039192199707
2024-01-07,STORE0010,SKU0085,67.1817398071289,73.04704284667969
2024-01-07,STORE0010,SKU0086,8.624687194824219,9.180195808410645
2024-01-07,STORE0010,SKU0087,31.91446304321289,28.835716247558594
2024-01-07,STORE0010,SKU0088,24.60207748413086,28.562511444091797
2024-01-07,STORE0010,SKU0089,46.751365661621094,45.13947677612305
2024-01-07,STORE0010,SKU0090,21.126567840576172,21.005685806274414
2024-01-07,STORE0010,SKU0092,101.38365173339844,100.24759674072266
2024-01-07,STORE0010,SKU0094,64.72721099853516,66.43826293945312
2024-01-07,STORE0010,SKU0095,30.702957153320312,37.024112701416016
2024-01-07,STORE0010,SKU0096,99.86251831054688,95.63744354248047
2024-01-07,STORE0010,SKU0097,71.94186401367188,76.02307891845703
2024-01-07,STORE0010,SKU0098,42.766510009765625,40.66109848022461
2024-01-07,STORE0010,SKU0099,100.48180389404297,95.15119934082031
2024-01-07,STORE0010,SKU0100,90.35682678222656,92.8727798461914
2024-01-07,STORE0010,SKU0101,15.12728500366211,16.175020217895508
2024-01-07,STORE0010,SKU0102,103.41789245605469,104.28473663330078
2024-01-07,STORE0011,SKU0001,124.6593017578125,118.58106231689453
2024-01-07,STORE0011,SKU0002,83.80532836914062,75.6831283569336
2024-01-07,STORE0011,SKU0003,25.821826934814453,23.97550392150879
2024-01-07,STORE0011,SKU0004,114.79142761230469,106.04039764404297
2024-01-07,STORE0011,SKU0005,95.49833679199219,97.3096694946289
2024-01-07,STORE0011,SKU0006,130.11793518066406,114.48518371582031
2024-01-07,STORE0011,SKU0007,34.78997802734375,36.39111328125
2024-01-07,STORE0011,SKU0009,73.56137084960938,68.95015716552734
2024-01-07,STORE0011,SKU0012,54.829795837402344,53.00004577636719
2024-01-07,STORE0011,SKU0014,71.55335235595703,60.98343276977539
2024-01-07,STORE0011,SKU0015,15.33919906616211,12.15626049041748
2024-01-07,STORE0011,SKU0017,124.19268798828125,114.01114654541016
2024-01-07,STORE0011,SKU0018,110.49708557128906,94.0294418334961
2024-01-07,STORE0011,SKU0019,20.46161651611328,19.344749450683594
2024-01-07,STORE0011,SKU0020,61.6582145690918,57.61821365356445
2024-01-07,STORE0011,SKU0021,67.40707397460938,69.91622161865234
2024-01-07,STORE0011,SKU0022,122.66914367675781,114.6694564819336
2024-01-07,STORE0011,SKU0023,87.7266845703125,77.2652587890625
2024-01-07,STORE0011,SKU0024,69.22201538085938,63.56818771362305
2024-01-07,STORE0011,SKU0025,30.488975524902344,37.43455505371094
2024-01-07,STORE0011,SKU0026,111.46690368652344,115.84838104248047
2024-01-07,STORE0011,SKU0027,125.03172302246094,125.30221557617188
2024-01-07,STORE0011,SKU0028,123.20506286621094,132.43194580078125
2024-01-07,STORE0011,SKU0029,30.362581253051758,40.63884735107422
2024-01-07,STORE0011,SKU0030,46.73729705810547,56.67185592651367
2024-01-07,STORE0011,SKU0031,54.9818115234375,68.03671264648438
2024-01-07,STORE0011,SKU0033,102.00328063964844,117.3152084350586
2024-01-07,STORE0011,SKU0034,152.44638061523438,149.7675018310547
2024-01-07,STORE0011,SKU0035,178.86915588378906,163.47686767578125
2024-01-07,STORE0011,SKU0036,41.553924560546875,53.78803634643555
2024-01-07,STORE0011,SKU0037,109.67707824707031,119.482666015625
2024-01-07,STORE0011,SKU0038,97.52415466308594,115.08274841308594
2024-01-07,STORE0011,SKU0039,15.750289916992188,21.212308883666992
2024-01-07,STORE0011,SKU0040,22.092166900634766,29.62407684326172
2024-01-07,STORE0011,SKU0041,90.00413513183594,97.71186828613281
2024-01-07,STORE0011,SKU0043,46.48287582397461,59.02360916137695
2024-01-07,STORE0011,SKU0044,89.57938385009766,102.62162780761719
2024-01-07,STORE0011,SKU0046,99.24445343017578,110.06884002685547
2024-01-07,STORE0011,SKU0047,78.41879272460938,89.86705017089844
2024-01-07,STORE0011,SKU0048,70.49736785888672,85.70404052734375
2024-01-07,STORE0011,SKU0050,20.722888946533203,20.668376922607422
2024-01-07,STORE0011,SKU0051,84.22001647949219,90.26652526855469
2024-01-07,STORE0011,SKU0052,70.03965759277344,66.09839630126953
2024-01-07,STORE0011,SKU0053,38.78652572631836,38.2967414855957
2024-01-07,STORE0011,SKU0054,100.4744873046875,104.64075469970703
2024-01-07,STORE0011,SKU0055,17.077621459960938,18.518001556396484
2024-01-07,STORE0011,SKU0056,26.79467010498047,24.92243003845215
2024-01-07,STORE0011,SKU0058,116.3971939086914,105.84117889404297
2024-01-07,STORE0011,SKU0059,28.772294998168945,32.2101936340332
2024-01-07,STORE0011,SKU0061,116.46229553222656,109.7790756225586
2024-01-07,STORE0011,SKU0062,21.413211822509766,20.77140235900879
2024-01-07,STORE0011,SKU0064,115.79240417480469,108.79000854492188
2024-01-07,STORE0011,SKU0065,68.25142669677734,68.01371765136719
2024-01-07,STORE0011,SKU0066,34.854583740234375,35.032283782958984
2024-01-07,STORE0011,SKU0067,49.47996139526367,45.62415313720703
2024-01-07,STORE0011,SKU0068,49.92787170410156,43.837337493896484
2024-01-07,STORE0011,SKU0069,96.97998809814453,91.21318054199219
2024-01-07,STORE0011,SKU0070,124.42897033691406,115.90054321289062
2024-01-07,STORE0011,SKU0071,39.242958068847656,39.00794982910156
2024-01-07,STORE0011,SKU0072,45.397605895996094,42.78813552856445
2024-01-07,STORE0011,SKU0073,13.090911865234375,14.242608070373535
2024-01-07,STORE0011,SKU0074,69.48527526855469,63.05392837524414
2024-01-07,STORE0011,SKU0077,67.8647689819336,63.06454086303711
2024-01-07,STORE0011,SKU0078,36.388763427734375,36.86591339111328
2024-01-07,STORE0011,SKU0079,101.84117126464844,98.27783203125
2024-01-07,STORE0011,SKU0082,72.50518798828125,72.67489624023438
2024-01-07,STORE0011,SKU0083,109.40060424804688,107.34783935546875
2024-01-07,STORE0011,SKU0085,79.29419708251953,82.24185943603516
2024-01-07,STORE0011,SKU0086,10.55044937133789,11.205522537231445
2024-01-07,STORE0011,SKU0087,38.12425231933594,36.242191314697266
2024-01-07,STORE0011,SKU0088,29.07733917236328,30.672849655151367
2024-01-07,STORE0011,SKU0089,54.41932678222656,51.232444763183594
2024-01-07,STORE0011,SKU0090,25.11048126220703,25.889842987060547
2024-01-07,STORE0011,SKU0094,77.26980590820312,72.19779205322266
2024-01-07,STORE0011,SKU0095,36.26154708862305,37.11865997314453
2024-01-07,STORE0011,SKU0096,118.36761474609375,113.55127716064453
2024-01-07,STORE0011,SKU0097,83.82168579101562,83.3897476196289
2024-01-07,STORE0011,SKU0098,50.01323318481445,44.89572525024414
2024-01-07,STORE0011,SKU0100,105.30789184570312,99.69065856933594
2024-01-07,STORE0011,SKU0101,18.309432983398438,18.95685386657715
2024-01-07,STORE0012,SKU0001,108.73336791992188,118.6209716796875
2024-01-07,STORE0012,SKU0002,70.40089416503906,72.9946517944336
2024-01-07,STORE0012,SKU0004,100.66021728515625,98.38360595703125
2024-01-07,STORE0012,SKU0005,81.89537811279297,81.47871398925781
2024-01-07,STORE0012,SKU0006,114.34751892089844,99.78675842285156
2024-01-07,STORE0012,SKU0007,30.379575729370117,29.57876968383789
2024-01-07,STORE0012,SKU0008,25.450496673583984,27.471912384033203
2024-01-07,STORE0012,SKU0009,61.8250617980957,57.04633331298828
2024-01-07,STORE0012,SKU0010,38.151302337646484,38.54702377319336
2024-01-07,STORE0012,SKU0013,90.82473754882812,96.22770690917969
2024-01-07,STORE0012,SKU0014,60.88507843017578,60.04823684692383
2024-01-07,STORE0012,SKU0015,12.991947174072266,12.52480411529541
2024-01-07,STORE0012,SKU0016,25.900787353515625,26.466392517089844
2024-01-07,STORE0012,SKU0017,109.80499267578125,108.57677459716797
2024-01-07,STORE0012,SKU0018,95.93147277832031,90.73136138916016
2024-01-07,STORE0012,SKU0019,17.582176208496094,17.377809524536133
2024-01-07,STORE0012,SKU0020,53.575843811035156,58.88200378417969
2024-01-07,STORE0012,SKU0022,106.71026611328125,98.10741424560547
2024-01-07,STORE0012,SKU0023,76.72431945800781,72.20714569091797
2024-01-07,STORE0012,SKU0025,26.121334075927734,33.65810775756836
2024-01-07,STORE0012,SKU0026,94.45156860351562,112.45250701904297
2024-01-07,STORE0012,SKU0027,106.42410278320312,119.58997344970703
2024-01-07,STORE0012,SKU0028,107.97390747070312,119.87525177001953
2024-01-07,STORE0012,SKU0029,25.85720443725586,33.171966552734375
2024-01-07,STORE0012,SKU0030,40.12342834472656,58.76245880126953
2024-01-07,STORE0012,SKU0032,63.24195098876953,77.74315643310547
2024-01-07,STORE0012,SKU0033,86.03253173828125,107.15860748291016
2024-01-07,STORE0012,SKU0034,127.13336181640625,142.3213348388672
2024-01-07,STORE0012,SKU0035,157.77772521972656,156.0139923095703
2024-01-07,STORE0012,SKU0036,36.18822479248047,46.93145751953125
2024-01-07,STORE0012,SKU0037,93.21614837646484,112.50471496582031
2024-01-07,STORE0012,SKU0038,84.05801391601562,102.19587707519531
2024-01-07,STORE0012,SKU0039,13.171634674072266,17.162153244018555
2024-01-07,STORE0012,SKU0043,40.36865234375,47.296470642089844
2024-01-07,STORE0012,SKU0044,77.22727966308594,97.53773498535156
2024-01-07,STORE0012,SKU0046,84.55174255371094,98.68115234375
2024-01-07,STORE0012,SKU0047,66.64541625976562,85.63345336914062
2024-01-07,STORE0012,SKU0048,60.58244705200195,71.91401672363281
2024-01-07,STORE0012,SKU0050,17.715869903564453,18.41250991821289
2024-01-07,STORE0012,SKU0052,60.61093521118164,58.49009704589844
2024-01-07,STORE0012,SKU0053,33.460105895996094,35.893882751464844
2024-01-07,STORE0012,SKU0054,87.49093627929688,84.56233978271484
2024-01-07,STORE0012,SKU0055,14.757152557373047,15.05090045928955
2024-01-07,STORE0012,SKU0056,23.263431549072266,23.01026725769043
2024-01-07,STORE0012,SKU0057,90.97264099121094,87.35909271240234
2024-01-07,STORE0012,SKU0058,101.324462890625,91.06217193603516
2024-01-07,STORE0012,SKU0059,24.954833984375,27.515296936035156
2024-01-07,STORE0012,SKU0060,63.73021697998047,60.75694274902344
2024-01-07,STORE0012,SKU0061,102.27114868164062,100.79981231689453
2024-01-07,STORE0012,SKU0062,18.047157287597656,17.373580932617188
2024-01-07,STORE0012,SKU0064,100.91361999511719,89.94762420654297
2024-01-07,STORE0012,SKU0065,59.20187759399414,58.245216369628906
2024-01-07,STORE0012,SKU0066,29.781414031982422,30.495868682861328
2024-01-07,STORE0012,SKU0068,43.21544647216797,37.957496643066406
2024-01-07,STORE0012,SKU0070,111.16212463378906,105.54244995117188
2024-01-07,STORE0012,SKU0071,33.94379425048828,31.554533004760742
2024-01-07,STORE0012,SKU0072,39.97468566894531,42.87489318847656
2024-01-07,STORE0012,SKU0074,59.63567352294922,63.135005950927734
2024-01-07,STORE0012,SKU0075,35.01752471923828,38.3671875
2024-01-07,STORE0012,SKU0076,32.969085693359375,31.847808837890625
2024-01-07,STORE0012,SKU0077,58.73490905761719,50.843162536621094
2024-01-07,STORE0012,SKU0078,31.842971801757812,32.88922882080078
2024-01-07,STORE0012,SKU0080,82.37428283691406,92.15406799316406
2024-01-07,STORE0012,SKU0081,74.67646789550781,76.04664611816406
2024-01-07,STORE0012,SKU0083,93.43856811523438,97.55514526367188
2024-01-07,STORE0012,SKU0084,26.219207763671875,27.85676383972168
2024-01-07,STORE0012,SKU0085,68.09330749511719,72.54452514648438
2024-01-07,STORE0012,SKU0086,9.023246765136719,7.945058822631836
2024-01-07,STORE0012,SKU0088,25.044681549072266,26.944704055786133
2024-01-07,STORE0012,SKU0089,46.97465133666992,43.02948760986328
2024-01-07,STORE0012,SKU0091,18.889724731445312,17.688615798950195
2024-01-07,STORE0012,SKU0092,104.12429809570312,100.74256134033203
2024-01-07,STORE0012,SKU0094,66.48918151855469,63.12100601196289
2024-01-07,STORE0012,SKU0095,30.844465255737305,34.437347412109375
2024-01-07,STORE0012,SKU0096,102.86164093017578,99.08950805664062
2024-01-07,STORE0012,SKU0097,72.8236312866211,74.46383666992188
2024-01-07,STORE0012,SKU0098,43.23992156982422,38.98933410644531
2024-01-07,STORE0012,SKU0099,102.67533874511719,99.91426849365234
2024-01-07,STORE0012,SKU0100,92.49873352050781,93.85307312011719
2024-01-07,STORE0012,SKU0101,15.580352783203125,17.273805618286133
2024-01-07,STORE0013,SKU0001,62.337337493896484,66.89295959472656
2024-01-07,STORE0013,SKU0002,41.852046966552734,37.51875305175781
2024-01-07,STORE0013,SKU0003,14.659263610839844,11.723121643066406
2024-01-07,STORE0013,SKU0006,63.72386932373047,60.144752502441406
2024-01-07,STORE0013,SKU0008,15.843177795410156,14.549287796020508
2024-01-07,STORE0013,SKU0009,36.186424255371094,30.803600311279297
2024-01-07,STORE0013,SKU0013,51.93961715698242,47.886451721191406
2024-01-07,STORE0013,SKU0014,36.41331481933594,36.65769577026367
2024-01-07,STORE0013,SKU0015,8.999664306640625,7.308847427368164
2024-01-07,STORE0013,SKU0017,62.298805236816406,60.28146743774414
2024-01-07,STORE0013,SKU0020,31.988346099853516,30.377660751342773
2024-01-07,STORE0013,SKU0024,34.4903564453125,36.096248626708984
2024-01-07,STORE0013,SKU0025,16.013904571533203,18.342065811157227
2024-01-07,STORE0013,SKU0026,53.613380432128906,62.79599380493164
2024-01-07,STORE0013,SKU0027,60.01521301269531,74.17733001708984
2024-01-07,STORE0013,SKU0028,61.81944274902344,73.7004165649414
2024-01-07,STORE0013,SKU0031,28.76691436767578,37.65277099609375
2024-01-07,STORE0013,SKU0032,35.399375915527344,43.8184814453125
2024-01-07,STORE0013,SKU0034,72.49696350097656,91.58546447753906
2024-01-07,STORE0013,SKU0036,22.94168472290039,30.56668472290039
2024-01-07,STORE0013,SKU0037,54.20990753173828,71.59506225585938
2024-01-07,STORE0013,SKU0039,8.149101257324219,11.285711288452148
2024-01-07,STORE0013,SKU0040,11.322860717773438,14.136252403259277
2024-01-07,STORE0013,SKU0041,43.993614196777344,53.07608413696289
2024-01-07,STORE0013,SKU0049,30.382890701293945,25.264907836914062
2024-01-07,STORE0013,SKU0056,14.446102142333984,15.27811336517334
2024-01-07,STORE0013,SKU0057,52.727725982666016,53.848167419433594
2024-01-07,STORE0013,SKU0061,57.587135314941406,58.76239013671875
2024-01-07,STORE0013,SKU0063,31.584314346313477,27.69415855407715
2024-01-07,STORE0013,SKU0065,34.26130676269531,36.72590255737305
2024-01-07,STORE0013,SKU0068,26.489364624023438,26.827617645263672
2024-01-07,STORE0013,SKU0071,20.75052261352539,17.38463592529297
2024-01-07,STORE0013,SKU0076,20.44171905517578,19.49662208557129
2024-01-07,STORE0013,SKU0080,48.210731506347656,52.67177963256836
2024-01-07,STORE0013,SKU0084,16.88990020751953,16.443771362304688
2024-01-07,STORE0013,SKU0085,41.204811096191406,39.751197814941406
2024-01-07,STORE0013,SKU0086,5.804164886474609,6.137134552001953
2024-01-07,STORE0013,SKU0087,20.877822875976562,20.309768676757812
2024-01-07,STORE0013,SKU0089,28.420846939086914,30.182727813720703
2024-01-07,STORE0013,SKU0090,14.13702392578125,13.305254936218262
2024-01-07,STORE0013,SKU0096,57.83005905151367,57.487213134765625
2024-01-07,STORE0013,SKU0097,43.783138275146484,43.02189636230469
2024-01-07,STORE0013,SKU0099,59.97378158569336,53.497066497802734
2024-01-07,STORE0013,SKU0102,59.2708625793457,59.619808197021484
2024-01-08,STORE0001,SKU0001,104.52963256835938,99.14803314208984
2024-01-08,STORE0001,SKU0002,68.09285736083984,63.6951789855957
2024-01-08,STORE0001,SKU0004,96.82275390625,92.08842468261719
2024-01-08,STORE0001,SKU0006,108.91952514648438,95.24251556396484
2024-01-08,STORE0001,SKU0007,30.86979866027832,24.48003578186035
2024-01-08,STORE0001,SKU0008,26.617897033691406,25.35503578186035
2024-01-08,STORE0001,SKU0010,39.37825012207031,37.4189453125
2024-01-08,STORE0001,SKU0011,23.189720153808594,17.972972869873047
2024-01-08,STORE0001,SKU0012,47.366634368896484,44.41700744628906
2024-01-08,STORE0001,SKU0014,60.76055908203125,59.06291961669922
2024-01-08,STORE0001,SKU0015,14.013153076171875,10.92235279083252
2024-01-08,STORE0001,SKU0016,26.844318389892578,24.918420791625977
2024-01-08,STORE0001,SKU0017,104.19746398925781,95.62562561035156
2024-01-08,STORE0001,SKU0018,91.41911315917969,90.58372497558594
2024-01-08,STORE0001,SKU0019,18.48336410522461,15.416234016418457
2024-01-08,STORE0001,SKU0020,52.96890640258789,45.37278366088867
2024-01-08,STORE0001,SKU0021,59.132362365722656,59.47705841064453
2024-01-08,STORE0001,SKU0023,72.17430114746094,68.18019104003906
2024-01-08,STORE0001,SKU0024,58.318382263183594,49.433494567871094
2024-01-08,STORE0001,SKU0026,91.01190948486328,97.2442626953125
2024-01-08,STORE0001,SKU0027,104.8646240234375,123.91059875488281
2024-01-08,STORE0001,SKU0029,26.841201782226562,37.366641998291016
2024-01-08,STORE0001,SKU0030,40.32049560546875,48.848209381103516
2024-01-08,STORE0001,SKU0031,47.931236267089844,55.0670166015625
2024-01-08,STORE0001,SKU0033,88.79856872558594,99.05899810791016
2024-01-08,STORE0001,SKU0035,151.7426300048828,151.8179168701172
2024-01-08,STORE0001,SKU0036,37.944915771484375,44.06581115722656
2024-01-08,STORE0001,SKU0037,89.58068084716797,95.17723083496094
2024-01-08,STORE0001,SKU0038,82.60383605957031,92.34971618652344
2024-01-08,STORE0001,SKU0039,14.139583587646484,17.197072982788086
2024-01-08,STORE0001,SKU0040,19.464656829833984,20.714351654052734
2024-01-08,STORE0001,SKU0041,74.72212219238281,83.23751831054688
2024-01-08,STORE0001,SKU0042,11.510875701904297,16.22443389892578
2024-01-08,STORE0001,SKU0043,40.355010986328125,44.5711784362793
2024-01-08,STORE0001,SKU0045,57.882747650146484,65.21122741699219
2024-01-08,STORE0001,SKU0046,81.849365234375,89.26101684570312
2024-01-08,STORE0001,SKU0047,67.06792449951172,78.79557037353516
2024-01-08,STORE0001,SKU0048,60.74015808105469,72.23877716064453
2024-01-08,STORE0001,SKU0049,51.948211669921875,48.6767578125
2024-01-08,STORE0001,SKU0050,18.977222442626953,16.849149703979492
2024-01-08,STORE0001,SKU0051,71.13985443115234,64.9345474243164
2024-01-08,STORE0001,SKU0053,34.078495025634766,30.345569610595703
2024-01-08,STORE0001,SKU0054,83.663818359375,75.8517074584961
2024-01-08,STORE0001,SKU0055,15.520217895507812,14.177452087402344
2024-01-08,STORE0001,SKU0056,23.885547637939453,22.820125579833984
2024-01-08,STORE0001,SKU0058,98.16976928710938,91.21566009521484
2024-01-08,STORE0001,SKU0059,25.63408660888672,26.91689109802246
2024-01-08,STORE0001,SKU0060,64.39574432373047,57.07170867919922
2024-01-08,STORE0001,SKU0061,97.92253875732422,87.22078704833984
2024-01-08,STORE0001,SKU0062,19.10222625732422,19.687623977661133
2024-01-08,STORE0001,SKU0063,53.51354217529297,52.10468673706055
2024-01-08,STORE0001,SKU0065,59.05791473388672,58.61770248413086
2024-01-08,STORE0001,SKU0066,30.680721282958984,27.88865852355957
2024-01-08,STORE0001,SKU0067,42.94853973388672,39.04563903808594
2024-01-08,STORE0001,SKU0068,44.30918884277344,38.82497024536133
2024-01-08,STORE0001,SKU0069,81.14006042480469,79.31084442138672
2024-01-08,STORE0001,SKU0070,108.40338897705078,98.54199981689453
2024-01-08,STORE0001,SKU0072,40.1285285949707,32.47526550292969
2024-01-08,STORE0001,SKU0073,11.367744445800781,10.623124122619629
2024-01-08,STORE0001,SKU0074,58.779788970947266,50.46968078613281
2024-01-08,STORE0001,SKU0076,33.53229522705078,28.084808349609375
2024-01-08,STORE0001,SKU0077,58.04984664916992,52.314720153808594
2024-01-08,STORE0001,SKU0078,31.82172203063965,30.91918182373047
2024-01-08,STORE0001,SKU0080,79.98068237304688,72.5322494506836
2024-01-08,STORE0001,SKU0081,72.52001953125,64.53286743164062
2024-01-08,STORE0001,SKU0082,62.9171257019043,59.64012908935547
2024-01-08,STORE0001,SKU0084,26.496604919433594,25.38622283935547
2024-01-08,STORE0001,SKU0086,10.525333404541016,9.125802040100098
2024-01-08,STORE0001,SKU0087,33.55116653442383,29.167896270751953
2024-01-08,STORE0001,SKU0090,22.501705169677734,21.72793960571289
2024-01-08,STORE0001,SKU0092,100.00492095947266,91.75728607177734
2024-01-08,STORE0001,SKU0093,75.00511932373047,72.66381072998047
2024-01-08,STORE0001,SKU0094,65.32587432861328,64.90310668945312
2024-01-08,STORE0001,SKU0095,31.569711685180664,31.078786849975586
2024-01-08,STORE0001,SKU0096,99.12864685058594,93.119873046875
2024-01-08,STORE0001,SKU0097,72.1951675415039,68.88742065429688
2024-01-08,STORE0001,SKU0098,43.43144607543945,42.2014274597168
2024-01-08,STORE0001,SKU0099,99.0802001953125,91.49190521240234
2024-01-08,STORE0001,SKU0100,88.00938415527344,85.22537231445312
2024-01-08,STORE0001,SKU0101,17.03325653076172,15.407186508178711
2024-01-08,STORE0002,SKU0001,72.19050598144531,77.16461181640625
2024-01-08,STORE0002,SKU0002,48.89145278930664,52.95061492919922
2024-01-08,STORE0002,SKU0003,18.48896026611328,15.258172035217285
2024-01-08,STORE0002,SKU0004,68.34341430664062,71.24222564697266
2024-01-08,STORE0002,SKU0005,56.84497833251953,51.38019943237305
2024-01-08,STORE0002,SKU0006,76.12721252441406,79.93397521972656
2024-01-08,STORE0002,SKU0007,22.112674713134766,20.469823837280273
2024-01-08,STORE0002,SKU0008,19.03756332397461,15.912585258483887
2024-01-08,STORE0002,SKU0009,42.75532531738281,42.33784866333008
2024-01-08,STORE0002,SKU0010,28.05198097229004,25.40057373046875
2024-01-08,STORE0002,SKU0011,17.253768920898438,15.889986038208008
2024-01-08,STORE0002,SKU0012,32.630714416503906,36.797462463378906
2024-01-08,STORE0002,SKU0014,42.82114791870117,43.86272430419922
2024-01-08,STORE0002,SKU0015,11.63031005859375,8.051045417785645
2024-01-08,STORE0002,SKU0016,20.501846313476562,16.64784049987793
2024-01-08,STORE0002,SKU0017,71.52784729003906,68.42202758789062
2024-01-08,STORE0002,SKU0018,64.00285339355469,58.66702651977539
2024-01-08,STORE0002,SKU0019,13.408882141113281,11.468239784240723
2024-01-08,STORE0002,SKU0020,37.61426544189453,39.723445892333984
2024-01-08,STORE0002,SKU0022,69.45004272460938,69.10904693603516
2024-01-08,STORE0002,SKU0023,51.7049446105957,45.72935485839844
2024-01-08,STORE0002,SKU0024,40.964012145996094,42.20476150512695
2024-01-08,STORE0002,SKU0025,20.03955078125,24.03729820251465
2024-01-08,STORE0002,SKU0026,66.69454956054688,76.1125717163086
2024-01-08,STORE0002,SKU0027,73.83430480957031,91.19725036621094
2024-01-08,STORE0002,SKU0028,73.72794342041016,81.33592224121094
2024-01-08,STORE0002,SKU0030,28.68295669555664,41.17392349243164
2024-01-08,STORE0002,SKU0031,34.58650588989258,43.772403717041016
2024-01-08,STORE0002,SKU0032,43.87006759643555,49.45579147338867
2024-01-08,STORE0002,SKU0033,61.02053451538086,76.5495834350586
2024-01-08,STORE0002,SKU0034,84.92599487304688,105.8621597290039
2024-01-08,STORE0002,SKU0036,28.24701690673828,32.20603942871094
2024-01-08,STORE0002,SKU0037,64.64270782470703,79.97795867919922
2024-01-08,STORE0002,SKU0038,57.91215515136719,71.21190643310547
2024-01-08,STORE0002,SKU0039,11.231964111328125,11.951566696166992
2024-01-08,STORE0002,SKU0040,14.662437438964844,15.486824035644531
2024-01-08,STORE0002,SKU0041,53.410911560058594,64.99907684326172
2024-01-08,STORE0002,SKU0042,8.848827362060547,11.42998218536377
2024-01-08,STORE0002,SKU0043,29.214574813842773,35.44578170776367
2024-01-08,STORE0002,SKU0044,52.940155029296875,65.5365982055664
2024-01-08,STORE0002,SKU0046,57.895225524902344,76.17618560791016
2024-01-08,STORE0002,SKU0048,41.8781623840332,49.97254180908203
2024-01-08,STORE0002,SKU0051,51.17105484008789,50.80435562133789
2024-01-08,STORE0002,SKU0052,42.23158264160156,42.927978515625
2024-01-08,STORE0002,SKU0054,59.511375427246094,60.97273254394531
2024-01-08,STORE0002,SKU0055,12.292644500732422,10.85947036743164
2024-01-08,STORE0002,SKU0056,18.227489471435547,16.327070236206055
2024-01-08,STORE0002,SKU0058,69.52859497070312,71.17362213134766
2024-01-08,STORE0002,SKU0059,19.69011688232422,18.58666229248047
2024-01-08,STORE0002,SKU0060,46.00724792480469,42.3857421875
2024-01-08,STORE0002,SKU0062,15.090072631835938,13.6547212600708
2024-01-08,STORE0002,SKU0063,38.04721450805664,32.013851165771484
2024-01-08,STORE0002,SKU0064,68.71624755859375,71.5504379272461
2024-01-08,STORE0002,SKU0065,41.79280090332031,41.92359924316406
2024-01-08,STORE0002,SKU0066,23.830005645751953,19.23764991760254
2024-01-08,STORE0002,SKU0069,57.96653366088867,54.47309494018555
2024-01-08,STORE0002,SKU0070,76.93165588378906,78.94576263427734
2024-01-08,STORE0002,SKU0071,24.697063446044922,23.225980758666992
2024-01-08,STORE0002,SKU0073,8.912296295166016,7.927787780761719
2024-01-08,STORE0002,SKU0074,41.02184295654297,42.01575469970703
2024-01-08,STORE0002,SKU0075,26.536808013916016,26.076265335083008
2024-01-08,STORE0002,SKU0078,24.08655548095703,21.117340087890625
2024-01-08,STORE0002,SKU0079,60.27689743041992,59.561222076416016
2024-01-08,STORE0002,SKU0081,51.25508117675781,50.76091003417969
2024-01-08,STORE0002,SKU0082,44.85916519165039,42.08992385864258
2024-01-08,STORE0002,SKU0083,64.74279022216797,66.15383911132812
2024-01-08,STORE0002,SKU0084,20.20633316040039,18.548236846923828
2024-01-08,STORE0002,SKU0086,8.358955383300781,6.575353145599365
2024-01-08,STORE0002,SKU0087,25.188480377197266,19.63869857788086
2024-01-08,STORE0002,SKU0088,20.09145736694336,19.28413200378418
2024-01-08,STORE0002,SKU0089,34.053314208984375,34.56379318237305
2024-01-08,STORE0002,SKU0090,17.371109008789062,15.00375747680664
2024-01-08,STORE0002,SKU0092,69.31281280517578,68.94869232177734
2024-01-08,STORE0002,SKU0093,53.286556243896484,53.1739501953125
2024-01-08,STORE0002,SKU0096,69.16490173339844,68.0255355834961
2024-01-08,STORE0002,SKU0097,51.97560119628906,49.36812210083008
2024-01-08,STORE0002,SKU0098,31.631000518798828,29.61945343017578
2024-01-08,STORE0002,SKU0099,70.34417724609375,68.3095474243164
2024-01-08,STORE0002,SKU0101,13.05417251586914,12.017060279846191
2024-01-08,STORE0002,SKU0102,71.1366958618164,76.23042297363281
2024-01-08,STORE0003,SKU0001,72.84774780273438,80.39989471435547
2024-01-08,STORE0003,SKU0003,17.759082794189453,17.269550323486328
2024-01-08,STORE0003,SKU0004,68.03055572509766,66.20465087890625
2024-01-08,STORE0003,SKU0005,56.88288116455078,57.29938888549805
2024-01-08,STORE0003,SKU0006,75.91309356689453,73.50959014892578
2024-01-08,STORE0003,SKU0007,21.858505249023438,20.896272659301758
2024-01-08,STORE0003,SKU0008,18.58948516845703,18.393877029418945
2024-01-08,STORE0003,SKU0009,42.56800842285156,43.32542037963867
2024-01-08,STORE0003,SKU0010,27.705297470092773,25.18634033203125
2024-01-08,STORE0003,SKU0011,16.864200592041016,14.966109275817871
2024-01-08,STORE0003,SKU0012,32.16123580932617,36.18553161621094
2024-01-08,STORE0003,SKU0013,60.27770233154297,55.50138854980469
2024-01-08,STORE0003,SKU0014,42.57658386230469,44.17116165161133
2024-01-08,STORE0003,SKU0015,10.717479705810547,8.354194641113281
2024-01-08,STORE0003,SKU0016,19.808208465576172,15.928054809570312
2024-01-08,STORE0003,SKU0019,12.972808837890625,10.646105766296387
2024-01-08,STORE0003,SKU0020,37.02351760864258,37.98883056640625
2024-01-08,STORE0003,SKU0021,40.07075500488281,40.44374465942383
2024-01-08,STORE0003,SKU0022,69.70668029785156,73.96260833740234
2024-01-08,STORE0003,SKU0023,51.73533630371094,51.7265510559082
2024-01-08,STORE0003,SKU0024,40.55519104003906,41.25178909301758
2024-01-08,STORE0003,SKU0025,19.043964385986328,22.496070861816406
2024-01-08,STORE0003,SKU0026,65.80702209472656,73.42489624023438
2024-01-08,STORE0003,SKU0028,73.61262512207031,86.60916137695312
2024-01-08,STORE0003,SKU0030,28.01077651977539,36.57645034790039
2024-01-08,STORE0003,SKU0031,34.775875091552734,41.27212905883789
2024-01-08,STORE0003,SKU0033,61.431671142578125,85.60243225097656
2024-01-08,STORE0003,SKU0035,110.01555633544922,126.52103424072266
2024-01-08,STORE0003,SKU0037,65.57457733154297,80.41412353515625
2024-01-08,STORE0003,SKU0039,10.284759521484375,12.521770477294922
2024-01-08,STORE0003,SKU0040,13.850154876708984,14.540096282958984
2024-01-08,STORE0003,SKU0041,52.89230728149414,63.18596267700195
2024-01-08,STORE0003,SKU0042,7.890316009521484,11.971625328063965
2024-01-08,STORE0003,SKU0043,28.588600158691406,37.23166275024414
2024-01-08,STORE0003,SKU0044,52.17754364013672,66.81768798828125
2024-01-08,STORE0003,SKU0045,40.31098937988281,52.36056900024414
2024-01-08,STORE0003,SKU0046,57.83855438232422,71.80156707763672
2024-01-08,STORE0003,SKU0047,47.27881622314453,61.0504035949707
2024-01-08,STORE0003,SKU0048,41.257774353027344,53.01275634765625
2024-01-08,STORE0003,SKU0049,35.67124938964844,33.62094497680664
2024-01-08,STORE0003,SKU0050,13.474857330322266,12.92630672454834
2024-01-08,STORE0003,SKU0051,50.88432312011719,50.432395935058594
2024-01-08,STORE0003,SKU0052,41.683563232421875,40.67850112915039
2024-01-08,STORE0003,SKU0053,24.239757537841797,25.097986221313477
2024-01-08,STORE0003,SKU0054,59.69203567504883,63.65990447998047
2024-01-08,STORE0003,SKU0055,11.445846557617188,10.186579704284668
2024-01-08,STORE0003,SKU0056,17.518783569335938,16.049564361572266
2024-01-08,STORE0003,SKU0058,69.48545837402344,69.69230651855469
2024-01-08,STORE0003,SKU0060,45.23487091064453,44.20303726196289
2024-01-08,STORE0003,SKU0061,68.91434478759766,74.517822265625
2024-01-08,STORE0003,SKU0062,14.33575439453125,13.062603950500488
2024-01-08,STORE0003,SKU0063,37.26654815673828,36.68241882324219
2024-01-08,STORE0003,SKU0064,68.56741333007812,69.1055908203125
2024-01-08,STORE0003,SKU0065,41.014801025390625,41.80888366699219
2024-01-08,STORE0003,SKU0066,23.082874298095703,20.440610885620117
2024-01-08,STORE0003,SKU0067,30.727994918823242,29.627683639526367
2024-01-08,STORE0003,SKU0068,30.687583923339844,31.289560317993164
2024-01-08,STORE0003,SKU0069,57.66166305541992,58.03241729736328
2024-01-08,STORE0003,SKU0070,76.39200592041016,74.88401794433594
2024-01-08,STORE0003,SKU0071,24.296287536621094,23.598695755004883
2024-01-08,STORE0003,SKU0073,8.10189437866211,7.618206977844238
2024-01-08,STORE0003,SKU0075,25.592857360839844,28.444700241088867
2024-01-08,STORE0003,SKU0076,23.592880249023438,22.67613410949707
2024-01-08,STORE0003,SKU0077,39.52537536621094,39.580142974853516
2024-01-08,STORE0003,SKU0082,44.08647918701172,40.65532684326172
2024-01-08,STORE0003,SKU0084,19.291271209716797,20.3011531829834
2024-01-08,STORE0003,SKU0086,7.500968933105469,6.780255317687988
2024-01-08,STORE0003,SKU0087,24.486324310302734,21.840194702148438
2024-01-08,STORE0003,SKU0088,19.280696868896484,17.35513687133789
2024-01-08,STORE0003,SKU0089,33.31592559814453,34.303768157958984
2024-01-08,STORE0003,SKU0091,14.67877197265625,13.184324264526367
2024-01-08,STORE0003,SKU0092,69.72815704345703,64.06877136230469
2024-01-08,STORE0003,SKU0093,52.5074348449707,52.709041595458984
2024-01-08,STORE0003,SKU0094,45.70695495605469,43.96312713623047
2024-01-08,STORE0003,SKU0095,24.045604705810547,22.167871475219727
2024-01-08,STORE0003,SKU0096,68.44921875,65.98738861083984
2024-01-08,STORE0003,SKU0097,51.664546966552734,50.16478729248047
2024-01-08,STORE0003,SKU0099,70.579833984375,72.13566589355469
2024-01-08,STORE0003,SKU0100,63.384117126464844,68.20175170898438
2024-01-08,STORE0003,SKU0101,12.444236755371094,11.419280052185059
2024-01-08,STORE0004,SKU0001,104.44450378417969,101.17803192138672
2024-01-08,STORE0004,SKU0002,68.94235229492188,66.09874725341797
2024-01-08,STORE0004,SKU0003,23.640453338623047,22.94493293762207
2024-01-08,STORE0004,SKU0005,78.64818572998047,73.92330169677734
2024-01-08,STORE0004,SKU0007,30.604595184326172,27.494142532348633
2024-01-08,STORE0004,SKU0008,26.285476684570312,24.829242706298828
2024-01-08,STORE0004,SKU0009,61.219242095947266,58.352779388427734
2024-01-08,STORE0004,SKU0012,46.587860107421875,45.703125
2024-01-08,STORE0004,SKU0013,86.88389587402344,78.08052825927734
2024-01-08,STORE0004,SKU0014,61.00767135620117,56.702720642089844
2024-01-08,STORE0004,SKU0015,14.181388854980469,11.127206802368164
2024-01-08,STORE0004,SKU0017,104.62399291992188,98.82848358154297
2024-01-08,STORE0004,SKU0018,90.89091491699219,89.75322723388672
2024-01-08,STORE0004,SKU0019,18.592247009277344,16.046775817871094
2024-01-08,STORE0004,SKU0020,53.039058685302734,54.968040466308594
2024-01-08,STORE0004,SKU0021,58.451866149902344,60.37769317626953
2024-01-08,STORE0004,SKU0023,73.44493103027344,66.32987213134766
2024-01-08,STORE0004,SKU0024,58.64670944213867,60.72369384765625
2024-01-08,STORE0004,SKU0025,26.547855377197266,29.00181770324707
2024-01-08,STORE0004,SKU0026,92.92591857910156,98.92664337158203
2024-01-08,STORE0004,SKU0027,104.35057067871094,106.78510284423828
2024-01-08,STORE0004,SKU0028,105.18875122070312,106.3785629272461
2024-01-08,STORE0004,SKU0029,26.99581527709961,35.67832565307617
2024-01-08,STORE0004,SKU0031,48.6349983215332,55.49357986450195
2024-01-08,STORE0004,SKU0032,63.827972412109375,71.89424133300781
2024-01-08,STORE0004,SKU0033,86.33634948730469,98.38336944580078
2024-01-08,STORE0004,SKU0034,128.9581298828125,138.57156372070312
2024-01-08,STORE0004,SKU0035,153.55596923828125,149.078125
2024-01-08,STORE0004,SKU0036,38.366859436035156,46.020687103271484
2024-01-08,STORE0004,SKU0037,90.5345458984375,102.97798156738281
2024-01-08,STORE0004,SKU0038,81.95854949951172,101.8590316772461
2024-01-08,STORE0004,SKU0039,14.24139404296875,16.774927139282227
2024-01-08,STORE0004,SKU0040,19.51232147216797,23.442909240722656
2024-01-08,STORE0004,SKU0041,73.51214599609375,83.35043334960938
2024-01-08,STORE0004,SKU0045,57.475975036621094,63.27386474609375
2024-01-08,STORE0004,SKU0046,81.42520904541016,89.70023345947266
2024-01-08,STORE0004,SKU0047,66.4639663696289,75.33815002441406
2024-01-08,STORE0004,SKU0048,58.721534729003906,67.6502456665039
2024-01-08,STORE0004,SKU0049,51.442169189453125,48.57748794555664
2024-01-08,STORE0004,SKU0050,19.301448822021484,16.69973373413086
2024-01-08,STORE0004,SKU0051,72.35499572753906,72.97330474853516
2024-01-08,STORE0004,SKU0052,58.48833084106445,56.92094421386719
2024-01-08,STORE0004,SKU0053,34.117000579833984,31.490354537963867
2024-01-08,STORE0004,SKU0054,82.34233093261719,75.9105453491211
2024-01-08,STORE0004,SKU0055,15.625724792480469,14.813876152038574
2024-01-08,STORE0004,SKU0056,23.69873046875,23.234086990356445
2024-01-08,STORE0004,SKU0057,88.94541931152344,88.323486328125
2024-01-08,STORE0004,SKU0058,96.77630615234375,91.48421478271484
2024-01-08,STORE0004,SKU0060,63.36067199707031,57.061317443847656
2024-01-08,STORE0004,SKU0061,98.55902099609375,93.25274658203125
2024-01-08,STORE0004,SKU0062,19.426715850830078,17.90601348876953
2024-01-08,STORE0004,SKU0063,54.408443450927734,51.34962463378906
2024-01-08,STORE0004,SKU0064,95.98407745361328,89.09566497802734
2024-01-08,STORE0004,SKU0065,58.941646575927734,55.33436965942383
2024-01-08,STORE0004,SKU0066,30.520570755004883,28.5605525970459
2024-01-08,STORE0004,SKU0068,44.13515090942383,36.91542053222656
2024-01-08,STORE0004,SKU0070,107.25030517578125,100.20761108398438
2024-01-08,STORE0004,SKU0071,34.35699462890625,29.52264404296875
2024-01-08,STORE0004,SKU0072,40.02336120605469,36.62807083129883
2024-01-08,STORE0004,SKU0075,34.91819763183594,34.10114669799805
2024-01-08,STORE0004,SKU0076,33.15733337402344,26.616893768310547
2024-01-08,STORE0004,SKU0077,57.855751037597656,56.929954528808594
2024-01-08,STORE0004,SKU0078,31.38954734802246,30.172367095947266
2024-01-08,STORE0004,SKU0079,84.5057601928711,81.71598815917969
2024-01-08,STORE0004,SKU0081,72.14244079589844,72.23188018798828
2024-01-08,STORE0004,SKU0085,65.86463928222656,61.486454010009766
2024-01-08,STORE0004,SKU0087,33.325775146484375,31.393396377563477
2024-01-08,STORE0004,SKU0088,25.722644805908203,23.460784912109375
2024-01-08,STORE0004,SKU0090,22.258445739746094,20.154705047607422
2024-01-08,STORE0004,SKU0091,20.05886459350586,20.129493713378906
2024-01-08,STORE0004,SKU0092,100.20460510253906,85.73013305664062
2024-01-08,STORE0004,SKU0093,74.89453887939453,78.80767059326172
2024-01-08,STORE0004,SKU0095,31.64971160888672,31.287334442138672
2024-01-08,STORE0004,SKU0096,98.46366119384766,91.4368896484375
2024-01-08,STORE0004,SKU0097,71.4128646850586,71.80123138427734
2024-01-08,STORE0004,SKU0098,42.76716613769531,37.88705062866211
2024-01-08,STORE0004,SKU0099,98.91429138183594,88.45286560058594
2024-01-08,STORE0004,SKU0100,88.48922729492188,86.5369873046875
2024-01-08,STORE0004,SKU0101,17.400474548339844,15.451006889343262
2024-01-08,STORE0004,SKU0102,101.13937377929688,92.97705078125
2024-01-08,STORE0005,SKU0001,105.39288330078125,101.05048370361328
2024-01-08,STORE0005,SKU0002,68.48420715332031,63.02878189086914
2024-01-08,STORE0005,SKU0003,24.218486785888672,21.25000762939453
2024-01-08,STORE0005,SKU0004,96.627685546875,92.47163391113281
2024-01-08,STORE0005,SKU0005,80.42105865478516,66.35029602050781
2024-01-08,STORE0005,SKU0006,109.95338439941406,102.8824691772461
2024-01-08,STORE0005,SKU0007,31.371749877929688,29.309389114379883
2024-01-08,STORE0005,SKU0009,61.5188102722168,60.070228576660156
2024-01-08,STORE0005,SKU0010,39.55986022949219,35.9835090637207
2024-01-08,STORE0005,SKU0011,23.35992431640625,19.321382522583008
2024-01-08,STORE0005,SKU0012,47.1441650390625,46.1878662109375
2024-01-08,STORE0005,SKU0013,86.16984558105469,81.72161865234375
2024-01-08,STORE0005,SKU0014,61.430328369140625,51.80408477783203
2024-01-08,STORE0005,SKU0015,14.191734313964844,11.320311546325684
2024-01-08,STORE0005,SKU0016,27.261985778808594,23.34246253967285
2024-01-08,STORE0005,SKU0018,91.58497619628906,82.1175537109375
2024-01-08,STORE0005,SKU0019,18.69835662841797,15.353342056274414
2024-01-08,STORE0005,SKU0020,53.431575775146484,49.745235443115234
2024-01-08,STORE0005,SKU0021,58.09941101074219,56.970733642578125
2024-01-08,STORE0005,SKU0022,101.80899047851562,91.54681396484375
2024-01-08,STORE0005,SKU0023,72.78116607666016,63.64064407348633
2024-01-08,STORE0005,SKU0026,90.78948211669922,91.79151916503906
2024-01-08,STORE0005,SKU0027,104.57237243652344,112.54150390625
2024-01-08,STORE0005,SKU0028,106.49402618408203,113.55638885498047
2024-01-08,STORE0005,SKU0031,48.135108947753906,55.895206451416016
2024-01-08,STORE0005,SKU0033,84.94111633300781,93.59465789794922
2024-01-08,STORE0005,SKU0034,125.83818054199219,131.71923828125
2024-01-08,STORE0005,SKU0035,147.87109375,149.27532958984375
2024-01-08,STORE0005,SKU0036,36.91785430908203,43.559539794921875
2024-01-08,STORE0005,SKU0038,82.7728271484375,95.91278839111328
2024-01-08,STORE0005,SKU0039,14.363162994384766,17.810115814208984
2024-01-08,STORE0005,SKU0040,19.80594253540039,20.498119354248047
2024-01-08,STORE0005,SKU0041,74.66240692138672,76.47172546386719
2024-01-08,STORE0005,SKU0043,41.651519775390625,50.98637390136719
2024-01-08,STORE0005,SKU0045,57.606666564941406,54.629207611083984
2024-01-08,STORE0005,SKU0048,59.615718841552734,63.83908462524414
2024-01-08,STORE0005,SKU0049,52.4482421875,48.454463958740234
2024-01-08,STORE0005,SKU0050,18.968643188476562,16.405115127563477
2024-01-08,STORE0005,SKU0051,72.72623443603516,74.81595611572266
2024-01-08,STORE0005,SKU0052,60.41044998168945,56.35165023803711
2024-01-08,STORE0005,SKU0053,34.740394592285156,30.950727462768555
2024-01-08,STORE0005,SKU0054,83.18961334228516,79.03840637207031
2024-01-08,STORE0005,SKU0055,15.877140045166016,14.503029823303223
2024-01-08,STORE0005,SKU0056,24.0870361328125,23.047401428222656
2024-01-08,STORE0005,SKU0057,89.19901275634766,86.19867706298828
2024-01-08,STORE0005,SKU0058,99.16559600830078,91.39993286132812
2024-01-08,STORE0005,SKU0060,64.20476531982422,63.64585494995117
2024-01-08,STORE0005,SKU0062,19.189006805419922,17.790769577026367
2024-01-08,STORE0005,SKU0063,54.08256912231445,48.54922866821289
2024-01-08,STORE0005,SKU0064,98.29985809326172,92.09434509277344
2024-01-08,STORE0005,SKU0066,31.086414337158203,24.59733009338379
2024-01-08,STORE0005,SKU0067,43.64952087402344,40.872005462646484
2024-01-08,STORE0005,SKU0068,44.464603424072266,38.02098846435547
2024-01-08,STORE0005,SKU0070,109.69480895996094,95.46868133544922
2024-01-08,STORE0005,SKU0071,34.925559997558594,30.828433990478516
2024-01-08,STORE0005,SKU0072,40.52753829956055,39.114681243896484
2024-01-08,STORE0005,SKU0073,11.525043487548828,10.086341857910156
2024-01-08,STORE0005,SKU0074,58.68413543701172,52.975929260253906
2024-01-08,STORE0005,SKU0075,35.813926696777344,35.42080307006836
2024-01-08,STORE0005,SKU0076,33.5541877746582,27.83087921142578
2024-01-08,STORE0005,SKU0077,58.00625991821289,48.97478103637695
2024-01-08,STORE0005,SKU0079,85.40931701660156,78.40029907226562
2024-01-08,STORE0005,SKU0080,80.45355224609375,72.50607299804688
2024-01-08,STORE0005,SKU0081,72.14619445800781,69.95603942871094
2024-01-08,STORE0005,SKU0082,63.84004211425781,63.7750358581543
2024-01-08,STORE0005,SKU0083,91.0009765625,81.00492095947266
2024-01-08,STORE0005,SKU0084,26.929367065429688,22.67682456970215
2024-01-08,STORE0005,SKU0085,67.73008728027344,70.00784301757812
2024-01-08,STORE0005,SKU0086,10.58541488647461,7.9795660972595215
2024-01-08,STORE0005,SKU0087,33.76832580566406,29.385194778442383
2024-01-08,STORE0005,SKU0088,26.14337921142578,24.297447204589844
2024-01-08,STORE0005,SKU0089,48.699729919433594,47.18490219116211
2024-01-08,STORE0005,SKU0091,20.276348114013672,17.498626708984375
2024-01-08,STORE0005,SKU0094,66.24254608154297,65.58360290527344
2024-01-08,STORE0005,SKU0095,32.485572814941406,32.60262680053711
2024-01-08,STORE0005,SKU0096,98.84957885742188,96.0867919921875
2024-01-08,STORE0005,SKU0098,44.200477600097656,42.16945266723633
2024-01-08,STORE0005,SKU0100,88.6044921875,84.48686981201172
2024-01-08,STORE0005,SKU0101,17.093379974365234,14.7833833694458
2024-01-08,STORE0005,SKU0102,100.69026184082031,94.29307556152344
2024-01-08,STORE0006,SKU0001,104.94416046142578,98.13338470458984
2024-01-08,STORE0006,SKU0003,23.913055419921875,20.05289077758789
2024-01-08,STORE0006,SKU0004,95.82991027832031,89.0197525024414
2024-01-08,STORE0006,SKU0005,79.12740325927734,73.79733276367188
2024-01-08,STORE0006,SKU0006,108.51176452636719,97.99958038330078
2024-01-08,STORE0006,SKU0007,31.221904754638672,27.511613845825195
2024-01-08,STORE0006,SKU0008,26.518226623535156,23.84159278869629
2024-01-08,STORE0006,SKU0009,60.54925537109375,55.2972412109375
2024-01-08,STORE0006,SKU0010,38.795379638671875,37.77058410644531
2024-01-08,STORE0006,SKU0011,23.45140838623047,19.843090057373047
2024-01-08,STORE0006,SKU0012,46.98228454589844,42.22557830810547
2024-01-08,STORE0006,SKU0013,85.93819427490234,88.3672866821289
2024-01-08,STORE0006,SKU0017,104.79031372070312,90.8222885131836
2024-01-08,STORE0006,SKU0018,91.8172607421875,84.5166244506836
2024-01-08,STORE0006,SKU0019,19.012935638427734,15.734977722167969
2024-01-08,STORE0006,SKU0020,53.39189910888672,50.41923141479492
2024-01-08,STORE0006,SKU0021,57.59421920776367,50.046409606933594
2024-01-08,STORE0006,SKU0022,100.15877532958984,91.41839599609375
2024-01-08,STORE0006,SKU0023,73.0723876953125,65.72419738769531
2024-01-08,STORE0006,SKU0025,27.219005584716797,32.69612503051758
2024-01-08,STORE0006,SKU0026,92.06271362304688,98.13005828857422
2024-01-08,STORE0006,SKU0028,106.07776641845703,103.85530090332031
2024-01-08,STORE0006,SKU0029,27.001419067382812,33.60844802856445
2024-01-08,STORE0006,SKU0030,40.78775405883789,49.77635955810547
2024-01-08,STORE0006,SKU0031,49.385433197021484,56.02836608886719
2024-01-08,STORE0006,SKU0032,64.54292297363281,73.16996765136719
2024-01-08,STORE0006,SKU0033,89.01840209960938,102.89937591552734
2024-01-08,STORE0006,SKU0034,129.27072143554688,124.72645568847656
2024-01-08,STORE0006,SKU0035,160.0945587158203,145.40447998046875
2024-01-08,STORE0006,SKU0036,37.489898681640625,41.43128967285156
2024-01-08,STORE0006,SKU0037,91.29531860351562,100.2216567993164
2024-01-08,STORE0006,SKU0038,82.3534164428711,97.73946380615234
2024-01-08,STORE0006,SKU0039,14.203292846679688,17.093597412109375
2024-01-08,STORE0006,SKU0040,19.542736053466797,23.28764533996582
2024-01-08,STORE0006,SKU0041,74.76514434814453,85.48653411865234
2024-01-08,STORE0006,SKU0042,11.698902130126953,15.919381141662598
2024-01-08,STORE0006,SKU0044,74.66632080078125,91.3797836303711
2024-01-08,STORE0006,SKU0045,57.52423858642578,69.61844635009766
2024-01-08,STORE0006,SKU0046,80.94417572021484,87.58213806152344
2024-01-08,STORE0006,SKU0047,66.6116943359375,82.61190795898438
2024-01-08,STORE0006,SKU0048,60.296077728271484,68.6876449584961
2024-01-08,STORE0006,SKU0050,19.206008911132812,16.460582733154297
2024-01-08,STORE0006,SKU0052,60.44691848754883,58.435489654541016
2024-01-08,STORE0006,SKU0053,34.377323150634766,30.13009262084961
2024-01-08,STORE0006,SKU0054,82.07014465332031,88.10054016113281
2024-01-08,STORE0006,SKU0055,15.857345581054688,15.399920463562012
2024-01-08,STORE0006,SKU0056,23.69021224975586,22.165842056274414
2024-01-08,STORE0006,SKU0057,89.03451538085938,88.78765106201172
2024-01-08,STORE0006,SKU0058,97.94754028320312,95.54045104980469
2024-01-08,STORE0006,SKU0060,64.57559204101562,61.03992462158203
2024-01-08,STORE0006,SKU0063,54.29715347290039,44.12685012817383
2024-01-08,STORE0006,SKU0064,99.22584533691406,92.93058776855469
2024-01-08,STORE0006,SKU0065,59.643863677978516,59.58877944946289
2024-01-08,STORE0006,SKU0066,30.895050048828125,30.679176330566406
2024-01-08,STORE0006,SKU0067,43.139007568359375,36.57606506347656
2024-01-08,STORE0006,SKU0069,80.37667846679688,75.52375030517578
2024-01-08,STORE0006,SKU0070,106.53544616699219,100.58488464355469
2024-01-08,STORE0006,SKU0071,34.488365173339844,29.917861938476562
2024-01-08,STORE0006,SKU0072,40.26612091064453,31.967193603515625
2024-01-08,STORE0006,SKU0073,11.705940246582031,10.761533737182617
2024-01-08,STORE0006,SKU0075,35.50023651123047,37.451107025146484
2024-01-08,STORE0006,SKU0076,33.52587890625,26.719682693481445
2024-01-08,STORE0006,SKU0077,58.57904815673828,53.76734161376953
2024-01-08,STORE0006,SKU0081,71.74745178222656,67.69581604003906
2024-01-08,STORE0006,SKU0084,26.54247283935547,27.839054107666016
2024-01-08,STORE0006,SKU0085,67.1593017578125,72.072021484375
2024-01-08,STORE0006,SKU0087,33.289634704589844,27.67882537841797
2024-01-08,STORE0006,SKU0088,25.751708984375,25.63864517211914
2024-01-08,STORE0006,SKU0090,22.403087615966797,19.08687973022461
2024-01-08,STORE0006,SKU0091,20.037899017333984,15.734323501586914
2024-01-08,STORE0006,SKU0092,100.1664047241211,91.16383361816406
2024-01-08,STORE0006,SKU0094,64.98509216308594,64.96136474609375
2024-01-08,STORE0006,SKU0095,31.83252716064453,28.52923011779785
2024-01-08,STORE0006,SKU0096,99.2608642578125,95.9549560546875
2024-01-08,STORE0006,SKU0097,72.72605895996094,72.70471954345703
2024-01-08,STORE0006,SKU0098,43.466957092285156,38.86148452758789
2024-01-08,STORE0006,SKU0099,99.32330322265625,86.77904510498047
2024-01-08,STORE0006,SKU0100,89.18196868896484,86.69088745117188
2024-01-08,STORE0006,SKU0101,17.286109924316406,14.98412036895752
2024-01-08,STORE0006,SKU0102,99.29949951171875,85.89068603515625
2024-01-08,STORE0007,SKU0001,72.65874481201172,87.51053619384766
2024-01-08,STORE0007,SKU0002,49.013816833496094,48.04073715209961
2024-01-08,STORE0007,SKU0003,18.28974151611328,16.08209800720215
2024-01-08,STORE0007,SKU0004,68.5723876953125,68.13816833496094
2024-01-08,STORE0007,SKU0006,76.36688995361328,66.81828308105469
2024-01-08,STORE0007,SKU0008,19.137462615966797,16.83780860900879
2024-01-08,STORE0007,SKU0009,43.03802490234375,43.43748474121094
2024-01-08,STORE0007,SKU0011,17.304386138916016,14.278813362121582
2024-01-08,STORE0007,SKU0012,32.69282531738281,31.4372615814209
2024-01-08,STORE0007,SKU0013,60.42193603515625,60.02322769165039
2024-01-08,STORE0007,SKU0015,11.381092071533203,7.431273937225342
2024-01-08,STORE0007,SKU0016,20.402729034423828,19.518312454223633
2024-01-08,STORE0007,SKU0018,64.31639099121094,63.8433723449707
2024-01-08,STORE0007,SKU0020,37.55461883544922,37.787742614746094
2024-01-08,STORE0007,SKU0022,70.16011810302734,73.2983169555664
2024-01-08,STORE0007,SKU0023,52.16035079956055,56.261409759521484
2024-01-08,STORE0007,SKU0024,40.978885650634766,41.45519256591797
2024-01-08,STORE0007,SKU0025,19.682071685791016,23.54187774658203
2024-01-08,STORE0007,SKU0026,66.73612213134766,72.365234375
2024-01-08,STORE0007,SKU0027,73.27584838867188,90.52845764160156
2024-01-08,STORE0007,SKU0028,74.42911529541016,91.57279968261719
2024-01-08,STORE0007,SKU0029,20.14472198486328,24.419483184814453
2024-01-08,STORE0007,SKU0030,28.71804428100586,36.18705368041992
2024-01-08,STORE0007,SKU0031,35.47645568847656,40.12636184692383
2024-01-08,STORE0007,SKU0032,43.89567184448242,53.018150329589844
2024-01-08,STORE0007,SKU0034,91.28702545166016,108.53435516357422
2024-01-08,STORE0007,SKU0035,110.50715637207031,125.34121704101562
2024-01-08,STORE0007,SKU0036,28.73885726928711,34.799312591552734
2024-01-08,STORE0007,SKU0037,65.23766326904297,83.49829864501953
2024-01-08,STORE0007,SKU0038,58.314273834228516,76.82481384277344
2024-01-08,STORE0007,SKU0039,10.819934844970703,13.41303825378418
2024-01-08,STORE0007,SKU0040,14.389110565185547,16.143756866455078
2024-01-08,STORE0007,SKU0043,29.006755828857422,36.64828109741211
2024-01-08,STORE0007,SKU0044,53.23185729980469,69.36927795410156
2024-01-08,STORE0007,SKU0045,40.52296447753906,48.41072082519531
2024-01-08,STORE0007,SKU0046,57.8575325012207,73.1026840209961
2024-01-08,STORE0007,SKU0047,47.878456115722656,65.08344268798828
2024-01-08,STORE0007,SKU0048,41.685707092285156,48.36833572387695
2024-01-08,STORE0007,SKU0049,36.705848693847656,37.243804931640625
2024-01-08,STORE0007,SKU0050,14.171524047851562,11.780058860778809
2024-01-08,STORE0007,SKU0053,24.651287078857422,24.502700805664062
2024-01-08,STORE0007,SKU0055,11.999046325683594,10.453128814697266
2024-01-08,STORE0007,SKU0056,18.168018341064453,16.78418731689453
2024-01-08,STORE0007,SKU0058,70.19099426269531,70.02828979492188
2024-01-08,STORE0007,SKU0059,19.41543197631836,18.261838912963867
2024-01-08,STORE0007,SKU0060,46.141204833984375,48.79534912109375
2024-01-08,STORE0007,SKU0061,68.89420318603516,64.9418716430664
2024-01-08,STORE0007,SKU0062,15.105098724365234,13.107218742370605
2024-01-08,STORE0007,SKU0063,37.896995544433594,39.727962493896484
2024-01-08,STORE0007,SKU0065,41.49815368652344,41.62480545043945
2024-01-08,STORE0007,SKU0066,23.767822265625,20.36383628845215
2024-01-08,STORE0007,SKU0067,31.199420928955078,29.25957489013672
2024-01-08,STORE0007,SKU0068,31.576480865478516,31.01627540588379
2024-01-08,STORE0007,SKU0072,28.8398494720459,25.091135025024414
2024-01-08,STORE0007,SKU0073,8.746612548828125,7.90114688873291
2024-01-08,STORE0007,SKU0074,41.06181335449219,39.763587951660156
2024-01-08,STORE0007,SKU0075,26.146984100341797,25.53981590270996
2024-01-08,STORE0007,SKU0076,24.29814910888672,22.69247817993164
2024-01-08,STORE0007,SKU0078,23.894973754882812,22.857099533081055
2024-01-08,STORE0007,SKU0079,60.14499282836914,60.513404846191406
2024-01-08,STORE0007,SKU0080,57.153419494628906,49.90031433105469
2024-01-08,STORE0007,SKU0081,51.396263122558594,50.270626068115234
2024-01-08,STORE0007,SKU0082,45.38783264160156,49.2777099609375
2024-01-08,STORE0007,SKU0083,64.49809265136719,66.44715118408203
2024-01-08,STORE0007,SKU0084,19.858749389648438,15.781852722167969
2024-01-08,STORE0007,SKU0085,48.2421875,46.9235725402832
2024-01-08,STORE0007,SKU0086,8.153656005859375,6.6243205070495605
2024-01-08,STORE0007,SKU0087,25.03850555419922,21.415191650390625
2024-01-08,STORE0007,SKU0088,19.92766571044922,17.3045711517334
2024-01-08,STORE0007,SKU0089,33.87012481689453,31.66925811767578
2024-01-08,STORE0007,SKU0090,17.118579864501953,15.852496147155762
2024-01-08,STORE0007,SKU0093,53.186546325683594,52.5732307434082
2024-01-08,STORE0007,SKU0094,45.960689544677734,42.969024658203125
2024-01-08,STORE0007,SKU0096,69.4967041015625,71.0648193359375
2024-01-08,STORE0007,SKU0097,52.0980110168457,48.367496490478516
2024-01-08,STORE0007,SKU0098,31.31024742126465,32.15834045410156
2024-01-08,STORE0007,SKU0099,71.42701721191406,70.1670913696289
2024-01-08,STORE0007,SKU0100,63.53618621826172,64.87902069091797
2024-01-08,STORE0007,SKU0101,13.024848937988281,10.503774642944336
2024-01-08,STORE0007,SKU0102,70.53853607177734,65.73482513427734
2024-01-08,STORE0008,SKU0001,104.39448547363281,96.46639251708984
2024-01-08,STORE0008,SKU0002,67.4836196899414,65.10306549072266
2024-01-08,STORE0008,SKU0003,23.72455596923828,22.05510139465332
2024-01-08,STORE0008,SKU0004,95.22624969482422,88.91942596435547
2024-01-08,STORE0008,SKU0005,78.60977172851562,74.83515930175781
2024-01-08,STORE0008,SKU0006,107.36471557617188,96.48396301269531
2024-01-08,STORE0008,SKU0007,30.78300666809082,27.417787551879883
2024-01-08,STORE0008,SKU0008,26.279163360595703,23.599742889404297
2024-01-08,STORE0008,SKU0009,61.10226058959961,59.102989196777344
2024-01-08,STORE0008,SKU0010,38.83356475830078,33.922279357910156
2024-01-08,STORE0008,SKU0011,22.999515533447266,17.7989559173584
2024-01-08,STORE0008,SKU0012,46.9653434753418,43.41124725341797
2024-01-08,STORE0008,SKU0013,86.19608306884766,82.25715637207031
2024-01-08,STORE0008,SKU0014,60.79454803466797,57.41030502319336
2024-01-08,STORE0008,SKU0015,13.716148376464844,11.774333000183105
2024-01-08,STORE0008,SKU0016,26.670486450195312,24.678504943847656
2024-01-08,STORE0008,SKU0018,90.18054962158203,81.14242553710938
2024-01-08,STORE0008,SKU0020,53.227073669433594,55.63172149658203
2024-01-08,STORE0008,SKU0022,101.18502807617188,88.85134887695312
2024-01-08,STORE0008,SKU0025,26.92385482788086,31.044780731201172
2024-01-08,STORE0008,SKU0027,103.86203002929688,107.12621307373047
2024-01-08,STORE0008,SKU0028,105.45478820800781,117.35369110107422
2024-01-08,STORE0008,SKU0029,26.868366241455078,33.59965896606445
2024-01-08,STORE0008,SKU0030,40.068668365478516,46.720703125
2024-01-08,STORE0008,SKU0031,48.224788665771484,60.896324157714844
2024-01-08,STORE0008,SKU0033,87.023193359375,99.87462615966797
2024-01-08,STORE0008,SKU0035,144.8913116455078,141.73020935058594
2024-01-08,STORE0008,SKU0038,80.95518493652344,95.68018341064453
2024-01-08,STORE0008,SKU0039,14.037628173828125,18.972471237182617
2024-01-08,STORE0008,SKU0040,19.637313842773438,24.652387619018555
2024-01-08,STORE0008,SKU0041,73.9715805053711,86.1555404663086
2024-01-08,STORE0008,SKU0042,11.363422393798828,16.460424423217773
2024-01-08,STORE0008,SKU0043,41.0808219909668,49.10359573364258
2024-01-08,STORE0008,SKU0044,73.52143859863281,86.37739562988281
2024-01-08,STORE0008,SKU0045,58.061527252197266,72.02864074707031
2024-01-08,STORE0008,SKU0046,81.00237274169922,87.31681823730469
2024-01-08,STORE0008,SKU0047,66.98582458496094,69.90907287597656
2024-01-08,STORE0008,SKU0048,59.46174240112305,66.85831451416016
2024-01-08,STORE0008,SKU0049,51.6600227355957,47.15931701660156
2024-01-08,STORE0008,SKU0051,71.91668701171875,74.14339447021484
2024-01-08,STORE0008,SKU0055,15.474048614501953,14.375983238220215
2024-01-08,STORE0008,SKU0056,23.71978759765625,21.781465530395508
2024-01-08,STORE0008,SKU0057,87.92204284667969,87.0363540649414
2024-01-08,STORE0008,SKU0059,25.870681762695312,26.0235595703125
2024-01-08,STORE0008,SKU0060,63.10309600830078,58.224796295166016
2024-01-08,STORE0008,SKU0061,98.46354675292969,87.3265609741211
2024-01-08,STORE0008,SKU0062,18.897735595703125,18.21441650390625
2024-01-08,STORE0008,SKU0064,97.53654479980469,88.4870376586914
2024-01-08,STORE0008,SKU0065,58.66020202636719,55.18787384033203
2024-01-08,STORE0008,SKU0066,30.854249954223633,28.99535369873047
2024-01-08,STORE0008,SKU0067,43.05667495727539,40.17363739013672
2024-01-08,STORE0008,SKU0072,40.43303680419922,37.49043273925781
2024-01-08,STORE0008,SKU0074,58.666255950927734,59.65416717529297
2024-01-08,STORE0008,SKU0075,35.20323181152344,32.99760437011719
2024-01-08,STORE0008,SKU0076,33.533451080322266,30.97002601623535
2024-01-08,STORE0008,SKU0077,58.58732986450195,54.07698059082031
2024-01-08,STORE0008,SKU0078,31.825305938720703,32.77408981323242
2024-01-08,STORE0008,SKU0080,79.44144439697266,82.49120330810547
2024-01-08,STORE0008,SKU0081,71.83758544921875,63.40390396118164
2024-01-08,STORE0008,SKU0082,63.00082778930664,65.56840515136719
2024-01-08,STORE0008,SKU0083,90.96566772460938,88.89570617675781
2024-01-08,STORE0008,SKU0084,26.549617767333984,26.690814971923828
2024-01-08,STORE0008,SKU0085,67.12039184570312,67.8475570678711
2024-01-08,STORE0008,SKU0086,10.183837890625,8.791247367858887
2024-01-08,STORE0008,SKU0087,33.704750061035156,32.92619323730469
2024-01-08,STORE0008,SKU0088,25.82223129272461,22.006317138671875
2024-01-08,STORE0008,SKU0089,47.14256286621094,44.12993240356445
2024-01-08,STORE0008,SKU0090,22.389667510986328,22.438785552978516
2024-01-08,STORE0008,SKU0091,19.969646453857422,19.884382247924805
2024-01-08,STORE0008,SKU0092,98.52362060546875,91.20065307617188
2024-01-08,STORE0008,SKU0093,75.6646499633789,72.90824890136719
2024-01-08,STORE0008,SKU0094,65.29570770263672,69.02662658691406
2024-01-08,STORE0008,SKU0095,31.685379028320312,29.331941604614258
2024-01-08,STORE0008,SKU0096,98.0205078125,87.11168670654297
2024-01-08,STORE0008,SKU0097,72.177734375,72.9092025756836
2024-01-08,STORE0008,SKU0098,43.00020217895508,39.76298141479492
2024-01-08,STORE0008,SKU0099,98.92864990234375,90.32160186767578
2024-01-08,STORE0008,SKU0100,88.29660034179688,88.25468444824219
2024-01-08,STORE0008,SKU0101,16.587520599365234,14.644094467163086
2024-01-08,STORE0008,SKU0102,100.51583862304688,88.65791320800781
2024-01-08,STORE0009,SKU0001,88.4784164428711,88.24956512451172
2024-01-08,STORE0009,SKU0002,59.73206329345703,57.301029205322266
2024-01-08,STORE0009,SKU0003,20.47378921508789,17.714576721191406
2024-01-08,STORE0009,SKU0005,69.20082092285156,66.88187408447266
2024-01-08,STORE0009,SKU0006,93.00553131103516,92.62578582763672
2024-01-08,STORE0009,SKU0008,22.342803955078125,23.118831634521484
2024-01-08,STORE0009,SKU0009,52.446285247802734,50.68547058105469
2024-01-08,STORE0009,SKU0010,33.018898010253906,26.487279891967773
2024-01-08,STORE0009,SKU0011,19.734798431396484,16.910932540893555
2024-01-08,STORE0009,SKU0012,40.01383972167969,38.62382125854492
2024-01-08,STORE0009,SKU0013,73.75615692138672,79.20747375488281
2024-01-08,STORE0009,SKU0015,12.124225616455078,9.975568771362305
2024-01-08,STORE0009,SKU0016,22.9166259765625,20.801273345947266
2024-01-08,STORE0009,SKU0017,89.13870239257812,92.74673461914062
2024-01-08,STORE0009,SKU0018,78.73501586914062,82.58837127685547
2024-01-08,STORE0009,SKU0019,15.692184448242188,13.056167602539062
2024-01-08,STORE0009,SKU0020,45.42377471923828,42.12331008911133
2024-01-08,STORE0009,SKU0022,87.28617095947266,86.44669342041016
2024-01-08,STORE0009,SKU0023,63.45191955566406,55.38287353515625
2024-01-08,STORE0009,SKU0024,50.395835876464844,50.084251403808594
2024-01-08,STORE0009,SKU0025,22.606121063232422,29.110822677612305
2024-01-08,STORE0009,SKU0027,89.82501220703125,92.43434143066406
2024-01-08,STORE0009,SKU0028,90.18359375,101.56485748291016
2024-01-08,STORE0009,SKU0030,34.71087646484375,40.34055709838867
2024-01-08,STORE0009,SKU0032,55.69062423706055,61.83134841918945
2024-01-08,STORE0009,SKU0033,78.92091369628906,98.17001342773438
2024-01-08,STORE0009,SKU0034,105.92520904541016,112.5547103881836
2024-01-08,STORE0009,SKU0035,130.17572021484375,141.46006774902344
2024-01-08,STORE0009,SKU0037,78.05785369873047,86.69893646240234
2024-01-08,STORE0009,SKU0038,71.0694808959961,84.60781860351562
2024-01-08,STORE0009,SKU0039,11.933902740478516,14.769179344177246
2024-01-08,STORE0009,SKU0041,65.9415283203125,75.02879333496094
2024-01-08,STORE0009,SKU0044,65.2101821899414,80.5572280883789
2024-01-08,STORE0009,SKU0045,49.99000549316406,57.19100570678711
2024-01-08,STORE0009,SKU0046,70.0173110961914,74.67127227783203
2024-01-08,STORE0009,SKU0047,57.8362922668457,70.09969329833984
2024-01-08,STORE0009,SKU0049,44.8671875,38.7562370300293
2024-01-08,STORE0009,SKU0050,16.32428741455078,15.354582786560059
2024-01-08,STORE0009,SKU0051,62.5307731628418,57.391048431396484
2024-01-08,STORE0009,SKU0052,52.34457015991211,49.91278839111328
2024-01-08,STORE0009,SKU0055,13.391487121582031,11.862010955810547
2024-01-08,STORE0009,SKU0057,77.48771667480469,76.40160369873047
2024-01-08,STORE0009,SKU0058,83.572509765625,82.307373046875
2024-01-08,STORE0009,SKU0059,22.310447692871094,24.573448181152344
2024-01-08,STORE0009,SKU0060,55.72466278076172,52.65280532836914
2024-01-08,STORE0009,SKU0061,84.54898071289062,88.1746826171875
2024-01-08,STORE0009,SKU0062,16.754528045654297,16.438451766967773
2024-01-08,STORE0009,SKU0063,47.29642868041992,45.4356803894043
2024-01-08,STORE0009,SKU0064,84.1642837524414,86.48857116699219
2024-01-08,STORE0009,SKU0065,51.4575309753418,50.28047561645508
2024-01-08,STORE0009,SKU0066,26.637348175048828,25.88608169555664
2024-01-08,STORE0009,SKU0067,37.049903869628906,32.12118911743164
2024-01-08,STORE0009,SKU0068,37.889671325683594,34.440834045410156
2024-01-08,STORE0009,SKU0069,69.2011947631836,59.87315368652344
2024-01-08,STORE0009,SKU0070,92.48052978515625,81.13834381103516
2024-01-08,STORE0009,SKU0071,29.276378631591797,26.816043853759766
2024-01-08,STORE0009,SKU0072,34.83110046386719,31.787364959716797
2024-01-08,STORE0009,SKU0074,50.50221633911133,50.435401916503906
2024-01-08,STORE0009,SKU0075,30.195072174072266,28.32082176208496
2024-01-08,STORE0009,SKU0076,28.273929595947266,26.185327529907227
2024-01-08,STORE0009,SKU0077,50.04500198364258,51.804161071777344
2024-01-08,STORE0009,SKU0078,27.23358726501465,28.300586700439453
2024-01-08,STORE0009,SKU0080,69.27017211914062,74.3042221069336
2024-01-08,STORE0009,SKU0082,54.53792953491211,51.180992126464844
2024-01-08,STORE0009,SKU0083,78.13373565673828,77.6853256225586
2024-01-08,STORE0009,SKU0084,22.93157196044922,21.51731300354004
2024-01-08,STORE0009,SKU0085,59.335750579833984,58.56463623046875
2024-01-08,STORE0009,SKU0086,9.031002044677734,8.246394157409668
2024-01-08,STORE0009,SKU0087,28.688932418823242,26.71504783630371
2024-01-08,STORE0009,SKU0088,22.12652587890625,20.458826065063477
2024-01-08,STORE0009,SKU0089,41.17760467529297,37.17462158203125
2024-01-08,STORE0009,SKU0090,19.052078247070312,17.651262283325195
2024-01-08,STORE0009,SKU0091,17.193161010742188,15.283899307250977
2024-01-08,STORE0009,SKU0092,83.79866027832031,83.4155044555664
2024-01-08,STORE0009,SKU0093,65.06716918945312,59.79133224487305
2024-01-08,STORE0009,SKU0096,83.8455581665039,87.4168472290039
2024-01-08,STORE0009,SKU0097,62.67848205566406,63.90095901489258
2024-01-08,STORE0009,SKU0098,37.6833381652832,38.373687744140625
2024-01-08,STORE0009,SKU0099,84.77721405029297,81.11491394042969
2024-01-08,STORE0009,SKU0102,86.50731658935547,84.50641632080078
2024-01-08,STORE0010,SKU0001,87.97373962402344,89.19577026367188
2024-01-08,STORE0010,SKU0004,81.27294921875,87.3864974975586
2024-01-08,STORE0010,SKU0005,68.827392578125,67.48661804199219
2024-01-08,STORE0010,SKU0006,91.08850860595703,81.57222747802734
2024-01-08,STORE0010,SKU0007,25.693187713623047,22.040517807006836
2024-01-08,STORE0010,SKU0010,32.59324264526367,30.15663719177246
2024-01-08,STORE0010,SKU0011,19.520587921142578,17.853471755981445
2024-01-08,STORE0010,SKU0012,39.445037841796875,40.563629150390625
2024-01-08,STORE0010,SKU0013,72.6441650390625,76.00853729248047
2024-01-08,STORE0010,SKU0014,51.858402252197266,52.47141647338867
2024-01-08,STORE0010,SKU0015,11.847991943359375,9.111333847045898
2024-01-08,STORE0010,SKU0016,22.450664520263672,20.755046844482422
2024-01-08,STORE0010,SKU0017,88.3316879272461,83.72984313964844
2024-01-08,STORE0010,SKU0018,76.809326171875,73.75702667236328
2024-01-08,STORE0010,SKU0019,15.55099868774414,13.796435356140137
2024-01-08,STORE0010,SKU0020,44.99369812011719,41.87351989746094
2024-01-08,STORE0010,SKU0021,49.29317855834961,47.48384094238281
2024-01-08,STORE0010,SKU0025,22.29007339477539,25.65241241455078
2024-01-08,STORE0010,SKU0028,87.69059753417969,104.18867492675781
2024-01-08,STORE0010,SKU0029,22.463611602783203,26.230581283569336
2024-01-08,STORE0010,SKU0030,34.00702667236328,41.87376403808594
2024-01-08,STORE0010,SKU0032,54.246944427490234,61.5987663269043
2024-01-08,STORE0010,SKU0034,106.46011352539062,122.3692626953125
2024-01-08,STORE0010,SKU0035,130.40194702148438,140.04823303222656
2024-01-08,STORE0010,SKU0036,32.41368865966797,38.36174774169922
2024-01-08,STORE0010,SKU0037,77.88575744628906,100.10227966308594
2024-01-08,STORE0010,SKU0038,69.93175506591797,89.23336791992188
2024-01-08,STORE0010,SKU0039,11.468997955322266,15.113227844238281
2024-01-08,STORE0010,SKU0040,16.33301544189453,18.006221771240234
2024-01-08,STORE0010,SKU0042,9.010791778564453,13.01538372039795
2024-01-08,STORE0010,SKU0043,34.07122802734375,43.712005615234375
2024-01-08,STORE0010,SKU0045,49.50625991821289,56.41488265991211
2024-01-08,STORE0010,SKU0046,68.07413482666016,78.13026428222656
2024-01-08,STORE0010,SKU0048,50.182804107666016,55.40329360961914
2024-01-08,STORE0010,SKU0050,16.061161041259766,15.694687843322754
2024-01-08,STORE0010,SKU0051,62.030517578125,59.61891555786133
2024-01-08,STORE0010,SKU0052,51.226531982421875,50.175048828125
2024-01-08,STORE0010,SKU0053,28.243791580200195,28.743192672729492
2024-01-08,STORE0010,SKU0054,70.5390625,68.2104263305664
2024-01-08,STORE0010,SKU0055,12.948600769042969,13.244315147399902
2024-01-08,STORE0010,SKU0056,19.830650329589844,19.870685577392578
2024-01-08,STORE0010,SKU0057,76.04023742675781,79.57266998291016
2024-01-08,STORE0010,SKU0058,81.886962890625,77.68425750732422
2024-01-08,STORE0010,SKU0059,21.69527816772461,24.4501953125
2024-01-08,STORE0010,SKU0060,55.20291519165039,51.5969123840332
2024-01-08,STORE0010,SKU0061,82.06939697265625,78.54788208007812
2024-01-08,STORE0010,SKU0063,45.96149826049805,49.621822357177734
2024-01-08,STORE0010,SKU0064,82.10881805419922,79.47235870361328
2024-01-08,STORE0010,SKU0065,50.01862716674805,52.10429000854492
2024-01-08,STORE0010,SKU0067,36.24101257324219,32.167423248291016
2024-01-08,STORE0010,SKU0068,37.32304382324219,35.502323150634766
2024-01-08,STORE0010,SKU0069,68.42213439941406,62.514530181884766
2024-01-08,STORE0010,SKU0070,90.23938751220703,88.60328674316406
2024-01-08,STORE0010,SKU0073,9.10062026977539,9.040033340454102
2024-01-08,STORE0010,SKU0074,49.55155944824219,48.706809997558594
2024-01-08,STORE0010,SKU0075,29.71217918395996,31.604700088500977
2024-01-08,STORE0010,SKU0076,27.627220153808594,27.17285919189453
2024-01-08,STORE0010,SKU0077,49.404170989990234,47.475643157958984
2024-01-08,STORE0010,SKU0078,26.590499877929688,28.164260864257812
2024-01-08,STORE0010,SKU0079,71.45783233642578,70.73296356201172
2024-01-08,STORE0010,SKU0080,67.11119079589844,74.22860717773438
2024-01-08,STORE0010,SKU0081,61.17045211791992,63.06416320800781
2024-01-08,STORE0010,SKU0083,77.342529296875,83.7342300415039
2024-01-08,STORE0010,SKU0084,22.519222259521484,21.34284019470215
2024-01-08,STORE0010,SKU0085,57.915733337402344,60.10099792480469
2024-01-08,STORE0010,SKU0086,8.809585571289062,7.608042240142822
2024-01-08,STORE0010,SKU0087,28.024860382080078,23.17695426940918
2024-01-08,STORE0010,SKU0088,21.77813720703125,22.4403076171875
2024-01-08,STORE0010,SKU0089,40.614410400390625,36.723873138427734
2024-01-08,STORE0010,SKU0090,18.617267608642578,17.15180015563965
2024-01-08,STORE0010,SKU0092,82.22621154785156,83.66279602050781
2024-01-08,STORE0010,SKU0094,55.022979736328125,54.28765869140625
2024-01-08,STORE0010,SKU0095,26.903400421142578,29.443798065185547
2024-01-08,STORE0010,SKU0096,81.49688720703125,79.65445709228516
2024-01-08,STORE0010,SKU0097,62.11016082763672,62.68999481201172
2024-01-08,STORE0010,SKU0098,36.78507614135742,34.66835403442383
2024-01-08,STORE0010,SKU0099,82.1672134399414,78.57657623291016
2024-01-08,STORE0010,SKU0100,74.87499237060547,76.39144897460938
2024-01-08,STORE0010,SKU0101,14.678749084472656,13.02009105682373
2024-01-08,STORE0010,SKU0102,84.50466918945312,85.77030181884766
2024-01-08,STORE0011,SKU0001,103.89218139648438,100.11011505126953
2024-01-08,STORE0011,SKU0002,68.2253189086914,63.46641540527344
2024-01-08,STORE0011,SKU0003,23.391910552978516,19.729703903198242
2024-01-08,STORE0011,SKU0004,95.9495849609375,87.73252868652344
2024-01-08,STORE0011,SKU0005,78.04173278808594,77.79042053222656
2024-01-08,STORE0011,SKU0006,108.95462036132812,92.14464569091797
2024-01-08,STORE0011,SKU0007,30.387372970581055,29.853822708129883
2024-01-08,STORE0011,SKU0009,60.130126953125,57.36838150024414
2024-01-08,STORE0011,SKU0012,46.27574920654297,43.80144119262695
2024-01-08,STORE0011,SKU0014,59.036582946777344,51.190040588378906
2024-01-08,STORE0011,SKU0015,13.789787292480469,10.235709190368652
2024-01-08,STORE0011,SKU0017,103.63095092773438,95.88899993896484
2024-01-08,STORE0011,SKU0018,89.577880859375,78.4045639038086
2024-01-08,STORE0011,SKU0019,18.413372039794922,15.644634246826172
2024-01-08,STORE0011,SKU0020,52.33829879760742,46.590572357177734
2024-01-08,STORE0011,SKU0021,56.56671142578125,58.60729217529297
2024-01-08,STORE0011,SKU0022,101.70262908935547,95.95995330810547
2024-01-08,STORE0011,SKU0023,71.213134765625,62.01484298706055
2024-01-08,STORE0011,SKU0024,57.82358169555664,52.67662811279297
2024-01-08,STORE0011,SKU0025,26.116477966308594,30.60141372680664
2024-01-08,STORE0011,SKU0026,90.3529052734375,96.42453002929688
2024-01-08,STORE0011,SKU0027,103.58284759521484,101.09554290771484
2024-01-08,STORE0011,SKU0028,101.94271850585938,117.01679992675781
2024-01-08,STORE0011,SKU0029,26.71615982055664,33.296958923339844
2024-01-08,STORE0011,SKU0030,39.945167541503906,47.44623947143555
2024-01-08,STORE0011,SKU0031,47.63790512084961,56.614715576171875
2024-01-08,STORE0011,SKU0033,85.39517974853516,96.97032165527344
2024-01-08,STORE0011,SKU0034,130.6811065673828,130.5673828125
2024-01-08,STORE0011,SKU0035,151.11102294921875,142.96981811523438
2024-01-08,STORE0011,SKU0036,36.695533752441406,44.31885528564453
2024-01-08,STORE0011,SKU0037,89.4132080078125,103.61588287353516
2024-01-08,STORE0011,SKU0038,80.56288146972656,97.5835189819336
2024-01-08,STORE0011,SKU0039,13.97311019897461,17.7751407623291
2024-01-08,STORE0011,SKU0040,19.37838363647461,24.432758331298828
2024-01-08,STORE0011,SKU0041,74.07881164550781,83.44905853271484
2024-01-08,STORE0011,SKU0043,39.485618591308594,50.18808364868164
2024-01-08,STORE0011,SKU0044,72.67008209228516,84.93181610107422
2024-01-08,STORE0011,SKU0046,80.3873519897461,91.1837387084961
2024-01-08,STORE0011,SKU0047,65.25318145751953,74.24424743652344
2024-01-08,STORE0011,SKU0048,58.39326095581055,69.27764129638672
2024-01-08,STORE0011,SKU0050,19.118316650390625,17.12976837158203
2024-01-08,STORE0011,SKU0051,71.10359191894531,75.29977416992188
2024-01-08,STORE0011,SKU0052,57.82480239868164,56.3520622253418
2024-01-08,STORE0011,SKU0053,33.63392639160156,31.628828048706055
2024-01-08,STORE0011,SKU0054,81.96293640136719,87.12139892578125
2024-01-08,STORE0011,SKU0055,15.406890869140625,15.354994773864746
2024-01-08,STORE0011,SKU0056,23.48560333251953,21.526615142822266
2024-01-08,STORE0011,SKU0058,97.23098754882812,86.81285858154297
2024-01-08,STORE0011,SKU0059,25.449779510498047,26.825885772705078
2024-01-08,STORE0011,SKU0061,97.74696350097656,90.63928985595703
2024-01-08,STORE0011,SKU0062,19.218040466308594,17.04373550415039
2024-01-08,STORE0011,SKU0064,98.00406646728516,90.56658935546875
2024-01-08,STORE0011,SKU0065,57.6762809753418,55.626949310302734
2024-01-08,STORE0011,SKU0066,30.536603927612305,28.607912063598633
2024-01-08,STORE0011,SKU0067,42.27424621582031,38.123695373535156
2024-01-08,STORE0011,SKU0068,43.016151428222656,37.09200668334961
2024-01-08,STORE0011,SKU0069,79.74537658691406,75.4167251586914
2024-01-08,STORE0011,SKU0070,105.5231704711914,96.58695983886719
2024-01-08,STORE0011,SKU0071,33.721282958984375,32.48757553100586
2024-01-08,STORE0011,SKU0072,39.525123596191406,36.999671936035156
2024-01-08,STORE0011,SKU0073,11.246696472167969,11.582561492919922
2024-01-08,STORE0011,SKU0074,57.787017822265625,51.975677490234375
2024-01-08,STORE0011,SKU0077,57.47059631347656,52.33856964111328
2024-01-08,STORE0011,SKU0078,31.00021743774414,30.19771957397461
2024-01-08,STORE0011,SKU0079,84.03945922851562,77.19116973876953
2024-01-08,STORE0011,SKU0082,61.45862579345703,59.80016326904297
2024-01-08,STORE0011,SKU0083,90.6074447631836,89.06396484375
2024-01-08,STORE0011,SKU0085,66.68566131591797,68.03546905517578
2024-01-08,STORE0011,SKU0086,10.37972640991211,9.512373924255371
2024-01-08,STORE0011,SKU0087,33.20412063598633,29.511693954467773
2024-01-08,STORE0011,SKU0088,25.550827026367188,25.240575790405273
2024-01-08,STORE0011,SKU0089,46.3477783203125,41.679527282714844
2024-01-08,STORE0011,SKU0090,22.168804168701172,20.926294326782227
2024-01-08,STORE0011,SKU0094,64.00691986083984,58.75364685058594
2024-01-08,STORE0011,SKU0095,31.151384353637695,30.757484436035156
2024-01-08,STORE0011,SKU0096,97.74882507324219,95.75503540039062
2024-01-08,STORE0011,SKU0097,70.41996765136719,68.04145050048828
2024-01-08,STORE0011,SKU0098,42.233036041259766,38.40255355834961
2024-01-08,STORE0011,SKU0100,86.66845703125,81.6102523803711
2024-01-08,STORE0011,SKU0101,17.021316528320312,15.455290794372559
2024-01-08,STORE0012,SKU0001,89.93411254882812,100.38322448730469
2024-01-08,STORE0012,SKU0002,59.11833953857422,60.91825866699219
2024-01-08,STORE0012,SKU0004,82.49943542480469,80.50569915771484
2024-01-08,STORE0012,SKU0005,69.19497680664062,64.68560028076172
2024-01-08,STORE0012,SKU0006,94.34286499023438,81.12891387939453
2024-01-08,STORE0012,SKU0007,26.402267456054688,24.25056266784668
2024-01-08,STORE0012,SKU0008,22.457603454589844,21.974056243896484
2024-01-08,STORE0012,SKU0009,52.66792678833008,47.00570297241211
2024-01-08,STORE0012,SKU0010,33.15480041503906,32.48999786376953
2024-01-08,STORE0012,SKU0013,74.43342590332031,77.71227264404297
2024-01-08,STORE0012,SKU0014,52.119110107421875,50.0863037109375
2024-01-08,STORE0012,SKU0015,12.11346435546875,10.124338150024414
2024-01-08,STORE0012,SKU0016,23.00092315673828,22.266775131225586
2024-01-08,STORE0012,SKU0017,90.42989349365234,87.99837493896484
2024-01-08,STORE0012,SKU0018,78.79024505615234,72.90084838867188
2024-01-08,STORE0012,SKU0019,15.695404052734375,14.181231498718262
2024-01-08,STORE0012,SKU0020,45.75798416137695,48.97868728637695
2024-01-08,STORE0012,SKU0022,86.99385070800781,83.17924499511719
2024-01-08,STORE0012,SKU0023,64.22903442382812,57.84003448486328
2024-01-08,STORE0012,SKU0025,22.708717346191406,27.437633514404297
2024-01-08,STORE0012,SKU0026,78.073486328125,92.23201751708984
2024-01-08,STORE0012,SKU0027,88.14909362792969,101.65003967285156
2024-01-08,STORE0012,SKU0028,89.07421875,103.1698226928711
2024-01-08,STORE0012,SKU0029,22.89852523803711,27.300748825073242
2024-01-08,STORE0012,SKU0030,34.70779800415039,47.6770133972168
2024-01-08,STORE0012,SKU0032,54.62677001953125,64.97991180419922
2024-01-08,STORE0012,SKU0033,74.12674713134766,86.79327392578125
2024-01-08,STORE0012,SKU0034,107.36016082763672,133.37046813964844
2024-01-08,STORE0012,SKU0035,133.2477569580078,139.84317016601562
2024-01-08,STORE0012,SKU0036,32.27266311645508,38.81825256347656
2024-01-08,STORE0012,SKU0037,78.11000061035156,90.48977661132812
2024-01-08,STORE0012,SKU0038,70.2723159790039,85.06314849853516
2024-01-08,STORE0012,SKU0039,11.887256622314453,14.203165054321289
2024-01-08,STORE0012,SKU0043,34.50502014160156,38.15933609008789
2024-01-08,STORE0012,SKU0044,64.00618743896484,79.38502502441406
2024-01-08,STORE0012,SKU0046,69.40513610839844,83.40233612060547
2024-01-08,STORE0012,SKU0047,56.728755950927734,69.74483489990234
2024-01-08,STORE0012,SKU0048,51.29827117919922,57.350669860839844
2024-01-08,STORE0012,SKU0050,16.34825897216797,15.426281929016113
2024-01-08,STORE0012,SKU0052,52.45393753051758,49.33774185180664
2024-01-08,STORE0012,SKU0053,29.046104431152344,29.42385482788086
2024-01-08,STORE0012,SKU0054,72.6966781616211,67.802490234375
2024-01-08,STORE0012,SKU0055,13.466415405273438,12.385247230529785
2024-01-08,STORE0012,SKU0056,20.49494171142578,19.207273483276367
2024-01-08,STORE0012,SKU0057,76.14067077636719,71.2806167602539
2024-01-08,STORE0012,SKU0058,83.5352554321289,75.30794525146484
2024-01-08,STORE0012,SKU0059,22.376747131347656,22.599735260009766
2024-01-08,STORE0012,SKU0060,55.35093688964844,50.26737594604492
2024-01-08,STORE0012,SKU0061,84.66676330566406,83.3009033203125
2024-01-08,STORE0012,SKU0062,16.813644409179688,14.17724609375
2024-01-08,STORE0012,SKU0064,83.64344787597656,75.57646942138672
2024-01-08,STORE0012,SKU0065,50.59703063964844,47.75712203979492
2024-01-08,STORE0012,SKU0066,26.76873016357422,25.05784797668457
2024-01-08,STORE0012,SKU0068,37.50596237182617,32.641414642333984
2024-01-08,STORE0012,SKU0070,92.66412353515625,88.31535339355469
2024-01-08,STORE0012,SKU0071,29.136323928833008,26.405628204345703
2024-01-08,STORE0012,SKU0072,34.69746398925781,36.0478401184082
2024-01-08,STORE0012,SKU0074,50.61982727050781,53.497772216796875
2024-01-08,STORE0012,SKU0075,30.49972152709961,31.877782821655273
2024-01-08,STORE0012,SKU0076,28.2750186920166,26.590394973754883
2024-01-08,STORE0012,SKU0077,49.780235290527344,43.181968688964844
2024-01-08,STORE0012,SKU0078,27.383146286010742,27.249677658081055
2024-01-08,STORE0012,SKU0080,68.38099670410156,75.91289520263672
2024-01-08,STORE0012,SKU0081,62.72408676147461,63.253055572509766
2024-01-08,STORE0012,SKU0083,77.90461730957031,82.43130493164062
2024-01-08,STORE0012,SKU0084,23.237552642822266,22.903032302856445
2024-01-08,STORE0012,SKU0085,58.05145263671875,59.52460479736328
2024-01-08,STORE0012,SKU0086,9.027816772460938,6.641609191894531
2024-01-08,STORE0012,SKU0088,22.264305114746094,21.61136817932129
2024-01-08,STORE0012,SKU0089,40.79142761230469,36.2998046875
2024-01-08,STORE0012,SKU0091,17.008193969726562,13.985024452209473
2024-01-08,STORE0012,SKU0092,84.97428131103516,82.48934936523438
2024-01-08,STORE0012,SKU0094,56.50838088989258,51.7978630065918
2024-01-08,STORE0012,SKU0095,27.105430603027344,28.48466682434082
2024-01-08,STORE0012,SKU0096,84.597900390625,81.20972442626953
2024-01-08,STORE0012,SKU0097,62.41468811035156,62.24692916870117
2024-01-08,STORE0012,SKU0098,37.230140686035156,33.241790771484375
2024-01-08,STORE0012,SKU0099,84.42798614501953,83.08978271484375
2024-01-08,STORE0012,SKU0100,76.08822631835938,77.70795440673828
2024-01-08,STORE0012,SKU0101,14.794715881347656,14.138339042663574
2024-01-08,STORE0013,SKU0001,55.141510009765625,57.620277404785156
2024-01-08,STORE0013,SKU0002,35.87517547607422,30.865623474121094
2024-01-08,STORE0013,SKU0003,13.538211822509766,10.268411636352539
2024-01-08,STORE0013,SKU0006,57.50020980834961,49.99165344238281
2024-01-08,STORE0013,SKU0008,14.036857604980469,12.116523742675781
2024-01-08,STORE0013,SKU0009,30.676652908325195,26.329713821411133
2024-01-08,STORE0013,SKU0013,44.3209228515625,40.359153747558594
2024-01-08,STORE0013,SKU0014,31.105314254760742,30.066665649414062
2024-01-08,STORE0013,SKU0015,8.200057983398438,6.180949687957764
2024-01-08,STORE0013,SKU0017,54.10110855102539,50.7054443359375
2024-01-08,STORE0013,SKU0020,28.244855880737305,25.354520797729492
2024-01-08,STORE0013,SKU0024,29.589025497436523,30.029247283935547
2024-01-08,STORE0013,SKU0025,14.283435821533203,15.50467300415039
2024-01-08,STORE0013,SKU0026,47.533607482910156,51.54067611694336
2024-01-08,STORE0013,SKU0027,53.36783981323242,61.413516998291016
2024-01-08,STORE0013,SKU0028,54.662757873535156,61.83716583251953
2024-01-08,STORE0013,SKU0031,24.285755157470703,31.83544921875
2024-01-08,STORE0013,SKU0032,30.336593627929688,37.09640121459961
2024-01-08,STORE0013,SKU0034,62.579803466796875,75.03092193603516
2024-01-08,STORE0013,SKU0036,19.957931518554688,25.231840133666992
2024-01-08,STORE0013,SKU0037,47.68326187133789,57.822322845458984
2024-01-08,STORE0013,SKU0039,7.069587707519531,9.35578441619873
2024-01-08,STORE0013,SKU0040,9.984390258789062,11.597013473510742
2024-01-08,STORE0013,SKU0041,38.46571731567383,42.481197357177734
2024-01-08,STORE0013,SKU0049,26.94436264038086,21.294607162475586
2024-01-08,STORE0013,SKU0056,13.456745147705078,12.711899757385254
2024-01-08,STORE0013,SKU0057,47.20948791503906,44.313594818115234
2024-01-08,STORE0013,SKU0061,51.19712829589844,49.296871185302734
2024-01-08,STORE0013,SKU0063,27.317153930664062,23.546598434448242
2024-01-08,STORE0013,SKU0065,31.029644012451172,29.594005584716797
2024-01-08,STORE0013,SKU0068,23.310016632080078,22.991798400878906
2024-01-08,STORE0013,SKU0071,18.117076873779297,14.735796928405762
2024-01-08,STORE0013,SKU0076,17.698379516601562,16.502840042114258
2024-01-08,STORE0013,SKU0080,41.99085235595703,44.05377960205078
2024-01-08,STORE0013,SKU0084,15.134830474853516,14.047602653503418
2024-01-08,STORE0013,SKU0085,35.52634048461914,33.22212600708008
2024-01-08,STORE0013,SKU0086,5.0323486328125,4.9351911544799805
2024-01-08,STORE0013,SKU0087,19.032196044921875,17.202627182006836
2024-01-08,STORE0013,SKU0089,25.316547393798828,25.220060348510742
2024-01-08,STORE0013,SKU0090,12.73355484008789,11.24775505065918
2024-01-08,STORE0013,SKU0096,51.476173400878906,48.99699020385742
2024-01-08,STORE0013,SKU0097,38.245330810546875,37.06203079223633
2024-01-08,STORE0013,SKU0099,53.42161178588867,43.31211471557617
2024-01-08,STORE0013,SKU0102,52.5855598449707,50.023128509521484
2024-01-09,STORE0001,SKU0001,103.9773178100586,100.04576873779297
2024-01-09,STORE0001,SKU0002,67.39482879638672,61.58499526977539
2024-01-09,STORE0001,SKU0004,95.91925048828125,94.54803466796875
2024-01-09,STORE0001,SKU0006,108.02555084228516,96.25245666503906
2024-01-09,STORE0001,SKU0007,30.576862335205078,24.6876220703125
2024-01-09,STORE0001,SKU0008,26.26616668701172,25.165849685668945
2024-01-09,STORE0001,SKU0010,38.921897888183594,36.73964309692383
2024-01-09,STORE0001,SKU0011,22.86440658569336,18.29564094543457
2024-01-09,STORE0001,SKU0012,46.814453125,43.60954284667969
2024-01-09,STORE0001,SKU0014,60.175113677978516,56.801109313964844
2024-01-09,STORE0001,SKU0015,13.751285552978516,10.964808464050293
2024-01-09,STORE0001,SKU0016,26.486515045166016,23.79766082763672
2024-01-09,STORE0001,SKU0017,103.34246826171875,95.84642791748047
2024-01-09,STORE0001,SKU0018,90.42066192626953,90.77811431884766
2024-01-09,STORE0001,SKU0019,18.335830688476562,15.432111740112305
2024-01-09,STORE0001,SKU0020,52.279396057128906,45.623870849609375
2024-01-09,STORE0001,SKU0021,58.51699447631836,59.224266052246094
2024-01-09,STORE0001,SKU0023,71.12010955810547,65.9930191040039
2024-01-09,STORE0001,SKU0024,57.66339111328125,48.833221435546875
2024-01-09,STORE0001,SKU0026,89.95851135253906,95.84561920166016
2024-01-09,STORE0001,SKU0027,103.93749237060547,108.71047973632812
2024-01-09,STORE0001,SKU0029,26.613399505615234,36.47968292236328
2024-01-09,STORE0001,SKU0030,39.896080017089844,48.699913024902344
2024-01-09,STORE0001,SKU0031,47.190643310546875,53.3231201171875
2024-01-09,STORE0001,SKU0033,88.13693237304688,97.2283935546875
2024-01-09,STORE0001,SKU0035,151.67503356933594,135.3837890625
2024-01-09,STORE0001,SKU0036,37.245662689208984,43.42652893066406
2024-01-09,STORE0001,SKU0037,88.60973358154297,95.62149810791016
2024-01-09,STORE0001,SKU0038,81.57266235351562,92.34034729003906
2024-01-09,STORE0001,SKU0039,13.843914031982422,17.182889938354492
2024-01-09,STORE0001,SKU0040,19.121936798095703,20.48624038696289
2024-01-09,STORE0001,SKU0041,73.93268585205078,81.06060791015625
2024-01-09,STORE0001,SKU0042,11.154838562011719,16.29620933532715
2024-01-09,STORE0001,SKU0043,39.91789627075195,42.600730895996094
2024-01-09,STORE0001,SKU0045,57.404014587402344,62.96561050415039
2024-01-09,STORE0001,SKU0046,80.5715103149414,89.61898803710938
2024-01-09,STORE0001,SKU0047,66.52944946289062,78.66634368896484
2024-01-09,STORE0001,SKU0048,60.27173614501953,69.72432708740234
2024-01-09,STORE0001,SKU0049,51.26750946044922,49.35292053222656
2024-01-09,STORE0001,SKU0050,18.630996704101562,17.00242042541504
2024-01-09,STORE0001,SKU0051,70.08558654785156,63.14189147949219
2024-01-09,STORE0001,SKU0053,33.69807052612305,30.44074821472168
2024-01-09,STORE0001,SKU0054,82.53950500488281,75.6790771484375
2024-01-09,STORE0001,SKU0055,15.26739501953125,14.246480941772461
2024-01-09,STORE0001,SKU0056,23.449817657470703,22.0545597076416
2024-01-09,STORE0001,SKU0058,97.23164367675781,92.31108856201172
2024-01-09,STORE0001,SKU0059,25.21118927001953,27.004356384277344
2024-01-09,STORE0001,SKU0060,63.5798454284668,57.154380798339844
2024-01-09,STORE0001,SKU0061,97.23658752441406,85.52145385742188
2024-01-09,STORE0001,SKU0062,18.836872100830078,19.65386390686035
2024-01-09,STORE0001,SKU0063,52.89799499511719,51.7046012878418
2024-01-09,STORE0001,SKU0065,58.347877502441406,56.44941711425781
2024-01-09,STORE0001,SKU0066,30.384294509887695,27.547273635864258
2024-01-09,STORE0001,SKU0067,42.62338638305664,38.47107696533203
2024-01-09,STORE0001,SKU0068,43.80818176269531,38.282257080078125
2024-01-09,STORE0001,SKU0069,79.92730712890625,81.56773376464844
2024-01-09,STORE0001,SKU0070,107.27955627441406,99.13462829589844
2024-01-09,STORE0001,SKU0072,39.77375030517578,32.152103424072266
2024-01-09,STORE0001,SKU0073,11.08267593383789,10.7887544631958
2024-01-09,STORE0001,SKU0074,57.99968719482422,49.243614196777344
2024-01-09,STORE0001,SKU0076,33.144927978515625,28.111339569091797
2024-01-09,STORE0001,SKU0077,57.34420394897461,51.66996383666992
2024-01-09,STORE0001,SKU0078,31.45395851135254,31.05805015563965
2024-01-09,STORE0001,SKU0080,78.78578186035156,70.94322204589844
2024-01-09,STORE0001,SKU0081,71.4524917602539,63.16831970214844
2024-01-09,STORE0001,SKU0082,61.85579299926758,60.73995590209961
2024-01-09,STORE0001,SKU0084,26.081275939941406,25.094343185424805
2024-01-09,STORE0001,SKU0086,10.149520874023438,9.351602554321289
2024-01-09,STORE0001,SKU0087,33.12242126464844,29.305070877075195
2024-01-09,STORE0001,SKU0090,22.13909912109375,21.95580291748047
2024-01-09,STORE0001,SKU0092,98.57131958007812,92.48831939697266
2024-01-09,STORE0001,SKU0093,73.87884521484375,71.39946746826172
2024-01-09,STORE0001,SKU0094,64.58897399902344,63.299198150634766
2024-01-09,STORE0001,SKU0095,31.158374786376953,31.033924102783203
2024-01-09,STORE0001,SKU0096,98.00550079345703,92.03363800048828
2024-01-09,STORE0001,SKU0097,71.20012664794922,67.6191635131836
2024-01-09,STORE0001,SKU0098,42.82207489013672,41.19061279296875
2024-01-09,STORE0001,SKU0099,97.83189392089844,93.11447143554688
2024-01-09,STORE0001,SKU0100,87.0128173828125,84.75552368164062
2024-01-09,STORE0001,SKU0101,16.787818908691406,15.476327896118164
2024-01-09,STORE0002,SKU0001,71.7890853881836,79.60531616210938
2024-01-09,STORE0002,SKU0002,48.24026870727539,52.594234466552734
2024-01-09,STORE0002,SKU0003,18.082027435302734,15.476968765258789
2024-01-09,STORE0002,SKU0004,67.96623229980469,72.22542572021484
2024-01-09,STORE0002,SKU0005,56.42499542236328,51.338226318359375
2024-01-09,STORE0002,SKU0006,75.83637237548828,78.55683135986328
2024-01-09,STORE0002,SKU0007,21.954833984375,20.234495162963867
2024-01-09,STORE0002,SKU0008,18.799339294433594,15.824871063232422
2024-01-09,STORE0002,SKU0009,42.41163635253906,42.374080657958984
2024-01-09,STORE0002,SKU0010,27.90443229675293,25.079465866088867
2024-01-09,STORE0002,SKU0011,17.057533264160156,15.560768127441406
2024-01-09,STORE0002,SKU0012,32.348148345947266,34.65746307373047
2024-01-09,STORE0002,SKU0014,42.30324172973633,44.095733642578125
2024-01-09,STORE0002,SKU0015,11.353446960449219,8.079193115234375
2024-01-09,STORE0002,SKU0016,20.281532287597656,16.35346031188965
2024-01-09,STORE0002,SKU0017,71.09040069580078,67.34901428222656
2024-01-09,STORE0002,SKU0018,63.61029052734375,60.012229919433594
2024-01-09,STORE0002,SKU0019,13.079898834228516,11.409628868103027
2024-01-09,STORE0002,SKU0020,37.26618194580078,39.32174301147461
2024-01-09,STORE0002,SKU0022,68.92271423339844,69.52751159667969
2024-01-09,STORE0002,SKU0023,50.998992919921875,45.3732795715332
2024-01-09,STORE0002,SKU0024,40.43608474731445,41.62897491455078
2024-01-09,STORE0002,SKU0025,19.82372283935547,24.043922424316406
2024-01-09,STORE0002,SKU0026,66.15145111083984,76.74716186523438
2024-01-09,STORE0002,SKU0027,73.34175109863281,89.32723999023438
2024-01-09,STORE0002,SKU0028,73.14523315429688,81.60929870605469
2024-01-09,STORE0002,SKU0030,28.613798141479492,41.63376235961914
2024-01-09,STORE0002,SKU0031,34.361236572265625,43.491783142089844
2024-01-09,STORE0002,SKU0032,43.39884567260742,46.283958435058594
2024-01-09,STORE0002,SKU0033,60.469749450683594,75.8422622680664
2024-01-09,STORE0002,SKU0034,84.133544921875,100.69171905517578
2024-01-09,STORE0002,SKU0036,27.872028350830078,31.60296630859375
2024-01-09,STORE0002,SKU0037,64.5622329711914,78.38963317871094
2024-01-09,STORE0002,SKU0038,57.380523681640625,71.14151000976562
2024-01-09,STORE0002,SKU0039,10.950252532958984,11.402422904968262
2024-01-09,STORE0002,SKU0040,14.316265106201172,15.430438995361328
2024-01-09,STORE0002,SKU0041,53.04378128051758,66.20755767822266
2024-01-09,STORE0002,SKU0042,8.484603881835938,11.215303421020508
2024-01-09,STORE0002,SKU0043,29.107032775878906,35.683631896972656
2024-01-09,STORE0002,SKU0044,52.32483673095703,65.94419860839844
2024-01-09,STORE0002,SKU0046,57.19331359863281,76.02799224853516
2024-01-09,STORE0002,SKU0048,41.445213317871094,49.071659088134766
2024-01-09,STORE0002,SKU0051,50.59529495239258,51.28966522216797
2024-01-09,STORE0002,SKU0052,42.019737243652344,42.67529296875
2024-01-09,STORE0002,SKU0054,58.973602294921875,60.8690071105957
2024-01-09,STORE0002,SKU0055,11.981109619140625,10.641931533813477
2024-01-09,STORE0002,SKU0056,17.907573699951172,16.114601135253906
2024-01-09,STORE0002,SKU0058,69.07768249511719,71.52879333496094
2024-01-09,STORE0002,SKU0059,19.34850311279297,18.75861930847168
2024-01-09,STORE0002,SKU0060,45.61495590209961,42.72324752807617
2024-01-09,STORE0002,SKU0062,14.797733306884766,13.226945877075195
2024-01-09,STORE0002,SKU0063,37.65411376953125,31.661367416381836
2024-01-09,STORE0002,SKU0064,68.14628601074219,71.45960235595703
2024-01-09,STORE0002,SKU0065,41.303077697753906,42.440494537353516
2024-01-09,STORE0002,SKU0066,23.571510314941406,18.969467163085938
2024-01-09,STORE0002,SKU0069,57.35409164428711,54.88500213623047
2024-01-09,STORE0002,SKU0070,76.18327331542969,81.14556121826172
2024-01-09,STORE0002,SKU0071,24.53046417236328,22.9924373626709
2024-01-09,STORE0002,SKU0073,8.484123229980469,8.152616500854492
2024-01-09,STORE0002,SKU0074,40.501060485839844,42.257328033447266
2024-01-09,STORE0002,SKU0075,26.25223159790039,26.002965927124023
2024-01-09,STORE0002,SKU0078,23.93433380126953,21.04707145690918
2024-01-09,STORE0002,SKU0079,59.562923431396484,60.25625228881836
2024-01-09,STORE0002,SKU0081,50.462074279785156,50.574954986572266
2024-01-09,STORE0002,SKU0082,44.210166931152344,42.401466369628906
2024-01-09,STORE0002,SKU0083,64.03986358642578,65.4720458984375
2024-01-09,STORE0002,SKU0084,19.945598602294922,18.600248336791992
2024-01-09,STORE0002,SKU0086,7.782711029052734,6.756189823150635
2024-01-09,STORE0002,SKU0087,24.919689178466797,19.494264602661133
2024-01-09,STORE0002,SKU0088,19.64017105102539,19.70353889465332
2024-01-09,STORE0002,SKU0089,33.59223937988281,34.05448913574219
2024-01-09,STORE0002,SKU0090,16.95819091796875,15.126771926879883
2024-01-09,STORE0002,SKU0092,68.56568908691406,69.73619842529297
2024-01-09,STORE0002,SKU0093,52.817665100097656,53.8343391418457
2024-01-09,STORE0002,SKU0096,68.54733276367188,68.22824096679688
2024-01-09,STORE0002,SKU0097,51.50632858276367,49.824066162109375
2024-01-09,STORE0002,SKU0098,31.16135597229004,29.705434799194336
2024-01-09,STORE0002,SKU0099,70.16200256347656,68.08654022216797
2024-01-09,STORE0002,SKU0101,12.735462188720703,11.632721900939941
2024-01-09,STORE0002,SKU0102,70.75862121582031,75.83123016357422
2024-01-09,STORE0003,SKU0001,72.48904418945312,82.22262573242188
2024-01-09,STORE0003,SKU0003,17.376075744628906,17.56028175354004
2024-01-09,STORE0003,SKU0004,67.51201629638672,66.21630096435547
2024-01-09,STORE0003,SKU0005,56.3687858581543,57.24691390991211
2024-01-09,STORE0003,SKU0006,75.53034973144531,73.47312927246094
2024-01-09,STORE0003,SKU0007,21.687549591064453,20.829553604125977
2024-01-09,STORE0003,SKU0008,18.320117950439453,18.216411590576172
2024-01-09,STORE0003,SKU0009,42.17176818847656,43.739173889160156
2024-01-09,STORE0003,SKU0010,27.558197021484375,25.247915267944336
2024-01-09,STORE0003,SKU0011,16.636295318603516,14.90346908569336
2024-01-09,STORE0003,SKU0012,31.911222457885742,35.256996154785156
2024-01-09,STORE0003,SKU0013,59.66305160522461,56.81516647338867
2024-01-09,STORE0003,SKU0014,42.02777099609375,44.46661376953125
2024-01-09,STORE0003,SKU0015,10.446197509765625,8.599250793457031
2024-01-09,STORE0003,SKU0016,19.593177795410156,15.76163101196289
2024-01-09,STORE0003,SKU0019,12.688743591308594,10.802353858947754
2024-01-09,STORE0003,SKU0020,36.6075439453125,36.880615234375
2024-01-09,STORE0003,SKU0021,39.51031494140625,40.8891716003418
2024-01-09,STORE0003,SKU0022,69.24984741210938,74.16018676757812
2024-01-09,STORE0003,SKU0023,51.011077880859375,51.958030700683594
2024-01-09,STORE0003,SKU0024,39.878753662109375,41.93229293823242
2024-01-09,STORE0003,SKU0025,18.800804138183594,22.55736541748047
2024-01-09,STORE0003,SKU0026,65.2960205078125,73.85643768310547
2024-01-09,STORE0003,SKU0028,72.99229431152344,85.9398422241211
2024-01-09,STORE0003,SKU0030,27.913528442382812,36.91500473022461
2024-01-09,STORE0003,SKU0031,34.56111145019531,41.191009521484375
2024-01-09,STORE0003,SKU0033,60.64684295654297,85.67683410644531
2024-01-09,STORE0003,SKU0035,109.65690612792969,127.89410400390625
2024-01-09,STORE0003,SKU0037,65.32566833496094,80.41405487060547
2024-01-09,STORE0003,SKU0039,9.990768432617188,12.197663307189941
2024-01-09,STORE0003,SKU0040,13.51430892944336,14.45897102355957
2024-01-09,STORE0003,SKU0041,52.56818389892578,64.749755859375
2024-01-09,STORE0003,SKU0042,7.547725677490234,11.874072074890137
2024-01-09,STORE0003,SKU0043,28.436683654785156,36.888057708740234
2024-01-09,STORE0003,SKU0044,51.65097427368164,67.45985412597656
2024-01-09,STORE0003,SKU0045,40.030548095703125,51.35470199584961
2024-01-09,STORE0003,SKU0046,57.27336883544922,71.25718688964844
2024-01-09,STORE0003,SKU0047,46.728389739990234,62.285255432128906
2024-01-09,STORE0003,SKU0048,40.79967498779297,53.261756896972656
2024-01-09,STORE0003,SKU0049,35.29867935180664,33.25821304321289
2024-01-09,STORE0003,SKU0050,13.041175842285156,12.822473526000977
2024-01-09,STORE0003,SKU0051,50.305721282958984,50.344730377197266
2024-01-09,STORE0003,SKU0052,41.438114166259766,40.83247756958008
2024-01-09,STORE0003,SKU0053,24.033199310302734,24.930824279785156
2024-01-09,STORE0003,SKU0054,59.095123291015625,64.0654067993164
2024-01-09,STORE0003,SKU0055,11.150554656982422,10.189806938171387
2024-01-09,STORE0003,SKU0056,17.207725524902344,15.834829330444336
2024-01-09,STORE0003,SKU0058,68.98143005371094,69.74015045166016
2024-01-09,STORE0003,SKU0060,44.814666748046875,43.162933349609375
2024-01-09,STORE0003,SKU0061,68.54331970214844,73.91913604736328
2024-01-09,STORE0003,SKU0062,14.022846221923828,12.749771118164062
2024-01-09,STORE0003,SKU0063,36.85333251953125,36.704498291015625
2024-01-09,STORE0003,SKU0064,68.05877685546875,68.22322845458984
2024-01-09,STORE0003,SKU0065,40.477386474609375,42.83866882324219
2024-01-09,STORE0003,SKU0066,22.798751831054688,20.397701263427734
2024-01-09,STORE0003,SKU0067,30.599288940429688,29.2558650970459
2024-01-09,STORE0003,SKU0068,30.52254295349121,31.26657485961914
2024-01-09,STORE0003,SKU0069,56.97395324707031,57.81013488769531
2024-01-09,STORE0003,SKU0070,75.67581176757812,73.295654296875
2024-01-09,STORE0003,SKU0071,24.127357482910156,23.57533836364746
2024-01-09,STORE0003,SKU0073,7.681827545166016,7.892419815063477
2024-01-09,STORE0003,SKU0075,25.38208770751953,27.782941818237305
2024-01-09,STORE0003,SKU0076,23.48986053466797,22.396352767944336
2024-01-09,STORE0003,SKU0077,39.06775665283203,40.151329040527344
2024-01-09,STORE0003,SKU0082,43.43606185913086,40.835899353027344
2024-01-09,STORE0003,SKU0084,19.040058135986328,19.925405502319336
2024-01-09,STORE0003,SKU0086,6.928668975830078,7.041234493255615
2024-01-09,STORE0003,SKU0087,24.19234848022461,21.684341430664062
2024-01-09,STORE0003,SKU0088,18.827953338623047,17.641597747802734
2024-01-09,STORE0003,SKU0089,32.94567108154297,34.39676284790039
2024-01-09,STORE0003,SKU0091,14.33956527709961,13.242393493652344
2024-01-09,STORE0003,SKU0092,69.11710357666016,65.39622497558594
2024-01-09,STORE0003,SKU0093,52.17762756347656,53.09290313720703
2024-01-09,STORE0003,SKU0094,45.12757873535156,44.307594299316406
2024-01-09,STORE0003,SKU0095,23.70771026611328,22.150218963623047
2024-01-09,STORE0003,SKU0096,67.98072052001953,66.37263488769531
2024-01-09,STORE0003,SKU0097,51.154632568359375,50.43822479248047
2024-01-09,STORE0003,SKU0099,70.15970611572266,72.42557525634766
2024-01-09,STORE0003,SKU0100,62.89213943481445,69.03290557861328
2024-01-09,STORE0003,SKU0101,12.141746520996094,11.699606895446777
2024-01-09,STORE0004,SKU0001,103.68253326416016,101.07258605957031
2024-01-09,STORE0004,SKU0002,68.45002746582031,63.64040756225586
2024-01-09,STORE0004,SKU0003,23.37051773071289,23.23506736755371
2024-01-09,STORE0004,SKU0005,77.61119842529297,73.556884765625
2024-01-09,STORE0004,SKU0007,30.333633422851562,27.786680221557617
2024-01-09,STORE0004,SKU0008,26.034194946289062,24.403182983398438
2024-01-09,STORE0004,SKU0009,60.52985382080078,57.62274169921875
2024-01-09,STORE0004,SKU0012,45.99933624267578,44.84299087524414
2024-01-09,STORE0004,SKU0013,86.01771545410156,75.95963287353516
2024-01-09,STORE0004,SKU0014,60.48954391479492,56.300086975097656
2024-01-09,STORE0004,SKU0015,13.9571533203125,11.49133014678955
2024-01-09,STORE0004,SKU0017,103.38973236083984,98.74617004394531
2024-01-09,STORE0004,SKU0018,89.48783874511719,87.85240173339844
2024-01-09,STORE0004,SKU0019,18.449050903320312,15.758618354797363
2024-01-09,STORE0004,SKU0020,52.445587158203125,54.76264572143555
2024-01-09,STORE0004,SKU0021,57.880882263183594,60.32331466674805
2024-01-09,STORE0004,SKU0023,72.31678009033203,64.62117004394531
2024-01-09,STORE0004,SKU0024,58.07383346557617,61.04063034057617
2024-01-09,STORE0004,SKU0025,26.25682830810547,29.291553497314453
2024-01-09,STORE0004,SKU0026,91.84088134765625,96.67375946044922
2024-01-09,STORE0004,SKU0027,103.53822326660156,106.31411743164062
2024-01-09,STORE0004,SKU0028,104.1204833984375,102.12657928466797
2024-01-09,STORE0004,SKU0029,26.759769439697266,34.75710678100586
2024-01-09,STORE0004,SKU0031,47.97126770019531,55.05356979370117
2024-01-09,STORE0004,SKU0032,63.16248321533203,68.3232650756836
2024-01-09,STORE0004,SKU0033,85.67927551269531,97.73604583740234
2024-01-09,STORE0004,SKU0034,128.8525848388672,130.66552734375
2024-01-09,STORE0004,SKU0035,153.33453369140625,136.2350311279297
2024-01-09,STORE0004,SKU0036,37.67194366455078,44.85468673706055
2024-01-09,STORE0004,SKU0037,89.48433685302734,97.35679626464844
2024-01-09,STORE0004,SKU0038,80.83971405029297,96.65715026855469
2024-01-09,STORE0004,SKU0039,13.94333267211914,17.12153434753418
2024-01-09,STORE0004,SKU0040,19.247089385986328,23.075498580932617
2024-01-09,STORE0004,SKU0041,72.55311584472656,82.23062133789062
2024-01-09,STORE0004,SKU0045,56.958580017089844,62.21824645996094
2024-01-09,STORE0004,SKU0046,80.0414047241211,89.81047821044922
2024-01-09,STORE0004,SKU0047,65.74872589111328,73.267333984375
2024-01-09,STORE0004,SKU0048,58.127586364746094,66.22210693359375
2024-01-09,STORE0004,SKU0049,50.78827667236328,48.693668365478516
2024-01-09,STORE0004,SKU0050,18.968502044677734,16.984132766723633
2024-01-09,STORE0004,SKU0051,71.28733825683594,71.73834991455078
2024-01-09,STORE0004,SKU0052,57.92552947998047,57.472835540771484
2024-01-09,STORE0004,SKU0053,33.77374267578125,31.287708282470703
2024-01-09,STORE0004,SKU0054,81.22876739501953,74.44696044921875
2024-01-09,STORE0004,SKU0055,15.357341766357422,14.918436050415039
2024-01-09,STORE0004,SKU0056,23.286479949951172,22.756959915161133
2024-01-09,STORE0004,SKU0057,87.97669982910156,87.67239379882812
2024-01-09,STORE0004,SKU0058,95.57310485839844,91.68169403076172
2024-01-09,STORE0004,SKU0060,62.46137237548828,57.34941482543945
2024-01-09,STORE0004,SKU0061,97.53105163574219,92.72002410888672
2024-01-09,STORE0004,SKU0062,19.16497802734375,17.98137855529785
2024-01-09,STORE0004,SKU0063,53.82752990722656,50.80670928955078
2024-01-09,STORE0004,SKU0064,94.98277282714844,89.91918182373047
2024-01-09,STORE0004,SKU0065,58.33671569824219,54.951847076416016
2024-01-09,STORE0004,SKU0066,30.20464324951172,28.92670440673828
2024-01-09,STORE0004,SKU0068,43.65732192993164,36.567256927490234
2024-01-09,STORE0004,SKU0070,106.22592163085938,98.54683685302734
2024-01-09,STORE0004,SKU0071,34.005226135253906,29.72383689880371
2024-01-09,STORE0004,SKU0072,39.60523986816406,37.00947570800781
2024-01-09,STORE0004,SKU0075,34.521331787109375,33.84453201293945
2024-01-09,STORE0004,SKU0076,32.73882293701172,27.066402435302734
2024-01-09,STORE0004,SKU0077,57.12586212158203,56.25052261352539
2024-01-09,STORE0004,SKU0078,30.990446090698242,30.500932693481445
2024-01-09,STORE0004,SKU0079,83.42926025390625,80.03012084960938
2024-01-09,STORE0004,SKU0081,70.96887969970703,72.54965209960938
2024-01-09,STORE0004,SKU0085,64.88341522216797,60.78512954711914
2024-01-09,STORE0004,SKU0087,32.936920166015625,31.22101402282715
2024-01-09,STORE0004,SKU0088,25.301025390625,23.771358489990234
2024-01-09,STORE0004,SKU0090,21.864566802978516,19.837358474731445
2024-01-09,STORE0004,SKU0091,19.745357513427734,20.126577377319336
2024-01-09,STORE0004,SKU0092,98.32957458496094,85.01163482666016
2024-01-09,STORE0004,SKU0093,73.83934020996094,78.0833740234375
2024-01-09,STORE0004,SKU0095,31.257659912109375,30.991809844970703
2024-01-09,STORE0004,SKU0096,97.12487030029297,90.82341003417969
2024-01-09,STORE0004,SKU0097,70.45842742919922,69.19779205322266
2024-01-09,STORE0004,SKU0098,42.264183044433594,37.21233367919922
2024-01-09,STORE0004,SKU0099,97.81538391113281,88.51698303222656
2024-01-09,STORE0004,SKU0100,87.4200439453125,86.06132507324219
2024-01-09,STORE0004,SKU0101,17.258155822753906,15.663063049316406
2024-01-09,STORE0004,SKU0102,99.77171325683594,92.52290344238281
2024-01-09,STORE0005,SKU0001,104.52662658691406,101.56674194335938
2024-01-09,STORE0005,SKU0002,68.02937316894531,61.037933349609375
2024-01-09,STORE0005,SKU0003,23.877769470214844,21.52738380432129
2024-01-09,STORE0005,SKU0004,95.78713989257812,90.4990463256836
2024-01-09,STORE0005,SKU0005,79.74854278564453,66.42550659179688
2024-01-09,STORE0005,SKU0006,108.61597442626953,99.5721435546875
2024-01-09,STORE0005,SKU0007,31.017024993896484,29.268709182739258
2024-01-09,STORE0005,SKU0009,60.92936325073242,59.464439392089844
2024-01-09,STORE0005,SKU0010,39.02752685546875,35.604312896728516
2024-01-09,STORE0005,SKU0011,23.07939910888672,19.250978469848633
2024-01-09,STORE0005,SKU0012,46.590763092041016,44.563907623291016
2024-01-09,STORE0005,SKU0013,85.51197814941406,79.97661590576172
2024-01-09,STORE0005,SKU0014,60.889930725097656,52.20185089111328
2024-01-09,STORE0005,SKU0015,13.89453125,11.46538257598877
2024-01-09,STORE0005,SKU0016,26.873172760009766,22.57550048828125
2024-01-09,STORE0005,SKU0018,91.15849304199219,80.6713638305664
2024-01-09,STORE0005,SKU0019,18.472782135009766,14.808830261230469
2024-01-09,STORE0005,SKU0020,52.834110260009766,48.71144104003906
2024-01-09,STORE0005,SKU0021,57.5391731262207,57.10983657836914
2024-01-09,STORE0005,SKU0022,100.41316986083984,90.47606658935547
2024-01-09,STORE0005,SKU0023,72.15341186523438,62.99503707885742
2024-01-09,STORE0005,SKU0026,89.980224609375,92.32711029052734
2024-01-09,STORE0005,SKU0027,103.57685089111328,106.38764190673828
2024-01-09,STORE0005,SKU0028,105.58963012695312,106.636962890625
2024-01-09,STORE0005,SKU0031,47.17792892456055,54.56195831298828
2024-01-09,STORE0005,SKU0033,84.4355697631836,93.67604064941406
2024-01-09,STORE0005,SKU0034,125.95271301269531,122.91449737548828
2024-01-09,STORE0005,SKU0035,147.64202880859375,135.7596893310547
2024-01-09,STORE0005,SKU0036,36.18804168701172,42.36565017700195
2024-01-09,STORE0005,SKU0038,81.9014892578125,96.38397216796875
2024-01-09,STORE0005,SKU0039,14.03519058227539,17.756179809570312
2024-01-09,STORE0005,SKU0040,19.464088439941406,20.156902313232422
2024-01-09,STORE0005,SKU0041,74.21299743652344,74.41355895996094
2024-01-09,STORE0005,SKU0043,41.24811935424805,49.68946838378906
2024-01-09,STORE0005,SKU0045,57.14531326293945,53.28483963012695
2024-01-09,STORE0005,SKU0048,59.14045715332031,62.14877700805664
2024-01-09,STORE0005,SKU0049,51.76953125,48.53757095336914
2024-01-09,STORE0005,SKU0050,18.666427612304688,16.64812469482422
2024-01-09,STORE0005,SKU0051,71.8048095703125,73.9651107788086
2024-01-09,STORE0005,SKU0052,59.90003204345703,56.97886657714844
2024-01-09,STORE0005,SKU0053,34.303466796875,30.75018310546875
2024-01-09,STORE0005,SKU0054,82.25341796875,77.21510314941406
2024-01-09,STORE0005,SKU0055,15.486190795898438,14.444791793823242
2024-01-09,STORE0005,SKU0056,23.672504425048828,22.527690887451172
2024-01-09,STORE0005,SKU0057,88.49920654296875,86.05072784423828
2024-01-09,STORE0005,SKU0058,98.20060729980469,91.94971466064453
2024-01-09,STORE0005,SKU0060,63.6014518737793,62.43246841430664
2024-01-09,STORE0005,SKU0062,18.895069122314453,17.834211349487305
2024-01-09,STORE0005,SKU0063,53.449668884277344,47.28950881958008
2024-01-09,STORE0005,SKU0064,97.16949462890625,91.16974639892578
2024-01-09,STORE0005,SKU0066,30.770051956176758,24.736825942993164
2024-01-09,STORE0005,SKU0067,43.270111083984375,40.27227020263672
2024-01-09,STORE0005,SKU0068,43.94830322265625,37.92167663574219
2024-01-09,STORE0005,SKU0070,108.3997802734375,97.51982879638672
2024-01-09,STORE0005,SKU0071,34.53565216064453,30.555322647094727
2024-01-09,STORE0005,SKU0072,40.15841293334961,38.515750885009766
2024-01-09,STORE0005,SKU0073,11.274284362792969,10.107743263244629
2024-01-09,STORE0005,SKU0074,58.065921783447266,51.93634796142578
2024-01-09,STORE0005,SKU0075,35.42856216430664,35.240482330322266
2024-01-09,STORE0005,SKU0076,33.150428771972656,27.49121856689453
2024-01-09,STORE0005,SKU0077,57.43653869628906,48.219017028808594
2024-01-09,STORE0005,SKU0079,84.2509765625,78.26792907714844
2024-01-09,STORE0005,SKU0080,79.41029357910156,71.72608184814453
2024-01-09,STORE0005,SKU0081,71.0086669921875,68.42974090576172
2024-01-09,STORE0005,SKU0082,63.03814697265625,62.615997314453125
2024-01-09,STORE0005,SKU0083,89.91435241699219,82.52569580078125
2024-01-09,STORE0005,SKU0084,26.498798370361328,23.041231155395508
2024-01-09,STORE0005,SKU0085,67.1083755493164,67.35420989990234
2024-01-09,STORE0005,SKU0086,10.185752868652344,8.200676918029785
2024-01-09,STORE0005,SKU0087,33.30441665649414,29.970460891723633
2024-01-09,STORE0005,SKU0088,25.72515106201172,24.290748596191406
2024-01-09,STORE0005,SKU0089,48.10907745361328,47.30752182006836
2024-01-09,STORE0005,SKU0091,19.90073013305664,17.266822814941406
2024-01-09,STORE0005,SKU0094,65.61156463623047,64.12825012207031
2024-01-09,STORE0005,SKU0095,32.09215545654297,32.34669876098633
2024-01-09,STORE0005,SKU0096,97.90400695800781,95.17976379394531
2024-01-09,STORE0005,SKU0098,43.66498947143555,42.2404670715332
2024-01-09,STORE0005,SKU0100,87.75605773925781,85.4217758178711
2024-01-09,STORE0005,SKU0101,16.83446502685547,14.892510414123535
2024-01-09,STORE0005,SKU0102,99.6578598022461,94.97020721435547
2024-01-09,STORE0006,SKU0001,103.9872817993164,100.6822280883789
2024-01-09,STORE0006,SKU0003,23.544883728027344,20.16158103942871
2024-01-09,STORE0006,SKU0004,94.86112976074219,87.90972137451172
2024-01-09,STORE0006,SKU0005,78.4183349609375,72.82437896728516
2024-01-09,STORE0006,SKU0006,107.42349243164062,97.55216217041016
2024-01-09,STORE0006,SKU0007,30.90255355834961,27.689167022705078
2024-01-09,STORE0006,SKU0008,26.151752471923828,23.84342384338379
2024-01-09,STORE0006,SKU0009,59.85565185546875,55.5677490234375
2024-01-09,STORE0006,SKU0010,38.300594329833984,36.32795715332031
2024-01-09,STORE0006,SKU0011,23.163551330566406,19.787080764770508
2024-01-09,STORE0006,SKU0012,46.44444274902344,41.03496170043945
2024-01-09,STORE0006,SKU0013,84.98155212402344,85.56969451904297
2024-01-09,STORE0006,SKU0017,103.92289733886719,91.02816009521484
2024-01-09,STORE0006,SKU0018,91.17587280273438,84.2693862915039
2024-01-09,STORE0006,SKU0019,18.80811309814453,15.519396781921387
2024-01-09,STORE0006,SKU0020,52.747467041015625,50.52047348022461
2024-01-09,STORE0006,SKU0021,56.98972702026367,50.92331314086914
2024-01-09,STORE0006,SKU0022,99.0289077758789,92.4869155883789
2024-01-09,STORE0006,SKU0023,72.16535949707031,64.99571228027344
2024-01-09,STORE0006,SKU0025,26.943679809570312,32.53434753417969
2024-01-09,STORE0006,SKU0026,91.41246795654297,96.75850677490234
2024-01-09,STORE0006,SKU0028,105.15025329589844,100.15191650390625
2024-01-09,STORE0006,SKU0029,26.725162506103516,33.2216682434082
2024-01-09,STORE0006,SKU0030,40.37709426879883,48.95301055908203
2024-01-09,STORE0006,SKU0031,48.46970748901367,54.03505325317383
2024-01-09,STORE0006,SKU0032,63.40810012817383,69.28815460205078
2024-01-09,STORE0006,SKU0033,88.63206481933594,101.23746490478516
2024-01-09,STORE0006,SKU0034,128.89833068847656,120.08125305175781
2024-01-09,STORE0006,SKU0035,159.96463012695312,139.519287109375
2024-01-09,STORE0006,SKU0036,36.83856201171875,40.9438362121582
2024-01-09,STORE0006,SKU0037,90.29157257080078,95.56684112548828
2024-01-09,STORE0006,SKU0038,81.27935791015625,96.49076843261719
2024-01-09,STORE0006,SKU0039,13.869552612304688,17.069494247436523
2024-01-09,STORE0006,SKU0040,19.23897933959961,23.205095291137695
2024-01-09,STORE0006,SKU0041,74.04924774169922,83.1014404296875
2024-01-09,STORE0006,SKU0042,11.375473022460938,15.790121078491211
2024-01-09,STORE0006,SKU0044,73.58534240722656,88.73110961914062
2024-01-09,STORE0006,SKU0045,57.05081558227539,67.74710845947266
2024-01-09,STORE0006,SKU0046,79.87641906738281,88.80558776855469
2024-01-09,STORE0006,SKU0047,66.00654602050781,80.79331970214844
2024-01-09,STORE0006,SKU0048,59.85127258300781,68.14929962158203
2024-01-09,STORE0006,SKU0050,18.884685516357422,16.51279640197754
2024-01-09,STORE0006,SKU0052,59.89960479736328,58.75151062011719
2024-01-09,STORE0006,SKU0053,33.947044372558594,30.67415428161621
2024-01-09,STORE0006,SKU0054,81.01271057128906,86.30278778076172
2024-01-09,STORE0006,SKU0055,15.530529022216797,15.17824935913086
2024-01-09,STORE0006,SKU0056,23.291519165039062,22.73624038696289
2024-01-09,STORE0006,SKU0057,88.28416442871094,88.15603637695312
2024-01-09,STORE0006,SKU0058,96.95335388183594,95.4997329711914
2024-01-09,STORE0006,SKU0060,63.78456115722656,60.44617462158203
2024-01-09,STORE0006,SKU0063,53.706478118896484,43.53502655029297
2024-01-09,STORE0006,SKU0064,98.106201171875,92.82255554199219
2024-01-09,STORE0006,SKU0065,59.02931594848633,56.93168258666992
2024-01-09,STORE0006,SKU0066,30.580074310302734,31.01677131652832
2024-01-09,STORE0006,SKU0067,42.81538009643555,37.55559539794922
2024-01-09,STORE0006,SKU0069,79.3929443359375,74.92737579345703
2024-01-09,STORE0006,SKU0070,105.30860137939453,98.7105712890625
2024-01-09,STORE0006,SKU0071,34.13450622558594,29.816486358642578
2024-01-09,STORE0006,SKU0072,39.8922004699707,32.5244026184082
2024-01-09,STORE0006,SKU0073,11.419830322265625,10.993788719177246
2024-01-09,STORE0006,SKU0075,35.11088562011719,37.04938507080078
2024-01-09,STORE0006,SKU0076,33.11792755126953,27.005529403686523
2024-01-09,STORE0006,SKU0077,57.94101333618164,53.36534881591797
2024-01-09,STORE0006,SKU0081,70.59635162353516,66.73174285888672
2024-01-09,STORE0006,SKU0084,26.13799285888672,27.12508773803711
2024-01-09,STORE0006,SKU0085,66.25495910644531,70.93717956542969
2024-01-09,STORE0006,SKU0087,32.819007873535156,27.67473602294922
2024-01-09,STORE0006,SKU0088,25.32970428466797,25.4943904876709
2024-01-09,STORE0006,SKU0090,22.04208755493164,19.121023178100586
2024-01-09,STORE0006,SKU0091,19.653850555419922,15.775113105773926
2024-01-09,STORE0006,SKU0092,98.70590209960938,89.22470092773438
2024-01-09,STORE0006,SKU0094,64.44367980957031,64.17809295654297
2024-01-09,STORE0006,SKU0095,31.45452880859375,29.25807762145996
2024-01-09,STORE0006,SKU0096,98.44170379638672,94.89071655273438
2024-01-09,STORE0006,SKU0097,71.67035675048828,72.89539337158203
2024-01-09,STORE0006,SKU0098,42.90058135986328,37.498844146728516
2024-01-09,STORE0006,SKU0099,98.1570816040039,86.67366790771484
2024-01-09,STORE0006,SKU0100,88.35718536376953,86.85255432128906
2024-01-09,STORE0006,SKU0101,17.035526275634766,15.16651439666748
2024-01-09,STORE0006,SKU0102,98.24208068847656,85.81631469726562
2024-01-09,STORE0007,SKU0001,72.32908630371094,87.77118682861328
2024-01-09,STORE0007,SKU0002,48.40479278564453,48.029029846191406
2024-01-09,STORE0007,SKU0003,17.885162353515625,16.44257354736328
2024-01-09,STORE0007,SKU0004,68.22541809082031,69.03473663330078
2024-01-09,STORE0007,SKU0006,75.85448455810547,66.01321411132812
2024-01-09,STORE0007,SKU0008,18.863285064697266,17.135847091674805
2024-01-09,STORE0007,SKU0009,42.68360900878906,43.933319091796875
2024-01-09,STORE0007,SKU0011,17.06490707397461,14.003949165344238
2024-01-09,STORE0007,SKU0012,32.42967224121094,30.332124710083008
2024-01-09,STORE0007,SKU0013,59.95903778076172,59.701873779296875
2024-01-09,STORE0007,SKU0015,11.055534362792969,7.640260696411133
2024-01-09,STORE0007,SKU0016,20.141529083251953,19.26858901977539
2024-01-09,STORE0007,SKU0018,63.957759857177734,63.29096221923828
2024-01-09,STORE0007,SKU0020,37.169921875,37.81637954711914
2024-01-09,STORE0007,SKU0022,69.80183410644531,72.80413055419922
2024-01-09,STORE0007,SKU0023,51.499298095703125,54.791969299316406
2024-01-09,STORE0007,SKU0024,40.38114929199219,41.868953704833984
2024-01-09,STORE0007,SKU0025,19.44852066040039,23.775800704956055
2024-01-09,STORE0007,SKU0026,66.21228790283203,72.37865447998047
2024-01-09,STORE0007,SKU0027,72.74446105957031,90.63603973388672
2024-01-09,STORE0007,SKU0028,73.75180053710938,87.64323425292969
2024-01-09,STORE0007,SKU0029,19.83584213256836,23.65098762512207
2024-01-09,STORE0007,SKU0030,28.54673957824707,36.75693130493164
2024-01-09,STORE0007,SKU0031,35.24462127685547,40.462100982666016
2024-01-09,STORE0007,SKU0032,43.484596252441406,51.52243423461914
2024-01-09,STORE0007,SKU0034,90.8479995727539,104.3398208618164
2024-01-09,STORE0007,SKU0035,110.36463928222656,124.53705596923828
2024-01-09,STORE0007,SKU0036,28.334182739257812,34.419410705566406
2024-01-09,STORE0007,SKU0037,65.09467315673828,84.6148681640625
2024-01-09,STORE0007,SKU0038,57.92328643798828,77.65917205810547
2024-01-09,STORE0007,SKU0039,10.506820678710938,12.92747688293457
2024-01-09,STORE0007,SKU0040,14.045391082763672,16.09443473815918
2024-01-09,STORE0007,SKU0043,28.863645553588867,35.89484405517578
2024-01-09,STORE0007,SKU0044,52.60845184326172,68.94114685058594
2024-01-09,STORE0007,SKU0045,40.279937744140625,47.827552795410156
2024-01-09,STORE0007,SKU0046,57.24707794189453,73.35017395019531
2024-01-09,STORE0007,SKU0047,47.304405212402344,64.42865753173828
2024-01-09,STORE0007,SKU0048,41.22417449951172,48.756004333496094
2024-01-09,STORE0007,SKU0049,36.3270263671875,36.216835021972656
2024-01-09,STORE0007,SKU0050,13.687427520751953,11.544224739074707
2024-01-09,STORE0007,SKU0053,24.452762603759766,24.112028121948242
2024-01-09,STORE0007,SKU0055,11.679210662841797,10.38082504272461
2024-01-09,STORE0007,SKU0056,17.799758911132812,16.382638931274414
2024-01-09,STORE0007,SKU0058,69.73682403564453,70.76747131347656
2024-01-09,STORE0007,SKU0059,19.058551788330078,18.229047775268555
2024-01-09,STORE0007,SKU0060,45.7525749206543,48.650882720947266
2024-01-09,STORE0007,SKU0061,68.56175231933594,65.91981506347656
2024-01-09,STORE0007,SKU0062,14.750720977783203,12.890556335449219
2024-01-09,STORE0007,SKU0063,37.5125732421875,39.76758575439453
2024-01-09,STORE0007,SKU0065,40.96607971191406,40.60679244995117
2024-01-09,STORE0007,SKU0066,23.470977783203125,20.186141967773438
2024-01-09,STORE0007,SKU0067,31.022184371948242,29.130321502685547
2024-01-09,STORE0007,SKU0068,31.374006271362305,30.882734298706055
2024-01-09,STORE0007,SKU0072,28.61861228942871,25.081396102905273
2024-01-09,STORE0007,SKU0073,8.313007354736328,8.139287948608398
2024-01-09,STORE0007,SKU0074,40.50677490234375,39.90918731689453
2024-01-09,STORE0007,SKU0075,25.875076293945312,25.205446243286133
2024-01-09,STORE0007,SKU0076,24.17340087890625,22.646926879882812
2024-01-09,STORE0007,SKU0078,23.67898178100586,22.807126998901367
2024-01-09,STORE0007,SKU0079,59.56607437133789,60.10734558105469
2024-01-09,STORE0007,SKU0080,56.458160400390625,50.41147232055664
2024-01-09,STORE0007,SKU0081,50.6197395324707,50.267669677734375
2024-01-09,STORE0007,SKU0082,44.737098693847656,48.94314193725586
2024-01-09,STORE0007,SKU0083,63.87412643432617,65.80815124511719
2024-01-09,STORE0007,SKU0084,19.59259033203125,15.668730735778809
2024-01-09,STORE0007,SKU0085,47.74262619018555,47.60847091674805
2024-01-09,STORE0007,SKU0086,7.554836273193359,7.092959880828857
2024-01-09,STORE0007,SKU0087,24.730358123779297,21.688213348388672
2024-01-09,STORE0007,SKU0088,19.448654174804688,17.705642700195312
2024-01-09,STORE0007,SKU0089,33.419281005859375,31.26727867126465
2024-01-09,STORE0007,SKU0090,16.728633880615234,15.941003799438477
2024-01-09,STORE0007,SKU0093,52.76361083984375,51.974708557128906
2024-01-09,STORE0007,SKU0094,45.42405700683594,43.50266647338867
2024-01-09,STORE0007,SKU0096,69.0062255859375,71.65894317626953
2024-01-09,STORE0007,SKU0097,51.55994415283203,48.6909065246582
2024-01-09,STORE0007,SKU0098,30.805269241333008,32.10409927368164
2024-01-09,STORE0007,SKU0099,70.90200805664062,69.57099914550781
2024-01-09,STORE0007,SKU0100,63.01546096801758,65.27015686035156
2024-01-09,STORE0007,SKU0101,12.663825988769531,10.370217323303223
2024-01-09,STORE0007,SKU0102,70.30104064941406,64.8106918334961
2024-01-09,STORE0008,SKU0001,103.70248413085938,98.71392059326172
2024-01-09,STORE0008,SKU0002,66.934326171875,63.132083892822266
2024-01-09,STORE0008,SKU0003,23.449840545654297,22.349271774291992
2024-01-09,STORE0008,SKU0004,94.22984313964844,89.4296875
2024-01-09,STORE0008,SKU0005,77.717529296875,74.52276611328125
2024-01-09,STORE0008,SKU0006,106.28462219238281,93.51235961914062
2024-01-09,STORE0008,SKU0007,30.443180084228516,27.208871841430664
2024-01-09,STORE0008,SKU0008,25.92337417602539,23.491289138793945
2024-01-09,STORE0008,SKU0009,60.415000915527344,59.04631042480469
2024-01-09,STORE0008,SKU0010,38.33842086791992,33.96229934692383
2024-01-09,STORE0008,SKU0011,22.735923767089844,17.624916076660156
2024-01-09,STORE0008,SKU0012,46.43597412109375,40.21673583984375
2024-01-09,STORE0008,SKU0013,85.48125457763672,81.36798095703125
2024-01-09,STORE0008,SKU0014,60.336219787597656,58.25831604003906
2024-01-09,STORE0008,SKU0015,13.431720733642578,11.670641899108887
2024-01-09,STORE0008,SKU0016,26.33715057373047,24.334135055541992
2024-01-09,STORE0008,SKU0018,89.25618743896484,82.14154052734375
2024-01-09,STORE0008,SKU0020,52.626953125,54.914127349853516
2024-01-09,STORE0008,SKU0022,99.93671417236328,89.125732421875
2024-01-09,STORE0008,SKU0025,26.61768341064453,31.473392486572266
2024-01-09,STORE0008,SKU0027,102.9845199584961,100.59355926513672
2024-01-09,STORE0008,SKU0028,104.46574401855469,109.8088150024414
2024-01-09,STORE0008,SKU0029,26.66778564453125,34.11864471435547
2024-01-09,STORE0008,SKU0030,39.66034698486328,46.858436584472656
2024-01-09,STORE0008,SKU0031,47.33238220214844,59.14463806152344
2024-01-09,STORE0008,SKU0033,86.76239013671875,95.85172271728516
2024-01-09,STORE0008,SKU0035,144.89285278320312,130.2195587158203
2024-01-09,STORE0008,SKU0038,79.84648132324219,95.52681732177734
2024-01-09,STORE0008,SKU0039,13.725807189941406,18.600143432617188
2024-01-09,STORE0008,SKU0040,19.288799285888672,23.758499145507812
2024-01-09,STORE0008,SKU0041,73.33272552490234,82.92546844482422
2024-01-09,STORE0008,SKU0042,10.999805450439453,16.374271392822266
2024-01-09,STORE0008,SKU0043,40.66814422607422,48.057151794433594
2024-01-09,STORE0008,SKU0044,72.56013488769531,85.14125061035156
2024-01-09,STORE0008,SKU0045,57.63287353515625,70.3686752319336
2024-01-09,STORE0008,SKU0046,80.07405090332031,88.19541931152344
2024-01-09,STORE0008,SKU0047,66.31564331054688,70.2509765625
2024-01-09,STORE0008,SKU0048,58.94795227050781,63.8401985168457
2024-01-09,STORE0008,SKU0049,50.9869384765625,47.41999816894531
2024-01-09,STORE0008,SKU0051,70.79842376708984,73.82164764404297
2024-01-09,STORE0008,SKU0055,15.172195434570312,14.206365585327148
2024-01-09,STORE0008,SKU0056,23.295169830322266,21.225706100463867
2024-01-09,STORE0008,SKU0057,87.15556335449219,86.82625579833984
2024-01-09,STORE0008,SKU0059,25.417438507080078,26.059524536132812
2024-01-09,STORE0008,SKU0060,62.323951721191406,58.22892379760742
2024-01-09,STORE0008,SKU0061,97.68458557128906,88.27774047851562
2024-01-09,STORE0008,SKU0062,18.636005401611328,18.147903442382812
2024-01-09,STORE0008,SKU0064,96.5754623413086,89.0317153930664
2024-01-09,STORE0008,SKU0065,58.045894622802734,55.158626556396484
2024-01-09,STORE0008,SKU0066,30.520769119262695,28.55686378479004
2024-01-09,STORE0008,SKU0067,42.68617248535156,40.42941665649414
2024-01-09,STORE0008,SKU0072,40.04343795776367,36.12956619262695
2024-01-09,STORE0008,SKU0074,57.885433197021484,58.74109649658203
2024-01-09,STORE0008,SKU0075,34.8139762878418,32.45680618286133
2024-01-09,STORE0008,SKU0076,33.14026641845703,30.432804107666016
2024-01-09,STORE0008,SKU0077,57.88494110107422,52.91277313232422
2024-01-09,STORE0008,SKU0078,31.439117431640625,32.71015548706055
2024-01-09,STORE0008,SKU0080,78.42837524414062,83.29114532470703
2024-01-09,STORE0008,SKU0081,70.65705871582031,62.109561920166016
2024-01-09,STORE0008,SKU0082,62.03616714477539,63.7999382019043
2024-01-09,STORE0008,SKU0083,89.65069580078125,90.33316802978516
2024-01-09,STORE0008,SKU0084,26.161605834960938,26.671829223632812
2024-01-09,STORE0008,SKU0085,66.20719909667969,66.8182601928711
2024-01-09,STORE0008,SKU0086,9.866100311279297,9.012362480163574
2024-01-09,STORE0008,SKU0087,33.27781677246094,32.472328186035156
2024-01-09,STORE0008,SKU0088,25.39105224609375,22.34750747680664
2024-01-09,STORE0008,SKU0089,46.56948471069336,44.2586784362793
2024-01-09,STORE0008,SKU0090,21.98928451538086,22.580978393554688
2024-01-09,STORE0008,SKU0091,19.699241638183594,19.61064910888672
2024-01-09,STORE0008,SKU0092,97.21578979492188,91.51648712158203
2024-01-09,STORE0008,SKU0093,74.34539794921875,73.09750366210938
2024-01-09,STORE0008,SKU0094,64.72041320800781,68.4151840209961
2024-01-09,STORE0008,SKU0095,31.303442001342773,29.35891342163086
2024-01-09,STORE0008,SKU0096,96.89118194580078,87.45574951171875
2024-01-09,STORE0008,SKU0097,71.20884704589844,70.4599838256836
2024-01-09,STORE0008,SKU0098,42.44369888305664,39.5562629699707
2024-01-09,STORE0008,SKU0099,98.39929962158203,90.32172393798828
2024-01-09,STORE0008,SKU0100,87.47706604003906,88.79412078857422
2024-01-09,STORE0008,SKU0101,16.418331146240234,14.765707015991211
2024-01-09,STORE0008,SKU0102,99.18827819824219,90.23028564453125
2024-01-09,STORE0009,SKU0001,87.92996978759766,89.83729553222656
2024-01-09,STORE0009,SKU0002,59.141624450683594,56.564422607421875
2024-01-09,STORE0009,SKU0003,20.15427017211914,17.976181030273438
2024-01-09,STORE0009,SKU0005,68.51599884033203,67.64900970458984
2024-01-09,STORE0009,SKU0006,92.30841064453125,92.42012023925781
2024-01-09,STORE0009,SKU0008,22.10839080810547,22.807008743286133
2024-01-09,STORE0009,SKU0009,51.6997184753418,49.833892822265625
2024-01-09,STORE0009,SKU0010,32.662322998046875,26.55707550048828
2024-01-09,STORE0009,SKU0011,19.468463897705078,17.086193084716797
2024-01-09,STORE0009,SKU0012,39.58483123779297,36.953025817871094
2024-01-09,STORE0009,SKU0013,72.89488220214844,79.16222381591797
2024-01-09,STORE0009,SKU0015,11.88165283203125,10.112342834472656
2024-01-09,STORE0009,SKU0016,22.69165802001953,20.73023223876953
2024-01-09,STORE0009,SKU0017,88.50530242919922,93.84993743896484
2024-01-09,STORE0009,SKU0018,78.22774505615234,84.48909759521484
2024-01-09,STORE0009,SKU0019,15.441219329833984,13.160174369812012
2024-01-09,STORE0009,SKU0020,44.82612609863281,41.8396110534668
2024-01-09,STORE0009,SKU0022,86.37046813964844,87.79826354980469
2024-01-09,STORE0009,SKU0023,62.74274444580078,56.491241455078125
2024-01-09,STORE0009,SKU0024,49.692893981933594,50.306705474853516
2024-01-09,STORE0009,SKU0025,22.396198272705078,28.79424285888672
2024-01-09,STORE0009,SKU0027,89.08567810058594,92.92169952392578
2024-01-09,STORE0009,SKU0028,89.14849853515625,97.82530975341797
2024-01-09,STORE0009,SKU0030,34.35615158081055,40.28509521484375
2024-01-09,STORE0009,SKU0032,54.811012268066406,59.090431213378906
2024-01-09,STORE0009,SKU0033,78.18284606933594,99.0390625
2024-01-09,STORE0009,SKU0034,105.35223388671875,113.65107727050781
2024-01-09,STORE0009,SKU0035,129.77059936523438,132.54425048828125
2024-01-09,STORE0009,SKU0037,77.76631164550781,85.37945556640625
2024-01-09,STORE0009,SKU0038,70.37020874023438,85.60777282714844
2024-01-09,STORE0009,SKU0039,11.614578247070312,15.056258201599121
2024-01-09,STORE0009,SKU0041,65.29276275634766,74.40504455566406
2024-01-09,STORE0009,SKU0044,64.49118041992188,81.60559844970703
2024-01-09,STORE0009,SKU0045,49.54417037963867,56.89531326293945
2024-01-09,STORE0009,SKU0046,69.28970336914062,75.16312408447266
2024-01-09,STORE0009,SKU0047,57.05614471435547,70.38921356201172
2024-01-09,STORE0009,SKU0049,44.285125732421875,39.05954360961914
2024-01-09,STORE0009,SKU0050,15.932502746582031,15.39418888092041
2024-01-09,STORE0009,SKU0051,61.929779052734375,57.90980529785156
2024-01-09,STORE0009,SKU0052,51.842498779296875,50.517330169677734
2024-01-09,STORE0009,SKU0055,13.114364624023438,12.420580863952637
2024-01-09,STORE0009,SKU0057,76.96894836425781,75.78007507324219
2024-01-09,STORE0009,SKU0058,82.86631774902344,83.32160949707031
2024-01-09,STORE0009,SKU0059,21.959095001220703,24.80168342590332
2024-01-09,STORE0009,SKU0060,55.08282470703125,51.6044921875
2024-01-09,STORE0009,SKU0061,83.84156036376953,88.28881072998047
2024-01-09,STORE0009,SKU0062,16.427318572998047,16.17200469970703
2024-01-09,STORE0009,SKU0063,46.717124938964844,44.73627853393555
2024-01-09,STORE0009,SKU0064,83.21098327636719,86.99291229248047
2024-01-09,STORE0009,SKU0065,50.877567291259766,49.92991638183594
2024-01-09,STORE0009,SKU0066,26.404693603515625,25.27587127685547
2024-01-09,STORE0009,SKU0067,36.730735778808594,32.42987060546875
2024-01-09,STORE0009,SKU0068,37.516021728515625,34.58955764770508
2024-01-09,STORE0009,SKU0069,68.38111877441406,60.60087585449219
2024-01-09,STORE0009,SKU0070,91.02079772949219,81.62779235839844
2024-01-09,STORE0009,SKU0071,28.949548721313477,27.07781219482422
2024-01-09,STORE0009,SKU0072,34.496986389160156,31.919267654418945
2024-01-09,STORE0009,SKU0074,49.91783142089844,50.336856842041016
2024-01-09,STORE0009,SKU0075,29.86212921142578,28.400447845458984
2024-01-09,STORE0009,SKU0076,27.92728614807129,26.135700225830078
2024-01-09,STORE0009,SKU0077,49.40860366821289,51.41777038574219
2024-01-09,STORE0009,SKU0078,26.949993133544922,28.778423309326172
2024-01-09,STORE0009,SKU0080,68.4369125366211,72.62114715576172
2024-01-09,STORE0009,SKU0082,53.785011291503906,51.7766227722168
2024-01-09,STORE0009,SKU0083,76.94180297851562,78.4023666381836
2024-01-09,STORE0009,SKU0084,22.556564331054688,21.862642288208008
2024-01-09,STORE0009,SKU0085,58.608116149902344,59.51194381713867
2024-01-09,STORE0009,SKU0086,8.659523010253906,8.553854942321777
2024-01-09,STORE0009,SKU0087,28.292448043823242,26.638776779174805
2024-01-09,STORE0009,SKU0088,21.739627838134766,20.729459762573242
2024-01-09,STORE0009,SKU0089,40.57892608642578,37.18427276611328
2024-01-09,STORE0009,SKU0090,18.739505767822266,17.99696922302246
2024-01-09,STORE0009,SKU0091,16.874252319335938,15.394423484802246
2024-01-09,STORE0009,SKU0092,82.5933837890625,83.75199890136719
2024-01-09,STORE0009,SKU0093,64.38574981689453,59.80935287475586
2024-01-09,STORE0009,SKU0096,82.96336364746094,87.96112060546875
2024-01-09,STORE0009,SKU0097,61.97216796875,62.13376235961914
2024-01-09,STORE0009,SKU0098,37.03510284423828,37.48310470581055
2024-01-09,STORE0009,SKU0099,84.07322692871094,81.90576934814453
2024-01-09,STORE0009,SKU0102,85.55567932128906,84.7743911743164
2024-01-09,STORE0010,SKU0001,87.53034210205078,90.98543548583984
2024-01-09,STORE0010,SKU0004,81.12993621826172,88.00922393798828
2024-01-09,STORE0010,SKU0005,68.08751678466797,66.97236633300781
2024-01-09,STORE0010,SKU0006,90.28237915039062,81.48632049560547
2024-01-09,STORE0010,SKU0007,25.49848175048828,21.602584838867188
2024-01-09,STORE0010,SKU0010,32.32289123535156,29.89396858215332
2024-01-09,STORE0010,SKU0011,19.238819122314453,17.53816795349121
2024-01-09,STORE0010,SKU0012,39.00018310546875,38.41910171508789
2024-01-09,STORE0010,SKU0013,72.1366958618164,75.25802612304688
2024-01-09,STORE0010,SKU0014,51.28810501098633,51.881675720214844
2024-01-09,STORE0010,SKU0015,11.590160369873047,9.24511432647705
2024-01-09,STORE0010,SKU0016,22.173229217529297,19.84269142150879
2024-01-09,STORE0010,SKU0017,87.48710632324219,83.87059020996094
2024-01-09,STORE0010,SKU0018,76.30233001708984,71.67625427246094
2024-01-09,STORE0010,SKU0019,15.295501708984375,13.584640502929688
2024-01-09,STORE0010,SKU0020,44.45447540283203,41.66158676147461
2024-01-09,STORE0010,SKU0021,48.63859939575195,47.43941116333008
2024-01-09,STORE0010,SKU0025,22.080734252929688,25.805198669433594
2024-01-09,STORE0010,SKU0028,86.61341094970703,97.16017150878906
2024-01-09,STORE0010,SKU0029,22.280384063720703,26.3847713470459
2024-01-09,STORE0010,SKU0030,33.610511779785156,42.31739044189453
2024-01-09,STORE0010,SKU0032,53.20492172241211,60.399200439453125
2024-01-09,STORE0010,SKU0034,106.15013885498047,119.0881576538086
2024-01-09,STORE0010,SKU0035,130.1816864013672,133.9774627685547
2024-01-09,STORE0010,SKU0036,31.91040802001953,37.76640319824219
2024-01-09,STORE0010,SKU0037,77.55302429199219,93.99514770507812
2024-01-09,STORE0010,SKU0038,69.26383209228516,89.53627014160156
2024-01-09,STORE0010,SKU0039,11.146568298339844,15.006080627441406
2024-01-09,STORE0010,SKU0040,15.99856948852539,17.4874210357666
2024-01-09,STORE0010,SKU0042,8.649322509765625,12.857827186584473
2024-01-09,STORE0010,SKU0043,33.751075744628906,42.65412902832031
2024-01-09,STORE0010,SKU0045,49.00986099243164,55.27439498901367
2024-01-09,STORE0010,SKU0046,67.2266616821289,77.74201202392578
2024-01-09,STORE0010,SKU0048,49.65180587768555,54.8269157409668
2024-01-09,STORE0010,SKU0050,15.63326644897461,15.620694160461426
2024-01-09,STORE0010,SKU0051,61.39994812011719,58.64602279663086
2024-01-09,STORE0010,SKU0052,50.6629638671875,50.57505798339844
2024-01-09,STORE0010,SKU0053,27.963415145874023,28.832761764526367
2024-01-09,STORE0010,SKU0054,69.97135925292969,66.96687316894531
2024-01-09,STORE0010,SKU0055,12.670024871826172,13.494783401489258
2024-01-09,STORE0010,SKU0056,19.493759155273438,19.588146209716797
2024-01-09,STORE0010,SKU0057,75.44236755371094,79.84176635742188
2024-01-09,STORE0010,SKU0058,81.2015151977539,78.4388427734375
2024-01-09,STORE0010,SKU0059,21.35207748413086,24.187076568603516
2024-01-09,STORE0010,SKU0060,54.6151237487793,51.89598846435547
2024-01-09,STORE0010,SKU0061,81.31061553955078,77.6695327758789
2024-01-09,STORE0010,SKU0063,45.4708251953125,48.31721496582031
2024-01-09,STORE0010,SKU0064,81.35497283935547,78.04550170898438
2024-01-09,STORE0010,SKU0065,49.42286682128906,51.09503936767578
2024-01-09,STORE0010,SKU0067,35.91545104980469,32.391334533691406
2024-01-09,STORE0010,SKU0068,36.95163345336914,35.300899505615234
2024-01-09,STORE0010,SKU0069,67.48699951171875,64.90324401855469
2024-01-09,STORE0010,SKU0070,89.1360855102539,89.01899719238281
2024-01-09,STORE0010,SKU0073,8.80630874633789,9.230057716369629
2024-01-09,STORE0010,SKU0074,48.97401809692383,48.225730895996094
2024-01-09,STORE0010,SKU0075,29.31114387512207,31.599851608276367
2024-01-09,STORE0010,SKU0076,27.29462242126465,26.35100555419922
2024-01-09,STORE0010,SKU0077,48.79711151123047,46.364707946777344
2024-01-09,STORE0010,SKU0078,26.29785919189453,28.69559669494629
2024-01-09,STORE0010,SKU0079,70.58789825439453,70.52421569824219
2024-01-09,STORE0010,SKU0080,66.40921020507812,74.58442687988281
2024-01-09,STORE0010,SKU0081,60.30630111694336,61.86671447753906
2024-01-09,STORE0010,SKU0083,76.03956604003906,83.0146255493164
2024-01-09,STORE0010,SKU0084,22.172199249267578,21.198694229125977
2024-01-09,STORE0010,SKU0085,57.19709014892578,59.77404022216797
2024-01-09,STORE0010,SKU0086,8.414608001708984,7.863776206970215
2024-01-09,STORE0010,SKU0087,27.65526008605957,23.1431941986084
2024-01-09,STORE0010,SKU0088,21.410343170166016,22.920166015625
2024-01-09,STORE0010,SKU0089,39.94844055175781,36.631690979003906
2024-01-09,STORE0010,SKU0090,18.322616577148438,17.196428298950195
2024-01-09,STORE0010,SKU0092,81.31764221191406,83.32201385498047
2024-01-09,STORE0010,SKU0094,54.402923583984375,54.56880569458008
2024-01-09,STORE0010,SKU0095,26.538105010986328,29.597360610961914
2024-01-09,STORE0010,SKU0096,80.75373840332031,77.51545715332031
2024-01-09,STORE0010,SKU0097,61.50524139404297,61.75654220581055
2024-01-09,STORE0010,SKU0098,36.18013000488281,34.735130310058594
2024-01-09,STORE0010,SKU0099,81.76860046386719,78.47598266601562
2024-01-09,STORE0010,SKU0100,73.86893463134766,77.76515197753906
2024-01-09,STORE0010,SKU0101,14.359188079833984,12.92695426940918
2024-01-09,STORE0010,SKU0102,83.50846099853516,84.35286712646484
2024-01-09,STORE0011,SKU0001,103.08363342285156,100.7407455444336
2024-01-09,STORE0011,SKU0002,67.58755493164062,61.401466369628906
2024-01-09,STORE0011,SKU0003,23.142974853515625,19.926025390625
2024-01-09,STORE0011,SKU0004,94.87409210205078,88.4498519897461
2024-01-09,STORE0011,SKU0005,77.17530059814453,76.90487670898438
2024-01-09,STORE0011,SKU0006,107.8310546875,93.26432800292969
2024-01-09,STORE0011,SKU0007,30.183441162109375,29.716175079345703
2024-01-09,STORE0011,SKU0009,59.574928283691406,57.66386795043945
2024-01-09,STORE0011,SKU0012,45.72899627685547,41.975223541259766
2024-01-09,STORE0011,SKU0014,58.46354293823242,51.34679412841797
2024-01-09,STORE0011,SKU0015,13.530342102050781,10.39515209197998
2024-01-09,STORE0011,SKU0017,102.33474731445312,95.54844665527344
2024-01-09,STORE0011,SKU0018,88.47660827636719,78.2182846069336
2024-01-09,STORE0011,SKU0019,18.2972412109375,15.760435104370117
2024-01-09,STORE0011,SKU0020,51.603145599365234,46.39944839477539
2024-01-09,STORE0011,SKU0021,56.15441131591797,58.76515197753906
2024-01-09,STORE0011,SKU0022,100.20669555664062,95.82511138916016
2024-01-09,STORE0011,SKU0023,70.11434936523438,62.59966278076172
2024-01-09,STORE0011,SKU0024,57.2525749206543,52.20952224731445
2024-01-09,STORE0011,SKU0025,25.894126892089844,30.217510223388672
2024-01-09,STORE0011,SKU0026,89.33316040039062,95.7119369506836
2024-01-09,STORE0011,SKU0027,102.48868560791016,101.25308990478516
2024-01-09,STORE0011,SKU0028,100.65995788574219,106.6546630859375
2024-01-09,STORE0011,SKU0029,26.500843048095703,33.182701110839844
2024-01-09,STORE0011,SKU0030,39.56258010864258,47.294960021972656
2024-01-09,STORE0011,SKU0031,46.838340759277344,55.22880172729492
2024-01-09,STORE0011,SKU0033,84.82652282714844,95.4635238647461
2024-01-09,STORE0011,SKU0034,130.01002502441406,124.39926147460938
2024-01-09,STORE0011,SKU0035,150.91029357910156,132.30555725097656
2024-01-09,STORE0011,SKU0036,36.086158752441406,42.71370315551758
2024-01-09,STORE0011,SKU0037,88.51155853271484,99.5306396484375
2024-01-09,STORE0011,SKU0038,79.29682922363281,97.02263641357422
2024-01-09,STORE0011,SKU0039,13.648834228515625,17.5440616607666
2024-01-09,STORE0011,SKU0040,19.112144470214844,24.405500411987305
2024-01-09,STORE0011,SKU0041,73.01513671875,82.4698257446289
2024-01-09,STORE0011,SKU0043,39.229888916015625,48.477783203125
2024-01-09,STORE0011,SKU0044,71.50325012207031,85.17472076416016
2024-01-09,STORE0011,SKU0046,79.20975494384766,91.49658966064453
2024-01-09,STORE0011,SKU0047,64.630126953125,74.3177261352539
2024-01-09,STORE0011,SKU0048,57.907936096191406,67.84432983398438
2024-01-09,STORE0011,SKU0050,18.773605346679688,16.81378936767578
2024-01-09,STORE0011,SKU0051,69.9686050415039,72.70665740966797
2024-01-09,STORE0011,SKU0052,57.21348190307617,56.11079788208008
2024-01-09,STORE0011,SKU0053,33.334068298339844,31.909406661987305
2024-01-09,STORE0011,SKU0054,80.88328552246094,84.6382827758789
2024-01-09,STORE0011,SKU0055,15.113822937011719,15.350198745727539
2024-01-09,STORE0011,SKU0056,23.095378875732422,21.071842193603516
2024-01-09,STORE0011,SKU0058,95.81201934814453,87.47801208496094
2024-01-09,STORE0011,SKU0059,25.075843811035156,26.848630905151367
2024-01-09,STORE0011,SKU0061,97.04714965820312,89.70783233642578
2024-01-09,STORE0011,SKU0062,18.976425170898438,17.275556564331055
2024-01-09,STORE0011,SKU0064,96.5377197265625,89.845947265625
2024-01-09,STORE0011,SKU0065,57.099273681640625,55.83217239379883
2024-01-09,STORE0011,SKU0066,30.251741409301758,28.66767120361328
2024-01-09,STORE0011,SKU0067,41.95661544799805,38.46268081665039
2024-01-09,STORE0011,SKU0068,42.54753875732422,36.621307373046875
2024-01-09,STORE0011,SKU0069,78.59220123291016,75.08887481689453
2024-01-09,STORE0011,SKU0070,104.2547836303711,97.1940689086914
2024-01-09,STORE0011,SKU0071,33.37617874145508,32.511295318603516
2024-01-09,STORE0011,SKU0072,39.18144989013672,35.95562744140625
2024-01-09,STORE0011,SKU0073,10.968822479248047,11.76240062713623
2024-01-09,STORE0011,SKU0074,57.001434326171875,51.096675872802734
2024-01-09,STORE0011,SKU0077,56.74311828613281,52.50167465209961
2024-01-09,STORE0011,SKU0078,30.66240692138672,30.45883560180664
2024-01-09,STORE0011,SKU0079,83.00038146972656,78.34467315673828
2024-01-09,STORE0011,SKU0082,60.4505500793457,59.90132141113281
2024-01-09,STORE0011,SKU0083,88.74541473388672,89.25953674316406
2024-01-09,STORE0011,SKU0085,65.629638671875,67.25594329833984
2024-01-09,STORE0011,SKU0086,10.039531707763672,9.516127586364746
2024-01-09,STORE0011,SKU0087,32.812076568603516,29.65233612060547
2024-01-09,STORE0011,SKU0088,25.163177490234375,25.399126052856445
2024-01-09,STORE0011,SKU0089,45.61001205444336,41.60080337524414
2024-01-09,STORE0011,SKU0090,21.829544067382812,21.44002342224121
2024-01-09,STORE0011,SKU0094,63.33843994140625,59.19613265991211
2024-01-09,STORE0011,SKU0095,30.81268310546875,31.29334259033203
2024-01-09,STORE0011,SKU0096,96.23342895507812,95.56317138671875
2024-01-09,STORE0011,SKU0097,69.49048614501953,67.17220306396484
2024-01-09,STORE0011,SKU0098,41.67280197143555,37.7042350769043
2024-01-09,STORE0011,SKU0100,85.84288024902344,81.85067749023438
2024-01-09,STORE0011,SKU0101,16.884666442871094,15.675968170166016
2024-01-09,STORE0012,SKU0001,89.3187026977539,97.75387573242188
2024-01-09,STORE0012,SKU0002,58.57797622680664,59.340980529785156
2024-01-09,STORE0012,SKU0004,81.87364196777344,81.29695129394531
2024-01-09,STORE0012,SKU0005,68.38248443603516,65.76905822753906
2024-01-09,STORE0012,SKU0006,93.46884155273438,81.06085968017578
2024-01-09,STORE0012,SKU0007,26.20583724975586,24.377439498901367
2024-01-09,STORE0012,SKU0008,22.22534942626953,21.513261795043945
2024-01-09,STORE0012,SKU0009,51.97942352294922,47.3465576171875
2024-01-09,STORE0012,SKU0010,32.881988525390625,31.853260040283203
2024-01-09,STORE0012,SKU0013,73.71126556396484,76.7280502319336
2024-01-09,STORE0012,SKU0014,51.58050537109375,50.670387268066406
2024-01-09,STORE0012,SKU0015,11.898670196533203,10.30041217803955
2024-01-09,STORE0012,SKU0016,22.739730834960938,21.359909057617188
2024-01-09,STORE0012,SKU0017,89.66136169433594,88.54592895507812
2024-01-09,STORE0012,SKU0018,78.2498550415039,73.96369171142578
2024-01-09,STORE0012,SKU0019,15.48386001586914,14.026880264282227
2024-01-09,STORE0012,SKU0020,45.260719299316406,49.26084899902344
2024-01-09,STORE0012,SKU0022,86.00543975830078,83.61201477050781
2024-01-09,STORE0012,SKU0023,63.4684944152832,56.984535217285156
2024-01-09,STORE0012,SKU0025,22.499237060546875,27.671817779541016
2024-01-09,STORE0012,SKU0026,77.42236328125,91.47956085205078
2024-01-09,STORE0012,SKU0027,87.28215026855469,98.2859878540039
2024-01-09,STORE0012,SKU0028,88.08285522460938,96.35945129394531
2024-01-09,STORE0012,SKU0029,22.706226348876953,27.57830238342285
2024-01-09,STORE0012,SKU0030,34.309112548828125,47.844520568847656
2024-01-09,STORE0012,SKU0032,53.72834396362305,61.58186721801758
2024-01-09,STORE0012,SKU0033,73.27838897705078,89.09001922607422
2024-01-09,STORE0012,SKU0034,107.02821350097656,120.51105499267578
2024-01-09,STORE0012,SKU0035,133.36041259765625,127.77726745605469
2024-01-09,STORE0012,SKU0036,31.822193145751953,38.550621032714844
2024-01-09,STORE0012,SKU0037,77.69364929199219,90.67709350585938
2024-01-09,STORE0012,SKU0038,69.72002410888672,85.95338439941406
2024-01-09,STORE0012,SKU0039,11.568889617919922,13.544493675231934
2024-01-09,STORE0012,SKU0043,34.19448471069336,38.49562072753906
2024-01-09,STORE0012,SKU0044,63.44957733154297,78.95516967773438
2024-01-09,STORE0012,SKU0046,68.66497802734375,81.93815612792969
2024-01-09,STORE0012,SKU0047,55.99943542480469,69.64372253417969
2024-01-09,STORE0012,SKU0048,50.78133010864258,56.98322677612305
2024-01-09,STORE0012,SKU0050,15.969688415527344,15.533403396606445
2024-01-09,STORE0012,SKU0052,51.84552001953125,49.715660095214844
2024-01-09,STORE0012,SKU0053,28.7755126953125,29.729204177856445
2024-01-09,STORE0012,SKU0054,72.12335205078125,67.39022064208984
2024-01-09,STORE0012,SKU0055,13.216911315917969,12.223414421081543
2024-01-09,STORE0012,SKU0056,20.137821197509766,18.464372634887695
2024-01-09,STORE0012,SKU0057,75.7677993774414,71.41193389892578
2024-01-09,STORE0012,SKU0058,82.57890319824219,75.57382202148438
2024-01-09,STORE0012,SKU0059,22.032367706298828,22.699491500854492
2024-01-09,STORE0012,SKU0060,54.765872955322266,50.96841049194336
2024-01-09,STORE0012,SKU0061,83.87991333007812,84.00821685791016
2024-01-09,STORE0012,SKU0062,16.49835968017578,14.26407527923584
2024-01-09,STORE0012,SKU0064,82.83424377441406,75.67164611816406
2024-01-09,STORE0012,SKU0065,50.000030517578125,48.336395263671875
2024-01-09,STORE0012,SKU0066,26.50699234008789,24.960346221923828
2024-01-09,STORE0012,SKU0068,37.15348815917969,32.2285270690918
2024-01-09,STORE0012,SKU0070,91.41801452636719,88.16961669921875
2024-01-09,STORE0012,SKU0071,28.79013442993164,26.477575302124023
2024-01-09,STORE0012,SKU0072,34.34954833984375,35.47618865966797
2024-01-09,STORE0012,SKU0074,50.017059326171875,52.52922821044922
2024-01-09,STORE0012,SKU0075,30.092041015625,31.947816848754883
2024-01-09,STORE0012,SKU0076,27.963558197021484,26.19994354248047
2024-01-09,STORE0012,SKU0077,49.248992919921875,44.24759292602539
2024-01-09,STORE0012,SKU0078,27.121997833251953,27.142953872680664
2024-01-09,STORE0012,SKU0080,67.74427795410156,75.48530578613281
2024-01-09,STORE0012,SKU0081,61.81361389160156,61.59166717529297
2024-01-09,STORE0012,SKU0083,76.64073181152344,81.8679428100586
2024-01-09,STORE0012,SKU0084,22.957298278808594,22.898942947387695
2024-01-09,STORE0012,SKU0085,57.32203674316406,58.84080505371094
2024-01-09,STORE0012,SKU0086,8.65182876586914,6.890373706817627
2024-01-09,STORE0012,SKU0088,21.890010833740234,22.130008697509766
2024-01-09,STORE0012,SKU0089,40.185523986816406,35.411739349365234
2024-01-09,STORE0012,SKU0091,16.686527252197266,14.170074462890625
2024-01-09,STORE0012,SKU0092,83.8489761352539,81.98228454589844
2024-01-09,STORE0012,SKU0094,55.84914016723633,52.6589469909668
2024-01-09,STORE0012,SKU0095,26.744476318359375,28.85868263244629
2024-01-09,STORE0012,SKU0096,83.60072326660156,80.41301727294922
2024-01-09,STORE0012,SKU0097,61.77753829956055,61.10285186767578
2024-01-09,STORE0012,SKU0098,36.62890625,33.601261138916016
2024-01-09,STORE0012,SKU0099,83.9159927368164,83.0125732421875
2024-01-09,STORE0012,SKU0100,75.09814453125,78.43869018554688
2024-01-09,STORE0012,SKU0101,14.495964050292969,14.050244331359863
2024-01-09,STORE0013,SKU0001,54.38520431518555,58.25438690185547
2024-01-09,STORE0013,SKU0002,35.54184341430664,31.009815216064453
2024-01-09,STORE0013,SKU0003,13.163887023925781,10.2805757522583
2024-01-09,STORE0013,SKU0006,56.80427169799805,48.2981071472168
2024-01-09,STORE0013,SKU0008,13.710147857666016,12.096165657043457
2024-01-09,STORE0013,SKU0009,30.52716064453125,26.728212356567383
2024-01-09,STORE0013,SKU0013,43.98272705078125,41.34650421142578
2024-01-09,STORE0013,SKU0014,30.976333618164062,30.55092430114746
2024-01-09,STORE0013,SKU0015,7.780967712402344,6.334526538848877
2024-01-09,STORE0013,SKU0017,53.38745880126953,51.06138229370117
2024-01-09,STORE0013,SKU0020,27.912132263183594,25.93997573852539
2024-01-09,STORE0013,SKU0024,29.225311279296875,30.240781784057617
2024-01-09,STORE0013,SKU0025,13.966087341308594,15.390602111816406
2024-01-09,STORE0013,SKU0026,46.854347229003906,51.92351150512695
2024-01-09,STORE0013,SKU0027,52.65269470214844,57.9901008605957
2024-01-09,STORE0013,SKU0028,53.910118103027344,61.55093765258789
2024-01-09,STORE0013,SKU0031,23.86807632446289,31.762474060058594
2024-01-09,STORE0013,SKU0032,29.8538875579834,36.620235443115234
2024-01-09,STORE0013,SKU0034,61.75768280029297,73.6724853515625
2024-01-09,STORE0013,SKU0036,19.452938079833984,24.664791107177734
2024-01-09,STORE0013,SKU0037,46.94032669067383,56.582061767578125
2024-01-09,STORE0013,SKU0039,6.717185974121094,9.32674789428711
2024-01-09,STORE0013,SKU0040,9.631938934326172,11.608083724975586
2024-01-09,STORE0013,SKU0041,37.675498962402344,42.728946685791016
2024-01-09,STORE0013,SKU0049,26.5155029296875,21.560989379882812
2024-01-09,STORE0013,SKU0056,13.099716186523438,12.415284156799316
2024-01-09,STORE0013,SKU0057,46.464473724365234,44.806610107421875
2024-01-09,STORE0013,SKU0061,50.412742614746094,49.98674392700195
2024-01-09,STORE0013,SKU0063,27.022098541259766,23.630224227905273
2024-01-09,STORE0013,SKU0065,30.397377014160156,30.936534881591797
2024-01-09,STORE0013,SKU0068,23.200183868408203,23.208858489990234
2024-01-09,STORE0013,SKU0071,17.805889129638672,14.617585182189941
2024-01-09,STORE0013,SKU0076,17.401016235351562,16.091487884521484
2024-01-09,STORE0013,SKU0080,41.292572021484375,44.600887298583984
2024-01-09,STORE0013,SKU0084,14.72695541381836,13.953773498535156
2024-01-09,STORE0013,SKU0085,35.157196044921875,33.845062255859375
2024-01-09,STORE0013,SKU0086,4.371299743652344,5.298070907592773
2024-01-09,STORE0013,SKU0087,18.71875762939453,16.96807861328125
2024-01-09,STORE0013,SKU0089,24.919963836669922,25.707136154174805
2024-01-09,STORE0013,SKU0090,12.308425903320312,11.267725944519043
2024-01-09,STORE0013,SKU0096,50.76519012451172,49.272117614746094
2024-01-09,STORE0013,SKU0097,37.77499008178711,36.260623931884766
2024-01-09,STORE0013,SKU0099,52.57463073730469,44.4852180480957
2024-01-09,STORE0013,SKU0102,51.9463005065918,48.876224517822266
2024-01-10,STORE0001,SKU0001,103.89868927001953,99.05574035644531
2024-01-10,STORE0001,SKU0002,67.27767181396484,61.91621398925781
2024-01-10,STORE0001,SKU0004,95.7921142578125,89.58773803710938
2024-01-10,STORE0001,SKU0006,107.87211608886719,94.57512664794922
2024-01-10,STORE0001,SKU0007,30.41993522644043,24.695894241333008
2024-01-10,STORE0001,SKU0008,26.014163970947266,25.161739349365234
2024-01-10,STORE0001,SKU0010,38.709068298339844,36.702762603759766
2024-01-10,STORE0001,SKU0011,22.60037612915039,18.26428985595703
2024-01-10,STORE0001,SKU0012,46.50529098510742,42.25771713256836
2024-01-10,STORE0001,SKU0014,59.765560150146484,56.028255462646484
2024-01-10,STORE0001,SKU0015,13.575408935546875,10.492378234863281
2024-01-10,STORE0001,SKU0016,26.243083953857422,24.28302574157715
2024-01-10,STORE0001,SKU0017,103.14568328857422,95.84284210205078
2024-01-10,STORE0001,SKU0018,90.53861236572266,90.69749450683594
2024-01-10,STORE0001,SKU0019,18.192424774169922,14.879239082336426
2024-01-10,STORE0001,SKU0020,51.70676803588867,45.294227600097656
2024-01-10,STORE0001,SKU0021,58.160888671875,59.353153228759766
2024-01-10,STORE0001,SKU0023,71.28980255126953,66.4483413696289
2024-01-10,STORE0001,SKU0024,57.177616119384766,48.124698638916016
2024-01-10,STORE0001,SKU0026,89.67294311523438,95.72782135009766
2024-01-10,STORE0001,SKU0027,103.90278625488281,113.32940673828125
2024-01-10,STORE0001,SKU0029,26.500431060791016,35.629791259765625
2024-01-10,STORE0001,SKU0030,39.76863479614258,48.57038116455078
2024-01-10,STORE0001,SKU0031,46.33406066894531,51.989471435546875
2024-01-10,STORE0001,SKU0033,87.50279235839844,97.63560485839844
2024-01-10,STORE0001,SKU0035,152.30690002441406,134.01136779785156
2024-01-10,STORE0001,SKU0036,36.713600158691406,43.67181396484375
2024-01-10,STORE0001,SKU0037,88.84596252441406,94.6877670288086
2024-01-10,STORE0001,SKU0038,81.28108978271484,91.9449234008789
2024-01-10,STORE0001,SKU0039,13.781639099121094,17.058197021484375
2024-01-10,STORE0001,SKU0040,18.941940307617188,20.07864761352539
2024-01-10,STORE0001,SKU0041,74.08049774169922,79.23587036132812
2024-01-10,STORE0001,SKU0042,11.063091278076172,16.30291748046875
2024-01-10,STORE0001,SKU0043,39.73451232910156,42.17392349243164
2024-01-10,STORE0001,SKU0045,57.61228561401367,63.49510192871094
2024-01-10,STORE0001,SKU0046,80.4609603881836,89.07087707519531
2024-01-10,STORE0001,SKU0047,66.41812896728516,77.95133209228516
2024-01-10,STORE0001,SKU0048,60.39863204956055,68.16812896728516
2024-01-10,STORE0001,SKU0049,50.85962677001953,49.64994430541992
2024-01-10,STORE0001,SKU0050,18.38524627685547,17.079456329345703
2024-01-10,STORE0001,SKU0051,69.69615936279297,62.30086898803711
2024-01-10,STORE0001,SKU0053,33.396331787109375,30.468826293945312
2024-01-10,STORE0001,SKU0054,82.38848876953125,74.8074951171875
2024-01-10,STORE0001,SKU0055,15.172985076904297,14.25783634185791
2024-01-10,STORE0001,SKU0056,23.304454803466797,22.011201858520508
2024-01-10,STORE0001,SKU0058,97.21147155761719,91.00696563720703
2024-01-10,STORE0001,SKU0059,25.197261810302734,27.399673461914062
2024-01-10,STORE0001,SKU0060,63.27164840698242,56.887821197509766
2024-01-10,STORE0001,SKU0061,97.40589904785156,86.772705078125
2024-01-10,STORE0001,SKU0062,18.593246459960938,19.665220260620117
2024-01-10,STORE0001,SKU0063,52.5106201171875,50.40631866455078
2024-01-10,STORE0001,SKU0065,58.006195068359375,56.015621185302734
2024-01-10,STORE0001,SKU0066,30.189205169677734,27.468303680419922
2024-01-10,STORE0001,SKU0067,42.39501953125,38.50566864013672
2024-01-10,STORE0001,SKU0068,43.4742317199707,37.69184494018555
2024-01-10,STORE0001,SKU0069,79.32838439941406,81.79227447509766
2024-01-10,STORE0001,SKU0070,107.07878112792969,98.98675537109375
2024-01-10,STORE0001,SKU0072,39.757965087890625,32.144752502441406
2024-01-10,STORE0001,SKU0073,11.11739730834961,10.80010986328125
2024-01-10,STORE0001,SKU0074,57.671348571777344,49.36214828491211
2024-01-10,STORE0001,SKU0076,32.950157165527344,27.99810028076172
2024-01-10,STORE0001,SKU0077,57.139869689941406,51.86871337890625
2024-01-10,STORE0001,SKU0078,31.535789489746094,30.949451446533203
2024-01-10,STORE0001,SKU0080,78.90272521972656,70.385498046875
2024-01-10,STORE0001,SKU0081,71.09912872314453,62.25149154663086
2024-01-10,STORE0001,SKU0082,61.839630126953125,60.27704620361328
2024-01-10,STORE0001,SKU0084,26.144683837890625,24.858081817626953
2024-01-10,STORE0001,SKU0086,9.85366439819336,9.271387100219727
2024-01-10,STORE0001,SKU0087,32.8087043762207,29.41852378845215
2024-01-10,STORE0001,SKU0090,22.008499145507812,22.59491729736328
2024-01-10,STORE0001,SKU0092,98.54638671875,90.88687896728516
2024-01-10,STORE0001,SKU0093,74.26972961425781,71.8053970336914
2024-01-10,STORE0001,SKU0094,64.5195541381836,64.19487762451172
2024-01-10,STORE0001,SKU0095,30.922054290771484,30.728931427001953
2024-01-10,STORE0001,SKU0096,98.13322448730469,90.37474822998047
2024-01-10,STORE0001,SKU0097,71.10186767578125,67.06959533691406
2024-01-10,STORE0001,SKU0098,42.45061492919922,41.65330505371094
2024-01-10,STORE0001,SKU0099,97.64549255371094,92.58407592773438
2024-01-10,STORE0001,SKU0100,86.84178161621094,84.61092376708984
2024-01-10,STORE0001,SKU0101,16.534423828125,15.451033592224121
2024-01-10,STORE0002,SKU0001,71.41996002197266,79.35977172851562
2024-01-10,STORE0002,SKU0002,48.00349807739258,52.639835357666016
2024-01-10,STORE0002,SKU0003,17.880504608154297,15.24429988861084
2024-01-10,STORE0002,SKU0004,67.68447875976562,71.93729400634766
2024-01-10,STORE0002,SKU0005,56.235687255859375,51.45926284790039
2024-01-10,STORE0002,SKU0006,75.61167907714844,75.079833984375
2024-01-10,STORE0002,SKU0007,21.78533172607422,20.522764205932617
2024-01-10,STORE0002,SKU0008,18.549583435058594,15.47694206237793
2024-01-10,STORE0002,SKU0009,42.19734191894531,42.69203567504883
2024-01-10,STORE0002,SKU0010,27.740324020385742,24.57073402404785
2024-01-10,STORE0002,SKU0011,16.801620483398438,15.683074951171875
2024-01-10,STORE0002,SKU0012,32.38139343261719,34.556339263916016
2024-01-10,STORE0002,SKU0014,42.07250213623047,44.079811096191406
2024-01-10,STORE0002,SKU0015,11.130496978759766,7.820240497589111
2024-01-10,STORE0002,SKU0016,20.05649185180664,16.184412002563477
2024-01-10,STORE0002,SKU0017,71.0888442993164,67.01569366455078
2024-01-10,STORE0002,SKU0018,63.44215393066406,60.352027893066406
2024-01-10,STORE0002,SKU0019,12.845169067382812,11.26720142364502
2024-01-10,STORE0002,SKU0020,37.15876007080078,39.27277755737305
2024-01-10,STORE0002,SKU0022,68.75994873046875,69.7452621459961
2024-01-10,STORE0002,SKU0023,50.70151901245117,45.65008544921875
2024-01-10,STORE0002,SKU0024,40.29836654663086,41.831459045410156
2024-01-10,STORE0002,SKU0025,19.84145736694336,23.981529235839844
2024-01-10,STORE0002,SKU0026,65.75985717773438,76.79683685302734
2024-01-10,STORE0002,SKU0027,73.35272216796875,89.75527954101562
2024-01-10,STORE0002,SKU0028,73.02523040771484,82.81351470947266
2024-01-10,STORE0002,SKU0030,28.695566177368164,40.9870491027832
2024-01-10,STORE0002,SKU0031,33.948455810546875,43.02427673339844
2024-01-10,STORE0002,SKU0032,42.73668670654297,46.5433235168457
2024-01-10,STORE0002,SKU0033,60.02907180786133,75.41057586669922
2024-01-10,STORE0002,SKU0034,84.02323150634766,101.13238525390625
2024-01-10,STORE0002,SKU0036,27.35483169555664,31.883127212524414
2024-01-10,STORE0002,SKU0037,64.71981811523438,78.17501831054688
2024-01-10,STORE0002,SKU0038,57.214927673339844,70.46663665771484
2024-01-10,STORE0002,SKU0039,11.012931823730469,11.281464576721191
2024-01-10,STORE0002,SKU0040,14.234378814697266,15.185552597045898
2024-01-10,STORE0002,SKU0041,53.00851821899414,66.34574890136719
2024-01-10,STORE0002,SKU0042,8.600143432617188,11.398537635803223
2024-01-10,STORE0002,SKU0043,29.135921478271484,36.179710388183594
2024-01-10,STORE0002,SKU0044,52.17638397216797,66.79466247558594
2024-01-10,STORE0002,SKU0046,56.93790817260742,75.0790023803711
2024-01-10,STORE0002,SKU0048,41.36399841308594,48.49800109863281
2024-01-10,STORE0002,SKU0051,50.413124084472656,51.33515930175781
2024-01-10,STORE0002,SKU0052,42.06986999511719,42.75251007080078
2024-01-10,STORE0002,SKU0054,58.64896774291992,61.47856521606445
2024-01-10,STORE0002,SKU0055,11.867645263671875,10.648290634155273
2024-01-10,STORE0002,SKU0056,17.637420654296875,16.095142364501953
2024-01-10,STORE0002,SKU0058,68.92444610595703,72.09650421142578
2024-01-10,STORE0002,SKU0059,19.32532501220703,18.83202362060547
2024-01-10,STORE0002,SKU0060,45.38253402709961,42.42872619628906
2024-01-10,STORE0002,SKU0062,14.481887817382812,13.319559097290039
2024-01-10,STORE0002,SKU0063,37.611488342285156,31.76837730407715
2024-01-10,STORE0002,SKU0064,67.930908203125,71.84325408935547
2024-01-10,STORE0002,SKU0065,41.1251335144043,42.07329559326172
2024-01-10,STORE0002,SKU0066,23.280242919921875,18.652454376220703
2024-01-10,STORE0002,SKU0069,57.1457633972168,54.70156478881836
2024-01-10,STORE0002,SKU0070,75.67282104492188,79.05702209472656
2024-01-10,STORE0002,SKU0071,24.364017486572266,22.998796463012695
2024-01-10,STORE0002,SKU0073,8.370620727539062,8.158975601196289
2024-01-10,STORE0002,SKU0074,40.475830078125,42.40166473388672
2024-01-10,STORE0002,SKU0075,26.285320281982422,25.946056365966797
2024-01-10,STORE0002,SKU0078,23.821369171142578,21.288660049438477
2024-01-10,STORE0002,SKU0079,59.40366744995117,59.85444641113281
2024-01-10,STORE0002,SKU0081,50.175296783447266,50.61659240722656
2024-01-10,STORE0002,SKU0082,44.1068229675293,42.651756286621094
2024-01-10,STORE0002,SKU0083,63.892860412597656,66.23928833007812
2024-01-10,STORE0002,SKU0084,19.99224090576172,18.481218338012695
2024-01-10,STORE0002,SKU0086,7.221046447753906,6.6874098777771
2024-01-10,STORE0002,SKU0087,24.734874725341797,19.50062370300293
2024-01-10,STORE0002,SKU0088,19.33684539794922,19.33763313293457
2024-01-10,STORE0002,SKU0089,33.44209671020508,34.04636764526367
2024-01-10,STORE0002,SKU0090,16.73801040649414,15.177467346191406
2024-01-10,STORE0002,SKU0092,68.01283264160156,70.17181396484375
2024-01-10,STORE0002,SKU0093,52.843536376953125,52.964271545410156
2024-01-10,STORE0002,SKU0096,68.23223114013672,67.70036315917969
2024-01-10,STORE0002,SKU0097,51.3442268371582,49.60424041748047
2024-01-10,STORE0002,SKU0098,30.89687728881836,30.144502639770508
2024-01-10,STORE0002,SKU0099,69.77835083007812,68.948974609375
2024-01-10,STORE0002,SKU0101,12.464317321777344,11.615123748779297
2024-01-10,STORE0002,SKU0102,70.66161346435547,75.4237060546875
2024-01-10,STORE0003,SKU0001,72.25636291503906,84.36260223388672
2024-01-10,STORE0003,SKU0003,17.256637573242188,17.45851707458496
2024-01-10,STORE0003,SKU0004,67.07113647460938,65.65449523925781
2024-01-10,STORE0003,SKU0005,56.11278533935547,56.90781784057617
2024-01-10,STORE0003,SKU0006,75.30921173095703,71.66209411621094
2024-01-10,STORE0003,SKU0007,21.546234130859375,20.62150001525879
2024-01-10,STORE0003,SKU0008,18.092357635498047,18.216411590576172
2024-01-10,STORE0003,SKU0009,41.991641998291016,43.739173889160156
2024-01-10,STORE0003,SKU0010,27.476892471313477,25.03700065612793
2024-01-10,STORE0003,SKU0011,16.48613739013672,14.90346908569336
2024-01-10,STORE0003,SKU0012,31.9439640045166,34.97708511352539
2024-01-10,STORE0003,SKU0013,59.40692138671875,53.419734954833984
2024-01-10,STORE0003,SKU0014,41.77845764160156,44.33073806762695
2024-01-10,STORE0003,SKU0015,10.246284484863281,8.605609893798828
2024-01-10,STORE0003,SKU0016,19.432353973388672,15.62863826751709
2024-01-10,STORE0003,SKU0019,12.534446716308594,10.802353858947754
2024-01-10,STORE0003,SKU0020,36.51435089111328,36.52217483520508
2024-01-10,STORE0003,SKU0021,39.35206604003906,40.26826477050781
2024-01-10,STORE0003,SKU0022,69.19261932373047,73.17192840576172
2024-01-10,STORE0003,SKU0023,50.75699234008789,51.05034637451172
2024-01-10,STORE0003,SKU0024,39.611351013183594,42.01167678833008
2024-01-10,STORE0003,SKU0025,18.922428131103516,22.24404525756836
2024-01-10,STORE0003,SKU0026,65.15108489990234,73.75248718261719
2024-01-10,STORE0003,SKU0028,72.89799499511719,86.08197784423828
2024-01-10,STORE0003,SKU0030,27.990741729736328,36.97902297973633
2024-01-10,STORE0003,SKU0031,34.19462585449219,41.17764663696289
2024-01-10,STORE0003,SKU0033,60.24203872680664,86.81653594970703
2024-01-10,STORE0003,SKU0035,110.31475830078125,126.62476348876953
2024-01-10,STORE0003,SKU0037,65.3289794921875,81.69280242919922
2024-01-10,STORE0003,SKU0039,10.101783752441406,12.176230430603027
2024-01-10,STORE0003,SKU0040,13.528331756591797,14.322158813476562
2024-01-10,STORE0003,SKU0041,52.47338104248047,64.40399169921875
2024-01-10,STORE0003,SKU0042,7.704364776611328,11.464225769042969
2024-01-10,STORE0003,SKU0043,28.443950653076172,37.727230072021484
2024-01-10,STORE0003,SKU0044,51.57856750488281,67.68254089355469
2024-01-10,STORE0003,SKU0045,40.01356506347656,50.48274230957031
2024-01-10,STORE0003,SKU0046,57.08109664916992,71.06732940673828
2024-01-10,STORE0003,SKU0047,46.49199676513672,61.976409912109375
2024-01-10,STORE0003,SKU0048,40.737342834472656,53.27685546875
2024-01-10,STORE0003,SKU0049,35.250022888183594,33.56797409057617
2024-01-10,STORE0003,SKU0050,12.696117401123047,12.722272872924805
2024-01-10,STORE0003,SKU0051,50.11627197265625,50.52842330932617
2024-01-10,STORE0003,SKU0052,41.4373893737793,41.173255920410156
2024-01-10,STORE0003,SKU0053,24.033607482910156,24.586257934570312
2024-01-10,STORE0003,SKU0054,58.89424514770508,64.69054412841797
2024-01-10,STORE0003,SKU0055,11.11258316040039,10.30675220489502
2024-01-10,STORE0003,SKU0056,16.97768783569336,15.873725891113281
2024-01-10,STORE0003,SKU0058,68.8233413696289,70.003662109375
2024-01-10,STORE0003,SKU0060,44.645687103271484,43.874427795410156
2024-01-10,STORE0003,SKU0061,68.44871520996094,73.50437927246094
2024-01-10,STORE0003,SKU0062,13.774665832519531,12.885499954223633
2024-01-10,STORE0003,SKU0063,36.788414001464844,36.67557907104492
2024-01-10,STORE0003,SKU0064,67.86103057861328,69.35289001464844
2024-01-10,STORE0003,SKU0065,40.30364227294922,42.846839904785156
2024-01-10,STORE0003,SKU0066,22.596134185791016,20.064220428466797
2024-01-10,STORE0003,SKU0067,30.493207931518555,28.911569595336914
2024-01-10,STORE0003,SKU0068,30.382966995239258,31.45271110534668
2024-01-10,STORE0003,SKU0069,56.72222137451172,57.75505447387695
2024-01-10,STORE0003,SKU0070,75.565185546875,74.24536895751953
2024-01-10,STORE0003,SKU0071,24.076671600341797,23.809432983398438
2024-01-10,STORE0003,SKU0073,7.598819732666016,7.923521995544434
2024-01-10,STORE0003,SKU0075,25.539417266845703,27.459476470947266
2024-01-10,STORE0003,SKU0076,23.43610382080078,22.402711868286133
2024-01-10,STORE0003,SKU0077,38.96879959106445,41.15492248535156
2024-01-10,STORE0003,SKU0082,43.33715057373047,41.2716064453125
2024-01-10,STORE0003,SKU0084,19.209877014160156,19.89192771911621
2024-01-10,STORE0003,SKU0086,6.373558044433594,6.728415012359619
2024-01-10,STORE0003,SKU0087,24.14704132080078,21.2506046295166
2024-01-10,STORE0003,SKU0088,18.536571502685547,17.516910552978516
2024-01-10,STORE0003,SKU0089,32.84819030761719,34.3683967590332
2024-01-10,STORE0003,SKU0091,14.043304443359375,13.151290893554688
2024-01-10,STORE0003,SKU0092,68.62317657470703,66.58465576171875
2024-01-10,STORE0003,SKU0093,52.14287567138672,52.86762237548828
2024-01-10,STORE0003,SKU0094,44.98162841796875,43.65409469604492
2024-01-10,STORE0003,SKU0095,23.476940155029297,22.04071044921875
2024-01-10,STORE0003,SKU0096,67.91250610351562,65.58521270751953
2024-01-10,STORE0003,SKU0097,51.03394317626953,50.68268966674805
2024-01-10,STORE0003,SKU0099,69.99005126953125,72.42138671875
2024-01-10,STORE0003,SKU0100,62.71441650390625,68.86328125
2024-01-10,STORE0003,SKU0101,11.89932632446289,11.818297386169434
2024-01-10,STORE0004,SKU0001,103.46537780761719,101.55204772949219
2024-01-10,STORE0004,SKU0002,68.35226440429688,63.649810791015625
2024-01-10,STORE0004,SKU0003,23.328384399414062,23.444141387939453
2024-01-10,STORE0004,SKU0005,77.59805297851562,73.093017578125
2024-01-10,STORE0004,SKU0007,30.263975143432617,27.785781860351562
2024-01-10,STORE0004,SKU0008,25.823707580566406,24.4206600189209
2024-01-10,STORE0004,SKU0009,59.941410064697266,57.010738372802734
2024-01-10,STORE0004,SKU0012,45.62788772583008,43.7862434387207
2024-01-10,STORE0004,SKU0013,86.17240905761719,76.51407623291016
2024-01-10,STORE0004,SKU0014,60.04213333129883,56.91537857055664
2024-01-10,STORE0004,SKU0015,13.798206329345703,11.481486320495605
2024-01-10,STORE0004,SKU0017,103.06379699707031,96.72664642333984
2024-01-10,STORE0004,SKU0018,89.56344604492188,87.8642578125
2024-01-10,STORE0004,SKU0019,18.383304595947266,15.90585994720459
2024-01-10,STORE0004,SKU0020,51.972808837890625,54.106380462646484
2024-01-10,STORE0004,SKU0021,57.538700103759766,60.15070343017578
2024-01-10,STORE0004,SKU0023,72.48066711425781,63.908504486083984
2024-01-10,STORE0004,SKU0024,57.66340637207031,60.90558624267578
2024-01-10,STORE0004,SKU0025,26.267498016357422,28.688739776611328
2024-01-10,STORE0004,SKU0026,91.72126770019531,96.70564270019531
2024-01-10,STORE0004,SKU0027,103.20722961425781,103.18727111816406
2024-01-10,STORE0004,SKU0028,104.1776351928711,100.033447265625
2024-01-10,STORE0004,SKU0029,26.676509857177734,34.428680419921875
2024-01-10,STORE0004,SKU0031,47.230628967285156,54.63383865356445
2024-01-10,STORE0004,SKU0032,62.54405975341797,69.03202819824219
2024-01-10,STORE0004,SKU0033,85.33511352539062,97.94517517089844
2024-01-10,STORE0004,SKU0034,128.9208984375,130.3157501220703
2024-01-10,STORE0004,SKU0035,153.87277221679688,143.0811309814453
2024-01-10,STORE0004,SKU0036,37.09919738769531,45.38840103149414
2024-01-10,STORE0004,SKU0037,89.78257751464844,97.5373306274414
2024-01-10,STORE0004,SKU0038,80.54151916503906,97.23274993896484
2024-01-10,STORE0004,SKU0039,13.888492584228516,17.068178176879883
2024-01-10,STORE0004,SKU0040,19.125961303710938,22.811046600341797
2024-01-10,STORE0004,SKU0041,72.51475524902344,79.0005111694336
2024-01-10,STORE0004,SKU0045,57.07947540283203,61.258785247802734
2024-01-10,STORE0004,SKU0046,79.97203826904297,89.20623016357422
2024-01-10,STORE0004,SKU0047,65.53067016601562,75.02645874023438
2024-01-10,STORE0004,SKU0048,58.05905532836914,64.86939239501953
2024-01-10,STORE0004,SKU0049,50.516944885253906,48.69652557373047
2024-01-10,STORE0004,SKU0050,18.728256225585938,16.749507904052734
2024-01-10,STORE0004,SKU0051,70.94237518310547,71.84419250488281
2024-01-10,STORE0004,SKU0052,57.70136642456055,56.488189697265625
2024-01-10,STORE0004,SKU0053,33.593650817871094,31.361915588378906
2024-01-10,STORE0004,SKU0054,81.06208801269531,71.9229507446289
2024-01-10,STORE0004,SKU0055,15.310859680175781,14.78744888305664
2024-01-10,STORE0004,SKU0056,23.24936294555664,22.634544372558594
2024-01-10,STORE0004,SKU0057,87.93475341796875,87.66035461425781
2024-01-10,STORE0004,SKU0058,95.59380340576172,90.95291137695312
2024-01-10,STORE0004,SKU0060,62.13509750366211,56.48909378051758
2024-01-10,STORE0004,SKU0061,97.47943878173828,92.74606323242188
2024-01-10,STORE0004,SKU0062,18.973583221435547,17.97153663635254
2024-01-10,STORE0004,SKU0063,53.529354095458984,50.202823638916016
2024-01-10,STORE0004,SKU0064,95.06195068359375,90.14478302001953
2024-01-10,STORE0004,SKU0065,57.94179153442383,54.68301010131836
2024-01-10,STORE0004,SKU0066,30.07695770263672,29.209991455078125
2024-01-10,STORE0004,SKU0068,43.40129470825195,35.635250091552734
2024-01-10,STORE0004,SKU0070,106.1639404296875,98.6877212524414
2024-01-10,STORE0004,SKU0071,34.000335693359375,29.670917510986328
2024-01-10,STORE0004,SKU0072,39.605838775634766,37.3102912902832
2024-01-10,STORE0004,SKU0075,34.594970703125,34.3202018737793
2024-01-10,STORE0004,SKU0076,32.62871170043945,26.957534790039062
2024-01-10,STORE0004,SKU0077,56.80888748168945,56.43256378173828
2024-01-10,STORE0004,SKU0078,31.06514549255371,30.875274658203125
2024-01-10,STORE0004,SKU0079,83.32543182373047,80.37059783935547
2024-01-10,STORE0004,SKU0081,70.63378143310547,71.34832763671875
2024-01-10,STORE0004,SKU0085,64.7074966430664,59.48659896850586
2024-01-10,STORE0004,SKU0087,32.614952087402344,31.114540100097656
2024-01-10,STORE0004,SKU0088,25.232303619384766,24.00478744506836
2024-01-10,STORE0004,SKU0090,21.799503326416016,19.196443557739258
2024-01-10,STORE0004,SKU0091,19.459270477294922,19.65949249267578
2024-01-10,STORE0004,SKU0092,97.73606872558594,85.35182189941406
2024-01-10,STORE0004,SKU0093,73.77749633789062,77.92294311523438
2024-01-10,STORE0004,SKU0095,31.01128578186035,30.69819450378418
2024-01-10,STORE0004,SKU0096,97.01361846923828,90.72991180419922
2024-01-10,STORE0004,SKU0097,70.25618743896484,68.97679138183594
2024-01-10,STORE0004,SKU0098,41.96027374267578,36.79139709472656
2024-01-10,STORE0004,SKU0099,97.60249328613281,87.8785629272461
2024-01-10,STORE0004,SKU0100,87.14724731445312,85.48565673828125
2024-01-10,STORE0004,SKU0101,17.026477813720703,15.627447128295898
2024-01-10,STORE0004,SKU0102,99.75852966308594,92.01541137695312
2024-01-10,STORE0005,SKU0001,104.23735046386719,101.8287124633789
2024-01-10,STORE0005,SKU0002,67.73979187011719,60.974552154541016
2024-01-10,STORE0005,SKU0003,23.689247131347656,21.532379150390625
2024-01-10,STORE0005,SKU0004,95.81040954589844,89.76129150390625
2024-01-10,STORE0005,SKU0005,79.8523178100586,65.36993408203125
2024-01-10,STORE0005,SKU0006,107.95962524414062,98.06865692138672
2024-01-10,STORE0005,SKU0007,30.824073791503906,29.198505401611328
2024-01-10,STORE0005,SKU0009,60.397552490234375,58.77595520019531
2024-01-10,STORE0005,SKU0010,38.718833923339844,35.232696533203125
2024-01-10,STORE0005,SKU0011,22.786453247070312,19.172616958618164
2024-01-10,STORE0005,SKU0012,46.215965270996094,43.82760238647461
2024-01-10,STORE0005,SKU0013,85.7956314086914,81.52336883544922
2024-01-10,STORE0005,SKU0014,60.42947006225586,51.57098388671875
2024-01-10,STORE0005,SKU0015,13.735462188720703,11.426787376403809
2024-01-10,STORE0005,SKU0016,26.595413208007812,22.475072860717773
2024-01-10,STORE0005,SKU0018,91.15116882324219,80.6713638305664
2024-01-10,STORE0005,SKU0019,18.29690170288086,14.819295883178711
2024-01-10,STORE0005,SKU0020,52.43029022216797,48.724666595458984
2024-01-10,STORE0005,SKU0021,57.10295867919922,57.18389129638672
2024-01-10,STORE0005,SKU0022,99.66468811035156,90.7314224243164
2024-01-10,STORE0005,SKU0023,72.40545654296875,61.8554801940918
2024-01-10,STORE0005,SKU0026,90.36927032470703,92.38777923583984
2024-01-10,STORE0005,SKU0027,103.623291015625,102.88445281982422
2024-01-10,STORE0005,SKU0028,105.49613189697266,103.8957290649414
2024-01-10,STORE0005,SKU0031,46.363006591796875,54.25498580932617
2024-01-10,STORE0005,SKU0033,83.94651794433594,93.68468475341797
2024-01-10,STORE0005,SKU0034,126.37786865234375,123.49010467529297
2024-01-10,STORE0005,SKU0035,147.8548583984375,139.51918029785156
2024-01-10,STORE0005,SKU0036,35.527462005615234,43.033668518066406
2024-01-10,STORE0005,SKU0038,82.066650390625,96.35252380371094
2024-01-10,STORE0005,SKU0039,13.986228942871094,17.31887435913086
2024-01-10,STORE0005,SKU0040,19.248096466064453,19.76343536376953
2024-01-10,STORE0005,SKU0041,74.44691467285156,73.20868682861328
2024-01-10,STORE0005,SKU0043,41.151397705078125,49.89580154418945
2024-01-10,STORE0005,SKU0045,57.20726013183594,52.241607666015625
2024-01-10,STORE0005,SKU0048,59.195316314697266,62.06668472290039
2024-01-10,STORE0005,SKU0049,51.448612213134766,48.37949752807617
2024-01-10,STORE0005,SKU0050,18.41762924194336,16.468015670776367
2024-01-10,STORE0005,SKU0051,71.69601440429688,74.00062561035156
2024-01-10,STORE0005,SKU0052,59.682228088378906,56.48356246948242
2024-01-10,STORE0005,SKU0053,34.01572799682617,30.711074829101562
2024-01-10,STORE0005,SKU0054,82.34859466552734,75.95763397216797
2024-01-10,STORE0005,SKU0055,15.418289184570312,14.399423599243164
2024-01-10,STORE0005,SKU0056,23.480422973632812,22.301633834838867
2024-01-10,STORE0005,SKU0057,88.54296875,87.01590728759766
2024-01-10,STORE0005,SKU0058,98.21527099609375,93.29918670654297
2024-01-10,STORE0005,SKU0060,63.295448303222656,62.276268005371094
2024-01-10,STORE0005,SKU0062,18.683975219726562,17.79758071899414
2024-01-10,STORE0005,SKU0063,53.00933837890625,47.75331115722656
2024-01-10,STORE0005,SKU0064,96.92665100097656,92.06294250488281
2024-01-10,STORE0005,SKU0066,30.528156280517578,25.221370697021484
2024-01-10,STORE0005,SKU0067,42.94215774536133,39.97874450683594
2024-01-10,STORE0005,SKU0068,43.57341003417969,37.39827346801758
2024-01-10,STORE0005,SKU0070,107.98306274414062,96.53569030761719
2024-01-10,STORE0005,SKU0071,34.367286682128906,30.495634078979492
2024-01-10,STORE0005,SKU0072,40.10348129272461,37.88045120239258
2024-01-10,STORE0005,SKU0073,11.289165496826172,10.175446510314941
2024-01-10,STORE0005,SKU0074,57.82954406738281,51.6916618347168
2024-01-10,STORE0005,SKU0075,35.49633026123047,35.381656646728516
2024-01-10,STORE0005,SKU0076,32.8966064453125,27.60857391357422
2024-01-10,STORE0005,SKU0077,57.09654235839844,47.90692901611328
2024-01-10,STORE0005,SKU0079,84.54466247558594,77.28153228759766
2024-01-10,STORE0005,SKU0080,79.59922790527344,70.70140838623047
2024-01-10,STORE0005,SKU0081,70.8786392211914,67.04534912109375
2024-01-10,STORE0005,SKU0082,63.03950500488281,60.86986541748047
2024-01-10,STORE0005,SKU0083,89.96287536621094,83.45936584472656
2024-01-10,STORE0005,SKU0084,26.559829711914062,22.928178787231445
2024-01-10,STORE0005,SKU0085,66.97251892089844,68.24423217773438
2024-01-10,STORE0005,SKU0086,9.847885131835938,7.930923938751221
2024-01-10,STORE0005,SKU0087,32.97645568847656,29.934171676635742
2024-01-10,STORE0005,SKU0088,25.47128677368164,24.035669326782227
2024-01-10,STORE0005,SKU0089,47.8090934753418,46.849632263183594
2024-01-10,STORE0005,SKU0091,19.597965240478516,17.21925163269043
2024-01-10,STORE0005,SKU0094,65.31853485107422,64.00463104248047
2024-01-10,STORE0005,SKU0095,31.86556053161621,32.286048889160156
2024-01-10,STORE0005,SKU0096,98.00531005859375,94.02680206298828
2024-01-10,STORE0005,SKU0098,43.39098358154297,41.43111801147461
2024-01-10,STORE0005,SKU0100,87.81187438964844,84.75398254394531
2024-01-10,STORE0005,SKU0101,16.558135986328125,14.922958374023438
2024-01-10,STORE0005,SKU0102,99.612060546875,93.93347930908203
2024-01-10,STORE0006,SKU0001,103.3232421875,100.0833969116211
2024-01-10,STORE0006,SKU0003,23.40563201904297,20.12700080871582
2024-01-10,STORE0006,SKU0004,94.89961242675781,88.4092788696289
2024-01-10,STORE0006,SKU0005,78.57119750976562,71.57996368408203
2024-01-10,STORE0006,SKU0006,107.02346801757812,97.08975982666016
2024-01-10,STORE0006,SKU0007,30.749181747436523,27.539993286132812
2024-01-10,STORE0006,SKU0008,25.915145874023438,23.689544677734375
2024-01-10,STORE0006,SKU0009,59.300010681152344,56.32696533203125
2024-01-10,STORE0006,SKU0010,38.00489044189453,36.344482421875
2024-01-10,STORE0006,SKU0011,22.875938415527344,19.58045768737793
2024-01-10,STORE0006,SKU0012,46.051082611083984,40.34572219848633
2024-01-10,STORE0006,SKU0013,85.28857421875,80.84687805175781
2024-01-10,STORE0006,SKU0017,103.55410766601562,90.41399383544922
2024-01-10,STORE0006,SKU0018,91.29449462890625,84.84123229980469
2024-01-10,STORE0006,SKU0019,18.640701293945312,15.351759910583496
2024-01-10,STORE0006,SKU0020,52.3143424987793,50.40327072143555
2024-01-10,STORE0006,SKU0021,56.59528732299805,50.50804901123047
2024-01-10,STORE0006,SKU0022,98.69898986816406,90.97178649902344
2024-01-10,STORE0006,SKU0023,72.46074676513672,64.7934799194336
2024-01-10,STORE0006,SKU0025,26.721099853515625,32.52178955078125
2024-01-10,STORE0006,SKU0026,91.48988342285156,97.15955352783203
2024-01-10,STORE0006,SKU0028,105.18201446533203,100.07210540771484
2024-01-10,STORE0006,SKU0029,26.54526138305664,32.800750732421875
2024-01-10,STORE0006,SKU0030,40.19801712036133,48.9986572265625
2024-01-10,STORE0006,SKU0031,47.53353500366211,53.1029052734375
2024-01-10,STORE0006,SKU0032,62.362796783447266,69.19134521484375
2024-01-10,STORE0006,SKU0033,88.5303726196289,99.32664489746094
2024-01-10,STORE0006,SKU0034,128.95925903320312,119.08846282958984
2024-01-10,STORE0006,SKU0035,160.16085815429688,142.91781616210938
2024-01-10,STORE0006,SKU0036,36.23826217651367,40.95053482055664
2024-01-10,STORE0006,SKU0037,90.94234466552734,96.93826293945312
2024-01-10,STORE0006,SKU0038,81.16114044189453,96.34061431884766
2024-01-10,STORE0006,SKU0039,13.785675048828125,17.15635871887207
2024-01-10,STORE0006,SKU0040,18.989974975585938,23.224300384521484
2024-01-10,STORE0006,SKU0041,74.35491180419922,82.56968688964844
2024-01-10,STORE0006,SKU0042,11.163101196289062,15.863449096679688
2024-01-10,STORE0006,SKU0044,73.55888366699219,87.95996856689453
2024-01-10,STORE0006,SKU0045,57.153076171875,67.48103332519531
2024-01-10,STORE0006,SKU0046,79.91986083984375,88.23085021972656
2024-01-10,STORE0006,SKU0047,65.93659210205078,81.34292602539062
2024-01-10,STORE0006,SKU0048,59.92784881591797,63.992122650146484
2024-01-10,STORE0006,SKU0050,18.634105682373047,16.216569900512695
2024-01-10,STORE0006,SKU0052,59.7283935546875,57.99103546142578
2024-01-10,STORE0006,SKU0053,33.65666961669922,31.068408966064453
2024-01-10,STORE0006,SKU0054,81.02902221679688,84.45156860351562
2024-01-10,STORE0006,SKU0055,15.430625915527344,15.083475112915039
2024-01-10,STORE0006,SKU0056,23.11248016357422,22.124814987182617
2024-01-10,STORE0006,SKU0057,88.42107391357422,88.18488311767578
2024-01-10,STORE0006,SKU0058,96.87830352783203,94.130859375
2024-01-10,STORE0006,SKU0060,63.404762268066406,60.42190170288086
2024-01-10,STORE0006,SKU0063,53.33552169799805,43.14070129394531
2024-01-10,STORE0006,SKU0064,97.90203857421875,92.84992980957031
2024-01-10,STORE0006,SKU0065,58.70694351196289,56.986637115478516
2024-01-10,STORE0006,SKU0066,30.316503524780273,31.02114486694336
2024-01-10,STORE0006,SKU0067,42.488037109375,37.787391662597656
2024-01-10,STORE0006,SKU0069,78.77802276611328,74.61455535888672
2024-01-10,STORE0006,SKU0070,105.1447982788086,98.38770294189453
2024-01-10,STORE0006,SKU0071,33.993804931640625,29.238855361938477
2024-01-10,STORE0006,SKU0072,39.82783508300781,32.06291580200195
2024-01-10,STORE0006,SKU0073,11.435909271240234,11.152190208435059
2024-01-10,STORE0006,SKU0075,35.135704040527344,37.026371002197266
2024-01-10,STORE0006,SKU0076,32.870811462402344,26.914072036743164
2024-01-10,STORE0006,SKU0077,57.586669921875,54.05803298950195
2024-01-10,STORE0006,SKU0081,70.28326416015625,64.7178955078125
2024-01-10,STORE0006,SKU0084,26.177288055419922,26.689945220947266
2024-01-10,STORE0006,SKU0085,66.03656768798828,70.18321990966797
2024-01-10,STORE0006,SKU0087,32.51310729980469,27.264366149902344
2024-01-10,STORE0006,SKU0088,25.126514434814453,25.445417404174805
2024-01-10,STORE0006,SKU0090,21.907943725585938,18.67142105102539
2024-01-10,STORE0006,SKU0091,19.37682342529297,15.771719932556152
2024-01-10,STORE0006,SKU0092,98.44607543945312,89.26486206054688
2024-01-10,STORE0006,SKU0094,64.1230239868164,63.71113204956055
2024-01-10,STORE0006,SKU0095,31.217498779296875,28.878814697265625
2024-01-10,STORE0006,SKU0096,98.46757507324219,94.06707763671875
2024-01-10,STORE0006,SKU0097,71.42945098876953,72.06874084472656
2024-01-10,STORE0006,SKU0098,42.54295349121094,37.757083892822266
2024-01-10,STORE0006,SKU0099,97.84772491455078,84.00008392333984
2024-01-10,STORE0006,SKU0100,88.13804626464844,87.414794921875
2024-01-10,STORE0006,SKU0101,16.771263122558594,15.135505676269531
2024-01-10,STORE0006,SKU0102,98.07708740234375,86.16947174072266
2024-01-10,STORE0007,SKU0001,72.2275161743164,87.10025787353516
2024-01-10,STORE0007,SKU0002,48.168087005615234,48.18606948852539
2024-01-10,STORE0007,SKU0003,17.798931121826172,16.04418182373047
2024-01-10,STORE0007,SKU0004,67.91909790039062,69.80528259277344
2024-01-10,STORE0007,SKU0006,75.72647094726562,66.91719055175781
2024-01-10,STORE0007,SKU0008,18.609718322753906,17.069490432739258
2024-01-10,STORE0007,SKU0009,42.526695251464844,44.15142822265625
2024-01-10,STORE0007,SKU0011,16.864116668701172,13.717089653015137
2024-01-10,STORE0007,SKU0012,32.45941162109375,30.10128402709961
2024-01-10,STORE0007,SKU0013,59.78669738769531,58.19160079956055
2024-01-10,STORE0007,SKU0015,10.908878326416016,7.646620273590088
2024-01-10,STORE0007,SKU0016,19.97860336303711,19.15325927734375
2024-01-10,STORE0007,SKU0018,63.7166633605957,63.33731460571289
2024-01-10,STORE0007,SKU0020,37.08474349975586,37.7667350769043
2024-01-10,STORE0007,SKU0022,69.78738403320312,72.8993148803711
2024-01-10,STORE0007,SKU0023,51.237911224365234,54.507904052734375
2024-01-10,STORE0007,SKU0024,40.228702545166016,41.903690338134766
2024-01-10,STORE0007,SKU0025,19.523765563964844,23.75275993347168
2024-01-10,STORE0007,SKU0026,65.97119140625,71.41801452636719
2024-01-10,STORE0007,SKU0027,72.78108215332031,89.1543197631836
2024-01-10,STORE0007,SKU0028,73.72333526611328,88.97615814208984
2024-01-10,STORE0007,SKU0029,19.806243896484375,23.677209854125977
2024-01-10,STORE0007,SKU0030,28.61310386657715,36.3198356628418
2024-01-10,STORE0007,SKU0031,34.873069763183594,40.298851013183594
2024-01-10,STORE0007,SKU0032,42.941673278808594,50.61402130126953
2024-01-10,STORE0007,SKU0034,90.79096984863281,100.80110168457031
2024-01-10,STORE0007,SKU0035,110.70379638671875,124.55622100830078
2024-01-10,STORE0007,SKU0036,27.823394775390625,34.8200798034668
2024-01-10,STORE0007,SKU0037,65.24951934814453,84.43302154541016
2024-01-10,STORE0007,SKU0038,57.891239166259766,77.86211395263672
2024-01-10,STORE0007,SKU0039,10.578235626220703,12.41154670715332
2024-01-10,STORE0007,SKU0040,14.03084945678711,15.472031593322754
2024-01-10,STORE0007,SKU0043,28.878108978271484,36.40513229370117
2024-01-10,STORE0007,SKU0044,52.38909912109375,69.44520568847656
2024-01-10,STORE0007,SKU0045,40.29743957519531,47.53729248046875
2024-01-10,STORE0007,SKU0046,56.979026794433594,72.37714385986328
2024-01-10,STORE0007,SKU0047,47.05887985229492,64.90259552001953
2024-01-10,STORE0007,SKU0048,41.15483093261719,47.933982849121094
2024-01-10,STORE0007,SKU0049,36.30970001220703,36.60307693481445
2024-01-10,STORE0007,SKU0050,13.286842346191406,11.640419960021973
2024-01-10,STORE0007,SKU0053,24.488086700439453,24.1125431060791
2024-01-10,STORE0007,SKU0055,11.657146453857422,10.387184143066406
2024-01-10,STORE0007,SKU0056,17.594074249267578,16.390771865844727
2024-01-10,STORE0007,SKU0058,69.63440704345703,70.71617126464844
2024-01-10,STORE0007,SKU0059,19.02047348022461,18.161293029785156
2024-01-10,STORE0007,SKU0060,45.61798858642578,48.886009216308594
2024-01-10,STORE0007,SKU0061,68.590576171875,64.67923736572266
2024-01-10,STORE0007,SKU0062,14.433929443359375,12.896915435791016
2024-01-10,STORE0007,SKU0063,37.488372802734375,38.81226348876953
2024-01-10,STORE0007,SKU0065,40.77996826171875,40.519264221191406
2024-01-10,STORE0007,SKU0066,23.23910140991211,18.97429656982422
2024-01-10,STORE0007,SKU0067,30.896390914916992,28.701988220214844
2024-01-10,STORE0007,SKU0068,31.22054672241211,31.417577743530273
2024-01-10,STORE0007,SKU0072,28.608449935913086,25.05508041381836
2024-01-10,STORE0007,SKU0073,8.184368133544922,8.145647048950195
2024-01-10,STORE0007,SKU0074,40.480186462402344,39.57584762573242
2024-01-10,STORE0007,SKU0075,25.969985961914062,25.543575286865234
2024-01-10,STORE0007,SKU0076,24.065189361572266,22.748279571533203
2024-01-10,STORE0007,SKU0078,23.706058502197266,23.07621955871582
2024-01-10,STORE0007,SKU0079,59.4517822265625,60.05451202392578
2024-01-10,STORE0007,SKU0080,56.251731872558594,50.256439208984375
2024-01-10,STORE0007,SKU0081,50.324317932128906,50.316505432128906
2024-01-10,STORE0007,SKU0082,44.58161163330078,48.95475769042969
2024-01-10,STORE0007,SKU0083,63.76106262207031,65.6019058227539
2024-01-10,STORE0007,SKU0084,19.699398040771484,15.51707935333252
2024-01-10,STORE0007,SKU0085,47.67167282104492,46.92510986328125
2024-01-10,STORE0007,SKU0086,7.1228485107421875,6.8318657875061035
2024-01-10,STORE0007,SKU0087,24.69265365600586,21.65166664123535
2024-01-10,STORE0007,SKU0088,19.131362915039062,17.67762565612793
2024-01-10,STORE0007,SKU0089,33.331748962402344,31.03232765197754
2024-01-10,STORE0007,SKU0090,16.596050262451172,15.7969970703125
2024-01-10,STORE0007,SKU0093,52.7319221496582,52.16733169555664
2024-01-10,STORE0007,SKU0094,45.35580825805664,42.56190490722656
2024-01-10,STORE0007,SKU0096,68.84581756591797,70.98260498046875
2024-01-10,STORE0007,SKU0097,51.422576904296875,48.07493591308594
2024-01-10,STORE0007,SKU0098,30.680625915527344,32.01548767089844
2024-01-10,STORE0007,SKU0099,70.75372314453125,70.86461639404297
2024-01-10,STORE0007,SKU0100,62.82508850097656,63.427001953125
2024-01-10,STORE0007,SKU0101,12.365619659423828,10.292713165283203
2024-01-10,STORE0007,SKU0102,70.2947769165039,64.78312683105469
2024-01-10,STORE0008,SKU0001,103.41139221191406,98.73697662353516
2024-01-10,STORE0008,SKU0002,66.61770629882812,63.4182243347168
2024-01-10,STORE0008,SKU0003,23.268051147460938,22.339496612548828
2024-01-10,STORE0008,SKU0004,94.0125732421875,88.89031219482422
2024-01-10,STORE0008,SKU0005,77.70089721679688,74.30488586425781
2024-01-10,STORE0008,SKU0006,105.92951965332031,93.072021484375
2024-01-10,STORE0008,SKU0007,30.21074104309082,27.00598907470703
2024-01-10,STORE0008,SKU0008,25.629413604736328,23.25678253173828
2024-01-10,STORE0008,SKU0009,59.995052337646484,59.11748504638672
2024-01-10,STORE0008,SKU0010,38.0547981262207,33.625816345214844
2024-01-10,STORE0008,SKU0011,22.460922241210938,17.595684051513672
2024-01-10,STORE0008,SKU0012,46.12382125854492,39.57215118408203
2024-01-10,STORE0008,SKU0013,85.874755859375,79.8629379272461
2024-01-10,STORE0008,SKU0014,59.96274948120117,57.4544792175293
2024-01-10,STORE0008,SKU0015,13.278980255126953,11.681427955627441
2024-01-10,STORE0008,SKU0016,26.07958221435547,24.310014724731445
2024-01-10,STORE0008,SKU0018,89.38817596435547,81.76661682128906
2024-01-10,STORE0008,SKU0020,52.12767791748047,54.832313537597656
2024-01-10,STORE0008,SKU0022,99.29075622558594,89.7228775024414
2024-01-10,STORE0008,SKU0025,26.50373077392578,31.623361587524414
2024-01-10,STORE0008,SKU0027,103.06781005859375,100.8732681274414
2024-01-10,STORE0008,SKU0028,104.48880004882812,107.85228729248047
2024-01-10,STORE0008,SKU0029,26.557117462158203,32.86948776245117
2024-01-10,STORE0008,SKU0030,39.53276824951172,47.17574691772461
2024-01-10,STORE0008,SKU0031,46.43806457519531,59.20591735839844
2024-01-10,STORE0008,SKU0033,86.35319519042969,97.54487609863281
2024-01-10,STORE0008,SKU0035,145.61526489257812,131.5977783203125
2024-01-10,STORE0008,SKU0038,79.64049530029297,95.4346694946289
2024-01-10,STORE0008,SKU0039,13.68002700805664,18.536354064941406
2024-01-10,STORE0008,SKU0040,19.073955535888672,23.045392990112305
2024-01-10,STORE0008,SKU0041,73.49114990234375,81.39610290527344
2024-01-10,STORE0008,SKU0042,10.907367706298828,16.450992584228516
2024-01-10,STORE0008,SKU0043,40.57807159423828,47.22502899169922
2024-01-10,STORE0008,SKU0044,72.7028579711914,85.18209075927734
2024-01-10,STORE0008,SKU0045,57.7830924987793,69.86637878417969
2024-01-10,STORE0008,SKU0046,80.248779296875,87.63987731933594
2024-01-10,STORE0008,SKU0047,66.11815643310547,69.82926177978516
2024-01-10,STORE0008,SKU0048,58.99417495727539,66.8938217163086
2024-01-10,STORE0008,SKU0049,50.654117584228516,46.98808288574219
2024-01-10,STORE0008,SKU0051,70.59834289550781,73.40091705322266
2024-01-10,STORE0008,SKU0055,15.11276626586914,14.26612663269043
2024-01-10,STORE0008,SKU0056,23.126201629638672,21.128936767578125
2024-01-10,STORE0008,SKU0057,87.19566345214844,86.70855712890625
2024-01-10,STORE0008,SKU0059,25.378162384033203,25.857786178588867
2024-01-10,STORE0008,SKU0060,62.09181594848633,58.54349899291992
2024-01-10,STORE0008,SKU0061,97.91778564453125,87.57779693603516
2024-01-10,STORE0008,SKU0062,18.422466278076172,18.180370330810547
2024-01-10,STORE0008,SKU0064,96.53104400634766,89.02973175048828
2024-01-10,STORE0008,SKU0065,57.60432815551758,55.074398040771484
2024-01-10,STORE0008,SKU0066,30.27383804321289,28.678937911987305
2024-01-10,STORE0008,SKU0067,42.38770294189453,39.635215759277344
2024-01-10,STORE0008,SKU0072,40.000404357910156,36.15098190307617
2024-01-10,STORE0008,SKU0074,57.57137680053711,58.52772903442383
2024-01-10,STORE0008,SKU0075,34.88990783691406,32.250057220458984
2024-01-10,STORE0008,SKU0076,32.94198226928711,30.669649124145508
2024-01-10,STORE0008,SKU0077,57.53471374511719,53.54498291015625
2024-01-10,STORE0008,SKU0078,31.508682250976562,32.73694610595703
2024-01-10,STORE0008,SKU0080,78.56759643554688,82.61567687988281
2024-01-10,STORE0008,SKU0081,70.1827621459961,61.141178131103516
2024-01-10,STORE0008,SKU0082,61.97689437866211,63.91878890991211
2024-01-10,STORE0008,SKU0083,89.65357971191406,90.25943756103516
2024-01-10,STORE0008,SKU0084,26.236438751220703,26.775814056396484
2024-01-10,STORE0008,SKU0085,66.03530883789062,66.44295501708984
2024-01-10,STORE0008,SKU0086,9.556682586669922,8.709815979003906
2024-01-10,STORE0008,SKU0087,32.97783279418945,32.49785232543945
2024-01-10,STORE0008,SKU0088,25.166629791259766,22.31753921508789
2024-01-10,STORE0008,SKU0089,46.235816955566406,43.66962432861328
2024-01-10,STORE0008,SKU0090,21.834606170654297,22.803083419799805
2024-01-10,STORE0008,SKU0091,19.407733917236328,19.903955459594727
2024-01-10,STORE0008,SKU0092,97.01136016845703,90.96321105957031
2024-01-10,STORE0008,SKU0093,74.45021057128906,73.5040054321289
2024-01-10,STORE0008,SKU0094,64.61931610107422,68.355712890625
2024-01-10,STORE0008,SKU0095,31.04078483581543,28.82741355895996
2024-01-10,STORE0008,SKU0096,96.906982421875,87.38471221923828
2024-01-10,STORE0008,SKU0097,70.95329284667969,70.627685546875
2024-01-10,STORE0008,SKU0098,42.1384162902832,39.484981536865234
2024-01-10,STORE0008,SKU0099,98.15750122070312,89.4971694946289
2024-01-10,STORE0008,SKU0100,87.32989501953125,88.79536437988281
2024-01-10,STORE0008,SKU0101,16.16550064086914,14.968618392944336
2024-01-10,STORE0008,SKU0102,99.12016296386719,89.07477569580078
2024-01-10,STORE0009,SKU0001,87.91519927978516,93.3947525024414
2024-01-10,STORE0009,SKU0002,58.80369567871094,56.883358001708984
2024-01-10,STORE0009,SKU0003,19.972400665283203,18.176177978515625
2024-01-10,STORE0009,SKU0005,68.25592041015625,67.580810546875
2024-01-10,STORE0009,SKU0006,92.531005859375,91.43263244628906
2024-01-10,STORE0009,SKU0008,21.93526840209961,22.81336784362793
2024-01-10,STORE0009,SKU0009,51.077415466308594,48.95071792602539
2024-01-10,STORE0009,SKU0010,32.507591247558594,26.303003311157227
2024-01-10,STORE0009,SKU0011,19.297561645507812,17.086193084716797
2024-01-10,STORE0009,SKU0012,39.274253845214844,36.3680305480957
2024-01-10,STORE0009,SKU0013,72.4620132446289,75.23873138427734
2024-01-10,STORE0009,SKU0015,11.825206756591797,10.118701934814453
2024-01-10,STORE0009,SKU0016,22.545516967773438,20.7000789642334
2024-01-10,STORE0009,SKU0017,88.71532440185547,94.23604583740234
2024-01-10,STORE0009,SKU0018,77.9709243774414,83.41531372070312
2024-01-10,STORE0009,SKU0019,15.36050033569336,13.049052238464355
2024-01-10,STORE0009,SKU0020,44.32361602783203,41.62123107910156
2024-01-10,STORE0009,SKU0022,86.30476379394531,88.06617736816406
2024-01-10,STORE0009,SKU0023,62.460357666015625,56.172054290771484
2024-01-10,STORE0009,SKU0024,49.311485290527344,49.14012145996094
2024-01-10,STORE0009,SKU0025,22.34775161743164,29.038711547851562
2024-01-10,STORE0009,SKU0027,89.44019317626953,91.85420227050781
2024-01-10,STORE0009,SKU0028,89.57411193847656,97.8270263671875
2024-01-10,STORE0009,SKU0030,34.3457145690918,39.96826171875
2024-01-10,STORE0009,SKU0032,53.99484634399414,58.83351135253906
2024-01-10,STORE0009,SKU0033,77.43970489501953,95.60364532470703
2024-01-10,STORE0009,SKU0034,105.76141357421875,111.81044006347656
2024-01-10,STORE0009,SKU0035,129.8772430419922,133.60984802246094
2024-01-10,STORE0009,SKU0037,78.21342468261719,84.60122680664062
2024-01-10,STORE0009,SKU0038,70.12821960449219,84.39757537841797
2024-01-10,STORE0009,SKU0039,11.612628936767578,14.630257606506348
2024-01-10,STORE0009,SKU0041,65.29109191894531,75.91488647460938
2024-01-10,STORE0009,SKU0044,64.3616943359375,80.24490356445312
2024-01-10,STORE0009,SKU0045,49.610145568847656,56.83900451660156
2024-01-10,STORE0009,SKU0046,69.21428680419922,74.31681060791016
2024-01-10,STORE0009,SKU0047,56.67707824707031,69.90303039550781
2024-01-10,STORE0009,SKU0049,43.948055267333984,38.955322265625
2024-01-10,STORE0009,SKU0050,15.65933609008789,15.400547981262207
2024-01-10,STORE0009,SKU0051,61.86638641357422,58.19713592529297
2024-01-10,STORE0009,SKU0052,51.662330627441406,50.12635803222656
2024-01-10,STORE0009,SKU0055,13.132198333740234,12.383362770080566
2024-01-10,STORE0009,SKU0057,76.75141906738281,75.27820587158203
2024-01-10,STORE0009,SKU0058,83.08372497558594,81.9531478881836
2024-01-10,STORE0009,SKU0059,21.883747100830078,24.745773315429688
2024-01-10,STORE0009,SKU0060,54.70390701293945,50.79954147338867
2024-01-10,STORE0009,SKU0061,84.46528625488281,88.06366729736328
2024-01-10,STORE0009,SKU0062,16.194011688232422,16.50075912475586
2024-01-10,STORE0009,SKU0063,46.4587287902832,43.898746490478516
2024-01-10,STORE0009,SKU0064,83.36769104003906,87.85496520996094
2024-01-10,STORE0009,SKU0065,50.570472717285156,50.04887390136719
2024-01-10,STORE0009,SKU0066,26.250511169433594,26.0924015045166
2024-01-10,STORE0009,SKU0067,36.56624984741211,32.94758987426758
2024-01-10,STORE0009,SKU0068,37.20547866821289,34.376983642578125
2024-01-10,STORE0009,SKU0069,68.09117126464844,61.284793853759766
2024-01-10,STORE0009,SKU0070,91.03553771972656,81.7315673828125
2024-01-10,STORE0009,SKU0071,28.747522354125977,27.065847396850586
2024-01-10,STORE0009,SKU0072,34.31899642944336,31.858922958374023
2024-01-10,STORE0009,SKU0074,49.56364059448242,50.26725387573242
2024-01-10,STORE0009,SKU0075,29.964204788208008,28.662071228027344
2024-01-10,STORE0009,SKU0076,27.811382293701172,25.716035842895508
2024-01-10,STORE0009,SKU0077,49.25617218017578,51.80196762084961
2024-01-10,STORE0009,SKU0078,27.04753875732422,29.31194496154785
2024-01-10,STORE0009,SKU0080,68.32476043701172,73.09180450439453
2024-01-10,STORE0009,SKU0082,53.684635162353516,52.166358947753906
2024-01-10,STORE0009,SKU0083,77.00424194335938,78.04598999023438
2024-01-10,STORE0009,SKU0084,22.606430053710938,21.463930130004883
2024-01-10,STORE0009,SKU0085,58.406307220458984,57.988746643066406
2024-01-10,STORE0009,SKU0086,8.405288696289062,8.434741973876953
2024-01-10,STORE0009,SKU0087,28.0562744140625,26.49884033203125
2024-01-10,STORE0009,SKU0088,21.486183166503906,20.629261016845703
2024-01-10,STORE0009,SKU0089,40.2038688659668,36.700050354003906
2024-01-10,STORE0009,SKU0090,18.49405288696289,17.9199275970459
2024-01-10,STORE0009,SKU0091,16.610008239746094,15.547425270080566
2024-01-10,STORE0009,SKU0092,82.72221374511719,84.16561889648438
2024-01-10,STORE0009,SKU0093,64.29100799560547,59.692100524902344
2024-01-10,STORE0009,SKU0096,83.16229248046875,87.90003967285156
2024-01-10,STORE0009,SKU0097,61.728271484375,61.59031295776367
2024-01-10,STORE0009,SKU0098,36.571754455566406,37.92094802856445
2024-01-10,STORE0009,SKU0099,84.28887176513672,81.62796020507812
2024-01-10,STORE0009,SKU0102,85.68405151367188,84.75585174560547
2024-01-10,STORE0010,SKU0001,87.5162124633789,89.76263427734375
2024-01-10,STORE0010,SKU0004,81.18252563476562,88.00845336914062
2024-01-10,STORE0010,SKU0005,67.7354736328125,65.67611694335938
2024-01-10,STORE0010,SKU0006,90.36198425292969,79.20838165283203
2024-01-10,STORE0010,SKU0007,25.441455841064453,21.57428550720215
2024-01-10,STORE0010,SKU0010,32.14588928222656,30.255615234375
2024-01-10,STORE0010,SKU0011,19.082252502441406,17.53816795349121
2024-01-10,STORE0010,SKU0012,38.709938049316406,38.48679733276367
2024-01-10,STORE0010,SKU0013,71.89845275878906,72.65840148925781
2024-01-10,STORE0010,SKU0014,50.98164749145508,51.148155212402344
2024-01-10,STORE0010,SKU0015,11.508041381835938,9.251473426818848
2024-01-10,STORE0010,SKU0016,21.997081756591797,19.891347885131836
2024-01-10,STORE0010,SKU0017,87.55474853515625,82.77950286865234
2024-01-10,STORE0010,SKU0018,76.10891723632812,72.10350799560547
2024-01-10,STORE0010,SKU0019,15.215316772460938,13.533512115478516
2024-01-10,STORE0010,SKU0020,44.029319763183594,41.631717681884766
2024-01-10,STORE0010,SKU0021,48.534515380859375,48.465755462646484
2024-01-10,STORE0010,SKU0025,22.02295684814453,25.776899337768555
2024-01-10,STORE0010,SKU0028,86.78167724609375,97.09573364257812
2024-01-10,STORE0010,SKU0029,22.24803924560547,26.552114486694336
2024-01-10,STORE0010,SKU0030,33.60240173339844,41.84122848510742
2024-01-10,STORE0010,SKU0032,52.27122497558594,61.86341857910156
2024-01-10,STORE0010,SKU0034,106.87014770507812,119.76274108886719
2024-01-10,STORE0010,SKU0035,130.1313018798828,135.8469696044922
2024-01-10,STORE0010,SKU0036,31.42646026611328,38.75458526611328
2024-01-10,STORE0010,SKU0037,78.0834732055664,96.16265106201172
2024-01-10,STORE0010,SKU0038,69.19989013671875,89.54131317138672
2024-01-10,STORE0010,SKU0039,11.158638000488281,14.742925643920898
2024-01-10,STORE0010,SKU0040,15.866096496582031,17.27534294128418
2024-01-10,STORE0010,SKU0042,8.708011627197266,12.934549331665039
2024-01-10,STORE0010,SKU0043,33.595218658447266,43.89113235473633
2024-01-10,STORE0010,SKU0045,49.059967041015625,53.41842269897461
2024-01-10,STORE0010,SKU0046,66.80863189697266,77.76160430908203
2024-01-10,STORE0010,SKU0048,49.71583938598633,54.79766845703125
2024-01-10,STORE0010,SKU0050,15.322311401367188,15.211301803588867
2024-01-10,STORE0010,SKU0051,61.33183288574219,59.54615783691406
2024-01-10,STORE0010,SKU0052,50.370635986328125,50.5447998046875
2024-01-10,STORE0010,SKU0053,27.822547912597656,29.185806274414062
2024-01-10,STORE0010,SKU0054,69.9276351928711,66.56378936767578
2024-01-10,STORE0010,SKU0055,12.658653259277344,12.953163146972656
2024-01-10,STORE0010,SKU0056,19.23806381225586,19.545358657836914
2024-01-10,STORE0010,SKU0057,75.22244262695312,79.80464172363281
2024-01-10,STORE0010,SKU0058,81.54924011230469,77.74981689453125
2024-01-10,STORE0010,SKU0059,21.277137756347656,24.16387939453125
2024-01-10,STORE0010,SKU0060,54.43877410888672,52.639827728271484
2024-01-10,STORE0010,SKU0061,81.81163787841797,77.85916900634766
2024-01-10,STORE0010,SKU0063,45.4144287109375,46.439170837402344
2024-01-10,STORE0010,SKU0064,81.47018432617188,78.6612777709961
2024-01-10,STORE0010,SKU0065,49.296390533447266,51.519256591796875
2024-01-10,STORE0010,SKU0067,35.74524688720703,32.50901794433594
2024-01-10,STORE0010,SKU0068,36.657630920410156,35.43473815917969
2024-01-10,STORE0010,SKU0069,67.25894927978516,64.9964370727539
2024-01-10,STORE0010,SKU0070,89.22590637207031,90.0099105834961
2024-01-10,STORE0010,SKU0073,8.836799621582031,9.236416816711426
2024-01-10,STORE0010,SKU0074,48.727508544921875,48.31134796142578
2024-01-10,STORE0010,SKU0075,29.523141860961914,31.54085922241211
2024-01-10,STORE0010,SKU0076,27.157636642456055,26.136526107788086
2024-01-10,STORE0010,SKU0077,48.675968170166016,46.9467658996582
2024-01-10,STORE0010,SKU0078,26.41924285888672,29.037757873535156
2024-01-10,STORE0010,SKU0079,70.53897857666016,70.23933410644531
2024-01-10,STORE0010,SKU0080,66.3025894165039,73.95423126220703
2024-01-10,STORE0010,SKU0081,60.090675354003906,61.947776794433594
2024-01-10,STORE0010,SKU0083,76.17680358886719,81.82849884033203
2024-01-10,STORE0010,SKU0084,22.256481170654297,21.139925003051758
2024-01-10,STORE0010,SKU0085,57.09047317504883,57.1421012878418
2024-01-10,STORE0010,SKU0086,8.15499496459961,7.778565406799316
2024-01-10,STORE0010,SKU0087,27.43700408935547,23.169076919555664
2024-01-10,STORE0010,SKU0088,21.154399871826172,21.98588752746582
2024-01-10,STORE0010,SKU0089,39.65660095214844,36.512481689453125
2024-01-10,STORE0010,SKU0090,18.084186553955078,17.096017837524414
2024-01-10,STORE0010,SKU0092,81.20826721191406,82.29364013671875
2024-01-10,STORE0010,SKU0094,54.28722381591797,54.49505615234375
2024-01-10,STORE0010,SKU0095,26.328075408935547,29.5764217376709
2024-01-10,STORE0010,SKU0096,80.98332214355469,79.12898254394531
2024-01-10,STORE0010,SKU0097,61.515377044677734,62.370819091796875
2024-01-10,STORE0010,SKU0098,35.79203796386719,34.76609802246094
2024-01-10,STORE0010,SKU0099,81.78372955322266,77.91077423095703
2024-01-10,STORE0010,SKU0100,73.90379333496094,76.9854965209961
2024-01-10,STORE0010,SKU0101,14.142562866210938,12.947233200073242
2024-01-10,STORE0010,SKU0102,83.58419799804688,85.09222412109375
2024-01-10,STORE0011,SKU0001,102.84638977050781,101.05389404296875
2024-01-10,STORE0011,SKU0002,67.33663940429688,61.176414489746094
2024-01-10,STORE0011,SKU0003,23.07754135131836,19.931509017944336
2024-01-10,STORE0011,SKU0004,94.50341033935547,88.31331634521484
2024-01-10,STORE0011,SKU0005,77.27784729003906,76.51921081542969
2024-01-10,STORE0011,SKU0006,107.5282211303711,92.52445983886719
2024-01-10,STORE0011,SKU0007,30.019758224487305,29.97435760498047
2024-01-10,STORE0011,SKU0009,59.15370178222656,56.93550491333008
2024-01-10,STORE0011,SKU0012,45.42279052734375,41.4480094909668
2024-01-10,STORE0011,SKU0014,57.993900299072266,51.10757827758789
2024-01-10,STORE0011,SKU0015,13.368877410888672,10.18348217010498
2024-01-10,STORE0011,SKU0017,102.03628540039062,93.57798767089844
2024-01-10,STORE0011,SKU0018,88.66170501708984,77.92025756835938
2024-01-10,STORE0011,SKU0019,18.194358825683594,15.736335754394531
2024-01-10,STORE0011,SKU0020,51.01586151123047,45.92412185668945
2024-01-10,STORE0011,SKU0021,55.87160110473633,57.88594436645508
2024-01-10,STORE0011,SKU0022,99.6496353149414,94.88733673095703
2024-01-10,STORE0011,SKU0023,70.20035552978516,60.795082092285156
2024-01-10,STORE0011,SKU0024,56.88608169555664,51.796993255615234
2024-01-10,STORE0011,SKU0025,25.92890167236328,30.672706604003906
2024-01-10,STORE0011,SKU0026,89.03536987304688,95.66024780273438
2024-01-10,STORE0011,SKU0027,102.21275329589844,99.3193588256836
2024-01-10,STORE0011,SKU0028,100.58045959472656,104.52223205566406
2024-01-10,STORE0011,SKU0029,26.408313751220703,33.11594772338867
2024-01-10,STORE0011,SKU0030,39.40880584716797,45.6843376159668
2024-01-10,STORE0011,SKU0031,46.05088806152344,55.601356506347656
2024-01-10,STORE0011,SKU0033,84.66264343261719,96.25613403320312
2024-01-10,STORE0011,SKU0034,129.71200561523438,120.92829895019531
2024-01-10,STORE0011,SKU0035,151.57647705078125,130.50607299804688
2024-01-10,STORE0011,SKU0036,35.506011962890625,41.31215286254883
2024-01-10,STORE0011,SKU0037,88.40924835205078,99.07756042480469
2024-01-10,STORE0011,SKU0038,79.01611328125,96.22408294677734
2024-01-10,STORE0011,SKU0039,13.57107162475586,17.397762298583984
2024-01-10,STORE0011,SKU0040,18.971458435058594,23.67510414123535
2024-01-10,STORE0011,SKU0041,73.18828582763672,80.5008773803711
2024-01-10,STORE0011,SKU0043,39.1713752746582,46.78517532348633
2024-01-10,STORE0011,SKU0044,71.4685287475586,84.95716094970703
2024-01-10,STORE0011,SKU0046,78.96592712402344,90.50629425048828
2024-01-10,STORE0011,SKU0047,64.49677276611328,75.80281066894531
2024-01-10,STORE0011,SKU0048,57.981346130371094,67.55662536621094
2024-01-10,STORE0011,SKU0050,18.516510009765625,17.14288902282715
2024-01-10,STORE0011,SKU0051,69.48489379882812,71.85508728027344
2024-01-10,STORE0011,SKU0052,56.99053192138672,54.17832565307617
2024-01-10,STORE0011,SKU0053,33.13089370727539,31.386537551879883
2024-01-10,STORE0011,SKU0054,80.58208465576172,81.73250579833984
2024-01-10,STORE0011,SKU0055,15.04287338256836,15.294689178466797
2024-01-10,STORE0011,SKU0056,23.040603637695312,20.736215591430664
2024-01-10,STORE0011,SKU0058,95.70011901855469,88.48164367675781
2024-01-10,STORE0011,SKU0059,25.090835571289062,26.84206199645996
2024-01-10,STORE0011,SKU0061,97.24432373046875,90.03120422363281
2024-01-10,STORE0011,SKU0062,18.806381225585938,17.26898765563965
2024-01-10,STORE0011,SKU0064,96.42173767089844,90.82533264160156
2024-01-10,STORE0011,SKU0065,56.75082778930664,55.586029052734375
2024-01-10,STORE0011,SKU0066,30.1517391204834,28.915504455566406
2024-01-10,STORE0011,SKU0067,41.78035354614258,39.178470611572266
2024-01-10,STORE0011,SKU0068,42.24608612060547,36.79823684692383
2024-01-10,STORE0011,SKU0069,77.89573669433594,75.50543212890625
2024-01-10,STORE0011,SKU0070,103.99864959716797,95.6963119506836
2024-01-10,STORE0011,SKU0071,33.42066192626953,32.47885513305664
2024-01-10,STORE0011,SKU0072,39.16994857788086,35.98973846435547
2024-01-10,STORE0011,SKU0073,11.015705108642578,11.768759727478027
2024-01-10,STORE0011,SKU0074,56.66184997558594,50.583717346191406
2024-01-10,STORE0011,SKU0077,56.37929916381836,52.49204635620117
2024-01-10,STORE0011,SKU0078,30.7797908782959,30.452266693115234
2024-01-10,STORE0011,SKU0079,82.96829223632812,77.26929473876953
2024-01-10,STORE0011,SKU0082,60.368682861328125,59.788352966308594
2024-01-10,STORE0011,SKU0083,88.56988525390625,88.67250061035156
2024-01-10,STORE0011,SKU0085,65.33263397216797,68.57164764404297
2024-01-10,STORE0011,SKU0086,9.725532531738281,9.183115005493164
2024-01-10,STORE0011,SKU0087,32.515411376953125,29.645767211914062
2024-01-10,STORE0011,SKU0088,25.08795166015625,25.1832275390625
2024-01-10,STORE0011,SKU0089,45.21175765991211,41.927608489990234
2024-01-10,STORE0011,SKU0090,21.753562927246094,21.433454513549805
2024-01-10,STORE0011,SKU0094,63.145294189453125,59.06171798706055
2024-01-10,STORE0011,SKU0095,30.611637115478516,31.14617156982422
2024-01-10,STORE0011,SKU0096,96.23837280273438,92.53556060791016
2024-01-10,STORE0011,SKU0097,69.28565216064453,66.8226547241211
2024-01-10,STORE0011,SKU0098,41.373207092285156,37.74956130981445
2024-01-10,STORE0011,SKU0100,85.62034606933594,80.93865203857422
2024-01-10,STORE0011,SKU0101,16.636016845703125,15.608373641967773
2024-01-10,STORE0012,SKU0001,89.60262298583984,98.47940063476562
2024-01-10,STORE0012,SKU0002,58.52850341796875,59.88315200805664
2024-01-10,STORE0012,SKU0004,81.73482513427734,81.39704132080078
2024-01-10,STORE0012,SKU0005,68.10684967041016,65.8271713256836
2024-01-10,STORE0012,SKU0006,93.46110534667969,80.70146179199219
2024-01-10,STORE0012,SKU0007,26.08985137939453,24.68680763244629
2024-01-10,STORE0012,SKU0008,22.0867919921875,21.43589973449707
2024-01-10,STORE0012,SKU0009,51.26322555541992,48.0968017578125
2024-01-10,STORE0012,SKU0010,32.7332763671875,31.807188034057617
2024-01-10,STORE0012,SKU0013,73.57205200195312,76.42499542236328
2024-01-10,STORE0012,SKU0014,51.2110595703125,50.0237922668457
2024-01-10,STORE0012,SKU0015,11.82015609741211,10.344651222229004
2024-01-10,STORE0012,SKU0016,22.59042739868164,21.302095413208008
2024-01-10,STORE0012,SKU0017,89.69111633300781,89.28752136230469
2024-01-10,STORE0012,SKU0018,78.21623229980469,74.14408111572266
2024-01-10,STORE0012,SKU0019,15.38907241821289,14.043634414672852
2024-01-10,STORE0012,SKU0020,44.83236312866211,49.19829559326172
2024-01-10,STORE0012,SKU0022,86.06363677978516,83.52645111083984
2024-01-10,STORE0012,SKU0023,63.21123504638672,57.53607940673828
2024-01-10,STORE0012,SKU0025,22.446609497070312,27.66437339782715
2024-01-10,STORE0012,SKU0026,77.64014434814453,91.4242935180664
2024-01-10,STORE0012,SKU0027,87.3798828125,96.57437133789062
2024-01-10,STORE0012,SKU0028,88.04104614257812,98.02324676513672
2024-01-10,STORE0012,SKU0029,22.649776458740234,27.585004806518555
2024-01-10,STORE0012,SKU0030,34.314109802246094,48.00080490112305
2024-01-10,STORE0012,SKU0032,52.87189865112305,59.890132904052734
2024-01-10,STORE0012,SKU0033,72.36072540283203,88.34732818603516
2024-01-10,STORE0012,SKU0034,107.3108139038086,119.39630126953125
2024-01-10,STORE0012,SKU0035,134.2920379638672,126.98800659179688
2024-01-10,STORE0012,SKU0036,31.246551513671875,39.27564239501953
2024-01-10,STORE0012,SKU0037,77.87965393066406,90.69673919677734
2024-01-10,STORE0012,SKU0038,69.73107147216797,86.67951965332031
2024-01-10,STORE0012,SKU0039,11.545516967773438,13.492646217346191
2024-01-10,STORE0012,SKU0043,34.057945251464844,37.868797302246094
2024-01-10,STORE0012,SKU0044,63.3780632019043,79.10795593261719
2024-01-10,STORE0012,SKU0046,68.43048095703125,80.68588256835938
2024-01-10,STORE0012,SKU0047,55.7641716003418,69.96347045898438
2024-01-10,STORE0012,SKU0048,50.873291015625,58.850345611572266
2024-01-10,STORE0012,SKU0050,15.686771392822266,15.729082107543945
2024-01-10,STORE0012,SKU0052,51.556339263916016,48.738319396972656
2024-01-10,STORE0012,SKU0053,28.583820343017578,29.30072593688965
2024-01-10,STORE0012,SKU0054,72.01472473144531,66.08439636230469
2024-01-10,STORE0012,SKU0055,13.178031921386719,12.428133964538574
2024-01-10,STORE0012,SKU0056,19.905223846435547,18.515777587890625
2024-01-10,STORE0012,SKU0057,75.65694427490234,71.26310729980469
2024-01-10,STORE0012,SKU0058,83.1494140625,75.78218078613281
2024-01-10,STORE0012,SKU0059,21.921459197998047,22.62255096435547
2024-01-10,STORE0012,SKU0060,54.66694641113281,51.72063446044922
2024-01-10,STORE0012,SKU0061,84.41838073730469,82.85438537597656
2024-01-10,STORE0012,SKU0062,16.244304656982422,13.986571311950684
2024-01-10,STORE0012,SKU0064,83.03598022460938,75.5516586303711
2024-01-10,STORE0012,SKU0065,49.8299674987793,47.976844787597656
2024-01-10,STORE0012,SKU0066,26.32024383544922,24.414466857910156
2024-01-10,STORE0012,SKU0068,36.85352325439453,32.0356559753418
2024-01-10,STORE0012,SKU0070,91.55369567871094,87.15254974365234
2024-01-10,STORE0012,SKU0071,28.604507446289062,25.885055541992188
2024-01-10,STORE0012,SKU0072,34.143184661865234,35.97877502441406
2024-01-10,STORE0012,SKU0074,49.72785568237305,52.724517822265625
2024-01-10,STORE0012,SKU0075,30.234189987182617,31.772077560424805
2024-01-10,STORE0012,SKU0076,27.87744903564453,26.083559036254883
2024-01-10,STORE0012,SKU0077,49.19841766357422,43.87120819091797
2024-01-10,STORE0012,SKU0078,27.19390869140625,27.01364517211914
2024-01-10,STORE0012,SKU0080,67.77507019042969,75.76638793945312
2024-01-10,STORE0012,SKU0081,61.54581069946289,61.17088317871094
2024-01-10,STORE0012,SKU0083,76.63241577148438,81.04570770263672
2024-01-10,STORE0012,SKU0084,23.001750946044922,22.594348907470703
2024-01-10,STORE0012,SKU0085,57.23191452026367,57.21210861206055
2024-01-10,STORE0012,SKU0086,8.214912414550781,6.818300247192383
2024-01-10,STORE0012,SKU0088,21.616588592529297,21.827049255371094
2024-01-10,STORE0012,SKU0089,39.785335540771484,35.31475067138672
2024-01-10,STORE0012,SKU0091,16.385269165039062,14.014043807983398
2024-01-10,STORE0012,SKU0092,83.75223541259766,82.18067169189453
2024-01-10,STORE0012,SKU0094,55.77577590942383,51.97150421142578
2024-01-10,STORE0012,SKU0095,26.495784759521484,28.676013946533203
2024-01-10,STORE0012,SKU0096,83.99334716796875,79.95496368408203
2024-01-10,STORE0012,SKU0097,61.75526809692383,61.75100326538086
2024-01-10,STORE0012,SKU0098,36.313201904296875,33.41606140136719
2024-01-10,STORE0012,SKU0099,83.79498291015625,82.86666107177734
2024-01-10,STORE0012,SKU0100,75.10311126708984,77.89054107666016
2024-01-10,STORE0012,SKU0101,14.233573913574219,14.282297134399414
2024-01-10,STORE0013,SKU0001,53.84401321411133,58.430885314941406
2024-01-10,STORE0013,SKU0002,35.295501708984375,30.906776428222656
2024-01-10,STORE0013,SKU0003,12.947257995605469,10.286934852600098
2024-01-10,STORE0013,SKU0006,55.58390426635742,48.56132125854492
2024-01-10,STORE0013,SKU0008,13.582054138183594,12.146101951599121
2024-01-10,STORE0013,SKU0009,30.679420471191406,26.61389923095703
2024-01-10,STORE0013,SKU0013,44.02509689331055,40.67477035522461
2024-01-10,STORE0013,SKU0014,30.933917999267578,30.550458908081055
2024-01-10,STORE0013,SKU0015,7.595130920410156,6.340885639190674
2024-01-10,STORE0013,SKU0017,53.139442443847656,51.136844635009766
2024-01-10,STORE0013,SKU0020,27.759069442749023,25.876028060913086
2024-01-10,STORE0013,SKU0024,29.127580642700195,29.935407638549805
2024-01-10,STORE0013,SKU0025,13.916454315185547,15.328988075256348
2024-01-10,STORE0013,SKU0026,46.41908645629883,52.214595794677734
2024-01-10,STORE0013,SKU0027,51.77913284301758,56.88179397583008
2024-01-10,STORE0013,SKU0028,53.54472732543945,61.81773376464844
2024-01-10,STORE0013,SKU0031,23.578895568847656,31.56260108947754
2024-01-10,STORE0013,SKU0032,29.482912063598633,36.33182144165039
2024-01-10,STORE0013,SKU0034,61.70794677734375,74.46936798095703
2024-01-10,STORE0013,SKU0036,19.128421783447266,24.932140350341797
2024-01-10,STORE0013,SKU0037,46.72498321533203,56.974205017089844
2024-01-10,STORE0013,SKU0039,6.736301422119141,9.017189025878906
2024-01-10,STORE0013,SKU0040,9.528873443603516,11.622365951538086
2024-01-10,STORE0013,SKU0041,37.434913635253906,41.007713317871094
2024-01-10,STORE0013,SKU0049,26.34435272216797,20.97446060180664
2024-01-10,STORE0013,SKU0056,12.921520233154297,12.597064018249512
2024-01-10,STORE0013,SKU0057,45.740814208984375,44.62699890136719
2024-01-10,STORE0013,SKU0061,49.89787673950195,48.88935470581055
2024-01-10,STORE0013,SKU0063,26.894100189208984,23.32850456237793
2024-01-10,STORE0013,SKU0065,30.014354705810547,30.671939849853516
2024-01-10,STORE0013,SKU0068,23.071754455566406,23.23465919494629
2024-01-10,STORE0013,SKU0071,17.754486083984375,14.297314643859863
2024-01-10,STORE0013,SKU0076,17.38553237915039,16.3098201751709
2024-01-10,STORE0013,SKU0080,40.86480712890625,44.99796676635742
2024-01-10,STORE0013,SKU0084,14.672183990478516,14.110294342041016
2024-01-10,STORE0013,SKU0085,35.111854553222656,32.16395950317383
2024-01-10,STORE0013,SKU0086,3.7133636474609375,5.212860107421875
2024-01-10,STORE0013,SKU0087,18.582847595214844,16.9674015045166
2024-01-10,STORE0013,SKU0089,24.80657196044922,25.265918731689453
2024-01-10,STORE0013,SKU0090,12.175003051757812,11.174559593200684
2024-01-10,STORE0013,SKU0096,50.17378234863281,49.21372985839844
2024-01-10,STORE0013,SKU0097,37.67871856689453,36.041282653808594
2024-01-10,STORE0013,SKU0099,51.8713264465332,44.81234359741211
2024-01-10,STORE0013,SKU0102,51.586639404296875,48.81322479248047
2024-01-11,STORE0001,SKU0001,104.2294692993164,99.67334747314453
2024-01-11,STORE0001,SKU0002,67.60789489746094,61.845394134521484
2024-01-11,STORE0001,SKU0004,96.18978881835938,88.62712097167969
2024-01-11,STORE0001,SKU0006,108.29747009277344,95.1680679321289
2024-01-11,STORE0001,SKU0007,30.335376739501953,24.706098556518555
2024-01-11,STORE0001,SKU0008,25.93035125732422,25.092437744140625
2024-01-11,STORE0001,SKU0010,38.83274841308594,36.11763000488281
2024-01-11,STORE0001,SKU0011,22.551044464111328,17.663288116455078
2024-01-11,STORE0001,SKU0012,46.4991569519043,41.600955963134766
2024-01-11,STORE0001,SKU0014,59.76357650756836,55.0442008972168
2024-01-11,STORE0001,SKU0015,13.684558868408203,10.502583503723145
2024-01-11,STORE0001,SKU0016,26.158084869384766,24.33205223083496
2024-01-11,STORE0001,SKU0017,103.56198120117188,94.52671813964844
2024-01-11,STORE0001,SKU0018,91.00466918945312,90.3832015991211
2024-01-11,STORE0001,SKU0019,18.214717864990234,15.395078659057617
2024-01-11,STORE0001,SKU0020,51.63243865966797,45.229801177978516
2024-01-11,STORE0001,SKU0021,58.260276794433594,60.39527130126953
2024-01-11,STORE0001,SKU0023,72.16436004638672,66.29509735107422
2024-01-11,STORE0001,SKU0024,57.16920471191406,48.201881408691406
2024-01-11,STORE0001,SKU0026,90.33153533935547,94.99271392822266
2024-01-11,STORE0001,SKU0027,104.65570068359375,107.9717025756836
2024-01-11,STORE0001,SKU0029,26.55319595336914,35.025978088378906
2024-01-11,STORE0001,SKU0030,39.93482208251953,48.545692443847656
2024-01-11,STORE0001,SKU0031,46.13927459716797,52.039791107177734
2024-01-11,STORE0001,SKU0033,87.46125793457031,97.60608673095703
2024-01-11,STORE0001,SKU0035,152.84072875976562,138.0501708984375
2024-01-11,STORE0001,SKU0036,36.667301177978516,43.023765563964844
2024-01-11,STORE0001,SKU0037,89.8434066772461,94.68598175048828
2024-01-11,STORE0001,SKU0038,82.21681213378906,90.20442199707031
2024-01-11,STORE0001,SKU0039,14.032039642333984,17.030628204345703
2024-01-11,STORE0001,SKU0040,18.96997833251953,19.975156784057617
2024-01-11,STORE0001,SKU0041,74.85697937011719,78.61384582519531
2024-01-11,STORE0001,SKU0042,11.229618072509766,16.364166259765625
2024-01-11,STORE0001,SKU0043,39.8359375,42.26747512817383
2024-01-11,STORE0001,SKU0045,57.968833923339844,62.854949951171875
2024-01-11,STORE0001,SKU0046,81.3742904663086,90.36878204345703
2024-01-11,STORE0001,SKU0047,66.83674621582031,77.647705078125
2024-01-11,STORE0001,SKU0048,60.81412887573242,67.79561614990234
2024-01-11,STORE0001,SKU0049,51.06161880493164,49.564552307128906
2024-01-11,STORE0001,SKU0050,18.419055938720703,16.943313598632812
2024-01-11,STORE0001,SKU0051,69.94219970703125,61.61513137817383
2024-01-11,STORE0001,SKU0053,33.41440963745117,30.392488479614258
2024-01-11,STORE0001,SKU0054,83.51408386230469,74.46035766601562
2024-01-11,STORE0001,SKU0055,15.407188415527344,14.138382911682129
2024-01-11,STORE0001,SKU0056,23.428363800048828,21.984607696533203
2024-01-11,STORE0001,SKU0058,98.09578704833984,91.43326568603516
2024-01-11,STORE0001,SKU0059,25.479759216308594,27.112768173217773
2024-01-11,STORE0001,SKU0060,63.649940490722656,58.125518798828125
2024-01-11,STORE0001,SKU0061,97.91402435302734,85.92884063720703
2024-01-11,STORE0001,SKU0062,18.5146484375,19.56744956970215
2024-01-11,STORE0001,SKU0063,52.6278076171875,51.05220413208008
2024-01-11,STORE0001,SKU0065,58.030975341796875,55.756046295166016
2024-01-11,STORE0001,SKU0066,30.17831039428711,28.120208740234375
2024-01-11,STORE0001,SKU0067,42.31440734863281,38.34858322143555
2024-01-11,STORE0001,SKU0068,43.46833419799805,37.58124923706055
2024-01-11,STORE0001,SKU0069,79.7773666381836,80.93717193603516
2024-01-11,STORE0001,SKU0070,107.77175903320312,98.48021697998047
2024-01-11,STORE0001,SKU0072,39.87191390991211,32.067970275878906
2024-01-11,STORE0001,SKU0073,11.32012939453125,10.460403442382812
2024-01-11,STORE0001,SKU0074,57.89105224609375,50.09432601928711
2024-01-11,STORE0001,SKU0076,33.03923034667969,28.201786041259766
2024-01-11,STORE0001,SKU0077,57.235198974609375,48.78001403808594
2024-01-11,STORE0001,SKU0078,31.950117111206055,30.479217529296875
2024-01-11,STORE0001,SKU0080,79.93345642089844,69.99212646484375
2024-01-11,STORE0001,SKU0081,71.60475158691406,62.4271240234375
2024-01-11,STORE0001,SKU0082,62.5152473449707,60.35586929321289
2024-01-11,STORE0001,SKU0084,26.48303985595703,24.629140853881836
2024-01-11,STORE0001,SKU0086,9.57950210571289,8.932326316833496
2024-01-11,STORE0001,SKU0087,32.869651794433594,29.177370071411133
2024-01-11,STORE0001,SKU0090,22.031490325927734,22.9696102142334
2024-01-11,STORE0001,SKU0092,99.1736831665039,90.48062133789062
2024-01-11,STORE0001,SKU0093,75.1839828491211,70.27538299560547
2024-01-11,STORE0001,SKU0094,64.68598937988281,64.12362670898438
2024-01-11,STORE0001,SKU0095,30.864517211914062,30.723508834838867
2024-01-11,STORE0001,SKU0096,98.8726806640625,91.30401611328125
2024-01-11,STORE0001,SKU0097,71.69847106933594,67.20429229736328
2024-01-11,STORE0001,SKU0098,42.58152389526367,41.666996002197266
2024-01-11,STORE0001,SKU0099,98.24658203125,95.75480651855469
2024-01-11,STORE0001,SKU0100,87.51289367675781,84.6754150390625
2024-01-11,STORE0001,SKU0101,16.443851470947266,15.446435928344727
2024-01-11,STORE0002,SKU0001,71.44832611083984,80.83873748779297
2024-01-11,STORE0002,SKU0002,48.238525390625,52.357994079589844
2024-01-11,STORE0002,SKU0003,17.843421936035156,15.254505157470703
2024-01-11,STORE0002,SKU0004,67.82679748535156,72.12097930908203
2024-01-11,STORE0002,SKU0005,56.46765899658203,50.74382019042969
2024-01-11,STORE0002,SKU0006,75.51747131347656,75.55157470703125
2024-01-11,STORE0002,SKU0007,21.663127899169922,20.67571258544922
2024-01-11,STORE0002,SKU0008,18.47052764892578,15.775379180908203
2024-01-11,STORE0002,SKU0009,42.088924407958984,42.78126525878906
2024-01-11,STORE0002,SKU0010,27.64612579345703,24.557111740112305
2024-01-11,STORE0002,SKU0011,16.648597717285156,15.316173553466797
2024-01-11,STORE0002,SKU0012,32.441322326660156,33.74943542480469
2024-01-11,STORE0002,SKU0014,42.232826232910156,44.196292877197266
2024-01-11,STORE0002,SKU0015,11.01375961303711,8.320523262023926
2024-01-11,STORE0002,SKU0016,20.018573760986328,15.666945457458496
2024-01-11,STORE0002,SKU0017,71.35417175292969,67.05797576904297
2024-01-11,STORE0002,SKU0018,63.60400390625,59.733909606933594
2024-01-11,STORE0002,SKU0019,12.84991455078125,11.283645629882812
2024-01-11,STORE0002,SKU0020,37.116859436035156,39.3084602355957
2024-01-11,STORE0002,SKU0022,68.93566131591797,69.82479858398438
2024-01-11,STORE0002,SKU0023,50.943634033203125,47.0296745300293
2024-01-11,STORE0002,SKU0024,40.56074905395508,41.88692855834961
2024-01-11,STORE0002,SKU0025,19.80628204345703,23.777746200561523
2024-01-11,STORE0002,SKU0026,65.91686248779297,75.17081451416016
2024-01-11,STORE0002,SKU0027,73.86995697021484,85.99234008789062
2024-01-11,STORE0002,SKU0028,73.77577209472656,81.5463638305664
2024-01-11,STORE0002,SKU0030,28.997220993041992,40.98323059082031
2024-01-11,STORE0002,SKU0031,33.6390266418457,42.900665283203125
2024-01-11,STORE0002,SKU0032,42.440673828125,47.097991943359375
2024-01-11,STORE0002,SKU0033,59.9244499206543,77.18156433105469
2024-01-11,STORE0002,SKU0034,84.44026184082031,99.76837158203125
2024-01-11,STORE0002,SKU0036,27.102500915527344,31.846525192260742
2024-01-11,STORE0002,SKU0037,65.08956146240234,78.18598937988281
2024-01-11,STORE0002,SKU0038,57.53661346435547,70.56403350830078
2024-01-11,STORE0002,SKU0039,11.08309555053711,11.342713356018066
2024-01-11,STORE0002,SKU0040,14.254039764404297,15.084284782409668
2024-01-11,STORE0002,SKU0041,53.33543395996094,63.3114128112793
2024-01-11,STORE0002,SKU0042,8.965484619140625,10.854605674743652
2024-01-11,STORE0002,SKU0043,29.02622413635254,36.489830017089844
2024-01-11,STORE0002,SKU0044,52.50886154174805,65.81455993652344
2024-01-11,STORE0002,SKU0046,57.276851654052734,76.50606536865234
2024-01-11,STORE0002,SKU0048,41.751853942871094,49.78105163574219
2024-01-11,STORE0002,SKU0051,50.59257125854492,51.03057098388672
2024-01-11,STORE0002,SKU0052,42.12035369873047,42.89544677734375
2024-01-11,STORE0002,SKU0054,58.638607025146484,62.466957092285156
2024-01-11,STORE0002,SKU0055,11.840560913085938,10.487768173217773
2024-01-11,STORE0002,SKU0056,17.56265640258789,16.00507926940918
2024-01-11,STORE0002,SKU0058,69.07012176513672,71.60211181640625
2024-01-11,STORE0002,SKU0059,19.466552734375,18.80301284790039
2024-01-11,STORE0002,SKU0060,45.47460174560547,42.40115737915039
2024-01-11,STORE0002,SKU0062,14.408344268798828,13.271711349487305
2024-01-11,STORE0002,SKU0063,37.79640579223633,32.21681594848633
2024-01-11,STORE0002,SKU0064,68.044189453125,71.40444946289062
2024-01-11,STORE0002,SKU0065,41.41177749633789,41.650901794433594
2024-01-11,STORE0002,SKU0066,23.196224212646484,19.139245986938477
2024-01-11,STORE0002,SKU0069,57.17658233642578,54.57640838623047
2024-01-11,STORE0002,SKU0070,75.83777618408203,79.47386169433594
2024-01-11,STORE0002,SKU0071,24.218616485595703,22.951868057250977
2024-01-11,STORE0002,SKU0073,8.505165100097656,8.131406784057617
2024-01-11,STORE0002,SKU0074,40.58003616333008,43.22189712524414
2024-01-11,STORE0002,SKU0075,26.55386734008789,25.918487548828125
2024-01-11,STORE0002,SKU0078,23.806053161621094,21.360685348510742
2024-01-11,STORE0002,SKU0079,59.73697280883789,59.658164978027344
2024-01-11,STORE0002,SKU0081,50.37114334106445,51.061859130859375
2024-01-11,STORE0002,SKU0082,44.63383483886719,42.381385803222656
2024-01-11,STORE0002,SKU0083,64.19803619384766,66.16384887695312
2024-01-11,STORE0002,SKU0084,20.130428314208984,18.42183494567871
2024-01-11,STORE0002,SKU0086,7.109638214111328,6.728620529174805
2024-01-11,STORE0002,SKU0087,24.610515594482422,19.92012596130371
2024-01-11,STORE0002,SKU0088,19.408477783203125,19.652376174926758
2024-01-11,STORE0002,SKU0089,33.6129150390625,33.81720733642578
2024-01-11,STORE0002,SKU0090,16.761329650878906,15.123086929321289
2024-01-11,STORE0002,SKU0092,68.0601577758789,70.62291717529297
2024-01-11,STORE0002,SKU0093,53.16529083251953,53.63568878173828
2024-01-11,STORE0002,SKU0096,68.20980834960938,67.33929443359375
2024-01-11,STORE0002,SKU0097,51.51353454589844,49.4290885925293
2024-01-11,STORE0002,SKU0098,30.84783363342285,29.78894805908203
2024-01-11,STORE0002,SKU0099,69.80787658691406,70.05233764648438
2024-01-11,STORE0002,SKU0101,12.42340087890625,11.361675262451172
2024-01-11,STORE0002,SKU0102,70.92129516601562,76.24275970458984
2024-01-11,STORE0003,SKU0001,72.50814819335938,84.1727523803711
2024-01-11,STORE0003,SKU0003,17.314647674560547,17.532958984375
2024-01-11,STORE0003,SKU0004,66.97734832763672,65.93344116210938
2024-01-11,STORE0003,SKU0005,56.293514251708984,56.104454040527344
2024-01-11,STORE0003,SKU0006,75.45785522460938,73.65980529785156
2024-01-11,STORE0003,SKU0007,21.41455841064453,20.811058044433594
2024-01-11,STORE0003,SKU0008,18.013912200927734,18.141817092895508
2024-01-11,STORE0003,SKU0009,41.912384033203125,43.78133010864258
2024-01-11,STORE0003,SKU0010,27.439897537231445,25.03595542907715
2024-01-11,STORE0003,SKU0011,16.377147674560547,14.421831130981445
2024-01-11,STORE0003,SKU0012,32.009490966796875,33.362483978271484
2024-01-11,STORE0003,SKU0013,59.49393844604492,52.846763610839844
2024-01-11,STORE0003,SKU0014,41.96345138549805,44.20893859863281
2024-01-11,STORE0003,SKU0015,10.159626007080078,8.615815162658691
2024-01-11,STORE0003,SKU0016,19.460044860839844,15.222630500793457
2024-01-11,STORE0003,SKU0019,12.569774627685547,10.759740829467773
2024-01-11,STORE0003,SKU0020,36.409873962402344,36.317115783691406
2024-01-11,STORE0003,SKU0021,39.53309631347656,40.54169464111328
2024-01-11,STORE0003,SKU0022,69.42359924316406,72.19454956054688
2024-01-11,STORE0003,SKU0023,51.02910232543945,50.26272964477539
2024-01-11,STORE0003,SKU0024,39.78907012939453,41.67615509033203
2024-01-11,STORE0003,SKU0025,18.96495819091797,21.837862014770508
2024-01-11,STORE0003,SKU0026,65.37950897216797,74.05184936523438
2024-01-11,STORE0003,SKU0028,73.53167724609375,85.44888305664062
2024-01-11,STORE0003,SKU0030,28.241811752319336,36.625946044921875
2024-01-11,STORE0003,SKU0031,33.91304016113281,41.3618049621582
2024-01-11,STORE0003,SKU0033,60.28478240966797,86.1434326171875
2024-01-11,STORE0003,SKU0035,111.04923248291016,122.09373474121094
2024-01-11,STORE0003,SKU0037,65.61708068847656,80.68595123291016
2024-01-11,STORE0003,SKU0039,10.26517105102539,12.064522743225098
2024-01-11,STORE0003,SKU0040,13.587894439697266,14.301526069641113
2024-01-11,STORE0003,SKU0041,52.640899658203125,64.49208068847656
2024-01-11,STORE0003,SKU0042,8.184185028076172,12.438660621643066
2024-01-11,STORE0003,SKU0043,28.38814926147461,37.033172607421875
2024-01-11,STORE0003,SKU0044,52.027976989746094,68.50572967529297
2024-01-11,STORE0003,SKU0045,40.32537841796875,49.27006530761719
2024-01-11,STORE0003,SKU0046,57.37590026855469,73.14694213867188
2024-01-11,STORE0003,SKU0047,46.768497467041016,61.915916442871094
2024-01-11,STORE0003,SKU0048,41.12120819091797,53.16343307495117
2024-01-11,STORE0003,SKU0049,35.20320129394531,33.27559280395508
2024-01-11,STORE0003,SKU0050,12.669952392578125,13.026529312133789
2024-01-11,STORE0003,SKU0051,50.32643127441406,51.24384307861328
2024-01-11,STORE0003,SKU0052,41.488677978515625,40.895606994628906
2024-01-11,STORE0003,SKU0053,23.931331634521484,24.870471954345703
2024-01-11,STORE0003,SKU0054,58.90468215942383,64.24358367919922
2024-01-11,STORE0003,SKU0055,11.1087646484375,10.168597221374512
2024-01-11,STORE0003,SKU0056,17.006725311279297,15.646936416625977
2024-01-11,STORE0003,SKU0058,69.00458526611328,69.11537170410156
2024-01-11,STORE0003,SKU0060,44.89243698120117,44.02565383911133
2024-01-11,STORE0003,SKU0061,68.71479797363281,73.74384307861328
2024-01-11,STORE0003,SKU0062,13.76021957397461,12.728561401367188
2024-01-11,STORE0003,SKU0063,37.04254913330078,37.10396957397461
2024-01-11,STORE0003,SKU0064,68.13395690917969,69.33633422851562
2024-01-11,STORE0003,SKU0065,40.560203552246094,42.5817985534668
2024-01-11,STORE0003,SKU0066,22.60808563232422,19.712081909179688
2024-01-11,STORE0003,SKU0067,30.41902732849121,28.058513641357422
2024-01-11,STORE0003,SKU0068,30.25699234008789,31.15130043029785
2024-01-11,STORE0003,SKU0069,56.92784118652344,57.37247085571289
2024-01-11,STORE0003,SKU0070,75.828857421875,73.4748764038086
2024-01-11,STORE0003,SKU0071,24.027393341064453,23.46297264099121
2024-01-11,STORE0003,SKU0073,7.863426208496094,7.8959527015686035
2024-01-11,STORE0003,SKU0075,25.845149993896484,27.431907653808594
2024-01-11,STORE0003,SKU0076,23.343929290771484,22.46381378173828
2024-01-11,STORE0003,SKU0077,39.299957275390625,40.470603942871094
2024-01-11,STORE0003,SKU0082,43.79414367675781,40.762550354003906
2024-01-11,STORE0003,SKU0084,19.44906234741211,19.81707763671875
2024-01-11,STORE0003,SKU0086,6.3766937255859375,7.151158809661865
2024-01-11,STORE0003,SKU0087,24.086158752441406,21.22303581237793
2024-01-11,STORE0003,SKU0088,18.634395599365234,17.42379379272461
2024-01-11,STORE0003,SKU0089,33.093177795410156,33.9830322265625
2024-01-11,STORE0003,SKU0091,14.026519775390625,13.454794883728027
2024-01-11,STORE0003,SKU0092,68.71231842041016,66.63290405273438
2024-01-11,STORE0003,SKU0093,52.36613464355469,52.83578872680664
2024-01-11,STORE0003,SKU0094,45.28675079345703,43.28740692138672
2024-01-11,STORE0003,SKU0095,23.461688995361328,21.99443817138672
2024-01-11,STORE0003,SKU0096,68.11591339111328,65.67681884765625
2024-01-11,STORE0003,SKU0097,51.301918029785156,50.690059661865234
2024-01-11,STORE0003,SKU0099,69.95352935791016,71.9395751953125
2024-01-11,STORE0003,SKU0100,62.97188949584961,68.59986114501953
2024-01-11,STORE0003,SKU0101,11.891284942626953,11.684127807617188
2024-01-11,STORE0004,SKU0001,103.94076538085938,101.73104095458984
2024-01-11,STORE0004,SKU0002,68.73426055908203,63.531558990478516
2024-01-11,STORE0004,SKU0003,23.35015106201172,23.425922393798828
2024-01-11,STORE0004,SKU0005,78.60325622558594,72.73536682128906
2024-01-11,STORE0004,SKU0007,30.251384735107422,27.582752227783203
2024-01-11,STORE0004,SKU0008,25.74813461303711,24.3445987701416
2024-01-11,STORE0004,SKU0009,59.78179931640625,57.14582443237305
2024-01-11,STORE0004,SKU0012,45.617225646972656,42.98051071166992
2024-01-11,STORE0004,SKU0013,86.78662872314453,75.7231216430664
2024-01-11,STORE0004,SKU0014,60.014400482177734,56.03998565673828
2024-01-11,STORE0004,SKU0015,13.88446044921875,11.491691589355469
2024-01-11,STORE0004,SKU0017,103.62742614746094,96.2458724975586
2024-01-11,STORE0004,SKU0018,89.94476318359375,86.88118743896484
2024-01-11,STORE0004,SKU0019,18.411636352539062,15.809441566467285
2024-01-11,STORE0004,SKU0020,51.81426239013672,53.191471099853516
2024-01-11,STORE0004,SKU0021,57.44283676147461,59.84097671508789
2024-01-11,STORE0004,SKU0023,73.3536376953125,62.994468688964844
2024-01-11,STORE0004,SKU0024,57.57089614868164,60.04435348510742
2024-01-11,STORE0004,SKU0025,26.347339630126953,28.619495391845703
2024-01-11,STORE0004,SKU0026,92.68177795410156,96.85995483398438
2024-01-11,STORE0004,SKU0027,104.19160461425781,102.95513153076172
2024-01-11,STORE0004,SKU0028,105.26636505126953,101.88471984863281
2024-01-11,STORE0004,SKU0029,26.69228744506836,34.371585845947266
2024-01-11,STORE0004,SKU0031,47.12007522583008,54.17580032348633
2024-01-11,STORE0004,SKU0032,62.46027755737305,67.35661315917969
2024-01-11,STORE0004,SKU0033,85.36972045898438,97.87409210205078
2024-01-11,STORE0004,SKU0034,128.78248596191406,131.97213745117188
2024-01-11,STORE0004,SKU0035,154.8138885498047,137.56655883789062
2024-01-11,STORE0004,SKU0036,36.993560791015625,44.353878021240234
2024-01-11,STORE0004,SKU0037,91.44349670410156,97.57263946533203
2024-01-11,STORE0004,SKU0038,81.38894653320312,96.80066680908203
2024-01-11,STORE0004,SKU0039,14.100654602050781,17.04060935974121
2024-01-11,STORE0004,SKU0040,19.10083770751953,22.6372013092041
2024-01-11,STORE0004,SKU0041,73.09337615966797,79.73579406738281
2024-01-11,STORE0004,SKU0045,57.23172378540039,61.231258392333984
2024-01-11,STORE0004,SKU0046,81.11036682128906,88.85891723632812
2024-01-11,STORE0004,SKU0047,65.83909606933594,72.8915786743164
2024-01-11,STORE0004,SKU0048,58.04642868041992,64.74372863769531
2024-01-11,STORE0004,SKU0049,50.70228576660156,48.72843551635742
2024-01-11,STORE0004,SKU0050,18.754451751708984,16.721939086914062
2024-01-11,STORE0004,SKU0051,71.12223052978516,71.9249496459961
2024-01-11,STORE0004,SKU0052,57.949581146240234,56.3388557434082
2024-01-11,STORE0004,SKU0053,33.61911392211914,32.291133880615234
2024-01-11,STORE0004,SKU0054,82.0178451538086,71.4240493774414
2024-01-11,STORE0004,SKU0055,15.510753631591797,14.759880065917969
2024-01-11,STORE0004,SKU0056,23.368995666503906,22.519567489624023
2024-01-11,STORE0004,SKU0057,88.56179809570312,88.83685302734375
2024-01-11,STORE0004,SKU0058,96.51448822021484,90.4192123413086
2024-01-11,STORE0004,SKU0060,62.34988021850586,55.13602066040039
2024-01-11,STORE0004,SKU0061,98.08370208740234,92.34960174560547
2024-01-11,STORE0004,SKU0062,18.89289093017578,18.07160186767578
2024-01-11,STORE0004,SKU0063,53.658531188964844,50.23036575317383
2024-01-11,STORE0004,SKU0064,95.85234832763672,89.16981506347656
2024-01-11,STORE0004,SKU0065,57.92274475097656,54.5141487121582
2024-01-11,STORE0004,SKU0066,30.10149383544922,28.900785446166992
2024-01-11,STORE0004,SKU0068,43.389976501464844,35.69635772705078
2024-01-11,STORE0004,SKU0070,106.89656066894531,96.09877014160156
2024-01-11,STORE0004,SKU0071,34.14238357543945,29.582992553710938
2024-01-11,STORE0004,SKU0072,39.846336364746094,37.026611328125
2024-01-11,STORE0004,SKU0075,35.05696105957031,34.83224868774414
2024-01-11,STORE0004,SKU0076,32.764930725097656,26.60295295715332
2024-01-11,STORE0004,SKU0077,56.92609405517578,53.58969497680664
2024-01-11,STORE0004,SKU0078,31.547157287597656,30.79090118408203
2024-01-11,STORE0004,SKU0079,83.95579528808594,79.42847442626953
2024-01-11,STORE0004,SKU0081,70.8917007446289,70.90399932861328
2024-01-11,STORE0004,SKU0085,65.24983215332031,59.147560119628906
2024-01-11,STORE0004,SKU0087,32.645782470703125,31.150537490844727
2024-01-11,STORE0004,SKU0088,25.32520294189453,23.679061889648438
2024-01-11,STORE0004,SKU0090,21.925662994384766,19.0883846282959
2024-01-11,STORE0004,SKU0091,19.440921783447266,19.99537467956543
2024-01-11,STORE0004,SKU0092,98.08836364746094,83.96924591064453
2024-01-11,STORE0004,SKU0093,74.48076629638672,77.85700225830078
2024-01-11,STORE0004,SKU0095,30.904611587524414,30.62125587463379
2024-01-11,STORE0004,SKU0096,97.98797607421875,91.6488265991211
2024-01-11,STORE0004,SKU0097,70.81690216064453,68.01105499267578
2024-01-11,STORE0004,SKU0098,42.07381820678711,36.97258377075195
2024-01-11,STORE0004,SKU0099,98.21495056152344,89.4812240600586
2024-01-11,STORE0004,SKU0100,87.73359680175781,85.99266815185547
2024-01-11,STORE0004,SKU0101,16.92291259765625,15.622849464416504
2024-01-11,STORE0004,SKU0102,100.66011047363281,92.02289581298828
2024-01-11,STORE0005,SKU0001,104.40010833740234,101.04216766357422
2024-01-11,STORE0005,SKU0002,67.99012756347656,61.03894805908203
2024-01-11,STORE0005,SKU0003,23.666641235351562,21.410043716430664
2024-01-11,STORE0005,SKU0004,96.044189453125,87.70331573486328
2024-01-11,STORE0005,SKU0005,80.78006744384766,62.90773391723633
2024-01-11,STORE0005,SKU0006,108.04789733886719,100.56808471679688
2024-01-11,STORE0005,SKU0007,30.67426300048828,29.208709716796875
2024-01-11,STORE0005,SKU0009,60.36161804199219,59.89324951171875
2024-01-11,STORE0005,SKU0010,38.77234649658203,34.70597839355469
2024-01-11,STORE0005,SKU0011,22.695648193359375,18.521329879760742
2024-01-11,STORE0005,SKU0012,46.20388412475586,43.23945236206055
2024-01-11,STORE0005,SKU0013,86.12295532226562,81.02909851074219
2024-01-11,STORE0005,SKU0014,60.292232513427734,51.34745407104492
2024-01-11,STORE0005,SKU0015,13.892112731933594,11.84326171875
2024-01-11,STORE0005,SKU0016,26.52474594116211,22.299734115600586
2024-01-11,STORE0005,SKU0018,91.40841674804688,80.78848266601562
2024-01-11,STORE0005,SKU0019,18.285995483398438,15.252821922302246
2024-01-11,STORE0005,SKU0020,52.33186340332031,48.3443489074707
2024-01-11,STORE0005,SKU0021,57.16451644897461,57.59181594848633
2024-01-11,STORE0005,SKU0022,99.73822021484375,90.57613372802734
2024-01-11,STORE0005,SKU0023,73.2001724243164,61.30837631225586
2024-01-11,STORE0005,SKU0026,90.86003875732422,91.57261657714844
2024-01-11,STORE0005,SKU0027,104.85211181640625,100.1220474243164
2024-01-11,STORE0005,SKU0028,106.36441802978516,103.69441986083984
2024-01-11,STORE0005,SKU0031,46.37419509887695,53.64966583251953
2024-01-11,STORE0005,SKU0033,83.83348083496094,93.44355010986328
2024-01-11,STORE0005,SKU0034,126.27284240722656,121.68315887451172
2024-01-11,STORE0005,SKU0035,148.1160125732422,135.7353973388672
2024-01-11,STORE0005,SKU0036,35.373634338378906,42.469696044921875
2024-01-11,STORE0005,SKU0038,82.9949951171875,95.47683715820312
2024-01-11,STORE0005,SKU0039,14.214195251464844,17.291305541992188
2024-01-11,STORE0005,SKU0040,19.29043960571289,19.580101013183594
2024-01-11,STORE0005,SKU0041,75.26950073242188,73.76573181152344
2024-01-11,STORE0005,SKU0043,41.359588623046875,47.81633377075195
2024-01-11,STORE0005,SKU0045,57.448081970214844,54.4533576965332
2024-01-11,STORE0005,SKU0048,59.42277145385742,63.469661712646484
2024-01-11,STORE0005,SKU0049,51.66564178466797,48.36339569091797
2024-01-11,STORE0005,SKU0050,18.404369354248047,16.58196258544922
2024-01-11,STORE0005,SKU0051,71.666015625,74.03775024414062
2024-01-11,STORE0005,SKU0052,59.926509857177734,56.192649841308594
2024-01-11,STORE0005,SKU0053,33.981353759765625,30.748680114746094
2024-01-11,STORE0005,SKU0054,83.13490295410156,76.20357513427734
2024-01-11,STORE0005,SKU0055,15.649646759033203,14.748126983642578
2024-01-11,STORE0005,SKU0056,23.586448669433594,22.177875518798828
2024-01-11,STORE0005,SKU0057,88.8939437866211,86.59136962890625
2024-01-11,STORE0005,SKU0058,99.12120056152344,91.8808364868164
2024-01-11,STORE0005,SKU0060,63.536739349365234,62.248558044433594
2024-01-11,STORE0005,SKU0062,18.608367919921875,17.98240852355957
2024-01-11,STORE0005,SKU0063,53.07030487060547,48.262977600097656
2024-01-11,STORE0005,SKU0064,97.44789123535156,92.58928680419922
2024-01-11,STORE0005,SKU0066,30.53577423095703,25.019315719604492
2024-01-11,STORE0005,SKU0067,42.86096954345703,39.951175689697266
2024-01-11,STORE0005,SKU0068,43.45378494262695,37.28554916381836
2024-01-11,STORE0005,SKU0070,108.4367904663086,95.14923858642578
2024-01-11,STORE0005,SKU0071,34.39274597167969,30.5744686126709
2024-01-11,STORE0005,SKU0072,40.1772346496582,37.781463623046875
2024-01-11,STORE0005,SKU0073,11.425636291503906,9.896586418151855
2024-01-11,STORE0005,SKU0074,57.99180603027344,51.606658935546875
2024-01-11,STORE0005,SKU0075,35.925880432128906,35.7278938293457
2024-01-11,STORE0005,SKU0076,32.997554779052734,26.814809799194336
2024-01-11,STORE0005,SKU0077,57.20799255371094,47.30017852783203
2024-01-11,STORE0005,SKU0079,85.32084655761719,76.11029052734375
2024-01-11,STORE0005,SKU0080,80.39051818847656,70.2077407836914
2024-01-11,STORE0005,SKU0081,71.25740051269531,66.94107055664062
2024-01-11,STORE0005,SKU0082,63.73051452636719,60.626861572265625
2024-01-11,STORE0005,SKU0083,90.95145416259766,82.71509552001953
2024-01-11,STORE0005,SKU0084,26.863014221191406,23.304264068603516
2024-01-11,STORE0005,SKU0085,67.48748779296875,67.60302734375
2024-01-11,STORE0005,SKU0086,9.686725616455078,7.996874809265137
2024-01-11,STORE0005,SKU0087,33.0318603515625,29.51250457763672
2024-01-11,STORE0005,SKU0088,25.572952270507812,23.66419219970703
2024-01-11,STORE0005,SKU0089,48.10249710083008,46.56208419799805
2024-01-11,STORE0005,SKU0091,19.523601531982422,16.764362335205078
2024-01-11,STORE0005,SKU0094,65.25091552734375,63.55900955200195
2024-01-11,STORE0005,SKU0095,31.80729103088379,32.27619934082031
2024-01-11,STORE0005,SKU0096,98.65232849121094,93.38468170166016
2024-01-11,STORE0005,SKU0098,43.56062698364258,41.02495193481445
2024-01-11,STORE0005,SKU0100,88.4403076171875,84.7579116821289
2024-01-11,STORE0005,SKU0101,16.434978485107422,15.25647258758545
2024-01-11,STORE0005,SKU0102,100.46640014648438,93.66204833984375
2024-01-11,STORE0006,SKU0001,103.27586364746094,100.21571350097656
2024-01-11,STORE0006,SKU0003,23.370712280273438,20.067462921142578
2024-01-11,STORE0006,SKU0004,95.2353744506836,88.24630737304688
2024-01-11,STORE0006,SKU0005,79.4339370727539,70.77824401855469
2024-01-11,STORE0006,SKU0006,107.37736511230469,97.79922485351562
2024-01-11,STORE0006,SKU0007,30.66739845275879,27.651987075805664
2024-01-11,STORE0006,SKU0008,25.82225799560547,23.614519119262695
2024-01-11,STORE0006,SKU0009,59.093441009521484,56.323734283447266
2024-01-11,STORE0006,SKU0010,38.06863021850586,36.97566223144531
2024-01-11,STORE0006,SKU0011,22.828170776367188,18.910369873046875
2024-01-11,STORE0006,SKU0012,46.0120849609375,39.14591598510742
2024-01-11,STORE0006,SKU0013,85.9172134399414,79.95790100097656
2024-01-11,STORE0006,SKU0017,104.00259399414062,89.53343963623047
2024-01-11,STORE0006,SKU0018,91.64968872070312,83.07606506347656
2024-01-11,STORE0006,SKU0019,18.669246673583984,15.538716316223145
2024-01-11,STORE0006,SKU0020,52.26807403564453,49.25136947631836
2024-01-11,STORE0006,SKU0021,56.69546127319336,50.14204406738281
2024-01-11,STORE0006,SKU0022,98.89260864257812,87.97725677490234
2024-01-11,STORE0006,SKU0023,73.34065246582031,64.09123992919922
2024-01-11,STORE0006,SKU0025,26.746143341064453,31.66933250427246
2024-01-11,STORE0006,SKU0026,92.0031509399414,96.82301330566406
2024-01-11,STORE0006,SKU0028,105.94996643066406,99.88390350341797
2024-01-11,STORE0006,SKU0029,26.594608306884766,32.513710021972656
2024-01-11,STORE0006,SKU0030,40.29525375366211,48.83113479614258
2024-01-11,STORE0006,SKU0031,47.455406188964844,51.856754302978516
2024-01-11,STORE0006,SKU0032,62.32450485229492,72.15394592285156
2024-01-11,STORE0006,SKU0033,88.5335922241211,100.08212280273438
2024-01-11,STORE0006,SKU0034,129.4908447265625,119.49903869628906
2024-01-11,STORE0006,SKU0035,160.2656707763672,138.29112243652344
2024-01-11,STORE0006,SKU0036,36.101558685302734,40.68630599975586
2024-01-11,STORE0006,SKU0037,92.38304138183594,96.02433013916016
2024-01-11,STORE0006,SKU0038,82.01770782470703,95.91692352294922
2024-01-11,STORE0006,SKU0039,13.929759979248047,16.883975982666016
2024-01-11,STORE0006,SKU0040,19.032634735107422,23.065916061401367
2024-01-11,STORE0006,SKU0041,75.20802307128906,82.86516571044922
2024-01-11,STORE0006,SKU0042,11.24868392944336,16.139633178710938
2024-01-11,STORE0006,SKU0044,74.13177490234375,87.7960433959961
2024-01-11,STORE0006,SKU0045,57.428077697753906,68.69181060791016
2024-01-11,STORE0006,SKU0046,80.96632385253906,84.38277435302734
2024-01-11,STORE0006,SKU0047,66.3755111694336,82.03115844726562
2024-01-11,STORE0006,SKU0048,60.15113830566406,67.33795166015625
2024-01-11,STORE0006,SKU0050,18.656856536865234,16.17607307434082
2024-01-11,STORE0006,SKU0052,60.0208625793457,57.94931411743164
2024-01-11,STORE0006,SKU0053,33.71245193481445,30.473613739013672
2024-01-11,STORE0006,SKU0054,81.85314178466797,83.3126449584961
2024-01-11,STORE0006,SKU0055,15.584941864013672,14.751495361328125
2024-01-11,STORE0006,SKU0056,23.233219146728516,22.73505973815918
2024-01-11,STORE0006,SKU0057,88.91168975830078,88.12254333496094
2024-01-11,STORE0006,SKU0058,97.66975402832031,93.28536224365234
2024-01-11,STORE0006,SKU0060,63.69753646850586,60.251609802246094
2024-01-11,STORE0006,SKU0063,53.49361038208008,42.285011291503906
2024-01-11,STORE0006,SKU0064,98.50595092773438,91.35811614990234
2024-01-11,STORE0006,SKU0065,58.74214172363281,55.6515007019043
2024-01-11,STORE0006,SKU0066,30.32151985168457,30.9426326751709
2024-01-11,STORE0006,SKU0067,42.42414855957031,36.001590728759766
2024-01-11,STORE0006,SKU0069,79.15113830566406,75.85374450683594
2024-01-11,STORE0006,SKU0070,105.69860076904297,98.14131164550781
2024-01-11,STORE0006,SKU0071,34.08100128173828,29.46042823791504
2024-01-11,STORE0006,SKU0072,39.891563415527344,31.09071159362793
2024-01-11,STORE0006,SKU0073,11.657936096191406,11.01216983795166
2024-01-11,STORE0006,SKU0075,35.52185821533203,36.85596466064453
2024-01-11,STORE0006,SKU0076,32.9698486328125,27.006677627563477
2024-01-11,STORE0006,SKU0077,57.63644790649414,53.4179573059082
2024-01-11,STORE0006,SKU0081,70.48192596435547,63.98811340332031
2024-01-11,STORE0006,SKU0084,26.446514129638672,27.231401443481445
2024-01-11,STORE0006,SKU0085,66.58683013916016,70.31199645996094
2024-01-11,STORE0006,SKU0087,32.58305358886719,27.4490909576416
2024-01-11,STORE0006,SKU0088,25.169681549072266,25.40492057800293
2024-01-11,STORE0006,SKU0090,21.931293487548828,18.663908004760742
2024-01-11,STORE0006,SKU0091,19.314170837402344,15.756692886352539
2024-01-11,STORE0006,SKU0092,99.02464294433594,89.76422119140625
2024-01-11,STORE0006,SKU0094,64.17611694335938,64.11087799072266
2024-01-11,STORE0006,SKU0095,31.14820098876953,28.433395385742188
2024-01-11,STORE0006,SKU0096,99.13134765625,95.59909057617188
2024-01-11,STORE0006,SKU0097,71.93924713134766,71.5479507446289
2024-01-11,STORE0006,SKU0098,42.62686538696289,37.40403366088867
2024-01-11,STORE0006,SKU0099,98.34930419921875,86.09127807617188
2024-01-11,STORE0006,SKU0100,88.92153930664062,87.00950622558594
2024-01-11,STORE0006,SKU0101,16.64984893798828,15.117981910705566
2024-01-11,STORE0006,SKU0102,99.05189514160156,85.94120025634766
2024-01-11,STORE0007,SKU0001,72.46158599853516,85.82997131347656
2024-01-11,STORE0007,SKU0002,48.444297790527344,48.02016067504883
2024-01-11,STORE0007,SKU0003,17.878684997558594,15.731986045837402
2024-01-11,STORE0007,SKU0004,67.93423461914062,70.14671325683594
2024-01-11,STORE0007,SKU0006,75.81038665771484,65.36384582519531
2024-01-11,STORE0007,SKU0008,18.51114273071289,16.935680389404297
2024-01-11,STORE0007,SKU0009,42.60469055175781,43.800575256347656
2024-01-11,STORE0007,SKU0011,16.715194702148438,13.541007995605469
2024-01-11,STORE0007,SKU0012,32.6624641418457,29.828962326049805
2024-01-11,STORE0007,SKU0013,59.95706558227539,57.673439025878906
2024-01-11,STORE0007,SKU0015,10.824634552001953,7.656824588775635
2024-01-11,STORE0007,SKU0016,19.9874267578125,18.6325626373291
2024-01-11,STORE0007,SKU0018,63.89069366455078,64.30563354492188
2024-01-11,STORE0007,SKU0020,37.131370544433594,37.8043327331543
2024-01-11,STORE0007,SKU0022,69.98443603515625,72.31509399414062
2024-01-11,STORE0007,SKU0023,51.48773956298828,55.578857421875
2024-01-11,STORE0007,SKU0024,40.49378204345703,41.074893951416016
2024-01-11,STORE0007,SKU0025,19.614288330078125,23.725191116333008
2024-01-11,STORE0007,SKU0026,66.19486999511719,70.9795150756836
2024-01-11,STORE0007,SKU0027,73.29647064208984,87.91838836669922
2024-01-11,STORE0007,SKU0028,74.57884979248047,88.74466705322266
2024-01-11,STORE0007,SKU0029,19.82846450805664,23.46402931213379
2024-01-11,STORE0007,SKU0030,28.88330841064453,36.22898864746094
2024-01-11,STORE0007,SKU0031,34.567474365234375,40.04551696777344
2024-01-11,STORE0007,SKU0032,42.587554931640625,51.01873779296875
2024-01-11,STORE0007,SKU0034,91.28317260742188,100.86603546142578
2024-01-11,STORE0007,SKU0035,111.17622375488281,122.8053207397461
2024-01-11,STORE0007,SKU0036,27.56157875061035,34.72573471069336
2024-01-11,STORE0007,SKU0037,65.54635620117188,84.25930786132812
2024-01-11,STORE0007,SKU0038,58.29146957397461,77.40596008300781
2024-01-11,STORE0007,SKU0039,10.766956329345703,12.884439468383789
2024-01-11,STORE0007,SKU0040,14.138717651367188,15.376953125
2024-01-11,STORE0007,SKU0043,28.953392028808594,37.49628448486328
2024-01-11,STORE0007,SKU0044,52.714202880859375,69.29620361328125
2024-01-11,STORE0007,SKU0045,40.679927825927734,47.11342239379883
2024-01-11,STORE0007,SKU0046,57.31594467163086,73.51262664794922
2024-01-11,STORE0007,SKU0047,47.40754699707031,67.56767272949219
2024-01-11,STORE0007,SKU0048,41.5068359375,47.3893928527832
2024-01-11,STORE0007,SKU0049,36.39143371582031,36.59111404418945
2024-01-11,STORE0007,SKU0050,13.234367370605469,11.61983585357666
2024-01-11,STORE0007,SKU0053,24.427013397216797,24.4947566986084
2024-01-11,STORE0007,SKU0055,11.669857025146484,10.337743759155273
2024-01-11,STORE0007,SKU0056,17.586769104003906,16.4224910736084
2024-01-11,STORE0007,SKU0058,69.79175567626953,70.50051879882812
2024-01-11,STORE0007,SKU0059,19.299846649169922,18.189409255981445
2024-01-11,STORE0007,SKU0060,45.83045959472656,49.38220977783203
2024-01-11,STORE0007,SKU0061,68.90805053710938,62.86040115356445
2024-01-11,STORE0007,SKU0062,14.367633819580078,12.73997688293457
2024-01-11,STORE0007,SKU0063,37.731292724609375,38.11880874633789
2024-01-11,STORE0007,SKU0065,41.00688934326172,40.616554260253906
2024-01-11,STORE0007,SKU0066,23.183692932128906,19.41335105895996
2024-01-11,STORE0007,SKU0067,30.848726272583008,28.592689514160156
2024-01-11,STORE0007,SKU0068,31.09527587890625,31.795690536499023
2024-01-11,STORE0007,SKU0072,28.628799438476562,25.0538272857666
2024-01-11,STORE0007,SKU0073,8.376651763916016,8.142822265625
2024-01-11,STORE0007,SKU0074,40.86767578125,40.07554244995117
2024-01-11,STORE0007,SKU0075,26.27143096923828,25.583473205566406
2024-01-11,STORE0007,SKU0076,23.987083435058594,23.017940521240234
2024-01-11,STORE0007,SKU0078,23.698970794677734,22.998682022094727
2024-01-11,STORE0007,SKU0079,59.77139663696289,60.172157287597656
2024-01-11,STORE0007,SKU0080,56.39105224609375,51.685787200927734
2024-01-11,STORE0007,SKU0081,50.590667724609375,50.288936614990234
2024-01-11,STORE0007,SKU0082,45.03648376464844,48.824039459228516
2024-01-11,STORE0007,SKU0083,64.13995361328125,65.0030517578125
2024-01-11,STORE0007,SKU0084,19.980770111083984,15.553412437438965
2024-01-11,STORE0007,SKU0085,48.02968215942383,46.1577033996582
2024-01-11,STORE0007,SKU0086,7.098506927490234,6.864765167236328
2024-01-11,STORE0007,SKU0087,24.672149658203125,21.557889938354492
2024-01-11,STORE0007,SKU0088,19.209552764892578,17.650056838989258
2024-01-11,STORE0007,SKU0089,33.721900939941406,31.02654457092285
2024-01-11,STORE0007,SKU0090,16.658336639404297,15.769428253173828
2024-01-11,STORE0007,SKU0093,53.00449752807617,51.960208892822266
2024-01-11,STORE0007,SKU0094,45.70342254638672,43.0455322265625
2024-01-11,STORE0007,SKU0096,69.00709533691406,71.76559448242188
2024-01-11,STORE0007,SKU0097,51.662078857421875,49.797645568847656
2024-01-11,STORE0007,SKU0098,30.803455352783203,32.354061126708984
2024-01-11,STORE0007,SKU0099,70.83634185791016,73.14778900146484
2024-01-11,STORE0007,SKU0100,63.0595588684082,63.97010803222656
2024-01-11,STORE0007,SKU0101,12.331798553466797,10.63538646697998
2024-01-11,STORE0007,SKU0102,70.59483337402344,64.1646499633789
2024-01-11,STORE0008,SKU0001,103.52764129638672,96.83174133300781
2024-01-11,STORE0008,SKU0002,66.90814208984375,62.408748626708984
2024-01-11,STORE0008,SKU0003,23.251171112060547,22.658191680908203
2024-01-11,STORE0008,SKU0004,94.32498931884766,89.21981811523438
2024-01-11,STORE0008,SKU0005,78.61115264892578,73.57592010498047
2024-01-11,STORE0008,SKU0006,106.20257568359375,98.5168228149414
2024-01-11,STORE0008,SKU0007,30.089231491088867,27.883777618408203
2024-01-11,STORE0008,SKU0008,25.429019927978516,23.18747901916504
2024-01-11,STORE0008,SKU0009,60.056541442871094,58.80928421020508
2024-01-11,STORE0008,SKU0010,37.963600158691406,33.36978530883789
2024-01-11,STORE0008,SKU0011,22.316368103027344,17.307538986206055
2024-01-11,STORE0008,SKU0012,46.111488342285156,39.018524169921875
2024-01-11,STORE0008,SKU0013,86.52127838134766,77.37066650390625
2024-01-11,STORE0008,SKU0014,59.90275192260742,57.51945114135742
2024-01-11,STORE0008,SKU0015,13.43252944946289,11.687206268310547
2024-01-11,STORE0008,SKU0016,26.004676818847656,22.960798263549805
2024-01-11,STORE0008,SKU0018,89.74491882324219,82.03529357910156
2024-01-11,STORE0008,SKU0020,52.0872917175293,54.64332962036133
2024-01-11,STORE0008,SKU0022,99.20588684082031,89.74964141845703
2024-01-11,STORE0008,SKU0025,26.534236907958984,31.39484405517578
2024-01-11,STORE0008,SKU0027,104.09030151367188,100.44916534423828
2024-01-11,STORE0008,SKU0028,105.34848022460938,106.09153747558594
2024-01-11,STORE0008,SKU0029,26.60045623779297,33.55487823486328
2024-01-11,STORE0008,SKU0030,39.657203674316406,45.60499572753906
2024-01-11,STORE0008,SKU0031,46.33910369873047,58.92839813232422
2024-01-11,STORE0008,SKU0033,86.36540222167969,97.06803894042969
2024-01-11,STORE0008,SKU0035,146.01345825195312,135.19686889648438
2024-01-11,STORE0008,SKU0038,80.51155090332031,94.78377532958984
2024-01-11,STORE0008,SKU0039,13.927986145019531,18.088605880737305
2024-01-11,STORE0008,SKU0040,19.11878204345703,22.763078689575195
2024-01-11,STORE0008,SKU0041,74.45492553710938,83.29528045654297
2024-01-11,STORE0008,SKU0042,11.091472625732422,16.423423767089844
2024-01-11,STORE0008,SKU0043,40.77337646484375,47.24549865722656
2024-01-11,STORE0008,SKU0044,73.46159362792969,85.44074249267578
2024-01-11,STORE0008,SKU0045,58.148231506347656,69.55946350097656
2024-01-11,STORE0008,SKU0046,81.19364166259766,87.22758483886719
2024-01-11,STORE0008,SKU0047,66.5052490234375,70.51639556884766
2024-01-11,STORE0008,SKU0048,59.24736785888672,68.45401763916016
2024-01-11,STORE0008,SKU0049,50.935874938964844,47.1000862121582
2024-01-11,STORE0008,SKU0051,70.70618438720703,73.49867248535156
2024-01-11,STORE0008,SKU0055,15.324066162109375,14.238557815551758
2024-01-11,STORE0008,SKU0056,23.233726501464844,21.079994201660156
2024-01-11,STORE0008,SKU0057,87.95655822753906,85.38984680175781
2024-01-11,STORE0008,SKU0059,25.647842407226562,25.830217361450195
2024-01-11,STORE0008,SKU0060,62.30197525024414,58.732147216796875
2024-01-11,STORE0008,SKU0061,98.40801239013672,87.9568099975586
2024-01-11,STORE0008,SKU0062,18.317359924316406,18.208486557006836
2024-01-11,STORE0008,SKU0064,97.138916015625,88.75091552734375
2024-01-11,STORE0008,SKU0065,57.54656982421875,55.164981842041016
2024-01-11,STORE0008,SKU0066,30.287296295166016,28.651369094848633
2024-01-11,STORE0008,SKU0067,42.2976188659668,39.46750259399414
2024-01-11,STORE0008,SKU0072,40.09573745727539,35.821590423583984
2024-01-11,STORE0008,SKU0074,57.760894775390625,57.75776290893555
2024-01-11,STORE0008,SKU0075,35.341392517089844,32.22248840332031
2024-01-11,STORE0008,SKU0076,33.02759552001953,30.667348861694336
2024-01-11,STORE0008,SKU0077,57.684417724609375,52.596248626708984
2024-01-11,STORE0008,SKU0078,31.96748924255371,32.731163024902344
2024-01-11,STORE0008,SKU0080,79.64070129394531,81.97693634033203
2024-01-11,STORE0008,SKU0081,70.39567565917969,61.09038543701172
2024-01-11,STORE0008,SKU0082,62.72000503540039,63.401546478271484
2024-01-11,STORE0008,SKU0083,90.5112075805664,90.31764221191406
2024-01-11,STORE0008,SKU0084,26.599205017089844,26.396883010864258
2024-01-11,STORE0008,SKU0085,66.61917114257812,66.21855926513672
2024-01-11,STORE0008,SKU0086,9.393657684326172,8.936461448669434
2024-01-11,STORE0008,SKU0087,33.04548645019531,32.47459411621094
2024-01-11,STORE0008,SKU0088,25.23682403564453,22.28997039794922
2024-01-11,STORE0008,SKU0089,46.367889404296875,43.309391021728516
2024-01-11,STORE0008,SKU0090,21.872623443603516,23.03873634338379
2024-01-11,STORE0008,SKU0091,19.314510345458984,19.670631408691406
2024-01-11,STORE0008,SKU0092,97.35076904296875,91.2947998046875
2024-01-11,STORE0008,SKU0093,75.3162612915039,71.50556182861328
2024-01-11,STORE0008,SKU0094,64.56710052490234,68.32814025878906
2024-01-11,STORE0008,SKU0095,30.954143524169922,28.619216918945312
2024-01-11,STORE0008,SKU0096,97.61296081542969,87.36954498291016
2024-01-11,STORE0008,SKU0097,71.59819030761719,70.5509262084961
2024-01-11,STORE0008,SKU0098,42.28410339355469,39.254676818847656
2024-01-11,STORE0008,SKU0099,98.7264633178711,92.8153076171875
2024-01-11,STORE0008,SKU0100,88.11979675292969,87.82087707519531
2024-01-11,STORE0008,SKU0101,16.03649139404297,14.695515632629395
2024-01-11,STORE0008,SKU0102,99.99017333984375,88.44448852539062
2024-01-11,STORE0009,SKU0001,88.09814453125,91.11604309082031
2024-01-11,STORE0009,SKU0002,58.78715515136719,55.32619094848633
2024-01-11,STORE0009,SKU0003,20.081634521484375,18.27433967590332
2024-01-11,STORE0009,SKU0005,68.4956283569336,66.34242248535156
2024-01-11,STORE0009,SKU0006,92.982666015625,94.01692962646484
2024-01-11,STORE0009,SKU0008,21.935260772705078,22.719890594482422
2024-01-11,STORE0009,SKU0009,50.793094635009766,50.79230880737305
2024-01-11,STORE0009,SKU0010,32.5526123046875,26.221935272216797
2024-01-11,STORE0009,SKU0011,19.309528350830078,16.56974983215332
2024-01-11,STORE0009,SKU0012,39.20079040527344,38.46168899536133
2024-01-11,STORE0009,SKU0013,73.2158432006836,74.9175796508789
2024-01-11,STORE0009,SKU0015,11.938034057617188,10.066039085388184
2024-01-11,STORE0009,SKU0016,22.653736114501953,20.7844295501709
2024-01-11,STORE0009,SKU0017,89.27210998535156,89.50978088378906
2024-01-11,STORE0009,SKU0018,78.27210998535156,84.65141296386719
2024-01-11,STORE0009,SKU0019,15.419143676757812,13.046369552612305
2024-01-11,STORE0009,SKU0020,44.12538146972656,41.82038116455078
2024-01-11,STORE0009,SKU0022,86.73789978027344,87.60578918457031
2024-01-11,STORE0009,SKU0023,62.70766830444336,55.64439392089844
2024-01-11,STORE0009,SKU0024,49.205772399902344,48.99357986450195
2024-01-11,STORE0009,SKU0025,22.47588348388672,29.04422950744629
2024-01-11,STORE0009,SKU0027,90.36187744140625,91.09410095214844
2024-01-11,STORE0009,SKU0028,90.81202697753906,97.20795440673828
2024-01-11,STORE0009,SKU0030,34.35858917236328,39.919918060302734
2024-01-11,STORE0009,SKU0032,53.884010314941406,63.031982421875
2024-01-11,STORE0009,SKU0033,77.2415771484375,97.29816436767578
2024-01-11,STORE0009,SKU0034,106.79664611816406,106.9323501586914
2024-01-11,STORE0009,SKU0035,130.20819091796875,140.37237548828125
2024-01-11,STORE0009,SKU0037,79.09591674804688,84.67719268798828
2024-01-11,STORE0009,SKU0038,70.5845947265625,84.19464874267578
2024-01-11,STORE0009,SKU0039,11.896148681640625,15.443917274475098
2024-01-11,STORE0009,SKU0041,65.88396453857422,75.08307647705078
2024-01-11,STORE0009,SKU0044,64.8852310180664,80.18421936035156
2024-01-11,STORE0009,SKU0045,49.95228576660156,56.00645446777344
2024-01-11,STORE0009,SKU0046,69.88189697265625,75.26510620117188
2024-01-11,STORE0009,SKU0047,56.98439407348633,70.25248718261719
2024-01-11,STORE0009,SKU0049,44.057289123535156,38.977210998535156
2024-01-11,STORE0009,SKU0050,15.721603393554688,14.89791202545166
2024-01-11,STORE0009,SKU0051,61.915672302246094,58.05767822265625
2024-01-11,STORE0009,SKU0052,51.750762939453125,50.25144958496094
2024-01-11,STORE0009,SKU0055,13.321544647216797,12.334668159484863
2024-01-11,STORE0009,SKU0057,77.00775909423828,75.82355499267578
2024-01-11,STORE0009,SKU0058,84.04334259033203,83.0537109375
2024-01-11,STORE0009,SKU0059,22.02436065673828,24.89352035522461
2024-01-11,STORE0009,SKU0060,54.639015197753906,51.2293586730957
2024-01-11,STORE0009,SKU0061,85.25462341308594,88.25345611572266
2024-01-11,STORE0009,SKU0062,16.249099731445312,16.102859497070312
2024-01-11,STORE0009,SKU0063,46.42985534667969,44.66706466674805
2024-01-11,STORE0009,SKU0064,84.31382751464844,87.05458068847656
2024-01-11,STORE0009,SKU0065,50.468505859375,49.07596206665039
2024-01-11,STORE0009,SKU0066,26.297992706298828,25.884403228759766
2024-01-11,STORE0009,SKU0067,36.59013366699219,32.920021057128906
2024-01-11,STORE0009,SKU0068,37.09717559814453,34.31206130981445
2024-01-11,STORE0009,SKU0069,68.15523529052734,60.221168518066406
2024-01-11,STORE0009,SKU0070,91.9721450805664,82.51126861572266
2024-01-11,STORE0009,SKU0071,28.791921615600586,27.091976165771484
2024-01-11,STORE0009,SKU0072,34.35704040527344,31.320987701416016
2024-01-11,STORE0009,SKU0074,49.59823989868164,50.88584899902344
2024-01-11,STORE0009,SKU0075,30.288633346557617,28.197336196899414
2024-01-11,STORE0009,SKU0076,27.8710880279541,26.052419662475586
2024-01-11,STORE0009,SKU0077,49.349029541015625,53.24907684326172
2024-01-11,STORE0009,SKU0078,27.370100021362305,29.288129806518555
2024-01-11,STORE0009,SKU0080,68.7579345703125,73.5110855102539
2024-01-11,STORE0009,SKU0082,53.96446990966797,53.75893783569336
2024-01-11,STORE0009,SKU0083,78.00595092773438,78.07801818847656
2024-01-11,STORE0009,SKU0084,22.937992095947266,21.418720245361328
2024-01-11,STORE0009,SKU0085,58.47416305541992,56.33146286010742
2024-01-11,STORE0009,SKU0086,8.397735595703125,8.492384910583496
2024-01-11,STORE0009,SKU0087,28.11875343322754,26.58654022216797
2024-01-11,STORE0009,SKU0088,21.534515380859375,20.58405113220215
2024-01-11,STORE0009,SKU0089,40.3310661315918,36.711544036865234
2024-01-11,STORE0009,SKU0090,18.57318878173828,17.81239891052246
2024-01-11,STORE0009,SKU0091,16.60811996459961,15.808316230773926
2024-01-11,STORE0009,SKU0092,83.6356430053711,84.1231460571289
2024-01-11,STORE0009,SKU0093,64.73377990722656,59.20737838745117
2024-01-11,STORE0009,SKU0096,84.26097869873047,87.9107894897461
2024-01-11,STORE0009,SKU0097,61.911033630371094,61.7989501953125
2024-01-11,STORE0009,SKU0098,36.63066864013672,37.988948822021484
2024-01-11,STORE0009,SKU0099,84.76158905029297,85.0816879272461
2024-01-11,STORE0009,SKU0102,86.46585845947266,83.27667236328125
2024-01-11,STORE0010,SKU0001,87.7164306640625,90.15335083007812
2024-01-11,STORE0010,SKU0004,81.41556549072266,88.02404022216797
2024-01-11,STORE0010,SKU0005,67.966796875,64.28961181640625
2024-01-11,STORE0010,SKU0006,90.51043701171875,78.95982360839844
2024-01-11,STORE0010,SKU0007,25.359363555908203,21.68874740600586
2024-01-11,STORE0010,SKU0010,32.16365051269531,30.37757682800293
2024-01-11,STORE0010,SKU0011,19.152626037597656,17.470632553100586
2024-01-11,STORE0010,SKU0012,38.65862274169922,37.5250129699707
2024-01-11,STORE0010,SKU0013,72.51734924316406,72.91248321533203
2024-01-11,STORE0010,SKU0014,50.78042221069336,51.003814697265625
2024-01-11,STORE0010,SKU0015,11.57666015625,9.261678695678711
2024-01-11,STORE0010,SKU0016,22.126728057861328,19.752811431884766
2024-01-11,STORE0010,SKU0017,87.84062194824219,82.31678009033203
2024-01-11,STORE0010,SKU0018,76.2406234741211,71.55220794677734
2024-01-11,STORE0010,SKU0019,15.319530487060547,13.51756763458252
2024-01-11,STORE0010,SKU0020,43.9071159362793,41.885467529296875
2024-01-11,STORE0010,SKU0021,48.589149475097656,48.473567962646484
2024-01-11,STORE0010,SKU0025,22.144817352294922,25.570085525512695
2024-01-11,STORE0010,SKU0028,87.64678192138672,96.94430541992188
2024-01-11,STORE0010,SKU0029,22.34113311767578,26.403892517089844
2024-01-11,STORE0010,SKU0030,33.692142486572266,41.75928497314453
2024-01-11,STORE0010,SKU0032,52.13731002807617,59.946197509765625
2024-01-11,STORE0010,SKU0034,107.69216918945312,119.26622009277344
2024-01-11,STORE0010,SKU0035,130.2144775390625,135.6775360107422
2024-01-11,STORE0010,SKU0036,31.360986709594727,38.4050407409668
2024-01-11,STORE0010,SKU0037,79.15423583984375,95.72438049316406
2024-01-11,STORE0010,SKU0038,69.72392272949219,89.64745330810547
2024-01-11,STORE0010,SKU0039,11.446468353271484,14.640348434448242
2024-01-11,STORE0010,SKU0040,15.953502655029297,17.031660079956055
2024-01-11,STORE0010,SKU0042,9.003890991210938,12.853578567504883
2024-01-11,STORE0010,SKU0043,33.678016662597656,43.493865966796875
2024-01-11,STORE0010,SKU0045,49.629188537597656,52.78602600097656
2024-01-11,STORE0010,SKU0046,67.12107849121094,77.5503921508789
2024-01-11,STORE0010,SKU0048,50.31587600708008,54.14255905151367
2024-01-11,STORE0010,SKU0050,15.339920043945312,15.183732986450195
2024-01-11,STORE0010,SKU0051,61.69796371459961,59.49863815307617
2024-01-11,STORE0010,SKU0052,50.390052795410156,50.52430725097656
2024-01-11,STORE0010,SKU0053,27.839506149291992,29.195497512817383
2024-01-11,STORE0010,SKU0054,70.04005432128906,65.8865966796875
2024-01-11,STORE0010,SKU0055,12.798255920410156,12.78923225402832
2024-01-11,STORE0010,SKU0056,19.335098266601562,19.167360305786133
2024-01-11,STORE0010,SKU0057,75.22769165039062,80.0259780883789
2024-01-11,STORE0010,SKU0058,82.42315673828125,77.65062713623047
2024-01-11,STORE0010,SKU0059,21.415283203125,24.1716251373291
2024-01-11,STORE0010,SKU0060,54.3878288269043,52.79119873046875
2024-01-11,STORE0010,SKU0061,82.55839538574219,77.82352447509766
2024-01-11,STORE0010,SKU0063,45.4140625,46.44155502319336
2024-01-11,STORE0010,SKU0064,82.353759765625,79.63583374023438
2024-01-11,STORE0010,SKU0065,49.358272552490234,50.13185501098633
2024-01-11,STORE0010,SKU0067,35.81116485595703,33.0240592956543
2024-01-11,STORE0010,SKU0068,36.52165222167969,35.001224517822266
2024-01-11,STORE0010,SKU0069,67.3020248413086,64.42427062988281
2024-01-11,STORE0010,SKU0070,90.17613220214844,89.418212890625
2024-01-11,STORE0010,SKU0073,9.119743347167969,9.650296211242676
2024-01-11,STORE0010,SKU0074,48.92123794555664,48.903350830078125
2024-01-11,STORE0010,SKU0075,29.856964111328125,31.535076141357422
2024-01-11,STORE0010,SKU0076,27.195430755615234,26.076072692871094
2024-01-11,STORE0010,SKU0077,48.90646743774414,46.203407287597656
2024-01-11,STORE0010,SKU0078,26.6717529296875,28.972097396850586
2024-01-11,STORE0010,SKU0079,71.38096618652344,69.92179107666016
2024-01-11,STORE0010,SKU0080,66.75279998779297,73.36495208740234
2024-01-11,STORE0010,SKU0081,60.506492614746094,61.19733428955078
2024-01-11,STORE0010,SKU0083,77.1747817993164,82.09840393066406
2024-01-11,STORE0010,SKU0084,22.579090118408203,21.112356185913086
2024-01-11,STORE0010,SKU0085,57.27846908569336,56.784576416015625
2024-01-11,STORE0010,SKU0086,7.992160797119141,7.667362689971924
2024-01-11,STORE0010,SKU0087,27.511825561523438,23.141508102416992
2024-01-11,STORE0010,SKU0088,21.20562744140625,21.893844604492188
2024-01-11,STORE0010,SKU0089,39.777408599853516,36.287715911865234
2024-01-11,STORE0010,SKU0090,18.185771942138672,17.176843643188477
2024-01-11,STORE0010,SKU0092,81.82489013671875,83.3104476928711
2024-01-11,STORE0010,SKU0094,54.50917053222656,54.46748733520508
2024-01-11,STORE0010,SKU0095,26.422306060791016,29.941356658935547
2024-01-11,STORE0010,SKU0096,81.84529876708984,76.97537231445312
2024-01-11,STORE0010,SKU0097,61.533687591552734,61.8299446105957
2024-01-11,STORE0010,SKU0098,35.929649353027344,35.311866760253906
2024-01-11,STORE0010,SKU0099,82.12968444824219,77.77056121826172
2024-01-11,STORE0010,SKU0100,74.72998046875,75.78804779052734
2024-01-11,STORE0010,SKU0101,14.177444458007812,12.75301456451416
2024-01-11,STORE0010,SKU0102,84.42668914794922,84.91975402832031
2024-01-11,STORE0011,SKU0001,103.2528305053711,99.91671752929688
2024-01-11,STORE0011,SKU0002,67.66993713378906,60.88495635986328
2024-01-11,STORE0011,SKU0003,23.06899642944336,19.875499725341797
2024-01-11,STORE0011,SKU0004,94.7757568359375,87.9560546875
2024-01-11,STORE0011,SKU0005,78.2713623046875,75.4095458984375
2024-01-11,STORE0011,SKU0006,107.9913330078125,93.2327651977539
2024-01-11,STORE0011,SKU0007,29.91332244873047,29.59246826171875
2024-01-11,STORE0011,SKU0009,59.15061950683594,55.725154876708984
2024-01-11,STORE0011,SKU0012,45.42117691040039,41.04517364501953
2024-01-11,STORE0011,SKU0014,57.89021301269531,51.21902847290039
2024-01-11,STORE0011,SKU0015,13.44882583618164,10.10955810546875
2024-01-11,STORE0011,SKU0017,102.52632141113281,92.6804428100586
2024-01-11,STORE0011,SKU0018,89.03041076660156,77.80805969238281
2024-01-11,STORE0011,SKU0019,18.231914520263672,15.704590797424316
2024-01-11,STORE0011,SKU0020,50.95549011230469,47.160888671875
2024-01-11,STORE0011,SKU0021,55.917720794677734,59.06643295288086
2024-01-11,STORE0011,SKU0022,99.63157653808594,94.27012634277344
2024-01-11,STORE0011,SKU0023,71.0126724243164,61.144447326660156
2024-01-11,STORE0011,SKU0024,56.781620025634766,52.92852020263672
2024-01-11,STORE0011,SKU0025,25.98459243774414,31.29215431213379
2024-01-11,STORE0011,SKU0026,89.57906341552734,93.22710418701172
2024-01-11,STORE0011,SKU0027,103.29524230957031,97.79936981201172
2024-01-11,STORE0011,SKU0028,101.73046875,102.6391830444336
2024-01-11,STORE0011,SKU0029,26.46236801147461,33.378997802734375
2024-01-11,STORE0011,SKU0030,39.53091049194336,45.273128509521484
2024-01-11,STORE0011,SKU0031,46.03638458251953,54.28061294555664
2024-01-11,STORE0011,SKU0033,84.90196990966797,94.69769287109375
2024-01-11,STORE0011,SKU0034,129.57452392578125,123.12152099609375
2024-01-11,STORE0011,SKU0035,152.65013122558594,136.32424926757812
2024-01-11,STORE0011,SKU0036,35.394283294677734,40.81494903564453
2024-01-11,STORE0011,SKU0037,89.44673919677734,98.3419418334961
2024-01-11,STORE0011,SKU0038,79.98609924316406,96.24394989013672
2024-01-11,STORE0011,SKU0039,13.765411376953125,17.245607376098633
2024-01-11,STORE0011,SKU0040,18.998802185058594,23.40690803527832
2024-01-11,STORE0011,SKU0041,73.85739135742188,79.01886749267578
2024-01-11,STORE0011,SKU0043,39.332679748535156,46.646141052246094
2024-01-11,STORE0011,SKU0044,72.15522003173828,83.32675170898438
2024-01-11,STORE0011,SKU0046,79.78511047363281,89.9505615234375
2024-01-11,STORE0011,SKU0047,64.86772918701172,76.11243438720703
2024-01-11,STORE0011,SKU0048,58.08808898925781,69.48260498046875
2024-01-11,STORE0011,SKU0050,18.524799346923828,17.04049301147461
2024-01-11,STORE0011,SKU0051,69.65543365478516,70.60588073730469
2024-01-11,STORE0011,SKU0052,57.257057189941406,53.92538833618164
2024-01-11,STORE0011,SKU0053,33.17607879638672,31.250286102294922
2024-01-11,STORE0011,SKU0054,81.33306884765625,80.07618713378906
2024-01-11,STORE0011,SKU0055,15.201416015625,15.153369903564453
2024-01-11,STORE0011,SKU0056,23.154521942138672,20.73458480834961
2024-01-11,STORE0011,SKU0058,96.59903717041016,90.10411071777344
2024-01-11,STORE0011,SKU0059,25.359851837158203,26.340593338012695
2024-01-11,STORE0011,SKU0061,97.90045928955078,89.90545654296875
2024-01-11,STORE0011,SKU0062,18.722679138183594,17.181297302246094
2024-01-11,STORE0011,SKU0064,97.23475646972656,89.45654296875
2024-01-11,STORE0011,SKU0065,56.7343864440918,55.733238220214844
2024-01-11,STORE0011,SKU0066,30.140708923339844,29.031923294067383
2024-01-11,STORE0011,SKU0067,41.787933349609375,39.82405471801758
2024-01-11,STORE0011,SKU0068,42.23115539550781,36.695709228515625
2024-01-11,STORE0011,SKU0069,78.12905883789062,74.42325592041016
2024-01-11,STORE0011,SKU0070,104.47584533691406,95.99298858642578
2024-01-11,STORE0011,SKU0071,33.57744216918945,32.28239059448242
2024-01-11,STORE0011,SKU0072,39.37211227416992,35.940528869628906
2024-01-11,STORE0011,SKU0073,11.210655212402344,11.969611167907715
2024-01-11,STORE0011,SKU0074,56.81890869140625,51.855247497558594
2024-01-11,STORE0011,SKU0077,56.49761199951172,52.419952392578125
2024-01-11,STORE0011,SKU0078,31.18674087524414,30.363086700439453
2024-01-11,STORE0011,SKU0079,83.5754165649414,76.00059509277344
2024-01-11,STORE0011,SKU0082,61.1357307434082,59.74663162231445
2024-01-11,STORE0011,SKU0083,89.55797576904297,88.02793884277344
2024-01-11,STORE0011,SKU0085,65.85192108154297,69.1427993774414
2024-01-11,STORE0011,SKU0086,9.56591796875,9.019196510314941
2024-01-11,STORE0011,SKU0087,32.57093048095703,29.511180877685547
2024-01-11,STORE0011,SKU0088,25.116985321044922,24.871294021606445
2024-01-11,STORE0011,SKU0089,45.384944915771484,42.21170425415039
2024-01-11,STORE0011,SKU0090,21.854419708251953,21.347644805908203
2024-01-11,STORE0011,SKU0094,63.30009841918945,59.47321319580078
2024-01-11,STORE0011,SKU0095,30.5380916595459,31.034921646118164
2024-01-11,STORE0011,SKU0096,97.0871353149414,92.18701934814453
2024-01-11,STORE0011,SKU0097,69.95205688476562,66.79508209228516
2024-01-11,STORE0011,SKU0098,41.52351760864258,37.785579681396484
2024-01-11,STORE0011,SKU0100,86.14393615722656,79.74217224121094
2024-01-11,STORE0011,SKU0101,16.55282974243164,15.506346702575684
2024-01-11,STORE0012,SKU0001,90.18280792236328,97.2501449584961
2024-01-11,STORE0012,SKU0002,58.575626373291016,60.20816421508789
2024-01-11,STORE0012,SKU0004,81.87748718261719,81.14468383789062
2024-01-11,STORE0012,SKU0005,68.50616455078125,63.371707916259766
2024-01-11,STORE0012,SKU0006,93.43763732910156,82.96542358398438
2024-01-11,STORE0012,SKU0007,25.99951934814453,24.236711502075195
2024-01-11,STORE0012,SKU0008,22.065086364746094,21.565330505371094
2024-01-11,STORE0012,SKU0009,50.9038200378418,47.217857360839844
2024-01-11,STORE0012,SKU0010,32.69346237182617,31.545936584472656
2024-01-11,STORE0012,SKU0013,74.19842529296875,76.13373565673828
2024-01-11,STORE0012,SKU0014,51.06834411621094,49.82075881958008
2024-01-11,STORE0012,SKU0015,11.80792236328125,10.354856491088867
2024-01-11,STORE0012,SKU0016,22.69424819946289,21.085819244384766
2024-01-11,STORE0012,SKU0017,90.08717346191406,85.94742584228516
2024-01-11,STORE0012,SKU0018,78.76657104492188,74.68169403076172
2024-01-11,STORE0012,SKU0019,15.377937316894531,13.876561164855957
2024-01-11,STORE0012,SKU0020,44.71337127685547,49.222652435302734
2024-01-11,STORE0012,SKU0022,86.46318817138672,81.39688873291016
2024-01-11,STORE0012,SKU0023,63.83427810668945,55.18863296508789
2024-01-11,STORE0012,SKU0025,22.525676727294922,27.636804580688477
2024-01-11,STORE0012,SKU0026,78.0681381225586,91.48625183105469
2024-01-11,STORE0012,SKU0027,87.85372924804688,95.98125457763672
2024-01-11,STORE0012,SKU0028,88.97876739501953,97.72431945800781
2024-01-11,STORE0012,SKU0029,22.69786834716797,27.484941482543945
2024-01-11,STORE0012,SKU0030,34.3560791015625,48.14863967895508
2024-01-11,STORE0012,SKU0032,52.81134796142578,60.810264587402344
2024-01-11,STORE0012,SKU0033,72.10787963867188,88.85255432128906
2024-01-11,STORE0012,SKU0034,107.35661315917969,124.79998779296875
2024-01-11,STORE0012,SKU0035,135.0196533203125,127.84268188476562
2024-01-11,STORE0012,SKU0036,31.063005447387695,38.656620025634766
2024-01-11,STORE0012,SKU0037,78.46282958984375,90.84477233886719
2024-01-11,STORE0012,SKU0038,70.1468505859375,85.57809448242188
2024-01-11,STORE0012,SKU0039,11.754741668701172,13.46507740020752
2024-01-11,STORE0012,SKU0043,34.14699172973633,37.48537826538086
2024-01-11,STORE0012,SKU0044,63.89594268798828,77.60025787353516
2024-01-11,STORE0012,SKU0046,68.88697052001953,78.68770599365234
2024-01-11,STORE0012,SKU0047,56.190773010253906,71.47607421875
2024-01-11,STORE0012,SKU0048,51.391361236572266,59.29398727416992
2024-01-11,STORE0012,SKU0050,15.726314544677734,15.674701690673828
2024-01-11,STORE0012,SKU0052,51.53758239746094,49.054622650146484
2024-01-11,STORE0012,SKU0053,28.605649948120117,28.910810470581055
2024-01-11,STORE0012,SKU0054,72.14385223388672,66.58785247802734
2024-01-11,STORE0012,SKU0055,13.250160217285156,12.422436714172363
2024-01-11,STORE0012,SKU0056,19.927871704101562,19.15643310546875
2024-01-11,STORE0012,SKU0057,75.68740844726562,70.24954986572266
2024-01-11,STORE0012,SKU0058,84.17610168457031,75.70353698730469
2024-01-11,STORE0012,SKU0059,22.005657196044922,22.542903900146484
2024-01-11,STORE0012,SKU0060,54.66223907470703,49.72685623168945
2024-01-11,STORE0012,SKU0061,85.23883056640625,83.2116470336914
2024-01-11,STORE0012,SKU0062,16.259796142578125,14.241255760192871
2024-01-11,STORE0012,SKU0064,83.93576049804688,76.06199645996094
2024-01-11,STORE0012,SKU0065,49.798912048339844,48.275657653808594
2024-01-11,STORE0012,SKU0066,26.354846954345703,24.273405075073242
2024-01-11,STORE0012,SKU0068,36.723670959472656,32.61117935180664
2024-01-11,STORE0012,SKU0070,92.528564453125,87.11539459228516
2024-01-11,STORE0012,SKU0071,28.6643009185791,25.708492279052734
2024-01-11,STORE0012,SKU0072,34.183616638183594,36.41603469848633
2024-01-11,STORE0012,SKU0074,49.79126739501953,52.63832092285156
2024-01-11,STORE0012,SKU0075,30.396699905395508,31.7111873626709
2024-01-11,STORE0012,SKU0076,27.869476318359375,26.96278953552246
2024-01-11,STORE0012,SKU0077,49.295204162597656,43.94123840332031
2024-01-11,STORE0012,SKU0078,27.38365936279297,27.02935028076172
2024-01-11,STORE0012,SKU0080,68.43097686767578,74.39168548583984
2024-01-11,STORE0012,SKU0081,62.03392028808594,61.162322998046875
2024-01-11,STORE0012,SKU0083,77.59877014160156,80.38291931152344
2024-01-11,STORE0012,SKU0084,23.2490234375,22.62105941772461
2024-01-11,STORE0012,SKU0085,57.3795280456543,56.11188507080078
2024-01-11,STORE0012,SKU0086,7.989261627197266,6.875941753387451
2024-01-11,STORE0012,SKU0088,21.665637969970703,22.204999923706055
2024-01-11,STORE0012,SKU0089,39.9207763671875,35.26572799682617
2024-01-11,STORE0012,SKU0091,16.32685089111328,14.281521797180176
2024-01-11,STORE0012,SKU0092,84.39239501953125,80.57772827148438
2024-01-11,STORE0012,SKU0094,55.881168365478516,51.87568664550781
2024-01-11,STORE0012,SKU0095,26.540298461914062,28.477554321289062
2024-01-11,STORE0012,SKU0096,84.70594024658203,80.69459533691406
2024-01-11,STORE0012,SKU0097,61.868743896484375,61.0121955871582
2024-01-11,STORE0012,SKU0098,36.49135208129883,33.466644287109375
2024-01-11,STORE0012,SKU0099,84.32876586914062,82.48992156982422
2024-01-11,STORE0012,SKU0100,75.79953002929688,77.34774780273438
2024-01-11,STORE0012,SKU0101,14.19631576538086,14.243130683898926
2024-01-11,STORE0013,SKU0001,53.49921417236328,57.55457305908203
2024-01-11,STORE0013,SKU0002,35.18711853027344,31.231971740722656
2024-01-11,STORE0013,SKU0003,13.098712921142578,10.40772819519043
2024-01-11,STORE0013,SKU0006,55.03501892089844,50.34233093261719
2024-01-11,STORE0013,SKU0008,13.642757415771484,12.158227920532227
2024-01-11,STORE0013,SKU0009,30.80936622619629,26.1826229095459
2024-01-11,STORE0013,SKU0013,44.27399444580078,40.81184005737305
2024-01-11,STORE0013,SKU0014,30.956892013549805,30.461782455444336
2024-01-11,STORE0013,SKU0015,7.719459533691406,6.3510894775390625
2024-01-11,STORE0013,SKU0017,52.79735565185547,49.80133819580078
2024-01-11,STORE0013,SKU0020,27.84921646118164,25.46687889099121
2024-01-11,STORE0013,SKU0024,29.247047424316406,30.18484878540039
2024-01-11,STORE0013,SKU0025,14.149669647216797,15.415365219116211
2024-01-11,STORE0013,SKU0026,46.105384826660156,52.05339431762695
2024-01-11,STORE0013,SKU0027,51.309783935546875,58.30632781982422
2024-01-11,STORE0013,SKU0028,53.1700325012207,61.31485366821289
2024-01-11,STORE0013,SKU0031,23.725608825683594,31.436676025390625
2024-01-11,STORE0013,SKU0032,29.5975341796875,35.964988708496094
2024-01-11,STORE0013,SKU0034,61.718509674072266,73.93206024169922
2024-01-11,STORE0013,SKU0036,19.192859649658203,25.144996643066406
2024-01-11,STORE0013,SKU0037,46.65684127807617,56.535377502441406
2024-01-11,STORE0013,SKU0039,7.092548370361328,8.989620208740234
2024-01-11,STORE0013,SKU0040,9.743877410888672,11.590407371520996
2024-01-11,STORE0013,SKU0041,37.72540283203125,40.93293380737305
2024-01-11,STORE0013,SKU0049,26.533443450927734,20.94689178466797
2024-01-11,STORE0013,SKU0056,12.92947006225586,12.527796745300293
2024-01-11,STORE0013,SKU0057,45.38457107543945,44.730831146240234
2024-01-11,STORE0013,SKU0061,49.581329345703125,48.86279296875
2024-01-11,STORE0013,SKU0063,26.79108428955078,23.80902671813965
2024-01-11,STORE0013,SKU0065,30.02234649658203,30.50508689880371
2024-01-11,STORE0013,SKU0068,22.91122817993164,23.480749130249023
2024-01-11,STORE0013,SKU0071,17.898353576660156,14.677346229553223
2024-01-11,STORE0013,SKU0076,17.576725006103516,16.3502254486084
2024-01-11,STORE0013,SKU0080,40.736446380615234,44.889503479003906
2024-01-11,STORE0013,SKU0084,14.96219253540039,13.427087783813477
2024-01-11,STORE0013,SKU0085,35.32722091674805,31.928991317749023
2024-01-11,STORE0013,SKU0086,3.674243927001953,5.270501613616943
2024-01-11,STORE0013,SKU0087,18.641437530517578,16.93983268737793
2024-01-11,STORE0013,SKU0089,24.974353790283203,25.28113555908203
2024-01-11,STORE0013,SKU0090,12.421222686767578,11.268710136413574
2024-01-11,STORE0013,SKU0096,49.83763885498047,49.93114471435547
2024-01-11,STORE0013,SKU0097,37.71761703491211,35.756893157958984
2024-01-11,STORE0013,SKU0099,51.65214538574219,45.208465576171875
2024-01-11,STORE0013,SKU0102,51.317527770996094,49.3947868347168
2024-01-12,STORE0001,SKU0001,104.53802490234375,98.56381225585938
2024-01-12,STORE0001,SKU0002,68.08265686035156,61.38230514526367
2024-01-12,STORE0001,SKU0004,96.30174255371094,89.5389633178711
2024-01-12,STORE0001,SKU0006,108.92865753173828,94.66456604003906
2024-01-12,STORE0001,SKU0007,30.447397232055664,24.706727981567383
2024-01-12,STORE0001,SKU0008,25.994953155517578,25.059795379638672
2024-01-12,STORE0001,SKU0010,39.10945129394531,35.68865203857422
2024-01-12,STORE0001,SKU0011,22.70006561279297,17.63300132751465
2024-01-12,STORE0001,SKU0012,46.76779556274414,40.560813903808594
2024-01-12,STORE0001,SKU0014,60.118019104003906,55.994415283203125
2024-01-12,STORE0001,SKU0015,13.94155502319336,10.54637622833252
2024-01-12,STORE0001,SKU0016,26.309593200683594,23.630428314208984
2024-01-12,STORE0001,SKU0017,104.04914855957031,93.51153564453125
2024-01-12,STORE0001,SKU0018,91.21388244628906,88.80339050292969
2024-01-12,STORE0001,SKU0019,18.342426300048828,15.260795593261719
2024-01-12,STORE0001,SKU0020,51.913761138916016,44.28805923461914
2024-01-12,STORE0001,SKU0021,58.75436019897461,60.88615798950195
2024-01-12,STORE0001,SKU0023,72.87025451660156,67.57433319091797
2024-01-12,STORE0001,SKU0024,57.633792877197266,47.67985534667969
2024-01-12,STORE0001,SKU0026,90.99020385742188,94.44286346435547
2024-01-12,STORE0001,SKU0027,105.30497741699219,111.26374816894531
2024-01-12,STORE0001,SKU0029,26.708328247070312,34.33241271972656
2024-01-12,STORE0001,SKU0030,40.29444122314453,48.15596389770508
2024-01-12,STORE0001,SKU0031,46.529022216796875,51.47523498535156
2024-01-12,STORE0001,SKU0033,87.52094268798828,97.95401763916016
2024-01-12,STORE0001,SKU0035,152.3514404296875,136.05926513671875
2024-01-12,STORE0001,SKU0036,37.11903381347656,42.01510238647461
2024-01-12,STORE0001,SKU0037,90.5503921508789,94.09357452392578
2024-01-12,STORE0001,SKU0038,82.83818817138672,90.75311279296875
2024-01-12,STORE0001,SKU0039,14.385284423828125,16.968360900878906
2024-01-12,STORE0001,SKU0040,19.18514633178711,19.627788543701172
2024-01-12,STORE0001,SKU0041,75.27592468261719,80.68651580810547
2024-01-12,STORE0001,SKU0042,11.56716537475586,15.979806900024414
2024-01-12,STORE0001,SKU0043,40.1741943359375,41.923797607421875
2024-01-12,STORE0001,SKU0045,58.47990417480469,63.64282989501953
2024-01-12,STORE0001,SKU0046,82.1047134399414,89.37866973876953
2024-01-12,STORE0001,SKU0047,67.25773620605469,76.6912841796875
2024-01-12,STORE0001,SKU0048,61.19049072265625,67.83419036865234
2024-01-12,STORE0001,SKU0049,51.58643341064453,48.99650192260742
2024-01-12,STORE0001,SKU0050,18.596134185791016,16.56059455871582
2024-01-12,STORE0001,SKU0051,70.58232116699219,62.56977844238281
2024-01-12,STORE0001,SKU0053,33.64384460449219,30.444292068481445
2024-01-12,STORE0001,SKU0054,84.51586151123047,72.67203521728516
2024-01-12,STORE0001,SKU0055,15.66927719116211,14.089323997497559
2024-01-12,STORE0001,SKU0056,23.66704559326172,21.733299255371094
2024-01-12,STORE0001,SKU0058,98.96025848388672,91.45902252197266
2024-01-12,STORE0001,SKU0059,25.802532196044922,26.698225021362305
2024-01-12,STORE0001,SKU0060,64.21308135986328,58.69808578491211
2024-01-12,STORE0001,SKU0061,98.19563293457031,84.86896514892578
2024-01-12,STORE0001,SKU0062,18.670856475830078,19.03055763244629
2024-01-12,STORE0001,SKU0063,53.046199798583984,51.36581039428711
2024-01-12,STORE0001,SKU0065,58.39896774291992,55.781063079833984
2024-01-12,STORE0001,SKU0066,30.34577751159668,28.2497501373291
2024-01-12,STORE0001,SKU0067,42.50133514404297,38.62282180786133
2024-01-12,STORE0001,SKU0068,43.699913024902344,37.74906921386719
2024-01-12,STORE0001,SKU0069,80.82855224609375,80.22724151611328
2024-01-12,STORE0001,SKU0070,108.71174621582031,98.30177307128906
2024-01-12,STORE0001,SKU0072,40.16087341308594,32.10604476928711
2024-01-12,STORE0001,SKU0073,11.522819519042969,10.466133117675781
2024-01-12,STORE0001,SKU0074,58.31931686401367,49.93697738647461
2024-01-12,STORE0001,SKU0076,33.30147171020508,28.188705444335938
2024-01-12,STORE0001,SKU0077,57.616981506347656,49.05296325683594
2024-01-12,STORE0001,SKU0078,32.34569549560547,30.767004013061523
2024-01-12,STORE0001,SKU0080,80.7885513305664,71.60774230957031
2024-01-12,STORE0001,SKU0081,72.2298583984375,63.18682861328125
2024-01-12,STORE0001,SKU0082,63.32046890258789,60.412471771240234
2024-01-12,STORE0001,SKU0084,26.88439178466797,24.66853141784668
2024-01-12,STORE0001,SKU0086,9.86160659790039,8.897120475769043
2024-01-12,STORE0001,SKU0087,33.19211959838867,29.63035011291504
2024-01-12,STORE0001,SKU0090,22.255542755126953,23.025911331176758
2024-01-12,STORE0001,SKU0092,99.85130310058594,90.91163635253906
2024-01-12,STORE0001,SKU0093,76.00289916992188,71.41513061523438
2024-01-12,STORE0001,SKU0094,65.0560302734375,64.15658569335938
2024-01-12,STORE0001,SKU0095,31.059913635253906,30.637224197387695
2024-01-12,STORE0001,SKU0096,99.63699340820312,89.35035705566406
2024-01-12,STORE0001,SKU0097,72.44322204589844,66.71861267089844
2024-01-12,STORE0001,SKU0098,43.008270263671875,40.39653396606445
2024-01-12,STORE0001,SKU0099,98.96924591064453,95.52864837646484
2024-01-12,STORE0001,SKU0100,88.24161529541016,84.57877349853516
2024-01-12,STORE0001,SKU0101,16.56427001953125,15.16009521484375
2024-01-12,STORE0002,SKU0001,71.87413024902344,80.42145538330078
2024-01-12,STORE0002,SKU0002,48.524383544921875,52.18525695800781
2024-01-12,STORE0002,SKU0003,18.023815155029297,15.49353313446045
2024-01-12,STORE0002,SKU0004,68.2088851928711,71.00799560546875
2024-01-12,STORE0002,SKU0005,56.8452262878418,51.05281066894531
2024-01-12,STORE0002,SKU0006,76.09187316894531,75.42963409423828
2024-01-12,STORE0002,SKU0007,21.72024154663086,20.73125457763672
2024-01-12,STORE0002,SKU0008,18.59085464477539,15.775379180908203
2024-01-12,STORE0002,SKU0009,42.101661682128906,42.88607406616211
2024-01-12,STORE0002,SKU0010,27.763954162597656,24.120269775390625
2024-01-12,STORE0002,SKU0011,16.71624755859375,14.924160957336426
2024-01-12,STORE0002,SKU0012,32.52619171142578,33.38617706298828
2024-01-12,STORE0002,SKU0014,42.38905334472656,43.987979888916016
2024-01-12,STORE0002,SKU0015,11.127815246582031,8.328225135803223
2024-01-12,STORE0002,SKU0016,20.087242126464844,15.66466236114502
2024-01-12,STORE0002,SKU0017,71.7800521850586,67.07257843017578
2024-01-12,STORE0002,SKU0018,64.01531219482422,58.55170440673828
2024-01-12,STORE0002,SKU0019,13.097469329833984,11.298023223876953
2024-01-12,STORE0002,SKU0020,37.268043518066406,40.17518615722656
2024-01-12,STORE0002,SKU0022,69.32108306884766,69.36821746826172
2024-01-12,STORE0002,SKU0023,51.3868408203125,47.9061279296875
2024-01-12,STORE0002,SKU0024,40.84961700439453,41.99675750732422
2024-01-12,STORE0002,SKU0025,19.892654418945312,23.99128532409668
2024-01-12,STORE0002,SKU0026,66.53148651123047,75.61705780029297
2024-01-12,STORE0002,SKU0027,74.57393646240234,85.95851135253906
2024-01-12,STORE0002,SKU0028,74.578125,81.25251007080078
2024-01-12,STORE0002,SKU0030,29.109012603759766,41.730506896972656
2024-01-12,STORE0002,SKU0031,33.67714309692383,42.5552978515625
2024-01-12,STORE0002,SKU0032,42.74712371826172,46.37893295288086
2024-01-12,STORE0002,SKU0033,60.20689392089844,75.21602630615234
2024-01-12,STORE0002,SKU0034,85.1200942993164,99.643798828125
2024-01-12,STORE0002,SKU0036,27.233137130737305,31.84642219543457
2024-01-12,STORE0002,SKU0037,65.46446228027344,77.56394958496094
2024-01-12,STORE0002,SKU0038,58.008201599121094,71.39633178710938
2024-01-12,STORE0002,SKU0039,11.304454803466797,11.350415229797363
2024-01-12,STORE0002,SKU0040,14.461414337158203,14.388721466064453
2024-01-12,STORE0002,SKU0041,53.808753967285156,64.76851654052734
2024-01-12,STORE0002,SKU0042,9.249343872070312,10.862309455871582
2024-01-12,STORE0002,SKU0043,28.933250427246094,34.45745086669922
2024-01-12,STORE0002,SKU0044,53.04792785644531,65.8864517211914
2024-01-12,STORE0002,SKU0046,57.85139846801758,76.56629943847656
2024-01-12,STORE0002,SKU0048,42.258296966552734,50.32728958129883
2024-01-12,STORE0002,SKU0051,51.04664611816406,50.70602798461914
2024-01-12,STORE0002,SKU0052,42.25685119628906,42.915565490722656
2024-01-12,STORE0002,SKU0054,58.98629379272461,60.47597885131836
2024-01-12,STORE0002,SKU0055,11.991291046142578,10.606058120727539
2024-01-12,STORE0002,SKU0056,17.728118896484375,15.932350158691406
2024-01-12,STORE0002,SKU0058,69.58781433105469,71.50868225097656
2024-01-12,STORE0002,SKU0059,19.686325073242188,18.830705642700195
2024-01-12,STORE0002,SKU0060,45.687461853027344,42.058074951171875
2024-01-12,STORE0002,SKU0062,14.560680389404297,13.279415130615234
2024-01-12,STORE0002,SKU0063,37.92955780029297,31.611112594604492
2024-01-12,STORE0002,SKU0064,68.47160339355469,70.72917938232422
2024-01-12,STORE0002,SKU0065,41.818016052246094,41.19103240966797
2024-01-12,STORE0002,SKU0066,23.350650787353516,18.84378433227539
2024-01-12,STORE0002,SKU0069,57.43434524536133,54.36726760864258
2024-01-12,STORE0002,SKU0070,76.57267761230469,78.498779296875
2024-01-12,STORE0002,SKU0071,24.24734878540039,23.097545623779297
2024-01-12,STORE0002,SKU0073,8.799762725830078,8.10666275024414
2024-01-12,STORE0002,SKU0074,40.77432632446289,42.4291877746582
2024-01-12,STORE0002,SKU0075,26.705516815185547,25.890644073486328
2024-01-12,STORE0002,SKU0078,23.8665771484375,21.368677139282227
2024-01-12,STORE0002,SKU0079,60.26144790649414,59.96620178222656
2024-01-12,STORE0002,SKU0081,51.03569793701172,51.01137924194336
2024-01-12,STORE0002,SKU0082,45.151153564453125,42.44004440307617
2024-01-12,STORE0002,SKU0083,64.763671875,66.16061401367188
2024-01-12,STORE0002,SKU0084,20.24544906616211,18.42953872680664
2024-01-12,STORE0002,SKU0086,7.58026123046875,6.736323356628418
2024-01-12,STORE0002,SKU0087,24.678611755371094,19.390789031982422
2024-01-12,STORE0002,SKU0088,19.746002197265625,19.660367965698242
2024-01-12,STORE0002,SKU0089,33.955177307128906,33.544498443603516
2024-01-12,STORE0002,SKU0090,16.975345611572266,15.130790710449219
2024-01-12,STORE0002,SKU0092,68.42256927490234,70.26594543457031
2024-01-12,STORE0002,SKU0093,53.545230865478516,53.63557434082031
2024-01-12,STORE0002,SKU0096,68.68769836425781,66.40889739990234
2024-01-12,STORE0002,SKU0097,51.80805206298828,48.67491149902344
2024-01-12,STORE0002,SKU0098,31.114288330078125,28.884151458740234
2024-01-12,STORE0002,SKU0099,70.30906677246094,69.04071807861328
2024-01-12,STORE0002,SKU0101,12.554122924804688,11.211374282836914
2024-01-12,STORE0002,SKU0102,71.51265716552734,75.96485900878906
2024-01-12,STORE0003,SKU0001,72.93760681152344,83.15293884277344
2024-01-12,STORE0003,SKU0003,17.56737518310547,17.478717803955078
2024-01-12,STORE0003,SKU0004,67.25128936767578,65.53401184082031
2024-01-12,STORE0003,SKU0005,56.67802810668945,58.14739990234375
2024-01-12,STORE0003,SKU0006,75.95404815673828,72.37770080566406
2024-01-12,STORE0003,SKU0007,21.49722671508789,21.099761962890625
2024-01-12,STORE0003,SKU0008,18.125778198242188,18.090293884277344
2024-01-12,STORE0003,SKU0009,41.86553192138672,43.711029052734375
2024-01-12,STORE0003,SKU0010,27.525156021118164,24.879108428955078
2024-01-12,STORE0003,SKU0011,16.413536071777344,14.422932624816895
2024-01-12,STORE0003,SKU0012,32.09539031982422,33.516319274902344
2024-01-12,STORE0003,SKU0013,59.90481948852539,52.6920166015625
2024-01-12,STORE0003,SKU0014,42.10751724243164,43.901466369628906
2024-01-12,STORE0003,SKU0015,10.332035064697266,8.615815162658691
2024-01-12,STORE0003,SKU0016,19.630504608154297,14.962239265441895
2024-01-12,STORE0003,SKU0019,12.799453735351562,10.342315673828125
2024-01-12,STORE0003,SKU0020,36.547515869140625,36.5631217956543
2024-01-12,STORE0003,SKU0021,39.77696990966797,40.45088195800781
2024-01-12,STORE0003,SKU0022,69.77337646484375,71.65023803710938
2024-01-12,STORE0003,SKU0023,51.54560470581055,52.906646728515625
2024-01-12,STORE0003,SKU0024,40.206993103027344,41.075958251953125
2024-01-12,STORE0003,SKU0025,19.13408660888672,21.759557723999023
2024-01-12,STORE0003,SKU0026,66.02576446533203,73.35256958007812
2024-01-12,STORE0003,SKU0028,74.27230834960938,85.4712905883789
2024-01-12,STORE0003,SKU0030,28.353300094604492,36.472808837890625
2024-01-12,STORE0003,SKU0031,33.93488311767578,40.68684387207031
2024-01-12,STORE0003,SKU0033,60.62149429321289,86.6670913696289
2024-01-12,STORE0003,SKU0035,111.33464813232422,126.04060363769531
2024-01-12,STORE0003,SKU0037,65.94725799560547,80.61869812011719
2024-01-12,STORE0003,SKU0039,10.484634399414062,12.179722785949707
2024-01-12,STORE0003,SKU0040,13.810287475585938,14.447261810302734
2024-01-12,STORE0003,SKU0041,52.89874267578125,63.1669807434082
2024-01-12,STORE0003,SKU0042,8.459484100341797,12.059319496154785
2024-01-12,STORE0003,SKU0043,28.26555061340332,36.06764602661133
2024-01-12,STORE0003,SKU0044,52.68527603149414,68.4683837890625
2024-01-12,STORE0003,SKU0045,40.68534851074219,49.21980285644531
2024-01-12,STORE0003,SKU0046,57.91950225830078,73.0849380493164
2024-01-12,STORE0003,SKU0047,47.41205978393555,62.37653732299805
2024-01-12,STORE0003,SKU0048,41.64778137207031,55.206260681152344
2024-01-12,STORE0003,SKU0049,35.37835693359375,32.6657600402832
2024-01-12,STORE0003,SKU0050,12.928569793701172,13.140743255615234
2024-01-12,STORE0003,SKU0051,50.817527770996094,50.85745620727539
2024-01-12,STORE0003,SKU0052,41.636268615722656,41.2475471496582
2024-01-12,STORE0003,SKU0053,23.972259521484375,24.874597549438477
2024-01-12,STORE0003,SKU0054,59.26310729980469,63.16752624511719
2024-01-12,STORE0003,SKU0055,11.261295318603516,10.168597221374512
2024-01-12,STORE0003,SKU0056,17.180713653564453,15.712493896484375
2024-01-12,STORE0003,SKU0058,69.46041870117188,69.0650405883789
2024-01-12,STORE0003,SKU0060,45.08524703979492,44.462799072265625
2024-01-12,STORE0003,SKU0061,69.084228515625,73.30520629882812
2024-01-12,STORE0003,SKU0062,13.924278259277344,12.736265182495117
2024-01-12,STORE0003,SKU0063,37.226531982421875,36.26817321777344
2024-01-12,STORE0003,SKU0064,68.56375885009766,68.77235412597656
2024-01-12,STORE0003,SKU0065,40.981109619140625,42.36296844482422
2024-01-12,STORE0003,SKU0066,22.76882553100586,19.712081909179688
2024-01-12,STORE0003,SKU0067,30.481340408325195,28.285415649414062
2024-01-12,STORE0003,SKU0068,30.33526611328125,31.350217819213867
2024-01-12,STORE0003,SKU0069,57.19801330566406,56.058563232421875
2024-01-12,STORE0003,SKU0070,76.54273986816406,72.85704803466797
2024-01-12,STORE0003,SKU0071,24.006526947021484,23.70524024963379
2024-01-12,STORE0003,SKU0073,8.162895202636719,7.8959527015686035
2024-01-12,STORE0003,SKU0075,25.977558135986328,27.37698745727539
2024-01-12,STORE0003,SKU0076,23.36579132080078,22.28757667541504
2024-01-12,STORE0003,SKU0077,39.717071533203125,40.123016357421875
2024-01-12,STORE0003,SKU0082,44.39190673828125,41.11891174316406
2024-01-12,STORE0003,SKU0084,19.601837158203125,19.844932556152344
2024-01-12,STORE0003,SKU0086,6.909236907958984,7.1588616371154785
2024-01-12,STORE0003,SKU0087,24.149471282958984,21.301315307617188
2024-01-12,STORE0003,SKU0088,18.986270904541016,17.497045516967773
2024-01-12,STORE0003,SKU0089,33.40495300292969,34.35868835449219
2024-01-12,STORE0003,SKU0091,14.217636108398438,12.945371627807617
2024-01-12,STORE0003,SKU0092,69.095458984375,66.24372100830078
2024-01-12,STORE0003,SKU0093,52.79755783081055,52.4305305480957
2024-01-12,STORE0003,SKU0094,45.6876335144043,43.2773551940918
2024-01-12,STORE0003,SKU0095,23.583465576171875,22.10887908935547
2024-01-12,STORE0003,SKU0096,68.58718872070312,66.89466857910156
2024-01-12,STORE0003,SKU0097,51.576988220214844,50.38611602783203
2024-01-12,STORE0003,SKU0099,70.40530395507812,72.84545135498047
2024-01-12,STORE0003,SKU0100,63.54141616821289,69.57929992675781
2024-01-12,STORE0003,SKU0101,12.046577453613281,11.491832733154297
2024-01-12,STORE0004,SKU0001,104.39862823486328,100.74442291259766
2024-01-12,STORE0004,SKU0002,69.17140197753906,62.866058349609375
2024-01-12,STORE0004,SKU0003,23.47467041015625,23.115604400634766
2024-01-12,STORE0004,SKU0005,79.42613220214844,72.56885528564453
2024-01-12,STORE0004,SKU0007,30.311737060546875,27.425580978393555
2024-01-12,STORE0004,SKU0008,25.809036254882812,23.86429214477539
2024-01-12,STORE0004,SKU0009,60.23966598510742,57.124942779541016
2024-01-12,STORE0004,SKU0012,45.880245208740234,42.587982177734375
2024-01-12,STORE0004,SKU0013,86.95755004882812,76.7962417602539
2024-01-12,STORE0004,SKU0014,60.264469146728516,56.022125244140625
2024-01-12,STORE0004,SKU0015,14.059738159179688,11.32499885559082
2024-01-12,STORE0004,SKU0017,104.23342895507812,96.55799865722656
2024-01-12,STORE0004,SKU0018,90.29530334472656,86.37555694580078
2024-01-12,STORE0004,SKU0019,18.546985626220703,15.675799369812012
2024-01-12,STORE0004,SKU0020,51.99060821533203,52.18458938598633
2024-01-12,STORE0004,SKU0021,57.813297271728516,59.95710754394531
2024-01-12,STORE0004,SKU0023,73.97998809814453,64.75749969482422
2024-01-12,STORE0004,SKU0024,58.01595687866211,60.19343566894531
2024-01-12,STORE0004,SKU0025,26.57709503173828,28.100326538085938
2024-01-12,STORE0004,SKU0026,94.0595474243164,97.26569366455078
2024-01-12,STORE0004,SKU0027,105.00607299804688,100.9983139038086
2024-01-12,STORE0004,SKU0028,106.28433990478516,99.98465728759766
2024-01-12,STORE0004,SKU0029,26.836605072021484,33.720664978027344
2024-01-12,STORE0004,SKU0031,47.56684875488281,54.015052795410156
2024-01-12,STORE0004,SKU0032,62.90810775756836,68.05713653564453
2024-01-12,STORE0004,SKU0033,85.57229614257812,98.2017593383789
2024-01-12,STORE0004,SKU0034,128.23548889160156,127.9299545288086
2024-01-12,STORE0004,SKU0035,154.704833984375,140.4517059326172
2024-01-12,STORE0004,SKU0036,37.41862106323242,44.60160827636719
2024-01-12,STORE0004,SKU0037,92.69328308105469,98.09541320800781
2024-01-12,STORE0004,SKU0038,81.92876434326172,97.12834930419922
2024-01-12,STORE0004,SKU0039,14.344905853271484,16.69605827331543
2024-01-12,STORE0004,SKU0040,19.326671600341797,22.51070785522461
2024-01-12,STORE0004,SKU0041,73.80731201171875,82.24475860595703
2024-01-12,STORE0004,SKU0045,57.6937141418457,62.53749084472656
2024-01-12,STORE0004,SKU0046,81.9906997680664,88.43958282470703
2024-01-12,STORE0004,SKU0047,66.20713806152344,73.13279724121094
2024-01-12,STORE0004,SKU0048,58.297584533691406,65.94102478027344
2024-01-12,STORE0004,SKU0049,51.1387939453125,48.31726837158203
2024-01-12,STORE0004,SKU0050,18.927658081054688,16.71408462524414
2024-01-12,STORE0004,SKU0051,71.49922180175781,72.00455474853516
2024-01-12,STORE0004,SKU0052,58.49964904785156,55.66200637817383
2024-01-12,STORE0004,SKU0053,33.818031311035156,31.808088302612305
2024-01-12,STORE0004,SKU0054,82.77985382080078,70.62782287597656
2024-01-12,STORE0004,SKU0055,15.718952178955078,14.911224365234375
2024-01-12,STORE0004,SKU0056,23.57516860961914,22.369726181030273
2024-01-12,STORE0004,SKU0057,89.02891540527344,87.85686492919922
2024-01-12,STORE0004,SKU0058,97.41972351074219,90.45709991455078
2024-01-12,STORE0004,SKU0060,62.95661544799805,55.55384826660156
2024-01-12,STORE0004,SKU0061,98.64171600341797,89.91114044189453
2024-01-12,STORE0004,SKU0062,18.978546142578125,18.07160186767578
2024-01-12,STORE0004,SKU0063,54.081451416015625,49.90106201171875
2024-01-12,STORE0004,SKU0064,96.62274169921875,89.2165756225586
2024-01-12,STORE0004,SKU0065,58.22819519042969,55.16757583618164
2024-01-12,STORE0004,SKU0066,30.271503448486328,28.851154327392578
2024-01-12,STORE0004,SKU0068,43.5651969909668,35.69906234741211
2024-01-12,STORE0004,SKU0070,107.8985595703125,96.47066497802734
2024-01-12,STORE0004,SKU0071,34.32994842529297,28.9398193359375
2024-01-12,STORE0004,SKU0072,40.12400817871094,36.967105865478516
2024-01-12,STORE0004,SKU0075,35.458072662353516,33.886024475097656
2024-01-12,STORE0004,SKU0076,33.05106735229492,26.9349308013916
2024-01-12,STORE0004,SKU0077,57.31412887573242,53.462467193603516
2024-01-12,STORE0004,SKU0078,31.924896240234375,30.440738677978516
2024-01-12,STORE0004,SKU0079,84.79442596435547,78.77452850341797
2024-01-12,STORE0004,SKU0081,71.59505462646484,70.79676055908203
2024-01-12,STORE0004,SKU0085,65.90332794189453,59.03041076660156
2024-01-12,STORE0004,SKU0087,32.936607360839844,31.240249633789062
2024-01-12,STORE0004,SKU0088,25.569087982177734,23.43391227722168
2024-01-12,STORE0004,SKU0090,22.168140411376953,18.65558433532715
2024-01-12,STORE0004,SKU0091,19.632732391357422,19.882625579833984
2024-01-12,STORE0004,SKU0092,98.89454650878906,83.72679138183594
2024-01-12,STORE0004,SKU0093,75.32322692871094,78.45356750488281
2024-01-12,STORE0004,SKU0095,31.082149505615234,30.96750259399414
2024-01-12,STORE0004,SKU0096,99.08135986328125,91.72679138183594
2024-01-12,STORE0004,SKU0097,71.56808471679688,67.61585998535156
2024-01-12,STORE0004,SKU0098,42.435035705566406,37.140525817871094
2024-01-12,STORE0004,SKU0099,99.105712890625,88.9203872680664
2024-01-12,STORE0004,SKU0100,88.5826644897461,87.03858947753906
2024-01-12,STORE0004,SKU0101,16.99725341796875,15.598162651062012
2024-01-12,STORE0004,SKU0102,101.54633331298828,90.40562438964844
2024-01-12,STORE0005,SKU0001,104.56719970703125,102.73216247558594
2024-01-12,STORE0005,SKU0002,68.49503326416016,60.94673538208008
2024-01-12,STORE0005,SKU0003,23.853607177734375,21.22373390197754
2024-01-12,STORE0005,SKU0004,96.11529541015625,88.95289611816406
2024-01-12,STORE0005,SKU0005,81.61080169677734,64.45240020751953
2024-01-12,STORE0005,SKU0006,108.28723907470703,99.64351654052734
2024-01-12,STORE0005,SKU0007,30.773984909057617,29.388099670410156
2024-01-12,STORE0005,SKU0009,60.93881607055664,60.15354537963867
2024-01-12,STORE0005,SKU0010,39.002830505371094,34.371971130371094
2024-01-12,STORE0005,SKU0011,22.786376953125,18.920625686645508
2024-01-12,STORE0005,SKU0012,46.46086502075195,42.887123107910156
2024-01-12,STORE0005,SKU0013,86.28601837158203,80.69566345214844
2024-01-12,STORE0005,SKU0014,60.582054138183594,51.69580078125
2024-01-12,STORE0005,SKU0015,14.198875427246094,11.826386451721191
2024-01-12,STORE0005,SKU0016,26.725967407226562,21.88816261291504
2024-01-12,STORE0005,SKU0018,91.58258056640625,81.79192352294922
2024-01-12,STORE0005,SKU0019,18.47808074951172,15.388631820678711
2024-01-12,STORE0005,SKU0020,52.58363723754883,48.26144790649414
2024-01-12,STORE0005,SKU0021,57.62749481201172,57.74772262573242
2024-01-12,STORE0005,SKU0022,100.17062377929688,91.52422332763672
2024-01-12,STORE0005,SKU0023,73.83668518066406,62.62089920043945
2024-01-12,STORE0005,SKU0026,91.1268310546875,91.7320556640625
2024-01-12,STORE0005,SKU0027,105.52171325683594,99.91299438476562
2024-01-12,STORE0005,SKU0028,107.2210464477539,103.48234558105469
2024-01-12,STORE0005,SKU0031,46.93419647216797,53.30709457397461
2024-01-12,STORE0005,SKU0033,83.80671691894531,92.92704772949219
2024-01-12,STORE0005,SKU0034,125.81709289550781,122.11223602294922
2024-01-12,STORE0005,SKU0035,148.17465209960938,138.34214782714844
2024-01-12,STORE0005,SKU0036,35.80471420288086,41.332550048828125
2024-01-12,STORE0005,SKU0038,83.53803253173828,96.43299865722656
2024-01-12,STORE0005,SKU0039,14.514789581298828,17.194355010986328
2024-01-12,STORE0005,SKU0040,19.51667022705078,19.123374938964844
2024-01-12,STORE0005,SKU0041,76.03231048583984,70.34844207763672
2024-01-12,STORE0005,SKU0043,41.765838623046875,48.578433990478516
2024-01-12,STORE0005,SKU0045,57.89231491088867,53.368988037109375
2024-01-12,STORE0005,SKU0048,59.71818542480469,63.915496826171875
2024-01-12,STORE0005,SKU0049,52.171302795410156,47.843650817871094
2024-01-12,STORE0005,SKU0050,18.562698364257812,16.586959838867188
2024-01-12,STORE0005,SKU0051,72.06329345703125,73.36640167236328
2024-01-12,STORE0005,SKU0052,60.34697723388672,55.7333984375
2024-01-12,STORE0005,SKU0053,34.20158767700195,30.68850326538086
2024-01-12,STORE0005,SKU0054,84.03123474121094,75.76019287109375
2024-01-12,STORE0005,SKU0055,15.877334594726562,14.362053871154785
2024-01-12,STORE0005,SKU0056,23.829299926757812,22.024320602416992
2024-01-12,STORE0005,SKU0057,89.30853271484375,87.1585922241211
2024-01-12,STORE0005,SKU0058,99.8843002319336,91.16726684570312
2024-01-12,STORE0005,SKU0060,64.103759765625,61.851688385009766
2024-01-12,STORE0005,SKU0062,18.736339569091797,18.080766677856445
2024-01-12,STORE0005,SKU0063,53.433921813964844,46.922088623046875
2024-01-12,STORE0005,SKU0064,98.08812713623047,92.16023254394531
2024-01-12,STORE0005,SKU0066,30.70238494873047,25.02431297302246
2024-01-12,STORE0005,SKU0067,43.082359313964844,40.405792236328125
2024-01-12,STORE0005,SKU0068,43.6920051574707,37.071983337402344
2024-01-12,STORE0005,SKU0070,109.46702575683594,96.91392517089844
2024-01-12,STORE0005,SKU0071,34.595977783203125,30.380353927612305
2024-01-12,STORE0005,SKU0072,40.435791015625,37.72466278076172
2024-01-12,STORE0005,SKU0073,11.664546966552734,9.909284591674805
2024-01-12,STORE0005,SKU0074,58.3945426940918,52.77008819580078
2024-01-12,STORE0005,SKU0075,36.28376007080078,35.6176643371582
2024-01-12,STORE0005,SKU0076,33.26792907714844,27.290538787841797
2024-01-12,STORE0005,SKU0077,57.58361053466797,46.52126693725586
2024-01-12,STORE0005,SKU0079,85.79265594482422,75.96144104003906
2024-01-12,STORE0005,SKU0080,81.298583984375,73.20162963867188
2024-01-12,STORE0005,SKU0081,71.96678161621094,67.31812286376953
2024-01-12,STORE0005,SKU0082,64.39044952392578,59.91019058227539
2024-01-12,STORE0005,SKU0083,91.91317749023438,81.73767852783203
2024-01-12,STORE0005,SKU0084,27.293779373168945,23.290468215942383
2024-01-12,STORE0005,SKU0085,68.13465118408203,67.58169555664062
2024-01-12,STORE0005,SKU0086,9.872791290283203,8.178422927856445
2024-01-12,STORE0005,SKU0087,33.36420440673828,29.38762855529785
2024-01-12,STORE0005,SKU0088,25.849388122558594,23.721214294433594
2024-01-12,STORE0005,SKU0089,48.582820892333984,46.513919830322266
2024-01-12,STORE0005,SKU0091,19.66958236694336,16.555564880371094
2024-01-12,STORE0005,SKU0094,65.58665466308594,62.41257858276367
2024-01-12,STORE0005,SKU0095,32.019020080566406,32.27926254272461
2024-01-12,STORE0005,SKU0096,99.24406433105469,92.79657745361328
2024-01-12,STORE0005,SKU0098,43.96690368652344,41.24745178222656
2024-01-12,STORE0005,SKU0100,88.86502838134766,84.12174987792969
2024-01-12,STORE0005,SKU0101,16.543731689453125,15.009723663330078
2024-01-12,STORE0005,SKU0102,100.83375549316406,93.69384765625
2024-01-12,STORE0006,SKU0001,103.56401062011719,97.89205169677734
2024-01-12,STORE0006,SKU0003,23.55389404296875,20.075454711914062
2024-01-12,STORE0006,SKU0004,95.42040252685547,86.91310119628906
2024-01-12,STORE0006,SKU0005,80.25044250488281,72.55976104736328
2024-01-12,STORE0006,SKU0006,108.01712799072266,98.89068603515625
2024-01-12,STORE0006,SKU0007,30.74538803100586,27.57023811340332
2024-01-12,STORE0006,SKU0008,25.89959716796875,23.63021469116211
2024-01-12,STORE0006,SKU0009,59.48018264770508,56.11850357055664
2024-01-12,STORE0006,SKU0010,38.33789825439453,36.81293869018555
2024-01-12,STORE0006,SKU0011,22.98580551147461,19.559986114501953
2024-01-12,STORE0006,SKU0012,46.23374938964844,38.86237716674805
2024-01-12,STORE0006,SKU0013,86.12933349609375,80.91585540771484
2024-01-12,STORE0006,SKU0017,104.57952880859375,89.31651306152344
2024-01-12,STORE0006,SKU0018,91.93904113769531,83.15924835205078
2024-01-12,STORE0006,SKU0019,18.810840606689453,15.562285423278809
2024-01-12,STORE0006,SKU0020,52.49241638183594,49.319313049316406
2024-01-12,STORE0006,SKU0021,57.105831146240234,50.18263244628906
2024-01-12,STORE0006,SKU0022,99.48554229736328,88.13631439208984
2024-01-12,STORE0006,SKU0023,73.95311737060547,65.47354125976562
2024-01-12,STORE0006,SKU0025,26.985748291015625,31.353452682495117
2024-01-12,STORE0006,SKU0026,92.65775299072266,95.86006164550781
2024-01-12,STORE0006,SKU0028,106.97344970703125,97.47247314453125
2024-01-12,STORE0006,SKU0029,26.790103912353516,32.81827926635742
2024-01-12,STORE0006,SKU0030,40.63400650024414,48.49850845336914
2024-01-12,STORE0006,SKU0031,47.968605041503906,51.42059326171875
2024-01-12,STORE0006,SKU0032,62.92221450805664,71.35950469970703
2024-01-12,STORE0006,SKU0033,88.16360473632812,98.8267822265625
2024-01-12,STORE0006,SKU0034,129.6595458984375,118.13423919677734
2024-01-12,STORE0006,SKU0035,160.0581512451172,139.65579223632812
2024-01-12,STORE0006,SKU0036,36.48341369628906,40.833065032958984
2024-01-12,STORE0006,SKU0037,93.2874755859375,96.6856689453125
2024-01-12,STORE0006,SKU0038,82.55999755859375,96.32659912109375
2024-01-12,STORE0006,SKU0039,14.295154571533203,16.88597297668457
2024-01-12,STORE0006,SKU0040,19.269744873046875,22.914459228515625
2024-01-12,STORE0006,SKU0041,76.01866149902344,82.80606842041016
2024-01-12,STORE0006,SKU0042,11.596240997314453,16.147336959838867
2024-01-12,STORE0006,SKU0044,74.64935302734375,88.4443130493164
2024-01-12,STORE0006,SKU0045,57.91192626953125,65.94672393798828
2024-01-12,STORE0006,SKU0046,81.7987060546875,84.6299819946289
2024-01-12,STORE0006,SKU0047,66.82342529296875,81.1458740234375
2024-01-12,STORE0006,SKU0048,60.44471740722656,65.34864044189453
2024-01-12,STORE0006,SKU0050,18.816715240478516,15.753949165344238
2024-01-12,STORE0006,SKU0052,60.468597412109375,58.503387451171875
2024-01-12,STORE0006,SKU0053,33.984214782714844,30.955934524536133
2024-01-12,STORE0006,SKU0054,82.73309326171875,83.40486907958984
2024-01-12,STORE0006,SKU0055,15.859962463378906,14.600141525268555
2024-01-12,STORE0006,SKU0056,23.48131561279297,22.743417739868164
2024-01-12,STORE0006,SKU0057,89.43011474609375,89.0679702758789
2024-01-12,STORE0006,SKU0058,98.40928649902344,94.53500366210938
2024-01-12,STORE0006,SKU0060,64.31731414794922,60.251609802246094
2024-01-12,STORE0006,SKU0063,53.9214973449707,42.0242919921875
2024-01-12,STORE0006,SKU0064,99.27791595458984,91.61356353759766
2024-01-12,STORE0006,SKU0065,59.06061935424805,55.55359649658203
2024-01-12,STORE0006,SKU0066,30.532835006713867,30.42582130432129
2024-01-12,STORE0006,SKU0067,42.61537170410156,36.027732849121094
2024-01-12,STORE0006,SKU0069,80.00355529785156,72.88349914550781
2024-01-12,STORE0006,SKU0070,106.75972747802734,98.43565368652344
2024-01-12,STORE0006,SKU0071,34.34977722167969,29.46042823791504
2024-01-12,STORE0006,SKU0072,40.209537506103516,31.098703384399414
2024-01-12,STORE0006,SKU0073,11.866588592529297,11.0051851272583
2024-01-12,STORE0006,SKU0075,35.87300109863281,36.628074645996094
2024-01-12,STORE0006,SKU0076,33.24626922607422,26.923198699951172
2024-01-12,STORE0006,SKU0077,57.9609375,53.04634094238281
2024-01-12,STORE0006,SKU0081,71.00977325439453,63.89518356323242
2024-01-12,STORE0006,SKU0084,26.812744140625,27.212753295898438
2024-01-12,STORE0006,SKU0085,67.26248168945312,70.05675506591797
2024-01-12,STORE0006,SKU0087,32.91716384887695,27.40090560913086
2024-01-12,STORE0006,SKU0088,25.4520263671875,25.420616149902344
2024-01-12,STORE0006,SKU0090,22.1734619140625,18.663908004760742
2024-01-12,STORE0006,SKU0091,19.565879821777344,15.646073341369629
2024-01-12,STORE0006,SKU0092,99.79643249511719,89.85773468017578
2024-01-12,STORE0006,SKU0094,64.47470092773438,63.693721771240234
2024-01-12,STORE0006,SKU0095,31.33863639831543,28.54911994934082
2024-01-12,STORE0006,SKU0096,100.0391845703125,93.77203369140625
2024-01-12,STORE0006,SKU0097,72.59227752685547,71.24751281738281
2024-01-12,STORE0006,SKU0098,42.99559020996094,37.031524658203125
2024-01-12,STORE0006,SKU0099,99.07386779785156,85.35076904296875
2024-01-12,STORE0006,SKU0100,89.73068237304688,86.79519653320312
2024-01-12,STORE0006,SKU0101,16.751506805419922,14.840657234191895
2024-01-12,STORE0006,SKU0102,99.76179504394531,85.64949798583984
2024-01-12,STORE0007,SKU0001,72.86377716064453,84.93067169189453
2024-01-12,STORE0007,SKU0002,48.88817596435547,47.97649002075195
2024-01-12,STORE0007,SKU0003,18.105880737304688,15.999970436096191
2024-01-12,STORE0007,SKU0004,68.1681137084961,69.50345611572266
2024-01-12,STORE0007,SKU0006,76.247802734375,66.75444793701172
2024-01-12,STORE0007,SKU0008,18.63155746459961,16.950096130371094
2024-01-12,STORE0007,SKU0009,42.66364288330078,43.738853454589844
2024-01-12,STORE0007,SKU0011,16.77834701538086,13.657438278198242
2024-01-12,STORE0007,SKU0012,32.782875061035156,28.920698165893555
2024-01-12,STORE0007,SKU0013,60.31439208984375,57.846858978271484
2024-01-12,STORE0007,SKU0015,10.974414825439453,7.714834690093994
2024-01-12,STORE0007,SKU0016,20.17325210571289,18.667510986328125
2024-01-12,STORE0007,SKU0018,64.22168731689453,64.15435028076172
2024-01-12,STORE0007,SKU0020,37.28282165527344,37.64019012451172
2024-01-12,STORE0007,SKU0022,70.39540100097656,73.01409149169922
2024-01-12,STORE0007,SKU0023,51.942935943603516,54.795894622802734
2024-01-12,STORE0007,SKU0024,41.029754638671875,41.18205642700195
2024-01-12,STORE0007,SKU0025,19.721832275390625,23.50432014465332
2024-01-12,STORE0007,SKU0026,66.8814468383789,70.01514434814453
2024-01-12,STORE0007,SKU0027,73.94869232177734,87.57542419433594
2024-01-12,STORE0007,SKU0028,75.54066467285156,87.67082214355469
2024-01-12,STORE0007,SKU0029,20.036094665527344,23.500356674194336
2024-01-12,STORE0007,SKU0030,29.0889892578125,36.0853385925293
2024-01-12,STORE0007,SKU0031,34.58350372314453,39.749996185302734
2024-01-12,STORE0007,SKU0032,42.81226348876953,51.15638732910156
2024-01-12,STORE0007,SKU0034,92.01292419433594,100.66539764404297
2024-01-12,STORE0007,SKU0035,111.37103271484375,123.90383911132812
2024-01-12,STORE0007,SKU0036,27.715087890625,35.11555099487305
2024-01-12,STORE0007,SKU0037,66.00239562988281,84.00078582763672
2024-01-12,STORE0007,SKU0038,58.78059768676758,75.5383529663086
2024-01-12,STORE0007,SKU0039,10.978462219238281,13.136480331420898
2024-01-12,STORE0007,SKU0040,14.361438751220703,15.387955665588379
2024-01-12,STORE0007,SKU0043,28.871774673461914,36.36137008666992
2024-01-12,STORE0007,SKU0044,53.262840270996094,69.32676696777344
2024-01-12,STORE0007,SKU0045,41.10405349731445,47.36222839355469
2024-01-12,STORE0007,SKU0046,57.92802429199219,74.21914672851562
2024-01-12,STORE0007,SKU0047,48.072959899902344,67.43917083740234
2024-01-12,STORE0007,SKU0048,42.00143051147461,48.73088455200195
2024-01-12,STORE0007,SKU0049,36.56317901611328,36.220699310302734
2024-01-12,STORE0007,SKU0050,13.525688171386719,11.6128511428833
2024-01-12,STORE0007,SKU0053,24.378341674804688,24.922191619873047
2024-01-12,STORE0007,SKU0055,11.831085205078125,10.34544563293457
2024-01-12,STORE0007,SKU0056,17.757835388183594,16.26944351196289
2024-01-12,STORE0007,SKU0058,70.17819213867188,70.77653503417969
2024-01-12,STORE0007,SKU0059,19.530048370361328,18.189409255981445
2024-01-12,STORE0007,SKU0060,46.176788330078125,49.26750564575195
2024-01-12,STORE0007,SKU0061,69.20985412597656,63.55221176147461
2024-01-12,STORE0007,SKU0062,14.5311279296875,12.87704849243164
2024-01-12,STORE0007,SKU0063,38.00169372558594,37.4969482421875
2024-01-12,STORE0007,SKU0065,41.44236755371094,40.3215446472168
2024-01-12,STORE0007,SKU0066,23.355953216552734,18.745891571044922
2024-01-12,STORE0007,SKU0067,30.899744033813477,28.664562225341797
2024-01-12,STORE0007,SKU0068,31.182870864868164,31.38736915588379
2024-01-12,STORE0007,SKU0072,28.801002502441406,24.63238525390625
2024-01-12,STORE0007,SKU0073,8.674583435058594,8.142822265625
2024-01-12,STORE0007,SKU0074,41.11454391479492,40.15863800048828
2024-01-12,STORE0007,SKU0075,26.527969360351562,25.257749557495117
2024-01-12,STORE0007,SKU0076,24.034740447998047,23.001760482788086
2024-01-12,STORE0007,SKU0078,23.77969741821289,22.74449920654297
2024-01-12,STORE0007,SKU0079,60.21086883544922,61.974639892578125
2024-01-12,STORE0007,SKU0080,56.976585388183594,53.326820373535156
2024-01-12,STORE0007,SKU0081,51.14787673950195,50.06362533569336
2024-01-12,STORE0007,SKU0082,45.69507598876953,48.89767074584961
2024-01-12,STORE0007,SKU0083,64.61466979980469,65.4124755859375
2024-01-12,STORE0007,SKU0084,20.134517669677734,15.348774909973145
2024-01-12,STORE0007,SKU0085,48.630062103271484,46.431846618652344
2024-01-12,STORE0007,SKU0086,7.605152130126953,6.864765167236328
2024-01-12,STORE0007,SKU0087,24.737613677978516,21.271617889404297
2024-01-12,STORE0007,SKU0088,19.569042205810547,17.577341079711914
2024-01-12,STORE0007,SKU0089,34.089351654052734,30.269412994384766
2024-01-12,STORE0007,SKU0090,16.910316467285156,15.467836380004883
2024-01-12,STORE0007,SKU0093,53.3677864074707,52.037723541259766
2024-01-12,STORE0007,SKU0094,46.17486572265625,42.509796142578125
2024-01-12,STORE0007,SKU0096,69.47149658203125,71.57511901855469
2024-01-12,STORE0007,SKU0097,52.037841796875,49.8954963684082
2024-01-12,STORE0007,SKU0098,31.029478073120117,32.06798553466797
2024-01-12,STORE0007,SKU0099,71.25444030761719,72.6657485961914
2024-01-12,STORE0007,SKU0100,63.58293533325195,64.28926086425781
2024-01-12,STORE0007,SKU0101,12.510894775390625,10.643088340759277
2024-01-12,STORE0007,SKU0102,71.14669036865234,64.46692657470703
2024-01-12,STORE0008,SKU0001,103.83480072021484,98.80054473876953
2024-01-12,STORE0008,SKU0002,67.41362762451172,62.28868103027344
2024-01-12,STORE0008,SKU0003,23.3956298828125,22.726682662963867
2024-01-12,STORE0008,SKU0004,94.61048889160156,88.27776336669922
2024-01-12,STORE0008,SKU0005,79.39854431152344,75.10193634033203
2024-01-12,STORE0008,SKU0006,106.72372436523438,94.77728271484375
2024-01-12,STORE0008,SKU0007,30.191829681396484,28.22597312927246
2024-01-12,STORE0008,SKU0008,25.50000762939453,23.173152923583984
2024-01-12,STORE0008,SKU0009,60.55146408081055,58.69890594482422
2024-01-12,STORE0008,SKU0010,38.17079162597656,32.399635314941406
2024-01-12,STORE0008,SKU0011,22.43572235107422,16.875898361206055
2024-01-12,STORE0008,SKU0012,46.382049560546875,38.88188171386719
2024-01-12,STORE0008,SKU0013,86.82075500488281,77.49996948242188
2024-01-12,STORE0008,SKU0014,60.149757385253906,57.10549545288086
2024-01-12,STORE0008,SKU0015,13.69064712524414,11.58768081665039
2024-01-12,STORE0008,SKU0016,26.14507293701172,22.339759826660156
2024-01-12,STORE0008,SKU0018,90.11355590820312,81.50358581542969
2024-01-12,STORE0008,SKU0020,52.27211380004883,54.44538879394531
2024-01-12,STORE0008,SKU0022,99.6632080078125,88.99687957763672
2024-01-12,STORE0008,SKU0025,26.743247985839844,31.567893981933594
2024-01-12,STORE0008,SKU0027,104.73252868652344,99.49027252197266
2024-01-12,STORE0008,SKU0028,106.14710235595703,106.45346069335938
2024-01-12,STORE0008,SKU0029,26.753204345703125,34.05986404418945
2024-01-12,STORE0008,SKU0030,39.98929214477539,45.34053039550781
2024-01-12,STORE0008,SKU0031,46.79368209838867,58.5801887512207
2024-01-12,STORE0008,SKU0033,86.43110656738281,94.95526885986328
2024-01-12,STORE0008,SKU0035,145.8242950439453,137.93382263183594
2024-01-12,STORE0008,SKU0038,81.08499908447266,94.68623352050781
2024-01-12,STORE0008,SKU0039,14.23574447631836,18.088605880737305
2024-01-12,STORE0008,SKU0040,19.343730926513672,22.315425872802734
2024-01-12,STORE0008,SKU0041,75.3240966796875,83.69817352294922
2024-01-12,STORE0008,SKU0042,11.457210540771484,16.251222610473633
2024-01-12,STORE0008,SKU0043,41.09815979003906,49.1983528137207
2024-01-12,STORE0008,SKU0044,74.00947570800781,85.46880340576172
2024-01-12,STORE0008,SKU0045,58.602783203125,68.66996002197266
2024-01-12,STORE0008,SKU0046,81.79327392578125,86.01502990722656
2024-01-12,STORE0008,SKU0047,66.80387115478516,69.53995513916016
2024-01-12,STORE0008,SKU0048,59.591156005859375,65.38067626953125
2024-01-12,STORE0008,SKU0049,51.406314849853516,46.245689392089844
2024-01-12,STORE0008,SKU0051,71.18608856201172,73.28059387207031
2024-01-12,STORE0008,SKU0055,15.538421630859375,13.892709732055664
2024-01-12,STORE0008,SKU0056,23.458709716796875,20.901798248291016
2024-01-12,STORE0008,SKU0057,88.4461898803711,85.61237335205078
2024-01-12,STORE0008,SKU0059,25.962425231933594,25.84591293334961
2024-01-12,STORE0008,SKU0060,62.8914794921875,58.56838607788086
2024-01-12,STORE0008,SKU0061,98.78950500488281,88.06210327148438
2024-01-12,STORE0008,SKU0062,18.45562744140625,18.114944458007812
2024-01-12,STORE0008,SKU0064,97.83645629882812,89.83440399169922
2024-01-12,STORE0008,SKU0065,57.810001373291016,55.12411117553711
2024-01-12,STORE0008,SKU0066,30.434036254882812,28.736183166503906
2024-01-12,STORE0008,SKU0067,42.48577117919922,39.51255416870117
2024-01-12,STORE0008,SKU0072,40.31561279296875,36.74908447265625
2024-01-12,STORE0008,SKU0074,58.20071792602539,57.09778594970703
2024-01-12,STORE0008,SKU0075,35.717811584472656,32.23991775512695
2024-01-12,STORE0008,SKU0076,33.261680603027344,30.416484832763672
2024-01-12,STORE0008,SKU0077,58.07353973388672,51.208740234375
2024-01-12,STORE0008,SKU0078,32.35584259033203,32.733097076416016
2024-01-12,STORE0008,SKU0080,80.59685516357422,83.74760437011719
2024-01-12,STORE0008,SKU0081,71.03857421875,61.50944519042969
2024-01-12,STORE0008,SKU0082,63.42500686645508,62.177040100097656
2024-01-12,STORE0008,SKU0083,91.50337219238281,90.40791320800781
2024-01-12,STORE0008,SKU0084,26.96619415283203,26.000226974487305
2024-01-12,STORE0008,SKU0085,67.51557922363281,65.48004150390625
2024-01-12,STORE0008,SKU0086,9.608928680419922,8.783473014831543
2024-01-12,STORE0008,SKU0087,33.36726760864258,32.45914077758789
2024-01-12,STORE0008,SKU0088,25.455577850341797,22.27379035949707
2024-01-12,STORE0008,SKU0089,46.7305908203125,43.85480499267578
2024-01-12,STORE0008,SKU0090,22.119220733642578,22.82858657836914
2024-01-12,STORE0008,SKU0091,19.432758331298828,19.483747482299805
2024-01-12,STORE0008,SKU0092,98.05022430419922,91.82542419433594
2024-01-12,STORE0008,SKU0093,76.1534423828125,70.70447540283203
2024-01-12,STORE0008,SKU0094,64.9310073852539,68.3658676147461
2024-01-12,STORE0008,SKU0095,31.123035430908203,28.627208709716797
2024-01-12,STORE0008,SKU0096,98.37606811523438,87.2706527709961
2024-01-12,STORE0008,SKU0097,72.33885192871094,70.37737274169922
2024-01-12,STORE0008,SKU0098,42.695526123046875,38.70408248901367
2024-01-12,STORE0008,SKU0099,99.55852508544922,93.1971664428711
2024-01-12,STORE0008,SKU0100,88.70552062988281,87.1991195678711
2024-01-12,STORE0008,SKU0101,16.12813949584961,14.300236701965332
2024-01-12,STORE0008,SKU0102,100.69300842285156,88.91429901123047
2024-01-12,STORE0009,SKU0001,88.07804870605469,93.21985626220703
2024-01-12,STORE0009,SKU0002,59.100826263427734,55.32619094848633
2024-01-12,STORE0009,SKU0003,20.308258056640625,18.191909790039062
2024-01-12,STORE0009,SKU0005,69.02183532714844,65.8832778930664
2024-01-12,STORE0009,SKU0006,93.11044311523438,94.6628646850586
2024-01-12,STORE0009,SKU0008,22.09760284423828,22.783910751342773
2024-01-12,STORE0009,SKU0009,51.080753326416016,49.70038604736328
2024-01-12,STORE0009,SKU0010,32.771209716796875,26.12964630126953
2024-01-12,STORE0009,SKU0011,19.474327087402344,15.886966705322266
2024-01-12,STORE0009,SKU0012,39.405029296875,38.05868148803711
2024-01-12,STORE0009,SKU0013,73.97164916992188,75.04149627685547
2024-01-12,STORE0009,SKU0015,12.087352752685547,10.07374095916748
2024-01-12,STORE0009,SKU0016,22.881362915039062,20.50054359436035
2024-01-12,STORE0009,SKU0017,89.55101776123047,89.8354721069336
2024-01-12,STORE0009,SKU0018,78.95503234863281,83.22728729248047
2024-01-12,STORE0009,SKU0019,15.562408447265625,13.247346878051758
2024-01-12,STORE0009,SKU0020,44.30341720581055,41.80844497680664
2024-01-12,STORE0009,SKU0022,87.38231658935547,86.5547866821289
2024-01-12,STORE0009,SKU0023,63.16628646850586,57.19816589355469
2024-01-12,STORE0009,SKU0024,49.485267639160156,48.35723114013672
2024-01-12,STORE0009,SKU0025,22.64849853515625,28.852203369140625
2024-01-12,STORE0009,SKU0027,91.04948425292969,90.54947662353516
2024-01-12,STORE0009,SKU0028,91.7548599243164,96.73362731933594
2024-01-12,STORE0009,SKU0030,34.49138641357422,39.62636947631836
2024-01-12,STORE0009,SKU0032,54.55034637451172,62.076171875
2024-01-12,STORE0009,SKU0033,77.74736785888672,97.69989013671875
2024-01-12,STORE0009,SKU0034,107.45774841308594,106.9368896484375
2024-01-12,STORE0009,SKU0035,129.88551330566406,136.23562622070312
2024-01-12,STORE0009,SKU0037,79.7232894897461,84.3577880859375
2024-01-12,STORE0009,SKU0038,71.03866577148438,84.49674224853516
2024-01-12,STORE0009,SKU0039,12.24380874633789,15.21259593963623
2024-01-12,STORE0009,SKU0041,66.62898254394531,75.93242645263672
2024-01-12,STORE0009,SKU0044,65.46240997314453,79.343994140625
2024-01-12,STORE0009,SKU0045,50.260738372802734,57.518409729003906
2024-01-12,STORE0009,SKU0046,70.4559555053711,75.09342193603516
2024-01-12,STORE0009,SKU0047,57.46600341796875,70.28919219970703
2024-01-12,STORE0009,SKU0049,44.50674057006836,38.949310302734375
2024-01-12,STORE0009,SKU0050,15.990676879882812,14.61759090423584
2024-01-12,STORE0009,SKU0051,62.17900466918945,57.930198669433594
2024-01-12,STORE0009,SKU0052,52.05150604248047,50.1937255859375
2024-01-12,STORE0009,SKU0055,13.550548553466797,12.37824535369873
2024-01-12,STORE0009,SKU0057,77.5370101928711,75.57785034179688
2024-01-12,STORE0009,SKU0058,84.72238159179688,82.0500717163086
2024-01-12,STORE0009,SKU0059,22.288162231445312,24.928831100463867
2024-01-12,STORE0009,SKU0060,54.968257904052734,51.70620346069336
2024-01-12,STORE0009,SKU0061,85.34017181396484,87.91394805908203
2024-01-12,STORE0009,SKU0062,16.476703643798828,16.3649845123291
2024-01-12,STORE0009,SKU0063,46.79619598388672,42.86677932739258
2024-01-12,STORE0009,SKU0064,85.03785705566406,87.49115753173828
2024-01-12,STORE0009,SKU0065,50.69820022583008,49.23181915283203
2024-01-12,STORE0009,SKU0066,26.492000579833984,26.05661392211914
2024-01-12,STORE0009,SKU0067,36.845088958740234,32.76837158203125
2024-01-12,STORE0009,SKU0068,37.298213958740234,34.435455322265625
2024-01-12,STORE0009,SKU0069,68.68562316894531,58.84004592895508
2024-01-12,STORE0009,SKU0070,92.70478820800781,81.91768646240234
2024-01-12,STORE0009,SKU0071,28.94100570678711,27.269893646240234
2024-01-12,STORE0009,SKU0072,34.509769439697266,31.356201171875
2024-01-12,STORE0009,SKU0074,49.911338806152344,50.59528732299805
2024-01-12,STORE0009,SKU0075,30.56913948059082,29.091754913330078
2024-01-12,STORE0009,SKU0076,28.10292625427246,25.897249221801758
2024-01-12,STORE0009,SKU0077,49.70052719116211,52.86139678955078
2024-01-12,STORE0009,SKU0078,27.551258087158203,29.3994197845459
2024-01-12,STORE0009,SKU0080,69.2991943359375,75.30687713623047
2024-01-12,STORE0009,SKU0082,54.523963928222656,53.585426330566406
2024-01-12,STORE0009,SKU0083,78.93765258789062,79.5008316040039
2024-01-12,STORE0009,SKU0084,23.27365493774414,21.455659866333008
2024-01-12,STORE0009,SKU0085,58.99028015136719,57.1064338684082
2024-01-12,STORE0009,SKU0086,8.590385437011719,8.324660301208496
2024-01-12,STORE0009,SKU0087,28.36502456665039,26.344219207763672
2024-01-12,STORE0009,SKU0088,21.782577514648438,20.565956115722656
2024-01-12,STORE0009,SKU0089,40.797550201416016,35.85489273071289
2024-01-12,STORE0009,SKU0090,18.854446411132812,17.759061813354492
2024-01-12,STORE0009,SKU0091,16.763713836669922,15.39441967010498
2024-01-12,STORE0009,SKU0092,84.55711364746094,83.65385437011719
2024-01-12,STORE0009,SKU0093,65.15039825439453,59.88637924194336
2024-01-12,STORE0009,SKU0096,85.1076889038086,88.39507293701172
2024-01-12,STORE0009,SKU0097,62.398860931396484,60.75758743286133
2024-01-12,STORE0009,SKU0098,37.04671859741211,36.88824462890625
2024-01-12,STORE0009,SKU0099,85.07939147949219,83.30355834960938
2024-01-12,STORE0009,SKU0102,87.1340103149414,84.69214630126953
2024-01-12,STORE0010,SKU0001,87.84930419921875,93.46334075927734
2024-01-12,STORE0010,SKU0004,81.91655731201172,88.5272445678711
2024-01-12,STORE0010,SKU0005,68.41460418701172,63.39486312866211
2024-01-12,STORE0010,SKU0006,90.70909881591797,78.77422332763672
2024-01-12,STORE0010,SKU0007,25.457355499267578,21.791038513183594
2024-01-12,STORE0010,SKU0010,32.32744598388672,29.933378219604492
2024-01-12,STORE0010,SKU0011,19.33267593383789,17.540254592895508
2024-01-12,STORE0010,SKU0012,38.82966995239258,37.450862884521484
2024-01-12,STORE0010,SKU0013,73.30714416503906,72.7886734008789
2024-01-12,STORE0010,SKU0014,50.978187561035156,50.9647102355957
2024-01-12,STORE0010,SKU0015,11.7584228515625,9.261678695678711
2024-01-12,STORE0010,SKU0016,22.35537338256836,19.705299377441406
2024-01-12,STORE0010,SKU0017,87.98255920410156,82.85395812988281
2024-01-12,STORE0010,SKU0018,76.79339599609375,71.37293243408203
2024-01-12,STORE0010,SKU0019,15.459365844726562,13.563067436218262
2024-01-12,STORE0010,SKU0020,44.138763427734375,42.37417984008789
2024-01-12,STORE0010,SKU0021,48.824859619140625,49.84801483154297
2024-01-12,STORE0010,SKU0025,22.292400360107422,25.57807731628418
2024-01-12,STORE0010,SKU0028,88.38871002197266,97.05157470703125
2024-01-12,STORE0010,SKU0029,22.457618713378906,26.428258895874023
2024-01-12,STORE0010,SKU0030,33.829566955566406,40.68608474731445
2024-01-12,STORE0010,SKU0032,52.896114349365234,58.750328063964844
2024-01-12,STORE0010,SKU0034,107.86244201660156,119.79251861572266
2024-01-12,STORE0010,SKU0035,130.12100219726562,133.3937225341797
2024-01-12,STORE0010,SKU0036,31.712757110595703,38.41785430908203
2024-01-12,STORE0010,SKU0037,80.03849029541016,95.1572265625
2024-01-12,STORE0010,SKU0038,70.27467346191406,89.66595458984375
2024-01-12,STORE0010,SKU0039,11.80697250366211,14.401321411132812
2024-01-12,STORE0010,SKU0040,16.24267578125,17.080707550048828
2024-01-12,STORE0010,SKU0042,9.314826965332031,12.318384170532227
2024-01-12,STORE0010,SKU0043,33.86144256591797,43.459327697753906
2024-01-12,STORE0010,SKU0045,50.02500915527344,53.786617279052734
2024-01-12,STORE0010,SKU0046,68.1423110961914,77.61019897460938
2024-01-12,STORE0010,SKU0048,50.75773620605469,56.410499572753906
2024-01-12,STORE0010,SKU0050,15.590476989746094,14.96882438659668
2024-01-12,STORE0010,SKU0051,62.139060974121094,58.65610122680664
2024-01-12,STORE0010,SKU0052,50.722938537597656,49.89153289794922
2024-01-12,STORE0010,SKU0053,28.021099090576172,29.062217712402344
2024-01-12,STORE0010,SKU0054,70.34729766845703,65.94749450683594
2024-01-12,STORE0010,SKU0055,13.031562805175781,12.96884536743164
2024-01-12,STORE0010,SKU0056,19.633724212646484,19.027437210083008
2024-01-12,STORE0010,SKU0057,75.77865600585938,79.19427490234375
2024-01-12,STORE0010,SKU0058,83.14859008789062,75.63209533691406
2024-01-12,STORE0010,SKU0059,21.678634643554688,23.961938858032227
2024-01-12,STORE0010,SKU0060,54.69411849975586,52.34566116333008
2024-01-12,STORE0010,SKU0061,82.91336822509766,75.51083374023438
2024-01-12,STORE0010,SKU0063,45.72700500488281,45.56599044799805
2024-01-12,STORE0010,SKU0064,83.22835540771484,79.7466049194336
2024-01-12,STORE0010,SKU0065,49.644126892089844,50.566162109375
2024-01-12,STORE0010,SKU0067,36.033729553222656,32.691307067871094
2024-01-12,STORE0010,SKU0068,36.638362884521484,35.029449462890625
2024-01-12,STORE0010,SKU0069,67.78956604003906,64.32743835449219
2024-01-12,STORE0010,SKU0070,91.0884780883789,89.7876205444336
2024-01-12,STORE0010,SKU0073,9.387752532958984,9.6932954788208
2024-01-12,STORE0010,SKU0074,49.2932243347168,49.986751556396484
2024-01-12,STORE0010,SKU0075,30.1644287109375,31.4783935546875
2024-01-12,STORE0010,SKU0076,27.367223739624023,25.846538543701172
2024-01-12,STORE0010,SKU0077,49.330020904541016,45.61243438720703
2024-01-12,STORE0010,SKU0078,26.848228454589844,28.724990844726562
2024-01-12,STORE0010,SKU0079,72.0495834350586,71.2606430053711
2024-01-12,STORE0010,SKU0080,67.49764251708984,74.41132354736328
2024-01-12,STORE0010,SKU0081,61.07141876220703,61.92311096191406
2024-01-12,STORE0010,SKU0083,78.1820068359375,81.6297836303711
2024-01-12,STORE0010,SKU0084,22.878189086914062,21.3994083404541
2024-01-12,STORE0010,SKU0085,57.775352478027344,56.52465057373047
2024-01-12,STORE0010,SKU0086,8.2889404296875,7.645833492279053
2024-01-12,STORE0010,SKU0087,27.768566131591797,23.470205307006836
2024-01-12,STORE0010,SKU0088,21.47338104248047,21.901836395263672
2024-01-12,STORE0010,SKU0089,40.227745056152344,37.05659866333008
2024-01-12,STORE0010,SKU0090,18.479434967041016,17.176843643188477
2024-01-12,STORE0010,SKU0092,82.64290618896484,83.16500091552734
2024-01-12,STORE0010,SKU0094,54.90446090698242,55.614845275878906
2024-01-12,STORE0010,SKU0095,26.68520736694336,29.959375381469727
2024-01-12,STORE0010,SKU0096,82.74356079101562,76.46630096435547
2024-01-12,STORE0010,SKU0097,61.905635833740234,62.35396194458008
2024-01-12,STORE0010,SKU0098,36.38153076171875,34.233402252197266
2024-01-12,STORE0010,SKU0099,82.64659118652344,77.5410385131836
2024-01-12,STORE0010,SKU0100,75.52622985839844,75.58065795898438
2024-01-12,STORE0010,SKU0101,14.319377899169922,12.724867820739746
2024-01-12,STORE0010,SKU0102,85.26020050048828,84.43400573730469
2024-01-12,STORE0011,SKU0001,103.67825317382812,97.997314453125
2024-01-12,STORE0011,SKU0002,68.09519958496094,60.7924690246582
2024-01-12,STORE0011,SKU0003,23.16326904296875,19.791175842285156
2024-01-12,STORE0011,SKU0004,95.0341796875,88.00741577148438
2024-01-12,STORE0011,SKU0005,79.09609985351562,76.47994995117188
2024-01-12,STORE0011,SKU0006,108.86196899414062,92.59060668945312
2024-01-12,STORE0011,SKU0007,29.976083755493164,29.726839065551758
2024-01-12,STORE0011,SKU0009,59.599117279052734,55.77337646484375
2024-01-12,STORE0011,SKU0012,45.720726013183594,40.561920166015625
2024-01-12,STORE0011,SKU0014,58.02914810180664,50.950870513916016
2024-01-12,STORE0011,SKU0015,13.68313980102539,10.317682266235352
2024-01-12,STORE0011,SKU0017,103.06903076171875,92.42494201660156
2024-01-12,STORE0011,SKU0018,89.20347595214844,78.0843734741211
2024-01-12,STORE0011,SKU0019,18.382976531982422,15.614516258239746
2024-01-12,STORE0011,SKU0020,51.19131851196289,47.39911651611328
2024-01-12,STORE0011,SKU0021,56.32275390625,58.566741943359375
2024-01-12,STORE0011,SKU0022,100.15266418457031,93.07366943359375
2024-01-12,STORE0011,SKU0023,71.66519165039062,62.486690521240234
2024-01-12,STORE0011,SKU0024,57.272098541259766,53.53184509277344
2024-01-12,STORE0011,SKU0025,26.121337890625,30.455636978149414
2024-01-12,STORE0011,SKU0026,90.36958312988281,92.13925170898438
2024-01-12,STORE0011,SKU0027,103.95453643798828,95.8020248413086
2024-01-12,STORE0011,SKU0028,102.8109130859375,102.33088684082031
2024-01-12,STORE0011,SKU0029,26.649394989013672,33.079612731933594
2024-01-12,STORE0011,SKU0030,39.785037994384766,44.934593200683594
2024-01-12,STORE0011,SKU0031,46.50883102416992,53.45892333984375
2024-01-12,STORE0011,SKU0033,85.13021087646484,94.98763275146484
2024-01-12,STORE0011,SKU0034,129.84886169433594,123.40166473388672
2024-01-12,STORE0011,SKU0035,153.1172637939453,133.8529052734375
2024-01-12,STORE0011,SKU0036,35.784690856933594,40.797454833984375
2024-01-12,STORE0011,SKU0037,90.50433349609375,99.06898498535156
2024-01-12,STORE0011,SKU0038,80.60130310058594,96.29710388183594
2024-01-12,STORE0011,SKU0039,14.063068389892578,17.253311157226562
2024-01-12,STORE0011,SKU0040,19.216060638427734,23.308713912963867
2024-01-12,STORE0011,SKU0041,74.57341766357422,81.10199737548828
2024-01-12,STORE0011,SKU0043,39.60853576660156,47.087100982666016
2024-01-12,STORE0011,SKU0044,72.70757293701172,83.15047454833984
2024-01-12,STORE0011,SKU0046,80.56283569335938,90.14212036132812
2024-01-12,STORE0011,SKU0047,65.13970184326172,75.82500457763672
2024-01-12,STORE0011,SKU0048,58.400299072265625,72.18932342529297
2024-01-12,STORE0011,SKU0050,18.713787078857422,16.96121597290039
2024-01-12,STORE0011,SKU0051,70.07949829101562,69.85997772216797
2024-01-12,STORE0011,SKU0052,57.6953239440918,53.45892333984375
2024-01-12,STORE0011,SKU0053,33.34814453125,31.23140525817871
2024-01-12,STORE0011,SKU0054,82.14375305175781,79.0326156616211
2024-01-12,STORE0011,SKU0055,15.41790771484375,15.230487823486328
2024-01-12,STORE0011,SKU0056,23.326255798339844,20.60587501525879
2024-01-12,STORE0011,SKU0058,97.66244506835938,90.18627166748047
2024-01-12,STORE0011,SKU0059,25.696868896484375,26.34147071838379
2024-01-12,STORE0011,SKU0061,98.40226745605469,89.69450378417969
2024-01-12,STORE0011,SKU0062,18.841785430908203,16.730018615722656
2024-01-12,STORE0011,SKU0064,98.34933471679688,89.83842468261719
2024-01-12,STORE0011,SKU0065,57.06161117553711,55.657772064208984
2024-01-12,STORE0011,SKU0066,30.299741744995117,28.678884506225586
2024-01-12,STORE0011,SKU0067,42.010353088378906,39.88362121582031
2024-01-12,STORE0011,SKU0068,42.343345642089844,36.85722732543945
2024-01-12,STORE0011,SKU0069,79.1872787475586,73.05961608886719
2024-01-12,STORE0011,SKU0070,105.43121337890625,95.02808380126953
2024-01-12,STORE0011,SKU0071,33.736778259277344,32.01472091674805
2024-01-12,STORE0011,SKU0072,39.65187072753906,35.718746185302734
2024-01-12,STORE0011,SKU0073,11.422286987304688,11.838658332824707
2024-01-12,STORE0011,SKU0074,57.15901184082031,51.58190155029297
2024-01-12,STORE0011,SKU0077,56.906673431396484,51.035797119140625
2024-01-12,STORE0011,SKU0078,31.561555862426758,30.116052627563477
2024-01-12,STORE0011,SKU0079,84.44164276123047,80.67781066894531
2024-01-12,STORE0011,SKU0082,61.855384826660156,60.148136138916016
2024-01-12,STORE0011,SKU0083,90.69476318359375,87.99848175048828
2024-01-12,STORE0011,SKU0085,66.50834655761719,68.22748565673828
2024-01-12,STORE0011,SKU0086,9.859748840332031,8.986634254455566
2024-01-12,STORE0011,SKU0087,32.861297607421875,29.593791961669922
2024-01-12,STORE0011,SKU0088,25.331600189208984,24.82157325744629
2024-01-12,STORE0011,SKU0089,45.93256378173828,42.10447311401367
2024-01-12,STORE0011,SKU0090,22.097030639648438,21.249187469482422
2024-01-12,STORE0011,SKU0094,63.72716522216797,59.529579162597656
2024-01-12,STORE0011,SKU0095,30.71246910095215,30.53727912902832
2024-01-12,STORE0011,SKU0096,97.99436950683594,92.56404113769531
2024-01-12,STORE0011,SKU0097,70.73628234863281,67.10980987548828
2024-01-12,STORE0011,SKU0098,41.914031982421875,37.63071823120117
2024-01-12,STORE0011,SKU0100,86.86428833007812,80.25241088867188
2024-01-12,STORE0011,SKU0101,16.633190155029297,15.454066276550293
2024-01-12,STORE0012,SKU0001,90.4344253540039,98.57270812988281
2024-01-12,STORE0012,SKU0002,59.10652542114258,60.42850875854492
2024-01-12,STORE0012,SKU0004,82.26229858398438,80.41383361816406
2024-01-12,STORE0012,SKU0005,69.19343566894531,63.415794372558594
2024-01-12,STORE0012,SKU0006,93.53546905517578,82.06143188476562
2024-01-12,STORE0012,SKU0007,26.051002502441406,24.208818435668945
2024-01-12,STORE0012,SKU0008,22.226585388183594,21.3455810546875
2024-01-12,STORE0012,SKU0009,51.13280487060547,46.24980926513672
2024-01-12,STORE0012,SKU0010,32.821983337402344,31.358449935913086
2024-01-12,STORE0012,SKU0013,74.94100189208984,74.90245056152344
2024-01-12,STORE0012,SKU0014,51.31103515625,49.53791046142578
2024-01-12,STORE0012,SKU0015,11.94687271118164,10.338935852050781
2024-01-12,STORE0012,SKU0016,22.876445770263672,21.031259536743164
2024-01-12,STORE0012,SKU0017,90.25599670410156,86.75667572021484
2024-01-12,STORE0012,SKU0018,79.46428680419922,73.54644775390625
2024-01-12,STORE0012,SKU0019,15.500518798828125,14.076277732849121
2024-01-12,STORE0012,SKU0020,44.93037414550781,48.630245208740234
2024-01-12,STORE0012,SKU0022,86.84490966796875,80.5228500366211
2024-01-12,STORE0012,SKU0023,64.57686614990234,58.23853302001953
2024-01-12,STORE0012,SKU0025,22.68499755859375,27.62970542907715
2024-01-12,STORE0012,SKU0026,78.53999328613281,90.95172119140625
2024-01-12,STORE0012,SKU0027,88.48136901855469,94.60586547851562
2024-01-12,STORE0012,SKU0028,89.51564025878906,95.1156997680664
2024-01-12,STORE0012,SKU0029,22.880168914794922,26.836458206176758
2024-01-12,STORE0012,SKU0030,34.51914978027344,47.19462585449219
2024-01-12,STORE0012,SKU0032,53.38551330566406,61.19779968261719
2024-01-12,STORE0012,SKU0033,72.65129852294922,87.93330383300781
2024-01-12,STORE0012,SKU0034,107.35549926757812,116.55606842041016
2024-01-12,STORE0012,SKU0035,135.01136779785156,124.49740600585938
2024-01-12,STORE0012,SKU0036,31.359012603759766,39.055816650390625
2024-01-12,STORE0012,SKU0037,78.90918731689453,89.19902801513672
2024-01-12,STORE0012,SKU0038,70.68048858642578,85.76714324951172
2024-01-12,STORE0012,SKU0039,12.034820556640625,13.220734596252441
2024-01-12,STORE0012,SKU0043,34.35043716430664,38.21995162963867
2024-01-12,STORE0012,SKU0044,64.48792266845703,76.8632583618164
2024-01-12,STORE0012,SKU0046,69.68360137939453,78.6271743774414
2024-01-12,STORE0012,SKU0047,56.929054260253906,69.87911224365234
2024-01-12,STORE0012,SKU0048,51.664207458496094,61.47856521606445
2024-01-12,STORE0012,SKU0050,15.967510223388672,15.674701690673828
2024-01-12,STORE0012,SKU0052,51.86488342285156,48.45915985107422
2024-01-12,STORE0012,SKU0053,28.73699951171875,28.736623764038086
2024-01-12,STORE0012,SKU0054,72.5235595703125,64.4484634399414
2024-01-12,STORE0012,SKU0055,13.457038879394531,12.280692100524902
2024-01-12,STORE0012,SKU0056,20.157550811767578,18.882783889770508
2024-01-12,STORE0012,SKU0057,76.18682861328125,69.53190612792969
2024-01-12,STORE0012,SKU0058,84.8705062866211,74.34102630615234
2024-01-12,STORE0012,SKU0059,22.241222381591797,22.357723236083984
2024-01-12,STORE0012,SKU0060,54.99882888793945,49.839996337890625
2024-01-12,STORE0012,SKU0061,85.41261291503906,82.11566925048828
2024-01-12,STORE0012,SKU0062,16.468517303466797,14.27294635772705
2024-01-12,STORE0012,SKU0064,84.44340515136719,74.64240264892578
2024-01-12,STORE0012,SKU0065,50.013145446777344,48.5242805480957
2024-01-12,STORE0012,SKU0066,26.52912139892578,24.24726104736328
2024-01-12,STORE0012,SKU0068,36.89659881591797,32.59608459472656
2024-01-12,STORE0012,SKU0070,93.23588562011719,85.51959228515625
2024-01-12,STORE0012,SKU0071,28.843713760375977,25.794157028198242
2024-01-12,STORE0012,SKU0072,34.320220947265625,36.17635726928711
2024-01-12,STORE0012,SKU0074,50.099342346191406,52.875736236572266
2024-01-12,STORE0012,SKU0075,30.678133010864258,30.99050521850586
2024-01-12,STORE0012,SKU0076,28.06706428527832,26.66642189025879
2024-01-12,STORE0012,SKU0077,49.59678268432617,42.26042938232422
2024-01-12,STORE0012,SKU0078,27.542184829711914,26.85749626159668
2024-01-12,STORE0012,SKU0080,69.283447265625,75.71625518798828
2024-01-12,STORE0012,SKU0081,62.52689743041992,61.72447967529297
2024-01-12,STORE0012,SKU0083,78.61460876464844,79.30180358886719
2024-01-12,STORE0012,SKU0084,23.49072265625,22.629051208496094
2024-01-12,STORE0012,SKU0085,58.00792694091797,56.33663558959961
2024-01-12,STORE0012,SKU0086,8.24094009399414,6.875941753387451
2024-01-12,STORE0012,SKU0088,21.923572540283203,21.780607223510742
2024-01-12,STORE0012,SKU0089,40.39453125,35.250633239746094
2024-01-12,STORE0012,SKU0091,16.510272979736328,14.127082824707031
2024-01-12,STORE0012,SKU0092,85.23544311523438,81.1919937133789
2024-01-12,STORE0012,SKU0094,56.27555465698242,51.863014221191406
2024-01-12,STORE0012,SKU0095,26.73601531982422,28.983755111694336
2024-01-12,STORE0012,SKU0096,85.45085906982422,79.00765228271484
2024-01-12,STORE0012,SKU0097,62.40945053100586,60.3931770324707
2024-01-12,STORE0012,SKU0098,36.94306182861328,33.33853530883789
2024-01-12,STORE0012,SKU0099,85.05667114257812,82.8500747680664
2024-01-12,STORE0012,SKU0100,76.66856384277344,76.56046295166016
2024-01-12,STORE0012,SKU0101,14.316360473632812,13.879475593566895
2024-01-12,STORE0013,SKU0001,53.57646179199219,55.83440399169922
2024-01-12,STORE0013,SKU0002,35.6187744140625,31.3708438873291
2024-01-12,STORE0013,SKU0003,13.45651626586914,10.273092269897461
2024-01-12,STORE0013,SKU0006,55.088504791259766,48.92071533203125
2024-01-12,STORE0013,SKU0008,13.761436462402344,12.114652633666992
2024-01-12,STORE0013,SKU0009,30.906875610351562,26.082386016845703
2024-01-12,STORE0013,SKU0013,44.529170989990234,40.29389572143555
2024-01-12,STORE0013,SKU0014,31.185224533081055,30.47118377685547
2024-01-12,STORE0013,SKU0015,8.182853698730469,6.3510894775390625
2024-01-12,STORE0013,SKU0017,52.662109375,49.729644775390625
2024-01-12,STORE0013,SKU0020,28.17438316345215,25.199316024780273
2024-01-12,STORE0013,SKU0024,29.655736923217773,29.937543869018555
2024-01-12,STORE0013,SKU0025,14.413055419921875,15.415365219116211
2024-01-12,STORE0013,SKU0026,46.21241760253906,52.08402633666992
2024-01-12,STORE0013,SKU0027,51.48005676269531,58.27117156982422
2024-01-12,STORE0013,SKU0028,53.3431282043457,61.16279602050781
2024-01-12,STORE0013,SKU0031,24.056488037109375,31.005569458007812
2024-01-12,STORE0013,SKU0032,29.96387481689453,35.88589859008789
2024-01-12,STORE0013,SKU0034,61.86381530761719,73.74232482910156
2024-01-12,STORE0013,SKU0036,19.60568618774414,25.136444091796875
2024-01-12,STORE0013,SKU0037,46.79471206665039,54.96435546875
2024-01-12,STORE0013,SKU0039,7.368618011474609,8.989620208740234
2024-01-12,STORE0013,SKU0040,10.059307098388672,11.55520248413086
2024-01-12,STORE0013,SKU0041,38.250885009765625,41.102935791015625
2024-01-12,STORE0013,SKU0049,26.874984741210938,21.461898803710938
2024-01-12,STORE0013,SKU0056,13.114948272705078,12.525801658630371
2024-01-12,STORE0013,SKU0057,45.430057525634766,44.69327163696289
2024-01-12,STORE0013,SKU0061,49.76976013183594,48.98711013793945
2024-01-12,STORE0013,SKU0063,26.990028381347656,23.141794204711914
2024-01-12,STORE0013,SKU0065,30.461673736572266,30.459716796875
2024-01-12,STORE0013,SKU0068,22.85361099243164,23.509157180786133
2024-01-12,STORE0013,SKU0071,18.080326080322266,13.961199760437012
2024-01-12,STORE0013,SKU0076,17.72048568725586,16.289955139160156
2024-01-12,STORE0013,SKU0080,41.018798828125,45.89707946777344
2024-01-12,STORE0013,SKU0084,15.352180480957031,13.566192626953125
2024-01-12,STORE0013,SKU0085,35.80906677246094,31.918399810791016
2024-01-12,STORE0013,SKU0086,4.260379791259766,5.270501613616943
2024-01-12,STORE0013,SKU0087,18.912967681884766,16.871858596801758
2024-01-12,STORE0013,SKU0089,25.363025665283203,25.05099868774414
2024-01-12,STORE0013,SKU0090,12.813652038574219,11.268710136413574
2024-01-12,STORE0013,SKU0096,50.00814437866211,49.56373596191406
2024-01-12,STORE0013,SKU0097,37.95264434814453,36.01371383666992
2024-01-12,STORE0013,SKU0099,51.98959732055664,45.80353927612305
2024-01-12,STORE0013,SKU0102,51.561241149902344,50.01999282836914
2024-01-13,STORE0001,SKU0001,123.69725036621094,116.25222778320312
2024-01-13,STORE0001,SKU0002,81.08082580566406,74.56721496582031
2024-01-13,STORE0001,SKU0004,114.37991333007812,107.55096435546875
2024-01-13,STORE0001,SKU0006,128.6132354736328,111.49108123779297
2024-01-13,STORE0001,SKU0007,35.01216125488281,29.417985916137695
2024-01-13,STORE0001,SKU0008,29.8026180267334,29.936676025390625
2024-01-13,STORE0001,SKU0010,45.91462326049805,41.80795669555664
2024-01-13,STORE0001,SKU0011,25.592693328857422,20.9128360748291
2024-01-13,STORE0001,SKU0012,54.86851501464844,49.092384338378906
2024-01-13,STORE0001,SKU0014,70.97471618652344,68.27916717529297
2024-01-13,STORE0001,SKU0015,15.44406509399414,12.695663452148438
2024-01-13,STORE0001,SKU0016,30.588912963867188,26.878610610961914
2024-01-13,STORE0001,SKU0017,123.28010559082031,111.70635986328125
2024-01-13,STORE0001,SKU0018,110.13999938964844,106.25263977050781
2024-01-13,STORE0001,SKU0019,20.693603515625,17.773874282836914
2024-01-13,STORE0001,SKU0020,60.81513595581055,53.23265838623047
2024-01-13,STORE0001,SKU0021,68.82452392578125,73.22380828857422
2024-01-13,STORE0001,SKU0023,86.5074462890625,80.56857299804688
2024-01-13,STORE0001,SKU0024,67.94847106933594,58.41411590576172
2024-01-13,STORE0001,SKU0026,109.8861083984375,112.17884826660156
2024-01-13,STORE0001,SKU0027,123.72212219238281,125.55784606933594
2024-01-13,STORE0001,SKU0029,30.249961853027344,39.80613708496094
2024-01-13,STORE0001,SKU0030,46.69313049316406,57.936981201171875
2024-01-13,STORE0001,SKU0031,54.60353088378906,60.59828186035156
2024-01-13,STORE0001,SKU0033,102.2798080444336,116.34043884277344
2024-01-13,STORE0001,SKU0035,175.4591064453125,172.17599487304688
2024-01-13,STORE0001,SKU0036,42.669883728027344,50.51676940917969
2024-01-13,STORE0001,SKU0037,108.07632446289062,111.13817596435547
2024-01-13,STORE0001,SKU0038,99.02994537353516,109.29513549804688
2024-01-13,STORE0001,SKU0039,15.94144058227539,20.3713436126709
2024-01-13,STORE0001,SKU0040,22.047191619873047,22.278919219970703
2024-01-13,STORE0001,SKU0041,89.7598876953125,93.73665618896484
2024-01-13,STORE0001,SKU0042,12.961883544921875,19.326696395874023
2024-01-13,STORE0001,SKU0043,46.37303924560547,49.218265533447266
2024-01-13,STORE0001,SKU0045,69.31974029541016,75.6335220336914
2024-01-13,STORE0001,SKU0046,99.40562438964844,104.50741577148438
2024-01-13,STORE0001,SKU0047,79.33744812011719,92.85994720458984
2024-01-13,STORE0001,SKU0048,71.48023223876953,80.20315551757812
2024-01-13,STORE0001,SKU0049,60.118507385253906,58.08353805541992
2024-01-13,STORE0001,SKU0050,20.494483947753906,20.278358459472656
2024-01-13,STORE0001,SKU0051,83.16564178466797,75.86483001708984
2024-01-13,STORE0001,SKU0053,38.32770538330078,36.364559173583984
2024-01-13,STORE0001,SKU0054,100.48831176757812,85.696044921875
2024-01-13,STORE0001,SKU0055,17.303325653076172,16.989608764648438
2024-01-13,STORE0001,SKU0056,26.638599395751953,25.078474044799805
2024-01-13,STORE0001,SKU0058,115.9867172241211,108.80504608154297
2024-01-13,STORE0001,SKU0059,28.64935302734375,31.499969482421875
2024-01-13,STORE0001,SKU0060,74.08924865722656,70.81318664550781
2024-01-13,STORE0001,SKU0061,115.14729309082031,101.56919860839844
2024-01-13,STORE0001,SKU0062,20.74987030029297,22.78815269470215
2024-01-13,STORE0001,SKU0063,61.32768630981445,63.67727279663086
2024-01-13,STORE0001,SKU0065,68.0522232055664,66.48927307128906
2024-01-13,STORE0001,SKU0066,34.706634521484375,33.166072845458984
2024-01-13,STORE0001,SKU0067,49.739742279052734,46.558345794677734
2024-01-13,STORE0001,SKU0068,50.733314514160156,43.80375671386719
2024-01-13,STORE0001,SKU0069,96.89208984375,94.3213119506836
2024-01-13,STORE0001,SKU0070,126.08253479003906,116.14434814453125
2024-01-13,STORE0001,SKU0072,45.734676361083984,37.65091323852539
2024-01-13,STORE0001,SKU0073,12.895252227783203,12.19992733001709
2024-01-13,STORE0001,SKU0074,68.9031753540039,58.87122344970703
2024-01-13,STORE0001,SKU0076,38.62970733642578,34.116615295410156
2024-01-13,STORE0001,SKU0077,67.42227935791016,56.427642822265625
2024-01-13,STORE0001,SKU0078,36.99545669555664,36.67851638793945
2024-01-13,STORE0001,SKU0080,95.4551010131836,86.36730194091797
2024-01-13,STORE0001,SKU0081,86.88130187988281,76.45929718017578
2024-01-13,STORE0001,SKU0082,72.95761108398438,72.32907104492188
2024-01-13,STORE0001,SKU0084,30.48649787902832,29.312889099121094
2024-01-13,STORE0001,SKU0086,10.677452087402344,10.45302677154541
2024-01-13,STORE0001,SKU0087,37.996917724609375,34.990543365478516
2024-01-13,STORE0001,SKU0090,24.94134521484375,26.477781295776367
2024-01-13,STORE0001,SKU0092,117.77135467529297,109.09636688232422
2024-01-13,STORE0001,SKU0093,91.08946990966797,85.40033721923828
2024-01-13,STORE0001,SKU0094,77.53007507324219,76.89031219482422
2024-01-13,STORE0001,SKU0095,36.01531982421875,36.75678634643555
2024-01-13,STORE0001,SKU0096,117.74920654296875,108.19009399414062
2024-01-13,STORE0001,SKU0097,84.44698333740234,79.85709381103516
2024-01-13,STORE0001,SKU0098,49.88102722167969,46.902957916259766
2024-01-13,STORE0001,SKU0099,118.55026245117188,112.1673355102539
2024-01-13,STORE0001,SKU0100,104.91490173339844,99.65300750732422
2024-01-13,STORE0001,SKU0101,18.130451202392578,17.923219680786133
2024-01-13,STORE0002,SKU0001,85.80473327636719,95.15280151367188
2024-01-13,STORE0002,SKU0002,56.92561340332031,61.23799514770508
2024-01-13,STORE0002,SKU0003,19.460777282714844,18.576953887939453
2024-01-13,STORE0002,SKU0004,79.21951293945312,86.23178100585938
2024-01-13,STORE0002,SKU0005,65.64952850341797,59.71113204956055
2024-01-13,STORE0002,SKU0006,88.99949645996094,90.65083312988281
2024-01-13,STORE0002,SKU0007,24.879684448242188,24.79973030090332
2024-01-13,STORE0002,SKU0008,21.460575103759766,18.82194709777832
2024-01-13,STORE0002,SKU0009,49.48728942871094,51.690948486328125
2024-01-13,STORE0002,SKU0010,31.797704696655273,28.55536460876465
2024-01-13,STORE0002,SKU0011,19.025592803955078,17.87352180480957
2024-01-13,STORE0002,SKU0012,37.75885772705078,39.60111618041992
2024-01-13,STORE0002,SKU0014,49.75008773803711,52.66029739379883
2024-01-13,STORE0002,SKU0015,11.393299102783203,9.712508201599121
2024-01-13,STORE0002,SKU0016,21.96514129638672,18.565963745117188
2024-01-13,STORE0002,SKU0017,85.63056945800781,80.16613006591797
2024-01-13,STORE0002,SKU0018,73.85621643066406,67.91873168945312
2024-01-13,STORE0002,SKU0019,15.1673583984375,13.687311172485352
2024-01-13,STORE0002,SKU0020,43.508419036865234,48.40906524658203
2024-01-13,STORE0002,SKU0022,82.21143341064453,83.00753784179688
2024-01-13,STORE0002,SKU0023,60.53295135498047,56.256534576416016
2024-01-13,STORE0002,SKU0024,48.10881042480469,50.1450309753418
2024-01-13,STORE0002,SKU0025,21.97869873046875,29.2452449798584
2024-01-13,STORE0002,SKU0026,76.3521957397461,89.78528594970703
2024-01-13,STORE0002,SKU0027,86.13143920898438,98.61238861083984
2024-01-13,STORE0002,SKU0028,87.07501220703125,97.22019958496094
2024-01-13,STORE0002,SKU0030,32.93647384643555,49.92306137084961
2024-01-13,STORE0002,SKU0031,38.44076156616211,50.181819915771484
2024-01-13,STORE0002,SKU0032,49.81321716308594,55.79106140136719
2024-01-13,STORE0002,SKU0033,70.44265747070312,91.2846450805664
2024-01-13,STORE0002,SKU0034,101.89031982421875,112.98020935058594
2024-01-13,STORE0002,SKU0036,30.639232635498047,38.048526763916016
2024-01-13,STORE0002,SKU0037,75.38705444335938,93.19913482666016
2024-01-13,STORE0002,SKU0038,67.34308624267578,84.90323638916016
2024-01-13,STORE0002,SKU0039,11.576541900634766,13.038066864013672
2024-01-13,STORE0002,SKU0040,15.974544525146484,17.323867797851562
2024-01-13,STORE0002,SKU0041,63.17543411254883,77.5364990234375
2024-01-13,STORE0002,SKU0042,9.19821548461914,13.030060768127441
2024-01-13,STORE0002,SKU0043,33.21122741699219,40.887203216552734
2024-01-13,STORE0002,SKU0044,61.72336196899414,78.64683532714844
2024-01-13,STORE0002,SKU0046,67.27810668945312,92.50859832763672
2024-01-13,STORE0002,SKU0048,49.54465103149414,57.376136779785156
2024-01-13,STORE0002,SKU0051,59.180084228515625,60.94176483154297
2024-01-13,STORE0002,SKU0052,49.201416015625,51.22929000854492
2024-01-13,STORE0002,SKU0054,67.96026611328125,70.5994644165039
2024-01-13,STORE0002,SKU0055,12.790485382080078,12.4116849899292
2024-01-13,STORE0002,SKU0056,19.295894622802734,18.963674545288086
2024-01-13,STORE0002,SKU0058,81.67428588867188,86.34736633300781
2024-01-13,STORE0002,SKU0059,21.193782806396484,21.959556579589844
2024-01-13,STORE0002,SKU0060,52.867431640625,51.5366096496582
2024-01-13,STORE0002,SKU0062,15.7294921875,15.841800689697266
2024-01-13,STORE0002,SKU0063,43.961517333984375,37.164188385009766
2024-01-13,STORE0002,SKU0064,80.2607192993164,85.68260192871094
2024-01-13,STORE0002,SKU0065,48.38988494873047,48.70656967163086
2024-01-13,STORE0002,SKU0066,25.561756134033203,22.022384643554688
2024-01-13,STORE0002,SKU0069,67.36347961425781,65.7944564819336
2024-01-13,STORE0002,SKU0070,89.6634292602539,94.99880981445312
2024-01-13,STORE0002,SKU0071,27.960018157958984,27.136816024780273
2024-01-13,STORE0002,SKU0073,9.218379974365234,9.435938835144043
2024-01-13,STORE0002,SKU0074,47.707611083984375,49.20305252075195
2024-01-13,STORE0002,SKU0075,29.72863006591797,30.668886184692383
2024-01-13,STORE0002,SKU0078,26.854595184326172,24.858840942382812
2024-01-13,STORE0002,SKU0079,70.46675872802734,67.26080322265625
2024-01-13,STORE0002,SKU0081,60.17271041870117,60.102989196777344
2024-01-13,STORE0002,SKU0082,51.87966537475586,51.431800842285156
2024-01-13,STORE0002,SKU0083,76.30294036865234,80.1842041015625
2024-01-13,STORE0002,SKU0084,22.750144958496094,21.583219528198242
2024-01-13,STORE0002,SKU0086,7.739715576171875,7.83174991607666
2024-01-13,STORE0002,SKU0087,27.393829345703125,22.56272315979004
2024-01-13,STORE0002,SKU0088,21.29107666015625,23.2900390625
2024-01-13,STORE0002,SKU0089,38.5702018737793,39.63886642456055
2024-01-13,STORE0002,SKU0090,18.141780853271484,17.926774978637695
2024-01-13,STORE0002,SKU0092,81.10860443115234,84.38400268554688
2024-01-13,STORE0002,SKU0093,62.22938537597656,62.302268981933594
2024-01-13,STORE0002,SKU0096,80.76946258544922,79.55593872070312
2024-01-13,STORE0002,SKU0097,59.35902786254883,57.77011489868164
2024-01-13,STORE0002,SKU0098,35.222084045410156,34.20274353027344
2024-01-13,STORE0002,SKU0099,81.77505493164062,80.6487808227539
2024-01-13,STORE0002,SKU0101,13.516624450683594,13.521550178527832
2024-01-13,STORE0002,SKU0102,83.10960388183594,88.16593933105469
2024-01-13,STORE0003,SKU0001,87.11791229248047,97.71379089355469
2024-01-13,STORE0003,SKU0003,18.743244171142578,20.837932586669922
2024-01-13,STORE0003,SKU0004,79.11151885986328,77.94591522216797
2024-01-13,STORE0003,SKU0005,65.89945983886719,65.7923812866211
2024-01-13,STORE0003,SKU0006,89.6351089477539,86.88909149169922
2024-01-13,STORE0003,SKU0007,24.53884506225586,25.4244384765625
2024-01-13,STORE0003,SKU0008,20.787158966064453,21.145231246948242
2024-01-13,STORE0003,SKU0009,49.48275375366211,52.0894775390625
2024-01-13,STORE0003,SKU0010,30.970666885375977,29.581064224243164
2024-01-13,STORE0003,SKU0011,18.367637634277344,17.176162719726562
2024-01-13,STORE0003,SKU0012,37.539100646972656,40.832977294921875
2024-01-13,STORE0003,SKU0013,70.73238372802734,62.8116340637207
2024-01-13,STORE0003,SKU0014,49.68960189819336,53.85893630981445
2024-01-13,STORE0003,SKU0015,10.355815887451172,10.195207595825195
2024-01-13,STORE0003,SKU0016,21.293277740478516,18.017330169677734
2024-01-13,STORE0003,SKU0019,14.635215759277344,12.28323745727539
2024-01-13,STORE0003,SKU0020,42.7247314453125,42.73185729980469
2024-01-13,STORE0003,SKU0021,47.2827033996582,48.01744842529297
2024-01-13,STORE0003,SKU0022,83.44385528564453,87.4188232421875
2024-01-13,STORE0003,SKU0023,61.133323669433594,61.90438461303711
2024-01-13,STORE0003,SKU0024,47.864070892333984,49.95970916748047
2024-01-13,STORE0003,SKU0025,21.164066314697266,25.879011154174805
2024-01-13,STORE0003,SKU0026,76.43734741210938,88.85088348388672
2024-01-13,STORE0003,SKU0028,87.41477966308594,103.15628051757812
2024-01-13,STORE0003,SKU0030,32.322357177734375,42.580509185791016
2024-01-13,STORE0003,SKU0031,38.49401092529297,48.671958923339844
2024-01-13,STORE0003,SKU0033,70.92143249511719,103.49689483642578
2024-01-13,STORE0003,SKU0035,129.06707763671875,149.7764892578125
2024-01-13,STORE0003,SKU0037,76.17878723144531,96.2298812866211
2024-01-13,STORE0003,SKU0039,10.695728302001953,14.656187057495117
2024-01-13,STORE0003,SKU0040,15.366260528564453,17.09575843811035
2024-01-13,STORE0003,SKU0041,61.822898864746094,74.13959503173828
2024-01-13,STORE0003,SKU0042,8.228721618652344,14.703259468078613
2024-01-13,STORE0003,SKU0043,32.542274475097656,43.41884994506836
2024-01-13,STORE0003,SKU0044,61.88866424560547,82.61456298828125
2024-01-13,STORE0003,SKU0045,47.87985610961914,58.23779296875
2024-01-13,STORE0003,SKU0046,68.06513977050781,86.53881072998047
2024-01-13,STORE0003,SKU0047,54.52119827270508,73.30927276611328
2024-01-13,STORE0003,SKU0048,49.09886169433594,62.69650650024414
2024-01-13,STORE0003,SKU0049,41.07899856567383,39.60337448120117
2024-01-13,STORE0003,SKU0050,14.522590637207031,15.54750919342041
2024-01-13,STORE0003,SKU0051,59.29890060424805,59.824974060058594
2024-01-13,STORE0003,SKU0052,48.12275314331055,49.04145812988281
2024-01-13,STORE0003,SKU0053,26.765533447265625,30.173797607421875
2024-01-13,STORE0003,SKU0054,68.78985595703125,74.51918029785156
2024-01-13,STORE0003,SKU0055,11.961437225341797,12.157526969909668
2024-01-13,STORE0003,SKU0056,18.697650909423828,18.650020599365234
2024-01-13,STORE0003,SKU0058,81.86808013916016,82.68106079101562
2024-01-13,STORE0003,SKU0060,51.92133331298828,53.47578811645508
2024-01-13,STORE0003,SKU0061,80.66565704345703,88.66810607910156
2024-01-13,STORE0003,SKU0062,14.916988372802734,15.301533699035645
2024-01-13,STORE0003,SKU0063,42.96173858642578,43.43600845336914
2024-01-13,STORE0003,SKU0064,80.91873168945312,81.31529235839844
2024-01-13,STORE0003,SKU0065,48.03638458251953,50.54129409790039
2024-01-13,STORE0003,SKU0066,24.977001190185547,23.169130325317383
2024-01-13,STORE0003,SKU0067,34.997615814208984,33.538448333740234
2024-01-13,STORE0003,SKU0068,35.31945037841797,36.09996032714844
2024-01-13,STORE0003,SKU0069,67.54904174804688,67.07035064697266
2024-01-13,STORE0003,SKU0070,90.41709899902344,88.34261322021484
2024-01-13,STORE0003,SKU0071,27.216161727905273,27.201860427856445
2024-01-13,STORE0003,SKU0073,8.248905181884766,9.234053611755371
2024-01-13,STORE0003,SKU0075,28.720149993896484,32.50358200073242
2024-01-13,STORE0003,SKU0076,26.498184204101562,26.30099105834961
2024-01-13,STORE0003,SKU0077,47.018402099609375,48.420597076416016
2024-01-13,STORE0003,SKU0082,51.325233459472656,48.47511291503906
2024-01-13,STORE0003,SKU0084,21.845367431640625,23.43532943725586
2024-01-13,STORE0003,SKU0086,6.764007568359375,7.706207275390625
2024-01-13,STORE0003,SKU0087,26.74378204345703,25.055044174194336
2024-01-13,STORE0003,SKU0088,20.559978485107422,20.50271224975586
2024-01-13,STORE0003,SKU0089,37.958370208740234,40.89054489135742
2024-01-13,STORE0003,SKU0091,15.325469970703125,16.079214096069336
2024-01-13,STORE0003,SKU0092,82.3014907836914,80.6360855102539
2024-01-13,STORE0003,SKU0093,61.34438705444336,60.77507019042969
2024-01-13,STORE0003,SKU0094,53.12895965576172,51.16215896606445
2024-01-13,STORE0003,SKU0095,25.162174224853516,26.58421516418457
2024-01-13,STORE0003,SKU0096,81.15420532226562,80.22683715820312
2024-01-13,STORE0003,SKU0097,59.311458587646484,59.51651382446289
2024-01-13,STORE0003,SKU0099,82.6388931274414,85.64568328857422
2024-01-13,STORE0003,SKU0100,74.46808624267578,83.91942596435547
2024-01-13,STORE0003,SKU0101,12.762397766113281,13.808087348937988
2024-01-13,STORE0004,SKU0001,124.17115783691406,119.72348022460938
2024-01-13,STORE0004,SKU0002,82.24887084960938,76.97947692871094
2024-01-13,STORE0004,SKU0003,25.810409545898438,28.248981475830078
2024-01-13,STORE0004,SKU0005,94.3122329711914,86.86829376220703
2024-01-13,STORE0004,SKU0007,34.87512969970703,33.23795700073242
2024-01-13,STORE0004,SKU0008,29.584156036376953,28.597484588623047
2024-01-13,STORE0004,SKU0009,72.570068359375,68.38469696044922
2024-01-13,STORE0004,SKU0012,54.05550003051758,51.370094299316406
2024-01-13,STORE0004,SKU0013,105.56417846679688,90.76685333251953
2024-01-13,STORE0004,SKU0014,71.67387390136719,67.3389892578125
2024-01-13,STORE0004,SKU0015,15.42812728881836,14.17254638671875
2024-01-13,STORE0004,SKU0017,123.91203308105469,111.19918823242188
2024-01-13,STORE0004,SKU0018,109.80125427246094,103.02307891845703
2024-01-13,STORE0004,SKU0019,20.635147094726562,18.826080322265625
2024-01-13,STORE0004,SKU0020,60.759315490722656,62.54051971435547
2024-01-13,STORE0004,SKU0021,68.04949188232422,72.43748474121094
2024-01-13,STORE0004,SKU0023,88.06932830810547,77.15444946289062
2024-01-13,STORE0004,SKU0024,68.44957733154297,72.68551635742188
2024-01-13,STORE0004,SKU0025,30.426145553588867,33.3824577331543
2024-01-13,STORE0004,SKU0026,113.97196960449219,116.77237701416016
2024-01-13,STORE0004,SKU0027,124.52069091796875,116.34774017333984
2024-01-13,STORE0004,SKU0028,126.25076293945312,120.78515625
2024-01-13,STORE0004,SKU0029,30.249862670898438,39.80951690673828
2024-01-13,STORE0004,SKU0031,55.522579193115234,64.31157684326172
2024-01-13,STORE0004,SKU0032,73.62081146240234,81.99481964111328
2024-01-13,STORE0004,SKU0033,101.18024444580078,114.07593536376953
2024-01-13,STORE0004,SKU0034,149.046142578125,150.76266479492188
2024-01-13,STORE0004,SKU0035,179.95547485351562,162.01480102539062
2024-01-13,STORE0004,SKU0036,42.877864837646484,53.62734603881836
2024-01-13,STORE0004,SKU0037,110.91098022460938,116.2776107788086
2024-01-13,STORE0004,SKU0038,98.72600555419922,111.18775177001953
2024-01-13,STORE0004,SKU0039,15.663681030273438,20.31720733642578
2024-01-13,STORE0004,SKU0040,22.137832641601562,25.85714340209961
2024-01-13,STORE0004,SKU0041,88.64784240722656,92.6512222290039
2024-01-13,STORE0004,SKU0045,69.33523559570312,77.50808715820312
2024-01-13,STORE0004,SKU0046,99.66341400146484,103.08285522460938
2024-01-13,STORE0004,SKU0047,78.74724578857422,87.93730163574219
2024-01-13,STORE0004,SKU0048,68.85424041748047,79.36957550048828
2024-01-13,STORE0004,SKU0049,59.47677230834961,58.19490432739258
2024-01-13,STORE0004,SKU0050,20.2939453125,20.01975440979004
2024-01-13,STORE0004,SKU0051,84.38246154785156,85.22025299072266
2024-01-13,STORE0004,SKU0052,69.33992004394531,67.40311431884766
2024-01-13,STORE0004,SKU0053,38.56884002685547,37.431060791015625
2024-01-13,STORE0004,SKU0054,99.31021118164062,84.50455474853516
2024-01-13,STORE0004,SKU0055,17.080921173095703,18.011001586914062
2024-01-13,STORE0004,SKU0056,26.256324768066406,25.653820037841797
2024-01-13,STORE0004,SKU0057,106.67333221435547,104.06922149658203
2024-01-13,STORE0004,SKU0058,114.83926391601562,107.32817077636719
2024-01-13,STORE0004,SKU0060,73.14860534667969,67.10555267333984
2024-01-13,STORE0004,SKU0061,116.85964965820312,108.91502380371094
2024-01-13,STORE0004,SKU0062,20.656688690185547,21.865678787231445
2024-01-13,STORE0004,SKU0063,62.52202224731445,59.175148010253906
2024-01-13,STORE0004,SKU0064,112.94218444824219,106.82695007324219
2024-01-13,STORE0004,SKU0065,68.34160614013672,65.0785140991211
2024-01-13,STORE0004,SKU0066,34.30570983886719,33.200199127197266
2024-01-13,STORE0004,SKU0068,50.687767028808594,40.493404388427734
2024-01-13,STORE0004,SKU0070,125.64241027832031,113.28011322021484
2024-01-13,STORE0004,SKU0071,39.51205825805664,35.08341979980469
2024-01-13,STORE0004,SKU0072,45.41276550292969,43.28812026977539
2024-01-13,STORE0004,SKU0075,40.28451919555664,40.17049789428711
2024-01-13,STORE0004,SKU0076,38.125606536865234,31.880146026611328
2024-01-13,STORE0004,SKU0077,67.26568603515625,64.05690002441406
2024-01-13,STORE0004,SKU0078,36.29486083984375,36.48393630981445
2024-01-13,STORE0004,SKU0079,101.30118560791016,98.4562759399414
2024-01-13,STORE0004,SKU0081,86.66602325439453,86.11871337890625
2024-01-13,STORE0004,SKU0085,77.46089935302734,70.72972869873047
2024-01-13,STORE0004,SKU0087,37.523292541503906,36.79111862182617
2024-01-13,STORE0004,SKU0088,28.65360450744629,27.944684982299805
2024-01-13,STORE0004,SKU0090,24.627487182617188,22.329620361328125
2024-01-13,STORE0004,SKU0091,21.907333374023438,22.99054527282715
2024-01-13,STORE0004,SKU0092,118.24528503417969,99.51036834716797
2024-01-13,STORE0004,SKU0093,91.1115951538086,96.53103637695312
2024-01-13,STORE0004,SKU0095,36.025123596191406,36.4872932434082
2024-01-13,STORE0004,SKU0096,117.6708984375,109.14459228515625
2024-01-13,STORE0004,SKU0097,83.78694915771484,79.25618743896484
2024-01-13,STORE0004,SKU0098,49.167015075683594,43.124908447265625
2024-01-13,STORE0004,SKU0099,119.34555053710938,104.32167053222656
2024-01-13,STORE0004,SKU0100,106.44354248046875,103.74124145507812
2024-01-13,STORE0004,SKU0101,18.056480407714844,18.505645751953125
2024-01-13,STORE0004,SKU0102,120.51261901855469,107.24738311767578
2024-01-13,STORE0005,SKU0001,124.07717895507812,119.74669647216797
2024-01-13,STORE0005,SKU0002,80.9100341796875,74.03404998779297
2024-01-13,STORE0005,SKU0003,26.43262481689453,25.644371032714844
2024-01-13,STORE0005,SKU0004,113.91030883789062,107.36659240722656
2024-01-13,STORE0005,SKU0005,96.10808563232422,75.92689514160156
2024-01-13,STORE0005,SKU0006,128.64373779296875,116.97135925292969
2024-01-13,STORE0005,SKU0007,35.48685073852539,35.10609436035156
2024-01-13,STORE0005,SKU0009,72.31644439697266,72.42487335205078
2024-01-13,STORE0005,SKU0010,45.817222595214844,39.69828414916992
2024-01-13,STORE0005,SKU0011,25.949947357177734,22.493101119995117
2024-01-13,STORE0005,SKU0012,54.357669830322266,51.90762710571289
2024-01-13,STORE0005,SKU0013,103.19332885742188,99.9198226928711
2024-01-13,STORE0005,SKU0014,71.60427856445312,61.96753692626953
2024-01-13,STORE0005,SKU0015,15.606964111328125,14.565185546875
2024-01-13,STORE0005,SKU0016,31.250686645507812,25.354877471923828
2024-01-13,STORE0005,SKU0018,110.33134460449219,98.490478515625
2024-01-13,STORE0005,SKU0019,21.058956146240234,18.210824966430664
2024-01-13,STORE0005,SKU0020,61.005184173583984,56.75313949584961
2024-01-13,STORE0005,SKU0021,67.4673080444336,69.11308288574219
2024-01-13,STORE0005,SKU0022,120.37681579589844,108.6798095703125
2024-01-13,STORE0005,SKU0023,86.89973449707031,76.427734375
2024-01-13,STORE0005,SKU0026,110.41249084472656,107.91996002197266
2024-01-13,STORE0005,SKU0027,124.66813659667969,120.00570678710938
2024-01-13,STORE0005,SKU0028,127.1619873046875,122.42047119140625
2024-01-13,STORE0005,SKU0031,55.441314697265625,62.77416229248047
2024-01-13,STORE0005,SKU0033,97.98199462890625,110.37723541259766
2024-01-13,STORE0005,SKU0034,145.5733184814453,149.10171508789062
2024-01-13,STORE0005,SKU0035,174.0805206298828,166.783935546875
2024-01-13,STORE0005,SKU0036,41.328948974609375,49.050010681152344
2024-01-13,STORE0005,SKU0038,99.98493194580078,112.11656951904297
2024-01-13,STORE0005,SKU0039,16.211917877197266,20.98900032043457
2024-01-13,STORE0005,SKU0040,22.466712951660156,22.21343231201172
2024-01-13,STORE0005,SKU0041,90.093017578125,82.32369995117188
2024-01-13,STORE0005,SKU0043,47.573062896728516,58.26150894165039
2024-01-13,STORE0005,SKU0045,68.22722625732422,62.27073287963867
2024-01-13,STORE0005,SKU0048,69.21814727783203,76.40119171142578
2024-01-13,STORE0005,SKU0049,60.0189094543457,57.49016571044922
2024-01-13,STORE0005,SKU0050,20.641681671142578,19.485275268554688
2024-01-13,STORE0005,SKU0051,84.445556640625,90.36956024169922
2024-01-13,STORE0005,SKU0052,70.08078002929688,67.34076690673828
2024-01-13,STORE0005,SKU0053,39.08064270019531,36.62837219238281
2024-01-13,STORE0005,SKU0054,99.75520324707031,89.06712341308594
2024-01-13,STORE0005,SKU0055,17.59292221069336,17.396907806396484
2024-01-13,STORE0005,SKU0056,26.744544982910156,25.502248764038086
2024-01-13,STORE0005,SKU0057,105.32473754882812,103.36215209960938
2024-01-13,STORE0005,SKU0058,116.5543212890625,110.04783630371094
2024-01-13,STORE0005,SKU0060,73.42667388916016,74.72517395019531
2024-01-13,STORE0005,SKU0062,20.972110748291016,21.6761417388916
2024-01-13,STORE0005,SKU0063,61.738101959228516,55.031768798828125
2024-01-13,STORE0005,SKU0064,114.15496063232422,107.9517822265625
2024-01-13,STORE0005,SKU0066,35.06266403198242,29.618562698364258
2024-01-13,STORE0005,SKU0067,50.526092529296875,48.61497116088867
2024-01-13,STORE0005,SKU0068,50.80241394042969,44.6402473449707
2024-01-13,STORE0005,SKU0070,127.018310546875,112.85187530517578
2024-01-13,STORE0005,SKU0071,39.71950149536133,35.89892578125
2024-01-13,STORE0005,SKU0072,45.772705078125,45.168243408203125
2024-01-13,STORE0005,SKU0073,13.278553009033203,11.743440628051758
2024-01-13,STORE0005,SKU0074,68.49137115478516,62.55168533325195
2024-01-13,STORE0005,SKU0075,41.267425537109375,42.32615661621094
2024-01-13,STORE0005,SKU0076,38.20985412597656,31.854259490966797
2024-01-13,STORE0005,SKU0077,66.93338012695312,55.76055908203125
2024-01-13,STORE0005,SKU0079,101.71349334716797,90.37664794921875
2024-01-13,STORE0005,SKU0080,96.1372299194336,86.61832427978516
2024-01-13,STORE0005,SKU0081,85.873291015625,80.77398681640625
2024-01-13,STORE0005,SKU0082,73.6858901977539,72.80349731445312
2024-01-13,STORE0005,SKU0083,109.02423095703125,98.1951675415039
2024-01-13,STORE0005,SKU0084,30.94696807861328,27.243730545043945
2024-01-13,STORE0005,SKU0085,79.51673889160156,81.1048583984375
2024-01-13,STORE0005,SKU0086,10.853275299072266,9.63415813446045
2024-01-13,STORE0005,SKU0087,37.95597839355469,35.435787200927734
2024-01-13,STORE0005,SKU0088,29.300439834594727,27.999496459960938
2024-01-13,STORE0005,SKU0089,55.67963409423828,55.30076599121094
2024-01-13,STORE0005,SKU0091,22.20669937133789,20.19754981994629
2024-01-13,STORE0005,SKU0094,77.93133544921875,75.2806396484375
2024-01-13,STORE0005,SKU0095,36.8720588684082,38.383419036865234
2024-01-13,STORE0005,SKU0096,117.12332153320312,110.83647918701172
2024-01-13,STORE0005,SKU0098,50.619686126708984,47.190513610839844
2024-01-13,STORE0005,SKU0100,105.24591064453125,98.32941436767578
2024-01-13,STORE0005,SKU0101,18.450965881347656,17.836641311645508
2024-01-13,STORE0005,SKU0102,119.01046752929688,109.1870346069336
2024-01-13,STORE0006,SKU0001,123.78596496582031,117.16226196289062
2024-01-13,STORE0006,SKU0003,25.82156753540039,23.753032684326172
2024-01-13,STORE0006,SKU0004,113.40165710449219,103.57701873779297
2024-01-13,STORE0006,SKU0005,95.12129211425781,85.01500701904297
2024-01-13,STORE0006,SKU0006,128.48294067382812,113.13728332519531
2024-01-13,STORE0006,SKU0007,35.25145721435547,32.94719696044922
2024-01-13,STORE0006,SKU0008,29.547922134399414,28.436925888061523
2024-01-13,STORE0006,SKU0009,71.4815673828125,68.05227661132812
2024-01-13,STORE0006,SKU0010,44.7712516784668,41.80807876586914
2024-01-13,STORE0006,SKU0011,25.795799255371094,22.782135009765625
2024-01-13,STORE0006,SKU0012,53.91221237182617,47.45582962036133
2024-01-13,STORE0006,SKU0013,103.37269592285156,96.89112091064453
2024-01-13,STORE0006,SKU0017,124.24026489257812,106.84941864013672
2024-01-13,STORE0006,SKU0018,111.02156829833984,101.0053482055664
2024-01-13,STORE0006,SKU0019,20.95099639892578,18.556732177734375
2024-01-13,STORE0006,SKU0020,61.381221771240234,59.21379470825195
2024-01-13,STORE0006,SKU0021,67.39767456054688,60.1223258972168
2024-01-13,STORE0006,SKU0022,119.10955810546875,106.2924575805664
2024-01-13,STORE0006,SKU0023,87.690185546875,78.58861541748047
2024-01-13,STORE0006,SKU0025,30.888072967529297,36.273250579833984
2024-01-13,STORE0006,SKU0026,112.82502746582031,114.02289581298828
2024-01-13,STORE0006,SKU0028,127.02131652832031,118.46170806884766
2024-01-13,STORE0006,SKU0029,30.00186538696289,37.93559646606445
2024-01-13,STORE0006,SKU0030,46.854862213134766,59.03300476074219
2024-01-13,STORE0006,SKU0031,56.30490493774414,62.396793365478516
2024-01-13,STORE0006,SKU0032,73.78619384765625,85.8628921508789
2024-01-13,STORE0006,SKU0033,103.56523132324219,120.1705093383789
2024-01-13,STORE0006,SKU0034,151.9696807861328,143.3189239501953
2024-01-13,STORE0006,SKU0035,184.02304077148438,161.69993591308594
2024-01-13,STORE0006,SKU0036,41.859153747558594,49.34738540649414
2024-01-13,STORE0006,SKU0037,112.27749633789062,113.21330261230469
2024-01-13,STORE0006,SKU0038,99.45625305175781,112.392578125
2024-01-13,STORE0006,SKU0039,15.607540130615234,20.249996185302734
2024-01-13,STORE0006,SKU0040,22.09870147705078,26.818435668945312
2024-01-13,STORE0006,SKU0041,90.65050506591797,95.13838958740234
2024-01-13,STORE0006,SKU0042,12.832603454589844,19.10762596130371
2024-01-13,STORE0006,SKU0044,90.57315063476562,106.3474349975586
2024-01-13,STORE0006,SKU0045,68.63494873046875,80.02706146240234
2024-01-13,STORE0006,SKU0046,99.38813781738281,103.94747924804688
2024-01-13,STORE0006,SKU0047,79.12538146972656,97.13033294677734
2024-01-13,STORE0006,SKU0048,70.92955780029297,77.74179077148438
2024-01-13,STORE0006,SKU0050,20.365848541259766,19.01814079284668
2024-01-13,STORE0006,SKU0052,70.90636444091797,69.9992904663086
2024-01-13,STORE0006,SKU0053,38.609439849853516,36.57823944091797
2024-01-13,STORE0006,SKU0054,98.96902465820312,100.5829849243164
2024-01-13,STORE0006,SKU0055,17.313262939453125,17.65159034729004
2024-01-13,STORE0006,SKU0056,26.33560562133789,26.566509246826172
2024-01-13,STORE0006,SKU0057,106.04898071289062,105.58763122558594
2024-01-13,STORE0006,SKU0058,115.16805267333984,112.15738677978516
2024-01-13,STORE0006,SKU0060,74.04997253417969,72.36857604980469
2024-01-13,STORE0006,SKU0063,61.88172912597656,49.34401321411133
2024-01-13,STORE0006,SKU0064,115.50718688964844,109.95178985595703
2024-01-13,STORE0006,SKU0065,69.04167175292969,66.2466049194336
2024-01-13,STORE0006,SKU0066,34.62507629394531,35.777244567871094
2024-01-13,STORE0006,SKU0067,49.73884963989258,42.50593185424805
2024-01-13,STORE0006,SKU0069,96.35029602050781,86.68891143798828
2024-01-13,STORE0006,SKU0070,124.21044921875,112.71821594238281
2024-01-13,STORE0006,SKU0071,39.23893737792969,35.47128677368164
2024-01-13,STORE0006,SKU0072,45.395755767822266,37.726890563964844
2024-01-13,STORE0006,SKU0073,12.898815155029297,13.349431037902832
2024-01-13,STORE0006,SKU0075,40.63130187988281,43.446170806884766
2024-01-13,STORE0006,SKU0076,38.263465881347656,31.22744369506836
2024-01-13,STORE0006,SKU0077,67.6697006225586,62.97870635986328
2024-01-13,STORE0006,SKU0081,85.37179565429688,77.62411499023438
2024-01-13,STORE0006,SKU0084,30.241897583007812,30.832029342651367
2024-01-13,STORE0006,SKU0085,78.7767105102539,82.14141082763672
2024-01-13,STORE0006,SKU0087,37.400108337402344,32.17295455932617
2024-01-13,STORE0006,SKU0088,28.673112869262695,29.650264739990234
2024-01-13,STORE0006,SKU0090,24.79151153564453,22.239850997924805
2024-01-13,STORE0006,SKU0091,21.783679962158203,18.529632568359375
2024-01-13,STORE0006,SKU0092,118.23051452636719,107.66602325439453
2024-01-13,STORE0006,SKU0094,76.85205078125,77.67912292480469
2024-01-13,STORE0006,SKU0095,35.970062255859375,33.9051399230957
2024-01-13,STORE0006,SKU0096,118.34724426269531,110.86055755615234
2024-01-13,STORE0006,SKU0097,85.15858459472656,85.5728530883789
2024-01-13,STORE0006,SKU0098,49.71879196166992,42.9876594543457
2024-01-13,STORE0006,SKU0099,119.15151977539062,103.24504852294922
2024-01-13,STORE0006,SKU0100,106.79873657226562,101.7397232055664
2024-01-13,STORE0006,SKU0101,18.089256286621094,17.48699951171875
2024-01-13,STORE0006,SKU0102,117.87503814697266,100.68904876708984
2024-01-13,STORE0007,SKU0001,86.73633575439453,102.4042739868164
2024-01-13,STORE0007,SKU0002,57.17665100097656,57.56931686401367
2024-01-13,STORE0007,SKU0003,19.288177490234375,18.989368438720703
2024-01-13,STORE0007,SKU0004,79.40276336669922,84.6393051147461
2024-01-13,STORE0007,SKU0006,89.1114273071289,77.95682525634766
2024-01-13,STORE0007,SKU0008,21.329818725585938,20.062055587768555
2024-01-13,STORE0007,SKU0009,50.15918731689453,52.1762580871582
2024-01-13,STORE0007,SKU0011,18.885791778564453,16.370716094970703
2024-01-13,STORE0007,SKU0012,38.17757034301758,35.09945297241211
2024-01-13,STORE0007,SKU0013,70.42807006835938,69.97711944580078
2024-01-13,STORE0007,SKU0015,11.108989715576172,9.037369728088379
2024-01-13,STORE0007,SKU0016,21.877243041992188,21.23076629638672
2024-01-13,STORE0007,SKU0018,74.35587310791016,75.55728912353516
2024-01-13,STORE0007,SKU0020,43.51777648925781,45.776611328125
2024-01-13,STORE0007,SKU0022,84.0178451538086,88.47445678710938
2024-01-13,STORE0007,SKU0023,61.015045166015625,64.55425262451172
2024-01-13,STORE0007,SKU0024,48.54582595825195,49.107643127441406
2024-01-13,STORE0007,SKU0025,21.846771240234375,28.305282592773438
2024-01-13,STORE0007,SKU0026,76.87068176269531,85.9295883178711
2024-01-13,STORE0007,SKU0027,85.07620239257812,99.73780059814453
2024-01-13,STORE0007,SKU0028,88.07794189453125,104.46390533447266
2024-01-13,STORE0007,SKU0029,22.24871063232422,28.497135162353516
2024-01-13,STORE0007,SKU0030,33.14435958862305,43.07944869995117
2024-01-13,STORE0007,SKU0031,39.479347229003906,47.4825553894043
2024-01-13,STORE0007,SKU0032,49.7412109375,60.81401443481445
2024-01-13,STORE0007,SKU0034,108.5110092163086,115.31095123291016
2024-01-13,STORE0007,SKU0035,129.43333435058594,148.8493194580078
2024-01-13,STORE0007,SKU0036,31.037641525268555,40.698726654052734
2024-01-13,STORE0007,SKU0037,76.14266967773438,99.07456970214844
2024-01-13,STORE0007,SKU0038,68.11224365234375,92.07212829589844
2024-01-13,STORE0007,SKU0039,11.25006103515625,15.676271438598633
2024-01-13,STORE0007,SKU0040,15.956657409667969,18.32207679748535
2024-01-13,STORE0007,SKU0043,33.30855178833008,41.155399322509766
2024-01-13,STORE0007,SKU0044,62.33693313598633,81.78289794921875
2024-01-13,STORE0007,SKU0045,48.413265228271484,56.41855239868164
2024-01-13,STORE0007,SKU0046,67.69090270996094,89.16200256347656
2024-01-13,STORE0007,SKU0047,55.14088439941406,81.0396728515625
2024-01-13,STORE0007,SKU0048,49.30891418457031,57.84385681152344
2024-01-13,STORE0007,SKU0049,42.543670654296875,42.17755889892578
2024-01-13,STORE0007,SKU0050,15.204681396484375,13.333666801452637
2024-01-13,STORE0007,SKU0053,27.47523307800293,28.871225357055664
2024-01-13,STORE0007,SKU0055,12.622634887695312,12.104802131652832
2024-01-13,STORE0007,SKU0056,19.35007095336914,18.836116790771484
2024-01-13,STORE0007,SKU0058,82.06163787841797,85.79969787597656
2024-01-13,STORE0007,SKU0059,21.034000396728516,21.45966339111328
2024-01-13,STORE0007,SKU0060,53.183528900146484,58.565757751464844
2024-01-13,STORE0007,SKU0061,80.06104278564453,74.60298919677734
2024-01-13,STORE0007,SKU0062,15.714900970458984,15.312949180603027
2024-01-13,STORE0007,SKU0063,43.77323913574219,44.99009323120117
2024-01-13,STORE0007,SKU0065,48.508056640625,47.68113708496094
2024-01-13,STORE0007,SKU0066,25.65119171142578,22.313697814941406
2024-01-13,STORE0007,SKU0067,35.70185852050781,34.1094856262207
2024-01-13,STORE0007,SKU0068,36.265419006347656,36.50776672363281
2024-01-13,STORE0007,SKU0072,33.419525146484375,29.20857048034668
2024-01-13,STORE0007,SKU0073,8.952587127685547,9.472098350524902
2024-01-13,STORE0007,SKU0074,48.29661178588867,46.67795181274414
2024-01-13,STORE0007,SKU0075,29.324384689331055,30.52568244934082
2024-01-13,STORE0007,SKU0076,27.2564754486084,27.217771530151367
2024-01-13,STORE0007,SKU0078,26.85900115966797,27.635040283203125
2024-01-13,STORE0007,SKU0079,70.09342193603516,72.28335571289062
2024-01-13,STORE0007,SKU0080,66.70492553710938,60.43949890136719
2024-01-13,STORE0007,SKU0081,60.399330139160156,59.323238372802734
2024-01-13,STORE0007,SKU0082,52.71766662597656,57.834434509277344
2024-01-13,STORE0007,SKU0083,76.03905487060547,76.4782485961914
2024-01-13,STORE0007,SKU0084,22.5194091796875,18.26559829711914
2024-01-13,STORE0007,SKU0085,55.906646728515625,53.791168212890625
2024-01-13,STORE0007,SKU0086,7.448818206787109,7.996400833129883
2024-01-13,STORE0007,SKU0087,27.381263732910156,25.355249404907227
2024-01-13,STORE0007,SKU0088,21.14391326904297,20.75326156616211
2024-01-13,STORE0007,SKU0089,38.637474060058594,36.31570053100586
2024-01-13,STORE0007,SKU0090,18.13819122314453,18.490190505981445
2024-01-13,STORE0007,SKU0093,61.825523376464844,60.83975601196289
2024-01-13,STORE0007,SKU0094,53.51236343383789,51.654449462890625
2024-01-13,STORE0007,SKU0096,81.49124145507812,86.3177261352539
2024-01-13,STORE0007,SKU0097,59.76290512084961,58.1627082824707
2024-01-13,STORE0007,SKU0098,35.11599349975586,37.806251525878906
2024-01-13,STORE0007,SKU0099,82.91177368164062,86.40909576416016
2024-01-13,STORE0007,SKU0100,74.35320281982422,76.88594055175781
2024-01-13,STORE0007,SKU0101,13.37039566040039,11.921300888061523
2024-01-13,STORE0007,SKU0102,82.95016479492188,76.3171615600586
2024-01-13,STORE0008,SKU0001,123.50489807128906,117.05728149414062
2024-01-13,STORE0008,SKU0002,79.94446563720703,76.63954162597656
2024-01-13,STORE0008,SKU0003,26.073436737060547,27.014009475708008
2024-01-13,STORE0008,SKU0004,112.48210906982422,105.78177642822266
2024-01-13,STORE0008,SKU0005,93.42665100097656,88.14033508300781
2024-01-13,STORE0008,SKU0006,127.24447631835938,110.39041900634766
2024-01-13,STORE0008,SKU0007,34.89637756347656,33.3663215637207
2024-01-13,STORE0008,SKU0008,29.57999038696289,27.434223175048828
2024-01-13,STORE0008,SKU0009,72.1979751586914,71.70328521728516
2024-01-13,STORE0008,SKU0010,45.04176712036133,38.37604904174805
2024-01-13,STORE0008,SKU0011,25.537166595458984,20.43164825439453
2024-01-13,STORE0008,SKU0012,54.45040512084961,46.866947174072266
2024-01-13,STORE0008,SKU0013,104.04457092285156,92.46893310546875
2024-01-13,STORE0008,SKU0014,71.132568359375,69.57046508789062
2024-01-13,STORE0008,SKU0015,15.201652526855469,14.233710289001465
2024-01-13,STORE0008,SKU0016,30.464447021484375,25.63764190673828
2024-01-13,STORE0008,SKU0018,109.13313293457031,97.8569564819336
2024-01-13,STORE0008,SKU0020,61.09089279174805,66.38066864013672
2024-01-13,STORE0008,SKU0022,120.20462036132812,106.27696990966797
2024-01-13,STORE0008,SKU0025,30.788463592529297,36.168521881103516
2024-01-13,STORE0008,SKU0027,123.97564697265625,115.40882110595703
2024-01-13,STORE0008,SKU0028,125.98017883300781,123.45597839355469
2024-01-13,STORE0008,SKU0029,30.13517189025879,39.792274475097656
2024-01-13,STORE0008,SKU0030,46.31512451171875,54.545074462890625
2024-01-13,STORE0008,SKU0031,54.92957305908203,70.8067626953125
2024-01-13,STORE0008,SKU0033,101.44053649902344,113.39569854736328
2024-01-13,STORE0008,SKU0035,170.92535400390625,166.72494506835938
2024-01-13,STORE0008,SKU0038,96.89559936523438,111.45027160644531
2024-01-13,STORE0008,SKU0039,15.86880874633789,21.792980194091797
2024-01-13,STORE0008,SKU0040,22.329021453857422,26.017839431762695
2024-01-13,STORE0008,SKU0041,89.87133026123047,97.67475891113281
2024-01-13,STORE0008,SKU0042,12.845062255859375,19.478818893432617
2024-01-13,STORE0008,SKU0043,47.19017028808594,60.334381103515625
2024-01-13,STORE0008,SKU0044,89.1147232055664,102.9783706665039
2024-01-13,STORE0008,SKU0045,69.14726257324219,80.34446716308594
2024-01-13,STORE0008,SKU0046,98.80587768554688,101.52210998535156
2024-01-13,STORE0008,SKU0047,78.97471618652344,83.48443603515625
2024-01-13,STORE0008,SKU0048,69.56916046142578,78.1693344116211
2024-01-13,STORE0008,SKU0049,59.639137268066406,55.93040084838867
2024-01-13,STORE0008,SKU0051,84.08219146728516,88.41497802734375
2024-01-13,STORE0008,SKU0055,17.25524139404297,16.747520446777344
2024-01-13,STORE0008,SKU0056,26.12732696533203,24.556236267089844
2024-01-13,STORE0008,SKU0057,104.72016143798828,101.84524536132812
2024-01-13,STORE0008,SKU0059,28.9154052734375,30.53466796875
2024-01-13,STORE0008,SKU0060,72.8175277709961,71.15691375732422
2024-01-13,STORE0008,SKU0061,115.92854309082031,104.86927032470703
2024-01-13,STORE0008,SKU0062,20.674362182617188,21.51314353942871
2024-01-13,STORE0008,SKU0064,113.69032287597656,105.21212768554688
2024-01-13,STORE0008,SKU0065,67.984375,65.54805755615234
2024-01-13,STORE0008,SKU0066,34.93130874633789,34.50510025024414
2024-01-13,STORE0008,SKU0067,49.8758544921875,46.36347579956055
2024-01-13,STORE0008,SKU0072,46.01946258544922,42.93680191040039
2024-01-13,STORE0008,SKU0074,68.930419921875,66.93627166748047
2024-01-13,STORE0008,SKU0075,40.81753158569336,38.245819091796875
2024-01-13,STORE0008,SKU0076,38.51183319091797,36.48478317260742
2024-01-13,STORE0008,SKU0077,67.9092788696289,62.52811813354492
2024-01-13,STORE0008,SKU0078,37.11518096923828,38.00722885131836
2024-01-13,STORE0008,SKU0080,95.21003723144531,99.78482818603516
2024-01-13,STORE0008,SKU0081,85.59494018554688,72.78321838378906
2024-01-13,STORE0008,SKU0082,73.05215454101562,74.89501190185547
2024-01-13,STORE0008,SKU0083,108.71353149414062,106.8707504272461
2024-01-13,STORE0008,SKU0084,30.667367935180664,30.123414993286133
2024-01-13,STORE0008,SKU0085,78.79348754882812,78.03068542480469
2024-01-13,STORE0008,SKU0086,10.444122314453125,10.388757705688477
2024-01-13,STORE0008,SKU0087,38.18220138549805,37.5560417175293
2024-01-13,STORE0008,SKU0088,28.900537490844727,26.679555892944336
2024-01-13,STORE0008,SKU0089,54.36003875732422,52.3755989074707
2024-01-13,STORE0008,SKU0090,24.802303314208984,27.174972534179688
2024-01-13,STORE0008,SKU0091,22.021839141845703,23.192813873291016
2024-01-13,STORE0008,SKU0092,116.12326049804688,110.25690460205078
2024-01-13,STORE0008,SKU0093,91.28096008300781,85.6269302368164
2024-01-13,STORE0008,SKU0094,77.52365112304688,82.7237548828125
2024-01-13,STORE0008,SKU0095,36.129180908203125,35.25129318237305
2024-01-13,STORE0008,SKU0096,116.81236267089844,105.23827362060547
2024-01-13,STORE0008,SKU0097,84.0223159790039,84.23290252685547
2024-01-13,STORE0008,SKU0098,49.614501953125,44.957374572753906
2024-01-13,STORE0008,SKU0099,118.55036926269531,110.04875946044922
2024-01-13,STORE0008,SKU0100,105.40171813964844,104.7217788696289
2024-01-13,STORE0008,SKU0101,17.753219604492188,16.701875686645508
2024-01-13,STORE0008,SKU0102,118.89096069335938,101.8740005493164
2024-01-13,STORE0009,SKU0001,106.5089340209961,111.32440185546875
2024-01-13,STORE0009,SKU0002,68.73068237304688,66.08657836914062
2024-01-13,STORE0009,SKU0003,22.59543228149414,21.331724166870117
2024-01-13,STORE0009,SKU0005,80.14998626708984,76.9144287109375
2024-01-13,STORE0009,SKU0006,112.25563049316406,109.63680267333984
2024-01-13,STORE0009,SKU0008,25.18069076538086,27.265724182128906
2024-01-13,STORE0009,SKU0009,60.049686431884766,59.10724639892578
2024-01-13,STORE0009,SKU0010,38.08526611328125,30.817516326904297
2024-01-13,STORE0009,SKU0011,21.75949478149414,19.479278564453125
2024-01-13,STORE0009,SKU0012,46.42884063720703,46.04933547973633
2024-01-13,STORE0009,SKU0013,88.12004852294922,87.53929138183594
2024-01-13,STORE0009,SKU0015,12.828567504882812,11.977197647094727
2024-01-13,STORE0009,SKU0016,25.76978302001953,23.58456802368164
2024-01-13,STORE0009,SKU0017,108.43302917480469,107.68843078613281
2024-01-13,STORE0009,SKU0018,94.02977752685547,98.64513397216797
2024-01-13,STORE0009,SKU0019,17.439552307128906,15.851157188415527
2024-01-13,STORE0009,SKU0020,51.63442611694336,50.410545349121094
2024-01-13,STORE0009,SKU0022,105.26777648925781,104.26480865478516
2024-01-13,STORE0009,SKU0023,73.70429229736328,67.5706787109375
2024-01-13,STORE0009,SKU0024,57.41763687133789,58.46806335449219
2024-01-13,STORE0009,SKU0025,26.015766143798828,34.53181076049805
2024-01-13,STORE0009,SKU0027,107.98324584960938,106.30873107910156
2024-01-13,STORE0009,SKU0028,109.28060913085938,114.3587875366211
2024-01-13,STORE0009,SKU0030,39.536773681640625,47.800018310546875
2024-01-13,STORE0009,SKU0032,63.75749969482422,75.41152954101562
2024-01-13,STORE0009,SKU0033,90.40179443359375,114.55785369873047
2024-01-13,STORE0009,SKU0034,125.88726806640625,125.457275390625
2024-01-13,STORE0009,SKU0035,154.3570556640625,160.7565155029297
2024-01-13,STORE0009,SKU0037,94.01201629638672,101.40174865722656
2024-01-13,STORE0009,SKU0038,83.6991958618164,100.74090576171875
2024-01-13,STORE0009,SKU0039,13.044219970703125,18.427207946777344
2024-01-13,STORE0009,SKU0041,77.53739929199219,87.94970703125
2024-01-13,STORE0009,SKU0044,77.57406616210938,97.19080352783203
2024-01-13,STORE0009,SKU0045,58.175296783447266,69.97319793701172
2024-01-13,STORE0009,SKU0046,84.84878540039062,92.08194732666016
2024-01-13,STORE0009,SKU0047,66.50050354003906,83.96665954589844
2024-01-13,STORE0009,SKU0049,50.81935119628906,45.325462341308594
2024-01-13,STORE0009,SKU0050,17.274417877197266,17.746376037597656
2024-01-13,STORE0009,SKU0051,71.49364471435547,69.37149047851562
2024-01-13,STORE0009,SKU0052,59.531494140625,59.018253326416016
2024-01-13,STORE0009,SKU0055,14.498794555664062,15.102842330932617
2024-01-13,STORE0009,SKU0057,90.60282897949219,91.38015747070312
2024-01-13,STORE0009,SKU0058,100.16534423828125,96.98564147949219
2024-01-13,STORE0009,SKU0059,24.935344696044922,29.714235305786133
2024-01-13,STORE0009,SKU0060,62.24981689453125,60.7475700378418
2024-01-13,STORE0009,SKU0061,101.39907836914062,104.3809585571289
2024-01-13,STORE0009,SKU0062,17.503948211669922,19.249542236328125
2024-01-13,STORE0009,SKU0063,53.31105041503906,49.648502349853516
2024-01-13,STORE0009,SKU0064,100.23963928222656,104.77799987792969
2024-01-13,STORE0009,SKU0065,58.98028564453125,58.29728317260742
2024-01-13,STORE0009,SKU0066,29.730236053466797,30.64723777770996
2024-01-13,STORE0009,SKU0067,42.566471099853516,38.71337127685547
2024-01-13,STORE0009,SKU0068,43.00120544433594,39.88496017456055
2024-01-13,STORE0009,SKU0069,81.59395599365234,72.4037094116211
2024-01-13,STORE0009,SKU0070,109.8126220703125,96.2823486328125
2024-01-13,STORE0009,SKU0071,33.85545349121094,32.24127197265625
2024-01-13,STORE0009,SKU0072,39.72395324707031,37.40372848510742
2024-01-13,STORE0009,SKU0074,57.92318344116211,59.038333892822266
2024-01-13,STORE0009,SKU0075,34.591163635253906,34.729347229003906
2024-01-13,STORE0009,SKU0076,32.58753204345703,30.990943908691406
2024-01-13,STORE0009,SKU0077,57.22576141357422,60.732913970947266
2024-01-13,STORE0009,SKU0078,31.25749397277832,35.51925277709961
2024-01-13,STORE0009,SKU0080,82.4828872680664,89.67341613769531
2024-01-13,STORE0009,SKU0082,62.32933044433594,63.90668487548828
2024-01-13,STORE0009,SKU0083,93.90943908691406,95.66143798828125
2024-01-13,STORE0009,SKU0084,25.926437377929688,25.610517501831055
2024-01-13,STORE0009,SKU0085,67.83073425292969,68.42290496826172
2024-01-13,STORE0009,SKU0086,8.449474334716797,9.859545707702637
2024-01-13,STORE0009,SKU0087,32.38996124267578,31.38614845275879
2024-01-13,STORE0009,SKU0088,24.81183624267578,24.463106155395508
2024-01-13,STORE0009,SKU0089,46.13491439819336,41.90292739868164
2024-01-13,STORE0009,SKU0090,21.452407836914062,20.97079086303711
2024-01-13,STORE0009,SKU0091,18.698192596435547,18.81873321533203
2024-01-13,STORE0009,SKU0092,101.62178039550781,100.740966796875
2024-01-13,STORE0009,SKU0093,76.61859893798828,73.38945770263672
2024-01-13,STORE0009,SKU0096,101.4580307006836,105.7016830444336
2024-01-13,STORE0009,SKU0097,71.4488754272461,72.0354232788086
2024-01-13,STORE0009,SKU0098,42.27944564819336,42.7851448059082
2024-01-13,STORE0009,SKU0099,102.37799072265625,99.88569641113281
2024-01-13,STORE0009,SKU0102,103.49830627441406,97.38275909423828
2024-01-13,STORE0010,SKU0001,106.65650177001953,111.48419189453125
2024-01-13,STORE0010,SKU0004,98.31588745117188,103.4703140258789
2024-01-13,STORE0010,SKU0005,80.13182067871094,75.99530792236328
2024-01-13,STORE0010,SKU0006,110.7513656616211,93.44242095947266
2024-01-13,STORE0010,SKU0007,29.466197967529297,26.322004318237305
2024-01-13,STORE0010,SKU0010,37.335365295410156,35.31825637817383
2024-01-13,STORE0010,SKU0011,21.559314727783203,20.830564498901367
2024-01-13,STORE0010,SKU0012,45.78255081176758,44.191104888916016
2024-01-13,STORE0010,SKU0013,87.9679946899414,84.54129791259766
2024-01-13,STORE0010,SKU0014,59.301048278808594,60.00164031982422
2024-01-13,STORE0010,SKU0015,12.316547393798828,11.021710395812988
2024-01-13,STORE0010,SKU0016,24.940067291259766,22.7918758392334
2024-01-13,STORE0010,SKU0017,107.75872802734375,98.89361572265625
2024-01-13,STORE0010,SKU0018,92.99148559570312,85.84581756591797
2024-01-13,STORE0010,SKU0019,17.23434066772461,15.983154296875
2024-01-13,STORE0010,SKU0020,51.686553955078125,50.69866943359375
2024-01-13,STORE0010,SKU0021,56.51047134399414,57.850013732910156
2024-01-13,STORE0010,SKU0025,25.398868560791016,30.2968692779541
2024-01-13,STORE0010,SKU0028,106.1941146850586,116.80857849121094
2024-01-13,STORE0010,SKU0029,25.209754943847656,31.12333869934082
2024-01-13,STORE0010,SKU0030,39.02519989013672,49.65229415893555
2024-01-13,STORE0010,SKU0032,61.899375915527344,70.24017333984375
2024-01-13,STORE0010,SKU0034,126.68464660644531,142.94802856445312
2024-01-13,STORE0010,SKU0035,153.23443603515625,161.31146240234375
2024-01-13,STORE0010,SKU0036,36.021270751953125,44.8875617980957
2024-01-13,STORE0010,SKU0037,93.4999771118164,111.5434341430664
2024-01-13,STORE0010,SKU0038,83.14404296875,106.0208969116211
2024-01-13,STORE0010,SKU0039,12.40872573852539,17.446718215942383
2024-01-13,STORE0010,SKU0040,17.957218170166016,19.655628204345703
2024-01-13,STORE0010,SKU0042,9.664314270019531,15.14157485961914
2024-01-13,STORE0010,SKU0043,39.50129699707031,51.983848571777344
2024-01-13,STORE0010,SKU0045,58.15367889404297,63.28852081298828
2024-01-13,STORE0010,SKU0046,82.14378356933594,94.83885192871094
2024-01-13,STORE0010,SKU0048,58.66383743286133,66.16118621826172
2024-01-13,STORE0010,SKU0050,16.923728942871094,18.326251983642578
2024-01-13,STORE0010,SKU0051,71.77105712890625,70.48825073242188
2024-01-13,STORE0010,SKU0052,57.92710876464844,59.7646598815918
2024-01-13,STORE0010,SKU0053,32.42475891113281,34.73988723754883
2024-01-13,STORE0010,SKU0054,83.25408935546875,77.86985778808594
2024-01-13,STORE0010,SKU0055,13.873008728027344,15.845587730407715
2024-01-13,STORE0010,SKU0056,22.136550903320312,21.885927200317383
2024-01-13,STORE0010,SKU0057,89.36018371582031,95.07041931152344
2024-01-13,STORE0010,SKU0058,99.4317626953125,91.30406951904297
2024-01-13,STORE0010,SKU0059,23.973663330078125,28.021535873413086
2024-01-13,STORE0010,SKU0060,62.40187072753906,61.12604522705078
2024-01-13,STORE0010,SKU0061,99.23949432373047,91.44903564453125
2024-01-13,STORE0010,SKU0063,51.690250396728516,52.67436981201172
2024-01-13,STORE0010,SKU0064,99.28086853027344,94.35858154296875
2024-01-13,STORE0010,SKU0065,57.74618148803711,58.76072692871094
2024-01-13,STORE0010,SKU0067,41.32642364501953,38.76704025268555
2024-01-13,STORE0010,SKU0068,42.423675537109375,40.1375732421875
2024-01-13,STORE0010,SKU0069,81.18777465820312,78.48355865478516
2024-01-13,STORE0010,SKU0070,108.60514068603516,104.33484649658203
2024-01-13,STORE0010,SKU0073,9.662532806396484,11.386624336242676
2024-01-13,STORE0010,SKU0074,57.353187561035156,57.26276397705078
2024-01-13,STORE0010,SKU0075,34.16876983642578,37.386234283447266
2024-01-13,STORE0010,SKU0076,31.70021629333496,30.67172622680664
2024-01-13,STORE0010,SKU0077,57.502906799316406,51.92109680175781
2024-01-13,STORE0010,SKU0078,30.48409652709961,34.76161193847656
2024-01-13,STORE0010,SKU0079,84.98240661621094,83.61619567871094
2024-01-13,STORE0010,SKU0080,80.54740142822266,87.78922271728516
2024-01-13,STORE0010,SKU0081,72.28211212158203,73.98372650146484
2024-01-13,STORE0010,SKU0083,93.2369613647461,98.81944274902344
2024-01-13,STORE0010,SKU0084,25.177471160888672,25.42359161376953
2024-01-13,STORE0010,SKU0085,66.85081481933594,69.21947479248047
2024-01-13,STORE0010,SKU0086,8.00655746459961,8.993623733520508
2024-01-13,STORE0010,SKU0087,31.559213638305664,28.202510833740234
2024-01-13,STORE0010,SKU0088,24.23235321044922,26.571514129638672
2024-01-13,STORE0010,SKU0089,45.461273193359375,42.3876838684082
2024-01-13,STORE0010,SKU0090,20.82245635986328,20.44053840637207
2024-01-13,STORE0010,SKU0092,100.14959716796875,98.7500228881836
2024-01-13,STORE0010,SKU0094,63.9128303527832,64.8794937133789
2024-01-13,STORE0010,SKU0095,30.093433380126953,35.62163162231445
2024-01-13,STORE0010,SKU0096,99.46218872070312,90.86741638183594
2024-01-13,STORE0010,SKU0097,71.33876037597656,73.11177062988281
2024-01-13,STORE0010,SKU0098,41.71890640258789,39.566795349121094
2024-01-13,STORE0010,SKU0099,99.76480865478516,91.33088684082031
2024-01-13,STORE0010,SKU0100,90.20491790771484,91.26653289794922
2024-01-13,STORE0010,SKU0101,14.832313537597656,15.454093933105469
2024-01-13,STORE0010,SKU0102,102.39691925048828,98.27330017089844
2024-01-13,STORE0011,SKU0001,123.678466796875,116.8817367553711
2024-01-13,STORE0011,SKU0002,82.027099609375,73.15673828125
2024-01-13,STORE0011,SKU0003,25.23302459716797,23.60247230529785
2024-01-13,STORE0011,SKU0004,113.8751220703125,105.0503158569336
2024-01-13,STORE0011,SKU0005,94.54600524902344,89.45372009277344
2024-01-13,STORE0011,SKU0006,129.47702026367188,108.28164672851562
2024-01-13,STORE0011,SKU0007,34.20759582519531,35.615291595458984
2024-01-13,STORE0011,SKU0009,72.0141372680664,67.38644409179688
2024-01-13,STORE0011,SKU0012,53.78406524658203,48.672019958496094
2024-01-13,STORE0011,SKU0014,70.00493621826172,60.50286102294922
2024-01-13,STORE0011,SKU0015,14.796527862548828,12.35519790649414
2024-01-13,STORE0011,SKU0017,123.51858520507812,108.59867858886719
2024-01-13,STORE0011,SKU0018,109.26968383789062,91.9148941040039
2024-01-13,STORE0011,SKU0019,20.23625946044922,18.491239547729492
2024-01-13,STORE0011,SKU0020,60.332763671875,54.87265396118164
2024-01-13,STORE0011,SKU0021,66.62904357910156,68.52544403076172
2024-01-13,STORE0011,SKU0022,121.62020111083984,110.57233428955078
2024-01-13,STORE0011,SKU0023,86.18305206298828,74.85022735595703
2024-01-13,STORE0011,SKU0024,67.69805908203125,64.62545013427734
2024-01-13,STORE0011,SKU0025,29.64153289794922,36.22004699707031
2024-01-13,STORE0011,SKU0026,111.27638244628906,111.08162689208984
2024-01-13,STORE0011,SKU0027,124.10591125488281,114.38070678710938
2024-01-13,STORE0011,SKU0028,122.74112701416016,119.10317993164062
2024-01-13,STORE0011,SKU0029,29.47905731201172,38.67869567871094
2024-01-13,STORE0011,SKU0030,46.058982849121094,54.97902297973633
2024-01-13,STORE0011,SKU0031,54.29726028442383,64.22317504882812
2024-01-13,STORE0011,SKU0033,101.51205444335938,112.55772399902344
2024-01-13,STORE0011,SKU0034,152.12594604492188,147.3888397216797
2024-01-13,STORE0011,SKU0035,179.135498046875,167.11624145507812
2024-01-13,STORE0011,SKU0036,40.62543487548828,50.11529541015625
2024-01-13,STORE0011,SKU0037,109.7332763671875,114.84394836425781
2024-01-13,STORE0011,SKU0038,97.4937744140625,114.19867706298828
2024-01-13,STORE0011,SKU0039,15.04616928100586,20.641681671142578
2024-01-13,STORE0011,SKU0040,21.620437622070312,27.5446720123291
2024-01-13,STORE0011,SKU0041,89.83602905273438,95.43114471435547
2024-01-13,STORE0011,SKU0043,45.67351531982422,57.206275939941406
2024-01-13,STORE0011,SKU0044,88.92425537109375,99.38019561767578
2024-01-13,STORE0011,SKU0046,99.14622497558594,107.46122741699219
2024-01-13,STORE0011,SKU0047,77.76363372802734,91.47936248779297
2024-01-13,STORE0011,SKU0048,69.5416030883789,84.99591064453125
2024-01-13,STORE0011,SKU0050,19.97780990600586,20.443511962890625
2024-01-13,STORE0011,SKU0051,83.34187316894531,85.78744506835938
2024-01-13,STORE0011,SKU0052,69.0692138671875,63.43645095825195
2024-01-13,STORE0011,SKU0053,37.64788055419922,37.34953689575195
2024-01-13,STORE0011,SKU0054,99.38011169433594,93.32079315185547
2024-01-13,STORE0011,SKU0055,16.611595153808594,18.383081436157227
2024-01-13,STORE0011,SKU0056,25.931583404541016,24.443675994873047
2024-01-13,STORE0011,SKU0058,115.68611145019531,108.18749237060547
2024-01-13,STORE0011,SKU0059,28.09319496154785,31.156108856201172
2024-01-13,STORE0011,SKU0061,115.91481018066406,107.64299774169922
2024-01-13,STORE0011,SKU0062,20.50231170654297,19.929943084716797
2024-01-13,STORE0011,SKU0064,115.0644760131836,107.29027557373047
2024-01-13,STORE0011,SKU0065,67.39830780029297,67.09050750732422
2024-01-13,STORE0011,SKU0066,34.24705123901367,34.22079086303711
2024-01-13,STORE0011,SKU0067,48.93633270263672,45.68803024291992
2024-01-13,STORE0011,SKU0068,49.03416442871094,43.03834915161133
2024-01-13,STORE0011,SKU0069,96.46114349365234,87.43144989013672
2024-01-13,STORE0011,SKU0070,123.66639709472656,112.77483367919922
2024-01-13,STORE0011,SKU0071,38.77153778076172,37.8802490234375
2024-01-13,STORE0011,SKU0072,44.87042999267578,42.42778015136719
2024-01-13,STORE0011,SKU0073,12.3021240234375,14.479984283447266
2024-01-13,STORE0011,SKU0074,68.53141784667969,60.78348922729492
2024-01-13,STORE0011,SKU0077,67.1041488647461,60.527671813964844
2024-01-13,STORE0011,SKU0078,35.71149444580078,36.17655944824219
2024-01-13,STORE0011,SKU0079,101.59521484375,96.96849060058594
2024-01-13,STORE0011,SKU0082,72.08650207519531,73.00109100341797
2024-01-13,STORE0011,SKU0083,108.93257141113281,105.95366668701172
2024-01-13,STORE0011,SKU0085,78.61325073242188,78.91766357421875
2024-01-13,STORE0011,SKU0086,10.097732543945312,10.472434997558594
2024-01-13,STORE0011,SKU0087,37.33326721191406,35.39588928222656
2024-01-13,STORE0011,SKU0088,28.39126968383789,29.53000259399414
2024-01-13,STORE0011,SKU0089,53.660396575927734,50.44702911376953
2024-01-13,STORE0011,SKU0090,24.45746612548828,24.867420196533203
2024-01-13,STORE0011,SKU0094,76.74559783935547,71.42857360839844
2024-01-13,STORE0011,SKU0095,35.4844856262207,36.901336669921875
2024-01-13,STORE0011,SKU0096,116.97306823730469,111.314453125
2024-01-13,STORE0011,SKU0097,83.16838073730469,80.09099578857422
2024-01-13,STORE0011,SKU0098,48.936038970947266,44.63644790649414
2024-01-13,STORE0011,SKU0100,104.55937957763672,96.20614624023438
2024-01-13,STORE0011,SKU0101,17.63599395751953,18.165523529052734
2024-01-13,STORE0012,SKU0001,108.08879089355469,116.81354522705078
2024-01-13,STORE0012,SKU0002,68.95352172851562,74.19818115234375
2024-01-13,STORE0012,SKU0004,98.72874450683594,95.94355773925781
2024-01-13,STORE0012,SKU0005,80.8224105834961,74.73734283447266
2024-01-13,STORE0012,SKU0006,112.93328094482422,98.3951416015625
2024-01-13,STORE0012,SKU0007,29.978178024291992,28.860740661621094
2024-01-13,STORE0012,SKU0008,25.049522399902344,26.16958236694336
2024-01-13,STORE0012,SKU0009,60.18592071533203,55.96080017089844
2024-01-13,STORE0012,SKU0010,37.7156867980957,36.686370849609375
2024-01-13,STORE0012,SKU0013,89.62528991699219,86.36961364746094
2024-01-13,STORE0012,SKU0014,59.9361686706543,59.15234375
2024-01-13,STORE0012,SKU0015,12.781726837158203,12.44669246673584
2024-01-13,STORE0012,SKU0016,25.463478088378906,24.03809928894043
2024-01-13,STORE0012,SKU0017,109.4117431640625,104.16787719726562
2024-01-13,STORE0012,SKU0018,95.10205841064453,88.25859832763672
2024-01-13,STORE0012,SKU0019,17.42068862915039,16.560653686523438
2024-01-13,STORE0012,SKU0020,52.526275634765625,58.20576858520508
2024-01-13,STORE0012,SKU0022,105.78067016601562,94.35601806640625
2024-01-13,STORE0012,SKU0023,75.85012817382812,67.17669677734375
2024-01-13,STORE0012,SKU0025,25.699508666992188,32.9344367980957
2024-01-13,STORE0012,SKU0026,93.52671813964844,109.19194030761719
2024-01-13,STORE0012,SKU0027,105.6307144165039,110.30529022216797
2024-01-13,STORE0012,SKU0028,106.8987808227539,113.4749755859375
2024-01-13,STORE0012,SKU0029,25.61013412475586,31.71666145324707
2024-01-13,STORE0012,SKU0030,39.44985580444336,55.87609100341797
2024-01-13,STORE0012,SKU0032,62.324867248535156,72.9468994140625
2024-01-13,STORE0012,SKU0033,84.94914245605469,104.75617218017578
2024-01-13,STORE0012,SKU0034,126.13426208496094,143.52391052246094
2024-01-13,STORE0012,SKU0035,158.01870727539062,151.60519409179688
2024-01-13,STORE0012,SKU0036,35.64586639404297,45.685882568359375
2024-01-13,STORE0012,SKU0037,92.69580841064453,106.72533416748047
2024-01-13,STORE0012,SKU0038,83.76072692871094,101.13050842285156
2024-01-13,STORE0012,SKU0039,12.982669830322266,16.17038917541504
2024-01-13,STORE0012,SKU0043,39.8399658203125,45.44259262084961
2024-01-13,STORE0012,SKU0044,76.8028335571289,93.54669952392578
2024-01-13,STORE0012,SKU0046,83.89495086669922,94.78316497802734
2024-01-13,STORE0012,SKU0047,65.80567932128906,82.87539672851562
2024-01-13,STORE0012,SKU0048,59.56646728515625,71.7656021118164
2024-01-13,STORE0012,SKU0050,17.40285873413086,18.941818237304688
2024-01-13,STORE0012,SKU0052,59.55319595336914,56.8350715637207
2024-01-13,STORE0012,SKU0053,32.95862579345703,34.54954528808594
2024-01-13,STORE0012,SKU0054,86.14495849609375,77.55791473388672
2024-01-13,STORE0012,SKU0055,14.574127197265625,14.902832984924316
2024-01-13,STORE0012,SKU0056,22.726577758789062,21.99479103088379
2024-01-13,STORE0012,SKU0057,89.8995590209961,82.88818359375
2024-01-13,STORE0012,SKU0058,101.09371948242188,90.28996276855469
2024-01-13,STORE0012,SKU0059,24.616321563720703,26.716190338134766
2024-01-13,STORE0012,SKU0060,63.2342414855957,59.948123931884766
2024-01-13,STORE0012,SKU0061,101.49539184570312,97.2856216430664
2024-01-13,STORE0012,SKU0062,17.649585723876953,16.540550231933594
2024-01-13,STORE0012,SKU0064,100.19683837890625,89.79767608642578
2024-01-13,STORE0012,SKU0065,58.128787994384766,57.13472366333008
2024-01-13,STORE0012,SKU0066,29.321287155151367,28.822481155395508
2024-01-13,STORE0012,SKU0068,42.498626708984375,38.75403594970703
2024-01-13,STORE0012,SKU0070,110.75064086914062,101.78269958496094
2024-01-13,STORE0012,SKU0071,33.46199035644531,30.517976760864258
2024-01-13,STORE0012,SKU0072,39.50152587890625,41.4046745300293
2024-01-13,STORE0012,SKU0074,58.49188232421875,60.41408157348633
2024-01-13,STORE0012,SKU0075,34.74935531616211,37.011722564697266
2024-01-13,STORE0012,SKU0076,32.17521667480469,30.414960861206055
2024-01-13,STORE0012,SKU0077,57.72768783569336,50.81480407714844
2024-01-13,STORE0012,SKU0078,31.28900146484375,32.22243118286133
2024-01-13,STORE0012,SKU0080,82.21942138671875,89.53245544433594
2024-01-13,STORE0012,SKU0081,74.19802856445312,73.53834533691406
2024-01-13,STORE0012,SKU0083,93.35870361328125,92.54354095458984
2024-01-13,STORE0012,SKU0084,25.97345733642578,27.24348258972168
2024-01-13,STORE0012,SKU0085,67.43177795410156,68.45535278320312
2024-01-13,STORE0012,SKU0086,8.36007308959961,8.069807052612305
2024-01-13,STORE0012,SKU0088,24.649272918701172,26.0800838470459
2024-01-13,STORE0012,SKU0089,45.69874954223633,41.52736282348633
2024-01-13,STORE0012,SKU0091,18.512176513671875,17.09147071838379
2024-01-13,STORE0012,SKU0092,102.90390014648438,97.16185760498047
2024-01-13,STORE0012,SKU0094,65.732421875,61.387054443359375
2024-01-13,STORE0012,SKU0095,29.969497680664062,34.66905975341797
2024-01-13,STORE0012,SKU0096,102.01145935058594,93.74039459228516
2024-01-13,STORE0012,SKU0097,72.03340911865234,71.54694366455078
2024-01-13,STORE0012,SKU0098,42.33253479003906,39.10895919799805
2024-01-13,STORE0012,SKU0099,101.85263061523438,99.28822326660156
2024-01-13,STORE0012,SKU0100,91.88105773925781,91.18513488769531
2024-01-13,STORE0012,SKU0101,15.199310302734375,16.4582576751709
2024-01-13,STORE0013,SKU0001,60.232295989990234,65.17604064941406
2024-01-13,STORE0013,SKU0002,41.122535705566406,37.514949798583984
2024-01-13,STORE0013,SKU0003,14.190364837646484,12.277521133422852
2024-01-13,STORE0013,SKU0006,61.4400634765625,58.45820617675781
2024-01-13,STORE0013,SKU0008,15.2572021484375,14.71900463104248
2024-01-13,STORE0013,SKU0009,35.69664764404297,30.630678176879883
2024-01-13,STORE0013,SKU0013,50.89399719238281,47.580787658691406
2024-01-13,STORE0013,SKU0014,36.04003143310547,36.82051086425781
2024-01-13,STORE0013,SKU0015,8.41971206665039,7.608514308929443
2024-01-13,STORE0013,SKU0017,59.88829803466797,58.97209167480469
2024-01-13,STORE0013,SKU0020,31.730613708496094,30.031274795532227
2024-01-13,STORE0013,SKU0024,34.104408264160156,36.41156768798828
2024-01-13,STORE0013,SKU0025,15.694290161132812,18.09248161315918
2024-01-13,STORE0013,SKU0026,52.250770568847656,61.72064971923828
2024-01-13,STORE0013,SKU0027,58.07324981689453,71.50035095214844
2024-01-13,STORE0013,SKU0028,59.989219665527344,73.4160385131836
2024-01-13,STORE0013,SKU0031,27.740966796875,35.581974029541016
2024-01-13,STORE0013,SKU0032,34.47889709472656,41.37419891357422
2024-01-13,STORE0013,SKU0034,71.67686462402344,88.76836395263672
2024-01-13,STORE0013,SKU0036,21.980670928955078,30.429967880249023
2024-01-13,STORE0013,SKU0037,53.05481719970703,64.76844024658203
2024-01-13,STORE0013,SKU0039,7.7741851806640625,10.713526725769043
2024-01-13,STORE0013,SKU0040,10.925308227539062,13.735140800476074
2024-01-13,STORE0013,SKU0041,42.956031799316406,49.485679626464844
2024-01-13,STORE0013,SKU0049,29.66065216064453,25.38165855407715
2024-01-13,STORE0013,SKU0056,13.801010131835938,14.675338745117188
2024-01-13,STORE0013,SKU0057,51.11941909790039,53.427738189697266
2024-01-13,STORE0013,SKU0061,55.68614959716797,58.087364196777344
2024-01-13,STORE0013,SKU0063,30.922147750854492,26.64915657043457
2024-01-13,STORE0013,SKU0065,33.67567443847656,36.12779998779297
2024-01-13,STORE0013,SKU0068,25.975929260253906,27.732295989990234
2024-01-13,STORE0013,SKU0071,20.426761627197266,17.315839767456055
2024-01-13,STORE0013,SKU0076,19.83364486694336,18.865591049194336
2024-01-13,STORE0013,SKU0080,46.794921875,53.378841400146484
2024-01-13,STORE0013,SKU0084,16.60094451904297,16.158538818359375
2024-01-13,STORE0013,SKU0085,40.58283615112305,37.0570068359375
2024-01-13,STORE0013,SKU0086,5.001701354980469,6.397326469421387
2024-01-13,STORE0013,SKU0087,20.396953582763672,20.41115379333496
2024-01-13,STORE0013,SKU0089,28.010194778442383,30.350807189941406
2024-01-13,STORE0013,SKU0090,13.831443786621094,13.362258911132812
2024-01-13,STORE0013,SKU0096,56.14336013793945,58.660987854003906
2024-01-13,STORE0013,SKU0097,42.966434478759766,42.69717025756836
2024-01-13,STORE0013,SKU0099,58.556392669677734,54.82024383544922
2024-01-13,STORE0013,SKU0102,57.82537078857422,57.86874771118164
2024-01-14,STORE0001,SKU0001,123.70491027832031,115.9150161743164
2024-01-14,STORE0001,SKU0002,81.225830078125,75.62982940673828
2024-01-14,STORE0001,SKU0004,114.35189819335938,107.39225006103516
2024-01-14,STORE0001,SKU0006,128.6923065185547,109.4386215209961
2024-01-14,STORE0001,SKU0007,35.088497161865234,29.695438385009766
2024-01-14,STORE0001,SKU0008,29.785181045532227,30.043302536010742
2024-01-14,STORE0001,SKU0010,45.89797592163086,42.3060417175293
2024-01-14,STORE0001,SKU0011,25.662792205810547,21.103317260742188
2024-01-14,STORE0001,SKU0012,55.050048828125,48.21684646606445
2024-01-14,STORE0001,SKU0014,70.74175262451172,68.33344268798828
2024-01-14,STORE0001,SKU0015,15.564395904541016,12.42144775390625
2024-01-14,STORE0001,SKU0016,30.743751525878906,26.915172576904297
2024-01-14,STORE0001,SKU0017,123.2904052734375,112.7983169555664
2024-01-14,STORE0001,SKU0018,110.04315185546875,104.5396957397461
2024-01-14,STORE0001,SKU0019,20.771987915039062,17.5526180267334
2024-01-14,STORE0001,SKU0020,60.83378219604492,53.499271392822266
2024-01-14,STORE0001,SKU0021,68.72642517089844,73.18595123291016
2024-01-14,STORE0001,SKU0023,86.40851593017578,80.70162200927734
2024-01-14,STORE0001,SKU0024,67.76809692382812,58.74728775024414
2024-01-14,STORE0001,SKU0026,110.0150146484375,115.1005859375
2024-01-14,STORE0001,SKU0027,123.39784240722656,119.19127655029297
2024-01-14,STORE0001,SKU0029,30.434921264648438,40.22901153564453
2024-01-14,STORE0001,SKU0030,46.59161376953125,58.167537689208984
2024-01-14,STORE0001,SKU0031,54.81313705444336,59.411155700683594
2024-01-14,STORE0001,SKU0033,102.17976379394531,115.90526580810547
2024-01-14,STORE0001,SKU0035,174.99180603027344,158.4747772216797
2024-01-14,STORE0001,SKU0036,42.938453674316406,51.239768981933594
2024-01-14,STORE0001,SKU0037,107.56617736816406,111.0919418334961
2024-01-14,STORE0001,SKU0038,98.50428009033203,111.2558364868164
2024-01-14,STORE0001,SKU0039,16.050067901611328,20.845924377441406
2024-01-14,STORE0001,SKU0040,21.975372314453125,22.329885482788086
2024-01-14,STORE0001,SKU0041,89.00704956054688,92.69966125488281
2024-01-14,STORE0001,SKU0042,12.891674041748047,18.901235580444336
2024-01-14,STORE0001,SKU0043,46.4901123046875,48.68878936767578
2024-01-14,STORE0001,SKU0045,69.13563537597656,75.52315521240234
2024-01-14,STORE0001,SKU0046,98.74903869628906,105.30775451660156
2024-01-14,STORE0001,SKU0047,79.45730590820312,93.60574340820312
2024-01-14,STORE0001,SKU0048,71.46721649169922,81.04329681396484
2024-01-14,STORE0001,SKU0049,59.81882858276367,57.130332946777344
2024-01-14,STORE0001,SKU0050,20.606365203857422,20.028017044067383
2024-01-14,STORE0001,SKU0051,82.92224884033203,76.14827728271484
2024-01-14,STORE0001,SKU0053,38.55069351196289,36.48942184448242
2024-01-14,STORE0001,SKU0054,100.35211181640625,89.14408111572266
2024-01-14,STORE0001,SKU0055,17.372337341308594,17.075815200805664
2024-01-14,STORE0001,SKU0056,26.909500122070312,25.11665916442871
2024-01-14,STORE0001,SKU0058,115.7010269165039,108.28915405273438
2024-01-14,STORE0001,SKU0059,28.88295555114746,31.6374568939209
2024-01-14,STORE0001,SKU0060,73.89746856689453,70.8019790649414
2024-01-14,STORE0001,SKU0061,115.06694030761719,102.88251495361328
2024-01-14,STORE0001,SKU0062,21.07721710205078,23.07651138305664
2024-01-14,STORE0001,SKU0063,61.397647857666016,58.95503234863281
2024-01-14,STORE0001,SKU0065,68.15079498291016,65.8763656616211
2024-01-14,STORE0001,SKU0066,35.011009216308594,33.873756408691406
2024-01-14,STORE0001,SKU0067,50.14272689819336,46.01355743408203
2024-01-14,STORE0001,SKU0068,50.984840393066406,44.556461334228516
2024-01-14,STORE0001,SKU0069,96.98455810546875,94.30188751220703
2024-01-14,STORE0001,SKU0070,125.94862365722656,114.08548736572266
2024-01-14,STORE0001,SKU0072,45.872474670410156,37.745121002197266
2024-01-14,STORE0001,SKU0073,12.98385238647461,12.158541679382324
2024-01-14,STORE0001,SKU0074,69.09980773925781,58.06749725341797
2024-01-14,STORE0001,SKU0076,38.9059944152832,33.35866165161133
2024-01-14,STORE0001,SKU0077,67.37810516357422,56.37430953979492
2024-01-14,STORE0001,SKU0078,37.0964469909668,36.6867561340332
2024-01-14,STORE0001,SKU0080,95.25361633300781,87.18438720703125
2024-01-14,STORE0001,SKU0081,86.83819580078125,78.09435272216797
2024-01-14,STORE0001,SKU0082,72.73979949951172,72.83789825439453
2024-01-14,STORE0001,SKU0084,30.442893981933594,29.591827392578125
2024-01-14,STORE0001,SKU0086,10.802787780761719,10.11185359954834
2024-01-14,STORE0001,SKU0087,38.22460174560547,35.38063430786133
2024-01-14,STORE0001,SKU0090,25.109634399414062,26.64303207397461
2024-01-14,STORE0001,SKU0092,117.87811279296875,108.7870101928711
2024-01-14,STORE0001,SKU0093,90.89634704589844,84.52974700927734
2024-01-14,STORE0001,SKU0094,77.54158020019531,78.90364074707031
2024-01-14,STORE0001,SKU0095,36.223731994628906,37.06595230102539
2024-01-14,STORE0001,SKU0096,117.71333312988281,107.72957611083984
2024-01-14,STORE0001,SKU0097,84.3868637084961,81.60449981689453
2024-01-14,STORE0001,SKU0098,50.09703826904297,47.26782989501953
2024-01-14,STORE0001,SKU0099,118.31185150146484,110.43509674072266
2024-01-14,STORE0001,SKU0100,104.67427062988281,102.03291320800781
2024-01-14,STORE0001,SKU0101,18.31662368774414,17.953432083129883
2024-01-14,STORE0002,SKU0001,86.0634765625,93.28590393066406
2024-01-14,STORE0002,SKU0002,57.19281768798828,61.143760681152344
2024-01-14,STORE0002,SKU0003,19.565841674804688,18.453495025634766
2024-01-14,STORE0002,SKU0004,79.56829833984375,86.89481353759766
2024-01-14,STORE0002,SKU0005,65.73137664794922,57.62916564941406
2024-01-14,STORE0002,SKU0006,89.74984741210938,87.62598419189453
2024-01-14,STORE0002,SKU0007,25.17095184326172,24.911239624023438
2024-01-14,STORE0002,SKU0008,21.66442108154297,19.2799015045166
2024-01-14,STORE0002,SKU0009,49.55952453613281,51.77639389038086
2024-01-14,STORE0002,SKU0010,31.83365821838379,28.68758201599121
2024-01-14,STORE0002,SKU0011,19.12847900390625,18.487415313720703
2024-01-14,STORE0002,SKU0012,38.023193359375,39.77336120605469
2024-01-14,STORE0002,SKU0014,49.84664535522461,52.0606689453125
2024-01-14,STORE0002,SKU0015,11.5362548828125,9.508278846740723
2024-01-14,STORE0002,SKU0016,22.101898193359375,18.615888595581055
2024-01-14,STORE0002,SKU0017,85.74553680419922,78.87444305419922
2024-01-14,STORE0002,SKU0018,74.22569274902344,68.99285125732422
2024-01-14,STORE0002,SKU0019,15.336082458496094,12.768413543701172
2024-01-14,STORE0002,SKU0020,43.509727478027344,48.533729553222656
2024-01-14,STORE0002,SKU0022,82.70902252197266,83.9421615600586
2024-01-14,STORE0002,SKU0023,60.779022216796875,56.60517883300781
2024-01-14,STORE0002,SKU0024,48.29312515258789,50.14989471435547
2024-01-14,STORE0002,SKU0025,22.028804779052734,29.040355682373047
2024-01-14,STORE0002,SKU0026,77.21244049072266,89.99952697753906
2024-01-14,STORE0002,SKU0027,86.19456481933594,98.57673645019531
2024-01-14,STORE0002,SKU0028,87.16527557373047,97.54515075683594
2024-01-14,STORE0002,SKU0030,32.945396423339844,49.63088607788086
2024-01-14,STORE0002,SKU0031,38.751708984375,51.815574645996094
2024-01-14,STORE0002,SKU0032,50.16515350341797,56.063663482666016
2024-01-14,STORE0002,SKU0033,70.61027526855469,89.66313171386719
2024-01-14,STORE0002,SKU0034,101.50778198242188,116.63113403320312
2024-01-14,STORE0002,SKU0036,30.842729568481445,37.237606048583984
2024-01-14,STORE0002,SKU0037,75.0411376953125,92.61764526367188
2024-01-14,STORE0002,SKU0038,67.70645141601562,84.95931243896484
2024-01-14,STORE0002,SKU0039,11.578807830810547,13.247929573059082
2024-01-14,STORE0002,SKU0040,15.993965148925781,17.196359634399414
2024-01-14,STORE0002,SKU0041,62.77016067504883,75.70742797851562
2024-01-14,STORE0002,SKU0042,9.128990173339844,13.043989181518555
2024-01-14,STORE0002,SKU0043,33.147857666015625,40.16767120361328
2024-01-14,STORE0002,SKU0044,61.9562873840332,78.30094146728516
2024-01-14,STORE0002,SKU0046,67.51217651367188,92.59496307373047
2024-01-14,STORE0002,SKU0048,49.41770553588867,59.710391998291016
2024-01-14,STORE0002,SKU0051,59.83884048461914,61.09709548950195
2024-01-14,STORE0002,SKU0052,49.270389556884766,51.28821563720703
2024-01-14,STORE0002,SKU0054,68.84603881835938,69.43412017822266
2024-01-14,STORE0002,SKU0055,12.835311889648438,12.979326248168945
2024-01-14,STORE0002,SKU0056,19.385433197021484,18.9638614654541
2024-01-14,STORE0002,SKU0058,82.02034759521484,85.82135009765625
2024-01-14,STORE0002,SKU0059,21.24155044555664,21.946889877319336
2024-01-14,STORE0002,SKU0060,52.93675994873047,50.231807708740234
2024-01-14,STORE0002,SKU0062,15.762168884277344,16.438589096069336
2024-01-14,STORE0002,SKU0063,43.888431549072266,37.338279724121094
2024-01-14,STORE0002,SKU0064,80.67984008789062,84.74737548828125
2024-01-14,STORE0002,SKU0065,48.69404602050781,49.3995246887207
2024-01-14,STORE0002,SKU0066,25.584564208984375,22.84675407409668
2024-01-14,STORE0002,SKU0069,68.34818267822266,60.873199462890625
2024-01-14,STORE0002,SKU0070,90.64639282226562,94.1190185546875
2024-01-14,STORE0002,SKU0071,28.034198760986328,27.457561492919922
2024-01-14,STORE0002,SKU0073,9.156768798828125,9.249385833740234
2024-01-14,STORE0002,SKU0074,47.916160583496094,48.587738037109375
2024-01-14,STORE0002,SKU0075,29.652408599853516,30.369604110717773
2024-01-14,STORE0002,SKU0078,26.843788146972656,24.133628845214844
2024-01-14,STORE0002,SKU0079,70.68560791015625,68.58332824707031
2024-01-14,STORE0002,SKU0081,60.7716064453125,60.527496337890625
2024-01-14,STORE0002,SKU0082,51.95216369628906,52.3858757019043
2024-01-14,STORE0002,SKU0083,76.36494445800781,78.98653411865234
2024-01-14,STORE0002,SKU0084,22.65705108642578,21.41180992126465
2024-01-14,STORE0002,SKU0086,7.927650451660156,7.638834476470947
2024-01-14,STORE0002,SKU0087,27.429147720336914,22.89972686767578
2024-01-14,STORE0002,SKU0088,21.31808853149414,23.333078384399414
2024-01-14,STORE0002,SKU0089,38.335601806640625,40.46192932128906
2024-01-14,STORE0002,SKU0090,18.21297836303711,17.85699462890625
2024-01-14,STORE0002,SKU0092,82.05271911621094,82.9255142211914
2024-01-14,STORE0002,SKU0093,62.60762023925781,62.626739501953125
2024-01-14,STORE0002,SKU0096,81.65971374511719,80.7623291015625
2024-01-14,STORE0002,SKU0097,59.63377380371094,57.7142333984375
2024-01-14,STORE0002,SKU0098,34.9847526550293,35.29143524169922
2024-01-14,STORE0002,SKU0099,82.42698669433594,82.5010986328125
2024-01-14,STORE0002,SKU0101,13.619590759277344,13.314523696899414
2024-01-14,STORE0002,SKU0102,83.78298950195312,88.95659637451172
2024-01-14,STORE0003,SKU0001,87.12139892578125,95.54779052734375
2024-01-14,STORE0003,SKU0003,18.842571258544922,20.284025192260742
2024-01-14,STORE0003,SKU0004,79.63359832763672,78.62281799316406
2024-01-14,STORE0003,SKU0005,66.2950668334961,66.98114776611328
2024-01-14,STORE0003,SKU0006,90.2291488647461,86.90149688720703
2024-01-14,STORE0003,SKU0007,24.679668426513672,25.127208709716797
2024-01-14,STORE0003,SKU0008,20.906578063964844,21.163036346435547
2024-01-14,STORE0003,SKU0009,49.4836540222168,53.16785430908203
2024-01-14,STORE0003,SKU0010,31.077306747436523,29.243350982666016
2024-01-14,STORE0003,SKU0011,18.389652252197266,17.26092529296875
2024-01-14,STORE0003,SKU0012,37.82592010498047,40.26288604736328
2024-01-14,STORE0003,SKU0013,70.92898559570312,62.39958190917969
2024-01-14,STORE0003,SKU0014,49.88652801513672,52.7080192565918
2024-01-14,STORE0003,SKU0015,10.442493438720703,9.041632652282715
2024-01-14,STORE0003,SKU0016,21.437965393066406,17.998960494995117
2024-01-14,STORE0003,SKU0019,14.719482421875,11.958356857299805
2024-01-14,STORE0003,SKU0020,42.64811325073242,41.90038299560547
2024-01-14,STORE0003,SKU0021,47.3393669128418,48.40300369262695
2024-01-14,STORE0003,SKU0022,83.59317779541016,86.7795639038086
2024-01-14,STORE0003,SKU0023,61.29452133178711,61.7403564453125
2024-01-14,STORE0003,SKU0024,47.94021224975586,49.895103454589844
2024-01-14,STORE0003,SKU0025,21.19799041748047,26.302343368530273
2024-01-14,STORE0003,SKU0026,77.06771850585938,88.70894622802734
2024-01-14,STORE0003,SKU0028,87.30714416503906,100.84761810302734
2024-01-14,STORE0003,SKU0030,32.24931335449219,42.396793365478516
2024-01-14,STORE0003,SKU0031,38.82602310180664,48.132930755615234
2024-01-14,STORE0003,SKU0033,71.08924865722656,101.97591400146484
2024-01-14,STORE0003,SKU0035,128.43914794921875,146.240234375
2024-01-14,STORE0003,SKU0037,75.8966293334961,94.36074829101562
2024-01-14,STORE0003,SKU0039,10.663463592529297,14.750330924987793
2024-01-14,STORE0003,SKU0040,15.370906829833984,16.46776580810547
2024-01-14,STORE0003,SKU0041,61.65734100341797,72.71052551269531
2024-01-14,STORE0003,SKU0042,8.145286560058594,14.531676292419434
2024-01-14,STORE0003,SKU0043,32.56562423706055,42.788578033447266
2024-01-14,STORE0003,SKU0044,62.088279724121094,83.2437973022461
2024-01-14,STORE0003,SKU0045,47.607933044433594,58.72603988647461
2024-01-14,STORE0003,SKU0046,68.2704086303711,86.07708740234375
2024-01-14,STORE0003,SKU0047,54.4658203125,73.26578521728516
2024-01-14,STORE0003,SKU0048,48.940773010253906,63.11756896972656
2024-01-14,STORE0003,SKU0049,40.882781982421875,38.854488372802734
2024-01-14,STORE0003,SKU0050,14.552558898925781,16.002830505371094
2024-01-14,STORE0003,SKU0051,59.822532653808594,59.56126403808594
2024-01-14,STORE0003,SKU0052,48.09245681762695,49.09958267211914
2024-01-14,STORE0003,SKU0053,26.956249237060547,30.195335388183594
2024-01-14,STORE0003,SKU0054,69.48324584960938,73.52507781982422
2024-01-14,STORE0003,SKU0055,11.964107513427734,12.114587783813477
2024-01-14,STORE0003,SKU0056,18.785675048828125,18.57148551940918
2024-01-14,STORE0003,SKU0058,82.07282257080078,83.1768798828125
2024-01-14,STORE0003,SKU0060,52.14609909057617,53.50106430053711
2024-01-14,STORE0003,SKU0061,81.06598663330078,88.2525863647461
2024-01-14,STORE0003,SKU0062,14.95639419555664,15.682520866394043
2024-01-14,STORE0003,SKU0063,42.746307373046875,43.815948486328125
2024-01-14,STORE0003,SKU0064,81.21199798583984,82.25379180908203
2024-01-14,STORE0003,SKU0065,48.20680618286133,51.05463790893555
2024-01-14,STORE0003,SKU0066,24.965648651123047,23.164081573486328
2024-01-14,STORE0003,SKU0067,35.08388900756836,34.303707122802734
2024-01-14,STORE0003,SKU0068,35.38922119140625,35.76769256591797
2024-01-14,STORE0003,SKU0069,68.39237976074219,66.81830596923828
2024-01-14,STORE0003,SKU0070,91.22720336914062,87.14524841308594
2024-01-14,STORE0003,SKU0071,27.234792709350586,27.68773078918457
2024-01-14,STORE0003,SKU0073,8.203559875488281,9.226722717285156
2024-01-14,STORE0003,SKU0075,28.684280395507812,31.792808532714844
2024-01-14,STORE0003,SKU0076,26.442420959472656,26.53348731994629
2024-01-14,STORE0003,SKU0077,47.30463790893555,48.1229248046875
2024-01-14,STORE0003,SKU0082,51.48039627075195,49.80012512207031
2024-01-14,STORE0003,SKU0084,21.752517700195312,23.38788604736328
2024-01-14,STORE0003,SKU0086,6.9495697021484375,7.481886386871338
2024-01-14,STORE0003,SKU0087,26.78719711303711,25.388105392456055
2024-01-14,STORE0003,SKU0088,20.57419204711914,20.294816970825195
2024-01-14,STORE0003,SKU0089,37.71127700805664,40.771724700927734
2024-01-14,STORE0003,SKU0091,15.465263366699219,15.882136344909668
2024-01-14,STORE0003,SKU0092,83.10684204101562,79.33477020263672
2024-01-14,STORE0003,SKU0093,61.55809783935547,61.43181228637695
2024-01-14,STORE0003,SKU0094,53.62874984741211,52.176910400390625
2024-01-14,STORE0003,SKU0095,25.152244567871094,26.57541847229004
2024-01-14,STORE0003,SKU0096,81.79934692382812,79.28497314453125
2024-01-14,STORE0003,SKU0097,59.61546325683594,60.039859771728516
2024-01-14,STORE0003,SKU0099,83.11520385742188,87.5059814453125
2024-01-14,STORE0003,SKU0100,74.95457458496094,83.91523742675781
2024-01-14,STORE0003,SKU0101,12.851119995117188,13.561452865600586
2024-01-14,STORE0004,SKU0001,124.19140625,115.7032241821289
2024-01-14,STORE0004,SKU0002,82.59677124023438,78.45210266113281
2024-01-14,STORE0004,SKU0003,25.76235580444336,28.23430061340332
2024-01-14,STORE0004,SKU0005,94.32682800292969,85.24945068359375
2024-01-14,STORE0004,SKU0007,34.92161178588867,33.39944839477539
2024-01-14,STORE0004,SKU0008,29.543420791625977,28.85805892944336
2024-01-14,STORE0004,SKU0009,72.74217987060547,67.4741439819336
2024-01-14,STORE0004,SKU0012,54.40149688720703,50.731693267822266
2024-01-14,STORE0004,SKU0013,105.6778564453125,91.15032958984375
2024-01-14,STORE0004,SKU0014,71.61859893798828,64.50068664550781
2024-01-14,STORE0004,SKU0015,15.501483917236328,13.601088523864746
2024-01-14,STORE0004,SKU0017,124.22822570800781,110.47837829589844
2024-01-14,STORE0004,SKU0018,109.87255096435547,104.66837310791016
2024-01-14,STORE0004,SKU0019,20.744529724121094,18.493942260742188
2024-01-14,STORE0004,SKU0020,60.88206481933594,60.74153518676758
2024-01-14,STORE0004,SKU0021,68.15634155273438,71.66967010498047
2024-01-14,STORE0004,SKU0023,88.04166412353516,78.58216857910156
2024-01-14,STORE0004,SKU0024,68.33476257324219,71.44412994384766
2024-01-14,STORE0004,SKU0025,30.634096145629883,33.95161437988281
2024-01-14,STORE0004,SKU0026,113.85823059082031,115.36180877685547
2024-01-14,STORE0004,SKU0027,124.412353515625,111.89300537109375
2024-01-14,STORE0004,SKU0028,126.02178955078125,119.09723663330078
2024-01-14,STORE0004,SKU0029,30.545286178588867,40.3325309753418
2024-01-14,STORE0004,SKU0031,55.67763900756836,63.305458068847656
2024-01-14,STORE0004,SKU0032,73.81733703613281,83.1093978881836
2024-01-14,STORE0004,SKU0033,101.17877960205078,113.60871887207031
2024-01-14,STORE0004,SKU0034,147.94326782226562,145.48997497558594
2024-01-14,STORE0004,SKU0035,179.50106811523438,166.77281188964844
2024-01-14,STORE0004,SKU0036,43.30304718017578,53.48203659057617
2024-01-14,STORE0004,SKU0037,110.1875,115.27537536621094
2024-01-14,STORE0004,SKU0038,98.30098724365234,112.3873291015625
2024-01-14,STORE0004,SKU0039,15.7615966796875,20.255502700805664
2024-01-14,STORE0004,SKU0040,22.032184600830078,25.39422035217285
2024-01-14,STORE0004,SKU0041,88.00407409667969,95.67244720458984
2024-01-14,STORE0004,SKU0045,69.25257873535156,79.09292602539062
2024-01-14,STORE0004,SKU0046,99.11833953857422,105.93657684326172
2024-01-14,STORE0004,SKU0047,78.83818054199219,89.02297973632812
2024-01-14,STORE0004,SKU0048,68.9074478149414,81.79130554199219
2024-01-14,STORE0004,SKU0049,59.404930114746094,57.110511779785156
2024-01-14,STORE0004,SKU0050,20.485183715820312,19.696819305419922
2024-01-14,STORE0004,SKU0051,84.2685317993164,85.46846771240234
2024-01-14,STORE0004,SKU0052,69.30033111572266,64.0096664428711
2024-01-14,STORE0004,SKU0053,38.80616760253906,37.6590461730957
2024-01-14,STORE0004,SKU0054,99.27494812011719,83.66119384765625
2024-01-14,STORE0004,SKU0055,17.102020263671875,17.6549129486084
2024-01-14,STORE0004,SKU0056,26.5516357421875,25.459754943847656
2024-01-14,STORE0004,SKU0057,106.96437072753906,106.01567077636719
2024-01-14,STORE0004,SKU0058,114.75538635253906,107.68101501464844
2024-01-14,STORE0004,SKU0060,73.08847045898438,66.54712677001953
2024-01-14,STORE0004,SKU0061,116.9012680053711,107.57119750976562
2024-01-14,STORE0004,SKU0062,21.039443969726562,21.908920288085938
2024-01-14,STORE0004,SKU0063,62.78573226928711,57.3121337890625
2024-01-14,STORE0004,SKU0064,112.79556274414062,107.26935577392578
2024-01-14,STORE0004,SKU0065,68.62602233886719,64.69776916503906
2024-01-14,STORE0004,SKU0066,34.58988952636719,32.465797424316406
2024-01-14,STORE0004,SKU0068,50.96639633178711,39.73731231689453
2024-01-14,STORE0004,SKU0070,125.4466552734375,113.56169891357422
2024-01-14,STORE0004,SKU0071,39.64120101928711,34.658843994140625
2024-01-14,STORE0004,SKU0072,45.57304000854492,43.96736526489258
2024-01-14,STORE0004,SKU0075,40.34237289428711,39.67563247680664
2024-01-14,STORE0004,SKU0076,38.412532806396484,31.570539474487305
2024-01-14,STORE0004,SKU0077,67.44764709472656,61.38716506958008
2024-01-14,STORE0004,SKU0078,36.42768096923828,36.32475280761719
2024-01-14,STORE0004,SKU0079,101.1640625,99.80540466308594
2024-01-14,STORE0004,SKU0081,86.53800201416016,87.39749908447266
2024-01-14,STORE0004,SKU0085,77.34184265136719,70.42965698242188
2024-01-14,STORE0004,SKU0087,37.85744094848633,37.03040313720703
2024-01-14,STORE0004,SKU0088,29.017738342285156,27.833730697631836
2024-01-14,STORE0004,SKU0090,24.770004272460938,22.162166595458984
2024-01-14,STORE0004,SKU0091,22.155357360839844,22.761184692382812
2024-01-14,STORE0004,SKU0092,118.74317932128906,101.06388854980469
2024-01-14,STORE0004,SKU0093,91.04259490966797,98.5628662109375
2024-01-14,STORE0004,SKU0095,36.23160934448242,36.57191848754883
2024-01-14,STORE0004,SKU0096,117.83338928222656,108.47725677490234
2024-01-14,STORE0004,SKU0097,83.87104797363281,81.72769165039062
2024-01-14,STORE0004,SKU0098,49.444393157958984,43.7352180480957
2024-01-14,STORE0004,SKU0099,119.5618896484375,104.22481536865234
2024-01-14,STORE0004,SKU0100,106.52949523925781,103.34280395507812
2024-01-14,STORE0004,SKU0101,18.201129913330078,18.06686782836914
2024-01-14,STORE0004,SKU0102,120.3695068359375,108.95083618164062
2024-01-14,STORE0005,SKU0001,124.57772827148438,120.99141693115234
2024-01-14,STORE0005,SKU0002,81.19755554199219,75.07647705078125
2024-01-14,STORE0005,SKU0003,26.465709686279297,24.787914276123047
2024-01-14,STORE0005,SKU0004,114.07952117919922,105.11510467529297
2024-01-14,STORE0005,SKU0005,96.17286682128906,73.42244720458984
2024-01-14,STORE0005,SKU0006,129.21324157714844,118.48877716064453
2024-01-14,STORE0005,SKU0007,35.452728271484375,34.609779357910156
2024-01-14,STORE0005,SKU0009,72.57044219970703,72.72760009765625
2024-01-14,STORE0005,SKU0010,45.74833679199219,39.77396774291992
2024-01-14,STORE0005,SKU0011,25.9957275390625,22.76479148864746
2024-01-14,STORE0005,SKU0012,54.4485969543457,51.47218704223633
2024-01-14,STORE0005,SKU0013,103.35395812988281,96.69021606445312
2024-01-14,STORE0005,SKU0014,71.45218658447266,60.909549713134766
2024-01-14,STORE0005,SKU0015,15.61154556274414,14.294686317443848
2024-01-14,STORE0005,SKU0016,31.065378189086914,25.28028106689453
2024-01-14,STORE0005,SKU0018,110.48561096191406,99.90570068359375
2024-01-14,STORE0005,SKU0019,21.126319885253906,17.89516830444336
2024-01-14,STORE0005,SKU0020,60.985748291015625,55.69148635864258
2024-01-14,STORE0005,SKU0021,67.26594543457031,69.17963409423828
2024-01-14,STORE0005,SKU0022,120.55972290039062,107.55607604980469
2024-01-14,STORE0005,SKU0023,86.88909149169922,77.0287857055664
2024-01-14,STORE0005,SKU0026,110.2030029296875,109.80476379394531
2024-01-14,STORE0005,SKU0027,124.49632263183594,115.1556167602539
2024-01-14,STORE0005,SKU0028,126.81620788574219,122.01771545410156
2024-01-14,STORE0005,SKU0031,55.19477462768555,61.64358901977539
2024-01-14,STORE0005,SKU0033,97.9065933227539,111.59942626953125
2024-01-14,STORE0005,SKU0034,144.51524353027344,144.37939453125
2024-01-14,STORE0005,SKU0035,173.9259796142578,163.26754760742188
2024-01-14,STORE0005,SKU0036,41.541561126708984,49.763309478759766
2024-01-14,STORE0005,SKU0038,99.6181640625,112.22952270507812
2024-01-14,STORE0005,SKU0039,16.187267303466797,20.629716873168945
2024-01-14,STORE0005,SKU0040,22.458724975585938,22.355052947998047
2024-01-14,STORE0005,SKU0041,89.422119140625,82.72373962402344
2024-01-14,STORE0005,SKU0043,47.64216613769531,57.06201171875
2024-01-14,STORE0005,SKU0045,68.2576904296875,62.833248138427734
2024-01-14,STORE0005,SKU0048,69.27015686035156,78.00772857666016
2024-01-14,STORE0005,SKU0049,59.78089904785156,57.29233932495117
2024-01-14,STORE0005,SKU0050,20.715972900390625,19.545639038085938
2024-01-14,STORE0005,SKU0051,84.31561279296875,94.44708251953125
2024-01-14,STORE0005,SKU0052,70.00764465332031,66.2531967163086
2024-01-14,STORE0005,SKU0053,39.15835189819336,36.76772689819336
2024-01-14,STORE0005,SKU0054,99.72476196289062,90.94678497314453
2024-01-14,STORE0005,SKU0055,17.624542236328125,17.334009170532227
2024-01-14,STORE0005,SKU0056,26.881202697753906,25.53681755065918
2024-01-14,STORE0005,SKU0057,105.51411437988281,101.32392883300781
2024-01-14,STORE0005,SKU0058,116.40373229980469,105.51508331298828
2024-01-14,STORE0005,SKU0060,73.33951568603516,74.70858001708984
2024-01-14,STORE0005,SKU0062,21.17251968383789,21.821331024169922
2024-01-14,STORE0005,SKU0063,61.685054779052734,54.7595100402832
2024-01-14,STORE0005,SKU0064,113.89556884765625,106.66934967041016
2024-01-14,STORE0005,SKU0066,35.235008239746094,30.030139923095703
2024-01-14,STORE0005,SKU0067,50.808475494384766,48.87559509277344
2024-01-14,STORE0005,SKU0068,50.965301513671875,43.28550338745117
2024-01-14,STORE0005,SKU0070,127.39682006835938,112.18115234375
2024-01-14,STORE0005,SKU0071,39.87757873535156,36.382015228271484
2024-01-14,STORE0005,SKU0072,45.7849006652832,45.033260345458984
2024-01-14,STORE0005,SKU0073,13.251708984375,11.801753997802734
2024-01-14,STORE0005,SKU0074,68.92359161376953,61.387428283691406
2024-01-14,STORE0005,SKU0075,41.07474899291992,41.26311111450195
2024-01-14,STORE0005,SKU0076,38.41210174560547,32.65896224975586
2024-01-14,STORE0005,SKU0077,66.94116973876953,53.49355697631836
2024-01-14,STORE0005,SKU0079,101.76603698730469,89.42122650146484
2024-01-14,STORE0005,SKU0080,96.13639831542969,87.17089080810547
2024-01-14,STORE0005,SKU0081,85.8682632446289,82.95708465576172
2024-01-14,STORE0005,SKU0082,73.52022552490234,73.06661987304688
2024-01-14,STORE0005,SKU0083,108.94774627685547,98.22842407226562
2024-01-14,STORE0005,SKU0084,30.75974464416504,27.362720489501953
2024-01-14,STORE0005,SKU0085,79.34183502197266,80.45889282226562
2024-01-14,STORE0005,SKU0086,10.931610107421875,9.421072006225586
2024-01-14,STORE0005,SKU0087,38.033512115478516,35.416751861572266
2024-01-14,STORE0005,SKU0088,29.501169204711914,28.266210556030273
2024-01-14,STORE0005,SKU0089,55.655006408691406,55.29648971557617
2024-01-14,STORE0005,SKU0091,22.409217834472656,20.040142059326172
2024-01-14,STORE0005,SKU0094,78.09859466552734,76.51408386230469
2024-01-14,STORE0005,SKU0095,36.98231506347656,38.805728912353516
2024-01-14,STORE0005,SKU0096,117.13894653320312,110.26905822753906
2024-01-14,STORE0005,SKU0098,50.8059196472168,47.472835540771484
2024-01-14,STORE0005,SKU0100,105.04336547851562,98.427490234375
2024-01-14,STORE0005,SKU0101,18.531784057617188,17.630481719970703
2024-01-14,STORE0005,SKU0102,118.92698669433594,108.33300018310547
2024-01-14,STORE0006,SKU0001,124.37278747558594,112.6491928100586
2024-01-14,STORE0006,SKU0003,25.862266540527344,23.153715133666992
2024-01-14,STORE0006,SKU0004,113.40709686279297,103.978271484375
2024-01-14,STORE0006,SKU0005,95.18635559082031,83.80735778808594
2024-01-14,STORE0006,SKU0006,128.79124450683594,111.10118865966797
2024-01-14,STORE0006,SKU0007,35.23961639404297,32.87163543701172
2024-01-14,STORE0006,SKU0008,29.552698135375977,28.257823944091797
2024-01-14,STORE0006,SKU0009,71.84297180175781,66.31015014648438
2024-01-14,STORE0006,SKU0010,44.767051696777344,41.93788528442383
2024-01-14,STORE0006,SKU0011,25.848770141601562,22.902074813842773
2024-01-14,STORE0006,SKU0012,54.15131759643555,47.742820739746094
2024-01-14,STORE0006,SKU0013,103.25892639160156,97.68551635742188
2024-01-14,STORE0006,SKU0017,124.57414245605469,106.50115966796875
2024-01-14,STORE0006,SKU0018,111.04612731933594,102.86951446533203
2024-01-14,STORE0006,SKU0019,21.07280731201172,18.396778106689453
2024-01-14,STORE0006,SKU0020,61.336692810058594,58.4288444519043
2024-01-14,STORE0006,SKU0021,67.23810577392578,59.098480224609375
2024-01-14,STORE0006,SKU0022,119.14114379882812,107.0718002319336
2024-01-14,STORE0006,SKU0023,87.53889465332031,80.70480346679688
2024-01-14,STORE0006,SKU0025,30.986351013183594,36.849857330322266
2024-01-14,STORE0006,SKU0026,112.8048324584961,114.22962951660156
2024-01-14,STORE0006,SKU0028,126.52540588378906,118.55619049072266
2024-01-14,STORE0006,SKU0029,30.209428787231445,37.79369354248047
2024-01-14,STORE0006,SKU0030,46.79863357543945,59.029544830322266
2024-01-14,STORE0006,SKU0031,56.41172409057617,63.17879104614258
2024-01-14,STORE0006,SKU0032,73.96771240234375,86.72129821777344
2024-01-14,STORE0006,SKU0033,103.83749389648438,120.25540161132812
2024-01-14,STORE0006,SKU0034,150.5784912109375,135.97528076171875
2024-01-14,STORE0006,SKU0035,184.0794677734375,160.9103240966797
2024-01-14,STORE0006,SKU0036,42.13018798828125,50.084190368652344
2024-01-14,STORE0006,SKU0037,111.61739349365234,112.84603118896484
2024-01-14,STORE0006,SKU0038,99.17570495605469,113.25816345214844
2024-01-14,STORE0006,SKU0039,15.670574188232422,20.321657180786133
2024-01-14,STORE0006,SKU0040,22.073997497558594,26.968082427978516
2024-01-14,STORE0006,SKU0041,89.77332305908203,96.10538482666016
2024-01-14,STORE0006,SKU0042,12.778701782226562,18.94904899597168
2024-01-14,STORE0006,SKU0044,90.45411682128906,105.60722351074219
2024-01-14,STORE0006,SKU0045,68.53314971923828,81.04778289794922
2024-01-14,STORE0006,SKU0046,99.01823425292969,100.84981536865234
2024-01-14,STORE0006,SKU0047,79.39382934570312,96.97037506103516
2024-01-14,STORE0006,SKU0048,70.93054962158203,78.73350524902344
2024-01-14,STORE0006,SKU0050,20.454605102539062,19.183467864990234
2024-01-14,STORE0006,SKU0052,70.6968002319336,68.56657409667969
2024-01-14,STORE0006,SKU0053,38.836544036865234,36.613189697265625
2024-01-14,STORE0006,SKU0054,98.94985961914062,100.80021667480469
2024-01-14,STORE0006,SKU0055,17.355091094970703,17.597524642944336
2024-01-14,STORE0006,SKU0056,26.64409637451172,26.2613582611084
2024-01-14,STORE0006,SKU0057,106.1083755493164,106.32047271728516
2024-01-14,STORE0006,SKU0058,115.13238525390625,112.05286407470703
2024-01-14,STORE0006,SKU0060,73.93673706054688,72.19068908691406
2024-01-14,STORE0006,SKU0063,61.9664421081543,50.57576370239258
2024-01-14,STORE0006,SKU0064,115.4624252319336,108.31874084472656
2024-01-14,STORE0006,SKU0065,69.19438171386719,66.19823455810547
2024-01-14,STORE0006,SKU0066,34.920108795166016,36.21307373046875
2024-01-14,STORE0006,SKU0067,50.03211212158203,42.53858184814453
2024-01-14,STORE0006,SKU0069,96.694091796875,84.288818359375
2024-01-14,STORE0006,SKU0070,124.2001953125,112.8050308227539
2024-01-14,STORE0006,SKU0071,39.4273796081543,34.33660125732422
2024-01-14,STORE0006,SKU0072,45.54180908203125,37.730281829833984
2024-01-14,STORE0006,SKU0073,12.920612335205078,13.150350570678711
2024-01-14,STORE0006,SKU0075,40.63070297241211,43.43327713012695
2024-01-14,STORE0006,SKU0076,38.479209899902344,31.944726943969727
2024-01-14,STORE0006,SKU0077,67.83045959472656,61.226593017578125
2024-01-14,STORE0006,SKU0081,85.38056182861328,78.75820922851562
2024-01-14,STORE0006,SKU0084,30.21370506286621,31.112991333007812
2024-01-14,STORE0006,SKU0085,78.64290618896484,80.53472137451172
2024-01-14,STORE0006,SKU0087,37.670230865478516,31.886951446533203
2024-01-14,STORE0006,SKU0088,29.064655303955078,30.156558990478516
2024-01-14,STORE0006,SKU0090,24.971256256103516,22.28573989868164
2024-01-14,STORE0006,SKU0091,22.02743911743164,18.898292541503906
2024-01-14,STORE0006,SKU0092,118.74561309814453,105.09701538085938
2024-01-14,STORE0006,SKU0094,76.87413787841797,78.39646911621094
2024-01-14,STORE0006,SKU0095,36.185646057128906,34.16310119628906
2024-01-14,STORE0006,SKU0096,118.35147857666016,111.37751007080078
2024-01-14,STORE0006,SKU0097,85.11530303955078,86.88081359863281
2024-01-14,STORE0006,SKU0098,49.95671844482422,43.15607452392578
2024-01-14,STORE0006,SKU0099,119.60054016113281,104.03797149658203
2024-01-14,STORE0006,SKU0100,106.73164367675781,100.80911254882812
2024-01-14,STORE0006,SKU0101,18.27090835571289,17.661623001098633
2024-01-14,STORE0006,SKU0102,117.617919921875,100.97944641113281
2024-01-14,STORE0007,SKU0001,86.80796813964844,99.66876983642578
2024-01-14,STORE0007,SKU0002,57.4510383605957,58.09648132324219
2024-01-14,STORE0007,SKU0003,19.410675048828125,19.091228485107422
2024-01-14,STORE0007,SKU0004,79.711669921875,84.72369384765625
2024-01-14,STORE0007,SKU0006,89.87512969970703,78.64198303222656
2024-01-14,STORE0007,SKU0008,21.500438690185547,20.127422332763672
2024-01-14,STORE0007,SKU0009,50.12757110595703,52.49460220336914
2024-01-14,STORE0007,SKU0011,18.931472778320312,16.50616455078125
2024-01-14,STORE0007,SKU0012,38.44511413574219,34.10188293457031
2024-01-14,STORE0007,SKU0013,70.55192565917969,69.21720123291016
2024-01-14,STORE0007,SKU0015,11.234939575195312,8.787678718566895
2024-01-14,STORE0007,SKU0016,22.03207778930664,21.740707397460938
2024-01-14,STORE0007,SKU0018,74.71255493164062,75.93917083740234
2024-01-14,STORE0007,SKU0020,43.45476531982422,44.767642974853516
2024-01-14,STORE0007,SKU0022,84.02485656738281,87.43645477294922
2024-01-14,STORE0007,SKU0023,61.13706970214844,66.3409423828125
2024-01-14,STORE0007,SKU0024,48.56307601928711,48.42607879638672
2024-01-14,STORE0007,SKU0025,21.894149780273438,28.635177612304688
2024-01-14,STORE0007,SKU0026,77.56056213378906,84.81282043457031
2024-01-14,STORE0007,SKU0027,85.07689666748047,98.72738647460938
2024-01-14,STORE0007,SKU0028,87.99212646484375,101.85696411132812
2024-01-14,STORE0007,SKU0029,22.258502960205078,27.061973571777344
2024-01-14,STORE0007,SKU0030,33.044063568115234,42.51784133911133
2024-01-14,STORE0007,SKU0031,39.761566162109375,47.95901870727539
2024-01-14,STORE0007,SKU0032,50.16300964355469,61.702796936035156
2024-01-14,STORE0007,SKU0034,107.74830627441406,117.78498840332031
2024-01-14,STORE0007,SKU0035,129.08290100097656,148.56765747070312
2024-01-14,STORE0007,SKU0036,31.2496280670166,41.58650207519531
2024-01-14,STORE0007,SKU0037,75.69512939453125,98.38284301757812
2024-01-14,STORE0007,SKU0038,68.32575988769531,90.55796813964844
2024-01-14,STORE0007,SKU0039,11.281147003173828,15.751704216003418
2024-01-14,STORE0007,SKU0040,15.978443145751953,17.88082504272461
2024-01-14,STORE0007,SKU0043,33.27117156982422,42.10702133178711
2024-01-14,STORE0007,SKU0044,62.657569885253906,84.07539367675781
2024-01-14,STORE0007,SKU0045,47.984676361083984,57.904930114746094
2024-01-14,STORE0007,SKU0046,67.9009780883789,89.0089111328125
2024-01-14,STORE0007,SKU0047,55.093318939208984,82.52263641357422
2024-01-14,STORE0007,SKU0048,49.07295227050781,58.045082092285156
2024-01-14,STORE0007,SKU0049,42.314910888671875,42.099552154541016
2024-01-14,STORE0007,SKU0050,15.261703491210938,13.515387535095215
2024-01-14,STORE0007,SKU0053,27.669281005859375,29.09781265258789
2024-01-14,STORE0007,SKU0055,12.65938949584961,12.137653350830078
2024-01-14,STORE0007,SKU0056,19.443405151367188,18.579288482666016
2024-01-14,STORE0007,SKU0058,82.30858612060547,85.2654800415039
2024-01-14,STORE0007,SKU0059,21.077533721923828,21.3996524810791
2024-01-14,STORE0007,SKU0060,53.22257614135742,58.750335693359375
2024-01-14,STORE0007,SKU0061,80.41938018798828,74.99848175048828
2024-01-14,STORE0007,SKU0062,15.76971435546875,15.635571479797363
2024-01-14,STORE0007,SKU0063,43.58902359008789,43.05759048461914
2024-01-14,STORE0007,SKU0065,48.67796325683594,48.62907409667969
2024-01-14,STORE0007,SKU0066,25.657054901123047,22.608814239501953
2024-01-14,STORE0007,SKU0067,35.8081169128418,33.663230895996094
2024-01-14,STORE0007,SKU0068,36.37449645996094,36.65096664428711
2024-01-14,STORE0007,SKU0072,33.489501953125,29.476808547973633
2024-01-14,STORE0007,SKU0073,8.910404205322266,9.254783630371094
2024-01-14,STORE0007,SKU0074,48.4513053894043,46.81114196777344
2024-01-14,STORE0007,SKU0075,29.283567428588867,30.0682430267334
2024-01-14,STORE0007,SKU0076,27.262619018554688,27.0162353515625
2024-01-14,STORE0007,SKU0078,26.775096893310547,27.36038589477539
2024-01-14,STORE0007,SKU0079,70.24366760253906,73.94844055175781
2024-01-14,STORE0007,SKU0080,67.17314910888672,59.691993713378906
2024-01-14,STORE0007,SKU0081,60.880210876464844,59.94292449951172
2024-01-14,STORE0007,SKU0082,52.68690490722656,57.97080993652344
2024-01-14,STORE0007,SKU0083,75.97123718261719,77.91532135009766
2024-01-14,STORE0007,SKU0084,22.466617584228516,18.834928512573242
2024-01-14,STORE0007,SKU0085,56.064109802246094,52.87413024902344
2024-01-14,STORE0007,SKU0086,7.617214202880859,7.633249759674072
2024-01-14,STORE0007,SKU0087,27.45985984802246,25.458375930786133
2024-01-14,STORE0007,SKU0088,21.168296813964844,20.371702194213867
2024-01-14,STORE0007,SKU0089,38.354515075683594,37.39516830444336
2024-01-14,STORE0007,SKU0090,18.218582153320312,18.41632843017578
2024-01-14,STORE0007,SKU0093,62.06067657470703,60.4007568359375
2024-01-14,STORE0007,SKU0094,53.725807189941406,51.887474060058594
2024-01-14,STORE0007,SKU0096,82.24238586425781,87.95648193359375
2024-01-14,STORE0007,SKU0097,60.09547805786133,59.78121566772461
2024-01-14,STORE0007,SKU0098,34.85669708251953,38.25583267211914
2024-01-14,STORE0007,SKU0099,83.41985321044922,86.80191040039062
2024-01-14,STORE0007,SKU0100,74.78688049316406,76.49541473388672
2024-01-14,STORE0007,SKU0101,13.478473663330078,12.677094459533691
2024-01-14,STORE0007,SKU0102,83.56468963623047,76.77294158935547
2024-01-14,STORE0008,SKU0001,123.90690612792969,115.81394958496094
2024-01-14,STORE0008,SKU0002,80.13748168945312,78.28202819824219
2024-01-14,STORE0008,SKU0003,26.10022735595703,27.020166397094727
2024-01-14,STORE0008,SKU0004,112.58041381835938,105.75228118896484
2024-01-14,STORE0008,SKU0005,93.49112701416016,87.24542236328125
2024-01-14,STORE0008,SKU0006,127.52508544921875,110.60370635986328
2024-01-14,STORE0008,SKU0007,34.93187713623047,34.09053421020508
2024-01-14,STORE0008,SKU0008,29.596179962158203,27.775253295898438
2024-01-14,STORE0008,SKU0009,72.34767150878906,70.51020812988281
2024-01-14,STORE0008,SKU0010,45.07439422607422,37.44865417480469
2024-01-14,STORE0008,SKU0011,25.56491470336914,20.683101654052734
2024-01-14,STORE0008,SKU0012,54.64552688598633,47.176639556884766
2024-01-14,STORE0008,SKU0013,104.15476989746094,93.35111236572266
2024-01-14,STORE0008,SKU0014,71.02947998046875,69.73210906982422
2024-01-14,STORE0008,SKU0015,15.227119445800781,13.881112098693848
2024-01-14,STORE0008,SKU0016,30.54076385498047,26.19447898864746
2024-01-14,STORE0008,SKU0018,109.32494354248047,99.567138671875
2024-01-14,STORE0008,SKU0020,61.159706115722656,64.6786117553711
2024-01-14,STORE0008,SKU0022,120.24818420410156,105.26115417480469
2024-01-14,STORE0008,SKU0025,30.98395538330078,36.34823989868164
2024-01-14,STORE0008,SKU0027,123.79367065429688,114.04499053955078
2024-01-14,STORE0008,SKU0028,125.59925842285156,125.6916732788086
2024-01-14,STORE0008,SKU0029,30.34204864501953,39.84608459472656
2024-01-14,STORE0008,SKU0030,46.238258361816406,54.25630569458008
2024-01-14,STORE0008,SKU0031,55.08857727050781,68.35010528564453
2024-01-14,STORE0008,SKU0033,101.62628173828125,113.58920288085938
2024-01-14,STORE0008,SKU0035,170.31314086914062,161.94198608398438
2024-01-14,STORE0008,SKU0038,96.75840759277344,111.556640625
2024-01-14,STORE0008,SKU0039,15.89605712890625,21.854629516601562
2024-01-14,STORE0008,SKU0040,22.33432388305664,25.949743270874023
2024-01-14,STORE0008,SKU0041,89.03904724121094,95.99984741210938
2024-01-14,STORE0008,SKU0042,12.785388946533203,19.327856063842773
2024-01-14,STORE0008,SKU0043,47.36246871948242,58.75802230834961
2024-01-14,STORE0008,SKU0044,89.09220886230469,103.14665985107422
2024-01-14,STORE0008,SKU0045,69.12635040283203,83.54277801513672
2024-01-14,STORE0008,SKU0046,98.42034149169922,102.52983856201172
2024-01-14,STORE0008,SKU0047,79.22362518310547,82.33076477050781
2024-01-14,STORE0008,SKU0048,69.67667388916016,80.81729125976562
2024-01-14,STORE0008,SKU0049,59.562313079833984,54.9200325012207
2024-01-14,STORE0008,SKU0051,83.92170715332031,86.66254425048828
2024-01-14,STORE0008,SKU0055,17.276596069335938,16.93221092224121
2024-01-14,STORE0008,SKU0056,26.472469329833984,24.46790885925293
2024-01-14,STORE0008,SKU0057,104.60250854492188,102.01158905029297
2024-01-14,STORE0008,SKU0059,29.13917350769043,30.52188491821289
2024-01-14,STORE0008,SKU0060,72.65936279296875,70.81105041503906
2024-01-14,STORE0008,SKU0061,115.71318054199219,103.98403930664062
2024-01-14,STORE0008,SKU0062,20.97903060913086,21.845684051513672
2024-01-14,STORE0008,SKU0064,113.27320861816406,105.68924713134766
2024-01-14,STORE0008,SKU0065,68.28367614746094,65.08917999267578
2024-01-14,STORE0008,SKU0066,35.229698181152344,34.290367126464844
2024-01-14,STORE0008,SKU0067,50.2776985168457,45.208106994628906
2024-01-14,STORE0008,SKU0072,46.08102035522461,43.64160919189453
2024-01-14,STORE0008,SKU0074,69.29855346679688,66.86624145507812
2024-01-14,STORE0008,SKU0075,40.74740219116211,38.33829116821289
2024-01-14,STORE0008,SKU0076,38.798973083496094,36.726287841796875
2024-01-14,STORE0008,SKU0077,67.99815368652344,60.99274444580078
2024-01-14,STORE0008,SKU0078,37.10274887084961,38.23719024658203
2024-01-14,STORE0008,SKU0080,95.05807495117188,100.87871551513672
2024-01-14,STORE0008,SKU0081,85.72017669677734,72.52397155761719
2024-01-14,STORE0008,SKU0082,72.8402099609375,76.10242462158203
2024-01-14,STORE0008,SKU0083,108.34970092773438,106.14314270019531
2024-01-14,STORE0008,SKU0084,30.685073852539062,30.258176803588867
2024-01-14,STORE0008,SKU0085,78.48724365234375,74.38388061523438
2024-01-14,STORE0008,SKU0086,10.533836364746094,10.180667877197266
2024-01-14,STORE0008,SKU0087,38.35523223876953,37.22421646118164
2024-01-14,STORE0008,SKU0088,29.29127311706543,26.43667221069336
2024-01-14,STORE0008,SKU0089,54.43196105957031,51.36921310424805
2024-01-14,STORE0008,SKU0090,24.9727783203125,27.250905990600586
2024-01-14,STORE0008,SKU0091,22.243099212646484,23.348583221435547
2024-01-14,STORE0008,SKU0092,116.36446380615234,108.04838562011719
2024-01-14,STORE0008,SKU0093,91.22074127197266,86.02713775634766
2024-01-14,STORE0008,SKU0094,77.63984680175781,85.05855560302734
2024-01-14,STORE0008,SKU0095,36.34161376953125,34.39008331298828
2024-01-14,STORE0008,SKU0096,116.78578186035156,105.11343383789062
2024-01-14,STORE0008,SKU0097,84.00445556640625,85.49454498291016
2024-01-14,STORE0008,SKU0098,49.740333557128906,45.069759368896484
2024-01-14,STORE0008,SKU0099,118.89450073242188,106.82005310058594
2024-01-14,STORE0008,SKU0100,105.07334899902344,104.503662109375
2024-01-14,STORE0008,SKU0101,17.811634063720703,16.496213912963867
2024-01-14,STORE0008,SKU0102,118.63645935058594,102.24041748046875
2024-01-14,STORE0009,SKU0001,106.73039245605469,109.85880279541016
2024-01-14,STORE0009,SKU0002,68.74954986572266,67.45684051513672
2024-01-14,STORE0009,SKU0003,22.68398666381836,20.89734649658203
2024-01-14,STORE0009,SKU0005,80.14768981933594,74.16707611083984
2024-01-14,STORE0009,SKU0006,112.33517456054688,108.61324310302734
2024-01-14,STORE0009,SKU0008,25.25857162475586,26.816192626953125
2024-01-14,STORE0009,SKU0009,60.13787841796875,59.18558120727539
2024-01-14,STORE0009,SKU0010,38.04051208496094,31.402206420898438
2024-01-14,STORE0009,SKU0011,21.843570709228516,19.51408576965332
2024-01-14,STORE0009,SKU0012,46.287322998046875,45.3892707824707
2024-01-14,STORE0009,SKU0013,88.06546783447266,87.70594024658203
2024-01-14,STORE0009,SKU0015,12.822551727294922,11.785781860351562
2024-01-14,STORE0009,SKU0016,25.795055389404297,24.4116268157959
2024-01-14,STORE0009,SKU0017,108.24010467529297,107.71189880371094
2024-01-14,STORE0009,SKU0018,93.8333511352539,100.75076293945312
2024-01-14,STORE0009,SKU0019,17.546100616455078,15.389965057373047
2024-01-14,STORE0009,SKU0020,51.47508239746094,51.19166564941406
2024-01-14,STORE0009,SKU0022,105.40514373779297,101.8470230102539
2024-01-14,STORE0009,SKU0023,73.57106018066406,66.69204711914062
2024-01-14,STORE0009,SKU0024,57.58213424682617,55.751399993896484
2024-01-14,STORE0009,SKU0025,25.857059478759766,35.0571403503418
2024-01-14,STORE0009,SKU0027,107.81913757324219,104.29981994628906
2024-01-14,STORE0009,SKU0028,108.66214752197266,114.89140319824219
2024-01-14,STORE0009,SKU0030,39.42475128173828,46.85095977783203
2024-01-14,STORE0009,SKU0032,63.647850036621094,76.79094696044922
2024-01-14,STORE0009,SKU0033,90.42739868164062,115.71142578125
2024-01-14,STORE0009,SKU0034,125.11045837402344,125.62522888183594
2024-01-14,STORE0009,SKU0035,154.05653381347656,159.4436798095703
2024-01-14,STORE0009,SKU0037,93.21478271484375,100.95679473876953
2024-01-14,STORE0009,SKU0038,83.45539855957031,99.29497528076172
2024-01-14,STORE0009,SKU0039,12.995086669921875,17.881547927856445
2024-01-14,STORE0009,SKU0041,77.00150299072266,88.74153137207031
2024-01-14,STORE0009,SKU0044,77.626708984375,94.33988952636719
2024-01-14,STORE0009,SKU0045,58.116790771484375,70.22431182861328
2024-01-14,STORE0009,SKU0046,84.79592895507812,90.6728286743164
2024-01-14,STORE0009,SKU0047,66.85750579833984,85.15122985839844
2024-01-14,STORE0009,SKU0049,50.8957405090332,44.728851318359375
2024-01-14,STORE0009,SKU0050,17.346317291259766,17.608034133911133
2024-01-14,STORE0009,SKU0051,71.67623138427734,70.27348327636719
2024-01-14,STORE0009,SKU0052,59.56440734863281,59.25815963745117
2024-01-14,STORE0009,SKU0055,14.484683990478516,14.635321617126465
2024-01-14,STORE0009,SKU0057,91.0516357421875,91.52277374267578
2024-01-14,STORE0009,SKU0058,99.74305725097656,94.38793182373047
2024-01-14,STORE0009,SKU0059,24.817794799804688,29.475210189819336
2024-01-14,STORE0009,SKU0060,62.327274322509766,60.47750473022461
2024-01-14,STORE0009,SKU0061,101.42427825927734,104.3076400756836
2024-01-14,STORE0009,SKU0062,17.666736602783203,19.54507827758789
2024-01-14,STORE0009,SKU0063,53.39764404296875,51.536399841308594
2024-01-14,STORE0009,SKU0064,100.20680236816406,104.98489379882812
2024-01-14,STORE0009,SKU0065,59.28770065307617,58.1873664855957
2024-01-14,STORE0009,SKU0066,29.721126556396484,30.950590133666992
2024-01-14,STORE0009,SKU0067,42.51619338989258,38.68687057495117
2024-01-14,STORE0009,SKU0068,42.884925842285156,38.58967208862305
2024-01-14,STORE0009,SKU0069,82.20594787597656,68.81707763671875
2024-01-14,STORE0009,SKU0070,110.07117462158203,96.1787338256836
2024-01-14,STORE0009,SKU0071,33.75804901123047,32.366249084472656
2024-01-14,STORE0009,SKU0072,39.59766387939453,37.912254333496094
2024-01-14,STORE0009,SKU0074,58.201194763183594,58.80641174316406
2024-01-14,STORE0009,SKU0075,34.31776428222656,35.01699447631836
2024-01-14,STORE0009,SKU0076,32.47822952270508,30.721410751342773
2024-01-14,STORE0009,SKU0077,57.38722610473633,59.019447326660156
2024-01-14,STORE0009,SKU0078,31.050878524780273,36.164939880371094
2024-01-14,STORE0009,SKU0080,82.50514221191406,89.27189636230469
2024-01-14,STORE0009,SKU0082,62.18867492675781,61.8777961730957
2024-01-14,STORE0009,SKU0083,93.73753356933594,95.11637115478516
2024-01-14,STORE0009,SKU0084,25.808185577392578,25.52992057800293
2024-01-14,STORE0009,SKU0085,67.6877670288086,65.34815979003906
2024-01-14,STORE0009,SKU0086,8.651405334472656,8.968749046325684
2024-01-14,STORE0009,SKU0087,32.301483154296875,31.836917877197266
2024-01-14,STORE0009,SKU0088,24.829124450683594,23.947921752929688
2024-01-14,STORE0009,SKU0089,46.116004943847656,42.38727951049805
2024-01-14,STORE0009,SKU0090,21.43366241455078,20.9202938079834
2024-01-14,STORE0009,SKU0091,18.808361053466797,18.605192184448242
2024-01-14,STORE0009,SKU0092,101.88495635986328,101.33789825439453
2024-01-14,STORE0009,SKU0093,76.47195434570312,73.89417266845703
2024-01-14,STORE0009,SKU0096,101.33865356445312,105.60209655761719
2024-01-14,STORE0009,SKU0097,71.33322143554688,73.41128540039062
2024-01-14,STORE0009,SKU0098,42.36115264892578,44.096656799316406
2024-01-14,STORE0009,SKU0099,102.74327087402344,98.52243041992188
2024-01-14,STORE0009,SKU0102,103.53524780273438,100.83525848388672
2024-01-14,STORE0010,SKU0001,106.827880859375,108.41810607910156
2024-01-14,STORE0010,SKU0004,98.43428039550781,105.7178955078125
2024-01-14,STORE0010,SKU0005,80.04133605957031,75.30372619628906
2024-01-14,STORE0010,SKU0006,111.08415222167969,96.09735107421875
2024-01-14,STORE0010,SKU0007,29.462980270385742,26.132278442382812
2024-01-14,STORE0010,SKU0010,37.21175765991211,35.54593276977539
2024-01-14,STORE0010,SKU0011,21.679553985595703,21.554466247558594
2024-01-14,STORE0010,SKU0012,45.75670623779297,45.201377868652344
2024-01-14,STORE0010,SKU0013,87.66651153564453,87.0556640625
2024-01-14,STORE0010,SKU0014,59.5772819519043,60.14846420288086
2024-01-14,STORE0010,SKU0015,12.341411590576172,10.981012344360352
2024-01-14,STORE0010,SKU0016,25.026683807373047,22.48877716064453
2024-01-14,STORE0010,SKU0017,107.63713073730469,99.19373321533203
2024-01-14,STORE0010,SKU0018,92.37277221679688,87.98673248291016
2024-01-14,STORE0010,SKU0019,17.363422393798828,16.0657958984375
2024-01-14,STORE0010,SKU0020,51.75565719604492,49.45040512084961
2024-01-14,STORE0010,SKU0021,56.82063674926758,58.82160568237305
2024-01-14,STORE0010,SKU0025,25.31067657470703,30.32218360900879
2024-01-14,STORE0010,SKU0028,105.69488525390625,118.49212646484375
2024-01-14,STORE0010,SKU0029,25.175495147705078,30.177061080932617
2024-01-14,STORE0010,SKU0030,38.77611541748047,50.216033935546875
2024-01-14,STORE0010,SKU0032,61.981502532958984,74.86735534667969
2024-01-14,STORE0010,SKU0034,126.14488220214844,137.43247985839844
2024-01-14,STORE0010,SKU0035,152.7400360107422,166.10923767089844
2024-01-14,STORE0010,SKU0036,36.312435150146484,44.215030670166016
2024-01-14,STORE0010,SKU0037,92.67007446289062,112.35016632080078
2024-01-14,STORE0010,SKU0038,82.93344116210938,106.41189575195312
2024-01-14,STORE0010,SKU0039,12.394428253173828,17.637975692749023
2024-01-14,STORE0010,SKU0040,17.97705078125,20.068660736083984
2024-01-14,STORE0010,SKU0042,9.674705505371094,15.098400115966797
2024-01-14,STORE0010,SKU0043,39.26671600341797,51.582977294921875
2024-01-14,STORE0010,SKU0045,57.98794937133789,64.91576385498047
2024-01-14,STORE0010,SKU0046,82.13580322265625,95.18321228027344
2024-01-14,STORE0010,SKU0048,58.95417022705078,65.89463806152344
2024-01-14,STORE0010,SKU0050,16.996246337890625,18.429935455322266
2024-01-14,STORE0010,SKU0051,72.01396179199219,72.39271545410156
2024-01-14,STORE0010,SKU0052,58.187355041503906,58.60713195800781
2024-01-14,STORE0010,SKU0053,32.303321838378906,34.2959098815918
2024-01-14,STORE0010,SKU0054,83.56776428222656,75.08902740478516
2024-01-14,STORE0010,SKU0055,13.854999542236328,16.10747528076172
2024-01-14,STORE0010,SKU0056,22.169944763183594,22.115629196166992
2024-01-14,STORE0010,SKU0057,89.78185272216797,94.44673156738281
2024-01-14,STORE0010,SKU0058,99.0731430053711,92.83087158203125
2024-01-14,STORE0010,SKU0059,23.854454040527344,28.775310516357422
2024-01-14,STORE0010,SKU0060,62.53907775878906,61.502586364746094
2024-01-14,STORE0010,SKU0061,99.33096313476562,93.47042083740234
2024-01-14,STORE0010,SKU0063,51.78616714477539,54.67490768432617
2024-01-14,STORE0010,SKU0064,99.23355102539062,94.83372497558594
2024-01-14,STORE0010,SKU0065,58.054595947265625,59.20360565185547
2024-01-14,STORE0010,SKU0067,41.45216369628906,38.76139831542969
2024-01-14,STORE0010,SKU0068,42.36844253540039,40.25260925292969
2024-01-14,STORE0010,SKU0069,81.72270965576172,75.19015502929688
2024-01-14,STORE0010,SKU0070,109.02183532714844,106.89693450927734
2024-01-14,STORE0010,SKU0073,9.654289245605469,11.309948921203613
2024-01-14,STORE0010,SKU0074,57.840335845947266,56.08079147338867
2024-01-14,STORE0010,SKU0075,33.842918395996094,37.79766845703125
2024-01-14,STORE0010,SKU0076,31.59444236755371,31.239776611328125
2024-01-14,STORE0010,SKU0077,57.81227111816406,51.37910461425781
2024-01-14,STORE0010,SKU0078,30.26770782470703,34.595947265625
2024-01-14,STORE0010,SKU0079,85.04204559326172,84.3804931640625
2024-01-14,STORE0010,SKU0080,80.52651977539062,87.65715026855469
2024-01-14,STORE0010,SKU0081,72.75865173339844,76.84114074707031
2024-01-14,STORE0010,SKU0083,93.0608901977539,100.80607604980469
2024-01-14,STORE0010,SKU0084,25.041213989257812,25.904571533203125
2024-01-14,STORE0010,SKU0085,66.5540771484375,70.0754623413086
2024-01-14,STORE0010,SKU0086,8.215103149414062,8.7735013961792
2024-01-14,STORE0010,SKU0087,31.479293823242188,29.261560440063477
2024-01-14,STORE0010,SKU0088,24.21979522705078,26.331642150878906
2024-01-14,STORE0010,SKU0089,45.65458297729492,43.286033630371094
2024-01-14,STORE0010,SKU0090,20.81515884399414,20.709251403808594
2024-01-14,STORE0010,SKU0092,100.57752990722656,101.11219024658203
2024-01-14,STORE0010,SKU0094,64.26659393310547,66.1373519897461
2024-01-14,STORE0010,SKU0095,30.031566619873047,36.12025451660156
2024-01-14,STORE0010,SKU0096,99.40982818603516,93.45944213867188
2024-01-14,STORE0010,SKU0097,71.091796875,73.39471435546875
2024-01-14,STORE0010,SKU0098,41.828433990478516,41.17967987060547
2024-01-14,STORE0010,SKU0099,100.09581756591797,93.44610595703125
2024-01-14,STORE0010,SKU0100,90.4092025756836,91.96222686767578
2024-01-14,STORE0010,SKU0101,14.955230712890625,15.188834190368652
2024-01-14,STORE0010,SKU0102,102.60384368896484,103.19633483886719
2024-01-14,STORE0011,SKU0001,123.9007568359375,115.86106872558594
2024-01-14,STORE0011,SKU0002,82.29457092285156,73.213134765625
2024-01-14,STORE0011,SKU0003,25.269840240478516,23.648170471191406
2024-01-14,STORE0011,SKU0004,113.96630859375,104.56095886230469
2024-01-14,STORE0011,SKU0005,94.49690246582031,89.91646575927734
2024-01-14,STORE0011,SKU0006,129.69142150878906,108.58699798583984
2024-01-14,STORE0011,SKU0007,34.364540100097656,36.10352325439453
2024-01-14,STORE0011,SKU0009,72.21305847167969,66.1498794555664
2024-01-14,STORE0011,SKU0012,54.10585021972656,47.82130432128906
2024-01-14,STORE0011,SKU0014,69.87225341796875,59.606231689453125
2024-01-14,STORE0011,SKU0015,14.955333709716797,12.035922050476074
2024-01-14,STORE0011,SKU0017,123.84959411621094,107.89812469482422
2024-01-14,STORE0011,SKU0018,109.2781753540039,92.89688110351562
2024-01-14,STORE0011,SKU0019,20.355350494384766,17.872791290283203
2024-01-14,STORE0011,SKU0020,60.44452667236328,55.458492279052734
2024-01-14,STORE0011,SKU0021,66.49564361572266,66.90081024169922
2024-01-14,STORE0011,SKU0022,121.9370346069336,110.76020050048828
2024-01-14,STORE0011,SKU0023,86.2376708984375,75.78889465332031
2024-01-14,STORE0011,SKU0024,67.64195251464844,64.10630798339844
2024-01-14,STORE0011,SKU0025,29.86090850830078,36.65964889526367
2024-01-14,STORE0011,SKU0026,111.34156799316406,108.20309448242188
2024-01-14,STORE0011,SKU0027,123.72285461425781,111.05828094482422
2024-01-14,STORE0011,SKU0028,122.21150207519531,122.06148529052734
2024-01-14,STORE0011,SKU0029,29.894014358520508,38.4249153137207
2024-01-14,STORE0011,SKU0030,46.07707977294922,55.11343002319336
2024-01-14,STORE0011,SKU0031,54.42212677001953,61.809261322021484
2024-01-14,STORE0011,SKU0033,101.5869140625,112.56770324707031
2024-01-14,STORE0011,SKU0034,151.37693786621094,140.74752807617188
2024-01-14,STORE0011,SKU0035,178.5585479736328,160.7969207763672
2024-01-14,STORE0011,SKU0036,41.092247009277344,50.508975982666016
2024-01-14,STORE0011,SKU0037,109.2535400390625,115.629150390625
2024-01-14,STORE0011,SKU0038,97.31021881103516,111.8150405883789
2024-01-14,STORE0011,SKU0039,15.2340087890625,20.481325149536133
2024-01-14,STORE0011,SKU0040,21.559165954589844,27.402225494384766
2024-01-14,STORE0011,SKU0041,89.10829162597656,93.85465240478516
2024-01-14,STORE0011,SKU0043,45.7209358215332,56.077842712402344
2024-01-14,STORE0011,SKU0044,88.81005096435547,99.031982421875
2024-01-14,STORE0011,SKU0046,98.6745834350586,107.68397521972656
2024-01-14,STORE0011,SKU0047,78.0914077758789,90.8769302368164
2024-01-14,STORE0011,SKU0048,69.58580017089844,85.855712890625
2024-01-14,STORE0011,SKU0050,20.2301025390625,20.042869567871094
2024-01-14,STORE0011,SKU0051,83.13705444335938,86.1025390625
2024-01-14,STORE0011,SKU0052,69.03431701660156,62.772239685058594
2024-01-14,STORE0011,SKU0053,38.149627685546875,37.53835678100586
2024-01-14,STORE0011,SKU0054,99.32177734375,96.3127212524414
2024-01-14,STORE0011,SKU0055,16.68718719482422,18.54933738708496
2024-01-14,STORE0011,SKU0056,26.258098602294922,24.58133888244629
2024-01-14,STORE0011,SKU0058,115.53705596923828,105.78146362304688
2024-01-14,STORE0011,SKU0059,28.37971305847168,31.4842586517334
2024-01-14,STORE0011,SKU0061,115.59986877441406,108.608154296875
2024-01-14,STORE0011,SKU0062,20.91735076904297,19.79313850402832
2024-01-14,STORE0011,SKU0064,114.87971496582031,105.48920440673828
2024-01-14,STORE0011,SKU0065,67.58692169189453,67.1683349609375
2024-01-14,STORE0011,SKU0066,34.47853469848633,34.957725524902344
2024-01-14,STORE0011,SKU0067,49.43195343017578,45.803558349609375
2024-01-14,STORE0011,SKU0068,49.343929290771484,42.69818878173828
2024-01-14,STORE0011,SKU0069,96.72470092773438,88.12860870361328
2024-01-14,STORE0011,SKU0070,123.64422607421875,111.85128021240234
2024-01-14,STORE0011,SKU0071,38.88005828857422,37.256507873535156
2024-01-14,STORE0011,SKU0072,45.04756164550781,42.69468307495117
2024-01-14,STORE0011,SKU0073,12.484764099121094,14.37820053100586
2024-01-14,STORE0011,SKU0074,68.96967315673828,60.977752685546875
2024-01-14,STORE0011,SKU0077,67.20252990722656,59.6710090637207
2024-01-14,STORE0011,SKU0078,35.9838752746582,35.296478271484375
2024-01-14,STORE0011,SKU0079,101.55973052978516,98.25009155273438
2024-01-14,STORE0011,SKU0082,71.77891540527344,72.48172760009766
2024-01-14,STORE0011,SKU0083,108.8735580444336,106.49667358398438
2024-01-14,STORE0011,SKU0085,78.4350814819336,78.80839538574219
2024-01-14,STORE0011,SKU0086,10.273536682128906,10.122718811035156
2024-01-14,STORE0011,SKU0087,37.68501281738281,35.62405014038086
2024-01-14,STORE0011,SKU0088,28.699880599975586,29.989713668823242
2024-01-14,STORE0011,SKU0089,53.77492141723633,50.63124084472656
2024-01-14,STORE0011,SKU0090,24.67352294921875,25.7613468170166
2024-01-14,STORE0011,SKU0094,76.890380859375,71.87957763671875
2024-01-14,STORE0011,SKU0095,35.796104431152344,36.599056243896484
2024-01-14,STORE0011,SKU0096,117.03343200683594,111.1314697265625
2024-01-14,STORE0011,SKU0097,83.08241271972656,82.48152160644531
2024-01-14,STORE0011,SKU0098,49.181861877441406,43.46415710449219
2024-01-14,STORE0011,SKU0100,104.49781799316406,96.62039947509766
2024-01-14,STORE0011,SKU0101,17.87881088256836,18.06411361694336
2024-01-14,STORE0012,SKU0001,108.07414245605469,116.32508850097656
2024-01-14,STORE0012,SKU0002,68.94344329833984,74.80055236816406
2024-01-14,STORE0012,SKU0004,99.00065612792969,97.55195617675781
2024-01-14,STORE0012,SKU0005,80.60145568847656,73.75738525390625
2024-01-14,STORE0012,SKU0006,113.23457336425781,97.40795135498047
2024-01-14,STORE0012,SKU0007,29.967195510864258,29.217853546142578
2024-01-14,STORE0012,SKU0008,25.186038970947266,26.23737144470215
2024-01-14,STORE0012,SKU0009,60.40781021118164,56.526432037353516
2024-01-14,STORE0012,SKU0010,37.628173828125,37.664405822753906
2024-01-14,STORE0012,SKU0013,89.52262878417969,87.95712280273438
2024-01-14,STORE0012,SKU0014,60.191070556640625,58.933502197265625
2024-01-14,STORE0012,SKU0015,12.806266784667969,12.460604667663574
2024-01-14,STORE0012,SKU0016,25.576309204101562,24.383880615234375
2024-01-14,STORE0012,SKU0017,109.37814331054688,106.45719146728516
2024-01-14,STORE0012,SKU0018,94.63975524902344,90.63512420654297
2024-01-14,STORE0012,SKU0019,17.534381866455078,16.20565414428711
2024-01-14,STORE0012,SKU0020,52.72293472290039,59.32944869995117
2024-01-14,STORE0012,SKU0022,105.86285400390625,94.74546813964844
2024-01-14,STORE0012,SKU0023,75.77838134765625,68.61863708496094
2024-01-14,STORE0012,SKU0025,25.617130279541016,33.20014953613281
2024-01-14,STORE0012,SKU0026,94.01585388183594,108.12622833251953
2024-01-14,STORE0012,SKU0027,105.2196044921875,109.16101837158203
2024-01-14,STORE0012,SKU0028,106.56317901611328,114.53844451904297
2024-01-14,STORE0012,SKU0029,25.580867767333984,30.751218795776367
2024-01-14,STORE0012,SKU0030,39.244239807128906,57.0368766784668
2024-01-14,STORE0012,SKU0032,62.4525032043457,76.11253356933594
2024-01-14,STORE0012,SKU0033,84.730224609375,106.74311065673828
2024-01-14,STORE0012,SKU0034,126.14393615722656,136.4569854736328
2024-01-14,STORE0012,SKU0035,157.32687377929688,150.09979248046875
2024-01-14,STORE0012,SKU0036,35.9849739074707,45.2278938293457
2024-01-14,STORE0012,SKU0037,92.26902770996094,107.56965637207031
2024-01-14,STORE0012,SKU0038,83.58040618896484,103.41476440429688
2024-01-14,STORE0012,SKU0039,12.966594696044922,16.28874969482422
2024-01-14,STORE0012,SKU0043,39.60200119018555,45.26498794555664
2024-01-14,STORE0012,SKU0044,76.92864227294922,93.20341491699219
2024-01-14,STORE0012,SKU0046,84.02039337158203,94.37580871582031
2024-01-14,STORE0012,SKU0047,66.2891616821289,84.2502212524414
2024-01-14,STORE0012,SKU0048,59.88267517089844,74.0699234008789
2024-01-14,STORE0012,SKU0050,17.514163970947266,19.354734420776367
2024-01-14,STORE0012,SKU0052,59.73928451538086,56.933929443359375
2024-01-14,STORE0012,SKU0053,32.865604400634766,33.71245574951172
2024-01-14,STORE0012,SKU0054,86.36077880859375,76.77188873291016
2024-01-14,STORE0012,SKU0055,14.598278045654297,15.097359657287598
2024-01-14,STORE0012,SKU0056,22.832164764404297,22.019817352294922
2024-01-14,STORE0012,SKU0057,89.9443130493164,85.30314636230469
2024-01-14,STORE0012,SKU0058,100.68426513671875,91.07040405273438
2024-01-14,STORE0012,SKU0059,24.566997528076172,26.750917434692383
2024-01-14,STORE0012,SKU0060,63.077213287353516,60.09947967529297
2024-01-14,STORE0012,SKU0061,101.77262878417969,98.70928192138672
2024-01-14,STORE0012,SKU0062,17.81529998779297,16.876325607299805
2024-01-14,STORE0012,SKU0064,100.09278106689453,91.27809143066406
2024-01-14,STORE0012,SKU0065,58.432193756103516,56.63526153564453
2024-01-14,STORE0012,SKU0066,29.326847076416016,29.88412094116211
2024-01-14,STORE0012,SKU0068,42.643802642822266,37.01731872558594
2024-01-14,STORE0012,SKU0070,111.021484375,104.54698181152344
2024-01-14,STORE0012,SKU0071,33.41408157348633,30.830276489257812
2024-01-14,STORE0012,SKU0072,39.49539566040039,42.137718200683594
2024-01-14,STORE0012,SKU0074,58.9177360534668,60.14426803588867
2024-01-14,STORE0012,SKU0075,34.55938720703125,37.70741271972656
2024-01-14,STORE0012,SKU0076,32.276275634765625,31.100242614746094
2024-01-14,STORE0012,SKU0077,58.017642974853516,50.36528396606445
2024-01-14,STORE0012,SKU0078,31.271230697631836,32.0225944519043
2024-01-14,STORE0012,SKU0080,82.0929183959961,90.02027893066406
2024-01-14,STORE0012,SKU0081,74.37716674804688,74.36244201660156
2024-01-14,STORE0012,SKU0083,92.9764175415039,96.32486724853516
2024-01-14,STORE0012,SKU0084,25.839183807373047,27.38158416748047
2024-01-14,STORE0012,SKU0085,67.14605712890625,67.91011047363281
2024-01-14,STORE0012,SKU0086,8.64107894897461,7.745211601257324
2024-01-14,STORE0012,SKU0088,24.675941467285156,25.581071853637695
2024-01-14,STORE0012,SKU0089,45.93037796020508,42.948001861572266
2024-01-14,STORE0012,SKU0091,18.64141845703125,17.120718002319336
2024-01-14,STORE0012,SKU0092,103.38177490234375,98.64384460449219
2024-01-14,STORE0012,SKU0094,66.13591766357422,62.09438705444336
2024-01-14,STORE0012,SKU0095,30.06603240966797,33.42708969116211
2024-01-14,STORE0012,SKU0096,102.05580139160156,94.26504516601562
2024-01-14,STORE0012,SKU0097,71.82440948486328,73.37674713134766
2024-01-14,STORE0012,SKU0098,42.469932556152344,39.227821350097656
2024-01-14,STORE0012,SKU0099,101.99261474609375,101.16227722167969
2024-01-14,STORE0012,SKU0100,91.96192932128906,93.15873718261719
2024-01-14,STORE0012,SKU0101,15.33297348022461,16.630264282226562
2024-01-14,STORE0013,SKU0001,60.8573112487793,63.943023681640625
2024-01-14,STORE0013,SKU0002,41.22950744628906,35.499755859375
2024-01-14,STORE0013,SKU0003,14.096378326416016,11.793902397155762
2024-01-14,STORE0013,SKU0006,62.23902893066406,58.280914306640625
2024-01-14,STORE0013,SKU0008,15.447303771972656,14.55370044708252
2024-01-14,STORE0013,SKU0009,35.798858642578125,30.490020751953125
2024-01-14,STORE0013,SKU0013,51.08719253540039,46.39616012573242
2024-01-14,STORE0013,SKU0014,36.10243225097656,36.28468322753906
2024-01-14,STORE0013,SKU0015,8.545780181884766,7.301883220672607
2024-01-14,STORE0013,SKU0017,60.60390090942383,57.8824577331543
2024-01-14,STORE0013,SKU0020,31.807767868041992,29.995943069458008
2024-01-14,STORE0013,SKU0024,33.98991012573242,35.82099914550781
2024-01-14,STORE0013,SKU0025,15.765361785888672,17.673891067504883
2024-01-14,STORE0013,SKU0026,52.86400604248047,60.43553161621094
2024-01-14,STORE0013,SKU0027,58.745216369628906,70.50936126708984
2024-01-14,STORE0013,SKU0028,60.446495056152344,71.88184356689453
2024-01-14,STORE0013,SKU0031,28.361160278320312,35.310665130615234
2024-01-14,STORE0013,SKU0032,35.11122131347656,41.72607421875
2024-01-14,STORE0013,SKU0034,71.5763931274414,87.23284149169922
2024-01-14,STORE0013,SKU0036,22.497417449951172,30.237329483032227
2024-01-14,STORE0013,SKU0037,53.2256965637207,63.42841720581055
2024-01-14,STORE0013,SKU0039,7.6139678955078125,10.73066520690918
2024-01-14,STORE0013,SKU0040,10.734638214111328,13.649812698364258
2024-01-14,STORE0013,SKU0041,43.064178466796875,48.254539489746094
2024-01-14,STORE0013,SKU0049,29.82781219482422,25.21137237548828
2024-01-14,STORE0013,SKU0056,13.987552642822266,14.501304626464844
2024-01-14,STORE0013,SKU0057,51.872188568115234,52.0821418762207
2024-01-14,STORE0013,SKU0061,56.52091979980469,58.06337356567383
2024-01-14,STORE0013,SKU0063,31.100114822387695,27.02334213256836
2024-01-14,STORE0013,SKU0065,33.79876708984375,35.10089111328125
2024-01-14,STORE0013,SKU0068,26.33187484741211,27.23015022277832
2024-01-14,STORE0013,SKU0071,20.73566436767578,17.02358055114746
2024-01-14,STORE0013,SKU0076,20.22073745727539,19.356224060058594
2024-01-14,STORE0013,SKU0080,47.465965270996094,52.2861328125
2024-01-14,STORE0013,SKU0084,16.621150970458984,16.03194808959961
2024-01-14,STORE0013,SKU0085,40.60837173461914,35.837608337402344
2024-01-14,STORE0013,SKU0086,5.112224578857422,5.967122554779053
2024-01-14,STORE0013,SKU0087,20.543498992919922,20.21999168395996
2024-01-14,STORE0013,SKU0089,27.953027725219727,30.076374053955078
2024-01-14,STORE0013,SKU0090,13.667583465576172,13.130025863647461
2024-01-14,STORE0013,SKU0096,56.9843635559082,57.14540100097656
2024-01-14,STORE0013,SKU0097,43.16427993774414,41.96452713012695
2024-01-14,STORE0013,SKU0099,59.30895233154297,52.66381072998047
2024-01-14,STORE0013,SKU0102,58.55027389526367,56.812191009521484
