model,family,store_id,sku_id,forecast_total_units,forecast_mean_units,test_rows,test_actual_units,test_wape,test_mape,test_mae,test_rmse,test_bias
transformer,dl,STORE0002,SKU0015,160.71071243286133,11.479336602347237,14,102.0,0.6457588345396752,1.6019920554039409,4.704814365931919,5.596769844598569,0.6147431766285616
transformer,dl,STORE0007,SKU0084,291.4532585144043,20.81808989388602,14,196.0,0.5708899206044723,1.4159543564912078,7.992458888462612,9.84371522697835,0.5396211974474848
transformer,dl,STORE0013,SKU0071,264.47876358032227,18.891340255737305,14,195.0,0.5554193545610476,1.014117841242103,7.736198152814593,9.046858208491104,0.4020890651605068
transformer,dl,STORE0002,SKU0063,556.2315979003906,39.73082842145647,14,529.0,0.5417682020335206,0.9929066526561892,20.471098491123744,27.107235966695768,0.3356731321049998
transformer,dl,STORE0005,SKU0045,849.8113327026367,60.700809478759766,14,985.0,0.540433893348965,0.8248977057202486,38.02338463919504,47.34413667469818,0.4687056875470931
transformer,dl,STORE0010,SKU0098,531.6166687011719,37.97261919294085,14,456.0,0.535700471777665,2.0522382021945944,17.448529652186803,21.531411989464704,0.2680787956505491
transformer,dl,STORE0008,SKU0043,598.6030616760254,42.75736154828753,14,765.0,0.5275946124706393,4.631168345865613,28.82927703857422,37.56875212386242,0.2431753819284875
transformer,dl,STORE0006,SKU0063,786.0483818054199,56.14631298610142,14,749.0,0.5179024150120082,0.967514375387611,27.70777920314244,37.35422122553731,0.2976080788789349
transformer,dl,STORE0002,SKU0086,110.57752227783203,7.898394448416574,14,104.0,0.5149925305293157,0.9053192418655492,3.825658798217773,4.554437783603776,0.2129035729628343
transformer,dl,STORE0011,SKU0023,1058.511474609375,75.60796247209821,14,964.0,0.5106292977867285,1.0472076409714304,35.160474504743306,45.84994493489446,0.2458040387798641
transformer,dl,STORE0007,SKU0101,181.8198127746582,12.987129483904157,14,165.0,0.5029349818374171,2.0679934797698403,5.927448000226702,7.504287691301371,0.3122437217018821
transformer,dl,STORE0011,SKU0015,197.7918701171875,14.12799072265625,14,141.0,0.5026601426144863,1.559931299084886,5.062505722045898,6.269806448713823,0.448838768275917
transformer,dl,STORE0009,SKU0069,1015.0608978271484,72.50434984479632,14,1072.0,0.4963883784279894,0.6063011701417024,38.00916726248605,48.21971780025782,0.2082653045654297
transformer,dl,STORE0013,SKU0002,524.1312828063965,37.437948771885466,14,399.0,0.4928310843637414,1.079250713188327,14.04568590436663,16.680566383887776,0.3325908727813185
transformer,dl,STORE0005,SKU0073,170.60709762573242,12.186221258980888,14,127.0,0.4915692487100916,0.5833400641208564,4.459235327584403,5.88615810233516,0.4112512483371524
transformer,dl,STORE0005,SKU0084,394.2459182739258,28.160422733851842,14,296.0,0.4860581578435125,1.3136478447276587,10.276658194405693,12.609549183985308,0.3678224537823651
transformer,dl,STORE0006,SKU0095,460.59221267700195,32.899443762642996,14,373.0,0.4853523704385629,1.290101210490988,12.931173869541713,15.159109698361412,0.2643847324892918
transformer,dl,STORE0013,SKU0025,207.73548126220703,14.838248661586217,14,206.0,0.4789305196225064,0.8539346950721346,7.04712050301688,8.543955665032522,0.4067800762583908
transformer,dl,STORE0001,SKU0019,267.72245025634766,19.12303216116769,14,244.0,0.4784892269822418,0.5444656940543994,8.339383670261928,10.804573833830352,0.2948823131498743
transformer,dl,STORE0001,SKU0024,852.3476219177246,60.88197299412319,14,665.0,0.473496143082927,1.9143363171646388,22.49106679643904,27.65973653657094,0.3025415463555128
transformer,dl,STORE0002,SKU0066,339.68138122558594,24.262955801827566,14,253.0,0.4698000519643188,2.7771011873590425,8.489958081926618,11.46835744537078,0.4380317054718379
transformer,dl,STORE0007,SKU0097,760.779842376709,54.34141731262207,14,650.0,0.4676971259483924,5.1812231102384985,21.714509419032503,27.595327547505672,0.1971268111008864
transformer,dl,STORE0003,SKU0086,98.85025024414062,7.060732160295759,14,117.0,0.4656593127128405,0.9061147786049344,3.891581399100168,4.891902543465859,-0.0334344195504473
transformer,dl,STORE0005,SKU0013,1273.6157913208008,90.97255652291435,14,1453.0,0.4638492350568463,1.9839078063238424,48.14092418125698,67.47871263998061,0.1604685090938602
transformer,dl,STORE0005,SKU0019,270.7956428527832,19.342545918055944,14,248.0,0.4611899545115809,1.2335100557668812,8.169650622776576,10.98954474344926,0.2892390604942075
transformer,dl,STORE0011,SKU0098,615.3119697570801,43.95085498264858,14,576.0,0.4574707945187886,1.9607385704737967,18.82165554591588,23.6643445839272,0.1672115657064649
transformer,dl,STORE0007,SKU0080,835.1550407409668,59.65393148149763,14,717.0,0.4573166021243299,0.6739021750275515,23.42114312308175,30.64776459076325,0.2678211696310855
transformer,dl,STORE0011,SKU0055,221.838623046875,15.845615931919642,14,192.0,0.4569200873374939,0.6157793684851726,6.266332626342773,7.990151032486371,0.1990737318992614
transformer,dl,STORE0004,SKU0076,483.1207275390625,34.50862339564732,14,386.0,0.4511476625432622,0.6324513906788568,12.438785552978516,14.16554880480512,0.2897493233952498
transformer,dl,STORE0003,SKU0060,659.9404792785645,47.13860566275461,14,634.0,0.450990021040763,0.8088896768700938,20.423405238560267,23.97510329695038,0.0699281782757972
transformer,dl,STORE0009,SKU0032,803.0727500915527,57.362339292253765,14,997.0,0.4509013184573251,2.1344943273759447,32.11061532156808,48.26447911901956,0.1849945894813346
transformer,dl,STORE0003,SKU0031,500.140811920166,35.724343708583284,14,713.0,0.4504478261982408,0.5901000891378131,22.94066429138184,28.5550018289112,0.0949622230476283
transformer,dl,STORE0013,SKU0003,193.53195190429688,13.82371085030692,14,142.0,0.448412344489299,0.7875448109906813,4.548182351248605,6.051255042669809,0.3747835830903389
transformer,dl,STORE0008,SKU0047,984.1764450073242,70.29831750052315,14,1012.0,0.4445471857847432,0.5788631410004147,32.1344108581543,36.16590476868582,0.3276135365482375
transformer,dl,STORE0006,SKU0046,1206.2264022827148,86.15902873447963,14,1571.0,0.4433701561940543,0.765116814918786,49.7524653843471,61.17346336285174,0.1723948380963807
transformer,dl,STORE0008,SKU0007,444.8748664855957,31.77677617754255,14,374.0,0.4432344181652375,2.6724282997263527,11.840690885271345,14.057692454252264,0.2123940513733236
transformer,dl,STORE0006,SKU0034,1896.1235046386719,135.43739318847656,14,2432.0,0.4413061141967773,0.9413374356301778,76.66117640904018,93.12839477988432,0.0965390707317151
transformer,dl,STORE0009,SKU0010,480.9947929382324,34.356770924159456,14,379.0,0.4393871377829197,0.7839805557420663,11.894837515694755,14.045469641266388,0.3714657987327878
transformer,dl,STORE0002,SKU0062,212.01544189453125,15.143960135323661,14,188.0,0.4391854874631192,1.5785939176146049,5.8976336887904575,7.530607147162032,0.1833681958786984
transformer,dl,STORE0002,SKU0087,360.3197841644287,25.737127440316335,14,272.0,0.4387841084424188,0.8026597883813907,8.524948392595565,10.667703082532665,0.3744017376619227
transformer,dl,STORE0001,SKU0092,1462.3768005371094,104.45548575265067,14,1319.0,0.4374112699680748,0.7195468655530834,41.21039036342076,51.14658119498304,0.1173265759379146
transformer,dl,STORE0009,SKU0016,332.8866195678711,23.777615683419363,14,347.0,0.4321368654454476,1.3520661250958383,10.710820879255024,13.946848209189216,0.1381773715060451
transformer,dl,STORE0007,SKU0055,170.9064826965332,12.207605906895228,14,138.0,0.4283603723498358,0.8632093368167817,4.222409384591239,5.270348391345128,0.3031309929446897
transformer,dl,STORE0001,SKU0020,768.343334197998,54.881666728428435,14,665.0,0.4270628448715783,0.9666135932662276,20.285485131399973,23.91971726228826,0.1736071192232289
transformer,dl,STORE0007,SKU0066,339.2928123474121,24.235200881958008,14,279.0,0.4253223104716201,0.7778425129347684,8.476066044398717,10.067233313893912,0.3035293633792563
transformer,dl,STORE0012,SKU0091,242.32254791259766,17.308753422328405,14,223.0,0.4240418421313367,0.6237222786104244,6.754380771092007,7.705247124501809,0.2751113566582513
transformer,dl,STORE0008,SKU0029,390.4674987792969,27.890535627092635,14,460.0,0.4230609727942425,1.245561828987565,13.900574820382255,17.614421013978976,0.2486740444017493
transformer,dl,STORE0007,SKU0043,424.027400970459,30.287671497889928,14,512.0,0.4217254817485809,0.794794203495753,15.423103332519531,20.94508540343821,0.2956737875938415
transformer,dl,STORE0009,SKU0099,1259.0318908691406,89.93084934779576,14,1318.0,0.421124060345709,0.8713973986484733,39.64582225254604,47.22055067250413,0.0957359522354982
transformer,dl,STORE0010,SKU0076,402.5920181274414,28.756572723388672,14,354.0,0.4202974502649684,1.6604813264137588,10.627521242414202,13.462218977143625,0.1783701147736802
transformer,dl,STORE0005,SKU0041,1110.2786407470703,79.3056171962193,14,1350.0,0.4195532000506365,0.749554265620399,40.45691571916853,57.500059544480806,0.3357697663483796
transformer,dl,STORE0001,SKU0016,389.02794456481934,27.787710326058523,14,404.0,0.4193066275945984,0.8420643533814126,12.099991253444127,14.329830116482745,0.1367134953489398
transformer,dl,STORE0002,SKU0023,756.8875427246094,54.06339590890067,14,801.0,0.4180092115080758,0.6058332132373206,23.91609845842634,30.333483330790685,0.0666190824853942
transformer,dl,STORE0002,SKU0016,291.7770881652832,20.841220583234513,14,271.0,0.4167674441179226,1.9402169698935556,8.06742695399693,10.24661645562041,0.234963293884953
transformer,dl,STORE0007,SKU0049,536.7448616027832,38.338918685913086,14,502.0,0.4151704491847064,0.5458775354123369,14.88682610648019,16.066325293977794,0.1024994869156187
transformer,dl,STORE0002,SKU0026,972.8417510986328,69.4886965070452,14,1008.0,0.4138024420965285,3.950391332327407,29.793775830950057,38.17760420660189,0.3054630718533955
transformer,dl,STORE0007,SKU0090,243.14831924438477,17.367737088884628,14,218.0,0.4132670656256719,1.1651422149069426,6.435158593314035,8.086283237426676,0.1697418667854519
transformer,dl,STORE0008,SKU0059,375.28081703186035,26.805772645132883,14,364.0,0.4098109674977732,0.3843848712143461,10.655085154942103,12.49889225550872,0.0592057154728816
transformer,dl,STORE0010,SKU0100,1104.1553344726562,78.8682381766183,14,1076.0,0.4077638037585858,0.7070562312610199,31.339560917445592,37.76093767340072,0.0408760765671286
transformer,dl,STORE0011,SKU0035,2226.0204315185547,159.0014593941825,14,2625.0,0.4068238409133184,0.8425502950070923,76.27947017124721,90.35827870561148,0.0907849411737351
transformer,dl,STORE0002,SKU0017,1058.477523803711,75.60553741455078,14,1063.0,0.4046967973825736,1.37010120273503,30.72804968697684,37.12038329995271,0.0600690079094213
transformer,dl,STORE0007,SKU0061,1011.4217300415039,72.24440928867885,14,794.0,0.4038049808377282,0.9504647856978587,22.90151105608259,29.50422945946511,0.301242146143685
transformer,dl,STORE0006,SKU0081,1053.0320510864258,75.21657507760185,14,946.0,0.4033951386336796,0.6143611276130267,27.25798579624721,33.57220948174921,0.1417295363186277
transformer,dl,STORE0011,SKU0026,1342.2721786499023,95.87658418927874,14,1462.0,0.4028437310465383,1.1923078516530896,42.06839534214565,51.35372878932431,0.2495332083852118
transformer,dl,STORE0011,SKU0039,201.3757095336914,14.38397925240653,14,264.0,0.4027774261705803,1.6134873211199965,7.595231464930943,8.730582992662795,-0.0100972869179465
transformer,dl,STORE0004,SKU0051,1052.534538269043,75.18103844778878,14,970.0,0.4024846814342381,1.3666910951033524,27.886438642229358,36.8707846156058,0.112531068152988
transformer,dl,STORE0009,SKU0003,295.1302375793457,21.08073125566755,14,237.0,0.401474771620352,0.9778338861993976,6.796394348144531,8.655598901658992,0.2457040392396823
transformer,dl,STORE0013,SKU0049,387.7919921875,27.699428013392858,14,298.0,0.4008189783800368,0.7162779878206557,8.531718254089355,10.378912334625472,0.3415349217869292
transformer,dl,STORE0007,SKU0048,613.7507247924805,43.839337485177175,14,761.0,0.4006959010361058,0.8636881508603066,21.780684334891184,25.729261483874247,0.2088426547357506
transformer,dl,STORE0003,SKU0050,190.5351333618164,13.609652382986885,14,170.0,0.3971021315630744,0.7890349935798177,4.821954454694476,5.899914479955757,0.1871558245490579
transformer,dl,STORE0001,SKU0058,1441.997657775879,102.99983269827706,14,1284.0,0.3959563246397214,1.346769262400409,36.31485148838589,45.83481412231467,0.1419126861191983
transformer,dl,STORE0013,SKU0028,779.5988235473633,55.68563025338309,14,879.0,0.3953956716839092,6.465438270218273,24.825199672154017,34.026179299605545,0.2463773655810047
transformer,dl,STORE0009,SKU0057,1137.9698944091797,81.28356388636998,14,986.0,0.3953326304592419,0.9352039514079676,27.84271240234375,36.85311471878209,0.1832059043899752
transformer,dl,STORE0008,SKU0035,2125.969497680664,151.85496412004744,14,2593.0,0.3932162931054612,1.9945836665953995,72.82927485874721,85.46143989746817,0.0787818458518879
transformer,dl,STORE0013,SKU0006,810.311222076416,57.879373005458284,14,938.0,0.3928200207285281,0.5390685372624396,26.318941388811385,33.71141508931444,-0.004284824135461
transformer,dl,STORE0005,SKU0086,145.95827865600586,10.425591332571846,14,135.0,0.3917994181315104,0.4860705900673914,3.778065817696708,5.057749820394105,0.250236737286603
transformer,dl,STORE0006,SKU0017,1538.5632934570312,109.89737810407367,14,1393.0,0.3915190960294637,1.6588865789194267,38.95615005493164,48.9535915857336,0.1866867328323397
transformer,dl,STORE0007,SKU0015,157.3120002746582,11.236571448189872,14,121.0,0.3906829140403054,1.0761785680204292,3.3766166142054965,4.140946601962816,0.337480371648615
transformer,dl,STORE0005,SKU0075,524.0801963806152,37.434299741472515,14,553.0,0.3906507302365294,0.3803540844401644,15.430703844342911,18.01118236512445,-0.0320306677930393
transformer,dl,STORE0006,SKU0053,496.6657066345215,35.47612190246582,14,441.0,0.3904307445430972,0.6809088285929702,12.298568453107563,15.393378277482388,0.1506928683949166
transformer,dl,STORE0011,SKU0033,1251.0304718017578,89.35931941441127,14,1477.0,0.3894439831567763,1.4132965259701042,41.0863402230399,50.52683691239756,0.2494493973925054
transformer,dl,STORE0007,SKU0036,407.7664909362793,29.12617792401995,14,496.0,0.3892632992036881,0.9683025690259796,13.791042600359235,17.573800437931403,0.2269533295785227
transformer,dl,STORE0011,SKU0100,1280.181022644043,91.44150161743164,14,1173.0,0.3880271228682964,0.5017497912113088,32.511129651750835,35.98863120390669,0.1136326249196604
transformer,dl,STORE0010,SKU0036,462.86783027648926,33.06198787689209,14,589.0,0.3868582811339399,0.6079016115367631,16.275680541992188,18.440562904542148,0.1910953748408319
transformer,dl,STORE0006,SKU0033,1297.0142059326172,92.6438718523298,14,1674.0,0.3858121555196199,0.7433396229343697,46.132110595703125,57.70783255028598,0.1169940579322076
transformer,dl,STORE0012,SKU0062,237.3752670288086,16.95537621634347,14,192.0,0.3851207693417867,0.8917963353281863,5.281656265258789,6.528296422791031,0.2816598614056905
transformer,dl,STORE0013,SKU0068,337.6354179382324,24.1168155670166,14,381.0,0.384415243554303,0.5349232023379247,10.461586271013532,13.03533044258623,0.0135315522121319
transformer,dl,STORE0009,SKU0019,226.4063377380371,16.17188126700265,14,230.0,0.383855446525242,0.7160428285873414,6.306196621486119,7.363778683173868,0.1837231428726859
transformer,dl,STORE0007,SKU0027,1077.2251434326172,76.9446531023298,14,1769.0,0.3831316407216074,1.4805559399614123,48.41141945975168,57.41440459448386,-0.0073870652944372
transformer,dl,STORE0009,SKU0058,1238.3435897827148,88.4531135559082,14,1123.0,0.3830880821547334,2.829271368908054,30.729136875697545,40.51739539711801,0.1291813294163582
transformer,dl,STORE0006,SKU0076,486.2982635498047,34.735590253557476,14,378.0,0.382430666968936,0.6896931489852546,10.325628008161273,13.53258864182717,0.3174963653402984
transformer,dl,STORE0002,SKU0038,849.2679138183594,60.66199384416853,14,1030.0,0.3822928641606303,0.6787530286428084,28.125832148960654,33.26553374403301,0.1406164595224324
transformer,dl,STORE0011,SKU0020,758.8949813842773,54.20678438459124,14,659.0,0.382285226639558,0.9329596122402856,17.99471173967634,22.78102311368536,0.1498451985430102
transformer,dl,STORE0007,SKU0050,199.89904022216797,14.278502873011998,14,161.0,0.3822333294412364,0.5547141538138292,4.395683288574219,5.28865788897773,0.3089854554359957
transformer,dl,STORE0002,SKU0084,294.98766326904297,21.070547376360214,14,259.0,0.3819308188891319,0.7503539047058687,7.065720149448941,8.836148470325956,0.174174098894863
transformer,dl,STORE0006,SKU0056,342.37252616882324,24.455180440630233,14,379.0,0.3816603305786455,1.4157929049512137,10.332090377807615,14.904512154627806,0.0488373950163104
transformer,dl,STORE0010,SKU0017,1309.2906875610352,93.5207633972168,14,1321.0,0.3812680356345512,0.6924715039107764,35.97536250523159,50.22140566171293,0.0608332805070436
transformer,dl,STORE0002,SKU0031,497.1914596557617,35.513675689697266,14,646.0,0.3811773176163712,1.307925126549809,17.5886105128697,22.738901382245515,0.2405805794447199
transformer,dl,STORE0001,SKU0026,1345.3375549316406,96.09553963797433,14,1585.0,0.3804000228737431,0.641772330281983,43.06671687534877,50.52859643566911,0.1636222093263259
transformer,dl,STORE0007,SKU0039,155.27936172485352,11.09138298034668,14,183.0,0.3795254816774462,1.6663760194609534,4.960940224783761,6.463459788350812,0.1461264188172387
transformer,dl,STORE0013,SKU0026,677.4324607849121,48.38803291320801,14,724.0,0.3790727478364554,0.4627786856414179,19.60347638811384,26.92611090710005,0.2839070736373986
transformer,dl,STORE0003,SKU0008,268.1876029968262,19.156257356916154,14,243.0,0.3788016048478491,0.5949824396703842,6.574913569859096,7.51839370184025,0.1288883852860564
transformer,dl,STORE0006,SKU0098,630.0646209716797,45.004615783691406,14,581.0,0.3780782177608313,1.2807048166742123,15.690246037074498,20.63830757285286,0.1875950194472084
transformer,dl,STORE0004,SKU0068,641.0585517883301,45.789896556309294,14,562.0,0.3770107052080148,0.4946038424048009,15.134286880493164,18.612994281673075,0.2860063369588071
transformer,dl,STORE0006,SKU0071,501.03100967407227,35.787929262433735,14,423.0,0.3753053831997774,0.570374233774716,11.339584078107562,13.398077039749898,0.2053496178160322
transformer,dl,STORE0012,SKU0043,503.9066925048828,35.9933351789202,14,719.0,0.374655828356577,0.3963205246679786,19.24125289916992,21.493130781875116,0.0755788301725214
transformer,dl,STORE0003,SKU0055,162.47402954101562,11.605287824358259,14,145.0,0.3722558646366514,0.7969477681196393,3.855507169451033,4.872824571111278,0.1763444308576912
transformer,dl,STORE0011,SKU0058,1426.9983825683594,101.92845589773995,14,1296.0,0.3714930216471354,0.8161214830408188,34.389639718191965,41.89308420946829,0.1130301746321313
transformer,dl,STORE0013,SKU0076,258.33360290527344,18.45240020751953,14,226.0,0.369802441217203,0.8196621643960355,5.969667979649135,7.346345648375578,0.2005319679732871
transformer,dl,STORE0005,SKU0060,933.0264167785645,66.64474405561175,14,923.0,0.3693014126299262,0.4723273912957926,24.34751456124442,29.36432419377688,0.0304258931367653
transformer,dl,STORE0012,SKU0013,1105.1299514770508,78.93785367693219,14,1554.0,0.3687289862712531,2.948645284923117,40.9289174761091,47.64383459834446,-0.069365271883735
transformer,dl,STORE0005,SKU0020,773.9688110351562,55.28348650251116,14,625.0,0.3685651184082031,0.5854325258056539,16.453799928937638,20.432178744042343,0.2613965393066406
transformer,dl,STORE0005,SKU0016,394.83622550964355,28.20258753640311,14,417.0,0.3684704366633646,0.5611502749719854,10.97515514918736,14.240130119097456,0.1233709779002969
transformer,dl,STORE0008,SKU0031,693.793586730957,49.55668476649693,14,917.0,0.3677053753136288,0.960638271232334,24.08470208304269,32.23429150916236,0.2082520612843554
transformer,dl,STORE0005,SKU0101,243.46551132202148,17.390393665858678,14,261.0,0.3671351757999581,1.178249226281691,6.844448634556362,9.007607987703334,0.0880970278918971
transformer,dl,STORE0009,SKU0022,1285.626724243164,91.83048030308315,14,1233.0,0.3667965940798769,0.8157983042203505,32.304300035749165,39.50639361137403,0.0618925875797565
transformer,dl,STORE0009,SKU0023,926.424186706543,66.1731561933245,14,991.0,0.3666662414427602,0.4240257848018346,25.95473180498396,32.06363650215741,0.0624208382953909
transformer,dl,STORE0001,SKU0065,858.3117713928223,61.307983670915874,14,1009.0,0.366636365090891,0.7514177434672176,26.424006598336355,36.54959440558675,0.0339322009809662
transformer,dl,STORE0009,SKU0012,582.1614875793457,41.58296339852469,14,729.0,0.3659197070798102,1.1140379249155454,19.0539618900844,25.18598805920242,0.1555803557972849
transformer,dl,STORE0012,SKU0053,422.53734016418457,30.18123858315604,14,428.0,0.3656436126922893,0.4508876148007962,11.178247588021415,12.303504919727452,0.0160748891741315
transformer,dl,STORE0005,SKU0006,1605.6773681640625,114.69124058314732,14,2295.0,0.3649907297038824,0.3814557618483457,59.8324089050293,70.72270771343725,-0.1705087399950214
transformer,dl,STORE0003,SKU0070,1125.2969360351562,80.37835257393974,14,996.0,0.3638297927427483,0.445852277452731,25.88389096941267,32.675022790107604,0.1543356424354645
transformer,dl,STORE0007,SKU0067,455.7033271789551,32.55023765563965,14,400.0,0.3630807399749756,0.5253285268854943,10.373735427856444,12.089483333771458,0.1734261322021484
transformer,dl,STORE0001,SKU0055,226.19009399414062,16.15643528529576,14,207.0,0.36296748654278,0.3418650556065067,5.366733551025391,6.661088469171577,0.1379901683272947
transformer,dl,STORE0001,SKU0043,589.0464134216309,42.07474381583078,14,718.0,0.3620419834317603,0.4493197322343622,18.567581721714564,28.588559088491536,0.2889673769640059
transformer,dl,STORE0008,SKU0051,1046.9122772216797,74.77944837297711,14,1030.0,0.361783947990936,1.2666248505473494,26.616961887904576,34.42550281263629,0.0320916036957676
transformer,dl,STORE0012,SKU0060,803.151065826416,57.36793327331543,14,689.0,0.361240104597781,1.1658179525450436,17.77817371913365,23.935923709944348,0.1856441525485588
transformer,dl,STORE0001,SKU0066,445.04504585266113,31.788931846618652,14,429.0,0.3599519707384087,0.8785141200537296,11.029956817626951,13.489932361937994,0.1072811580204463
transformer,dl,STORE0006,SKU0048,887.0463905334473,63.360456466674805,14,1136.0,0.3590235575823716,0.5223473673626955,29.13219724382673,33.087192919319904,0.1473060728798449
transformer,dl,STORE0001,SKU0086,145.4192771911621,10.38709122794015,14,177.0,0.3581379820398018,0.4163503704222572,4.527887344360352,6.599855511203283,-0.0726212539241812
transformer,dl,STORE0007,SKU0034,1344.1554794311523,96.01110567365374,14,1854.0,0.3579958902336376,0.4651421533081567,47.40888432094029,55.94714166595805,0.093063296880794
transformer,dl,STORE0011,SKU0067,617.6288566589355,44.116346904209685,14,553.0,0.3579297402021467,0.6867843152579439,14.138224737984794,17.401016886850623,0.1375406620515406
transformer,dl,STORE0010,SKU0097,903.844066619873,64.56029047284808,14,883.0,0.3578649890247314,0.7986241738492558,22.57105609348842,26.489724865806693,0.0397609870539111
transformer,dl,STORE0001,SKU0059,372.18511962890625,26.584651402064733,14,390.0,0.3577107013800205,0.5225117666917597,9.964798109872,11.333938041430129,-0.0212088022476587
transformer,dl,STORE0006,SKU0091,286.29141998291016,20.44938714163644,14,294.0,0.3573679307691094,0.5285818192597466,7.504726546151297,9.644743812813854,0.1298492911721573
transformer,dl,STORE0003,SKU0044,769.8031730651855,54.98594093322754,14,1028.0,0.3567788461766818,0.5107808886233298,26.19776099068778,29.646212134157324,0.0502842632249171
transformer,dl,STORE0002,SKU0090,244.33103942871094,17.45221710205078,14,207.0,0.3561122544145814,1.5433246694298677,5.265374047415597,6.852578031089722,0.2446720842002094
transformer,dl,STORE0009,SKU0082,791.5100898742676,56.536434991019114,14,680.0,0.3560370164759018,1.1886343534423365,17.293226514543807,22.932327445479803,0.1833422155941234
transformer,dl,STORE0006,SKU0031,709.1037712097168,50.65026937212263,14,943.0,0.3559900569005584,0.5375738095477643,23.978473118373326,30.67959826997532,0.2561385477335051
transformer,dl,STORE0010,SKU0079,1055.612777709961,75.40091269356864,14,989.0,0.3558792253114335,0.4919497945421201,25.14032527378627,27.428851193169237,0.0845011526942855
transformer,dl,STORE0004,SKU0028,1551.340690612793,110.81004932948521,14,1815.0,0.3534321430300878,0.773002385544028,45.81995282854353,55.41566843301148,0.1423333958817579
transformer,dl,STORE0010,SKU0034,1575.6401977539062,112.5457284109933,14,2551.0,0.3532501005369371,0.4195760461885426,64.36721474783761,88.42518097438798,-0.0815425679899579
transformer,dl,STORE0002,SKU0099,1032.0511474609375,73.71793910435268,14,1098.0,0.353217918799006,0.8871226381396852,27.702376774379186,42.32344158806293,0.0744620637598367
transformer,dl,STORE0006,SKU0012,681.9267234802246,48.709051677158904,14,852.0,0.353121967942502,0.8176632670517522,21.489994049072266,26.43974141578526,0.1475800348559455
transformer,dl,STORE0009,SKU0015,173.32954025268555,12.380681446620397,14,147.0,0.3530238923572358,1.2023743930874755,3.706750869750977,4.942201767171229,0.220595612817881
transformer,dl,STORE0001,SKU0035,2219.974624633789,158.56961604527064,14,3090.0,0.3526584711661231,0.6761431712461375,77.8367625645229,103.50758005378616,-0.0823598374055041
transformer,dl,STORE0009,SKU0070,1358.7244415283203,97.05174582345145,14,1061.0,0.3514410696649866,0.9698376145766384,26.634212493896484,37.30078855356208,0.3121882446749271
transformer,dl,STORE0009,SKU0045,734.2280654907227,52.4448618207659,14,1026.0,0.3509150350767734,0.9029899390192034,25.717058999197825,30.244939512750484,0.2267790008009526
transformer,dl,STORE0004,SKU0014,892.4478797912598,63.746277127947124,14,812.0,0.350896271578784,1.8930791384617716,20.351983751569477,26.24286932816961,0.0903699057442801
transformer,dl,STORE0009,SKU0093,955.7223739624023,68.26588385445731,14,889.0,0.3491218318016644,0.5206792184336166,22.16923631940569,25.823140886119734,0.0969861162526803
transformer,dl,STORE0007,SKU0016,290.98197174072266,20.784426552908762,14,360.0,0.3478873994615343,0.2870616780291814,8.94567598615374,13.769792597970437,-0.0619865205552842
transformer,dl,STORE0004,SKU0048,861.5349159240723,61.538208280290874,14,1242.0,0.3478615617982431,0.6294223853348573,30.860289982387,38.97131721862531,0.0203182754885171
transformer,dl,STORE0012,SKU0022,1286.8098678588867,91.91499056134906,14,1162.0,0.3476747653980879,0.6428284337093814,28.85700552804129,36.45411147412928,0.1322361064654824
transformer,dl,STORE0011,SKU0024,846.6139030456543,60.472421646118164,14,794.0,0.3476027673678074,0.6841331119424678,19.71404266357422,24.467936364908613,0.0765172348214637
transformer,dl,STORE0009,SKU0002,868.6327285766602,62.045194898332866,14,848.0,0.3472490445622858,0.4961047026837421,21.03337069920131,26.148539776220318,0.0288457015775284
transformer,dl,STORE0001,SKU0037,1328.2811813354492,94.87722723824638,14,1531.0,0.3472417012917925,0.5943806724433766,37.97336033412388,47.862306811541806,0.1764420721750489
transformer,dl,STORE0002,SKU0043,424.9758529663086,30.355418069022043,14,546.0,0.3466112954275949,0.4155516871865602,13.5178405216762,15.321064083541485,0.2146706843114161
transformer,dl,STORE0010,SKU0020,652.7182083129883,46.62272916521345,14,601.0,0.3464586699068447,0.581960607582824,14.872975758143834,19.059046254314357,0.1106728412545659
transformer,dl,STORE0008,SKU0101,236.39511489868164,16.885365349905832,14,243.0,0.3454136004663789,0.927726701621404,5.995393208095005,7.615655856607272,0.1508892514578109
transformer,dl,STORE0006,SKU0039,205.39039993286133,14.670742852347237,14,251.0,0.3453364429245907,0.9813739033048152,6.191389083862305,7.701309275122879,0.0903666066933437
transformer,dl,STORE0010,SKU0092,1221.2425537109375,87.23161097935268,14,1253.0,0.3450904596546413,0.5674559278687382,30.885596139090403,36.87387392781143,-0.0067633943184794
transformer,dl,STORE0008,SKU0025,391.5653820037842,27.968955857413157,14,468.0,0.3450835708878998,0.65471861413984,11.53565079825265,14.155470773414766,0.1931706697512895
transformer,dl,STORE0012,SKU0097,910.3578872680664,65.02556337629046,14,907.0,0.344530221251432,0.7324060336278274,22.3206364767892,26.62553054451921,0.0185396684438417
transformer,dl,STORE0011,SKU0025,381.18150901794434,27.22725064413888,14,459.0,0.3443668672981345,1.4827408902664687,11.290313720703123,13.803236603887967,0.1548040718294696
transformer,dl,STORE0003,SKU0096,1010.7594680786133,72.1971048627581,14,947.0,0.3440488031824388,1.9766412806251985,23.27244404384068,29.31549698196823,0.0966652907438993
transformer,dl,STORE0006,SKU0058,1435.2440795898438,102.51743425641742,14,1505.0,0.3436793989517364,0.36429190996165,36.94553538731167,48.03070881339447,-0.0383160309142052
transformer,dl,STORE0008,SKU0056,341.46542739868164,24.390387671334402,14,385.0,0.3436279693207183,0.4492518777672343,9.449769156319755,14.56622671176946,0.0400523396281452
transformer,dl,STORE0002,SKU0073,126.09806823730469,9.007004874093193,14,114.0,0.3430515757778235,0.3842983294589636,2.7934199741908485,3.165342648644036,0.203107800400048
transformer,dl,STORE0010,SKU0089,585.3490753173828,41.81064823695591,14,507.0,0.3425142487595538,1.384320896439302,12.403908865792411,17.940958697247492,0.2027277147041035
transformer,dl,STORE0013,SKU0099,760.120361328125,54.2943115234375,14,747.0,0.3414854894839775,0.6275289500750304,18.220690046037948,21.38123417838937,0.1536274901036437
transformer,dl,STORE0011,SKU0043,577.8042907714844,41.27173505510603,14,803.0,0.3411516115941562,0.878573068388788,19.56748172215053,24.97120299881049,0.1336917568411061
transformer,dl,STORE0001,SKU0061,1436.6135559082031,102.61525399344308,14,1251.0,0.3411384295883605,0.5288528665231488,30.483155386788503,37.871126072332416,0.1752688791349732
transformer,dl,STORE0001,SKU0101,241.98294830322266,17.284496307373047,14,287.0,0.3410353444594539,0.5197322183280519,6.9912245614188055,8.103725442295692,-0.0154993941144245
transformer,dl,STORE0003,SKU0088,272.9087371826172,19.4934812273298,14,242.0,0.3408339949678783,0.9678619094274764,5.8915590558733255,8.732306060999557,0.1820377948855565
transformer,dl,STORE0003,SKU0015,147.7966766357422,10.556905473981585,14,118.0,0.3404877226231462,0.3840614648050773,2.8698250906808034,3.1687948234066003,0.3008495266154661
transformer,dl,STORE0003,SKU0041,778.5548095703125,55.611057826450896,14,1210.0,0.3402880581942472,0.4626030466225849,29.41061074393136,40.22628465375024,0.091874568718524
transformer,dl,STORE0011,SKU0062,274.89330673217773,19.635236195155553,14,249.0,0.3398485451817034,0.611047043588638,6.044449125017438,7.219047861996807,0.1349997003394437
transformer,dl,STORE0010,SKU0015,168.5510139465332,12.039358139038086,14,141.0,0.3396687338538203,0.529239210888058,3.4209493909563338,4.285769024580737,0.2370886024853861
transformer,dl,STORE0001,SKU0015,202.7403907775879,14.481456484113421,14,160.0,0.3391956806182861,0.5238086443392987,3.876522064208984,4.84829396782532,0.3112596988677978
transformer,dl,STORE0008,SKU0090,322.6779556274414,23.0484254019601,14,344.0,0.338617812755496,0.3948355218573725,8.320323399135045,9.554541455471362,-0.0341788225395735
transformer,dl,STORE0002,SKU0019,193.46232986450195,13.818737847464424,14,198.0,0.338297988429214,0.4855347210099235,4.7845001220703125,5.548217800215068,0.1496155864060527
transformer,dl,STORE0001,SKU0081,1066.6469192504883,76.18906566074916,14,1013.0,0.3379783969287929,1.2335332834631605,24.4551511492048,31.05609625899334,0.0721705475305404
transformer,dl,STORE0006,SKU0038,1213.2103271484375,86.65788051060268,14,1642.0,0.337894718481475,0.4486341496423839,39.630223410470144,45.41095745884255,-0.0102280211361549
transformer,dl,STORE0003,SKU0021,588.9115600585938,42.065111432756694,14,560.0,0.3374134676797049,1.1935929663753515,13.496538707188195,17.31095512016763,0.0711594922201974
transformer,dl,STORE0007,SKU0086,108.48209381103516,7.748720986502511,14,129.0,0.3367988231570221,0.363512103331944,3.10336058480399,4.116106854764857,-0.0210786863814952
transformer,dl,STORE0007,SKU0018,942.1405906677246,67.29575647626605,14,935.0,0.3365538979596633,0.4371968228595888,22.476992470877512,24.66088367269747,0.0269525782947234
transformer,dl,STORE0010,SKU0048,736.6332511901855,52.61666079929897,14,882.0,0.3364015782501151,1.0858815492915406,21.193299429757253,28.17983494254304,0.2398483380168473
transformer,dl,STORE0001,SKU0051,1036.303207397461,74.02165767124721,14,924.0,0.3363545157692649,0.95466861721074,22.199398040771484,26.712258802571803,0.1551019825460591
transformer,dl,STORE0003,SKU0026,964.2173538208008,68.87266813005719,14,1101.0,0.3358602497818034,0.5160986568683905,26.413009643554688,31.537849567353767,0.2064816841312585
transformer,dl,STORE0006,SKU0102,1459.9975814819336,104.28554153442383,14,1498.0,0.3356888316502082,0.5194893393241677,35.91870498657227,44.45548515708603,0.2491876935767872
transformer,dl,STORE0001,SKU0007,447.56167793273926,31.968691280909947,14,376.0,0.335583950610871,0.5043345249606918,9.012826102120536,11.093234685562312,0.2127527581884506
transformer,dl,STORE0012,SKU0083,1149.9707107543945,82.14076505388532,14,1138.0,0.3350789383551358,2.491015703659978,27.23713084629604,35.0913423262402,0.0286107323081715
transformer,dl,STORE0011,SKU0083,1333.4064178466797,95.24331556047711,14,1365.0,0.3340650509565304,0.6310883004028859,32.57134246826172,39.066323989988064,-0.0012464027265052
transformer,dl,STORE0006,SKU0069,1180.7140426635742,84.33671733311245,14,1386.0,0.3340552303870175,0.5311767265900412,33.07146780831473,38.53841895384085,0.0736136278204759
transformer,dl,STORE0004,SKU0029,392.646671295166,28.046190806797572,14,525.0,0.3335803585960751,1.5387886169445897,12.50926344735282,14.764455477460295,0.0908276149204799
transformer,dl,STORE0007,SKU0053,357.6351909637451,25.54537078312465,14,352.0,0.3333168463273482,1.3765982350548838,8.380537850516182,11.401737003020326,0.0574888857928189
transformer,dl,STORE0013,SKU0001,785.7334632873535,56.123818806239534,14,745.0,0.3330547153549706,0.4555760230969133,17.72326878138951,20.06320042834009,0.1267665479007183
transformer,dl,STORE0003,SKU0048,608.0518455505371,43.43227468218122,14,898.0,0.3327406859875787,0.5662632611933985,21.34293828691755,31.321467653548364,0.0168041789983057
transformer,dl,STORE0001,SKU0063,776.5626373291016,55.46875980922154,14,904.0,0.3324690540279962,0.6450676183933217,21.468001774379186,30.51384327879945,0.0632544239010431
transformer,dl,STORE0004,SKU0052,860.5888824462891,61.47063446044922,14,857.0,0.3317762216859548,0.4276620542311595,20.309444427490234,24.25683306691689,0.0254200297726216
transformer,dl,STORE0008,SKU0040,284.58231353759766,20.327308109828405,14,505.0,0.3317513720823987,1.154950016285864,11.966745921543666,14.088035442536336,-0.0530940367443726
transformer,dl,STORE0011,SKU0048,861.2124671936035,61.515176228114534,14,1120.0,0.3303461483546666,1.2379264106313586,26.427691868373326,33.69540213416938,0.129851518358503
transformer,dl,STORE0013,SKU0084,219.97638702392578,15.712599073137556,14,191.0,0.3300098798661956,0.8701021367635898,4.502277646745954,6.309005242661341,0.2057224093931507
transformer,dl,STORE0008,SKU0097,1054.240478515625,75.30289132254464,14,1035.0,0.32996761303593,0.4134466694530763,24.394034249441965,33.136761848284486,0.0360123049233846
transformer,dl,STORE0009,SKU0067,540.3943710327148,38.5995979309082,14,473.0,0.3296726702635686,0.6990440312029341,11.138226645333429,13.747673050664478,0.1763273404466173
transformer,dl,STORE0001,SKU0090,324.59729385375977,23.18552098955427,14,320.0,0.3295952796936035,0.9038405876192528,7.533606392996652,10.241071015921298,0.0441390991210937
transformer,dl,STORE0008,SKU0076,487.7973289489746,34.84266635349819,14,476.0,0.3294235117295209,0.8200047190157393,11.200399398803713,13.963977763792055,0.0455905289209189
transformer,dl,STORE0008,SKU0091,286.778865814209,20.484204701014928,14,360.0,0.3290123568640815,1.7288434706354177,8.460317747933525,14.278978521467648,-0.0634135511186387
transformer,dl,STORE0001,SKU0072,584.1155815124512,41.72254153660366,14,490.0,0.328700505470743,0.4656322405576508,11.504517691476003,14.202427558461569,0.2196136163205516
transformer,dl,STORE0012,SKU0001,1331.8244552612305,95.13031823294503,14,1615.0,0.3281280328614793,0.7133362223869962,37.85191236223493,46.48702903029305,-0.1191883476895075
transformer,dl,STORE0013,SKU0037,684.1574821472168,48.86839158194406,14,839.0,0.3274866679285934,0.4650561038890389,19.62580817086356,23.51721218436481,0.1512308495831859
transformer,dl,STORE0005,SKU0026,1347.219467163086,96.22996194022042,14,1544.0,0.3273568375740645,0.4620034486027093,36.10278265816825,43.66943449352526,0.1697047782067808
transformer,dl,STORE0009,SKU0009,759.0910339355469,54.22078813825335,14,705.0,0.3272486747579372,1.2601918591675094,16.47930826459612,22.434546094634523,0.1174992175812416
transformer,dl,STORE0012,SKU0068,543.3718948364258,38.81227820260184,14,534.0,0.3272476124852784,0.3851170926417063,12.482158933367048,15.982624854738908,0.1550255464703849
transformer,dl,STORE0011,SKU0029,386.73516845703125,27.62394060407366,14,540.0,0.3260984773989077,0.5630215880279776,12.578084128243583,16.90902830806919,0.0252281330249927
transformer,dl,STORE0005,SKU0053,501.41888427734375,35.81563459123884,14,455.0,0.3260274614606585,0.2812800745238991,10.5958924974714,13.887444857871674,0.1279885512131911
transformer,dl,STORE0006,SKU0094,953.6213302612305,68.1158093043736,14,987.0,0.3258777529514548,0.7707315223220066,22.97438158307757,28.972767690234484,-0.02079367903349
transformer,dl,STORE0009,SKU0028,1336.707778930664,95.47912706647601,14,1576.0,0.3253708805529599,0.463307760595665,36.62746483939035,44.437861280060034,0.157247877363021
transformer,dl,STORE0011,SKU0082,899.1866264343262,64.22761617388043,14,908.0,0.3249593096157527,0.4517011185335767,21.075932366507395,25.41806784842235,0.0091986761219175
transformer,dl,STORE0004,SKU0035,2258.0440826416016,161.2888630458287,14,2944.0,0.3247887414434682,0.5907336157315503,68.29843248639789,88.7897538207493,-0.0032092229179713
transformer,dl,STORE0012,SKU0005,1013.5908279418945,72.39934485299247,14,1255.0,0.3246404093100255,0.4487579229220876,29.101693834577286,38.96790592800587,-0.0213076709276176
transformer,dl,STORE0012,SKU0100,1127.211669921875,80.51511928013393,14,1159.0,0.3240267183371306,0.7952279154340286,26.824783325195312,31.924899562147548,-0.0222647455460661
transformer,dl,STORE0007,SKU0074,603.7452735900879,43.12466239929199,14,734.0,0.3235658546884313,0.5600963147071545,16.964095524379186,23.39840370362026,0.1041767213909762
transformer,dl,STORE0009,SKU0077,726.8659629821777,51.91899735586984,14,716.0,0.3235133027231227,0.5975600338170134,16.54539462498256,25.26703053570869,0.2198135386632141
transformer,dl,STORE0008,SKU0009,896.4258499145508,64.03041785103935,14,896.0,0.3234644532203674,4.443098362513159,20.70172500610352,25.616340572739183,-0.0069159354482378
transformer,dl,STORE0006,SKU0057,1310.9117965698242,93.63655689784459,14,1481.0,0.3232116390127817,0.3784403898974618,34.19117409842355,40.85896136803477,-0.1040549680721429
transformer,dl,STORE0013,SKU0085,519.445384979248,37.103241784232004,14,573.0,0.3227380815808893,0.4014917321081575,13.209208624703544,17.3202326747801,0.1007648954008678
transformer,dl,STORE0012,SKU0047,826.2764549255371,59.01974678039551,14,1060.0,0.3224404532954378,0.8931459990461661,24.413348606654576,31.636675807550464,0.0735397482818027
transformer,dl,STORE0008,SKU0067,628.1223106384277,44.865879331316265,14,589.0,0.3222984676652529,0.5212639631173652,13.55955696105957,17.84515292158933,0.0906522520936405
transformer,dl,STORE0012,SKU0076,411.7344665527344,29.40960475376674,14,375.0,0.3221639963785807,1.3245990256052291,8.629392760140556,11.180615829140892,0.1315064544677734
transformer,dl,STORE0004,SKU0053,494.8691864013672,35.34779902866909,14,442.0,0.3216175666222206,0.6464797993709085,10.153926031930109,13.241832731212677,0.1488263488355265
transformer,dl,STORE0011,SKU0006,1599.5506591796875,114.25361851283482,14,1683.0,0.32128143763868,2.8759139888257708,38.62261853899275,46.99706141942971,0.1345192631014882
transformer,dl,STORE0011,SKU0044,1078.648536682129,77.04632404872349,14,1262.0,0.3211870510869093,0.7654952687824997,28.95271846226283,39.303634285504046,0.1651344964319098
transformer,dl,STORE0005,SKU0100,1303.2307586669922,93.08791133335659,14,1179.0,0.3211766793831007,0.3976242100853371,27.047664642333984,32.49375579581067,0.1255479380677978
transformer,dl,STORE0008,SKU0081,1053.7959442138672,75.27113887241909,14,857.0,0.3211514841300047,0.9458805016880826,19.659058707101003,25.93640800749571,0.2490516048329018
transformer,dl,STORE0005,SKU0023,1080.4821548461914,77.17729677472796,14,1133.0,0.3199161957137267,0.5062671169938342,25.89036069597517,31.840719118821344,0.0714110587407084
transformer,dl,STORE0007,SKU0006,1123.9724349975586,80.28374535696847,14,1090.0,0.3194107055664062,0.3798381529478219,24.86840493338449,29.83699281543353,0.2297425856284045
transformer,dl,STORE0011,SKU0085,974.8851852416992,69.63465608869281,14,1342.0,0.3193983257083352,0.5419551319225463,30.61661093575614,35.2791418861142,-0.0955105822772098
transformer,dl,STORE0005,SKU0009,900.9990158081055,64.35707255772182,14,903.0,0.3192302285634798,0.6353119836806497,20.590349742344447,28.539991175979228,0.0138709447444607
transformer,dl,STORE0002,SKU0011,247.71651077270508,17.69403648376465,14,251.0,0.3188884400751485,0.5071725145829326,5.71721417563302,6.693620677721369,0.1031341020804477
transformer,dl,STORE0004,SKU0077,843.0069198608398,60.21477999005999,14,944.0,0.3181685391118971,1.3144873229347638,21.45365006583077,33.09490645410854,0.0616220498489121
transformer,dl,STORE0013,SKU0013,648.977970123291,46.355569294520784,14,796.0,0.3179595698064296,0.6123588404213273,18.078272683279856,20.23672282656655,0.0463211788004966
transformer,dl,STORE0010,SKU0040,234.39776992797852,16.742697851998464,14,367.0,0.3176121308952976,2.710661035881597,8.325975145612444,11.802641508911805,0.0576258563215791
transformer,dl,STORE0002,SKU0071,358.8310375213623,25.63078839438302,14,316.0,0.3172175793708125,1.1704596530093527,7.160053934369769,9.708887334606484,0.1692308655268029
transformer,dl,STORE0003,SKU0030,413.8894672393799,29.56353337424142,14,558.0,0.3171063289847425,0.3926279566688074,12.638952255249023,14.826071390709105,0.0425467337331463
transformer,dl,STORE0002,SKU0098,454.0504093170166,32.43217209407261,14,446.0,0.3168566408713302,0.436702679309216,10.094147273472377,12.046724455272251,0.1225262458014381
transformer,dl,STORE0003,SKU0084,283.5463562011719,20.253311157226562,14,303.0,0.3161937978008006,0.3936292467148337,6.843337195260184,7.7378250434162,-0.0325745812343685
transformer,dl,STORE0005,SKU0080,1190.5438766479492,85.03884833199638,14,1197.0,0.315930786387763,0.5850207795223453,27.012082236153734,32.60491202106309,0.0698897346617683
transformer,dl,STORE0005,SKU0070,1593.8658981323242,113.84756415230888,14,1516.0,0.3153748726152807,3.5366523864165904,34.15059334891183,48.42289587675122,0.0606529417012801
transformer,dl,STORE0011,SKU0053,487.1081657409668,34.79344041006906,14,465.0,0.3151126820554015,1.4144672570571923,10.46624265398298,13.210886238017116,0.068589848344044
transformer,dl,STORE0004,SKU0015,204.44102478027344,14.602930341448102,14,176.0,0.3148275505412709,0.6054382502086578,3.957832063947405,5.278582233594648,0.2010369084098122
transformer,dl,STORE0003,SKU0075,374.73118782043457,26.766513415745326,14,386.0,0.3146196721131319,0.3882989783142277,8.674513816833496,10.066806217849242,0.0005350903525871
transformer,dl,STORE0013,SKU0063,395.8325138092041,28.27375098637172,14,400.0,0.3145087575912476,0.719031340525674,8.985964502607073,12.089902590046863,0.2375765085220336
transformer,dl,STORE0010,SKU0087,404.6756935119629,28.90540667942592,14,348.0,0.3144139695441585,0.3976951317768776,7.815432957240513,9.4450610839875,0.2037828708517139
transformer,dl,STORE0001,SKU0017,1529.8488082885742,109.27491487775531,14,1767.0,0.3142673814101076,0.3600819898053711,39.66503306797573,51.59027555839876,-0.076424802165957
transformer,dl,STORE0010,SKU0078,390.223575592041,27.873112542288645,14,444.0,0.3138639432889921,0.3732181346614941,9.953970772879464,12.397376073730513,-0.0938023318041552
transformer,dl,STORE0001,SKU0011,332.6259765625,23.758998325892858,14,335.0,0.3135252539791278,0.4823726455866962,7.502211434500558,8.89117523116566,0.1232474939147038
transformer,dl,STORE0003,SKU0016,283.0866355895996,20.220473970685685,14,283.0,0.3134629953876401,0.3492937488745005,6.336430549621582,6.921360554057081,0.1531656824657858
transformer,dl,STORE0012,SKU0054,1070.9187622070312,76.49419730050224,14,1213.0,0.3134096968006911,0.348632938398448,27.15471158708845,34.91999486034256,0.0817373893718923
transformer,dl,STORE0011,SKU0097,1032.8709411621094,73.77649579729352,14,1139.0,0.3131522696932959,0.4124842230820872,25.477173941476003,30.121617486655165,-0.0845363975303857
transformer,dl,STORE0007,SKU0102,1040.807014465332,74.34335817609515,14,1147.0,0.313110943555624,0.7061663014169979,25.652732304164346,32.43725485055618,0.1554568955039811
transformer,dl,STORE0010,SKU0013,1079.5887069702148,77.11347906930106,14,1626.0,0.3130446336659411,0.4314185742084372,36.35789816720145,45.93923109043342,-0.113183466124212
transformer,dl,STORE0011,SKU0041,1099.461051940918,78.53293228149414,14,1678.0,0.3129695351274419,0.645154490156485,37.5116342817034,45.83989505001368,0.0865151197322077
transformer,dl,STORE0007,SKU0029,292.5995216369629,20.899965831211635,14,356.0,0.3120600078882796,0.5049278399507812,7.935240200587681,9.75209293223894,0.2009357870294806
transformer,dl,STORE0007,SKU0088,281.60905838012695,20.114932741437638,14,252.0,0.3116772666810051,0.4095599218358077,5.610190800258091,6.887311936648187,0.1670171646844773
transformer,dl,STORE0003,SKU0093,772.3667755126953,55.16905539376395,14,800.0,0.3116489458084106,0.406602157001886,17.808511189052037,22.567410289511,-0.0091708707809448
transformer,dl,STORE0001,SKU0021,864.0103950500488,61.71502821786063,14,843.0,0.3113139685362683,0.2632584498571165,18.745548248291016,25.5689475052579,0.020170879250885
transformer,dl,STORE0001,SKU0049,754.6128883361816,53.90092059544155,14,707.0,0.3112432595864043,0.8620314779162814,15.71778460911342,21.606575056520946,0.0845210279062748
transformer,dl,STORE0004,SKU0050,273.5748825073242,19.541063036237443,14,248.0,0.3108016906246062,0.9636903279352268,5.50562994820731,7.369458289578,0.1404493085799678
transformer,dl,STORE0005,SKU0038,1223.5799865722656,87.39857046944755,14,1625.0,0.3104202880859375,0.489948582670605,36.03092629568918,43.72811731924303,-0.0031650954026442
transformer,dl,STORE0010,SKU0094,804.5697975158691,57.46927125113351,14,835.0,0.3103599365599855,0.6709879321179788,18.51075335911342,26.83749778505028,-0.0135452773042781
transformer,dl,STORE0013,SKU0015,116.84506225585938,8.346075875418526,14,98.0,0.3103156187096421,0.3598829029368705,2.1722093309674944,2.5238506525119777,0.2658575797567562
transformer,dl,STORE0003,SKU0066,330.0011291503906,23.571509225027903,14,303.0,0.3102443682478599,0.5741812706940694,6.714574541364398,8.683787707693364,0.166948652110084
transformer,dl,STORE0007,SKU0065,607.8597526550293,43.41855376107352,14,707.0,0.3095533864670123,0.3035083717151451,15.632446016584124,20.470961270746088,0.0648914806576395
transformer,dl,STORE0003,SKU0009,622.6158409118652,44.47256006513323,14,642.0,0.3094840777625919,0.3439197843750677,14.192055565970284,19.89435947344858,-0.0055691074359453
transformer,dl,STORE0005,SKU0054,1232.443130493164,88.03165217808315,14,1421.0,0.3090476962900934,7.252173073838156,31.368341173444477,41.78181868954756,0.0655512907067123
transformer,dl,STORE0007,SKU0094,672.6718635559082,48.04799025399344,14,607.0,0.3081456519037338,0.4269609717941728,13.3603150503976,15.73099969644156,0.1464238048974528
transformer,dl,STORE0001,SKU0078,468.1737594604492,33.440982818603516,14,466.0,0.3080683532190937,1.028764612611692,10.25427518572126,12.9620897950795,0.0267941388961071
transformer,dl,STORE0005,SKU0082,931.7244682312012,66.55174773080009,14,911.0,0.307925851363382,0.3586493836341007,20.037175042288645,22.794664959101432,0.0365258686890586
transformer,dl,STORE0006,SKU0072,583.637092590332,41.68836375645229,14,483.0,0.3072986405335104,0.527038382222283,10.60180309840611,14.351912604100724,0.2323498222398461
transformer,dl,STORE0005,SKU0010,574.5232009887695,41.037371499197825,14,531.0,0.3067568690987854,1.1716816871945412,11.63484982081822,14.661888996296168,0.1590680986249963
transformer,dl,STORE0005,SKU0077,844.1411247253418,60.2957946232387,14,853.0,0.3062828126574177,0.7069288292898291,18.66137422834124,22.59869414500572,0.1799860839128214
transformer,dl,STORE0006,SKU0036,535.4797897338867,38.248556409563335,14,661.0,0.3061683008421929,0.758735918552326,14.455517632620678,18.19466452420442,0.249600437874152
transformer,dl,STORE0007,SKU0087,359.97192001342773,25.712280000959122,14,315.0,0.3060382782466828,0.5683757329206053,6.885861260550363,8.554633458687766,0.1884913489932105
transformer,dl,STORE0002,SKU0079,881.915412902832,62.993958064488005,14,829.0,0.3060203708699299,0.683750573213268,18.120777675083705,22.458494098851187,0.0867675578781146
transformer,dl,STORE0001,SKU0068,642.4403686523438,45.888597760881694,14,625.0,0.3058625122070312,0.6349550328509671,13.654576437813896,17.085922166655973,0.16722802734375
transformer,dl,STORE0010,SKU0021,717.4817886352539,51.24869918823242,14,697.0,0.3057758763667672,0.4599304613261463,15.223270416259766,19.26495924050379,0.0420062203318351
transformer,dl,STORE0004,SKU0066,442.7425899505615,31.624470710754395,14,424.0,0.3054987304615524,0.3282490547213284,9.252247265407018,13.134139803169232,0.1221470158055143
transformer,dl,STORE0005,SKU0003,346.7432174682617,24.767372676304408,14,327.0,0.3046458766365634,0.3851789984699504,7.115657261439732,8.244572942388297,0.067292822974902
transformer,dl,STORE0010,SKU0042,131.00371551513672,9.357408251081194,14,195.0,0.3042709546211438,0.3920516160091368,4.238059725080218,5.215763692718871,-0.0477274381197415
transformer,dl,STORE0012,SKU0037,1152.9427642822266,82.35305459158761,14,1387.0,0.3035145754769455,0.6261360174319952,30.069622584751677,40.89839146882714,0.1446910877406554
transformer,dl,STORE0005,SKU0055,230.12228393554688,16.437305995396205,14,213.0,0.3029578482041336,1.3236827114555187,4.609287261962891,6.23180457584233,0.1243630351035248
transformer,dl,STORE0007,SKU0056,257.3889350891113,18.384923934936523,14,279.0,0.3027626229016157,0.58456988774833,6.033626556396484,7.352678962323216,0.0737236733932221
transformer,dl,STORE0002,SKU0028,1086.6221237182617,77.61586597987584,14,1333.0,0.3027129005151678,0.3462871535749481,28.82259259905134,32.04111223891322,0.1134129472004231
transformer,dl,STORE0004,SKU0099,1460.170066833496,104.29786191667829,14,1429.0,0.3026416743861119,0.6552667361362546,30.891068049839564,39.86394649922156,0.1655776635844696
transformer,dl,STORE0001,SKU0001,1536.4048461914062,109.74320329938617,14,1457.0,0.3025997897575551,0.5147959391685837,31.4919924054827,40.19666114909933,0.1181679793065266
transformer,dl,STORE0008,SKU0003,340.7550239562988,24.339644568307058,14,339.0,0.3024790490974718,0.348813783081327,7.324314117431641,9.843839392405805,0.0009120389775189
transformer,dl,STORE0004,SKU0001,1535.2418975830078,109.66013554164341,14,1663.0,0.3024337181325283,0.7759527436943218,35.924805232456755,44.96078387648758,-0.0175132590894303
transformer,dl,STORE0011,SKU0079,1242.152732849121,88.72519520350865,14,1376.0,0.3014942158100216,0.3384617698636477,29.63257435389928,32.94736023945135,-0.0965330933415612
transformer,dl,STORE0008,SKU0060,917.7531089782715,65.55379349844796,14,906.0,0.3014940005001379,0.5517472195490601,19.510968889508927,25.28498705757429,0.0265969535372904
transformer,dl,STORE0010,SKU0019,224.27890014648438,16.019921439034597,14,253.0,0.3009878844611729,0.2716777835809899,5.439281054905483,6.772067196003621,0.0483575979240327
transformer,dl,STORE0009,SKU0049,648.6379241943359,46.33128029959543,14,539.0,0.3006694914016299,0.3628814035510667,11.57577541896275,13.108035840300923,0.2350175323203233
transformer,dl,STORE0010,SKU0085,842.876407623291,60.20545768737793,14,1155.0,0.3005299357624797,1.1023719244183368,24.793719700404576,32.697907391473954,-0.0892429038043662
transformer,dl,STORE0008,SKU0092,1441.856185913086,102.98972756522042,14,1494.0,0.3004033600629732,0.5703805376086877,32.057329995291575,38.92374627455316,-0.0214110991083474
transformer,dl,STORE0012,SKU0008,325.0116424560547,23.21511731828962,14,336.0,0.3001982598077683,0.3771285738570876,7.20475823538644,8.44239801752346,-0.0161984761555989
transformer,dl,STORE0011,SKU0027,1527.6463928222656,109.11759948730469,14,2117.0,0.3001483670371176,1.0584945835139907,45.38672092982701,70.66464447484883,0.1336669633565333
transformer,dl,STORE0010,SKU0058,1218.0565643310547,87.00404030936105,14,1183.0,0.3000236311305506,0.3890028609313334,25.35199683053153,31.79034958019729,0.0511313959993957
transformer,dl,STORE0003,SKU0040,200.42840194702148,14.31631442478725,14,308.0,0.299947435205633,0.4040259720726051,6.598843574523926,7.528169100449998,0.0721205364574085
transformer,dl,STORE0002,SKU0032,632.7086563110352,45.19347545078823,14,777.0,0.2997803510079206,0.6993454771885138,16.63780948093959,22.019204694515672,0.171772170097518
transformer,dl,STORE0012,SKU0014,756.8688163757324,54.06205831255232,14,766.0,0.2994017289761775,0.3547104954677537,16.38155174255371,18.24298393820897,-0.0159008285084218
transformer,dl,STORE0006,SKU0055,228.5484390258789,16.324888501848495,14,230.0,0.2993194248365319,0.4475585569249542,4.917390550885882,6.339125415499316,0.0241837542989979
transformer,dl,STORE0009,SKU0086,122.79974746704102,8.771410533360072,14,145.0,0.2992926235856681,0.3333417444419821,3.099816458565848,4.17513055719933,-0.0318647187331627
transformer,dl,STORE0012,SKU0088,319.74526596069336,22.838947568620956,14,320.0,0.2992904663085937,0.2164622680132542,6.840924944196429,9.660610363917424,0.0304184675216675
transformer,dl,STORE0002,SKU0089,494.8903617858887,35.34931155613491,14,503.0,0.2989462592729754,1.4530308034999384,10.74071202959333,13.392578647155124,0.04807194279392
transformer,dl,STORE0001,SKU0077,845.7435607910156,60.4102543422154,14,871.0,0.2989386461084937,0.7168038169671125,18.598254340035574,27.61265078569996,0.1441406398908963
transformer,dl,STORE0005,SKU0022,1487.1623916625977,106.22588511875698,14,1380.0,0.298386792169101,0.5500331845593252,29.41241237095424,37.19255762490999,0.1028801074926404
transformer,dl,STORE0004,SKU0058,1421.6551361083984,101.54679543631417,14,1361.0,0.2983708490263794,0.4117658810532087,29.005908966064453,36.54670480583568,0.0612303308491142
transformer,dl,STORE0011,SKU0021,829.6520004272461,59.260857173374724,14,795.0,0.2981571557386866,0.2284754081321742,16.931067058018275,21.75683485182829,0.0531152641248403
transformer,dl,STORE0007,SKU0073,123.48272705078125,8.820194789341517,14,119.0,0.2980552481002166,0.3636327777578728,2.5334696088518416,2.8598449713086107,0.1291774461249343
transformer,dl,STORE0009,SKU0039,172.92443466186523,12.351745332990374,14,227.0,0.2977248372485459,0.7482891405095333,4.827395575387137,6.498108830538901,0.0436730909977715
transformer,dl,STORE0001,SKU0087,485.0660629272461,34.647575923374724,14,438.0,0.2968967298394468,0.6946900813627893,9.288626262119838,11.89304581740358,0.1376828319950191
transformer,dl,STORE0012,SKU0057,1122.239158630371,80.15993990216937,14,1032.0,0.2968653375788253,0.3289673568923704,21.883216312953405,24.307639404033,0.1080811448799547
transformer,dl,STORE0002,SKU0082,656.1027488708496,46.86448206220354,14,632.0,0.2967471171029006,0.4779159944512586,13.396012714930944,16.089665295069505,0.0629507439045966
transformer,dl,STORE0002,SKU0078,349.4713306427002,24.962237903050013,14,287.0,0.2966175145803844,0.4632056502615643,6.080659048897879,8.037145150470645,0.2633476656073061
transformer,dl,STORE0006,SKU0088,371.6794013977051,26.54852867126465,14,402.0,0.2964989154493038,0.3609119595419016,8.513754572187151,10.732788462539906,-0.0465436954403397
transformer,dl,STORE0013,SKU0061,726.6765518188477,51.90546798706055,14,679.0,0.296402550586369,1.0825740327215028,14.375523703438896,20.784530503293727,0.0894951799305619
transformer,dl,STORE0003,SKU0042,115.75858688354492,8.26847049168178,14,176.0,0.2960179935802113,1.2559409189969946,3.721369062151228,5.110469435156795,-0.0564345879988236
transformer,dl,STORE0010,SKU0060,799.2605285644531,57.09003775460379,14,801.0,0.2959066812465253,0.5024776377014701,16.93008940560477,20.905303397762363,0.0115688433510236
transformer,dl,STORE0009,SKU0046,1041.733772277832,74.40955516270229,14,1328.0,0.2957775276827525,0.3648805933874587,28.05661119733538,37.3733703446382,0.1983092894037086
transformer,dl,STORE0006,SKU0097,1062.9183502197266,75.92273930140904,14,1148.0,0.295605622932886,0.2309282728022368,24.239661080496653,31.264002157391108,-0.0629798676494106
transformer,dl,STORE0002,SKU0056,257.56310272216797,18.397364480154856,14,305.0,0.295440592531298,0.2893651635621678,6.436384337288993,10.01617069986479,-0.014207152069592
transformer,dl,STORE0009,SKU0072,505.3475227355957,36.09625162397112,14,452.0,0.2953115564531984,0.6064440615938256,9.53434453691755,12.869103368335525,0.1479014759570096
transformer,dl,STORE0002,SKU0012,478.3774223327637,34.16981588091169,14,745.0,0.2949721061143299,0.3461969389308404,15.696729932512556,24.021224998250467,-0.0730575459115457
transformer,dl,STORE0012,SKU0074,737.6532211303711,52.68951579502651,14,1015.0,0.2949362017251,0.4224685097699868,21.382874625069757,25.2489931095814,-0.0500735428532943
transformer,dl,STORE0008,SKU0086,141.35721588134766,10.096943991524833,14,156.0,0.2949190873366136,0.2609906884893637,3.286241258893694,4.280440917731403,0.0416138477814503
transformer,dl,STORE0007,SKU0009,630.3145294189453,45.022466387067524,14,700.0,0.2947639792306082,0.3117864369109807,14.738198961530411,17.23356914024816,-0.083250994001116
transformer,dl,STORE0008,SKU0062,272.1146240234375,19.436758858816965,14,294.0,0.294717399441466,0.923259562394504,6.189065388270786,7.936843166161019,-0.0487304609649035
transformer,dl,STORE0006,SKU0066,446.5422248840332,31.89587320600237,14,537.0,0.2946453307594001,0.3148631240040375,11.301753044128418,13.675750949137068,-0.1124642761059979
transformer,dl,STORE0005,SKU0028,1567.4540939331055,111.96100670950753,14,2042.0,0.2946349993041633,0.6361379503562306,42.97461918422154,53.54269846094707,0.0078125672522534
transformer,dl,STORE0011,SKU0095,452.04846572875977,32.28917612348284,14,484.0,0.2946182085462838,0.3486022456967735,10.185372352600098,11.959480689717456,-0.0389175060366796
transformer,dl,STORE0011,SKU0001,1529.1491317749023,109.22493798392159,14,1706.0,0.2946133362031067,0.4097998792154248,35.90073939732143,39.493645315542814,-0.0356757643633682
transformer,dl,STORE0006,SKU0099,1462.7377395629883,104.48126711164203,14,1474.0,0.294399007851589,1.4001351863320743,30.99600982666016,45.78033716889403,0.1307490334581973
transformer,dl,STORE0002,SKU0006,1120.862159729004,80.06158283778599,14,1359.0,0.2940394027519086,0.3428969360483456,28.54282488141741,35.55601609480464,-0.0288282763528157
transformer,dl,STORE0006,SKU0065,868.234058380127,62.01671845572336,14,954.0,0.2938382930475711,0.3199694146822845,20.02298082624163,27.19872219920236,0.1050892715933938
transformer,dl,STORE0011,SKU0094,941.8611183166504,67.27579416547503,14,891.0,0.2937261964603171,0.3755866846051542,18.69357436043876,23.73198635943016,0.0742364020727566
transformer,dl,STORE0007,SKU0098,451.2345790863037,32.231041363307405,14,477.0,0.2937075536955827,0.3430361685461772,10.00703593662807,13.349106722678007,0.0484726623919025
transformer,dl,STORE0007,SKU0012,481.68896102905273,34.40635435921805,14,644.0,0.2935546495899651,0.4077774516057699,13.503513881138392,16.78844754018343,0.074956810992697
transformer,dl,STORE0013,SKU0086,66.19871139526367,4.728479385375977,14,87.0,0.2933034348761898,0.4135761475076481,1.822671345302037,2.2490817804497034,0.0287754891932695
transformer,dl,STORE0003,SKU0047,688.1518440246582,49.15370314461844,14,927.0,0.2931027088350462,0.4209439071184975,19.40758650643485,22.927059465371464,0.0265649797589776
transformer,dl,STORE0009,SKU0098,542.2274322509766,38.73053087506975,14,617.0,0.2924928649704499,0.373456721790959,12.890578406197683,19.777304102264036,-0.0320290452657294
transformer,dl,STORE0010,SKU0005,1005.2364654541016,71.80260467529297,14,1302.0,0.2921701305289788,0.3604262864590241,27.171822139195037,33.04669225652485,-0.051907980313865
transformer,dl,STORE0009,SKU0044,961.6560516357422,68.68971797398159,14,1174.0,0.291773891936372,1.0360626762618808,24.46732493809291,32.82031911530016,0.1319453679723268
transformer,dl,STORE0001,SKU0074,858.8145141601562,61.34389386858259,14,1048.0,0.2914930554746671,0.4258915820654126,21.820337295532227,29.478353011988784,0.0839179999955737
transformer,dl,STORE0010,SKU0059,312.99996185302734,22.357140132359095,14,367.0,0.2913086394847901,0.2840417751842168,7.636447906494141,9.558936845714,-0.1249338092855926
transformer,dl,STORE0002,SKU0024,601.8211097717285,42.987222126552034,14,589.0,0.2910860187938541,0.4074203893557744,12.246404647827148,14.38120016041637,0.0408906208031853
transformer,dl,STORE0001,SKU0031,689.8458709716797,49.27470506940569,14,947.0,0.2910202654765047,0.7885976632620653,19.685442243303573,26.637218560500656,0.180087596083644
transformer,dl,STORE0003,SKU0045,596.6647033691406,42.61890738351004,14,859.0,0.2907341367568348,4.323304921135991,17.83861596243722,25.633644745939097,0.1835476450092995
transformer,dl,STORE0003,SKU0095,339.63155364990234,24.259396689278738,14,342.0,0.2906857763814647,0.3136994608553753,7.101038251604352,8.126143702374161,0.0237456873843544
transformer,dl,STORE0006,SKU0003,341.52336502075195,24.394526072910853,14,297.0,0.2902741095032354,0.5645517749597753,6.157957894461496,8.431924496514762,0.1544715290519123
transformer,dl,STORE0006,SKU0011,336.4286346435547,24.030616760253906,14,360.0,0.2902570830451118,0.4058521661874019,7.46375356401716,8.871176627386081,0.0523534880744086
transformer,dl,STORE0005,SKU0085,992.9149932861328,70.92249952043805,14,1371.0,0.2900514053133263,0.6044546228959853,28.404319763183597,41.65379920331524,-0.0992697751235127
transformer,dl,STORE0012,SKU0081,920.6956520080566,65.76397514343262,14,967.0,0.2898035651032409,0.3972833372384836,20.01714624677385,24.02832580641793,-0.0311446993649314
transformer,dl,STORE0007,SKU0058,1029.292381286621,73.52088437761579,14,1027.0,0.2897408623774304,0.32756984158789,21.254561832972936,25.64717674329821,0.0234577583825576
transformer,dl,STORE0004,SKU0072,582.4345741271973,41.60246958051409,14,588.0,0.2897052959519989,0.3072069648069221,12.167622429983956,14.968266445029718,0.0141642758635436
transformer,dl,STORE0006,SKU0042,168.314453125,12.0224609375,14,248.0,0.289629582435854,1.3855129777108095,5.130581174577985,6.685107582045027,-0.0615985778070264
transformer,dl,STORE0008,SKU0089,684.7041664123535,48.90744045802525,14,751.0,0.2894295896893334,0.3193232930621936,15.525830132620674,17.132814740694776,-0.0699620913570317
transformer,dl,STORE0008,SKU0014,888.4135589599609,63.45811135428293,14,903.0,0.2893871801636147,0.2865068235240847,18.665473120553152,27.368157429960352,-0.0298958585111801
transformer,dl,STORE0010,SKU0067,527.9874649047852,37.7133903503418,14,463.0,0.2893058991071729,0.5716330113033166,9.567759377615792,12.781398192397033,0.168207172698645
transformer,dl,STORE0006,SKU0001,1537.6549224853516,109.8324944632394,14,1469.0,0.289290000339038,0.3770712386037572,30.354786464146205,36.50184408709186,0.1243441525245702
transformer,dl,STORE0005,SKU0088,377.2405586242676,26.945754187447683,14,353.0,0.2892464916023924,0.6158335387181378,7.293143681117466,9.6813464903669,0.1015367156723065
transformer,dl,STORE0011,SKU0072,575.2064170837402,41.08617264883859,14,561.0,0.2891655648243406,0.3950999329157799,11.587277276175362,13.89007757358358,0.0478158702612348
transformer,dl,STORE0006,SKU0028,1563.263816833496,111.66170120239258,14,1773.0,0.2889632361122127,0.6183020601475392,36.59512983049665,50.406290336811885,0.1880232740510874
transformer,dl,STORE0007,SKU0083,947.6882743835449,67.69201959882464,14,888.0,0.2883507754351642,0.3465049667859075,18.28967775617327,21.951640663091244,0.0938837291958095
transformer,dl,STORE0011,SKU0056,339.27210235595703,24.233721596854075,14,400.0,0.2876486492156982,0.5005990340099511,8.218532834734235,9.579631386875304,-0.0200330638885498
transformer,dl,STORE0012,SKU0020,663.5594902038574,47.39710644313267,14,770.0,0.2875632149832589,0.3243923220189508,15.81597682407924,21.377454397348256,-0.1303891764058695
transformer,dl,STORE0010,SKU0084,328.0465202331543,23.431894302368164,14,331.0,0.2875326450497722,0.2376423984650606,6.798093250819615,8.76573887725821,0.0180736553272811
transformer,dl,STORE0007,SKU0013,885.8569374084473,63.275495529174805,14,1056.0,0.2867114507790768,0.4024570429957978,21.626235144478933,30.905542805759826,0.0972878391092473
transformer,dl,STORE0010,SKU0074,722.6933135986328,51.62095097133091,14,952.0,0.2865288598196847,0.4272787509781647,19.48396246773856,23.797197967024,0.0045532579181575
transformer,dl,STORE0002,SKU0039,160.08478546142578,11.434627532958984,14,173.0,0.2863781658900266,1.3572282462558385,3.538815907069615,5.489689694802118,0.217419420363586
transformer,dl,STORE0004,SKU0054,1218.2985229492188,87.02132306780133,14,1285.0,0.2860450774315266,0.4254347885940926,26.254851749965123,32.04677194967703,0.1878054192094023
transformer,dl,STORE0001,SKU0041,1105.6910705566406,78.97793361118862,14,1714.0,0.2860417048878264,0.4588443508829328,35.0196772984096,43.65047456106786,0.0435723268025953
transformer,dl,STORE0006,SKU0087,480.2770004272461,34.30550003051758,14,391.0,0.2859942638660636,0.4642518680073732,7.9874112265450625,10.726675601404988,0.2625138363265016
transformer,dl,STORE0009,SKU0089,592.7077178955078,42.336265563964844,14,533.0,0.2859193540648269,3.531537166221742,10.885358265468051,15.734492861724595,0.1659260261349562
transformer,dl,STORE0007,SKU0022,1038.3639450073242,74.16885321480888,14,1142.0,0.2854851624176506,0.2859576168977952,23.287432534354075,28.957298312027344,-0.0653587581814901
transformer,dl,STORE0005,SKU0033,1231.4407196044922,87.96005140032086,14,1527.0,0.2851509938617899,0.3437147390727119,31.101826259068083,36.22875478564809,0.163056659011491
transformer,dl,STORE0012,SKU0096,1255.2283401489258,89.65916715349469,14,1219.0,0.2845604249548971,0.541272433887736,24.77708271571568,36.402347223022026,0.0477392871033666
transformer,dl,STORE0010,SKU0065,729.5118370056152,52.107988357543945,14,882.0,0.2845280575914448,0.3797117074164443,17.92526762826102,22.515238294590503,0.0065220207854463
transformer,dl,STORE0009,SKU0071,427.63928031921387,30.545662879943848,14,412.0,0.2844955759141052,0.5154084358846469,8.37229837690081,10.313662780395209,0.0689595694680815
transformer,dl,STORE0005,SKU0034,1840.4633026123047,131.4616644723075,14,2695.0,0.2842187318819573,0.3746145471328113,54.71210588727679,61.1508646192104,-0.0370870331886305
transformer,dl,STORE0010,SKU0080,991.4833068847656,70.82023620605469,14,1122.0,0.2839906933898382,0.1951379330717123,22.759825570242747,32.659016757244586,-0.0492966459821677
transformer,dl,STORE0002,SKU0064,1007.2946472167969,71.94961765834263,14,1120.0,0.2838578019823347,0.3007489615309606,22.708624158586776,28.251090369529003,-0.0841809340885707
transformer,dl,STORE0005,SKU0083,1342.9871444702148,95.92765317644391,14,1247.0,0.2837532245357608,0.3521376073328502,25.274305071149552,30.529006399076103,0.0965571644407515
transformer,dl,STORE0009,SKU0083,1154.3770599365234,82.45550428118024,14,1146.0,0.283599693737729,0.9433386945036168,23.21466064453125,28.135914476218417,0.0232983867119328
transformer,dl,STORE0011,SKU0028,1505.1245956420898,107.5088996887207,14,2051.0,0.2835705337264025,0.4145049028713082,41.54308319091797,50.93065341214394,0.0220562708430148
transformer,dl,STORE0013,SKU0056,189.69271087646484,13.549479348318917,14,205.0,0.2832789723466082,0.3383745240633602,4.148013523646763,4.881338026794309,0.0796695244021532
transformer,dl,STORE0004,SKU0021,853.9746437072754,60.99818883623396,14,958.0,0.2825923234784279,0.8140671005704824,19.33738899230957,24.25074022263522,-0.0976636285323937
transformer,dl,STORE0004,SKU0056,342.8519802093506,24.489427157810756,14,437.0,0.2825736213876126,0.3216585037538641,8.820333753313337,10.431988217196256,-0.0849179370452392
transformer,dl,STORE0009,SKU0005,1009.0401916503906,72.07429940359933,14,1252.0,0.2824870831669329,0.5566615017573546,25.262416294642858,29.369166601545952,-0.002138850787958
transformer,dl,STORE0010,SKU0032,779.3580284118652,55.668430600847515,14,1108.0,0.2824062526441223,0.3381481568348799,22.350437709263392,24.609662758969687,0.0691663693865283
transformer,dl,STORE0006,SKU0023,1084.0032577514648,77.42880412510463,14,1272.0,0.2823759534823819,0.5218640532392913,25.655872344970703,33.699192716983696,-0.0344267371315626
transformer,dl,STORE0004,SKU0071,501.76899337768555,35.84064238412039,14,421.0,0.2822488707771211,0.4086846341154416,8.48762675694057,10.561133482377338,0.2230774976861732
transformer,dl,STORE0010,SKU0083,1144.0605697631836,81.71861212594169,14,1272.0,0.2821989239386792,1.051776882313794,25.639787946428573,32.25828683405964,-0.0877870043868538
transformer,dl,STORE0010,SKU0054,1037.2685470581055,74.09061050415039,14,1116.0,0.2821200039224385,0.4050852158584143,22.488994598388672,34.59332150380536,0.1461121548888503
transformer,dl,STORE0004,SKU0087,481.583927154541,34.398851939610076,14,478.0,0.2818144155845482,0.54917931075818,9.621949332101003,12.532905782661343,0.0351767120999771
transformer,dl,STORE0007,SKU0038,857.6282272338867,61.259159088134766,14,1185.0,0.281749876642026,0.4051731008040638,23.848114558628627,28.209043497662588,0.0316492330172896
transformer,dl,STORE0002,SKU0040,210.3884391784668,15.027745655604772,14,312.0,0.2816438797192696,0.3789493414684205,6.276635033743722,6.941377491971011,0.1096074886811084
transformer,dl,STORE0009,SKU0038,1042.864860534668,74.49034718104771,14,1253.0,0.2815675910529572,0.3833998247109069,25.20029939923967,28.82886428498147,0.140356887366804
transformer,dl,STORE0006,SKU0037,1362.9571228027344,97.35408020019531,14,1684.0,0.281342336514217,0.4071091121181158,33.84146390642439,39.85360363136516,0.0888737612835302
transformer,dl,STORE0013,SKU0041,555.4856338500977,39.67754527500698,14,779.0,0.2812790534003555,0.4456952654587015,15.651170185634069,20.03879259665077,0.2145180120700743
transformer,dl,STORE0010,SKU0029,326.32546615600586,23.308961868286133,14,400.0,0.2812600660324096,1.2946420443522633,8.036001886640276,10.932813331835447,0.1919560003280639
transformer,dl,STORE0005,SKU0087,486.73400115966797,34.76671436854771,14,436.0,0.2812160701926695,0.4059411750063155,8.757871900285993,10.50789935948524,0.1486185056353927
transformer,dl,STORE0004,SKU0003,339.8695755004883,24.276398250034877,14,392.0,0.2811983361536143,0.3130915855615345,7.8735534123012,9.175880415059376,-0.1270718963778749
transformer,dl,STORE0012,SKU0077,727.5207405090332,51.965767179216655,14,784.0,0.2809335260975117,0.4269039444797974,15.732277461460658,22.685985890192224,0.0992230882450025
transformer,dl,STORE0001,SKU0042,167.88497924804688,11.991784232003349,14,244.0,0.2808746900714812,0.3316107787025453,4.895244598388672,5.78537838963666,-0.0409896100153688
transformer,dl,STORE0012,SKU0016,332.2355422973633,23.731110164097377,14,394.0,0.2808651609469186,0.7767554728551228,7.90434810093471,9.676704853624765,-0.0223963587417215
transformer,dl,STORE0001,SKU0082,917.7472877502441,65.553377696446,14,892.0,0.2807693096554333,0.3468510558397059,17.889016015189036,20.05345802464631,0.0521052792467878
transformer,dl,STORE0009,SKU0041,971.4568405151367,69.38977432250977,14,1453.0,0.2806777166483407,0.7744236793202269,29.13033730643136,46.15914544123889,0.1175967358919315
transformer,dl,STORE0001,SKU0048,892.9878311157227,63.78484507969448,14,1153.0,0.2802537188567189,1.125902027854429,23.080895560128347,31.838523414048964,0.1270371078927932
transformer,dl,STORE0001,SKU0018,1355.2838134765625,96.80598667689732,14,1497.0,0.2800714547584753,0.2677926061588157,29.94764055524553,36.29640062265293,-0.1032962939224803
transformer,dl,STORE0001,SKU0099,1459.6002044677734,104.25715746198382,14,1706.0,0.2798748620090283,0.2087167971492739,34.10475104195731,47.60940688626184,-0.0252514310347097
transformer,dl,STORE0002,SKU0022,1023.9511795043945,73.13936996459961,14,1028.0,0.2796891654047984,0.4083006894054329,20.53717585972377,23.67992720081348,0.0192259257869497
transformer,dl,STORE0009,SKU0084,334.65055084228516,23.90361077444894,14,320.0,0.2796369910240173,0.3640946764537484,6.391702651977539,7.778413679762456,0.0783974051475524
transformer,dl,STORE0012,SKU0080,1013.5230102539062,72.39450073242188,14,1230.0,0.2796319480833968,0.319603823850751,24.567664010184156,31.42919242840908,-0.1194595212858866
transformer,dl,STORE0011,SKU0038,1185.771339416504,84.69795281546456,14,1762.0,0.2793118523414776,0.3233619901734315,35.15339170183454,40.53931190131142,-0.0846270324152796
transformer,dl,STORE0002,SKU0081,749.7921142578125,53.55657958984375,14,766.0,0.2789525462815406,1.4827899479399351,15.262689317975726,20.17219957400177,0.0073064500295773
transformer,dl,STORE0008,SKU0057,1296.979118347168,92.64136559622628,14,1252.0,0.2788081489051112,0.30023918666173,24.93341445922852,30.568278546248308,0.0598325455150665
transformer,dl,STORE0002,SKU0101,182.7963523864746,13.056882313319615,14,200.0,0.2787775993347168,0.4343691103145307,3.982537133353097,4.6834518932709,0.0947113990783691
transformer,dl,STORE0004,SKU0092,1462.9578170776367,104.4969869341169,14,1296.0,0.2787447799870997,0.3168102489316556,25.80380249023437,29.470589721953058,0.1559315905158902
transformer,dl,STORE0003,SKU0058,1021.3565673828125,72.95404052734375,14,1001.0,0.2787441059306904,0.3611229491506229,19.930203574044363,23.58310269734847,0.0375694633125663
transformer,dl,STORE0012,SKU0059,321.92463302612305,22.994616644723074,14,346.0,0.2787392897412956,0.3917134542684597,6.888842446463449,8.210827460937017,-0.0456424558782853
transformer,dl,STORE0009,SKU0037,1161.298210144043,82.94987215314593,14,1292.0,0.2785729978106708,0.4208062013342605,25.70830808367048,33.59702116309634,0.249580188432345
transformer,dl,STORE0011,SKU0030,581.6040496826172,41.543146405901226,14,741.0,0.2783416717158638,0.4704036760468068,14.732227052961075,18.7529282893959,0.0809732300710742
transformer,dl,STORE0001,SKU0053,492.8704414367676,35.20503153119768,14,476.0,0.2782111127837365,0.2959750515932134,9.459177834647042,11.455150622501716,0.0604524692567456
transformer,dl,STORE0006,SKU0025,394.86719512939453,28.20479965209961,14,499.0,0.2781458302346881,1.75131101417856,9.913912091936384,14.73118178009456,0.1236586331843374
transformer,dl,STORE0010,SKU0057,1115.688491821289,79.69203513009208,14,1210.0,0.2776649727309045,0.5238120425773171,23.998186928885325,29.335708343066624,-0.0723360613357922
transformer,dl,STORE0008,SKU0010,564.9127998352051,40.35091427394322,14,525.0,0.2771576654343378,0.3718873522763936,10.393412453787668,12.89016682226054,0.16197509765625
transformer,dl,STORE0011,SKU0051,1034.8366394042969,73.91690281459263,14,1127.0,0.277039989075411,0.3205143825994144,22.301719120570592,27.073410422110346,-0.0669277905360089
transformer,dl,STORE0002,SKU0051,747.8896598815918,53.42068999154227,14,762.0,0.2769307464439412,0.3401268265074121,15.07294491359166,17.674041053802092,0.0075034344290185
transformer,dl,STORE0007,SKU0089,493.46493911743164,35.24749565124512,14,434.0,0.2764213403798468,0.5770908651657508,8.56906155177525,12.258410331368042,0.2222875867571149
transformer,dl,STORE0012,SKU0029,332.3486633300781,23.739190237862722,14,423.0,0.2764168462009295,0.3817415180512006,8.351737567356654,9.830706638022273,0.1440932857792992
transformer,dl,STORE0010,SKU0010,474.1102867126465,33.86502047947475,14,488.0,0.276359995857614,0.3586108735315386,9.63311985560826,12.317205867418808,0.0505351707583568
transformer,dl,STORE0003,SKU0092,1023.3834533691406,73.09881809779576,14,949.0,0.2763087892683087,1.382158442156851,18.72978864397321,24.978744277130826,0.0936975348485659
transformer,dl,STORE0008,SKU0005,1162.1139297485352,83.00813783918109,14,1579.0,0.2762524566747026,0.2999150361220714,31.157330649239675,40.31222123825382,-0.0986635861629319
transformer,dl,STORE0011,SKU0012,674.7699966430664,48.19785690307617,14,988.0,0.276001374248551,0.3226252015612695,19.47781126839774,25.48696353719792,-0.0093969931969275
transformer,dl,STORE0007,SKU0020,548.5826454162598,39.184474672589985,14,561.0,0.2759869689397421,0.3328117067636519,11.059192112513951,13.501447728340096,-0.0111456750335965
transformer,dl,STORE0006,SKU0090,323.0519828796387,23.075141634259904,14,298.0,0.2759727375619363,0.40118848725482,5.874276842389788,7.266963990396793,0.1170736735299129
transformer,dl,STORE0002,SKU0065,610.2119102478027,43.586565017700195,14,692.0,0.2759312150106264,0.3446204270461485,13.63888577052525,18.632911801204315,0.0852615433621268
transformer,dl,STORE0013,SKU0036,286.5652885437012,20.468949181692942,14,382.0,0.2758650355314084,0.635598010233436,7.5271745409284305,9.948222159894522,0.0652218364296159
transformer,dl,STORE0005,SKU0015,205.0438003540039,14.645985739571708,14,198.0,0.2757721139927103,0.4044869024218403,3.900205612182617,4.872011955862853,0.0773826560588798
transformer,dl,STORE0004,SKU0019,269.0930862426758,19.2209347316197,14,297.0,0.2755600643479061,0.3686916313458807,5.8458099365234375,8.213197160255415,0.0700064508200494
transformer,dl,STORE0012,SKU0046,1026.2823944091797,73.3058853149414,14,1369.0,0.2753458629131665,0.3696715114511857,26.92489188058036,31.328094722889663,0.1546733624922959
transformer,dl,STORE0004,SKU0088,372.11584281921387,26.579703058515275,14,340.0,0.275191666098202,0.2095851804454587,6.68322617667062,9.302657944649434,0.1344772002276252
transformer,dl,STORE0005,SKU0066,449.852014541626,32.132286752973286,14,408.0,0.2744834797055113,0.569419455469869,7.999232837132046,10.449316319199845,0.1825822428161022
transformer,dl,STORE0002,SKU0042,128.11774826049805,9.151267732892718,14,178.0,0.2743422904711091,0.6610886107774541,3.4880662645612444,4.779423241010692,0.0026684664608387
transformer,dl,STORE0001,SKU0004,1418.0980834960938,101.29272024972099,14,1418.0,0.2742972757315265,2.5402146099028333,27.78239549909319,36.02929392072007,-0.0005039597095656
transformer,dl,STORE0011,SKU0031,684.7904472351074,48.91360337393625,14,1024.0,0.2741728201508522,0.3257430266609424,20.053783416748047,26.760249177496945,0.1197899356484413
transformer,dl,STORE0008,SKU0012,683.8769798278809,48.84835570199149,14,949.0,0.2740804191886813,0.3336279712802013,18.578736986432755,22.171965343540407,0.0274676774148569
transformer,dl,STORE0001,SKU0006,1596.7912673950195,114.05651909964425,14,1888.0,0.273859371573238,0.3055405696842372,36.93189239501953,47.6644588410487,0.0069576279591705
transformer,dl,STORE0001,SKU0084,388.6997871398926,27.764270509992325,14,388.0,0.2737831676129213,0.548657112948384,7.587704930986677,9.76710309029528,0.0271071945269083
transformer,dl,STORE0003,SKU0067,448.1708278656006,32.012201990400044,14,432.0,0.2735243417598583,0.3106258619813987,8.440179688589915,9.325618687412566,0.0664871754469695
transformer,dl,STORE0008,SKU0008,378.3862838745117,27.027591705322266,14,370.0,0.2730576128573031,0.3043379169367675,7.216522625514439,8.12223436728531,0.0340817477252032
transformer,dl,STORE0008,SKU0074,857.5890655517578,61.25636182512556,14,1162.0,0.2728642613054758,0.4973553002405763,22.64773368835449,30.62488097740078,-0.0240238176565777
transformer,dl,STORE0003,SKU0003,251.96883392333984,17.99777385166713,14,272.0,0.2727725786321303,0.4188516008041426,5.299581527709961,6.303220600439126,-0.0738145183114444
transformer,dl,STORE0008,SKU0049,751.0176887512207,53.64412062508719,14,709.0,0.2726708211750843,0.364166309157958,13.80882944379534,16.39054488353826,0.0868074500510319
transformer,dl,STORE0013,SKU0020,408.92317390441895,29.208798136029923,14,390.0,0.2726017878605769,0.2844712346182654,7.593906947544643,9.22058470625434,0.0583368937174479
transformer,dl,STORE0003,SKU0043,417.2702980041504,29.805021286010742,14,614.0,0.2725529127089907,0.3360194560495436,11.953392028808594,14.448609992582623,0.0574958254537675
transformer,dl,STORE0008,SKU0055,225.2109375,16.086495535714285,14,204.0,0.2725253011666092,0.3372392372534289,3.971082959856306,4.784799576730484,0.1475785199333639
transformer,dl,STORE0004,SKU0095,458.8897018432617,32.777835845947266,14,468.0,0.2725221642062195,0.4932252721171187,9.11002663203648,11.791029778054558,0.0046632351019443
transformer,dl,STORE0012,SKU0058,1241.9428405761719,88.710202898298,14,1174.0,0.2723756949377628,0.5434950912063563,22.840647561209543,29.41591265695418,0.0778600182606373
transformer,dl,STORE0005,SKU0057,1312.3942947387695,93.74244962419782,14,1247.0,0.2722556780315726,0.3869674684580148,24.25020217895508,29.97298541034513,0.0650555657308007
transformer,dl,STORE0006,SKU0006,1590.2401885986328,113.58858489990234,14,1978.0,0.2721178500307583,1.4620540511432376,38.44636481148856,48.705968063642686,-0.0519036774206209
transformer,dl,STORE0002,SKU0018,937.0327987670898,66.93091419764927,14,818.0,0.2719964491417472,1.8578838183133084,15.892363956996371,22.776452597789365,0.1580630911008653
transformer,dl,STORE0007,SKU0028,1095.968605041504,78.28347178867885,14,1380.0,0.2718883016835088,0.4472604147363358,26.80041830880301,33.785825225539995,0.1167920651643172
transformer,dl,STORE0009,SKU0085,860.0450630187988,61.43179021562849,14,1081.0,0.2717657980270456,0.3090580527562025,20.98420197623117,26.93289669121289,-0.0119641292547319
transformer,dl,STORE0012,SKU0034,1575.1408004760742,112.51005717686245,14,2784.0,0.2712752079141551,0.2420708393710069,53.945012773786274,81.43896961221547,-0.1594943287728846
transformer,dl,STORE0006,SKU0085,981.3696212768555,70.09783009120396,14,1393.0,0.2708668376761037,0.6887114938838803,26.951250348772323,33.64876037961267,-0.122013023579112
transformer,dl,STORE0009,SKU0090,275.7151069641113,19.69393621172224,14,249.0,0.2705984766703533,0.2204893765828761,4.812787192208426,7.188911755323583,0.1599375406901041
transformer,dl,STORE0003,SKU0019,187.42699813842773,13.387642724173409,14,186.0,0.2704666711950815,0.4056287233623543,3.5933429173060825,5.147447459735633,0.1839307969616305
transformer,dl,STORE0013,SKU0040,145.2710418701172,10.376502990722656,14,243.0,0.2704069035534014,0.3391088762190292,4.69349125453404,6.051721084832481,0.019388175305025
transformer,dl,STORE0006,SKU0040,282.2432670593262,20.160233361380442,14,537.0,0.2704008233835799,0.3134146702386362,10.37180301121303,13.0671227602515,-0.1276232401529947
transformer,dl,STORE0011,SKU0019,265.5741958618164,18.969585418701172,14,287.0,0.2701697532308226,0.4590286230093538,5.538479941231864,6.876105291492789,0.076387172792016
transformer,dl,STORE0012,SKU0070,1365.8395462036133,97.55996758597237,14,1370.0,0.2701501776702212,0.3109944088574654,26.436124529157365,29.87399819741168,0.0167158586265396
transformer,dl,STORE0013,SKU0087,272.68640899658203,19.477600642613,14,267.0,0.2698652717504608,0.3312352481836899,5.146716254098075,5.695505150170455,0.072970086715641
transformer,dl,STORE0011,SKU0073,164.48461151123047,11.748900822230748,14,184.0,0.2696441774782927,0.1815118169956585,3.5438949040004184,4.981511307928513,-0.0605553544085958
transformer,dl,STORE0006,SKU0044,1107.209114074707,79.0863652910505,14,1507.0,0.2695422308604766,0.291302036005082,29.014295850481307,37.64697377178007,-0.0146136419932891
transformer,dl,STORE0009,SKU0061,1253.7390213012695,89.55278723580497,14,1390.0,0.2694742710470296,0.349384364152156,26.754945482526505,32.008153760713725,-0.0873747955980918
transformer,dl,STORE0007,SKU0076,352.72229194641113,25.194449424743652,14,358.0,0.2693273768078681,0.3307694507970433,6.8870857783726285,8.056002985499383,0.0213437746356985
transformer,dl,STORE0008,SKU0093,1119.716651916504,79.97976085117885,14,1165.0,0.2688529870029171,0.3167191185241629,22.37240927559989,26.56009037671056,-0.0349475516781786
transformer,dl,STORE0004,SKU0064,1405.4441833496094,100.38887023925781,14,1440.0,0.2687896463606092,0.2989333257866076,27.646935054234092,35.27435256883736,-0.0115165551503499
transformer,dl,STORE0003,SKU0035,1616.4365310668945,115.4597522190639,14,2221.0,0.2686546837516005,0.40585752715665,42.62014661516462,50.43981270751,-0.0562590865711004
transformer,dl,STORE0007,SKU0031,510.8902130126953,36.49215807233538,14,763.0,0.2685372388847221,0.3727472535837436,14.635279519217354,17.21126772297889,0.0488454636240067
transformer,dl,STORE0001,SKU0027,1542.3075866699219,110.16482761928013,14,2752.0,0.2685249794361203,0.2986542083984325,52.78433881487165,69.2060584023353,-0.1421626889428427
transformer,dl,STORE0011,SKU0002,1007.3207473754883,71.95148195539203,14,963.0,0.2684310485269421,0.351518027692775,18.46422140938895,22.60511884917625,0.0417891964857947
transformer,dl,STORE0007,SKU0085,706.6300811767578,50.473577226911274,14,893.0,0.2684021978602564,0.3126634032011042,17.12022590637207,21.967618399358628,-0.0146467159736864
transformer,dl,STORE0004,SKU0075,512.1444664001465,36.581747600010466,14,539.0,0.2682706730264016,0.4167204842206947,10.328420911516462,14.207720162476017,-0.0288382195807122
transformer,dl,STORE0003,SKU0065,600.6384086608887,42.90274347577776,14,770.0,0.2681473372818587,0.3614760141643137,14.748103550502233,20.858398133660792,-0.036010861087155
transformer,dl,STORE0001,SKU0014,887.1894683837891,63.37067631312779,14,909.0,0.267599254813787,0.3158010759365552,17.37483733040946,21.4911475469178,-0.0200138700546079
transformer,dl,STORE0003,SKU0020,539.5706520080566,38.54076085771833,14,512.0,0.2675947919487953,0.3830330290545412,9.786323819841655,12.2424906224372,0.0802510902285575
transformer,dl,STORE0013,SKU0039,104.8392448425293,7.488517488752093,14,149.0,0.2675226966806706,0.3115697091897911,2.84720584324428,3.2904571079255858,0.0540016993580248
transformer,dl,STORE0010,SKU0043,497.8219795227051,35.558712823050364,14,744.0,0.2674673603427026,0.3621914634624211,14.213979721069336,16.396292767713103,0.0729194815440844
transformer,dl,STORE0011,SKU0074,847.085750579834,60.506125041416716,14,1107.0,0.2672251500626782,0.3327799123732915,21.12987436567034,24.220193932954334,0.0176718866060527
transformer,dl,STORE0003,SKU0004,995.3091812133789,71.09351294381278,14,911.0,0.2671906757040683,0.309402808176245,17.386478969029017,21.487338463947847,0.1099236296769947
transformer,dl,STORE0011,SKU0089,672.9207077026367,48.06576483590262,14,668.0,0.2665637239010748,0.407426142061757,12.718897683279854,18.106187304903575,0.0359093100724819
transformer,dl,STORE0012,SKU0092,1258.5511093139648,89.89650780814034,14,1293.0,0.2663497334750973,1.6372333588686456,24.599300384521484,33.588130993813586,-0.0090934535098094
transformer,dl,STORE0012,SKU0028,1317.4875259399414,94.10625185285296,14,1723.0,0.2661395656875725,0.2832810608609656,32.754176548549104,40.33757327680707,0.0402964516150972
transformer,dl,STORE0001,SKU0073,167.92773818969727,11.994838442121234,14,163.0,0.2659480557119919,0.3318091310341072,3.096395220075334,3.6114774207782423,0.0906270501072421
transformer,dl,STORE0004,SKU0020,768.3475303649902,54.88196645464216,14,826.0,0.2658852630319664,1.9873334542681995,15.687230518886022,19.25886322730411,-0.0604981567900059
transformer,dl,STORE0004,SKU0008,379.92087173461914,27.137205123901367,14,363.0,0.2657241768745023,0.4884143345121934,6.8898483003888815,9.527642095636486,0.0680161836061924
transformer,dl,STORE0010,SKU0012,574.5423011779785,41.038735798427034,14,874.0,0.2656764242141688,0.5051517157363768,16.585799625941686,19.67865085205999,-0.053019778952173
transformer,dl,STORE0010,SKU0046,1004.1308364868164,71.72363117762974,14,1367.0,0.2656166952896397,0.5565724889642553,25.93557303292411,32.64705090235078,0.1479206657270139
transformer,dl,STORE0011,SKU0034,1904.6125030517578,136.0437502179827,14,2864.0,0.2655997569334573,0.3103213083140824,54.33412170410156,61.532770463200414,-0.0617988629048097
transformer,dl,STORE0010,SKU0088,313.2430076599121,22.37450054713658,14,348.0,0.2654075622558594,0.3484370628402372,6.597273690359933,7.808678885407413,-0.0707728068033854
transformer,dl,STORE0010,SKU0064,1216.5590286254883,86.89707347324916,14,1232.0,0.2653774224318467,0.3713904603797038,23.353213174002512,29.85931800710327,0.0025073893658526
transformer,dl,STORE0009,SKU0018,1165.9798965454102,83.28427832467216,14,1416.0,0.2652258576646363,0.2567265639875927,26.825701032366077,30.57555707114282,-0.1754525394762976
transformer,dl,STORE0011,SKU0086,141.9600601196289,10.140004294259208,14,173.0,0.2651076785401802,0.2690175358195671,3.275973456246512,4.549440142649249,-0.0987803067775131
transformer,dl,STORE0007,SKU0096,1022.6953430175781,73.04966735839844,14,1130.0,0.265086790101718,0.3570008039282227,21.39629091535296,25.92080023382158,-0.0702212375877177
transformer,dl,STORE0008,SKU0088,372.97459983825684,26.641042845589773,14,350.0,0.2648429489135742,0.3440592537271904,6.621073722839355,7.932650651476949,0.0984581266130719
transformer,dl,STORE0010,SKU0053,412.59058570861816,29.470756122044154,14,445.0,0.2644517705681619,0.2724249910427804,8.40578842163086,9.591927526684612,-0.0392870785145277
transformer,dl,STORE0012,SKU0072,503.3170852661133,35.95122037615095,14,546.0,0.2644460140130458,0.3587929800689566,10.313394546508787,11.89128975411224,-0.0581313122759808
transformer,dl,STORE0005,SKU0074,858.699405670166,61.335671833583284,14,1170.0,0.2641787993602263,0.303797209162099,22.07779966081892,27.112556332440946,-0.0249518109183025
transformer,dl,STORE0009,SKU0034,1562.5146865844727,111.60819189889091,14,2219.0,0.2640743040726925,0.303707678880901,41.85577719552176,47.38403004342709,0.0496933375354713
transformer,dl,STORE0005,SKU0056,347.00229263305664,24.785878045218332,14,455.0,0.2636170816945505,0.3273342512095948,8.567555155072894,11.873579638425554,-0.1068394881028395
transformer,dl,STORE0007,SKU0026,975.8546600341797,69.7039042881557,14,1113.0,0.2634894001730262,0.3689171448170424,20.94740731375558,28.073685819985613,0.1790052141462053
transformer,dl,STORE0008,SKU0018,1339.417579650879,95.67268426077706,14,1262.0,0.2632721539722569,0.3122109925226838,23.73210416521345,28.899939240052284,0.0624663569092184
transformer,dl,STORE0011,SKU0017,1521.1748809814453,108.6553486415318,14,1642.0,0.2632248073489599,0.2928664398663207,30.8725095476423,37.43965670067984,-0.0044363488814136
transformer,dl,STORE0007,SKU0078,348.1686553955078,24.8691896711077,14,338.0,0.2631365251258986,0.4488813359128953,6.352867535182408,8.960888847754578,0.07203937846528
transformer,dl,STORE0013,SKU0024,433.19776344299316,30.942697388785227,14,496.0,0.2630751132965088,0.2669450112391359,9.320375442504885,11.737207962313867,-0.1087052206839284
transformer,dl,STORE0001,SKU0045,857.4985046386719,61.24989318847656,14,1258.0,0.2630699473079324,0.3572632917385719,23.63871383666992,29.827502072369885,0.1317310727457553
transformer,dl,STORE0009,SKU0024,729.3242568969727,52.09458977835519,14,724.0,0.2630203310297339,0.2949213737455085,13.601908547537668,16.21243659724548,0.0220122995956168
transformer,dl,STORE0004,SKU0065,858.0105018615723,61.286464418683735,14,1077.0,0.2626116016781097,0.2462061059938043,20.202335357666016,33.78587126000592,-0.0296050614522581
transformer,dl,STORE0002,SKU0070,1127.1637954711914,80.51169967651367,14,1187.0,0.2623317753856887,0.2701994954304205,22.241986955915177,29.963540981726588,-0.0248518496274747
transformer,dl,STORE0004,SKU0070,1566.5241622924805,111.89458302089146,14,1545.0,0.2619390049412798,0.4162649944049084,28.90684018816267,36.97211409530352,0.0283200211509531
transformer,dl,STORE0001,SKU0010,573.689811706543,40.977843693324495,14,595.0,0.2615936728084788,2.8729459119562457,11.117731094360352,15.517364087916889,0.0317566623206899
transformer,dl,STORE0006,SKU0035,2336.059127807617,166.86136627197266,14,3647.0,0.2615610451642082,0.2347537546825599,68.13665226527623,90.18801824972724,-0.2031416311177744
transformer,dl,STORE0004,SKU0013,1288.445068359375,92.03179059709821,14,1577.0,0.2615503324461497,0.217637504981398,29.46177673339844,38.26200020230848,0.0826263040701044
transformer,dl,STORE0005,SKU0089,705.7402496337891,50.410017830984934,14,749.0,0.2611178409591695,0.2998253679077975,13.96980449131557,16.754127380107565,-0.043022084458966
transformer,dl,STORE0008,SKU0082,919.0211982727051,65.64437130519322,14,1036.0,0.2610194452941187,0.273948372233068,19.315438951764783,22.893785436943663,-0.0975974093993198
transformer,dl,STORE0006,SKU0096,1463.6909866333008,104.54935618809291,14,1601.0,0.260765895331226,0.352668040041961,29.820442744663783,34.27048574690968,-0.0735697272715905
transformer,dl,STORE0002,SKU0088,283.83875274658203,20.27419662475586,14,317.0,0.2605982037372769,0.2696770431739533,5.900687898908343,7.09609503083283,-0.0667271779538705
transformer,dl,STORE0005,SKU0004,1416.1326217651367,101.1523301260812,14,1459.0,0.2605013621842069,0.2856074311128571,27.14796338762556,34.68260482434508,-0.0194247103946677
transformer,dl,STORE0002,SKU0044,776.844108581543,55.48886489868164,14,974.0,0.2603288764091977,0.5086652689025105,18.111451830182755,22.51560964828534,0.1052553071133654
transformer,dl,STORE0004,SKU0018,1346.6476745605469,96.18911961146763,14,1410.0,0.2602399136157746,0.2737463169032973,26.20987701416016,33.72863375602583,-0.0480763753255208
transformer,dl,STORE0004,SKU0101,246.29828643798828,17.592734745570592,14,279.0,0.2602294457001498,0.2865684973966919,5.186001096452985,6.7417474070400045,0.0264352641225288
transformer,dl,STORE0012,SKU0039,171.60530471801758,12.257521765572685,14,229.0,0.2602004171979479,0.3447748120721748,4.256135395595005,5.487124415457667,-0.0100532931531881
transformer,dl,STORE0011,SKU0037,1330.532585144043,95.03804179600307,14,1945.0,0.2600338658820694,0.3316623384075617,36.126133510044646,43.683944103790175,-0.0651923564528438
transformer,dl,STORE0009,SKU0102,1280.169418334961,91.44067273821149,14,1685.0,0.2599079935770007,0.2617911060712237,31.28178351266044,39.57157828511919,-0.0365665922532803
transformer,dl,STORE0008,SKU0022,1480.8419647216797,105.77442605154855,14,1449.0,0.2598882902894372,0.3274554042589166,26.89843804495675,30.94783920120046,0.0437800510740839
transformer,dl,STORE0005,SKU0071,506.45849609375,36.175606863839285,14,460.0,0.2597811906234077,0.4616004202938591,8.53566769191197,11.008191104541895,0.1363591981970746
transformer,dl,STORE0012,SKU0017,1338.3047714233398,95.59319795881,14,1482.0,0.259427424545391,0.4373045281368131,27.46224594116211,32.70163385189748,-0.0294779058088336
transformer,dl,STORE0011,SKU0052,852.2149963378906,60.87249973842076,14,860.0,0.2593359215314998,0.4183249783999053,15.930635179792132,23.38608811241985,0.0135678934496502
transformer,dl,STORE0013,SKU0031,353.61975479125977,25.258553913661412,14,543.0,0.2590607841590052,0.299740961541632,10.047857557024274,11.48676724741926,0.0411929838345634
transformer,dl,STORE0007,SKU0079,880.1929016113281,62.87092154366629,14,993.0,0.2588862162702393,0.2614596557289857,18.362429482596266,20.94693530073578,-0.099244854361389
transformer,dl,STORE0009,SKU0062,236.7117042541504,16.907978875296457,14,252.0,0.2583812834724547,0.1917857702156537,4.650863102504185,6.440177382025916,-0.0257548680381169
transformer,dl,STORE0011,SKU0065,842.0391807556152,60.14565576825823,14,1013.0,0.2582992711872127,0.3211255874993092,18.68979726518904,24.458663347693324,0.0162900037850232
transformer,dl,STORE0005,SKU0031,692.5606842041016,49.46862030029297,14,1061.0,0.2581389748072646,0.3017839934157415,19.56324659075056,23.21546069866814,0.0814045322716629
transformer,dl,STORE0003,SKU0094,668.5032920837402,47.75023514883859,14,641.0,0.2580628476909096,0.4529769416810787,11.81559181213379,15.610697164221763,0.0720162652026101
transformer,dl,STORE0006,SKU0008,381.6160259246826,27.258287566048757,14,381.0,0.2578377861363368,0.4136416220901559,7.016871179853167,8.470826127836101,0.0119865447517455
transformer,dl,STORE0008,SKU0077,852.4970817565918,60.892648696899414,14,960.0,0.257775874932607,0.7765938513166301,17.676059995378765,21.21547682743352,0.0450991113980611
transformer,dl,STORE0007,SKU0082,664.170223236084,47.440730231148855,14,697.0,0.257496936420457,0.3570831819242305,12.819668906075616,18.160479068203795,-0.0281839904347314
transformer,dl,STORE0012,SKU0019,226.04779815673828,16.146271296909877,14,256.0,0.257370613515377,0.3207071242823139,4.70620550428118,5.472252868539831,0.0421775951981544
transformer,dl,STORE0004,SKU0025,387.53820419311523,27.68130029950823,14,450.0,0.2571581522623697,0.3547139231298213,8.265797751290458,10.661394646028532,0.222719980875651
transformer,dl,STORE0010,SKU0035,1911.3105773925781,136.52218409946985,14,2699.0,0.2570812201314433,0.4472227288470922,49.56158665248326,64.95561140473559,-0.0703653601992346
transformer,dl,STORE0011,SKU0022,1490.0859832763672,106.43471309116909,14,1660.0,0.2569224162274096,0.2535213438944365,30.463657924107142,34.88485584285425,-0.0887783464178981
transformer,dl,STORE0009,SKU0076,412.28516578674316,29.448940413338796,14,399.0,0.2568127816183525,0.3815091608107181,7.319164276123047,8.959204471593912,0.0752321592249667
transformer,dl,STORE0008,SKU0028,1552.2014465332031,110.8715318952288,14,2184.0,0.2566155444134723,0.3392447129001725,40.03202492850168,47.21067364406623,-0.059758315592895
transformer,dl,STORE0009,SKU0063,683.1265258789062,48.794751848493306,14,836.0,0.2561043232821962,0.4632530753921875,15.29308673313686,19.32451752338521,0.0217654990237295
transformer,dl,STORE0003,SKU0023,759.0216789245605,54.215834208897185,14,943.0,0.2560708985475315,0.2955114102304784,17.24820409502302,21.16265518880229,-0.0922605569137621
transformer,dl,STORE0013,SKU0014,456.7483615875244,32.624882970537456,14,483.0,0.2553532049522636,0.3089856331634423,8.809685570853096,10.49629293346798,-0.0510764191116112
transformer,dl,STORE0012,SKU0030,504.73803329467773,36.05271666390555,14,750.0,0.254967529296875,0.2836938977293559,13.65897478376116,17.461377351743927,-0.0525361124674479
transformer,dl,STORE0010,SKU0086,118.4746208190918,8.462472915649414,14,146.0,0.2545862851077563,0.2369512680518429,2.654971258980887,3.59119236251094,-0.1037204428894879
transformer,dl,STORE0004,SKU0017,1533.3406982421875,109.52433558872768,14,1849.0,0.2541686780650014,0.2373407301214987,33.56842041015625,42.53227406061334,-0.1124745725360414
transformer,dl,STORE0002,SKU0059,282.5376625061035,20.181261607578822,14,273.0,0.2540398901635474,0.8442075173854694,4.953777858189175,6.982570993728138,0.0614795335483201
transformer,dl,STORE0009,SKU0051,909.5552978515625,64.96823556082589,14,894.0,0.2538639725721389,0.3955843918422166,16.21102796282087,20.90434349503272,0.0349682204141979
transformer,dl,STORE0004,SKU0026,1377.432960510254,98.38806860787528,14,1729.0,0.2536472918464656,0.3717593067154286,31.325440543038503,38.31889203003525,0.0547737134819847
transformer,dl,STORE0009,SKU0030,504.6526527404785,36.046618052891326,14,587.0,0.2535524644478013,0.3570947508061305,10.631092616489957,13.762199902165424,0.2152939882554634
transformer,dl,STORE0006,SKU0020,774.7311592102051,55.33793994358608,14,812.0,0.253377670137753,0.3187483387389553,14.695904867989675,16.881399582770054,-0.0352524160751568
transformer,dl,STORE0009,SKU0068,548.5495529174805,39.182110922677175,14,556.0,0.2529301197408772,0.3771679542893559,10.044939041137695,12.242383619334207,0.1270349283012554
transformer,dl,STORE0004,SKU0098,621.6319694519043,44.40228353227888,14,620.0,0.2523823584279706,0.4238726996086383,11.176933016095845,13.808952559300089,0.0929089023220924
transformer,dl,STORE0003,SKU0071,353.0360679626465,25.216861997331893,14,347.0,0.2523473470286608,0.2827494112604545,6.254609244210379,6.882587666057919,0.0457454428549115
transformer,dl,STORE0012,SKU0066,384.66496086120605,27.47606863294329,14,381.0,0.2522071678181646,0.4752011912751936,6.863637924194336,9.43370908951762,0.0814997555389804
transformer,dl,STORE0009,SKU0064,1240.3797073364258,88.59855052403041,14,1341.0,0.2521683638172306,0.31459252396707,24.154126848493306,28.06697866180375,-0.0640818164208146
transformer,dl,STORE0011,SKU0064,1431.4200057983398,102.24428612845284,14,1470.0,0.2520915855355815,0.2732053003982003,26.46961648123605,31.00638442394509,-0.0198288898078763
transformer,dl,STORE0009,SKU0017,1322.881202697754,94.49151447841099,14,1593.0,0.2520091553117521,0.2366821681106245,28.67504174368722,37.23664770591463,-0.1128554550716881
transformer,dl,STORE0005,SKU0058,1453.0586547851562,103.78990391322544,14,1467.0,0.2519939035156915,0.3004773990855058,26.40536117553711,30.543200948423586,-0.0049027987053058
transformer,dl,STORE0002,SKU0083,950.2558898925781,67.87542070661273,14,884.0,0.2517248990848593,0.2983212577891277,15.8946293422154,18.038168593285484,0.0974072935354655
transformer,dl,STORE0001,SKU0036,542.7727661132812,38.769483293805806,14,751.0,0.2515278395895317,0.2999114639673751,13.492671966552734,15.272695352673257,0.1146406130530386
transformer,dl,STORE0004,SKU0027,1537.6877517700195,109.83483941214425,14,2403.0,0.2512268434699952,0.28882152426353,43.12129320417132,56.83802744152822,0.0198784049133732
transformer,dl,STORE0010,SKU0037,1156.5266189575195,82.6090442112514,14,1785.0,0.2511826886516325,0.2520944111405484,32.02579280308315,37.61452422808439,-0.1140309651692708
transformer,dl,STORE0010,SKU0099,1222.4967956542969,87.32119968959263,14,1273.0,0.2510180357208612,0.4070320277310419,22.824711390904017,27.510281489972897,0.103430868599795
transformer,dl,STORE0013,SKU0080,603.107967376709,43.079140526907786,14,743.0,0.250722507769455,0.2579790949520863,13.306201662336075,16.04974506722326,-0.1191608280063798
transformer,dl,STORE0003,SKU0054,869.6547508239746,62.11819648742676,14,1121.0,0.2504720424138255,0.4216070909132136,20.05565425327846,31.089153689180144,-0.0421659893270691
transformer,dl,STORE0009,SKU0088,318.9478950500488,22.781992503574916,14,297.0,0.2504395892724445,0.2964800910689576,5.312897000994002,6.400171645079827,0.1253337282122988
transformer,dl,STORE0002,SKU0075,386.9540214538574,27.639572960989817,14,387.0,0.2504347177746992,0.2682678555466262,6.922731127057757,7.837272791987123,0.0300912783127422
transformer,dl,STORE0002,SKU0034,1251.2459259033203,89.3747089930943,14,1962.0,0.2500520486471971,0.2646702741990815,35.043008531842915,40.95192365889744,-0.0502569177221206
transformer,dl,STORE0003,SKU0073,114.85993194580078,8.204280853271484,14,120.0,0.2499096870422363,0.2763878685338905,2.142083031790597,2.557997607117098,0.0581260363260904
transformer,dl,STORE0006,SKU0077,852.5361366271973,60.89543833051409,14,1121.0,0.2498743531961296,0.2643420284126531,20.007796423775808,23.32674802773212,-0.094956005821262
transformer,dl,STORE0009,SKU0096,1246.0906219482422,89.00647299630302,14,1393.0,0.2498298310925442,0.3249160423248955,24.858068193708142,28.702931169358315,-0.088013352546774
transformer,dl,STORE0012,SKU0099,1253.5889587402344,89.54206848144531,14,1401.0,0.2496326563615274,0.6375897722954847,24.981096540178573,31.85553732759433,0.0134364365680484
transformer,dl,STORE0010,SKU0011,281.5914535522461,20.113675253731863,14,330.0,0.2496041962594697,0.2547696031114159,5.883527483258929,7.358943134957445,-0.0377140391956676
transformer,dl,STORE0005,SKU0005,1192.827621459961,85.20197296142578,14,1269.0,0.2492337839353544,0.3051121456534901,22.59126227242606,29.953976524371978,0.1422983144004106
transformer,dl,STORE0008,SKU0048,871.9735984802246,62.28382846287319,14,1241.0,0.2491064263773387,0.2991271817042016,22.081505366734092,26.14999270809438,0.01137361979888
transformer,dl,STORE0011,SKU0061,1436.8298721313477,102.63070515223912,14,1435.0,0.2489676658284788,0.351185945821018,25.519185747419083,35.107519021615374,0.0135786422038327
transformer,dl,STORE0001,SKU0070,1579.4111633300781,112.81508309500558,14,1701.0,0.2488574387395052,0.8454235649262862,30.23617880684989,41.21776525886562,-0.0595633962587494
transformer,dl,STORE0011,SKU0101,241.00591659545898,17.21470832824707,14,290.0,0.248764524788692,0.2585684559619886,5.152979442051479,6.675345109709889,-0.0460075509959253
transformer,dl,STORE0008,SKU0102,1474.6954040527344,105.33538600376674,14,1650.0,0.2485016747676965,0.3239072269142186,29.287697383335654,37.49040313350638,0.1230443919788707
transformer,dl,STORE0004,SKU0038,1204.4443588256836,86.03173991612026,14,1901.0,0.2484547646656467,0.2962957141232712,33.736607687813894,43.06000658284005,-0.1374712908412205
transformer,dl,STORE0012,SKU0089,587.7604217529297,41.982887268066406,14,590.0,0.2484398599398338,0.2564223459571005,10.469965526035852,12.799751751755467,0.0217679363186076
transformer,dl,STORE0001,SKU0067,626.9976043701172,44.78554316929409,14,615.0,0.2483916926190136,0.2840446927945892,10.911492211478096,12.502249346611556,0.0467113153721259
transformer,dl,STORE0006,SKU0019,273.39039611816406,19.52788543701172,14,307.0,0.2483315234852147,0.4803125241719886,5.445555550711496,7.908569856331563,0.0398503157525575
transformer,dl,STORE0006,SKU0050,272.7493019104004,19.482092993600027,14,250.0,0.2482201995849609,0.2789292875624994,4.432503564017159,5.078215636640415,0.1217233428955077
transformer,dl,STORE0005,SKU0076,486.2712860107422,34.73366328648159,14,437.0,0.247956605470426,0.3713329232762415,7.739788327898298,10.582460155000536,0.147583662508827
transformer,dl,STORE0013,SKU0008,202.84283828735352,14.488774163382393,14,179.0,0.2479237391296045,0.3773058809651249,3.1698820931570872,4.445714165752807,0.1860818276858196
transformer,dl,STORE0004,SKU0081,1059.6136627197266,75.68669019426618,14,1199.0,0.2477409865480348,0.2784425774329827,21.21724591936384,27.135843333290705,-0.1091280850497159
transformer,dl,STORE0007,SKU0032,633.255500793457,45.23253577096121,14,940.0,0.247678371185952,0.2398113500937226,16.629833493913925,28.347073957835068,0.0069816386446039
transformer,dl,STORE0005,SKU0035,2166.914260864258,154.7795900617327,14,2860.0,0.24757658951766,0.3090464901735371,50.576360430036274,64.85430929222406,-0.0155084516618635
transformer,dl,STORE0010,SKU0068,540.7648620605469,38.62606157575335,14,623.0,0.2471615896944441,0.262674283957076,10.998690741402765,12.395122012622991,-0.0043727023643628
transformer,dl,STORE0006,SKU0004,1403.9682540893555,100.28344672066825,14,1365.0,0.2469569111918355,0.3815374079366752,24.078298841203964,33.35975235507762,0.0465408101623311
transformer,dl,STORE0007,SKU0046,848.9604721069336,60.64003372192383,14,1422.0,0.2467977413815955,0.2443814231328568,25.06759916033064,32.673264737640444,-0.0578825691748939
transformer,dl,STORE0005,SKU0018,1359.0154113769531,97.07252938406808,14,1259.0,0.2467500415465678,0.4269311165442107,22.18987873622349,27.44353835909408,0.0692363432989506
transformer,dl,STORE0008,SKU0001,1532.2106857299805,109.44362040928432,14,1519.0,0.2467039157247135,0.3018566558888951,26.76737485613142,37.143499599639725,0.072742198469452
transformer,dl,STORE0012,SKU0052,759.1979713439941,54.22842652457101,14,731.0,0.24669793333792,0.2815822895573798,12.881156376429969,15.522522694726716,0.0528782689294149
transformer,dl,STORE0008,SKU0039,205.4540901184082,14.675292151314872,14,321.0,0.2463339927411896,0.2323352214241433,5.648086547851562,6.747306400422355,-0.1461126262153791
transformer,dl,STORE0008,SKU0015,198.80572509765625,14.200408935546875,14,189.0,0.2461478420035548,0.2856804343462916,3.322995867047991,4.073743690605085,0.0879835502180472
transformer,dl,STORE0006,SKU0010,563.8998565673828,40.27856118338449,14,576.0,0.2458282113075256,0.5113194731430218,10.114074979509626,15.431641474855274,0.0483289625909593
transformer,dl,STORE0013,SKU0089,365.3325023651123,26.095178740365164,14,390.0,0.2456872646625225,0.264630050437917,6.844145229884556,7.951621069456547,0.010569953918457
transformer,dl,STORE0003,SKU0051,745.1498947143555,53.22499247959682,14,746.0,0.245543160323483,0.3117030032136084,13.083942685808454,16.02610006432938,0.0203702123810714
transformer,dl,STORE0007,SKU0030,423.7754535675049,30.269675254821777,14,538.0,0.245191113213181,0.2721270886696953,9.422344207763672,11.038064830564776,0.1311549076803555
transformer,dl,STORE0002,SKU0008,275.113338470459,19.650952747889928,14,263.0,0.2451480821964858,0.2829111650310706,4.605281829833984,4.990581293192104,0.0689272572332462
transformer,dl,STORE0008,SKU0065,854.1327362060547,61.00948115757534,14,1094.0,0.2451070091624146,0.2431333195963012,19.153362001691544,24.83770934936055,-0.053703897395997
transformer,dl,STORE0007,SKU0024,603.3124008178711,43.093742915562224,14,611.0,0.2449914336009423,0.30015255887125,10.692126137869698,13.157652667913286,0.0094080548824928
transformer,dl,STORE0006,SKU0054,1215.7090454101562,86.83636038643974,14,1880.0,0.2447304056045857,0.2446569986100339,32.86379732404436,42.96258702226356,-0.1964889323457758
transformer,dl,STORE0009,SKU0092,1243.7869262695312,88.84192330496651,14,1306.0,0.2446457949020596,0.2988868129419104,22.821957724434988,28.65322062798089,-0.0333004202265834
transformer,dl,STORE0012,SKU0056,294.70106506347656,21.05007607596261,14,336.0,0.2445816085452125,0.8372993247300788,5.869958605085101,7.399569856103043,0.018531390598842
transformer,dl,STORE0003,SKU0022,1030.6006927490234,73.61433519635882,14,1056.0,0.2442708665674383,0.3341352798560315,18.42500250680106,22.86542275538396,-0.0006133498567523
transformer,dl,STORE0003,SKU0039,147.61924743652344,10.544231959751674,14,191.0,0.2440937701320149,0.3867894432042734,3.3301364353724887,4.366651917119012,0.0462239450185086
transformer,dl,STORE0003,SKU0089,484.8989486694336,34.63563919067383,14,533.0,0.2437703703402578,0.2852820248191759,9.280686242239817,11.85781521324522,-0.0252377722992458
transformer,dl,STORE0008,SKU0016,386.6293716430664,27.616383688790457,14,488.0,0.2436357599789979,0.2445036513177904,8.492446490696498,10.672982866467384,-0.0627756001519375
transformer,dl,STORE0001,SKU0046,1213.1965026855469,86.65689304896763,14,1677.0,0.2435807175201252,0.385996336073037,29.177490234375,34.55994443539529,0.1157885138023162
transformer,dl,STORE0010,SKU0061,1219.3248901367188,87.09463500976562,14,1199.0,0.2435250238541069,0.2776835005725149,20.85617882864816,23.632152298410503,0.0365678279771717
transformer,dl,STORE0012,SKU0006,1393.7460327148438,99.55328805106026,14,1388.0,0.2433631193397368,0.3941439262982736,24.12771497453962,34.31688819876909,0.1832285394586129
transformer,dl,STORE0012,SKU0071,424.9036617279053,30.350261551993235,14,404.0,0.2433081806296169,0.2808897317758559,7.021178926740374,7.95579882013479,0.0825894233023766
transformer,dl,STORE0003,SKU0063,544.5375595092773,38.895539964948384,14,680.0,0.2433019301470588,0.3297561454794418,11.817522321428571,13.568429003455869,0.0174589605892405
transformer,dl,STORE0011,SKU0059,368.9646854400635,26.354620388575963,14,425.0,0.2430922474580652,0.3000575094425511,7.37958608354841,9.65329521154761,-0.1125152498133042
transformer,dl,STORE0006,SKU0092,1463.0465240478516,104.50332314627511,14,1299.0,0.2428402038057369,0.1827595391758861,22.532101767403734,35.34188612103481,0.1490847768923059
transformer,dl,STORE0010,SKU0096,1215.4613571166992,86.81866836547852,14,1170.0,0.2427685990292802,0.4358327187215319,20.28851863316127,26.0276655040159,0.0686354417067307
transformer,dl,STORE0001,SKU0069,1190.2757263183594,85.01969473702567,14,1641.0,0.2427551576380756,2.000389445038908,28.45437240600586,41.60545830897642,-0.0931017897174098
transformer,dl,STORE0001,SKU0047,986.1026992797852,70.43590709141323,14,1257.0,0.2425411895047888,0.273004515236654,21.77673394339425,25.544623760163404,0.0605448781258546
transformer,dl,STORE0010,SKU0052,740.9941787719727,52.92815562656948,14,721.0,0.2424091915813133,0.376150338993222,12.48407336643764,16.85552573582122,0.0587521948530009
transformer,dl,STORE0005,SKU0079,1257.4094543457031,89.81496102469308,14,1154.0,0.2421689223582038,1.6301616875578329,19.96163831438337,29.70530618863631,0.0970602713176654
transformer,dl,STORE0012,SKU0009,762.3566703796387,54.45404788425991,14,708.0,0.2415237588397527,1.520732510546564,12.214201518467494,19.04892177459998,0.0854758946909069
transformer,dl,STORE0005,SKU0052,882.4201545715332,63.0300110408238,14,866.0,0.2415105101693309,0.3428690818087137,14.93915012904576,19.389988980757327,0.0344374306482751
transformer,dl,STORE0001,SKU0096,1460.206428527832,104.30045918055943,14,1542.0,0.2412411136849845,0.2596094397927321,26.570985521589005,30.121273754892027,-0.035961240182127
transformer,dl,STORE0011,SKU0070,1541.034683227539,110.07390594482422,14,1494.0,0.2410892757226824,0.6387265138644033,25.72766985212053,35.49146488663118,0.0530141705330436
transformer,dl,STORE0008,SKU0061,1442.7078857421875,103.05056326729911,14,1310.0,0.2409860101364951,0.2964461493156887,22.549405234200613,27.20361222108897,0.10933947963569
transformer,dl,STORE0006,SKU0022,1466.827392578125,104.77338518415179,14,1508.0,0.240825056081109,0.5998971538547929,25.940298897879465,35.310186904713746,0.0025590446330508
transformer,dl,STORE0008,SKU0004,1395.4815292358398,99.67725208827427,14,1489.0,0.2405166421023049,0.2870244363729665,25.580662863595144,28.608890219229497,-0.0475426309456194
transformer,dl,STORE0008,SKU0044,1091.6194458007812,77.97281755719867,14,1387.0,0.2403458510703462,0.3077926191712944,23.81140681675502,28.81589237666339,0.0511739520435292
transformer,dl,STORE0006,SKU0075,518.9521751403809,37.0680125100272,14,592.0,0.2401010925705368,0.2502973422028526,10.152846200125555,11.529276983097448,-0.1098974975379737
transformer,dl,STORE0012,SKU0064,1236.542106628418,88.32443618774414,14,1122.0,0.2400735729305927,0.6365653508952634,19.240182059151785,29.565541213548222,0.1202704825715797
transformer,dl,STORE0011,SKU0018,1329.8313674926758,94.98795482090541,14,1152.0,0.2398541569709777,0.3465271292275433,19.736570630754745,26.664451822659498,0.1529103186395433
transformer,dl,STORE0002,SKU0007,320.15514755249023,22.868224825177872,14,321.0,0.2398106940438814,0.2834671353792674,5.4985166277204245,6.195170974528387,0.0198234011451031
transformer,dl,STORE0003,SKU0011,241.51731872558594,17.251237051827566,14,266.0,0.2397110444262511,0.2823741908956635,4.554509844098773,6.837204330043231,0.0202200753348214
transformer,dl,STORE0005,SKU0067,636.2604484558105,45.447174889700754,14,633.0,0.239402192463807,1.121875375482564,10.82439913068499,14.917412273761135,0.0238515483259589
transformer,dl,STORE0002,SKU0001,1066.912696838379,76.20804977416992,14,1087.0,0.2393861716234475,0.3550084738334987,18.586626325334823,25.53804687023287,0.0442911409520181
transformer,dl,STORE0010,SKU0039,165.96339797973633,11.854528427124023,14,237.0,0.2393134555736171,0.2847265411166575,4.0512349264962335,5.287643625578209,-0.0751476529278332
transformer,dl,STORE0008,SKU0085,982.7041091918945,70.1931506565639,14,1368.0,0.2392152987028423,0.2296492449436973,23.37475204467773,32.88113610797368,-0.1079346227367022
transformer,dl,STORE0002,SKU0036,400.72390365600586,28.62313597542899,14,497.0,0.2385424301178162,0.2872238278377525,8.468256269182477,12.10658910666193,0.2060224199199101
transformer,dl,STORE0006,SKU0101,244.32870483398438,17.452050345284597,14,272.0,0.2384691518895766,0.4079112356577372,4.633114950997489,6.004060272618957,0.0380153936498305
transformer,dl,STORE0008,SKU0096,1443.7550201416016,103.12535858154297,14,1339.0,0.2383348437901127,0.327288374318759,22.795025416782924,31.149015224927552,0.1016017580495297
transformer,dl,STORE0009,SKU0055,193.2851333618164,13.806080954415458,14,175.0,0.2381813049316406,0.3975242235577799,2.977266311645508,4.027449689764398,0.1469720241001674
transformer,dl,STORE0007,SKU0093,780.8483543395996,55.77488245282854,14,816.0,0.2380171149384741,0.2837012955265769,13.872997556413925,16.10989899257779,-0.0179629279117958
transformer,dl,STORE0005,SKU0049,759.8738098144531,54.27670070103237,14,789.0,0.2379730911158185,0.8384942389300897,13.411483492170062,17.587586581849393,-0.0159382644866053
transformer,dl,STORE0012,SKU0078,401.3519229888916,28.667994499206543,14,414.0,0.2379627734566656,0.2612392436070059,7.036899157932827,7.778338260817487,-0.0063578518116531
transformer,dl,STORE0002,SKU0020,548.1090087890625,39.150643484933035,14,645.0,0.2379567109337148,0.2268653625998914,10.96300561087472,13.084612314055272,-0.1309704329616339
transformer,dl,STORE0013,SKU0027,756.790153503418,54.056439535958425,14,1226.0,0.2376134166126344,0.2845367592934325,20.80814634050642,28.181067014808814,0.0245220003859253
transformer,dl,STORE0004,SKU0040,283.3321990966797,20.238014221191406,14,515.0,0.2375111589153993,0.3854192973707384,8.73701763153076,10.193691747688291,-0.078028695560196
transformer,dl,STORE0004,SKU0045,852.7672462463379,60.91194616045271,14,1259.0,0.2372967248118236,0.3333757678542564,21.33975546700614,24.678214927212625,0.1387342918099061
transformer,dl,STORE0002,SKU0037,950.8544158935547,67.91817256382534,14,1200.0,0.2371588007609049,0.2689616395683113,20.32789720807757,24.51911986084357,0.1126462046305338
transformer,dl,STORE0011,SKU0066,442.7544918060303,31.625320843287877,14,486.0,0.2370179494222005,0.2565019491619666,8.22790881565639,9.254188662650082,-0.0265611326743545
transformer,dl,STORE0005,SKU0036,526.1811714172363,37.584369386945454,14,706.0,0.2363411198256711,0.3540609062149915,11.918345042637416,15.332778670996705,0.1740756966912374
transformer,dl,STORE0007,SKU0008,275.5622863769531,19.683020455496653,14,282.0,0.2363220647717198,0.4833364246743235,4.760201590401786,6.3253811690504405,-0.0028687335075215
transformer,dl,STORE0011,SKU0096,1442.0690841674805,103.00493458339146,14,1533.0,0.2363153944121259,0.8838487395849838,25.876535688127785,34.482784928010126,-0.0386796666373634
transformer,dl,STORE0009,SKU0006,1378.4925918579102,98.4637565612793,14,1664.0,0.2362375213549687,0.4591690110009483,28.078516823904856,37.88843402213434,-0.0038003142063434
transformer,dl,STORE0002,SKU0041,786.7852401733398,56.198945726667134,14,1295.0,0.2362275878434936,0.3040235280092538,21.85105187552316,26.21009138997213,0.0266040286502322
transformer,dl,STORE0006,SKU0021,841.2028350830078,60.08591679164341,14,755.0,0.2361477933972087,0.305370676527275,12.735113143920898,16.196200898349712,0.1305888447540485
transformer,dl,STORE0011,SKU0014,866.1564254760742,61.86831610543387,14,814.0,0.2355427472538678,0.2735984239782413,13.695128304617745,15.65765073088508,0.0786485695428871
transformer,dl,STORE0004,SKU0046,1210.571662902832,86.46940449305943,14,1925.0,0.2352596213600852,0.303184832494186,32.34819793701172,36.96042435805979,-0.0517342465883725
transformer,dl,STORE0002,SKU0096,1015.0330657958984,72.50236184256417,14,950.0,0.2351248168945312,0.367711953334922,15.954898289271764,22.455139704941725,0.0974910214072779
transformer,dl,STORE0002,SKU0004,999.6640396118164,71.40457425798688,14,1160.0,0.2349621016403724,0.2268328184823821,19.46828842163086,23.899745798922496,-0.1299692943178374
transformer,dl,STORE0011,SKU0077,837.9796028137207,59.85568591526577,14,1037.0,0.2347349279067095,0.268340877034908,17.38715144566127,24.53160239445415,-0.0403316501481324
transformer,dl,STORE0010,SKU0004,1208.913703918457,86.35097885131836,14,1388.0,0.2337692656503287,0.2570583321099758,23.17655290876116,27.52235619289304,-0.1168724631713515
transformer,dl,STORE0008,SKU0030,583.4479331970215,41.67485237121582,14,737.0,0.23373077682433,0.2772899630766371,12.304255894252233,13.9868865533317,0.115694871589319
transformer,dl,STORE0002,SKU0025,289.3077697753906,20.664840698242188,14,396.0,0.2337018793279474,0.2634085413705951,6.6104245867048,7.454940863446519,0.0173842208554046
transformer,dl,STORE0012,SKU0055,193.4736328125,13.819545200892858,14,187.0,0.2336927199746198,0.298047251184012,3.121467045375278,4.057651795064896,0.075115673044786
transformer,dl,STORE0006,SKU0047,979.4517822265625,69.96084158761161,14,1285.0,0.2334841717078064,0.2834167367558936,21.43051147460937,26.54672509351472,0.0561465252234314
transformer,dl,STORE0003,SKU0082,646.6533851623535,46.18952751159668,14,612.0,0.2334305196026571,0.3498415445040196,10.204248428344728,13.135776755774486,0.084313218110527
transformer,dl,STORE0005,SKU0001,1543.8743743896484,110.27674102783203,14,1634.0,0.2334273162057379,0.391113891954554,27.24430247715541,36.716706219674215,-0.0043113036138191
transformer,dl,STORE0009,SKU0001,1312.5737228393555,93.75526591709682,14,1379.0,0.2334226147691092,0.2507105666939097,22.992127554757253,30.82239601274721,0.0298069987805361
transformer,dl,STORE0008,SKU0080,1175.6369171142578,83.97406550816127,14,1359.0,0.2332923501795754,1.025585024276494,22.64602170671736,32.48023039828711,-0.0791907405221699
transformer,dl,STORE0003,SKU0014,623.03466796875,44.502476283482146,14,723.0,0.2324632773920378,0.2122819109148204,12.005067825317385,17.488028163833103,-0.1375001192422658
transformer,dl,STORE0010,SKU0075,435.6979732513428,31.121283803667342,14,475.0,0.2319245629561575,0.2715314081283,7.8688691002982,9.697719993124917,-0.0612135676333778
transformer,dl,STORE0004,SKU0039,206.4795799255371,14.74854142325265,14,282.0,0.2317706710057901,0.2370091648964825,4.668523515973773,6.495125711903274,-0.029239167558386
transformer,dl,STORE0012,SKU0050,231.2445182800293,16.517465591430664,14,260.0,0.2315936161921574,0.224568031717544,4.301024300711496,5.880617951825138,-0.0744856320894681
transformer,dl,STORE0002,SKU0092,1013.5208587646484,72.39434705461774,14,941.0,0.2314397262589457,0.8313920097868787,15.556055886404854,22.18830127097886,0.1026916747138806
transformer,dl,STORE0001,SKU0039,206.84783935546875,14.774845668247767,14,303.0,0.2312081340122537,0.220188859530442,5.004004614693778,6.684307268904833,-0.103401775800749
transformer,dl,STORE0004,SKU0047,974.8642730712891,69.63316236223493,14,1200.0,0.231049092610677,0.3580171858368802,19.804207938058035,28.580053846964223,0.1090621439615885
transformer,dl,STORE0004,SKU0031,701.5509834289551,50.11078453063965,14,1139.0,0.2309133112692226,0.4440160740745787,18.78644725254604,22.36645056000388,-0.0090760523232584
transformer,dl,STORE0001,SKU0093,1114.0109176635742,79.57220840454102,14,1088.0,0.230457256822025,0.3070748623565991,17.909821101597377,22.416418195162727,0.0438352402518777
transformer,dl,STORE0001,SKU0012,689.9543571472168,49.28245408194406,14,998.0,0.23040316625683,0.2891453922402177,16.424454280308314,24.546191733893835,-0.0132246609919056
transformer,dl,STORE0012,SKU0027,1302.0375518798828,93.00268227713448,14,2358.0,0.2302909087487658,0.2186917410856705,38.78756877354213,55.728242106556735,-0.1256713381857059
transformer,dl,STORE0006,SKU0030,593.131649017334,42.366546358381,14,772.0,0.2300691456374727,0.2586192717891989,12.68667003086635,15.540352765375694,0.0820839639772405
transformer,dl,STORE0012,SKU0018,1171.9495010375977,83.71067864554269,14,1143.0,0.230038206512638,0.3569733019750382,18.78097643171038,22.831353241878347,0.0261172263745352
transformer,dl,STORE0005,SKU0002,1009.1825408935547,72.08446720668248,14,1008.0,0.2297168837653266,0.258368884043653,16.539615631103516,20.498107186406063,-0.0060902323041643
transformer,dl,STORE0002,SKU0002,714.6271057128906,51.04479326520647,14,862.0,0.2293410290144989,0.2150205859222027,14.120854786464148,16.813473479540388,-0.161889286439546
transformer,dl,STORE0009,SKU0059,322.7920455932617,23.05657468523298,14,384.0,0.2291091879208883,0.2383364288750008,6.284137725830079,6.945832055253795,-0.1387132406234741
transformer,dl,STORE0011,SKU0007,439.5524787902832,31.39660562787737,14,501.0,0.229025503832423,0.2438133759090988,8.195841244288854,12.432541621173376,-0.1081873766200509
transformer,dl,STORE0003,SKU0069,844.7735824584961,60.34097017560686,14,1055.0,0.228872619195007,0.2809912493491558,17.2471866607666,21.804601033383527,0.0085809825155972
transformer,dl,STORE0010,SKU0007,374.9925060272217,26.785179001944407,14,334.0,0.2288351287384946,0.4002005386172528,5.459352357046945,7.678266613293792,0.1507369115680991
transformer,dl,STORE0007,SKU0003,259.8122100830078,18.55801500592913,14,248.0,0.2287148814047536,0.151609351494668,4.051520756312779,6.095519649018188,0.0443339809294669
transformer,dl,STORE0012,SKU0084,338.29711151123047,24.164079393659318,14,351.0,0.2286710277242198,0.2716865071464644,5.733109337942941,6.80035568081944,-0.0114044341606292
transformer,dl,STORE0004,SKU0036,549.0464057922363,39.21760041373117,14,786.0,0.2283270450038764,0.2947384150269614,12.818932669503347,14.973388140380331,0.0880165197163744
transformer,dl,STORE0001,SKU0002,1004.8262329101562,71.77330235072544,14,954.0,0.228215119623788,1.2906791933147763,15.55123029436384,22.35479836486733,0.0603261183892655
transformer,dl,STORE0009,SKU0011,284.3169593811035,20.308354241507395,14,293.0,0.2280160558915382,0.4004173320882617,4.772050312587193,6.424971470121618,0.1074774550089657
transformer,dl,STORE0009,SKU0020,655.6699829101562,46.833570207868306,14,639.0,0.2278710307089935,0.4195960773719232,10.400684901646205,13.811863318283535,0.0407371103110634
transformer,dl,STORE0002,SKU0093,783.0358657836914,55.93113327026367,14,797.0,0.22786182322197,0.3626434070076688,12.97184807913644,16.936099807058103,0.0070451954227768
transformer,dl,STORE0005,SKU0095,470.3935356140137,33.59953825814383,14,571.0,0.2276769461022158,0.2012319544784991,9.285966873168944,13.644286484541505,-0.1624649836177792
transformer,dl,STORE0008,SKU0095,459.1649646759033,32.79749747685024,14,449.0,0.2271948094357361,0.2677862750128508,7.286462102617536,8.539866917483835,0.0450611199461803
transformer,dl,STORE0004,SKU0102,1487.4384078979492,106.24560056413922,14,1893.0,0.2270122715486021,0.2729381862190016,30.695302145821707,40.81498841525551,-0.0086431609091781
transformer,dl,STORE0004,SKU0037,1350.1482009887695,96.43915721348354,14,1788.0,0.2269101921610651,0.4075326844106559,28.97967311314174,37.27644198942962,0.0348625097765485
transformer,dl,STORE0005,SKU0039,209.6599884033203,14.975713457380023,14,295.0,0.2268032009318723,0.2548953646953893,4.77906744820731,5.515150893839953,-0.0496425305382679
transformer,dl,STORE0008,SKU0075,516.728816986084,36.909201213291716,14,510.0,0.2267187529919194,0.3301313661646686,8.25904028756278,10.436510842058576,0.0393207026462929
transformer,dl,STORE0009,SKU0075,441.72390937805176,31.551707812717982,14,458.0,0.2266861111836662,0.2845612624297303,7.415874208722796,9.804033497447229,-0.0049335696291194
transformer,dl,STORE0009,SKU0027,1332.3337936401367,95.16669954572406,14,1920.0,0.2261717915534973,0.3357192753570143,31.017845698765345,36.69627326184983,0.1110987782478332
transformer,dl,STORE0006,SKU0018,1360.9237518310547,97.2088394165039,14,1342.0,0.2259281118651616,0.2668040446631036,21.656823294503347,27.863610785870844,0.0232345308170233
transformer,dl,STORE0009,SKU0035,1910.2314910888672,136.44510650634766,14,2812.0,0.2256494796123477,0.2274288625935447,45.32330976213728,53.87807905529682,-0.1135456524736342
transformer,dl,STORE0005,SKU0051,1059.1731262207031,75.6552233014788,14,1281.0,0.2256059847615083,0.2199845607547861,20.64294760567801,24.079314940665604,-0.1624658660531323
transformer,dl,STORE0012,SKU0004,1223.4006271362305,87.38575908115932,14,1315.0,0.2254382289407824,0.311614622153133,21.17509078979492,27.503679600231568,-0.0582959715404437
transformer,dl,STORE0007,SKU0047,696.8559226989746,49.77542304992676,14,1027.0,0.2254143021239045,0.3120116648496758,16.535749162946427,20.027152800209223,-0.0434939970408349
transformer,dl,STORE0005,SKU0081,1059.554542541504,75.68246732439313,14,1122.0,0.2252517129010695,0.2385574481875068,18.052315848214285,25.45370831806166,-0.0361360900117326
transformer,dl,STORE0003,SKU0024,595.8948059082031,42.56391470772879,14,659.0,0.2251971567527296,0.2292923746706676,10.600351878574916,13.39012273657591,-0.076587491766274
transformer,dl,STORE0009,SKU0080,1020.0167922973633,72.85834230695453,14,1224.0,0.2249130797541998,0.2692831564484035,19.663829258510045,25.17193913535036,-0.104364120882321
transformer,dl,STORE0001,SKU0054,1238.2723999023438,88.44802856445312,14,1489.0,0.2247576332476573,0.2492212716047352,23.904579707554408,29.150906938839142,0.0311086589334153
transformer,dl,STORE0007,SKU0068,460.338171005249,32.88129792894636,14,518.0,0.2246824728476034,0.3083643924980754,8.313251495361328,9.645501146630972,0.0177782861422388
transformer,dl,STORE0011,SKU0005,1158.9002532958984,82.7785895211356,14,1749.0,0.2245827746295874,0.2022545758581082,28.056805201939174,41.1666413857276,-0.1791209443900979
transformer,dl,STORE0006,SKU0070,1552.3976669311523,110.88554763793945,14,1667.0,0.2245415708728371,0.2685376066084206,26.736485617501398,31.651562880022325,-0.0472732251035144
transformer,dl,STORE0012,SKU0101,207.07329177856445,14.790949412754603,14,250.0,0.2245406341552734,0.2319328479050059,4.009654181344168,5.887313615657596,-0.0257256317138671
transformer,dl,STORE0004,SKU0024,856.5497055053711,61.182121821812224,14,1022.0,0.2244649913213024,0.2083172591599781,16.385944366455078,20.143221202072176,-0.1559935642548503
transformer,dl,STORE0001,SKU0029,391.02513694763184,27.930366924830846,14,595.0,0.2243400766068146,0.2508779020818442,9.53445325578962,10.808687316552442,-0.0349320612033875
transformer,dl,STORE0005,SKU0040,286.59609603881836,20.471149717058456,14,431.0,0.2240979134898174,0.304922837932526,6.899014336722238,8.402695347009415,0.0967424397125598
transformer,dl,STORE0004,SKU0023,1087.6552200317383,77.6896585736956,14,1222.0,0.2238431328057072,0.2977985501487382,19.53830773489816,22.452985138383777,-0.0122006068253087
transformer,dl,STORE0007,SKU0059,279.63358306884766,19.973827362060547,14,282.0,0.2231922149658202,0.2370573395521772,4.495728901454379,5.475337577728263,0.0201711857572515
transformer,dl,STORE0008,SKU0042,165.96199417114258,11.854428155081612,14,281.0,0.2231213987085742,0.2122284084575145,4.478365216936384,5.611214794468362,-0.1625761256099171
transformer,dl,STORE0001,SKU0023,1070.1554641723633,76.43967601231166,14,1189.0,0.2228912789847692,0.3270808470006123,18.92983790806361,26.53695086047505,0.0030444556670193
transformer,dl,STORE0010,SKU0095,388.4253158569336,27.7446654183524,14,461.0,0.2228803986323888,0.3015196979664361,7.339133126395089,9.457165237346096,-0.1258097253497407
transformer,dl,STORE0010,SKU0014,752.5728569030762,53.75520406450544,14,807.0,0.2228125344126345,0.2658939677721488,12.843551090785436,16.462176611025896,-0.0558148163106509
transformer,dl,STORE0012,SKU0007,383.7204399108887,27.40860285077776,14,380.0,0.2228080498544793,0.2439944867687775,6.047647067478725,8.2433954505569,0.0245725079586631
transformer,dl,STORE0010,SKU0016,324.7907829284668,23.19934163774763,14,400.0,0.2227626037597656,0.3044825200247721,6.364645821707589,7.690769017733288,-0.0477291870117187
transformer,dl,STORE0008,SKU0038,1191.1686248779297,85.0834732055664,14,1628.0,0.2226240406458149,0.237610455838635,25.88799558367048,32.26650617241851,-0.0143326002491194
transformer,dl,STORE0008,SKU0087,487.33673095703125,34.809766496930806,14,544.0,0.2225167330573587,0.2288680700779113,8.646364484514509,10.575052527561162,-0.0884273753446691
transformer,dl,STORE0002,SKU0009,624.1183853149414,44.57988466535296,14,721.0,0.2224751973780448,0.2704561293795319,11.457472664969307,14.16439315189761,-0.1166600665173153
transformer,dl,STORE0005,SKU0048,873.2503967285156,62.37502833775112,14,1173.0,0.2223943594878083,0.2915369887834659,18.633470262799943,22.132243727120187,0.0943179638692688
transformer,dl,STORE0001,SKU0038,1215.3694610595703,86.81210436139789,14,1504.0,0.2222896383163776,0.3660510814197066,23.880258287702286,32.008848382429434,0.078400434331691
transformer,dl,STORE0002,SKU0030,423.1500244140625,30.225001743861608,14,632.0,0.2219914424268505,0.2315733249765439,10.02132797241211,12.028150971263916,-0.0505827770957463
transformer,dl,STORE0003,SKU0053,350.63750648498535,25.045536177498953,14,403.0,0.2219622306729072,0.2417837250431876,6.389341354370116,7.755649009191471,-0.0975740115636631
transformer,dl,STORE0005,SKU0050,271.41127014160156,19.386519295828684,14,257.0,0.221896041691999,0.2955207957312137,4.073377336774554,5.095537758810374,0.0902025690338491
transformer,dl,STORE0008,SKU0072,587.6341743469238,41.97386959620884,14,583.0,0.2215460684041829,0.2819022477820092,9.225811277117048,11.282205613022814,0.0214475432145656
transformer,dl,STORE0012,SKU0010,480.82328033447266,34.3445200238909,14,552.0,0.2213011409925377,0.2326413668625873,8.725587844848633,10.494585027428174,-0.0630165666773699
transformer,dl,STORE0012,SKU0002,866.5966529846191,61.8997609274728,14,1021.0,0.22128883608408,0.2187479507415519,16.138278688703263,20.84359455667069,-0.1444431458117329
transformer,dl,STORE0008,SKU0002,994.6041412353516,71.04315294538226,14,1009.0,0.2212149598317292,0.2400902665963585,15.943278176443917,17.658215807264206,-0.0142831566076212
transformer,dl,STORE0002,SKU0005,829.2267036437988,59.23047883169992,14,982.0,0.2210199740656524,0.3886577299273092,15.50297246660505,20.386001494523423,0.0302338726408855
transformer,dl,STORE0012,SKU0036,459.39333724975586,32.81380980355399,14,655.0,0.2209639454615935,0.2520418649070123,10.337956019810267,12.282712639686752,0.0674721754234255
transformer,dl,STORE0010,SKU0073,131.7153549194336,9.4082396371024,14,138.0,0.2207957005155259,0.2560131089723604,2.17641476222447,2.568604412026394,0.0437130858932716
transformer,dl,STORE0006,SKU0029,390.15612602233887,27.868294715881348,14,550.0,0.2207135425914417,0.2519773449298265,8.670889173235212,10.185057069102175,0.0139794367009943
transformer,dl,STORE0006,SKU0007,451.4653739929199,32.24752671378,14,453.0,0.2205212195188004,0.3175375118144478,7.135436603001186,8.829546046068618,0.0134549298823274
transformer,dl,STORE0011,SKU0040,280.28453826904297,20.0203241620745,14,548.0,0.2205087251036706,0.2035369861878219,8.631341525486537,11.470234503929865,-0.1584705053454767
transformer,dl,STORE0007,SKU0035,1622.9196701049805,115.92283357892718,14,2441.0,0.2204281042365449,0.2116341043976975,38.43321446010045,45.61694130529286,-0.1413978911090805
transformer,dl,STORE0012,SKU0086,120.80022811889648,8.62858772277832,14,129.0,0.220413326292999,0.2421987184257654,2.030951363699777,2.503550785462981,0.0550313550372456
transformer,dl,STORE0011,SKU0050,270.351806640625,19.310843331473215,14,248.0,0.2203492041557066,0.7860107758241117,3.9033287593296606,6.064053607067571,0.1221578198094521
transformer,dl,STORE0002,SKU0010,407.55005264282227,29.110718045915878,14,377.0,0.220321275827423,0.3963496731055526,5.932937213352749,10.352473975281308,0.1640605319400048
transformer,dl,STORE0013,SKU0017,776.9891395568848,55.4992242540632,14,772.0,0.2198741695423818,0.84075802635783,12.124489920479911,16.650397631383438,0.0778795153365851
transformer,dl,STORE0002,SKU0074,599.8606719970703,42.847190856933594,14,857.0,0.2195764895498126,0.2327317650386133,13.441217967442103,16.247583919979157,-0.0599799629131303
transformer,dl,STORE0002,SKU0003,261.0344429016113,18.645317350115096,14,250.0,0.2195464935302734,0.2810292407512365,3.920473098754883,4.983198494337945,0.0370348663330078
transformer,dl,STORE0004,SKU0091,287.6307792663574,20.545055661882675,14,408.0,0.2193174128438912,0.2112027480192509,6.391536031450544,7.542513618175493,-0.1747504916845583
transformer,dl,STORE0001,SKU0060,935.9447250366211,66.85319464547294,14,927.0,0.2192780907228669,0.2806902903845973,14.519342150006976,17.977769656931557,0.016999871213845
transformer,dl,STORE0009,SKU0066,385.54540824890137,27.538957732064382,14,434.0,0.2190009437947778,0.2187495582784209,6.789029257638114,9.049282817762416,-0.0428402281027235
transformer,dl,STORE0004,SKU0100,1304.6729202270508,93.19092287336078,14,1247.0,0.2189281374909157,0.2374108774680806,19.50024196079799,23.38640158483325,0.0573692903006277
transformer,dl,STORE0010,SKU0038,1028.0098571777344,73.42927551269531,14,1464.0,0.2188252099876195,0.3541205718089731,22.88286481584821,29.24844313125195,-0.0393974637724662
transformer,dl,STORE0009,SKU0013,1091.5610809326172,77.96864863804409,14,1701.0,0.2187774990110941,0.2303536308085398,26.581466129847936,36.05103868352328,-0.1451175920687164
transformer,dl,STORE0008,SKU0094,960.0829544067383,68.5773538861956,14,1177.0,0.218615775809211,0.1933396619283529,18.37934058053153,24.296935633583026,-0.1748625140323817
transformer,dl,STORE0008,SKU0084,390.1692123413086,27.869229452950613,14,433.0,0.2179852501074106,0.2311127842934028,6.741972378322056,8.611375336775074,-0.0751347222449322
transformer,dl,STORE0004,SKU0033,1262.9268646240234,90.20906175885882,14,1635.0,0.2178387516500023,0.2477278352137364,25.44045421055385,29.859530879721994,0.1170851261243907
transformer,dl,STORE0012,SKU0065,736.2388687133789,52.58849062238421,14,842.0,0.2177835224360015,3.7693395444020026,13.098123277936663,19.342247524542568,0.0611902449872884
transformer,dl,STORE0003,SKU0076,342.7848434448242,24.4846316746303,14,356.0,0.2173028903061084,0.2585365013667362,5.525702067783901,6.468005773673277,0.0037095252047763
transformer,dl,STORE0001,SKU0050,270.7747611999512,19.341054371425084,14,267.0,0.217218691936593,0.242111658373683,4.14267076764788,4.827332636285914,0.0442687473940045
transformer,dl,STORE0013,SKU0032,439.00000381469727,31.35714312962123,14,642.0,0.2171101258179851,0.3293374481474278,9.956050055367609,13.04568036070806,0.0093812853376442
transformer,dl,STORE0007,SKU0001,1075.7578582763672,76.83984701974052,14,1190.0,0.2170976077809053,0.4349911247465086,18.453296661376957,22.830745057635657,-0.0293996923110064
transformer,dl,STORE0011,SKU0009,886.7478294372559,63.3391306740897,14,904.0,0.2169637595657753,0.3407962971055475,14.009659903390068,17.832762688540907,-0.004348738003621
transformer,dl,STORE0009,SKU0074,733.8102645874023,52.41501889910017,14,1042.0,0.2168425927921815,0.196452977109863,16.13928440638951,29.607578401328364,-0.0659138245683256
transformer,dl,STORE0003,SKU0037,966.4957733154297,69.03541237967355,14,1223.0,0.2167863011457641,0.2850048026172189,18.93783187866211,23.84935134400101,0.1081172603129951
transformer,dl,STORE0004,SKU0049,747.9754028320312,53.42681448800223,14,781.0,0.2165138352085167,0.2250809915033884,12.07837894984654,14.501865977165178,-0.0064160179695002
transformer,dl,STORE0004,SKU0034,1882.5238037109375,134.46598597935267,14,3135.0,0.2164492423074287,0.2063149905032852,48.46916961669922,64.08298603193877,-0.137068222508286
transformer,dl,STORE0002,SKU0102,1045.9420013427734,74.71014295305524,14,1430.0,0.2162792872715663,0.2720344809251605,22.09138434273856,30.38351132766657,-0.0706246382706648
transformer,dl,STORE0003,SKU0091,206.57726287841797,14.755518777029854,14,230.0,0.2161994768225628,1.197662949858986,3.5518485477992465,5.619390264451738,0.0497310638427734
transformer,dl,STORE0011,SKU0068,623.3236694335938,44.523119245256694,14,657.0,0.2159587331739916,0.2427975908320583,10.134634835379464,12.233865818006867,0.0827397850187583
transformer,dl,STORE0011,SKU0071,492.8486671447754,35.20347622462681,14,524.0,0.2159529533095032,0.2389328635413309,8.082810538155693,9.642652027432453,-0.035009617113885
transformer,dl,STORE0004,SKU0007,444.417049407959,31.744074957711355,14,466.0,0.2158957550965665,0.2468236383784292,7.186244419642857,8.657824787264733,-0.026174095055576
transformer,dl,STORE0002,SKU0033,888.9942054748535,63.49958610534668,14,1228.0,0.215736674951808,0.2370509133052678,18.92318834577288,21.785495371115942,0.0012401121058759
transformer,dl,STORE0004,SKU0041,1090.3874893188477,77.88482066563198,14,1795.0,0.2156039224693702,0.2398260691766543,27.643502916608536,31.80500574196511,0.012831404747073
transformer,dl,STORE0002,SKU0014,625.3339958190918,44.66671398707798,14,713.0,0.2155602710611522,0.2029233519871128,10.97817666190011,14.178377123783,-0.1102115475947525
transformer,dl,STORE0009,SKU0047,840.7870216369629,60.05621583121164,14,1126.0,0.2154714472552175,0.2637389917610023,17.330060686383927,22.670412649404955,0.024853721605101
transformer,dl,STORE0008,SKU0099,1462.9853439331055,104.49895313807896,14,1683.0,0.215282963771446,0.2612178028266735,25.88008771623884,30.19715449804838,-0.0183116892442346
transformer,dl,STORE0009,SKU0025,331.2400703430176,23.660005024501256,14,431.0,0.2152796344801334,0.3912429717543648,6.627537318638393,9.30386692874374,0.1390884116188279
transformer,dl,STORE0007,SKU0063,554.6028785705566,39.61449132646833,14,671.0,0.2152241509291169,0.2525195134694725,10.31538609095982,11.6602038569881,0.0454977749001606
transformer,dl,STORE0013,SKU0065,440.7825450897217,31.48446750640869,14,548.0,0.214755545567422,0.2431246457563299,8.406145640781947,11.39446047957216,-0.0194207908463304
transformer,dl,STORE0007,SKU0072,423.4297294616699,30.244980675833567,14,375.0,0.2146793416341146,0.2728212484890085,5.750339508056641,7.593551902341295,0.1695622355143229
transformer,dl,STORE0005,SKU0063,783.1525382995605,55.939467021397185,14,922.0,0.2138210222157377,2.020226917938054,14.081641605922156,18.907335331559462,0.0617955305053976
transformer,dl,STORE0011,SKU0003,335.7866516113281,23.98476082938058,14,339.0,0.2136353124207803,0.2520911197502445,5.173026493617466,6.107981771779154,-0.0147326534124953
transformer,dl,STORE0013,SKU0009,452.72455406188965,32.33746814727783,14,401.0,0.2135119212238568,0.2429048229816039,6.1155914579119,7.504206395310466,0.1507616447391652
transformer,dl,STORE0004,SKU0005,1164.544548034668,83.18175343104771,14,1558.0,0.2134893121095003,0.2298754202347162,23.75831059047154,27.92378320940121,-0.0809034217765916
transformer,dl,STORE0001,SKU0095,458.16454887390137,32.72603920527867,14,501.0,0.2131614761200255,0.2230110531101579,7.628135681152344,9.054934101807222,-0.0674700708446388
transformer,dl,STORE0008,SKU0011,330.14923095703125,23.582087925502233,14,338.0,0.2130560451710718,0.2232996731005727,5.143781661987305,7.071979314028422,0.0978748050667125
transformer,dl,STORE0010,SKU0077,722.4036979675293,51.60026414053781,14,817.0,0.2130381982212697,0.2742440422444314,12.432300567626951,16.040771304940098,0.0544968585197607
transformer,dl,STORE0009,SKU0033,1144.219123840332,81.72993741716657,14,1735.0,0.2129043667048473,0.2402650073681753,26.38493401663644,31.22450957801285,-0.0771674120460532
transformer,dl,STORE0003,SKU0077,583.0496635437012,41.646404538835796,14,729.0,0.2127320822047271,0.226592942784788,11.07726342337472,12.758025538832966,-0.0295886129999356
transformer,dl,STORE0004,SKU0079,1244.4650115966797,88.8903579711914,14,1285.0,0.2125864348059034,0.2302031965070273,19.51239776611328,24.884642860947125,-0.0228097166068823
transformer,dl,STORE0001,SKU0097,1056.1329498291016,75.43806784493583,14,1117.0,0.2125660034835391,0.2156805629746535,16.959730420793807,20.43723165099619,-0.047062524643559
transformer,dl,STORE0003,SKU0056,248.57395553588867,17.75528253827776,14,301.0,0.2121052409327307,0.2303105733734509,4.560262680053711,5.465961446500833,-0.045852458358207
transformer,dl,STORE0012,SKU0095,390.3586082458496,27.8827577318464,14,442.0,0.2117480627551877,0.1953150069688654,6.685188838413784,9.390678781333088,-0.0887677119328425
transformer,dl,STORE0010,SKU0018,1139.1501770019531,81.3678697858538,14,1117.0,0.2114907164816997,0.2507429660123494,16.8739378792899,20.594814987610256,0.027660830915241
transformer,dl,STORE0005,SKU0043,605.7590599060059,43.26850427900042,14,925.0,0.211448318893845,0.258522213263788,13.97069249834333,16.957325745298043,0.0157053148424303
transformer,dl,STORE0012,SKU0026,1156.0431289672852,82.57450921194894,14,1485.0,0.2113177983447758,0.3497647965379559,22.41478075299944,28.945562787092783,0.0501374215790719
transformer,dl,STORE0004,SKU0002,1017.2133178710938,72.65809413364956,14,1095.0,0.2107155020378496,0.2051046365415465,16.48096248081752,19.2803703626022,-0.0838340445740582
transformer,dl,STORE0010,SKU0025,325.23743438720703,23.231245313371932,14,401.0,0.2104625987293119,0.2566944926692752,6.02825014931815,7.527081321694296,0.146537709414513
transformer,dl,STORE0003,SKU0062,201.45198440551758,14.38942745753697,14,199.0,0.2104433337647711,0.2200059512082619,2.9913016727992465,3.388613788211321,0.0665520711160784
transformer,dl,STORE0013,SKU0102,751.8632392883301,53.70451709202358,14,928.0,0.2104249452722483,0.2216483037783207,13.94816780090332,15.846694203736773,0.0083172937919353
transformer,dl,STORE0004,SKU0078,461.4397277832031,32.95998055594308,14,475.0,0.2097154476768092,0.2409136479703646,7.115345546177456,8.261845124471721,0.0056171136153371
transformer,dl,STORE0001,SKU0040,281.7947692871094,20.128197806222097,14,430.0,0.2096187591552734,0.2820338040723815,6.438290459769113,7.825265557678435,0.075888425250386
transformer,dl,STORE0008,SKU0064,1422.2307968139648,101.58791405814034,14,1430.0,0.2095458557555725,0.2179010631991325,21.4036124093192,24.16226814721726,-0.0030038153374945
transformer,dl,STORE0005,SKU0012,684.9408836364746,48.92434883117676,14,1056.0,0.2094411633231423,0.2701793720351144,15.797847747802738,21.12458458592387,-0.063762007337628
transformer,dl,STORE0007,SKU0023,763.0060539245605,54.50043242318289,14,1017.0,0.209412795135288,0.1898926808035604,15.212343760899136,19.73172008938058,-0.1586098497478894
transformer,dl,STORE0009,SKU0091,245.1968116760254,17.514057976858957,14,302.0,0.2093582721735468,0.2362905811214815,4.516157014029367,5.3324728465760245,-0.0385177751250614
transformer,dl,STORE0004,SKU0090,321.5109100341797,22.965065002441406,14,284.0,0.2090360883256079,0.2626428172460337,4.240446363176619,5.656912181210767,0.1809828583623322
transformer,dl,STORE0012,SKU0015,172.52089309692383,12.32292093549456,14,171.0,0.2089162458453262,0.2401715321962979,2.55176271711077,3.1854979206346066,0.040944685015762
transformer,dl,STORE0007,SKU0060,674.3029708862305,48.16449792044504,14,758.0,0.2088449624094296,0.2646956344521232,11.307462964739118,14.27147384919803,-0.0929193219912083
transformer,dl,STORE0010,SKU0051,905.853328704834,64.70380919320243,14,907.0,0.2083624573763308,0.399002106617402,13.498910631452288,19.721270300565862,0.0156890970080795
transformer,dl,STORE0007,SKU0044,781.4811820983887,55.82008443559919,14,1071.0,0.208111047967364,0.2982521033648167,15.920495169503347,21.984673320560315,0.0134753343883126
transformer,dl,STORE0005,SKU0102,1478.1389465332031,105.58135332380023,14,2057.0,0.2079668466941674,0.2276921656840263,30.55627168927874,37.88886104747039,-0.0928543639750983
transformer,dl,STORE0002,SKU0060,670.4183807373047,47.88702719552176,14,598.0,0.2077408985150697,0.296471308854953,8.873504093715123,11.394636662779993,0.1529617309570312
transformer,dl,STORE0007,SKU0099,1044.38330078125,74.59880719866071,14,1133.0,0.2076763883693388,0.2453316485715586,16.80695343017578,22.055183726540573,0.0539487348861223
transformer,dl,STORE0008,SKU0027,1531.9754791259766,109.42681993756976,14,2431.0,0.207627642061523,0.2755012120124241,36.05305698939732,46.06755862891792,-0.0507251734794387
transformer,dl,STORE0005,SKU0068,643.5277099609375,45.96626499720982,14,689.0,0.207409447613233,0.2163313338965395,10.207507814679827,11.884008560501456,0.0556572802007976
transformer,dl,STORE0012,SKU0025,330.56579971313477,23.61184283665248,14,456.0,0.2072418447126422,0.212455101696271,6.7501629420689175,7.498212134876982,0.0204965022572299
transformer,dl,STORE0011,SKU0047,960.1615371704102,68.58296694074359,14,1260.0,0.2070494757758246,0.2429912301869213,18.63445281982422,22.47437493919305,0.0242203243195064
transformer,dl,STORE0004,SKU0032,925.9884452819824,66.1420318058559,14,1320.0,0.206970908425071,0.2570759023226688,19.514399937220983,24.059791244999023,0.0420377673524798
transformer,dl,STORE0012,SKU0038,1035.7543563842773,73.98245402744838,14,1419.0,0.2063025648615744,0.2663006728185965,20.91023853846958,25.875560881857343,-0.016849364589183
transformer,dl,STORE0005,SKU0072,587.0830497741699,41.93450355529785,14,626.0,0.2058684863983251,0.2191152140817388,9.205262320382255,11.221698358866565,-0.0439596084740976
transformer,dl,STORE0007,SKU0025,286.25085830688477,20.446489879063197,14,380.0,0.2057647403917814,0.2518067981176309,5.585042953491211,7.345045123318632,0.0536808415463096
transformer,dl,STORE0004,SKU0055,226.41776657104492,16.172697612217494,14,228.0,0.2056514673065721,0.2388137493429051,3.3491810389927457,4.237677342769647,0.0281273691277754
transformer,dl,STORE0012,SKU0094,826.0542411804199,59.00387437003,14,813.0,0.205551672978888,0.2621711015023365,11.93667929513114,15.120014672694149,0.0345447160221114
transformer,dl,STORE0002,SKU0055,173.63780975341797,12.402700696672712,14,165.0,0.2050949096679687,0.9554766550274744,2.4171900068010608,3.773079982512365,0.098640488133286
transformer,dl,STORE0004,SKU0093,1110.6974487304688,79.33553205217633,14,1345.0,0.2048959611516903,0.1767948055373904,19.684647696358816,26.6658567407714,-0.1649780840678729
transformer,dl,STORE0008,SKU0033,1268.1647186279297,90.58319418770927,14,1750.0,0.2046266087123326,0.2177019506007675,25.57832608904157,31.429659527206876,0.0138617684500558
transformer,dl,STORE0007,SKU0062,211.79011154174805,15.12786511012486,14,196.0,0.2045891041658362,0.2565666233362699,2.8642474583217075,3.728939240019364,0.1261530506367586
transformer,dl,STORE0006,SKU0067,627.8834571838379,44.84881837027414,14,557.0,0.2042540750554904,0.2500279109881811,8.126394271850586,10.164046419539822,0.1522460540278381
transformer,dl,STORE0005,SKU0096,1456.0234069824219,104.00167192731585,14,1530.0,0.2040967854019862,0.2752041777836068,22.30486297607421,27.14843391118174,-0.0227351169960171
transformer,dl,STORE0011,SKU0054,1214.9501037597656,86.78215026855469,14,1640.0,0.2036266978194074,0.2201515140550684,23.85341317313058,30.10325592050375,-0.070777046389696
transformer,dl,STORE0003,SKU0061,1012.4579849243164,72.31842749459403,14,1121.0,0.2030169293882589,0.1867115946662509,16.255855560302734,25.259025369933163,-0.0766640968560959
transformer,dl,STORE0008,SKU0100,1300.6750793457031,92.90536281040737,14,1462.0,0.2019247115066048,0.20459503613412,21.08670915876116,22.76227302922254,-0.0941451316656068
transformer,dl,STORE0012,SKU0035,1963.5540771484375,140.25386265345983,14,2425.0,0.2017055110341495,0.2080022931212818,34.93827601841518,38.38418338988534,0.0365734359898517
transformer,dl,STORE0003,SKU0052,609.5242691040039,43.53744779314314,14,632.0,0.2016271518755562,0.2218161438473113,9.102025713239398,11.128988537725832,-0.0018614998346642
transformer,dl,STORE0007,SKU0100,931.4479904174805,66.53199931553432,14,955.0,0.2014706916209915,0.2441823251194365,13.743179321289062,19.28917045723728,0.0008213542518815
transformer,dl,STORE0009,SKU0060,802.0269889831543,57.28764207022531,14,817.0,0.2011566769099148,0.2317580632839963,11.738928931100029,14.27633478120041,0.0008575878353422
transformer,dl,STORE0004,SKU0012,679.5710372924805,48.54078837803432,14,1052.0,0.2008154473830538,0.2209538536443054,15.08984647478376,21.196117579170927,-0.0635320859263604
transformer,dl,STORE0007,SKU0045,600.6833267211914,42.905951908656526,14,912.0,0.200319674977085,0.307070035443133,13.049395969935826,16.752546262016438,0.1376743149339107
transformer,dl,STORE0005,SKU0094,970.49755859375,69.32125418526786,14,1048.0,0.2003052689646946,0.2452341363991729,14.994280133928571,20.13017409373276,-0.0524734176752221
transformer,dl,STORE0013,SKU0090,183.1874122619629,13.084815161568779,14,173.0,0.1999137525613597,0.2414133496313755,2.470362799508231,3.081805765088184,0.1500851625651982
transformer,dl,STORE0005,SKU0027,1541.4682159423828,110.10487256731305,14,2564.0,0.1996729191677432,0.2139795960351246,36.56866891043527,45.7651712879272,-0.0732678727315108
transformer,dl,STORE0010,SKU0081,898.0923728942871,64.1494552067348,14,1047.0,0.1995796669975506,0.1917341778281222,14.925707953316826,18.602780907020325,-0.1267054830148545
transformer,dl,STORE0010,SKU0070,1333.2701950073242,95.23358535766602,14,1503.0,0.1995142710185098,0.2213370047706581,21.41928209577288,24.43859211811792,-0.0961005438666937
transformer,dl,STORE0010,SKU0063,666.2677307128906,47.5905521937779,14,942.0,0.199490358875056,0.2026364645428594,13.422851290021626,18.16282384950102,-0.1200500253406047
transformer,dl,STORE0001,SKU0080,1180.5993347167969,84.32852390834263,14,1224.0,0.1994889327903199,0.1997085553455726,17.44103240966797,21.892277933007534,0.0338587418101192
transformer,dl,STORE0007,SKU0037,960.2196502685547,68.58711787632534,14,1408.0,0.1994198018854314,0.2232271088912844,20.055934361049108,26.22459599037135,-0.0567241256887262
transformer,dl,STORE0004,SKU0057,1312.1134185791016,93.7223870413644,14,1483.0,0.1994020046612256,0.2089285432517957,21.12236949375697,28.554964933476437,-0.1079446814466953
transformer,dl,STORE0008,SKU0098,625.2882385253906,44.66344560895647,14,692.0,0.1993563547299776,0.234146254295759,9.853899819510325,11.849507451320832,-0.0269966897247843
transformer,dl,STORE0008,SKU0020,771.8351173400879,55.13107981000628,14,909.0,0.1991944433701182,0.1879278812367988,12.93341064453125,16.003967909750493,-0.1520873553419795
transformer,dl,STORE0004,SKU0061,1448.7528610229492,103.48234721592495,14,1480.0,0.199054614917652,0.1964254942951972,21.042916434151785,25.179172171117813,-0.0077122043918919
transformer,dl,STORE0003,SKU0097,754.2861633300781,53.87758309500558,14,800.0,0.1989304161071777,0.2024965252779149,11.367452348981583,15.681572580658903,-0.0310965251922607
transformer,dl,STORE0010,SKU0050,226.2901268005371,16.16358048575265,14,236.0,0.1983897160675566,0.1916441802086431,3.344283785138811,4.135828286184337,-0.0024750434746176
transformer,dl,STORE0010,SKU0056,285.9567985534668,20.425485610961914,14,374.0,0.198312626802985,0.1846384535141136,5.2977801731654575,6.781576478619023,-0.1046708050896139
transformer,dl,STORE0003,SKU0087,351.4863471984863,25.10616765703474,14,310.0,0.1982751046457598,0.4267916247667284,4.39037731715611,6.628311620172393,0.1761415173930506
transformer,dl,STORE0006,SKU0026,1367.95654296875,97.711181640625,14,1829.0,0.1977194300631215,0.2298455832316564,25.83063125610352,31.76436552998649,-0.0121159915913643
transformer,dl,STORE0009,SKU0078,399.531213760376,28.537943840026855,14,492.0,0.1977054665728313,0.185873782530445,6.947934968130929,8.21598726501581,-0.1578271098253203
transformer,dl,STORE0002,SKU0058,1021.4701995849609,72.96215711321149,14,1066.0,0.1973419833585871,0.2577617574995976,15.026182447160991,21.297356399152186,-0.02253013882807
transformer,dl,STORE0007,SKU0004,1002.3940353393555,71.5995739528111,14,991.0,0.1970315157585259,0.2576142900620686,13.94701657976423,18.20925003662976,0.024057929138122
transformer,dl,STORE0003,SKU0046,850.4066009521484,60.74332863943918,14,1266.0,0.196637953627166,0.2281195528628107,17.7816892351423,26.157589465594786,0.0744666510848637
transformer,dl,STORE0007,SKU0040,208.5286865234375,14.894906180245536,14,332.0,0.1963036376309682,0.2422018163871329,4.655200549534389,5.531987747692552,0.0327822731201907
transformer,dl,STORE0010,SKU0069,1003.523551940918,71.68025371006557,14,1248.0,0.196146439283322,0.2914356705565026,17.48505401611328,23.507871449655703,0.0220586947905711
transformer,dl,STORE0011,SKU0088,369.35668563842773,26.382620402744838,14,400.0,0.1958744287490844,0.1843278916872501,5.5964122499738425,8.287276566653526,-0.0542819547653198
transformer,dl,STORE0009,SKU0087,414.34063148498535,29.595759391784668,14,419.0,0.1957580366111882,0.2346871709757641,5.858758381434848,6.729294617297578,0.0304922955132896
transformer,dl,STORE0008,SKU0013,1276.4922103881836,91.1780150277274,14,1894.0,0.1950010764938725,0.1959781819558102,26.38085991995675,45.29991662403244,-0.1260573237095865
transformer,dl,STORE0010,SKU0102,1254.9518737792969,89.63941955566406,14,1666.0,0.1943510268487277,0.1899165463815948,23.12777219499861,34.70752244485567,-0.0400036861057899
transformer,dl,STORE0006,SKU0073,171.05224990844727,12.218017850603376,14,173.0,0.1940661303569816,0.2120023573151706,2.3981028965541293,2.7304718601561526,0.0397868955755509
transformer,dl,STORE0008,SKU0045,859.2365379333496,61.37403842381069,14,1369.0,0.193622480438433,0.2061312584206274,18.93351255144392,25.06318571724409,0.0438257221586953
transformer,dl,STORE0001,SKU0076,488.35831451416016,34.88273675101144,14,455.0,0.1934297247247381,0.2256632569628202,6.28646605355399,8.068881994309413,0.0998466491699218
transformer,dl,STORE0003,SKU0068,448.12207794189453,32.00871985299246,14,530.0,0.1934256391705207,0.2410383635477351,7.32254205431257,9.278431163091623,-0.0291109301009268
transformer,dl,STORE0005,SKU0014,896.6237983703613,64.04455702645438,14,832.0,0.1930784170444195,0.2236734283874203,11.474374498639788,13.962299268513728,0.0709149562395536
transformer,dl,STORE0004,SKU0060,921.4051971435547,65.81465693882534,14,841.0,0.192432594072521,0.2441047973586581,11.55970082964216,15.998178413675625,0.1103345755306067
transformer,dl,STORE0003,SKU0100,930.5279541015625,66.46628243582589,14,1105.0,0.1924026834479284,0.1841099223280025,15.18606894356864,17.65480945017755,-0.1361509849582862
transformer,dl,STORE0012,SKU0075,444.88160133361816,31.777257238115585,14,499.0,0.1913485670376397,0.2041832048492035,6.820209639413016,8.486887605062414,-0.0839528062778388
transformer,dl,STORE0008,SKU0046,1205.045310974121,86.07466506958008,14,1773.0,0.1910739948167279,0.2730196396984304,24.1981566292899,34.378276248300686,0.0173440148987745
transformer,dl,STORE0005,SKU0011,335.601318359375,23.971522739955358,14,366.0,0.1909267759062553,0.2538146979588914,4.991371427263532,6.04548365340157,0.0332951467545306
transformer,dl,STORE0005,SKU0021,846.2937850952148,60.449556078229634,14,911.0,0.1908561882412656,0.1919588413860799,12.41928482055664,15.491101377775882,-0.0627445509876037
transformer,dl,STORE0003,SKU0064,1008.5178375244141,72.03698839460101,14,987.0,0.190476646539288,0.2577824568864058,13.42860358101981,18.681715433935377,0.0441831841898785
transformer,dl,STORE0013,SKU0034,908.1717262268066,64.86940901620048,14,1377.0,0.1904609031926572,0.2201852851511737,18.73319026402065,21.89083870807417,0.0291141130479246
transformer,dl,STORE0006,SKU0052,885.2677001953125,63.233407156808035,14,965.0,0.1902988058297745,0.1914262650012438,13.11702483040946,17.51584904535344,-0.067842880802451
transformer,dl,STORE0001,SKU0100,1295.5389862060547,92.5384990147182,14,1251.0,0.1897977589608001,0.2297357258273872,16.95978546142578,21.88025325817903,0.0507341685245553
transformer,dl,STORE0001,SKU0098,630.5635757446289,45.04025541033064,14,731.0,0.1897053594628371,0.1991454220498833,9.905329840523857,12.495020265125548,-0.066155570639468
transformer,dl,STORE0006,SKU0045,850.4451217651367,60.746080126081196,14,1420.0,0.1887082543171627,0.2201757651258297,19.140408652169363,24.288117325663645,-9.708673181668134e-06
transformer,dl,STORE0002,SKU0046,847.5054664611816,60.53610474722726,14,1470.0,0.1885749038384885,0.1825761277379527,19.80036490304129,29.01426781194211,-0.1083674424359587
transformer,dl,STORE0008,SKU0041,1101.8184814453125,78.70132010323661,14,1837.0,0.1885732859454209,0.2073065651263467,24.74350902012417,28.394313612527544,-0.0070136895177152
transformer,dl,STORE0001,SKU0008,383.67356300354004,27.40525450025286,14,422.0,0.1884210324400409,0.176881723609442,5.679548263549805,7.670624923383924,-0.0768959985525122
transformer,dl,STORE0003,SKU0033,895.0081481933594,63.92915344238281,14,1350.0,0.1880552108199508,0.1739612058662667,18.13389532906669,26.566597997291485,-0.0578323872884114
transformer,dl,STORE0007,SKU0081,752.1472053527832,53.724800382341655,14,810.0,0.187817637125651,0.1872186958486812,10.86659186226981,13.336330834385436,-0.0510666176124855
transformer,dl,STORE0001,SKU0030,587.9969482421875,41.999782017299104,14,738.0,0.1870104161704459,0.2095328253729163,9.85812050955636,11.62289268601952,0.139058544706846
transformer,dl,STORE0002,SKU0052,619.0705718994141,44.219326564243865,14,690.0,0.1862403924914374,0.190717645839504,9.178990772792272,11.155080566083871,-0.0775167769280032
transformer,dl,STORE0012,SKU0032,786.1872863769531,56.15623474121094,14,1098.0,0.1855068241529343,0.2180576052558563,14.549035208565847,18.076345965814856,0.0913299949659893
transformer,dl,STORE0012,SKU0085,847.7362442016602,60.55258887154715,14,1133.0,0.184616479427543,0.1719734992293389,14.940747942243304,19.705568170205723,-0.0832416706135708
transformer,dl,STORE0010,SKU0030,495.97791290283203,35.42699377877371,14,637.0,0.1844717292246676,0.2598708534727686,8.393463679722377,11.393224110749772,0.0921900223712531
transformer,dl,STORE0006,SKU0005,1174.7713241577148,83.91223743983677,14,1530.0,0.1835785311031965,0.2333048325001362,20.062510899135045,24.242230924621182,-0.0521427927453533
transformer,dl,STORE0004,SKU0009,898.9811401367188,64.2129385811942,14,911.0,0.1834311040382092,0.1973719198149583,11.936123984200616,13.836168192303266,0.0015471340141757
transformer,dl,STORE0004,SKU0063,790.8970184326172,56.49264417375837,14,970.0,0.1822104463872221,0.189763362803363,12.624580928257531,16.116622591700764,0.0062869121118919
transformer,dl,STORE0003,SKU0013,884.5866432189941,63.18476022992815,14,1042.0,0.1821866502231005,0.1969426961061798,13.559892109462194,20.66094735426566,0.1310905376002335
transformer,dl,STORE0013,SKU0097,554.3481292724609,39.59629494803293,14,535.0,0.1814337044118721,0.2103878945140926,6.93335941859654,8.238960244572441,0.0657065275673554
transformer,dl,STORE0002,SKU0097,757.836067199707,54.13114765712193,14,727.0,0.1810336158888868,0.1970871015273794,9.400817053658622,11.231514054397778,0.0798549468448434
transformer,dl,STORE0012,SKU0048,752.0308418273926,53.716488701956614,14,1115.0,0.1804863147136876,0.2316328637998879,14.37444577898298,21.287789234129733,-0.0151841441612072
transformer,dl,STORE0004,SKU0062,277.26739501953125,19.804813929966517,14,293.0,0.179824555693226,0.1784492184204104,3.7634710584368025,4.334508639294311,-0.0276952359456658
transformer,dl,STORE0003,SKU0006,1120.7089157104492,80.05063683646065,14,1310.0,0.1788442364175811,0.2004020461500531,16.734710693359375,22.04587801915464,0.0213845405869811
transformer,dl,STORE0002,SKU0054,865.0908012390137,61.79220008850098,14,1097.0,0.1786475724921839,0.1976200717103967,13.998313358851842,16.65363743459576,-0.0262758155899256
transformer,dl,STORE0005,SKU0064,1429.790641784668,102.12790298461914,14,1440.0,0.1771021842956543,0.2034356916226899,18.21622467041016,24.165331057447364,-0.0041242281595865
transformer,dl,STORE0004,SKU0085,963.7633056640625,68.84023611886161,14,1270.0,0.1764692111278143,0.2067157535240376,16.008278438023158,17.995136304990915,-0.0367473512183962
transformer,dl,STORE0001,SKU0094,959.1768417358398,68.51263155256,14,1084.0,0.1763929599325595,0.1607512068383073,13.657854897635325,20.922668046864736,-0.1064572703794359
transformer,dl,STORE0012,SKU0098,538.3543815612793,38.45388439723423,14,579.0,0.1762182074301395,0.1872477529625242,7.287881578717913,8.835054805124852,0.0093666827740446
transformer,dl,STORE0006,SKU0100,1313.995864868164,93.85684749058315,14,1293.0,0.1760899720040754,0.1932458399457408,16.263166700090686,22.15552630539173,0.0341554067896395
transformer,dl,STORE0011,SKU0090,320.2246437072754,22.873188836233957,14,347.0,0.1759251421397976,0.1944614440149578,4.360430308750698,5.589343571536263,-0.0491827599253365
transformer,dl,STORE0006,SKU0013,1270.1559371948242,90.72542408534459,14,1958.0,0.1753432689818712,0.1659693784721479,24.523008619035995,32.98800533933009,-0.1280904931603218
transformer,dl,STORE0009,SKU0052,758.9068222045898,54.2076301574707,14,809.0,0.1743579152488001,0.1733393242571658,10.07539667401995,12.001025183764057,-0.0393575236882797
transformer,dl,STORE0008,SKU0006,1575.7258605957031,112.55184718540737,14,1939.0,0.1741478709967988,0.4820884479282538,24.11948013305664,33.275972324411484,-0.0320726722217577
transformer,dl,STORE0011,SKU0087,479.7130813598633,34.26522009713309,14,463.0,0.1734367930863382,0.2363930908693598,5.735802514212472,7.813984235124479,0.057292394452682
transformer,dl,STORE0010,SKU0045,727.9452705383301,51.996090752737864,14,1099.0,0.1727975944262184,0.3013102591552964,13.564611162458148,18.46046077438228,0.1336235067213091
transformer,dl,STORE0007,SKU0002,717.4171447753906,51.24408176967076,14,756.0,0.1725366481397517,0.1801022983833198,9.316978999546595,10.113477504773838,-0.0521881870491794
transformer,dl,STORE0006,SKU0084,388.25093269348145,27.73220947810582,14,437.0,0.1723607235696823,0.1604625264403376,5.380116871425083,7.052084008936143,-0.0840714408822136
transformer,dl,STORE0003,SKU0012,473.65099334716797,33.832213810511995,14,762.0,0.1719456519980443,0.1664695446007473,9.35875620160784,12.392452521259468,-0.1096512551695656
transformer,dl,STORE0011,SKU0036,523.5734786987305,37.39810562133789,14,745.0,0.1717049105855443,0.2578314543028699,9.137154170445037,13.663833237090266,0.1121110852132707
transformer,dl,STORE0003,SKU0049,519.9792137145996,37.14137240818569,14,525.0,0.1714479355585007,0.2166973659914888,6.429297583443778,8.33389459228774,0.0282870120093936
transformer,dl,STORE0005,SKU0098,641.2544479370117,45.80388913835798,14,711.0,0.1710573295668375,0.1836374916346239,8.687268665858678,12.246619195052425,-0.0317268371582031
transformer,dl,STORE0013,SKU0096,732.044563293457,52.288897378104075,14,753.0,0.1708729301949104,0.2047853777394058,9.190522602626256,11.275853160179793,-0.0025707766670946
transformer,dl,STORE0001,SKU0056,345.1653938293457,24.65467098781041,14,420.0,0.1696253640311105,0.1816717293515749,5.088760920933315,6.596183704169618,-0.0447861807686941
transformer,dl,STORE0010,SKU0028,1297.0451965332031,92.64608546665737,14,1787.0,0.1694492880165343,0.177857398392302,21.628991263253347,26.9608744630601,0.0024492363057192
transformer,dl,STORE0005,SKU0007,453.03778076171875,32.35984148297991,14,492.0,0.168975488926337,0.1941278223108358,5.9382814679827005,7.994636237160294,-0.0665388029765307
transformer,dl,STORE0011,SKU0046,1195.3975830078125,85.38554164341518,14,1787.0,0.1671794171965716,0.2430154210803254,21.339258466448104,29.543114787346138,0.0206910460503593
transformer,dl,STORE0010,SKU0001,1306.015884399414,93.28684888567243,14,1348.0,0.1670157208994517,0.1913383943724,16.08122798374721,21.38474702907883,0.0474637538106222
transformer,dl,STORE0008,SKU0078,468.67955780029297,33.477111271449495,14,541.0,0.1665610350434308,0.1556329670256351,6.436394282749721,7.709783393300293,-0.112747798785705
transformer,dl,STORE0006,SKU0009,888.9399642944336,63.49571173531668,14,920.0,0.1657168844471807,0.2021805511109842,10.889966692243304,16.42458030494459,-0.0128045123556385
transformer,dl,STORE0003,SKU0005,831.1974105834961,59.37124361310686,14,1159.0,0.1648396417125738,0.1555807494733022,13.646367481776648,18.0877564326523,-0.1228046137469919
transformer,dl,STORE0011,SKU0078,456.03891372680664,32.57420812334333,14,447.0,0.1646468612705034,0.187355969909101,5.25693907056536,6.086590129006138,0.0467001341066637
transformer,dl,STORE0008,SKU0066,447.2422180175781,31.945872715541295,14,465.0,0.1645135817989226,0.1772520736288346,5.46420110974993,6.367682030383049,0.0248868101386613
transformer,dl,STORE0009,SKU0065,747.3260040283203,53.38042885916574,14,898.0,0.1642018638899703,0.1589346353039888,10.53237669808524,13.384554645673594,0.0231504164188104
transformer,dl,STORE0002,SKU0027,1085.3348388671875,77.52391706194196,14,1812.0,0.1641839513715529,0.1921340736340724,21.250094277518137,24.71073679537911,-0.0497017454101023
transformer,dl,STORE0002,SKU0048,617.1119003295898,44.07942145211356,14,890.0,0.1640727096729064,0.1903163119768998,10.430336543491908,13.557306652446972,0.0139583201890581
transformer,dl,STORE0013,SKU0057,667.3121528625488,47.66515377589634,14,648.0,0.1630090548668378,0.1817396008796388,7.544990539550781,9.325673210864142,0.0510921478271484
transformer,dl,STORE0003,SKU0010,401.3166275024414,28.66547339303153,14,419.0,0.1626542621694487,0.1832174493642916,4.86800970349993,6.367958110399551,0.0289930603100177
transformer,dl,STORE0001,SKU0062,274.4179496765137,19.601282119750977,14,308.0,0.1625150086043716,0.1593152911315823,3.5753301892961766,4.195866555507487,-0.080206350846724
transformer,dl,STORE0012,SKU0061,1253.7995681762695,89.55711201259068,14,1301.0,0.1615823603519378,0.1622548406543792,15.01561791556222,19.282657550492477,-0.024498701278839
transformer,dl,STORE0010,SKU0055,185.88943481445312,13.277816772460938,14,213.0,0.1615129390232999,0.1638731389016671,2.457304000854492,2.858087709497846,-0.0844409029248734
transformer,dl,STORE0006,SKU0041,1110.897560119629,79.34982572283063,14,1818.0,0.1615106018200697,0.1941507353015191,20.973305293491908,25.808068377912985,0.0138993174067162
transformer,dl,STORE0003,SKU0001,1078.2082061767578,77.01487186976841,14,1181.0,0.161470805659928,0.1658176828038255,13.6212158203125,15.517175362271496,-0.0265804100198123
transformer,dl,STORE0003,SKU0025,276.61149978637695,19.757964270455496,14,350.0,0.1587533351353236,0.1790938573590552,3.968833378383092,4.678342774271802,0.1240874699183872
transformer,dl,STORE0006,SKU0032,929.086311340332,66.36330795288086,14,1432.0,0.1583506728017796,0.1620101348010115,16.19701167515346,20.374081180548643,-0.0447834483738052
transformer,dl,STORE0004,SKU0097,1045.4865951538086,74.67761393955776,14,1146.0,0.1575357460434732,0.1734450300563065,12.895426068987163,17.70666493791979,-0.0748373567537903
transformer,dl,STORE0012,SKU0023,945.7317962646484,67.5522711617606,14,986.0,0.1568563511598908,0.1674039974433038,11.047168731689451,13.773585655514676,0.0704803002533516
transformer,dl,STORE0010,SKU0006,1353.7611846923828,96.69722747802734,14,1503.0,0.1560498337228537,0.6251629485432704,16.7530642918178,29.08387414458209,0.0870197014418429
transformer,dl,STORE0003,SKU0007,316.1238021850586,22.580271584647043,14,352.0,0.1557090932672674,0.1403062868319713,3.914971487862723,5.88003665418052,-0.0803416642275723
transformer,dl,STORE0007,SKU0075,382.2365379333496,27.302609852382115,14,417.0,0.1555859911070167,0.1632326881409988,4.634239877973283,5.334810249987076,-0.0518994365664694
transformer,dl,STORE0005,SKU0062,275.61280059814453,19.686628614153182,14,300.0,0.1550709915161132,0.1714600462780121,3.322949818202426,5.103825638465491,-0.055519193013509
transformer,dl,STORE0009,SKU0008,324.2619857788086,23.161570412772043,14,367.0,0.1545273367650502,0.1596163499984896,4.050823756626673,5.156544321505141,-0.0944873487592068
transformer,dl,STORE0010,SKU0101,204.90323638916016,14.635945456368583,14,214.0,0.1496674368314653,0.1839753681946057,2.287773677280971,2.8589394439381275,0.1180653081876095
transformer,dl,STORE0011,SKU0004,1406.0446472167969,100.4317605154855,14,1501.0,0.1494485142229399,0.1476322185016165,16.02301570347377,21.61478319205252,-0.0511056085493785
transformer,dl,STORE0007,SKU0011,247.65052032470703,17.689322880336217,14,253.0,0.1491831828483008,0.1851669695215766,2.695953232901437,3.76768936454222,0.1078872605274788
transformer,dl,STORE0012,SKU0044,946.7209968566895,67.62292834690639,14,1271.0,0.1484344866592803,0.1512825864734268,13.475730895996094,16.54408041178612,0.0107135547604924
transformer,dl,STORE0003,SKU0028,1085.4008102416992,77.52862930297852,14,1445.0,0.1481456716992863,0.1578610248281604,15.290749686104911,17.23628021652377,0.03294918495891
transformer,dl,STORE0011,SKU0069,1172.7934341430664,83.7709595816476,14,1593.0,0.1474484038367933,0.1479988238223644,16.77752195085798,27.97985991441048,-0.068531335709758
transformer,dl,STORE0008,SKU0083,1339.3903427124023,95.67073876517159,14,1555.0,0.1471929126997086,0.1312109506683001,16.348927089146205,21.284126632638085,-0.1265193730688555
transformer,dl,STORE0002,SKU0069,847.3738250732422,60.52670179094587,14,1055.0,0.1459528773881812,0.1526894055444387,10.998591831752233,16.328151923401258,0.0102061701046911
transformer,dl,STORE0009,SKU0050,230.92303085327148,16.494502203805105,14,233.0,0.1432971708764334,0.1497716110704758,2.3848743438720703,2.664732052444676,0.0324617475910759
transformer,dl,STORE0006,SKU0064,1446.0501708984375,103.28929792131696,14,1484.0,0.1382369429596029,0.1378164244608228,14.653115953717911,17.973873523200847,-0.0151915383146136
transformer,dl,STORE0006,SKU0060,937.356632232666,66.95404515947614,14,986.0,0.1376672361733705,0.1382902098883143,9.69570677621024,11.88082967375564,-0.0400412019803122
transformer,dl,STORE0001,SKU0033,1289.6365585327148,92.11689703805106,14,1816.0,0.1374230321808534,0.1324416057676009,17.825730460030695,24.88271374773321,0.0238983305540379
transformer,dl,STORE0004,SKU0096,1451.511604309082,103.67940030779157,14,1579.0,0.1364822194423759,0.1287053294028854,15.393244607107976,26.18715891467946,-0.0624574464359488
transformer,dl,STORE0003,SKU0099,1036.6790924072266,74.04850660051618,14,1227.0,0.1356016188592763,0.1285866464828167,11.884513310023715,15.57994808314583,-0.033009815915581
transformer,dl,STORE0010,SKU0090,269.0580520629883,19.21843229021345,14,267.0,0.1342951170960615,0.139344389274834,2.561199733189174,3.1033241917797985,0.0461030024267761
transformer,dl,STORE0012,SKU0033,1070.7678451538086,76.48341751098633,14,1467.0,0.1288497342328758,0.1413239520914014,13.501611437116347,17.675697015207348,0.0507959211124557
transformer,dl,STORE0009,SKU0097,908.5624198913574,64.89731570652553,14,932.0,0.1215552546947299,0.1163085459287891,8.09210695539202,12.20660119535027,0.0011462019236814
transformer,dl,STORE0005,SKU0091,290.00999450683594,20.71499960763114,14,329.0,0.1143778305285607,0.1134982598086661,2.687879017421177,3.0987346036595644,0.0400273169427657
transformer,dl,STORE0003,SKU0101,174.2441635131836,12.446011679513115,14,211.0,0.0957599296389032,0.0909068822312618,1.4432389395577567,2.0335817619838994,-0.0193778304692128
xgboost,ml,STORE0002,SKU0063,476.3289051055908,34.02349322182791,14,529.0,0.5450299621928166,0.9668438773085964,20.59434642857143,26.83972424305786,0.30178804536862
xgboost,ml,STORE0005,SKU0013,1219.7417068481445,87.12440763201032,14,1453.0,0.5434175567790778,2.3591461330174672,56.39897928571429,78.53533848287101,0.344933675154852
xgboost,ml,STORE0011,SKU0023,944.3911514282227,67.45651081630162,14,964.0,0.541611208506224,1.1771984161571296,37.29380035714286,49.00475731471728,0.3404025466804978
xgboost,ml,STORE0009,SKU0069,911.2297821044922,65.0878415788923,14,1072.0,0.5198873619402985,0.664331483680223,39.808518,52.11378807479567,0.2913717201492537
xgboost,ml,STORE0001,SKU0019,224.6208896636963,16.04434926169259,14,244.0,0.5173292704918031,0.5565650018692707,9.01631014285714,11.34866112078951,0.2532945573770491
xgboost,ml,STORE0010,SKU0098,506.3167495727539,36.16548211233957,14,456.0,0.5143500021929824,2.094932380980761,16.753114357142856,20.741335745724843,0.3303038311403508
xgboost,ml,STORE0002,SKU0086,98.60655546188354,7.043325390134539,14,104.0,0.5082784519230769,0.9287758906569292,3.775782785714285,4.888476866536279,0.2146659326923077
xgboost,ml,STORE0013,SKU0002,461.5609302520752,32.968637875148225,14,399.0,0.5045368145363409,1.086445566398324,14.379299214285714,16.91164597726454,0.3240302481203008
xgboost,ml,STORE0005,SKU0045,822.5305595397949,58.75218282427107,14,985.0,0.4995122639593908,0.8046568494977763,35.14425571428571,43.46322359560092,0.4013610152284264
xgboost,ml,STORE0008,SKU0043,715.5124893188477,51.10803495134626,14,765.0,0.494050583006536,4.300796800794016,26.99633542857143,35.04585727201618,0.1678514718954248
xgboost,ml,STORE0006,SKU0063,640.7893142700195,45.770665305001394,14,749.0,0.4938402937249667,0.8881777959905763,26.420455714285715,34.90698772745818,0.2171069986648865
xgboost,ml,STORE0006,SKU0095,425.9229736328125,30.423069545200892,14,373.0,0.4915134879356568,1.3101550400074846,13.095323642857142,15.470743640114096,0.2728408284182306
xgboost,ml,STORE0008,SKU0029,499.3279151916504,35.66627965654646,14,460.0,0.475551352173913,1.318815328846396,15.625258714285716,19.896849426953786,0.351773552173913
xgboost,ml,STORE0013,SKU0071,215.5630989074707,15.397364207676478,14,195.0,0.4660588333333332,0.7552721298839111,6.491533749999999,7.222467790363852,0.1687920641025641
xgboost,ml,STORE0007,SKU0080,742.3112030029297,53.02222878592355,14,717.0,0.4641916066945605,0.6608331468287265,23.773241571428567,30.147348875991057,0.2112593863319386
xgboost,ml,STORE0007,SKU0101,156.76796913146973,11.197712080819267,14,165.0,0.4624416272727273,2.099989809171629,5.450204892857143,7.723950631153748,0.3112465242424242
xgboost,ml,STORE0002,SKU0066,286.5365867614746,20.466899054391043,14,253.0,0.4618073478260869,2.670066299873949,8.345518499999999,10.777857091516832,0.3409418932806324
xgboost,ml,STORE0011,SKU0098,552.3746681213379,39.45533343723842,14,576.0,0.4610027413194444,1.8046233047720328,18.966969928571427,23.497666732064623,0.0802380538194444
xgboost,ml,STORE0005,SKU0020,732.0458106994629,52.28898647853306,14,625.0,0.4529869552,0.715145074136292,20.222631928571428,25.04306205305221,0.380235512
xgboost,ml,STORE0002,SKU0016,239.36865234375,17.097760881696427,14,271.0,0.4508766014760147,1.979209911125708,8.727682785714284,10.794406211382665,0.171125332103321
xgboost,ml,STORE0007,SKU0084,233.71123123168945,16.693659373692103,14,196.0,0.4473013673469388,1.1916513346663666,6.262219142857143,8.246311865503493,0.360056887755102
xgboost,ml,STORE0006,SKU0034,1827.3417510986328,130.52441079275948,14,2432.0,0.4452647985197369,0.999664195378464,77.34885642857144,97.59050648159588,0.1349355550986842
xgboost,ml,STORE0005,SKU0086,123.06163501739502,8.790116786956787,14,135.0,0.4434542518518519,0.4488719597111222,4.276166000000001,6.439087471152259,0.3913201925925926
xgboost,ml,STORE0007,SKU0043,532.9094734191895,38.06496238708496,14,512.0,0.4428383359375,0.8189572262654767,16.19523057142857,22.892152148239983,0.311595125
xgboost,ml,STORE0007,SKU0049,540.9103126525879,38.63645090375628,14,502.0,0.4414877788844622,0.605948842367565,15.83049035714286,17.139027742125325,0.1847844442231075
xgboost,ml,STORE0011,SKU0055,226.6911325454712,16.19222375324794,14,192.0,0.4391567604166667,0.641242104477829,6.022721285714286,8.058398075228022,0.1999917916666666
xgboost,ml,STORE0003,SKU0060,658.8963432312012,47.06402451651437,14,634.0,0.4386406892744481,0.7413695207052479,19.86415692857144,23.084690858718247,0.0290722981072555
xgboost,ml,STORE0001,SKU0092,1362.8112030029297,97.34365735735211,14,1319.0,0.4375583244882488,0.6807731053834002,41.22424500000001,50.49298223241757,0.049340993176649
xgboost,ml,STORE0007,SKU0097,715.9336471557617,51.13811765398298,14,650.0,0.4357068261538462,4.687773158244184,20.2292455,27.023541664129077,0.0499376507692307
xgboost,ml,STORE0010,SKU0076,389.9986763000488,27.857048307146346,14,354.0,0.435305127118644,1.736940126789888,11.00700107142857,13.99541822010671,0.1659550423728813
xgboost,ml,STORE0002,SKU0023,697.6536827087402,49.83240590776716,14,801.0,0.4328480349563045,0.631115542567872,24.765091142857138,32.27947369809465,0.0819057478152309
xgboost,ml,STORE0009,SKU0016,307.7032814025879,21.978805814470565,14,347.0,0.4313567694524495,1.2957336491965317,10.691485642857142,13.66248635342766,0.0886175187319884
xgboost,ml,STORE0012,SKU0091,214.43382930755615,15.316702093396868,14,223.0,0.4310290134529148,0.6406337538150936,6.865676428571429,8.449651017260003,0.3549437578475336
xgboost,ml,STORE0003,SKU0031,612.896427154541,43.77831622532436,14,713.0,0.428744760168303,0.5738673703014875,21.83535814285715,28.43698397670231,0.1092972033660589
xgboost,ml,STORE0008,SKU0047,1053.862548828125,75.27589634486607,14,1012.0,0.428308449604743,0.555898363115733,30.960582214285715,34.6724595162641,0.3145587460474308
xgboost,ml,STORE0006,SKU0012,606.5528869628906,43.32520621163504,14,852.0,0.428248311032864,1.031997763746621,26.061968642857156,29.479393670258176,0.3451859964788732
xgboost,ml,STORE0002,SKU0015,118.40796232223511,8.457711594445366,14,102.0,0.4231517009803922,1.1438843036802484,3.082962392857143,3.830955026870289,0.2827304656862745
xgboost,ml,STORE0007,SKU0027,1330.4296798706055,95.03069141932896,14,1769.0,0.4190711842849067,1.445512481688098,52.9526375,63.67549725789063,-0.0696591718485019
xgboost,ml,STORE0005,SKU0073,147.39767456054688,10.528405325753349,14,127.0,0.4189467007874016,0.4448815230408481,3.800445071428572,4.944788742261572,0.2274933937007874
xgboost,ml,STORE0011,SKU0039,260.36541175842285,18.597529411315918,14,264.0,0.4189013295454546,1.6959949927630107,7.899282214285715,8.984109342280755,0.0304691477272727
xgboost,ml,STORE0004,SKU0051,1076.571548461914,76.89796774727958,14,970.0,0.4166381350515463,1.4308025538697469,28.867070785714283,37.89670973743842,0.1288997
xgboost,ml,STORE0013,SKU0025,226.27309036254883,16.162363597324916,14,206.0,0.4148173106796117,0.7362782317624486,6.103740428571429,7.474431031300538,0.2665025631067962
xgboost,ml,STORE0001,SKU0016,354.0216236114502,25.287258829389298,14,404.0,0.4135281287128713,0.7825917162492573,11.933240285714287,13.508121653991122,0.0741806138613861
xgboost,ml,STORE0001,SKU0024,726.0694313049316,51.86210223606655,14,665.0,0.4125423112781955,1.6387867148952713,19.59575978571429,24.725010922168646,0.1538434601503759
xgboost,ml,STORE0002,SKU0043,540.9359283447266,38.6382805960519,14,546.0,0.4123564340659341,0.5331052002202288,16.08190092857143,19.445998547836822,0.3838788919413919
xgboost,ml,STORE0006,SKU0017,1384.8931427001953,98.92093876429966,14,1393.0,0.4112478930366116,1.7162107458637244,40.91916535714285,50.31260185536164,0.1787320911701364
xgboost,ml,STORE0006,SKU0081,980.9752922058105,70.06966372898647,14,946.0,0.4112311712473573,0.5853907018589961,27.78747771428572,33.31342824284091,0.0634258033826638
xgboost,ml,STORE0010,SKU0100,1133.7219696044922,80.98014068603516,14,1076.0,0.4095057286245352,0.7029186515667655,31.47344028571428,37.96259649715452,0.0168782936802974
xgboost,ml,STORE0007,SKU0066,289.4224338531494,20.67303098951067,14,279.0,0.4092770752688172,0.7162500945888128,8.156307428571427,9.605398043113896,0.2433088673835125
xgboost,ml,STORE0009,SKU0032,909.3025894165039,64.95018495832171,14,997.0,0.4090055075225677,1.89469288893274,29.127035071428573,45.27522645062064,0.102831816449348
xgboost,ml,STORE0003,SKU0050,190.87939739227295,13.63424267087664,14,170.0,0.4075655235294118,0.7562147723638039,4.949009928571429,5.724055735695134,0.1045142411764705
xgboost,ml,STORE0002,SKU0062,198.4217119216919,14.172979422977992,14,188.0,0.4048171489361702,1.3695623808098658,5.436116,6.781712069377636,-0.0103916702127659
xgboost,ml,STORE0008,SKU0059,384.6703681945801,27.476454871041433,14,364.0,0.4041163186813187,0.373275690558101,10.507024285714284,12.389344662534722,0.0624081153846153
xgboost,ml,STORE0009,SKU0057,1129.7296524047852,80.69497517177037,14,986.0,0.4033662434077079,0.9835838657765616,28.408508285714284,37.434878875436,0.2341550669371196
xgboost,ml,STORE0001,SKU0020,680.9249610900879,48.63749722072056,14,665.0,0.4024834721804511,0.908833276062908,19.11796492857143,23.03392593895933,0.1245725759398496
xgboost,ml,STORE0004,SKU0076,407.9136962890625,29.136692592075892,14,386.0,0.4015491321243524,0.538698979147877,11.071283214285716,12.597175567487003,0.1868462357512953
xgboost,ml,STORE0001,SKU0043,669.289421081543,47.80638722011021,14,718.0,0.4010984080779945,0.485362761243251,20.57061835714286,30.207124373490785,0.3010457395543175
xgboost,ml,STORE0002,SKU0031,637.7898406982422,45.55641719273159,14,646.0,0.4001999473684211,1.293042215078183,18.466369000000004,22.98151305494379,0.2323054643962848
xgboost,ml,STORE0005,SKU0084,339.87818145751953,24.277012961251394,14,296.0,0.3984999831081081,1.1026559210553246,8.425428214285713,10.970914886288554,0.2343136993243243
xgboost,ml,STORE0009,SKU0012,564.1856536865234,40.2989752633231,14,729.0,0.3984390301783264,1.2463659428980856,20.747289499999997,28.19105081605671,0.3361770054869684
xgboost,ml,STORE0009,SKU0077,758.8248634338379,54.201775959559846,14,716.0,0.3979696340782122,0.7275670609140982,20.353304142857137,29.884910455823352,0.3370571480446927
xgboost,ml,STORE0006,SKU0046,1301.487060546875,92.96336146763393,14,1571.0,0.3976383711012094,0.6661759559395382,44.620705785714286,57.81073779250424,0.0830336912794398
xgboost,ml,STORE0009,SKU0099,1230.1863632202148,87.87045451572963,14,1318.0,0.3972719233687404,0.8429081208903002,37.40031392857143,46.15834002508138,0.0957365364188163
xgboost,ml,STORE0008,SKU0007,411.4663829803467,29.39045592716762,14,374.0,0.3970677085561498,2.315387240835632,10.607380214285715,13.207979827737152,0.0712259812834224
xgboost,ml,STORE0001,SKU0058,1355.3378143310547,96.80984388078961,14,1284.0,0.3967486845794392,1.2591039075771826,36.38752221428571,44.0868292165538,0.0659021191588785
xgboost,ml,STORE0011,SKU0035,2036.0142517089844,145.4295894077846,14,2625.0,0.3941400723809524,0.7374828939979847,73.90126357142857,87.40354105136404,-0.0198512114285714
xgboost,ml,STORE0005,SKU0075,528.5401382446289,37.75286701747349,14,553.0,0.3933207106690778,0.3532692825789311,15.536168071428571,18.283422167044392,-0.1213196546112115
xgboost,ml,STORE0002,SKU0084,275.101900100708,19.650135721479142,14,259.0,0.3926920926640927,0.7223752101910929,7.264803714285715,8.461155558835271,0.1107560231660231
xgboost,ml,STORE0007,SKU0039,192.36058902740479,13.740042073386055,14,183.0,0.3920492213114754,1.456833041349174,5.124643392857143,6.038743524069717,0.0391322978142076
xgboost,ml,STORE0001,SKU0035,2075.819580078125,148.2728271484375,14,3090.0,0.3893182071197411,0.6677938813571328,85.92809,108.33257842140596,-0.1529142912621359
xgboost,ml,STORE0005,SKU0019,226.930419921875,16.209315708705358,14,248.0,0.3875499032258065,1.00404190467201,6.865169714285715,9.806852308132235,0.2178750806451612
xgboost,ml,STORE0006,SKU0098,557.3669242858887,39.81192316327776,14,581.0,0.3872432048192771,1.1901226604182928,16.070593,20.16086933177804,0.1327634939759036
xgboost,ml,STORE0007,SKU0061,958.9717636108398,68.49798311506,14,794.0,0.3871913929471033,0.9225857581264068,21.95928328571429,28.727618572698464,0.2881825869017632
xgboost,ml,STORE0007,SKU0036,502.2302360534668,35.873588289533345,14,496.0,0.3870317479838709,0.8270284376175353,13.71198192857143,16.056280154744982,0.0542627237903225
xgboost,ml,STORE0008,SKU0031,870.2422981262207,62.160164151872905,14,917.0,0.3863625016357689,0.9202492457731024,25.306743857142862,31.562413244118492,0.1586191428571428
xgboost,ml,STORE0008,SKU0035,2039.90771484375,145.70769391741072,14,2593.0,0.385707913613575,1.834312059385617,71.43861571428572,85.30194897107368,0.0365777863478596
xgboost,ml,STORE0007,SKU0053,363.06561851501465,25.93325846535819,14,352.0,0.3855129943181818,1.3898779058118482,9.692898142857144,12.306104243779334,-0.0291778352272727
xgboost,ml,STORE0013,SKU0006,743.7427787780762,53.12448419843401,14,938.0,0.3853906300639659,0.5064263611877472,25.82117221428572,33.17713151525439,-0.0340419648187633
xgboost,ml,STORE0004,SKU0029,517.111686706543,36.936549050467356,14,525.0,0.3851253447619048,1.7115292602992669,14.44220042857143,17.71341065860456,0.1739253104761904
xgboost,ml,STORE0003,SKU0008,268.5669631958008,19.18335451398577,14,243.0,0.3843244444444444,0.5810538453147797,6.670774285714286,7.590967607130755,0.0763554897119341
xgboost,ml,STORE0004,SKU0068,534.8334999084473,38.202392850603374,14,562.0,0.3841616014234875,0.4745755640368027,15.421344285714286,20.33398429314459,0.2640943309608541
xgboost,ml,STORE0011,SKU0100,1222.7285766601562,87.33775547572544,14,1173.0,0.3833994254049445,0.4994092127019286,32.12339471428571,35.297094459258815,0.1212988184143222
xgboost,ml,STORE0009,SKU0058,1226.8359832763672,87.63114166259766,14,1123.0,0.3831181139804097,2.771236465068605,30.731545857142866,39.79550380638415,0.0997765182546749
xgboost,ml,STORE0002,SKU0038,1063.592384338379,75.97088459559849,14,1030.0,0.3829810728155339,0.6449903798678429,28.176464642857137,32.653423249246686,0.0855353058252427
xgboost,ml,STORE0013,SKU0028,919.2894973754883,65.6635355268206,14,879.0,0.3822740671217292,6.136413289338361,24.001350357142854,31.476310078353254,0.1382394482366325
xgboost,ml,STORE0006,SKU0091,238.37063121795654,17.026473658425466,14,294.0,0.3793326156462585,0.5264818525491117,7.965984928571428,10.521246979723273,0.0459152142857142
xgboost,ml,STORE0002,SKU0026,1141.0823059082031,81.50587899344308,14,1008.0,0.3781847182539682,3.82442501419838,27.229299714285712,36.25047095200652,0.2355352817460317
xgboost,ml,STORE0010,SKU0017,1252.6247787475586,89.47319848196847,14,1321.0,0.3781706404239213,0.6529950764362934,35.68310114285715,49.43844850218405,-0.0033828735806207
xgboost,ml,STORE0005,SKU0060,935.4610214233398,66.81864438738141,14,923.0,0.3772608504875406,0.48334188830441,24.87226892857143,29.50654330119689,0.0457215222101841
xgboost,ml,STORE0007,SKU0048,718.4700546264648,51.31928961617606,14,761.0,0.3771289093298291,0.8034851681437233,20.49965,24.71388314433784,0.1451969513797635
xgboost,ml,STORE0002,SKU0099,1013.5979766845703,72.3998554774693,14,1098.0,0.37514956284153,0.8768683765837116,29.422444285714285,42.20126289689748,0.0214010637522768
xgboost,ml,STORE0006,SKU0033,1502.6863250732422,107.33473750523159,14,1674.0,0.3730629755077658,0.6586082610444862,44.60767292857143,55.44245386181935,0.0223727891278374
xgboost,ml,STORE0007,SKU0074,592.8366661071777,42.345476150512695,14,734.0,0.3713778242506811,0.6465940379541913,19.470808785714286,25.773508669072587,0.205444628065395
xgboost,ml,STORE0006,SKU0053,449.4795608520508,32.10568291800363,14,441.0,0.3713474693877551,0.5580359959069059,11.697445285714284,14.687803152583289,-0.0342319591836734
xgboost,ml,STORE0005,SKU0016,336.6433506011963,24.045953614371165,14,417.0,0.3703124004796163,0.5035685062092158,11.030019357142857,13.49776802823329,-0.0091679208633093
xgboost,ml,STORE0005,SKU0006,1499.000114440918,107.07143674577985,14,2295.0,0.3693927982570806,0.3797166292207412,60.55403371428572,73.0221404256888,-0.1782021612200436
xgboost,ml,STORE0013,SKU0068,339.3841915130615,24.24172796521868,14,381.0,0.367134842519685,0.4275971715222734,9.9913125,12.948315747220784,-0.1245688950131233
xgboost,ml,STORE0003,SKU0086,100.92515850067139,7.208939892905099,14,117.0,0.3666796350427351,0.834808353689849,3.064394092857144,3.702235113601037,0.1182651649572649
xgboost,ml,STORE0006,SKU0048,1004.8771705627441,71.77694075448173,14,1136.0,0.3656530765845069,0.5418829590834761,29.67013535714285,33.829752499556136,0.1401842262323943
xgboost,ml,STORE0010,SKU0034,1813.1181869506836,129.50844192504883,14,2551.0,0.3652544805958447,0.4336037597258569,66.55458428571428,91.03216855637172,-0.0817511642493139
xgboost,ml,STORE0002,SKU0017,989.8356781005859,70.70254843575614,14,1063.0,0.3648140319849483,1.1689768530100733,27.699808285714287,36.24011696707738,-0.0624183499529633
xgboost,ml,STORE0003,SKU0088,256.39759254455566,18.314113753182546,14,242.0,0.36481347107438,0.8694422339453293,6.306061428571427,7.97786737629685,0.0089497272727272
xgboost,ml,STORE0006,SKU0071,443.7660884857178,31.697577748979842,14,423.0,0.3639839787234043,0.532574464958538,10.997515928571431,12.77448930056245,0.1502168439716312
xgboost,ml,STORE0011,SKU0020,700.881721496582,50.06298010689871,14,659.0,0.3627720015174507,0.8705896900851641,17.07619635714286,22.11533548119997,0.0852440773899848
xgboost,ml,STORE0012,SKU0053,433.14293479919434,30.93878105708531,14,428.0,0.3622456308411215,0.4535179769171585,11.074366428571429,12.341295072085629,0.0335668504672897
xgboost,ml,STORE0008,SKU0051,1100.879539489746,78.63425282069615,14,1030.0,0.3615097106796117,1.3159505996499432,26.596785857142866,34.95040251522172,0.0941945941747572
xgboost,ml,STORE0007,SKU0034,1556.8086013793945,111.20061438424247,14,1854.0,0.3607061758360301,0.4781049388827449,47.76780357142856,57.86519104721638,0.1099144174757281
xgboost,ml,STORE0009,SKU0015,148.39953994750977,10.599967139107841,14,147.0,0.3595340476190476,0.9957980681922246,3.7751075000000007,4.390615125049166,0.0100313945578231
xgboost,ml,STORE0007,SKU0055,151.96151065826416,10.85439361844744,14,138.0,0.3594200543478261,0.6717531129495505,3.542854821428572,4.454921424125548,0.1010293731884058
xgboost,ml,STORE0006,SKU0056,333.0610008239746,23.790071487426758,14,379.0,0.357639216358839,1.2532285623115615,9.681804499999998,14.00607636051068,0.0099889894459102
xgboost,ml,STORE0010,SKU0092,1240.0620422363281,88.57586015973773,14,1253.0,0.3574459577015164,0.5384493863895383,31.99141321428572,37.56508955965396,-0.0689463248204309
xgboost,ml,STORE0009,SKU0003,266.8643989562988,19.061742782592773,14,237.0,0.3572211392405062,0.831967083740051,6.047243571428569,7.592756934223308,0.1418261772151898
xgboost,ml,STORE0001,SKU0066,418.11481857299805,29.865344183785574,14,429.0,0.3569006293706293,0.8003407319764009,10.936455,13.100607109400428,0.0700712027972027
xgboost,ml,STORE0005,SKU0023,955.505786895752,68.25041334969657,14,1133.0,0.3557679258605472,0.5519722039324362,28.79179,34.39127973313072,0.1110271597528684
xgboost,ml,STORE0001,SKU0026,1438.383056640625,102.74164690290179,14,1585.0,0.3550410599369085,0.559064459973296,40.19572,47.8767589215999,0.0510589589905362
xgboost,ml,STORE0011,SKU0043,723.5648002624512,51.68320001874651,14,803.0,0.3544434533001245,0.9269147252539762,20.329863785714284,26.110196484248007,0.1571211594022415
xgboost,ml,STORE0010,SKU0097,917.9093170166016,65.56495121547154,14,883.0,0.3540941947904869,0.829103697100637,22.33322671428571,26.491938462262823,0.0819307791619479
xgboost,ml,STORE0004,SKU0014,849.4222373962402,60.6730169568743,14,812.0,0.3539719088669951,1.9495150754764043,20.53037071428572,26.50299240824644,0.1058591330049261
xgboost,ml,STORE0009,SKU0082,784.8073806762695,56.05767004830496,14,680.0,0.353617694117647,1.1571413243998532,17.17571657142857,22.138178412292696,0.1703198558823529
xgboost,ml,STORE0006,SKU0031,814.0813331604004,58.14866665431431,14,943.0,0.3531768791092258,0.5016423920936025,23.7889855,29.41232826588805,0.1588391760339342
xgboost,ml,STORE0004,SKU0077,827.6612243652344,59.11865888323103,14,944.0,0.3525803029661018,1.4438589784665328,23.77398614285715,32.21602858547089,0.1521251610169492
xgboost,ml,STORE0003,SKU0070,1106.8074951171875,79.05767822265625,14,996.0,0.3525748694779116,0.4118789173810273,25.08318357142857,31.66925160776402,0.0895562851405622
xgboost,ml,STORE0010,SKU0089,542.556713104248,38.75405093601772,14,507.0,0.3520439368836291,1.350582806202573,12.749019714285712,17.717299288783387,0.1163112741617356
xgboost,ml,STORE0010,SKU0036,562.1234397888184,40.15167427062988,14,589.0,0.3519684838709678,0.506806982481963,14.80781692857143,17.17488179339805,0.072597336162988
xgboost,ml,STORE0010,SKU0020,618.2566528320312,44.16118948800223,14,601.0,0.3514497321131447,0.5576441315398455,15.087234928571428,18.445946079490877,0.0408493627287853
xgboost,ml,STORE0010,SKU0079,1058.3853607177734,75.59895433698382,14,989.0,0.3507749332659252,0.4854203408589813,24.7797435,26.913942067712124,0.110363924165824
xgboost,ml,STORE0012,SKU0005,987.976993560791,70.56978525434222,14,1255.0,0.3505196581673306,0.4709389662977838,31.42158364285714,39.78359477872348,0.014796184063745
xgboost,ml,STORE0007,SKU0016,282.8447952270508,20.203199659075057,14,360.0,0.3495076027777777,0.2575516987454304,8.987338357142857,13.931621293901308,-0.1826950694444444
xgboost,ml,STORE0008,SKU0056,319.8148612976074,22.843918664114817,14,385.0,0.3494958857142857,0.4483022808963336,9.611136857142856,14.49259967306725,-0.0156568363636363
xgboost,ml,STORE0012,SKU0097,910.3335800170898,65.02382714407784,14,907.0,0.3492781124586549,0.6767003819194973,22.628232,26.490552168550813,-0.0579296185226019
xgboost,ml,STORE0006,SKU0058,1410.8170623779297,100.77264731270927,14,1505.0,0.3492459102990033,0.3579418244923472,37.54393535714286,49.02551211228539,-0.0702079448504983
xgboost,ml,STORE0009,SKU0022,1294.6583404541016,92.47559574672154,14,1233.0,0.3492171200324411,0.7840884431904165,30.756050642857137,38.48290653492185,0.0455252222222222
xgboost,ml,STORE0009,SKU0023,841.1183853149414,60.07988466535296,14,991.0,0.3490931775983854,0.3961482480502526,24.710809928571425,30.123307422430223,0.0353899566094853
xgboost,ml,STORE0013,SKU0013,605.4667129516602,43.24762235369001,14,796.0,0.3488594233668341,0.7070817630745496,19.83515007142857,26.50838131899523,0.216595006281407
xgboost,ml,STORE0012,SKU0060,752.702579498291,53.764469964163645,14,689.0,0.3487562510885341,1.030156185946007,17.163789785714282,21.866328731537067,0.0688366981132075
xgboost,ml,STORE0010,SKU0040,267.0940990447998,19.078149931771414,14,367.0,0.3484864359673025,2.8991772063438352,9.135323,12.976352976309856,0.165847242506812
xgboost,ml,STORE0012,SKU0083,1204.249038696289,86.01778847830636,14,1138.0,0.3474785808435852,2.514713886312861,28.245044642857145,36.04761047297634,0.0159931678383128
xgboost,ml,STORE0005,SKU0041,1111.3776550292969,79.38411821637835,14,1350.0,0.3472871177777778,0.6055745927265417,33.488400642857144,47.90691295296565,0.20361206
xgboost,ml,STORE0008,SKU0101,216.16824626922607,15.440589019230433,14,243.0,0.34621429218107,0.8613256657194539,6.0092909285714295,7.712224489625717,0.1515438312757201
xgboost,ml,STORE0004,SKU0028,1545.1959075927734,110.37113625662667,14,1815.0,0.3452368815426997,0.7163901947560551,44.75749571428571,54.05811615944455,0.0488753057851239
xgboost,ml,STORE0009,SKU0093,910.1691131591797,65.01207951136998,14,889.0,0.3450765208098987,0.5339595339598385,21.91235907142857,26.317112481916087,0.1549781248593925
xgboost,ml,STORE0012,SKU0013,1157.8719787597656,82.70514133998326,14,1554.0,0.3447612972972972,3.2039837825967106,38.268504,45.551162303270274,0.0623644311454311
xgboost,ml,STORE0002,SKU0087,290.35473251342773,20.739623750959122,14,272.0,0.3445463676470588,0.58610751020326,6.694043714285714,8.150379133049894,0.1108917794117646
xgboost,ml,STORE0006,SKU0088,373.46706771850586,26.676219122750418,14,402.0,0.3441274552238806,0.3609594385511413,9.88137407142857,11.985739961970364,-0.197594067164179
xgboost,ml,STORE0003,SKU0021,602.35107421875,43.025076729910715,14,560.0,0.3434433053571428,1.2044726075158674,13.737732214285712,17.485368839674905,0.0785603482142857
xgboost,ml,STORE0013,SKU0026,775.5128898620605,55.39377784729004,14,724.0,0.3433905621546961,0.4063913634002116,17.758197642857144,25.755773463474476,0.2120291643646408
xgboost,ml,STORE0006,SKU0069,1112.5445938110352,79.4674709865025,14,1386.0,0.3428927662337662,0.5927649552835076,33.946383857142855,40.42547639154154,0.1312649249639249
xgboost,ml,STORE0003,SKU0044,1003.4001922607422,71.67144230433873,14,1028.0,0.3428872470817121,0.4522582788601444,25.17772071428572,30.191818952674616,-0.0453550583657587
xgboost,ml,STORE0001,SKU0065,837.9022941589355,59.85016386849539,14,1009.0,0.3424264222001982,0.7835606955198843,24.679161428571437,37.83402251783136,0.1032010901883052
xgboost,ml,STORE0001,SKU0078,458.24264907836914,32.73161779131208,14,466.0,0.3423962103004292,0.9894755398717364,11.396902428571428,13.351717456420117,-0.0486463004291845
xgboost,ml,STORE0011,SKU0026,1416.9303894042969,101.20931352887835,14,1462.0,0.3420848344733243,0.9895823676232208,35.72343057142858,45.97808578016335,0.1023226730506155
xgboost,ml,STORE0012,SKU0043,573.3906745910645,40.95647675650461,14,719.0,0.3416999443671766,0.3342355351098933,17.548732857142856,21.23904976504748,-0.0305237885952712
xgboost,ml,STORE0006,SKU0102,1285.9258575439453,91.85184696742466,14,1498.0,0.3411563391188251,0.5342009825042202,36.50372828571428,44.01365243150381,0.2245853244325767
xgboost,ml,STORE0007,SKU0065,611.4657325744629,43.67612375531878,14,707.0,0.3407176421499292,0.3484619344082672,17.206240928571425,23.405909156055912,0.1274856053748232
xgboost,ml,STORE0011,SKU0015,152.60581874847412,10.900415624891009,14,141.0,0.3403094113475177,1.1632469771062273,3.427401928571429,4.512638060108941,0.1666737943262411
xgboost,ml,STORE0013,SKU0076,242.34058380126953,17.310041700090682,14,226.0,0.340229610619469,0.6914454911631978,5.492278,6.72762280605473,0.0236239646017699
xgboost,ml,STORE0005,SKU0070,1426.9977798461914,101.92841284615653,14,1516.0,0.3398221563324538,3.168023364282172,36.79788492857143,47.7537692122508,-0.0206077038258575
xgboost,ml,STORE0001,SKU0059,401.03009033203125,28.645006452287948,14,390.0,0.3391628461538462,0.519585253041715,9.448107857142858,10.707713971342562,0.0351720461538461
xgboost,ml,STORE0012,SKU0001,1459.8634948730469,104.27596391950335,14,1615.0,0.3390591727554179,0.6404313539777954,39.11289742857143,48.19461093621504,-0.179370106501548
xgboost,ml,STORE0011,SKU0024,788.1874885559082,56.29910632542202,14,794.0,0.3390110226700251,0.6248191386663094,19.226768,23.653661722091783,0.0274363173803526
xgboost,ml,STORE0003,SKU0093,791.6460304260254,56.54614503043039,14,800.0,0.33886897125,0.4770620030012057,19.36394121428572,23.914945870032337,0.0896928137499999
xgboost,ml,STORE0009,SKU0010,395.01558685302734,28.215399060930526,14,379.0,0.3382680844327176,0.5953376041757235,9.157400285714283,11.080051340177702,0.2225472612137203
xgboost,ml,STORE0013,SKU0084,203.7301549911499,14.552153927939278,14,191.0,0.337837837696335,0.697175270433941,4.609073357142856,5.477760248466328,-0.0187261413612565
xgboost,ml,STORE0009,SKU0019,194.3980894088745,13.885577814919609,14,230.0,0.3375001652173913,0.6410504618714244,5.544645571428572,6.435068799181216,0.1406816956521739
xgboost,ml,STORE0013,SKU0001,841.739860534668,60.12427575247629,14,745.0,0.3371836483221477,0.463409540061904,17.942987000000006,20.15314225169388,0.1029246416107382
xgboost,ml,STORE0005,SKU0009,892.5520896911621,63.75372069222586,14,903.0,0.3371183875968991,0.6117072170830137,21.744136,29.031253008955535,-0.0560508372093023
xgboost,ml,STORE0005,SKU0101,220.07994937896729,15.71999638421195,14,261.0,0.3365405249042145,1.0066096930966288,6.274076928571428,8.47948163661144,-0.0240123486590038
xgboost,ml,STORE0010,SKU0078,424.51057624816895,30.322184017726354,14,444.0,0.3362237657657657,0.3590326870685401,10.66309657142857,13.445715623162734,-0.180478063063063
xgboost,ml,STORE0011,SKU0058,1318.0522842407227,94.14659173148019,14,1296.0,0.3361537268518518,0.6995601826845705,31.118230714285712,39.44368398842252,0.0204661188271605
xgboost,ml,STORE0001,SKU0101,227.2843885421753,16.23459918158395,14,287.0,0.3361180034843204,0.543107867066541,6.890419071428569,8.164476801155537,0.0140518780487805
xgboost,ml,STORE0007,SKU0012,455.65797424316406,32.546998160226,14,644.0,0.3360879021739131,0.4818945165783627,15.460043500000005,18.8546838129274,0.1859987717391304
xgboost,ml,STORE0004,SKU0035,2121.730484008789,151.55217742919922,14,2944.0,0.335983597146739,0.5792569162072025,70.6525507142857,90.9012331761378,-0.0533100101902174
xgboost,ml,STORE0011,SKU0067,570.1649551391602,40.72606822422573,14,553.0,0.3357706546112116,0.5971978897641588,13.262940857142857,16.394928939055326,0.0234913273056057
xgboost,ml,STORE0012,SKU0022,1213.0192489624023,86.64423206874302,14,1162.0,0.3357444612736661,0.5949421089587961,27.86679028571429,34.50100361728039,0.0756246592082616
xgboost,ml,STORE0007,SKU0094,646.2905540466309,46.16361100333078,14,607.0,0.3353425189456343,0.4600552113775195,14.539493500000004,16.649196601289983,0.1568299686985173
xgboost,ml,STORE0003,SKU0096,991.7450332641602,70.83893094744,14,947.0,0.3351457381203802,1.756095608985934,22.670215285714285,28.123546418504656,0.038132591341077
xgboost,ml,STORE0011,SKU0082,890.8555183410645,63.632537024361746,14,908.0,0.3349385440528634,0.4380793274598986,21.723157,26.47078146043217,-0.0506997995594713
xgboost,ml,STORE0004,SKU0048,1000.2212905883789,71.44437789916992,14,1242.0,0.3347936634460547,0.5761878800141292,29.700980714285716,39.14532681315436,-0.0243773107890499
xgboost,ml,STORE0013,SKU0085,486.2713108062744,34.73366505759103,14,573.0,0.3347775671902268,0.4675647838966296,13.70196757142857,20.13082825846617,0.2379888760907504
xgboost,ml,STORE0007,SKU0050,171.19341850280762,12.228101321629115,14,161.0,0.3343243975155279,0.4463038593027887,3.844730571428571,4.460891024322643,0.1661980931677018
xgboost,ml,STORE0006,SKU0038,1429.0459671020508,102.07471193586078,14,1642.0,0.3338320462850183,0.4311237932705437,39.15373,44.60102244783801,-0.0455957612667478
xgboost,ml,STORE0004,SKU0052,843.5797157287598,60.2556939806257,14,857.0,0.3328598506417736,0.4383995893768023,20.375778,24.504024295437027,0.0441357666277713
xgboost,ml,STORE0001,SKU0090,329.1080513000488,23.50771795000349,14,320.0,0.3318164624999999,0.7662261908543838,7.584376285714285,9.797344725946084,-0.0768699499999999
xgboost,ml,STORE0009,SKU0009,741.899845123291,52.992846080235076,14,705.0,0.3316288865248227,1.2233861431781212,16.699883214285716,23.178550623674603,0.0719863929078014
xgboost,ml,STORE0005,SKU0015,172.70067882537842,12.335762773241315,14,198.0,0.3314292525252525,0.3585193360370372,4.687356571428571,5.565206750907553,-0.2301704242424242
xgboost,ml,STORE0008,SKU0062,270.13568115234375,19.295405796595983,14,294.0,0.3314248095238095,0.8795170772789636,6.959921,8.658630144079547,-0.1660321904761905
xgboost,ml,STORE0012,SKU0047,1040.1471633911133,74.2962259565081,14,1060.0,0.3312055839622641,0.812826232961349,25.076994214285712,31.621106578097876,-0.0442056801886792
xgboost,ml,STORE0001,SKU0051,950.4526405334473,67.88947432381767,14,924.0,0.3309986255411255,0.8861522195002254,21.84590928571428,26.229937067052926,0.0997202922077922
xgboost,ml,STORE0001,SKU0081,982.4910316467285,70.17793083190918,14,1013.0,0.3308976495557749,1.1189592698474562,23.9428085,29.798910778085933,0.0025770296150049
xgboost,ml,STORE0013,SKU0003,150.537522315979,10.752680165427071,14,142.0,0.3308939366197183,0.5321994465274043,3.356209928571429,4.524017567305486,0.0917680211267605
xgboost,ml,STORE0006,SKU0076,401.17552947998047,28.65539496285575,14,378.0,0.3298847619047619,0.5839781967507911,8.90688857142857,11.711412817242897,0.1639611904761905
xgboost,ml,STORE0011,SKU0021,862.2152671813965,61.586804798671174,14,795.0,0.3298505572327043,0.2728631114157801,18.7307995,24.07443418226265,0.1684238805031446
xgboost,ml,STORE0011,SKU0029,497.2191619873047,35.51565442766462,14,540.0,0.3294500944444444,0.6017666096184738,12.707360785714286,18.071887541378423,0.0595308574074074
xgboost,ml,STORE0001,SKU0037,1412.087142944336,100.86336735316685,14,1531.0,0.329431519268452,0.5121180665332281,36.02568971428571,44.35447665690248,0.0363707224036577
xgboost,ml,STORE0003,SKU0075,408.54906463623047,29.182076045445033,14,386.0,0.3293313160621762,0.437788876790733,9.080134857142856,10.491137857275582,0.0808851502590673
xgboost,ml,STORE0005,SKU0054,1155.7998809814453,82.55713435581752,14,1421.0,0.3291790668543278,8.178887380840335,33.41167528571428,45.78088866121539,0.0620426502463054
xgboost,ml,STORE0008,SKU0097,1072.298324584961,76.59273747035435,14,1035.0,0.3289607198067633,0.4182735535824459,24.31959607142857,32.637367085906035,0.0456935700483091
xgboost,ml,STORE0006,SKU0057,1315.0131149291992,93.92950820922852,14,1481.0,0.3286658278190412,0.3467310904729542,34.76814935714286,42.560242334508295,-0.1827182775151924
xgboost,ml,STORE0009,SKU0062,240.2824935913086,17.163035256522043,14,252.0,0.3284412023809524,0.2500561672657947,5.911941642857144,7.545067335295031,-0.1059214087301587
xgboost,ml,STORE0001,SKU0074,755.2211990356445,53.944371359688894,14,1048.0,0.3284363749999999,0.4724823795888217,24.58580864285714,31.22402697000366,0.1270680811068702
xgboost,ml,STORE0007,SKU0018,948.5183563232422,67.75131116594586,14,935.0,0.3278790438502674,0.4138699205862967,21.897636142857145,24.72902238132555,-0.0075193647058823
xgboost,ml,STORE0012,SKU0054,1003.0559539794922,71.64685385567802,14,1213.0,0.3272259488870569,0.3652131263054173,28.351791142857145,36.18885628355477,0.0968603495465787
xgboost,ml,STORE0001,SKU0055,210.66706943511963,15.047647816794258,14,207.0,0.3267089613526569,0.2713885049362402,4.830625357142856,5.9827184932294495,-0.0149920048309179
xgboost,ml,STORE0008,SKU0025,468.62659645080566,33.47332831791469,14,468.0,0.3264418269230769,0.6155086227551464,10.912483928571428,13.50516201580871,0.1285304166666667
xgboost,ml,STORE0003,SKU0048,791.3768577575684,56.52691841125488,14,898.0,0.3259906804008909,0.5409655134989714,20.909973642857143,29.87000960432556,-0.0182752260579064
xgboost,ml,STORE0005,SKU0082,922.0322532653809,65.85944666181292,14,911.0,0.32593334467618,0.3967920236372957,21.20894835714285,24.409946653033877,0.1080732941822173
xgboost,ml,STORE0003,SKU0045,773.4263801574707,55.244741439819336,14,859.0,0.3255410698486612,4.503245712584723,19.974269928571427,28.61069432388209,0.2226648137369034
xgboost,ml,STORE0011,SKU0083,1323.5598068237305,94.53998620169503,14,1365.0,0.3254079589743589,0.6040155798106611,31.727275999999996,38.612494469268384,-0.0072993054945054
xgboost,ml,STORE0010,SKU0021,725.0408210754395,51.78863007681711,14,697.0,0.3246806972740315,0.5077528109871988,16.164460428571427,20.03259003859105,0.0973524906743184
xgboost,ml,STORE0001,SKU0061,1278.6857681274414,91.33469772338867,14,1251.0,0.3243823621103117,0.4654572398722814,28.98588107142857,34.937255684401386,0.0650647042366107
xgboost,ml,STORE0004,SKU0099,1321.3337631225586,94.38098308018276,14,1429.0,0.3243549370188943,0.6628155303986804,33.107371785714285,40.85267335792296,0.1471736144156753
xgboost,ml,STORE0007,SKU0090,233.2364387512207,16.659745625087194,14,218.0,0.3242862775229357,0.9017086506089323,5.049600607142857,7.1383294590716,-0.0199201949541284
xgboost,ml,STORE0012,SKU0062,213.72122859954834,15.265802042824882,14,192.0,0.32417175,0.7616105239502353,4.445784000000001,6.010833052719743,0.1652832708333333
xgboost,ml,STORE0001,SKU0063,766.9674186706543,54.78338704790388,14,904.0,0.3238660542035398,0.6531402711837011,20.912493785714283,31.628597485018936,0.0995511404867256
xgboost,ml,STORE0007,SKU0006,1000.6954116821289,71.47824369158063,14,1090.0,0.3233258201834862,0.383661561994684,25.173224571428573,28.84940670188169,0.2307873541284403
xgboost,ml,STORE0003,SKU0055,152.2422113418579,10.874443667275566,14,145.0,0.3232951137931035,0.6730888058258967,3.348413678571429,4.217631634251936,0.0843198034482758
xgboost,ml,STORE0008,SKU0076,461.74313735961914,32.98165266854422,14,476.0,0.3232734159663866,0.7596040755867125,10.991296142857143,13.620414790897971,0.0145064537815125
xgboost,ml,STORE0012,SKU0100,1161.1012344360352,82.9358024597168,14,1159.0,0.3229134633304573,0.7904101890782542,26.73262171428572,32.1689202923826,-0.0390057756686799
xgboost,ml,STORE0004,SKU0087,465.5035972595215,33.250256947108674,14,478.0,0.3228045732217572,0.5153036314291343,11.021470428571424,13.768632787924602,-0.1182064351464435
xgboost,ml,STORE0005,SKU0100,1261.0519638061523,90.07514027186802,14,1179.0,0.3225612815945717,0.3993306613579284,27.16426792857143,33.01070585144742,0.1248676598812552
xgboost,ml,STORE0011,SKU0048,1051.4704666137695,75.10503332955497,14,1120.0,0.3224891696428571,1.16563841240939,25.79913357142857,32.71253334813269,0.0542523125
xgboost,ml,STORE0003,SKU0019,161.9519157409668,11.567993981497628,14,186.0,0.3222636639784946,0.4627391738519657,4.281502964285715,6.011634379757206,0.2708770134408602
xgboost,ml,STORE0001,SKU0001,1474.6517486572266,105.33226776123047,14,1457.0,0.3220709196980096,0.5389410313447183,33.51838071428572,41.68251700602622,0.1472318393960192
xgboost,ml,STORE0005,SKU0038,1426.0640869140625,101.86172049386161,14,1625.0,0.3217177649230768,0.4675458669035678,37.34224057142857,43.8709228936719,-0.0599529673846153
xgboost,ml,STORE0005,SKU0028,1608.1213760375977,114.86581257411412,14,2042.0,0.3213911728697355,0.6141135341138213,46.87719821428571,55.873015270933,-0.0830648447600392
xgboost,ml,STORE0006,SKU0039,252.38051223754883,18.0271794455392,14,251.0,0.3210786374501992,0.9872112679207689,5.756481285714286,7.485405448787908,0.0951917689243027
xgboost,ml,STORE0001,SKU0021,892.8727035522461,63.77662168230329,14,843.0,0.3204878457888493,0.2922569386968934,19.29794671428571,27.36437778475083,0.130107537366548
xgboost,ml,STORE0009,SKU0002,842.0017929077148,60.14298520769392,14,848.0,0.3201674929245283,0.4417671657936229,19.39300242857143,25.64630646480677,-0.0269916839622641
xgboost,ml,STORE0011,SKU0097,1006.5704727172852,71.8978909083775,14,1139.0,0.319807712906058,0.4010990708166455,26.018641785714287,30.288476529759865,-0.1204941729587357
xgboost,ml,STORE0005,SKU0080,1082.231674194336,77.30226244245257,14,1197.0,0.3197127485380117,0.5088614490850497,27.33544000000001,33.91884391592947,-0.0730559064327485
xgboost,ml,STORE0008,SKU0090,339.1364345550537,24.224031039646693,14,344.0,0.3192686540697674,0.357193448321309,7.844886928571428,9.231893206703385,-0.0772085726744186
xgboost,ml,STORE0011,SKU0025,458.29113006591797,32.73508071899414,14,459.0,0.3185346100217865,1.3062522560570966,10.443384714285717,13.304043362630312,0.022781202614379
xgboost,ml,STORE0002,SKU0079,869.9617309570312,62.140123639787944,14,829.0,0.3182421266586248,0.6584992659025198,18.844480214285717,22.625637453077573,0.0325345705669481
xgboost,ml,STORE0001,SKU0049,722.9666023254395,51.640471594674246,14,707.0,0.3170500961810467,0.7501016362753338,16.011029857142855,20.33720876328644,-0.0187858246110325
xgboost,ml,STORE0002,SKU0039,170.67322540283203,12.19094467163086,14,173.0,0.3167056705202312,1.1967942594169725,3.913577214285714,5.076033472630229,0.0886094046242774
xgboost,ml,STORE0007,SKU0067,433.16375160217285,30.940267971583776,14,400.0,0.3159768625,0.440455464059705,9.027910357142858,11.348444946473558,0.0581574575
xgboost,ml,STORE0011,SKU0089,623.4306411743164,44.53076008387974,14,668.0,0.3158244131736527,0.3905110714912075,15.069336285714286,19.08143843273985,-0.140324122754491
xgboost,ml,STORE0011,SKU0012,639.2316780090332,45.6594055720738,14,988.0,0.3157294665991902,0.4120584882945345,22.2814795,29.85269788532396,0.124500201417004
xgboost,ml,STORE0002,SKU0089,498.9231491088867,35.63736779349191,14,503.0,0.3155703638170974,1.2454598333269715,11.337992357142856,13.832091384521728,-0.1096729483101391
xgboost,ml,STORE0011,SKU0053,465.995174407959,33.2853696005685,14,465.0,0.3155696172043011,1.2779644282034652,10.48141942857143,13.333710994405871,-0.0308597204301075
xgboost,ml,STORE0004,SKU0066,421.34910583496094,30.09636470249721,14,424.0,0.3149213867924527,0.3503190331705173,9.53761914285714,12.981631291294478,0.098670716981132
xgboost,ml,STORE0010,SKU0048,838.0792198181152,59.86280141557966,14,882.0,0.3148523922902493,1.0115651887024966,19.83570071428571,26.08415179772638,0.1814719750566893
xgboost,ml,STORE0013,SKU0037,848.8504867553711,60.63217762538365,14,839.0,0.3138799845053636,0.4419789344983867,18.81037907142857,22.96586050669972,0.1152262395709177
xgboost,ml,STORE0011,SKU0028,1599.6787719726562,114.2627694266183,14,2051.0,0.3138745197464652,0.414073443460253,45.98261714285714,53.28387417475707,-0.0619909897610921
xgboost,ml,STORE0007,SKU0013,888.0702743530273,63.43359102521624,14,1056.0,0.3130896875,0.4471320181254344,23.61590785714285,35.26691163945437,0.2148017992424242
xgboost,ml,STORE0009,SKU0070,1221.3953857421875,87.24252755301339,14,1061.0,0.3130005881244109,0.8686800700397922,23.72097314285714,32.91106981281965,0.2119879792648444
xgboost,ml,STORE0002,SKU0098,438.6157741546631,31.329698153904506,14,446.0,0.3126549596412556,0.4452753018019293,9.960293714285717,11.89509978548264,0.1625784798206278
xgboost,ml,STORE0001,SKU0017,1439.134880065918,102.795348576137,14,1767.0,0.3124549915110357,0.3539983617502814,39.436283571428575,51.16810418573732,-0.0764949688737973
xgboost,ml,STORE0012,SKU0016,319.84205055236816,22.845860753740585,14,394.0,0.3120010101522843,0.8379832633298185,8.780599857142859,10.495533134281622,-0.0424575482233502
xgboost,ml,STORE0009,SKU0045,862.1392784118652,61.581377029418945,14,1026.0,0.3116294230019493,0.7950927387610232,22.837984857142857,26.116963553908988,0.1146126023391813
xgboost,ml,STORE0009,SKU0075,426.14146614074707,30.438676152910507,14,458.0,0.311190768558952,0.2992995036758502,10.180383714285716,12.779070354973497,-0.255711192139738
xgboost,ml,STORE0004,SKU0058,1349.7930755615234,96.41379111153739,14,1361.0,0.3110802850844967,0.4100195950251341,30.24144771428572,37.07131722168452,0.0274153416605437
xgboost,ml,STORE0002,SKU0006,1161.1942520141602,82.94244657244,14,1359.0,0.3109674289919058,0.3763981419199757,30.18605257142857,37.92493524329903,0.0309946534216335
xgboost,ml,STORE0006,SKU0035,2095.843765258789,149.7031260899135,14,3647.0,0.3108940773238278,0.279071256314396,80.98790714285715,101.88072127050226,-0.2557626048807239
xgboost,ml,STORE0011,SKU0006,1394.1580810546875,99.58272007533482,14,1683.0,0.3108594260249553,2.854576116875767,37.36974385714285,46.89541522082308,0.0920541140819964
xgboost,ml,STORE0006,SKU0094,962.9874114990234,68.7848151070731,14,987.0,0.3105965238095239,0.7483438069769551,21.89705492857144,28.007650984240488,-0.0251752897669706
xgboost,ml,STORE0011,SKU0062,253.27788734436035,18.09127766745431,14,249.0,0.3105361124497992,0.5428571414807416,5.523106571428571,6.767562564732297,0.0710081044176707
xgboost,ml,STORE0003,SKU0041,959.6087493896484,68.5434820992606,14,1210.0,0.3104280380165289,0.407816500733794,26.82985185714285,38.63911352242712,0.0452798892561983
xgboost,ml,STORE0010,SKU0084,320.7592658996582,22.91137613568987,14,331.0,0.3103529123867069,0.2447652871654529,7.337629571428571,8.879369393574748,-0.1096326102719033
xgboost,ml,STORE0002,SKU0090,222.9799861907959,15.927141870771136,14,207.0,0.3102630869565217,1.3256932119484297,4.587461357142858,5.883171487266765,0.1253758405797101
xgboost,ml,STORE0010,SKU0054,983.5830841064453,70.2559345790318,14,1116.0,0.3097335716845878,0.4347351735785843,24.69019042857143,36.04288519291818,0.1762586863799282
xgboost,ml,STORE0005,SKU0055,214.68767833709717,15.334834166935511,14,213.0,0.3096771056338028,1.198235522547956,4.711515964285715,6.147942981946286,-0.0034323544600938
xgboost,ml,STORE0011,SKU0033,1432.4535675048828,102.31811196463448,14,1477.0,0.3093169295870007,1.1379276098965645,32.632936071428574,44.18623844889817,0.0922708903182125
xgboost,ml,STORE0008,SKU0067,589.2987442016602,42.09276744297573,14,589.0,0.3090747215619694,0.4872563794713991,13.003215071428572,17.479260018891694,0.0419051833616298
xgboost,ml,STORE0008,SKU0009,881.9571647644043,62.996940340314595,14,896.0,0.3089508325892857,4.549976330349796,19.772853285714284,25.09715517353161,0.0118529084821428
xgboost,ml,STORE0008,SKU0091,294.8501167297363,21.060722623552596,14,360.0,0.3086123888888888,1.7218592100767507,7.935747142857143,12.218090989968658,-0.0005860222222222
xgboost,ml,STORE0004,SKU0050,249.9210605621338,17.8515043258667,14,248.0,0.3085909798387097,0.8626838240489152,5.4664687857142855,6.723535764136334,0.0532895201612903
xgboost,ml,STORE0003,SKU0040,218.59949493408203,15.614249638148717,14,308.0,0.308031961038961,0.3782778237071756,6.776703142857143,7.48671016689132,0.0787925519480519
xgboost,ml,STORE0011,SKU0056,310.43993949890137,22.17428139277867,14,400.0,0.30798011,0.439285707235968,8.799431714285715,10.320905434092426,-0.1539986599999999
xgboost,ml,STORE0003,SKU0047,908.671516418457,64.90510831560407,14,927.0,0.307878399137001,0.4046933242134566,20.38594828571428,23.689351935617797,-0.0510097713052858
xgboost,ml,STORE0012,SKU0020,729.3404655456543,52.09574753897531,14,770.0,0.3078464766233767,0.3288762062805528,16.931556214285717,22.255157933893692,-0.1795249077922077
xgboost,ml,STORE0001,SKU0077,757.575439453125,54.11253138950893,14,871.0,0.307523625717566,0.7286029653687861,19.132362714285712,28.95403411088959,0.1573226107921929
xgboost,ml,STORE0005,SKU0026,1376.2237548828125,98.30169677734375,14,1544.0,0.3075049533678756,0.3836567597238013,33.91340342857143,38.3975821708925,0.0111215310880829
xgboost,ml,STORE0011,SKU0041,1223.4723663330078,87.39088330950055,14,1678.0,0.3067439177592372,0.5899620515256289,36.765449571428576,42.739025046910186,0.0236530476758045
xgboost,ml,STORE0006,SKU0003,300.7319755554199,21.48085539681571,14,297.0,0.3062894814814815,0.5533392633328119,6.497712571428572,8.473883937127725,0.1457030033670033
xgboost,ml,STORE0003,SKU0084,295.92480850219727,21.13748632158552,14,303.0,0.3061936963696369,0.3836072879683883,6.626906428571429,7.808255814593771,-0.0298304620462046
xgboost,ml,STORE0005,SKU0053,457.72374725341797,32.69455337524414,14,455.0,0.3059837692307692,0.2417072626987697,9.944472500000002,13.133482290993069,0.0005614483516483
xgboost,ml,STORE0010,SKU0013,1120.7160949707031,80.0511496407645,14,1626.0,0.3055383179581795,0.4779456240376812,35.48609321428571,43.9523903368484,-0.0188808505535055
xgboost,ml,STORE0002,SKU0065,615.8947868347168,43.992484773908345,14,692.0,0.3048982167630058,0.3862568158303756,15.070683285714289,20.773401176551324,0.1557845520231213
xgboost,ml,STORE0007,SKU0076,337.4251461029053,24.10179615020752,14,358.0,0.3047221480446927,0.2951108321978621,7.792180642857143,9.03452319156937,-0.1806845279329609
xgboost,ml,STORE0003,SKU0042,178.80024242401123,12.771445887429374,14,176.0,0.3043254829545454,1.4346350622303137,3.825806071428571,5.454783680549074,0.0592792897727272
xgboost,ml,STORE0005,SKU0085,1025.4329528808594,73.24521092006138,14,1371.0,0.3042305667396061,0.656007611166049,29.792864785714283,39.02557063814951,0.0354024194018964
xgboost,ml,STORE0003,SKU0011,219.95976638793945,15.711411884852819,14,266.0,0.3040368402255639,0.336454412662048,5.776699964285714,8.004143484745569,-0.091734189849624
xgboost,ml,STORE0010,SKU0060,781.6774749755859,55.834105355399,14,801.0,0.3036576441947566,0.4892802455342774,17.373555214285716,21.037205063684688,-0.0299778639200998
xgboost,ml,STORE0004,SKU0013,1195.562599182129,85.39732851300921,14,1577.0,0.3033557983512999,0.2919324927050626,34.17086385714286,43.487351622494856,0.2311161280913126
xgboost,ml,STORE0010,SKU0094,822.1051559448242,58.72179685320173,14,835.0,0.3031869377245509,0.5621519051522677,18.08293521428572,27.118316649161,-0.1169884203592814
xgboost,ml,STORE0005,SKU0010,508.553524017334,36.325251715523855,14,531.0,0.303095077212806,1.0770747255735775,11.495963285714284,14.00247128919688,0.0494586779661016
xgboost,ml,STORE0008,SKU0089,657.3329467773438,46.95235334123884,14,751.0,0.3028997270306258,0.2950908574495862,16.248406785714284,19.247410699271384,-0.18315992942743
xgboost,ml,STORE0005,SKU0022,1370.774917602539,97.91249411446708,14,1380.0,0.3021438847826087,0.5631765827507051,29.78275435714286,36.98766130057373,0.1095027239130434
xgboost,ml,STORE0009,SKU0072,475.5665855407715,33.96904182434082,14,452.0,0.3010355420353983,0.5889533884299439,9.719147500000002,12.56703394237658,0.0627218871681416
xgboost,ml,STORE0004,SKU0053,476.6925048828125,34.049464634486604,14,442.0,0.3009721199095022,0.5903085081760505,9.502119785714283,12.4371470710935,0.0908391787330317
xgboost,ml,STORE0006,SKU0066,452.46389961242676,32.318849972316194,14,537.0,0.3007288305400373,0.3061139392677799,11.535098714285718,14.13344687649244,-0.168989687150838
xgboost,ml,STORE0004,SKU0003,346.5841121673584,24.756008011954172,14,392.0,0.3005026428571429,0.2971521355020129,8.414074000000001,9.913249143898064,-0.2209953673469387
xgboost,ml,STORE0013,SKU0087,252.8544921875,18.06103515625,14,267.0,0.3004088913857677,0.292007296335441,5.729226714285714,6.468840768311429,-0.170336202247191
xgboost,ml,STORE0003,SKU0020,558.209602355957,39.87211445399693,14,512.0,0.3003454199218749,0.4531476340866974,10.98406107142857,14.478015976619846,0.199823896484375
xgboost,ml,STORE0012,SKU0088,326.2131690979004,23.300940649850027,14,320.0,0.3002665218749999,0.2162178547060211,6.863234785714285,9.79593997676286,0.0368872218749999
xgboost,ml,STORE0009,SKU0044,1209.698745727539,86.40705326625279,14,1174.0,0.3002597546848381,1.0015278904947045,25.17892514285714,31.615633600745877,0.0579760749574105
xgboost,ml,STORE0004,SKU0065,816.6782531738281,58.33416094098772,14,1077.0,0.3000014707520891,0.2980946179588891,23.07868457142857,35.06520292807994,0.0113795636025998
xgboost,ml,STORE0011,SKU0079,1190.090202331543,85.00644302368164,14,1376.0,0.2999084251453488,0.3209229548528817,29.476713785714285,33.426869479673854,-0.1309639716569767
xgboost,ml,STORE0006,SKU0001,1460.7596588134766,104.33997562953404,14,1469.0,0.2997283083730429,0.3928991481291322,31.45006321428572,38.63248713621756,0.1562519366916269
xgboost,ml,STORE0006,SKU0065,849.2073593139648,60.65766852242606,14,954.0,0.299612323899371,0.3414464520726246,20.416439785714285,28.800472170956173,0.1739810744234801
xgboost,ml,STORE0001,SKU0099,1372.1161575317383,98.00829696655273,14,1706.0,0.2993737420867526,0.221310942381194,36.48082885714286,49.79469788658567,-0.0758130164126612
xgboost,ml,STORE0009,SKU0083,1189.2805099487305,84.94860785348075,14,1146.0,0.2990629738219895,0.9856223034162254,24.48044057142857,29.344043390395928,0.0191814136125654
xgboost,ml,STORE0002,SKU0071,342.2391414642334,24.445652961730957,14,316.0,0.2989202943037974,1.0632140229246472,6.747058071428571,9.161898210272383,0.079333661392405
xgboost,ml,STORE0009,SKU0092,1240.2187728881836,88.58705520629883,14,1306.0,0.2987516194486983,0.3280016021716915,27.869258214285715,32.74385036972098,-0.1240121477794793
xgboost,ml,STORE0002,SKU0064,1049.8722839355469,74.99087742396763,14,1120.0,0.2984398267857143,0.2987311101402142,23.875186142857142,30.067028570617826,-0.1421105232142857
xgboost,ml,STORE0001,SKU0048,1045.5593490600586,74.68281064714704,14,1153.0,0.2982250780572419,1.097619333613418,24.56096535714286,32.429908141810834,0.1267582541196877
xgboost,ml,STORE0009,SKU0049,575.6171188354492,41.11550848824637,14,539.0,0.2979872894248608,0.3450167367632638,11.472510642857143,12.720938198150389,0.2096571966604823
xgboost,ml,STORE0007,SKU0009,651.3855667114258,46.527540479387554,14,700.0,0.2979770385714285,0.312040830898001,14.898851928571428,17.40383308558745,-0.0992116414285714
xgboost,ml,STORE0005,SKU0049,720.7560806274414,51.48257718767439,14,789.0,0.2978235893536122,0.7903663303511268,16.784486571428573,20.52108675647382,-0.1602514372623574
xgboost,ml,STORE0012,SKU0014,745.1934814453125,53.22810581752232,14,766.0,0.2977447323759791,0.3479620406010721,16.29089035714286,18.459297763640865,-0.0408531135770235
xgboost,ml,STORE0004,SKU0001,1490.3305740356445,106.4521838596889,14,1663.0,0.2971540450992182,0.7790026159829081,35.29765549999999,44.91768754385068,-0.003798261575466
xgboost,ml,STORE0002,SKU0019,171.29109477996826,12.23507819856916,14,198.0,0.29651775,0.4471696073273375,4.193608178571429,5.130333673737295,0.1553862398989899
xgboost,ml,STORE0003,SKU0026,1107.2697448730469,79.0906960623605,14,1101.0,0.2963055095367847,0.4141072984259223,23.302311857142858,26.078342092388013,0.0742064795640327
xgboost,ml,STORE0003,SKU0030,544.0598335266113,38.86141668047224,14,558.0,0.2958878207885305,0.3625155979120336,11.793243142857143,14.461802153430956,0.0210400716845878
xgboost,ml,STORE0005,SKU0005,999.6628074645996,71.4044862474714,14,1269.0,0.2957589330181245,0.3634297134195667,26.808434714285717,35.96692934569192,0.2136452214342001
xgboost,ml,STORE0006,SKU0055,225.97432136535645,16.14102295466832,14,230.0,0.2954543173913043,0.4228531605267053,4.853892357142857,6.630121881175645,-0.0076607782608695
xgboost,ml,STORE0008,SKU0028,1617.5624084472656,115.54017203194755,14,2184.0,0.295362445054945,0.3615303410478637,46.076541428571424,53.27346780940624,-0.1260869413919413
xgboost,ml,STORE0009,SKU0005,999.9206085205078,71.4229006086077,14,1252.0,0.2950998202875399,0.5970877376176803,26.39035535714286,30.55059778297481,0.0601719369009584
xgboost,ml,STORE0011,SKU0001,1488.9842147827148,106.3560153416225,14,1706.0,0.2947305896834701,0.4126516538852245,35.915027571428574,39.12617858599859,-0.0299873763188745
xgboost,ml,STORE0010,SKU0037,1439.5187225341797,102.82276589529855,14,1785.0,0.2944252879551821,0.271127721702753,37.53922421428571,46.31958282585271,-0.2276547624649859
xgboost,ml,STORE0008,SKU0040,354.99912452697754,25.35708032335554,14,505.0,0.2943315326732673,1.233501921176847,10.616958857142858,15.012506824595024,0.0705478495049504
xgboost,ml,STORE0002,SKU0081,760.598949432373,54.32849638802664,14,766.0,0.2940898903394255,1.3138006622220768,16.090918285714285,19.510062515629382,-0.0368216292428198
xgboost,ml,STORE0003,SKU0009,651.328727722168,46.523480551583425,14,642.0,0.2939039719626168,0.3270533902415001,13.477596428571433,19.366838691322997,-0.0212387694704049
xgboost,ml,STORE0013,SKU0049,320.6443672180176,22.903169087001256,14,298.0,0.2939004395973155,0.5607829369933011,6.255880785714288,8.215475654657352,0.2344678154362416
xgboost,ml,STORE0008,SKU0081,924.2280464172363,66.01628902980259,14,857.0,0.2938762380396733,0.8983333387322551,17.989424000000003,24.106480451008554,0.2065330385064177
xgboost,ml,STORE0008,SKU0014,871.7711715698242,62.269369397844585,14,903.0,0.2938515548172757,0.2877424685308094,18.95342528571428,27.95495982917082,-0.0414950741971207
xgboost,ml,STORE0003,SKU0066,297.63956451416016,21.25996889386858,14,303.0,0.2938241419141914,0.543337236135428,6.359193928571428,8.19387020610324,0.1332488349834983
xgboost,ml,STORE0007,SKU0078,338.4456596374512,24.174689974103654,14,338.0,0.2937925266272189,0.4240005437288568,7.092991,8.972725818474483,-0.0793992899408284
xgboost,ml,STORE0012,SKU0034,1816.4243392944336,129.7445956638881,14,2784.0,0.2935828663793103,0.2427070596556385,58.38105000000001,90.1470269834522,-0.2142309698275862
xgboost,ml,STORE0008,SKU0092,1366.894157409668,97.63529695783343,14,1494.0,0.2935130227576974,0.5163910875693712,31.32203257142857,39.81085339834648,-0.0967914832663989
xgboost,ml,STORE0002,SKU0082,632.177921295166,45.155565806797576,14,632.0,0.2932038085443038,0.4425421429302073,13.236057642857142,15.388878614709949,-0.0104031724683544
xgboost,ml,STORE0012,SKU0037,1349.8199462890625,96.41571044921875,14,1387.0,0.2931076532083634,0.5647990561844184,29.03859392857143,39.03856652448807,0.0176977829848593
xgboost,ml,STORE0008,SKU0086,130.9669713973999,9.354783671242851,14,156.0,0.2928367435897436,0.2568549700746996,3.2630380000000003,4.293226399199463,0.2177508397435897
xgboost,ml,STORE0007,SKU0083,973.4513626098633,69.5322401864188,14,888.0,0.292608188063063,0.356028289152669,18.559719357142857,22.429884876832467,0.1109435259009009
xgboost,ml,STORE0013,SKU0099,669.844841003418,47.84606007167271,14,747.0,0.2922372650602409,0.5134635916056679,15.5929455,18.825027592109635,0.0709519210174029
xgboost,ml,STORE0009,SKU0089,537.0355072021484,38.35967908586775,14,533.0,0.2922039362101313,3.1719242611489697,11.124621285714284,14.979589931902549,-0.0012830769230769
xgboost,ml,STORE0008,SKU0012,613.5700302124023,43.82643072945731,14,949.0,0.2922006059009484,0.4213366755243387,19.80702678571429,24.985089583041145,0.1730815142255005
xgboost,ml,STORE0009,SKU0098,554.4758567810059,39.60541834150042,14,617.0,0.2921273857374392,0.3547044204039961,12.874471214285714,19.59797271170765,-0.0490904716369529
xgboost,ml,STORE0013,SKU0061,729.2313423156738,52.08795302254813,14,679.0,0.2920854226804124,1.0926067424761186,14.166143000000002,21.101906802978448,0.0849235787923416
xgboost,ml,STORE0001,SKU0082,896.9138832092285,64.06527737208775,14,892.0,0.2920709540358744,0.3735867794232427,18.609092214285717,21.55079491695558,0.1038749540358744
xgboost,ml,STORE0012,SKU0092,1226.3780670166016,87.59843335832868,14,1293.0,0.2919436272235112,1.589050985254045,26.963079285714286,35.00900304347683,-0.0941130657385924
xgboost,ml,STORE0001,SKU0040,301.3479633331299,21.524854523794993,14,430.0,0.2918946511627907,0.3892630117731727,8.965335714285715,10.79106874656928,0.2009618325581395
xgboost,ml,STORE0011,SKU0095,458.76065254211426,32.768618038722444,14,484.0,0.291621520661157,0.3278309471850494,10.081772571428573,12.149985825236048,-0.0889830826446281
xgboost,ml,STORE0003,SKU0095,327.61047554016113,23.400748252868652,14,342.0,0.2913809356725146,0.2982237065758243,7.1180200000000005,8.523304269602747,-0.0260190877192982
xgboost,ml,STORE0005,SKU0003,318.9588565826416,22.782775470188685,14,327.0,0.2911770550458716,0.357229114898219,6.801064071428573,7.798785702446114,0.0460423455657492
xgboost,ml,STORE0001,SKU0072,482.2358093261719,34.44541495186942,14,490.0,0.2906891551020408,0.406641269603472,10.174120428571428,12.981090500571788,0.1446395061224489
xgboost,ml,STORE0005,SKU0034,1868.4940338134766,133.46385955810547,14,2695.0,0.2902572727272727,0.3753054007728983,55.874525,62.20500028712156,-0.0604493692022263
xgboost,ml,STORE0008,SKU0049,703.7165908813477,50.265470777239116,14,709.0,0.2902503272214386,0.3758238763750276,14.699105857142856,17.280539091462334,0.0878545867418899
xgboost,ml,STORE0009,SKU0096,1290.4394989013672,92.17424992152623,14,1393.0,0.2900759547738693,0.3482001029689116,28.8625575,31.501303705811367,-0.15265044005743
xgboost,ml,STORE0011,SKU0072,536.5527191162109,38.3251942225865,14,561.0,0.2899706827094475,0.3873263949535291,11.619539500000002,14.032350303650148,0.0193353600713012
xgboost,ml,STORE0007,SKU0102,967.9443054199219,69.13887895856585,14,1147.0,0.2895423984306888,0.6720328032929229,23.721795071428573,31.072789161609915,0.1364556556233652
xgboost,ml,STORE0011,SKU0038,1439.3380889892578,102.8098634992327,14,1762.0,0.289416623723042,0.3209753495815189,36.42514935714286,41.830163076086535,-0.123578195800227
xgboost,ml,STORE0012,SKU0057,1056.806022644043,75.4861444745745,14,1032.0,0.2893122490310078,0.3145247912305308,21.326445785714288,23.84321130081081,0.0762612412790697
xgboost,ml,STORE0012,SKU0008,328.9275016784668,23.494821548461914,14,336.0,0.2892593720238094,0.3491750058905882,6.942224928571427,8.479489092912855,-0.0491531934523809
xgboost,ml,STORE0012,SKU0081,922.2281379699707,65.87343842642647,14,967.0,0.2891219100310238,0.3900136404930777,19.97006335714286,24.08210400935284,-0.0474493267838676
xgboost,ml,STORE0012,SKU0039,204.40564441680908,14.60040317262922,14,229.0,0.2888268973799126,0.3596968372550734,4.724382821428571,6.15731237571573,-0.0518206441048034
xgboost,ml,STORE0003,SKU0076,331.7200336456299,23.694288117544993,14,356.0,0.2885919101123596,0.2808219391772162,7.33848,8.787392285232299,-0.211348415730337
xgboost,ml,STORE0012,SKU0027,1441.1050643920898,102.93607602800641,14,2358.0,0.288463560644614,0.2686913463284431,48.585505428571416,66.50279373677282,-0.175812619168787
xgboost,ml,STORE0006,SKU0023,993.0643081665039,70.93316486903599,14,1272.0,0.2883224284591195,0.5244714943827337,26.19615207142857,33.36907312259466,-0.0253656737421383
xgboost,ml,STORE0013,SKU0063,352.09396743774414,25.14956910269601,14,400.0,0.2882509725,0.6825288926756682,8.23574207142857,11.516371142711202,0.1788019624999999
xgboost,ml,STORE0008,SKU0003,332.7952632904053,23.771090235028947,14,339.0,0.2880699203539823,0.3119971278672303,6.975407357142857,9.61116381758922,-0.058581424778761
xgboost,ml,STORE0012,SKU0077,642.2385368347168,45.87418120247977,14,784.0,0.2880453596938775,0.4392646979732841,16.130540142857143,23.3014290338651,0.1295219362244898
xgboost,ml,STORE0010,SKU0058,1158.171859741211,82.72656141008649,14,1183.0,0.2879478867286559,0.3893523739715613,24.331596428571427,31.617221127573643,0.0865801183431952
xgboost,ml,STORE0002,SKU0042,166.5283842086792,11.894884586334229,14,178.0,0.2878602303370786,0.5809227978842586,3.6599372142857134,4.708892535376285,-0.0565302415730337
xgboost,ml,STORE0001,SKU0042,242.11852836608887,17.294180597577775,14,244.0,0.2877319139344262,0.3695618112382854,5.014756214285714,5.97865460087335,0.0791361762295081
xgboost,ml,STORE0004,SKU0054,1087.2294616699219,77.65924726213727,14,1285.0,0.2875891626459143,0.4019110649419664,26.39657671428571,32.545487711084206,0.1542939252918287
xgboost,ml,STORE0006,SKU0037,1446.764274597168,103.34030532836914,14,1684.0,0.2875868509501187,0.3784721409006403,34.59258978571428,39.90833982073516,-0.0199363557007125
xgboost,ml,STORE0011,SKU0085,1011.6352691650391,72.25966208321708,14,1342.0,0.2873133002980626,0.5855371469499262,27.54103207142857,32.2203798402847,0.0395081378539493
xgboost,ml,STORE0011,SKU0051,1084.0189895629883,77.42992782592773,14,1127.0,0.2872978251996451,0.3585918321908894,23.127474928571427,27.442657053246425,7.365483584738608e-05
xgboost,ml,STORE0008,SKU0060,877.5092620849609,62.679233006068635,14,906.0,0.2870560838852097,0.5173722088599433,18.57662942857143,24.36842341714731,0.0074263774834437
xgboost,ml,STORE0001,SKU0007,366.6593208312988,26.189951487949916,14,376.0,0.286993329787234,0.3853282303580903,7.707820857142856,9.184737418979957,0.039611244680851
xgboost,ml,STORE0007,SKU0058,1051.70947265625,75.12210518973214,14,1027.0,0.2866809990262901,0.3231406055880969,21.030099,25.213826609771356,0.0267808140214216
xgboost,ml,STORE0006,SKU0099,1284.537094116211,91.75264957972935,14,1474.0,0.2864363270013568,1.310555493300284,30.15765328571428,43.40071669606741,0.0762164599728629
xgboost,ml,STORE0001,SKU0011,267.1670265197754,19.083359037126815,14,335.0,0.2863275701492537,0.4052999602103525,6.851409714285714,8.175791983308947,0.0064099343283582
xgboost,ml,STORE0008,SKU0055,215.37591361999512,15.383993829999651,14,204.0,0.2861728284313725,0.3469503251764317,4.169946928571428,4.889099096262996,0.1491767303921568
xgboost,ml,STORE0007,SKU0079,892.6602210998535,63.76144436427525,14,993.0,0.2861087532729104,0.2709506740718765,20.293285142857144,23.33945607225731,-0.1705861329305136
xgboost,ml,STORE0002,SKU0009,635.9812278747559,45.42723056248256,14,721.0,0.2859074119278779,0.315237585398899,14.724231714285713,17.06049346422663,-0.2080350069348127
xgboost,ml,STORE0005,SKU0077,716.7625389099121,51.19732420785086,14,853.0,0.2854576752637749,0.6941485553694902,17.392528357142858,22.06956830503554,0.1685023153575615
xgboost,ml,STORE0005,SKU0088,356.18481826782227,25.441772733415878,14,353.0,0.2851088045325778,0.557504479860138,7.188814857142857,9.297953539825402,0.0588244872521246
xgboost,ml,STORE0012,SKU0029,407.66164779663086,29.118689128330775,14,423.0,0.284832,0.3832850055241429,8.605995428571429,10.108992369174755,0.144334
xgboost,ml,STORE0010,SKU0015,137.26433181762695,9.804595129830497,14,141.0,0.2847506914893616,0.3710983677290962,2.8678462499999995,3.4526669636168235,-0.0250426843971631
xgboost,ml,STORE0009,SKU0090,263.93863677978516,18.852759769984655,14,249.0,0.2844751004016064,0.2278145369121041,5.0595928571428574,7.041703982526946,0.0908733172690763
xgboost,ml,STORE0009,SKU0039,223.1684160232544,15.94060114451817,14,227.0,0.2840152797356827,0.715587927688684,4.605104892857142,6.282398062338328,0.0048936585903083
xgboost,ml,STORE0005,SKU0074,788.5506019592285,56.32504299708775,14,1170.0,0.2840005307692307,0.3266069463537851,23.73433007142857,28.478017850590973,-0.021175352991453
xgboost,ml,STORE0011,SKU0094,886.4809646606445,63.320068904331755,14,891.0,0.2839998451178451,0.3495782523477529,18.07456157142857,23.496372499068283,0.0234259124579124
xgboost,ml,STORE0005,SKU0095,483.9850540161133,34.57036100115095,14,571.0,0.2836860455341505,0.252239127710735,11.570337999999998,15.384079067330982,-0.2466980945709281
xgboost,ml,STORE0008,SKU0057,1285.154396057129,91.79674257550921,14,1252.0,0.2836614081469649,0.3061832842306334,25.3674345,31.339958368303083,0.070650626996805
xgboost,ml,STORE0007,SKU0022,1087.7912902832031,77.69937787737165,14,1142.0,0.2835702933450088,0.2775645813471311,23.13123392857143,28.97276421850193,-0.0863641182136602
xgboost,ml,STORE0011,SKU0037,1503.0533752441406,107.36095537458148,14,1945.0,0.2835172514138817,0.3226761518557056,39.38864671428571,45.99413214399103,-0.1486610560411311
xgboost,ml,STORE0012,SKU0080,1119.071434020996,79.93367385864258,14,1230.0,0.2831837569105691,0.3233788356519612,24.87971578571429,31.925986710029143,-0.1320292691056911
xgboost,ml,STORE0010,SKU0065,751.9521636962891,53.71086883544922,14,882.0,0.2831424013605442,0.4206928929417274,17.837971285714286,23.38637234061424,0.1092713696145124
xgboost,ml,STORE0001,SKU0014,860.1628761291504,61.44020543779646,14,909.0,0.2831054862486248,0.3302980682241331,18.381634785714283,22.294452360614493,-0.0283626765676567
xgboost,ml,STORE0004,SKU0095,463.6131172180176,33.11522265842983,14,468.0,0.2830787136752137,0.5129494531722943,9.462917,12.197583652020874,0.0151707905982906
xgboost,ml,STORE0001,SKU0084,372.5376949310303,26.609835352216447,14,388.0,0.2828398170103093,0.5206690714051055,7.838703500000001,9.90663318001391,-0.046632605670103
xgboost,ml,STORE0001,SKU0031,790.0896911621094,56.43497794015067,14,947.0,0.2828381119324181,0.7032111583743051,19.131978,24.175902804974164,0.0434315058078141
xgboost,ml,STORE0004,SKU0026,1458.445556640625,104.1746826171875,14,1729.0,0.2826495020242915,0.3455716342692478,34.9072135,39.88223963091555,-0.0827457310584152
xgboost,ml,STORE0013,SKU0014,454.0900821685791,32.435005869184224,14,483.0,0.2824212339544513,0.3000412214765658,9.743532571428572,11.114059424721722,-0.1559531677018633
xgboost,ml,STORE0012,SKU0076,390.29430198669434,27.878164427621023,14,375.0,0.282192128,1.2271042858822443,7.558717714285714,11.422189077622724,0.0274984906666666
xgboost,ml,STORE0005,SKU0057,1293.481544494629,92.39153889247349,14,1247.0,0.2821671443464315,0.4173976308298476,25.133030642857143,31.55441672486199,0.1221836479550922
xgboost,ml,STORE0007,SKU0068,458.25387382507324,32.732419558933806,14,518.0,0.2819643938223938,0.302437549864046,10.432682571428572,11.585218983237096,-0.1697695482625482
xgboost,ml,STORE0012,SKU0096,1199.1537246704102,85.65383747645787,14,1219.0,0.2818247210828548,0.5101863120966176,24.53888107142857,35.69403626354289,0.0017971886792452
xgboost,ml,STORE0009,SKU0028,1454.3114852905273,103.87939180646624,14,1576.0,0.2816106878172588,0.3821655898129978,31.701317428571425,41.73015223546884,0.030008771573604
xgboost,ml,STORE0009,SKU0084,318.7034664154053,22.764533315386092,14,320.0,0.281402528125,0.3676858351835713,6.432057785714286,8.095326533867977,0.0620955593749999
xgboost,ml,STORE0007,SKU0037,1234.6075134277344,88.18625095912388,14,1408.0,0.2813438494318181,0.27759553924976,28.295152857142856,33.717859249044594,-0.2088225568181818
xgboost,ml,STORE0002,SKU0022,1031.9768676757812,73.71263340541294,14,1028.0,0.2811161439688716,0.3906081408879615,20.641956857142866,23.819888993051308,-0.0371138093385214
xgboost,ml,STORE0006,SKU0011,291.251070022583,20.80364785875593,14,360.0,0.2808812944444444,0.3384192320559873,7.222661857142858,9.03548764161731,-0.0912076777777777
xgboost,ml,STORE0007,SKU0029,355.2590141296387,25.37564386640276,14,356.0,0.280812404494382,0.431616108207861,7.140658285714287,8.435197882802589,0.1224052303370786
xgboost,ml,STORE0009,SKU0041,1146.3879776000977,81.88485554286412,14,1453.0,0.2804225774260151,0.6979744694761599,29.1038575,43.91380681486762,0.0343953372333104
xgboost,ml,STORE0009,SKU0061,1306.6715774536133,93.33368410382953,14,1390.0,0.2802620100719424,0.3525060894504152,27.82601385714285,33.1937022442866,-0.1029630028776978
xgboost,ml,STORE0011,SKU0044,1262.0642929077148,90.1474494934082,14,1262.0,0.2797180103011094,0.6544537778602078,25.214580642857147,36.848863515056586,0.0620483684627575
xgboost,ml,STORE0013,SKU0024,446.01094245910645,31.857924461364746,14,496.0,0.2796628548387097,0.2625411134169117,9.90805542857143,12.268840935059512,-0.1880699112903225
xgboost,ml,STORE0006,SKU0097,1072.2336959838867,76.5881211417062,14,1148.0,0.2795553954703833,0.2197899001604659,22.923542428571437,30.742102778922536,-0.0138887160278745
xgboost,ml,STORE0008,SKU0074,871.1927528381348,62.228053774152485,14,1162.0,0.2791521901893288,0.5390445712848679,23.16963178571429,30.96698396943437,0.0844388769363166
xgboost,ml,STORE0002,SKU0032,721.0048866271973,51.500349044799805,14,777.0,0.2788882522522522,0.6476065704438331,15.478298,20.9338377365765,0.1358369652509652
xgboost,ml,STORE0001,SKU0041,1217.4137268066406,86.95812334333148,14,1714.0,0.27878762252042,0.4242965829146732,34.13157035714285,43.12293709653383,0.0176481359393232
xgboost,ml,STORE0002,SKU0024,628.4672622680664,44.89051873343332,14,589.0,0.2786818913412563,0.4272340578068211,11.724545285714283,14.851866794271109,0.1040054634974533
xgboost,ml,STORE0004,SKU0018,1298.780174255371,92.77001244681222,14,1410.0,0.2786433503546099,0.2800337335329533,28.063366,36.98875033257179,-0.0941858609929078
xgboost,ml,STORE0010,SKU0080,1094.8685836791992,78.20489883422852,14,1122.0,0.2785304340463458,0.1920650933498657,22.322224785714287,32.10956050520238,-0.0611933573975044
xgboost,ml,STORE0003,SKU0058,1023.5357131958008,73.10969379970005,14,1001.0,0.2780180779220779,0.3610569601634524,19.87829257142857,23.93826565684358,0.0285264075924076
xgboost,ml,STORE0001,SKU0012,648.367618560791,46.311972754342214,14,998.0,0.2779921172344688,0.3780036536442875,19.81686664285714,27.5139425639804,0.1557057324649298
xgboost,ml,STORE0009,SKU0067,486.08769607543945,34.720549719674246,14,473.0,0.2776533382663848,0.5403644638742461,9.38071635714286,11.929200076144488,0.0234350634249471
xgboost,ml,STORE0003,SKU0043,545.5041275024414,38.96458053588867,14,614.0,0.2774432736156351,0.3484896546081463,12.167869285714286,14.144553280084118,0.096727973941368
xgboost,ml,STORE0004,SKU0021,898.5543022155762,64.18245015825543,14,958.0,0.2772937922755741,0.902451042978102,18.97481807142857,23.656076654738587,-0.0063975271398747
xgboost,ml,STORE0001,SKU0010,529.3096542358398,37.807832445417134,14,595.0,0.2772369092436975,2.8290830843525376,11.782568642857145,15.801739716357924,-0.0405559680672269
xgboost,ml,STORE0011,SKU0027,1479.1695861816406,105.65497044154576,14,2117.0,0.2770963958431743,1.0100751552143743,41.90093357142858,67.42705365436377,0.1150484411903637
xgboost,ml,STORE0007,SKU0096,1064.4853897094727,76.03467069353376,14,1130.0,0.2768732300884955,0.3605536811732546,22.347624999999997,26.6332874811245,-0.0915681327433628
xgboost,ml,STORE0011,SKU0073,175.34407997131348,12.524577140808105,14,184.0,0.2767999701086956,0.1970459413124715,3.6379424642857145,4.806222407689969,-0.1424157255434782
xgboost,ml,STORE0012,SKU0059,336.9966869354248,24.071191923958914,14,346.0,0.2765595982658959,0.4043460977543085,6.834972928571427,8.452129561173255,-0.0344810953757225
xgboost,ml,STORE0010,SKU0005,1005.7371864318848,71.83837045942035,14,1302.0,0.2764221436251921,0.3736121518696376,25.707259357142863,30.588381292459403,0.0535554692780337
xgboost,ml,STORE0002,SKU0101,174.27807235717773,12.448433739798409,14,200.0,0.2759355775,0.4116135950554203,3.9419368214285706,4.824522485086746,0.0900457074999999
xgboost,ml,STORE0006,SKU0096,1403.4283905029297,100.24488503592355,14,1601.0,0.2754594846970643,0.3496831922225149,31.50075964285714,35.134867213552184,-0.1222004790755778
xgboost,ml,STORE0010,SKU0057,1182.5666961669922,84.46904972621373,14,1210.0,0.2750957272727273,0.51144363945632,23.77613071428572,29.053315441014583,-0.0849684297520661
xgboost,ml,STORE0004,SKU0072,550.7914810180664,39.3422486441476,14,588.0,0.2750838707482994,0.2712191623081051,11.553522571428571,14.739152329968055,-0.0551532346938775
xgboost,ml,STORE0012,SKU0099,1242.290771484375,88.73505510602679,14,1401.0,0.2748776266952177,0.7027846466504767,27.50739678571429,33.95630807553823,-0.0013425945753033
xgboost,ml,STORE0005,SKU0083,1228.7441940307617,87.7674424307687,14,1247.0,0.2748769679230152,0.3331215178188894,24.483684214285717,29.35400293219137,0.0734593496391339
xgboost,ml,STORE0006,SKU0006,1457.0300598144531,104.07357570103237,14,1978.0,0.2748703437815976,1.397640515314283,38.835252857142855,49.25583192246078,-0.0750833205257836
xgboost,ml,STORE0011,SKU0030,690.3818130493164,49.31298664637974,14,741.0,0.2747066680161943,0.4327143931999734,14.5398315,18.714581472485374,-0.0044698502024291
xgboost,ml,STORE0011,SKU0002,923.8582916259766,65.98987797328404,14,963.0,0.2743287165109034,0.362815417877741,18.86989671428572,23.1569238692248,0.0317949595015576
xgboost,ml,STORE0001,SKU0027,1658.829360961914,118.48781149727958,14,2752.0,0.2741219295058139,0.3049567810470741,53.88453928571429,70.49770985933702,-0.1382049745639534
xgboost,ml,STORE0010,SKU0032,911.5671463012695,65.11193902151925,14,1108.0,0.274004774368231,0.298948702790303,21.68552071428572,24.00540857333592,-0.0225174548736462
xgboost,ml,STORE0001,SKU0018,1332.2173614501953,95.15838296072823,14,1497.0,0.2739692090848363,0.2591864697595272,29.295136142857142,35.90258129802353,-0.1143243727454909
xgboost,ml,STORE0012,SKU0068,479.5135154724121,34.25096539088658,14,534.0,0.2739483689138577,0.2891216719071456,10.4491735,14.623747450774731,0.0002956011235955
xgboost,ml,STORE0005,SKU0087,441.21824073791504,31.51558862413679,14,436.0,0.2738241513761468,0.3612945667793135,8.527666428571427,9.653661648342672,0.0351390504587155
xgboost,ml,STORE0001,SKU0086,135.11922454833984,9.651373182024274,14,177.0,0.2732807175141243,0.3510857803494124,3.455049071428572,4.32578417765155,0.0876764915254237
xgboost,ml,STORE0007,SKU0056,242.36789512634277,17.311992509024485,14,279.0,0.2730741792114696,0.5374088636685309,5.441978285714287,7.046960338682852,0.0598845017921147
xgboost,ml,STORE0001,SKU0006,1423.4221725463867,101.6730123247419,14,1888.0,0.2728931366525424,0.306399073578598,36.80158871428572,47.93723819238717,-0.0065196493644067
xgboost,ml,STORE0007,SKU0098,477.97793197631836,34.14128085545131,14,477.0,0.27280621802935,0.3460211322353022,9.294897571428567,14.22678910162974,0.1506951404612159
xgboost,ml,STORE0012,SKU0070,1297.6581573486328,92.6898683820452,14,1370.0,0.2726300912408759,0.2854099516615409,26.67880178571429,30.453940845749543,-0.0826621934306569
xgboost,ml,STORE0005,SKU0056,335.6926460266113,23.97804614475795,14,455.0,0.2722606307692308,0.3079187841120671,8.848470500000001,11.781522614752854,-0.1626807098901098
xgboost,ml,STORE0002,SKU0011,228.52242374420166,16.323030267442977,14,251.0,0.2718080358565737,0.4068277837357087,4.873129785714286,5.665052574398476,-0.003615717131474
xgboost,ml,STORE0006,SKU0070,1450.9091186523438,103.63636561802456,14,1667.0,0.2716410497900419,0.292920696796245,32.34468785714285,35.470587073702646,-0.1371616136772645
xgboost,ml,STORE0011,SKU0034,1897.6081314086914,135.54343795776367,14,2864.0,0.2715782227653631,0.2976788779254173,55.557145,65.49732246041366,-0.1082587534916201
xgboost,ml,STORE0001,SKU0070,1459.1459655761719,104.22471182686942,14,1701.0,0.2713835631981187,0.833262652835557,32.97310292857143,42.89810348910208,-0.1084917042915931
xgboost,ml,STORE0012,SKU0017,1330.011215209961,95.00080108642578,14,1482.0,0.2712166578947368,0.4627491958543382,28.7102205,34.389765925562294,-0.0324055917678812
xgboost,ml,STORE0001,SKU0073,157.1890687942505,11.227790628160749,14,163.0,0.2711966411042945,0.2998075774267398,3.15750375,3.623625363657263,-0.0297583834355828
xgboost,ml,STORE0006,SKU0036,620.969596862793,44.35497120448521,14,661.0,0.270638149773071,0.6525525270146286,12.777986928571426,16.138431119910372,0.1599410272314674
xgboost,ml,STORE0007,SKU0082,721.7064552307129,51.55046108790806,14,697.0,0.2703795638450502,0.3852245411422142,13.461039714285716,18.004624668509337,0.0116737962697273
xgboost,ml,STORE0008,SKU0010,494.9830551147461,35.35593250819615,14,525.0,0.2702846304761904,0.3483257362523625,10.135673642857142,12.191443841572566,0.1158120628571428
xgboost,ml,STORE0009,SKU0046,1115.509880065918,79.67927714756557,14,1328.0,0.2702167628012047,0.3014167926304422,25.631990071428568,33.97958340404021,0.0387965429216867
xgboost,ml,STORE0009,SKU0102,1266.0432357788086,90.43165969848633,14,1685.0,0.2701986403560831,0.2756533445766927,32.52033635714286,39.8008309029087,-0.0365288955489614
xgboost,ml,STORE0007,SKU0087,318.3885021209717,22.74203586578369,14,315.0,0.2698127238095238,0.4366707916446929,6.070786285714285,7.336622464335636,-0.0307415365079365
xgboost,ml,STORE0007,SKU0038,1148.724739074707,82.05176707676479,14,1185.0,0.2696589797468355,0.3547349786061882,22.8247065,27.467297722174987,-0.0513210540084388
xgboost,ml,STORE0006,SKU0028,1520.10595703125,108.57899693080357,14,1773.0,0.269301864072194,0.5400657115586027,34.105157500000004,45.20614986947749,0.0578324799774393
xgboost,ml,STORE0003,SKU0092,972.7146606445312,69.47961861746651,14,949.0,0.2688850305584826,1.280840108118858,18.226563857142857,23.957198388211072,0.0046477091675447
xgboost,ml,STORE0010,SKU0083,1233.7174758911133,88.12267684936523,14,1272.0,0.2688357154088051,1.097530399791106,24.425645000000003,31.434270666006853,-0.047470393081761
xgboost,ml,STORE0002,SKU0070,1199.3328475952148,85.66663197108677,14,1187.0,0.2687808921651221,0.2727575262568494,22.788779928571422,30.63533469249779,-0.0377778593091828
xgboost,ml,STORE0003,SKU0067,430.9686527252197,30.783475194658553,14,432.0,0.2686164976851852,0.2993806622358647,8.288737642857145,9.21574525212786,0.0429805069444444
xgboost,ml,STORE0004,SKU0064,1331.8009948730469,95.12864249093192,14,1440.0,0.268615954861111,0.2615356492299508,27.62906964285714,37.24807191473485,-0.1175242673611111
xgboost,ml,STORE0009,SKU0047,1038.1538848876953,74.15384892054966,14,1126.0,0.2680726003552398,0.2752643060242508,21.560696285714283,25.49693347146909,-0.1444320852575488
xgboost,ml,STORE0010,SKU0085,883.4648513793945,63.104632241385325,14,1155.0,0.2678090571428572,1.0990242694649268,22.09424721428572,29.21967666257633,0.0048670883116882
xgboost,ml,STORE0003,SKU0053,370.49584007263184,26.46398857661656,14,403.0,0.2675025657568238,0.2672494039680287,7.700252428571429,8.992603733414215,-0.184108287841191
xgboost,ml,STORE0006,SKU0054,1268.9846725463867,90.6417623247419,14,1880.0,0.2673905143617021,0.2649229006271418,35.90672621428572,45.25795864757046,-0.2192746037234042
xgboost,ml,STORE0010,SKU0011,262.011999130249,18.715142795017787,14,330.0,0.2673050909090909,0.2597416546944633,6.300762857142857,7.696086562189773,-0.1188506969696969
xgboost,ml,STORE0006,SKU0010,529.9795074462891,37.855679103306365,14,576.0,0.267294796875,0.4897046831272242,10.997271642857145,16.088664727230835,-0.0412202517361111
xgboost,ml,STORE0009,SKU0018,1244.1854248046875,88.87038748604911,14,1416.0,0.2672797690677966,0.2501413398693742,27.0334395,32.13640877223512,-0.2065752422316384
xgboost,ml,STORE0003,SKU0069,853.6629180908203,60.97592272077288,14,1055.0,0.2672377289099526,0.336118202760396,20.138271714285715,26.423842853379057,0.0942135317535545
xgboost,ml,STORE0011,SKU0074,778.267162322998,55.59051159449986,14,1107.0,0.2672354010840109,0.3527299153424649,21.130684928571437,24.13088982192433,0.0614135781391147
xgboost,ml,STORE0009,SKU0033,1462.2719116210938,104.44799368722099,14,1735.0,0.2670896628242075,0.2684113303009761,33.10004035714285,38.70272338517329,-0.1816473988472622
xgboost,ml,STORE0004,SKU0075,515.896312713623,36.84973662240164,14,539.0,0.2666520333951762,0.4099495780472433,10.266103285714284,14.001283104053629,-0.0454407012987012
xgboost,ml,STORE0002,SKU0088,289.5498752593994,20.68213394709996,14,317.0,0.2665633406940063,0.2453175561498156,6.035755642857144,7.587256454418746,-0.1727825835962144
xgboost,ml,STORE0006,SKU0042,238.69314670562744,17.04951047897339,14,248.0,0.2664725080645161,1.575395330795714,4.720370142857142,6.906833920864713,0.0214239435483871
xgboost,ml,STORE0001,SKU0087,443.58185958862305,31.684418542044504,14,438.0,0.2664444223744293,0.6017973543639148,8.335904071428573,10.875144542699964,0.0392566232876712
xgboost,ml,STORE0006,SKU0044,1324.7423553466797,94.62445395333427,14,1507.0,0.2663554512276045,0.2606087682814368,28.67126178571429,38.51918222910034,-0.0981826310550763
xgboost,ml,STORE0007,SKU0085,691.6872711181641,49.406233651297434,14,893.0,0.2661060940649495,0.3376480497049815,16.97376728571428,20.467564825612538,0.0580663381858902
xgboost,ml,STORE0002,SKU0044,980.6666870117188,70.04762050083706,14,974.0,0.2661054661190964,0.4872537463690021,18.513337428571425,22.34109596470221,0.0262353531827515
xgboost,ml,STORE0011,SKU0007,445.2367343902588,31.802623885018484,14,501.0,0.2660498782435129,0.2543135337021137,9.520784928571429,13.46485745265775,-0.2016558982035928
xgboost,ml,STORE0011,SKU0031,823.0784721374512,58.79131943838937,14,1024.0,0.2660227177734375,0.2941003336771608,19.457661642857143,27.17238175549691,0.0485577197265624
xgboost,ml,STORE0002,SKU0028,1226.3569793701172,87.59692709786552,14,1333.0,0.2659916054013504,0.2626437458744853,25.32620071428572,30.249490988068217,-0.0686308132033008
xgboost,ml,STORE0012,SKU0019,210.9828052520752,15.070200375148229,14,256.0,0.2656287578124999,0.3412915999691703,4.857211571428571,5.465821171012681,0.1295118671875
xgboost,ml,STORE0006,SKU0072,483.3870048522949,34.52764320373535,14,483.0,0.2654092070393374,0.4462679130882328,9.156617642857142,12.548467227454273,0.1230873271221532
xgboost,ml,STORE0002,SKU0083,998.531005859375,71.32364327566964,14,884.0,0.2653807239819005,0.3302302202990594,16.756897142857145,20.1176655814734,0.1720968642533937
xgboost,ml,STORE0007,SKU0088,259.9107608795166,18.5650543485369,14,252.0,0.265138876984127,0.3207894043699154,4.772499785714286,5.908769806904281,0.0475361706349206
xgboost,ml,STORE0012,SKU0072,529.616584777832,37.82975605555943,14,546.0,0.2650527728937729,0.3597462157972612,10.337058142857144,12.131891595147495,-0.0642117069597069
xgboost,ml,STORE0003,SKU0094,652.1149559020996,46.57963970729283,14,641.0,0.2650156911076443,0.4463469223054117,12.133932714285711,16.036835210075537,0.0311748393135725
xgboost,ml,STORE0001,SKU0004,1357.1989669799805,96.94278335571289,14,1418.0,0.264995928067701,2.4482373825887787,26.840301857142855,35.21844307445681,0.013705095909732
xgboost,ml,STORE0006,SKU0019,234.02904605865479,16.716360432761057,14,307.0,0.2649726970684039,0.4551706162240587,5.810472714285714,8.22514984250103,-0.0385556872964169
xgboost,ml,STORE0008,SKU0008,351.4291305541992,25.102080753871373,14,370.0,0.2646376216216216,0.2816673242484515,6.993994285714286,7.946437905647465,-0.0131377405405405
xgboost,ml,STORE0012,SKU0050,230.46113681793213,16.461509772709437,14,260.0,0.2645621884615384,0.239148167244708,4.913297785714286,6.539239230492078,-0.1824800961538461
xgboost,ml,STORE0005,SKU0004,1349.557846069336,96.39698900495257,14,1459.0,0.2645188389307745,0.2952824786086692,27.56664185714285,35.59761703691154,-0.003005862919808
xgboost,ml,STORE0010,SKU0088,338.46630859375,24.176164899553573,14,348.0,0.2644829683908046,0.3836029492542558,6.574290928571429,8.26056914662246,0.0118231235632183
xgboost,ml,STORE0013,SKU0041,646.7150382995605,46.19393130711147,14,779.0,0.2642038433889602,0.4231681794702558,14.701056714285713,19.971991718604944,0.2162702182284981
xgboost,ml,STORE0011,SKU0017,1412.2726974487305,100.87662124633789,14,1642.0,0.2640193020706455,0.2923290935695254,30.965692428571423,38.02242074488287,-0.0109984397076735
xgboost,ml,STORE0009,SKU0085,873.5062408447266,62.39330291748047,14,1081.0,0.2639921942645697,0.3358286639774104,20.38396871428571,26.270189847753983,0.0798709324699352
xgboost,ml,STORE0010,SKU0064,1179.1023330688477,84.22159521920341,14,1232.0,0.2637934943181819,0.3611721278956406,23.213827500000004,29.269214099226264,-0.0050617004870129
xgboost,ml,STORE0009,SKU0063,665.7702407836914,47.5550171988351,14,836.0,0.2637356112440191,0.4657765282369538,15.748783642857145,19.52882028995761,0.0809537715311004
xgboost,ml,STORE0003,SKU0065,622.4904098510742,44.46360070364816,14,770.0,0.2636062376623376,0.3640128748040072,14.49834307142857,18.67291136882081,-0.0248407181818181
xgboost,ml,STORE0010,SKU0042,193.57057571411133,13.826469693865095,14,195.0,0.2634963846153846,0.426439408599045,3.670128214285714,5.03246525254125,0.1489480564102564
xgboost,ml,STORE0009,SKU0071,404.01728439331055,28.85837745666504,14,412.0,0.2633736868932039,0.4263489725184969,7.750711357142856,9.37375632970032,-0.0502910412621359
xgboost,ml,STORE0007,SKU0024,617.0956687927246,44.07826205662319,14,611.0,0.2632167790507365,0.334919444233955,11.487532285714286,13.996710972747415,0.0654974599018003
xgboost,ml,STORE0010,SKU0067,486.534481048584,34.752462932041716,14,463.0,0.2631547883369331,0.4879569546441255,8.702904785714287,11.245560137977114,0.0858996652267818
xgboost,ml,STORE0009,SKU0064,1287.2189178466797,91.94420841761998,14,1341.0,0.2631310171513796,0.3184305433585868,25.204192428571435,29.1205055131484,-0.0921407651006711
xgboost,ml,STORE0002,SKU0078,312.06703758239746,22.29050268445696,14,287.0,0.2630674216027874,0.4071609179076276,5.392882142857142,7.178854927850342,0.1893676933797909
xgboost,ml,STORE0004,SKU0015,172.06468200683594,12.29033442905971,14,176.0,0.2629752017045454,0.4901608829025688,3.3059739642857147,4.450029571366606,0.0365979005681818
xgboost,ml,STORE0012,SKU0064,1118.0735549926758,79.86239678519112,14,1122.0,0.2629392076648841,0.5804960622327228,21.072699357142856,27.6698280020398,-0.0116010347593582
xgboost,ml,STORE0004,SKU0046,1334.1925888061523,95.29947062901088,14,1925.0,0.2622927485714286,0.283442530705719,36.06525292857143,42.44344197284634,-0.1672099267532467
xgboost,ml,STORE0010,SKU0096,1154.042366027832,82.43159757341657,14,1170.0,0.2622202564102564,0.4323976410307356,21.91412142857143,25.929146817370697,0.0337628034188034
xgboost,ml,STORE0007,SKU0008,254.18465042114258,18.15604645865304,14,282.0,0.2621255638297872,0.4324916398220568,5.279957785714286,6.149028379692675,-0.0953139893617021
xgboost,ml,STORE0005,SKU0089,701.9503326416016,50.139309474400115,14,749.0,0.262070909212283,0.2987500121572935,14.020793642857145,16.992196140287657,-0.0476534592790387
xgboost,ml,STORE0010,SKU0035,2038.4742126464844,145.6053009033203,14,2699.0,0.2618595628010374,0.4394956897650049,50.48278285714286,62.33381917788701,-0.0686988366061504
xgboost,ml,STORE0013,SKU0080,656.9521789550781,46.92515563964844,14,743.0,0.2617522126514132,0.257085559096089,13.891563857142856,16.60927977420124,-0.1661993135935396
xgboost,ml,STORE0008,SKU0039,278.4257640838623,19.887554577418737,14,321.0,0.2616683894080996,0.2409302119569873,5.9996823571428575,7.472472214300112,-0.169176707165109
xgboost,ml,STORE0002,SKU0018,870.8681373596191,62.20486695425851,14,818.0,0.261541380195599,1.819435650208185,15.281489214285717,22.422275101496208,0.1202543166259168
xgboost,ml,STORE0009,SKU0078,430.43934059143066,30.74566718510219,14,492.0,0.2614814227642276,0.2428853102861697,9.189204285714286,10.64356560643495,-0.2540028780487805
xgboost,ml,STORE0009,SKU0034,1666.7973251342773,119.05695179530552,14,2219.0,0.2613190581342948,0.2915620138078701,41.41907071428572,48.76626035155095,0.0266535691753041
xgboost,ml,STORE0004,SKU0008,363.11584663391113,25.93684618813651,14,363.0,0.2611548980716254,0.4717514612384195,6.7713734285714295,9.76633351433536,0.0238355537190082
xgboost,ml,STORE0010,SKU0010,438.5092658996582,31.32209042140416,14,488.0,0.2611145881147541,0.3082782485569835,9.1017085,12.180204629631788,-0.0618008995901639
xgboost,ml,STORE0002,SKU0040,231.81602573394775,16.55828755242484,14,312.0,0.260879064102564,0.3791981430824757,5.813876285714285,6.713500072973709,0.1794698717948717
xgboost,ml,STORE0003,SKU0004,975.4260787963867,69.67329134259906,14,911.0,0.2605655817782656,0.3061738980561547,16.955374642857144,21.2436066022482,0.1123848155872667
xgboost,ml,STORE0007,SKU0093,774.6831283569336,55.3345091683524,14,816.0,0.2604018884803921,0.2944055311632235,15.177710071428567,17.305814440336892,-0.064781356617647
xgboost,ml,STORE0002,SKU0052,634.213508605957,45.300964900425505,14,690.0,0.2603839130434783,0.2427372369893046,12.833207142857145,15.18191181078327,-0.2068051942028985
xgboost,ml,STORE0011,SKU0096,1406.9127044677734,100.49376460484096,14,1533.0,0.2602705114155251,0.9123432678511438,28.499621,36.40924139261087,-0.0700489589041095
xgboost,ml,STORE0004,SKU0017,1470.8918533325195,105.06370380946568,14,1849.0,0.2599705375878853,0.2506996657120992,34.334680285714285,42.11001174158438,-0.0981527009194159
xgboost,ml,STORE0011,SKU0052,823.8027534484863,58.84305381774902,14,860.0,0.2599396686046512,0.3972084831870006,15.967722500000002,22.417122231013597,-0.0314180941860465
xgboost,ml,STORE0010,SKU0043,661.4113159179688,47.243665422712056,14,744.0,0.2599087634408602,0.3622294199323778,13.812294285714286,16.350146264050796,0.1416784274193548
xgboost,ml,STORE0004,SKU0070,1453.5081634521484,103.82201167515346,14,1545.0,0.2595389417475728,0.4047366945887938,28.64197607142857,37.7754277397845,-0.0148683980582524
xgboost,ml,STORE0005,SKU0058,1356.1351318359375,96.86679513113839,14,1467.0,0.2594182290388547,0.2892619157932526,27.18332442857142,30.685384559877832,-0.0634785671438309
xgboost,ml,STORE0010,SKU0053,426.5304660797119,30.466461862836564,14,445.0,0.2591787123595505,0.2384932375878587,8.2381805,10.791556212836282,-0.1329211932584269
xgboost,ml,STORE0006,SKU0004,1309.1846008300781,93.513185773577,14,1365.0,0.2589077208791209,0.3824200636359646,25.243502785714288,33.637212666094825,0.0251437076923077
xgboost,ml,STORE0002,SKU0036,470.73216438293457,33.62372602735247,14,497.0,0.2588417082494969,0.3080370749204095,9.18888064285714,13.895784324241172,0.2143095311871227
xgboost,ml,STORE0002,SKU0051,751.8363075256348,53.7025933946882,14,762.0,0.2586567440944882,0.2859383311134124,14.078317071428572,17.416573714777698,-0.0722244343832021
xgboost,ml,STORE0007,SKU0003,240.75735664367676,17.196954045976913,14,248.0,0.2585540624999999,0.1725648196611445,4.580100535714285,6.436169338080462,-0.0567081592741935
xgboost,ml,STORE0011,SKU0066,430.5258255004883,30.751844678606307,14,486.0,0.2584777880658436,0.2707334421961879,8.972871785714284,9.900532610751098,-0.0458721378600823
xgboost,ml,STORE0010,SKU0087,353.633825302124,25.259558950151717,14,348.0,0.2583960545977011,0.3072642996878713,6.422987642857143,7.954724128928361,0.0701038247126436
xgboost,ml,STORE0008,SKU0015,174.60633087158203,12.471880776541573,14,189.0,0.2581628306878307,0.2771327951966684,3.485198214285714,4.365597048861726,-0.0227035925925925
xgboost,ml,STORE0001,SKU0096,1363.8391723632812,97.41708374023438,14,1542.0,0.2580084215304798,0.262395783016674,28.417784714285716,31.69840224591613,-0.1041488171206225
xgboost,ml,STORE0013,SKU0056,186.97756576538086,13.35554041181292,14,205.0,0.2579456707317074,0.2921311523677216,3.777061607142858,4.333723663365937,0.0408129585365853
xgboost,ml,STORE0010,SKU0059,359.9248447418213,25.708917481558665,14,367.0,0.2576459945504086,0.2677969684587462,6.754005714285713,8.509114782944815,-0.069330370572207
xgboost,ml,STORE0003,SKU0063,556.4381256103516,39.7455804007394,14,680.0,0.2575080029411764,0.3680120083160663,12.50753157142857,14.551876503977743,0.1216147205882353
xgboost,ml,STORE0008,SKU0005,1124.046127319336,80.28900909423828,14,1579.0,0.257481747308423,0.337355327642594,29.040262785714283,36.8526924806521,0.0220553065231159
xgboost,ml,STORE0007,SKU0030,545.9394264221191,38.99567331586565,14,538.0,0.2574806988847583,0.2884096122497254,9.894615428571427,11.25645689610464,0.1674253680297397
xgboost,ml,STORE0004,SKU0027,1565.2346801757812,111.80247715541294,14,2403.0,0.2571780815647108,0.2947897643130866,44.14278071428572,61.78866564507991,0.0182370079067831
xgboost,ml,STORE0004,SKU0037,1507.7012023925781,107.6929430280413,14,1788.0,0.2571679815436241,0.4036925515027095,32.84402507142857,41.46267898552077,-0.0711280699105145
xgboost,ml,STORE0009,SKU0038,1253.6073379516602,89.54338128226144,14,1253.0,0.2569535083798883,0.3329107389100341,22.997339000000004,26.811955350227294,0.0515355977653631
xgboost,ml,STORE0002,SKU0034,1525.9512329101562,108.99651663643974,14,1962.0,0.2569461508664628,0.2581975680139919,36.00916771428571,43.58754131058211,-0.0876051580020387
xgboost,ml,STORE0012,SKU0009,699.0046005249023,49.92890003749302,14,708.0,0.2562314717514125,1.4341255291513575,12.957991571428575,18.669932501032196,0.0241596355932203
xgboost,ml,STORE0011,SKU0071,476.6994514465332,34.04996081760952,14,524.0,0.2558740209923664,0.2557821762109482,9.576999071428572,10.862425131743665,-0.1393032690839694
xgboost,ml,STORE0003,SKU0035,1895.3762969970703,135.38402121407645,14,2221.0,0.255793719045475,0.4093745703082606,40.57984642857143,49.24775318938034,-0.0244578883385862
xgboost,ml,STORE0012,SKU0058,1120.2966079711914,80.02118628365653,14,1174.0,0.2555308006814309,0.4513260084575058,21.428082857142854,28.93980052252719,-0.0682711345826235
xgboost,ml,STORE0006,SKU0008,354.87584114074707,25.34827436719622,14,381.0,0.2552033989501312,0.3749288307653913,6.945178214285714,8.23493404292559,-0.0678653674540682
xgboost,ml,STORE0008,SKU0016,352.53163719177246,25.18083122798375,14,488.0,0.2548238545081967,0.2198864820110702,8.8824315,11.982137586354687,-0.2031525553278688
xgboost,ml,STORE0012,SKU0052,730.2826461791992,52.163046155657085,14,731.0,0.2547710519835841,0.2936133631815615,13.3026885,16.008639116071098,0.0669558809849521
xgboost,ml,STORE0005,SKU0076,412.46423149108887,29.461730820792063,14,437.0,0.2546227551487414,0.3232825821262403,7.947867428571428,9.533078845737853,-0.0208912906178489
xgboost,ml,STORE0004,SKU0038,1467.3380432128906,104.80986022949219,14,1901.0,0.2545366307206733,0.290736030484399,34.56243821428571,43.06407510413791,-0.1727813861125723
xgboost,ml,STORE0008,SKU0082,951.4712181091309,67.96222986493792,14,1036.0,0.2540921805019304,0.2802651275957103,18.802821357142854,21.87427891527738,-0.0473244604247104
xgboost,ml,STORE0002,SKU0055,157.85994625091553,11.275710446493965,14,165.0,0.2540213,0.7857150979270731,2.993822464285715,3.973041165550734,-0.1346950090909091
xgboost,ml,STORE0001,SKU0060,866.6342735290527,61.90244810921805,14,927.0,0.2540069395900754,0.2738965285697907,16.818888071428567,20.28865068078201,-0.1154381477885652
xgboost,ml,STORE0003,SKU0016,232.44247341156006,16.603033815111434,14,283.0,0.2539556077738515,0.2507937371772352,5.133531214285713,6.395546101101906,0.0479971554770318
xgboost,ml,STORE0003,SKU0013,816.4404907226562,58.31717790876116,14,1042.0,0.2537902811900192,0.274187682038539,18.88924807142857,26.32987824408572,0.2284438339731286
xgboost,ml,STORE0006,SKU0090,288.9295997619629,20.63782855442592,14,298.0,0.2537516409395973,0.3207164004550183,5.401284928571428,7.369713275881386,-0.0600836812080536
xgboost,ml,STORE0010,SKU0039,220.4468231201172,15.746201651436943,14,237.0,0.2537421518987342,0.3154336020177768,4.295492142857143,5.43657615936254,-0.0476234430379746
xgboost,ml,STORE0008,SKU0018,1215.5296783447266,86.82354845319476,14,1262.0,0.2536416426307448,0.2843138867993237,22.863982357142856,27.622808248389138,-0.0089290546751188
xgboost,ml,STORE0008,SKU0096,1326.4382553100586,94.74558966500419,14,1339.0,0.253365635548917,0.327772158157987,24.23261328571428,31.699167132684405,0.0425621344286781
xgboost,ml,STORE0011,SKU0022,1412.529685974121,100.89497756958008,14,1660.0,0.2533020813253012,0.2444933374342501,30.034389642857143,35.20819272673608,-0.1036138945783132
xgboost,ml,STORE0009,SKU0074,755.5037803649902,53.964555740356445,14,1042.0,0.2530277428023033,0.2725608826087972,18.832493428571432,28.31424580221188,0.0355726679462572
xgboost,ml,STORE0007,SKU0015,110.90550184249878,7.9218215601784845,14,121.0,0.2526134628099173,0.7547403317198674,2.183302071428572,2.9873559164351464,0.0058317438016529
xgboost,ml,STORE0008,SKU0093,1079.1320190429688,77.0808585030692,14,1165.0,0.2524116626609441,0.3116980261762316,21.00425621428571,25.84923025292055,1.1238626609427977e-05
xgboost,ml,STORE0003,SKU0022,1078.5976791381836,77.04269136701312,14,1056.0,0.2523523731060606,0.3440063374415492,19.034579,23.216509971200267,-0.0008833314393939
xgboost,ml,STORE0011,SKU0050,254.15050888061523,18.153607777186803,14,248.0,0.2518886008064516,0.76269658552084,4.462026642857144,6.057544906763425,0.0541798508064516
xgboost,ml,STORE0009,SKU0006,1381.2078247070312,98.65770176478794,14,1664.0,0.2518456856971154,0.4642073843020425,29.933658642857147,38.68971945345344,-0.0046377518028846
xgboost,ml,STORE0008,SKU0102,1333.308219909668,95.23630142211914,14,1650.0,0.2515442327272728,0.3536891933412832,29.646284571428573,40.35314014176696,0.2168086327272726
xgboost,ml,STORE0011,SKU0090,315.47923469543457,22.5342310496739,14,347.0,0.2515399279538905,0.2524446748800154,6.234596785714287,7.302815224747111,-0.1911269481268011
xgboost,ml,STORE0010,SKU0074,725.6186752319336,51.82990537370954,14,952.0,0.2514076796218487,0.4326667046483016,17.09572221428571,22.505398219558423,0.0763115829831932
xgboost,ml,STORE0007,SKU0031,604.4371452331543,43.174081802368164,14,763.0,0.2513038440366972,0.3299485576660959,13.6960595,16.09003857958717,0.0005399174311926
xgboost,ml,STORE0008,SKU0088,326.601016998291,23.328644071306503,14,350.0,0.25124924,0.2803954211934555,6.281231,7.756836919859418,-0.0777983142857142
xgboost,ml,STORE0004,SKU0031,823.4080047607422,58.814857482910156,14,1139.0,0.2506861510096576,0.4114370542503979,20.395109,25.690698610450404,-0.130306105355575
xgboost,ml,STORE0009,SKU0024,734.6654663085938,52.476104736328125,14,724.0,0.2506690400552486,0.2880336866888663,12.963170357142856,15.045713963958464,0.0551313024861878
xgboost,ml,STORE0012,SKU0046,1212.9873657226562,86.64195469447544,14,1369.0,0.2505608509861212,0.3396081068279519,24.501271785714287,30.12523817682552,0.1018461102994886
xgboost,ml,STORE0009,SKU0086,123.18831872940063,8.799165623528618,14,145.0,0.2504304482758621,0.3080259281037415,2.5937439285714285,2.9471749030891434,0.1227156896551724
xgboost,ml,STORE0008,SKU0085,997.8938522338867,71.27813230242047,14,1368.0,0.2500006140350877,0.2760824354570194,24.428631428571432,29.55722823203057,0.0212516228070175
xgboost,ml,STORE0001,SKU0015,159.94627380371094,11.42473384312221,14,160.0,0.24998553125,0.3911520882438639,2.8569775,3.784008755970663,0.14795574375
xgboost,ml,STORE0006,SKU0025,475.10748291015625,33.936248779296875,14,499.0,0.2499036693386773,1.6232181125705991,8.907280785714287,13.917143579296903,0.0454267795591182
xgboost,ml,STORE0005,SKU0052,837.8125686645508,59.84375490461077,14,866.0,0.249872876443418,0.3358558134335438,15.456422214285713,19.81517268759092,-0.022466005773672
xgboost,ml,STORE0005,SKU0067,608.9529838562012,43.49664170401437,14,633.0,0.2497893396524486,1.073713113719421,11.294046571428568,15.66673819825142,-0.0326209320695102
xgboost,ml,STORE0008,SKU0022,1322.519302368164,94.46566445486886,14,1449.0,0.2495971752933057,0.2879740359377512,25.833307642857143,30.180665532286337,-0.0507086259489302
xgboost,ml,STORE0007,SKU0020,556.3537940979004,39.739556721278596,14,561.0,0.2495575258467023,0.278963189489619,10.000126571428572,13.221108948541907,-0.080394495543672
xgboost,ml,STORE0010,SKU0068,517.21484375,36.943917410714285,14,623.0,0.2495460032102729,0.2440179580688368,11.104797142857146,13.41675700001581,-0.0043142311396468
xgboost,ml,STORE0008,SKU0077,794.2675170898438,56.73339407784598,14,960.0,0.2495345364583333,0.8651494566150532,17.11093964285714,22.735423363473352,0.1205618197916666
xgboost,ml,STORE0013,SKU0032,544.5793800354004,38.89852714538574,14,642.0,0.2494949361370716,0.3227877881546312,11.441124928571428,14.332593611124578,-0.1173895591900311
xgboost,ml,STORE0012,SKU0028,1475.0818405151367,105.36298860822406,14,1723.0,0.2493444927452118,0.2551000021400071,30.687182928571424,39.50228937108691,-0.0049060702263494
xgboost,ml,STORE0010,SKU0029,395.91379165649414,28.27955654689244,14,400.0,0.2490821774999999,1.262552168537171,7.116633642857141,10.589941583339234,0.1267429974999999
xgboost,ml,STORE0008,SKU0004,1316.4775695800781,94.03411211286273,14,1489.0,0.24896940161182,0.2853244446303184,26.47967421428572,29.90411276070028,-0.0884412149093351
xgboost,ml,STORE0001,SKU0053,451.6843318939209,32.26316656385149,14,476.0,0.2489493655462185,0.2325950844435174,8.46427842857143,11.108872605391236,-0.0712809537815126
xgboost,ml,STORE0007,SKU0046,1097.2429733276367,78.3744980948312,14,1422.0,0.2489228481012658,0.2292023345551391,25.283449285714283,33.816309314510434,-0.1257732011251758
xgboost,ml,STORE0013,SKU0040,176.52486896514893,12.608919211796351,14,243.0,0.2487840781893004,0.3352527273877143,4.318180785714286,6.216180436045279,0.0414072716049382
xgboost,ml,STORE0009,SKU0076,389.6241970062256,27.83029978615897,14,399.0,0.2487104812030074,0.3439702178187591,7.088248714285713,9.01617990662657,-0.0263316741854636
xgboost,ml,STORE0012,SKU0101,210.08282566070557,15.005916118621826,14,250.0,0.2486620839999999,0.2623007552605255,4.440394357142856,5.8045461557995015,0.049715812
xgboost,ml,STORE0005,SKU0081,1019.5406799316406,72.82433428083148,14,1122.0,0.2485263137254901,0.2548293542758147,19.91760885714285,26.62207282261091,-0.0835592816399286
xgboost,ml,STORE0004,SKU0091,294.6958656311035,21.049704687935964,14,408.0,0.2485205882352941,0.2424802547492216,7.2426,8.232330108957418,-0.224936975490196
xgboost,ml,STORE0004,SKU0081,1080.5919799804688,77.18514142717633,14,1199.0,0.2483416555462885,0.2702094359755951,21.26868892857143,27.03047396732347,-0.1239802877397831
xgboost,ml,STORE0004,SKU0019,240.40316200256348,17.171654428754533,14,297.0,0.2482826026936027,0.3257571169746501,5.267138071428572,7.533705861848722,0.0843690404040403
xgboost,ml,STORE0007,SKU0035,1869.6732482910156,133.54808916364397,14,2441.0,0.2480198361327324,0.2287203763937995,43.24403,53.45019018503917,-0.2052650553052028
xgboost,ml,STORE0002,SKU0012,519.3482856750488,37.09630611964634,14,745.0,0.2479969637583892,0.3318043961395877,13.196981285714283,19.594196768292782,0.0613509825503355
xgboost,ml,STORE0010,SKU0046,1170.564353942871,83.61173956734794,14,1367.0,0.2478907388441843,0.4761052228612309,24.20476,28.54052172255472,0.0693616678858814
xgboost,ml,STORE0006,SKU0020,741.8500595092773,52.989289964948384,14,812.0,0.2477678743842364,0.316587149874143,14.370536714285716,16.68359043409521,-0.026950763546798
xgboost,ml,STORE0009,SKU0017,1382.2331848144531,98.73094177246094,14,1593.0,0.2477147112366604,0.2358386110200383,28.186395357142857,35.805754143044844,-0.0916833992467043
xgboost,ml,STORE0009,SKU0051,879.6776962280273,62.83412115914481,14,894.0,0.2476185156599552,0.3653508302499623,15.812210928571428,20.29163083064441,-0.006652784116331
xgboost,ml,STORE0005,SKU0018,1215.718116760254,86.83700834001813,14,1259.0,0.2476061644162033,0.4037715313069264,22.266868642857144,27.129130180279777,0.0075695401111993
xgboost,ml,STORE0002,SKU0092,1048.4092025756836,74.88637161254883,14,941.0,0.2473927088204038,0.859716791827864,16.628324214285715,23.00508344596469,0.0920874293304994
xgboost,ml,STORE0012,SKU0074,786.1960525512695,56.156860896519255,14,1015.0,0.2466309280788177,0.4460647196961748,17.880742285714284,22.12277938891007,0.112924130049261
xgboost,ml,STORE0002,SKU0056,243.27789878845215,17.376992770603724,14,305.0,0.2465823475409836,0.224692671820208,5.371972571428572,9.018470749233686,-0.0492383803278688
xgboost,ml,STORE0002,SKU0007,307.5296974182129,21.966406958443777,14,321.0,0.246551753894081,0.2421340553464625,5.6530795,6.872888529712604,-0.1438308193146417
xgboost,ml,STORE0007,SKU0028,1312.5586700439453,93.75419071742466,14,1380.0,0.2462418760869565,0.3831761111901394,24.272413500000003,31.7667444114896,0.0069412615942028
xgboost,ml,STORE0010,SKU0016,296.29969787597656,21.164264133998326,14,400.0,0.2461936149999999,0.2961941561273188,7.034103285714285,8.28798330317756,-0.13366049
xgboost,ml,STORE0005,SKU0002,918.5522155761719,65.61087254115513,14,1008.0,0.2461200188492063,0.2617818660243882,17.720641357142856,21.02595309015405,-0.0596832113095238
xgboost,ml,STORE0011,SKU0061,1346.4679794311523,96.17628424508231,14,1435.0,0.2461157777003483,0.3264942094326041,25.226867214285708,35.78190236697807,-0.0526243965156794
xgboost,ml,STORE0001,SKU0036,653.7342414855957,46.695302963256836,14,751.0,0.2460375406125166,0.2774661298467539,13.198156642857144,14.727169108756216,0.067135223701731
xgboost,ml,STORE0001,SKU0069,1177.4572982788086,84.10409273420062,14,1641.0,0.2454803430834857,2.141217395010993,28.77380307142857,41.03509710298402,-0.0689341407678245
xgboost,ml,STORE0011,SKU0065,831.6273193359375,59.401951381138396,14,1013.0,0.2454281006910167,0.3090311950735366,17.75847614285714,24.458505112024252,0.031870596248766
xgboost,ml,STORE0012,SKU0018,1100.890640258789,78.63504573277065,14,1143.0,0.2453587707786527,0.3596381388190236,20.03179107142857,23.649918707351038,-0.0287159711286089
xgboost,ml,STORE0006,SKU0022,1354.2384033203125,96.73131452287946,14,1508.0,0.2452818435013262,0.5795995404583836,26.420358571428576,35.73158925467402,-0.0556707029177718
xgboost,ml,STORE0009,SKU0035,2030.4749145507812,145.03392246791296,14,2812.0,0.2448519381223328,0.2326118489397759,49.18026071428572,60.7217570188471,-0.1643010633001422
xgboost,ml,STORE0004,SKU0071,440.3320732116699,31.45229094369071,14,421.0,0.2447619097387173,0.3385105033479396,7.360340285714285,8.860577382582978,0.1113548931116389
xgboost,ml,STORE0005,SKU0031,810.0494842529297,57.86067744663784,14,1061.0,0.2443344081055608,0.2623274187712625,18.517057642857143,22.172679194408204,-0.022077192271442
xgboost,ml,STORE0005,SKU0035,2090.635223388672,149.33108738490515,14,2860.0,0.2442532937062937,0.2898322808575304,49.89745857142857,64.87756704373554,-0.0520451538461538
xgboost,ml,STORE0007,SKU0040,238.9055347442627,17.06468105316162,14,332.0,0.2441824548192771,0.2999041949462711,5.790612500000001,6.714873191479126,0.1062564307228915
xgboost,ml,STORE0005,SKU0079,1141.2760467529297,81.51971762520927,14,1154.0,0.2441426221837088,1.4882016632477284,20.124327571428573,29.479758807787466,0.0249466949740034
xgboost,ml,STORE0013,SKU0036,374.7980136871338,26.771286691938126,14,382.0,0.2440217225130889,0.597548718151349,6.658306999999998,8.691428647637865,0.079333837696335
xgboost,ml,STORE0003,SKU0071,353.8352508544922,25.273946489606583,14,347.0,0.2439392247838616,0.276403115696214,6.0462079285714285,6.68868132552351,0.0580314783861671
xgboost,ml,STORE0003,SKU0051,743.9361724853516,53.13829803466797,14,746.0,0.2438018538873994,0.3078554652888217,12.991155928571429,15.647828486775117,0.0195606206434316
xgboost,ml,STORE0006,SKU0040,349.6499614715576,24.9749972479684,14,537.0,0.2437532067039106,0.3016428492053384,9.34967657142857,12.679410959181096,-0.0892036312849162
xgboost,ml,STORE0012,SKU0055,183.78864669799805,13.127760478428431,14,187.0,0.2437397620320855,0.2899867231423338,3.255666821428572,4.201359914413854,-0.0091559331550802
xgboost,ml,STORE0004,SKU0092,1270.137680053711,90.72412000383649,14,1296.0,0.2436671257716049,0.2579289391243387,22.55661392857143,25.306994074610984,0.0579507523148148
xgboost,ml,STORE0003,SKU0054,942.0809669494629,67.29149763924735,14,1121.0,0.2434652319357716,0.4052496959278738,19.494608928571427,28.08507907353607,0.0036975887600356
xgboost,ml,STORE0003,SKU0089,508.8558044433594,36.34684317452567,14,533.0,0.2434646585365853,0.2522075925802728,9.269047357142856,11.822922163877202,-0.1120065534709193
xgboost,ml,STORE0010,SKU0101,193.58685874938965,13.827632767813546,14,214.0,0.2433134112149532,0.2552877982218826,3.719219285714285,4.373654725861052,0.2262153364485981
xgboost,ml,STORE0011,SKU0070,1425.2262802124023,101.80187715802874,14,1494.0,0.2431409745649263,0.5812021447214814,25.946615428571423,33.774658717122385,-0.0144847643908969
xgboost,ml,STORE0009,SKU0088,304.17951011657715,21.727107865469797,14,297.0,0.2431236565656565,0.2890557864711297,5.157694714285713,6.409985526925024,0.1297249898989898
xgboost,ml,STORE0002,SKU0001,1179.5786590576172,84.25561850411552,14,1087.0,0.2429323275068997,0.3377121188243105,18.861960000000003,25.74390218725402,0.0095842244710211
xgboost,ml,STORE0005,SKU0066,374.8662872314453,26.776163373674667,14,408.0,0.2427262377450981,0.4652399026228344,7.073736071428573,8.98621614508043,0.0778539926470588
xgboost,ml,STORE0012,SKU0078,404.92963790893555,28.923545564923966,14,414.0,0.2427191207729468,0.2622430105027291,7.177551142857142,8.283722806997934,-0.0319164057971014
xgboost,ml,STORE0006,SKU0018,1252.0320434570312,89.4308602469308,14,1342.0,0.2426130760059612,0.2754970990286944,23.25619628571428,29.13225361460112,-0.013754909090909
xgboost,ml,STORE0002,SKU0059,277.4101085662842,19.815007754734584,14,273.0,0.2419050989010989,0.7390889733488629,4.717149428571429,6.280675151588516,-0.0198820952380952
xgboost,ml,STORE0006,SKU0021,751.2116050720215,53.657971790858674,14,755.0,0.2415835205298012,0.3094778098811321,13.02825414285714,16.219764496283243,0.1379753139072848
xgboost,ml,STORE0012,SKU0030,713.377555847168,50.95553970336914,14,750.0,0.2409423933333333,0.2520737599550837,12.907628214285712,17.194745074428536,-0.0965670279999999
xgboost,ml,STORE0007,SKU0063,576.4809951782227,41.177213941301616,14,671.0,0.2403546855439641,0.2844149648404684,11.51985671428571,14.043923912860366,0.1465412518628912
xgboost,ml,STORE0012,SKU0023,868.2526473999023,62.01804624285017,14,986.0,0.2400908590263692,0.2512958737230913,16.909256214285715,20.860456721420817,0.1925929604462474
xgboost,ml,STORE0008,SKU0001,1458.6227188110352,104.18733705793109,14,1519.0,0.2400770862409479,0.2974805550760237,26.048363857142853,36.98075533233267,0.1097097919684002
xgboost,ml,STORE0011,SKU0059,394.0340385437012,28.145288467407227,14,425.0,0.2399835105882353,0.3081406655428489,7.285213714285716,9.510963431760604,-0.0949598494117647
xgboost,ml,STORE0001,SKU0054,1127.826187133789,80.55901336669922,14,1489.0,0.2399422928139691,0.2548007163859178,25.519576714285712,30.724723608368453,0.0117548932169241
xgboost,ml,STORE0009,SKU0080,1104.5954132080078,78.89967237200055,14,1224.0,0.2397131413398693,0.280034515263617,20.9577775,25.73843163593976,-0.1240360661764706
xgboost,ml,STORE0004,SKU0101,231.01110458374023,16.500793184552872,14,279.0,0.2396633440860215,0.2558001019698602,4.776148071428572,6.061092314621816,0.037839
xgboost,ml,STORE0012,SKU0066,363.42919158935547,25.95922797066825,14,381.0,0.2396501102362204,0.3958061337590863,6.521906571428571,8.695809827298293,-0.0444366614173228
xgboost,ml,STORE0011,SKU0019,233.583327293396,16.684523378099716,14,287.0,0.2396189477351916,0.4025291022086557,4.912188428571429,5.724536904212366,0.04473006271777
xgboost,ml,STORE0007,SKU0073,118.27880716323853,8.44848622594561,14,119.0,0.2393772823529412,0.2723073882331954,2.0347069,2.3185934468195826,0.0261397025210084
xgboost,ml,STORE0011,SKU0047,1111.7864990234375,79.41332135881696,14,1260.0,0.2391557793650794,0.2378138542412271,21.524020142857147,24.750327830530484,-0.1250771349206348
xgboost,ml,STORE0008,SKU0044,1271.9234771728516,90.85167694091797,14,1387.0,0.2388771449170872,0.2834627788558138,23.6659,28.20652817068721,-0.0487561499639509
xgboost,ml,STORE0010,SKU0019,207.11850833892822,14.794179167066302,14,253.0,0.2388736581027667,0.2245994205273533,4.31678825,6.189222800692474,0.1375427292490118
xgboost,ml,STORE0002,SKU0025,357.6757469177246,25.54826763698033,14,396.0,0.2388041439393939,0.2379586014135164,6.754745785714285,7.881118573406365,-0.1197061893939393
xgboost,ml,STORE0001,SKU0045,959.3626289367676,68.52590206691197,14,1258.0,0.2387402066772654,0.3095203094512974,21.452512857142857,28.04037355213473,0.0672764069952305
xgboost,ml,STORE0011,SKU0064,1338.490821838379,95.60648727416992,14,1470.0,0.2382097210884353,0.237738613637702,25.012020714285715,31.57314948552228,-0.086211925170068
xgboost,ml,STORE0004,SKU0020,804.5727272033691,57.46948051452637,14,826.0,0.2381862130750605,2.084459779204151,14.05298657142857,19.12226394207793,-0.0005384503631961
xgboost,ml,STORE0008,SKU0061,1322.1131286621094,94.43665204729352,14,1310.0,0.2381581587786259,0.283543017715035,22.284799142857143,26.42893177148242,0.0601654259541984
xgboost,ml,STORE0012,SKU0015,152.93712711334229,10.924080508095878,14,171.0,0.2380878625730994,0.2362120545224121,2.9080731785714287,3.511873276940195,-0.1319475467836257
xgboost,ml,STORE0013,SKU0031,464.0575656890869,33.14696897779192,14,543.0,0.238018817679558,0.2604532217208426,9.231729857142856,11.066857016997314,-0.0125512596685082
xgboost,ml,STORE0002,SKU0004,1071.8797302246094,76.56283787318638,14,1160.0,0.2379769905172414,0.2320222901621237,19.7180935,24.94314562203932,-0.1244077318965517
xgboost,ml,STORE0011,SKU0077,781.0864486694336,55.79188919067383,14,1037.0,0.2378991861137898,0.2708308566123452,17.62153257142857,24.04132272103936,-0.0685476914175506
xgboost,ml,STORE0006,SKU0085,1042.539077758789,74.46707698277065,14,1393.0,0.237872984206748,0.6953009506365356,23.668361928571432,31.233156984887085,-0.065103360373295
xgboost,ml,STORE0005,SKU0001,1500.3698348999023,107.16927392142159,14,1634.0,0.2378590201958383,0.3956749836735705,27.761545642857136,37.19120895005531,-0.0047457594859241
xgboost,ml,STORE0008,SKU0084,390.2483196258545,27.87487997327532,14,433.0,0.2377277759815242,0.2262302589427856,7.352580500000001,9.526911078180202,-0.1615628060046189
xgboost,ml,STORE0002,SKU0005,776.4212112426758,55.458657945905415,14,982.0,0.2375805244399185,0.4412066917903607,16.664576785714285,20.266401008147028,0.1212903798370672
xgboost,ml,STORE0004,SKU0056,342.02016830444336,24.430012021745956,14,437.0,0.2375759679633867,0.2888360728782138,7.415764142857142,8.49581829719936,-0.0421132448512586
xgboost,ml,STORE0010,SKU0038,1337.5437622070312,95.53884015764508,14,1464.0,0.2371451871584699,0.3669729808108085,24.798611,30.86148589700829,-0.0756769836065573
xgboost,ml,STORE0010,SKU0077,694.6378784179688,49.616991315569194,14,817.0,0.2371271407588739,0.323053792850242,13.838062428571432,19.116209504231016,0.1786164259485924
xgboost,ml,STORE0012,SKU0084,337.8473491668701,24.131953511919296,14,351.0,0.237040660968661,0.261029966340179,5.942948000000001,6.969169350080334,-0.0720485754985755
xgboost,ml,STORE0006,SKU0075,556.767162322998,39.76908302307129,14,592.0,0.2369049847972973,0.2436896471713439,10.0176965,11.375745262551144,-0.1229862077702702
xgboost,ml,STORE0008,SKU0065,822.6313629150391,58.759383065359934,14,1094.0,0.2366929542961608,0.2418492603129997,18.49586371428571,24.027807165930003,-0.0180481791590493
xgboost,ml,STORE0002,SKU0096,1011.2494506835938,72.2321036202567,14,950.0,0.2365825031578947,0.3667909194125723,16.053812714285716,22.558397250109483,0.0745989557894736
xgboost,ml,STORE0003,SKU0003,258.2139129638672,18.443850925990514,14,272.0,0.2364199926470588,0.3759786962631071,4.593302714285715,5.735713326090749,-0.0540802794117646
xgboost,ml,STORE0004,SKU0100,1285.2130126953125,91.80092947823661,14,1247.0,0.2364053039294306,0.2606045802165952,21.056958142857145,24.462058904997445,0.0819273793103448
xgboost,ml,STORE0003,SKU0082,605.5250244140625,43.25178745814732,14,612.0,0.2362320980392157,0.3091905166715145,10.32671742857143,12.4979934801592,-0.0590799738562091
xgboost,ml,STORE0001,SKU0047,1162.9735794067383,83.0695413861956,14,1257.0,0.2359181495624502,0.226353874991514,21.18207957142857,26.758170650242132,-0.0872664009546539
xgboost,ml,STORE0007,SKU0047,982.7980117797852,70.19985798427037,14,1027.0,0.2357852044790652,0.3050694366657944,17.29652892857143,21.52150094268153,-0.104367623174294
xgboost,ml,STORE0006,SKU0026,1454.1348876953125,103.86677769252232,14,1829.0,0.2355914341170038,0.2336344795306505,30.77833807142857,38.789132170235135,-0.1631801656642974
xgboost,ml,STORE0001,SKU0067,581.1584930419922,41.51132093157087,14,615.0,0.2354720292682926,0.2505840529480103,10.343949857142857,12.52390013968732,-0.0297440260162601
xgboost,ml,STORE0002,SKU0008,238.98304653167725,17.070217609405518,14,263.0,0.2353386996197718,0.2448641661378704,4.421005571428572,5.23427864430046,-0.0555519467680608
xgboost,ml,STORE0002,SKU0075,382.38395500183105,27.31313964298793,14,387.0,0.2352174444444444,0.2308179969609037,6.502082214285715,7.911857255130641,-0.0552079354005167
xgboost,ml,STORE0007,SKU0089,461.11340713500977,32.936671938214985,14,434.0,0.2350564631336405,0.5000254790456735,7.286750357142857,10.460082580408276,0.0997308548387096
xgboost,ml,STORE0004,SKU0063,758.3898620605469,54.17070443289621,14,970.0,0.2348105103092783,0.2576253148413163,16.26901392857143,19.918153925388417,0.0985990979381443
xgboost,ml,STORE0005,SKU0033,1400.935043334961,100.06678880964007,14,1527.0,0.2347319626719057,0.2588250248738627,25.6025505,30.714594451453426,0.0283767393582187
xgboost,ml,STORE0005,SKU0072,568.8100318908691,40.62928799220494,14,626.0,0.234663054313099,0.2243886290251984,10.492790857142856,12.913226081392091,-0.1410413865814696
xgboost,ml,STORE0012,SKU0036,570.9239044189453,40.780278887067524,14,655.0,0.2342148778625954,0.2463016984980671,10.957910357142856,12.976946969404183,0.0130763129770992
xgboost,ml,STORE0013,SKU0086,76.80151987075806,5.485822847911289,14,87.0,0.2340142862068965,0.3254111264285714,1.4542316357142857,1.7973276790116723,0.132435083908046
xgboost,ml,STORE0008,SKU0080,1248.828468322754,89.20203345162528,14,1359.0,0.2337307417218543,1.045706716461432,22.688577,32.958560021706845,-0.0713730080941869
xgboost,ml,STORE0010,SKU0012,574.4456939697266,41.0318352835519,14,874.0,0.2336837780320366,0.5304969019783536,14.58854442857143,18.700096632434256,0.1008500251716247
xgboost,ml,STORE0002,SKU0033,1138.373275756836,81.31237683977399,14,1228.0,0.233472398208469,0.2347137070530501,20.478864642857143,23.304051112138705,-0.0931416001628664
xgboost,ml,STORE0010,SKU0070,1327.6697235107422,94.83355167933873,14,1503.0,0.2333980998003992,0.2428848201568731,25.056953142857143,27.64143223508252,-0.1643115395874917
xgboost,ml,STORE0003,SKU0056,236.19085121154785,16.870775086539133,14,301.0,0.2333254983388704,0.237483042836243,5.016498214285714,5.6716270339271695,-0.0388110332225913
xgboost,ml,STORE0008,SKU0027,1504.1672744750977,107.44051960536412,14,2431.0,0.2331415384615384,0.275801195931816,40.48336285714287,50.63328215743592,-0.1192287494858083
xgboost,ml,STORE0013,SKU0020,379.1466865539551,27.081906182425364,14,390.0,0.2330933564102564,0.2185314774008173,6.4933149285714284,8.811560022459041,-0.0577074333333333
xgboost,ml,STORE0009,SKU0068,504.09767150878906,36.00697653634207,14,556.0,0.2330643417266186,0.3248078984094354,9.255983857142857,11.414854671636892,0.0540005647482014
xgboost,ml,STORE0010,SKU0007,328.75806045532227,23.48271860395159,14,334.0,0.2326823293413173,0.38527618019431,5.551135571428572,7.227905578257578,0.088137371257485
xgboost,ml,STORE0003,SKU0023,774.6304588317871,55.33074705941336,14,943.0,0.2324011834570519,0.277729846750722,15.653879714285711,19.763487465528183,-0.0752081081654294
xgboost,ml,STORE0002,SKU0074,636.8343276977539,45.488166264125276,14,857.0,0.2320905834305717,0.2956233758982357,14.207259285714285,16.979957122767985,0.0992015845974329
xgboost,ml,STORE0006,SKU0047,1221.642578125,87.26018415178571,14,1285.0,0.2317055245136186,0.2758472328168641,21.267257071428567,26.731647835000413,0.0493605766536965
xgboost,ml,STORE0007,SKU0044,1022.3450164794922,73.02464403424945,14,1071.0,0.2316985546218487,0.3011742230040804,17.724939428571428,21.521767077528622,-0.047013654528478
xgboost,ml,STORE0002,SKU0073,118.301748752594,8.450124910899572,14,114.0,0.2312318008771929,0.2299590367336036,1.8828875214285716,2.4716338342334585,0.0100976903508771
xgboost,ml,STORE0012,SKU0086,102.77979373931885,7.341413838522775,14,129.0,0.2311889868217054,0.2787732138722155,2.1302413785714287,3.1944223792664896,0.170180284496124
xgboost,ml,STORE0012,SKU0038,1271.8254852294922,90.8446775163923,14,1419.0,0.2310051550387597,0.2687733748028879,23.414022500000005,27.059903185822314,-0.0999060852713178
xgboost,ml,STORE0012,SKU0071,389.27374267578125,27.805267333984375,14,404.0,0.2308196782178217,0.2383438006068778,6.6607964285714285,7.992134990370695,-0.0599618910891089
xgboost,ml,STORE0001,SKU0094,951.9033851623535,67.99309894016811,14,1084.0,0.2308059686346863,0.2044328616536443,17.870976428571428,25.001712906444048,-0.1972475922509225
xgboost,ml,STORE0003,SKU0091,197.66519832611084,14.118942737579346,14,230.0,0.2307118478260869,0.9973027414804284,3.790266071428572,5.002777043953381,-0.0617437086956521
xgboost,ml,STORE0012,SKU0089,534.0010871887207,38.142934799194336,14,590.0,0.2307015355932203,0.1990711822293371,9.722421857142855,13.899183957161505,-0.1526489254237288
xgboost,ml,STORE0008,SKU0087,485.2851448059082,34.66322462899344,14,544.0,0.230672575367647,0.2262900633446102,8.963277214285714,11.04784057785961,-0.1287788511029411
xgboost,ml,STORE0013,SKU0089,374.11942863464355,26.72281633104597,14,390.0,0.2306295487179487,0.2202368390404373,6.424680285714286,7.912670322040485,-0.0856978256410256
xgboost,ml,STORE0004,SKU0007,414.37250900268555,29.59803635733468,14,466.0,0.230301643776824,0.2277270910318806,7.665754714285716,8.886989636706065,-0.1349904892703862
xgboost,ml,STORE0011,SKU0009,851.1690902709961,60.79779216221401,14,904.0,0.2301540188053097,0.3295422253513935,14.861373785714289,17.62093282191897,-0.049850206858407
xgboost,ml,STORE0001,SKU0038,1377.0437927246094,98.36027090890067,14,1504.0,0.2299794288563829,0.3403051556841448,24.7063615,30.041572087554563,0.0122770139627659
xgboost,ml,STORE0002,SKU0003,230.0825433731079,16.43446738379342,14,250.0,0.2298490319999999,0.2549237047148334,4.104447,5.042437709115871,-0.0821535519999999
xgboost,ml,STORE0010,SKU0081,929.3271102905273,66.38050787789481,14,1047.0,0.2297365654250238,0.2138230801518655,17.181013142857143,21.43488571399673,-0.1879464374403056
xgboost,ml,STORE0004,SKU0041,1219.8719635009766,87.13371167864118,14,1795.0,0.229530339832869,0.2432051745482761,29.42906857142857,34.02236599301155,-0.0473278885793871
xgboost,ml,STORE0011,SKU0018,1162.579246520996,83.04137475149972,14,1152.0,0.2292890972222222,0.3222279543774874,18.86721714285714,24.741253162669803,0.1012982447916666
xgboost,ml,STORE0002,SKU0093,799.9801940917969,57.14144243512835,14,797.0,0.2288368168130489,0.3833195246513504,13.02735307142857,17.47355680476442,0.0518736474278544
xgboost,ml,STORE0010,SKU0052,747.4886703491211,53.39204788208008,14,721.0,0.2288015617198335,0.3408281764991227,11.783280428571429,15.791885643434531,0.0221432038834951
xgboost,ml,STORE0003,SKU0014,661.3881149291992,47.242008209228516,14,723.0,0.2287283416320885,0.2123205618182207,11.812185071428573,16.954911040116368,-0.1213565131396957
xgboost,ml,STORE0008,SKU0095,434.2596893310547,31.01854923793248,14,449.0,0.2287162783964365,0.2628059902700569,7.335257785714284,8.798155619119843,0.0157250133630289
xgboost,ml,STORE0007,SKU0059,268.6532440185547,19.189517429896764,14,282.0,0.2286126879432623,0.2223090708301369,4.604912714285713,5.903679328840194,-0.0688651560283687
xgboost,ml,STORE0004,SKU0005,1101.8413467407227,78.70295333862305,14,1558.0,0.2284549724005135,0.2669339906707295,25.42377478571429,29.689701952094133,-0.0340688812580231
xgboost,ml,STORE0006,SKU0101,223.45623016357422,15.961159297398158,14,272.0,0.2284340073529411,0.3895220048426188,4.438146428571429,5.911843234604524,0.0112629558823529
xgboost,ml,STORE0009,SKU0013,1163.852523803711,83.13232312883649,14,1701.0,0.2282112339800117,0.2682155287156613,27.727664928571432,35.74027252462593,-0.0542258794826572
xgboost,ml,STORE0012,SKU0056,279.4472122192383,19.96051515851702,14,336.0,0.2282072232142857,0.7716586563294684,5.476973357142858,7.039452419828583,-0.0211931398809524
xgboost,ml,STORE0001,SKU0093,1077.330192565918,76.95215661185128,14,1088.0,0.2280444255514706,0.2974745558524786,17.722309642857144,22.190650338837404,0.021566309742647
xgboost,ml,STORE0008,SKU0048,990.6774711608887,70.76267651149205,14,1241.0,0.2279999008863819,0.2586622494631704,20.210562642857145,26.022722754001087,-0.0504387743755036
xgboost,ml,STORE0010,SKU0099,1159.2119064331055,82.80085045950753,14,1273.0,0.2279959945011783,0.350106191141502,20.73135007142857,24.990938576728343,0.0332286339355852
xgboost,ml,STORE0004,SKU0036,679.119758605957,48.50855418613979,14,786.0,0.2279314287531806,0.264119363165894,12.796721642857143,14.206467025248122,-0.0167299631043256
xgboost,ml,STORE0012,SKU0010,476.3242835998535,34.02316311427525,14,552.0,0.2279277010869565,0.2350050307781949,8.986863642857143,10.347014708564608,-0.0738987663043478
xgboost,ml,STORE0012,SKU0004,1211.2488098144531,86.5177721296038,14,1315.0,0.2279175201520912,0.3101328352640343,21.407967071428573,27.446027012310584,-0.0687623034220532
xgboost,ml,STORE0004,SKU0088,350.15588569641113,25.011134692600795,14,340.0,0.2278434382352941,0.1565054999318869,5.533340642857143,8.18941268538031,0.033059444117647
xgboost,ml,STORE0001,SKU0046,1333.7676696777344,95.26911926269531,14,1677.0,0.2274731782945736,0.3248719139342517,27.248037142857147,32.32870375254739,0.0009766010733452
xgboost,ml,STORE0006,SKU0030,732.0332221984863,52.28808729989188,14,772.0,0.2274518821243523,0.2473976298029056,12.542346642857146,15.30336515176834,0.0446624831606217
xgboost,ml,STORE0011,SKU0040,363.2836437225342,25.948831694466726,14,548.0,0.2274085821167883,0.2482173253187687,8.901421642857143,10.695753506934103,0.0326645748175182
xgboost,ml,STORE0012,SKU0026,1373.4229278564453,98.1016377040318,14,1485.0,0.2272773636363636,0.337777104943968,24.107634642857143,30.087331725928067,-0.0550715993265993
xgboost,ml,STORE0002,SKU0041,982.2711906433105,70.16222790309361,14,1295.0,0.2272427459459459,0.2792817704465447,21.019954,25.564046515892933,-0.0010281513513513
xgboost,ml,STORE0013,SKU0039,134.80544471740723,9.62896033695766,14,149.0,0.2270949765100671,0.2247865495405388,2.416939392857143,3.09445646845205,-0.0809420906040268
xgboost,ml,STORE0005,SKU0071,456.5601329803467,32.61143807002476,14,460.0,0.2269847152173913,0.3769113346509787,7.458069214285715,9.780415428796656,-0.0030392586956521
xgboost,ml,STORE0009,SKU0060,766.7880325317383,54.77057375226702,14,817.0,0.2267073598531212,0.2432140217754282,13.229993785714289,15.21507343192488,-0.0681256805385556
xgboost,ml,STORE0009,SKU0059,363.639705657959,25.974264689854213,14,384.0,0.2265075442708334,0.231820927924917,6.2127783571428585,7.132566867041711,-0.1536475390624999
xgboost,ml,STORE0009,SKU0091,233.6420440673828,16.688717433384486,14,302.0,0.2264901622516556,0.2526780672302217,4.885716357142857,5.351155078649395,-0.0720073145695364
xgboost,ml,STORE0011,SKU0003,296.8677349090576,21.20483820778983,14,339.0,0.226284424778761,0.2464673221946647,5.479315714285714,6.302306847216378,-0.0825475516224188
xgboost,ml,STORE0006,SKU0050,243.35606288909912,17.382575920649938,14,250.0,0.226242832,0.2416984523586542,4.040050571428572,4.702172072126303,0.0462484319999999
xgboost,ml,STORE0001,SKU0068,570.4401969909668,40.74572835649763,14,625.0,0.2261559840000001,0.5323294162000181,10.09624928571429,14.276597047220422,0.1270987904
xgboost,ml,STORE0003,SKU0077,601.7022285461426,42.97873061043875,14,729.0,0.2252400164609053,0.2455865374904744,11.72856942857143,13.37241578172132,0.0399268038408778
xgboost,ml,STORE0013,SKU0090,165.1838836669922,11.798848833356585,14,173.0,0.2251766473988439,0.2070552918244454,2.78254,3.407219785278272,-0.1770694913294797
xgboost,ml,STORE0002,SKU0002,777.259464263916,55.518533161708284,14,862.0,0.2248633085846867,0.2197243064609771,13.84515514285714,16.11315716910839,-0.1235618515081206
xgboost,ml,STORE0008,SKU0038,1418.2507019042969,101.30362156459263,14,1628.0,0.2244214557739558,0.229915486978553,26.09700928571429,32.86383892218313,-0.0488251425061425
xgboost,ml,STORE0008,SKU0046,1301.4142532348633,92.95816094534737,14,1773.0,0.2242621144952058,0.2756639778602973,28.401194928571424,36.40981555471743,-0.0982536542583192
xgboost,ml,STORE0009,SKU0001,1348.7671737670898,96.340512411935,14,1379.0,0.2241369622915156,0.2203345779918435,22.07749078571429,30.19983549130333,-0.0668503560551124
xgboost,ml,STORE0004,SKU0025,428.59451484680176,30.613893917628697,14,450.0,0.2240540822222222,0.2858956293108739,7.201738357142858,8.535208104122095,0.0559615311111111
xgboost,ml,STORE0004,SKU0098,557.0646171569824,39.79032979692732,14,620.0,0.2238131112903226,0.3688348878645961,9.911723500000004,12.579872039451152,0.0357310177419354
xgboost,ml,STORE0001,SKU0023,1012.0146789550781,72.28676278250558,14,1189.0,0.2237476459209419,0.3315871163543494,19.00256792857143,26.74709443712924,0.0308910504625735
xgboost,ml,STORE0005,SKU0063,720.9976043701172,51.4998288835798,14,922.0,0.2237372939262473,2.121336989528929,14.73469892857143,20.108235780243884,0.0306604739696312
xgboost,ml,STORE0005,SKU0036,640.4602699279785,45.74716213771275,14,706.0,0.2235018895184135,0.3430199045684916,11.270881,14.900061644572205,0.179176835694051
xgboost,ml,STORE0007,SKU0026,1066.7437896728516,76.19598497663226,14,1113.0,0.2232256855345911,0.2896465297795845,17.746442,24.13343819585063,0.0242345480682839
xgboost,ml,STORE0003,SKU0068,458.7372932434082,32.7669495173863,14,530.0,0.2230920037735849,0.2367384918625429,8.445625857142858,10.53781339301775,-0.1360079849056603
xgboost,ml,STORE0010,SKU0075,467.93712425231934,33.42408030373709,14,475.0,0.2230672652631579,0.2721693628355702,7.568353642857143,9.812352931251922,-0.0336451768421052
xgboost,ml,STORE0009,SKU0020,628.3707008361816,44.88362148829869,14,639.0,0.2216734428794992,0.3961960755760176,10.117809285714287,13.258704087447908,-0.0044205508607198
xgboost,ml,STORE0009,SKU0025,433.72339248657227,30.980242320469447,14,431.0,0.2215889883990719,0.3751535265832961,6.821775285714286,8.876345793414387,0.0663041299303944
xgboost,ml,STORE0005,SKU0048,962.22900390625,68.73064313616071,14,1173.0,0.2213460025575447,0.2807680086457046,18.54563292857143,21.73193239566212,0.0531410153452685
xgboost,ml,STORE0012,SKU0094,771.8838844299316,55.13456317356655,14,813.0,0.2213159298892989,0.2605840499485253,12.852132214285716,15.385535185074176,-0.011666901599016
xgboost,ml,STORE0004,SKU0045,955.3338394165039,68.23813138689313,14,1259.0,0.2209889769658459,0.2961748694732584,19.873223,22.719140684001754,0.071931620333598
xgboost,ml,STORE0002,SKU0046,1133.1487731933594,80.93919808523995,14,1470.0,0.2208395904761904,0.213984243976558,23.188157,30.99564284196079,-0.157579693877551
xgboost,ml,STORE0002,SKU0020,593.9154472351074,42.42253194536482,14,645.0,0.2207618976744186,0.1993916409234631,10.170816,12.97508075221048,-0.1626074573643411
xgboost,ml,STORE0001,SKU0029,535.2081108093262,38.22915077209473,14,595.0,0.2205265159663865,0.2552663378899668,9.372376928571429,10.921970108122904,0.0312436789915966
xgboost,ml,STORE0001,SKU0002,936.778865814209,66.91277612958636,14,954.0,0.2202629245283019,1.261992870350144,15.009345,21.639387812429387,0.0310680524109014
xgboost,ml,STORE0010,SKU0018,1086.8230819702148,77.63022014072963,14,1117.0,0.2201826678603402,0.2595791178877608,17.56743142857143,21.672217446111745,0.0323820590868397
xgboost,ml,STORE0010,SKU0061,1138.9077911376953,81.35055650983539,14,1199.0,0.2198445638031692,0.2321311508120172,18.82811657142857,23.184633543088307,-0.0500098798999165
xgboost,ml,STORE0011,SKU0014,766.5268058776855,54.75191470554897,14,814.0,0.2195815565110564,0.2468211443922206,12.76709907142857,14.608343890700905,0.0312112248157248
xgboost,ml,STORE0004,SKU0079,1209.814193725586,86.41529955182757,14,1285.0,0.2194033805447471,0.233130924983359,20.138096,25.748895000025392,-0.0427509929961089
xgboost,ml,STORE0004,SKU0012,665.9715309143066,47.56939506530762,14,1052.0,0.2189139020912547,0.2317491179699402,16.449816071428568,22.66507228327456,-0.0112356701520912
xgboost,ml,STORE0010,SKU0004,1304.1676864624023,93.15483474731445,14,1388.0,0.2183513508645533,0.2578588866379359,21.647976785714288,26.19528937659833,-0.0634878004322766
xgboost,ml,STORE0008,SKU0094,1028.2543258666992,73.44673756190709,14,1177.0,0.2182895743415462,0.1964698631429799,18.35191635714285,23.755919286813853,-0.1542992956669498
xgboost,ml,STORE0009,SKU0037,1281.2851638793945,91.52036884852818,14,1292.0,0.2180087879256966,0.3161795776079779,20.11909671428572,25.35039218319414,0.0762897414860681
xgboost,ml,STORE0005,SKU0011,287.67824363708496,20.5484459740775,14,366.0,0.2179888442622951,0.2362434126397258,5.698851214285715,6.699965380522879,-0.1083952923497268
xgboost,ml,STORE0001,SKU0039,255.99081420898438,18.285058157784597,14,303.0,0.2179177161716171,0.2033671188086622,4.716361999999998,6.257552449770653,-0.1152779999999999
xgboost,ml,STORE0005,SKU0096,1408.335350036621,100.59538214547294,14,1530.0,0.2178999843137254,0.2739418013080427,23.81335542857143,28.007459120662627,-0.0526421790849673
xgboost,ml,STORE0005,SKU0051,1123.033462524414,80.21667589460101,14,1281.0,0.2177158469945355,0.2106285098775618,19.921,23.238977022032092,-0.1667511007025761
xgboost,ml,STORE0004,SKU0039,253.08661651611328,18.07761546543666,14,282.0,0.217695414893617,0.2152911039578249,4.385007642857143,6.05912788150931,-0.0521148404255319
xgboost,ml,STORE0008,SKU0075,483.9445152282715,34.567465373447966,14,510.0,0.2173003803921568,0.2906259951537611,7.915942428571428,10.533878115955442,-0.0497384117647058
xgboost,ml,STORE0005,SKU0043,730.1540184020996,52.15385845729283,14,925.0,0.2172867264864865,0.2256488113738196,14.35644442857143,18.54316295080781,-0.0834004648648648
xgboost,ml,STORE0006,SKU0077,807.8918762207031,57.70656258719308,14,1121.0,0.2170793782337198,0.2492525286074191,17.381855928571426,22.5586376271434,-0.0104128483496877
xgboost,ml,STORE0003,SKU0039,181.77797412872314,12.984141009194511,14,191.0,0.216984890052356,0.3435186404970343,2.960293857142857,3.9929107157139314,-0.0034130680628272
xgboost,ml,STORE0008,SKU0099,1358.9304656982422,97.06646183558873,14,1683.0,0.2169286708259061,0.2558767548308279,26.07792521428572,30.4477969539572,-0.0446678758169934
xgboost,ml,STORE0007,SKU0001,1269.6482543945312,90.6891610281808,14,1190.0,0.2168961546218487,0.445980184964644,18.436173142857143,23.151450073659262,-0.0055227764705882
xgboost,ml,STORE0003,SKU0061,1105.3297424316406,78.9521244594029,14,1121.0,0.2167569776984835,0.2019649948059465,17.356040857142858,25.70383575103443,-0.0809882212310437
xgboost,ml,STORE0003,SKU0037,1198.7867889404297,85.62762778145927,14,1223.0,0.216639512673753,0.2651864906561273,18.925008857142853,22.050611314599657,0.0355350155355682
xgboost,ml,STORE0013,SKU0065,455.3772888183594,32.52694920131138,14,548.0,0.2165273704379562,0.2406876643090105,8.475499928571429,10.822492132731432,-0.0258157354014598
xgboost,ml,STORE0003,SKU0024,619.9393997192383,44.281385694231304,14,659.0,0.2162566009104704,0.2288708173263781,10.179507142857144,12.536341766560888,-0.0289038118361153
xgboost,ml,STORE0006,SKU0029,489.65017318725586,34.97501237051828,14,550.0,0.2160730781818181,0.2393590438178457,8.488585214285715,9.503689079930028,-0.0052225981818182
xgboost,ml,STORE0006,SKU0007,416.78239250183105,29.77017089298793,14,453.0,0.2160493708609271,0.298960783084075,6.990740357142857,9.011181409374087,-0.0465070618101545
xgboost,ml,STORE0001,SKU0097,1011.1906585693359,72.22790418352399,14,1117.0,0.2157910017905103,0.2088948783321376,17.217039214285716,21.177865921146054,-0.0876285953446732
xgboost,ml,STORE0010,SKU0014,775.418872833252,55.38706234523228,14,807.0,0.2155121449814126,0.2724827798215642,12.422735785714286,16.281747987873825,0.0096056939281288
xgboost,ml,STORE0006,SKU0087,402.98318099975586,28.78451292855399,14,391.0,0.2151296649616368,0.346183616616142,6.008264214285714,8.542135861670133,0.0558527237851662
xgboost,ml,STORE0008,SKU0002,950.9016189575195,67.9215442112514,14,1009.0,0.2150827908820614,0.2302141372582524,15.501324,17.440015916097128,-0.028470164519326
xgboost,ml,STORE0004,SKU0060,850.302619934082,60.735901423863005,14,841.0,0.2148230118906064,0.2723501838546919,12.904725214285714,17.703946661799314,0.1426609405469679
xgboost,ml,STORE0004,SKU0090,292.0304718017578,20.85931941441127,14,284.0,0.2142396232394366,0.264144022613089,4.346003785714286,5.770187730483082,0.1497407077464788
xgboost,ml,STORE0002,SKU0030,613.9633140563965,43.85452243259975,14,632.0,0.2140290981012658,0.2267949247036418,9.661885,11.916706467011943,-0.0414530158227847
xgboost,ml,STORE0010,SKU0051,884.8681297302246,63.20486640930176,14,907.0,0.2139849294377067,0.3772145552527569,13.863166500000002,18.881936824004804,-0.0193765104740904
xgboost,ml,STORE0008,SKU0033,1448.1216278076172,103.43725912911552,14,1750.0,0.2138590651428571,0.2103220115478003,26.73238314285714,32.70181680059519,-0.0705601462857142
xgboost,ml,STORE0007,SKU0032,776.6686401367188,55.476331438337056,14,940.0,0.2138362648936169,0.1843027771844843,14.357577785714284,27.40461056527832,-0.0740637563829787
xgboost,ml,STORE0004,SKU0102,1380.6081161499023,98.61486543927874,14,1893.0,0.2137636244057052,0.2812473957036098,28.903895785714287,37.584698211229664,0.0668119603803486
xgboost,ml,STORE0012,SKU0006,1233.830451965332,88.13074656895229,14,1388.0,0.2135022406340057,0.3568398259625207,21.16722214285714,29.62786409934254,0.1259750144092219
xgboost,ml,STORE0002,SKU0010,362.1444339752197,25.867459569658553,14,377.0,0.2134082015915119,0.3379558413560533,5.746778,9.093691567758547,0.0457352360742705
xgboost,ml,STORE0004,SKU0093,1189.9552688598633,84.99680491856166,14,1345.0,0.2132160869888476,0.188190140439351,20.483974071428577,26.770580606351377,-0.1636250327137546
xgboost,ml,STORE0008,SKU0100,1307.5714645385742,93.39796175275531,14,1462.0,0.2131626067031463,0.2118752740109469,22.2602665,24.51859110403104,-0.1129703768809849
xgboost,ml,STORE0009,SKU0030,595.9993667602539,42.57138334001814,14,587.0,0.21296767802385,0.290256018442629,8.9294305,11.394280720314542,0.1066309931856899
xgboost,ml,STORE0002,SKU0037,1166.5440673828125,83.32457624162946,14,1200.0,0.21293938,0.2132317591960291,18.25194685714286,22.898648917134867,-0.03665598
xgboost,ml,STORE0008,SKU0030,696.9404563903809,49.78146117074149,14,737.0,0.2126792089552238,0.2407710355395844,11.196041214285714,12.873276829290424,0.0377380176390773
xgboost,ml,STORE0006,SKU0092,1333.599220275879,95.25708716256278,14,1299.0,0.2124647852193995,0.1511908635113741,19.713696857142857,31.91174320420696,0.0571377705927636
xgboost,ml,STORE0002,SKU0014,658.8557395935059,47.06112425667899,14,713.0,0.2121550546984572,0.2027474854375479,10.804753857142856,13.826349970030371,-0.0995043281907433
xgboost,ml,STORE0004,SKU0049,722.4499397277832,51.603567123413086,14,781.0,0.2121007003841229,0.2114192410815033,11.832189071428571,14.610989574683186,-0.0433061267605633
xgboost,ml,STORE0005,SKU0040,301.97356033325195,21.56954002380371,14,431.0,0.2120868863109048,0.2952304559158495,6.529246285714286,8.447857146450742,0.1083962459396751
xgboost,ml,STORE0007,SKU0081,743.637996673584,53.116999762398855,14,810.0,0.2117250407407407,0.1958611509251933,12.24980592857143,15.721032185470843,-0.1634604160493827
xgboost,ml,STORE0004,SKU0023,983.0255851745605,70.21611322675433,14,1222.0,0.21148236497545,0.2971262737859854,18.459389285714284,22.50760539001984,0.0133161292962356
xgboost,ml,STORE0007,SKU0086,100.40856122970581,7.1720400878361295,14,129.0,0.2109133713178295,0.2299900232757488,1.9434160642857148,2.29751225749674,0.0224787201550387
xgboost,ml,STORE0005,SKU0094,955.2682266235352,68.23344475882394,14,1048.0,0.2104854208015267,0.253037241266802,15.756337214285711,20.533745406632573,-0.0660205734732824
xgboost,ml,STORE0012,SKU0048,891.113037109375,63.650931222098215,14,1115.0,0.2102285165919282,0.2244053513196804,16.743199714285712,23.05336911052573,-0.1300390457399103
xgboost,ml,STORE0013,SKU0027,889.3179130554199,63.522708075387136,14,1226.0,0.2101166957585644,0.2403540077374429,18.40021921428572,26.043695379450558,-0.0163529942903752
xgboost,ml,STORE0001,SKU0076,418.02258110046387,29.858755792890275,14,455.0,0.2101069758241758,0.2026568562323065,6.8284767142857135,8.317535833116148,-0.0996676395604395
xgboost,ml,STORE0011,SKU0068,543.8428230285645,38.845915930611746,14,657.0,0.2099855677321156,0.2104499268334598,9.854322714285717,11.708814081736255,-0.0852841156773211
xgboost,ml,STORE0004,SKU0047,1103.055778503418,78.78969846452985,14,1200.0,0.2099054541666666,0.3134280703009062,17.991896071428574,26.75929249840428,0.0297846124999999
xgboost,ml,STORE0004,SKU0034,1947.948600769043,139.13918576921736,14,3135.0,0.2096607113237639,0.2103882285344378,46.94902357142856,56.17926854064069,-0.1166075502392344
xgboost,ml,STORE0011,SKU0046,1366.5742645263672,97.61244746616909,14,1787.0,0.2094947493005036,0.263406127066686,26.740508357142858,31.747034532822557,-0.0664102658086178
xgboost,ml,STORE0001,SKU0095,463.22868156433105,33.08776296888079,14,501.0,0.2093794870259481,0.2213209861877259,7.4927945,8.844217024892476,-0.0651926606786427
xgboost,ml,STORE0004,SKU0002,964.4327697753906,68.88805498395648,14,1095.0,0.2093457945205479,0.2022457708877333,16.373831785714284,19.5758112641051,-0.0882667077625571
xgboost,ml,STORE0004,SKU0024,908.2547035217285,64.87533596583775,14,1022.0,0.2088429510763209,0.2027775687156948,15.24553542857143,17.670929899063246,-0.1085912818003913
xgboost,ml,STORE0004,SKU0057,1305.7145767211914,93.26532690865653,14,1483.0,0.2083316244099798,0.2133273775481452,22.06827135714286,28.80649732774157,-0.1320307019554956
xgboost,ml,STORE0008,SKU0064,1327.4663162231445,94.81902258736747,14,1430.0,0.208171265034965,0.2113380314937434,21.26320778571429,24.346595722410864,-0.033004609090909
xgboost,ml,STORE0003,SKU0010,365.39932441711426,26.09995174407959,14,419.0,0.2081683747016706,0.2070270668300848,6.2301820714285725,7.086784441077889,-0.1218481312649164
xgboost,ml,STORE0009,SKU0087,393.2806854248047,28.09147753034319,14,419.0,0.2079663126491646,0.2127621061853672,6.224134642857143,7.35379408726899,-0.1214362315035799
xgboost,ml,STORE0004,SKU0055,219.93546104431152,15.709675788879395,14,228.0,0.207584899122807,0.2229151616607706,3.380668357142857,4.058297512779316,-0.0586877763157894
xgboost,ml,STORE0011,SKU0069,1100.5810775756836,78.61293411254883,14,1593.0,0.2068100125549278,0.2039310287688935,23.532025000000004,33.57760089666671,-0.1292029930947897
xgboost,ml,STORE0003,SKU0033,1265.0271682739258,90.35908344813755,14,1350.0,0.206787694074074,0.1825056758992856,19.940241928571428,28.45331515706983,-0.119326537037037
xgboost,ml,STORE0008,SKU0072,551.3751373291016,39.383938380650115,14,583.0,0.2065570943396226,0.2499909537751608,8.60162757142857,11.409511355421092,-0.0366228610634648
xgboost,ml,STORE0006,SKU0005,1085.0787353515625,77.50562395368304,14,1530.0,0.206166362745098,0.2555709759347004,22.53103821428571,27.712851098098007,-0.0673020816993464
xgboost,ml,STORE0011,SKU0088,371.9329128265381,26.566636630467006,14,400.0,0.2058883925,0.1870745980605932,5.8825255,8.432809275265242,-0.1035550425
xgboost,ml,STORE0012,SKU0065,711.3728103637695,50.81234359741211,14,842.0,0.2058345023752968,3.66335494665157,12.379475071428567,18.218528317643752,0.0547247589073634
xgboost,ml,STORE0007,SKU0100,957.8600997924805,68.41857855660575,14,955.0,0.2056599570680628,0.2433695916961497,14.028947071428572,19.164463786296185,-0.0130427109947644
xgboost,ml,STORE0011,SKU0086,138.591552734375,9.899396623883929,14,173.0,0.205469661849711,0.2676058416391252,2.5390179642857147,3.1645316365318723,0.0755557543352601
xgboost,ml,STORE0005,SKU0027,1563.3264923095703,111.66617802211216,14,2564.0,0.2054610296411856,0.2055402506143022,37.62872,50.637459237187954,-0.0987673868954758
xgboost,ml,STORE0013,SKU0008,179.78720664978027,12.841943332127162,14,179.0,0.2052716675977654,0.2711180826674735,2.6245448928571435,3.161876488633205,0.0273914329608938
xgboost,ml,STORE0012,SKU0095,422.9180164337158,30.208429745265416,14,442.0,0.2046861515837103,0.1856536471647558,6.462234214285713,9.010692936446178,-0.1094272149321267
xgboost,ml,STORE0009,SKU0027,1384.0983200073242,98.86416571480888,14,1920.0,0.20464433125,0.2750861367433369,28.06550828571429,37.81352467123648,0.0240473458333333
xgboost,ml,STORE0010,SKU0030,623.5899925231934,44.54214232308524,14,637.0,0.2043662527472527,0.2611584091867928,9.2986645,10.992800174973276,0.0179124222919936
xgboost,ml,STORE0010,SKU0073,138.64229679107666,9.903021199362618,14,138.0,0.2042480326086956,0.2242362656898657,2.0133020357142857,2.3474603396952167,-0.0267583442028985
xgboost,ml,STORE0005,SKU0062,265.894868850708,18.99249063219343,14,300.0,0.2041611866666667,0.2079432282075889,4.374882571428572,5.832374699674788,-0.14012362
xgboost,ml,STORE0007,SKU0025,350.83421516418457,25.059586797441757,14,380.0,0.2038659421052631,0.2087080101018753,5.533504142857143,6.747832715716251,-0.0893960315789473
xgboost,ml,STORE0003,SKU0064,1022.953857421875,73.06813267299107,14,987.0,0.2036556271529888,0.2718606291692236,14.357721714285717,18.65193638454289,0.0651447862208713
xgboost,ml,STORE0013,SKU0097,535.5969314575195,38.25692367553711,14,535.0,0.2034802990654206,0.2236892673402493,7.775854285714288,8.799560324071596,0.013636153271028
xgboost,ml,STORE0005,SKU0007,436.83764266967773,31.202688762119838,14,492.0,0.2033147621951219,0.2241938654920589,7.145061642857144,8.622581003923862,-0.1099918638211382
xgboost,ml,STORE0007,SKU0060,725.6901512145996,51.83501080104283,14,758.0,0.2032661187335092,0.2568063963112234,11.005408428571428,13.375130082147814,-0.0864106279683377
xgboost,ml,STORE0009,SKU0011,251.5815715789795,17.970112255641393,14,293.0,0.2030363071672355,0.3512369129590478,4.249259857142858,5.960424425068691,0.0173521911262798
xgboost,ml,STORE0003,SKU0052,607.4700469970703,43.39071764264788,14,632.0,0.2030252405063291,0.2143328774538762,9.165139428571427,11.61192172873763,-0.0334221329113924
xgboost,ml,STORE0002,SKU0102,1133.0746994018555,80.93390710013253,14,1430.0,0.2024954104895104,0.2611755154046971,20.683459785714284,28.55349994323849,-0.0458914594405594
xgboost,ml,STORE0012,SKU0007,362.9167652130127,25.922626086643763,14,380.0,0.2024232447368421,0.206480527923939,5.4943452142857145,7.838011053059366,-0.0444906921052631
xgboost,ml,STORE0001,SKU0050,250.9729709625244,17.92664078303746,14,267.0,0.2023915056179775,0.2118900848461901,3.859895142857142,4.601531321387727,-0.0275130561797752
xgboost,ml,STORE0008,SKU0020,820.8188438415527,58.629917417253765,14,909.0,0.201982597359736,0.1916564854979179,13.114441500000002,16.00593643967043,-0.1538439174917492
xgboost,ml,STORE0011,SKU0005,1159.7526550292969,82.8394753592355,14,1749.0,0.2016371503716409,0.1810413232531098,25.190241142857136,39.49434871943205,-0.1292848164665523
xgboost,ml,STORE0002,SKU0060,631.6459732055664,45.11756951468332,14,598.0,0.2013664849498328,0.2745045140267318,8.601225571428573,10.577321506318883,0.0892013411371237
xgboost,ml,STORE0008,SKU0011,262.48348236083984,18.74882016863142,14,338.0,0.2006838786982248,0.1904801705023459,4.845082214285713,6.616933940621651,-0.0336312633136094
xgboost,ml,STORE0001,SKU0080,1089.5434646606445,77.82453319004604,14,1224.0,0.2001026756535947,0.1915416751033298,17.494691071428573,21.67165563463098,-0.0135686985294117
xgboost,ml,STORE0011,SKU0101,232.3565788269043,16.59689848763602,14,290.0,0.2000851137931034,0.2091520454126812,4.144620214285714,5.257247578280681,-0.0075021206896551
xgboost,ml,STORE0007,SKU0011,207.2384967803955,14.802749770028251,14,253.0,0.1997705138339921,0.2090719122506965,3.610138571428572,4.075977767893859,-0.0754881581027668
xgboost,ml,STORE0005,SKU0021,854.9818801879883,61.07013429914202,14,911.0,0.1995272283205269,0.200613580886612,12.983521785714288,15.395856705226228,-0.052930268935236
xgboost,ml,STORE0007,SKU0045,727.0155029296875,51.929678780691965,14,912.0,0.1992881853070175,0.2765631954777793,12.982201785714286,16.01618029604198,0.0496257927631579
xgboost,ml,STORE0001,SKU0100,1255.6804809570312,89.69146292550224,14,1251.0,0.1984131582733812,0.2348607305614412,17.729632928571423,22.28154521740149,0.0334733421262989
xgboost,ml,STORE0012,SKU0002,900.3446464538574,64.31033188956124,14,1021.0,0.196675013712047,0.1905268323814039,14.343227785714284,19.32050453592904,-0.1283729177277179
xgboost,ml,STORE0003,SKU0015,123.69873523712158,8.835623945508685,14,118.0,0.1965647627118644,0.2239579061050061,1.656760142857143,2.051227022430512,0.1178155254237288
xgboost,ml,STORE0007,SKU0099,1062.3004837036133,75.87860597882953,14,1133.0,0.1964811738746689,0.2361969553282865,15.900940714285712,20.184699237188905,0.084060909090909
xgboost,ml,STORE0006,SKU0032,1064.913558959961,76.06525421142578,14,1432.0,0.196373594972067,0.1820201141291015,20.08621342857143,25.956062412817595,-0.1578608575418994
xgboost,ml,STORE0008,SKU0006,1426.3315963745117,101.88082831246513,14,1939.0,0.1961449582258896,0.4842004779335084,27.166076714285712,36.11158185323744,-0.0749196833419288
xgboost,ml,STORE0006,SKU0100,1295.9474563598633,92.56767545427594,14,1293.0,0.1954270649651972,0.2223129338389701,18.049085357142857,23.07986049954023,0.0737786736272235
xgboost,ml,STORE0008,SKU0045,1050.9148025512695,75.0653430393764,14,1369.0,0.1952565916727538,0.2015503064971099,19.093305285714287,22.408860673377543,-0.0233666939371804
xgboost,ml,STORE0004,SKU0078,457.79642486572266,32.6997446332659,14,475.0,0.1951216905263158,0.2288500109513891,6.620200214285715,8.06093977629229,0.0182454252631579
xgboost,ml,STORE0003,SKU0046,1074.7413330078125,76.76723807198661,14,1266.0,0.1945580529225908,0.2192200337988446,17.593606785714282,25.62390170708612,0.0173590876777251
xgboost,ml,STORE0001,SKU0008,379.16164779663086,27.08297484261649,14,422.0,0.194509345971564,0.181376546715506,5.863067428571429,7.443106075388045,-0.0898526492890995
xgboost,ml,STORE0009,SKU0055,183.46716213226318,13.104797295161656,14,175.0,0.1941625771428571,0.3163434248618794,2.427032214285714,3.203948522939212,0.0607437428571428
xgboost,ml,STORE0004,SKU0032,1040.3438339233398,74.31027385166713,14,1320.0,0.193785031060606,0.2150626742009284,18.271160071428568,23.014115745998737,-0.0429008977272727
xgboost,ml,STORE0006,SKU0073,161.74505424499512,11.553218160356794,14,173.0,0.1936405895953757,0.1891772366270518,2.3928444285714288,2.8183401313892955,-0.0809868786127167
xgboost,ml,STORE0008,SKU0098,583.3162727355957,41.66544805254255,14,692.0,0.1935505895953757,0.2278506373241575,9.566929142857145,11.46219914447867,-0.0350685404624277
xgboost,ml,STORE0011,SKU0087,441.361536026001,31.525824001857213,14,463.0,0.193152939524838,0.2369360142470701,6.387843642857143,7.420169881472568,-0.0223151382289416
xgboost,ml,STORE0006,SKU0052,872.6843795776367,62.334598541259766,14,965.0,0.1929796870466321,0.1948447313974949,13.30181414285714,17.438031478625497,-0.0735876062176165
xgboost,ml,STORE0005,SKU0039,266.35694694519043,19.025496210370743,14,295.0,0.192931213559322,0.2334782830429986,4.065336285714285,4.996362472036631,0.0268029423728813
xgboost,ml,STORE0001,SKU0098,605.7569618225098,43.268354415893555,14,731.0,0.1927642489740082,0.1982785036989645,10.065047571428574,12.69974834137569,-0.088921975376197
xgboost,ml,STORE0005,SKU0050,246.74649238586426,17.624749456133163,14,257.0,0.1926607704280155,0.2345622910200522,3.536701285714286,4.283186201192002,0.0011394941634241
xgboost,ml,STORE0005,SKU0068,564.0060729980469,40.28614807128906,14,689.0,0.1923065834542816,0.1982642572632998,9.464231142857145,11.337582543807384,-0.0126975123367198
xgboost,ml,STORE0011,SKU0054,1237.7868881225586,88.41334915161133,14,1640.0,0.1922909957317073,0.2139641019896571,22.525516642857134,28.97023094765429,-0.0610780652439024
xgboost,ml,STORE0012,SKU0025,409.80676078796387,29.271911484854563,14,456.0,0.1922185942982456,0.1689941288953381,6.2608342142857145,8.51152214771034,-0.1174532390350877
xgboost,ml,STORE0003,SKU0006,1096.3371887207031,78.30979919433594,14,1310.0,0.1905665610687022,0.207165220928227,17.831585357142853,22.524077212561853,0.0006322404580152
xgboost,ml,STORE0010,SKU0001,1353.7495956420898,96.6963996887207,14,1348.0,0.1904478783382789,0.2187732528105352,18.33741,23.462309898074984,0.086140118694362
xgboost,ml,STORE0003,SKU0005,850.2499008178711,60.73213577270508,14,1159.0,0.190344988783434,0.1961270235602153,15.75784585714286,18.349445975436417,-0.0684214270923209
xgboost,ml,STORE0010,SKU0095,447.093786239624,31.93527044568743,14,461.0,0.1900641236442516,0.2944275056323738,6.258540071428572,8.609387662816541,-0.0389412646420824
xgboost,ml,STORE0013,SKU0034,1108.8264541625977,79.20188958304269,14,1377.0,0.1889447356572258,0.2026580558027197,18.584064357142854,22.77794431060863,-0.0263545105301379
xgboost,ml,STORE0010,SKU0055,197.12900352478027,14.080643108912877,14,213.0,0.1885447605633802,0.1855581719711096,2.8685738571428567,3.2068570054602192,-0.1444572300469483
xgboost,ml,STORE0003,SKU0049,494.7395439147949,35.33853885105678,14,525.0,0.1883635333333333,0.2038257522597172,7.0636325000000015,8.479698291250129,-0.1028939180952381
xgboost,ml,STORE0002,SKU0058,1065.8036804199219,76.1288343157087,14,1066.0,0.1883278996247654,0.2359199051053377,14.339824357142858,20.44174276150171,-0.0460705356472795
xgboost,ml,STORE0003,SKU0097,751.8975639343262,53.70696885245187,14,800.0,0.1882249912499999,0.1904805269053045,10.755713785714285,14.652683668887676,-0.02982559625
xgboost,ml,STORE0006,SKU0045,1015.6839752197266,72.54885537283761,14,1420.0,0.1881466330985915,0.1923704380044522,19.083444214285716,25.26894998046504,-0.0893276978873239
xgboost,ml,STORE0009,SKU0066,382.9772491455078,27.3555177961077,14,434.0,0.1880439400921659,0.1822099618250198,5.829362142857143,7.693232230023384,-0.0807549723502304
xgboost,ml,STORE0008,SKU0041,1249.9187774658203,89.27991267613002,14,1837.0,0.1875592749047359,0.1909461992287411,24.610456285714285,30.93113231933116,-0.0703531497005987
xgboost,ml,STORE0002,SKU0048,733.7634506225586,52.411675044468474,14,890.0,0.1872951134831461,0.1995116852579604,11.90661792857143,15.243678332387828,-0.0769349966292134
xgboost,ml,STORE0004,SKU0061,1370.9412536621094,97.92437526157924,14,1480.0,0.1871825378378378,0.1824492846791142,19.78786828571429,25.031154985556903,-0.0208113608108108
xgboost,ml,STORE0010,SKU0028,1488.8161315917969,106.34400939941406,14,1787.0,0.1871808119753777,0.1800794498638757,23.892293642857144,30.396629488986267,-0.0763733626189143
xgboost,ml,STORE0010,SKU0102,1271.565284729004,90.82609176635742,14,1666.0,0.1871276962785114,0.1916346357337399,22.26819585714286,33.51310369962455,-0.0085335894357743
xgboost,ml,STORE0004,SKU0033,1449.7360763549805,103.5525768824986,14,1635.0,0.1869624189602446,0.1892927835518235,21.834539642857145,26.97272980368743,-0.0314825119266055
xgboost,ml,STORE0007,SKU0075,380.4258518218994,27.17327513013567,14,417.0,0.1869505827338129,0.1820075984645733,5.568456642857142,6.400815326053856,-0.1253349424460431
xgboost,ml,STORE0007,SKU0023,812.9819297790527,58.07013784136091,14,1017.0,0.1866542123893805,0.1702055268925194,13.559095285714283,18.351671638325357,-0.1345071760078663
xgboost,ml,STORE0005,SKU0012,659.9241638183594,47.13744027273996,14,1056.0,0.1859822187499999,0.2824741194194667,14.028373071428566,16.719600354827524,0.0260580464015151
xgboost,ml,STORE0003,SKU0073,116.53823900222778,8.324159928730555,14,120.0,0.1849788716666666,0.1780798194828187,1.5855331857142858,2.1797107882434794,-0.0746734066666666
xgboost,ml,STORE0001,SKU0062,288.14176177978516,20.581554412841797,14,308.0,0.1843353636363636,0.1751070223971967,4.055377999999999,4.864179159271627,-0.1320878701298701
xgboost,ml,STORE0003,SKU0007,311.4275360107422,22.2448240007673,14,352.0,0.1841435852272727,0.1640620656014921,4.629895857142857,6.58459213974493,-0.1400140227272727
xgboost,ml,STORE0003,SKU0100,1030.115379333496,73.57966995239258,14,1105.0,0.1836646153846153,0.1777919480338161,14.496385714285712,16.84431215065106,-0.1257427040723982
xgboost,ml,STORE0013,SKU0017,752.724536895752,53.766038349696565,14,772.0,0.1832453160621761,0.7688653121939331,10.104670285714286,14.927996291441431,0.046037847150259
xgboost,ml,STORE0010,SKU0069,972.3736000061035,69.45525714329311,14,1248.0,0.183193141826923,0.280126916729976,16.33036007142857,23.221750755346992,0.0404628774038461
xgboost,ml,STORE0007,SKU0072,374.4388656616211,26.745633261544363,14,375.0,0.1828589493333333,0.21243368302838,4.898007571428573,6.293314129115597,0.0212280853333333
xgboost,ml,STORE0005,SKU0102,1403.099952697754,100.22142519269671,14,2057.0,0.1827873334953816,0.2094533480520444,26.85668178571428,31.84382172125149,-0.0588624477394263
xgboost,ml,STORE0008,SKU0042,244.29429054260254,17.449592181614467,14,281.0,0.1825783985765124,0.1920551100878328,3.6646092857142856,4.473216458493662,-0.0498501067615658
xgboost,ml,STORE0013,SKU0102,737.9679107666016,52.71199362618582,14,928.0,0.1821743846982759,0.1879026146641279,12.075559214285716,14.79024153718168,-0.0005900765086206
xgboost,ml,STORE0004,SKU0096,1369.5129013061523,97.82235009329659,14,1579.0,0.181783378087397,0.1652467536748063,20.502568142857143,29.451283578001405,-0.1559889892336922
xgboost,ml,STORE0011,SKU0036,633.5025291442871,45.25018065316336,14,745.0,0.1810207879194631,0.2346439702535386,9.632891928571429,11.740201574032788,-0.0146952174496644
xgboost,ml,STORE0004,SKU0085,909.6948547363281,64.97820390973773,14,1270.0,0.1803494937007874,0.217087719601164,16.3602755,18.57956692400102,-0.0338116748031496
xgboost,ml,STORE0012,SKU0032,934.9460105895996,66.78185789925712,14,1098.0,0.1800447267759563,0.2034572179484221,14.120650714285714,17.15654551455279,0.0520996994535519
xgboost,ml,STORE0002,SKU0027,1302.1780242919922,93.01271602085659,14,1812.0,0.1797035982339955,0.1962686620163101,23.25878,26.20445061456866,-0.0859477814569536
xgboost,ml,STORE0012,SKU0061,1225.860466003418,87.561461857387,14,1301.0,0.1796990860876249,0.167781211532898,16.699179357142857,22.23524630437908,-0.0944003651037663
xgboost,ml,STORE0012,SKU0035,1920.0312423706055,137.14508874075753,14,2425.0,0.179516668041237,0.1790617705619226,31.09485142857142,36.26463107930488,0.0028982103092783
xgboost,ml,STORE0006,SKU0009,832.8998069763184,59.49284335545131,14,920.0,0.179288177173913,0.1980616428281183,11.781794499999998,16.854886810761396,-0.0752318684782608
xgboost,ml,STORE0005,SKU0064,1361.7196044921875,97.26568603515625,14,1440.0,0.1783731034722222,0.1951294878294412,18.346947785714285,24.42945223290047,-0.042550742361111
xgboost,ml,STORE0004,SKU0009,864.4369468688965,61.745496204921174,14,911.0,0.1780802338090011,0.1928423988814912,11.587935214285713,13.576939786287248,0.0028951383095499
xgboost,ml,STORE0012,SKU0075,467.30542182922363,33.3789587020874,14,499.0,0.1772729178356713,0.1833104813909956,6.3185132857142845,8.102148140628834,-0.0920679599198396
xgboost,ml,STORE0006,SKU0041,1248.5133514404297,89.17952510288784,14,1818.0,0.1769645819581958,0.1828627236053146,22.980115,27.847532190312798,-0.058073701870187
xgboost,ml,STORE0009,SKU0065,745.2383613586426,53.23131152561733,14,898.0,0.1763974621380846,0.1836055896226065,11.314637214285714,15.188333797072817,0.1036546959910913
xgboost,ml,STORE0001,SKU0030,723.9141502380371,51.70815358843122,14,738.0,0.1760794498644986,0.1913535724366975,9.281902428571428,10.514062785843397,0.0877335609756097
xgboost,ml,STORE0005,SKU0014,786.0671043395996,56.147650309971404,14,832.0,0.1756389759615385,0.1954474374655596,10.43797342857143,12.540853287330986,0.0305154663461538
xgboost,ml,STORE0006,SKU0013,1274.6063385009766,91.0433098929269,14,1958.0,0.1752313692543411,0.1611819792946589,24.507358642857145,33.36334730055411,-0.0111559647599591
xgboost,ml,STORE0007,SKU0004,1026.1534729003906,73.29667663574219,14,991.0,0.1749992835519677,0.2367714470171455,12.387449285714288,16.877089789222595,0.0406628960645812
xgboost,ml,STORE0004,SKU0062,269.40535736083984,19.24323981148856,14,293.0,0.1745461023890785,0.1628394473056943,3.653000571428571,4.605573242485875,-0.0873500341296928
xgboost,ml,STORE0008,SKU0078,484.8069305419922,34.629066467285156,14,541.0,0.1735611219963031,0.1601220258968372,6.706897642857143,8.154997651438494,-0.1374785711645101
xgboost,ml,STORE0003,SKU0087,315.38793754577637,22.527709824698313,14,310.0,0.1732923129032258,0.3227976897419972,3.837186928571429,5.456051399490275,-0.051601829032258
xgboost,ml,STORE0001,SKU0056,330.1508045196533,23.58220032283238,14,420.0,0.1730235571428571,0.1926859861610374,5.190706714285715,6.594977793005372,-0.0269824904761904
xgboost,ml,STORE0006,SKU0084,404.99438858032227,28.928170612880162,14,437.0,0.1728820640732265,0.1679567573374623,5.396390142857143,7.037624425806725,-0.0483626773455377
xgboost,ml,STORE0013,SKU0057,662.8265838623047,47.34475599016462,14,648.0,0.1726506296296296,0.1945605499860811,7.991257714285714,9.471817983696123,0.0648188580246913
xgboost,ml,STORE0008,SKU0013,1230.0788345336914,87.86277389526367,14,1894.0,0.1712028489968321,0.2074501787588965,23.161299714285715,37.08982032445719,0.0204482555438225
xgboost,ml,STORE0003,SKU0012,514.9258766174316,36.78041975838797,14,762.0,0.1707599291338582,0.1572013431801558,9.294219,12.019993558560037,-0.1308302729658793
xgboost,ml,STORE0012,SKU0098,498.4116897583008,35.60083498273577,14,579.0,0.1704633696027634,0.1703264034337346,7.049877928571429,8.702753027865915,-0.0468468721934369
xgboost,ml,STORE0002,SKU0097,728.6640968322754,52.04743548801967,14,727.0,0.1700078156808803,0.1869726043810639,8.828262999999998,11.01554448518196,0.0778220715268225
xgboost,ml,STORE0013,SKU0015,93.70918846130371,6.693513461521694,14,98.0,0.1694103020408163,0.1561857975340136,1.1858721142857145,1.5907994102464522,-0.0741299836734694
xgboost,ml,STORE0013,SKU0096,725.2082710266113,51.80059078761509,14,753.0,0.1693483452855246,0.1955556123401396,9.108521714285716,10.80223166142391,-0.0197934156706507
xgboost,ml,STORE0009,SKU0052,743.7507057189941,53.12505040849958,14,809.0,0.1682380741656365,0.1581777062311089,9.721757285714286,12.288174955146152,-0.0853672533992583
xgboost,ml,STORE0004,SKU0040,350.1100196838379,25.007858548845565,14,515.0,0.168210295145631,0.3510835958156463,6.187735857142856,7.983507744369953,0.0475970446601941
xgboost,ml,STORE0007,SKU0062,191.95716953277588,13.711226395198278,14,196.0,0.1679314719387755,0.1943376290206992,2.351040607142857,3.145166687708292,0.0022462831632652
xgboost,ml,STORE0005,SKU0098,626.6791076660156,44.7627934047154,14,711.0,0.167778652601969,0.2021312483766393,8.520758714285716,12.75985479099851,0.0295139859353023
xgboost,ml,STORE0011,SKU0004,1321.643928527832,94.403137751988,14,1501.0,0.167317781479014,0.1557794704645068,17.93885642857143,23.59934062277504,-0.109797493670886
xgboost,ml,STORE0007,SKU0002,713.2092742919922,50.943519592285156,14,756.0,0.1670393253968254,0.1775414120598833,9.020123571428574,10.206729762195591,-0.0461215899470899
xgboost,ml,STORE0003,SKU0062,191.0956325531006,13.649688039507184,14,199.0,0.1650714974874372,0.1545159521376649,2.346373428571429,3.2091221572203468,-0.0613770452261306
xgboost,ml,STORE0006,SKU0067,547.9423027038574,39.138735907418386,14,557.0,0.16454357989228,0.1898721040933989,6.546483857142856,8.44740587609465,0.023890211849192
xgboost,ml,STORE0010,SKU0006,1210.6813888549805,86.47724206107003,14,1503.0,0.1636204550898203,0.5712768037179841,17.565824571428568,27.987735754460413,-0.0129365628742515
xgboost,ml,STORE0002,SKU0054,905.7953071594238,64.6996647971017,14,1097.0,0.1635797000911577,0.1940041626136487,12.817637928571427,16.562537970838722,0.0376097128532361
xgboost,ml,STORE0003,SKU0001,1209.8784408569336,86.41988863263812,14,1181.0,0.1619675690093141,0.1721281171935977,13.663121357142854,15.873351865399805,0.0336199229466553
xgboost,ml,STORE0013,SKU0009,391.0040035247803,27.928857394627162,14,401.0,0.1602125461346633,0.1705787136279824,4.588945071428571,6.038832364567845,0.0099592942643391
xgboost,ml,STORE0010,SKU0025,382.7110595703125,27.336504255022323,14,401.0,0.1597398578553615,0.1885900304341466,4.575405928571428,6.344147604343824,0.0443237481296758
xgboost,ml,STORE0011,SKU0078,448.5967140197754,32.04262242998396,14,447.0,0.1586497382550336,0.1762843130466567,5.065459500000001,5.894666531094183,0.0306975906040268
xgboost,ml,STORE0010,SKU0050,230.8715295791626,16.49082354136876,14,236.0,0.1576678283898304,0.1486099282301465,2.657829107142857,3.625367581387263,-0.0272421800847457
xgboost,ml,STORE0006,SKU0060,900.6929473876953,64.33521052769252,14,986.0,0.1565440060851927,0.1519960847222205,11.025170714285718,13.23801037365491,-0.0783237403651115
xgboost,ml,STORE0010,SKU0063,719.1690101623535,51.36921501159668,14,942.0,0.1563388853503185,0.1790946529900361,10.519373571428575,13.667631009533467,-0.0413895435244161
xgboost,ml,STORE0008,SKU0066,424.8114833831787,30.343677384512766,14,465.0,0.1528132817204301,0.1621775018278883,5.075584,6.497082397267726,0.0300134967741935
xgboost,ml,STORE0003,SKU0028,1281.7234725952148,91.55167661394391,14,1445.0,0.152751030449827,0.1450247798391133,15.766088500000004,19.40786331991808,-0.1053488297577854
xgboost,ml,STORE0003,SKU0101,173.86169815063477,12.418692725045341,14,211.0,0.1526616137440758,0.1522754220785952,2.3008286071428574,2.769518802100044,-0.045540827014218
xgboost,ml,STORE0010,SKU0056,290.9118194580078,20.779415675571986,14,374.0,0.1521598155080213,0.1549184615172437,4.064840785714285,5.229728031451984,-0.0234864893048128
xgboost,ml,STORE0009,SKU0008,340.88748931884766,24.34910637991769,14,367.0,0.1519443732970027,0.1649252867829271,3.9831132142857153,5.130432827366149,-0.0632993324250681
xgboost,ml,STORE0002,SKU0069,829.2811851501465,59.234370367867605,14,1055.0,0.1518179943127962,0.159754660819636,11.440570285714283,18.50851910347945,0.027718479620853
xgboost,ml,STORE0009,SKU0050,224.92463302612305,16.066045216151647,14,233.0,0.1511747746781115,0.147031080991377,2.5159801785714286,3.018470070966679,-0.0302906330472102
xgboost,ml,STORE0012,SKU0044,1165.2569580078125,83.23263985770089,14,1271.0,0.1505977970102281,0.1382079471108094,13.67212857142857,19.010849731407795,-0.0968050118017309
xgboost,ml,STORE0005,SKU0091,256.5305690765381,18.32361207689558,14,329.0,0.1500032522796352,0.1437734934180786,3.5250764285714284,4.1139636445392735,-0.0671904984802431
xgboost,ml,STORE0003,SKU0025,333.9436569213867,23.853118351527623,14,350.0,0.1495439685714285,0.1631530919456581,3.7385992142857134,4.161150842189926,0.0604359971428571
xgboost,ml,STORE0010,SKU0086,114.48729753494263,8.177664109638759,14,146.0,0.1490438315068493,0.1415226649510701,1.5543142428571433,1.9714274513854355,-0.0566773821917808
xgboost,ml,STORE0012,SKU0085,878.3970222473145,62.742644446236746,14,1133.0,0.1488074430714916,0.1738745200938577,12.042773785714289,16.01731231010371,0.043252973521624
xgboost,ml,STORE0012,SKU0033,1324.3952331542969,94.5996595110212,14,1467.0,0.1486321704158145,0.1430567285090915,15.574528142857144,18.71506842616094,-0.0804976591683708
xgboost,ml,STORE0010,SKU0090,255.3870334625244,18.241930961608887,14,267.0,0.1426510337078651,0.1330423719401245,2.720559,3.544778786375776,-0.0966750936329588
xgboost,ml,STORE0008,SKU0083,1350.8514099121094,96.48938642229352,14,1555.0,0.1426396533762057,0.1262006873563286,15.84319007142857,21.349255957207035,-0.1237282450160772
xgboost,ml,STORE0004,SKU0097,1036.7170486450195,74.05121776035854,14,1146.0,0.1417436273996509,0.1581639689886663,11.602728357142857,17.129189492793532,-0.0544008595113438
xgboost,ml,STORE0003,SKU0099,1091.0141677856445,77.92958341326032,14,1227.0,0.1415912673186634,0.1316308302324023,12.409463214285712,16.152228581308563,-0.0417569054604727
xgboost,ml,STORE0006,SKU0064,1376.1553192138672,98.29680851527623,14,1484.0,0.1365822580862533,0.1359415859221416,14.477719357142856,18.0680038644266,-0.0051976138814016
xgboost,ml,STORE0009,SKU0097,928.7253799438477,66.33752713884626,14,932.0,0.1339181684549356,0.132202188260755,8.915123785714284,12.542973576126192,0.0300043551502145
xgboost,ml,STORE0001,SKU0033,1472.6806335449219,105.19147382463727,14,1816.0,0.1278288959251101,0.1053188672257181,16.58123392857143,27.833771286702515,-0.0915494575991189
xgboost,ml,STORE0010,SKU0045,829.9980430603027,59.28557450430734,14,1099.0,0.1238940964513194,0.2254272935234594,9.725686571428572,14.891970879956032,0.0308530500454959
