model,store_id,sku_id,n,actual_units,mape_coverage,wape,mape,mae,rmse,smape,bias
catboost,STORE0001,SKU0001,14,1457.0,1.0,0.3067513268926523,0.5131737881383523,31.924048805899595,39.79938179735845,0.33600787120527575,0.1222079385045459
catboost,STORE0001,SKU0002,14,954.0,1.0,0.22292974498206775,1.3059825199774646,15.191069765206617,22.058505327881676,0.2720412326423264,0.05681230529944526
catboost,STORE0001,SKU0004,14,1418.0,1.0,0.26182803855938125,2.4857819104044503,26.51943990551447,35.36636539936987,0.3259249899955627,0.026166761863898394
catboost,STORE0001,SKU0006,14,1888.0,1.0,0.26884775761026947,0.299654986397837,36.25604045487063,47.87593356384816,0.2647518957502605,-0.016094878098268105
catboost,STORE0001,SKU0007,14,376.0,1.0,0.2913776943777891,0.39882682749281323,7.825572363289193,9.213395152135504,0.3098265236610494,0.069557163554265
catboost,STORE0001,SKU0008,14,422.0,1.0,0.18216847476401674,0.17549203462961352,5.491078310743933,7.051665606704457,0.1769772573549493,-0.04851890205189007
catboost,STORE0001,SKU0010,14,595.0,1.0,0.2700274543694049,2.8744160806722925,11.476166810699707,15.83893704013312,0.3248910804040274,-0.02513323159077094
catboost,STORE0001,SKU0011,14,335.0,1.0,0.29483400559354617,0.4389106615633002,7.054956562416998,8.655851271586911,0.31831628651540916,0.07618071467652852
catboost,STORE0001,SKU0012,14,998.0,1.0,0.2403184368811429,0.3224190058827739,17.131271429098614,23.757489272902653,0.24173239799173293,0.0900837811196754
catboost,STORE0001,SKU0014,14,909.0,1.0,0.2848944236494024,0.336731711248579,18.49778793552191,22.255472699597444,0.2914266448760849,-0.015521155642273715
catboost,STORE0001,SKU0015,14,160.0,1.0,0.2467690507433265,0.39132990434497966,2.8202177227808742,3.776005017557878,0.26502136407274307,0.15512740074788461
catboost,STORE0001,SKU0016,14,404.0,1.0,0.4035366434244654,0.7902545495668918,11.644914567391714,13.466753370004328,0.4627309811935439,0.10992576471776032
catboost,STORE0001,SKU0017,14,1767.0,1.0,0.31526894495724384,0.356021066821027,39.79144469567499,51.78211454659006,0.32035814310730715,-0.0754742597283445
catboost,STORE0001,SKU0018,14,1497.0,1.0,0.274874189387064,0.26072210257580314,29.391904393745342,35.84270963404669,0.27638922005358113,-0.11219745784051649
catboost,STORE0001,SKU0019,14,244.0,0.9285714285714286,0.5093514602529374,0.561077944745434,8.877268307265481,11.37379285844727,0.5153331809200936,0.26122040775355243
catboost,STORE0001,SKU0020,14,665.0,1.0,0.41526205491203194,0.935907031681831,19.724947608321518,23.539835570701655,0.4384470535704676,0.15653099861821573
catboost,STORE0001,SKU0021,14,843.0,0.9285714285714286,0.33089130710519965,0.30550640248084177,19.92438370640595,27.764587698339742,0.3729307310235213,0.159236170490745
catboost,STORE0001,SKU0023,14,1189.0,1.0,0.21850460745917094,0.32302906383711294,18.55728416206816,25.751534191639955,0.2378068354661825,0.024704420937759982
catboost,STORE0001,SKU0024,14,665.0,1.0,0.41314497237696146,1.663737451957067,19.624386187905667,24.648759905521068,0.4648529417400083,0.1517675127463435
catboost,STORE0001,SKU0026,14,1585.0,1.0,0.3596790842546005,0.5748245350102851,40.72081061025299,47.8531283622342,0.38829304482501537,0.07546567940242772
catboost,STORE0001,SKU0027,14,2752.0,1.0,0.24550862469057025,0.28232758740011216,48.25998108203209,61.474627803046545,0.2593804786659488,-0.1239129057810514
catboost,STORE0001,SKU0029,14,595.0,1.0,0.2105117273208053,0.2527661626879466,8.946748411134225,10.808669722600289,0.22116463435057757,0.04880948885126033
catboost,STORE0001,SKU0030,14,738.0,1.0,0.18969793596771534,0.20737879178955695,9.999791196012422,11.34193882332483,0.1848474382434642,0.12163600282219711
catboost,STORE0001,SKU0031,14,947.0,1.0,0.2732576690729524,0.7073899830448046,18.48392947229185,24.064272880732553,0.30557842099892824,0.0501891507622475
catboost,STORE0001,SKU0033,14,1816.0,1.0,0.1325783497780329,0.11450154532997417,17.197305942636266,26.37527197007639,0.12139065048752622,-0.06034669978886387
catboost,STORE0001,SKU0035,14,3090.0,1.0,0.35625663341855124,0.6590596597035611,78.63092837595165,104.43722743134995,0.3921622631453118,-0.10892184223671728
catboost,STORE0001,SKU0036,14,751.0,1.0,0.2545440024351438,0.2894977507498843,13.6544675591995,14.79964728728545,0.25752807156883833,0.08813163826743407
catboost,STORE0001,SKU0037,14,1531.0,1.0,0.32084993276596907,0.502454849080953,35.08723193319276,43.28158460670972,0.34426134893789045,0.04319389502534466
catboost,STORE0001,SKU0038,14,1504.0,1.0,0.22731192863082994,0.3427380717280255,24.419795761483446,29.985746363765283,0.25581191231397266,0.022709461905828423
catboost,STORE0001,SKU0039,14,303.0,1.0,0.2128359849690207,0.2027874374946222,4.606378817543805,6.025259339230206,0.21027487613321805,-0.09551087781096455
catboost,STORE0001,SKU0040,14,430.0,1.0,0.2805098869722386,0.37051037377463253,8.61566081414733,10.30702726585673,0.28159972469973454,0.19162295266032608
catboost,STORE0001,SKU0041,14,1714.0,1.0,0.2738887820157239,0.4355680346855368,33.531812312496484,41.35131404652098,0.3150025606736758,0.03723077460086005
catboost,STORE0001,SKU0042,14,244.0,1.0,0.29235683526125916,0.3804194586398789,5.0953619859819455,6.061467682052836,0.2996213894024267,0.09597324664700205
catboost,STORE0001,SKU0043,14,718.0,1.0,0.3863754099992586,0.46902881073107616,19.815538884247694,29.58230639301929,0.31570102857052085,0.2866498738560934
catboost,STORE0001,SKU0045,14,1258.0,1.0,0.24618858075316383,0.32203567029004027,22.121802470534295,29.23879000865944,0.2532456918939001,0.09994647121117702
catboost,STORE0001,SKU0046,14,1677.0,1.0,0.23468308309409236,0.34760036916980047,28.111680739199493,32.52168301897526,0.25467394662649406,0.048825925205576624
catboost,STORE0001,SKU0047,14,1257.0,1.0,0.2380924479021444,0.23223098473004608,21.37730050092825,26.68931311998191,0.23631205743200476,-0.07479490460657738
catboost,STORE0001,SKU0048,14,1153.0,1.0,0.30220691011668543,1.1492226442297924,24.888897668895595,33.21685033561908,0.32519321155196396,0.14260974979719956
catboost,STORE0001,SKU0049,14,707.0,1.0,0.30850577179364547,0.7928772717395564,15.579541475579095,20.383211473809236,0.36159628585211745,0.03519818680248373
catboost,STORE0001,SKU0050,14,267.0,1.0,0.20575638056530812,0.21753555074284744,3.9240681150669476,4.637195102361547,0.20737478231214393,-0.01723364616581297
catboost,STORE0001,SKU0051,14,924.0,1.0,0.33995561126600005,0.9230138483928597,22.437070343556,26.68576955507458,0.37556655268216216,0.12800291463607932
catboost,STORE0001,SKU0053,14,476.0,1.0,0.24993690566209642,0.2395448280568818,8.497854792511278,10.957356545455974,0.24139262635581687,-0.04833967999508197
catboost,STORE0001,SKU0054,14,1489.0,1.0,0.24272917545963596,0.2604576869325849,25.815981589956998,31.72855626455231,0.23420654900708074,0.028008585892556958
catboost,STORE0001,SKU0055,14,207.0,0.9285714285714286,0.3238641020617412,0.28150624680895026,4.788562080484317,5.947157753030474,0.3853341376707574,0.04345248431586253
catboost,STORE0001,SKU0056,14,420.0,1.0,0.15411934069160282,0.1754710802265913,4.623580220748084,6.23832076951194,0.1634332000986521,-0.0005741829447354585
catboost,STORE0001,SKU0058,14,1284.0,1.0,0.40015403188203397,1.281588578395264,36.69984120975226,44.63013039187702,0.4880264013600685,0.09117256314977927
catboost,STORE0001,SKU0059,14,390.0,1.0,0.3351230542149866,0.5263304389794295,9.335570795988913,10.697132072555725,0.3715186254217338,0.060431658777829474
catboost,STORE0001,SKU0060,14,927.0,1.0,0.2507263053658459,0.2724567134386818,16.60166321958137,20.00609407997513,0.2616774433533937,-0.11045396034592168
catboost,STORE0001,SKU0061,14,1251.0,1.0,0.32293491277535,0.4683711660986278,28.85654113442592,34.951266243914816,0.3332574090274914,0.07200884070848923
catboost,STORE0001,SKU0062,14,308.0,1.0,0.18720298694186402,0.17743312285226456,4.118465712721009,4.903404898172465,0.19507535605357126,-0.13570285021482328
catboost,STORE0001,SKU0063,14,904.0,1.0,0.32827234320356513,0.6432196397715969,21.19701416114449,31.015043550281298,0.3497274331008137,0.07241337653568303
catboost,STORE0001,SKU0065,14,1009.0,1.0,0.3455139620132188,0.7779098709974014,24.901684833666987,37.383459681514395,0.36160245575621214,0.09667874580502044
catboost,STORE0001,SKU0066,14,429.0,1.0,0.36213215877305893,0.8166054594076797,11.096764008117306,13.265233071878761,0.40892295213273433,0.08655076730399258
catboost,STORE0001,SKU0067,14,615.0,1.0,0.24123373646944224,0.2631223945647469,10.59705342347907,12.72122242901848,0.2430129647542179,-0.007013606065866086
catboost,STORE0001,SKU0068,14,625.0,1.0,0.2531543129097006,0.5738317918696724,11.301531826325919,15.38897550788219,0.30262756407141556,0.14574012667897523
catboost,STORE0001,SKU0069,14,1641.0,1.0,0.22995618412926253,2.177990926195238,26.954149868294273,39.52913993986303,0.28678539631663647,-0.05998918451354452
catboost,STORE0001,SKU0070,14,1701.0,1.0,0.2594082716769331,0.8471997677132707,31.51810500874737,42.13578843102797,0.3027077500879802,-0.08307747302987947
catboost,STORE0001,SKU0072,14,490.0,1.0,0.31859738099745116,0.4423523992962814,11.150908334910792,13.91854674764738,0.3198351758672863,0.1825006507659718
catboost,STORE0001,SKU0073,14,163.0,1.0,0.27021457739478383,0.29659688149627567,3.146069722524983,3.6554806259667565,0.2773305175063265,-0.03749459888158458
catboost,STORE0001,SKU0074,14,1048.0,1.0,0.3193876630175697,0.45998759289548763,23.90844791731522,30.744781015203877,0.3172980140558686,0.12211689565610066
catboost,STORE0001,SKU0076,14,455.0,1.0,0.20533743365858703,0.20315198815950325,6.673466593904079,7.841195474063961,0.20632475467659436,-0.07279363438535608
catboost,STORE0001,SKU0077,14,871.0,1.0,0.29832595324231725,0.7277901132242299,18.560136091004164,28.30059887822004,0.32929109621784713,0.15678690523732325
catboost,STORE0001,SKU0078,14,466.0,1.0,0.33283225576085346,1.0095014946585004,11.07855937032555,13.21886350653234,0.4029202425031824,-0.013336270006819117
catboost,STORE0001,SKU0080,14,1224.0,1.0,0.20515333795502658,0.20123555506575408,17.936263261210893,22.396677548958372,0.19281435596565846,0.021976014969489536
catboost,STORE0001,SKU0081,14,1013.0,1.0,0.3384633457397979,1.161115963586791,24.490240659601092,30.54547344211012,0.3729233277083525,0.014397668033693117
catboost,STORE0001,SKU0082,14,892.0,1.0,0.2976770071266702,0.3869535472858506,18.966277882642128,22.140855323928786,0.3006990356664124,0.1287855846286162
catboost,STORE0001,SKU0084,14,388.0,1.0,0.29259964552093815,0.5493922967403719,8.109190175866,10.013034174654589,0.3280417577757437,-0.0005070514672076924
catboost,STORE0001,SKU0086,14,177.0,1.0,0.26777423702918607,0.29970741061266976,3.385431425297567,4.915625862399108,0.2614694757486427,-0.060604769535585995
catboost,STORE0001,SKU0087,14,438.0,1.0,0.28049926916489343,0.6550609892737265,8.775619992444522,11.432630049556364,0.3198681457648108,0.08503539045020317
catboost,STORE0001,SKU0090,14,320.0,1.0,0.3269511504193734,0.7675607386039714,7.4731691524428205,9.597978707728815,0.3980194945590113,-0.0654926660341661
catboost,STORE0001,SKU0092,14,1319.0,0.9285714285714286,0.43748114657541165,0.6922836803650687,41.21697373806914,50.49248815209936,0.5069617711469159,0.07450674499908173
catboost,STORE0001,SKU0093,14,1088.0,1.0,0.2282033672682222,0.3039525809576114,17.7346616848447,22.229880865015897,0.24290637746552626,0.043198815373398466
catboost,STORE0001,SKU0094,14,1084.0,1.0,0.22434100084515976,0.19940955858084605,17.370403208296658,24.34625026020978,0.2233430600818521,-0.1892113588108278
catboost,STORE0001,SKU0095,14,501.0,1.0,0.20663959671973112,0.2201849039415593,7.3947455683275205,8.808600065871035,0.20977580904851817,-0.057730484667832926
catboost,STORE0001,SKU0096,14,1542.0,1.0,0.25577599261406375,0.26413609529054016,28.171898615063306,31.082216687323285,0.26394543244963703,-0.08334320908816673
catboost,STORE0001,SKU0097,14,1117.0,1.0,0.2124455571837348,0.21441942323709948,16.950120526730842,20.438014524158255,0.2118578322807745,-0.05527065689980396
catboost,STORE0001,SKU0098,14,731.0,1.0,0.20148502879364016,0.20394370132797376,10.520396860582212,13.272318201123642,0.20551036207427203,-0.10332817379707293
catboost,STORE0001,SKU0099,14,1706.0,0.9285714285714286,0.30568021950611873,0.22414610975776547,37.249318176959896,51.29099150153434,0.36781916457133645,-0.08594166566967251
catboost,STORE0001,SKU0100,14,1251.0,1.0,0.19558685010117652,0.2325010781281991,17.477082105469414,22.473316264186824,0.19761653512417712,0.03522992384485094
catboost,STORE0001,SKU0101,14,287.0,1.0,0.34484881543121887,0.5584092937824222,7.069400716339986,8.429331059026685,0.380236751506639,0.024313995842966018
catboost,STORE0002,SKU0001,14,1087.0,1.0,0.24219327599106602,0.3325665439478032,18.80457792873491,25.81794332603684,0.27015373526442593,-0.020832826740588107
catboost,STORE0002,SKU0002,14,862.0,1.0,0.2192537399727975,0.2197124205337339,13.499765989753675,15.47842323509406,0.22775918816685237,-0.09119659317881683
catboost,STORE0002,SKU0003,14,250.0,1.0,0.2280331476405182,0.2602907716564541,4.072020493580682,5.039472156209514,0.2413133338221238,-0.060787891514817
catboost,STORE0002,SKU0004,14,1160.0,1.0,0.2308926355639034,0.23028180838545872,19.131104089580568,24.165525708239596,0.2340001763118727,-0.10016811399094794
catboost,STORE0002,SKU0005,14,982.0,1.0,0.24090718499742522,0.443911101632732,16.897918261962253,20.54325974692177,0.274859922105567,0.12528904892135787
catboost,STORE0002,SKU0006,14,1359.0,1.0,0.3101408240254441,0.3781187206918682,30.10581284646989,37.363489733809814,0.3096116982240386,0.0485273681086551
catboost,STORE0002,SKU0007,14,321.0,1.0,0.2286230179467115,0.23589659833210513,5.241999197206742,6.279216860929827,0.23951871929645713,-0.10039030434568406
catboost,STORE0002,SKU0008,14,263.0,1.0,0.24376314598413285,0.26400215943031824,4.579264813844781,5.204835185479242,0.2484689543403202,-0.009021691313787434
catboost,STORE0002,SKU0009,14,721.0,1.0,0.27893992923512195,0.3119608811144149,14.365406355608782,16.653924283613012,0.3077733133225155,-0.1952536474432116
catboost,STORE0002,SKU0010,14,377.0,1.0,0.2149065896364132,0.3542463004362724,5.787127449494841,9.780058111556642,0.22172165218179615,0.10146906912105161
catboost,STORE0002,SKU0011,14,251.0,1.0,0.2658306717611361,0.4220487352036265,4.765964186574655,5.603661990922828,0.30803416982107984,0.03890092173167901
catboost,STORE0002,SKU0012,14,745.0,1.0,0.25410370090538614,0.3222449917876466,13.521946941036619,20.33509401317321,0.26466269424880806,-0.0003786032057503891
catboost,STORE0002,SKU0014,14,713.0,1.0,0.20551329229373247,0.20250314517558227,10.466498386102232,13.31227532776701,0.20366464051027386,-0.06925931267403551
catboost,STORE0002,SKU0015,14,102.0,1.0,0.42582065670161,1.1692629762962004,3.1024076416831585,3.9257163485542703,0.4500619648045577,0.29795097887935934
catboost,STORE0002,SKU0016,14,271.0,1.0,0.4499376838023616,2.022502092164611,8.709508022174285,10.877590809309487,0.46004847491104844,0.19487121918112796
catboost,STORE0002,SKU0017,14,1063.0,1.0,0.368030930859597,1.2524590575600327,27.944062821696544,35.77482732026121,0.42769357294865656,-0.009938893386361329
catboost,STORE0002,SKU0018,14,818.0,1.0,0.26619059670718204,1.8704759028147062,15.553136293319637,22.981084560610896,0.2973802106258177,0.1241844084030028
catboost,STORE0002,SKU0019,14,198.0,1.0,0.29737010372464573,0.4458693433813405,4.205662895534275,5.038015874408615,0.3287200969018827,0.15110810170042704
catboost,STORE0002,SKU0020,14,645.0,1.0,0.2186017331778844,0.20423318932420917,10.071294135695387,12.553385091396391,0.2210083350186903,-0.1387963017110001
catboost,STORE0002,SKU0022,14,1028.0,1.0,0.28002869705511074,0.39718021323654434,20.56210718376099,23.556822433297746,0.3102321873744055,-0.01957538079557167
catboost,STORE0002,SKU0023,14,801.0,1.0,0.4330750209167527,0.6456088517027051,24.77807798245135,32.780930342884,0.41516732478927715,0.11988222310646945
catboost,STORE0002,SKU0024,14,589.0,1.0,0.28026677983111165,0.4409761767107442,11.79122380860891,14.942307539986144,0.30306700876583353,0.15035433206569757
catboost,STORE0002,SKU0025,14,396.0,1.0,0.23284619909332097,0.2381029763407508,6.586221060068222,7.63549426596334,0.23804632170196832,-0.09667987139031269
catboost,STORE0002,SKU0026,14,1008.0,1.0,0.39972640887568256,3.978766791660051,28.780301439049143,37.632729991962215,0.41682566792572967,0.27282761192537136
catboost,STORE0002,SKU0027,14,1812.0,1.0,0.15002252525296345,0.17301893901901835,19.417201125597842,23.61129428777124,0.17391638821950006,-0.053441464122743934
catboost,STORE0002,SKU0028,14,1333.0,1.0,0.27154400406878354,0.2777735407240082,25.85486838740632,30.08248367262838,0.26832207949422304,-0.03075441885553206
catboost,STORE0002,SKU0030,14,632.0,1.0,0.21074455263205022,0.22284368355768236,9.513611233103981,11.854440905897578,0.2170845310482383,-0.04227045090207748
catboost,STORE0002,SKU0031,14,646.0,1.0,0.41179985323906976,1.3650470244653616,19.001621799459933,23.603755827757194,0.4703229445097711,0.2588602104121839
catboost,STORE0002,SKU0032,14,777.0,1.0,0.2808624526541923,0.6531522178578235,15.587866122307673,20.750139491484155,0.3269158608429072,0.1551148305603039
catboost,STORE0002,SKU0033,14,1228.0,1.0,0.2285153689204085,0.23785679055655634,20.044062359590118,22.986638041200095,0.23520600855085116,-0.06095418753514781
catboost,STORE0002,SKU0034,14,1962.0,1.0,0.25557426955076507,0.2603369981398102,35.81690834704293,42.52932633568328,0.2615422679485225,-0.07618979129009243
catboost,STORE0002,SKU0036,14,497.0,1.0,0.2409217414824443,0.2866850420981274,8.552721822626774,12.712832361077178,0.21972078914101206,0.1791216871485837
catboost,STORE0002,SKU0037,14,1200.0,1.0,0.2103185847314794,0.2156120848733207,18.027307262698237,22.521550762697103,0.20596078902144757,-0.013568707817993998
catboost,STORE0002,SKU0038,14,1030.0,1.0,0.39304333148997395,0.6714647187735044,28.91675938819094,33.36742139115265,0.4127583968426033,0.11363785803579515
catboost,STORE0002,SKU0039,14,173.0,1.0,0.3257893502739809,1.238600813444306,4.025825542671336,5.207962305343184,0.3897801108741857,0.1261075534375115
catboost,STORE0002,SKU0040,14,312.0,1.0,0.2687409004074327,0.39817454703039806,5.989082923365643,7.043743783063002,0.2982678008279566,0.20095703393682
catboost,STORE0002,SKU0041,14,1295.0,1.0,0.23307262410825608,0.2889520666965845,21.55921773001369,26.781925778193305,0.25066097158050105,0.010625913936985377
catboost,STORE0002,SKU0042,14,178.0,1.0,0.283574653648721,0.5919682725667964,3.6054491678194522,4.806486465065756,0.33365840999479585,-0.024319677527103158
catboost,STORE0002,SKU0043,14,546.0,1.0,0.4132662891106864,0.5347572843713314,16.11738527531677,19.36583799226016,0.3857501824763007,0.3824074532147527
catboost,STORE0002,SKU0044,14,974.0,1.0,0.2664081406438496,0.49543329596919883,18.53439492765068,22.563680115943953,0.2956154323696466,0.053428050730464666
catboost,STORE0002,SKU0046,14,1470.0,1.0,0.20691334096642863,0.19928337701271934,21.725900801475007,30.77609822053805,0.20705565441324286,-0.13997225615514508
catboost,STORE0002,SKU0048,14,890.0,1.0,0.18818326544923464,0.19627287531660695,11.963079017844203,15.4562743653088,0.19194514038181193,-0.08450538697602372
catboost,STORE0002,SKU0051,14,762.0,1.0,0.25754857984390195,0.2967163255044678,14.01800127436095,16.952417056823773,0.26893340985166353,-0.04267101826361521
catboost,STORE0002,SKU0052,14,690.0,1.0,0.24838086601633724,0.23397096165165207,12.241628396519477,14.51506156440015,0.2615380976029408,-0.18841869795685723
catboost,STORE0002,SKU0054,14,1097.0,1.0,0.16286885871930784,0.19770653889727466,12.761938429648621,16.870440866407364,0.17161305768735785,0.05291507137267215
catboost,STORE0002,SKU0055,14,165.0,1.0,0.2570877913851952,0.7897743329014798,3.029963255611229,3.9949093038297874,0.31763452348555504,-0.13804058804641012
catboost,STORE0002,SKU0056,14,305.0,1.0,0.25057862276269244,0.23727482067281133,5.459034281615799,8.750028967421919,0.21892739197457756,-0.02763029011423885
catboost,STORE0002,SKU0058,14,1066.0,1.0,0.17759292440377766,0.23598317615764794,13.522432672459072,19.92951178694405,0.19203444479673284,-0.0037298229781807506
catboost,STORE0002,SKU0059,14,273.0,1.0,0.24511264935985325,0.750891223580977,4.779696662517138,6.29547371350398,0.29333516324365444,-0.01247871052694894
catboost,STORE0002,SKU0060,14,598.0,1.0,0.20362452826001398,0.279967913978103,8.697676278534884,10.724945952718436,0.2186832394535723,0.10116915052419975
catboost,STORE0002,SKU0062,14,188.0,1.0,0.40076645985219905,1.3759149272977764,5.381721032300959,6.732952715007278,0.4480611653923026,0.013056984507601418
catboost,STORE0002,SKU0063,14,529.0,1.0,0.5158821577267002,0.903146069438087,19.492975816958886,24.896826860662934,0.45310286738205124,0.26006149209795004
catboost,STORE0002,SKU0064,14,1120.0,1.0,0.29808468703579905,0.30789563015329785,23.846774962863922,29.601978854044194,0.3045469277058333,-0.11331683119269721
catboost,STORE0002,SKU0065,14,692.0,1.0,0.2916453569591347,0.37133305811222544,14.4156133582658,20.174636287485658,0.2757446791046289,0.14294953269041674
catboost,STORE0002,SKU0066,14,253.0,1.0,0.457298151819421,2.6410602251767523,8.264030886450966,10.638860203727148,0.5043246958244684,0.3569681010632119
catboost,STORE0002,SKU0069,14,1055.0,1.0,0.15267146283265173,0.16108440672004978,11.504885234889112,18.54040819555566,0.14833203188349636,0.03477357111629927
catboost,STORE0002,SKU0070,14,1187.0,1.0,0.2774973573656852,0.2904610028926303,23.52781165664774,30.249366759522573,0.27189542441750436,-0.007375730248688195
catboost,STORE0002,SKU0071,14,316.0,1.0,0.29224284707350395,1.0842688933433027,6.596338548230518,9.229501344557187,0.35316368384201846,0.14638556037364273
catboost,STORE0002,SKU0073,14,114.0,1.0,0.23035546991976388,0.23199751472956845,1.8757516836323629,2.4646890047547907,0.21924220799710117,0.010542286049371422
catboost,STORE0002,SKU0074,14,857.0,1.0,0.22474107385335426,0.2712319604330436,13.757364306594614,15.849840343655067,0.2374517089049301,0.05175336350681525
catboost,STORE0002,SKU0075,14,387.0,1.0,0.23371784044343602,0.23540159113328016,6.460628875114982,7.7048006893295256,0.2320623354517176,-0.03070963623829313
catboost,STORE0002,SKU0078,14,287.0,1.0,0.29079116662639826,0.44223669029783513,5.961218915841164,7.648029339209937,0.3017920879052588,0.22794006963340033
catboost,STORE0002,SKU0079,14,829.0,1.0,0.31648425491475235,0.6489504807439389,18.740389094594978,22.380392102973968,0.3522565461559049,0.029320859973948513
catboost,STORE0002,SKU0081,14,766.0,1.0,0.28365522614847943,1.3279460247401769,15.51999308783823,19.391248455513928,0.34884949248040314,-0.01602845407658833
catboost,STORE0002,SKU0082,14,632.0,1.0,0.29339241423941176,0.4460682404229222,13.244571842807732,15.345275574372469,0.3302410729080138,0.0025947603678328148
catboost,STORE0002,SKU0083,14,884.0,1.0,0.2757493863413403,0.34733884014709665,17.41160410898177,20.980738194234696,0.2708356515583349,0.19829380791840556
catboost,STORE0002,SKU0084,14,259.0,1.0,0.36941283118873725,0.7275784973187386,6.834137376991639,8.483177106972603,0.4138178825572259,0.16831505445271114
catboost,STORE0002,SKU0086,14,104.0,1.0,0.4718075253618921,0.7618235734962274,3.504855902688341,4.225925667972889,0.47432891382764747,0.055186201907153315
catboost,STORE0002,SKU0087,14,272.0,1.0,0.35397380957152563,0.6206893927838381,6.877205443103926,8.409558581338281,0.37534773479150235,0.16537671412631513
catboost,STORE0002,SKU0088,14,317.0,1.0,0.2700361667063735,0.2513930393802357,6.114390346137171,7.611511941873886,0.2751702478005834,-0.16445155909964984
catboost,STORE0002,SKU0089,14,503.0,1.0,0.30895428232730865,1.2705904432749286,11.100286000759732,13.534015984103041,0.3646907127328375,-0.08473699935195259
catboost,STORE0002,SKU0090,14,207.0,1.0,0.31095179272094237,1.2956390163498448,4.597644363802504,5.8856146119042725,0.3493090075785571,0.10644977431857901
catboost,STORE0002,SKU0092,14,941.0,1.0,0.251037649149075,0.8774626303871251,16.873316274948543,23.519105860706496,0.298137123269136,0.1177223403554022
catboost,STORE0002,SKU0093,14,797.0,1.0,0.22607605754157414,0.3924838139841301,12.870186990045328,17.399928628265027,0.2503603455819187,0.1020375723653537
catboost,STORE0002,SKU0096,14,950.0,1.0,0.2397877657365285,0.37765239214471086,16.27131267497872,23.06958043961435,0.2481150607675482,0.09826800832286568
catboost,STORE0002,SKU0097,14,727.0,1.0,0.19361710151146136,0.22127939383260053,10.054259485630885,12.749479089417699,0.18722922341023268,0.14046545250484843
catboost,STORE0002,SKU0098,14,446.0,1.0,0.30424083545033404,0.4329161192734266,9.692243757917783,11.767340400561418,0.32027478610252524,0.14842303745116847
catboost,STORE0002,SKU0099,14,1098.0,1.0,0.3640533779280764,0.8699321202959832,28.55218635464485,41.85181813225398,0.3596242153296971,0.029392144927992265
catboost,STORE0002,SKU0101,14,200.0,1.0,0.27664478768668443,0.4142223257487525,3.9520683955240634,4.7428530146268075,0.31085079733250154,0.10418751414234351
catboost,STORE0002,SKU0102,14,1430.0,1.0,0.19717201811973217,0.26531212437310675,20.139713279372643,28.84169369143616,0.22098995056512555,-0.016551616308176333
catboost,STORE0003,SKU0001,14,1181.0,1.0,0.16448533075668176,0.17562137265043296,13.875512544545797,16.008756656585675,0.1647703688584817,0.03461936425558325
catboost,STORE0003,SKU0003,14,272.0,1.0,0.24145111447066198,0.3837917993387191,4.691050224001432,5.832622876949364,0.2801905886004011,-0.05558861818173627
catboost,STORE0003,SKU0004,14,911.0,1.0,0.2749015710142113,0.32604963385019603,17.88823794242475,21.802932640400417,0.2661384075994503,0.14135590302335277
catboost,STORE0003,SKU0005,14,1159.0,1.0,0.18665035150100698,0.1924956733943704,15.451982670690507,17.954664208697398,0.19901849253441015,-0.07105386807055554
catboost,STORE0003,SKU0006,14,1310.0,1.0,0.19145552295604756,0.21085342460788992,17.914766790887306,22.268006364458724,0.20077030436041382,0.006304125060173737
catboost,STORE0003,SKU0007,14,352.0,1.0,0.17623892330155624,0.15812346173159658,4.431150071581986,6.3783214426735,0.1754957059609402,-0.11539070476135152
catboost,STORE0003,SKU0008,14,243.0,1.0,0.39141134799806904,0.606288632304976,6.793782683109341,7.768805138134037,0.410038751207876,0.11285256040113134
catboost,STORE0003,SKU0009,14,642.0,1.0,0.3054723490320247,0.349160619258362,14.00808914846856,19.479047600875244,0.2973731210620955,0.011343569147335962
catboost,STORE0003,SKU0010,14,419.0,1.0,0.19073451832632793,0.19395872713192452,5.708411655623672,6.5937600481129905,0.19679532829778648,-0.08423741814150058
catboost,STORE0003,SKU0011,14,266.0,1.0,0.27810852914446405,0.3184073515488901,5.284062053744817,7.84264398886562,0.2615380000808161,-0.0361917609244389
catboost,STORE0003,SKU0012,14,762.0,1.0,0.17257911778531856,0.16105551235750587,9.393234839458055,12.550879250024073,0.1794782614305373,-0.15005790654033893
catboost,STORE0003,SKU0013,14,1042.0,1.0,0.2516196339478136,0.2764915439230196,18.72768989811584,26.011287665917546,0.22407830114495614,0.22686810124318496
catboost,STORE0003,SKU0014,14,723.0,1.0,0.2241459264743219,0.21346885591231493,11.575536060066767,16.47219043226531,0.22097581511017936,-0.09259023599333072
catboost,STORE0003,SKU0015,14,118.0,1.0,0.19264302095820177,0.2207769047813746,1.6237054623619862,2.0588825756058724,0.18827950543658947,0.11112820648076363
catboost,STORE0003,SKU0016,14,283.0,1.0,0.263951318946764,0.26245483527873,5.335587375852443,6.601572806289915,0.24088464614926655,0.05551559482462818
catboost,STORE0003,SKU0019,14,186.0,1.0,0.3254708883234603,0.4729480661922217,4.324113230583115,6.211123063248808,0.31360589339424927,0.2828292880825882
catboost,STORE0003,SKU0020,14,512.0,1.0,0.3005851171576558,0.4589457680079974,10.992827141765698,14.634591040971756,0.3072924052913419,0.21326054010044757
catboost,STORE0003,SKU0021,14,560.0,1.0,0.36323027876347397,1.2806850550447764,14.529211150538957,18.240181437178094,0.40267154689616474,0.10826578537131852
catboost,STORE0003,SKU0022,14,1056.0,1.0,0.24293108228519417,0.34443558429791227,18.32394449236893,22.999240364226683,0.2667972578321394,0.028565814280413635
catboost,STORE0003,SKU0023,14,943.0,1.0,0.23615044638181348,0.2904924268592461,15.906419352717865,20.24781353854186,0.25692231948049954,-0.05814359980119229
catboost,STORE0003,SKU0024,14,659.0,1.0,0.217297273640376,0.23609245510118188,10.228493094929126,12.537600902734688,0.2181155700929159,-0.0006590811874072733
catboost,STORE0003,SKU0025,14,350.0,1.0,0.1488544240049271,0.16589289708114188,3.721360600123177,4.3834758223157175,0.14908217278721117,0.08976534928428344
catboost,STORE0003,SKU0026,14,1101.0,1.0,0.3043959191478977,0.4422300679083585,23.938564784416815,27.17247120526703,0.3243934630554975,0.12160478791406501
catboost,STORE0003,SKU0028,14,1445.0,1.0,0.1527340961474555,0.146303120595535,15.764340638076659,19.189916369472094,0.1561421093959193,-0.09329753348352719
catboost,STORE0003,SKU0030,14,558.0,1.0,0.3066299581541413,0.3889574827468882,12.221394046429348,14.57394590214749,0.31354380104002677,0.05778036409663455
catboost,STORE0003,SKU0031,14,713.0,1.0,0.43932053452778935,0.5934221963130736,22.3739672227367,28.561319432706867,0.41943717578125955,0.1300756668225599
catboost,STORE0003,SKU0033,14,1350.0,1.0,0.19697715635583463,0.17704053690854651,18.99422579145548,26.798330974147643,0.1871802364593118,-0.09817137761123933
catboost,STORE0003,SKU0035,14,2221.0,1.0,0.260329723135833,0.4265260660634221,41.29945107747751,50.09369424262785,0.29562048287382237,-0.0037743795127227276
catboost,STORE0003,SKU0037,14,1223.0,1.0,0.21510759172520968,0.2600051769277253,18.791184619995104,21.925249741370408,0.22483664462061376,0.022650163042814708
catboost,STORE0003,SKU0039,14,191.0,1.0,0.21806831024425197,0.35254339173261284,2.9750748040465806,3.985014401158129,0.24083217392407058,0.028270228546123814
catboost,STORE0003,SKU0040,14,308.0,1.0,0.31067936525313516,0.4051789424453177,6.834946035568974,7.8643197349567275,0.31839279086131506,0.1480731912270895
catboost,STORE0003,SKU0041,14,1210.0,1.0,0.3036571875375226,0.3960771173851798,26.244656922885877,39.03197753166597,0.3104309385289508,0.04893815958961743
catboost,STORE0003,SKU0042,14,176.0,1.0,0.2960067135291448,1.4504219157078662,3.7212272557949637,5.457355515065782,0.3631823508456473,0.10000911727088506
catboost,STORE0003,SKU0043,14,614.0,1.0,0.2798166158577509,0.34216435782588556,12.271957295475646,14.14352395573729,0.28769730736316107,0.07054274883664863
catboost,STORE0003,SKU0044,14,1028.0,1.0,0.3400115852001093,0.4490559248910686,24.966564970408026,29.770736458753095,0.35874059093271043,-0.04361154084907337
catboost,STORE0003,SKU0045,14,859.0,1.0,0.30823355624144183,4.510488023584648,18.912330343671325,27.156217323361528,0.340375006146825,0.22720798941839415
catboost,STORE0003,SKU0046,14,1266.0,1.0,0.1911370212233715,0.21787455148206905,17.284247776342024,26.778217847987335,0.1837766256785043,0.04481207803958829
catboost,STORE0003,SKU0047,14,927.0,1.0,0.30641004272353517,0.4102877244638795,20.28872211462265,23.272711296535192,0.33105743552794875,-0.03027458305515923
catboost,STORE0003,SKU0048,14,898.0,1.0,0.3346973504520457,0.5439486316826487,21.468444336138358,30.468314316050442,0.35419295319607175,-0.031464285264925805
catboost,STORE0003,SKU0049,14,525.0,1.0,0.1680641652793192,0.1923570534606775,6.30240619797447,7.672246407461883,0.17982424048939297,-0.05730009146079651
catboost,STORE0003,SKU0050,14,170.0,1.0,0.4010812584811945,0.7577778382318918,4.870272424414504,5.727587348566151,0.44068870642343133,0.11939434102959848
catboost,STORE0003,SKU0051,14,746.0,1.0,0.2431160279509095,0.3090751132583614,12.954611203669893,15.847714990541519,0.25817657222641455,0.02330947949416518
catboost,STORE0003,SKU0052,14,632.0,1.0,0.20267723637039053,0.21581195306720255,9.14942952757763,11.485209785529914,0.20622854348577296,-0.026508679501988753
catboost,STORE0003,SKU0053,14,403.0,1.0,0.23831157285894972,0.25079635021771257,6.85996884729691,8.099450955506633,0.25766015613831406,-0.12642395238797263
catboost,STORE0003,SKU0054,14,1121.0,1.0,0.2428084160778244,0.4118124888826392,19.442016744517225,27.795403035104695,0.2732521623647202,0.011415274097221923
catboost,STORE0003,SKU0055,14,145.0,1.0,0.3176382851056515,0.6876657095731105,3.289825095737105,4.253907084655788,0.366337978774565,0.10914746232974212
catboost,STORE0003,SKU0056,14,301.0,1.0,0.23991597038306198,0.24739623525925583,5.158193363235832,5.810297357513831,0.24057342589401623,-0.008084919027551535
catboost,STORE0003,SKU0058,14,1001.0,1.0,0.2749420414087535,0.3630039324009074,19.658355960725878,23.889793178475113,0.2885302251460059,0.04549708834178132
catboost,STORE0003,SKU0060,14,634.0,1.0,0.4468256783057861,0.7726832082378007,20.234820003276315,23.575629917921926,0.48170793632680936,0.05117286867152208
catboost,STORE0003,SKU0061,14,1121.0,1.0,0.21303859226986457,0.19985709925338996,17.058304423894157,24.93904129175141,0.20481381736998783,-0.07208053095175183
catboost,STORE0003,SKU0062,14,199.0,1.0,0.16513164282755352,0.16408827573090953,2.347228351620225,3.0407637229161306,0.15938729239405844,-0.004268595480521203
catboost,STORE0003,SKU0063,14,680.0,1.0,0.2397505672491876,0.33817402988544526,11.645027552103398,13.380020569109814,0.2807952369681515,0.05523216183338334
catboost,STORE0003,SKU0064,14,987.0,1.0,0.21049195699945783,0.28222629785074954,14.839682968461776,18.620572005229526,0.22121581629422857,0.08801801788620113
catboost,STORE0003,SKU0065,14,770.0,1.0,0.2725128141411846,0.36395432136099687,14.988204777765153,20.28592867940182,0.29244039791417464,-0.05809492024132076
catboost,STORE0003,SKU0066,14,303.0,1.0,0.2942582734941362,0.5584830247612756,6.368589776337376,8.439845431609264,0.33752235985656676,0.16159737316083142
catboost,STORE0003,SKU0067,14,432.0,1.0,0.27673477526867857,0.3157163736917963,8.539244494004938,9.467880836978035,0.2783148557118125,0.06923918380345742
catboost,STORE0003,SKU0068,14,530.0,1.0,0.20703516533396055,0.22686380948203114,7.837759830499935,9.746329525555655,0.2284452028653007,-0.10379618756615108
catboost,STORE0003,SKU0069,14,1055.0,1.0,0.2533181259942053,0.3192825854755022,19.08933020884904,24.443552118129336,0.26331338512793095,0.05830354418751486
catboost,STORE0003,SKU0070,14,996.0,0.9285714285714286,0.35062451515314547,0.4141760231690204,24.944429792323778,31.57870111106678,0.422652394278629,0.10707451148009707
catboost,STORE0003,SKU0071,14,347.0,1.0,0.24972143047422812,0.2850849866560194,6.189524026754083,6.885150176880812,0.24970862119146583,0.06974729465047196
catboost,STORE0003,SKU0073,14,120.0,1.0,0.16919127950723223,0.16610901886928814,1.4502109672048478,2.0604946414341923,0.16859071455747884,-0.05517683550082383
catboost,STORE0003,SKU0075,14,386.0,1.0,0.32818655290822285,0.45141307360686195,9.04857210161243,10.59538361291933,0.3359622247783431,0.1247295588033541
catboost,STORE0003,SKU0076,14,356.0,1.0,0.26482715361972703,0.2656050737963127,6.734176192044487,8.095602617945598,0.2833982580593799,-0.16870595426133017
catboost,STORE0003,SKU0077,14,729.0,1.0,0.2040949283352668,0.227969223619415,10.627514482600677,12.20220136601893,0.20846484258177483,0.01608893364986057
catboost,STORE0003,SKU0082,14,612.0,1.0,0.2296423188137127,0.3054259387888679,10.038649936713727,12.285127399085608,0.2530326644561209,-0.048331009702902265
catboost,STORE0003,SKU0084,14,303.0,1.0,0.3121039512512935,0.40180077106291634,6.754821230652994,7.854017295642389,0.3334256608579973,-0.0016511859006071218
catboost,STORE0003,SKU0086,14,117.0,1.0,0.37739107520101806,0.7589127738118011,3.153911128465651,3.921407487051125,0.40798726118705064,-0.006592005441712975
catboost,STORE0003,SKU0087,14,310.0,1.0,0.16582888707892396,0.3211727965928432,3.6719253567476016,5.413480292355891,0.19818358086348287,-0.029309633039897157
catboost,STORE0003,SKU0088,14,242.0,0.9285714285714286,0.34682270927681574,0.8756733370970535,5.995078260356387,7.9856991502330885,0.4661699578874693,0.06673813928342634
catboost,STORE0003,SKU0089,14,533.0,1.0,0.22976424771997023,0.2573316619750559,8.747453145338866,11.031645703618386,0.23698064710670103,-0.05793332442994779
catboost,STORE0003,SKU0091,14,230.0,1.0,0.24962415391267248,0.971377513208009,4.100968242851048,5.232206874173611,0.33614510782374457,-0.1083273940886558
catboost,STORE0003,SKU0092,14,949.0,1.0,0.26572754799021375,1.284630477676759,18.012531645908062,23.696947154059266,0.31787242068581784,0.03194381720779071
catboost,STORE0003,SKU0093,14,800.0,1.0,0.34352910970881156,0.48422463286401507,19.630234840503515,24.12652951948583,0.35075224624663603,0.09681323698493412
catboost,STORE0003,SKU0094,14,641.0,1.0,0.26326974976586376,0.45009607259752765,12.053993542851334,15.977467400953556,0.2929997837714131,0.05865195465738393
catboost,STORE0003,SKU0095,14,342.0,1.0,0.2994847208693242,0.3130796864338687,7.315983895522064,8.5672158147762,0.29424142622743155,-0.0006000659930352692
catboost,STORE0003,SKU0096,14,947.0,1.0,0.33970211795715743,1.7664877440612374,22.978421836102005,28.34177800076042,0.37820886054614,0.04873455177639757
catboost,STORE0003,SKU0097,14,800.0,1.0,0.19604647128058553,0.20276739309793,11.202655501747744,14.785779299533223,0.19185906686640866,-0.004324287463792933
catboost,STORE0003,SKU0099,14,1227.0,1.0,0.14240936593131923,0.13502371522336304,12.481163714123479,16.08956986546296,0.13469681682368842,-0.018291158233488224
catboost,STORE0003,SKU0100,14,1105.0,1.0,0.17394285273149726,0.1703089060200039,13.729060876307463,16.08215686192767,0.1790100674982469,-0.1102209318817857
catboost,STORE0003,SKU0101,14,211.0,1.0,0.15560922260935325,0.15593284239195906,2.345253283612396,2.875958631411744,0.16839595210950686,-0.08167222225378531
catboost,STORE0004,SKU0001,14,1663.0,1.0,0.3143505314627787,0.750646774881685,37.340352415900064,46.024442271496696,0.369735129913892,-0.06863031254020012
catboost,STORE0004,SKU0002,14,1095.0,1.0,0.20828304173399453,0.20607755116986487,16.290709335623145,19.470018685996468,0.20994464052859835,-0.062096005061401637
catboost,STORE0004,SKU0003,14,392.0,1.0,0.30875570985996,0.30480764177724484,8.64515987607888,10.125761263963827,0.3323708113727993,-0.23018187655573819
catboost,STORE0004,SKU0005,14,1558.0,1.0,0.22795823186476105,0.26194384375169183,25.36849466037841,29.905029525648853,0.23910710254496273,-0.03295312045805612
catboost,STORE0004,SKU0007,14,466.0,1.0,0.21037559440045056,0.2182025306267053,7.0025019279007115,8.257927101422698,0.22006306981253906,-0.09000788890646809
catboost,STORE0004,SKU0008,14,363.0,1.0,0.2644692886832184,0.512640653406205,6.857310842286306,10.2251205836712,0.27829372399329405,0.08489718231425365
catboost,STORE0004,SKU0009,14,911.0,1.0,0.17611100968128898,0.19623116408837885,11.459794987118162,13.848628030315478,0.17956076227627252,0.02994567948383622
catboost,STORE0004,SKU0012,14,1052.0,1.0,0.20540084282528004,0.2113744632715189,15.434406189442472,21.311386043587746,0.20327936556792575,-0.06281715128943002
catboost,STORE0004,SKU0013,14,1577.0,0.9285714285714286,0.2937915076477302,0.2846268790506847,33.093514825747896,42.1514308914246,0.3632756983826617,0.2103667801328464
catboost,STORE0004,SKU0014,14,812.0,1.0,0.346153128055537,1.9256287135776586,20.076881427221146,26.001206806594087,0.37652071604386633,0.11772715356717832
catboost,STORE0004,SKU0015,14,176.0,1.0,0.2619126410034576,0.4914509187550521,3.2926160583291817,4.414084920131102,0.28701548716522346,0.05377449086697516
catboost,STORE0004,SKU0017,14,1849.0,1.0,0.25835632471659187,0.2540532193284801,34.12148888578417,41.93173545357903,0.253048516888248,-0.07493766004474804
catboost,STORE0004,SKU0018,14,1410.0,1.0,0.27870445583633113,0.2777388286101187,28.069520194944776,37.18348345097623,0.27750083468485676,-0.10284640364666812
catboost,STORE0004,SKU0019,14,297.0,1.0,0.2650013968287318,0.3528122474603062,5.621815347009525,7.812182228709366,0.26382513097044946,0.11496943419666293
catboost,STORE0004,SKU0020,14,826.0,1.0,0.23582451219631806,2.0468736353022896,13.913646219582764,18.954648029903392,0.29734400574649017,0.0025678937601687902
catboost,STORE0004,SKU0021,14,958.0,1.0,0.2732794117970503,0.929324465427474,18.70011975011244,24.025213680279002,0.3146208602198423,0.026785701553624017
catboost,STORE0004,SKU0023,14,1222.0,1.0,0.2146459215792887,0.30382780878524,18.73552258356363,22.748828077450774,0.2523150411925658,0.02217436457174614
catboost,STORE0004,SKU0024,14,1022.0,1.0,0.2029848202850287,0.199888727930087,14.817891880807096,17.11873485468437,0.2070329888375361,-0.09400064368752242
catboost,STORE0004,SKU0025,14,450.0,1.0,0.22604743189468002,0.2977952042088015,7.265810310900429,8.93899949755411,0.23621875512367144,0.09852546498608254
catboost,STORE0004,SKU0026,14,1729.0,1.0,0.27554949481104557,0.34313267459417895,34.03036260916413,39.48986824898505,0.3006722224464983,-0.06829907463901612
catboost,STORE0004,SKU0027,14,2403.0,1.0,0.25885864557180216,0.29215940893175646,44.43123752207433,58.694444353544526,0.2541009458162591,0.028162209336866455
catboost,STORE0004,SKU0028,14,1815.0,1.0,0.35078938032213025,0.7102435861788559,45.477337520333315,54.31096889576641,0.394212322346409,0.03614360682185679
catboost,STORE0004,SKU0029,14,525.0,1.0,0.3679209133320161,1.677757775089034,13.797034249950602,16.89639602246802,0.394001507653517,0.17518893579154365
catboost,STORE0004,SKU0031,14,1139.0,1.0,0.2523447676641188,0.40383009088333655,20.53004931210224,25.518210168649723,0.2840751544332368,-0.1301783565653862
catboost,STORE0004,SKU0032,14,1320.0,1.0,0.1918878296864805,0.2239959349467306,18.092281084725304,22.56959895350441,0.20068004952583868,-0.006545476624650886
catboost,STORE0004,SKU0033,14,1635.0,1.0,0.18664000825748064,0.18637969205179136,21.796886678641492,27.143825497554374,0.18564249517838674,-0.041232704860074305
catboost,STORE0004,SKU0034,14,3135.0,1.0,0.19193349909626145,0.19677810657688619,42.97939426191283,55.301448595499835,0.19271438350603395,-0.08232320216542033
catboost,STORE0004,SKU0035,14,2944.0,1.0,0.3234034051747143,0.5759336002027787,68.00711605959705,89.60480633629436,0.3471848340017084,-0.0391156880772394
catboost,STORE0004,SKU0036,14,786.0,1.0,0.22492467513528913,0.26241994013415615,12.627913904024089,14.172445090316053,0.24463806064673596,-0.020387984437035444
catboost,STORE0004,SKU0037,14,1788.0,1.0,0.24883887335799976,0.40829610525791715,31.78027896886454,40.36016618376903,0.28135449605223267,-0.04297950727350579
catboost,STORE0004,SKU0038,14,1901.0,1.0,0.2354099662939621,0.2776224204959535,31.96531042320157,41.277774807811916,0.2576160312739519,-0.14422914258488762
catboost,STORE0004,SKU0039,14,282.0,1.0,0.2224086656545321,0.22345654675128995,4.479945979612718,6.074351769056358,0.21588273919137355,-0.038340367451480804
catboost,STORE0004,SKU0040,14,515.0,1.0,0.17463584594192985,0.35182214824931973,6.424104332863848,8.066191421666133,0.23640960317104,0.03306150531793802
catboost,STORE0004,SKU0041,14,1795.0,1.0,0.2298525379622252,0.24817457064100004,29.470378974442447,34.17513510154848,0.23307677003845462,-0.021180732877023132
catboost,STORE0004,SKU0045,14,1259.0,1.0,0.21518465804968714,0.3009750123030085,19.351248891754008,22.186838422042864,0.2465403607212782,0.0982036405450911
catboost,STORE0004,SKU0046,14,1925.0,1.0,0.26015673720557836,0.28674702100985716,35.771551365767024,41.73803465100928,0.2848889986345174,-0.1548512401481924
catboost,STORE0004,SKU0047,14,1200.0,1.0,0.20628008514665575,0.3114815507752308,17.681150155427634,26.52596160569824,0.2317028374285603,0.040438734381359004
catboost,STORE0004,SKU0048,14,1242.0,1.0,0.3365782953148449,0.5659987381384578,29.859303055788384,38.99455211997704,0.37270940156785726,-0.034727307215732896
catboost,STORE0004,SKU0049,14,781.0,1.0,0.21341865483472183,0.21614770001691633,11.905712101851268,14.525905404376255,0.2135968822374915,-0.027335472517153563
catboost,STORE0004,SKU0050,14,248.0,1.0,0.29688757902911483,0.8823038242730129,5.2591513999443205,6.732907691560104,0.3549862374009344,0.10332141761063073
catboost,STORE0004,SKU0051,14,970.0,1.0,0.4111190767850363,1.4466763352523888,28.484678891534656,38.29504799441862,0.4728469539971606,0.15713599764462338
catboost,STORE0004,SKU0052,14,857.0,1.0,0.33726540393280924,0.4461638921688091,20.645460797886965,24.707143796510753,0.345950214721544,0.052936015292892574
catboost,STORE0004,SKU0053,14,442.0,1.0,0.3114764838233547,0.6081717337338034,9.83375756070877,12.471757216510824,0.3374219605215593,0.13306018309184
catboost,STORE0004,SKU0054,14,1285.0,1.0,0.29049889137838336,0.41113898052503267,26.663648244373043,33.03851342679903,0.2982099899327317,0.16914291656483701
catboost,STORE0004,SKU0055,14,228.0,1.0,0.20388769270598853,0.22442507139592435,3.3204567097832416,3.9858828154504695,0.2093715757593189,-0.037886796746928166
catboost,STORE0004,SKU0056,14,437.0,1.0,0.2386812099908931,0.29686512321631386,7.450263483287164,8.415450572479328,0.2647224766745559,-0.028374206383600824
catboost,STORE0004,SKU0057,14,1483.0,1.0,0.21003247763434704,0.21661558064269476,22.248440309409762,29.126656934603773,0.21664421729762268,-0.12926631236012998
catboost,STORE0004,SKU0058,14,1361.0,1.0,0.3140729758778449,0.42430770776257326,30.53238001212478,37.69961762699816,0.3252614231088025,0.05041002929740859
catboost,STORE0004,SKU0060,14,841.0,1.0,0.23107864475543108,0.2936023872932431,13.881224302808395,18.868657215046056,0.221861443402676,0.1731871512812649
catboost,STORE0004,SKU0061,14,1480.0,1.0,0.19130277499637457,0.19062147593401488,20.223436213902456,24.995290155514628,0.1852705468899822,0.0020938592845218397
catboost,STORE0004,SKU0062,14,293.0,1.0,0.1753564093101284,0.16466359696214275,3.66995913770483,4.5419782380780696,0.17410996742121845,-0.07760539090590904
catboost,STORE0004,SKU0063,14,970.0,1.0,0.22777324404323362,0.24942910708459057,15.78143190870976,19.25432273968387,0.22262296070392232,0.08952288793480305
catboost,STORE0004,SKU0064,14,1440.0,1.0,0.2735203506656073,0.26666419588434126,28.133521782748183,37.758538455502375,0.2689320816505245,-0.11845445050814259
catboost,STORE0004,SKU0065,14,1077.0,1.0,0.28827251983896146,0.2785459345228331,22.17639313332582,34.355504000407656,0.2566442135885675,-0.0015135604907854437
catboost,STORE0004,SKU0066,14,424.0,0.9285714285714286,0.3082395647661455,0.3410537842109501,9.335255390060407,12.714347774827008,0.3880370615852452,0.08586985231687276
catboost,STORE0004,SKU0068,14,562.0,1.0,0.3766922667627657,0.4808899968320377,15.121503851476735,19.242535856670912,0.3460917833505528,0.2766262095075382
catboost,STORE0004,SKU0070,14,1545.0,1.0,0.2625709402828697,0.4192279808949488,28.976578766930977,37.22386352469303,0.2837525374843023,0.022182658060167313
catboost,STORE0004,SKU0071,14,421.0,1.0,0.2647441541696856,0.37691140221533576,7.961234921816975,9.79745095191188,0.27084613669965346,0.17631685270978265
catboost,STORE0004,SKU0072,14,588.0,1.0,0.2806105189820628,0.277552798656106,11.785641797246639,14.836291011281245,0.2743874328829394,-0.04769969346294838
catboost,STORE0004,SKU0075,14,539.0,1.0,0.2664434998895503,0.42080517118123406,10.258074745747686,13.993133349021655,0.2821213120241135,-0.02400181215136101
catboost,STORE0004,SKU0076,14,386.0,1.0,0.40550167811979015,0.5542614501812786,11.180260553874215,12.851924371143005,0.40164574330374936,0.2195297360109531
catboost,STORE0004,SKU0077,14,944.0,1.0,0.367967209302041,1.4809752445354258,24.81150325579477,33.41818688258003,0.4329324462220896,0.16171096523049394
catboost,STORE0004,SKU0078,14,475.0,1.0,0.19589217089780872,0.23989712658697115,6.6463415126042245,8.410860477523165,0.2035991269720425,0.07313158881224267
catboost,STORE0004,SKU0079,14,1285.0,1.0,0.21770647869244028,0.2388802041095641,19.982344651413268,25.33523484126379,0.22162248855927022,-0.010054008955963681
catboost,STORE0004,SKU0081,14,1199.0,1.0,0.24901555256545269,0.27656312288155094,21.326403394712695,26.683855924237513,0.26172351658725995,-0.10788581713973823
catboost,STORE0004,SKU0085,14,1270.0,1.0,0.18065806309502994,0.21898743568008336,16.388267152192,18.64627583557247,0.2070562757131263,-0.02029164344922712
catboost,STORE0004,SKU0087,14,478.0,1.0,0.307232181513483,0.510658149781762,10.489784483103206,13.252222512652596,0.3516783800294192,-0.08783442405886388
catboost,STORE0004,SKU0088,14,340.0,0.9285714285714286,0.22704873908361542,0.15778330738897248,5.514040806316374,8.184478086734476,0.2870652334956408,0.05695960143507154
catboost,STORE0004,SKU0090,14,284.0,1.0,0.21833430725133657,0.26757502891553925,4.4290673756699706,5.828314920068465,0.21475578839681747,0.144262460626696
catboost,STORE0004,SKU0091,14,408.0,1.0,0.23721538953914795,0.23438001961387547,6.913134209426597,7.881683297501053,0.2705867835805839,-0.21562235306189614
catboost,STORE0004,SKU0092,14,1296.0,1.0,0.25592382488638266,0.2782295122792442,23.69123407519657,26.344341485199827,0.24954461145669565,0.09172446079008575
catboost,STORE0004,SKU0093,14,1345.0,1.0,0.20388308463738175,0.1806801225031982,19.587339202662747,25.856883065680375,0.20037645283658875,-0.14919926469959868
catboost,STORE0004,SKU0095,14,468.0,1.0,0.26439068570785806,0.5058036849696519,8.838202922234114,12.11275420282565,0.29668865842325587,0.05610495290159103
catboost,STORE0004,SKU0096,14,1579.0,1.0,0.16344975047658142,0.1478828564155997,18.434796857323004,28.11826701247412,0.1635409942046717,-0.13171979747473025
catboost,STORE0004,SKU0097,14,1146.0,1.0,0.14574376239961495,0.16572926536251611,11.930167979282768,16.764793593441738,0.15394700381468,-0.03190128530228011
catboost,STORE0004,SKU0098,14,620.0,1.0,0.2301189847012686,0.35661815106902334,10.190983608199037,12.730438380612279,0.2648539354667599,-0.00589451829825368
catboost,STORE0004,SKU0099,14,1429.0,1.0,0.3202428862051586,0.6673830036604714,32.68764888479797,40.783393282384175,0.3921418570232503,0.14748857287691697
catboost,STORE0004,SKU0100,14,1247.0,1.0,0.24214727943744666,0.2671925867139036,21.568404104178285,24.727034422569787,0.236937168596261,0.08691775202130944
catboost,STORE0004,SKU0101,14,279.0,1.0,0.23499982178514417,0.25049875615984785,4.683210734146802,5.993380867148475,0.226322792722385,0.04708943505355177
catboost,STORE0004,SKU0102,14,1893.0,1.0,0.217778528796751,0.29907810555805087,29.446768215160688,36.88301320425866,0.23112562405921655,0.09213938313338516
catboost,STORE0005,SKU0001,14,1634.0,1.0,0.24210355093974523,0.37844557240437215,28.25694301682455,37.453422807196404,0.2638617016908779,-0.054350932634397005
catboost,STORE0005,SKU0002,14,1008.0,1.0,0.24403893542569724,0.2655359188196375,17.570803350650202,20.84177897338825,0.24917924446247755,-0.03918652245640813
catboost,STORE0005,SKU0003,14,327.0,1.0,0.2997830185098612,0.37082459290063635,7.00207478948033,7.949177839736512,0.3087526682207966,0.06372552904392327
catboost,STORE0005,SKU0004,14,1459.0,1.0,0.2608129722817246,0.29537496969298443,27.180437611359732,35.15946660811265,0.2574772345143481,0.01128904180008735
catboost,STORE0005,SKU0005,14,1269.0,1.0,0.2836162460110175,0.35456896102401947,25.707786870570086,35.26684048094819,0.2658746313256317,0.21079333135268966
catboost,STORE0005,SKU0006,14,2295.0,1.0,0.3673455823323417,0.37249747982339104,60.21843653233744,73.17725210817231,0.3805534711994225,-0.1925859160125014
catboost,STORE0005,SKU0007,14,492.0,1.0,0.1920070293280556,0.21904119574411476,6.74767560210024,8.39471369662573,0.2051900953302874,-0.08675473815972715
catboost,STORE0005,SKU0009,14,903.0,1.0,0.33323493958228073,0.644040717653222,21.49365360305711,29.137574045841134,0.356826084244311,-0.005021257340081663
catboost,STORE0005,SKU0010,14,531.0,1.0,0.2984995412119748,1.0906293252543253,11.321661170254188,13.90614153228559,0.36372914088938096,0.07374762919326205
catboost,STORE0005,SKU0011,14,366.0,1.0,0.194828713726896,0.22686458665323198,5.0933792302888525,6.084833589830138,0.21825329096358237,-0.057577717884035075
catboost,STORE0005,SKU0012,14,1056.0,1.0,0.19887088198749914,0.2711710910840635,15.000546527057079,18.77551330094309,0.225529643800332,-0.043824436224982805
catboost,STORE0005,SKU0013,14,1453.0,1.0,0.5268017559321501,2.356509932587468,54.67449652638671,76.89221333240586,0.5102079753442721,0.34245547097054163
catboost,STORE0005,SKU0014,14,832.0,1.0,0.1763843393373285,0.19870551031420755,10.482269309189807,12.598769200747265,0.1797905815359542,0.04613026844302565
catboost,STORE0005,SKU0015,14,198.0,1.0,0.3215650198316258,0.3552835991371372,4.547848137618707,5.449959232631463,0.3492089871418894,-0.21034705556751707
catboost,STORE0005,SKU0016,14,417.0,1.0,0.361330479862849,0.5015685474840856,10.76248643591486,13.465519225645538,0.37311930572848073,0.011884064401203558
catboost,STORE0005,SKU0018,14,1259.0,1.0,0.25068408975922074,0.4096877015635992,22.543662071918497,27.42377226083604,0.278969328053442,0.008003954284021899
catboost,STORE0005,SKU0019,14,248.0,1.0,0.41142499244046277,1.0771045721632713,7.2880998660881975,10.28170936479809,0.4295508817494477,0.26085284959492705
catboost,STORE0005,SKU0020,14,625.0,1.0,0.46571169080846164,0.7432540351889331,20.79070048252061,25.997480762525388,0.4280611818709165,0.4050899194416645
catboost,STORE0005,SKU0021,14,911.0,1.0,0.2018502894868032,0.20269898003643388,13.134686694462692,15.537376411605075,0.20586116648024677,-0.050686448179033554
catboost,STORE0005,SKU0022,14,1380.0,1.0,0.31211720465830717,0.5948473178438342,30.76583874489028,38.30908125511455,0.33071063500144193,0.15645504546180541
catboost,STORE0005,SKU0023,14,1133.0,1.0,0.357381984910459,0.5587389072651601,28.92241349311072,34.59986679105937,0.3716718645454437,0.13116425676681284
catboost,STORE0005,SKU0026,14,1544.0,1.0,0.3056111876467813,0.3834431981761937,33.70454812333074,38.38675508412,0.3159594960276141,0.017323724285339168
catboost,STORE0005,SKU0027,14,2564.0,1.0,0.1774892318364483,0.18378795844302714,32.5058850306181,42.314277558708454,0.1821402242359324,-0.08392961127648996
catboost,STORE0005,SKU0028,14,2042.0,1.0,0.31762920493740315,0.6110279621577793,46.32848832015552,55.817315226018465,0.3588931399207356,-0.08028788392495492
catboost,STORE0005,SKU0031,14,1061.0,1.0,0.23560928695269803,0.25355358290485885,17.85581810405804,21.997938824063848,0.23662643621645646,-0.01658718782953343
catboost,STORE0005,SKU0033,14,1527.0,1.0,0.24007964442913685,0.2674750547336596,26.18582978880657,31.384392833650548,0.23896128514712797,0.03694889751421902
catboost,STORE0005,SKU0034,14,2695.0,1.0,0.2844444092819501,0.39299534014450394,54.755548786775385,61.9411796409466,0.3155488627972833,-0.02140942211761989
catboost,STORE0005,SKU0035,14,2860.0,1.0,0.23562130167226777,0.293353424937468,48.134065913048985,62.90340844515789,0.24868108655065432,-0.02178400358627515
catboost,STORE0005,SKU0036,14,706.0,1.0,0.24614887325435397,0.3693433219040025,12.412936036969565,16.12948492845641,0.25705103165786053,0.20867935717022731
catboost,STORE0005,SKU0038,14,1625.0,1.0,0.31989810886180636,0.46644570898070414,37.131030492888236,43.58129620546706,0.3560403540790885,-0.05729064803525667
catboost,STORE0005,SKU0039,14,295.0,1.0,0.19533581402027594,0.24035721885775052,4.1160046525701,5.208800073656242,0.2029688799390233,0.04055890595657001
catboost,STORE0005,SKU0040,14,431.0,1.0,0.2013526392045984,0.27885403960688626,6.198784821227279,8.174942937422072,0.216495183399845,0.09166235587472027
catboost,STORE0005,SKU0041,14,1350.0,1.0,0.353155798816149,0.6241512537029841,34.05430917155722,49.43052794340735,0.33272288507057224,0.22168596933744492
catboost,STORE0005,SKU0043,14,925.0,1.0,0.2170782435395275,0.22681451768839916,14.342669662433067,18.308148107422333,0.2236127503768843,-0.08166860483363664
catboost,STORE0005,SKU0045,14,985.0,1.0,0.5344078720231554,0.8400900183557723,37.599410995914866,47.91668018606671,0.4673428379881977,0.4438852067730155
catboost,STORE0005,SKU0048,14,1173.0,1.0,0.21685339765974498,0.2772695780418952,18.169216818205776,21.497392157272206,0.2341102626391673,0.062131861605314
catboost,STORE0005,SKU0049,14,789.0,1.0,0.27957057474553876,0.7950107407630729,15.755798819587865,19.700398013777622,0.34209245790020865,-0.1315353071133431
catboost,STORE0005,SKU0050,14,257.0,1.0,0.19456098852173068,0.24098096131926663,3.5715838607203416,4.310476353833907,0.2061379968089418,0.014994593210312442
catboost,STORE0005,SKU0051,14,1281.0,1.0,0.21766407066962698,0.2111144035217494,19.91626246627087,23.264462621082487,0.22827849344055934,-0.16499571148393494
catboost,STORE0005,SKU0052,14,866.0,1.0,0.24636138531507218,0.33546394302207644,15.239211405918036,19.69200873678276,0.2593694289787697,-0.008025225453253813
catboost,STORE0005,SKU0053,14,455.0,0.9285714285714286,0.3042092228652456,0.2449001207427418,9.88679974312048,13.108237396440838,0.3582977630885814,0.025007408532185423
catboost,STORE0005,SKU0054,14,1421.0,1.0,0.33100124652085056,8.065985513239248,33.596626521866334,45.91678957683458,0.371630893955829,0.07115667792167817
catboost,STORE0005,SKU0055,14,213.0,1.0,0.3008944208843891,1.2305886590355375,4.577893689169635,6.109088548846759,0.349184483124301,0.03249066948003356
catboost,STORE0005,SKU0056,14,455.0,1.0,0.25711984272941263,0.3044110035734867,8.35639488870591,11.138632463954554,0.27809840902095817,-0.13806883016160318
catboost,STORE0005,SKU0057,14,1247.0,1.0,0.29958124680626597,0.4443047168052746,26.684129626243834,33.040762124694034,0.3028271113988564,0.15980208601017204
catboost,STORE0005,SKU0058,14,1467.0,1.0,0.24932350331794217,0.28329968885376294,26.125541383387226,30.02367078031809,0.26239186666340786,-0.04504033752764649
catboost,STORE0005,SKU0060,14,923.0,1.0,0.37595548505965865,0.5004802579628207,24.786208050718923,29.72751871332254,0.38236018497023133,0.08939395479110607
catboost,STORE0005,SKU0062,14,300.0,1.0,0.19693786064200314,0.20232300032008937,4.2200970137572105,5.734077800301185,0.2071721675720175,-0.12943740221255795
catboost,STORE0005,SKU0063,14,922.0,1.0,0.22451150313716656,2.0769916545372786,14.785686135176254,20.021772045925157,0.29082784757687097,0.018254358697865146
catboost,STORE0005,SKU0064,14,1440.0,1.0,0.1740870276127812,0.19216659128440833,17.906094268743207,23.587689867968898,0.17960498925017987,-0.04132465231824338
catboost,STORE0005,SKU0066,14,408.0,1.0,0.23214832497700374,0.4585930099178241,6.765465470758395,8.670647352684222,0.2681432381248917,0.09450858178748908
catboost,STORE0005,SKU0067,14,633.0,1.0,0.24390701181491253,1.0962727705366648,11.028081319917117,15.460030940231233,0.29161547331207804,-0.005813611617042035
catboost,STORE0005,SKU0068,14,689.0,1.0,0.2080504314162462,0.21342588485818742,10.239053374699546,11.788358459981374,0.20575211922737754,0.004578193256184167
catboost,STORE0005,SKU0070,14,1516.0,1.0,0.3265472627019788,3.3060728523637217,35.36040358972856,47.502722027010414,0.4362212020582876,0.009853453145475123
catboost,STORE0005,SKU0071,14,460.0,1.0,0.22287797803580647,0.3766435740900534,7.3231335640336415,9.69522487284007,0.24871447826346876,0.016499217330262262
catboost,STORE0005,SKU0072,14,626.0,1.0,0.23021671064482002,0.22636784679116465,10.293975775975523,12.625370848645261,0.23959763096754488,-0.11695719929669038
catboost,STORE0005,SKU0073,14,127.0,0.9285714285714286,0.4259868419115152,0.45659305116186943,3.864309208768745,4.981656320913778,0.4557847531914624,0.22614102535765515
catboost,STORE0005,SKU0074,14,1170.0,1.0,0.2850922586133452,0.31106643283006646,23.82556732697242,28.98525446208728,0.28503165948477627,-0.057212102436500184
catboost,STORE0005,SKU0075,14,553.0,0.9285714285714286,0.38902819214656653,0.35428811100754554,15.366613589789377,18.101733750335477,0.4692665758887747,-0.09863631042874146
catboost,STORE0005,SKU0076,14,437.0,1.0,0.24669706314169687,0.3262593871247398,7.700472613780109,9.487952667911001,0.2638626813956815,0.010284646282094488
catboost,STORE0005,SKU0077,14,853.0,1.0,0.31379350170667025,0.7240895806143149,19.118989782556408,23.317317078137943,0.35867396689578485,0.16267106276519788
catboost,STORE0005,SKU0079,14,1154.0,1.0,0.2473522700264895,1.509886017142404,20.38889425789778,29.224016743537966,0.29508059148745697,0.047273998011371145
catboost,STORE0005,SKU0080,14,1197.0,1.0,0.31931083502013985,0.5200901609681423,27.30107639422196,33.95939130121718,0.3602357142049247,-0.04913352884650644
catboost,STORE0005,SKU0081,14,1122.0,1.0,0.24144264369231158,0.2503440658283465,19.349903301626686,26.247662694167115,0.24110212447062565,-0.06440063973355695
catboost,STORE0005,SKU0082,14,911.0,1.0,0.3423851617823934,0.4279460120094999,22.27949159884003,25.521727599631085,0.3387790220569724,0.14816144809920792
catboost,STORE0005,SKU0083,14,1247.0,1.0,0.28210175207925364,0.349240778809154,25.127206060202095,29.91442491805384,0.2877532954935553,0.09997688230428481
catboost,STORE0005,SKU0084,14,296.0,1.0,0.4228536899242231,1.1705428532191247,8.94033515839786,11.460270284850674,0.459184034235096,0.27456927510659923
catboost,STORE0005,SKU0085,14,1371.0,1.0,0.3017583457558169,0.6622398965815276,29.55076371651607,39.10312818651709,0.3292879737973361,0.039958456083154896
catboost,STORE0005,SKU0086,14,135.0,0.9285714285714286,0.35771812055508867,0.36638978257427063,3.449424733924069,5.2177637521796205,0.3920532488542903,0.20468230301685553
catboost,STORE0005,SKU0087,14,436.0,1.0,0.2641174228032689,0.35366315443936686,8.225371167301802,9.424744087935474,0.286710394656691,0.044163498603751385
catboost,STORE0005,SKU0088,14,353.0,1.0,0.29085824200043275,0.580470942546728,7.333782816153769,9.571692884037061,0.32260115347327734,0.09339158507720993
catboost,STORE0005,SKU0089,14,749.0,1.0,0.2623070416286953,0.3013931284098281,14.033426727135197,16.992812824206307,0.27366546175220763,-0.04084654790553887
catboost,STORE0005,SKU0091,14,329.0,1.0,0.15404041505563812,0.144854542591247,3.6199497538074956,4.3254930039916095,0.15419456629859227,-0.053466877322076924
catboost,STORE0005,SKU0094,14,1048.0,1.0,0.20941088635930397,0.2565902744730786,15.675900636039326,20.601662843163663,0.22581180469160414,-0.04971722880285688
catboost,STORE0005,SKU0095,14,571.0,1.0,0.2778499840067659,0.24784878336637692,11.332310061990238,15.29583668120336,0.287139869364682,-0.23229626521633856
catboost,STORE0005,SKU0096,14,1530.0,1.0,0.2098995378323404,0.2708433406404411,22.939020920248627,27.238925542865484,0.23104310572193382,-0.03691409965360318
catboost,STORE0005,SKU0098,14,711.0,1.0,0.1667005689241672,0.20197588740298006,8.466007464648778,12.498325647174289,0.17555401804143486,0.04461421340606344
catboost,STORE0005,SKU0100,14,1179.0,1.0,0.32294700006260224,0.402263423150828,27.19675093384343,32.7993473290965,0.3166116888098806,0.1318486284586278
catboost,STORE0005,SKU0101,14,261.0,1.0,0.3605445850314489,1.0053852121810292,6.721581192372012,8.922321552673187,0.4478826147774173,-0.06708097154182878
catboost,STORE0005,SKU0102,14,2057.0,1.0,0.18755815245437996,0.21228629416064848,27.557651399904255,33.188520887325296,0.20301231938683265,-0.046589556856539455
catboost,STORE0006,SKU0001,14,1469.0,1.0,0.29022100536598155,0.3754226773580143,30.45247549161621,36.49690236530117,0.29361803430518574,0.13029216478873037
catboost,STORE0006,SKU0003,14,297.0,1.0,0.3274459524113813,0.6061441560656359,6.9465319904414455,9.383159078714668,0.3414603085083693,0.19608875822066246
catboost,STORE0006,SKU0004,14,1365.0,1.0,0.2618392880498832,0.39798021860761185,25.52933058486361,34.500981387618644,0.2809665422689693,0.05993606852500703
catboost,STORE0006,SKU0005,14,1530.0,1.0,0.20168006269673994,0.25558980594344904,22.040749709000863,27.360270560466766,0.23066866836330796,-0.05752439909172746
catboost,STORE0006,SKU0006,14,1978.0,1.0,0.29096661522921174,1.4355398800604824,41.10942606595578,51.7432403728428,0.3578762080503807,-0.07659747842425463
catboost,STORE0006,SKU0007,14,453.0,1.0,0.21671392634771605,0.30772338844594416,7.012243473965384,8.78219188582338,0.2355796378953496,-0.015406975842361685
catboost,STORE0006,SKU0008,14,381.0,1.0,0.24412685962017705,0.377201798549207,6.643738108234818,7.9919462924514395,0.2735800343434761,-0.024755555977758487
catboost,STORE0006,SKU0009,14,920.0,1.0,0.1821513554240332,0.20019082558935697,11.969946213579325,16.806245336884515,0.19014074910706036,-0.0770376197703533
catboost,STORE0006,SKU0010,14,576.0,1.0,0.2719784301195669,0.5062681561476975,11.189969696347896,16.056728416377425,0.29004481039397995,-0.041340852017506875
catboost,STORE0006,SKU0011,14,360.0,1.0,0.2735229955304202,0.36616914442495896,7.03344845649652,8.57195779993594,0.29070946901850114,-0.026419971071382827
catboost,STORE0006,SKU0012,14,852.0,1.0,0.38754916381277177,0.9652759497286266,23.58513482632011,27.402442089698532,0.44199650682858194,0.2686275892661578
catboost,STORE0006,SKU0013,14,1958.0,1.0,0.1639388788384212,0.15331786674743972,22.92802319754491,31.93582805389747,0.15572428176004505,-0.02854134682202755
catboost,STORE0006,SKU0017,14,1393.0,1.0,0.40771594391538324,1.726505327379162,40.56773641958063,50.35495873248856,0.45740981665533154,0.20039738336123447
catboost,STORE0006,SKU0018,14,1342.0,1.0,0.23544655845533471,0.270419782987428,22.569234389075657,28.500416633388337,0.23796346253081627,0.0002990247047066853
catboost,STORE0006,SKU0019,14,307.0,1.0,0.2713709970308972,0.46408349706366214,5.950778292034674,8.332570775924738,0.30095822387655685,-0.042063648574705535
catboost,STORE0006,SKU0020,14,812.0,1.0,0.249641942516456,0.33008865176498686,14.479232665954447,16.77876091655262,0.2695093752377082,0.009603091916662074
catboost,STORE0006,SKU0021,14,755.0,1.0,0.24781445362621402,0.31759599402167255,13.364279463413684,16.651371602755358,0.2486356055993137,0.14931453907642048
catboost,STORE0006,SKU0022,14,1508.0,1.0,0.24558845975313762,0.5838822422822599,26.453385521980824,35.60402170233199,0.2808710369337597,-0.04431139620294831
catboost,STORE0006,SKU0023,14,1272.0,1.0,0.2825200581526866,0.5341979458618134,25.668965283586953,33.74887380403467,0.3259838526515769,-0.003239807758708434
catboost,STORE0006,SKU0025,14,499.0,1.0,0.25756730241449516,1.7253989238982241,9.180434564630934,14.39402536267025,0.3052946115811728,0.11653497335079332
catboost,STORE0006,SKU0026,14,1829.0,1.0,0.23466169066855339,0.23475905534187427,30.656873730913155,38.43179442456626,0.24523001895190435,-0.1540874369003518
catboost,STORE0006,SKU0028,14,1773.0,1.0,0.2767089470572801,0.5490109658529244,35.043211652325546,46.09136776862522,0.32575510462096907,0.051828100160281866
catboost,STORE0006,SKU0029,14,550.0,1.0,0.2105725185096138,0.23960477406326763,8.27249179859197,9.374177204580706,0.22158768891073288,0.005563857494985572
catboost,STORE0006,SKU0030,14,772.0,1.0,0.24645017337174177,0.2746531406602311,13.589966703070331,16.27198790937037,0.24048086532709742,0.09454879816843613
catboost,STORE0006,SKU0031,14,943.0,1.0,0.34614483055975587,0.49588405033806293,23.315326801274985,29.10912286770689,0.3475077851567172,0.1694019825983255
catboost,STORE0006,SKU0032,14,1432.0,1.0,0.18568809504288877,0.17622823063343004,18.99323943581548,23.88177239687392,0.1909480604266093,-0.12265156811395471
catboost,STORE0006,SKU0033,14,1674.0,1.0,0.3749179538822599,0.6659594699171814,44.82947534277879,55.333684122289895,0.4027451663066934,0.029403360952274273
catboost,STORE0006,SKU0034,14,2432.0,1.0,0.4399780370949146,0.9759087738172717,76.4304704439166,94.32105296950587,0.4476935322704576,0.15024643533685017
catboost,STORE0006,SKU0035,14,3647.0,1.0,0.28800334511345943,0.25768862261212827,75.02487140205618,96.05165014727784,0.297869070323296,-0.23396757088166806
catboost,STORE0006,SKU0036,14,661.0,1.0,0.2676137372751335,0.6823766240491933,12.635191452775945,16.62916679115795,0.2997619492684711,0.16705421755241603
catboost,STORE0006,SKU0037,14,1684.0,1.0,0.28214127349644363,0.38568474444297535,33.93756461200079,39.936463412225415,0.3049463981510882,0.015953548722188758
catboost,STORE0006,SKU0038,14,1642.0,1.0,0.3300827641928431,0.44381260382658644,38.7139927717606,44.410361124131015,0.3521126217178591,-0.007509948264037555
catboost,STORE0006,SKU0039,14,251.0,1.0,0.3192242651583368,1.0157194109575298,5.723235039624467,7.591578104820021,0.35445720587717783,0.10342637569563837
catboost,STORE0006,SKU0040,14,537.0,1.0,0.2546542515090978,0.3160427090328076,9.767809504313252,13.066123013707767,0.2696821999602063,-0.08491629775937266
catboost,STORE0006,SKU0041,14,1818.0,1.0,0.1686692875986817,0.1819259980129742,21.90291177531452,25.57507051425731,0.17667098730690065,-0.0399093105846955
catboost,STORE0006,SKU0042,14,248.0,1.0,0.26262284707577066,1.6069181593939228,4.652176148199366,6.907604972484221,0.3043339642900887,0.051260833959406116
catboost,STORE0006,SKU0044,14,1507.0,1.0,0.2719996130037553,0.27472403159309416,29.27881548547566,38.6699830794541,0.269561211796934,-0.07577373443052186
catboost,STORE0006,SKU0045,14,1420.0,1.0,0.17217499055865587,0.1832114083733875,17.46346332809224,22.614365925174297,0.17941282590396276,-0.06342918656877948
catboost,STORE0006,SKU0046,14,1571.0,1.0,0.4021474285517155,0.6929592206780943,45.1266864467675,57.139089808111294,0.42157909099598917,0.12421707762703381
catboost,STORE0006,SKU0047,14,1285.0,1.0,0.23769919410031237,0.28896012799676196,21.817390315635812,27.093611473217674,0.24580285004724814,0.06797904565797239
catboost,STORE0006,SKU0048,14,1136.0,1.0,0.3626306599229069,0.5449704130701495,29.424887833744442,34.00888448049561,0.3744081114605425,0.1632785568794798
catboost,STORE0006,SKU0050,14,250.0,1.0,0.23216336478843985,0.2506074400365347,4.14577437122214,4.7981747652848314,0.22735048119568213,0.0603030025439747
catboost,STORE0006,SKU0052,14,965.0,1.0,0.18921580835483542,0.19649483108211058,13.042375361601156,17.30453391299348,0.18891145708858023,-0.0519286115964775
catboost,STORE0006,SKU0053,14,441.0,1.0,0.35896699975564833,0.5733704054452591,11.307460492302923,14.577741630254803,0.38380782479192854,0.018022947716928896
catboost,STORE0006,SKU0054,14,1880.0,1.0,0.25991684220266514,0.2586487338313905,34.90311881007217,44.81018863751561,0.2810236015267046,-0.20751864379076873
catboost,STORE0006,SKU0055,14,230.0,1.0,0.2994146764893246,0.4412404809078788,4.918955399467476,6.728336427748731,0.32102026249302756,0.014129507558246547
catboost,STORE0006,SKU0056,14,379.0,1.0,0.3504572032692536,1.291584942772579,9.487377145646223,14.041540157631214,0.4019630403864037,0.04542025726384903
catboost,STORE0006,SKU0057,14,1481.0,1.0,0.3203267140936436,0.3472633687395495,33.88599025519187,41.085962945035234,0.33894721945314155,-0.15430425367372602
catboost,STORE0006,SKU0058,14,1505.0,0.9285714285714286,0.3455860971319854,0.36223567641951127,37.15050544168843,48.29903187439514,0.4206841213258067,-0.042476953530053374
catboost,STORE0006,SKU0060,14,986.0,1.0,0.15266579334073596,0.14901365013894644,10.752033730997548,12.880858449619732,0.1548506237706995,-0.07005400644756743
catboost,STORE0006,SKU0063,14,749.0,1.0,0.4881712652091756,0.8574859306543269,26.117162688690893,33.78910108068547,0.4545618260008304,0.19411619702684996
catboost,STORE0006,SKU0064,14,1484.0,1.0,0.14250018103015424,0.14848539310770112,15.105019189196351,18.393918251462974,0.14009803088114042,0.03670509043342054
catboost,STORE0006,SKU0065,14,954.0,1.0,0.29450479901069065,0.32922909253692517,20.06839844687135,29.129808960077362,0.2636121498720836,0.15207276066705092
catboost,STORE0006,SKU0066,14,537.0,1.0,0.30593360389873425,0.310210363191337,11.734738949544306,14.244633233954595,0.32138243952481,-0.1692633643700872
catboost,STORE0006,SKU0067,14,557.0,1.0,0.1600023987273027,0.185270446057027,6.365809720793401,8.233995535362714,0.16518202093102471,0.025886445725079525
catboost,STORE0006,SKU0069,14,1386.0,1.0,0.34736361856312314,0.6268623139223589,34.38899823774919,41.136464348409454,0.39454345428107146,0.1785727062200014
catboost,STORE0006,SKU0070,14,1667.0,1.0,0.257145980646721,0.2855906867568535,30.618739267005996,34.13938979327621,0.2777598951113039,-0.11346235403596468
catboost,STORE0006,SKU0071,14,423.0,1.0,0.37033287242991547,0.5597738640251676,11.189343216989588,13.353429456064987,0.3722011602779703,0.18513780231944707
catboost,STORE0006,SKU0072,14,483.0,1.0,0.26825212276768795,0.4496607754417222,9.254698235485234,12.692800573862321,0.2894060472716413,0.13860714866114662
catboost,STORE0006,SKU0073,14,173.0,1.0,0.19200662557840015,0.1903762936877699,2.3726533017902303,2.7825503701086154,0.19417711158489973,-0.06885425814498358
catboost,STORE0006,SKU0075,14,592.0,1.0,0.21905382171806617,0.2301529553527952,9.26284731836394,10.613809270355558,0.22924922175501344,-0.09946257880862468
catboost,STORE0006,SKU0076,14,378.0,1.0,0.33899219604489256,0.6141159662859111,9.152789293212098,12.20603700550381,0.35017588570545416,0.21120018016699477
catboost,STORE0006,SKU0077,14,1121.0,1.0,0.2230262606137647,0.2564210095614416,17.858031296287873,22.801236591248077,0.23008183848876457,-0.009831684837668095
catboost,STORE0006,SKU0081,14,946.0,1.0,0.4077981123417672,0.5903110931012632,27.555501019665126,33.44290931742738,0.41641066313385183,0.07848381642985909
catboost,STORE0006,SKU0084,14,437.0,1.0,0.19538651903827725,0.20457909638690394,6.098850629980511,7.478144851765397,0.18950059560297824,0.04007545885376894
catboost,STORE0006,SKU0085,14,1393.0,1.0,0.2488370282854328,0.7077218033736287,24.759284314400563,31.920348089198242,0.3151699589458941,-0.0703165291471281
catboost,STORE0006,SKU0087,14,391.0,1.0,0.21402879728167798,0.3400747158006898,5.977518552652578,8.370609871446966,0.23065168076065137,0.036136884039300855
catboost,STORE0006,SKU0088,14,402.0,1.0,0.34812835167798023,0.36171255602935043,9.996256955324862,12.119274231473323,0.369287757571063,-0.20779833604345901
catboost,STORE0006,SKU0090,14,298.0,1.0,0.2541011734588892,0.3275558534570928,5.4087249779106426,7.315424421006177,0.26853739313499114,-0.042231556092328856
catboost,STORE0006,SKU0091,14,294.0,1.0,0.3908583192529575,0.5368937252042378,8.208024704312107,10.698266214254433,0.38772585787146285,0.03145010072545783
catboost,STORE0006,SKU0092,14,1299.0,0.9285714285714286,0.2148981978282408,0.1568810855064457,19.939482784206056,31.678723437484877,0.2744079922085472,0.07996635518737648
catboost,STORE0006,SKU0094,14,987.0,1.0,0.305163425376258,0.7787278242901529,21.51402148902619,27.94798200630375,0.34405841000773935,0.005163684913222713
catboost,STORE0006,SKU0095,14,373.0,1.0,0.5070367581146784,1.378525111485904,13.508907912626787,16.192430291494677,0.5104487988468444,0.32078033725067107
catboost,STORE0006,SKU0096,14,1601.0,1.0,0.26060150808241744,0.34677308373010823,29.801643888567877,34.13337795743341,0.2885890568677567,-0.08858028762746697
catboost,STORE0006,SKU0097,14,1148.0,0.9285714285714286,0.2751281787854008,0.21728939374234163,22.560510660402866,30.84776265077599,0.3400442013441527,0.015246197505983572
catboost,STORE0006,SKU0098,14,581.0,1.0,0.38699161868868437,1.1650044191846727,16.060152175580402,19.760969832670924,0.4518945368167407,0.10360154425558783
catboost,STORE0006,SKU0099,14,1474.0,1.0,0.2855981206269483,1.2945373866248489,30.069402128865843,42.770956761899,0.32700538798864576,0.06401562383168964
catboost,STORE0006,SKU0100,14,1293.0,1.0,0.20928838799384047,0.23954266605134494,19.329277548288267,24.01935871912109,0.20436104942312952,0.09968414200486135
catboost,STORE0006,SKU0101,14,272.0,1.0,0.2369242700964357,0.394579036999385,4.603100104730751,5.952265440394972,0.2779545342661599,-0.0016563518848066825
catboost,STORE0006,SKU0102,14,1498.0,1.0,0.3368857356378798,0.5167544491826124,36.04677371325314,43.089560433908375,0.3392489180561979,0.22326396093898498
catboost,STORE0007,SKU0001,14,1190.0,1.0,0.222874329977591,0.4467125528337981,18.944318048095234,23.086597156984865,0.26408725399963523,-0.017295081799535015
catboost,STORE0007,SKU0002,14,756.0,1.0,0.16129592170788856,0.17479020914065918,8.709979772225983,9.890732469226224,0.16751358210341474,-0.02960458624507955
catboost,STORE0007,SKU0003,14,248.0,0.9285714285714286,0.26879151233990184,0.1802494638787825,4.761449647163976,6.783279919701602,0.3202939030442062,-0.03295770036533847
catboost,STORE0007,SKU0004,14,991.0,1.0,0.17804936253574155,0.24331450428872675,12.603351305208562,17.10245904780323,0.1945472223439873,0.054891024728321004
catboost,STORE0007,SKU0006,14,1090.0,1.0,0.33026078662884717,0.3939448114492047,25.713161244674527,29.56455172539527,0.31363870154998497,0.2500753178047769
catboost,STORE0007,SKU0008,14,282.0,1.0,0.24737188625298082,0.42937401656362295,4.982776565952899,5.958744413275988,0.28452197297545806,-0.06447773982872743
catboost,STORE0007,SKU0009,14,700.0,1.0,0.2916854901473255,0.30775727361788247,14.584274507366274,17.040974746087354,0.30220994785567357,-0.09091966133998662
catboost,STORE0007,SKU0011,14,253.0,1.0,0.1792020831520663,0.19976899007692972,3.2384376455337693,3.8532113183183747,0.1861302942396912,0.002525845909454261
catboost,STORE0007,SKU0012,14,644.0,1.0,0.325332709978517,0.4672736588540884,14.965304659011782,18.27486834075865,0.3388757899626434,0.1587217954192754
catboost,STORE0007,SKU0013,14,1056.0,1.0,0.2976238897404605,0.426096631586851,22.449344826137594,34.00559752566923,0.2657597960404858,0.21399761613286442
catboost,STORE0007,SKU0015,14,121.0,1.0,0.2494868722873627,0.816610795480961,2.1562793961979203,3.1191045997541136,0.27977048429230933,0.03198185795994219
catboost,STORE0007,SKU0016,14,360.0,0.9285714285714286,0.33544746649702095,0.2472757113391982,8.625791995637682,13.635309139282468,0.3969719082830339,-0.16471768668725703
catboost,STORE0007,SKU0018,14,935.0,1.0,0.3375540308754289,0.4270866621045934,22.543787062037573,25.34374949874723,0.3533955166401352,0.0028269308823603125
catboost,STORE0007,SKU0020,14,561.0,1.0,0.2500075376598863,0.2832449501378807,10.018159187656874,13.152568256905184,0.25907265253367007,-0.07278158058579928
catboost,STORE0007,SKU0022,14,1142.0,1.0,0.2828927193718607,0.28048286753895824,23.075963251618926,28.555167299663253,0.27913427887794984,-0.0713448703140544
catboost,STORE0007,SKU0023,14,1017.0,1.0,0.1739292087537514,0.16409837689580437,12.634714664468941,16.77741327772931,0.17528444185296888,-0.10764060610073542
catboost,STORE0007,SKU0024,14,611.0,1.0,0.26113006673952976,0.3410543270888474,11.39646219841805,14.046977279652076,0.2649462561641143,0.09815877787902494
catboost,STORE0007,SKU0025,14,380.0,1.0,0.1942078321418025,0.2049911333566466,5.271355443848925,6.53921007630661,0.20041758947827454,-0.06243927988436644
catboost,STORE0007,SKU0026,14,1113.0,1.0,0.21984766680507487,0.29007972060933723,17.47788951100345,24.22610806103165,0.23523056094935405,0.037088800972087964
catboost,STORE0007,SKU0027,14,1769.0,1.0,0.38351838441314184,1.4343441932922754,48.460287287632,57.01061402038481,0.4530935720680208,-0.03928125675933349
catboost,STORE0007,SKU0028,14,1380.0,1.0,0.24709827883946775,0.3805940090221251,24.356830342747536,31.769222704088754,0.27233797737681753,-0.00124860608878386
catboost,STORE0007,SKU0029,14,356.0,1.0,0.2850341569775121,0.4766210498887436,7.248011420285308,9.23792746931836,0.3186202182635208,0.20999386065542408
catboost,STORE0007,SKU0030,14,538.0,1.0,0.24945810663360293,0.27749015548385003,9.586318669205598,10.88743484275397,0.24014330884492632,0.15294871177280092
catboost,STORE0007,SKU0031,14,763.0,1.0,0.26126364758685106,0.3346376446018836,14.238868793483382,16.701337025161823,0.28269092136043417,-0.016390006324863437
catboost,STORE0007,SKU0032,14,940.0,1.0,0.2163194079188268,0.19102151161902775,14.524303103121229,28.10862205929136,0.18295298127419887,-0.04854556204709898
catboost,STORE0007,SKU0034,14,1854.0,1.0,0.36684613915345066,0.48679617781481666,48.58091014217839,58.97662862790885,0.36162512408416386,0.1188078955819054
catboost,STORE0007,SKU0035,14,2441.0,1.0,0.24540835431218555,0.22557261232030087,42.78869949114607,53.11498116694824,0.26038305099819176,-0.20920271523525483
catboost,STORE0007,SKU0036,14,496.0,1.0,0.38380224171095867,0.833841044752128,13.597565134902537,16.14571486485516,0.4368756103815266,0.05881227618083538
catboost,STORE0007,SKU0037,14,1408.0,1.0,0.28497984363833145,0.2817866903241932,28.660829988769336,34.13345443472341,0.3067066273575784,-0.20987117109101067
catboost,STORE0007,SKU0038,14,1185.0,1.0,0.26408636568410243,0.35517371762812794,22.353024523975815,26.903720363948356,0.2835907871851135,-0.031253579546295
catboost,STORE0007,SKU0039,14,183.0,1.0,0.39985495848875147,1.5342083082059863,5.2266755288172515,6.162495852768727,0.4761185343708484,0.07802426621051212
catboost,STORE0007,SKU0040,14,332.0,1.0,0.2411483105385407,0.29416881188582494,5.718659935628251,6.565282472234128,0.24995730646615905,0.0908198081988542
catboost,STORE0007,SKU0043,14,512.0,1.0,0.41908799353056037,0.7802739766277927,15.326646620546208,21.124659165167436,0.40047298632763084,0.2665577477868386
catboost,STORE0007,SKU0044,14,1071.0,1.0,0.22192153446037613,0.3073483138386782,16.976997386218773,22.13265692385116,0.24440052070696774,-0.01169489437113402
catboost,STORE0007,SKU0045,14,912.0,1.0,0.19274774860262187,0.27360848739829907,12.55613905182794,15.706549364931648,0.21829321724972198,0.06180782937821203
catboost,STORE0007,SKU0046,14,1422.0,1.0,0.24318937369447005,0.22595130477238426,24.701092099538318,33.29585532956292,0.2376039245191539,-0.11983706484663631
catboost,STORE0007,SKU0047,14,1027.0,1.0,0.23469235113359085,0.30554189972209805,17.21636032958556,20.95285367954236,0.26019136819960226,-0.09242536519727203
catboost,STORE0007,SKU0048,14,761.0,1.0,0.37162409263214985,0.7867383728627555,20.20042389236186,24.783778054896963,0.3983027826430185,0.1355846383419416
catboost,STORE0007,SKU0049,14,502.0,1.0,0.4544641633278802,0.630741696298804,16.295786427899703,17.612233557433616,0.4464919680678078,0.2032911126803695
catboost,STORE0007,SKU0050,14,161.0,1.0,0.3309630927809186,0.44857990534640957,3.806075566980564,4.505995032142502,0.32440321098063224,0.17879507890521712
catboost,STORE0007,SKU0053,14,352.0,1.0,0.36249333091098773,1.420883110427949,9.114118034333407,12.024736894858693,0.42506288879161785,0.023730023132495403
catboost,STORE0007,SKU0055,14,138.0,1.0,0.36826879939814416,0.6869174251508935,3.630078165495992,4.545862692398175,0.39547456186014057,0.12342155874388976
catboost,STORE0007,SKU0056,14,279.0,1.0,0.2590044694888906,0.53809355640035,5.161589070528605,6.923891306605336,0.31901559904609417,0.08162877855851958
catboost,STORE0007,SKU0058,14,1027.0,1.0,0.3042760517527511,0.3535997091586179,22.320821796433954,25.597126640106982,0.3034706841321304,0.06775866520344119
catboost,STORE0007,SKU0059,14,282.0,1.0,0.22940993093518444,0.22380375001767097,4.620971465980143,5.915657485554365,0.2285602294365829,-0.06488860859879238
catboost,STORE0007,SKU0060,14,758.0,1.0,0.19215361459293556,0.2474480256306377,10.403745704388939,12.880870579556696,0.2105792118256009,-0.06991970094166382
catboost,STORE0007,SKU0061,14,794.0,1.0,0.4014234587958281,0.9511421575145329,22.76644473456339,29.42715556245054,0.4289688627631317,0.31027271082496366
catboost,STORE0007,SKU0062,14,196.0,1.0,0.17523230941365506,0.208716508385525,2.4532523317911705,3.1557683415433466,0.1815905429025589,0.034423467321326694
catboost,STORE0007,SKU0063,14,671.0,1.0,0.22404409937138428,0.25927897417203816,10.738113619871346,12.607518490627122,0.2248430220485138,0.06877590574347354
catboost,STORE0007,SKU0065,14,707.0,1.0,0.33129247124745836,0.33661731133405104,16.730269797996648,21.967054949881927,0.28902858679520343,0.10638023117125062
catboost,STORE0007,SKU0066,14,279.0,1.0,0.40752836098016926,0.7234432176893216,8.121458050961945,9.696425825790694,0.4205377839856167,0.2540485073943929
catboost,STORE0007,SKU0067,14,400.0,1.0,0.31913231040876255,0.4543163891954015,9.11806601167893,11.153589600468697,0.32789177532752534,0.10131744434677335
catboost,STORE0007,SKU0068,14,518.0,1.0,0.2635112632951903,0.29094341848089555,9.749916741922041,10.982790760131705,0.29125912205175825,-0.13709463637527275
catboost,STORE0007,SKU0072,14,375.0,1.0,0.17761057441983014,0.21957742917218587,4.757426100531164,6.492168269839893,0.18066484171768635,0.06652473551188848
catboost,STORE0007,SKU0073,14,119.0,1.0,0.23039370459132347,0.2481314360322355,1.9583464890262494,2.258594447185194,0.23713813307788337,-0.020653068485596587
catboost,STORE0007,SKU0074,14,734.0,1.0,0.33595601984283585,0.5733766939354784,17.61369418318868,23.47605872162833,0.3488881848053133,0.13541360198639915
catboost,STORE0007,SKU0075,14,417.0,1.0,0.1769540468798266,0.17746766373093853,5.270702682063407,5.959867863382489,0.18528064425933027,-0.09800493772348556
catboost,STORE0007,SKU0076,14,358.0,1.0,0.2945545255454158,0.2911130989065035,7.532180010375632,8.639734024819736,0.3077898705902423,-0.1600723737906023
catboost,STORE0007,SKU0078,14,338.0,1.0,0.2909241156685839,0.42103780909500893,7.023739363998668,8.821744198697974,0.31839463695920683,-0.07293704364551515
catboost,STORE0007,SKU0079,14,993.0,1.0,0.28609512367922085,0.2716055817110857,20.292318415247593,23.40146634610307,0.29511033782442364,-0.16904367660146377
catboost,STORE0007,SKU0080,14,717.0,0.9285714285714286,0.46253803714228037,0.6719249133614109,23.688555187929644,30.38622925293344,0.5139366021525682,0.22516239208080432
catboost,STORE0007,SKU0081,14,810.0,1.0,0.1886720664340031,0.1759409240002592,10.916026700824466,14.454123080093298,0.1924628837743965,-0.12379414558063564
catboost,STORE0007,SKU0082,14,697.0,1.0,0.2699128333771245,0.39107088331367773,13.43780320456113,17.914316592887317,0.28179764369827986,0.023628610524058676
catboost,STORE0007,SKU0083,14,888.0,1.0,0.29214242493317183,0.3608119136520843,18.530176667189757,22.815693202881818,0.2901760713653475,0.12942369177452664
catboost,STORE0007,SKU0084,14,196.0,1.0,0.47530327104305886,1.2744579947436494,6.654245794602824,8.74497577280047,0.45889454653368916,0.38379745469813337
catboost,STORE0007,SKU0085,14,893.0,1.0,0.26069326366683476,0.32111196046913726,16.6285060324631,20.8189773927092,0.27324227404467016,0.03674654280591971
catboost,STORE0007,SKU0086,14,129.0,1.0,0.24980977177865177,0.2263369208972097,2.3018186113890056,3.055025764662386,0.23733037770322465,-0.11758347868824141
catboost,STORE0007,SKU0087,14,315.0,1.0,0.2602631701715646,0.4221758430050619,5.8559213288602034,7.121400096026963,0.2861582871175258,-0.02902340406517984
catboost,STORE0007,SKU0088,14,252.0,1.0,0.25887374040577804,0.3122332525655421,4.6597273273040045,5.830291708825926,0.2646953465942974,0.04701872824277417
catboost,STORE0007,SKU0089,14,434.0,1.0,0.24713822613683226,0.526856006705751,7.6612850102418,11.03749003031587,0.2691126000930352,0.13444508398045657
catboost,STORE0007,SKU0090,14,218.0,1.0,0.31441333623430107,0.8871330283436052,4.895864807076974,6.932188824999713,0.3672299494757086,-0.00566451941034499
catboost,STORE0007,SKU0093,14,816.0,1.0,0.25542916948675387,0.2994585186320635,14.887871592942227,17.15444440314049,0.2699448856397854,-0.02896154179594633
catboost,STORE0007,SKU0094,14,607.0,1.0,0.33304282818131353,0.46553952108754987,14.439785479004092,16.915438000566553,0.3375646454411897,0.18213902142315022
catboost,STORE0007,SKU0096,14,1130.0,1.0,0.27413765200639584,0.36368055680971095,22.126824769087666,26.6630523134779,0.30447848465109617,-0.07899351840060807
catboost,STORE0007,SKU0097,14,650.0,1.0,0.430584796010253,4.760157987772392,19.99143695761889,26.849601646681933,0.4887246306563822,0.06847967300695816
catboost,STORE0007,SKU0098,14,477.0,0.9285714285714286,0.27818320494658777,0.3427895796235114,9.478099197108742,14.295305555821322,0.3570193838061194,0.13633410224825412
catboost,STORE0007,SKU0099,14,1133.0,1.0,0.2140748141057986,0.2614963728806206,17.32476888441927,20.73994367228647,0.22126232365812082,0.10770115882916743
catboost,STORE0007,SKU0100,14,955.0,1.0,0.19819216696734154,0.24000131190323218,13.519537103843655,18.734717729837442,0.2059188518560699,-0.003836491547241811
catboost,STORE0007,SKU0101,14,165.0,1.0,0.4494282940126622,2.023913210362099,5.296833465149233,7.408900274133434,0.5194612014890437,0.27788536579183254
catboost,STORE0007,SKU0102,14,1147.0,1.0,0.294897039242316,0.6676312978809646,24.160493143638316,31.60680845112485,0.359661354130883,0.11562031496184909
catboost,STORE0008,SKU0001,14,1519.0,1.0,0.23207279863910046,0.2780413161315204,25.1798986523424,36.486802037919816,0.22283689898374828,0.06299475736326401
catboost,STORE0008,SKU0002,14,1009.0,1.0,0.20750745903526366,0.22807302310044633,14.955359011898645,16.87749867928267,0.2118919637506834,-0.004967691813391184
catboost,STORE0008,SKU0003,14,339.0,1.0,0.29228267057923313,0.3107727472738507,7.077416094740002,9.670446984698817,0.29132822312675055,-0.07906475973873323
catboost,STORE0008,SKU0004,14,1489.0,1.0,0.24416212400902854,0.28661722487370117,25.968385903531676,29.02251013687106,0.26162897257632706,-0.06661898120200249
catboost,STORE0008,SKU0005,14,1579.0,1.0,0.25324757582351826,0.32729969845344903,28.562708730381097,35.647375820087206,0.27839560501957344,0.01136688997514302
catboost,STORE0008,SKU0006,14,1939.0,1.0,0.1950434865554656,0.48183133821195695,27.013522887931988,36.16095282302627,0.24785771464504933,-0.07643760222249553
catboost,STORE0008,SKU0007,14,374.0,1.0,0.4063079655513571,2.3827401703617794,10.854227079729112,13.21077742676103,0.4669638959018763,0.12172676887671496
catboost,STORE0008,SKU0008,14,370.0,1.0,0.27797937289197333,0.3213673045123864,7.34659771214501,8.14042617106578,0.28253449755675997,0.06797398563969179
catboost,STORE0008,SKU0009,14,896.0,1.0,0.3096102320556725,4.719614362259739,19.81505485156304,25.099650425932413,0.3746737360881086,0.05025372533646133
catboost,STORE0008,SKU0010,14,525.0,1.0,0.27773236515350125,0.3700617583055182,10.414963693256297,12.964716579748675,0.28392044620250256,0.14663076723791751
catboost,STORE0008,SKU0011,14,338.0,1.0,0.20044954222753145,0.19640435388315616,4.839424662350402,6.885291793207047,0.1837620400688879,0.0348974393796818
catboost,STORE0008,SKU0012,14,949.0,1.0,0.2610777420746473,0.3675208109656551,17.697341230631448,21.379066629667932,0.2877638437358469,0.10629964283532793
catboost,STORE0008,SKU0013,14,1894.0,1.0,0.17345074906865318,0.21317605265112477,23.465408481144937,38.28022840755249,0.18140204045286398,0.008998986366486888
catboost,STORE0008,SKU0014,14,903.0,1.0,0.2987011174650766,0.29471189838755707,19.26622207649744,28.12159975621536,0.28211785408817674,-0.030676373158015136
catboost,STORE0008,SKU0015,14,189.0,1.0,0.2562019110321445,0.2762743629005105,3.4587257989339513,4.322577061380776,0.2567038781041536,-0.018160527640612975
catboost,STORE0008,SKU0016,14,488.0,1.0,0.23823637800413155,0.21326373794646075,8.3042394618583,10.93323450926965,0.23082886479389955,-0.1552168058832687
catboost,STORE0008,SKU0018,14,1262.0,1.0,0.25682145702870135,0.28507652129634475,23.15061991215865,27.444119952688496,0.2609422393552675,-0.018295125858737122
catboost,STORE0008,SKU0020,14,909.0,1.0,0.17708365205737683,0.17312397834429866,11.497788551439681,14.239429668478069,0.18125254420780074,-0.11144480570997176
catboost,STORE0008,SKU0022,14,1449.0,1.0,0.25272361723685005,0.295690226789962,26.15689438401398,30.40181769444406,0.2652061022640031,-0.037362385868217406
catboost,STORE0008,SKU0025,14,468.0,1.0,0.3389487908816288,0.6447681237190385,11.330573866614449,13.887919721282394,0.3622718254550229,0.18332942181786574
catboost,STORE0008,SKU0027,14,2431.0,1.0,0.2119458690066357,0.26487812476245576,36.802886253937956,46.05457087268176,0.23823185054012663,-0.09592178845315276
catboost,STORE0008,SKU0028,14,2184.0,1.0,0.2826050709688231,0.34775509939053706,44.086391071136404,50.861866892847225,0.3107221406243164,-0.11936324766130708
catboost,STORE0008,SKU0029,14,460.0,1.0,0.467366840050616,1.3310660189524486,15.356339030234526,19.54403353351957,0.4834193054781067,0.34917486646959495
catboost,STORE0008,SKU0030,14,737.0,1.0,0.2228513670697696,0.2571165553212239,11.7315326807443,13.261100613279465,0.22742375353132097,0.0726641266769296
catboost,STORE0008,SKU0031,14,917.0,1.0,0.3734413239099776,0.9232377525515226,24.46040671610353,31.459897217845313,0.4250269691355394,0.18040372046822012
catboost,STORE0008,SKU0033,14,1750.0,1.0,0.20888763073619934,0.2075238059805255,26.110953842024916,31.91796002378167,0.21180799564005218,-0.05617569624385979
catboost,STORE0008,SKU0035,14,2593.0,1.0,0.38693538230350877,1.9990307012200554,71.66596045092845,86.04333404363123,0.4292481964197093,0.08844183668780992
catboost,STORE0008,SKU0038,14,1628.0,1.0,0.22263720687479474,0.22960750546990796,25.889526628011847,32.38118555964858,0.22171015575201394,-0.03540980194568598
catboost,STORE0008,SKU0039,14,321.0,1.0,0.2573738558906606,0.2422090820829144,5.90121483863586,7.29514464228497,0.26311375643780005,-0.14863378425628632
catboost,STORE0008,SKU0040,14,505.0,1.0,0.29295059041266636,1.2336932677862988,10.567146297028321,15.107152593343528,0.34278812457001956,0.0824374911950266
catboost,STORE0008,SKU0041,14,1837.0,1.0,0.18149322432343215,0.18967751216964585,23.814503791581778,28.66572507777385,0.19072638191714808,-0.04681929410843604
catboost,STORE0008,SKU0042,14,281.0,1.0,0.1800571390951474,0.1917610480286604,3.61400400612403,4.448905854469399,0.18323417741520837,-0.034092444464855105
catboost,STORE0008,SKU0043,14,765.0,1.0,0.4960337523283941,4.244383611405243,27.10470146651582,34.97853740136817,0.5506187844778935,0.15051461080938763
catboost,STORE0008,SKU0044,14,1387.0,1.0,0.23921896961941494,0.28797430548876385,23.69976506158061,28.467977898962875,0.2531723297707372,-0.03052460032321537
catboost,STORE0008,SKU0045,14,1369.0,1.0,0.20830841192009322,0.2151102513459116,20.369586851329114,24.79840377624053,0.20985199217453426,0.018488173680273643
catboost,STORE0008,SKU0046,14,1773.0,1.0,0.21775458857956934,0.274076583401016,27.57706325368403,36.22183226581715,0.2404230238662815,-0.08525284377018974
catboost,STORE0008,SKU0047,14,1012.0,1.0,0.4517525371403716,0.5911313252124311,32.65525482757543,36.743037273222505,0.41287834818234004,0.3518628302213671
catboost,STORE0008,SKU0048,14,1241.0,1.0,0.2218611230273131,0.2526143727168239,19.666403834063967,25.475414799821923,0.23433629008449144,-0.04493929051491674
catboost,STORE0008,SKU0049,14,709.0,1.0,0.3008919618871265,0.4126462611248732,15.238028641283766,17.944796884708822,0.30640083195867174,0.15225372165363518
catboost,STORE0008,SKU0051,14,1030.0,1.0,0.36390087651489517,1.3316437744942655,26.77270734359586,35.17407787268873,0.4223306625935254,0.0969940583920394
catboost,STORE0008,SKU0055,14,204.0,1.0,0.29274016488532806,0.35952574865707626,4.26564240261478,5.050120001434354,0.2856436862428621,0.1807748471692789
catboost,STORE0008,SKU0056,14,385.0,1.0,0.35752483595314977,0.47169560539824207,9.831932988711618,14.693678110629461,0.3288246117314996,0.011108006558930407
catboost,STORE0008,SKU0057,14,1252.0,1.0,0.2961367997518221,0.3264147360945296,26.483090949234377,32.054439053104865,0.2835199561241187,0.10114372133308773
catboost,STORE0008,SKU0059,14,364.0,0.9285714285714286,0.425348759182413,0.40884884374033353,11.059067738742739,12.70420130717798,0.47355948484780913,0.10548104339131921
catboost,STORE0008,SKU0060,14,906.0,1.0,0.28771873888012744,0.5340094507864509,18.619512673242532,24.580839070485634,0.3236115346664974,0.02513321613811599
catboost,STORE0008,SKU0061,14,1310.0,1.0,0.23271440670061663,0.2838726429367326,21.775419484129127,26.112978268770647,0.23685847380230377,0.09116813416628455
catboost,STORE0008,SKU0062,14,294.0,1.0,0.31854291952943575,0.8860260877113534,6.689401310118151,8.422602308809207,0.3636448648238294,-0.14026216556354187
catboost,STORE0008,SKU0064,14,1430.0,1.0,0.21128825472011065,0.21947547133509127,21.58158601783987,24.380166573932588,0.2101847302802173,-0.007977330122295364
catboost,STORE0008,SKU0065,14,1094.0,1.0,0.23491729250625523,0.2358488739065708,18.35710842870309,24.233799822844272,0.23106830534972794,-0.03489791709967949
catboost,STORE0008,SKU0066,14,465.0,1.0,0.15387245340302577,0.16440720530319589,5.110763630886213,6.463255383127981,0.15431203698311655,0.03602921226097296
catboost,STORE0008,SKU0067,14,589.0,1.0,0.31811294404584317,0.5136811682572475,13.383466003071545,17.608019813092717,0.33644831002726006,0.08061031149080684
catboost,STORE0008,SKU0072,14,583.0,1.0,0.2085647469717086,0.2550398604644485,8.685231963179008,11.063987074222734,0.2200018833381622,-0.015482403558348635
catboost,STORE0008,SKU0074,14,1162.0,1.0,0.2771404525953046,0.5410754791588311,23.002657565410285,31.191452905579126,0.31286586627391844,0.09104318816113885
catboost,STORE0008,SKU0075,14,510.0,1.0,0.22321217052467354,0.3104924957692193,8.131300497684537,10.524699038116873,0.23912437946089993,-0.0061816417976007275
catboost,STORE0008,SKU0076,14,476.0,1.0,0.3175456850730682,0.8000196393077196,10.796553292484319,13.784754609180228,0.3756042578066231,0.06346502379127307
catboost,STORE0008,SKU0077,14,960.0,1.0,0.2563661827927625,0.8637084531069721,17.579395391503716,22.93890388176143,0.3289747513792744,0.12116544777226766
catboost,STORE0008,SKU0078,14,541.0,1.0,0.16322252435739393,0.15723482014854404,6.307384691239294,7.355070373903384,0.1663674756428187,-0.08462067457817692
catboost,STORE0008,SKU0080,14,1359.0,1.0,0.22207377480969406,1.0633691562966479,21.55701856902673,31.77655312587534,0.2669798690412433,-0.04051019359429238
catboost,STORE0008,SKU0081,14,857.0,1.0,0.30926533639750475,0.9278496730835724,18.93145666376154,25.12422611806741,0.33263037850656074,0.2315183606709594
catboost,STORE0008,SKU0082,14,1036.0,1.0,0.25450741016118567,0.28632598515345414,18.83354835192774,21.668724544745295,0.2646359338663075,-0.028294647458770857
catboost,STORE0008,SKU0083,14,1555.0,1.0,0.13492667743683048,0.12093133897754514,14.9864988153051,19.643766241551912,0.1316828019518822,-0.10129375667549885
catboost,STORE0008,SKU0084,14,433.0,1.0,0.2234125926042874,0.21810766157466985,6.909832328404031,8.984098361249885,0.23051089271266129,-0.13346782599101217
catboost,STORE0008,SKU0085,14,1368.0,1.0,0.24555953058675067,0.2776007609866768,23.994674131619636,28.65910580052914,0.24534454578369563,0.03249068547415169
catboost,STORE0008,SKU0086,14,156.0,0.9285714285714286,0.24294997546732297,0.19601549337474522,2.7071568694930273,3.630435289112846,0.31575944495924874,0.03527459569362046
catboost,STORE0008,SKU0087,14,544.0,1.0,0.2149005238994286,0.21937094495403117,8.35042035723494,10.129562799442967,0.21998514809217193,-0.09304452561457406
catboost,STORE0008,SKU0088,14,350.0,1.0,0.2623527087270098,0.3031366662925934,6.558817718175244,7.861740730788382,0.27049422604524065,-0.04881941897895869
catboost,STORE0008,SKU0089,14,751.0,1.0,0.3024576801054106,0.2987720052649192,16.224694125654526,19.078548089300813,0.3197588718431344,-0.17298598812551788
catboost,STORE0008,SKU0090,14,344.0,1.0,0.31972078511114327,0.35261940515456003,7.85599643415952,9.264923224729548,0.3281676419167447,-0.08986262986910877
catboost,STORE0008,SKU0091,14,360.0,1.0,0.3018590332798694,1.653021775837559,7.762089427196642,11.95129595487706,0.3431715961926451,0.011383553008491197
catboost,STORE0008,SKU0092,14,1494.0,1.0,0.29072073618924055,0.5243164908262958,31.024055704766102,39.19287703509835,0.3244945228148311,-0.07885871721533097
catboost,STORE0008,SKU0093,14,1165.0,1.0,0.2499472334208957,0.3174695328454176,20.799180495381677,26.01410413480959,0.26405774992559267,0.026035493496953083
catboost,STORE0008,SKU0094,14,1177.0,1.0,0.21122069926710327,0.1918468857260826,17.757625931241467,22.81670085918152,0.21244334965034198,-0.1387454632390847
catboost,STORE0008,SKU0095,14,449.0,1.0,0.22867586764575268,0.27009237088998606,7.333961755210211,8.912992487593714,0.23410063234204445,0.04364954264286178
catboost,STORE0008,SKU0096,14,1339.0,1.0,0.24336369092849486,0.3258504212980074,23.275998725232473,31.443824578417665,0.25010437085334425,0.07871464082140535
catboost,STORE0008,SKU0097,14,1035.0,1.0,0.33746063942996146,0.43848020595810666,24.94798298642929,32.13787754365601,0.3307691465400006,0.0786169336836371
catboost,STORE0008,SKU0098,14,692.0,1.0,0.20147062483824874,0.22818415069392567,9.958405170576295,12.005569847473412,0.21687097279611134,-0.06711962741837553
catboost,STORE0008,SKU0099,14,1683.0,1.0,0.21792926841785587,0.25528854772163434,26.19821133908939,31.155331135828884,0.2335481991340495,-0.045250804591565795
catboost,STORE0008,SKU0100,14,1462.0,1.0,0.20881222586891113,0.20992821427799843,21.805962444310577,23.64108494909066,0.21713983221201175,-0.10412409547304433
catboost,STORE0008,SKU0101,14,243.0,1.0,0.34533249174114894,0.8615438743163182,5.993985392364229,7.545661229840041,0.38182348792282433,0.13823403273183407
catboost,STORE0008,SKU0102,14,1650.0,1.0,0.23630417167635578,0.3340185391020002,27.850134518999077,38.34809718468091,0.2520392918252426,0.1945442895544249
catboost,STORE0009,SKU0001,14,1379.0,1.0,0.23165092414817437,0.2280124923606783,22.817616028595175,30.827293931023835,0.23210586497324628,-0.071250423569587
catboost,STORE0009,SKU0002,14,848.0,1.0,0.32989413746358504,0.474984948085161,19.98215918350858,25.529263821210296,0.3386917586420764,0.014807639451800938
catboost,STORE0009,SKU0003,14,237.0,1.0,0.3490581280802484,0.8106014752865203,5.909055453929919,7.459943724885923,0.3910787791384403,0.11921440937732884
catboost,STORE0009,SKU0005,14,1252.0,1.0,0.2866087666762491,0.5839614864887798,25.631012562761708,29.18379260582299,0.3405565634980118,0.05371443087947189
catboost,STORE0009,SKU0006,14,1664.0,1.0,0.2443890207538735,0.46703081220453513,29.04738075246039,38.003662733852224,0.27746201048418473,0.006983744328627071
catboost,STORE0009,SKU0008,14,367.0,1.0,0.1487965412660489,0.1641865737151758,3.900595046045711,5.069731831872657,0.1533525917818588,-0.040366447024326756
catboost,STORE0009,SKU0009,14,705.0,1.0,0.34674043290501083,1.258202205413303,17.46085751414519,23.675363966746712,0.4028285300436896,0.09798095180430003
catboost,STORE0009,SKU0010,14,379.0,1.0,0.36728422400770566,0.6454870069370651,9.942908635637176,12.01093690260164,0.36769665060021206,0.2736885096483291
catboost,STORE0009,SKU0011,14,293.0,1.0,0.20684681372171895,0.3685657536787799,4.329008315747403,6.153250633061555,0.24335438665588385,0.05176017162272715
catboost,STORE0009,SKU0012,14,729.0,1.0,0.36595254228668506,1.177449550406357,19.055671666213815,26.03128856079037,0.4284260578981827,0.22568839013388234
catboost,STORE0009,SKU0013,14,1701.0,1.0,0.21323434766288027,0.25353389354332606,25.90797324103995,34.309971044952306,0.2379631977493331,-0.056907903353639266
catboost,STORE0009,SKU0015,14,147.0,1.0,0.3641272712240581,1.017507577021637,3.8233363478526097,4.442694602078301,0.4203791460527522,0.026211027142305634
catboost,STORE0009,SKU0016,14,347.0,1.0,0.42567300957698173,1.347235955133774,10.55060959451519,13.978527659578173,0.45008035589590994,0.1356485400256571
catboost,STORE0009,SKU0017,14,1593.0,1.0,0.24778984215341687,0.23812989099257248,28.194944182170932,35.60955162499747,0.24100726297026284,-0.08420913735057801
catboost,STORE0009,SKU0018,14,1416.0,1.0,0.2598943769596882,0.24727784542412157,26.286459841065607,30.71848248235371,0.27467267087760566,-0.18713001209980842
catboost,STORE0009,SKU0019,14,230.0,1.0,0.34669875726635946,0.6345053665849691,5.695765297947334,6.625375653541996,0.4117337920977742,0.1146188358951102
catboost,STORE0009,SKU0020,14,639.0,1.0,0.2197978011074101,0.4133350559474445,10.032199636259646,13.40083476522412,0.254445572834127,0.038840451034431345
catboost,STORE0009,SKU0022,14,1233.0,1.0,0.3537866849961503,0.8034995105056051,31.15849875716095,38.36846183263186,0.397194722610552,0.06883354614963814
catboost,STORE0009,SKU0023,14,991.0,1.0,0.3500390387088197,0.403108598375297,24.777763382888594,30.12292342279687,0.33624779541521227,0.05530300903160891
catboost,STORE0009,SKU0024,14,724.0,1.0,0.25234000354311903,0.2907481236130406,13.049583040372726,15.178085902209634,0.255726643214644,0.061199466969414015
catboost,STORE0009,SKU0025,14,431.0,1.0,0.22661210033047147,0.38472253220870245,6.976415374459514,9.081091122591936,0.24562978340148692,0.09809063931301787
catboost,STORE0009,SKU0027,14,1920.0,1.0,0.19426779846293682,0.2602718892163314,26.64244093205991,34.685551025923324,0.2133828087743837,0.03355391239072823
catboost,STORE0009,SKU0028,14,1576.0,1.0,0.27591030043892256,0.3716601296527422,31.05961667798157,41.19950469631319,0.28147504537847745,0.018819281624758627
catboost,STORE0009,SKU0030,14,587.0,1.0,0.23073774613245585,0.3169856976812345,9.674504069982257,12.08930394848248,0.24352265301045242,0.15545931654049933
catboost,STORE0009,SKU0032,14,997.0,1.0,0.4236273168091625,1.9405110800057852,30.16831677562393,46.57098985968241,0.4885618963126212,0.10874156795551067
catboost,STORE0009,SKU0033,14,1735.0,1.0,0.25203231160090145,0.2565899541867541,31.234004330540284,36.58953575166589,0.2709460610189904,-0.1646356521677491
catboost,STORE0009,SKU0034,14,2219.0,1.0,0.25835343464085564,0.28372895994727626,40.94901939057562,47.00415081230086,0.25813514862282166,0.012114079370511188
catboost,STORE0009,SKU0035,14,2812.0,1.0,0.22725851396938176,0.22548564021630318,45.64649580585011,54.26103897515301,0.23799175519780014,-0.12150867939166295
catboost,STORE0009,SKU0037,14,1292.0,1.0,0.21378678921227182,0.31414239816915057,19.72946654730394,25.259629717418253,0.23594550336514675,0.08279109898042573
catboost,STORE0009,SKU0038,14,1253.0,1.0,0.26507368284579774,0.34803238510275963,23.724094614698895,27.25287024298117,0.2762814541508004,0.07794706449769534
catboost,STORE0009,SKU0039,14,227.0,1.0,0.2664423456044083,0.7232259787315004,4.320172318014335,6.169606698953602,0.3090802426256753,0.0763801064515132
catboost,STORE0009,SKU0041,14,1453.0,1.0,0.28097680368200495,0.7276411425035443,29.1613782678538,44.10231606110391,0.29484703087447695,0.08041994008980186
catboost,STORE0009,SKU0044,14,1174.0,1.0,0.2968964712090541,1.0098888609070362,24.89688979995925,32.0154066479627,0.35443020545449094,0.09612698282343045
catboost,STORE0009,SKU0045,14,1026.0,1.0,0.3068492754616105,0.7753102497973753,22.48766833025803,25.69778844647513,0.3578490269318232,0.13899966611176193
catboost,STORE0009,SKU0046,14,1328.0,1.0,0.2719563894575427,0.30678762654727915,25.797006085686906,34.51834376114008,0.25555894733952206,0.057413938230428195
catboost,STORE0009,SKU0047,14,1126.0,1.0,0.25756426538833355,0.27470341897953443,20.715525916233112,25.00322295250996,0.2705371377154429,-0.11142149173241558
catboost,STORE0009,SKU0049,14,539.0,1.0,0.3201139685294005,0.3725405752977243,12.324387788381918,13.619591738450186,0.2981520978323097,0.23413859847551943
catboost,STORE0009,SKU0050,14,233.0,1.0,0.1510624821770491,0.1467773813366607,2.5141113105180315,2.9959556446221347,0.14929083178889924,-0.028204678190230686
catboost,STORE0009,SKU0051,14,894.0,1.0,0.2633023178124611,0.39890265106250045,16.81373372316716,21.21911048713388,0.2824534530802638,0.041033940730678786
catboost,STORE0009,SKU0052,14,809.0,1.0,0.1667580538659634,0.1570393640865094,9.636233255540315,12.207278972344984,0.16655971537337919,-0.08254958653849528
catboost,STORE0009,SKU0055,14,175.0,1.0,0.19642503396105093,0.32664640958247765,2.455312924513137,3.302592200958878,0.22405160672312688,0.08122606793233392
catboost,STORE0009,SKU0057,14,986.0,0.9285714285714286,0.41609005995434095,1.0135876916027395,29.30462850821287,38.23076268153849,0.4795962873843814,0.2527120686348029
catboost,STORE0009,SKU0058,14,1123.0,1.0,0.38803500539734553,2.816853636549602,31.125950790087074,40.51566707542391,0.44570779547090755,0.11409808651916456
catboost,STORE0009,SKU0059,14,384.0,1.0,0.2370368057229484,0.239067179355275,6.501580956972299,7.446195863550869,0.257127189829886,-0.1726063405251461
catboost,STORE0009,SKU0060,14,817.0,1.0,0.21688088273546052,0.2432296899986003,12.656548656776518,14.605404620138389,0.2257581765419918,-0.01912328074934765
catboost,STORE0009,SKU0061,14,1390.0,1.0,0.261487464876929,0.34950157945097426,25.96196972706652,31.365816669410076,0.28873271961053243,-0.062084569495577765
catboost,STORE0009,SKU0062,14,252.0,0.9285714285714286,0.32393072514105337,0.24868023265658537,5.83075305253896,7.460422543151421,0.3896798049702045,-0.08802376715513081
catboost,STORE0009,SKU0063,14,836.0,1.0,0.26160848048142954,0.4689212885862304,15.621763548748222,19.34921156294106,0.3208921839600674,0.07616579263685923
catboost,STORE0009,SKU0064,14,1341.0,1.0,0.2547984889893963,0.31225907868871683,24.406055266770032,28.2541088275759,0.27701080491315266,-0.08076517945104575
catboost,STORE0009,SKU0065,14,898.0,1.0,0.1782177552673029,0.1839207170769735,11.431396016431288,14.95940736585236,0.16712828842144897,0.09599326251985926
catboost,STORE0009,SKU0066,14,434.0,1.0,0.19149445685170338,0.18678449490147614,5.936328162402805,7.997598560801461,0.18711190873334788,-0.07375333237804872
catboost,STORE0009,SKU0067,14,473.0,1.0,0.2754359276568667,0.5632745816585476,9.305799555835566,11.86211937521533,0.3052076215910298,0.0725585905352625
catboost,STORE0009,SKU0068,14,556.0,1.0,0.23481973315959193,0.32625101630687414,9.325697974052364,11.247941140244441,0.26385444241973705,0.06404540334405093
catboost,STORE0009,SKU0069,14,1072.0,1.0,0.5320944169828609,0.6772619028949204,40.743229643259056,52.877487065533806,0.44712551590199745,0.29764513091506845
catboost,STORE0009,SKU0070,14,1061.0,1.0,0.3244061150124531,0.8969645159710397,24.58534914487234,34.24876417256012,0.35334842296496155,0.23860896490439412
catboost,STORE0009,SKU0071,14,412.0,1.0,0.2663734678949832,0.43604965263153,7.838990626623791,9.440091145848337,0.306102065357126,-0.04221629974302448
catboost,STORE0009,SKU0072,14,452.0,1.0,0.3018159839353177,0.6111547910743075,9.7443446241974,13.104229847596594,0.3236611659527682,0.11568975968845063
catboost,STORE0009,SKU0074,14,1042.0,1.0,0.25224512994336223,0.2635974455087734,18.774244671498817,28.45427205036671,0.23540703826585235,0.01599404052417073
catboost,STORE0009,SKU0075,14,458.0,1.0,0.28878879618897874,0.281675501281397,9.447519189610876,12.14050044822378,0.3083378061761052,-0.22303417213810078
catboost,STORE0009,SKU0076,14,399.0,1.0,0.257749914249834,0.35590120953131654,7.34587255612027,9.107949100153764,0.2793179836093806,-0.012768279989240676
catboost,STORE0009,SKU0077,14,716.0,1.0,0.4063705707894444,0.7407824401532012,20.78295204894587,29.786755609304926,0.38689567677892606,0.36329373857656494
catboost,STORE0009,SKU0078,14,492.0,1.0,0.24630795254635837,0.22827626848272647,8.655965189486308,10.155686252264577,0.26636749282376415,-0.23583138347128668
catboost,STORE0009,SKU0080,14,1224.0,1.0,0.2362895132755359,0.2780829256652874,20.65845458923257,25.824022718198854,0.25044040516337435,-0.11984051694251649
catboost,STORE0009,SKU0082,14,680.0,1.0,0.3638687443875684,1.1873730545676326,17.673624727396177,22.44476281558896,0.4082844717901829,0.2036070011733868
catboost,STORE0009,SKU0083,14,1146.0,1.0,0.29336371427902536,0.9870776913087526,24.01391546884022,29.10805142285727,0.3422436932999389,0.03461735045008475
catboost,STORE0009,SKU0084,14,320.0,1.0,0.28668400899210345,0.37480377001165915,6.5527773483909355,8.198528124606787,0.29108869030964307,0.06283737245382466
catboost,STORE0009,SKU0085,14,1081.0,1.0,0.2620768372660656,0.32672407829726874,20.23607579175835,25.52653082826031,0.2654285184585969,0.0641919402021959
catboost,STORE0009,SKU0086,14,145.0,1.0,0.2169626446593317,0.24325697690494447,2.247113105400221,2.907078332200724,0.2245177877856415,-0.0029510010695561243
catboost,STORE0009,SKU0087,14,419.0,1.0,0.20179431651371288,0.20907457280669736,6.039415615660407,7.138061648139299,0.21288621860394968,-0.10986490487037183
catboost,STORE0009,SKU0088,14,297.0,1.0,0.25344019501911874,0.30087954502516095,5.376552708619876,6.66542688539635,0.24459316431329206,0.14331530909795903
catboost,STORE0009,SKU0089,14,533.0,1.0,0.288035272852702,3.235653525684107,10.965914316463582,14.96284723865829,0.33768829674703243,0.013118335256212685
catboost,STORE0009,SKU0090,14,249.0,0.9285714285714286,0.2864429391738776,0.22672391000016953,5.094592275306823,7.0993186222212765,0.3391163284607358,0.0868913371636847
catboost,STORE0009,SKU0091,14,302.0,1.0,0.22167386828678906,0.2497464356728194,4.781822015900736,5.162709913999386,0.24172744149376105,-0.06159517981575032
catboost,STORE0009,SKU0092,14,1306.0,1.0,0.2900583034323031,0.32406222564158416,27.058296020184848,32.09412830379848,0.30813475190830925,-0.10766618182277625
catboost,STORE0009,SKU0093,14,889.0,1.0,0.34855114289314076,0.5433717561169119,22.13299757371444,26.714780771455988,0.3625523618809711,0.1706294938657768
catboost,STORE0009,SKU0096,14,1393.0,1.0,0.28051943927255313,0.34229072103616637,27.911684207619036,30.740499634315974,0.3148848617065902,-0.1383305679359007
catboost,STORE0009,SKU0097,14,932.0,1.0,0.16862305078891338,0.17336816057096718,11.225477381090519,13.904255827004905,0.1606329847155911,0.08719636853307708
catboost,STORE0009,SKU0098,14,617.0,1.0,0.29546837838589946,0.35387218092327183,13.021713533149997,20.015970223202643,0.28903447291804557,-0.06441849648406049
catboost,STORE0009,SKU0099,14,1318.0,1.0,0.3988750445657592,0.8726753257529148,37.55123633840504,46.71235997002467,0.4687457499487908,0.12764922961244124
catboost,STORE0009,SKU0102,14,1685.0,1.0,0.27223696193068503,0.2726498155579108,32.76566291808602,41.52159194405747,0.267498278210585,-0.04799961607844729
catboost,STORE0010,SKU0001,14,1348.0,1.0,0.19061821108140575,0.2198993479951914,18.35381060983821,24.213287229116027,0.18531412845516054,0.08785426844597553
catboost,STORE0010,SKU0004,14,1388.0,1.0,0.21088768417926998,0.25668259510564556,20.908007545773337,25.757992421249497,0.2250273443870562,-0.038279286502199444
catboost,STORE0010,SKU0005,14,1302.0,1.0,0.2754998628703296,0.36852813339580515,25.621487246940656,30.71703823693248,0.2983479664290292,0.04707346463399612
catboost,STORE0010,SKU0006,14,1503.0,1.0,0.15512991734955006,0.5830387346220115,16.65430469831241,27.78546362138166,0.20088023136238653,0.011651784366201672
catboost,STORE0010,SKU0007,14,334.0,1.0,0.23298098890375515,0.3949845627478351,5.558260735275302,7.4206391252734445,0.2627400745784415,0.1188923630927971
catboost,STORE0010,SKU0010,14,488.0,1.0,0.25511867949405626,0.3053948811378574,8.89270825664996,12.091346540670651,0.26507099047570365,-0.054351255265332035
catboost,STORE0010,SKU0011,14,330.0,1.0,0.27018457778768495,0.2645471912418171,6.368636476424003,7.826835608031357,0.2668450962886028,-0.11021218610076064
catboost,STORE0010,SKU0012,14,874.0,1.0,0.2440703352005218,0.5047338552904878,15.236962354661147,18.023461331115406,0.30163526083460823,0.009684368060661924
catboost,STORE0010,SKU0013,14,1626.0,1.0,0.3065785143433135,0.4863738581713206,35.60690459444484,44.33489798782557,0.3419496413528165,-0.02112451051747611
catboost,STORE0010,SKU0014,14,807.0,1.0,0.22936805718313835,0.28656879348169423,13.22143015334233,16.39901198672977,0.24314424469601667,0.026225480203137926
catboost,STORE0010,SKU0015,14,141.0,1.0,0.2842352451615193,0.3807121174935297,2.8626549691267305,3.3801064622581847,0.3087013538359549,0.005228409662354015
catboost,STORE0010,SKU0016,14,400.0,1.0,0.23241727707071091,0.29054429152476363,6.640493630591741,7.866565598964727,0.2606895241488151,-0.10616096593889267
catboost,STORE0010,SKU0017,14,1321.0,1.0,0.3666286988266068,0.6457748111694821,34.594036510710545,48.41862285975274,0.36859667930103385,0.01575026321229133
catboost,STORE0010,SKU0018,14,1117.0,1.0,0.2193279551810694,0.2583603534970433,17.499237566946753,21.456446655547182,0.22776141925234503,0.02954472596852166
catboost,STORE0010,SKU0019,14,253.0,0.9285714285714286,0.26095391109529636,0.2594980034352719,4.7158099647935705,6.579441499941202,0.34150612581132594,0.17175499880103343
catboost,STORE0010,SKU0020,14,601.0,0.9285714285714286,0.34436659027229194,0.5708341966413127,14.783165768117675,18.684354413369412,0.435788820911809,0.0843741248467426
catboost,STORE0010,SKU0021,14,697.0,1.0,0.31273984601958227,0.4970183733763838,15.569976619689202,19.208825790207797,0.32555541435646135,0.11391721906292152
catboost,STORE0010,SKU0025,14,401.0,1.0,0.1675217434686831,0.20591376024110228,4.798301366495851,6.483665907933715,0.17254703893130455,0.09214927199252071
catboost,STORE0010,SKU0028,14,1787.0,1.0,0.1850749332895558,0.1786837576185038,23.623493270602584,29.971254411592803,0.18415971872687414,-0.07300594168834251
catboost,STORE0010,SKU0029,14,400.0,1.0,0.29361928167071016,1.3762275731011466,8.389122333448862,11.604329820309129,0.33152472252873455,0.2083667244672016
catboost,STORE0010,SKU0030,14,637.0,1.0,0.1984511825616964,0.2667208842482697,9.029528806557186,11.273922850793928,0.21166040662024055,0.07065552333746544
catboost,STORE0010,SKU0032,14,1108.0,1.0,0.2749861701091793,0.30917778083762243,21.76319117721219,23.825360487922513,0.279701786854144,0.008144862280315811
catboost,STORE0010,SKU0034,14,2551.0,1.0,0.35551753061272745,0.41545393308751855,64.78037289950484,89.01190886155338,0.36317448564216653,-0.08693046795626111
catboost,STORE0010,SKU0035,14,2699.0,1.0,0.24885729614704197,0.4495598447920789,47.976131592919025,62.54104309146404,0.2757703523356665,-0.024004416901257913
catboost,STORE0010,SKU0036,14,589.0,1.0,0.3429231813563764,0.4985503472670413,14.427268129921837,17.024174596362155,0.3728548343242827,0.06461170452951967
catboost,STORE0010,SKU0037,14,1785.0,1.0,0.2825176580845308,0.26374312307364345,36.021001405777675,43.977881104395344,0.2982325209048661,-0.20058903306458525
catboost,STORE0010,SKU0038,14,1464.0,1.0,0.2294169486378919,0.3628374159188464,23.99045805756241,30.071819792570633,0.258756002849021,-0.058449484697216884
catboost,STORE0010,SKU0039,14,237.0,1.0,0.25233607161449045,0.31981242154119094,4.271689212331017,5.476321267386952,0.26360062057694345,-0.03415675576357877
catboost,STORE0010,SKU0040,14,367.0,1.0,0.34957727630529767,2.9885412930652437,9.163918600288875,13.20417375009562,0.3658328269592304,0.16487810920005352
catboost,STORE0010,SKU0042,14,195.0,1.0,0.27396255010225196,0.44619620274869315,3.8159069478527954,5.082652664726261,0.2928438297247373,0.1996300512393335
catboost,STORE0010,SKU0043,14,744.0,1.0,0.2616137608039401,0.36731583899006975,13.902902717009388,16.542521138341634,0.2827724617228757,0.14562069352796295
catboost,STORE0010,SKU0045,14,1099.0,1.0,0.12518645698041136,0.23040964707482295,9.827136872962294,14.6785243958814,0.1526992669099705,0.04950037128632239
catboost,STORE0010,SKU0046,14,1367.0,1.0,0.2509052688274783,0.4959737291822816,24.499107320511634,29.4739365329559,0.290193196084061,0.09370304635306279
catboost,STORE0010,SKU0048,14,882.0,1.0,0.3063389952578791,0.9886221563220311,19.299356701246385,25.77430405264565,0.36213716155883063,0.16656167982954106
catboost,STORE0010,SKU0050,14,236.0,1.0,0.16161684269099305,0.15418997324297926,2.7243982053624545,3.6905915211238938,0.15527422833916502,-0.019703125783351854
catboost,STORE0010,SKU0051,14,907.0,1.0,0.2070214097085324,0.38030788904931373,13.412029900402777,18.710929584503628,0.2299900363074026,0.007062500088013502
catboost,STORE0010,SKU0052,14,721.0,1.0,0.23163286996996083,0.34454083010033604,11.929092803452983,15.752036325012359,0.2552573998158358,0.029609791008776275
catboost,STORE0010,SKU0053,14,445.0,1.0,0.2599195148724877,0.23911658836536748,8.26172743701836,10.755400568275588,0.2596693916619624,-0.13500362887363215
catboost,STORE0010,SKU0054,14,1116.0,1.0,0.32149852389497235,0.4494539069040961,25.62802519048494,37.42868001351379,0.28505339716484873,0.2098839272502909
catboost,STORE0010,SKU0055,14,213.0,1.0,0.15426376255238597,0.15579084688439374,2.347012958832729,2.6648870909725964,0.16255133845204098,-0.1029425626745457
catboost,STORE0010,SKU0056,14,374.0,1.0,0.1512555292986105,0.16588210357396552,4.040683425548595,5.179216725333895,0.15590105614261168,0.011096227943016313
catboost,STORE0010,SKU0057,14,1210.0,1.0,0.26597497244196466,0.525818898428222,22.98783690391266,28.66403520735628,0.30279634171041875,-0.05452028491789804
catboost,STORE0010,SKU0058,14,1183.0,1.0,0.29758590947078717,0.41280181794193677,25.146009350281513,32.9111602948113,0.2982696476898313,0.13205055058892357
catboost,STORE0010,SKU0059,14,367.0,1.0,0.2505063335004145,0.2758013459139902,6.566844599618009,8.202179762306502,0.25614560756427796,-0.0283784239636195
catboost,STORE0010,SKU0060,14,801.0,1.0,0.304885294512805,0.49998705645155955,17.443794350339772,21.39003603734011,0.3455660329446765,-0.017979537678516528
catboost,STORE0010,SKU0061,14,1199.0,1.0,0.22332552054236332,0.23524401063001285,19.12623565216383,23.276531845683827,0.22816630060426082,-0.05009045446376235
catboost,STORE0010,SKU0063,14,942.0,1.0,0.15306152052803398,0.17256988407817508,10.298853738386287,13.974773281607103,0.16253374777784343,-0.04123037961912272
catboost,STORE0010,SKU0064,14,1232.0,1.0,0.2528726430156689,0.3622951547212597,22.252792585378867,29.59369170599133,0.2716821217728876,0.02642404103809984
catboost,STORE0010,SKU0065,14,882.0,1.0,0.27974413695432554,0.4167370539019671,17.62388062812251,22.777788559009082,0.2983057439432687,0.10636264847811389
catboost,STORE0010,SKU0067,14,463.0,1.0,0.2679379740225674,0.48659109882516244,8.861091569460623,11.374194020353032,0.30152346681475206,0.07755993063278739
catboost,STORE0010,SKU0068,14,623.0,1.0,0.2491574679385256,0.25105225564545114,11.08750732326439,13.036739710158239,0.24492787556340226,0.01331565031658067
catboost,STORE0010,SKU0069,14,1248.0,1.0,0.1888464301078971,0.28596798904329085,16.834310341046827,23.313703737230785,0.2125166474036805,0.03768637416868421
catboost,STORE0010,SKU0070,14,1503.0,1.0,0.2294179315027554,0.24203617636551827,24.629653646331526,27.254334645829367,0.2502201234524271,-0.15158314848925963
catboost,STORE0010,SKU0073,14,138.0,1.0,0.20188836668355498,0.22848458891974668,1.9900424715950418,2.3663275855748735,0.20759686868110355,-0.004814763187294874
catboost,STORE0010,SKU0074,14,952.0,1.0,0.2554963403498474,0.4356318838000221,17.373751143789622,23.066717796345177,0.29737095871163355,0.059791049573661596
catboost,STORE0010,SKU0075,14,475.0,1.0,0.22231190475347554,0.2785820048060988,7.5427253398500635,9.795528646204955,0.23402752142564456,-0.004408801239561185
catboost,STORE0010,SKU0076,14,354.0,1.0,0.4612284078893168,1.7946176400897529,11.662489742344153,14.478341037156307,0.4771810756328745,0.19159383696993884
catboost,STORE0010,SKU0077,14,817.0,1.0,0.24793344000431117,0.3450623702087935,14.468687177394445,19.857512607245848,0.2546985155056535,0.19509680901219542
catboost,STORE0010,SKU0078,14,444.0,1.0,0.32900015284785716,0.37064603314906597,10.434004847460614,12.881829818775437,0.3433849494679025,-0.1420618413881832
catboost,STORE0010,SKU0079,14,989.0,1.0,0.35836853558199505,0.5047493592926823,25.316177263613792,27.870471014866943,0.36380588082006154,0.13808744114531515
catboost,STORE0010,SKU0080,14,1122.0,0.9285714285714286,0.2793345130667703,0.19239382988285791,22.38666597577974,32.22187827864466,0.3305708755364174,-0.051647657470219197
catboost,STORE0010,SKU0081,14,1047.0,1.0,0.21041718749461472,0.19780328003974113,15.736199664775828,20.137866780909807,0.22073407996584646,-0.1575758083569524
catboost,STORE0010,SKU0083,14,1272.0,1.0,0.26699836962091666,1.1190641693087942,24.258709011271858,31.60650519948396,0.3179986374036761,-0.03726488594155698
catboost,STORE0010,SKU0084,14,331.0,0.9285714285714286,0.30957600651933403,0.24508225671092396,7.319261296992827,8.95114506441233,0.38596350062638457,-0.09101849225192346
catboost,STORE0010,SKU0085,14,1155.0,1.0,0.2693622973917793,1.0989570834098925,22.222389534821794,29.50636703810811,0.34942416430627826,-0.01210734395200348
catboost,STORE0010,SKU0086,14,146.0,1.0,0.1662983215631543,0.1531524967357231,1.734253924872895,2.3526983681523332,0.16692711322096176,-0.11717297599628566
catboost,STORE0010,SKU0087,14,348.0,1.0,0.2652630691043225,0.31807397165994766,6.5936820034503025,8.134405191356995,0.2641095905455897,0.0829758105073504
catboost,STORE0010,SKU0088,14,348.0,1.0,0.2646778681889366,0.38557866512787686,6.579135580696424,8.346600901846084,0.2802669947001113,0.0087726470924956
catboost,STORE0010,SKU0089,14,507.0,1.0,0.34866432760522914,1.4049677520253412,12.626629578275084,18.24673614119229,0.41515061360519373,0.16634171183124769
catboost,STORE0010,SKU0090,14,267.0,1.0,0.13121865843607444,0.12284236060215324,2.502527271602277,3.293716147778063,0.13064662788267095,-0.07796442893745278
catboost,STORE0010,SKU0092,14,1253.0,1.0,0.34632254478915914,0.5392180948908886,30.995867758629743,36.76734672271832,0.37690630108835327,-0.04637162117880238
catboost,STORE0010,SKU0094,14,835.0,1.0,0.3067992488842674,0.597997844797865,18.298383772740234,27.25466506918266,0.32931986530975677,-0.08132718450278677
catboost,STORE0010,SKU0095,14,461.0,1.0,0.185642332165632,0.29477281389519977,6.1129367948825974,8.160907668501933,0.21043310137867596,-0.005661262705917612
catboost,STORE0010,SKU0096,14,1170.0,1.0,0.259388526306517,0.43976009315565273,21.677469698473203,26.201573963953823,0.2860002381481212,0.044626385676779574
catboost,STORE0010,SKU0097,14,883.0,1.0,0.3516507091376032,0.8493213460286555,22.179112583464548,26.869003895102402,0.4017239207456625,0.11593972787158263
catboost,STORE0010,SKU0098,14,456.0,1.0,0.5141763387272272,2.021361815460167,16.747457889972544,20.661695642748597,0.5903906993777053,0.28127499111740983
catboost,STORE0010,SKU0099,14,1273.0,1.0,0.22701849763441978,0.3591552175474845,20.64246767775831,25.366783053732487,0.26179038751648254,0.050257640813190854
catboost,STORE0010,SKU0100,14,1076.0,1.0,0.40756234170198813,0.6998440055347978,31.324077119381375,37.62175288813763,0.44472894669202245,0.019964963807021573
catboost,STORE0010,SKU0101,14,214.0,1.0,0.22520310238832617,0.2375679359103236,3.4423902793644143,3.9808217260034353,0.20615257042347254,0.19976884298894218
catboost,STORE0010,SKU0102,14,1666.0,1.0,0.17939720115590221,0.1851016074658536,21.348266937552363,31.58476235990733,0.17082055736757537,-0.006678375757919718
catboost,STORE0011,SKU0001,14,1706.0,1.0,0.30711459696308013,0.4052893836212739,37.4241073156439,39.503859657175745,0.3488294561761705,-0.07610571979924445
catboost,STORE0011,SKU0002,14,963.0,1.0,0.28000972903562393,0.3782107487379131,19.260669218664702,23.434818154410017,0.28910780517076906,0.0735826340989691
catboost,STORE0011,SKU0003,14,339.0,1.0,0.21421858862068557,0.2440525974516826,5.187150110172316,6.156520455448817,0.22623250149752724,-0.04571574103410196
catboost,STORE0011,SKU0004,14,1501.0,1.0,0.15308677785393732,0.14340458524232041,16.41308953991142,22.142151689644482,0.1517950674300221,-0.0894925189223542
catboost,STORE0011,SKU0005,14,1749.0,1.0,0.20186966521501362,0.18227500521732254,25.21928889007563,38.5485064951426,0.19543788639322393,-0.13668722946891973
catboost,STORE0011,SKU0006,14,1683.0,1.0,0.308934806996366,2.9325623118201274,37.138377155348856,46.80405839681339,0.4093582335306046,0.09244217294620057
catboost,STORE0011,SKU0007,14,501.0,1.0,0.24740031613277264,0.241298714464242,8.853397027322792,12.832995892915912,0.2513842271921212,-0.1707250637624662
catboost,STORE0011,SKU0009,14,904.0,1.0,0.20547706933101234,0.32731225418762183,13.26794790537394,17.247286681618316,0.2368161756272576,0.0015788742288528207
catboost,STORE0011,SKU0012,14,988.0,1.0,0.2895794699706028,0.36867589482382296,20.43603688078254,27.59629390928257,0.29694238165195586,0.0540752713844082
catboost,STORE0011,SKU0014,14,814.0,1.0,0.22492262643824937,0.26009395755171055,13.077644137195355,14.949632130718847,0.2319008912571229,0.07150485449852512
catboost,STORE0011,SKU0015,14,141.0,1.0,0.34065288922742304,1.1711475592033798,3.430861241504761,4.4804253800132345,0.39403178721728704,0.17333308820333743
catboost,STORE0011,SKU0017,14,1642.0,1.0,0.2713082032308637,0.30084715886844243,31.820576407505587,38.8893383834095,0.2718952699683275,-0.013263223945010078
catboost,STORE0011,SKU0018,14,1152.0,1.0,0.22793848826964952,0.3194846437362853,18.756081320474017,24.52669985512155,0.23614817953531797,0.09215065821299534
catboost,STORE0011,SKU0019,14,287.0,1.0,0.2314701696106584,0.40398083519187405,4.7451384770184974,5.691399878438788,0.29066251021535433,0.0695746892182535
catboost,STORE0011,SKU0020,14,659.0,1.0,0.3689645928033973,0.8940763162394821,17.367690475531344,22.501732779523536,0.40325505625080904,0.10483194440003803
catboost,STORE0011,SKU0021,14,795.0,0.9285714285714286,0.338444082331108,0.28285640751440977,19.218788960945062,24.657516943953826,0.37265533577256005,0.19099060080538577
catboost,STORE0011,SKU0022,14,1660.0,1.0,0.2547533077343934,0.2552114197434302,30.206463631363793,34.02692946734399,0.25688386272826846,-0.0686413340998602
catboost,STORE0011,SKU0023,14,964.0,1.0,0.5573850998360644,1.2075748900468057,38.37994544585472,50.248827257372476,0.5150774506709666,0.36960791163695217
catboost,STORE0011,SKU0024,14,794.0,1.0,0.3470516727197743,0.664127692919836,19.682787724250055,24.366816342025697,0.37881947709527186,0.051386015253233906
catboost,STORE0011,SKU0025,14,459.0,1.0,0.3272648164724331,1.3432912386964517,10.729610768631915,13.36553147982115,0.3680652820421825,0.053280560803721344
catboost,STORE0011,SKU0026,14,1462.0,1.0,0.3408533668731931,0.9976045174462319,35.59483016918631,45.80426778909823,0.37785710150330554,0.10304347242166186
catboost,STORE0011,SKU0027,14,2117.0,1.0,0.2896833671024588,1.0833371702544217,43.80426343970752,71.4825162166303,0.30714261891713673,0.14747353481124018
catboost,STORE0011,SKU0028,14,2051.0,1.0,0.31024912583625747,0.40941554156251664,45.45149693501172,52.904946836264784,0.3383915669524571,-0.06367600547533528
catboost,STORE0011,SKU0029,14,540.0,1.0,0.3299696425550387,0.6072297070907255,12.727400498551491,18.1842964204238,0.32881523247758887,0.06461686774855442
catboost,STORE0011,SKU0030,14,741.0,1.0,0.2790114249860195,0.45375781921082287,14.76767613676003,18.824334902846275,0.306033231598039,0.035285866022148026
catboost,STORE0011,SKU0031,14,1024.0,1.0,0.25643709556257654,0.2872729609327724,18.756541846862742,26.602131495353554,0.23971494956058267,0.059842075728800376
catboost,STORE0011,SKU0033,14,1477.0,1.0,0.3148256389719436,1.1845504303901753,33.21410491154005,44.96241029474339,0.34582960416857816,0.09783085785596757
catboost,STORE0011,SKU0034,14,2864.0,1.0,0.27132093314333905,0.31821204872206227,55.50451089446593,63.33144957780301,0.28707131336286745,-0.06175406792525898
catboost,STORE0011,SKU0035,14,2625.0,1.0,0.3884435839409571,0.7621854679916781,72.83317198892946,86.70808696612157,0.44485269347566864,0.005347306950722029
catboost,STORE0011,SKU0036,14,745.0,1.0,0.16901473446741638,0.22586441366137983,8.993998369873228,11.722599835685598,0.18888596322258674,0.01017146721052133
catboost,STORE0011,SKU0037,14,1945.0,1.0,0.2630820614604125,0.3156360044661745,36.54961496717874,43.67839506258177,0.2857703067565693,-0.10622793157637674
catboost,STORE0011,SKU0038,14,1762.0,1.0,0.27974281771967274,0.3234764518273821,35.20763177300453,40.32411862732961,0.29900278820781473,-0.08557038267882376
catboost,STORE0011,SKU0039,14,264.0,1.0,0.42609081764875567,1.7289001450684405,8.034855418519394,9.041143460373371,0.48534872785210587,0.056578856350352924
catboost,STORE0011,SKU0040,14,548.0,1.0,0.20942045712535728,0.22854304099157519,8.1973150360497,10.260257226583388,0.21309625340602592,0.023937587748720707
catboost,STORE0011,SKU0041,14,1678.0,1.0,0.3153025851481092,0.6107869258435762,37.791266991323376,44.56471041206227,0.36382859864625644,0.04912148794997738
catboost,STORE0011,SKU0043,14,803.0,1.0,0.3626526686520642,0.9289015633672701,20.80072092340054,26.30017731043926,0.41954184942516826,0.14893521662621634
catboost,STORE0011,SKU0044,14,1262.0,1.0,0.27909329119566895,0.6559033706787502,25.15826667778101,36.75104271186058,0.3004572966030113,0.06844703415006921
catboost,STORE0011,SKU0046,14,1787.0,1.0,0.1937205975254559,0.2583297045592314,24.727050555570692,30.83891091793338,0.2137681732204591,-0.030007398667451148
catboost,STORE0011,SKU0047,14,1260.0,1.0,0.23599177196584645,0.23615725726346135,21.23925947692618,24.500913777058628,0.24405869940501493,-0.11895720098232752
catboost,STORE0011,SKU0048,14,1120.0,1.0,0.32582281666468277,1.166755090681628,26.06582533317462,33.02272364991167,0.41956215551150444,0.0518292341203552
catboost,STORE0011,SKU0050,14,248.0,1.0,0.2501586106352999,0.7629909164632532,4.431381102682456,6.066897577103345,0.2930532998410114,0.0608894656158942
catboost,STORE0011,SKU0051,14,1127.0,1.0,0.28409370109565674,0.3565973408056326,22.869542938200368,27.076902080931944,0.301358520201786,0.0067946740884973055
catboost,STORE0011,SKU0052,14,860.0,1.0,0.2607288373855936,0.4129847591473467,16.01620001082932,23.44916631814289,0.2789156415967127,-0.011177466700920284
catboost,STORE0011,SKU0053,14,465.0,1.0,0.31075827289133345,1.3154445726015358,10.321614063890719,13.243514215487439,0.3625752810632746,0.0036204510389394526
catboost,STORE0011,SKU0054,14,1640.0,1.0,0.18908669858906785,0.21621908980428278,22.15015612043366,27.48607718176686,0.20225832430061702,-0.03615681156381462
catboost,STORE0011,SKU0055,14,192.0,0.8571428571428571,0.44597005820855956,0.6506823766693405,6.116160798288817,8.148656832054177,0.5565252709047298,0.20125163493338624
catboost,STORE0011,SKU0056,14,400.0,1.0,0.3033082530455077,0.452109826667152,8.665950087014505,9.898056395813082,0.3630587360593839,-0.11264421146953225
catboost,STORE0011,SKU0058,14,1296.0,1.0,0.35336931170905184,0.7381465572130707,32.71190199820937,40.50835767243804,0.3822297706082338,0.05516127796660973
catboost,STORE0011,SKU0059,14,425.0,1.0,0.22931764359038417,0.3117486735381818,6.961428466136662,9.530878900176646,0.24046486803826506,-0.06334888392416275
catboost,STORE0011,SKU0061,14,1435.0,1.0,0.2430538405305027,0.3302669143684746,24.913018654376526,35.40342094887226,0.26075300668838697,-0.03132762968729402
catboost,STORE0011,SKU0062,14,249.0,1.0,0.31670255292121213,0.5643857091841845,5.632781119812988,6.867163346398956,0.34661564259763056,0.09774445256618468
catboost,STORE0011,SKU0064,14,1470.0,1.0,0.23901955899596136,0.24519238589811446,25.097053694575944,30.60291505764473,0.24241824431290013,-0.0606617847921938
catboost,STORE0011,SKU0065,14,1013.0,1.0,0.24603323372031824,0.30788624632663397,17.802261839905885,23.76534927519578,0.2568182464499929,0.013566628525797663
catboost,STORE0011,SKU0066,14,486.0,1.0,0.2577844012135869,0.27346875506781876,8.948801356414517,9.988017709914471,0.2601023475873155,-0.02809479886197861
catboost,STORE0011,SKU0067,14,553.0,1.0,0.33028850222986844,0.6112389798063765,13.046395838079803,16.584845944439834,0.36329996302170336,0.051767896953863864
catboost,STORE0011,SKU0068,14,657.0,1.0,0.20180662084857082,0.20693226157596495,9.470496421250788,11.37888339488639,0.21379974086869494,-0.07390405352322599
catboost,STORE0011,SKU0069,14,1593.0,1.0,0.19882013236429666,0.19650220391531742,22.622890775451758,33.08506298892811,0.2044832386116743,-0.12301780233994056
catboost,STORE0011,SKU0070,14,1494.0,1.0,0.2438623750834263,0.5921789839944733,26.023599169617064,34.02926988245415,0.2867175287765268,-0.0006869442878164114
catboost,STORE0011,SKU0071,14,524.0,1.0,0.234792121003182,0.2424561659164461,8.787933671833384,9.935262891989346,0.24618118753877488,-0.10470278698252038
catboost,STORE0011,SKU0072,14,561.0,1.0,0.2879793191696733,0.39736763351091026,11.539742718156193,14.033339809657695,0.30102091909611733,0.05102825574602303
catboost,STORE0011,SKU0073,14,184.0,0.9285714285714286,0.2633251735744541,0.18229177263204768,3.4608451384071115,4.724132347431261,0.33829340972599986,-0.12103937605644483
catboost,STORE0011,SKU0074,14,1107.0,1.0,0.2621213542362503,0.34209530411380207,20.726309938537792,23.6905707648317,0.28256470158547076,0.037845704149315824
catboost,STORE0011,SKU0077,14,1037.0,1.0,0.23476818516821185,0.26373854608199315,17.38961485853112,23.933519905830657,0.2407827472587549,-0.08129732928154793
catboost,STORE0011,SKU0078,14,447.0,1.0,0.17173486520977216,0.199131497616041,5.483248910626297,6.425756116041252,0.17666691031480264,0.08557084149871291
catboost,STORE0011,SKU0079,14,1376.0,1.0,0.2980597881477877,0.3247773007959606,29.295019177953993,33.1113705126483,0.31606434806096784,-0.11428117923064857
catboost,STORE0011,SKU0082,14,908.0,1.0,0.33238503088662796,0.44372260811043096,21.55754343178987,26.213516060294197,0.35624557070550367,-0.03113662376703317
catboost,STORE0011,SKU0083,14,1365.0,1.0,0.3264848065977017,0.6205950506656145,31.832268643275913,38.16188273005994,0.3569644146154268,0.016108837042799296
catboost,STORE0011,SKU0085,14,1342.0,1.0,0.28699636695785363,0.6017520994839505,27.510651746959972,32.34086321667081,0.3305608344588033,0.05801373745052058
catboost,STORE0011,SKU0086,14,173.0,1.0,0.19256604670101085,0.22718640519714098,2.379566148519634,2.8779767823639752,0.20886998339455662,-0.027212935814957585
catboost,STORE0011,SKU0087,14,463.0,1.0,0.17580929017782868,0.22779979929389121,5.814264382309619,7.319504370816926,0.1924822623261811,0.025963479940272798
catboost,STORE0011,SKU0088,14,400.0,1.0,0.1951308398778846,0.18371690142643296,5.575166853653846,8.18726122748908,0.18736002906673457,-0.062049933699775336
catboost,STORE0011,SKU0089,14,668.0,1.0,0.29599726861182146,0.37935797608502664,14.123298245192624,18.50048588543173,0.3171755548864764,-0.10981716560137411
catboost,STORE0011,SKU0090,14,347.0,1.0,0.2346947133692639,0.2404736130589542,5.817076109938184,7.025174026799506,0.2489206267522189,-0.16196633530955715
catboost,STORE0011,SKU0094,14,891.0,1.0,0.2851485883328492,0.35493408254418046,18.1476708717549,23.26504870141915,0.2899087952467757,0.0379259406559064
catboost,STORE0011,SKU0095,14,484.0,1.0,0.29714634797122325,0.3381068982902517,10.272773744148003,12.158727555211943,0.3097863459512077,-0.078167114032556
catboost,STORE0011,SKU0096,14,1533.0,1.0,0.2475817163385895,0.9071721493721264,27.11019793907555,35.72531305175621,0.3094987313229716,-0.05342958067822093
catboost,STORE0011,SKU0097,14,1139.0,1.0,0.3125300566591868,0.4054377285508707,25.426552466772414,29.823764378723485,0.34720484679161295,-0.09574969494812022
catboost,STORE0011,SKU0098,14,576.0,1.0,0.4554257024766546,1.743491758477692,18.73751461618236,23.088986499908312,0.4906686168237552,0.04193554326858975
catboost,STORE0011,SKU0100,14,1173.0,1.0,0.38798293092324326,0.5136732739679989,32.50742699806888,36.08504538188305,0.3891319810070087,0.14004384216064952
catboost,STORE0011,SKU0101,14,290.0,1.0,0.18600398786611708,0.19367918212776775,3.8529397486552823,4.950775418358271,0.18404487118150437,-0.005305382508921803
catboost,STORE0012,SKU0001,14,1615.0,1.0,0.3353776114424097,0.6450791907648554,38.688203034249405,46.942280224727895,0.38934654846966466,-0.1672650540992002
catboost,STORE0012,SKU0002,14,1021.0,1.0,0.17780517436486773,0.1797710668736537,12.967077359037855,18.032612036221774,0.18289385257197696,-0.08729099062972921
catboost,STORE0012,SKU0004,14,1315.0,1.0,0.22260116503315414,0.3194125519339868,20.908609429899833,27.657853692202263,0.2372961560147516,-0.030953388796148007
catboost,STORE0012,SKU0005,14,1255.0,1.0,0.354173573879385,0.48934414507810703,31.74913108704487,39.34570603975854,0.3723723082804473,0.03441179425289569
catboost,STORE0012,SKU0006,14,1388.0,1.0,0.2143906735549272,0.36166417090821074,21.255303921017067,30.081803723971223,0.24647822137162176,0.13564230124206159
catboost,STORE0012,SKU0007,14,380.0,1.0,0.20196826833090942,0.20952996650324626,5.481995854696113,7.774258725789945,0.19745604066573533,-0.029649432736196815
catboost,STORE0012,SKU0008,14,336.0,1.0,0.28559135189289425,0.3451296287809457,6.854192445429462,8.31305097328461,0.2958904142672295,-0.04112901552989
catboost,STORE0012,SKU0009,14,708.0,1.0,0.25022701661950353,1.4722767354764041,12.654337697614894,18.885195127581547,0.32947381558475347,0.06702985028382885
catboost,STORE0012,SKU0010,14,552.0,1.0,0.22204278559881938,0.23319668144926356,8.754829832182022,10.365658650450616,0.22604675775861607,-0.04193346098943099
catboost,STORE0012,SKU0013,14,1554.0,1.0,0.3490311506192804,3.304410505691217,38.74245771874013,46.969980911957926,0.44963741767253096,0.06458058067928452
catboost,STORE0012,SKU0014,14,766.0,1.0,0.29607279491453636,0.3584170230144515,16.19941149318106,17.98270408204354,0.3080169640755482,-0.007280475900275414
catboost,STORE0012,SKU0015,14,171.0,1.0,0.22494082641046123,0.23028948232216503,2.7474915225849195,3.2973877115531383,0.23119957334049782,-0.10420237448104915
catboost,STORE0012,SKU0016,14,394.0,1.0,0.29354479365684194,0.8188510018198286,8.26118919291398,10.073777977299875,0.34758407176234385,-0.018938081839874176
catboost,STORE0012,SKU0017,14,1482.0,1.0,0.26379865914715844,0.44336446835240423,27.924972346863488,33.17539835555791,0.3064073198012441,-0.03610035355563541
catboost,STORE0012,SKU0018,14,1143.0,1.0,0.2441388467026695,0.3615580942318992,19.932192984367948,23.444661874207462,0.27204398932025975,-0.014944406031770524
catboost,STORE0012,SKU0019,14,256.0,1.0,0.2669056133591182,0.3529748414417759,4.880559787138162,5.526649505241098,0.28605910418269265,0.15816799974189538
catboost,STORE0012,SKU0020,14,770.0,1.0,0.3033037977852046,0.3402913064085884,16.681708878186253,21.72236742797949,0.3160208266964567,-0.14232785393844471
catboost,STORE0012,SKU0022,14,1162.0,1.0,0.34335632228648577,0.6357515093085141,28.49857474977832,36.36393686172525,0.37456284995716577,0.11504326247158267
catboost,STORE0012,SKU0023,14,986.0,1.0,0.2305311667187107,0.24469043462510429,16.235980741760624,19.712440758243417,0.21024203758657253,0.17963524751278948
catboost,STORE0012,SKU0025,14,456.0,1.0,0.1966459734891963,0.1846595014102687,6.405040279362394,7.872740123673949,0.1916838592849268,-0.062393310704342037
catboost,STORE0012,SKU0026,14,1485.0,1.0,0.22791607038174433,0.3426628825231165,24.175383179777878,30.08249881775115,0.2557293680078384,-0.03985475834787875
catboost,STORE0012,SKU0027,14,2358.0,1.0,0.2548343092114967,0.23734627235801115,42.92137865147923,59.97914361612708,0.252394466022656,-0.1615677254076102
catboost,STORE0012,SKU0028,14,1723.0,1.0,0.24972157886940508,0.2528831570786588,30.733591456570355,40.199775269995634,0.2443475420647177,-0.01360048334451157
catboost,STORE0012,SKU0029,14,423.0,1.0,0.285918833534147,0.3859873150416446,8.638833327496013,10.152705278509295,0.2913663205118464,0.15533729208602357
catboost,STORE0012,SKU0030,14,750.0,1.0,0.2349502765969507,0.259633467085396,12.58662196055093,16.51381255513943,0.2414376285478387,-0.05512468184950281
catboost,STORE0012,SKU0032,14,1098.0,1.0,0.1877418285170766,0.21720072899230378,14.724323407982151,17.98984176859601,0.1891819539916686,0.08517469304799334
catboost,STORE0012,SKU0033,14,1467.0,1.0,0.14444607471699353,0.1413077482477286,15.135885114987824,18.32433001181529,0.14663623679387167,-0.0674113665750352
catboost,STORE0012,SKU0034,14,2784.0,1.0,0.27682582643149045,0.22904130130878433,55.04879291323353,86.25322233886568,0.25340525378126677,-0.19809629604953646
catboost,STORE0012,SKU0035,14,2425.0,1.0,0.19067837705739982,0.19411573467485835,33.028218883156754,37.39765718041495,0.18728717788205868,0.022165299226726675
catboost,STORE0012,SKU0036,14,655.0,1.0,0.22293818176239802,0.23645843968668626,10.430322075312192,12.3958385712514,0.22567584943075708,-0.01178582174262547
catboost,STORE0012,SKU0037,14,1387.0,1.0,0.29135322115060913,0.5613533109481013,28.864779838278203,38.82222390101757,0.3277669506617747,0.019532107001006365
catboost,STORE0012,SKU0038,14,1419.0,1.0,0.22552849520171175,0.26156322899885337,22.858923906516356,26.64618898912361,0.24930556020563108,-0.09943445222715036
catboost,STORE0012,SKU0039,14,229.0,1.0,0.2864442104937407,0.3681568798418328,4.685408871647616,6.20940985182787,0.3003380761898806,-0.025577739606715402
catboost,STORE0012,SKU0043,14,719.0,1.0,0.34234397016661866,0.3417012966728216,17.581808182128487,20.975377937278463,0.33195788706379464,-0.025772760578780966
catboost,STORE0012,SKU0044,14,1271.0,1.0,0.14538824490199287,0.13517006101288703,13.199175662173783,18.355896475631805,0.14323258727926985,-0.08124760615222079
catboost,STORE0012,SKU0046,14,1369.0,1.0,0.2569633537893109,0.34825798911786426,25.127345095540473,30.014091584745817,0.26529217710979525,0.12209397575946554
catboost,STORE0012,SKU0047,14,1060.0,1.0,0.32573464610753844,0.839503393777098,24.662766062427913,31.658434881007892,0.35452683132043006,-0.006609407725033177
catboost,STORE0012,SKU0048,14,1115.0,1.0,0.21317734801835353,0.2296694832143987,16.978053074318872,22.952764587656425,0.22133194714892773,-0.1301274709979346
catboost,STORE0012,SKU0050,14,260.0,1.0,0.25540393461583083,0.23333922590524486,4.7432159285797155,6.368748535784625,0.2549159294661093,-0.16264117619651164
catboost,STORE0012,SKU0052,14,731.0,1.0,0.2589513545468257,0.2976407497392048,13.520960012409258,16.39231031133423,0.2540217119446518,0.06378774383007633
catboost,STORE0012,SKU0053,14,428.0,1.0,0.3690012453683288,0.47171828497439233,11.280895215546051,12.468461869281846,0.3745361383898147,0.05893181384647114
catboost,STORE0012,SKU0054,14,1213.0,1.0,0.33095764713543857,0.37137432254359926,28.67511614109193,36.354971887820724,0.3071395887308222,0.11711744931530173
catboost,STORE0012,SKU0055,14,187.0,1.0,0.24178136418320897,0.28880312037864464,3.2295082215900055,4.240536054071731,0.25111030705349835,-0.006181039809357149
catboost,STORE0012,SKU0056,14,336.0,1.0,0.22518504440184509,0.8003429257577436,5.404441065644282,6.998878602508627,0.2895472051775875,0.006193377172498428
catboost,STORE0012,SKU0057,14,1032.0,1.0,0.29580502759555266,0.3267075513027202,21.80505631990074,24.329789919453148,0.2846868556814436,0.10082338879782901
catboost,STORE0012,SKU0058,14,1174.0,1.0,0.259240107528704,0.45978901951893664,21.73913473133561,28.693530690660815,0.29651161355013117,-0.04798088043806261
catboost,STORE0012,SKU0059,14,346.0,1.0,0.274998419350159,0.41128544381719917,6.796389506796786,8.345919423595486,0.291561022458692,-0.009529705243396969
catboost,STORE0012,SKU0060,14,689.0,1.0,0.343897194711028,1.0178975346337908,16.924654796849875,21.472331632871974,0.39522225309755793,0.062902299342479
catboost,STORE0012,SKU0061,14,1301.0,1.0,0.17459936042817917,0.16443729745763963,16.225269136932933,21.63399917556714,0.17259017318050981,-0.0825522269954062
catboost,STORE0012,SKU0062,14,192.0,1.0,0.3562735982465477,0.8087500065452448,4.886037918809797,6.222415613121861,0.37205269040337835,0.2152357006531779
catboost,STORE0012,SKU0064,14,1122.0,1.0,0.25822228558748606,0.5954811884413854,20.694671744939956,28.115126488823897,0.3000393029587634,0.015755124639461573
catboost,STORE0012,SKU0065,14,842.0,1.0,0.199663881895758,3.6062850510883058,12.008356325444876,18.16997245899509,0.27568673810158956,0.03823908009496499
catboost,STORE0012,SKU0066,14,381.0,1.0,0.23119331912975796,0.38279147276675934,6.29176104203127,8.501488807183991,0.2732569803156442,-0.035489931101783875
catboost,STORE0012,SKU0068,14,534.0,1.0,0.27630585247403805,0.2913826502142731,10.539094658652592,14.725938266324652,0.2533070718124265,0.0027084495882232114
catboost,STORE0012,SKU0070,14,1370.0,1.0,0.2734589020218548,0.28875457960127765,26.759906840710077,30.078467841304363,0.2834316036429868,-0.0737993505682078
catboost,STORE0012,SKU0071,14,404.0,1.0,0.22295443178231797,0.23320949959393758,6.433827888575462,7.815095054017165,0.22600205572279575,-0.04026066274468063
catboost,STORE0012,SKU0072,14,546.0,1.0,0.24247351773584766,0.35127030721660285,9.456467191698058,11.874732391709404,0.27128471850586733,-0.0235188800337227
catboost,STORE0012,SKU0074,14,1015.0,1.0,0.24994302229506382,0.44228186761521193,18.120869116392125,22.267812328022746,0.2980208212794377,0.0915380322916478
catboost,STORE0012,SKU0075,14,499.0,1.0,0.16651874406207254,0.17973844528536695,5.935203806212442,7.724581617631875,0.17573582021526574,-0.050823312864124094
catboost,STORE0012,SKU0076,14,375.0,1.0,0.3024379143914904,1.2996407221356787,8.101015564057779,11.50185794711851,0.3186060942774721,0.07303191872338133
catboost,STORE0012,SKU0077,14,784.0,1.0,0.28633257710273285,0.43962359744086627,16.03462431775304,22.959843407565497,0.2896526404341114,0.12972777037943894
catboost,STORE0012,SKU0078,14,414.0,1.0,0.24354920362260732,0.27298297270319616,7.2020978785542455,8.112299883366727,0.2471885941742245,0.008951128477611725
catboost,STORE0012,SKU0080,14,1230.0,1.0,0.2803271378429654,0.3141970136850805,24.62874139620339,31.552601172174786,0.2959327126356267,-0.13802333679889178
catboost,STORE0012,SKU0081,14,967.0,1.0,0.28715426034567315,0.39784163232621184,19.834154982447565,23.716092113278613,0.3153587386730247,-0.023949482995413867
catboost,STORE0012,SKU0083,14,1138.0,1.0,0.3440307635948545,2.569302203190223,27.964786355067464,36.206024376871575,0.40279810076436207,0.03652286466504197
catboost,STORE0012,SKU0084,14,351.0,1.0,0.23552850966147723,0.2640934417163141,5.90503620651275,6.83040061661422,0.2487273449087303,-0.05724682018703503
catboost,STORE0012,SKU0085,14,1133.0,1.0,0.14117782132289156,0.16385371921790376,11.425319397059724,15.36361574276034,0.14838227390278735,0.03340662531519711
catboost,STORE0012,SKU0086,14,129.0,1.0,0.20076673948378534,0.22748307786743163,1.849922099529165,2.685976196208708,0.19089545323029963,0.058793947291126955
catboost,STORE0012,SKU0088,14,320.0,0.9285714285714286,0.3067779096172737,0.22422104442247018,7.0120665055376845,9.943421250342302,0.34792878146264894,0.05757031092503584
catboost,STORE0012,SKU0089,14,590.0,1.0,0.22280716716649632,0.19744547224478087,9.389730616302344,13.208195336316237,0.21401521116712946,-0.1179811518660744
catboost,STORE0012,SKU0091,14,223.0,1.0,0.43584826842268776,0.6353216712240463,6.942440275589955,8.462344472249745,0.4265594055557411,0.33313676760838684
catboost,STORE0012,SKU0092,14,1293.0,1.0,0.29110121770953684,1.6028273539970346,26.88527674988794,35.10011069299439,0.35200699431396426,-0.08918314470295421
catboost,STORE0012,SKU0094,14,813.0,1.0,0.2137019016361323,0.2577637684960821,12.409974716441113,14.93055614041263,0.22337717122468073,0.0010503766017928233
catboost,STORE0012,SKU0095,14,442.0,1.0,0.20284956092712214,0.18326696452791733,6.4042504235562845,9.111340044696922,0.1951584053721296,-0.10596300741263842
catboost,STORE0012,SKU0096,14,1219.0,1.0,0.279453896721754,0.5116036800248323,24.332450007415584,35.41543420543261,0.294549976776076,0.011633539924383514
catboost,STORE0012,SKU0097,14,907.0,1.0,0.3457197671506074,0.6899182053766485,22.397702057542922,26.529083286271423,0.4038942999761764,-0.03142445293939365
catboost,STORE0012,SKU0098,14,579.0,1.0,0.1637678516449416,0.15707785006454975,6.772970435887227,8.748516589592123,0.16513106520597848,-0.06891621646352694
catboost,STORE0012,SKU0099,14,1401.0,1.0,0.2706139063759634,0.6762643203993349,27.08072020233748,33.42968053454457,0.32262910700084385,0.0002468416808328005
catboost,STORE0012,SKU0100,14,1159.0,1.0,0.321499626585871,0.7963579857928635,26.615576229501748,32.25348634462872,0.366920586717212,-0.0321386761788251
catboost,STORE0012,SKU0101,14,250.0,1.0,0.22528339162029118,0.23273423715997035,4.0229177075052,5.603478711112066,0.21109817065382636,-0.0029682135892135407
catboost,STORE0013,SKU0001,14,745.0,1.0,0.35022802710529205,0.48517193065583664,18.637134299531613,20.853006953341247,0.36581062069292997,0.12404123329220275
catboost,STORE0013,SKU0002,14,399.0,1.0,0.5090655662761162,1.1220537922544238,14.508368638869312,17.315828777685294,0.4949994663837912,0.3457650956188462
catboost,STORE0013,SKU0003,14,142.0,0.9285714285714286,0.3429493800191994,0.5555863286927014,3.478486568766165,4.616718064232215,0.42612086986963404,0.12622377770187393
catboost,STORE0013,SKU0006,14,938.0,1.0,0.39208209722352333,0.5106705799150749,26.269500513976062,33.65205652368399,0.4042993471719637,-0.03603372932022135
catboost,STORE0013,SKU0008,14,179.0,1.0,0.2110688200833306,0.29034413152685545,2.698665628208299,3.3164783217231735,0.22580604831478487,0.07426414941797001
catboost,STORE0013,SKU0009,14,401.0,1.0,0.16914896199141888,0.18325529624803977,4.844909554182784,6.384483785223597,0.16649106889232732,0.04455296924679878
catboost,STORE0013,SKU0013,14,796.0,1.0,0.31868910442277554,0.6753965473104743,18.119751937180666,23.140052360662626,0.35695884723678883,0.17442719768215265
catboost,STORE0013,SKU0014,14,483.0,1.0,0.26476675789362053,0.289619498130793,9.134453147329909,10.44351035255788,0.2853649293036947,-0.12609050977553718
catboost,STORE0013,SKU0015,14,98.0,1.0,0.16324484380472437,0.14722752164040087,1.1427139066330707,1.6185570408826853,0.16152934411360284,-0.10240702820605091
catboost,STORE0013,SKU0017,14,772.0,1.0,0.18680879953662663,0.7972327036884765,10.301170945876839,15.527126322371634,0.23278912656632483,0.0618445028529331
catboost,STORE0013,SKU0020,14,390.0,1.0,0.23552122568966777,0.22626329457303967,6.5609484299264595,8.638910719172905,0.2260565565154856,-0.03289567972368646
catboost,STORE0013,SKU0024,14,496.0,1.0,0.257544314526756,0.2526169546993716,9.124427143233643,11.34155769861471,0.2638227066650679,-0.13930298610517414
catboost,STORE0013,SKU0025,14,206.0,1.0,0.4404820505123202,0.789034802132611,6.481378743252711,7.96266328479959,0.4271620154578433,0.32757026720408133
catboost,STORE0013,SKU0026,14,724.0,0.9285714285714286,0.33445152963714164,0.39407479787664196,17.29592196123504,25.438607730622454,0.37922966741417613,0.20560950671884
catboost,STORE0013,SKU0027,14,1226.0,1.0,0.2161006694089566,0.25619346060941434,18.924244335384344,27.00659192489546,0.22159869696054413,0.005371682041487688
catboost,STORE0013,SKU0028,14,879.0,1.0,0.3800692272504443,6.252224109241039,23.86291791093861,31.74420830013062,0.4480059342882674,0.14998056562915293
catboost,STORE0013,SKU0031,14,543.0,1.0,0.250741732774324,0.27225975676097536,9.72519720688985,11.644237791961935,0.252455488892346,-0.019525693265063666
catboost,STORE0013,SKU0032,14,642.0,1.0,0.24911156064229284,0.32246711619956214,11.423544423739429,14.490450769577809,0.2674160954669609,-0.11292608442131906
catboost,STORE0013,SKU0034,14,1377.0,1.0,0.19539989125186188,0.21480921471654812,19.21897501812956,22.820408520179054,0.20478285425619622,-0.004077667723067478
catboost,STORE0013,SKU0036,14,382.0,1.0,0.2497356499277555,0.607431362429323,6.8142155908859,8.856803410878895,0.2906092598925124,0.10497021863049533
catboost,STORE0013,SKU0037,14,839.0,1.0,0.31540208351435345,0.4370767569388424,18.90159629061018,22.774561018576325,0.32436846615139553,0.09977759271660717
catboost,STORE0013,SKU0039,14,149.0,1.0,0.22347184037721257,0.2243980664450278,2.378378872586048,2.9731020272941078,0.22691278477458443,-0.059485831595949494
catboost,STORE0013,SKU0040,14,243.0,1.0,0.24798759240586368,0.3362803801184379,4.304356068187491,6.229313514562221,0.24347959088423024,0.04421975086556473
catboost,STORE0013,SKU0041,14,779.0,1.0,0.294274412149821,0.46415124537874325,16.37426907605075,21.9820990727589,0.30210581691741173,0.24906430796543688
catboost,STORE0013,SKU0049,14,298.0,1.0,0.3267710253429936,0.6082533127059758,6.955554682300864,8.748117851708386,0.3395777988496274,0.2742095495359763
catboost,STORE0013,SKU0056,14,205.0,1.0,0.2544502401228036,0.28252478498319955,3.72587851608391,4.288115645179341,0.2629126113645802,0.02501113898092413
catboost,STORE0013,SKU0057,14,648.0,1.0,0.1783042338145159,0.20473830356571643,8.25293882227188,9.689197582524136,0.18018390403125775,0.09131786769301983
catboost,STORE0013,SKU0061,14,679.0,1.0,0.29075485485771,1.1034150136339584,14.101610460598936,21.185160941343046,0.34920291939043324,0.10179148883906226
catboost,STORE0013,SKU0063,14,400.0,1.0,0.2831454239364076,0.669653368796519,8.089869255325933,11.18807969567473,0.32031484165157037,0.1605162014407481
catboost,STORE0013,SKU0065,14,548.0,1.0,0.20955547415023779,0.22186759549674798,8.202599988166451,11.12081090123384,0.21925142714759738,-0.07027001450293362
catboost,STORE0013,SKU0068,14,381.0,1.0,0.36100445467279774,0.4234515128394053,9.824478373595424,12.82881111375129,0.3717441069493353,-0.11524226070161489
catboost,STORE0013,SKU0071,14,195.0,1.0,0.49540396110611706,0.8178348633836137,6.900269458263773,7.640668820722737,0.49168135616871844,0.2198411579854087
catboost,STORE0013,SKU0076,14,226.0,1.0,0.3409977386586832,0.7402668290029981,5.504677781204458,6.896237604715013,0.3760404799746346,0.0938588774545116
catboost,STORE0013,SKU0080,14,743.0,1.0,0.2575864201429921,0.2539001325060525,13.670479297588797,16.23346405923999,0.2680450582453874,-0.1618529802780499
catboost,STORE0013,SKU0084,14,191.0,1.0,0.32167704702792443,0.7087324547532058,4.388593998738112,5.426002762854529,0.3953421657300717,0.019567126525891446
catboost,STORE0013,SKU0085,14,573.0,1.0,0.3102761237415974,0.4143470097181214,12.699158493138237,18.435969485465673,0.300168628383854,0.15622210674485099
catboost,STORE0013,SKU0086,14,87.0,1.0,0.2339193120678408,0.28061033219520354,1.453641439278725,1.8533665263624106,0.25434265842973863,-0.07419697999723764
catboost,STORE0013,SKU0087,14,267.0,1.0,0.29125774921803493,0.287868351609946,5.554701360086809,6.229070566058584,0.3039421592302286,-0.14997530786482377
catboost,STORE0013,SKU0089,14,390.0,1.0,0.23244642868315646,0.2223446124368047,6.475293370459359,7.995032006496117,0.23446390990353122,-0.0869316357296144
catboost,STORE0013,SKU0090,14,173.0,1.0,0.20114882584062713,0.18766721515510884,2.4856247764591783,3.0357148696496927,0.20843825445219868,-0.1469591195711451
catboost,STORE0013,SKU0096,14,753.0,1.0,0.17745935518899783,0.2094391574710067,9.544778175522525,11.076826569539291,0.1875408419536316,0.01629731403654923
catboost,STORE0013,SKU0097,14,535.0,1.0,0.19684632504425578,0.22057557736194336,7.522341707048346,8.683461890622295,0.2001476389784851,0.03461023671552244
catboost,STORE0013,SKU0099,14,747.0,1.0,0.29488553981580223,0.542132068514037,15.734249874457447,19.374897998432115,0.3411552241828681,0.08526229579696618
catboost,STORE0013,SKU0102,14,928.0,1.0,0.18505239806767565,0.1945771150272366,12.266330386200213,14.663758967675685,0.1837678476379225,0.005918778885044069
lightgbm,STORE0001,SKU0001,14,1457.0,1.0,0.3016308465931752,0.5128677435982375,31.39115310616116,39.78039118354015,0.33076231692547486,0.14599963485843967
lightgbm,STORE0001,SKU0002,14,954.0,1.0,0.2244515356784672,1.291050553719915,15.294768931232694,21.891755034521278,0.27480251951339174,0.04759358373788831
lightgbm,STORE0001,SKU0004,14,1418.0,1.0,0.2635912243207847,2.4754478625872545,26.69802543477662,35.37719706011768,0.32778295591050327,0.024607720533005056
lightgbm,STORE0001,SKU0006,14,1888.0,1.0,0.2697246525508442,0.3094058633378705,36.37429600114242,47.829348275848446,0.2650303564407959,0.005211567919941705
lightgbm,STORE0001,SKU0007,14,376.0,1.0,0.28799214211342417,0.4003581139464805,7.73464610247482,9.22538519085353,0.3063120378966773,0.07730250759187332
lightgbm,STORE0001,SKU0008,14,422.0,1.0,0.19085574420574225,0.17914100719051682,5.752937432487373,7.339679488379415,0.18660528251006747,-0.08082563293869781
lightgbm,STORE0001,SKU0010,14,595.0,1.0,0.26000051381180744,2.899782289080511,11.050021837001816,15.486405698418341,0.3149894095096036,-0.015351690884684363
lightgbm,STORE0001,SKU0011,14,335.0,1.0,0.296401209703519,0.4417118534993323,7.0924575179056335,8.569369452806827,0.3207028171560497,0.07484487093057757
lightgbm,STORE0001,SKU0012,14,998.0,1.0,0.27468779647701086,0.37489854483435625,19.58131577743263,26.671991993868478,0.26988584271544364,0.1543009887289909
lightgbm,STORE0001,SKU0014,14,909.0,1.0,0.2873876951017702,0.33892487615889183,18.659672489107795,22.630109427653178,0.29286901142477045,-0.01799834707542046
lightgbm,STORE0001,SKU0015,14,160.0,1.0,0.23476672026429654,0.3658251570801128,2.6830482315919606,3.551675058386427,0.25513266017720887,0.11515902801511846
lightgbm,STORE0001,SKU0016,14,404.0,1.0,0.4143893798085101,0.8023943232183706,11.958093531617006,13.518768728065693,0.4701568368905245,0.10073572624013769
lightgbm,STORE0001,SKU0017,14,1767.0,1.0,0.30869969837013095,0.35558969107396965,38.962311930001526,50.40765437240438,0.3143325176188559,-0.057264939751728375
lightgbm,STORE0001,SKU0018,14,1497.0,1.0,0.27363612736064497,0.26205228562644606,29.259520189920398,35.6056075880485,0.2746732452135814,-0.1009106422516564
lightgbm,STORE0001,SKU0019,14,244.0,0.9285714285714286,0.5185007247215772,0.5631394167634183,9.03672691657606,11.355294641171126,0.52285934248039,0.25932496088598606
lightgbm,STORE0001,SKU0020,14,665.0,1.0,0.4154154164364133,0.9370336255217302,19.73223228072963,23.489886437109075,0.43840905130481855,0.15321734952554827
lightgbm,STORE0001,SKU0021,14,843.0,0.9285714285714286,0.3177045929359589,0.28899383878743673,19.13035513178667,27.469797251105295,0.36146820865166995,0.13136436576579255
lightgbm,STORE0001,SKU0023,14,1189.0,1.0,0.2242002758473853,0.3393241661754902,19.041009141610083,26.22411050021141,0.2397615035289342,0.05839033822979783
lightgbm,STORE0001,SKU0024,14,665.0,1.0,0.42377789420687023,1.7149644723478943,20.129449974826336,25.35964861726368,0.47101706756929157,0.19391994757705683
lightgbm,STORE0001,SKU0026,14,1585.0,1.0,0.3546746710756532,0.5578185294521023,40.15423954677931,47.689908774682166,0.3841836131600717,0.05276849760385488
lightgbm,STORE0001,SKU0027,14,2752.0,1.0,0.2709373298360042,0.2972846908998826,53.25853797919169,70.24961928413785,0.2779733673666678,-0.1443883088546843
lightgbm,STORE0001,SKU0029,14,595.0,1.0,0.21036413897408898,0.2525458782777312,8.940475906398783,10.777821846638904,0.22074200870528507,0.04962787738754819
lightgbm,STORE0001,SKU0030,14,738.0,1.0,0.18410338524694364,0.20060471400231958,9.7048784508746,11.03246883702106,0.1809103732582309,0.10336058838177774
lightgbm,STORE0001,SKU0031,14,947.0,1.0,0.29037190517531786,0.7245257877058923,19.641585300073285,24.84711501348112,0.3195738427500582,0.07072827254272812
lightgbm,STORE0001,SKU0033,14,1816.0,1.0,0.12092167369370095,0.10119742880282102,15.685268530554351,26.324912056425976,0.10912382396315458,-0.06573435877204024
lightgbm,STORE0001,SKU0035,14,3090.0,1.0,0.3807799773826372,0.6403396611880482,84.04358072231064,108.00225619724048,0.423475374884588,-0.16909412821708905
lightgbm,STORE0001,SKU0036,14,751.0,1.0,0.2499572923680788,0.2767291726392843,13.408423326316226,14.81817625274647,0.2521023613043973,0.06320476028185668
lightgbm,STORE0001,SKU0037,14,1531.0,1.0,0.3216035933110462,0.5029332511427433,35.16965009708655,43.37082185883466,0.34523143608516565,0.043279221361514665
lightgbm,STORE0001,SKU0038,14,1504.0,1.0,0.22706683401974592,0.3377091668098002,24.393465597549845,29.830470626492406,0.2554432906350835,0.017187790203286278
lightgbm,STORE0001,SKU0039,14,303.0,1.0,0.21662154195698297,0.20159964590369336,4.688309086640417,6.216978338786326,0.2134259402678215,-0.11703036179267079
lightgbm,STORE0001,SKU0040,14,430.0,1.0,0.310744570072793,0.41924936522564454,9.54429750937864,11.7650938132755,0.30280953915752956,0.23827813581308438
lightgbm,STORE0001,SKU0041,14,1714.0,1.0,0.27228430825330185,0.436303704814969,33.33537888186853,42.41284280044766,0.3126434790755572,0.053060334809486825
lightgbm,STORE0001,SKU0042,14,244.0,1.0,0.2903694394214769,0.3768805501526225,5.060724515631455,6.00889063972882,0.2982722239560669,0.09235488657538017
lightgbm,STORE0001,SKU0043,14,718.0,1.0,0.41137324747242526,0.5009598435933984,21.097570834657237,30.99709733829305,0.33122181941017015,0.32879688117288897
lightgbm,STORE0001,SKU0045,14,1258.0,1.0,0.2371477116276327,0.30542884117645996,21.309415801968708,28.547152390246037,0.24359930388859327,0.07412938674584844
lightgbm,STORE0001,SKU0046,14,1677.0,1.0,0.22802645229697327,0.3382519412199864,27.314311464430297,32.60818594227202,0.24799719836784187,0.028043654792277283
lightgbm,STORE0001,SKU0047,14,1257.0,1.0,0.24169619115950738,0.23643079656306257,21.700865163392912,27.037259119927697,0.2398879943600489,-0.07109203397871715
lightgbm,STORE0001,SKU0048,14,1153.0,1.0,0.3016929435643262,1.087459500981019,24.84656885211915,32.43489085580922,0.32897350173795453,0.12662792078566218
lightgbm,STORE0001,SKU0049,14,707.0,1.0,0.3032817587817137,0.781033948610383,15.315728818476542,20.316422237080477,0.3560899791707242,0.032708932020374164
lightgbm,STORE0001,SKU0050,14,267.0,1.0,0.20114327210960675,0.21489087515038416,3.836089546661786,4.58606368205763,0.20234011774948435,-0.004757719195637394
lightgbm,STORE0001,SKU0051,14,924.0,1.0,0.33573366954423456,0.9023094892128197,22.15842218991948,26.474446742780454,0.37360800007366973,0.11403384903856363
lightgbm,STORE0001,SKU0053,14,476.0,1.0,0.2503589696058545,0.2436184916733665,8.512204966599054,10.908830225102127,0.24160338637692808,-0.03194053430921649
lightgbm,STORE0001,SKU0054,14,1489.0,1.0,0.2555934235933614,0.27612211541730636,27.184186266465364,32.37934638680033,0.24713605157201848,0.04412494421325253
lightgbm,STORE0001,SKU0055,14,207.0,0.9285714285714286,0.3298430101202988,0.28097320127204967,4.876964506778704,6.054201237498552,0.390980484268273,0.014795918973203077
lightgbm,STORE0001,SKU0056,14,420.0,1.0,0.1656500540707257,0.1942868939318754,4.96950162212177,6.412704130124868,0.17916694869683344,-0.0032285580446781838
lightgbm,STORE0001,SKU0058,14,1284.0,1.0,0.3981568319818576,1.283294450289006,36.51666944747894,44.68012048985929,0.4859861497093407,0.09015245458954023
lightgbm,STORE0001,SKU0059,14,390.0,1.0,0.33533539618301555,0.5227084406338176,9.341486036526861,10.68123640214454,0.3726068693754247,0.050557147084975364
lightgbm,STORE0001,SKU0060,14,927.0,1.0,0.24792184466915423,0.27495530533971996,16.415967857736142,19.684077577538034,0.2591450611227232,-0.09357066632227345
lightgbm,STORE0001,SKU0061,14,1251.0,1.0,0.3286002445196391,0.47980674394859696,29.362778992433466,35.247394968150864,0.3381587425369329,0.088544242961016
lightgbm,STORE0001,SKU0062,14,308.0,1.0,0.18182643638451554,0.17274346323998999,4.000181600459341,4.817841700827498,0.18931840652568316,-0.12977656906823654
lightgbm,STORE0001,SKU0063,14,904.0,1.0,0.31632499554122173,0.6399853347289417,20.425556854947462,31.323892501756905,0.33479185689086277,0.10313960252873887
lightgbm,STORE0001,SKU0065,14,1009.0,1.0,0.33841361392644687,0.7673581167240674,24.389952603698923,36.86226065714629,0.3547001850086381,0.09802677518443563
lightgbm,STORE0001,SKU0066,14,429.0,1.0,0.3713938831468494,0.8531219084228585,11.380569704999886,13.599285638659367,0.41532336002783127,0.12078084294415954
lightgbm,STORE0001,SKU0067,14,615.0,1.0,0.23805536273190256,0.25477754152024923,10.457432005722863,12.627008504717182,0.24015844018467858,-0.025206944123081505
lightgbm,STORE0001,SKU0068,14,625.0,1.0,0.24664289045819915,0.5619962696818549,11.010843324026748,14.869704208614548,0.29749755970426117,0.1335050785326667
lightgbm,STORE0001,SKU0069,14,1641.0,1.0,0.2550137059442297,2.2639266361519153,29.891249389605775,42.89885602464255,0.3065334254752763,-0.07652717989242137
lightgbm,STORE0001,SKU0070,14,1701.0,1.0,0.26411688967658115,0.8388990162282768,32.09020209570461,42.376285821682174,0.30848152138453494,-0.09592418480670478
lightgbm,STORE0001,SKU0072,14,490.0,1.0,0.3007756062133151,0.4143252986346924,10.52714621746603,13.182416162273002,0.3072999871022811,0.14530912218189307
lightgbm,STORE0001,SKU0073,14,163.0,1.0,0.2820264189028813,0.31554895531962834,3.2835933057978326,3.7218016312840434,0.2879714911482209,-0.014533857215365912
lightgbm,STORE0001,SKU0074,14,1048.0,1.0,0.3349821516041888,0.48071950750889464,25.07580677722785,31.695729011174567,0.33116965795688813,0.1380715408794046
lightgbm,STORE0001,SKU0076,14,455.0,1.0,0.20503503938770964,0.2050090956908492,6.663638780100563,7.971983494425764,0.2056281864248631,-0.06066471730057387
lightgbm,STORE0001,SKU0077,14,871.0,1.0,0.3062827851616324,0.7299823280060703,19.055164705412984,29.010673963560603,0.33338153571239265,0.16278354481331753
lightgbm,STORE0001,SKU0078,14,466.0,1.0,0.3334351650083404,1.0152889188638397,11.098627635277618,13.28461710621658,0.40277752747007306,-0.006886734194233985
lightgbm,STORE0001,SKU0080,14,1224.0,1.0,0.2125035385068366,0.20698392491431838,18.57888079516914,22.815442277365218,0.20011378840796348,0.016170608763908755
lightgbm,STORE0001,SKU0081,14,1013.0,1.0,0.33735053780595337,1.1626501290109883,24.40972105695934,30.43189965852091,0.3718982395631954,0.02710128727110606
lightgbm,STORE0001,SKU0082,14,892.0,1.0,0.29927395377888305,0.38448271735459205,19.06802619791169,22.1123558503803,0.3023309568913525,0.11799543617031288
lightgbm,STORE0001,SKU0084,14,388.0,1.0,0.28202802665832777,0.5271488455837899,7.816205310245083,9.955546784885147,0.3182920970442985,-0.02623752050823407
lightgbm,STORE0001,SKU0086,14,177.0,1.0,0.26753466650146973,0.3285534642502858,3.3824025693400097,4.462617878653898,0.27036620238463094,0.02497434386037599
lightgbm,STORE0001,SKU0087,14,438.0,1.0,0.27790268700238613,0.6442748233920874,8.694384064788936,11.342022199314377,0.31808182596583773,0.08014186292824604
lightgbm,STORE0001,SKU0090,14,320.0,1.0,0.31702865767771643,0.768641026510935,7.246369318347804,9.473922577569983,0.38698096162258155,-0.047397110394164166
lightgbm,STORE0001,SKU0092,14,1319.0,0.9285714285714286,0.4399778454594968,0.6937939302734055,41.45219844007688,50.91227033409701,0.5083725000779805,0.06985571908650073
lightgbm,STORE0001,SKU0093,14,1088.0,1.0,0.23209237950124728,0.31006548127790906,18.03689349266836,22.40114906823779,0.2461539738524779,0.05484646520266678
lightgbm,STORE0001,SKU0094,14,1084.0,1.0,0.2211226725433192,0.19599278472047635,17.121212645497,24.29451527037552,0.21932409987774273,-0.1851412022346187
lightgbm,STORE0001,SKU0095,14,501.0,1.0,0.20137711041470835,0.2173681924637789,7.206423736983491,8.571307601406248,0.2048186520028029,-0.04706015722672618
lightgbm,STORE0001,SKU0096,14,1542.0,1.0,0.2558932648194472,0.26271636314127184,28.184815310827684,31.226223055078293,0.264911526583978,-0.08976672390516628
lightgbm,STORE0001,SKU0097,14,1117.0,1.0,0.21358364433466154,0.21289599960815714,17.040923622986924,20.588085281114314,0.21289671114118747,-0.06508856298379467
lightgbm,STORE0001,SKU0098,14,731.0,1.0,0.19748874038500092,0.2029944696306656,10.311733515816835,13.032366612323349,0.20032462846989504,-0.08508463409255046
lightgbm,STORE0001,SKU0099,14,1706.0,0.9285714285714286,0.30488136914556707,0.22563880999959082,37.151972554452676,51.50232235294889,0.3632458429542714,-0.0650723693830255
lightgbm,STORE0001,SKU0100,14,1251.0,1.0,0.19572556395927415,0.233546162598416,17.489477179503712,22.580004153296322,0.19754734002960347,0.042239329660999136
lightgbm,STORE0001,SKU0101,14,287.0,1.0,0.33971666433082326,0.5481204034310106,6.964191618781877,8.31895442348735,0.3747849982756978,0.023019027393143283
lightgbm,STORE0002,SKU0001,14,1087.0,1.0,0.24566776410377492,0.32891486259264163,19.074347112914523,25.675523352508787,0.27304195581638885,-0.0411385417483814
lightgbm,STORE0002,SKU0002,14,862.0,1.0,0.22479944753051112,0.21988044520056632,13.84122312652147,16.182267924712885,0.2346664895953046,-0.12131855131048087
lightgbm,STORE0002,SKU0003,14,250.0,1.0,0.22101092928573873,0.25621784766121825,3.9466237372453348,4.869276025177834,0.23352265197339617,-0.04271607343871678
lightgbm,STORE0002,SKU0004,14,1160.0,1.0,0.23553741614784135,0.2318054703155412,19.515957337964,24.602018836856306,0.2386534883946114,-0.11352951922936923
lightgbm,STORE0002,SKU0005,14,982.0,1.0,0.2425562886812969,0.4536037856330572,17.013591106073825,20.741265812119124,0.27865844823291563,0.1426069044687254
lightgbm,STORE0002,SKU0006,14,1359.0,1.0,0.3169563572333308,0.3887886788893002,30.76740639143547,38.085667715629086,0.3166365083293054,0.04206276029273455
lightgbm,STORE0002,SKU0007,14,321.0,1.0,0.23958911385715892,0.2382872997812652,5.493436110582001,6.714289741712892,0.24983824545824165,-0.13329156057996278
lightgbm,STORE0002,SKU0008,14,263.0,1.0,0.24084003518333036,0.26470312502279764,4.52435208951542,5.152112988758841,0.2450489880806397,0.003114520102471712
lightgbm,STORE0002,SKU0009,14,721.0,1.0,0.27016230483447184,0.30510967227348323,13.913358698975301,16.322329052428252,0.2966388044689925,-0.18303139886208158
lightgbm,STORE0002,SKU0010,14,377.0,1.0,0.21936502114929893,0.35171601194170826,5.907186640948979,9.929792516281264,0.22520701968595497,0.09038080928785895
lightgbm,STORE0002,SKU0011,14,251.0,1.0,0.2738187217793502,0.42016557883414063,4.9091785119012075,5.717093232158256,0.3123557287235042,0.01868511363495042
lightgbm,STORE0002,SKU0012,14,745.0,1.0,0.2505075223638973,0.33102716042068886,13.33057886865025,20.18132609639562,0.26140082106062784,0.042629773671841606
lightgbm,STORE0002,SKU0014,14,713.0,1.0,0.21282427978179133,0.20600772924625058,10.83883653460123,13.709452375530125,0.2112204791910071,-0.09008218445315025
lightgbm,STORE0002,SKU0015,14,102.0,1.0,0.4120003937337919,1.087638724441733,3.0017171543461982,3.6881546832561756,0.4447382304703676,0.25418849065719334
lightgbm,STORE0002,SKU0016,14,271.0,1.0,0.4653899270577001,2.0100997565239007,9.008619302331194,11.121057848015814,0.4730457035047229,0.19252516539669137
lightgbm,STORE0002,SKU0017,14,1063.0,1.0,0.36828639649665607,1.249220478385126,27.96345996256753,36.32902932933116,0.42840207409284103,-0.020977340345253604
lightgbm,STORE0002,SKU0018,14,818.0,1.0,0.2595519744656686,1.8081474008285885,15.165251079494064,22.32328042651068,0.2935194164410425,0.11493234349918789
lightgbm,STORE0002,SKU0019,14,198.0,1.0,0.2959916595110331,0.43869463408395176,4.186167755941755,5.11538325629636,0.32584439567433127,0.12307668909984745
lightgbm,STORE0002,SKU0020,14,645.0,1.0,0.22218207995434092,0.20725881536425578,10.236245826467849,12.667453136895217,0.22449335532667009,-0.13994834151265795
lightgbm,STORE0002,SKU0022,14,1028.0,1.0,0.28478783450527495,0.3975938944767323,20.911563847958764,24.07076243313841,0.31468583290309315,-0.03262273417428061
lightgbm,STORE0002,SKU0023,14,801.0,1.0,0.43808175876952826,0.6564002400888466,25.064534912456583,32.913691336949384,0.4186729155036191,0.13337008505591805
lightgbm,STORE0002,SKU0024,14,589.0,1.0,0.27778191170013106,0.4331686523777206,11.686681856526942,14.903019775090572,0.30114412028842347,0.1307057274853407
lightgbm,STORE0002,SKU0025,14,396.0,1.0,0.2407291808528791,0.23771597180957088,6.809196829838579,8.00590659094948,0.24642042296234037,-0.12863167243112109
lightgbm,STORE0002,SKU0026,14,1008.0,1.0,0.3846104074782072,3.8778019108058537,27.69194933843092,36.786588087668235,0.4061878222175226,0.24617905110311142
lightgbm,STORE0002,SKU0027,14,1812.0,1.0,0.1680006207534509,0.18653210715265583,21.74408034323236,24.703946930837333,0.1897271595064754,-0.07921204719041164
lightgbm,STORE0002,SKU0028,14,1333.0,1.0,0.27053580959071044,0.28025378220543035,25.758873870315504,29.64319552217366,0.26717921290268076,-0.016071906075350587
lightgbm,STORE0002,SKU0030,14,632.0,1.0,0.21444040402450606,0.22020385014306992,9.680452524534845,12.088743123125695,0.22005703293176979,-0.06172924058995357
lightgbm,STORE0002,SKU0031,14,646.0,1.0,0.4044056537401027,1.309735429025375,18.66043230829331,23.348833446681862,0.4654395086940935,0.2210033437566379
lightgbm,STORE0002,SKU0032,14,777.0,1.0,0.2887086195307516,0.658545031985828,16.023328383956713,21.07002340673823,0.3343330680608289,0.15291341547262982
lightgbm,STORE0002,SKU0033,14,1228.0,1.0,0.23011997973065046,0.23372847248071962,20.18480965065991,22.88289920800058,0.23771738859379346,-0.0813907760319392
lightgbm,STORE0002,SKU0034,14,1962.0,1.0,0.24240560147473217,0.25520866716151513,33.97141357810175,42.10498695287203,0.24712332330604464,-0.047712552229229294
lightgbm,STORE0002,SKU0036,14,497.0,1.0,0.24843087022898502,0.2963617816331121,8.819295893128968,12.897224337107266,0.22606241348656203,0.20347995677402766
lightgbm,STORE0002,SKU0037,14,1200.0,1.0,0.21077337087083767,0.21671647264505975,18.066288931786087,22.596204117967986,0.20660621338607474,-0.00992433507928696
lightgbm,STORE0002,SKU0038,14,1030.0,1.0,0.38102043800959556,0.6422574518259047,28.032217939277388,32.512726643926726,0.404614918879619,0.08794476005163555
lightgbm,STORE0002,SKU0039,14,173.0,1.0,0.31266172569386513,1.2208210326778304,3.863605610359905,5.1096006826229505,0.37965047138069746,0.08503759561233305
lightgbm,STORE0002,SKU0040,14,312.0,1.0,0.25296696552146347,0.37394224734931275,5.637549517335471,6.618141974503891,0.28371542083756945,0.18703925827191817
lightgbm,STORE0002,SKU0041,14,1295.0,1.0,0.23063985448534702,0.2887649205699927,21.3341865398946,26.603116924892635,0.24765045676240144,0.029278674098319166
lightgbm,STORE0002,SKU0042,14,178.0,1.0,0.28068660213658714,0.5907748526792674,3.568729655736608,4.651473124215098,0.33043495115498184,-0.03970472805769355
lightgbm,STORE0002,SKU0043,14,546.0,1.0,0.4276503856334489,0.561917230511704,16.67836503970451,20.424396367658467,0.39593067823668054,0.40613580595658905
lightgbm,STORE0002,SKU0044,14,974.0,1.0,0.266540722065174,0.48691194294483375,18.543618806534248,22.27519057598741,0.29698252286123994,0.03437577739262854
lightgbm,STORE0002,SKU0046,14,1470.0,1.0,0.20850066262537872,0.2025741787464493,21.892569575664766,30.44806130783971,0.21255002096264913,-0.144543897101965
lightgbm,STORE0002,SKU0048,14,890.0,1.0,0.19195989191541288,0.2066749064126938,12.20316455747982,15.670115369383808,0.19558518611283177,-0.06975500407849272
lightgbm,STORE0002,SKU0051,14,762.0,1.0,0.25822851394802415,0.29282847329147843,14.055009116313885,17.246126630562962,0.26894424315745497,-0.056900116144895714
lightgbm,STORE0002,SKU0052,14,690.0,1.0,0.24587047471386309,0.2340214894748198,12.117901968040396,14.257808240812311,0.2578898325738435,-0.17702984815329353
lightgbm,STORE0002,SKU0054,14,1097.0,1.0,0.1659681705735402,0.2065225965891604,13.004791651369544,17.75353855752487,0.1743352438262342,0.07678295359610074
lightgbm,STORE0002,SKU0055,14,165.0,1.0,0.24024496324586728,0.8092089609714825,2.8314584953977215,3.8511422323800035,0.2968871063076948,-0.10316100608426615
lightgbm,STORE0002,SKU0056,14,305.0,1.0,0.25041723373743996,0.23452788249188375,5.455518306422799,8.798964440940091,0.21707262523816517,-0.03288885616328343
lightgbm,STORE0002,SKU0058,14,1066.0,1.0,0.18536164803371405,0.23535579609221005,14.113965485995655,20.422418740958452,0.19892731565551222,-0.034258638121756994
lightgbm,STORE0002,SKU0059,14,273.0,1.0,0.2383670028483859,0.7535738699730267,4.648156555543525,6.290101654558088,0.28587197315080076,-0.000841246746670703
lightgbm,STORE0002,SKU0060,14,598.0,1.0,0.20306772140987447,0.27754726932225965,8.673892671650352,10.636745041942453,0.21818049936372672,0.094894222208707
lightgbm,STORE0002,SKU0062,14,188.0,1.0,0.4021100692061338,1.3674995149489841,5.399763786482368,6.758726715634135,0.4491201748913703,0.017123929168221242
lightgbm,STORE0002,SKU0063,14,529.0,1.0,0.5275940151508584,0.9370300338989372,19.935516715343148,25.80123213334807,0.4550754401791612,0.30311493183655214
lightgbm,STORE0002,SKU0064,14,1120.0,1.0,0.287723955500114,0.29888562685645453,23.017916440009117,29.13034304538521,0.29215042403270214,-0.09451768898302333
lightgbm,STORE0002,SKU0065,14,692.0,1.0,0.30619007128229175,0.3873642894437474,15.134537809096136,20.75379498983245,0.28838488538809814,0.14816498579423482
lightgbm,STORE0002,SKU0066,14,253.0,1.0,0.4706630137855395,2.6980379728506954,8.505553034838679,10.886808992096858,0.5120154148955776,0.3688355556618725
lightgbm,STORE0002,SKU0069,14,1055.0,1.0,0.1650495099320515,0.17461037505897964,12.437659498451024,18.22397558162006,0.15976349276856977,0.06189203259524443
lightgbm,STORE0002,SKU0070,14,1187.0,1.0,0.2715475596759469,0.2804129196357115,23.023353809667785,29.877565525436026,0.2659914873868328,-0.016430327771366656
lightgbm,STORE0002,SKU0071,14,316.0,1.0,0.2888297056000416,1.0387664617981849,6.519299069258082,8.982286990907193,0.35196677034438373,0.09879151637436201
lightgbm,STORE0002,SKU0073,14,114.0,1.0,0.22610117778305885,0.22604096411667557,1.8411095905191937,2.433989879542185,0.21506380326534577,0.00744389338634642
lightgbm,STORE0002,SKU0074,14,857.0,1.0,0.228898595120156,0.2788953658214927,14.011864001283836,16.213512495842405,0.24143747773409757,0.06904441703054714
lightgbm,STORE0002,SKU0075,14,387.0,1.0,0.2303223614331389,0.23028784231803842,6.366768133901767,7.6852610530417165,0.22863247800171255,-0.03904924209360856
lightgbm,STORE0002,SKU0078,14,287.0,1.0,0.26662849390010285,0.40959930389515314,5.465884124952109,7.17787733720498,0.28429075719371544,0.1831913619224005
lightgbm,STORE0002,SKU0079,14,829.0,1.0,0.3181970161168109,0.6527959697486632,18.841809025774015,22.447806145701925,0.35367835568348915,0.03196744213045192
lightgbm,STORE0002,SKU0081,14,766.0,1.0,0.2947112796286117,1.3294285794073286,16.12491715682261,19.659697760587296,0.36039239981466553,-0.03208212792803342
lightgbm,STORE0002,SKU0082,14,632.0,1.0,0.28873131345739994,0.44748342352845116,13.034156436076913,15.20891312491251,0.3248306097604364,0.020590005037051252
lightgbm,STORE0002,SKU0083,14,884.0,1.0,0.26917843577927464,0.33733235527757843,16.996695516348485,20.523509524470125,0.2655745454115481,0.18500581218981038
lightgbm,STORE0002,SKU0084,14,259.0,1.0,0.3669059637634949,0.7419725640776033,6.787760329624655,8.631440202092813,0.410275626529019,0.18658546110115404
lightgbm,STORE0002,SKU0086,14,104.0,1.0,0.509462049477813,0.9603569239779167,3.7845752246923254,4.9992147581724,0.4704698789371336,0.26006417667273307
lightgbm,STORE0002,SKU0087,14,272.0,1.0,0.34831145974449884,0.6143121512169138,6.767194075035978,8.363651317855584,0.371001888204471,0.1530791233005376
lightgbm,STORE0002,SKU0088,14,317.0,1.0,0.26732011707486275,0.2511390456216022,6.052891222337964,7.499985573208129,0.27218624384867124,-0.15624468282897908
lightgbm,STORE0002,SKU0089,14,503.0,1.0,0.30794588879785617,1.2594902725906552,11.064055861808688,13.43493916355221,0.3640416614425076,-0.08452783908666428
lightgbm,STORE0002,SKU0090,14,207.0,1.0,0.32770659872476626,1.4050369400309517,4.845376138287615,6.220605222609147,0.3586416630097853,0.18437634196656985
lightgbm,STORE0002,SKU0092,14,941.0,1.0,0.25016089621411314,0.8713016054862494,16.814385952677178,23.41404726087416,0.29817918004920274,0.11117970337648009
lightgbm,STORE0002,SKU0093,14,797.0,1.0,0.22399879382989252,0.3785665464895935,12.751931334458883,17.154051891492074,0.24915593641049533,0.05981268772059294
lightgbm,STORE0002,SKU0096,14,950.0,1.0,0.23795530772345322,0.3713954985284177,16.146967309805753,22.681945904897663,0.24705794760347824,0.08356647317802396
lightgbm,STORE0002,SKU0097,14,727.0,1.0,0.18245466089010082,0.20381689673061626,9.474609890507379,11.74423894381403,0.17802454187907096,0.10388299690102472
lightgbm,STORE0002,SKU0098,14,446.0,1.0,0.3234176279165243,0.46113725187926746,10.303161575054988,12.268772845467822,0.3346768009273882,0.17803637800994065
lightgbm,STORE0002,SKU0099,14,1098.0,1.0,0.35708295203409474,0.8519814609577727,28.005505809531144,40.96562467473922,0.35559867580223736,0.03249155276609607
lightgbm,STORE0002,SKU0101,14,200.0,1.0,0.29232584597277655,0.43301991426348413,4.176083513896808,4.911220540308916,0.323594538191376,0.09918310696171187
lightgbm,STORE0002,SKU0102,14,1430.0,1.0,0.20788711076319155,0.2679835916134016,21.234183456525994,29.036632455453237,0.2283746529373271,-0.020281001421244126
lightgbm,STORE0003,SKU0001,14,1181.0,1.0,0.15385535876156306,0.16127132960035495,12.97879847838614,14.63769856397965,0.157267532505953,-0.003520247519605651
lightgbm,STORE0003,SKU0003,14,272.0,1.0,0.2229717902809478,0.3709593857681277,4.332023354029842,5.658373035070134,0.26117204280613004,-0.024090754345777815
lightgbm,STORE0003,SKU0004,14,911.0,1.0,0.26700767933762876,0.3155083579092362,17.374571134041414,21.503831834387956,0.25865205945786807,0.12644110086680085
lightgbm,STORE0003,SKU0005,14,1159.0,1.0,0.18917667071686564,0.19925666278513882,15.661125811489091,18.20481779842286,0.20213315397251466,-0.054708621491030444
lightgbm,STORE0003,SKU0006,14,1310.0,1.0,0.19784417413768768,0.22364297698202312,18.512562008597918,23.08832883529482,0.20867045610850737,0.02800578957489785
lightgbm,STORE0003,SKU0007,14,352.0,1.0,0.18408357184084287,0.1651374774856187,4.628386949141192,6.542401700285115,0.18506173064461587,-0.13313643340976034
lightgbm,STORE0003,SKU0008,14,243.0,1.0,0.3949051209102278,0.6138130812314094,6.854424598656096,7.825839389570962,0.41356043277908044,0.11526801651930553
lightgbm,STORE0003,SKU0009,14,642.0,1.0,0.30117927095768804,0.34059421214974106,13.811220853916838,19.451060611348467,0.2929430650707962,-0.0009265083544791469
lightgbm,STORE0003,SKU0010,14,419.0,1.0,0.19525103703737365,0.19788027818330528,5.843584608475682,6.654601732966881,0.2030832782319735,-0.09743346674729979
lightgbm,STORE0003,SKU0011,14,266.0,1.0,0.2722306645765496,0.3107986524239939,5.172382626954443,7.764548479551813,0.256910568826347,-0.042760593210923147
lightgbm,STORE0003,SKU0012,14,762.0,1.0,0.1522951818935954,0.1394613895983488,8.289209185922834,10.735940122380434,0.15045545950153788,-0.09786077417861064
lightgbm,STORE0003,SKU0013,14,1042.0,1.0,0.2729030812364857,0.302172949331306,20.311786474887008,27.401296899031966,0.2436938448694868,0.2466159560181431
lightgbm,STORE0003,SKU0014,14,723.0,1.0,0.2238127537745018,0.21045842275857915,11.558330069926058,16.616414890754374,0.22071090076020733,-0.10447752636473076
lightgbm,STORE0003,SKU0015,14,118.0,1.0,0.20208516235282395,0.23252551173665928,1.7032892255452303,2.159661033364705,0.1962728958060449,0.12964358474675683
lightgbm,STORE0003,SKU0016,14,283.0,1.0,0.25996352833030884,0.2631678754201336,5.254977036962671,6.453597135065928,0.2394776093367045,0.06471631552459661
lightgbm,STORE0003,SKU0019,14,186.0,1.0,0.34592101127340824,0.507656664215885,4.595807721203853,6.442284216917422,0.33165801681321616,0.3095697645539694
lightgbm,STORE0003,SKU0020,14,512.0,1.0,0.3021699980364035,0.460562552098554,11.050788499617042,14.582389377620276,0.309005449737055,0.2202017568261943
lightgbm,STORE0003,SKU0021,14,560.0,1.0,0.36280112199051484,1.3041125096292634,14.512044879620593,18.12928124493194,0.4017951483634637,0.12261369547425315
lightgbm,STORE0003,SKU0022,14,1056.0,1.0,0.24964034481500316,0.3470524182184289,18.830014580331667,23.51099097282448,0.2728914999137856,0.014158743580708759
lightgbm,STORE0003,SKU0023,14,943.0,1.0,0.22944738021633243,0.2884835948599375,15.454919967428678,20.23579922269563,0.24982665598681691,-0.040586007413937815
lightgbm,STORE0003,SKU0024,14,659.0,1.0,0.21368550324391108,0.23027495599059672,10.05848190269553,12.403710588723635,0.214982433287183,-0.00832339615465332
lightgbm,STORE0003,SKU0025,14,350.0,1.0,0.14620500853994398,0.15828302086973858,3.655125213498599,4.051298579376308,0.14745932528195763,0.049429024854184364
lightgbm,STORE0003,SKU0026,14,1101.0,1.0,0.30620550270735447,0.43592203124472245,24.080875605771233,26.995950447565747,0.32555374929864594,0.10026167110897725
lightgbm,STORE0003,SKU0028,14,1445.0,1.0,0.14451213033234814,0.1394258916790911,14.915716309303077,18.6135825539997,0.14662419556632064,-0.08148322474497727
lightgbm,STORE0003,SKU0030,14,558.0,1.0,0.30387095446068113,0.3752999974251873,12.111428042075719,14.58422251956436,0.31094136212813756,0.032997432757145326
lightgbm,STORE0003,SKU0031,14,713.0,1.0,0.4358923841715819,0.5661640161673163,22.199376422452705,28.905092403617502,0.4113694272915294,0.08761138194045676
lightgbm,STORE0003,SKU0033,14,1350.0,1.0,0.21010228366481012,0.18807934371709653,20.25986306767812,28.800794210967446,0.20046161240413288,-0.1096116941633353
lightgbm,STORE0003,SKU0035,14,2221.0,1.0,0.2668282587640851,0.42647155106158463,42.330397336788074,51.31006674886594,0.30107044191815363,-0.02664409782614989
lightgbm,STORE0003,SKU0037,14,1223.0,1.0,0.21402666729064515,0.2656424452693891,18.696758149747073,21.957408274205918,0.22390911612407807,0.05081938377626462
lightgbm,STORE0003,SKU0039,14,191.0,1.0,0.21640070301916653,0.34179488542154884,2.9523238769043436,3.9698855366661534,0.23946525457271747,0.009884511236408522
lightgbm,STORE0003,SKU0040,14,308.0,1.0,0.30833540681211674,0.3781081147590887,6.783378949866568,7.679163818652763,0.3169040953795503,0.08913131908149782
lightgbm,STORE0003,SKU0041,14,1210.0,1.0,0.31566782130347343,0.4163944998264824,27.282718841228775,39.22788498715736,0.3217992167648454,0.06607665530496774
lightgbm,STORE0003,SKU0042,14,176.0,1.0,0.29814051019305327,1.4391925003974357,3.7480521281412416,5.409492414737086,0.3672698405130532,0.07067309796564825
lightgbm,STORE0003,SKU0043,14,614.0,1.0,0.28212540019496224,0.34954712632069285,12.373213979979058,14.109693289701708,0.29173865495260515,0.07632873474176453
lightgbm,STORE0003,SKU0044,14,1028.0,1.0,0.336206151816524,0.4378235201883455,24.687137433384766,29.793766039056003,0.3545584504380594,-0.057559804490859824
lightgbm,STORE0003,SKU0045,14,859.0,1.0,0.3302248742573484,4.683865038861589,20.261654784790164,28.72626452872309,0.3525308212365111,0.2391345473233163
lightgbm,STORE0003,SKU0046,14,1266.0,1.0,0.2046604172819839,0.23130978238243236,18.507149162785115,27.56866828515148,0.19824932362102138,0.030048098674932133
lightgbm,STORE0003,SKU0047,14,927.0,1.0,0.30492357281084187,0.4019562051058803,20.190296571117887,23.768303074682294,0.3296656281195504,-0.05565655585347378
lightgbm,STORE0003,SKU0048,14,898.0,1.0,0.3257184050485006,0.5476346621661244,20.892509123825253,30.09605026582202,0.34459967909746375,-0.004330884106170307
lightgbm,STORE0003,SKU0049,14,525.0,1.0,0.17282415789855782,0.1953428275700484,6.480905921195919,7.925844852416772,0.18409285248650278,-0.06647327286062704
lightgbm,STORE0003,SKU0050,14,170.0,1.0,0.3994545666317695,0.7478334996479867,4.850519737671486,5.650077701009267,0.44023619611413933,0.10935036126266774
lightgbm,STORE0003,SKU0051,14,746.0,1.0,0.23984172698242812,0.30775976330503996,12.780137737777954,15.695639161139951,0.25524031323304625,0.02947979732877114
lightgbm,STORE0003,SKU0052,14,632.0,1.0,0.20325577046188975,0.2210029718416772,9.175546209422452,11.35200677218063,0.20694427498655688,-0.0031821279252205923
lightgbm,STORE0003,SKU0053,14,403.0,1.0,0.25621391694609813,0.25995408379242074,7.3753006092341105,8.677207260623968,0.27779634951944415,-0.16307037760442622
lightgbm,STORE0003,SKU0054,14,1121.0,1.0,0.2461641200333751,0.41972492000369827,19.710712754100964,27.925933385505623,0.27712345287009,0.026991795287064788
lightgbm,STORE0003,SKU0055,14,145.0,1.0,0.3284168807097877,0.6897376728843131,3.4014605502085153,4.262337384128501,0.37671726940362193,0.10318477448563342
lightgbm,STORE0003,SKU0056,14,301.0,1.0,0.2373624718744654,0.24486025449116539,5.103293145301007,5.6963872110979565,0.23978253980145614,-0.015381870605595836
lightgbm,STORE0003,SKU0058,14,1001.0,1.0,0.2764021696734684,0.35982994304737925,19.76275513165299,23.701897114765753,0.2903901063393778,0.03356102107051948
lightgbm,STORE0003,SKU0060,14,634.0,1.0,0.4498569269868369,0.7756200066699098,20.372092264975326,23.6714872746716,0.4845681973408806,0.05026821053078384
lightgbm,STORE0003,SKU0061,14,1121.0,1.0,0.2130205254599318,0.19905906329359638,17.05685778861311,25.09371321879862,0.20468391135568614,-0.07644244640248103
lightgbm,STORE0003,SKU0062,14,199.0,1.0,0.1639757865832935,0.15735488919914328,2.330798680719672,3.178209391645608,0.15801166442412426,-0.037755836691438095
lightgbm,STORE0003,SKU0063,14,680.0,1.0,0.2514247926818325,0.3674817056293196,12.212061358831862,14.34292696173911,0.2921840173465517,0.10005490603506528
lightgbm,STORE0003,SKU0064,14,987.0,1.0,0.2058551136805319,0.27549822447183087,14.512785514477498,18.811834179670022,0.21729726518975215,0.070208719376502
lightgbm,STORE0003,SKU0065,14,770.0,1.0,0.25788150935922155,0.3613406767782341,14.183483014757185,19.279390234475972,0.2800639303128402,-0.03921610614513241
lightgbm,STORE0003,SKU0066,14,303.0,1.0,0.29860642214279043,0.5602055940463433,6.462696136376108,8.501669934100905,0.34172690750462087,0.14715059705340447
lightgbm,STORE0003,SKU0067,14,432.0,1.0,0.2739624746950084,0.3122043141893483,8.453699219160258,9.372590648481063,0.2756547510938813,0.06969449364606951
lightgbm,STORE0003,SKU0068,14,530.0,1.0,0.21577426462240026,0.2307581487890177,8.168597160705152,9.79783764586375,0.2352094660596523,-0.10330273536998533
lightgbm,STORE0003,SKU0069,14,1055.0,1.0,0.2626248726238606,0.3287870629937911,19.790660044155207,25.59134285570258,0.2687366945082041,0.05416264392174942
lightgbm,STORE0003,SKU0070,14,996.0,0.9285714285714286,0.3521704419960509,0.41838445960246173,25.054411444861906,31.863057376333565,0.4227835776294908,0.1074683913126856
lightgbm,STORE0003,SKU0071,14,347.0,1.0,0.24979318503948364,0.2866027159856346,6.191302514907202,6.879437596054233,0.2501595254092027,0.07227835023382974
lightgbm,STORE0003,SKU0073,14,120.0,1.0,0.17466393077229475,0.17243334992666837,1.4971194066196694,2.0978905500518694,0.17362326154457172,-0.05215231061040436
lightgbm,STORE0003,SKU0075,14,386.0,1.0,0.32939897571303567,0.45007594089685327,9.082000330373697,10.6489954286077,0.33676950040510734,0.11494870522616911
lightgbm,STORE0003,SKU0076,14,356.0,1.0,0.2704077175660437,0.2726776381840152,6.876081960965111,8.162421236580188,0.28920279697843215,-0.16279819502445084
lightgbm,STORE0003,SKU0077,14,729.0,1.0,0.2255916197530295,0.24771842358558277,11.74687791428275,12.952755314352428,0.2273562778791205,0.03624696671458526
lightgbm,STORE0003,SKU0082,14,612.0,1.0,0.22444549842350653,0.3105829374522693,9.811474645370428,12.254161444943982,0.24723669121651567,-0.018680196401885597
lightgbm,STORE0003,SKU0084,14,303.0,1.0,0.3109065715975003,0.4004231974860356,6.728906513860184,7.831978857093908,0.3323483267491994,-0.0016048601537029209
lightgbm,STORE0003,SKU0086,14,117.0,1.0,0.3720945922428497,0.8693565798539646,3.1096476637438153,3.7597997569339925,0.4176150254939774,0.13874732701058604
lightgbm,STORE0003,SKU0087,14,310.0,1.0,0.15797569869675593,0.32523124299807404,3.4980333282853096,5.394607198002229,0.18944719789706982,0.004846000533875154
lightgbm,STORE0003,SKU0088,14,242.0,0.9285714285714286,0.3541552175157438,0.8901058807911247,6.121825902772143,8.095552014198722,0.47116991135077596,0.060453947530793216
lightgbm,STORE0003,SKU0089,14,533.0,1.0,0.24168776109810136,0.2566415064485107,9.20139833323486,11.667405185787203,0.24765290728104808,-0.09680133332834938
lightgbm,STORE0003,SKU0091,14,230.0,1.0,0.22079249674208776,1.0168919154501512,3.627305303620013,4.860706211830974,0.2934656314850485,-0.023639079692342527
lightgbm,STORE0003,SKU0092,14,949.0,1.0,0.2654349249383351,1.293767415243634,17.99269598332,23.769677509557198,0.3171148419629611,0.028809536645975617
lightgbm,STORE0003,SKU0093,14,800.0,1.0,0.33200068184707027,0.46360469938738813,18.9714675341183,23.663101193839378,0.34158362514842516,0.07620721371327026
lightgbm,STORE0003,SKU0094,14,641.0,1.0,0.26416465831120894,0.44937153007623276,12.094967569820353,15.948425410919612,0.293896110422933,0.05294494899231816
lightgbm,STORE0003,SKU0095,14,342.0,1.0,0.3073703408118806,0.3229095038979835,7.508618325547369,8.698362850719054,0.3017640401669587,0.006613274744830631
lightgbm,STORE0003,SKU0096,14,947.0,1.0,0.3394557490556651,1.7558983810580284,22.961756739693918,28.22364174239843,0.3785553532403109,0.04423577344541633
lightgbm,STORE0003,SKU0097,14,800.0,1.0,0.18496505067487415,0.18725098811769775,10.569431467135667,14.56720523085365,0.18082791314814609,-0.02644611272213039
lightgbm,STORE0003,SKU0099,14,1227.0,1.0,0.14021005020947822,0.13123882929889258,12.288409400502127,16.77098249167238,0.13367042449479566,-0.03986400018766982
lightgbm,STORE0003,SKU0100,14,1105.0,1.0,0.18046893713537832,0.1749755806532447,14.244155395328075,16.5301353153662,0.18619054451835051,-0.12432190592787833
lightgbm,STORE0003,SKU0101,14,211.0,1.0,0.14804145258175916,0.14353686997103599,2.231196178196513,2.7759367350574644,0.14668544680935305,-0.008602040592350169
lightgbm,STORE0004,SKU0001,14,1663.0,1.0,0.3069506687207138,0.7679661019547914,36.461354434467644,45.62510612554948,0.3588800461480263,-0.04572039806664896
lightgbm,STORE0004,SKU0002,14,1095.0,1.0,0.20821477451198536,0.2034534031957665,16.285369863615998,19.300342982130015,0.21025826551774407,-0.07568535665235843
lightgbm,STORE0004,SKU0003,14,392.0,1.0,0.2884118275129939,0.29622215894277165,8.07553117036383,9.391138706958863,0.30917160872168814,-0.1909172469204777
lightgbm,STORE0004,SKU0005,14,1558.0,1.0,0.2359392568617447,0.28040080718073424,26.25666872789987,30.886594947131968,0.24777147008667796,-0.011284820689418943
lightgbm,STORE0004,SKU0007,14,466.0,1.0,0.21677738666575663,0.22198889321534176,7.215590156160185,8.435742780259647,0.22650486620357796,-0.10290591410000452
lightgbm,STORE0004,SKU0008,14,363.0,1.0,0.25738265593240184,0.4809576548733001,6.673564578818705,9.820564852023127,0.2733230669313805,0.05146672083497776
lightgbm,STORE0004,SKU0009,14,911.0,1.0,0.17899851017531984,0.1942901260099523,11.647688769265455,13.64702618877733,0.18293311991616562,0.003639176455813414
lightgbm,STORE0004,SKU0012,14,1052.0,1.0,0.21632829453768573,0.22380137708127315,16.255526132403244,22.201269746137964,0.20604954764429348,-0.012637476751694627
lightgbm,STORE0004,SKU0013,14,1577.0,0.9285714285714286,0.3228642618880088,0.32054869992330626,36.368352928384994,45.532101115003066,0.38300507144441953,0.25493752942990233
lightgbm,STORE0004,SKU0014,14,812.0,1.0,0.34888948333054687,1.9647486377345726,20.235590033171718,26.593249394794903,0.3766169802366179,0.11002840770209302
lightgbm,STORE0004,SKU0015,14,176.0,1.0,0.2639372063450884,0.47215200402283186,3.3180677369096823,4.394833966210749,0.2901299629319175,0.008535410050834852
lightgbm,STORE0004,SKU0017,14,1849.0,1.0,0.2696007913405053,0.26890757771537604,35.60656165632816,42.43254194602215,0.26664189677033984,-0.06749615033043514
lightgbm,STORE0004,SKU0018,14,1410.0,1.0,0.27847240939152473,0.28370926183783024,28.046149803003562,36.793915595302366,0.2778516942452425,-0.08513890003595599
lightgbm,STORE0004,SKU0019,14,297.0,1.0,0.260982693895456,0.3505005672283632,5.536561434782173,7.834140138528785,0.2631872673925072,0.09937833785188858
lightgbm,STORE0004,SKU0020,14,826.0,1.0,0.23333245654289886,2.061103153352177,13.766614936031033,18.908894808119992,0.29469180460556593,0.006403878867583877
lightgbm,STORE0004,SKU0021,14,958.0,1.0,0.2770930665178398,0.9078037602418758,18.961082694577897,23.788248572406676,0.3206794685314075,-0.0019367709340792597
lightgbm,STORE0004,SKU0023,14,1222.0,1.0,0.20517421762617802,0.30305868548283393,17.908778138513537,22.658856517028173,0.2464565563144285,0.04162973080640785
lightgbm,STORE0004,SKU0024,14,1022.0,1.0,0.20890589814078614,0.2040874451199496,15.250130564277388,17.50734160392798,0.2135216762273722,-0.10406525542620547
lightgbm,STORE0004,SKU0025,14,450.0,1.0,0.22592152115841416,0.29489785096676996,7.261763180091884,8.886998122793992,0.23651621753789728,0.08551604968836203
lightgbm,STORE0004,SKU0026,14,1729.0,1.0,0.27706332802176054,0.3432310468853861,34.21732101068743,39.518208065156166,0.3023705539772834,-0.07184802630744297
lightgbm,STORE0004,SKU0027,14,2403.0,1.0,0.2555562657091392,0.29232627000561323,43.86440760707582,61.1262567136413,0.2548355691727769,0.010923716233736717
lightgbm,STORE0004,SKU0028,14,1815.0,1.0,0.3460999978240641,0.7128413035183969,44.86939257504831,53.90378054008964,0.3904288411203992,0.04492080761782123
lightgbm,STORE0004,SKU0029,14,525.0,1.0,0.36909004462559614,1.7221802025658168,13.840876673459857,17.245548493427812,0.39233294134040364,0.19447797950308593
lightgbm,STORE0004,SKU0031,14,1139.0,1.0,0.23941997588909758,0.4064616870671444,19.478525181263013,24.596439979817085,0.27043901392018876,-0.11243253900440084
lightgbm,STORE0004,SKU0032,14,1320.0,1.0,0.19550198063760119,0.2197509616094133,18.43304388868811,23.122607210137215,0.20390209484251276,-0.032267010528162214
lightgbm,STORE0004,SKU0033,14,1635.0,1.0,0.18876182085375925,0.19551512285274955,22.044684078278316,27.238162963350252,0.18732623531218334,-0.010136612443013063
lightgbm,STORE0004,SKU0034,14,3135.0,1.0,0.21825644296534435,0.21641906314772605,48.87385347831104,61.529251513468196,0.22052717253954587,-0.12258366672343056
lightgbm,STORE0004,SKU0035,14,2944.0,1.0,0.33752499601684405,0.5877173188706599,70.97668487668491,92.459942164932,0.361331312933693,-0.056552218492884436
lightgbm,STORE0004,SKU0036,14,786.0,1.0,0.23028964150080952,0.26605840580282675,12.929118444259734,14.451983898899181,0.24985156393402802,-0.022423600006080537
lightgbm,STORE0004,SKU0037,14,1788.0,1.0,0.25682517741522104,0.40637415058568155,32.80024408702966,41.11364586565908,0.2899264899899741,-0.06339840813057653
lightgbm,STORE0004,SKU0038,14,1901.0,1.0,0.24758781041307173,0.28566681607222955,33.61888768537496,42.390136264474776,0.27150888488333236,-0.1609584602849577
lightgbm,STORE0004,SKU0039,14,282.0,1.0,0.21314970891698248,0.21717095756464402,4.293444136756362,5.966483126832286,0.2058688761539043,-0.01886706419687322
lightgbm,STORE0004,SKU0040,14,515.0,1.0,0.18769548000114147,0.38556022929985545,6.904512300041991,8.609523757186452,0.2511349417080301,0.08641483160382593
lightgbm,STORE0004,SKU0041,14,1795.0,1.0,0.23887047583189575,0.25899287233536067,30.626607437018063,36.23527778690107,0.24038207621813215,-0.017874009899784986
lightgbm,STORE0004,SKU0045,14,1259.0,1.0,0.2176391826523442,0.2986836253312732,19.571980782807238,22.44485547087753,0.24565093267086682,0.08277181255319103
lightgbm,STORE0004,SKU0046,14,1925.0,1.0,0.25177300630090044,0.2813522144158687,34.61878836637381,39.71527705828345,0.27641407830101444,-0.1340969546243053
lightgbm,STORE0004,SKU0047,14,1200.0,1.0,0.21003606124639612,0.3173004419323958,18.00309096397681,26.92408932501241,0.23470168828389168,0.04881780397682492
lightgbm,STORE0004,SKU0048,14,1242.0,1.0,0.3285056802607231,0.5739553542971069,29.143146777415577,38.501818548595494,0.36445294028162795,-0.015085008571917056
lightgbm,STORE0004,SKU0049,14,781.0,1.0,0.2127621507564521,0.2156172102149551,11.869088552913507,14.599960970692226,0.21286352114439985,-0.026120923662242897
lightgbm,STORE0004,SKU0050,14,248.0,1.0,0.3008115251255744,0.8745153305802014,5.328661302224461,6.7274849023848455,0.3595386531306483,0.08131254520702606
lightgbm,STORE0004,SKU0051,14,970.0,1.0,0.4142609573561703,1.4441704150381613,28.702366331106084,38.04090265268959,0.47624414812326243,0.14760356004040007
lightgbm,STORE0004,SKU0052,14,857.0,1.0,0.33650337528495766,0.44206730033182035,20.59881375851491,24.717624539221788,0.34539248772411646,0.04699017005149705
lightgbm,STORE0004,SKU0053,14,442.0,1.0,0.30290325153813696,0.596142729441603,9.563088369989753,12.377465308303304,0.33036322321291395,0.11389774665727785
lightgbm,STORE0004,SKU0054,14,1285.0,1.0,0.3076488054856699,0.4348073472478741,28.237765360648986,34.515668727949304,0.3130122961639184,0.18259185990857585
lightgbm,STORE0004,SKU0055,14,228.0,1.0,0.20346518154295695,0.2290062747627059,3.3135758136995848,4.0849965500357,0.2076047825315228,-0.01777154534178155
lightgbm,STORE0004,SKU0056,14,437.0,1.0,0.23296370393234872,0.29151354859379225,7.271795615602599,8.37226805327988,0.2573808455868877,-0.027398562602059397
lightgbm,STORE0004,SKU0057,14,1483.0,1.0,0.2058338174853371,0.21307731974299451,21.803682237911065,28.459609819015995,0.21275227380439587,-0.12394176345266103
lightgbm,STORE0004,SKU0058,14,1361.0,1.0,0.31142345452586867,0.4132763419462199,30.27480868640766,37.11081776640985,0.3235194394954418,0.034044637632925166
lightgbm,STORE0004,SKU0060,14,841.0,1.0,0.22090455060793462,0.280101876611455,13.270051932948073,18.273076814283513,0.2136518978934944,0.1457143243294661
lightgbm,STORE0004,SKU0061,14,1480.0,1.0,0.18960514945797824,0.18694002413781838,20.043972942700556,24.8347314213758,0.18397989187685154,-0.00955990071330593
lightgbm,STORE0004,SKU0062,14,293.0,1.0,0.1793626179356371,0.174131368645308,3.7538033610815478,4.440979075882355,0.17788436490474768,-0.046375802149594594
lightgbm,STORE0004,SKU0063,14,970.0,1.0,0.24307443160492642,0.2710811235616356,16.84158561834133,20.462208444662206,0.23611472406136805,0.12120130917388793
lightgbm,STORE0004,SKU0064,14,1440.0,1.0,0.2669088404334096,0.2664027081607181,27.453480730293563,36.65729624034485,0.2626836306920323,-0.0973338322441221
lightgbm,STORE0004,SKU0065,14,1077.0,1.0,0.29715332252166615,0.29542361173118653,22.85958059684532,34.40185559798448,0.26634424736467177,0.016266466657051892
lightgbm,STORE0004,SKU0066,14,424.0,0.9285714285714286,0.30723055770293306,0.3506177620898792,9.304696890431687,13.333709456399113,0.3786074447981593,0.13579585531683433
lightgbm,STORE0004,SKU0068,14,562.0,1.0,0.37868406402993104,0.4737400282208342,15.20146028463009,19.76698810372007,0.3454038666109494,0.265374587406553
lightgbm,STORE0004,SKU0070,14,1545.0,1.0,0.2557688547062913,0.4023442505485422,28.22592003723,37.56406185227228,0.2777962985801877,-0.005902475948794636
lightgbm,STORE0004,SKU0071,14,421.0,1.0,0.26412326493666866,0.3744586019195704,7.942563895595535,9.745379926599968,0.27013470718205757,0.17065745763830054
lightgbm,STORE0004,SKU0072,14,588.0,1.0,0.2739975931504511,0.268425824226915,11.507898912318947,14.77464101834398,0.26765321211949705,-0.05855139099861337
lightgbm,STORE0004,SKU0075,14,539.0,1.0,0.26193212691273915,0.4209024406301237,10.084386886140456,13.921987131952543,0.27725586516869455,-0.014729881907931279
lightgbm,STORE0004,SKU0076,14,386.0,1.0,0.4123045441857287,0.5583608588837106,11.367825289692234,12.906387377337985,0.4071122772907655,0.21854497038480875
lightgbm,STORE0004,SKU0077,14,944.0,1.0,0.3572738936388846,1.464367581673798,24.090468256793365,32.50116493086574,0.42604442899555756,0.16549128587453507
lightgbm,STORE0004,SKU0078,14,475.0,1.0,0.19359733569918877,0.23037744368545007,6.568481032651048,8.070310685327382,0.20199312208815814,0.03624126939563381
lightgbm,STORE0004,SKU0079,14,1285.0,1.0,0.22063191344511385,0.2364452764589488,20.250857769783664,25.625299759268845,0.22497997123187724,-0.031225393282090542
lightgbm,STORE0004,SKU0081,14,1199.0,1.0,0.24863479607665218,0.27689652230220363,21.29379432113614,26.677773312776747,0.2613786789131179,-0.10504238562205188
lightgbm,STORE0004,SKU0085,14,1270.0,1.0,0.17840468474656032,0.21560529375043563,16.183853544866544,18.33626317505562,0.20074597504270567,-0.0058862139731358995
lightgbm,STORE0004,SKU0087,14,478.0,1.0,0.2997512169005164,0.5114168643398846,10.234362977031918,13.010932266671471,0.34349709854979815,-0.07199262433018115
lightgbm,STORE0004,SKU0088,14,340.0,0.9285714285714286,0.22935673726476247,0.15888222850006162,5.57009219071566,8.23717581424878,0.28978489462481033,0.04525375759519689
lightgbm,STORE0004,SKU0090,14,284.0,1.0,0.2157645313796729,0.26473868709285714,4.376937636559079,5.778768229824313,0.21249558608693095,0.14111979347253412
lightgbm,STORE0004,SKU0091,14,408.0,1.0,0.2364672790012374,0.2336942446295886,6.891332130893204,7.864291286856753,0.26784423677975794,-0.2088317098001102
lightgbm,STORE0004,SKU0092,14,1296.0,1.0,0.25423278002310795,0.2754103035991223,23.53469163642485,26.119345742536385,0.24833336574249673,0.08497367013486726
lightgbm,STORE0004,SKU0093,14,1345.0,1.0,0.2035693196506705,0.18146457929432977,19.557195352153702,25.604228106839003,0.1999953439643041,-0.14570936563958967
lightgbm,STORE0004,SKU0095,14,468.0,1.0,0.27567730810405394,0.5063520209622633,9.21549858519266,12.093473656377016,0.30805957013243307,0.02462674796055146
lightgbm,STORE0004,SKU0096,14,1579.0,1.0,0.16972848892086084,0.15348800212880992,19.142948857574233,28.815328617570813,0.17047335922051757,-0.14072920052241683
lightgbm,STORE0004,SKU0097,14,1146.0,1.0,0.1456337917544111,0.16425996931165052,11.921166096468223,16.778034692826218,0.1537580294536763,-0.034491548553020945
lightgbm,STORE0004,SKU0098,14,620.0,1.0,0.23468506306291892,0.3796267782389191,10.393195649929266,12.831287377882731,0.26981134177508864,0.03784994196109719
lightgbm,STORE0004,SKU0099,14,1429.0,1.0,0.3350887144053681,0.6896543360762456,34.20298377751936,42.07408024617055,0.40265197505542655,0.1667809422894334
lightgbm,STORE0004,SKU0100,14,1247.0,1.0,0.24214034501266668,0.26802108349335485,21.56778644505681,24.733541237148813,0.23645415461918606,0.09127598571121467
lightgbm,STORE0004,SKU0101,14,279.0,1.0,0.24080506648385983,0.25905576971337607,4.798900967785492,6.059632195556129,0.23400453093964332,0.041121279735444584
lightgbm,STORE0004,SKU0102,14,1893.0,1.0,0.2285002153524265,0.30114165666615733,30.896493404438814,40.488792029038976,0.23417954998745807,0.08946722647388375
lightgbm,STORE0005,SKU0001,14,1634.0,1.0,0.23851343621276397,0.3848210705549054,27.837925340832594,37.04453016360723,0.26114809742680195,-0.03452643619233633
lightgbm,STORE0005,SKU0002,14,1008.0,1.0,0.2411651944224723,0.26082644343311195,17.363893998418007,20.70840905650435,0.24633765350768147,-0.04419124236338291
lightgbm,STORE0005,SKU0003,14,327.0,1.0,0.3020715556222001,0.3800181145694405,7.055528477747103,8.063819137127805,0.3102278152582037,0.08421402582787527
lightgbm,STORE0005,SKU0004,14,1459.0,1.0,0.26334236737015543,0.2971487695630835,27.444036713789767,35.35280823573275,0.26026749746356637,0.010177009191283315
lightgbm,STORE0005,SKU0005,14,1269.0,1.0,0.3184937137059337,0.3921268736780284,28.86918019234499,38.287078956305685,0.2920470297893032,0.24193525565770205
lightgbm,STORE0005,SKU0006,14,2295.0,1.0,0.360434845905588,0.3666479918445031,59.085569382380314,72.26877248395675,0.3714957108147265,-0.18224753286933906
lightgbm,STORE0005,SKU0007,14,492.0,1.0,0.1914456993103523,0.21677332983742006,6.727948861478096,8.388450101343341,0.20423608340277882,-0.08926687034134283
lightgbm,STORE0005,SKU0009,14,903.0,1.0,0.3344108370493509,0.6236075168358264,21.56949898968313,28.752542591735025,0.3613943899881781,-0.031305035814451175
lightgbm,STORE0005,SKU0010,14,531.0,1.0,0.30724182478260886,1.1247279976645879,11.653243497111808,14.224357205224262,0.3691426739112576,0.08902862472527405
lightgbm,STORE0005,SKU0011,14,366.0,1.0,0.19508056849023195,0.22469873963035586,5.099963433387493,6.105634434277155,0.21719512683055558,-0.06566906000321394
lightgbm,STORE0005,SKU0012,14,1056.0,1.0,0.19214902382324542,0.28670141394171894,14.49352636838194,17.425006492916893,0.22660762886910105,0.0022787433986973435
lightgbm,STORE0005,SKU0013,14,1453.0,1.0,0.5599387193509346,2.5095790340974693,58.113639944064865,81.83702660106613,0.5230465322462772,0.39306071373804796
lightgbm,STORE0005,SKU0014,14,832.0,1.0,0.17830073843045577,0.20501781521568813,10.596158169581372,12.796537419003743,0.18205213382017132,0.06489260521316359
lightgbm,STORE0005,SKU0015,14,198.0,1.0,0.31174606329588295,0.3516939905697685,4.408980038041773,5.262628317734349,0.3375521531816341,-0.19329195704700255
lightgbm,STORE0005,SKU0016,14,417.0,1.0,0.3555426286213121,0.5032950949877206,10.590091152506224,13.330669599443288,0.36790830257183504,0.02417065151199421
lightgbm,STORE0005,SKU0018,14,1259.0,1.0,0.24623524262244795,0.416177759773383,22.143583604404427,27.200271092176244,0.27477448043969166,0.037969543141742675
lightgbm,STORE0005,SKU0019,14,248.0,1.0,0.38606610821735676,1.0108127627081414,6.838885345564606,10.01349268452368,0.40806582099116234,0.22964174996385384
lightgbm,STORE0005,SKU0020,14,625.0,1.0,0.4650159766095483,0.7266597198014502,20.759641812926265,25.44290583990179,0.4300301632123667,0.3967922589959409
lightgbm,STORE0005,SKU0021,14,911.0,1.0,0.19736866501529363,0.19913588119129222,12.843060987780891,15.297681813301084,0.20145301477577848,-0.048512997542238756
lightgbm,STORE0005,SKU0022,14,1380.0,1.0,0.3085117309447949,0.5836127502340879,30.410442050272643,37.97429388429734,0.32774188511686814,0.13819739778662377
lightgbm,STORE0005,SKU0023,14,1133.0,1.0,0.37272554180100154,0.5724660778407669,30.164145632895337,35.77822346763357,0.38246712644902997,0.14401148012435783
lightgbm,STORE0005,SKU0026,14,1544.0,1.0,0.30370139131370144,0.38050511425163036,33.493924870596786,38.250373051104695,0.31398904779303727,0.011200126369301629
lightgbm,STORE0005,SKU0027,14,2564.0,1.0,0.19660106715688214,0.19477794626648293,36.00608115644613,47.77727923274796,0.19404717398124577,-0.10052776432074426
lightgbm,STORE0005,SKU0028,14,2042.0,1.0,0.32432803836411095,0.6163089297437917,47.30556102425104,56.73701058285585,0.3659882902281554,-0.08271638926084636
lightgbm,STORE0005,SKU0031,14,1061.0,1.0,0.24981281961723245,0.2707706553535118,18.93224297242026,23.122202132036666,0.25030538838763877,-0.009093839708163241
lightgbm,STORE0005,SKU0033,14,1527.0,1.0,0.23730407359622988,0.265318135761385,25.883094312960218,30.880240706602812,0.23639519730322364,0.04171381286851944
lightgbm,STORE0005,SKU0034,14,2695.0,1.0,0.29520895974327827,0.3843016066029913,56.82772475058106,64.3955383454971,0.32672862538272246,-0.06371035227256953
lightgbm,STORE0005,SKU0035,14,2860.0,1.0,0.23962313876572122,0.28649433855792333,48.95158406214019,64.15314772957316,0.25414554938520845,-0.058161641322239215
lightgbm,STORE0005,SKU0036,14,706.0,1.0,0.23987033420131149,0.35874277972937996,12.096318281866136,15.475297153315049,0.2538305901347376,0.18766339870145268
lightgbm,STORE0005,SKU0038,14,1625.0,1.0,0.32227507708382097,0.46872604186148725,37.40692859008636,44.10328183353389,0.35797508104287173,-0.0581185080240171
lightgbm,STORE0005,SKU0039,14,295.0,1.0,0.1968157809214615,0.23471246355285103,4.14718966941651,5.028149290152841,0.205073127263724,0.012817111355011991
lightgbm,STORE0005,SKU0040,14,431.0,1.0,0.21932825964272334,0.30673313591124407,6.752177136143841,8.524976307634974,0.23424228080372012,0.12096347216674518
lightgbm,STORE0005,SKU0041,14,1350.0,1.0,0.34882051114143187,0.6186476596325352,33.636263574352355,49.08258804132798,0.33211626926055304,0.2266377678652134
lightgbm,STORE0005,SKU0043,14,925.0,1.0,0.20373586968756957,0.22620988227527614,13.461119961500133,17.09429465705232,0.21530247095828164,-0.04265778289329633
lightgbm,STORE0005,SKU0045,14,985.0,1.0,0.5175112981655136,0.8295763403156658,36.41061633521649,45.280281275735014,0.4609879558801456,0.41215892157644407
lightgbm,STORE0005,SKU0048,14,1173.0,1.0,0.2211751712466974,0.2834504433076581,18.531319705169718,21.819710694540575,0.23768574058601705,0.05776458781150859
lightgbm,STORE0005,SKU0049,14,789.0,1.0,0.28853358665444306,0.8264674555268222,16.260928562168257,20.060888725810646,0.35081704981817047,-0.12441242562034165
lightgbm,STORE0005,SKU0050,14,257.0,1.0,0.19226094269763047,0.2410604075574792,3.5293615909493594,4.272344363551792,0.20407457039146623,0.026584374668413815
lightgbm,STORE0005,SKU0051,14,1281.0,1.0,0.2164068426219414,0.21010072106615593,19.801226099907637,23.102324392360632,0.22678362327324328,-0.16361994056000684
lightgbm,STORE0005,SKU0052,14,866.0,1.0,0.24454165448497903,0.33272384735908084,15.126648055999416,19.697621296483952,0.2575294861111597,-0.010973648828778618
lightgbm,STORE0005,SKU0053,14,455.0,0.9285714285714286,0.3045008787434973,0.245653533416743,9.896278559163662,13.18442177335817,0.3576629589529026,0.037003235866004285
lightgbm,STORE0005,SKU0054,14,1421.0,1.0,0.33123108637907916,8.444030101888435,33.619955267476534,46.65369380164913,0.3696585538209764,0.0773171034942973
lightgbm,STORE0005,SKU0055,14,213.0,1.0,0.29798001198103846,1.2366045722980545,4.533553039425799,6.16665107567039,0.3459462763634125,0.03179213807807953
lightgbm,STORE0005,SKU0056,14,455.0,1.0,0.26389172457757337,0.31509912905583753,8.576481048771134,11.565856781617951,0.2836092668356898,-0.12807618862224981
lightgbm,STORE0005,SKU0057,14,1247.0,1.0,0.2940626262286817,0.4340316282479465,26.19257820765472,32.450644214892655,0.299184929439366,0.14023211429553195
lightgbm,STORE0005,SKU0058,14,1467.0,1.0,0.2489949327909399,0.28694710325399214,26.09111188602206,29.63019169432988,0.26242635881409415,-0.036795610368192455
lightgbm,STORE0005,SKU0060,14,923.0,1.0,0.3781760722884734,0.48633947738614586,24.93260819444721,29.563073611763752,0.3865764541814701,0.048629030766720586
lightgbm,STORE0005,SKU0062,14,300.0,1.0,0.18910761635157736,0.19664413618829737,4.0523060646766575,5.568078656858368,0.19898275137883265,-0.11662688237266072
lightgbm,STORE0005,SKU0063,14,922.0,1.0,0.2304756704329135,2.191766767357853,15.17846915279616,20.969468723637686,0.28988976241388026,0.05219812284698904
lightgbm,STORE0005,SKU0064,14,1440.0,1.0,0.17309428574631874,0.19487259710980398,17.80398367676421,23.83645541075432,0.17882918425856736,-0.021375930564139552
lightgbm,STORE0005,SKU0066,14,408.0,1.0,0.24154562844476546,0.49255032963118134,7.039329743247451,9.33109995115646,0.2772164988754618,0.13914254775600057
lightgbm,STORE0005,SKU0067,14,633.0,1.0,0.24181805572705664,1.104282212296498,10.933630662516205,15.39590876686975,0.289420811792267,0.004613566955401779
lightgbm,STORE0005,SKU0068,14,689.0,1.0,0.18981989598000729,0.19309579564570473,9.341850595016073,10.926989231171584,0.18836224159740866,-0.004079970951068873
lightgbm,STORE0005,SKU0070,14,1516.0,1.0,0.3343721142458857,3.177909465305009,36.20772322834019,47.23579712442944,0.4474696347698036,-0.01592498743372563
lightgbm,STORE0005,SKU0071,14,460.0,1.0,0.22358782415806483,0.38510893510690736,7.346457079479273,9.80748562064472,0.24847906046603363,0.0308772122907509
lightgbm,STORE0005,SKU0072,14,626.0,1.0,0.23317300763402773,0.22848865578028668,10.42616448420724,12.632355738920971,0.24209534550210848,-0.120996841472062
lightgbm,STORE0005,SKU0073,14,127.0,0.9285714285714286,0.4317094175247147,0.4703393678679456,3.916221144688483,5.095662168920209,0.45733059130559284,0.25175694152831535
lightgbm,STORE0005,SKU0074,14,1170.0,1.0,0.2870937414568782,0.3311880793572771,23.99283410746768,28.786416843347272,0.29011175093927133,-0.017930419576038484
lightgbm,STORE0005,SKU0075,14,553.0,0.9285714285714286,0.3836477883697652,0.35275044890971174,15.154087640605725,17.94655685303686,0.46330646384259283,-0.08727692099163166
lightgbm,STORE0005,SKU0076,14,437.0,1.0,0.24563185046951297,0.3308193338594349,7.6672227610840835,9.541845210371518,0.26251457946073725,0.027840773532913064
lightgbm,STORE0005,SKU0077,14,853.0,1.0,0.3017519148988873,0.7427267659197151,18.385313100625062,23.445891254499397,0.3521585583554015,0.1948372329679861
lightgbm,STORE0005,SKU0079,14,1154.0,1.0,0.24633986017568854,1.5011685982043448,20.30544276019604,29.41965556779381,0.2940765136384173,0.030601925489692105
lightgbm,STORE0005,SKU0080,14,1197.0,1.0,0.3130677422122495,0.5152563383406145,26.767291959147332,34.125770541989844,0.35313103137753216,-0.04491127874062752
lightgbm,STORE0005,SKU0081,14,1122.0,1.0,0.24133301293625542,0.2533536088495018,19.341117179605614,26.044530565733155,0.24049598519373055,-0.05522860663071881
lightgbm,STORE0005,SKU0082,14,911.0,1.0,0.32897650082662794,0.40186768780864907,21.406970875218434,24.638016507625316,0.32838618013087995,0.1167559302272662
lightgbm,STORE0005,SKU0083,14,1247.0,1.0,0.28167762930610546,0.34912129972601447,25.08942883890811,29.790663102065295,0.28793366235375417,0.09952259734511691
lightgbm,STORE0005,SKU0084,14,296.0,1.0,0.42580931046627535,1.1705169019261528,9.002825421286964,11.517420821440961,0.46154284652161587,0.27577154873778426
lightgbm,STORE0005,SKU0085,14,1371.0,1.0,0.2982145490512866,0.6634901967286516,29.203724767808136,39.04095844763838,0.32411328353733654,0.05675061195829789
lightgbm,STORE0005,SKU0086,14,135.0,0.9285714285714286,0.41875839223494554,0.4344438618236203,4.038027353694118,6.007722161145948,0.4228718474395245,0.34205142552674256
lightgbm,STORE0005,SKU0087,14,436.0,1.0,0.2622302226844406,0.3571109104418108,8.16659836360115,9.464568154059226,0.28530222246670334,0.05840804298942793
lightgbm,STORE0005,SKU0088,14,353.0,1.0,0.28754710797815375,0.5701487640114425,7.250294936877735,9.413732804740667,0.32083943367149226,0.07473960835137147
lightgbm,STORE0005,SKU0089,14,749.0,1.0,0.26303869553350406,0.3075554467436783,14.07257021104247,17.069240981247123,0.27428661999355664,-0.026784601196465935
lightgbm,STORE0005,SKU0091,14,329.0,1.0,0.15140308071756245,0.14256461236016574,3.5579723968627173,4.24805780318783,0.15067107647078942,-0.0503570763127895
lightgbm,STORE0005,SKU0094,14,1048.0,1.0,0.21027326169558205,0.25498341604300734,15.74045558978357,20.755723096469875,0.22715095605567392,-0.060485149470093105
lightgbm,STORE0005,SKU0095,14,571.0,1.0,0.2662942414609786,0.2365432084360358,10.861000848158483,14.79162043685224,0.27226337458163336,-0.22225780609138604
lightgbm,STORE0005,SKU0096,14,1530.0,1.0,0.21747184479022522,0.27733568673256503,23.766565894931755,27.97741246390441,0.2385228255226437,-0.04674531254391383
lightgbm,STORE0005,SKU0098,14,711.0,1.0,0.17835042271232368,0.2120590603422333,9.057653610604438,13.092186411468468,0.18530257852168744,0.04227817567714511
lightgbm,STORE0005,SKU0100,14,1179.0,1.0,0.3304852951164822,0.41452590563333064,27.83158306730947,33.346644294971256,0.3227403342910419,0.15024845896030264
lightgbm,STORE0005,SKU0101,14,261.0,1.0,0.3357197468460448,1.0625666327823287,6.258775280486978,8.588189609484152,0.41565505282525017,0.012239772450338447
lightgbm,STORE0005,SKU0102,14,2057.0,1.0,0.1782299109760689,0.20653307843205987,26.187066205555265,32.19800506070418,0.19614239375731746,-0.035414164643592205
lightgbm,STORE0006,SKU0001,14,1469.0,1.0,0.30451994976052565,0.39929277340755565,31.952843299872303,38.71484954816865,0.3046086603086673,0.15216532770636862
lightgbm,STORE0006,SKU0003,14,297.0,1.0,0.31199430401644024,0.5682996548403574,6.618736306634482,8.710086533443047,0.3321354916047457,0.16125480289371263
lightgbm,STORE0006,SKU0004,14,1365.0,1.0,0.25693626403124714,0.3872773621246116,25.0512857430466,34.03778883611119,0.2771638738570485,0.04323378217245008
lightgbm,STORE0006,SKU0005,14,1530.0,1.0,0.20424690110489435,0.26983219688378474,22.321268477892026,28.29198346919703,0.2358387028704736,-0.031261287091537686
lightgbm,STORE0006,SKU0006,14,1978.0,1.0,0.2733537303754681,1.3961916203495275,38.62097704876256,49.45334270086036,0.3381185203258612,-0.0672227041246934
lightgbm,STORE0006,SKU0007,14,453.0,1.0,0.2160788622867146,0.3033096542072199,6.991694615420123,8.834428502119211,0.23475290926794898,-0.02407495736679727
lightgbm,STORE0006,SKU0008,14,381.0,1.0,0.24569018677773058,0.3796216927558303,6.686282940165382,7.979671230701316,0.27501720154297904,-0.026297626484528477
lightgbm,STORE0006,SKU0009,14,920.0,1.0,0.17307900824795716,0.1922890564118182,11.373763399151471,16.395440517780678,0.18010274173877835,-0.06721020691548675
lightgbm,STORE0006,SKU0010,14,576.0,1.0,0.2628793754799806,0.5074483382771982,10.815608591176344,15.844982757027783,0.2800396143984726,-0.01155308367318871
lightgbm,STORE0006,SKU0011,14,360.0,1.0,0.27997798645980204,0.3640456791299664,7.199433937537767,8.707037038302964,0.2966183738364583,-0.04372168276948696
lightgbm,STORE0006,SKU0012,14,852.0,1.0,0.40831376147874576,1.009399249238901,24.848808912849385,28.411771222660185,0.4564948355324448,0.33028331782436265
lightgbm,STORE0006,SKU0013,14,1958.0,1.0,0.16836395790429892,0.15420034165201754,23.54690211261552,33.41756155704085,0.15192596375930956,0.006379516734937384
lightgbm,STORE0006,SKU0017,14,1393.0,1.0,0.417801269245423,1.735757105855198,41.571226289919586,51.06531149728828,0.4660835413204904,0.20765219781473238
lightgbm,STORE0006,SKU0018,14,1342.0,1.0,0.23655233658754604,0.2740762020257534,22.675231121463344,28.65815877695798,0.23923212512895464,0.006695838324118377
lightgbm,STORE0006,SKU0019,14,307.0,1.0,0.25824653137715764,0.4586956434169997,5.662977509484814,8.153927017994178,0.2856252825761931,-0.02167892218549426
lightgbm,STORE0006,SKU0020,14,812.0,1.0,0.24739825212168104,0.3227188948746494,14.3490986230575,16.71375709066827,0.26737358146901014,-0.00775989822407731
lightgbm,STORE0006,SKU0021,14,755.0,1.0,0.24592695576130755,0.31291007402367066,13.2624893999848,16.30078184359329,0.24780681160914075,0.1410228416661923
lightgbm,STORE0006,SKU0022,14,1508.0,1.0,0.24868980289561085,0.5836488359560776,26.787444483327224,35.66831634850229,0.2843155090289731,-0.04896153723470318
lightgbm,STORE0006,SKU0023,14,1272.0,1.0,0.2837045296180781,0.5332076897490754,25.776582976728243,33.82475160880895,0.3274919130623811,0.007884399162295533
lightgbm,STORE0006,SKU0025,14,499.0,1.0,0.2471773226241151,1.6431414448401058,8.810105999245245,13.962321965827321,0.29882992053254104,0.06885213443224988
lightgbm,STORE0006,SKU0026,14,1829.0,1.0,0.2383538631453513,0.23694936455516116,31.13922969234625,38.97699475727382,0.24963989260173453,-0.16260133700314908
lightgbm,STORE0006,SKU0028,14,1773.0,1.0,0.2683041923540743,0.5385945519754309,33.9788095031267,45.41879648981575,0.3181615795673022,0.05012756991112568
lightgbm,STORE0006,SKU0029,14,550.0,1.0,0.21323310839496762,0.24520115377036097,8.377014972659442,9.28902128208113,0.22371173135567393,0.02207766618860311
lightgbm,STORE0006,SKU0030,14,772.0,1.0,0.2394410647752751,0.2641086447324493,13.203464429036599,15.919302792253962,0.23554833090887137,0.06706306039399854
lightgbm,STORE0006,SKU0031,14,943.0,1.0,0.3436365770375457,0.4919977846320151,23.146378010457543,28.547623781416767,0.34792448283980437,0.16074615378870022
lightgbm,STORE0006,SKU0032,14,1432.0,1.0,0.18942007125505833,0.178246270312244,19.37496728837454,25.270978875696642,0.19638146709402413,-0.13470329534561026
lightgbm,STORE0006,SKU0033,14,1674.0,1.0,0.37128166403534424,0.6537986799576586,44.3946789710833,55.35026963182586,0.3991174784073931,0.028076553580588512
lightgbm,STORE0006,SKU0034,14,2432.0,1.0,0.4306193726125316,0.9248771608919301,74.80473672811978,91.53417678848794,0.44084553587229075,0.10493260434532087
lightgbm,STORE0006,SKU0035,14,3647.0,1.0,0.31809431512315045,0.28372695188853525,82.8635690895807,104.6132793184221,0.33745019726752423,-0.2705216494332435
lightgbm,STORE0006,SKU0036,14,661.0,1.0,0.271536111292668,0.6648265384751993,12.820383540318113,16.22709216386792,0.3043894962338117,0.161577265936807
lightgbm,STORE0006,SKU0037,14,1684.0,1.0,0.2892642187487929,0.3835491321792495,34.794353169497654,40.44538056058059,0.3126979084333134,-0.014682465627296299
lightgbm,STORE0006,SKU0038,14,1642.0,1.0,0.3324283852840431,0.435976054346078,38.98910061688563,44.46246345301763,0.35427892561552204,-0.031142183367707556
lightgbm,STORE0006,SKU0039,14,251.0,1.0,0.3191362954576725,1.0134656501192718,5.721657868562557,7.702543497987406,0.3546665438070837,0.1330035015432147
lightgbm,STORE0006,SKU0040,14,537.0,1.0,0.24922672666554221,0.31640816182165826,9.559625158528297,12.775505320305848,0.26620185161813537,-0.06281877057596862
lightgbm,STORE0006,SKU0041,14,1818.0,1.0,0.16960497724072895,0.1878176196841883,22.024417758831806,26.05689094850264,0.17880584960541127,-0.024835794721883308
lightgbm,STORE0006,SKU0042,14,248.0,1.0,0.2648918269441852,1.6265386903080257,4.692369505868425,6.97100235453123,0.3056786635470096,0.05939105057271106
lightgbm,STORE0006,SKU0044,14,1507.0,1.0,0.2694959799590508,0.26813755921663407,29.009317271306394,38.823039916226676,0.2668598014613081,-0.08444242743237079
lightgbm,STORE0006,SKU0045,14,1420.0,1.0,0.1827162165498909,0.18796217064137705,18.532644821488933,24.2052369455762,0.18663248455922285,-0.08405601148705827
lightgbm,STORE0006,SKU0046,14,1571.0,1.0,0.39415172504523543,0.6793378814804634,44.229454289004636,56.63292011653082,0.4136969857289477,0.11750699737329079
lightgbm,STORE0006,SKU0047,14,1285.0,1.0,0.22804012991580852,0.27556907376303014,20.930826210129567,26.530665940467095,0.23654624413313363,0.05362344928282485
lightgbm,STORE0006,SKU0048,14,1136.0,1.0,0.36601704154580716,0.5485079358000341,29.69966851400264,34.144470440459834,0.37811405146009586,0.1394016109008135
lightgbm,STORE0006,SKU0050,14,250.0,1.0,0.2364495391527516,0.25500603573878766,4.222313199156279,4.88678046221692,0.23088653734645953,0.06175321609835332
lightgbm,STORE0006,SKU0052,14,965.0,1.0,0.19224834902724583,0.1958535808902255,13.251404057949445,17.401129165198668,0.19243900095685754,-0.06994820163970362
lightgbm,STORE0006,SKU0053,14,441.0,1.0,0.3582634691633914,0.5753966110331865,11.28529927864683,14.54487612653926,0.38282047677851405,0.026085791562175262
lightgbm,STORE0006,SKU0054,14,1880.0,1.0,0.2439165808581907,0.24404695998737527,32.75451228667132,42.847635656856774,0.2608240587856514,-0.19133692754888168
lightgbm,STORE0006,SKU0055,14,230.0,1.0,0.29968894600591683,0.4420333969841069,4.923461255811491,6.60924188124915,0.3213127189722642,0.01803281843319719
lightgbm,STORE0006,SKU0056,14,379.0,1.0,0.36351408416773284,1.3131900090334263,9.840845564255053,14.33058863438768,0.4134701429486943,0.05801149103898868
lightgbm,STORE0006,SKU0057,14,1481.0,1.0,0.3245918997742974,0.35206518393520386,34.33718596898103,41.631576008438984,0.3438790412372619,-0.15820923961357358
lightgbm,STORE0006,SKU0058,14,1505.0,0.9285714285714286,0.34895221774800206,0.3616280391989423,37.51236340791022,49.05000554257902,0.42354128185179624,-0.054912632783246186
lightgbm,STORE0006,SKU0060,14,986.0,1.0,0.15385653363995247,0.14988369112263555,10.835895869213797,12.974773217669025,0.15645408165071453,-0.07450321278402028
lightgbm,STORE0006,SKU0063,14,749.0,1.0,0.48655730345820075,0.8758517164262367,26.03081573501374,34.36060534095661,0.45030714255227594,0.24220469628151284
lightgbm,STORE0006,SKU0064,14,1484.0,1.0,0.13654435329508174,0.13812736920597737,14.473701449278666,17.982255491715865,0.1341068137826004,0.007295524707057315
lightgbm,STORE0006,SKU0065,14,954.0,1.0,0.29580428427968614,0.3344391617883321,20.156949085915755,27.908814975041327,0.2690201588274294,0.1620687796775303
lightgbm,STORE0006,SKU0066,14,537.0,1.0,0.29318201829823404,0.3097731983324001,11.245624559010833,13.539738556855115,0.3071917872432472,-0.1314960268170078
lightgbm,STORE0006,SKU0067,14,557.0,1.0,0.1610377191447954,0.18647648825461557,6.407000683117931,8.361782194946322,0.1661993699252304,0.02687293276669135
lightgbm,STORE0006,SKU0069,14,1386.0,1.0,0.364049422412693,0.6403883728676583,36.040892818856605,42.58547882671764,0.4055848834592157,0.1634065700463113
lightgbm,STORE0006,SKU0070,14,1667.0,1.0,0.26473888821845776,0.2908116276537838,31.522837618583505,34.72908929291605,0.28596989487878466,-0.12162330680512787
lightgbm,STORE0006,SKU0071,14,423.0,1.0,0.37310436250904505,0.5611022087101696,11.27308181009472,13.323737345368965,0.37461002859895515,0.18656868459514941
lightgbm,STORE0006,SKU0072,14,483.0,1.0,0.2673603655473226,0.4509149701532338,9.223932611382631,12.632528707565141,0.2890899568467689,0.1431235697775712
lightgbm,STORE0006,SKU0073,14,173.0,1.0,0.19589408466276656,0.19272981388029256,2.420691189047044,2.8106373875484016,0.19820850019077466,-0.07194097345689462
lightgbm,STORE0006,SKU0075,14,592.0,1.0,0.2291452707139817,0.2441070989586782,9.689571447334083,10.907226405888444,0.2402863387569545,-0.09500250914726548
lightgbm,STORE0006,SKU0076,14,378.0,1.0,0.34233915426978184,0.6234253327402237,9.243157165284108,12.377221035392328,0.35219018275069397,0.22266047494647226
lightgbm,STORE0006,SKU0077,14,1121.0,1.0,0.21432126830717152,0.24768828495964273,17.161010126595663,22.53341475717528,0.22249217472096067,-0.007179968860601574
lightgbm,STORE0006,SKU0081,14,946.0,1.0,0.4035827237114366,0.584805209923643,27.27066118792993,33.16504076055346,0.4130202604019783,0.07917349189882673
lightgbm,STORE0006,SKU0084,14,437.0,1.0,0.1777060654520348,0.17989756835641502,5.546967900181372,7.00243749144623,0.17431587327317297,-0.004902503845777469
lightgbm,STORE0006,SKU0085,14,1393.0,1.0,0.23542646729687047,0.7150709790579102,23.424933496038612,31.147895629147758,0.3000132122598208,-0.05182519250468746
lightgbm,STORE0006,SKU0087,14,391.0,1.0,0.21700316221554303,0.36028545280421753,6.060588316162666,8.816992514268968,0.2293908569678871,0.08703450500317482
lightgbm,STORE0006,SKU0088,14,402.0,1.0,0.33847670827240467,0.3643517578011788,9.719116908964763,11.791075102748199,0.356722176311914,-0.17536438326350193
lightgbm,STORE0006,SKU0090,14,298.0,1.0,0.2503104100116703,0.33725206456807716,5.328035870248411,7.120164012054421,0.2648947551124476,0.007265825778059827
lightgbm,STORE0006,SKU0091,14,294.0,1.0,0.3801607628457152,0.5330390655253687,7.98337601976002,10.61259462335064,0.3752663735000469,0.049920519642663926
lightgbm,STORE0006,SKU0092,14,1299.0,0.9285714285714286,0.2133162059868213,0.15465788112690598,19.792696541205775,31.90827804128501,0.2720816452360726,0.07792932989115604
lightgbm,STORE0006,SKU0094,14,987.0,1.0,0.30842315984945556,0.7582595649052213,21.743832769386618,27.967000720610265,0.34796426628355015,-0.013798813756429804
lightgbm,STORE0006,SKU0095,14,373.0,1.0,0.4989491914020335,1.3338882048118919,13.293432028068464,15.79194230666162,0.5080306511031355,0.2880684983632533
lightgbm,STORE0006,SKU0096,14,1601.0,1.0,0.27117860204216154,0.3512185676425779,31.011210133535762,34.854217576526985,0.3005692331391421,-0.10774854384313719
lightgbm,STORE0006,SKU0097,14,1148.0,0.9285714285714286,0.28121909433938286,0.22438649572852373,23.059965735829394,30.79673346891248,0.34857176608638607,0.0009083547270464282
lightgbm,STORE0006,SKU0098,14,581.0,1.0,0.38403176434933384,1.2027424169352285,15.937318220497355,20.17833694754554,0.44438209431963877,0.13577700285341812
lightgbm,STORE0006,SKU0099,14,1474.0,1.0,0.28362446981909867,1.3018549231665923,29.861604893810814,41.986086549912514,0.32581143573835397,0.08549136259676139
lightgbm,STORE0006,SKU0100,14,1293.0,1.0,0.20402638641007126,0.23385935491894919,18.843294116301582,23.527401833137187,0.19963523173754313,0.09172114103451419
lightgbm,STORE0006,SKU0101,14,272.0,1.0,0.23079989770281883,0.39677390717341926,4.4841122982261945,5.913447765812008,0.26823018128666193,0.0334597958054462
lightgbm,STORE0006,SKU0102,14,1498.0,1.0,0.35212990195033733,0.5613076946624601,37.677899508686096,46.219888011603395,0.3497224934213286,0.2495255929635548
lightgbm,STORE0007,SKU0001,14,1190.0,1.0,0.22983967933073596,0.45054470957666054,19.53637274311256,23.90381005127874,0.2706924549486569,-0.03172207943459819
lightgbm,STORE0007,SKU0002,14,756.0,1.0,0.1622870825296057,0.17531283344868703,8.763502456598706,10.013800826205049,0.1681346737097744,-0.03245746440017457
lightgbm,STORE0007,SKU0003,14,248.0,0.9285714285714286,0.25648676175959634,0.17065605956249208,4.54347977974142,6.575239522862058,0.3087224534654848,-0.015428692216873782
lightgbm,STORE0007,SKU0004,14,991.0,1.0,0.1792159272554087,0.24432161036704805,12.685927422150716,17.10814566020996,0.19576739044864497,0.060455303636242214
lightgbm,STORE0007,SKU0006,14,1090.0,1.0,0.3501475139564016,0.41534648769498833,27.26148501517698,30.996118621285564,0.3270414068459434,0.27747281322321116
lightgbm,STORE0007,SKU0008,14,282.0,1.0,0.2462630953795069,0.4300114059018244,4.96044234978721,5.985493755081972,0.2832580226060781,-0.05731225934459717
lightgbm,STORE0007,SKU0009,14,700.0,1.0,0.28932551882600055,0.30914780988667984,14.466275941300028,16.918232436577895,0.29946572326234155,-0.07971883134658744
lightgbm,STORE0007,SKU0011,14,253.0,1.0,0.1845389207433137,0.1996841357895198,3.3348819248613117,3.842926986939109,0.19453438393185588,-0.03219319351109414
lightgbm,STORE0007,SKU0012,14,644.0,1.0,0.34560425859601446,0.4989725472187271,15.897795895416666,19.317099153783843,0.35244047779643,0.20079842570547876
lightgbm,STORE0007,SKU0013,14,1056.0,1.0,0.31414783522362527,0.4479775051126678,23.695722428296307,35.019475862934634,0.2812863043189814,0.23459014442091577
lightgbm,STORE0007,SKU0015,14,121.0,1.0,0.24793064932125833,0.7682518293063099,2.142829183419447,3.0053679354666634,0.28214589322117317,0.03152639196843869
lightgbm,STORE0007,SKU0016,14,360.0,0.9285714285714286,0.3350714961891019,0.24661643543632253,8.616124187719764,13.775822660956148,0.3943947360340089,-0.1551126158297507
lightgbm,STORE0007,SKU0018,14,935.0,1.0,0.33347588704931636,0.42004484463967023,22.271425313650774,25.098469471877717,0.3499352547420545,-0.004908695453540807
lightgbm,STORE0007,SKU0020,14,561.0,1.0,0.25841093959095257,0.3018774363408518,10.354895507894598,13.127964390183275,0.26853063346375816,-0.04431428907430985
lightgbm,STORE0007,SKU0022,14,1142.0,1.0,0.28662617429211207,0.28618244772624324,23.380506502970857,28.858659914133575,0.28265850234261647,-0.06560827314027233
lightgbm,STORE0007,SKU0023,14,1017.0,1.0,0.1754871794156146,0.16627869380708823,12.747890104691432,17.062564662251383,0.17645769656864224,-0.10160788585004196
lightgbm,STORE0007,SKU0024,14,611.0,1.0,0.26393139436027646,0.3371389414862927,11.518720139580637,14.02643932935451,0.26807182785884864,0.07241734864810861
lightgbm,STORE0007,SKU0025,14,380.0,1.0,0.20193481371901004,0.20498894288924793,5.481087800944558,6.685768264662526,0.20755334637718467,-0.09687845495415254
lightgbm,STORE0007,SKU0026,14,1113.0,1.0,0.21923683348412734,0.28932697516617367,17.429328261988125,24.09191360504595,0.23490907541412392,0.03444022135716899
lightgbm,STORE0007,SKU0027,14,1769.0,1.0,0.40581248912045204,1.433416932669156,51.27730666100569,61.39588423813364,0.46718779997381427,-0.05606278508125003
lightgbm,STORE0007,SKU0028,14,1380.0,1.0,0.2531932513934946,0.3932013616154877,24.957620494501608,32.76114491950997,0.27785036797642493,0.0060565262615242905
lightgbm,STORE0007,SKU0029,14,356.0,1.0,0.27396566401206923,0.43680910769546305,6.966555456306904,8.49891580314192,0.30816269411106745,0.15342185511783124
lightgbm,STORE0007,SKU0030,14,538.0,1.0,0.252457208475498,0.282471791744056,9.701569868558424,10.984266990924386,0.24309631623673217,0.1589836515461478
lightgbm,STORE0007,SKU0031,14,763.0,1.0,0.26254971794319165,0.3359567847675103,14.308959627903945,16.850123513367013,0.2852365358623765,-0.01109333374807277
lightgbm,STORE0007,SKU0032,14,940.0,1.0,0.20823368615383572,0.1779051694913693,13.98140464175754,27.170031031361006,0.17514635998909328,-0.07020601082095804
lightgbm,STORE0007,SKU0034,14,1854.0,1.0,0.36424685918098093,0.48407694623588865,48.236691208681336,57.07319619814488,0.36243087910234634,0.12317850405791338
lightgbm,STORE0007,SKU0035,14,2441.0,1.0,0.23432527898250297,0.2182156844472285,40.856286142592126,51.07814375714051,0.2463546141470094,-0.1814306887997718
lightgbm,STORE0007,SKU0036,14,496.0,1.0,0.3829076390152722,0.8466887481049689,13.565870639398215,16.158993447127653,0.43514800569438694,0.07837327665339922
lightgbm,STORE0007,SKU0037,14,1408.0,1.0,0.2767047315421464,0.27451292969038255,27.8285901436673,33.53066813711916,0.29605789116921893,-0.2007112192912347
lightgbm,STORE0007,SKU0038,14,1185.0,1.0,0.2668207700790486,0.35802879372222884,22.58447232454804,27.213774950384888,0.28593392301968884,-0.034051927081967415
lightgbm,STORE0007,SKU0039,14,183.0,1.0,0.39477155800991626,1.464861867650663,5.160228222558191,6.089360264578325,0.4750802392274922,0.031718722068625894
lightgbm,STORE0007,SKU0040,14,332.0,1.0,0.2504880707926297,0.30690089246509683,5.940145678796647,6.863122323304108,0.25576007548512647,0.110095761759505
lightgbm,STORE0007,SKU0043,14,512.0,1.0,0.41566763006922913,0.7957566833707,15.201559042531809,20.987776621075543,0.3983342135303798,0.2869935666014058
lightgbm,STORE0007,SKU0044,14,1071.0,1.0,0.23168075172179628,0.30530575830763823,17.723577506717415,21.913033315471285,0.25505446003817944,-0.03902542179667915
lightgbm,STORE0007,SKU0045,14,912.0,1.0,0.18881307124692343,0.2704030664824193,12.29982292694244,15.53903560279299,0.2124023419506018,0.0801952279691372
lightgbm,STORE0007,SKU0046,14,1422.0,1.0,0.24164561131167225,0.22586920239152466,24.544289948942712,32.756029320618104,0.23611033262310263,-0.11333784997138861
lightgbm,STORE0007,SKU0047,14,1027.0,1.0,0.23832502239907968,0.31191864829606214,17.48284271456106,21.383735171662828,0.2641726317319279,-0.09415691102552129
lightgbm,STORE0007,SKU0048,14,761.0,1.0,0.3766386863221198,0.7959982319842037,20.473002877938082,24.582297298218304,0.40407862708569037,0.14898433111114295
lightgbm,STORE0007,SKU0049,14,502.0,1.0,0.44240458331759863,0.6112595054732879,15.863364344673894,17.130441758336172,0.43805413483463046,0.18795200705006665
lightgbm,STORE0007,SKU0050,14,161.0,1.0,0.3315936604019884,0.45019673151223183,3.8133270946228666,4.517992606734322,0.3249857597163492,0.18353326331595782
lightgbm,STORE0007,SKU0053,14,352.0,1.0,0.38087056607842373,1.4259163095844996,9.576174232828938,12.265104364015011,0.4450181890909325,-0.009605131293952462
lightgbm,STORE0007,SKU0055,14,138.0,1.0,0.35612000889226936,0.659465811637452,3.510325801938084,4.396023513143675,0.3863728342897021,0.10591864745792678
lightgbm,STORE0007,SKU0056,14,279.0,1.0,0.27548575943644793,0.550482152455369,5.490037634483498,7.061161107751799,0.3310790996896017,0.08643071245122284
lightgbm,STORE0007,SKU0058,14,1027.0,1.0,0.29180609208548386,0.3350933699827191,21.40606118369942,25.11546061453037,0.2922986224464319,0.04535996713146732
lightgbm,STORE0007,SKU0059,14,282.0,1.0,0.22870470822177422,0.22674852415159633,4.606766265610024,5.908980993870577,0.22739305570138799,-0.04617918280352894
lightgbm,STORE0007,SKU0060,14,758.0,1.0,0.20563141929403403,0.2590276756884194,11.133472558919843,13.45975074932108,0.22541003467442935,-0.09014398608191551
lightgbm,STORE0007,SKU0061,14,794.0,1.0,0.3993163318539362,0.9455192515286358,22.64694053514467,29.306679722991575,0.42758769906980876,0.30534786138201647
lightgbm,STORE0007,SKU0062,14,196.0,1.0,0.1725037314326115,0.204247989701185,2.415052240056561,3.170553143132458,0.17903113451678834,0.028150643493007117
lightgbm,STORE0007,SKU0063,14,671.0,1.0,0.22533069284444562,0.2683391973633395,10.7997782070445,13.114235830997837,0.22343741467766629,0.11374454211640796
lightgbm,STORE0007,SKU0065,14,707.0,1.0,0.33737448624991573,0.3428705339731916,17.037411555620743,22.399600124202635,0.2912517864558091,0.11402491119680555
lightgbm,STORE0007,SKU0066,14,279.0,1.0,0.41625372720329684,0.7426459363233944,8.295342134979988,9.92077154281467,0.426381916801389,0.27258431675118144
lightgbm,STORE0007,SKU0067,14,400.0,1.0,0.3209364430830709,0.44885838584955273,9.169612659516313,11.385951582702193,0.32890364275303846,0.07248206873398674
lightgbm,STORE0007,SKU0068,14,518.0,1.0,0.2694634123994741,0.29546300490720234,9.970146258780542,11.041878865002204,0.30064131974179115,-0.1479837347301765
lightgbm,STORE0007,SKU0072,14,375.0,1.0,0.18618358448242053,0.21856741426562615,4.987060298636265,6.536935602078446,0.18756633645846596,0.032185104298648404
lightgbm,STORE0007,SKU0073,14,119.0,1.0,0.23858085157596273,0.2534246320186412,2.0279372383956833,2.327972033884154,0.2440561018517621,-0.030554397933357985
lightgbm,STORE0007,SKU0074,14,734.0,1.0,0.35813869022876565,0.616831891213098,18.776699901993855,24.73782674119228,0.36568172360161183,0.16767649686084296
lightgbm,STORE0007,SKU0075,14,417.0,1.0,0.18530593174873478,0.18226599390045806,5.519469538515886,6.295194762932119,0.1943271711725163,-0.11847846420919199
lightgbm,STORE0007,SKU0076,14,358.0,1.0,0.28000993620013853,0.2893554917706616,7.160254082832114,8.10816970731474,0.2932743707992001,-0.12205641902909896
lightgbm,STORE0007,SKU0078,14,338.0,1.0,0.2746230481925013,0.42539854503528757,6.630185020647531,8.634285991672112,0.3004529156623274,-0.025909399527490544
lightgbm,STORE0007,SKU0079,14,993.0,1.0,0.28125542919726965,0.2658129383442312,19.94904579949205,23.066351856805905,0.289922089992055,-0.17081360329975465
lightgbm,STORE0007,SKU0080,14,717.0,0.9285714285714286,0.46195100719994703,0.6665313725811846,23.65849086874014,30.180222678465675,0.5154384351187369,0.2235107381885226
lightgbm,STORE0007,SKU0081,14,810.0,1.0,0.20165910432351658,0.1861523078119355,11.667419607289174,15.144125958707601,0.20710476136371847,-0.14731907808628147
lightgbm,STORE0007,SKU0082,14,697.0,1.0,0.27339612951503617,0.3942921204563582,13.61122159085573,18.189508949372396,0.28503249058531616,0.02961685393386893
lightgbm,STORE0007,SKU0083,14,888.0,1.0,0.2911651613870929,0.3546922048353009,18.46819023655275,22.36015371243118,0.28997625685093814,0.11289083279370335
lightgbm,STORE0007,SKU0084,14,196.0,1.0,0.4919094139087015,1.2898339923901305,6.886731794721821,8.870822784467633,0.47063625957420985,0.41105373440873755
lightgbm,STORE0007,SKU0085,14,893.0,1.0,0.2708400352252127,0.3526192370036482,17.275725104008213,20.50274349006723,0.29048256908016284,0.0796864991105307
lightgbm,STORE0007,SKU0086,14,129.0,1.0,0.21285051340091604,0.23119362997480705,1.9612654449084406,2.3216954726532744,0.21385093931763163,0.026055580579913307
lightgbm,STORE0007,SKU0087,14,315.0,1.0,0.2576021137573326,0.42602627953669153,5.796047559539984,7.068219751940013,0.2836837793032322,-0.015971744873529755
lightgbm,STORE0007,SKU0088,14,252.0,1.0,0.26657394310035015,0.32589470821454747,4.798330975806302,5.856214698519522,0.2719973366172598,0.06873723449403198
lightgbm,STORE0007,SKU0089,14,434.0,1.0,0.24547759723987603,0.51232836944108,7.6098055144361565,10.685687664466608,0.26889938767175714,0.11171877216256741
lightgbm,STORE0007,SKU0090,14,218.0,1.0,0.3217974094820164,0.9403398542802923,5.01084537621997,7.108234377319362,0.3707112797031354,0.03252930735129037
lightgbm,STORE0007,SKU0093,14,816.0,1.0,0.2587541999802136,0.298330318585809,15.081673370275306,17.2949576352484,0.27453606882562215,-0.04526206146702146
lightgbm,STORE0007,SKU0094,14,607.0,1.0,0.33027801842663285,0.4627993384690243,14.319911227497581,16.757651486666227,0.3356046081708177,0.17773022324473126
lightgbm,STORE0007,SKU0096,14,1130.0,1.0,0.2804170828867231,0.367848759967438,22.63366454728551,26.983350340716452,0.31095714537833513,-0.08824555870695105
lightgbm,STORE0007,SKU0097,14,650.0,1.0,0.43827976226271403,4.811948143112027,20.348703247911722,27.45984472162554,0.4928095625813101,0.07715293032012341
lightgbm,STORE0007,SKU0098,14,477.0,0.9285714285714286,0.2807364694208096,0.3452854269826689,9.565092565266156,14.686175104839887,0.35386225298002244,0.1485917521159469
lightgbm,STORE0007,SKU0099,14,1133.0,1.0,0.20326258181500517,0.25228425453976994,16.44975037117149,20.1287479607498,0.21250675836970365,0.11190842810539042
lightgbm,STORE0007,SKU0100,14,955.0,1.0,0.2034390704988926,0.24318684498330564,13.877450880460174,18.992278424369648,0.21074740979063353,-0.008908212855634279
lightgbm,STORE0007,SKU0101,14,165.0,1.0,0.4748141063702886,2.1355134476406112,5.596023396506973,7.902860094076431,0.5293372089696292,0.32452651234519525
lightgbm,STORE0007,SKU0102,14,1147.0,1.0,0.2973691734841198,0.6834549585307951,24.363031570448957,32.02060842883479,0.3623872793899326,0.1401174483987182
lightgbm,STORE0008,SKU0001,14,1519.0,1.0,0.22227333145296935,0.26931158927456983,24.116656462647175,34.766712859661155,0.21446357257606138,0.07780413360189077
lightgbm,STORE0008,SKU0002,14,1009.0,1.0,0.21272090159410953,0.2348849250057539,15.331099264889753,17.156883798343426,0.217419007640086,-0.003003351968724151
lightgbm,STORE0008,SKU0003,14,339.0,1.0,0.2843511806828057,0.3176104221671601,6.885360732247938,9.471667858918225,0.2838767632170148,-0.03371824003221082
lightgbm,STORE0008,SKU0004,14,1489.0,1.0,0.24491261825315389,0.2862511264645307,26.048206327067582,29.254517093995208,0.2623375677313396,-0.07013113599389847
lightgbm,STORE0008,SKU0005,14,1579.0,1.0,0.26322278106901337,0.34380197175105015,29.687769379140864,37.601099904781826,0.2890300600060051,0.027496136848920005
lightgbm,STORE0008,SKU0006,14,1939.0,1.0,0.1885933181274914,0.47795325484999857,26.120174560657556,35.658053784465295,0.24253133996252088,-0.06069586511422897
lightgbm,STORE0008,SKU0007,14,374.0,1.0,0.40470974127025044,2.3955375516969264,10.81153165964812,13.303853321225766,0.465199841306036,0.10678093730829186
lightgbm,STORE0008,SKU0008,14,370.0,1.0,0.2716718590956552,0.3014382896718377,7.1798991332423165,7.940833413756446,0.2754693279496374,0.025968117872386634
lightgbm,STORE0008,SKU0009,14,896.0,1.0,0.30754078089256576,4.513560673544409,19.68260997712421,24.983120545341983,0.3747227111689583,0.017607134360544594
lightgbm,STORE0008,SKU0010,14,525.0,1.0,0.28235618005691016,0.37006034001721816,10.58835675213413,12.941556373887286,0.28666447823841285,0.13256040601980376
lightgbm,STORE0008,SKU0011,14,338.0,1.0,0.20109927511792725,0.19731787689082234,4.855111070704244,6.75030043248217,0.1859621416284082,0.029191387157494968
lightgbm,STORE0008,SKU0012,14,949.0,1.0,0.2795292230279393,0.41593226296492747,18.9480880466796,23.758737437491515,0.3083132398527956,0.17397293063196737
lightgbm,STORE0008,SKU0013,14,1894.0,1.0,0.17944395039235939,0.22357368901334765,24.276203003080617,37.826414518068056,0.18610217889018646,0.035767368864442206
lightgbm,STORE0008,SKU0014,14,903.0,1.0,0.29832062341025356,0.2935973918206489,19.241680209961352,27.97477157021677,0.2816980586112848,-0.03229657880984385
lightgbm,STORE0008,SKU0015,14,189.0,1.0,0.2493513535097938,0.2612520000092399,3.366243272382216,4.291939413927245,0.2514891832541438,-0.04333367346032452
lightgbm,STORE0008,SKU0016,14,488.0,1.0,0.24328639795773996,0.2154626696292234,8.48026872881265,11.21953540369154,0.23339117976194007,-0.15609908146133622
lightgbm,STORE0008,SKU0018,14,1262.0,1.0,0.25413176462812476,0.28770191632538744,22.908163354335247,27.59150920329395,0.2571977045922905,0.0010828630724700361
lightgbm,STORE0008,SKU0020,14,909.0,1.0,0.18799836538747047,0.18150425092248135,12.206465295515047,15.023940641060976,0.19299220139377507,-0.13117399500627824
lightgbm,STORE0008,SKU0022,14,1449.0,1.0,0.252392752318885,0.293627729556355,26.1226498650046,30.410688590088384,0.2648288836921521,-0.0416907435379564
lightgbm,STORE0008,SKU0025,14,468.0,1.0,0.32882348655725613,0.6223333174540272,10.992099407771134,13.567531094692399,0.3541909782320541,0.1364839502572388
lightgbm,STORE0008,SKU0027,14,2431.0,1.0,0.22482963336009468,0.2786822523288256,39.04005990702787,49.57231369106395,0.24673871099920916,-0.1019254849395433
lightgbm,STORE0008,SKU0028,14,2184.0,1.0,0.29615915461113085,0.35832331125886485,46.20082811933641,52.83004498980708,0.326079569930545,-0.1360629311659363
lightgbm,STORE0008,SKU0029,14,460.0,1.0,0.482936317630286,1.3586363398073726,15.867907579280825,19.995294754986976,0.4936768509990568,0.37481544653704935
lightgbm,STORE0008,SKU0030,14,737.0,1.0,0.22323479302905755,0.25289566833179516,11.751717318743959,13.17649352197916,0.2286609276001214,0.05377823167218516
lightgbm,STORE0008,SKU0031,14,917.0,1.0,0.3826137078927489,0.9298973693019618,25.061197866975053,31.402224745186388,0.43438528466419163,0.1792609792349153
lightgbm,STORE0008,SKU0033,14,1750.0,1.0,0.21138322701020254,0.2106313044485446,26.42290337627532,32.06270406599798,0.21429174935343148,-0.05565264765889216
lightgbm,STORE0008,SKU0035,14,2593.0,1.0,0.3680942332755915,1.788731664178421,68.17631049168634,83.65725021075541,0.4155527843858439,0.014019089382541497
lightgbm,STORE0008,SKU0038,14,1628.0,1.0,0.22376105226903573,0.2307425602704504,26.02021379242787,32.72389327988804,0.22293076711144452,-0.037049084028401964
lightgbm,STORE0008,SKU0039,14,321.0,1.0,0.26561238496275474,0.24623664265705375,6.090112540931734,7.510957597677414,0.272578345903535,-0.16702157134932258
lightgbm,STORE0008,SKU0040,14,505.0,1.0,0.2816229626104761,1.2712340681479757,10.158542579877889,15.149451525845933,0.3300906539040906,0.11259888205345571
lightgbm,STORE0008,SKU0041,14,1837.0,1.0,0.186991218825323,0.19575977539025044,24.53591921300845,29.529836346100208,0.19655595523966501,-0.04251873747744072
lightgbm,STORE0008,SKU0042,14,281.0,1.0,0.18014414691956812,0.19119399667469034,3.615750377457046,4.447481164117759,0.18311385290483365,-0.036967142525167876
lightgbm,STORE0008,SKU0043,14,765.0,1.0,0.49784652895623915,4.370741326892746,27.20375676082307,35.51747881056326,0.5491321690148584,0.18942179121483244
lightgbm,STORE0008,SKU0044,14,1387.0,1.0,0.2316226007602975,0.2782593379698977,22.94718194675233,27.678319818920933,0.24516889784580082,-0.03548072474483453
lightgbm,STORE0008,SKU0045,14,1369.0,1.0,0.21229713282689486,0.21779682270217307,20.759626774287078,23.892038993746404,0.2167742223735558,-0.002316813716847542
lightgbm,STORE0008,SKU0046,14,1773.0,1.0,0.2231854340130576,0.2831663950729494,28.264841036082224,36.2032918193722,0.247869838404909,-0.07903321194390876
lightgbm,STORE0008,SKU0047,14,1012.0,1.0,0.44325904030864316,0.5792101041973756,32.041296342310496,36.08934976768456,0.40684974697298454,0.34058124092104636
lightgbm,STORE0008,SKU0048,14,1241.0,1.0,0.2155697217576974,0.24849930341606968,19.108716050093033,25.422846194986157,0.22752985419594438,-0.04132314333325969
lightgbm,STORE0008,SKU0049,14,709.0,1.0,0.28750028129022853,0.37656901118796987,14.55983567391229,17.273296447212186,0.29534844142865385,0.10253641612201322
lightgbm,STORE0008,SKU0051,14,1030.0,1.0,0.36091222251772154,1.3361272910619626,26.552827799518088,35.119987273340435,0.41964347783719763,0.10908102267622725
lightgbm,STORE0008,SKU0055,14,204.0,1.0,0.2814740383480848,0.3456508457840604,4.101478844500664,4.8660675327973575,0.2771144354866208,0.16670236560215568
lightgbm,STORE0008,SKU0056,14,385.0,1.0,0.36166946721150156,0.48241327220939606,9.945910348316293,14.964729602139917,0.33044774033488045,0.029981663669862258
lightgbm,STORE0008,SKU0057,14,1252.0,1.0,0.2870864020129137,0.31208962968543774,25.67372680858342,31.456023753730584,0.2751398198970453,0.08041320944756865
lightgbm,STORE0008,SKU0059,14,364.0,0.9285714285714286,0.4117940251094471,0.38713902570682907,10.706644652845625,12.502799953685356,0.4619347480022799,0.07939136891173319
lightgbm,STORE0008,SKU0060,14,906.0,1.0,0.28479633929517284,0.5176200802662084,18.43039167153047,24.274035210397088,0.32150955728931796,0.010129888311115012
lightgbm,STORE0008,SKU0061,14,1310.0,1.0,0.23516970714378826,0.28658243633189606,22.005165454168758,26.50868342460576,0.2393195480447001,0.08798183870440836
lightgbm,STORE0008,SKU0062,14,294.0,1.0,0.3136669138683378,0.9004721981039215,6.587005191235093,8.309509184143192,0.3573416240709428,-0.11833146145831858
lightgbm,STORE0008,SKU0064,14,1430.0,1.0,0.2076902130319821,0.21570580126874078,21.214071759695315,23.978967137638865,0.20683024991959006,-0.008340183524754987
lightgbm,STORE0008,SKU0065,14,1094.0,1.0,0.2442865542948337,0.25135253094956583,19.089249314182005,24.255874715430075,0.2408791791207371,-0.009150856759362874
lightgbm,STORE0008,SKU0066,14,465.0,1.0,0.1538219193564641,0.17005899224135937,5.109085178625415,6.521501170620496,0.15516088093174688,0.06429834282381572
lightgbm,STORE0008,SKU0067,14,589.0,1.0,0.31373437782587443,0.5028722640883361,13.19925346710286,17.530162492469938,0.33322880005060884,0.06799787977179511
lightgbm,STORE0008,SKU0072,14,583.0,1.0,0.20587785393833505,0.24831527224462943,8.573342060432095,11.358946582101986,0.21679721016474204,-0.03424124499314985
lightgbm,STORE0008,SKU0074,14,1162.0,1.0,0.2777076032260346,0.5470518003575492,23.04973106776087,31.489148810789533,0.31429447880566314,0.10832455074302993
lightgbm,STORE0008,SKU0075,14,510.0,1.0,0.22255767244139055,0.31213902956597434,8.107458067507798,10.439069860710562,0.23869318479392992,0.0008151294943661691
lightgbm,STORE0008,SKU0076,14,476.0,1.0,0.3159177561520632,0.77175683091299,10.741203709170149,13.620470728605829,0.3745552875643438,0.03374137519852948
lightgbm,STORE0008,SKU0077,14,960.0,1.0,0.25490056811989065,0.862425988264775,17.478896099649642,22.836324154085624,0.32847361119736085,0.12448240514883283
lightgbm,STORE0008,SKU0078,14,541.0,1.0,0.16762965330198706,0.15736480339218642,6.4776887454553576,7.66180360608944,0.17021254162353694,-0.11370295516732516
lightgbm,STORE0008,SKU0080,14,1359.0,1.0,0.22540058988528633,1.0377210400291936,21.879957261007437,31.82902235790657,0.27202661689272783,-0.05570389031621916
lightgbm,STORE0008,SKU0081,14,857.0,1.0,0.3028914057103544,0.9177111190074981,18.541281049555266,24.83746267857622,0.32805783912900804,0.23371198462502157
lightgbm,STORE0008,SKU0082,14,1036.0,1.0,0.25294768158333897,0.28027068406385464,18.718128437167085,21.699711236278485,0.26293935663504275,-0.043516106750877935
lightgbm,STORE0008,SKU0083,14,1555.0,1.0,0.13768487147404213,0.12314540705716716,15.292855367295394,20.133126872631003,0.1348132722709914,-0.10782870160050986
lightgbm,STORE0008,SKU0084,14,433.0,1.0,0.2222197516596901,0.21810533235291127,6.872939462046129,8.988694696615049,0.22918040886851992,-0.1271201787117521
lightgbm,STORE0008,SKU0085,14,1368.0,1.0,0.25061499015140737,0.288455717605304,24.488664751937524,29.225642911264412,0.24979201739106266,0.05348462853083066
lightgbm,STORE0008,SKU0086,14,156.0,0.9285714285714286,0.2611524138047106,0.22200863295900095,2.909984039538204,3.9870429294349354,0.3225341169905334,0.15307255795367858
lightgbm,STORE0008,SKU0087,14,544.0,1.0,0.21638423956736444,0.2186110144391544,8.408073308903303,10.27505772314262,0.22137808747606633,-0.10102715168804725
lightgbm,STORE0008,SKU0088,14,350.0,1.0,0.25906986831842826,0.30523168775024684,6.476746707960706,7.815072443937114,0.26674047912927445,-0.03107317063484823
lightgbm,STORE0008,SKU0089,14,751.0,1.0,0.302625578710276,0.29969858052187043,16.233700686529804,19.04203844448104,0.32022331547793703,-0.17206585100365737
lightgbm,STORE0008,SKU0090,14,344.0,1.0,0.31805562824663103,0.35971109060398376,7.815081151202934,9.144122348894221,0.327120198739284,-0.07123173949398263
lightgbm,STORE0008,SKU0091,14,360.0,1.0,0.3050149476135405,1.7176210302123438,7.8432415100624695,12.20417949775264,0.34485046164901206,-0.004134616085023938
lightgbm,STORE0008,SKU0092,14,1494.0,1.0,0.2888529406359165,0.5232480374959951,30.824735236432804,39.22152943870142,0.32231926657798154,-0.0765693433871386
lightgbm,STORE0008,SKU0093,14,1165.0,1.0,0.2503112763927526,0.32100991906523973,20.829474071254054,26.287002240461206,0.2644313570499472,0.033331817639619794
lightgbm,STORE0008,SKU0094,14,1177.0,1.0,0.2166597006818281,0.1964227787384807,18.214890550179405,23.362034772418056,0.2187625139928185,-0.1472765581776873
lightgbm,STORE0008,SKU0095,14,449.0,1.0,0.2280051672983991,0.2700457458903794,7.312451436927228,8.869258843661324,0.233454171627173,0.04908933708683558
lightgbm,STORE0008,SKU0096,14,1339.0,1.0,0.24317303841388174,0.3239051693933296,23.257764174013403,31.502346286228885,0.25025270588440945,0.06484104547914973
lightgbm,STORE0008,SKU0097,14,1035.0,1.0,0.3345797728017414,0.4321956714500296,24.73500463212874,32.19468509437463,0.3277938917354755,0.07110260068416781
lightgbm,STORE0008,SKU0098,14,692.0,1.0,0.19943160674289356,0.23391082117369266,9.857619419005882,11.82969403973647,0.21395108388763884,-0.03523907396672764
lightgbm,STORE0008,SKU0099,14,1683.0,1.0,0.23238103368781987,0.2784347165081527,27.93551997832863,33.1137236523898,0.24627496891958756,-0.02928682612968367
lightgbm,STORE0008,SKU0100,14,1462.0,1.0,0.20077166905045138,0.20484550926130404,20.966298582268564,22.744657291463575,0.2083077180236839,-0.08712247011949711
lightgbm,STORE0008,SKU0101,14,243.0,1.0,0.3567443083580957,0.9132738771686633,6.192061923644089,7.9250926519249205,0.38711859247833286,0.19278659216609778
lightgbm,STORE0008,SKU0102,14,1650.0,1.0,0.26110531990840136,0.35600174883911034,30.77312698920445,40.626573579929094,0.27003023612233085,0.20499760166630032
lightgbm,STORE0009,SKU0001,14,1379.0,1.0,0.22862353640989877,0.22307636816171944,22.51941833637503,30.55870855261744,0.2317360146796856,-0.0844437349475224
lightgbm,STORE0009,SKU0002,14,848.0,1.0,0.32145905334592195,0.45149763493498857,19.471234088381557,25.582727704978588,0.3304938377140877,-0.01156306576735517
lightgbm,STORE0009,SKU0003,14,237.0,1.0,0.365631261245731,0.8660577890661904,6.189614922517017,7.757377347385989,0.4025483867553694,0.16994928601489795
lightgbm,STORE0009,SKU0005,14,1252.0,1.0,0.2940140527740921,0.605585401865783,26.293256719511664,30.968622146490535,0.34355577516856334,0.09152925773838518
lightgbm,STORE0009,SKU0006,14,1664.0,1.0,0.25544792596607435,0.4877722259548452,30.36181062911055,38.59920160520521,0.2907240795838338,0.024161000906695793
lightgbm,STORE0009,SKU0008,14,367.0,1.0,0.15133980626795612,0.16511975762928244,3.9672649214528497,5.060851639074525,0.1565677271175599,-0.04842306603657251
lightgbm,STORE0009,SKU0009,14,705.0,1.0,0.33648433981185605,1.242413666537003,16.94438996909704,23.347395203366588,0.3944206403944098,0.09264588493967013
lightgbm,STORE0009,SKU0010,14,379.0,1.0,0.36098784266153383,0.6333768469949825,9.772456597765808,11.784155030798027,0.3641096577437845,0.2608407940179145
lightgbm,STORE0009,SKU0011,14,293.0,1.0,0.20695274154387872,0.36327684441282754,4.331225233739747,6.0724637333617775,0.24030125407859673,0.0462642508796365
lightgbm,STORE0009,SKU0012,14,729.0,1.0,0.3801360652594564,1.22551563600767,19.794227969581694,26.705484377475898,0.4342132761208846,0.2755415960038316
lightgbm,STORE0009,SKU0013,14,1701.0,1.0,0.2202799965486379,0.2619820667831881,26.764019580659504,34.95346775669744,0.2426155150604021,-0.03821484588984249
lightgbm,STORE0009,SKU0015,14,147.0,1.0,0.3646617724296338,0.9997300914288315,3.828948610511155,4.424581255419723,0.42232984125719886,0.0270283199595262
lightgbm,STORE0009,SKU0016,14,347.0,1.0,0.4324755057948964,1.3166322479216834,10.719214322202076,13.855290268989346,0.4588069040840174,0.11091332944789445
lightgbm,STORE0009,SKU0017,14,1593.0,1.0,0.24748826873384372,0.2394735064293882,28.160629435215217,35.51206357910063,0.24021481455986443,-0.07513626053757963
lightgbm,STORE0009,SKU0018,14,1416.0,1.0,0.2638747925485407,0.25144155169392396,26.689050446338115,31.007141109241395,0.2786885244588074,-0.1861819037539809
lightgbm,STORE0009,SKU0019,14,230.0,1.0,0.35882489060321365,0.6625791313858018,5.894980345624225,6.743269936411083,0.4235730089436152,0.14538804145059842
lightgbm,STORE0009,SKU0020,14,639.0,1.0,0.21901419324857163,0.3985542279131539,9.996433534702662,13.208619441993287,0.25481094270900423,0.010631257245064894
lightgbm,STORE0009,SKU0022,14,1233.0,1.0,0.3522421917394264,0.7860370936296094,31.02247302962234,38.260519433605715,0.39689050133359915,0.05096435104860141
lightgbm,STORE0009,SKU0023,14,991.0,1.0,0.35049428639065816,0.40661856094531196,24.809988415224446,30.26535660777145,0.33565673620311914,0.06577611290326721
lightgbm,STORE0009,SKU0024,14,724.0,1.0,0.25196794366100206,0.2953569017567979,13.030342229326108,15.107814994265674,0.25577021947100614,0.07346583232766621
lightgbm,STORE0009,SKU0025,14,431.0,1.0,0.2209234225438924,0.3670881413524091,6.801285365458402,8.820842111906513,0.24163178847415628,0.05875599720779996
lightgbm,STORE0009,SKU0027,14,1920.0,1.0,0.2006610005328767,0.2680399816743272,27.51922293022309,36.886719857449215,0.22070352777042798,0.020187625101676043
lightgbm,STORE0009,SKU0028,14,1576.0,1.0,0.2808428027354072,0.3781651306370846,31.614875507928698,41.173863037742805,0.2857263099373335,0.033742241497540466
lightgbm,STORE0009,SKU0030,14,587.0,1.0,0.20909902712141634,0.28775659099424317,8.7672234943051,11.270894885483338,0.22547503287080936,0.11149142984036753
lightgbm,STORE0009,SKU0032,14,997.0,1.0,0.40577082287737537,1.9084214054713744,28.896679314910234,45.48328947397984,0.47446756327331924,0.10919678891297106
lightgbm,STORE0009,SKU0033,14,1735.0,1.0,0.2628651072503496,0.26557956054450377,32.57649721995404,38.43740094175092,0.2827707536019774,-0.17451821215086374
lightgbm,STORE0009,SKU0034,14,2219.0,1.0,0.252633151641468,0.27850110236458286,40.04235453517267,46.79964026097198,0.2531183699314568,0.011054648698051662
lightgbm,STORE0009,SKU0035,14,2812.0,1.0,0.22919276246907608,0.2226076968498297,46.03500343307443,57.35436725537567,0.24035746620801834,-0.14880313128260902
lightgbm,STORE0009,SKU0037,14,1292.0,1.0,0.21626259083433252,0.3159784201661262,19.957947668425543,25.488370349814257,0.23830977632598055,0.07393058201148782
lightgbm,STORE0009,SKU0038,14,1253.0,1.0,0.260646757424042,0.3384973872288861,23.32788478945176,27.19734392925567,0.2718005094345013,0.054793023458681735
lightgbm,STORE0009,SKU0039,14,227.0,1.0,0.2827186534276563,0.733609985748855,4.584081023434142,6.300109076506417,0.32318898523793343,0.04936963601770644
lightgbm,STORE0009,SKU0041,14,1453.0,1.0,0.2860528376380134,0.7228170000199949,29.68819807771668,43.96391166685066,0.30401262517633837,0.06543160902431094
lightgbm,STORE0009,SKU0044,14,1174.0,1.0,0.3012627957386964,1.0076271034272861,25.26303729980211,31.815287890979484,0.3590199139203163,0.06822752166006736
lightgbm,STORE0009,SKU0045,14,1026.0,1.0,0.3044979106551405,0.7725670438300352,22.31534688086958,25.58519778451016,0.3544663438137983,0.11442373244936842
lightgbm,STORE0009,SKU0046,14,1328.0,1.0,0.2702592944786489,0.3050300332154471,25.636024504831834,34.61780655025275,0.25419102393948123,0.04712347342170634
lightgbm,STORE0009,SKU0047,14,1126.0,1.0,0.26283322228811484,0.27409055650521824,21.139300592601238,25.227935327010332,0.2774075588874489,-0.12843587636088072
lightgbm,STORE0009,SKU0049,14,539.0,1.0,0.31532823791206344,0.36828051794818617,12.140137159614442,13.361343533167883,0.2949766384004629,0.23289625769185535
lightgbm,STORE0009,SKU0050,14,233.0,1.0,0.15573210953818983,0.1544012026740915,2.5918272515998737,2.986245471562235,0.15385690941982183,-0.008019656675619253
lightgbm,STORE0009,SKU0051,14,894.0,1.0,0.24716733744429098,0.36856115024101727,15.783399976799725,20.120072500249513,0.2689145669479356,0.00190341895279324
lightgbm,STORE0009,SKU0052,14,809.0,1.0,0.16943353656420437,0.16096922490978324,9.790837934317238,12.218130160763582,0.16953442210164663,-0.07714717853874854
lightgbm,STORE0009,SKU0055,14,175.0,1.0,0.20256828611275118,0.33268436565969656,2.5321035764093898,3.348940519006623,0.22925941133961608,0.0839283797128387
lightgbm,STORE0009,SKU0057,14,986.0,0.9285714285714286,0.4109668629328337,0.9954223560545276,28.943809060841,37.72276495556197,0.47733760587760854,0.23635092717466802
lightgbm,STORE0009,SKU0058,14,1123.0,1.0,0.38697677568108774,2.792774103533424,31.041065649275822,40.18140273355434,0.44628216855906905,0.10280582667902116
lightgbm,STORE0009,SKU0059,14,384.0,1.0,0.2251360183485259,0.23160682011013783,6.17515936041671,7.061576732646897,0.24307008341994943,-0.1481928722280321
lightgbm,STORE0009,SKU0060,14,817.0,1.0,0.21728896595182645,0.23856493375472793,12.680363227331586,14.702203216239264,0.2268138049539191,-0.04021964597297045
lightgbm,STORE0009,SKU0061,14,1390.0,1.0,0.2688502896753171,0.34895925341995193,26.692993046335058,31.983239855512807,0.29611725545641443,-0.08246143883822495
lightgbm,STORE0009,SKU0062,14,252.0,0.9285714285714286,0.3165745984949465,0.23953040415944662,5.6983427729090375,7.41781661225729,0.3805719473517775,-0.08153596539870007
lightgbm,STORE0009,SKU0063,14,836.0,1.0,0.27373711953428537,0.48126355328959486,16.346016566475896,19.492518367155423,0.32842443511847097,0.10759891671948091
lightgbm,STORE0009,SKU0064,14,1341.0,1.0,0.25234169853163274,0.31140037712495516,24.170729837922824,28.25257669264215,0.27430846650665924,-0.07798821508071163
lightgbm,STORE0009,SKU0065,14,898.0,1.0,0.17902941848143775,0.18683896021845084,11.48345841402365,15.950068864377739,0.16795468361932916,0.10644936578530566
lightgbm,STORE0009,SKU0066,14,434.0,1.0,0.18465322976284432,0.18448452067501261,5.724250122648174,7.467835899077805,0.18279675353764085,-0.06075677923675808
lightgbm,STORE0009,SKU0067,14,473.0,1.0,0.27577751192279093,0.5565873401747878,9.31734022424858,11.855683307650004,0.3055523111642196,0.06466913483698507
lightgbm,STORE0009,SKU0068,14,556.0,1.0,0.23743334947758332,0.3329739200500361,9.429495879252595,11.464298478349894,0.26422804270075007,0.07864144339494973
lightgbm,STORE0009,SKU0069,14,1072.0,1.0,0.5077505813156539,0.6354114028232487,38.87918736931293,49.46159992948051,0.436030896406857,0.24980066534292708
lightgbm,STORE0009,SKU0070,14,1061.0,1.0,0.3116176812176191,0.8684040694774718,23.61616855513528,32.976425364002246,0.34448425098609275,0.21059672405353946
lightgbm,STORE0009,SKU0071,14,412.0,1.0,0.2640495134936704,0.4423949949207828,7.770599968528015,9.37202232814123,0.30353492849002844,-0.02299710490912327
lightgbm,STORE0009,SKU0072,14,452.0,1.0,0.3014284690464768,0.6091254740120136,9.731833429214822,13.046562511057186,0.3238813611547414,0.10385897991191716
lightgbm,STORE0009,SKU0074,14,1042.0,1.0,0.2513975332454053,0.26931010041562836,18.71115926012231,27.880679955086798,0.23680069657761746,0.0328290802968222
lightgbm,STORE0009,SKU0075,14,458.0,1.0,0.29134305473240985,0.28364840795880303,9.531079933388837,12.203629518238456,0.31126241376951685,-0.22772848370081097
lightgbm,STORE0009,SKU0076,14,399.0,1.0,0.2520969912013655,0.35021915271125614,7.184764249238916,9.03869128657301,0.2741342857419996,-0.00941121783274728
lightgbm,STORE0009,SKU0077,14,716.0,1.0,0.3978297788419545,0.7335520151876346,20.346151546488528,29.996274783754668,0.37797607667491423,0.34719724235801674
lightgbm,STORE0009,SKU0078,14,492.0,1.0,0.24355049465794051,0.22521125661923228,8.559060240836194,10.104975467479225,0.2627626823867228,-0.2325852112346614
lightgbm,STORE0009,SKU0080,14,1224.0,1.0,0.23527294700840878,0.27430880727455303,20.56957765273517,26.162618078911656,0.24861133813108865,-0.12005480962295909
lightgbm,STORE0009,SKU0082,14,680.0,1.0,0.3630195003874018,1.183193905235743,17.63237573310237,22.53636983579462,0.4080710839303085,0.19300426104623541
lightgbm,STORE0009,SKU0083,14,1146.0,1.0,0.2976822404573556,0.9948671416221357,24.367417683152105,29.349965932854445,0.3461510009677176,0.03979560326538267
lightgbm,STORE0009,SKU0084,14,320.0,1.0,0.2859225073055846,0.37812099382740805,6.53537159555622,8.200594203356134,0.2898579453697635,0.07772644436467495
lightgbm,STORE0009,SKU0085,14,1081.0,1.0,0.2561405573466288,0.3232814372978618,19.77771017797898,24.715015654511916,0.2608556357976003,0.07771635005508128
lightgbm,STORE0009,SKU0086,14,145.0,1.0,0.23879565411664072,0.28756000366871437,2.4732407033509216,2.955337056584042,0.2459982416641371,0.09734756230056142
lightgbm,STORE0009,SKU0087,14,419.0,1.0,0.19341316530020727,0.200102878669184,5.788579732913346,6.916847844032437,0.20424369763021635,-0.10246058161635839
lightgbm,STORE0009,SKU0088,14,297.0,1.0,0.2607948894588297,0.30549940029152095,5.532577297805174,6.672026414465732,0.25189679173747614,0.1384652277602766
lightgbm,STORE0009,SKU0089,14,533.0,1.0,0.29235415990005464,3.203547179067131,11.130340516194938,14.99799859141364,0.3423533268505833,0.006774838707116806
lightgbm,STORE0009,SKU0090,14,249.0,0.9285714285714286,0.29298705744332587,0.23860413856949517,5.210984093099152,7.306340220286224,0.33984566669860633,0.13722995045719003
lightgbm,STORE0009,SKU0091,14,302.0,1.0,0.22225623818706397,0.23811944056094395,4.794384566606666,5.344593981859408,0.24361250125030112,-0.09966162544077609
lightgbm,STORE0009,SKU0092,14,1306.0,1.0,0.2906646057527074,0.3260605799221323,27.114855365216847,32.37776191453642,0.308426100070189,-0.10408796484836967
lightgbm,STORE0009,SKU0093,14,889.0,1.0,0.3501349682295304,0.5412762973062715,22.23357048257518,26.712941012643885,0.36402261529901836,0.16454164138530653
lightgbm,STORE0009,SKU0096,14,1393.0,1.0,0.2835513527842578,0.3465245604649948,28.213359602033652,31.018789612018733,0.3182191952047054,-0.13876773013176164
lightgbm,STORE0009,SKU0097,14,932.0,1.0,0.14195003281673302,0.14175153313229708,9.449816470371085,12.815299564776282,0.1354839648477781,0.0455418099058891
lightgbm,STORE0009,SKU0098,14,617.0,1.0,0.2978117894347088,0.3604283166320203,13.124991005801096,20.270869602733153,0.29017239938907585,-0.053047672561913777
lightgbm,STORE0009,SKU0099,14,1318.0,1.0,0.4062189266427704,0.8727796012851291,38.2426103796551,48.22434019476769,0.47165893806774445,0.11981494954868212
lightgbm,STORE0009,SKU0102,14,1685.0,1.0,0.2715728074207171,0.2760073888768267,32.68572717885059,40.72275454350211,0.27018696500247585,-0.0426056679664627
lightgbm,STORE0010,SKU0001,14,1348.0,1.0,0.18734918967492165,0.21398841348476888,18.0390505486996,22.820252797580107,0.1866431066169368,0.059770944305153034
lightgbm,STORE0010,SKU0004,14,1388.0,1.0,0.21771653856122647,0.2576571201900468,21.585039680213022,26.374631976975216,0.23275865066060628,-0.06080507306058628
lightgbm,STORE0010,SKU0005,14,1302.0,1.0,0.28199639684989813,0.3923426875639713,26.225664907040528,30.96444911672643,0.30785852968094574,0.07627919115756919
lightgbm,STORE0010,SKU0006,14,1503.0,1.0,0.16308832400323114,0.5888980834805526,17.508696498346886,28.075348641450432,0.20806351267631382,0.0018885968967144143
lightgbm,STORE0010,SKU0007,14,334.0,1.0,0.23377124860531648,0.39444561748007934,5.577114073869693,7.389894765681267,0.26380385269387535,0.11436287029722252
lightgbm,STORE0010,SKU0010,14,488.0,1.0,0.2526690176495935,0.30907569035708715,8.80732004378583,12.045725150383062,0.26213060888794754,-0.026187286538710844
lightgbm,STORE0010,SKU0011,14,330.0,1.0,0.26076486372549823,0.25815093489675206,6.1466003592438865,7.48166992806359,0.25716794581095465,-0.09370037749534141
lightgbm,STORE0010,SKU0012,14,874.0,1.0,0.24041258251489808,0.5250545498463682,15.008614079858637,18.09076911292801,0.30020445487641206,0.04847950676658005
lightgbm,STORE0010,SKU0013,14,1626.0,1.0,0.30597324181194363,0.5063361077602752,35.53660651330145,43.94462969381036,0.34523062633613294,0.012375471711120162
lightgbm,STORE0010,SKU0014,14,807.0,1.0,0.21695380576971401,0.27018420083268585,12.5058372325828,16.24988886035707,0.23135724652793432,0.004218664871079799
lightgbm,STORE0010,SKU0015,14,141.0,1.0,0.27691569612238387,0.3665197480476462,2.788936653804009,3.2963796522684126,0.30249839352465724,-0.008379649535328767
lightgbm,STORE0010,SKU0016,14,400.0,1.0,0.23596307546603193,0.2900020713029839,6.741802156172341,8.111072672083461,0.2628239003129459,-0.11448318334020997
lightgbm,STORE0010,SKU0017,14,1321.0,1.0,0.3691780591661163,0.6378817440039176,34.83458686845997,48.285380275262824,0.3719684850320345,-0.0009562020743741868
lightgbm,STORE0010,SKU0018,14,1117.0,1.0,0.22103404898347775,0.2641749290828563,17.635359479610333,21.815890538655363,0.2294082696770779,0.04448058493191216
lightgbm,STORE0010,SKU0019,14,253.0,0.9285714285714286,0.23228711625097123,0.20948620503483545,4.197760029392552,6.1648050738094335,0.31321727648540243,0.12063609982542507
lightgbm,STORE0010,SKU0020,14,601.0,0.9285714285714286,0.34855418141152844,0.5657852130009188,14.96293307345204,18.494926221695344,0.44229057650841125,0.06529432414382288
lightgbm,STORE0010,SKU0021,14,697.0,1.0,0.32838912472338244,0.5189564932870014,16.34908713801411,20.04218117260475,0.3379945744861838,0.11923532620129092
lightgbm,STORE0010,SKU0025,14,401.0,1.0,0.158221483577364,0.18488940800426903,4.531915351037354,6.377531213817336,0.16228255517751183,0.035809753815704684
lightgbm,STORE0010,SKU0028,14,1787.0,1.0,0.18192845910136482,0.17629070089484208,23.221868315295637,30.097794592106048,0.17990469365235656,-0.05976512728122143
lightgbm,STORE0010,SKU0029,14,400.0,1.0,0.270794811571391,1.322645684211933,7.736994616325457,11.022844582178934,0.3153781183894783,0.1697844819291906
lightgbm,STORE0010,SKU0030,14,637.0,1.0,0.20273928177052028,0.2598622774365248,9.224637320558672,10.871460791388753,0.218139721766506,0.024415852610881004
lightgbm,STORE0010,SKU0032,14,1108.0,1.0,0.27911594286804564,0.3114863942809971,22.090033192699615,24.04075357521987,0.2843104484169234,0.0001244117189096177
lightgbm,STORE0010,SKU0034,14,2551.0,1.0,0.37250373579880824,0.4224476561292767,67.87550214448285,93.79547739818868,0.37704887609223103,-0.11114700072170908
lightgbm,STORE0010,SKU0035,14,2699.0,1.0,0.25058232449145224,0.43020758871335996,48.30869241445925,61.79468355622024,0.2803745695153274,-0.05572152355600799
lightgbm,STORE0010,SKU0036,14,589.0,1.0,0.35057538244615216,0.5090184812275381,14.749207161484545,17.141674446820595,0.37861150371579855,0.07401582016358565
lightgbm,STORE0010,SKU0037,14,1785.0,1.0,0.29658189577561395,0.27149142330341247,37.81419171139078,46.79958808615082,0.31568618884472716,-0.23479302084778295
lightgbm,STORE0010,SKU0038,14,1464.0,1.0,0.2369701034969508,0.3647430499662108,24.780302251395426,31.103381205922904,0.2676130613059234,-0.08954173662842259
lightgbm,STORE0010,SKU0039,14,237.0,1.0,0.249478745866257,0.3191750440821574,4.223318769307351,5.4671104687550525,0.2598222561557818,-0.022589922781543637
lightgbm,STORE0010,SKU0040,14,367.0,1.0,0.34288524776774887,2.9035278010029972,8.988491852197416,12.946264387160516,0.3604222644508105,0.17845740486431874
lightgbm,STORE0010,SKU0042,14,195.0,1.0,0.27506233944951786,0.4481240547397527,3.83122544233257,5.180102753827513,0.29342432580009425,0.17792000682985937
lightgbm,STORE0010,SKU0043,14,744.0,1.0,0.2684365164511839,0.3751402227380814,14.265483445691487,16.968193599043452,0.2864242273326318,0.1582742038233356
lightgbm,STORE0010,SKU0045,14,1099.0,1.0,0.12369609469760358,0.22474621378227339,9.710143433761882,15.1744935546017,0.15128249604041194,0.02256561323936658
lightgbm,STORE0010,SKU0046,14,1367.0,1.0,0.2488355705350194,0.48210572579309835,24.29701606581225,28.65595450696118,0.2920287798107576,0.06545856008530355
lightgbm,STORE0010,SKU0048,14,882.0,1.0,0.311013160723415,1.015664918290794,19.593829125575148,26.210199814925623,0.36579104605007695,0.1900111230533927
lightgbm,STORE0010,SKU0050,14,236.0,1.0,0.16876195217886017,0.16485353091658242,2.844844336729357,3.6719711831392003,0.1625079338381121,0.0042361012830878534
lightgbm,STORE0010,SKU0051,14,907.0,1.0,0.21381317016170928,0.37690892328738607,13.852038952619308,18.70302103621979,0.23793374107410395,-0.014557210960704062
lightgbm,STORE0010,SKU0052,14,721.0,1.0,0.23332096255125706,0.35231085281626423,12.016029571389739,15.990318321479966,0.2561360123917507,0.04410165543073871
lightgbm,STORE0010,SKU0053,14,445.0,1.0,0.2541253634037341,0.24120527649206427,8.077556193904405,10.33889374379854,0.2544028652605442,-0.1068108348155701
lightgbm,STORE0010,SKU0054,14,1116.0,1.0,0.3247773836195026,0.45430501213456437,25.889397151383207,37.37577674913126,0.2882862029002874,0.21769473478140772
lightgbm,STORE0010,SKU0055,14,213.0,1.0,0.17279953965230524,0.17306400855139245,2.6290215675672153,2.991208011658938,0.18188749940933605,-0.11664759239982912
lightgbm,STORE0010,SKU0056,14,374.0,1.0,0.15438104673118272,0.1649037780773121,4.12417939124731,5.41251123174106,0.15453087257785952,0.012716827197811363
lightgbm,STORE0010,SKU0057,14,1210.0,1.0,0.2612287486601447,0.5159989611342765,22.577627562769653,28.379587014657055,0.2982866972518443,-0.05412344883123159
lightgbm,STORE0010,SKU0058,14,1183.0,1.0,0.2884950802720665,0.3857808845434109,24.37783428298962,31.18635950505401,0.2937569071950793,0.0763715759588898
lightgbm,STORE0010,SKU0059,14,367.0,1.0,0.25783816225848505,0.26592136036860264,6.759043253490286,8.53368734637058,0.26086832142730904,-0.07506964555382366
lightgbm,STORE0010,SKU0060,14,801.0,1.0,0.3000411011418005,0.49587653146614075,17.166637286755872,21.171481978420772,0.3403066591666407,-0.010236959841965567
lightgbm,STORE0010,SKU0061,14,1199.0,1.0,0.22570494078340247,0.2430273383407906,19.33001599994997,23.40706758313033,0.23026759748059294,-0.030638088051560205
lightgbm,STORE0010,SKU0063,14,942.0,1.0,0.15480354635381066,0.18101272053362966,10.41606719037783,13.84454679012365,0.16598855971877421,-0.014944272989426546
lightgbm,STORE0010,SKU0064,14,1232.0,1.0,0.2609321714623909,0.35920099976539704,22.9620310886904,29.04259582491052,0.28110245848851656,-0.0003080157370651613
lightgbm,STORE0010,SKU0065,14,882.0,1.0,0.28137732166604057,0.4227761771491698,17.726771264960554,23.379511402401352,0.29824258023571965,0.10314595230301475
lightgbm,STORE0010,SKU0067,14,463.0,1.0,0.26896510879039126,0.502263574955274,8.895060383567941,11.52773570725446,0.3021644285300481,0.0982872888139011
lightgbm,STORE0010,SKU0068,14,623.0,1.0,0.23977847341186573,0.23959107707813468,10.670142066828024,12.623951508567512,0.23892072127045325,-0.005239573335059602
lightgbm,STORE0010,SKU0069,14,1248.0,1.0,0.20310719337762717,0.2883321721603972,18.10555552394848,23.679891000282105,0.2240828886585154,0.0016342200709847847
lightgbm,STORE0010,SKU0070,14,1503.0,1.0,0.23306361894514327,0.24257689956486642,25.02104423389645,27.658531459541905,0.25465821353643164,-0.16307184395967173
lightgbm,STORE0010,SKU0073,14,138.0,1.0,0.20125848267610466,0.22181354177472093,1.9838336149501745,2.3562718766135555,0.20717892574092794,-0.03087749158162222
lightgbm,STORE0010,SKU0074,14,952.0,1.0,0.2503704881752535,0.4273756987045812,17.025193195917236,22.61383338498066,0.2925300069964617,0.0637797307243472
lightgbm,STORE0010,SKU0075,14,475.0,1.0,0.22418113322878186,0.2765674366244371,7.6061455916908125,9.797404106548255,0.2362008126826847,-0.01670618016238476
lightgbm,STORE0010,SKU0076,14,354.0,1.0,0.44324493942308335,1.74983574219664,11.207764896840823,14.161472231105707,0.46332571674826223,0.18155851730902534
lightgbm,STORE0010,SKU0077,14,817.0,1.0,0.23885164605784562,0.32585639249333925,13.93869963066142,19.16846866814736,0.24481866509885847,0.1844285988412099
lightgbm,STORE0010,SKU0078,14,444.0,1.0,0.3317034781805225,0.3707273440518274,10.519738879439428,13.02133438904313,0.34595247761967657,-0.14564267643620293
lightgbm,STORE0010,SKU0079,14,989.0,1.0,0.349161867775705,0.48532825616223835,24.665791945012305,27.107139252585085,0.3565326195389943,0.11939029238406967
lightgbm,STORE0010,SKU0080,14,1122.0,0.9285714285714286,0.2746911306966304,0.19111701256237362,22.014532045829952,31.555952474187556,0.3276138197787031,-0.046098070540164626
lightgbm,STORE0010,SKU0081,14,1047.0,1.0,0.21888347464393376,0.2054271020182428,16.36935699658562,20.60104414453934,0.23024761917548783,-0.167182657427313
lightgbm,STORE0010,SKU0083,14,1272.0,1.0,0.27208603930316183,1.1063371022570336,24.720960142401562,31.71574704674062,0.3241618250777677,-0.04672150345197757
lightgbm,STORE0010,SKU0084,14,331.0,0.9285714285714286,0.28984533594043244,0.23256858602300962,6.852771871163081,8.704283253541202,0.36323201796976373,-0.044834200341943894
lightgbm,STORE0010,SKU0085,14,1155.0,1.0,0.27473572558900117,1.125744397229638,22.665697361092594,30.127308637826186,0.35381569669883806,0.006767412957663184
lightgbm,STORE0010,SKU0086,14,146.0,1.0,0.1691878234232577,0.17500432898196996,1.7643873014139733,2.064216577153562,0.1716874161360378,0.012377764773194922
lightgbm,STORE0010,SKU0087,14,348.0,1.0,0.26266011033026243,0.31617137101773324,6.528979885352237,8.097502772695208,0.2617315120740637,0.0848165011488563
lightgbm,STORE0010,SKU0088,14,348.0,1.0,0.2573012977557054,0.3807044984264896,6.39577511564182,8.18041723295506,0.273110129460932,0.023830466122850422
lightgbm,STORE0010,SKU0089,14,507.0,1.0,0.35743526939414044,1.382113392542045,12.944262970202086,18.07608052736148,0.4256575524199425,0.13117132312258048
lightgbm,STORE0010,SKU0090,14,267.0,1.0,0.12611302686697412,0.12004178304485551,2.4051555838201493,3.1741646883783434,0.12515805543129402,-0.05473381344519642
lightgbm,STORE0010,SKU0092,14,1253.0,1.0,0.3559092264099754,0.5492920862625164,31.8538757636928,37.538172464868104,0.38608860336305606,-0.05017896183004233
lightgbm,STORE0010,SKU0094,14,835.0,1.0,0.29943309461049317,0.6012080615792996,17.85904528569727,26.844402839899193,0.32141869655182115,-0.07261597570816987
lightgbm,STORE0010,SKU0095,14,461.0,1.0,0.18317519471885113,0.2899898243393723,6.031697483242169,8.342720422686561,0.20710167246350833,-0.025059848367214914
lightgbm,STORE0010,SKU0096,14,1170.0,1.0,0.2637562721905829,0.4405778148970335,22.04248846164157,26.191537989967912,0.29037353977845487,0.04367277058061402
lightgbm,STORE0010,SKU0097,14,883.0,1.0,0.3534295981766285,0.8394355593305491,22.291309656425927,26.71658119719034,0.40426460887933746,0.09876584560462727
lightgbm,STORE0010,SKU0098,14,456.0,1.0,0.5268262789425076,2.075752682712834,17.15948451412739,21.17308584903638,0.5973336519699665,0.30568711202817483
lightgbm,STORE0010,SKU0099,14,1273.0,1.0,0.21195810871603052,0.3418074856578762,19.27304802825049,23.739903369761983,0.24814351362934675,0.04431762155052862
lightgbm,STORE0010,SKU0100,14,1076.0,1.0,0.4104619263560729,0.7170199846584089,31.54693091136675,37.99749784432913,0.4456858413706704,0.03807385737663294
lightgbm,STORE0010,SKU0101,14,214.0,1.0,0.2555913062535833,0.2690346302969729,3.9068956813047735,4.625571828463263,0.22813128247632536,0.24059365200752053
lightgbm,STORE0010,SKU0102,14,1666.0,1.0,0.19169832027209263,0.19677913519422807,22.812100112379024,33.43873479906341,0.1805410266719162,-0.0012578163391263357
lightgbm,STORE0011,SKU0001,14,1706.0,1.0,0.3159431011387021,0.4277590593203498,38.49992361018756,41.03333475844099,0.35618299705370143,-0.058928470661687285
lightgbm,STORE0011,SKU0002,14,963.0,1.0,0.2831068986341184,0.3825830308651552,19.473710241761147,23.666113802161796,0.2923458420750683,0.06830644562125711
lightgbm,STORE0011,SKU0003,14,339.0,1.0,0.2123396121486111,0.24504913815872015,5.141652037027083,6.115889678020387,0.22447284260754893,-0.03468292418320798
lightgbm,STORE0011,SKU0004,14,1501.0,1.0,0.1531621953697313,0.14410074120810695,16.42117537499762,22.19134327689655,0.15191163536166769,-0.08501649885536805
lightgbm,STORE0011,SKU0005,14,1749.0,1.0,0.20228491393838088,0.18189559833919652,25.27116531987344,39.451300671483686,0.19487764852272635,-0.12840377572968353
lightgbm,STORE0011,SKU0006,14,1683.0,1.0,0.312808320999579,2.937593160469814,37.60402887444939,47.797968974718025,0.4124796629442011,0.11849931058924486
lightgbm,STORE0011,SKU0007,14,501.0,1.0,0.26503193908862493,0.2532104132730481,9.484357248814364,13.372971874854969,0.27172393724843885,-0.20138043895225854
lightgbm,STORE0011,SKU0009,14,904.0,1.0,0.220826530485313,0.32928489505299396,14.259084539908782,17.37166584453645,0.2528592408236748,-0.026898809100138976
lightgbm,STORE0011,SKU0012,14,988.0,1.0,0.310611235012117,0.4063310547436672,21.92027858514083,29.363409490828502,0.3122036226970599,0.0995039564807517
lightgbm,STORE0011,SKU0014,14,814.0,1.0,0.22142976492342165,0.25141086162867005,12.874559189118944,14.706587726241318,0.22824075190223767,0.04556290498330102
lightgbm,STORE0011,SKU0015,14,141.0,1.0,0.345956736852063,1.1640800459041218,3.484278564010063,4.520668561852631,0.3995404743492172,0.18829755651348767
lightgbm,STORE0011,SKU0017,14,1642.0,1.0,0.2652844245720869,0.29971276784022,31.114073224811904,38.080088346911126,0.26712076038005617,0.006248948828085906
lightgbm,STORE0011,SKU0018,14,1152.0,1.0,0.2352179552329773,0.3326471729650951,19.355077459170705,25.45088736813742,0.24176653434227627,0.11790315358286668
lightgbm,STORE0011,SKU0019,14,287.0,1.0,0.2374567791499429,0.4037648343669971,4.867863972573829,5.726092335357324,0.29545441236627557,0.05609191145956395
lightgbm,STORE0011,SKU0020,14,659.0,1.0,0.3679164735978265,0.8990839041149755,17.318354007211976,22.4168092624898,0.4020084847596365,0.11721557584992726
lightgbm,STORE0011,SKU0021,14,795.0,0.9285714285714286,0.33447590376591335,0.27824004407509123,18.99345310670722,24.20211381978177,0.37196380637982707,0.1698892539730785
lightgbm,STORE0011,SKU0022,14,1660.0,1.0,0.25360806696449467,0.2455760633361546,30.07067079721865,35.10008418703952,0.25563636321863603,-0.10007036036893362
lightgbm,STORE0011,SKU0023,14,964.0,1.0,0.5688366725403101,1.2432438406489232,39.16846802348993,51.132571744098605,0.520305739679788,0.37482724168623976
lightgbm,STORE0011,SKU0024,14,794.0,1.0,0.3466889301181371,0.6549438364861164,19.662215036700065,23.991470572511044,0.37905047125451086,0.05785510376068368
lightgbm,STORE0011,SKU0025,14,459.0,1.0,0.31535244855953337,1.289688946044355,10.339055277773273,13.053393186281006,0.3584920138169739,0.03449712378824622
lightgbm,STORE0011,SKU0026,14,1462.0,1.0,0.34340735908970066,0.9948477530569612,35.86153992779588,45.95055136495138,0.3800621810074679,0.10495710921229241
lightgbm,STORE0011,SKU0027,14,2117.0,1.0,0.3015428986767205,1.0509243869655895,45.59759403561553,70.25855501115801,0.32097702304629994,0.11521197362312847
lightgbm,STORE0011,SKU0028,14,2051.0,1.0,0.3149542001687764,0.41373454678632055,46.14079032472574,53.431451372663005,0.3434436749328335,-0.06646172611758021
lightgbm,STORE0011,SKU0029,14,540.0,1.0,0.32895824164386817,0.6043512168924211,12.688389320549202,18.018373906128254,0.32911883526088215,0.07129337685461205
lightgbm,STORE0011,SKU0030,14,741.0,1.0,0.2719857926459392,0.4303804672571589,14.395819453617209,18.499096935963,0.2987429186849795,0.00010928014244792528
lightgbm,STORE0011,SKU0031,14,1024.0,1.0,0.25966147254752947,0.29589804344113496,18.99238199204787,26.266061254034543,0.24415207335951905,0.07275700281827424
lightgbm,STORE0011,SKU0033,14,1477.0,1.0,0.31875835971184413,1.1721512279005304,33.62900694959956,44.74151421664628,0.3501325858792933,0.12522999055409456
lightgbm,STORE0011,SKU0034,14,2864.0,1.0,0.28457982110553653,0.31004557765113244,58.216900546161185,67.82649275869245,0.29592320555501506,-0.1070761791772064
lightgbm,STORE0011,SKU0035,14,2625.0,1.0,0.38935776914146847,0.7363845318674149,73.00458171402533,87.30307006020975,0.44695483887492843,-0.023764630920331813
lightgbm,STORE0011,SKU0036,14,745.0,1.0,0.17763997094466213,0.2349965227556941,9.452984168126664,11.936715963326417,0.19886461713866596,-0.0020382692911140713
lightgbm,STORE0011,SKU0037,14,1945.0,1.0,0.28436912787004515,0.3236229861400107,39.50699669337413,45.74772696994923,0.3099975634063867,-0.14978192602812967
lightgbm,STORE0011,SKU0038,14,1762.0,1.0,0.28636551448179703,0.3225656292180353,36.04114546549474,41.305054377280186,0.30614713020831424,-0.10940572359458127
lightgbm,STORE0011,SKU0039,14,264.0,1.0,0.4195868291881309,1.678555737138675,7.912208778976182,8.940099533714669,0.4813521910535317,0.02669104517703985
lightgbm,STORE0011,SKU0040,14,548.0,1.0,0.23536819892177047,0.26561394722032994,9.212983786366445,10.947066423197318,0.23696226718419866,0.06416803255819757
lightgbm,STORE0011,SKU0041,14,1678.0,1.0,0.31468768882518233,0.6200474840933644,37.717567274904,44.462800762807404,0.3658775235020153,0.055610265616663414
lightgbm,STORE0011,SKU0043,14,803.0,1.0,0.3649403345497766,0.9623202803476565,20.93193490310504,27.073901038723537,0.41607380004241223,0.18067686603926672
lightgbm,STORE0011,SKU0044,14,1262.0,1.0,0.27977775925322385,0.6516077778168538,25.219966584112036,36.76945020794767,0.30144093782594605,0.06630765200509028
lightgbm,STORE0011,SKU0046,14,1787.0,1.0,0.19876996365281827,0.2592543747635153,25.37156607482759,31.13087320734585,0.21944029988867994,-0.03802192393754164
lightgbm,STORE0011,SKU0047,14,1260.0,1.0,0.23817871381376798,0.2380646955104711,21.43608424323912,24.642160756286877,0.2463668740165692,-0.11912658982923822
lightgbm,STORE0011,SKU0048,14,1120.0,1.0,0.3313274341185689,1.200758834539832,26.506194729485514,33.551049983416526,0.4211254310364137,0.0631455140996144
lightgbm,STORE0011,SKU0050,14,248.0,1.0,0.2496616200034527,0.7654801137900545,4.422577268632591,6.064747602476662,0.2919958308153635,0.07139180090055866
lightgbm,STORE0011,SKU0051,14,1127.0,1.0,0.283414214116823,0.36223194386240104,22.814844236404248,27.148264718276035,0.3003983475024895,0.024192652740757582
lightgbm,STORE0011,SKU0052,14,860.0,1.0,0.2568699680714125,0.40697373438494816,15.779155181529623,22.83132645351835,0.27551628508478354,-0.006742414850448159
lightgbm,STORE0011,SKU0053,14,465.0,1.0,0.3119234631121123,1.322572506005359,10.360315024795158,13.244113212556895,0.36359300419877955,0.007241103164823945
lightgbm,STORE0011,SKU0054,14,1640.0,1.0,0.19065973406382333,0.2198552982128416,22.33442599033359,28.149699847642886,0.20437515306152607,-0.04127689442239873
lightgbm,STORE0011,SKU0055,14,192.0,0.8571428571428571,0.4443928822473516,0.6606375619773392,6.094530956535108,8.251834553938295,0.5522919620697518,0.23686503908195225
lightgbm,STORE0011,SKU0056,14,400.0,1.0,0.3007141701701412,0.4420477314655394,8.591833433432605,10.03792636732121,0.35947075773220954,-0.11959069792637247
lightgbm,STORE0011,SKU0058,14,1296.0,1.0,0.3445157954815639,0.7257599880482332,31.89231935315049,39.788039339932055,0.37476109508362876,0.04508888246818496
lightgbm,STORE0011,SKU0059,14,425.0,1.0,0.2336861928029086,0.3110798851184911,7.094045138659725,9.417580435805146,0.2462221881679149,-0.07540523830248157
lightgbm,STORE0011,SKU0061,14,1435.0,1.0,0.2441831726805343,0.3348987977661756,25.028775199754765,35.56205596088915,0.26132690852941487,-0.02066115943603459
lightgbm,STORE0011,SKU0062,14,249.0,1.0,0.3132650671991424,0.5512569707143627,5.571642980899033,6.796352851146972,0.34373411885934807,0.07264342621006338
lightgbm,STORE0011,SKU0064,14,1470.0,1.0,0.24320583132554402,0.24987468949262176,25.536612289182123,31.198811913169635,0.24675510986151233,-0.06321949214170768
lightgbm,STORE0011,SKU0065,14,1013.0,1.0,0.24923836425753057,0.3139812399031287,18.034175928062748,24.304822837683847,0.2580142332437274,0.027175863327006403
lightgbm,STORE0011,SKU0066,14,486.0,1.0,0.2420346727172108,0.2628602023279348,8.402060781468888,9.626009838402334,0.24325038987191097,-0.0016276089824632403
lightgbm,STORE0011,SKU0067,14,553.0,1.0,0.33447939536616844,0.6042684172922043,13.211936116963654,16.538434384575034,0.3671660211276742,0.028440682632032217
lightgbm,STORE0011,SKU0068,14,657.0,1.0,0.20330661150885881,0.20880023066226092,9.540888840094302,11.336249121084862,0.2133170049805297,-0.0660995306131551
lightgbm,STORE0011,SKU0069,14,1593.0,1.0,0.22279458173615582,0.21322590754118106,25.35084062183544,36.24592168029785,0.22535098465278566,-0.14987979631656703
lightgbm,STORE0011,SKU0070,14,1494.0,1.0,0.24241936808509154,0.5925047085056693,25.869609708509053,34.01777326383068,0.2852717829005897,-0.00046892852569959954
lightgbm,STORE0011,SKU0071,14,524.0,1.0,0.24077582770363676,0.24676979466552054,9.011895265478975,10.293533701120387,0.25255293074288354,-0.1116128439579524
lightgbm,STORE0011,SKU0072,14,561.0,1.0,0.2859889073663793,0.38161371156836604,11.45998407375277,13.90593172077886,0.29972515103762687,0.017215536266602327
lightgbm,STORE0011,SKU0073,14,184.0,0.9285714285714286,0.2623376203779308,0.18176361399882612,3.447865867824233,4.6976717322165324,0.33669767367201675,-0.11669270109972002
lightgbm,STORE0011,SKU0074,14,1107.0,1.0,0.2739784513620563,0.35959791462195556,21.66386754698545,24.584566032057445,0.2925763968228245,0.06671797543035536
lightgbm,STORE0011,SKU0077,14,1037.0,1.0,0.2284679570386932,0.26198813316369557,16.922947960651776,23.535939256625742,0.2333334571061699,-0.06449385427479759
lightgbm,STORE0011,SKU0078,14,447.0,1.0,0.16420217476894697,0.18754681895847253,5.242740865837092,6.067003678477801,0.1697979252442627,0.06089368985158213
lightgbm,STORE0011,SKU0079,14,1376.0,1.0,0.3007250990402268,0.32348496662342013,29.556981162810867,33.67972180891063,0.3186896901892916,-0.1269874070281552
lightgbm,STORE0011,SKU0082,14,908.0,1.0,0.3375053235167974,0.45358291534608447,21.889630982375145,26.44382656712408,0.36109232617435116,-0.024148336010797185
lightgbm,STORE0011,SKU0083,14,1365.0,1.0,0.3287660199756837,0.6215515633848575,32.054686947629165,38.41704090293419,0.3592869968117331,0.01274745411443124
lightgbm,STORE0011,SKU0085,14,1342.0,1.0,0.2858653390737693,0.6024098573530575,27.40223464549989,32.836369582375596,0.3280064017420565,0.07548525261906275
lightgbm,STORE0011,SKU0086,14,173.0,1.0,0.19423971901092538,0.2508068304797698,2.4002479563492924,3.1043465437888025,0.21338863260415591,0.04237623576408219
lightgbm,STORE0011,SKU0087,14,463.0,1.0,0.1822372888179122,0.23122695656574058,6.026847480192382,7.34170540389161,0.1988485470145429,0.004445351048342303
lightgbm,STORE0011,SKU0088,14,400.0,1.0,0.19971532615348894,0.1829156289033329,5.70615217581397,8.297844543294339,0.19274725960665412,-0.09097786862180289
lightgbm,STORE0011,SKU0089,14,668.0,1.0,0.3086671311104091,0.38461760322575145,14.727831684410948,18.966650450988606,0.33113773575907424,-0.13172875076886273
lightgbm,STORE0011,SKU0090,14,347.0,1.0,0.22894390276051194,0.23695439514604097,5.674538161278403,6.76739521583532,0.24277342559089574,-0.14997102384678415
lightgbm,STORE0011,SKU0094,14,891.0,1.0,0.2882870962080562,0.3572737952243467,18.347414480098433,23.52991572964835,0.2925808897787086,0.035959940537902635
lightgbm,STORE0011,SKU0095,14,484.0,1.0,0.2927660671057231,0.3372819463838729,10.12134117708357,11.98211668351516,0.30493721063491386,-0.06483298946053871
lightgbm,STORE0011,SKU0096,14,1533.0,1.0,0.2541564917361913,0.9041119460633694,27.83013584511295,35.95816490232204,0.31625053490804295,-0.06479301718374
lightgbm,STORE0011,SKU0097,14,1139.0,1.0,0.3123223264651165,0.39980137728375426,25.40965213169769,29.767594755395024,0.3470785405365967,-0.10308840789202645
lightgbm,STORE0011,SKU0098,14,576.0,1.0,0.45693733908176054,1.8274801779649388,18.79970766507815,23.01134523776887,0.4881458596435414,0.09220787683383108
lightgbm,STORE0011,SKU0100,14,1173.0,1.0,0.395563119668724,0.5270293125649939,33.14253852652951,36.69387816676674,0.39549019642373556,0.15339282241611427
lightgbm,STORE0011,SKU0101,14,290.0,1.0,0.20038754327414265,0.2157415088423477,4.1508848249643835,5.215925556178993,0.2003843547930857,0.011187546781617702
lightgbm,STORE0012,SKU0001,14,1615.0,1.0,0.33512289128841427,0.6233521241991029,38.65881924505636,47.68612007008337,0.38788620294883724,-0.18337447785223523
lightgbm,STORE0012,SKU0002,14,1021.0,1.0,0.19199575172419595,0.18813062239451844,14.00197589360029,19.09482581239826,0.19769714514348294,-0.11395536514914645
lightgbm,STORE0012,SKU0004,14,1315.0,1.0,0.2288665723395114,0.31725632701908024,21.497110187604108,27.835020370159036,0.24503529737128332,-0.05829902505909349
lightgbm,STORE0012,SKU0005,14,1255.0,1.0,0.37013022586985994,0.5018587111993361,33.1795309619053,40.41861780985622,0.3841878412358336,0.0542757587812357
lightgbm,STORE0012,SKU0006,14,1388.0,1.0,0.2104519725160907,0.35814210143827274,20.86480984659528,29.549130605043814,0.24520019236666993,0.13474508248269004
lightgbm,STORE0012,SKU0007,14,380.0,1.0,0.20525104269037417,0.21283677098726667,5.571099730167298,7.9273851590286935,0.2005754681540457,-0.028120685386703204
lightgbm,STORE0012,SKU0008,14,336.0,1.0,0.29018503771021714,0.3599314981136204,6.964440905045211,8.298921920450507,0.30144308076038934,-0.021308621009676794
lightgbm,STORE0012,SKU0009,14,708.0,1.0,0.25360779024397745,1.4778211579024776,12.825308249481145,18.913900450093536,0.33297299322253615,0.05439537318144659
lightgbm,STORE0012,SKU0010,14,552.0,1.0,0.21035287226853716,0.2257390349402713,8.293913249445179,10.019259129979037,0.21412967740762032,-0.026195552553776313
lightgbm,STORE0012,SKU0013,14,1554.0,1.0,0.35133012765099625,3.3373424672505285,38.99764416926058,46.8412421855512,0.45516906951274894,0.08753233373259851
lightgbm,STORE0012,SKU0014,14,766.0,1.0,0.2947628645409773,0.3562485317189531,16.12773958845633,18.124451324286852,0.30573732437347795,-0.010343816081837213
lightgbm,STORE0012,SKU0015,14,171.0,1.0,0.23279861423901374,0.23670636387269964,2.8434687882050964,3.367276550897849,0.24011968961764193,-0.11837754654261926
lightgbm,STORE0012,SKU0016,14,394.0,1.0,0.30928989754570674,0.8404833208281908,8.704301402357746,10.54743527089436,0.3595639412067863,-0.020757360154198264
lightgbm,STORE0012,SKU0017,14,1482.0,1.0,0.26460412896624175,0.44617274808213353,28.010237080569304,33.474918523370334,0.30877379245223474,-0.04353219310028641
lightgbm,STORE0012,SKU0018,14,1143.0,1.0,0.2441379104366555,0.3676078897228034,19.932116544935518,23.61003353416748,0.27146488633978577,-0.007522921630725335
lightgbm,STORE0012,SKU0019,14,256.0,1.0,0.2523404756368201,0.3221980604689569,4.614225840216139,5.249917205805612,0.26955486824379676,0.11825430587021384
lightgbm,STORE0012,SKU0020,14,770.0,1.0,0.3025363247379789,0.33202743421785963,16.63949786058884,21.850308435904918,0.31539710098948504,-0.15669533118746437
lightgbm,STORE0012,SKU0022,14,1162.0,1.0,0.335440062921555,0.600330010354522,27.84152522248906,34.85370810879041,0.3703257628508645,0.08242461847670073
lightgbm,STORE0012,SKU0023,14,986.0,1.0,0.25490324516226825,0.2755624835074388,17.952471409285465,21.743721968934608,0.23008482665705968,0.21795355325171445
lightgbm,STORE0012,SKU0025,14,456.0,1.0,0.19251362048768939,0.17129505595591746,6.270443638741883,8.380318938425715,0.1866737312454434,-0.10583481878570296
lightgbm,STORE0012,SKU0026,14,1485.0,1.0,0.2283491628006558,0.3341294043824122,24.22132191135528,30.300837141261365,0.25658995482588626,-0.06578382362777693
lightgbm,STORE0012,SKU0027,14,2358.0,1.0,0.287548375980477,0.26146003471551976,48.43136218299748,66.7747659946773,0.28205897282591813,-0.18813678660044278
lightgbm,STORE0012,SKU0028,14,1723.0,1.0,0.25422155786362444,0.2551226459156927,31.287410299930347,40.242881199993576,0.24873181473199937,-0.009690054467935008
lightgbm,STORE0012,SKU0029,14,423.0,1.0,0.2871453834479912,0.39363897792487756,8.675892657035734,10.412252611267302,0.2916326050415199,0.183851627125637
lightgbm,STORE0012,SKU0030,14,750.0,1.0,0.2384191646118021,0.24767318406134714,12.772455247060828,16.86858767789665,0.24382109873671381,-0.10159097479974635
lightgbm,STORE0012,SKU0032,14,1098.0,1.0,0.18037614100724406,0.20639371781033308,14.146643058996712,17.0477835579776,0.18378245517342934,0.06791353362767125
lightgbm,STORE0012,SKU0033,14,1467.0,1.0,0.14464644278757416,0.13958244233643977,15.156880826383665,18.44732108494069,0.14639808397295623,-0.07240507906525451
lightgbm,STORE0012,SKU0034,14,2784.0,1.0,0.2847609237793787,0.23272814374877734,56.62674370012788,90.18511219837592,0.2592245345799179,-0.20351013082721417
lightgbm,STORE0012,SKU0035,14,2425.0,1.0,0.19351257163368024,0.18916873621944613,33.51914187226247,38.32252806923441,0.19100441175756086,-0.025409431596002712
lightgbm,STORE0012,SKU0036,14,655.0,1.0,0.22714344690577234,0.24230377599554268,10.627068408805778,12.527171601250156,0.227760633818642,0.0014973020448047626
lightgbm,STORE0012,SKU0037,14,1387.0,1.0,0.28900296210652,0.5492523636320688,28.63193631726737,38.35558018697477,0.3267485763117266,0.006224430705992405
lightgbm,STORE0012,SKU0038,14,1419.0,1.0,0.22404472134154896,0.2587624596483681,22.708532827404138,26.17882245694773,0.24736350146995864,-0.10150583965032794
lightgbm,STORE0012,SKU0039,14,229.0,1.0,0.2818905721478487,0.3707433012320413,4.6109243587040964,6.084448432416448,0.2950219820815819,-0.0030636699426275834
lightgbm,STORE0012,SKU0043,14,719.0,1.0,0.3404479038260932,0.34308025507723744,17.4844316322115,20.650977567882567,0.33080764341748503,-0.0169254836436282
lightgbm,STORE0012,SKU0044,14,1271.0,1.0,0.14728982485480444,0.13729380936801674,13.371811956461174,18.4643329968976,0.1449512170042261,-0.07902555590647181
lightgbm,STORE0012,SKU0046,14,1369.0,1.0,0.2636943196311119,0.3630815577612387,25.78553739821373,31.64295398497298,0.26998023392119636,0.1174062886978013
lightgbm,STORE0012,SKU0047,14,1060.0,1.0,0.3340501059167116,0.8247146783818368,25.292365162265305,31.916789635345594,0.365979805149748,-0.041471755213219524
lightgbm,STORE0012,SKU0048,14,1115.0,1.0,0.2047557935032279,0.22100717012658033,16.307336411149937,22.521896749217948,0.21177476859494143,-0.1245014397179452
lightgbm,STORE0012,SKU0050,14,260.0,1.0,0.2464626162327193,0.22577108080505237,4.577162872893359,6.2585587844366914,0.24433387802477305,-0.148469727118448
lightgbm,STORE0012,SKU0052,14,731.0,1.0,0.2577133400934541,0.29809889166817477,13.456317972022495,16.206552687986566,0.25332497754650274,0.07220364288323777
lightgbm,STORE0012,SKU0053,14,428.0,1.0,0.36689598852366556,0.46095245564729126,11.216534506294918,12.455401622414415,0.3728511177602333,0.03894409020097638
lightgbm,STORE0012,SKU0054,14,1213.0,1.0,0.347936864265373,0.3936506122449437,30.14624402527839,37.51186001712348,0.3211015945398047,0.13696117553613824
lightgbm,STORE0012,SKU0055,14,187.0,1.0,0.22677189355782282,0.2799731392213662,3.0290245782366334,4.083034010741813,0.23476708178350655,0.02602071126698328
lightgbm,STORE0012,SKU0056,14,336.0,1.0,0.23126254672636368,0.8127399192842059,5.550301121432729,7.153545800173315,0.29371385968319746,0.009600097041387317
lightgbm,STORE0012,SKU0057,14,1032.0,1.0,0.2939604790904228,0.3253448597904009,21.669086744379737,24.153194586993347,0.2832771984568431,0.10331350206924106
lightgbm,STORE0012,SKU0058,14,1174.0,1.0,0.2567067031183587,0.455197139197638,21.526690675782366,28.860865646286697,0.2939862427293538,-0.05929897699744298
lightgbm,STORE0012,SKU0059,14,346.0,1.0,0.2725102728470626,0.41257339177168434,6.734896743220261,8.335247540804925,0.28898399838895017,-0.006548744643203279
lightgbm,STORE0012,SKU0060,14,689.0,1.0,0.34442008982327993,1.062352971320068,16.95038870630285,21.967990169831943,0.3933900169552208,0.10325833767247806
lightgbm,STORE0012,SKU0061,14,1301.0,1.0,0.17734133846088215,0.1690848045660445,16.480077238400547,21.87290031714802,0.17551483312747201,-0.0713030767760952
lightgbm,STORE0012,SKU0062,14,192.0,1.0,0.3587618663555496,0.8205531654903389,4.920162738590394,6.307988014713997,0.37481107224029797,0.20585489734622386
lightgbm,STORE0012,SKU0064,14,1122.0,1.0,0.26279019133662074,0.5872291393548356,21.06075676283489,27.811925201462785,0.3060513372306483,0.0035148558068521635
lightgbm,STORE0012,SKU0065,14,842.0,1.0,0.19977232941526782,3.583414258383943,12.01487866911825,18.111651179291748,0.2770474377810348,0.034825197943872496
lightgbm,STORE0012,SKU0066,14,381.0,1.0,0.23492742755750462,0.40201426841122184,6.39338213567209,8.48151856449962,0.2767613645459569,-0.0062815190521357004
lightgbm,STORE0012,SKU0068,14,534.0,1.0,0.28107919870381015,0.3079746694660227,10.721163721988187,14.595298766028712,0.26030841671794475,0.03575765619460637
lightgbm,STORE0012,SKU0070,14,1370.0,1.0,0.2724115576777495,0.2848664722746115,26.657416715608342,30.30519207750512,0.2823940530007138,-0.08213766288377707
lightgbm,STORE0012,SKU0071,14,404.0,1.0,0.22765669688099827,0.23973064409311753,6.569521824280236,7.853130110228445,0.23105121952086818,-0.03665731519005037
lightgbm,STORE0012,SKU0072,14,546.0,1.0,0.24723821709405855,0.3536561234161025,9.642290466668284,11.916795023759962,0.2753835867371682,-0.031364294966816766
lightgbm,STORE0012,SKU0074,14,1015.0,1.0,0.24508751167766324,0.43276894391570675,17.768844596630583,22.016675688611826,0.29266789406024885,0.09685692294980332
lightgbm,STORE0012,SKU0075,14,499.0,1.0,0.16820105277462924,0.17786838626548682,5.995166095324286,7.92945057311863,0.17694473739201774,-0.07690361240044259
lightgbm,STORE0012,SKU0076,14,375.0,1.0,0.2902683094956772,1.2576916780501843,7.775044004348497,11.440305553598238,0.30848708626331856,0.0454254661522005
lightgbm,STORE0012,SKU0077,14,784.0,1.0,0.29211518302295003,0.4451934528580329,16.3584502492852,23.659858293998457,0.2919546432780181,0.13603559105854388
lightgbm,STORE0012,SKU0078,14,414.0,1.0,0.23952444340250018,0.26533184519982117,7.083079969188219,8.011745076962923,0.24328036237859332,-0.0036580373911721726
lightgbm,STORE0012,SKU0080,14,1230.0,1.0,0.28979759543532485,0.3322933752769628,25.460788741817826,31.867733858656223,0.3063612773957023,-0.12414763189903907
lightgbm,STORE0012,SKU0081,14,967.0,1.0,0.28849062591319635,0.39188486662345784,19.926459661290064,23.865524328643403,0.3165916449094541,-0.03757883120983957
lightgbm,STORE0012,SKU0083,14,1138.0,1.0,0.34286048746332404,2.6046696345485256,27.869659623804484,36.24775082677313,0.4004491312252772,0.04104854932660617
lightgbm,STORE0012,SKU0084,14,351.0,1.0,0.23372404739516417,0.26288993257142224,5.859795759693045,6.831606462878601,0.24682108812903306,-0.05493389836629643
lightgbm,STORE0012,SKU0085,14,1133.0,1.0,0.14694362014583776,0.1681375267818143,11.8919372589453,15.35862327996663,0.15277004030801916,0.03741807869655696
lightgbm,STORE0012,SKU0086,14,129.0,1.0,0.24424757405818703,0.2966592731957832,2.2505669323932946,3.3506759330748177,0.2262810735050176,0.2035618305063345
lightgbm,STORE0012,SKU0088,14,320.0,0.9285714285714286,0.30629898357497365,0.22369478531812412,7.001119624570826,9.959927995300005,0.347424751533938,0.05868196735142894
lightgbm,STORE0012,SKU0089,14,590.0,1.0,0.2231478212061488,0.19566190899107808,9.404086750830556,13.43190381909681,0.21388944163633433,-0.12669876417675605
lightgbm,STORE0012,SKU0091,14,223.0,1.0,0.43801086296408664,0.6446101115049201,6.976887317213666,8.552549255050234,0.4282872570834268,0.35328947700784896
lightgbm,STORE0012,SKU0092,14,1293.0,1.0,0.28916105065003184,1.6250712375906802,26.70608846360651,35.19562426444207,0.3485747457818101,-0.07971365119950972
lightgbm,STORE0012,SKU0094,14,813.0,1.0,0.21829153918964653,0.2613759548281613,12.67650152579876,15.161742404987457,0.22778788009702586,0.0012723196892338916
lightgbm,STORE0012,SKU0095,14,442.0,1.0,0.204918948061905,0.18678683248497455,6.469583931668715,8.988837797181333,0.1977628707001254,-0.10535329887691355
lightgbm,STORE0012,SKU0096,14,1219.0,1.0,0.28139177156883777,0.5143547203981612,24.5011835387438,35.65447517447758,0.2961379210820744,0.009902822712630805
lightgbm,STORE0012,SKU0097,14,907.0,1.0,0.3505497682363451,0.6822021952878566,22.710617127883214,26.547333639027137,0.4094141460134363,-0.04961431925692545
lightgbm,STORE0012,SKU0098,14,579.0,1.0,0.16305238180568915,0.16123838631609605,6.743380647535287,8.278887249923896,0.16475853863131643,-0.04542425734923898
lightgbm,STORE0012,SKU0099,14,1401.0,1.0,0.29212242718936315,0.7559087147534331,29.233108606592697,36.278527334347274,0.33804304138426966,0.009058436388734518
lightgbm,STORE0012,SKU0100,14,1159.0,1.0,0.32052041514313223,0.8057907924804326,26.53451151077787,32.11727638532368,0.3657242658977338,-0.019847068496780754
lightgbm,STORE0012,SKU0101,14,250.0,1.0,0.24755203554061564,0.25588361595704184,4.420572063225279,6.0076236936087275,0.22565847750574422,0.036919084292173755
lightgbm,STORE0013,SKU0001,14,745.0,1.0,0.34100119465210016,0.4768786998387196,18.146135001129615,20.630587573847922,0.3572650524507616,0.12350552927115802
lightgbm,STORE0013,SKU0002,14,399.0,1.0,0.5237072494484958,1.143127224601302,14.925656609282129,17.682607991843017,0.5051157118369515,0.3742213181182021
lightgbm,STORE0013,SKU0003,14,142.0,0.9285714285714286,0.3378637827749665,0.5769505451969008,3.426904082431803,4.7519790174689165,0.41616393529683443,0.17722145166728878
lightgbm,STORE0013,SKU0006,14,938.0,1.0,0.3947420187898993,0.5338851334852488,26.44771525892325,33.48722475765908,0.4079330315758522,-0.0026234915157745658
lightgbm,STORE0013,SKU0008,14,179.0,1.0,0.21060356082222786,0.28321529413794494,2.692716956227056,3.2687428887379593,0.22621701153333676,0.04688010235004098
lightgbm,STORE0013,SKU0009,14,401.0,1.0,0.17281725809915022,0.18782064991622205,4.949980035554232,6.420265817116806,0.17033137501358528,0.04826760254478945
lightgbm,STORE0013,SKU0013,14,796.0,1.0,0.33142118103866797,0.7128524069405939,18.84366143619855,25.11141729101771,0.364733265779493,0.22366130843226226
lightgbm,STORE0013,SKU0014,14,483.0,1.0,0.27146080899274205,0.2984261022924148,9.3653979102496,10.693370102251773,0.2926865411747609,-0.12314808499622346
lightgbm,STORE0013,SKU0015,14,98.0,1.0,0.1717206635433598,0.1562924325273723,1.2020446448035185,1.6386667793490939,0.16870883522114197,-0.09227144790481039
lightgbm,STORE0013,SKU0017,14,772.0,1.0,0.1977092943887742,0.806788558259413,10.902255376295262,15.448984774229094,0.2460252085760639,0.08391202635582838
lightgbm,STORE0013,SKU0020,14,390.0,1.0,0.23971051918462005,0.2305479840323117,6.677650177285844,8.775789660484536,0.23008510320656525,-0.030753879895435914
lightgbm,STORE0013,SKU0024,14,496.0,1.0,0.2609925978466684,0.25450250285463427,9.24659489513911,11.461267524504052,0.26734702328220716,-0.14633027575910576
lightgbm,STORE0013,SKU0025,14,206.0,1.0,0.44497318888369314,0.7952795858638594,6.547462636431485,7.98202226304334,0.43042630645221003,0.3240385875203099
lightgbm,STORE0013,SKU0026,14,724.0,0.9285714285714286,0.3362119465042083,0.39710686326572614,17.386960662074774,25.17945636056483,0.38242851011546664,0.2007172910667422
lightgbm,STORE0013,SKU0027,14,1226.0,1.0,0.22371097051436226,0.2630876323317351,19.590689275043438,27.213780415334845,0.2281758871601666,0.008242885128828408
lightgbm,STORE0013,SKU0028,14,879.0,1.0,0.3886864925460116,6.117534078289453,24.4039590677103,31.726760333250965,0.4574436111901982,0.1355296338982421
lightgbm,STORE0013,SKU0031,14,543.0,1.0,0.23315542112315377,0.25883915780012423,9.043099547848035,11.116349064339872,0.23579802709138403,0.0007176848465642971
lightgbm,STORE0013,SKU0032,14,642.0,1.0,0.23848561675638494,0.31713305218242444,10.936268996971366,14.025156245565904,0.2545121588507092,-0.0920011757769547
lightgbm,STORE0013,SKU0034,14,1377.0,1.0,0.19044281702370397,0.20956059844190283,18.731411360117168,22.563245060178073,0.1993535447627668,-0.014858673530329587
lightgbm,STORE0013,SKU0036,14,382.0,1.0,0.23525136071276048,0.5864501688408087,6.419001413733893,8.349987969981907,0.27981927044643806,0.09708043638119797
lightgbm,STORE0013,SKU0037,14,839.0,1.0,0.3188844519024967,0.444382817496576,19.110289653299624,23.02132155269978,0.3277714210165023,0.11024045029562031
lightgbm,STORE0013,SKU0039,14,149.0,1.0,0.2303459438061724,0.23767657309605958,2.4515389733656923,2.9445188168371255,0.23385450382004583,-0.035729026773707435
lightgbm,STORE0013,SKU0040,14,243.0,1.0,0.25599195115036627,0.33746133372952575,4.443288866395643,6.309454824281421,0.24860312222057843,0.03455632146487289
lightgbm,STORE0013,SKU0041,14,779.0,1.0,0.28608983125188614,0.45631923066869434,15.918855610372807,21.835685498425338,0.2936249159974903,0.25456429507408684
lightgbm,STORE0013,SKU0049,14,298.0,1.0,0.3362326451610965,0.6152370573987084,7.156952018429054,8.827876083565435,0.34702090077311126,0.2836899308773807
lightgbm,STORE0013,SKU0056,14,205.0,1.0,0.2659922405571761,0.3042102130963384,3.894886379587221,4.458083352085443,0.27150559100200056,0.05041904959778917
lightgbm,STORE0013,SKU0057,14,648.0,1.0,0.18332788588624518,0.21060437631645304,8.485462146734777,9.91958559944847,0.18477376345539454,0.09856285909879677
lightgbm,STORE0013,SKU0061,14,679.0,1.0,0.29517613070365367,1.1146470412629428,14.316042339127204,21.41985262458214,0.3526135221712883,0.09206530378667602
lightgbm,STORE0013,SKU0063,14,400.0,1.0,0.30791034855584193,0.7196109234014659,8.797438530166913,12.129381061176215,0.34075484904024866,0.20279104548258414
lightgbm,STORE0013,SKU0065,14,548.0,1.0,0.21006603793599435,0.23926547544180393,8.222584913494636,10.580448309698134,0.22107865307387858,-0.016579163661650798
lightgbm,STORE0013,SKU0068,14,381.0,1.0,0.3460593444647233,0.42544518404959597,9.4177578743614,12.035076466743162,0.3607225342438511,-0.082524269238035
lightgbm,STORE0013,SKU0071,14,195.0,1.0,0.5015840950570771,0.8424681944286424,6.98634989543786,7.8136068728800385,0.49460253768092366,0.2551327840987423
lightgbm,STORE0013,SKU0076,14,226.0,1.0,0.346551408393865,0.7341043958159955,5.594329878358107,6.875170612475047,0.38249950862349197,0.0748980157885882
lightgbm,STORE0013,SKU0080,14,743.0,1.0,0.25207501307199354,0.2543854916413201,13.37798105089223,15.88504129765493,0.2625919649098402,-0.14242654605063954
lightgbm,STORE0013,SKU0084,14,191.0,1.0,0.322137222724462,0.7184683729259813,4.394872110026589,5.487851416023026,0.3947234934725222,0.02798496023345269
lightgbm,STORE0013,SKU0085,14,573.0,1.0,0.35041169423063717,0.48654039980448827,14.341850056725365,19.850816908480667,0.33904707442326965,0.2339667932129444
lightgbm,STORE0013,SKU0086,14,87.0,1.0,0.23125375553998173,0.31038988356570424,1.4370769094270293,1.6352729677045506,0.2534107993765378,0.05583050141603876
lightgbm,STORE0013,SKU0087,14,267.0,1.0,0.28746215081557147,0.28857997033428345,5.482313876268399,6.107075868186278,0.29964745362530637,-0.1345483096881414
lightgbm,STORE0013,SKU0089,14,390.0,1.0,0.23737682633188717,0.23111580094481435,6.612640162102571,7.8250513780481015,0.23946217659735272,-0.06871539002620128
lightgbm,STORE0013,SKU0090,14,173.0,1.0,0.22975391387106378,0.2134432441496942,2.839101935692431,3.4807271131317625,0.24191407033462944,-0.1736717209809611
lightgbm,STORE0013,SKU0096,14,753.0,1.0,0.17479204938666076,0.20395933518939222,9.401315227725396,10.942532132218261,0.18556400118920988,0.0015906389565639562
lightgbm,STORE0013,SKU0097,14,535.0,1.0,0.19296788555906313,0.21795412612048892,7.374129912435627,8.573763344527535,0.1961083732089865,0.04263011295226688
lightgbm,STORE0013,SKU0099,14,747.0,1.0,0.29568370194110666,0.5650338130115522,15.776837525000477,19.97384973638456,0.33754724133725483,0.09617288078593396
lightgbm,STORE0013,SKU0102,14,928.0,1.0,0.17667608236830934,0.19103984676122257,11.711100316985076,14.108871040654513,0.17772897500670498,0.021725475304080914
xgboost,STORE0001,SKU0001,14,1457.0,1.0,0.32191840700068636,0.5367982975560974,33.5025085,41.798180084111834,0.34869544671848507,0.12042921825669184
xgboost,STORE0001,SKU0002,14,954.0,1.0,0.22163308385744235,1.2626919541948785,15.102711571428571,21.64826981647459,0.2732023724832195,0.036240266247379464
xgboost,STORE0001,SKU0004,14,1418.0,1.0,0.2735886967559944,2.369273423744384,27.710626571428573,35.20959560371481,0.33995706801785913,-0.013313497884344128
xgboost,STORE0001,SKU0006,14,1888.0,1.0,0.2764633596398305,0.3035285404616694,37.28305878571428,48.00158138182207,0.2717906992609758,-0.024812846927966117
xgboost,STORE0001,SKU0007,14,376.0,1.0,0.28760057446808507,0.38940674165772693,7.724129714285714,9.19495733955724,0.30530289894458756,0.04857868085106385
xgboost,STORE0001,SKU0008,14,422.0,1.0,0.1947253578199052,0.18059858487928707,5.869578642857142,7.531141997362632,0.19082562716561882,-0.09580655213270141
xgboost,STORE0001,SKU0010,14,595.0,1.0,0.27674868067226893,2.839187801614856,11.76181892857143,15.791656436369507,0.3340119537205884,-0.039248794957983196
xgboost,STORE0001,SKU0011,14,335.0,1.0,0.2874689223880597,0.4115416255088681,6.878720642857144,8.24805023186258,0.31887809875685164,0.010577931343283576
xgboost,STORE0001,SKU0012,14,998.0,1.0,0.2770588877755511,0.37972169248222204,19.750340714285716,27.577351287938246,0.26605990025758514,0.16703590981963923
xgboost,STORE0001,SKU0014,14,909.0,1.0,0.28429881298129817,0.331572135142524,18.45911578571429,22.31036152356865,0.29096793903040236,-0.030270051705170505
xgboost,STORE0001,SKU0015,14,160.0,1.0,0.246673075,0.3841107001889043,2.819120857142857,3.726413844435137,0.2647118858014274,0.1348487
xgboost,STORE0001,SKU0016,14,404.0,1.0,0.4089883242574257,0.7771939236223939,11.802234499999999,13.40654342123448,0.46780983480374644,0.06935273514851482
xgboost,STORE0001,SKU0017,14,1767.0,1.0,0.3175511494057725,0.34871694991766194,40.0794915,52.926829849692325,0.32229511156319474,-0.09774717543859647
xgboost,STORE0001,SKU0018,14,1497.0,1.0,0.275607002004008,0.2601173732937772,29.470262999999996,36.25698833931526,0.27742909294670476,-0.1174992745490982
xgboost,STORE0001,SKU0019,14,244.0,0.9285714285714286,0.5111584754098362,0.5484576069247038,8.908762000000001,11.197161958585673,0.5178929488975837,0.2470097786885246
xgboost,STORE0001,SKU0020,14,665.0,1.0,0.41223549924812036,0.9208947900760032,19.581186214285715,23.374825276358155,0.4366475018800002,0.1354868947368421
xgboost,STORE0001,SKU0021,14,843.0,0.9285714285714286,0.31861127046263343,0.28976194257104154,19.18495007142857,27.167604655445672,0.3640695413056498,0.12152446856465007
xgboost,STORE0001,SKU0023,14,1189.0,1.0,0.2222476947014298,0.33080436781512323,18.875179214285716,26.59204859720179,0.23878255277782331,0.03372009335576115
xgboost,STORE0001,SKU0024,14,665.0,1.0,0.4161091052631579,1.681035002124614,19.7651825,25.043954880470945,0.4657467222701285,0.1719641909774436
xgboost,STORE0001,SKU0026,14,1585.0,1.0,0.3528369255520505,0.5521309195276375,39.946180500000004,47.59134893577768,0.382632000127204,0.04580783280757097
xgboost,STORE0001,SKU0027,14,2752.0,1.0,0.28242890625,0.3079463017293341,55.517453571428575,73.88581048313912,0.2877149062426546,-0.1502233030523256
xgboost,STORE0001,SKU0029,14,595.0,1.0,0.2170771008403361,0.2533206774256835,9.225776785714285,10.912013713387156,0.2262767403577006,0.03253270756302522
xgboost,STORE0001,SKU0030,14,738.0,1.0,0.18127621409214095,0.19762991632027727,9.555846142857146,10.885161291014125,0.1784380715259327,0.10132550948509483
xgboost,STORE0001,SKU0031,14,947.0,1.0,0.27958714677930313,0.7143782947064307,18.912073428571432,24.208009690037546,0.3116329585944797,0.05999227877507919
xgboost,STORE0001,SKU0033,14,1816.0,1.0,0.12521482433920705,0.10316888547892464,16.242151500000002,27.578836599314954,0.11307305972351549,-0.08451513601321588
xgboost,STORE0001,SKU0035,14,3090.0,1.0,0.3956045372168285,0.612024613954716,87.31557285714287,109.01928316798868,0.44851460069652066,-0.1971143365695793
xgboost,STORE0001,SKU0036,14,751.0,1.0,0.24184388814913446,0.27391526107631253,12.973197142857142,14.711596807903883,0.24617462039780968,0.06269496404793608
xgboost,STORE0001,SKU0037,14,1531.0,1.0,0.33016581841933373,0.5087297455507235,36.10599057142856,44.03301019092306,0.3532018602581254,0.03411530502939257
xgboost,STORE0001,SKU0038,14,1504.0,1.0,0.23330878656914894,0.33980234120079567,25.064029642857143,30.13703584255493,0.26101186118738867,0.0003198251329787196
xgboost,STORE0001,SKU0039,14,303.0,1.0,0.21817809900990098,0.20183665703713702,4.721997428571428,6.305594221225954,0.21493144207263834,-0.12298258085808582
xgboost,STORE0001,SKU0040,14,430.0,1.0,0.2861611093023256,0.38735257074184476,8.78923407142857,10.806622026900223,0.2865925518243316,0.20623059767441862
xgboost,STORE0001,SKU0041,14,1714.0,1.0,0.2981764323220537,0.4206745753850965,36.50531464285715,44.25332542590462,0.3317131413813699,-0.02264529463243875
xgboost,STORE0001,SKU0042,14,244.0,1.0,0.28380615163934425,0.3609584907113389,4.946335785714285,5.886139753286401,0.2926908682995154,0.06591665983606555
xgboost,STORE0001,SKU0043,14,718.0,1.0,0.41325889136490257,0.5017512838220037,21.194277428571432,31.08840600390334,0.3327559597551635,0.3164213064066852
xgboost,STORE0001,SKU0045,14,1258.0,1.0,0.2438081120826709,0.30601638174852946,21.907900357142857,27.964962617832285,0.25000147509859644,0.051340983306836244
xgboost,STORE0001,SKU0046,14,1677.0,1.0,0.22460623673225996,0.3168608952500548,26.904618499999998,32.214485821061174,0.2457152723301166,-0.013918867620751353
xgboost,STORE0001,SKU0047,14,1257.0,1.0,0.23785290692124106,0.22399686267602978,21.355793142857145,27.393499018649774,0.2351957082910608,-0.10293095942720762
xgboost,STORE0001,SKU0048,14,1153.0,1.0,0.28998637554206425,1.081793380495068,23.88244935714286,31.7640185709633,0.3210726572051562,0.09803555854293147
xgboost,STORE0001,SKU0049,14,707.0,1.0,0.3159883818953324,0.7469017241121598,15.957413285714285,20.358019675963128,0.37025077850551213,-0.019316599717114566
xgboost,STORE0001,SKU0050,14,267.0,1.0,0.20615018352059922,0.21632882889791968,3.9315784999999996,4.64334218339779,0.20815352103535076,-0.02609485767790264
xgboost,STORE0001,SKU0051,14,924.0,1.0,0.3303853939393939,0.8863324662107263,21.805435999999997,26.241035281853474,0.3698547311396812,0.10313113203463205
xgboost,STORE0001,SKU0053,14,476.0,1.0,0.24951163865546216,0.2365675122755749,8.483395714285715,11.039934764819233,0.24095497850928965,-0.057363516806722685
xgboost,STORE0001,SKU0054,14,1489.0,1.0,0.23289075419744795,0.250665877518868,24.769595214285715,29.508409360651825,0.22985657887837646,0.01532158294157151
xgboost,STORE0001,SKU0055,14,207.0,0.9285714285714286,0.32646032125603863,0.27067479617612783,4.826949035714286,5.980458072391363,0.39047457231662647,-0.021165137681159425
xgboost,STORE0001,SKU0056,14,420.0,1.0,0.1708035714285714,0.18975279138950585,5.124107142857142,6.576060430728079,0.18296765383588284,-0.0355240095238095
xgboost,STORE0001,SKU0058,14,1284.0,1.0,0.4017226923676012,1.2482688786040907,36.84370978571428,44.350387029631705,0.49324543391863257,0.059294114485981306
xgboost,STORE0001,SKU0059,14,390.0,1.0,0.33845461538461535,0.5165273795197965,9.42837857142857,10.684780225323388,0.37527051891499213,0.031999112820512814
xgboost,STORE0001,SKU0060,14,927.0,1.0,0.2493450614886731,0.27625177239850224,16.510205142857142,19.67420721948733,0.26081591729811665,-0.09380222006472491
xgboost,STORE0001,SKU0061,14,1251.0,1.0,0.33256112549960026,0.4836913028326667,29.716711999999998,35.67874833745703,0.34167558512775204,0.08649981774580337
xgboost,STORE0001,SKU0062,14,308.0,1.0,0.17977230844155848,0.17174231077141133,3.9549907857142865,4.73420669756235,0.18728298241104385,-0.12359443831168829
xgboost,STORE0001,SKU0063,14,904.0,1.0,0.3291170353982301,0.650700950697745,21.251557142857145,31.409336636541134,0.3506344823240769,0.09133197345132744
xgboost,STORE0001,SKU0065,14,1009.0,1.0,0.3479908582755203,0.7693096677855026,25.080198285714285,37.25248391510511,0.362886680989154,0.07297306045589695
xgboost,STORE0001,SKU0066,14,429.0,1.0,0.35497934265734266,0.8180462466692912,10.877581285714285,13.118329583689297,0.4036777885544112,0.0860068951048951
xgboost,STORE0001,SKU0067,14,615.0,1.0,0.23604684065040643,0.2487969366236133,10.369200499999996,12.562250567818152,0.23802144205907408,-0.037692895934959336
xgboost,STORE0001,SKU0068,14,625.0,1.0,0.23942189439999992,0.546113740443401,10.688477428571426,14.583113991262577,0.2917215077619136,0.1283176608
xgboost,STORE0001,SKU0069,14,1641.0,1.0,0.23135160938452165,2.1637627739639824,27.117713642857147,38.215880765682876,0.297596516861407,-0.06527023095673369
xgboost,STORE0001,SKU0070,14,1701.0,1.0,0.2735869858906526,0.8415287015709848,33.24081878571429,43.25563469211646,0.31925479508055565,-0.11207248265726044
xgboost,STORE0001,SKU0072,14,490.0,1.0,0.2848682755102041,0.3957722654251576,9.970389642857144,12.7362649001718,0.294570265565361,0.129911512244898
xgboost,STORE0001,SKU0073,14,163.0,1.0,0.26758798466257666,0.29170622227945664,3.115488678571428,3.631901103564026,0.2749280426295364,-0.043471334355828214
xgboost,STORE0001,SKU0074,14,1048.0,1.0,0.3258305171755725,0.4692627935769477,24.39074157142857,31.43120174007553,0.32428682886405147,0.12069421183206105
xgboost,STORE0001,SKU0076,14,455.0,1.0,0.2068604197802198,0.20048779468754127,6.7229636428571435,8.182803134768852,0.20815846140655972,-0.0933561164835165
xgboost,STORE0001,SKU0077,14,871.0,1.0,0.2996973765786452,0.7098456230441255,18.645458214285714,28.779497452315123,0.3283388430277235,0.1484410137772675
xgboost,STORE0001,SKU0078,14,466.0,1.0,0.34037864592274675,1.0049039050845763,11.329746357142856,13.377535103864556,0.4115889250045296,-0.034464070815450644
xgboost,STORE0001,SKU0080,14,1224.0,1.0,0.2039833782679738,0.19599541159334727,17.833975357142855,22.051703087324398,0.1939364837725234,-0.005286458333333332
xgboost,STORE0001,SKU0081,14,1013.0,1.0,0.3320856910167818,1.1216588944782786,24.028771785714287,29.80578897002433,0.3692471692641096,0.009455412635735426
xgboost,STORE0001,SKU0082,14,892.0,1.0,0.29162522645739913,0.37002110517599185,18.580693,21.531163368043323,0.29636249207662646,0.09418078251121079
xgboost,STORE0001,SKU0084,14,388.0,1.0,0.28522453865979375,0.5231564146286253,7.904794357142856,10.032282335779684,0.32210975429073746,-0.04840257989690721
xgboost,STORE0001,SKU0086,14,177.0,1.0,0.27035101412429374,0.33406030754394417,3.4180092499999994,4.400781308726085,0.27451091473595335,0.05910604237288137
xgboost,STORE0001,SKU0087,14,438.0,1.0,0.2683839223744292,0.615043423654998,8.396582714285714,10.99188736760746,0.3108195716074296,0.04948215068493151
xgboost,STORE0001,SKU0090,14,320.0,1.0,0.3288382812499999,0.7668931800620447,7.51630357142857,9.695147746983105,0.3993074548836046,-0.06914064374999998
xgboost,STORE0001,SKU0092,14,1319.0,0.9285714285714286,0.43361876118271425,0.6656116805621188,40.85308185714286,49.95939631489116,0.5059366643149045,0.042182535253980295
xgboost,STORE0001,SKU0093,14,1088.0,1.0,0.228468828125,0.29469252131398477,17.755291785714284,22.32517406966552,0.24411282365484738,0.009141649816176463
xgboost,STORE0001,SKU0094,14,1084.0,1.0,0.21686102583025837,0.1909735057227544,16.791239428571433,24.249463244535335,0.21377489003827624,-0.18011541143911441
xgboost,STORE0001,SKU0095,14,501.0,1.0,0.20707387025948107,0.21973750821360877,7.4102863571428585,8.768005045552384,0.21066219320750587,-0.06083707185628744
xgboost,STORE0001,SKU0096,14,1542.0,1.0,0.2644614643320363,0.2690139081875273,29.128541285714284,32.446892300608354,0.27539742542210843,-0.10301169260700391
xgboost,STORE0001,SKU0097,14,1117.0,1.0,0.21696313876454792,0.21252468657655318,17.310559,20.981979435895386,0.21593985089443724,-0.07898203581020594
xgboost,STORE0001,SKU0098,14,731.0,1.0,0.20007882626538986,0.2038997016974947,10.446973,13.130215765568247,0.2032219607378368,-0.09578668399452804
xgboost,STORE0001,SKU0099,14,1706.0,0.9285714285714286,0.2972615357561547,0.21991114765500985,36.22344142857143,49.58023763079764,0.3597658932145376,-0.06943617116060961
xgboost,STORE0001,SKU0100,14,1251.0,1.0,0.19390719424460431,0.2290855052135027,17.32699285714286,22.03395425021999,0.1975907871204984,0.0233185931254996
xgboost,STORE0001,SKU0101,14,287.0,1.0,0.3409475278745645,0.5374260967153054,6.989424321428572,8.14292840983396,0.3788069754273828,-0.0025065383275261173
xgboost,STORE0002,SKU0001,14,1087.0,1.0,0.2356670616375345,0.3173877654688085,18.297864,25.223664894948307,0.2617083759739737,-0.02085019871205154
xgboost,STORE0002,SKU0002,14,862.0,1.0,0.22849971693735496,0.22220617286234703,14.069053999999998,16.333482095010986,0.238611173345213,-0.12971164965197216
xgboost,STORE0002,SKU0003,14,250.0,1.0,0.227809444,0.2550654916873632,4.068025785714286,5.005527393787555,0.24069814690136013,-0.07329226
xgboost,STORE0002,SKU0004,14,1160.0,1.0,0.239586425,0.23337019125856515,19.851446642857145,25.06766482796312,0.24307205163589599,-0.1263445905172414
xgboost,STORE0002,SKU0005,14,982.0,1.0,0.24114809266802445,0.4427914721255345,16.914816214285715,20.38828358613543,0.27625384951175297,0.12632005600814664
xgboost,STORE0002,SKU0006,14,1359.0,1.0,0.3017435290654893,0.3513943153550768,29.290675428571426,36.64622419730553,0.30345702476063385,-0.0034383679175864915
xgboost,STORE0002,SKU0007,14,321.0,1.0,0.24808660747663547,0.242214191118618,5.688271499999999,6.964168516625067,0.2587022132440891,-0.14968803426791277
xgboost,STORE0002,SKU0008,14,263.0,1.0,0.23572792015209126,0.24664611839827572,4.428317357142857,5.194710964696557,0.24134717670832034,-0.04946712927756653
xgboost,STORE0002,SKU0009,14,721.0,1.0,0.28933080443828013,0.3177882791291551,14.900536428571426,17.245491136917668,0.32082725495968606,-0.2131882524271844
xgboost,STORE0002,SKU0010,14,377.0,1.0,0.21222462599469497,0.33233762419462437,5.714906,8.948792651818872,0.22519530011203504,0.03457874270557029
xgboost,STORE0002,SKU0011,14,251.0,1.0,0.27411060557768924,0.40600611304105566,4.914411571428571,5.702193007539617,0.3106161057575538,-0.009185059760956156
xgboost,STORE0002,SKU0012,14,745.0,1.0,0.25296549932885903,0.33099416902419865,13.461378357142857,19.72765699641158,0.26459733796584073,0.04781186174496647
xgboost,STORE0002,SKU0014,14,713.0,1.0,0.21630131416549794,0.20734315836834522,11.01591692857143,14.047571735549482,0.21477318628757355,-0.09927941514726507
xgboost,STORE0002,SKU0015,14,102.0,1.0,0.4052432352941176,1.0991719972168705,2.9524864285714285,3.695554039977884,0.4385974600199334,0.254561294117647
xgboost,STORE0002,SKU0016,14,271.0,1.0,0.4486265092250923,1.9670267542335969,8.68412742857143,10.727698256451214,0.46315484073043794,0.15223681918819187
xgboost,STORE0002,SKU0017,14,1063.0,1.0,0.36643782690498594,1.2119232721522588,27.82310071428572,35.71352867577894,0.4262045208110457,-0.04107504797742238
xgboost,STORE0002,SKU0018,14,818.0,1.0,0.2618619449877751,1.8359812773926554,15.300219357142861,22.521955605144274,0.2947527669977402,0.11534070048899756
xgboost,STORE0002,SKU0019,14,198.0,1.0,0.2823762247474747,0.42064692948788096,3.993606607142856,4.841653733575235,0.31708236381315913,0.12804051767676763
xgboost,STORE0002,SKU0020,14,645.0,1.0,0.22319578139534882,0.20143578623602393,10.2829485,13.06749738943421,0.22412589482166556,-0.16485769147286822
xgboost,STORE0002,SKU0022,14,1028.0,1.0,0.28509207198443576,0.39243138283477014,20.93390357142857,24.173645966670534,0.31482786151766484,-0.044254359922178986
xgboost,STORE0002,SKU0023,14,801.0,1.0,0.42672834332084897,0.6209552468979148,24.41495735714286,31.907644718215444,0.41500675378286944,0.07954657303370782
xgboost,STORE0002,SKU0024,14,589.0,1.0,0.27917497962648563,0.4214022640597669,11.745290214285717,14.620150231016975,0.3023817618571195,0.09214123429541594
xgboost,STORE0002,SKU0025,14,396.0,1.0,0.24383154797979803,0.23807363960478808,6.896949500000001,8.146803582724827,0.24983984405463583,-0.1412016590909091
xgboost,STORE0002,SKU0026,14,1008.0,1.0,0.36923781250000004,3.815494723666709,26.585122500000004,36.08033979017938,0.394643822002557,0.21384587599206353
xgboost,STORE0002,SKU0027,14,1812.0,1.0,0.18980919701986756,0.2066406908309233,24.566733214285716,27.181917872828652,0.2118523540407893,-0.09730722682119206
xgboost,STORE0002,SKU0028,14,1333.0,1.0,0.26045253113278327,0.2597042415130799,24.798801714285723,29.240247995824134,0.2588076785442087,-0.0570233263315829
xgboost,STORE0002,SKU0030,14,632.0,1.0,0.2153325917721519,0.22624245944156215,9.720728428571428,11.97870724127815,0.22166583453858754,-0.04811524683544305
xgboost,STORE0002,SKU0031,14,646.0,1.0,0.4067954164086688,1.2895788006211084,18.77070278571429,23.33003941482229,0.4679053946925163,0.21462758359133122
xgboost,STORE0002,SKU0032,14,777.0,1.0,0.27597912483912485,0.6417042671705417,15.316841428571427,20.74643956650538,0.32117382672142736,0.13296576576576574
xgboost,STORE0002,SKU0033,14,1228.0,1.0,0.23653902687296416,0.23731096047412686,20.747851785714285,23.465551441399604,0.24511111705198538,-0.09671589006514658
xgboost,STORE0002,SKU0034,14,1962.0,1.0,0.2600084627930683,0.2491828656343959,36.43832885714286,46.02941318912672,0.26644148294377035,-0.11775471763506624
xgboost,STORE0002,SKU0036,14,497.0,1.0,0.24978883702213273,0.2972542055597526,8.867503714285712,13.504022526421247,0.2240776367315578,0.20617949295774646
xgboost,STORE0002,SKU0037,14,1200.0,1.0,0.2147447683333333,0.21156128423555826,18.406694428571427,23.235347125909165,0.21077047032851834,-0.053879716666666654
xgboost,STORE0002,SKU0038,14,1030.0,1.0,0.370077859223301,0.616759586130522,27.22715678571429,32.09051868985128,0.39587373286454003,0.06164263592233009
xgboost,STORE0002,SKU0039,14,173.0,1.0,0.31351777456647395,1.1710249143180351,3.8741839285714286,4.997743546566168,0.3845608525707266,0.053347473988439316
xgboost,STORE0002,SKU0040,14,312.0,1.0,0.25374396794871795,0.3667323469530061,5.654865571428571,6.541910415238578,0.28247618002536934,0.16561107692307694
xgboost,STORE0002,SKU0041,14,1295.0,1.0,0.23694714980694978,0.29107347942565986,21.917611357142853,26.663056539725083,0.25276612426717116,-0.0005849722007722072
xgboost,STORE0002,SKU0042,14,178.0,1.0,0.29177101123595506,0.5788453677379168,3.70966,4.7113608847975845,0.34444785680356765,-0.06956817415730338
xgboost,STORE0002,SKU0043,14,546.0,1.0,0.41556911538461544,0.5409563911425923,16.2071955,19.698671440916083,0.38737478349287296,0.38737881501831506
xgboost,STORE0002,SKU0044,14,974.0,1.0,0.2654519147843943,0.4809428976597914,18.46786892857143,22.218283056446083,0.2966695381752899,0.022746319301848096
xgboost,STORE0002,SKU0046,14,1470.0,1.0,0.24210914897959185,0.23273700890316842,25.421460642857145,33.26769168771348,0.250672764493306,-0.1812388306122449
xgboost,STORE0002,SKU0048,14,890.0,1.0,0.1840894123595505,0.19694570192392838,11.702826928571426,14.97902296979461,0.18830103868147813,-0.07241867303370786
xgboost,STORE0002,SKU0051,14,762.0,1.0,0.25920031233595797,0.288414794264473,14.107902714285713,17.339910818621966,0.2696042656783467,-0.06657664829396327
xgboost,STORE0002,SKU0052,14,690.0,1.0,0.26739322898550727,0.2492670254905914,13.178666285714286,15.498958722590006,0.2838304794750384,-0.2137269768115942
xgboost,STORE0002,SKU0054,14,1097.0,1.0,0.16017721422060163,0.18951933779224153,12.551028857142857,16.152149499138957,0.1668837478283129,0.035536692798541464
xgboost,STORE0002,SKU0055,14,165.0,1.0,0.2565398303030303,0.7928217879810665,3.0235051428571427,4.004849844261687,0.31632398834683745,-0.1370115515151515
xgboost,STORE0002,SKU0056,14,305.0,1.0,0.2496264950819672,0.22372978674184527,5.438291499999999,9.187879271224155,0.21326753713300775,-0.06086670491803278
xgboost,STORE0002,SKU0058,14,1066.0,1.0,0.1918534202626641,0.23716320446579978,14.608267571428568,20.790979118024083,0.20511772999099903,-0.05756283677298311
xgboost,STORE0002,SKU0059,14,273.0,1.0,0.23791137362637357,0.7399907158330777,4.639271785714285,6.215923097114235,0.2859897061848525,-0.015548472527472514
xgboost,STORE0002,SKU0060,14,598.0,1.0,0.20041998996655516,0.2733791388543488,8.560796714285713,10.554974796261627,0.2159490739536431,0.08865261204013378
xgboost,STORE0002,SKU0062,14,188.0,1.0,0.40463227925531914,1.3780421763298842,5.433633464285714,6.8083531589721895,0.4513397258544682,-0.011844119680851058
xgboost,STORE0002,SKU0063,14,529.0,1.0,0.5276495444234404,0.9310677142749995,19.937614928571428,25.74648561440228,0.45635468480645,0.2760724744801512
xgboost,STORE0002,SKU0064,14,1120.0,1.0,0.29201186160714293,0.29357812886596435,23.360948928571435,29.453440935435914,0.29915142340869677,-0.13457662232142856
xgboost,STORE0002,SKU0065,14,692.0,1.0,0.3033802239884392,0.3772903536089263,14.995651071428568,20.586426810144953,0.2862072541290224,0.11999134248554912
xgboost,STORE0002,SKU0066,14,253.0,1.0,0.4656529525691699,2.6791623882119557,8.41501407142857,10.844164260811365,0.509463505177955,0.3472640909090909
xgboost,STORE0002,SKU0069,14,1055.0,1.0,0.1515954843601896,0.16139490414169236,11.423802571428572,18.08926185704232,0.14833807457715115,0.04580049289099524
xgboost,STORE0002,SKU0070,14,1187.0,1.0,0.26311656697556873,0.26006618671477183,22.308526071428577,30.96208467921281,0.25664708795884134,-0.06489398062342039
xgboost,STORE0002,SKU0071,14,316.0,1.0,0.3003633227848101,1.0634977476649616,6.779629285714285,9.173824825753549,0.36018224244887637,0.07552572151898734
xgboost,STORE0002,SKU0073,14,114.0,1.0,0.22902486052631577,0.22243080383110939,1.8649167214285711,2.500859384333689,0.21754397963585578,-0.017290667543859634
xgboost,STORE0002,SKU0074,14,857.0,1.0,0.2216740373395566,0.2768944683318381,13.569617857142857,16.140705989679923,0.23681928007102074,0.08335522753792299
xgboost,STORE0002,SKU0075,14,387.0,1.0,0.23607558139534887,0.2295522719649615,6.525803571428573,8.074875386634698,0.2344395679656463,-0.06577194315245478
xgboost,STORE0002,SKU0078,14,287.0,1.0,0.2586621010452962,0.39857206357672653,5.302573071428571,7.022431383679815,0.2777233188504976,0.175662574912892
xgboost,STORE0002,SKU0079,14,829.0,1.0,0.3146022496984318,0.6543587660502161,18.6289475,22.256946483415398,0.34997739858273774,0.02598933051869722
xgboost,STORE0002,SKU0081,14,766.0,1.0,0.2960089738903394,1.3228271654633037,16.195919571428572,19.638604590989736,0.3622380172762322,-0.03945795822454308
xgboost,STORE0002,SKU0082,14,632.0,1.0,0.2909420664556962,0.4437901848116755,13.133956142857143,15.31259799566798,0.3275284919798104,-0.0025109810126582254
xgboost,STORE0002,SKU0083,14,884.0,1.0,0.2615555169683258,0.32285515306730045,16.515362642857145,19.50562280636113,0.2597032901238574,0.1604090350678733
xgboost,STORE0002,SKU0084,14,259.0,1.0,0.39324842084942085,0.724369159067577,7.275095785714286,8.461901036211911,0.43567492503239286,0.11037319305019304
xgboost,STORE0002,SKU0086,14,104.0,1.0,0.5092824201923076,0.9224641594851273,3.7832408357142855,4.845328514829488,0.4796152994940428,0.1997368490384616
xgboost,STORE0002,SKU0087,14,272.0,1.0,0.34327066176470583,0.5841367996265433,6.66925857142857,8.131690742257067,0.36912453786540406,0.11117325
xgboost,STORE0002,SKU0088,14,317.0,1.0,0.2683418611987381,0.2480688639390867,6.076026428571427,7.587062178958739,0.2733521278344488,-0.17050204416403783
xgboost,STORE0002,SKU0089,14,503.0,1.0,0.31511540755467193,1.2452503428997193,11.321646428571427,13.807093377593011,0.3714832370811522,-0.1085307077534791
xgboost,STORE0002,SKU0090,14,207.0,1.0,0.31665892270531404,1.341813831074346,4.682028357142857,5.974732062093131,0.3522422026526671,0.13973891304347827
xgboost,STORE0002,SKU0092,14,941.0,1.0,0.2457733740701382,0.8419089634156858,16.519481785714287,22.572796692165294,0.29646015945421944,0.079522394261424
xgboost,STORE0002,SKU0093,14,797.0,1.0,0.22813311417816817,0.3758501576537515,12.987292285714288,17.33833838285249,0.25345293944480546,0.03515270012547053
xgboost,STORE0002,SKU0096,14,950.0,1.0,0.2356431936842105,0.36492155196119164,15.990073857142855,22.460479860501827,0.2454345636066538,0.07131579578947365
xgboost,STORE0002,SKU0097,14,727.0,1.0,0.17167879367262726,0.18833211565862137,8.9150345,11.069929630136373,0.1686655001076411,0.07788601237964239
xgboost,STORE0002,SKU0098,14,446.0,1.0,0.3091140269058296,0.43926425809103853,9.847489714285715,11.744641304127532,0.3254036800815757,0.15716013004484305
xgboost,STORE0002,SKU0099,14,1098.0,1.0,0.37683139708561014,0.9204648897553048,29.55434814285714,43.954453581183266,0.36180089729582626,0.06858590710382514
xgboost,STORE0002,SKU0101,14,200.0,1.0,0.28004431,0.41044336228496264,4.000633,4.907528532337637,0.3114776833376623,0.08704286000000001
xgboost,STORE0002,SKU0102,14,1430.0,1.0,0.1993120874125874,0.2573308226735932,20.35830607142857,27.872128197456476,0.22507851994335426,-0.04914869580419579
xgboost,STORE0003,SKU0001,14,1181.0,1.0,0.15782397967823875,0.1641365852263747,13.313579999999998,15.290388331498018,0.16059388799486365,-0.0010148687552921137
xgboost,STORE0003,SKU0003,14,272.0,1.0,0.2320335882352941,0.37186743684452533,4.508081142857143,5.685162632204955,0.27109721361269873,-0.04882574999999997
xgboost,STORE0003,SKU0004,14,911.0,1.0,0.2620662568605927,0.30754482073838746,17.053025714285713,21.18640986233948,0.254464252685131,0.10768124039517017
xgboost,STORE0003,SKU0005,14,1159.0,1.0,0.19766807247627266,0.20763860031541534,16.36409257142857,18.680286371305463,0.2111029743683995,-0.05931017256255392
xgboost,STORE0003,SKU0006,14,1310.0,1.0,0.19066771297709925,0.20653136168371009,17.841050285714285,22.984419830602604,0.1982958862368616,0.00041624122137407925
xgboost,STORE0003,SKU0007,14,352.0,1.0,0.18348917613636367,0.1627687256730336,4.613442142857144,6.583673529383859,0.18474196331167433,-0.14407880113636365
xgboost,STORE0003,SKU0008,14,243.0,1.0,0.3864954115226337,0.5834853303010166,6.7084560714285715,7.603100860332669,0.4083305724355021,0.0787535925925926
xgboost,STORE0003,SKU0009,14,642.0,1.0,0.2924346339563863,0.32317881355157824,13.410216785714287,19.398338540274974,0.2843924082296234,-0.02937992056074766
xgboost,STORE0003,SKU0010,14,419.0,1.0,0.20786939379474942,0.20621623906917258,6.221234000000001,7.095747785007653,0.2190323913366645,-0.12623259665871123
xgboost,STORE0003,SKU0011,14,266.0,1.0,0.2972956654135338,0.3284289358853921,5.648617642857142,7.760313702894827,0.2943364430065139,-0.09515194360902253
xgboost,STORE0003,SKU0012,14,762.0,1.0,0.16338079790026247,0.15085616215423955,8.89258342857143,11.538021978145158,0.16601007300488418,-0.12063086351706036
xgboost,STORE0003,SKU0013,14,1042.0,1.0,0.24941633397312854,0.2698420891436012,18.563701428571424,24.706761049563962,0.2223404730379706,0.21956251439539348
xgboost,STORE0003,SKU0014,14,723.0,1.0,0.23079937344398338,0.21299913186247357,11.919139071428571,17.21758491491959,0.2281008173240184,-0.1246286569847856
xgboost,STORE0003,SKU0015,14,118.0,1.0,0.20225267796610172,0.22906926451683243,1.704701142857143,2.0932545303092027,0.1964632061275999,0.11894930508474576
xgboost,STORE0003,SKU0016,14,283.0,1.0,0.2497431413427561,0.2450484547491952,5.0483792142857125,6.273864042517469,0.22834948518703882,0.0375877915194346
xgboost,STORE0003,SKU0019,14,186.0,1.0,0.31784232795698925,0.4525036152824963,4.222762357142857,5.925602551785448,0.30516823027955026,0.255957188172043
xgboost,STORE0003,SKU0020,14,512.0,1.0,0.30063627148437505,0.45528222220272163,10.99469792857143,14.560854548274014,0.30776764788828287,0.20152563476562502
xgboost,STORE0003,SKU0021,14,560.0,1.0,0.3441180875,1.2127440532116425,13.7647235,17.52867012450892,0.38900971157410574,0.07968563749999998
xgboost,STORE0003,SKU0022,14,1056.0,1.0,0.25842962026515154,0.3455350629221634,19.492977071428573,23.600116085124895,0.2821002399663199,-0.015198769886363641
xgboost,STORE0003,SKU0023,14,943.0,1.0,0.23268130965005307,0.2793349846256958,15.672748214285718,19.41944338552078,0.25379600405332414,-0.07277175079533404
xgboost,STORE0003,SKU0024,14,659.0,1.0,0.21274630197268585,0.2235215475277847,10.014272357142856,12.376076222110289,0.21483988698175563,-0.033408802731411225
xgboost,STORE0003,SKU0025,14,350.0,1.0,0.14768041999999998,0.15791073847222473,3.6920104999999994,4.042426097613933,0.14965262696670517,0.030910431428571437
xgboost,STORE0003,SKU0026,14,1101.0,1.0,0.2875425340599454,0.397831290290862,22.61316642857142,25.470849504810253,0.3088328197258713,0.060729455040871946
xgboost,STORE0003,SKU0028,14,1445.0,1.0,0.1610751903114187,0.15472344274288657,16.625260714285716,20.030679683412682,0.1648538659782286,-0.10718581314878893
xgboost,STORE0003,SKU0030,14,558.0,1.0,0.29940609318996414,0.36800598751027824,11.933471428571428,14.404721861729715,0.30710588612646866,0.02739317921146954
xgboost,STORE0003,SKU0031,14,713.0,1.0,0.4267511809256662,0.551103509051681,21.733828,28.80229854364173,0.40278044655583284,0.07683775596072931
xgboost,STORE0003,SKU0033,14,1350.0,1.0,0.21210949333333332,0.18549451671446684,20.453415428571425,29.099229497028006,0.2032148421151542,-0.13664281185185184
xgboost,STORE0003,SKU0035,14,2221.0,1.0,0.2954565060783431,0.4219866207652065,46.872064285714295,55.751410743722126,0.3320582738580177,-0.10604495272399819
xgboost,STORE0003,SKU0037,14,1223.0,1.0,0.2150292109566639,0.2630319133906331,18.784337499999996,22.044641047444294,0.22488876536339203,0.0335273859362224
xgboost,STORE0003,SKU0039,14,191.0,1.0,0.22356947382198952,0.33810182069847444,3.0501263928571425,4.040265948134004,0.24706848985625057,-0.033846290575916226
xgboost,STORE0003,SKU0040,14,308.0,1.0,0.30686544805194804,0.37639444320484217,6.751039857142857,7.551667921676206,0.32097396131823525,0.0630457012987013
xgboost,STORE0003,SKU0041,14,1210.0,1.0,0.305936979338843,0.39622656401372663,26.441696071428574,38.75353322726772,0.3115415332995711,0.04184892148760331
xgboost,STORE0003,SKU0042,14,176.0,1.0,0.3052943494318181,1.3945171937698422,3.8379861071428563,5.417262150881116,0.37822321628558553,0.02442821306818181
xgboost,STORE0003,SKU0043,14,614.0,1.0,0.2803436856677525,0.3549908913250493,12.295073071428574,14.211074924073799,0.28832691645219943,0.11492547719869707
xgboost,STORE0003,SKU0044,14,1028.0,1.0,0.3387308667315175,0.43869925067913834,24.872523642857143,30.34050986546683,0.3562300718453888,-0.06444746011673148
xgboost,STORE0003,SKU0045,14,859.0,1.0,0.32402519324796286,4.42871285538894,19.881260071428578,29.06635673814591,0.34716653156014565,0.2232033818393481
xgboost,STORE0003,SKU0046,14,1266.0,1.0,0.1949453301737757,0.21737902558371616,17.628627714285717,25.766704528799778,0.1919366494381718,0.007596312796208546
xgboost,STORE0003,SKU0047,14,927.0,1.0,0.3084661380798273,0.4036136399428289,20.424864999999993,24.160837211633325,0.3333946738934502,-0.06022238619201726
xgboost,STORE0003,SKU0048,14,898.0,1.0,0.32525366035634745,0.5398112944121123,20.862699071428572,29.730350931844963,0.3453672901596639,-0.012234087973273947
xgboost,STORE0003,SKU0049,14,525.0,1.0,0.18911479238095238,0.2046797070117163,7.091804714285715,8.515797852945724,0.20098791547426265,-0.10348766857142858
xgboost,STORE0003,SKU0050,14,170.0,1.0,0.4059420352941177,0.7452391584977007,4.929296142857143,5.661769814863194,0.44689495773044646,0.0935271294117647
xgboost,STORE0003,SKU0051,14,746.0,1.0,0.2419411501340483,0.30492421601927255,12.892007000000003,15.48091620869231,0.2575206054377142,0.01580555764075066
xgboost,STORE0003,SKU0052,14,632.0,1.0,0.2026404762658228,0.21369969882719464,9.147770071428571,11.591740981220665,0.2063732320304653,-0.031232125000000013
xgboost,STORE0003,SKU0053,14,403.0,1.0,0.27066903225806443,0.2689394764220316,7.791401428571427,9.0883976814382,0.29471806193183825,-0.18947453598014888
xgboost,STORE0003,SKU0054,14,1121.0,1.0,0.24845766280107046,0.41343061065522335,19.89436,28.6776135611378,0.2793789898616227,0.0050967743086529835
xgboost,STORE0003,SKU0055,14,145.0,1.0,0.326290324137931,0.6754378227942925,3.3794355,4.23690329684868,0.3751142363442896,0.08551071034482757
xgboost,STORE0003,SKU0056,14,301.0,1.0,0.2328042657807309,0.2367108730938025,5.005291714285714,5.656629020609044,0.240315162752278,-0.04997815282392027
xgboost,STORE0003,SKU0058,14,1001.0,1.0,0.2786114225774226,0.3607476707321123,19.920716714285714,23.884487329964323,0.2924136252192863,0.026763668331668326
xgboost,STORE0003,SKU0060,14,634.0,1.0,0.44072101261829644,0.7436589009782457,19.958365857142855,23.2110359626259,0.4777371447925512,0.028670747634069398
xgboost,STORE0003,SKU0061,14,1121.0,1.0,0.2132076717216771,0.1959257829222394,17.071842857142858,25.59012006676907,0.2045758109223705,-0.088655860838537
xgboost,STORE0003,SKU0062,14,199.0,1.0,0.16697552763819096,0.1540388199321668,2.373437857142857,3.2909593385320686,0.16128089702673895,-0.07637642211055276
xgboost,STORE0003,SKU0063,14,680.0,1.0,0.24997588088235298,0.3555663558325387,12.141685642857144,14.128236206168717,0.28886997632254363,0.10628276323529412
xgboost,STORE0003,SKU0064,14,987.0,1.0,0.19979063221884494,0.2650608776721255,14.085239571428568,18.471760069766333,0.2118253512709068,0.051397410334346486
xgboost,STORE0003,SKU0065,14,770.0,1.0,0.26813228311688314,0.3619717561970402,14.747275571428572,19.043337351616533,0.29061629079266066,-0.04016131168831167
xgboost,STORE0003,SKU0066,14,303.0,1.0,0.29368572607260723,0.5476277438309032,6.356198214285714,8.259087551801285,0.33801699661389284,0.13764404950495052
xgboost,STORE0003,SKU0067,14,432.0,1.0,0.2678485254629629,0.30040961252111215,8.265040214285714,9.215995154748713,0.26998112014344944,0.04914823379629628
xgboost,STORE0003,SKU0068,14,530.0,1.0,0.22398284905660373,0.23662898932533719,8.479350714285713,10.490810690008784,0.24768013791905436,-0.1342480113207547
xgboost,STORE0003,SKU0069,14,1055.0,1.0,0.25332706729857823,0.3228543003941363,19.090004,25.528227398057975,0.2594743791752341,0.0853899374407583
xgboost,STORE0003,SKU0070,14,996.0,0.9285714285714286,0.35517659738955826,0.4111847264959912,25.26827792857143,31.652572559591253,0.4270229511069103,0.0811646154618474
xgboost,STORE0003,SKU0071,14,347.0,1.0,0.24069957348703172,0.27179364227503583,5.965910857142858,6.624206117385086,0.2417070900466502,0.052032749279538916
xgboost,STORE0003,SKU0073,14,120.0,1.0,0.1846988416666667,0.1708252129783708,1.5831329285714288,2.247088497989093,0.18221905942401748,-0.10407710166666666
xgboost,STORE0003,SKU0075,14,386.0,1.0,0.3299819222797928,0.440900693564443,9.098073000000001,10.55908158134536,0.3379301401649237,0.08753643523316065
xgboost,STORE0003,SKU0076,14,356.0,1.0,0.2855990589887641,0.2784236927998854,7.262376071428572,8.744192377327158,0.30842989667285003,-0.2065962556179775
xgboost,STORE0003,SKU0077,14,729.0,1.0,0.22925062688614545,0.24968577832118116,11.937407642857144,13.385248774891814,0.2284004402612701,0.03995946639231823
xgboost,STORE0003,SKU0082,14,612.0,1.0,0.2329506062091503,0.309756443297005,10.183269357142857,12.481200437758087,0.2555568381944656,-0.046403867647058845
xgboost,STORE0003,SKU0084,14,303.0,1.0,0.30708440594059405,0.3836704006973286,6.6461839285714275,7.784837181457265,0.32855150843643216,-0.03199982508250825
xgboost,STORE0003,SKU0086,14,117.0,1.0,0.3654113196581196,0.8195186914902562,3.0537946,3.7031406194455,0.40652905314204196,0.09544378632478631
xgboost,STORE0003,SKU0087,14,310.0,1.0,0.16914784516129033,0.32143850413115416,3.7454165714285717,5.4141730581371075,0.20238040600585935,-0.04112136774193548
xgboost,STORE0003,SKU0088,14,242.0,0.9285714285714286,0.3638866074380166,0.873355394723701,6.29003992857143,8.007187650882216,0.4852180206450605,0.014552780991735535
xgboost,STORE0003,SKU0089,14,533.0,1.0,0.24587523264540334,0.2531609977874666,9.360821357142855,11.979605224337316,0.2514789006474682,-0.12021520637898686
xgboost,STORE0003,SKU0091,14,230.0,1.0,0.23328301956521735,0.9801770778105328,3.8325067499999994,5.025395936951338,0.31935216444383635,-0.07646166304347825
xgboost,STORE0003,SKU0092,14,949.0,1.0,0.2667436280295048,1.2802128546509979,18.08140735714286,23.768106597524422,0.31863379275472015,0.012712915700737596
xgboost,STORE0003,SKU0093,14,800.0,1.0,0.33108310875,0.4635097238274825,18.919034785714285,23.514207819082067,0.34121195855689296,0.07674892125
xgboost,STORE0003,SKU0094,14,641.0,1.0,0.2630545585023401,0.4468986863132849,12.044140857142859,16.040947975809228,0.29394322221821056,0.03584260218408737
xgboost,STORE0003,SKU0095,14,342.0,1.0,0.2917756637426901,0.2972315862012418,7.1276626428571435,8.547756835156843,0.28692448499151046,-0.031073067251462003
xgboost,STORE0003,SKU0096,14,947.0,1.0,0.33565222703273495,1.7345867522858154,22.704475642857144,28.071476674576992,0.37563141256689425,0.03692351531151005
xgboost,STORE0003,SKU0097,14,800.0,1.0,0.18877803750000005,0.18934453012481114,10.787316428571431,14.740627808532306,0.18444512550287206,-0.0370411175
xgboost,STORE0003,SKU0099,14,1227.0,1.0,0.1389467025264874,0.13395441681871145,12.177686000000003,14.939660469895621,0.1347568839009007,-0.022610224938875302
xgboost,STORE0003,SKU0100,14,1105.0,1.0,0.1852714108597286,0.17817163161089636,14.62320778571429,17.102287434795866,0.19081409941812139,-0.13142957375565611
xgboost,STORE0003,SKU0101,14,211.0,1.0,0.16755918246445498,0.1638253056448153,2.52535625,3.0092327513206785,0.17244985202491026,-0.04494508293838863
xgboost,STORE0004,SKU0001,14,1663.0,1.0,0.29659389837642813,0.7450877238354353,35.23111807142857,44.204707707366154,0.3508526869522015,-0.02041970595309679
xgboost,STORE0004,SKU0002,14,1095.0,1.0,0.2057675707762557,0.19991448964975236,16.09396357142857,19.405648507657137,0.20768879177950486,-0.0800987488584475
xgboost,STORE0004,SKU0003,14,392.0,1.0,0.29493864795918373,0.29262156004148954,8.258282142857144,9.747212083286087,0.31555319521991676,-0.21428239285714287
xgboost,STORE0004,SKU0005,14,1558.0,1.0,0.22642048780487803,0.2664856474592794,25.197365714285713,29.025473715120782,0.24049341507091232,-0.01947574582798461
xgboost,STORE0004,SKU0007,14,466.0,1.0,0.22820849356223175,0.22739441025027274,7.596082714285714,8.816209397698625,0.23824505285078815,-0.12837046781115882
xgboost,STORE0004,SKU0008,14,363.0,1.0,0.26310380165289254,0.4701226976756569,6.821905714285713,9.76410575094986,0.2787991152511776,0.02067052341597797
xgboost,STORE0004,SKU0009,14,911.0,1.0,0.17830854226125142,0.19287824450509938,11.602791571428574,13.539061487433521,0.1823766144806788,-0.0011839407244786018
xgboost,STORE0004,SKU0012,14,1052.0,1.0,0.22096904752851715,0.2347328928036633,16.604245571428574,22.36263309907761,0.21247588508477736,-0.0024698973384030274
xgboost,STORE0004,SKU0013,14,1577.0,0.9285714285714286,0.29768439188332274,0.2823539193342424,33.53202042857142,42.6016963956632,0.36421569618714905,0.2001138528852251
xgboost,STORE0004,SKU0014,14,812.0,1.0,0.3510067770935961,1.941367578306002,20.358393071428573,26.322116906678584,0.37919430591823355,0.09855124999999995
xgboost,STORE0004,SKU0015,14,176.0,1.0,0.2649727613636364,0.48407566427750925,3.331086142857143,4.47175637376728,0.2896462313738079,0.015205534090909089
xgboost,STORE0004,SKU0017,14,1849.0,1.0,0.263167184424013,0.24879099909900887,34.756866,43.13888788486632,0.2608604024509018,-0.11934144618712819
xgboost,STORE0004,SKU0018,14,1410.0,1.0,0.2808009340425532,0.2817238107566281,28.280665499999998,37.395806106465116,0.27989887350535536,-0.09820838652482272
xgboost,STORE0004,SKU0019,14,297.0,1.0,0.24909589898989898,0.32516112706399536,5.284391571428571,7.602129731358426,0.2517774197081453,0.07816389898989899
xgboost,STORE0004,SKU0020,14,826.0,1.0,0.2340632300242131,2.074314906967634,13.809730571428572,19.024167123867716,0.29497934019384925,0.007247602905568997
xgboost,STORE0004,SKU0021,14,958.0,1.0,0.27588826096033403,0.8971943908618025,18.87863957142857,23.599885711476755,0.32008098670380847,-0.012137306889352814
xgboost,STORE0004,SKU0023,14,1222.0,1.0,0.20866385188216036,0.29508229908394146,18.213373357142853,22.54982897747495,0.24757258483194658,0.01660393535188216
xgboost,STORE0004,SKU0024,14,1022.0,1.0,0.2104149109589041,0.2039283955800309,15.3602885,17.807416665897893,0.21450934302186192,-0.10989999706457926
xgboost,STORE0004,SKU0025,14,450.0,1.0,0.22382000222222223,0.2888936908077632,7.194214357142857,8.657296030992848,0.23553835719749694,0.06764976666666665
xgboost,STORE0004,SKU0026,14,1729.0,1.0,0.27770874031231924,0.3419284346790149,34.29702942857143,39.069605581413015,0.3038823454070303,-0.07609545401966454
xgboost,STORE0004,SKU0027,14,2403.0,1.0,0.2534711152725759,0.2914070274738895,43.50650642857142,63.01148523129715,0.2530970208914275,0.0008256720765709568
xgboost,STORE0004,SKU0028,14,1815.0,1.0,0.3455090633608815,0.7202955641770357,44.79278214285714,54.0354513541771,0.3889967079615944,0.044900787878787915
xgboost,STORE0004,SKU0029,14,525.0,1.0,0.38418184,1.7017825869072587,14.406819,17.516373461921138,0.406148444642427,0.16756580190476192
xgboost,STORE0004,SKU0031,14,1139.0,1.0,0.24415596312554877,0.40654396285985145,19.863831571428573,24.934110392365966,0.27587194831665574,-0.11403178226514488
xgboost,STORE0004,SKU0032,14,1320.0,1.0,0.19776477196969694,0.21873705178873948,18.646392785714283,23.34592724223676,0.20458227652907593,-0.040225550757575744
xgboost,STORE0004,SKU0033,14,1635.0,1.0,0.18658621529051989,0.1898054729329657,21.79060442857143,26.973140720154365,0.18557184185236902,-0.02948733333333333
xgboost,STORE0004,SKU0034,14,3135.0,1.0,0.2447782169059011,0.2439590440884803,54.81283642857142,63.91236253310271,0.26074462314129604,-0.1688412918660287
xgboost,STORE0004,SKU0035,14,2944.0,1.0,0.3553939402173913,0.5705055193962224,74.73426857142856,95.7367796224952,0.3851996008044019,-0.11787429347826088
xgboost,STORE0004,SKU0036,14,786.0,1.0,0.22652646692111958,0.2617948940669862,12.717843071428572,14.236996703497002,0.24611578026038305,-0.022846026717557255
xgboost,STORE0004,SKU0037,14,1788.0,1.0,0.2543072315436241,0.39719872961351516,32.47866642857142,41.37760081623481,0.2876677219184246,-0.07874420693512303
xgboost,STORE0004,SKU0038,14,1901.0,1.0,0.2537226870068385,0.2913342370365786,34.45191628571428,43.30464551916472,0.27891171342247423,-0.17176606417674908
xgboost,STORE0004,SKU0039,14,282.0,1.0,0.22130970921985818,0.2183267235369331,4.457809857142857,6.065018583089891,0.21543216700778392,-0.058451723404255314
xgboost,STORE0004,SKU0040,14,515.0,1.0,0.17397423300970874,0.3637811126409753,6.3997664285714295,8.25434126555886,0.23717260738837426,0.06210094757281555
xgboost,STORE0004,SKU0041,14,1795.0,1.0,0.23411019220055712,0.2344139883959737,30.016271071428573,34.83732516586455,0.23890727664481498,-0.08720840501392754
xgboost,STORE0004,SKU0045,14,1259.0,1.0,0.22095908657664812,0.28900275675144016,19.870534999999997,23.150307587638476,0.24454951274263728,0.051000905480540086
xgboost,STORE0004,SKU0046,14,1925.0,1.0,0.2692461719480519,0.2891776543764205,37.02134864285714,43.142485771406534,0.2944407289239382,-0.17459226129870128
xgboost,STORE0004,SKU0047,14,1200.0,1.0,0.2103464625,0.3168468335307579,18.029696785714286,27.081760704090023,0.23540558447807383,0.035816212500000014
xgboost,STORE0004,SKU0048,14,1242.0,1.0,0.33126060386473427,0.5579014948976125,29.387547857142856,38.78119243627087,0.36715504005070976,-0.03733092592592591
xgboost,STORE0004,SKU0049,14,781.0,1.0,0.21338879257362361,0.2120877024964143,11.904046214285717,14.76477379612834,0.21397912915486858,-0.04636661331626119
xgboost,STORE0004,SKU0050,14,248.0,1.0,0.3111806370967742,0.8612182856735568,5.512342714285714,6.736265318428282,0.36993223193885305,0.05056567741935484
xgboost,STORE0004,SKU0051,14,970.0,1.0,0.41626531030927844,1.4091626206024188,28.84123935714286,37.6799698395177,0.48103573558193835,0.10966924226804124
xgboost,STORE0004,SKU0052,14,857.0,1.0,0.3305142357059509,0.43380358695957205,20.232192857142852,24.39327332895419,0.3403532712709411,0.04041755192532087
xgboost,STORE0004,SKU0053,14,442.0,1.0,0.3050049343891403,0.5997331386161929,9.6294415,12.571814305058957,0.33211179623590587,0.09509954072398191
xgboost,STORE0004,SKU0054,14,1285.0,1.0,0.29340712451361867,0.4118066124027219,26.930582499999996,33.08101161938201,0.30035450754064075,0.16515177042801557
xgboost,STORE0004,SKU0055,14,228.0,1.0,0.2114368596491228,0.22475091154140012,3.4434002857142856,4.140231556722022,0.21614171607800509,-0.06534897368421051
xgboost,STORE0004,SKU0056,14,437.0,1.0,0.23163898398169336,0.28521601754000386,7.230445428571429,8.317659972331898,0.25748393848788675,-0.038078590389016016
xgboost,STORE0004,SKU0057,14,1483.0,1.0,0.21052210586648687,0.21504709798524838,22.30030592857143,29.091091546274424,0.21767388146631303,-0.1338339062710722
xgboost,STORE0004,SKU0058,14,1361.0,1.0,0.30864048714180753,0.4024131645621387,30.0042645,36.57709052509536,0.32145841772181283,0.01774845922116091
xgboost,STORE0004,SKU0060,14,841.0,1.0,0.210073548156956,0.2663678742240438,12.619418142857143,17.37917474593436,0.20545392664998205,0.13302371224732462
xgboost,STORE0004,SKU0061,14,1480.0,1.0,0.1895935337837838,0.18558099565799088,20.042745,25.369806529369995,0.18352585446428185,-0.016018452702702708
xgboost,STORE0004,SKU0062,14,293.0,1.0,0.17278821160409558,0.16249987367517166,3.6162104285714287,4.508871589134581,0.1715561914159804,-0.07728132423208191
xgboost,STORE0004,SKU0063,14,970.0,1.0,0.2347279907216495,0.2555125254291361,16.2632965,19.4139082113533,0.22912766841887394,0.08566800103092782
xgboost,STORE0004,SKU0064,14,1440.0,1.0,0.26603390694444445,0.26493501240933615,27.36348757142857,36.748667915892284,0.2614214165247451,-0.09754485138888888
xgboost,STORE0004,SKU0065,14,1077.0,1.0,0.29164468059424326,0.2867071573862849,22.435808642857143,34.65056491917389,0.261994833949006,-0.0017024967502321032
xgboost,STORE0004,SKU0066,14,424.0,0.9285714285714286,0.3096002665094339,0.34719865752914214,9.376465214285712,13.119908030574893,0.38240939678205416,0.11893453537735847
xgboost,STORE0004,SKU0068,14,562.0,1.0,0.37771510320284696,0.4696301597869625,15.162563428571428,19.651927417471082,0.34389614328022317,0.2579809857651245
xgboost,STORE0004,SKU0070,14,1545.0,1.0,0.25837011650485436,0.39612812794869373,28.512987857142857,37.84788830475384,0.2812174864873745,-0.02603356375404533
xgboost,STORE0004,SKU0071,14,421.0,1.0,0.25006731828978623,0.3496382719816795,7.519881499999999,9.133931120927071,0.2594539579509772,0.13324459619952495
xgboost,STORE0004,SKU0072,14,588.0,1.0,0.2777428792517006,0.2731004297023915,11.665200928571425,14.841157035438789,0.2716718328049329,-0.05690633503401362
xgboost,STORE0004,SKU0075,14,539.0,1.0,0.2666841372912802,0.41417083507900276,10.267339285714288,14.075657970150049,0.2829089491039169,-0.0414674619666048
xgboost,STORE0004,SKU0076,14,386.0,1.0,0.402899756476684,0.5401029371634616,11.10852185714286,12.593090296623258,0.40020810300873455,0.1910251813471502
xgboost,STORE0004,SKU0077,14,944.0,1.0,0.34214579449152543,1.4279996029859379,23.070402142857144,31.90676664178085,0.41257693110431415,0.14142145127118644
xgboost,STORE0004,SKU0078,14,475.0,1.0,0.1962258842105263,0.2295837529082331,6.657663928571429,8.087830992134025,0.20459381621968947,0.01524630105263158
xgboost,STORE0004,SKU0079,14,1285.0,1.0,0.22322684513618676,0.23079185183580078,20.48903542857143,26.352172138606235,0.22779235590853758,-0.0647968747081712
xgboost,STORE0004,SKU0081,14,1199.0,1.0,0.2509505638031693,0.27131816586442,21.492123285714285,27.248857589698993,0.2638759609508135,-0.12822386488740617
xgboost,STORE0004,SKU0085,14,1270.0,1.0,0.18510799291338584,0.21972427844532422,16.79193935714286,19.016651539995284,0.21402892630072065,-0.043198191338582693
xgboost,STORE0004,SKU0087,14,478.0,1.0,0.3200909539748954,0.5183915784248023,10.928819714285714,13.667701784437494,0.36564879225324437,-0.1070492970711297
xgboost,STORE0004,SKU0088,14,340.0,0.9285714285714286,0.22756349117647057,0.15673519917487969,5.526541928571428,8.174165711576752,0.28881400766090487,0.03983463235294118
xgboost,STORE0004,SKU0090,14,284.0,1.0,0.21037038028169014,0.25864559864966535,4.267513428571428,5.647501502393817,0.20851801106545226,0.13885796478873239
xgboost,STORE0004,SKU0091,14,408.0,1.0,0.2593565612745098,0.2506195957415679,7.558391214285714,8.626814352612222,0.29248799143843046,-0.23795278676470585
xgboost,STORE0004,SKU0092,14,1296.0,1.0,0.2447167515432099,0.2578966475023144,22.653779285714286,24.887984284432026,0.240235593668995,0.050075941358024706
xgboost,STORE0004,SKU0093,14,1345.0,1.0,0.2196896289962825,0.19227952847363058,21.105896499999997,27.702719551979317,0.2172387092294336,-0.17505548029739776
xgboost,STORE0004,SKU0095,14,468.0,1.0,0.28303857264957266,0.5089528838031881,9.461575142857143,12.143961024382156,0.3155263115340637,0.011427461538461529
xgboost,STORE0004,SKU0096,14,1579.0,1.0,0.1753508815706143,0.1588610403129431,19.777074428571428,28.77057702125565,0.17668596746643034,-0.14839064091196957
xgboost,STORE0004,SKU0097,14,1146.0,1.0,0.14434781239092492,0.15983269509344353,11.815899499999999,17.266981462395748,0.15351715817240488,-0.061900552356020946
xgboost,STORE0004,SKU0098,14,620.0,1.0,0.2296173967741935,0.3714520990769122,10.168770428571426,12.849937643482289,0.2648076022179327,0.02484320322580645
xgboost,STORE0004,SKU0099,14,1429.0,1.0,0.3209282932120364,0.6552713182880626,32.75760935714286,40.44214395006092,0.39066077140718264,0.13602893701889435
xgboost,STORE0004,SKU0100,14,1247.0,1.0,0.2356488708901363,0.25969822991104147,20.98958157142857,24.16388792332411,0.23093974050240998,0.07740327345629511
xgboost,STORE0004,SKU0101,14,279.0,1.0,0.23156120071684583,0.24418839043230764,4.614683928571428,5.942745542554618,0.2252969076280164,0.02015166666666667
xgboost,STORE0004,SKU0102,14,1893.0,1.0,0.2131671278394083,0.2750412207986176,28.823240928571426,38.05544785840804,0.22077951383729094,0.05419906656101425
xgboost,STORE0005,SKU0001,14,1634.0,1.0,0.24068007649938805,0.3975542567028391,28.09080321428572,37.53883120059516,0.25933290613778454,-0.020422290697674428
xgboost,STORE0005,SKU0002,14,1008.0,1.0,0.24704267261904758,0.2639330117675001,17.787072428571427,21.026920047377818,0.25243417566758636,-0.05798999801587301
xgboost,STORE0005,SKU0003,14,327.0,1.0,0.29263011620795104,0.3607215974998805,6.835003428571428,7.828664811715633,0.30282231608678645,0.05218029969418959
xgboost,STORE0005,SKU0004,14,1459.0,1.0,0.26962616244002735,0.29451842905142567,28.098897928571425,35.88423387963991,0.2690014429572173,-0.032288994516792326
xgboost,STORE0005,SKU0005,14,1269.0,1.0,0.2899691308116627,0.35760987898255003,26.283630499999997,36.32056610051324,0.2686909589880154,0.21562020094562645
xgboost,STORE0005,SKU0006,14,2295.0,1.0,0.37258629586056646,0.377033379738185,61.077539214285714,73.59429306710076,0.3879316826260257,-0.19693887102396515
xgboost,STORE0005,SKU0007,14,492.0,1.0,0.20349638008130083,0.22411194487886035,7.151444214285715,8.628649630786528,0.21809299630689072,-0.11077068902439027
xgboost,STORE0005,SKU0009,14,903.0,1.0,0.3366358205980066,0.6113760851653404,21.71301042857143,29.025238174231202,0.36582935348821055,-0.05661608416389812
xgboost,STORE0005,SKU0010,14,531.0,1.0,0.2988973220338983,1.0804522834146533,11.336748428571427,13.962974491767135,0.3640725852367138,0.05802239924670432
xgboost,STORE0005,SKU0011,14,366.0,1.0,0.2151043989071038,0.2325362824126418,5.623443571428571,6.620661987370717,0.23537338655935944,-0.10854837158469943
xgboost,STORE0005,SKU0012,14,1056.0,1.0,0.17896797821969695,0.27913554552669834,13.499298928571429,16.20561829310299,0.21677387295161485,0.03394242897727271
xgboost,STORE0005,SKU0013,14,1453.0,1.0,0.5359113647625602,2.3247890257261026,55.619943785714284,78.06562314206766,0.5177289282173462,0.3164061865106676
xgboost,STORE0005,SKU0014,14,832.0,1.0,0.1782843990384615,0.19984437374472425,10.59518714285714,12.681392861408948,0.18163691984257238,0.03903404086538463
xgboost,STORE0005,SKU0015,14,198.0,1.0,0.33194218434343425,0.3595851848846036,4.694610892857142,5.57390611656008,0.3620690684273139,-0.23093794191919192
xgboost,STORE0005,SKU0016,14,417.0,1.0,0.3672479832134292,0.5008573572304772,10.9387435,13.433451174494733,0.38105695384753446,-0.008970026378896878
xgboost,STORE0005,SKU0018,14,1259.0,1.0,0.2519202652899126,0.40811823202571434,22.65482957142857,27.53375034622759,0.2802610480899581,0.0035549054805401044
xgboost,STORE0005,SKU0019,14,248.0,1.0,0.3845843306451613,0.9901957048388781,6.8126367142857145,9.762575510922646,0.4103471047266023,0.21248917741935483
xgboost,STORE0005,SKU0020,14,625.0,1.0,0.44784996,0.7057643622014168,19.993301785714287,24.754716204982298,0.4186293840901016,0.3711470576
xgboost,STORE0005,SKU0021,14,911.0,1.0,0.19611770581778265,0.19771591178945,12.761659285714286,15.225720850132939,0.2002655699201699,-0.050436496158068056
xgboost,STORE0005,SKU0022,14,1380.0,1.0,0.2962486413043478,0.5465700628055539,29.201651785714287,36.31545773128215,0.31825458507709736,0.0889576268115942
xgboost,STORE0005,SKU0023,14,1133.0,1.0,0.3608833539276258,0.5533317825386874,29.205774285714288,34.888755247055244,0.374902724814187,0.11792930273609888
xgboost,STORE0005,SKU0026,14,1544.0,1.0,0.31133037176165795,0.3878435782988956,34.33529242857142,38.79133168377973,0.32154493670591455,0.014247167098445585
xgboost,STORE0005,SKU0027,14,2564.0,1.0,0.21993365054602182,0.2197880310282456,40.27927714285714,53.179143370167225,0.219828347747941,-0.10768028081123247
xgboost,STORE0005,SKU0028,14,2042.0,1.0,0.31667185847208623,0.6144391782384976,46.1888525,55.29715585967531,0.3586117190782225,-0.0723490572967679
xgboost,STORE0005,SKU0031,14,1061.0,1.0,0.24934294439208293,0.2689715916093644,18.896633142857144,22.94549609428901,0.2499602263115132,-0.009562339302544758
xgboost,STORE0005,SKU0033,14,1527.0,1.0,0.23371818533071378,0.2609827131133022,25.491976357142853,30.408989647559267,0.23330169424349448,0.03946865029469549
xgboost,STORE0005,SKU0034,14,2695.0,1.0,0.30236074211502784,0.3765239925760885,58.20444285714286,66.7011678188371,0.3428425118237651,-0.09109119109461965
xgboost,STORE0005,SKU0035,14,2860.0,1.0,0.2642654125874126,0.3014481064305753,53.98564857142857,72.43902077764294,0.2818195425138857,-0.09402537762237764
xgboost,STORE0005,SKU0036,14,706.0,1.0,0.2167672053824363,0.3362337640982703,10.931260500000002,14.579126001335844,0.235700970893114,0.17360129886685557
xgboost,STORE0005,SKU0038,14,1625.0,1.0,0.32248722153846154,0.4647665904230075,37.4315525,44.15007937321414,0.35831650809569887,-0.06818679076923077
xgboost,STORE0005,SKU0039,14,295.0,1.0,0.20078791525423725,0.23595810856418378,4.230888214285714,5.030248079165743,0.2095589194611523,0.0016493796610169641
xgboost,STORE0005,SKU0040,14,431.0,1.0,0.2080703364269141,0.29487542045136733,6.405593928571427,8.249086574346922,0.22610093910377463,0.10831364965197215
xgboost,STORE0005,SKU0041,14,1350.0,1.0,0.3565534607407408,0.6009776727688168,34.38194085714286,47.9656378134148,0.3381572164977537,0.17617491851851852
xgboost,STORE0005,SKU0043,14,925.0,1.0,0.21092486702702704,0.23431975791014434,13.936107285714286,17.396908421909544,0.22222729824430792,-0.04536527135135137
xgboost,STORE0005,SKU0045,14,985.0,1.0,0.48539195329949236,0.7695012662081758,34.150791,42.14483291771748,0.4418458853362142,0.36236143553299494
xgboost,STORE0005,SKU0048,14,1173.0,1.0,0.21991016453537934,0.2784796387984477,18.42533021428571,21.614022631781793,0.23577633314305868,0.049315341005967635
xgboost,STORE0005,SKU0049,14,789.0,1.0,0.29685602534854244,0.8032329060159648,16.729957428571428,20.51804911634407,0.3625097647034429,-0.15402403295310518
xgboost,STORE0005,SKU0050,14,257.0,1.0,0.1911135525291829,0.23347314107061048,3.508298785714286,4.242009169442361,0.2027595363809543,0.004255840466926061
xgboost,STORE0005,SKU0051,14,1281.0,1.0,0.22158659172521467,0.2134699839568665,20.275173142857142,23.55137488329888,0.23246391354323678,-0.17279084777517564
xgboost,STORE0005,SKU0052,14,866.0,1.0,0.24787926327944576,0.3355988593090231,15.333103000000003,19.84633457951732,0.2607229310365585,-0.01620977367205542
xgboost,STORE0005,SKU0053,14,455.0,0.9285714285714286,0.3071498043956044,0.24536264045023268,9.982368642857143,13.143573080535596,0.3616999112123399,0.014010274725274732
xgboost,STORE0005,SKU0054,14,1421.0,1.0,0.3267503420126671,8.11108509579144,33.165159714285714,45.60809995651887,0.3694296956529372,0.05663367769176632
xgboost,STORE0005,SKU0055,14,213.0,1.0,0.31114196009389666,1.1928146909071558,4.733802678571428,6.169712139299399,0.36197285929981404,-0.00796346244131456
xgboost,STORE0005,SKU0056,14,455.0,1.0,0.27407255604395603,0.3090813839406672,8.907358071428572,11.934171121215293,0.2934662034851021,-0.16458289890109892
xgboost,STORE0005,SKU0057,14,1247.0,1.0,0.2793864506816359,0.40797586983865175,24.885350285714285,31.153404154008133,0.287934739380656,0.1058747105052125
xgboost,STORE0005,SKU0058,14,1467.0,1.0,0.25738977096114524,0.28629332220908627,26.970771000000006,30.572873745886657,0.27029326468495035,-0.06510272256305387
xgboost,STORE0005,SKU0060,14,923.0,1.0,0.37570673347778977,0.4760565737433739,24.76980821428571,29.41070363121259,0.3849868758846121,0.03303044312026003
xgboost,STORE0005,SKU0062,14,300.0,1.0,0.19733766333333327,0.2024351824424319,4.228664214285713,5.6964597672106265,0.20831696923941292,-0.1317862033333333
xgboost,STORE0005,SKU0063,14,922.0,1.0,0.22696476572668117,2.1092440697167354,14.947251000000003,20.313370656213355,0.2897214607288663,0.03153069197396965
xgboost,STORE0005,SKU0064,14,1440.0,1.0,0.17466090902777778,0.19258826910283114,17.96512207142857,24.370340755020784,0.1800421305380485,-0.03690264513888888
xgboost,STORE0005,SKU0066,14,408.0,1.0,0.2414892034313726,0.47507081086906106,7.037685357142858,9.15564901353446,0.2762768009308207,0.093067375
xgboost,STORE0005,SKU0067,14,633.0,1.0,0.2500279494470774,1.0751969635873502,11.304835142857142,15.661281688247403,0.2981957819220226,-0.031232417061611416
xgboost,STORE0005,SKU0068,14,689.0,1.0,0.19386739477503628,0.19702042920774263,9.541045357142858,11.433688081785077,0.19384824533597356,-0.012433046444121887
xgboost,STORE0005,SKU0070,14,1516.0,1.0,0.3387000422163588,3.159117509354886,36.676376,47.484257576747545,0.45179764410459644,-0.02196651319261214
xgboost,STORE0005,SKU0071,14,460.0,1.0,0.22318668695652175,0.3793808897461281,7.333276857142857,9.738133867483734,0.2487775245455133,0.013848834782608677
xgboost,STORE0005,SKU0072,14,626.0,1.0,0.23911675239616617,0.22902481131980856,10.691934785714286,13.038108029265873,0.24786717878701472,-0.14326439456869008
xgboost,STORE0005,SKU0073,14,127.0,0.9285714285714286,0.4179645078740158,0.44419663143800636,3.791535178571429,4.961422672028372,0.4481920088509577,0.23042094881889763
xgboost,STORE0005,SKU0074,14,1170.0,1.0,0.27838894871794867,0.3202220015723633,23.26536214285714,28.123736284471203,0.28144907790994506,-0.02227832478632479
xgboost,STORE0005,SKU0075,14,553.0,0.9285714285714286,0.3893848065099458,0.35388110810775897,15.380699857142858,18.1294110737324,0.4700003602894252,-0.10387016636528029
xgboost,STORE0005,SKU0076,14,437.0,1.0,0.2506793455377575,0.32332043021838913,7.824776714285717,9.426176888765971,0.26819585861674083,-0.005918462242562954
xgboost,STORE0005,SKU0077,14,853.0,1.0,0.2847878874560375,0.691851890930639,17.351719142857142,22.005231700592255,0.33807684635023616,0.16410641031652992
xgboost,STORE0005,SKU0079,14,1154.0,1.0,0.2332871429809359,1.471113953227092,19.22952592857143,28.73817690646887,0.28175247404669673,0.011724666377816304
xgboost,STORE0005,SKU0080,14,1197.0,1.0,0.32120620217209694,0.5146245895581323,27.46313028571429,33.96562128406211,0.3638548210567322,-0.0683468036758563
xgboost,STORE0005,SKU0081,14,1122.0,1.0,0.24656072994652403,0.25348830498489117,19.760081357142855,26.4479838967746,0.24705806714805653,-0.07953860873440285
xgboost,STORE0005,SKU0082,14,911.0,1.0,0.3237222557628979,0.39093476161453455,21.065069642857143,24.3472151782716,0.3240356635935706,0.0980686663007684
xgboost,STORE0005,SKU0083,14,1247.0,1.0,0.27506044426623905,0.33464504465948214,24.50002671428572,29.338153833710518,0.28165091653310476,0.0747633953488372
xgboost,STORE0005,SKU0084,14,296.0,1.0,0.40481275000000005,1.1225788692792626,8.558898142857144,11.153994279001498,0.4480382689699915,0.24337919594594598
xgboost,STORE0005,SKU0085,14,1371.0,1.0,0.30082521371261856,0.6376903633629387,29.45938342857143,39.025204824663206,0.32658122457518396,0.021368280087527364
xgboost,STORE0005,SKU0086,14,135.0,0.9285714285714286,0.43635804444444437,0.4444790157356532,4.207738285714285,6.341676612436998,0.42544144976693704,0.37528291851851847
xgboost,STORE0005,SKU0087,14,436.0,1.0,0.2748618600917431,0.3652880647071984,8.559983642857143,9.69933760798347,0.2966937147694246,0.041580061926605516
xgboost,STORE0005,SKU0088,14,353.0,1.0,0.2839201331444759,0.557924716649432,7.158843357142857,9.25679902532957,0.31865300912190847,0.06262503399433429
xgboost,STORE0005,SKU0089,14,749.0,1.0,0.262641388518024,0.30049672038230474,14.051314285714284,17.01624687693437,0.27451743723398075,-0.045389871829105484
xgboost,STORE0005,SKU0091,14,329.0,1.0,0.1555798389057751,0.1503509690062921,3.6561262142857145,4.260546153651339,0.16280651741626104,-0.0788134255319149
xgboost,STORE0005,SKU0094,14,1048.0,1.0,0.2132787671755725,0.25323261679824094,15.965439142857141,20.846901053281933,0.23097275348580742,-0.0752767633587786
xgboost,STORE0005,SKU0095,14,571.0,1.0,0.2806599527145359,0.24951444106700865,11.446916642857143,15.292742615649088,0.2907826149049547,-0.24115358493870404
xgboost,STORE0005,SKU0096,14,1530.0,1.0,0.21761718039215683,0.270356009202709,23.782448999999996,27.97815310245139,0.2386880867195214,-0.06139410196078432
xgboost,STORE0005,SKU0098,14,711.0,1.0,0.16690174542897326,0.19650222593632752,8.476224357142856,12.260082686928273,0.1763070189152524,0.014499691983122362
xgboost,STORE0005,SKU0100,14,1179.0,1.0,0.3147707845631891,0.39016522167107043,26.508196785714283,31.93031075273214,0.31014863950764754,0.1239077905004241
xgboost,STORE0005,SKU0101,14,261.0,1.0,0.33509207279693487,0.9971239108814759,6.247073642857143,8.628807778018388,0.4250174724082748,-0.03149516858237549
xgboost,STORE0005,SKU0102,14,2057.0,1.0,0.19783751531356344,0.22066129595855166,29.0679835,34.80067779400207,0.22110598251717503,-0.0807231837627613
xgboost,STORE0006,SKU0001,14,1469.0,1.0,0.29064703744043563,0.36609390736387615,30.497178428571424,36.79915036519693,0.2923915045169312,0.11771294077603812
xgboost,STORE0006,SKU0003,14,297.0,1.0,0.3054840774410774,0.5512556934830386,6.4806265,8.445557078639553,0.32832789593211,0.1437735117845118
xgboost,STORE0006,SKU0004,14,1365.0,1.0,0.26596156849816854,0.38211263881516694,25.931252928571432,33.77541105092565,0.2878142096225477,0.0027714498168497953
xgboost,STORE0006,SKU0005,14,1530.0,1.0,0.2044291130718954,0.2589640983622918,22.34118164285714,27.636631920334096,0.23411859385672623,-0.0586363091503268
xgboost,STORE0006,SKU0006,14,1978.0,1.0,0.2829913599595551,1.3491980492201285,39.982636428571425,49.955469196244614,0.35161143484365365,-0.10161314560161779
xgboost,STORE0006,SKU0007,14,453.0,1.0,0.21831354525386315,0.2986291539364559,7.064002571428572,9.071841190024587,0.23668794875218208,-0.05226199116997792
xgboost,STORE0006,SKU0008,14,381.0,1.0,0.2539281784776903,0.3722435409698082,6.910474,8.189137352313098,0.2838226033327979,-0.06798193175853018
xgboost,STORE0006,SKU0009,14,920.0,1.0,0.17872738478260866,0.19678404238090713,11.744942428571425,16.78794280892412,0.18585356249260784,-0.07461610652173913
xgboost,STORE0006,SKU0010,14,576.0,1.0,0.26702669444444443,0.48790924675358066,10.986241142857143,15.8625821735584,0.2854609033392261,-0.04063496527777777
xgboost,STORE0006,SKU0011,14,360.0,1.0,0.283183275,0.3428856446412993,7.281855642857144,9.074301807037816,0.29346783951299166,-0.09185433055555556
xgboost,STORE0006,SKU0012,14,852.0,1.0,0.42872479929577473,1.0324774726899535,26.09096635714286,29.574881360178825,0.4686418403776508,0.3514282640845071
xgboost,STORE0006,SKU0013,14,1958.0,1.0,0.1805432763023494,0.16697597115641746,25.250266785714295,33.75095848583125,0.1699887113724496,-0.025533260980592432
xgboost,STORE0006,SKU0017,14,1393.0,1.0,0.40084867480258435,1.6622367772792883,39.884443142857144,49.55597404035952,0.4520788003264387,0.1485033854989232
xgboost,STORE0006,SKU0018,14,1342.0,1.0,0.2446006810730253,0.2781271688631481,23.446722428571427,29.330116034105767,0.24677066310495252,-0.011702886736214597
xgboost,STORE0006,SKU0019,14,307.0,1.0,0.2642271824104235,0.45410747307444577,5.794124642857143,8.170316823241535,0.2954948937522813,-0.038840074918566794
xgboost,STORE0006,SKU0020,14,812.0,1.0,0.24589754556650248,0.31684053950845054,14.262057642857144,16.582930741220036,0.26569171339537373,-0.01719534852216747
xgboost,STORE0006,SKU0021,14,755.0,1.0,0.24256734834437083,0.3098989195513123,13.08131057142857,16.136872812175135,0.24527127742414914,0.1391509377483444
xgboost,STORE0006,SKU0022,14,1508.0,1.0,0.25140847281167117,0.5825040234116468,27.080284071428576,36.43606520914089,0.287539092017563,-0.06647907493368702
xgboost,STORE0006,SKU0023,14,1272.0,1.0,0.28255643081761,0.5328578073579328,25.672269999999994,32.38288065774179,0.33089076914773247,0.002438317610062882
xgboost,STORE0006,SKU0025,14,499.0,1.0,0.25127962725450903,1.6213934918198494,8.956323857142857,13.875006562429066,0.3032359174077615,0.05433001202404811
xgboost,STORE0006,SKU0026,14,1829.0,1.0,0.23491333078184792,0.23296863824152098,30.689748714285706,38.77387456350441,0.24582957078713957,-0.1614654620010935
xgboost,STORE0006,SKU0028,14,1773.0,1.0,0.2674100513254371,0.5322664267986468,33.865572928571424,45.165619955521294,0.3185353828066345,0.046922786802030436
xgboost,STORE0006,SKU0029,14,550.0,1.0,0.21469119090909095,0.23904970295277467,8.434296785714286,9.433360826448823,0.2232894971295533,-0.0024676309090909208
xgboost,STORE0006,SKU0030,14,772.0,1.0,0.24145946761658035,0.26511670652946695,13.314764928571432,15.965594539938895,0.2371578544914599,0.0667007914507772
xgboost,STORE0006,SKU0031,14,943.0,1.0,0.3501605747613999,0.4991228262385002,23.585815857142865,28.826870835162392,0.35381205161272755,0.15441423117709438
xgboost,STORE0006,SKU0032,14,1432.0,1.0,0.184325157122905,0.17482473812079125,18.853830357142858,24.602730647323085,0.19283541733064766,-0.1338033973463687
xgboost,STORE0006,SKU0033,14,1674.0,1.0,0.37260993787335717,0.648143702712057,44.55350257142857,55.64838296888574,0.40045026229135,0.006625684587813622
xgboost,STORE0006,SKU0034,14,2432.0,1.0,0.416817775493421,0.9093640047939818,72.40720214285714,93.66213512791103,0.43186210067403125,0.05334719983552629
xgboost,STORE0006,SKU0035,14,3647.0,1.0,0.36229313956676723,0.32279500958995716,94.37736285714287,117.73560897043608,0.3983021790548399,-0.31686711269536605
xgboost,STORE0006,SKU0036,14,661.0,1.0,0.27090640090771556,0.6570110520340943,12.790652214285714,16.18973355695635,0.30177643169000895,0.16350218910741302
xgboost,STORE0006,SKU0037,14,1684.0,1.0,0.2902204994061758,0.38351980908815214,34.90938007142857,40.379411131015644,0.31363388174009177,-0.016111847387173413
xgboost,STORE0006,SKU0038,14,1642.0,1.0,0.33480707856272834,0.43348323898870034,39.26808735714285,44.69143528039701,0.35678970243583036,-0.04320412728380025
xgboost,STORE0006,SKU0039,14,251.0,1.0,0.3222555378486056,0.9921477185950361,5.7775814285714295,7.510741694182844,0.35888195868025263,0.09660012749003982
xgboost,STORE0006,SKU0040,14,537.0,1.0,0.25173835381750465,0.3126587196648118,9.655963999999999,12.926949997874754,0.2658844784737072,-0.08815684543761636
xgboost,STORE0006,SKU0041,14,1818.0,1.0,0.1723302887788779,0.1701084452094342,22.378318928571428,28.577482281809555,0.17720118920661784,-0.10458378712871289
xgboost,STORE0006,SKU0042,14,248.0,1.0,0.2693315685483871,1.53534727337458,4.771016357142857,6.903191527216301,0.31358730589318995,0.0029601895161290356
xgboost,STORE0006,SKU0044,14,1507.0,1.0,0.26596770338420705,0.2544167745404258,28.6295235,39.11131349762031,0.26288026384101715,-0.11390434041141341
xgboost,STORE0006,SKU0045,14,1420.0,1.0,0.19120738450704225,0.1940272242368509,19.393891857142854,25.519831843747042,0.1959015770535731,-0.08898222112676059
xgboost,STORE0006,SKU0046,14,1571.0,1.0,0.39354791788669635,0.6495303017286131,44.1616985,56.49870881793635,0.41119531214822774,0.0616108332272438
xgboost,STORE0006,SKU0047,14,1285.0,1.0,0.22431133852140087,0.2656329872327573,20.588576428571436,26.543076392121815,0.23287294785205684,0.03301088093385215
xgboost,STORE0006,SKU0048,14,1136.0,1.0,0.3552532253521127,0.5198314430040879,28.826261714285714,32.78874791001151,0.3711590368550678,0.11605813028169015
xgboost,STORE0006,SKU0050,14,250.0,1.0,0.22737840000000004,0.2434719189675377,4.060328571428572,4.700816315869177,0.2227662681768093,0.049183255999999974
xgboost,STORE0006,SKU0052,14,965.0,1.0,0.19666092849740935,0.19676461478864274,13.555556857142859,17.689395220182504,0.19664227964522252,-0.08144826321243522
xgboost,STORE0006,SKU0053,14,441.0,1.0,0.3678370136054422,0.5637825105518887,11.586865928571429,14.663605914785949,0.3942434347921972,-0.01878187528344674
xgboost,STORE0006,SKU0054,14,1880.0,1.0,0.2663837765957447,0.26223388369378936,35.77153571428571,45.04119459268618,0.2867183469020733,-0.21739397340425531
xgboost,STORE0006,SKU0055,14,230.0,1.0,0.2964841891304348,0.4205725715597187,4.870811678571428,6.622431752210201,0.3190964323958921,-0.014621176086956544
xgboost,STORE0006,SKU0056,14,379.0,1.0,0.35921691820580476,1.2587870297209842,9.724515142857143,13.922694148896587,0.4135052274581855,0.011290369393139855
xgboost,STORE0006,SKU0057,14,1481.0,1.0,0.33167249223497636,0.3495554420804532,35.0862115,42.980077630519126,0.35280044573698915,-0.18751118771100608
xgboost,STORE0006,SKU0058,14,1505.0,0.9285714285714286,0.3512775342192691,0.35712081686868985,37.76233492857143,49.293560463558606,0.4278652498204139,-0.08097196744186047
xgboost,STORE0006,SKU0060,14,986.0,1.0,0.15744725050709935,0.15299745296383507,11.088784928571426,13.333987357091111,0.16018425593296842,-0.07832202941176471
xgboost,STORE0006,SKU0063,14,749.0,1.0,0.49191533511348456,0.8845125824720519,26.317470428571426,34.89285280047581,0.4530110005122193,0.2216968090787717
xgboost,STORE0006,SKU0064,14,1484.0,1.0,0.13483507749326143,0.13300125960874537,14.292518214285712,17.90890838729704,0.13202584965652173,-0.013730225741239879
xgboost,STORE0006,SKU0065,14,954.0,1.0,0.2671423071278826,0.2961003350363625,18.20384007142857,25.166531298177315,0.24912192135537367,0.11504355450733751
xgboost,STORE0006,SKU0066,14,537.0,1.0,0.297316644320298,0.30460094393974535,11.404217000000001,14.017069541229192,0.31253691737231243,-0.16119792178770947
xgboost,STORE0006,SKU0067,14,557.0,1.0,0.16297508617594253,0.18876992509439772,6.484080214285713,8.4096448701905,0.1680861661391883,0.028709337522441654
xgboost,STORE0006,SKU0069,14,1386.0,1.0,0.34688576839826835,0.6045006407699721,34.34169107142856,40.88631648198041,0.3935393379825573,0.13724869047619045
xgboost,STORE0006,SKU0070,14,1667.0,1.0,0.26901505938812237,0.29179596152307036,32.032007428571426,35.24024401876397,0.2910169904080723,-0.1312673689262148
xgboost,STORE0006,SKU0071,14,423.0,1.0,0.36609940898345156,0.5415093408069197,11.061432142857143,12.938223037139545,0.3700152119013264,0.16209016548463356
xgboost,STORE0006,SKU0072,14,483.0,1.0,0.26265168944099376,0.4447811601314596,9.061483285714285,12.462652351285648,0.28528832381102803,0.12939553623188407
xgboost,STORE0006,SKU0073,14,173.0,1.0,0.19246130057803468,0.18646641658931637,2.378271785714286,2.8417102398395455,0.1954524100494544,-0.09016570520231214
xgboost,STORE0006,SKU0075,14,592.0,1.0,0.2385787601351351,0.24670251027745257,10.088473285714285,11.39489425418822,0.25016696939927835,-0.1207335878378378
xgboost,STORE0006,SKU0076,14,378.0,1.0,0.3336851349206349,0.5956409026045234,9.009498642857142,11.883179627695602,0.3475128166880674,0.18329676984126986
xgboost,STORE0006,SKU0077,14,1121.0,1.0,0.2207292542372882,0.24809135940522054,17.67410671428572,22.27157229418757,0.2287530696746133,-0.02960872792149866
xgboost,STORE0006,SKU0081,14,946.0,1.0,0.4086685570824524,0.583239622946153,27.614318214285714,33.177523345601834,0.41856259993379547,0.06460210042283296
xgboost,STORE0006,SKU0084,14,437.0,1.0,0.17486112128146453,0.168036981664098,5.458165,7.139921779591806,0.17274798444499023,-0.061296576659038926
xgboost,STORE0006,SKU0085,14,1393.0,1.0,0.24009824838478105,0.6805351748811769,23.889775714285715,31.630534252202708,0.3149256393459954,-0.0942214486719311
xgboost,STORE0006,SKU0087,14,391.0,1.0,0.21165622250639388,0.34644022451986445,5.911255928571429,8.546624077226822,0.22639409703633487,0.07169671867007675
xgboost,STORE0006,SKU0088,14,402.0,1.0,0.3414541194029851,0.35891791433824916,9.804611142857143,11.903970028348903,0.36100499394516367,-0.19383377114427858
xgboost,STORE0006,SKU0090,14,298.0,1.0,0.252521067114094,0.3220934947154493,5.375091285714286,7.366114408950712,0.2671585297943808,-0.05293616107382549
xgboost,STORE0006,SKU0091,14,294.0,1.0,0.3736506870748299,0.5158262441673537,7.846664428571428,10.325854508053848,0.3732756106409654,0.03281476190476194
xgboost,STORE0006,SKU0092,14,1299.0,0.9285714285714286,0.21084825558121634,0.14998428798719549,19.563706,31.790150559524292,0.2705693212743934,0.055344438799076204
xgboost,STORE0006,SKU0094,14,987.0,1.0,0.31112234042553183,0.7495380471483634,21.934124999999995,28.08657423539479,0.3509473419441783,-0.02680776899696049
xgboost,STORE0006,SKU0095,14,373.0,1.0,0.490601836461126,1.3069184338535338,13.071034642857143,15.469302746616913,0.5041803486350168,0.27110468364611257
xgboost,STORE0006,SKU0096,14,1601.0,1.0,0.27426152404747034,0.34587976509578977,31.36376428571429,34.811149222077354,0.3050918204121797,-0.1232590256089944
xgboost,STORE0006,SKU0097,14,1148.0,0.9285714285714286,0.2825523292682927,0.22317625996004622,23.169291000000005,30.768630748228155,0.3525780048034869,-0.02310703310104529
xgboost,STORE0006,SKU0098,14,581.0,1.0,0.3828751979345955,1.1923379677814918,15.889320714285715,20.072880251169693,0.4438346587709527,0.12977213425129086
xgboost,STORE0006,SKU0099,14,1474.0,1.0,0.28681817706919943,1.2755117751770453,30.197856642857143,42.73509119759878,0.3284900746234463,0.07555585006784259
xgboost,STORE0006,SKU0100,14,1293.0,1.0,0.1909072946635731,0.21565809342997544,17.631652285714285,22.739937243546496,0.18720192004010786,0.06424864655839134
xgboost,STORE0006,SKU0101,14,272.0,1.0,0.2409616948529412,0.3917283404373073,4.681541500000001,5.97251374908451,0.2770153131170731,0.011298430147058832
xgboost,STORE0006,SKU0102,14,1498.0,1.0,0.34479306141522026,0.5337711361013099,36.89285757142857,44.46108142556987,0.34449204055482074,0.23718863417890523
xgboost,STORE0007,SKU0001,14,1190.0,1.0,0.2119826974789916,0.44098909295702793,18.018529285714287,23.453607486228606,0.25374627290608825,-0.038015672268907556
xgboost,STORE0007,SKU0002,14,756.0,1.0,0.16611902116402116,0.17691406855958022,8.970427142857144,10.06361937283105,0.17217060614008942,-0.044874320105820105
xgboost,STORE0007,SKU0003,14,248.0,0.9285714285714286,0.25884467338709677,0.17316631181911338,4.5852485,6.457660653899572,0.315672409743872,-0.052211649193548385
xgboost,STORE0007,SKU0004,14,991.0,1.0,0.17226610696266398,0.22877725819500974,12.193979428571428,16.32031570590117,0.18934140082338333,0.024273317860746716
xgboost,STORE0007,SKU0006,14,1090.0,1.0,0.30977796880733943,0.36774817645055163,24.118427571428573,27.897968222799978,0.2981567902255796,0.22239525321100917
xgboost,STORE0007,SKU0008,14,282.0,1.0,0.2575156808510638,0.430096213059011,5.18710157142857,6.097942108335156,0.29644540088405413,-0.08716074468085105
xgboost,STORE0007,SKU0009,14,700.0,1.0,0.2999670771428571,0.31452666743248353,14.998353857142856,17.456368344570514,0.31074741025765956,-0.09916765428571425
xgboost,STORE0007,SKU0011,14,253.0,1.0,0.1989760533596838,0.2083231239039374,3.5957815357142855,4.0264714191827995,0.2108632361559755,-0.07067694268774703
xgboost,STORE0007,SKU0012,14,644.0,1.0,0.32875984316770185,0.4787071842279776,15.122952785714286,18.651978704685085,0.3429665870660003,0.17341302950310555
xgboost,STORE0007,SKU0013,14,1056.0,1.0,0.3080223986742424,0.43783919752917805,23.2336895,34.97536559601928,0.2707514432166365,0.20303520549242424
xgboost,STORE0007,SKU0015,14,121.0,1.0,0.2543114743801653,0.7444531066195709,2.197977742857143,2.972210746933099,0.29001304436896236,-0.0025732198347107388
xgboost,STORE0007,SKU0016,14,360.0,0.9285714285714286,0.34859331944444444,0.2540489670017621,8.963828214285714,14.041752153315041,0.408568367705387,-0.18823191944444448
xgboost,STORE0007,SKU0018,14,935.0,1.0,0.3291735411764705,0.41317927656270814,21.984090071428568,24.855920308026967,0.3461229011600088,-0.0136065272727273
xgboost,STORE0007,SKU0020,14,561.0,1.0,0.2513394171122995,0.28285484484236134,10.0715295,13.238275426133495,0.26018483685708305,-0.07451020855614975
xgboost,STORE0007,SKU0022,14,1142.0,1.0,0.2844665402802102,0.2788172447753297,23.204342071428574,29.024677244703224,0.28092237196125486,-0.08449316199649738
xgboost,STORE0007,SKU0023,14,1017.0,1.0,0.188501139626352,0.1715378787657888,13.693261357142857,18.445125973716795,0.18859369473247972,-0.1395942605703048
xgboost,STORE0007,SKU0024,14,611.0,1.0,0.26223974795417343,0.3333250882635891,11.444891857142855,13.977752153354656,0.26710456383674985,0.061285895253682485
xgboost,STORE0007,SKU0025,14,380.0,1.0,0.20909804999999998,0.2070481426375715,5.6755185,6.985869317786201,0.2146033474220305,-0.11325198157894736
xgboost,STORE0007,SKU0026,14,1113.0,1.0,0.2324635265049416,0.2908810434245244,18.480850357142856,24.596478326530917,0.2492421626293966,-0.006986931716082671
xgboost,STORE0007,SKU0027,14,1769.0,1.0,0.41547495251554556,1.4070931798785928,52.49822792857144,63.41153471380047,0.4746098646329255,-0.08034088694177503
xgboost,STORE0007,SKU0028,14,1380.0,1.0,0.26959545724637685,0.3963870945153426,26.57440935714286,34.395886570283,0.29542333360786305,-0.04103607173913043
xgboost,STORE0007,SKU0029,14,356.0,1.0,0.2764099887640449,0.4263069061750658,7.028711142857142,8.379197278255067,0.3073396449787432,0.11852153370786515
xgboost,STORE0007,SKU0030,14,538.0,1.0,0.25238404460966546,0.28270893507865846,9.698758285714288,11.092258458466626,0.24270817733173464,0.16054704832713754
xgboost,STORE0007,SKU0031,14,763.0,1.0,0.2503800602883355,0.3218967319075662,13.645713285714283,16.204255457341027,0.2742507015697332,-0.015445386631716906
xgboost,STORE0007,SKU0032,14,940.0,1.0,0.20794334680851062,0.1794024763275383,13.961910428571427,26.67192175431534,0.17626871750326273,-0.07519397446808512
xgboost,STORE0007,SKU0034,14,1854.0,1.0,0.35285848489751886,0.4577989413995948,46.72854507142857,59.42667835060987,0.3444561970387071,0.07201737378640778
xgboost,STORE0007,SKU0035,14,2441.0,1.0,0.2611832122081114,0.2368254542727415,45.539158642857146,57.301621362723616,0.2807633350995517,-0.23169561696026217
xgboost,STORE0007,SKU0036,14,496.0,1.0,0.3852716370967742,0.8482284464116508,13.649623714285713,16.098364419239996,0.4390265984702341,0.07968862096774193
xgboost,STORE0007,SKU0037,14,1408.0,1.0,0.29939363636363636,0.29285861118099404,30.110445714285714,35.07562499228281,0.32547881298481834,-0.23193130113636362
xgboost,STORE0007,SKU0038,14,1185.0,1.0,0.27337553502109707,0.3434981550044206,23.139286357142858,28.32207613759235,0.29239741553092913,-0.08421278565400843
xgboost,STORE0007,SKU0039,14,183.0,1.0,0.39174308469945357,1.43249914108872,5.12064175,6.049825559307198,0.4745999713184298,0.011641292349726783
xgboost,STORE0007,SKU0040,14,332.0,1.0,0.23753182831325304,0.2907731641097535,5.632897642857143,6.444058442913735,0.24771972431427766,0.0870629668674699
xgboost,STORE0007,SKU0043,14,512.0,1.0,0.4448024140625,0.8197554835451644,16.267059714285715,22.772566124349375,0.4122022542988102,0.323182125
xgboost,STORE0007,SKU0044,14,1071.0,1.0,0.23561627077497668,0.29958656135644013,18.024644714285717,21.69940236337945,0.25985471379338204,-0.06377181699346404
xgboost,STORE0007,SKU0045,14,912.0,1.0,0.1942806425438596,0.27343629191758134,12.65599614285714,15.779896644926888,0.21844450643164035,0.04926241666666666
xgboost,STORE0007,SKU0046,14,1422.0,1.0,0.25909352390998597,0.24052048142021581,26.316499357142863,34.19307893453368,0.2555435416527802,-0.14134410618846696
xgboost,STORE0007,SKU0047,14,1027.0,1.0,0.23761743232716653,0.30973618852194307,17.430935928571433,21.675618612683802,0.2630912591233759,-0.10154197955209346
xgboost,STORE0007,SKU0048,14,761.0,1.0,0.37215416425755576,0.7976938745081411,20.229237071428567,24.39310068656308,0.40045536523250325,0.14499487910643888
xgboost,STORE0007,SKU0049,14,502.0,1.0,0.43609175896414343,0.595986684396291,15.6370045,16.886644377008633,0.43363676743232027,0.17503143625498008
xgboost,STORE0007,SKU0050,14,161.0,1.0,0.33202502484472046,0.441842433145939,3.8182877857142854,4.408313730417537,0.3267188327566518,0.15817442857142855
xgboost,STORE0007,SKU0053,14,352.0,1.0,0.3839060113636364,1.3714905832453907,9.652494,12.22639060071311,0.452904792464902,-0.036819585227272716
xgboost,STORE0007,SKU0055,14,138.0,1.0,0.3565966123188406,0.6535869615759242,3.51502375,4.394794911609718,0.38792508270376747,0.09316246014492754
xgboost,STORE0007,SKU0056,14,279.0,1.0,0.27126539426523294,0.530833160917966,5.4059317857142855,6.995106811596206,0.33055060414179754,0.04633889247311824
xgboost,STORE0007,SKU0058,14,1027.0,1.0,0.27506032229795524,0.3036193837407617,20.17763935714286,25.03479304918905,0.2758360870766267,0.001728647517039941
xgboost,STORE0007,SKU0059,14,282.0,1.0,0.2293872269503546,0.22333484255944944,4.620514142857142,5.9442967585739215,0.22868810132021303,-0.06788772340425535
xgboost,STORE0007,SKU0060,14,758.0,1.0,0.2053735857519789,0.2574683134814827,11.119512714285715,13.46405087769181,0.22514643258856942,-0.09412140897097625
xgboost,STORE0007,SKU0061,14,794.0,1.0,0.38416204534005044,0.9123292273632219,21.787476,28.473665271644702,0.41767542101521693,0.28017127455919394
xgboost,STORE0007,SKU0062,14,196.0,1.0,0.16724302040816327,0.1926652434150933,2.3414022857142855,3.1449877899130683,0.17363467058973223,-0.0033193367346938743
xgboost,STORE0007,SKU0063,14,671.0,1.0,0.2349691043219076,0.27433880349341794,11.2617335,13.278310411865723,0.23074551619900305,0.10986167958271237
xgboost,STORE0007,SKU0065,14,707.0,1.0,0.3322005714285714,0.3361808809734939,16.776128857142854,22.794773922005803,0.28426884356113424,0.11273177086280055
xgboost,STORE0007,SKU0066,14,279.0,1.0,0.4178153978494623,0.7305545069364071,8.326464,9.801571342612046,0.4274308573606328,0.2588181075268817
xgboost,STORE0007,SKU0067,14,400.0,1.0,0.31801302,0.4376750810150258,9.086086285714286,11.382972344243422,0.3264871045286865,0.04835665999999999
xgboost,STORE0007,SKU0068,14,518.0,1.0,0.2804281196911197,0.30178177622848823,10.375840428571427,11.478070146873334,0.31427172931656244,-0.16814246718146714
xgboost,STORE0007,SKU0072,14,375.0,1.0,0.18960178400000002,0.21589608000443397,5.078619214285715,6.480779215201644,0.19135064211361594,0.006408322666666663
xgboost,STORE0007,SKU0073,14,119.0,1.0,0.23141840420168067,0.24719822765032587,1.9670564357142857,2.2313351997039303,0.23605535370008415,-0.02663389831932769
xgboost,STORE0007,SKU0074,14,734.0,1.0,0.3674214209809265,0.6340851329517774,19.263380214285718,25.47344188398865,0.3693759894772771,0.18851586239782012
xgboost,STORE0007,SKU0075,14,417.0,1.0,0.19195142925659475,0.1851043743605701,5.717410428571429,6.625287514463805,0.20172927925596357,-0.1381702685851319
xgboost,STORE0007,SKU0076,14,358.0,1.0,0.30367700558659216,0.2928345922886315,7.765454857142856,9.019396145068178,0.3172081141432436,-0.18351017318435753
xgboost,STORE0007,SKU0078,14,338.0,1.0,0.29531968343195264,0.42511640137185674,7.129860928571428,8.99442581751866,0.322184704846521,-0.08373684319526628
xgboost,STORE0007,SKU0079,14,993.0,1.0,0.2855868398791541,0.2680129164937815,20.256266571428572,23.440335956312097,0.29515702681407724,-0.17994606243705943
xgboost,STORE0007,SKU0080,14,717.0,0.9285714285714286,0.4597220948396095,0.6568045279168151,23.544338714285715,30.071286471171756,0.5136051085860817,0.2139736262203626
xgboost,STORE0007,SKU0081,14,810.0,1.0,0.21504556049382717,0.19847758688101003,12.441921714285714,15.863952903439483,0.22323862635437303,-0.16901753580246912
xgboost,STORE0007,SKU0082,14,697.0,1.0,0.2703395294117647,0.3855583752484669,13.459046571428571,18.03947509220818,0.2828903282932345,0.01226277761836441
xgboost,STORE0007,SKU0083,14,888.0,1.0,0.2935578479729731,0.3525250019381668,18.619954928571435,22.34622018003317,0.29258388451045636,0.09592757094594594
xgboost,STORE0007,SKU0084,14,196.0,1.0,0.45885569897959183,1.2217563784038616,6.423979785714286,8.435204039548477,0.4504000787048949,0.37120701530612243
xgboost,STORE0007,SKU0085,14,893.0,1.0,0.2624026909294513,0.33357846106622197,16.737543071428572,20.36353313934106,0.2790877516279814,0.05456844008958569
xgboost,STORE0007,SKU0086,14,129.0,1.0,0.21628104418604646,0.22803490543203245,1.9928753357142852,2.3598044823675064,0.21571963485438794,-0.002405425581395352
xgboost,STORE0007,SKU0087,14,315.0,1.0,0.26822502857142855,0.43499523374003707,6.035063142857142,7.288035668732507,0.2939841105362754,-0.030767377777777747
xgboost,STORE0007,SKU0088,14,252.0,1.0,0.2628842341269841,0.3191298043705406,4.731916214285714,5.893344282762808,0.26868708464949864,0.049394623015873024
xgboost,STORE0007,SKU0089,14,434.0,1.0,0.23586148156682032,0.5001949537566156,7.311705928571429,10.471000799360391,0.2604943362097171,0.09498929262672808
xgboost,STORE0007,SKU0090,14,218.0,1.0,0.32555385321100916,0.9118452606639857,5.069338571428571,7.124573897197733,0.37676864586621894,-0.010897412844036723
xgboost,STORE0007,SKU0093,14,816.0,1.0,0.25727334926470585,0.29152352095489714,14.995360928571428,17.1306900954149,0.27388335618646914,-0.061896981617647055
xgboost,STORE0007,SKU0094,14,607.0,1.0,0.3350929110378913,0.45753603787146574,14.528671214285717,16.534346539761266,0.3407666358745965,0.1484451285008237
xgboost,STORE0007,SKU0096,14,1130.0,1.0,0.2795473849557522,0.3617852260833727,22.5634675,26.871407940638083,0.3107202239735242,-0.09577696017699114
xgboost,STORE0007,SKU0097,14,650.0,1.0,0.43689374615384624,4.79788032324707,20.284352500000004,27.31248176197023,0.49220194180648985,0.06902240461538463
xgboost,STORE0007,SKU0098,14,477.0,0.9285714285714286,0.2688136645702306,0.33802653503790236,9.158865571428572,14.029154797755748,0.3520073898433503,0.13856476729559747
xgboost,STORE0007,SKU0099,14,1133.0,1.0,0.1869220962047661,0.23213345144814115,15.127338214285714,19.076123433939213,0.19697720707656918,0.09362873168578996
xgboost,STORE0007,SKU0100,14,955.0,1.0,0.20850279162303664,0.24645712784926707,14.222869,19.26519911984693,0.2154012215111028,-0.014203872251308886
xgboost,STORE0007,SKU0101,14,165.0,1.0,0.46641860909090904,2.1141379463836816,5.497076464285714,7.8970156651619945,0.5229905636801662,0.2994323909090909
xgboost,STORE0007,SKU0102,14,1147.0,1.0,0.30212748910200526,0.6987625067472717,24.752873571428573,31.27761812611347,0.3671858930080078,0.16914639058413253
xgboost,STORE0008,SKU0001,14,1519.0,1.0,0.24348139894667545,0.29968151093721324,26.417731785714288,38.69793399399223,0.23097039115393728,0.09322395194206716
xgboost,STORE0008,SKU0002,14,1009.0,1.0,0.21095637363726463,0.22725245313216424,15.203927214285715,17.125164247593432,0.21528780828109947,-0.023085590683845383
xgboost,STORE0008,SKU0003,14,339.0,1.0,0.28778584660766965,0.31348478913637895,6.968528714285715,9.574222616143354,0.28684644405493687,-0.05377336873156341
xgboost,STORE0008,SKU0004,14,1489.0,1.0,0.2489379059771659,0.2861180052547314,26.476324428571427,29.952380713637357,0.26688648124735065,-0.08518350302216253
xgboost,STORE0008,SKU0005,14,1579.0,1.0,0.25085254591513617,0.3161844346366997,28.29258357142857,35.86651335593083,0.2745302206567674,-0.002556371120962621
xgboost,STORE0008,SKU0006,14,1939.0,1.0,0.21098001753481171,0.4996631388158018,29.22073242857142,37.225677237217475,0.26660057162390083,-0.09751260134089737
xgboost,STORE0008,SKU0007,14,374.0,1.0,0.39771780213903746,2.335690169048117,10.624747000000001,13.227660213641116,0.46041537826801465,0.07729462566844919
xgboost,STORE0008,SKU0008,14,370.0,1.0,0.2674255027027027,0.28156319271063285,7.067673999999999,8.079369947984071,0.2693598549169514,-0.0239891189189189
xgboost,STORE0008,SKU0009,14,896.0,1.0,0.30760481026785713,4.512328253296141,19.686707857142856,25.04561044465014,0.374050879420301,0.00586625669642858
xgboost,STORE0008,SKU0010,14,525.0,1.0,0.26828525523809527,0.3443087711512921,10.060697071428573,12.081277402844988,0.2761020595850126,0.1087459180952381
xgboost,STORE0008,SKU0011,14,338.0,1.0,0.20216618343195264,0.19182246285896912,4.880869285714285,6.727335413325367,0.19216980570862296,-0.03412407692307691
xgboost,STORE0008,SKU0012,14,949.0,1.0,0.297329981032666,0.43081453241996026,20.154725142857142,25.405174691874088,0.3196284713459095,0.18846265753424662
xgboost,STORE0008,SKU0013,14,1894.0,1.0,0.17302483896515314,0.20339186601747147,23.40778892857143,36.91012933064218,0.17643711974964343,0.010139370116156302
xgboost,STORE0008,SKU0014,14,903.0,1.0,0.2950619368770764,0.2897651011270897,19.031494928571426,27.844594331014594,0.27895155664205556,-0.0371910465116279
xgboost,STORE0008,SKU0015,14,189.0,1.0,0.2597775846560847,0.27740595139374513,3.5069973928571434,4.397265589758092,0.2607367563559564,-0.030991150793650786
xgboost,STORE0008,SKU0016,14,488.0,1.0,0.2507072069672131,0.21664201041520872,8.738936928571428,11.761502032349068,0.24486409646641244,-0.1979505963114754
xgboost,STORE0008,SKU0018,14,1262.0,1.0,0.2504711600633915,0.28229979743968997,22.578186000000006,27.558558065186855,0.2536662336400174,-0.0038162408874801916
xgboost,STORE0008,SKU0020,14,909.0,1.0,0.19580753575357537,0.18783783495334108,12.713503571428573,15.47994722322658,0.20169484638207194,-0.14358543894389442
xgboost,STORE0008,SKU0022,14,1449.0,1.0,0.25448790062111804,0.29377305022953387,26.33949771428572,30.632430038095908,0.26748189782159726,-0.05177660869565217
xgboost,STORE0008,SKU0025,14,468.0,1.0,0.3251452777777778,0.612255420183214,10.869142142857143,13.419208591031147,0.35149632995335045,0.12970960256410252
xgboost,STORE0008,SKU0027,14,2431.0,1.0,0.2316682945290004,0.2727209727652458,40.22754457142857,49.75252298526548,0.2536204559398935,-0.12367144220485396
xgboost,STORE0008,SKU0028,14,2184.0,1.0,0.3013639423076923,0.36757001615517904,47.012775,54.02516550468871,0.3320054419100184,-0.13004342032967034
xgboost,STORE0008,SKU0029,14,460.0,1.0,0.4746119586956522,1.3053465522268224,15.594392928571429,19.728842538778057,0.48881681621093553,0.34561461956521744
xgboost,STORE0008,SKU0030,14,737.0,1.0,0.21628241655359565,0.24365996267217907,11.385724357142857,12.92753485619563,0.22247855764848554,0.04120601763907734
xgboost,STORE0008,SKU0031,14,917.0,1.0,0.3852516859323883,0.9148760904999758,25.233985428571433,31.211513527757138,0.43993900358400095,0.15786904907306434
xgboost,STORE0008,SKU0033,14,1750.0,1.0,0.21423007885714285,0.21144977618345234,26.778759857142855,32.33569624402968,0.21782732383392847,-0.06717713714285715
xgboost,STORE0008,SKU0035,14,2593.0,1.0,0.3713153991515619,1.5969786378287376,68.77291642857143,86.08672600585193,0.42135585531245834,-0.037464793675279606
xgboost,STORE0008,SKU0038,14,1628.0,1.0,0.2253799993857494,0.22867169256992378,26.20847421428572,33.35435858441304,0.2250350643879325,-0.05595885319410319
xgboost,STORE0008,SKU0039,14,321.0,1.0,0.2637023239875389,0.23982311639428858,6.046317571428571,7.608617318405943,0.2703469558998993,-0.18034815576323981
xgboost,STORE0008,SKU0040,14,505.0,1.0,0.28698190891089115,1.2372241618304185,10.35184742857143,14.72909267194757,0.3377798195026206,0.08066080792079208
xgboost,STORE0008,SKU0041,14,1837.0,1.0,0.1868953434948285,0.18332517132598553,24.523338999999996,31.571109389354046,0.19474483722044836,-0.09440419923788786
xgboost,STORE0008,SKU0042,14,281.0,1.0,0.18891046975088968,0.19668703595750162,3.7917030000000005,4.587671990280115,0.19287166342131637,-0.062028313167259805
xgboost,STORE0008,SKU0043,14,765.0,1.0,0.5176772183006535,4.558445061280086,28.287362285714284,36.699214659265465,0.5627780818530088,0.21005568627450985
xgboost,STORE0008,SKU0044,14,1387.0,1.0,0.2343027036770007,0.27663431192520804,23.21270357142857,27.833926314648178,0.24859832774589335,-0.056418536409516946
xgboost,STORE0008,SKU0045,14,1369.0,1.0,0.19755861577794004,0.20224997053425958,19.318410357142852,23.00032044262184,0.207907528605647,-0.03612094448502556
xgboost,STORE0008,SKU0046,14,1773.0,1.0,0.22561765933446135,0.27362015542900137,28.572865,36.48901346893556,0.25051710864646876,-0.11039912013536379
xgboost,STORE0008,SKU0047,14,1012.0,1.0,0.43276812747035576,0.5613618963467103,31.28295321428572,34.94784697027083,0.4002835030730184,0.31954446146245064
xgboost,STORE0008,SKU0048,14,1241.0,1.0,0.22930325382755842,0.25901883167218287,20.32609557142857,26.09487166479882,0.23974140933881233,-0.05294602578565674
xgboost,STORE0008,SKU0049,14,709.0,1.0,0.28816100423131175,0.3718196028860299,14.593296571428573,17.245523032589944,0.29583029979537284,0.08553155994358251
xgboost,STORE0008,SKU0051,14,1030.0,1.0,0.36082205825242714,1.3051613917936826,26.546194285714282,34.813339301285644,0.4211386595468959,0.08133304077669902
xgboost,STORE0008,SKU0055,14,204.0,1.0,0.282291330882353,0.3404813401249766,4.113387964285715,4.80173918902009,0.278844585392211,0.13784950735294116
xgboost,STORE0008,SKU0056,14,385.0,1.0,0.35071654545454545,0.4528686966440115,9.644705,14.51768592099499,0.3233451711687461,-0.011367127272727281
xgboost,STORE0008,SKU0057,14,1252.0,1.0,0.27390953993610223,0.2919440573493511,24.49533885714286,30.4873783839096,0.26300397224622235,0.052927686900958476
xgboost,STORE0008,SKU0059,14,364.0,0.9285714285714286,0.4025793626373626,0.369823502291867,10.467063428571427,12.370762023929593,0.45381518705990687,0.05684586813186813
xgboost,STORE0008,SKU0060,14,906.0,1.0,0.28621645143487856,0.5154191138336843,18.522293214285714,24.211189715194017,0.3232389181522796,0.004652700883002209
xgboost,STORE0008,SKU0061,14,1310.0,1.0,0.23617836106870221,0.28329411763647416,22.09954664285714,26.451993682438722,0.2408294173483738,0.06756819923664122
xgboost,STORE0008,SKU0062,14,294.0,1.0,0.3287652993197279,0.8770294720945133,6.904071285714286,8.606040725411265,0.37638499511445617,-0.16132332653061227
xgboost,STORE0008,SKU0064,14,1430.0,1.0,0.21174684755244758,0.2178435580524594,21.628428000000003,24.313977784091648,0.21149852438284317,-0.022071804195804207
xgboost,STORE0008,SKU0065,14,1094.0,1.0,0.2401132842778793,0.24384669324444297,18.763138071428568,24.212494923608297,0.23692758395825134,-0.022101904021937846
xgboost,STORE0008,SKU0066,14,465.0,1.0,0.15217776129032257,0.16256891021749448,5.054475642857143,6.523204296124945,0.15168832194482335,0.037113486021505396
xgboost,STORE0008,SKU0067,14,589.0,1.0,0.3090056604414261,0.48898776081687784,13.00030957142857,17.498704263151854,0.32914338217841427,0.04381476740237689
xgboost,STORE0008,SKU0072,14,583.0,1.0,0.20637059862778728,0.24905409367632858,8.593861357142856,11.509203945886572,0.21757331757908577,-0.04190657804459691
xgboost,STORE0008,SKU0074,14,1162.0,1.0,0.2785948253012048,0.5305320015003797,23.123370499999996,30.581308759412536,0.3153486809368661,0.07062240361445785
xgboost,STORE0008,SKU0075,14,510.0,1.0,0.21750491568627456,0.2953734717206608,7.923393357142858,10.439526793683177,0.2338608992413878,-0.03483545294117647
xgboost,STORE0008,SKU0076,14,476.0,1.0,0.32100006512605034,0.7509601771232043,10.914002214285713,13.590357576936512,0.37981919092084054,0.007970228991596629
xgboost,STORE0008,SKU0077,14,960.0,1.0,0.24985166145833335,0.8509444220587056,17.132685357142858,22.446333438097714,0.3241442888501512,0.112595740625
xgboost,STORE0008,SKU0078,14,541.0,1.0,0.17357948243992605,0.1602409096774601,6.707607142857142,8.145029573367665,0.17648866035833863,-0.13570898706099813
xgboost,STORE0008,SKU0080,14,1359.0,1.0,0.22711886754966892,1.0309685857709585,22.046752928571433,32.40574275247942,0.2737586739137048,-0.07061403458425314
xgboost,STORE0008,SKU0081,14,857.0,1.0,0.292930463243874,0.9003417216476179,17.931529071428574,24.157399825165015,0.3208805266468695,0.21064422053675613
xgboost,STORE0008,SKU0082,14,1036.0,1.0,0.2553379555984556,0.2769359945704313,18.895008714285716,22.13411308860545,0.26522331510459723,-0.060982750965250965
xgboost,STORE0008,SKU0083,14,1555.0,1.0,0.15120836012861735,0.1343235116746868,16.794928571428567,22.5490784532527,0.15052423423728672,-0.1359011768488746
xgboost,STORE0008,SKU0084,14,433.0,1.0,0.23411866050808314,0.22404180560970863,7.240955714285714,9.358647800459561,0.2417192754505085,-0.1546319399538106
xgboost,STORE0008,SKU0085,14,1368.0,1.0,0.24568438742690055,0.26454897570587255,24.006874428571425,30.152533807323813,0.24313228571629833,-0.0037420292397660707
xgboost,STORE0008,SKU0086,14,156.0,0.9285714285714286,0.27329810256410253,0.23957521159154854,3.0453217142857136,4.014479032946012,0.3333490017467376,0.19312365384615385
xgboost,STORE0008,SKU0087,14,544.0,1.0,0.22926809742647059,0.22576462744483514,8.908703214285714,10.986690351496678,0.2340530783257182,-0.12547292463235293
xgboost,STORE0008,SKU0088,14,350.0,1.0,0.2515689514285714,0.2819984204602178,6.2892237857142845,7.725679952262135,0.2593118742881521,-0.07280374571428572
xgboost,STORE0008,SKU0089,14,751.0,1.0,0.30331301198402133,0.2944273061201801,16.27057657142857,19.322282011379723,0.32094539892541896,-0.1860453155792277
xgboost,STORE0008,SKU0090,14,344.0,1.0,0.31687236627906973,0.3522758142652131,7.786006714285713,9.19319948827733,0.32511091794648445,-0.08217497093023254
xgboost,STORE0008,SKU0091,14,360.0,1.0,0.3035391972222222,1.722611596122268,7.805293642857143,12.298235784308806,0.34328612979056444,-0.014127569444444482
xgboost,STORE0008,SKU0092,14,1494.0,1.0,0.29376624029451137,0.5185152797832866,31.349054499999998,40.06673188568162,0.3281640137447082,-0.09734189759036145
xgboost,STORE0008,SKU0093,14,1165.0,1.0,0.2545523038626609,0.3112122354628508,21.182388142857143,25.79481292524886,0.26869083631217616,-0.009144417167381971
xgboost,STORE0008,SKU0094,14,1177.0,1.0,0.22258162446898894,0.19972600923188574,18.71275514285714,24.169838075888897,0.22576633764783446,-0.16131487680543755
xgboost,STORE0008,SKU0095,14,449.0,1.0,0.22903959242761698,0.2664443051822133,7.34562692857143,8.837578206235959,0.2351619327288895,0.028396443207126955
xgboost,STORE0008,SKU0096,14,1339.0,1.0,0.2487403831217326,0.3252197760784742,23.790240928571425,31.27742542105051,0.2559991210333181,0.04936117774458549
xgboost,STORE0008,SKU0097,14,1035.0,1.0,0.32616102222222226,0.41260809861434666,24.112618428571434,32.77447889302372,0.3189393573543991,0.03765922705314008
xgboost,STORE0008,SKU0098,14,692.0,1.0,0.19361635404624272,0.22798068006875488,9.570179785714284,11.431271132233423,0.20842014363161557,-0.03563810838150289
xgboost,STORE0008,SKU0099,14,1683.0,1.0,0.2202310885323827,0.2633928369719389,26.474923000000008,31.274447968927376,0.23886455630572753,-0.03671257754010694
xgboost,STORE0008,SKU0100,14,1462.0,1.0,0.208589085499316,0.20931908566382856,21.782660214285716,24.026774207342996,0.21591598442086837,-0.10173112653898769
xgboost,STORE0008,SKU0101,14,243.0,1.0,0.3451349135802469,0.8439992357957261,5.990556,7.6728974365149325,0.3786938956683426,0.14300139917695476
xgboost,STORE0008,SKU0102,14,1650.0,1.0,0.25407093999999997,0.3487894787406001,29.944075071428568,40.796939892198196,0.26370167537049116,0.20726170848484846
xgboost,STORE0009,SKU0001,14,1379.0,1.0,0.22949524655547499,0.22531231772574928,22.605281785714286,30.31860869440558,0.23184367624275967,-0.08212112037708483
xgboost,STORE0009,SKU0002,14,848.0,1.0,0.3202151992924528,0.4438001817826583,19.39589207142857,25.782902000689692,0.3289856095322069,-0.028173553066037738
xgboost,STORE0009,SKU0003,14,237.0,1.0,0.3570914135021098,0.8425994001545403,6.045047500000002,7.6316151996019395,0.39656908268530283,0.14863706751054853
xgboost,STORE0009,SKU0005,14,1252.0,1.0,0.29352891054313096,0.5925435138127196,26.24987114285714,30.559726285449266,0.3419520076506074,0.06431919808306708
xgboost,STORE0009,SKU0006,14,1664.0,1.0,0.2480638353365385,0.4477212610530063,29.48415871428572,37.904953263617045,0.27937971774101766,-0.029088450721153847
xgboost,STORE0009,SKU0008,14,367.0,1.0,0.15353196185286105,0.16563266153812292,4.024730714285715,5.123897027434392,0.15970290944174176,-0.06681889918256133
xgboost,STORE0009,SKU0009,14,705.0,1.0,0.3326171390070922,1.2123972443512714,16.74964878571429,23.248140663264934,0.39236107382256463,0.0633086255319149
xgboost,STORE0009,SKU0010,14,379.0,1.0,0.3193497044854881,0.5703364169505185,8.645252714285714,10.630981421019255,0.33584610552025135,0.20442417941952506
xgboost,STORE0009,SKU0011,14,293.0,1.0,0.2050142798634812,0.3518734397348346,4.290655999999999,5.979442569259744,0.23999176458763527,0.013920177474402754
xgboost,STORE0009,SKU0012,14,729.0,1.0,0.3935317160493827,1.2358512430233763,20.491758642857143,27.77480626220717,0.4425338319670324,0.31405000960219487
xgboost,STORE0009,SKU0013,14,1701.0,1.0,0.22527072604350384,0.2605730654111124,27.370393214285716,34.71739594986596,0.2502772066415347,-0.05883345972957085
xgboost,STORE0009,SKU0015,14,147.0,1.0,0.36136420068027214,0.988775815158304,3.7943241071428573,4.407383251279277,0.4203378461737146,0.004622234693877567
xgboost,STORE0009,SKU0016,14,347.0,1.0,0.4358168040345821,1.3196739874138645,10.802030785714285,13.896803703873921,0.46406736028942064,0.09268761095100864
xgboost,STORE0009,SKU0017,14,1593.0,1.0,0.2425025172630257,0.2160394036213628,27.59332214285714,36.81520935783079,0.23510443830450425,-0.14525897049591965
xgboost,STORE0009,SKU0018,14,1416.0,1.0,0.26925079237288135,0.2526210629058106,27.232794428571427,32.34911934360141,0.2849035110499545,-0.20579869350282487
xgboost,STORE0009,SKU0019,14,230.0,1.0,0.3362819521739131,0.6312406643650643,5.524632071428572,6.400211488767066,0.4070581510172654,0.1308627695652174
xgboost,STORE0009,SKU0020,14,639.0,1.0,0.220100020344288,0.3917038202107994,10.045993785714288,13.22536922977931,0.2565396732661081,-0.0102484303599374
xgboost,STORE0009,SKU0022,14,1233.0,1.0,0.34866992457420926,0.7612034945520936,30.707858357142857,38.41800306126428,0.3940936340349018,0.01915275506893754
xgboost,STORE0009,SKU0023,14,991.0,1.0,0.3489258183652876,0.3980894402122251,24.698963285714285,30.254198213331588,0.33460400657643924,0.04733450050454088
xgboost,STORE0009,SKU0024,14,724.0,1.0,0.24691013950276244,0.281671136386106,12.768781500000001,14.979983081292355,0.25058057849669385,0.04526767541436464
xgboost,STORE0009,SKU0025,14,431.0,1.0,0.22441110904872394,0.3767060003226231,6.908656285714287,8.936435960717033,0.24459260567776717,0.06222252900232017
xgboost,STORE0009,SKU0027,14,1920.0,1.0,0.19982462291666667,0.27175330597808267,27.404519714285716,37.09347253091094,0.22144028801146695,0.02011537708333335
xgboost,STORE0009,SKU0028,14,1576.0,1.0,0.2840800399746192,0.38339653861047357,31.97929592857142,41.92213569563191,0.28829053951116795,0.034266409263959394
xgboost,STORE0009,SKU0030,14,587.0,1.0,0.2048759880749574,0.27929686534928744,8.5901575,11.138695657624277,0.22193154445874907,0.09039455025553661
xgboost,STORE0009,SKU0032,14,997.0,1.0,0.4084058214643932,1.8886042919767603,29.084328857142857,45.0212618149408,0.479416546030388,0.10214273219658979
xgboost,STORE0009,SKU0033,14,1735.0,1.0,0.2829435072046109,0.2802930022586801,35.06478464285714,41.036187367414016,0.30536767916015944,-0.2009687060518732
xgboost,STORE0009,SKU0034,14,2219.0,1.0,0.2591744191077061,0.2700974069684482,41.079145428571415,47.79271907972714,0.2571778430777412,-0.02811929878323572
xgboost,STORE0009,SKU0035,14,2812.0,1.0,0.27215250711237554,0.25185951025718323,54.663775,67.7033059279114,0.29062133435468684,-0.22006254978662873
xgboost,STORE0009,SKU0037,14,1292.0,1.0,0.2126846424148607,0.3052480503041642,19.627754142857146,24.99446229314469,0.2352656388395832,0.04633692105263158
xgboost,STORE0009,SKU0038,14,1253.0,1.0,0.25469577733439747,0.3268849409079998,22.795272071428574,26.764594599972263,0.2666266755508287,0.038943183559457285
xgboost,STORE0009,SKU0039,14,227.0,1.0,0.2849481101321586,0.7117409432243943,4.620230071428572,6.283877869336492,0.3238240521571541,-0.0019145418502202673
xgboost,STORE0009,SKU0041,14,1453.0,1.0,0.2872838189951824,0.6858441317705732,29.81595635714286,44.015462265016104,0.3097291266726002,-0.0012732959394356504
xgboost,STORE0009,SKU0044,14,1174.0,1.0,0.30516586456558775,0.9946819803398881,25.5903375,31.697715331976696,0.36431257948982715,0.03620129045996592
xgboost,STORE0009,SKU0045,14,1026.0,1.0,0.30558265497076026,0.78512525022274,22.394843142857145,25.761009160160253,0.354201982286542,0.11328349317738792
xgboost,STORE0009,SKU0046,14,1328.0,1.0,0.27220706626506025,0.30479119523344916,25.82078457142857,34.200947262332456,0.2578624334857991,0.040507519578313236
xgboost,STORE0009,SKU0047,14,1126.0,1.0,0.27196604262877444,0.27643167911780575,21.873840285714287,25.84746598732518,0.2881420182319708,-0.15276950621669627
xgboost,STORE0009,SKU0049,14,539.0,1.0,0.2932209777365492,0.33952156665220856,11.289007642857145,12.616209177890761,0.2768368282959786,0.20292851762523195
xgboost,STORE0009,SKU0050,14,233.0,1.0,0.15185797854077254,0.14730871156727843,2.5273506428571433,3.0406930114175457,0.1508823403014084,-0.03650726609442059
xgboost,STORE0009,SKU0051,14,894.0,1.0,0.24602528187919462,0.3609997327208666,15.71047157142857,20.131487490938543,0.2681793359767814,-0.01906706711409398
xgboost,STORE0009,SKU0052,14,809.0,1.0,0.16823197775030907,0.15847643219036725,9.721405000000003,12.289597268854216,0.16787095019817247,-0.0829794536464771
xgboost,STORE0009,SKU0055,14,175.0,1.0,0.19217524000000002,0.3132843941230397,2.4021905,3.1784813762611877,0.21993881194393966,0.05824668000000001
xgboost,STORE0009,SKU0057,14,986.0,0.9285714285714286,0.39651189046653146,0.9673559208966697,27.925766000000003,36.96903957034518,0.46711800263693887,0.21658327180527384
xgboost,STORE0009,SKU0058,14,1123.0,1.0,0.3799852653606411,2.7325823054542666,30.48024664285714,39.36207281785977,0.4428827226599594,0.08837603294746217
xgboost,STORE0009,SKU0059,14,384.0,1.0,0.22811501041666668,0.23266359882877344,6.256868857142857,7.189703087549295,0.24622514440263316,-0.15733525
xgboost,STORE0009,SKU0060,14,817.0,1.0,0.2251100611995104,0.24192811309835136,13.13678,15.139711858200691,0.23598192817171743,-0.06567929008567933
xgboost,STORE0009,SKU0061,14,1390.0,1.0,0.2805417892086331,0.35234621796224536,27.853791928571432,33.1063438108439,0.307880410332385,-0.10336285683453238
xgboost,STORE0009,SKU0062,14,252.0,0.9285714285714286,0.3288254007936508,0.2509891916652827,5.9188572142857145,7.529349292578804,0.3971883367538266,-0.10852309126984128
xgboost,STORE0009,SKU0063,14,836.0,1.0,0.25700328110047854,0.45710451038265754,15.34676735714286,19.39688099757197,0.31579617199231835,0.06714816866028708
xgboost,STORE0009,SKU0064,14,1341.0,1.0,0.26435171066368374,0.32031958144227557,25.321117428571423,29.375448325453576,0.2864336933847334,-0.09384546905294557
xgboost,STORE0009,SKU0065,14,898.0,1.0,0.16670272271714923,0.17128487541741447,10.69278892857143,13.95410880535346,0.1579477481547579,0.07696478953229399
xgboost,STORE0009,SKU0066,14,434.0,1.0,0.18556245622119819,0.18035687685808002,5.752436142857143,7.64417305915017,0.18246467738424,-0.08020494930875577
xgboost,STORE0009,SKU0067,14,473.0,1.0,0.2770687293868922,0.5442052448720676,9.36096492857143,11.916743741794036,0.3063437784781362,0.03038906765327697
xgboost,STORE0009,SKU0068,14,556.0,1.0,0.22967707913669066,0.3204011471276916,9.121461142857143,11.325992387637772,0.25999263887814744,0.04443310071942448
xgboost,STORE0009,SKU0069,14,1072.0,1.0,0.5229721063432836,0.6681686950297072,40.04472128571429,52.74882044471494,0.4394814439187069,0.2935702798507463
xgboost,STORE0009,SKU0070,14,1061.0,1.0,0.31065635249764373,0.8537268427163415,23.54331357142857,32.356232405692204,0.3445616180968186,0.19569306503298778
xgboost,STORE0009,SKU0071,14,412.0,1.0,0.26251833009708736,0.4280101462306775,7.7255394285714285,9.356658969432335,0.3015539597259907,-0.04758964563106796
xgboost,STORE0009,SKU0072,14,452.0,1.0,0.3000111792035398,0.5943218164444192,9.686075214285713,12.65466623643348,0.32538581881211875,0.069186342920354
xgboost,STORE0009,SKU0074,14,1042.0,1.0,0.2457051074856046,0.25838875509281933,18.28748014285714,28.26982455291184,0.22940517220650397,0.015340445297504805
xgboost,STORE0009,SKU0075,14,458.0,1.0,0.30975204803493445,0.29789042584873354,10.133317,12.736131954698234,0.33418385778157794,-0.25480772925764195
xgboost,STORE0009,SKU0076,14,399.0,1.0,0.2487537543859649,0.3430213122002871,7.089481999999999,9.035192556065626,0.2712257648802459,-0.029349674185463658
xgboost,STORE0009,SKU0077,14,716.0,1.0,0.37151778212290504,0.6966043666284405,19.000480857142858,29.143132329778766,0.3603414276967053,0.30721742737430174
xgboost,STORE0009,SKU0078,14,492.0,1.0,0.2613759715447155,0.24255891346105912,9.18549842857143,10.660397148373589,0.28548536852089723,-0.2535304593495935
xgboost,STORE0009,SKU0080,14,1224.0,1.0,0.243550214869281,0.2818599852855143,21.293247357142853,26.26031564841938,0.26003781150228084,-0.13081907107843138
xgboost,STORE0009,SKU0082,14,680.0,1.0,0.35653733676470584,1.1739601315579653,17.317527785714283,22.43779782451825,0.4030034390157656,0.17551282499999998
xgboost,STORE0009,SKU0083,14,1146.0,1.0,0.2969104057591622,0.9826576247240281,24.304237499999996,29.097018480852622,0.34589395437705445,0.024856102094240842
xgboost,STORE0009,SKU0084,14,320.0,1.0,0.282372421875,0.3720771229168306,6.454226785714285,8.183410348531694,0.28658597900357863,0.067249771875
xgboost,STORE0009,SKU0085,14,1081.0,1.0,0.2561389944495837,0.3157129361148921,19.7775895,24.480880052669903,0.26158157530242593,0.05131097779833488
xgboost,STORE0009,SKU0086,14,145.0,1.0,0.2375119193103449,0.28948039990981245,2.4599448785714295,2.9224436543912273,0.24660860666022857,0.09489344620689658
xgboost,STORE0009,SKU0087,14,419.0,1.0,0.19887871360381862,0.2050002173182603,5.952155785714285,7.10322151169449,0.2095497619797917,-0.10941613603818617
xgboost,STORE0009,SKU0088,14,297.0,1.0,0.24879698653198656,0.2943753485169268,5.278050357142858,6.52616691028529,0.24153761110570907,0.12975793602693603
xgboost,STORE0009,SKU0089,14,533.0,1.0,0.29649112570356473,3.1351065070687354,11.287840714285716,15.079290092037182,0.3480098968642765,-0.018016701688555334
xgboost,STORE0009,SKU0090,14,249.0,0.9285714285714286,0.2882184819277108,0.23101147099991243,5.126171571428571,7.071200721693896,0.3407078635096638,0.09767686746987951
xgboost,STORE0009,SKU0091,14,302.0,1.0,0.22605150331125828,0.24914191936272975,4.876253857142857,5.288939531558368,0.24827146177771078,-0.08118599337748345
xgboost,STORE0009,SKU0092,14,1306.0,1.0,0.2953461485451761,0.32418174928806254,27.551576428571426,32.52598528080768,0.3137306285805866,-0.12136373660030629
xgboost,STORE0009,SKU0093,14,889.0,1.0,0.34437651856018,0.5370619334367718,21.86790892857143,26.438833364733153,0.3595802968972363,0.16310774465691788
xgboost,STORE0009,SKU0096,14,1393.0,1.0,0.28465176310122037,0.3462029680508462,28.322850428571428,31.204386637863063,0.3192727186613337,-0.14264543862167986
xgboost,STORE0009,SKU0097,14,932.0,1.0,0.13571117381974246,0.13343385824487958,9.03448671428571,12.588094187615273,0.12968173353365994,0.02402559656652361
xgboost,STORE0009,SKU0098,14,617.0,1.0,0.294216035656402,0.35662633435245816,12.966521,19.482338209651147,0.2900872672395184,-0.05927251863857375
xgboost,STORE0009,SKU0099,14,1318.0,1.0,0.40570959863429434,0.8382732627369914,38.194660785714284,47.89250699408444,0.47290272739568107,0.08497182928679817
xgboost,STORE0009,SKU0102,14,1685.0,1.0,0.27986240712166166,0.28957711320597124,33.68343971428571,40.885700340548624,0.27766101855306025,-0.022575112166172123
xgboost,STORE0010,SKU0001,14,1348.0,1.0,0.1586554636498516,0.18409332038441797,15.276254642857142,21.15161290896218,0.1602741306640272,0.034899500741839756
xgboost,STORE0010,SKU0004,14,1388.0,1.0,0.22522935951008644,0.25551134324530367,22.32988221428571,27.018887177329376,0.2399593396719186,-0.09271239121037465
xgboost,STORE0010,SKU0005,14,1302.0,1.0,0.2780600737327188,0.37514016339025286,25.85958685714285,30.079519367181685,0.3036379973574162,0.04855729339477727
xgboost,STORE0010,SKU0006,14,1503.0,1.0,0.1713592355289421,0.5736126448028307,18.39663792857143,28.798171669955394,0.21780588308841842,-0.03909121157684628
xgboost,STORE0010,SKU0007,14,334.0,1.0,0.23294923353293415,0.38230021590078334,5.5575031428571435,7.1889623312415445,0.26373928648189693,0.08010720359281437
xgboost,STORE0010,SKU0010,14,488.0,1.0,0.2579169754098361,0.30400948874157585,8.990248857142857,12.14217107303791,0.26697226364167076,-0.05893063524590163
xgboost,STORE0010,SKU0011,14,330.0,1.0,0.27295158484848486,0.2652029031394106,6.4338587857142855,7.77944792670279,0.27361185911159075,-0.1274149909090909
xgboost,STORE0010,SKU0012,14,874.0,1.0,0.23943862242562927,0.5330589299284074,14.947811142857143,18.815337090275797,0.2995351760941767,0.09143230205949657
xgboost,STORE0010,SKU0013,14,1626.0,1.0,0.30742330996309963,0.4768353483097875,35.70502157142857,44.14539920925549,0.34306239362234653,-0.02236888191881918
xgboost,STORE0010,SKU0014,14,807.0,1.0,0.21611592565055762,0.27234970231370864,12.457539428571428,16.248982705748496,0.23070723368944848,0.008781040892193311
xgboost,STORE0010,SKU0015,14,141.0,1.0,0.28149852482269505,0.3616218122889015,2.835092285714286,3.394486200243818,0.30734566275869735,-0.03681625531914894
xgboost,STORE0010,SKU0016,14,400.0,1.0,0.2456498225,0.29301390262515115,7.018566357142857,8.359169097434423,0.27390524732517535,-0.1417904325
xgboost,STORE0010,SKU0017,14,1321.0,1.0,0.3819723058289174,0.6522945337173186,36.04181542857142,49.959619459893524,0.38190261199903924,-0.02084952611657834
xgboost,STORE0010,SKU0018,14,1117.0,1.0,0.22463183079677707,0.2646056256899447,17.92241107142857,21.867838056542936,0.23296696907977132,0.032962833482542496
xgboost,STORE0010,SKU0019,14,253.0,0.9285714285714286,0.23081330237154155,0.20984997749134818,4.171126107142858,6.058465523378602,0.31278682021673765,0.11862167391304344
xgboost,STORE0010,SKU0020,14,601.0,0.9285714285714286,0.3512602362728786,0.5581744896494967,15.079100142857145,18.474818004914802,0.4453987767408334,0.040879341098169715
xgboost,STORE0010,SKU0021,14,697.0,1.0,0.32221078479196563,0.5035666256893869,16.041494071428573,19.993951179238053,0.3322105624905563,0.09212313199426111
xgboost,STORE0010,SKU0025,14,401.0,1.0,0.15807700249376555,0.1818690463066107,4.5277769999999995,6.3560897237211025,0.16203158084110628,0.022614144638403992
xgboost,STORE0010,SKU0028,14,1787.0,1.0,0.18553808897593732,0.17697279338563768,23.682611785714283,30.370885827383997,0.18443494879124178,-0.08022851986569672
xgboost,STORE0010,SKU0029,14,400.0,1.0,0.249032955,1.275321985990096,7.115227285714285,10.628992785289329,0.30156842832913217,0.12499836
xgboost,STORE0010,SKU0030,14,637.0,1.0,0.2015050722135008,0.25618222233233057,9.168480785714285,10.80556072151493,0.21784155748260634,0.010102601255886953
xgboost,STORE0010,SKU0032,14,1108.0,1.0,0.27039733303249097,0.3007692047764198,21.400017499999997,23.375887352700687,0.27555640302149126,-0.0032965929602887835
xgboost,STORE0010,SKU0034,14,2551.0,1.0,0.3598525362602901,0.395412884983847,65.57027285714287,92.7540377287974,0.36485325619380654,-0.12925103880831046
xgboost,STORE0010,SKU0035,14,2699.0,1.0,0.2979713041867358,0.42583057114765077,57.44461071428571,66.08986675165572,0.337722762775791,-0.14297087439792514
xgboost,STORE0010,SKU0036,14,589.0,1.0,0.3486937215619694,0.4988141218593767,14.670042999999998,17.113441060483634,0.3770432821942696,0.05770140916808149
xgboost,STORE0010,SKU0037,14,1785.0,1.0,0.3035336364145658,0.27724959947627376,38.70053864285715,47.6554737939193,0.32485973331216117,-0.24572840952380948
xgboost,STORE0010,SKU0038,14,1464.0,1.0,0.23802060587431695,0.36031379662825247,24.890154785714287,31.26703430353795,0.26913895083947603,-0.09857177390710382
xgboost,STORE0010,SKU0039,14,237.0,1.0,0.25947045991561185,0.31868041361574934,4.392464214285715,5.568122380824893,0.27281984390721503,-0.06292495780590718
xgboost,STORE0010,SKU0040,14,367.0,1.0,0.3484906948228883,2.919553503201952,9.135434642857144,13.086339189180354,0.36551401515644416,0.17433566485013627
xgboost,STORE0010,SKU0042,14,195.0,1.0,0.2582268512820513,0.41596567654563993,3.5967311428571436,4.952715582436987,0.27942766784819956,0.13669458461538458
xgboost,STORE0010,SKU0043,14,744.0,1.0,0.2649057889784946,0.37103789186376,14.077850499999998,16.83795429688422,0.2861389899330707,0.14705432930107526
xgboost,STORE0010,SKU0045,14,1099.0,1.0,0.12531118016378529,0.2272199347616828,9.836927642857145,14.940431000466125,0.15043427188456548,0.03187252684258417
xgboost,STORE0010,SKU0046,14,1367.0,1.0,0.25131752011704467,0.4760458955830918,24.539360714285717,29.049449772371656,0.2929326651535054,0.0608432055596196
xgboost,STORE0010,SKU0048,14,882.0,1.0,0.31424233106575966,1.0143133925499679,19.79726685714286,26.15835117036514,0.36793202332599223,0.19007456235827663
xgboost,STORE0010,SKU0050,14,236.0,1.0,0.15823234533898306,0.14849988375496606,2.6673452500000003,3.60841756657465,0.15158825059527592,-0.02968678177966103
xgboost,STORE0010,SKU0051,14,907.0,1.0,0.21738348511576627,0.3757253577830397,14.083344357142858,19.16898189502687,0.24246277421097795,-0.03698747188533626
xgboost,STORE0010,SKU0052,14,721.0,1.0,0.22603265325936195,0.33551409746787025,11.64068164285714,15.698400775116951,0.2502076179569502,0.01428726352288488
xgboost,STORE0010,SKU0053,14,445.0,1.0,0.2572237550561798,0.23773689433718698,8.176040785714287,10.685849047196923,0.25695635714711795,-0.1292977640449438
xgboost,STORE0010,SKU0054,14,1116.0,1.0,0.30181826612903223,0.4258009882119745,24.0592275,35.1964941914477,0.27386330480908316,0.16852291666666666
xgboost,STORE0010,SKU0055,14,213.0,1.0,0.19101220422535212,0.1879409314439136,2.9061142500000003,3.240469935368769,0.2033269212183731,-0.1469327957746479
xgboost,STORE0010,SKU0056,14,374.0,1.0,0.15239182352941175,0.15688510311487688,4.071038714285714,5.157282260998769,0.15335296525073927,-0.023037855614973266
xgboost,STORE0010,SKU0057,14,1210.0,1.0,0.27675521818181814,0.5145056362441672,23.91955814285714,29.193688674019555,0.3156474949342831,-0.08555450743801656
xgboost,STORE0010,SKU0058,14,1183.0,1.0,0.28474167793744715,0.37857273745235437,24.060671785714284,30.99486227488655,0.2914057231273965,0.05972767962806424
xgboost,STORE0010,SKU0059,14,367.0,1.0,0.26190941144414165,0.2696544953318921,6.865768142857142,8.626611941134115,0.26454350803999566,-0.0776674659400545
xgboost,STORE0010,SKU0060,14,801.0,1.0,0.30389155930087397,0.49336261219111605,17.386938500000003,21.125962356674524,0.34490393400310454,-0.027175174781523093
xgboost,STORE0010,SKU0061,14,1199.0,1.0,0.2210464128440367,0.2373274594828696,18.931046357142858,22.852854781030675,0.2258256073721369,-0.033710042535446204
xgboost,STORE0010,SKU0063,14,942.0,1.0,0.15709066029723992,0.17926949076713591,10.569957285714285,13.712059234246048,0.16807083217669413,-0.04509304246284502
xgboost,STORE0010,SKU0064,14,1232.0,1.0,0.26377212581168835,0.3598199268579041,23.211947071428575,29.111714761460966,0.28393845887269115,-0.006692150162337679
xgboost,STORE0010,SKU0065,14,882.0,1.0,0.2839124365079365,0.41058408513403777,17.8864835,23.85661182955766,0.2963956978783689,0.08441106462585035
xgboost,STORE0010,SKU0067,14,463.0,1.0,0.264971373650108,0.4929698669261556,8.762981857142856,11.368706604274285,0.2989142407872607,0.09257787041036718
xgboost,STORE0010,SKU0068,14,623.0,1.0,0.2424212776886035,0.23787527239131404,10.787746857142855,12.838515539785798,0.24005545850216095,-0.019337261637239166
xgboost,STORE0010,SKU0069,14,1248.0,1.0,0.18311897756410256,0.2837408306154095,16.323748857142856,23.238610012034616,0.2082280885695648,0.04897082051282055
xgboost,STORE0010,SKU0070,14,1503.0,1.0,0.23505979773785757,0.245056660466699,25.23534828571428,27.745282688732892,0.25683411449026994,-0.1632637232202262
xgboost,STORE0010,SKU0073,14,138.0,1.0,0.20633639492753625,0.22145436561910312,2.0338873214285718,2.405667578838405,0.21219466621059915,-0.051287728260869574
xgboost,STORE0010,SKU0074,14,952.0,1.0,0.24501828361344535,0.4228261156248458,16.661243285714285,22.071904480935633,0.2900633571449059,0.06999741806722687
xgboost,STORE0010,SKU0075,14,475.0,1.0,0.22419290315789472,0.27405379962009785,7.606544928571428,9.86318887563202,0.23671458130166292,-0.031777639999999975
xgboost,STORE0010,SKU0076,14,354.0,1.0,0.4284132740112994,1.6998501238035941,10.832735642857143,13.785406370558121,0.45389426292341495,0.15453505367231637
xgboost,STORE0010,SKU0077,14,817.0,1.0,0.22362106609547122,0.302636787065072,13.0498865,18.066957824599047,0.23245383880502954,0.15531049326805382
xgboost,STORE0010,SKU0078,14,444.0,1.0,0.33762721846846855,0.3616094868747065,10.707606071428573,13.50182426818812,0.3523201623095744,-0.17762303378378377
xgboost,STORE0010,SKU0079,14,989.0,1.0,0.3519058928210314,0.48398761182079486,24.859637714285718,27.05555033078167,0.35982516434064044,0.10203367846309405
xgboost,STORE0010,SKU0080,14,1122.0,0.9285714285714286,0.2807720668449198,0.19353422309847473,22.50187564285714,32.13438017185416,0.33337726981400106,-0.06834609536541889
xgboost,STORE0010,SKU0081,14,1047.0,1.0,0.2313519044890162,0.2150918429493376,17.30181742857143,21.445145238580153,0.2447696055624508,-0.1903892110792741
xgboost,STORE0010,SKU0083,14,1272.0,1.0,0.2745550872641509,1.083231616283059,24.945290785714285,32.11123986881787,0.3273542116920818,-0.06316827279874211
xgboost,STORE0010,SKU0084,14,331.0,0.9285714285714286,0.31345993957703927,0.24827831799730074,7.4110885714285715,8.980948069280611,0.3913797075358902,-0.1010138429003021
xgboost,STORE0010,SKU0085,14,1155.0,1.0,0.27649598528138525,1.1035749993219617,22.810918785714282,29.85782503662228,0.3552911340018264,-0.009919289177489176
xgboost,STORE0010,SKU0086,14,146.0,1.0,0.15101337260273973,0.145575002220914,1.5748537428571427,1.9917937189212227,0.1522598200252041,-0.05005420273972602
xgboost,STORE0010,SKU0087,14,348.0,1.0,0.25647421551724137,0.30433537954954987,6.3752162142857145,7.897112975309833,0.2566245053745562,0.06675586494252873
xgboost,STORE0010,SKU0088,14,348.0,1.0,0.2651656034482759,0.38429471191114406,6.591259285714286,8.267569896316278,0.2811189233028661,0.01147029310344827
xgboost,STORE0010,SKU0089,14,507.0,1.0,0.3553790749506904,1.3447837733856913,12.869799357142858,17.717041976940823,0.42719089678221567,0.10282365088757396
xgboost,STORE0010,SKU0090,14,267.0,1.0,0.14404840449438203,0.13436947309222624,2.7472088571428572,3.5688067281468783,0.14488680902533652,-0.09908582022471907
xgboost,STORE0010,SKU0092,14,1253.0,1.0,0.3555779473264166,0.5392572759214443,31.824226285714285,37.45142434259359,0.38686613948974896,-0.06539141899441342
xgboost,STORE0010,SKU0094,14,835.0,1.0,0.3008690215568863,0.5555347677630751,17.944688071428573,26.761605078965395,0.32707926568284484,-0.11379996287425155
xgboost,STORE0010,SKU0095,14,461.0,1.0,0.18906661171366596,0.29071536278261817,6.22569342857143,8.605919963467358,0.2129992008915666,-0.04557950976138829
xgboost,STORE0010,SKU0096,14,1170.0,1.0,0.26434309145299145,0.43694627664540525,22.091529785714282,26.13200760273146,0.29180490053617975,0.03254884871794872
xgboost,STORE0010,SKU0097,14,883.0,1.0,0.350316993204983,0.8187175757861062,22.094993214285715,26.231190472847505,0.4033632509497476,0.07615779954699885
xgboost,STORE0010,SKU0098,14,456.0,1.0,0.5145823837719299,2.0587982671682115,16.76068335714286,20.584494711844307,0.5917864923115573,0.3053045460526316
xgboost,STORE0010,SKU0099,14,1273.0,1.0,0.22504389709348002,0.3584602948525742,20.462920071428577,24.876121656100395,0.2577005646088943,0.0752885396700707
xgboost,STORE0010,SKU0100,14,1076.0,1.0,0.40994809386617104,0.7091947190075082,31.507439214285714,37.94779081663153,0.44594343750134324,0.02891615148698888
xgboost,STORE0010,SKU0101,14,214.0,1.0,0.23314617757009348,0.24024913223037286,3.5638058571428575,4.264867173725913,0.20782702506619044,0.20982185981308413
xgboost,STORE0010,SKU0102,14,1666.0,1.0,0.1868424597839136,0.18963083638478598,22.23425271428572,33.14226205276151,0.17539918431473953,-0.0045033361344537694
xgboost,STORE0011,SKU0001,14,1706.0,1.0,0.28604758206330594,0.39552409652388226,34.85694107142857,38.08067931358285,0.3285306019029709,-0.0523013511137163
xgboost,STORE0011,SKU0002,14,963.0,1.0,0.27546180789200414,0.36706417417645504,18.947837214285716,23.128174991376767,0.28615845912738447,0.04822225233644857
xgboost,STORE0011,SKU0003,14,339.0,1.0,0.22146500294985244,0.2430217832797909,5.362616857142855,6.190891318342779,0.23385648814142557,-0.07527074926253689
xgboost,STORE0011,SKU0004,14,1501.0,1.0,0.16698939373750832,0.15502817227128762,17.90364857142857,23.75970442842303,0.16634813386597225,-0.10755137241838776
xgboost,STORE0011,SKU0005,14,1749.0,1.0,0.20627406460834763,0.18412819887266146,25.769524214285717,39.68132129802498,0.19956902119349818,-0.14170362550028587
xgboost,STORE0011,SKU0006,14,1683.0,1.0,0.31247599821746874,2.788144041858316,37.56407892857142,46.497628206542984,0.4172287328394639,0.05887141117052881
xgboost,STORE0011,SKU0007,14,501.0,1.0,0.26940604590818357,0.2558458514925256,9.640887785714284,13.572826621880916,0.27688725061559305,-0.20832284830339323
xgboost,STORE0011,SKU0009,14,904.0,1.0,0.22997861283185841,0.33073655983162675,14.850047571428572,17.597557747424734,0.26219652494113543,-0.046772851769911486
xgboost,STORE0011,SKU0012,14,988.0,1.0,0.3092981194331984,0.41032432250424283,21.827610142857143,29.68437122349481,0.3095316331731694,0.12479364372469635
xgboost,STORE0011,SKU0014,14,814.0,1.0,0.22198679975429975,0.24987052090239595,12.906946785714284,14.715695376132535,0.22862800047205958,0.03252563267813269
xgboost,STORE0011,SKU0015,14,141.0,1.0,0.3376310709219858,1.1516559407575715,3.400427214285714,4.481626769581546,0.3927933216617043,0.15909946808510633
xgboost,STORE0011,SKU0017,14,1642.0,1.0,0.2804395609013399,0.29789634001764054,32.891554214285726,40.49255601645267,0.279377422644498,-0.049007394031668684
xgboost,STORE0011,SKU0018,14,1152.0,1.0,0.2291086545138889,0.31960183938433623,18.852369285714285,24.400702719489352,0.23741110611019592,0.09353715104166666
xgboost,STORE0011,SKU0019,14,287.0,1.0,0.2455277770034843,0.400972670906112,5.033319428571429,5.73089206329871,0.30066386244422955,0.030948989547038334
xgboost,STORE0011,SKU0020,14,659.0,1.0,0.36291377086494697,0.8776482843829737,17.082869642857144,22.13909508649194,0.3989096275498932,0.09707644157814872
xgboost,STORE0011,SKU0021,14,795.0,0.9285714285714286,0.3248267408805031,0.2664248426701659,18.4455185,23.830306419517743,0.3642616217965054,0.1579057572327044
xgboost,STORE0011,SKU0022,14,1660.0,1.0,0.2468906933734939,0.22914105214596206,29.274182214285705,35.875173088679034,0.2480305341923481,-0.13246313192771084
xgboost,STORE0011,SKU0023,14,964.0,1.0,0.5453203838174275,1.178129759519093,37.54920357142858,49.40219176858374,0.508543540205616,0.3400117136929461
xgboost,STORE0011,SKU0024,14,794.0,1.0,0.34418295465994964,0.6352129528656388,19.52009042857143,23.99110013475979,0.378075519706203,0.03135853400503777
xgboost,STORE0011,SKU0025,14,459.0,1.0,0.3161289324618737,1.29768873875373,10.364512857142858,13.193498889822951,0.3585419554397068,0.025118213507625282
xgboost,STORE0011,SKU0026,14,1462.0,1.0,0.34638024213406293,0.9939136986424603,36.17199385714286,46.126347183511314,0.38273301046391117,0.1002092366621067
xgboost,STORE0011,SKU0027,14,2117.0,1.0,0.287115281058101,0.9615205138700192,43.41593214285713,66.61085540007836,0.316494390807121,0.0708623665564478
xgboost,STORE0011,SKU0028,14,2051.0,1.0,0.32474946075085326,0.4263483248125443,47.575796000000004,54.73070369880029,0.352994772300276,-0.06330412676743054
xgboost,STORE0011,SKU0029,14,540.0,1.0,0.3249985740740741,0.5940542638163925,12.535659285714287,17.85168263395939,0.3257990911742251,0.057095481481481504
xgboost,STORE0011,SKU0030,14,741.0,1.0,0.2729415519568151,0.42760045084671594,14.446406428571427,18.847008162142924,0.2995559922314451,-0.015513684210526327
xgboost,STORE0011,SKU0031,14,1024.0,1.0,0.264435646484375,0.29638052116573166,19.341578714285713,26.80997453029468,0.2475429615261302,0.060581091796875
xgboost,STORE0011,SKU0033,14,1477.0,1.0,0.31437589167230867,1.1500811874710906,33.16665657142857,44.4087471843916,0.3471803871565493,0.1036016086662153
xgboost,STORE0011,SKU0034,14,2864.0,1.0,0.267796812150838,0.2839640978720653,54.783576428571436,66.31817194260908,0.2814691374313661,-0.13427695879888263
xgboost,STORE0011,SKU0035,14,2625.0,1.0,0.3864964952380952,0.7058293132007487,72.46809285714285,87.00732885779409,0.44597230371693813,-0.057985104761904764
xgboost,STORE0011,SKU0036,14,745.0,1.0,0.17773033020134224,0.23330767624321708,9.45779257142857,11.647439866285755,0.19965166752619426,-0.007739420134228194
xgboost,STORE0011,SKU0037,14,1945.0,1.0,0.28422592802056557,0.3254904041906834,39.48710214285715,46.07355542581038,0.30966433810801874,-0.14678072493573266
xgboost,STORE0011,SKU0038,14,1762.0,1.0,0.29095815891032917,0.3190939754877438,36.61916257142857,42.17529268787428,0.3107526907112449,-0.12874432236095348
xgboost,STORE0011,SKU0039,14,264.0,1.0,0.4208786553030303,1.6891741128979978,7.936568928571428,8.995537961745372,0.4819022520160406,0.024993162878787892
xgboost,STORE0011,SKU0040,14,548.0,1.0,0.23454731751824814,0.25694455839916186,9.180852142857143,10.739901319225277,0.23604612735841854,0.04310058759124086
xgboost,STORE0011,SKU0041,14,1678.0,1.0,0.31180815673420736,0.5713070049572436,37.37243478571428,43.484041582721495,0.3623058466881527,-0.022072106674612645
xgboost,STORE0011,SKU0043,14,803.0,1.0,0.3626636326276463,0.9589946544279844,20.801349785714283,27.02793205759431,0.4153207235074742,0.1823726662515567
xgboost,STORE0011,SKU0044,14,1262.0,1.0,0.2845705435816165,0.6471514090699654,25.652001857142857,37.11566027644738,0.3054589166721451,0.046751779714738505
xgboost,STORE0011,SKU0046,14,1787.0,1.0,0.2180793368774482,0.2672161792712386,27.83626964285714,32.123447643031746,0.243250592290884,-0.09679205092333518
xgboost,STORE0011,SKU0047,14,1260.0,1.0,0.2399985531746032,0.23649823519156402,21.599869785714287,24.87262703301603,0.24873545538801797,-0.1336859976190476
xgboost,STORE0011,SKU0048,14,1120.0,1.0,0.32684060803571424,1.1466377616622505,26.14724864285714,32.778497279922725,0.41930639889942206,0.03136725803571428
xgboost,STORE0011,SKU0050,14,248.0,1.0,0.2525874919354839,0.7610209534101307,4.474407,6.059701539488911,0.29559046274062817,0.05791345967741933
xgboost,STORE0011,SKU0051,14,1127.0,1.0,0.28004837089618456,0.34288030039161177,22.543893857142855,27.41601189250274,0.29722113006991074,-0.026515524401064753
xgboost,STORE0011,SKU0052,14,860.0,1.0,0.2598685406976744,0.4014512906990411,15.963353214285714,22.585814876294837,0.2800548571907725,-0.025472915116279065
xgboost,STORE0011,SKU0053,14,465.0,1.0,0.31436663440860224,1.2906673193075018,10.441463214285717,13.32353735516999,0.3666493384456821,-0.017321666666666652
xgboost,STORE0011,SKU0054,14,1640.0,1.0,0.19346616341463416,0.21474581991902725,22.663179142857143,29.098660424190253,0.2068592676526551,-0.06425803170731709
xgboost,STORE0011,SKU0055,14,192.0,0.8571428571428571,0.44094719270833327,0.6373631384293845,6.047275785714285,8.02502691753722,0.5559774133889086,0.18713034895833333
xgboost,STORE0011,SKU0056,14,400.0,1.0,0.3130952575,0.44327467204104337,8.945578785714286,10.455013188286863,0.3730097288281947,-0.1575484275
xgboost,STORE0011,SKU0058,14,1296.0,1.0,0.3344923425925926,0.7056829814214857,30.964434,39.152405022644686,0.36625724166071383,0.03230245061728397
xgboost,STORE0011,SKU0059,14,425.0,1.0,0.2390579576470588,0.3066645886895244,7.257116571428571,9.515669918164054,0.2529581430250188,-0.0954041082352941
xgboost,STORE0011,SKU0061,14,1435.0,1.0,0.24192979094076653,0.32750916851958606,24.79780357142857,35.221844155464574,0.25914507586047963,-0.0376345156794425
xgboost,STORE0011,SKU0062,14,249.0,1.0,0.3098113172690763,0.5455382759692623,5.510215571428572,6.777529518907629,0.3408652791972674,0.0766561767068273
xgboost,STORE0011,SKU0064,14,1470.0,1.0,0.24083326598639457,0.24536419166961654,25.287492928571428,31.140159805159318,0.24399183447918874,-0.06914142925170069
xgboost,STORE0011,SKU0065,14,1013.0,1.0,0.2504281352418558,0.30456476481422773,18.120264357142855,24.46336825307799,0.25603548355677147,0.005044368213228032
xgboost,STORE0011,SKU0066,14,486.0,1.0,0.25204366666666667,0.2671303084909121,8.749515857142857,9.790629713732718,0.25416537240215936,-0.02928564197530864
xgboost,STORE0011,SKU0067,14,553.0,1.0,0.33731527124773963,0.5980811703770563,13.323953214285714,16.41307926083744,0.3707124996105802,0.01958272875226038
xgboost,STORE0011,SKU0068,14,657.0,1.0,0.20502676864535768,0.20723058788925536,9.621613357142857,11.544042950832466,0.21561400718927426,-0.07873928006088281
xgboost,STORE0011,SKU0069,14,1593.0,1.0,0.19507083804143124,0.19480572964815696,22.19627464285714,31.64763386662537,0.20099886919877494,-0.11744473634651602
xgboost,STORE0011,SKU0070,14,1494.0,1.0,0.24485906961178047,0.5812802435979822,26.129960714285716,33.832129248819136,0.2896733757258541,-0.016709307898259706
xgboost,STORE0011,SKU0071,14,524.0,1.0,0.2552237232824427,0.2568245569369843,9.552659357142856,10.810319982975225,0.2679839072262965,-0.13357450190839695
xgboost,STORE0011,SKU0072,14,561.0,1.0,0.2867737112299466,0.3768988624830056,11.491432285714287,13.863218693664649,0.30116588662651983,0.004015971479500907
xgboost,STORE0011,SKU0073,14,184.0,0.9285714285714286,0.2790590054347826,0.1990569631140207,3.667632642857143,4.82693972677342,0.35840658176521806,-0.1471853641304348
xgboost,STORE0011,SKU0074,14,1107.0,1.0,0.2665476323396568,0.3477424356889142,21.076302071428575,24.037653476535645,0.28580998885579373,0.054614342366757
xgboost,STORE0011,SKU0077,14,1037.0,1.0,0.2338885486981678,0.26486032990625763,17.324458928571428,23.462402881402728,0.23931038335637805,-0.06512604532304725
xgboost,STORE0011,SKU0078,14,447.0,1.0,0.16116877852348993,0.18124033263011444,5.145888857142857,5.972940562157397,0.1666359654604188,0.042380022371364665
xgboost,STORE0011,SKU0079,14,1376.0,1.0,0.2994574106104651,0.31608214186575356,29.432385500000002,33.79538721815565,0.31687052143383887,-0.14023150072674415
xgboost,STORE0011,SKU0082,14,908.0,1.0,0.33581788105726873,0.44254356190320904,21.780188285714285,26.331053780865933,0.35951248586372087,-0.04231165198237886
xgboost,STORE0011,SKU0083,14,1365.0,1.0,0.3245810688644689,0.5984069865756139,31.646654214285718,38.44846154940689,0.3562307327614606,-0.010197332600732622
xgboost,STORE0011,SKU0085,14,1342.0,1.0,0.28151845305514156,0.5725102852789387,26.98555457142857,31.77293751196863,0.32598731383562535,0.03220098062593147
xgboost,STORE0011,SKU0086,14,173.0,1.0,0.19322289884393065,0.24733494311476953,2.3876829642857147,3.0643212419157155,0.2154677268713456,0.025150482658959535
xgboost,STORE0011,SKU0087,14,463.0,1.0,0.1923497321814255,0.23646652912557498,6.361280428571429,7.391344033405804,0.20896858511633767,-0.019813974082073436
xgboost,STORE0011,SKU0088,14,400.0,1.0,0.20501651250000003,0.18612839549504331,5.857614642857143,8.416224147217568,0.1980310166838922,-0.1029336475
xgboost,STORE0011,SKU0089,14,668.0,1.0,0.31923162574850295,0.39164811065883437,15.231908999999998,19.160184028050246,0.34346974313011247,-0.14688852694610777
xgboost,STORE0011,SKU0090,14,347.0,1.0,0.24775884438040346,0.24962749129375453,6.140879928571429,7.208746510786892,0.2649972582668751,-0.18510505763688756
xgboost,STORE0011,SKU0094,14,891.0,1.0,0.2870561021324355,0.3539758189064882,18.2690705,23.69355532672032,0.29138194755009267,0.02859811111111111
xgboost,STORE0011,SKU0095,14,484.0,1.0,0.2912955123966942,0.3291203449436943,10.070502000000001,12.097980165720486,0.30358070115800156,-0.08474450826446282
xgboost,STORE0011,SKU0096,14,1533.0,1.0,0.26692343770384863,0.9097503220819281,29.22811642857143,36.586286844006274,0.3302881968964891,-0.0795664644487932
xgboost,STORE0011,SKU0097,14,1139.0,1.0,0.31338436172080775,0.39960819202936776,25.496056285714285,29.841772258461695,0.3479328845701971,-0.10620446883230905
xgboost,STORE0011,SKU0098,14,576.0,1.0,0.45846028993055554,1.7978445671489582,18.862366214285714,23.25070106352742,0.4893266446852388,0.07449375520833332
xgboost,STORE0011,SKU0100,14,1173.0,1.0,0.3762469300937767,0.4845072607564754,31.52411778571429,34.619530019409396,0.3796644354020674,0.1067511074168798
xgboost,STORE0011,SKU0101,14,290.0,1.0,0.19641397241379313,0.20149005305261167,4.068575142857143,5.225842277761547,0.1925884906134355,-0.02000535172413794
xgboost,STORE0012,SKU0001,14,1615.0,1.0,0.3574350544891641,0.6829845508265668,41.23268664285714,50.872060421837915,0.408495557634064,-0.19569942972136223
xgboost,STORE0012,SKU0002,14,1021.0,1.0,0.20014452889324189,0.1934995127334697,14.59625457142857,19.552697971747403,0.20631625876590687,-0.13224976885406464
xgboost,STORE0012,SKU0004,14,1315.0,1.0,0.22700153079847907,0.3033508935120669,21.3219295,27.153361106679483,0.24512964144400648,-0.08003769049429656
xgboost,STORE0012,SKU0005,14,1255.0,1.0,0.35845934342629476,0.49412281192834,32.13331971428571,40.059435914427496,0.3749780284056053,0.045270393625498014
xgboost,STORE0012,SKU0006,14,1388.0,1.0,0.21167634726224785,0.34333355223008916,20.98619785714286,28.493113318331748,0.2464889007832751,0.08717916570605187
xgboost,STORE0012,SKU0007,14,380.0,1.0,0.20100410000000005,0.2033569596153809,5.455825571428572,7.8618167837615,0.1965342829690051,-0.0498981
xgboost,STORE0012,SKU0008,14,336.0,1.0,0.28878269345238095,0.345808213707241,6.930784642857143,8.538669839203122,0.29926843155849475,-0.057470622023809516
xgboost,STORE0012,SKU0009,14,708.0,1.0,0.2570266610169492,1.4252578580895594,12.99820542857143,18.600110173920037,0.3385933172223131,0.01786200564971751
xgboost,STORE0012,SKU0010,14,552.0,1.0,0.22268516123188403,0.22994232520071128,8.780157785714284,10.147797007017711,0.22921040131579043,-0.06925267572463767
xgboost,STORE0012,SKU0013,14,1554.0,1.0,0.3378426756756758,3.190178714863914,37.50053700000001,45.18090863216358,0.4455189309709719,0.05455707979407976
xgboost,STORE0012,SKU0014,14,766.0,1.0,0.29955625979112266,0.35097583131404236,16.390006785714284,18.532561627425814,0.3100011787794973,-0.03887516840731069
xgboost,STORE0012,SKU0015,14,171.0,1.0,0.24337299999999998,0.2407340255536131,2.972627357142857,3.55360774457873,0.25092855023397387,-0.1401502514619883
xgboost,STORE0012,SKU0016,14,394.0,1.0,0.31641176649746194,0.8431504471005076,8.904731142857143,10.558254476420075,0.3725361082298117,-0.045430725888324884
xgboost,STORE0012,SKU0017,14,1482.0,1.0,0.2780123171390013,0.4456851468718862,29.429589571428572,34.610181933441034,0.3256582242482473,-0.0796810296896086
xgboost,STORE0012,SKU0018,14,1143.0,1.0,0.24273385126859143,0.359217189112136,19.817485142857144,23.46059362688627,0.27084524283192885,-0.02355370778652668
xgboost,STORE0012,SKU0019,14,256.0,1.0,0.25681688671874997,0.3236884411761802,4.696080214285714,5.27982626348762,0.273188748590952,0.10858181640624999
xgboost,STORE0012,SKU0020,14,770.0,1.0,0.3076516207792208,0.3255807260328002,16.920839142857144,22.378478792001374,0.32219628444837295,-0.18727886753246759
xgboost,STORE0012,SKU0022,14,1162.0,1.0,0.3319929440619621,0.5749994993296557,27.55541435714286,33.877694379689096,0.36997554181285314,0.054593725473321864
xgboost,STORE0012,SKU0023,14,986.0,1.0,0.24954806896551718,0.2601292179375928,17.575313999999995,21.678080391022068,0.22088928561145657,0.2016332312373225
xgboost,STORE0012,SKU0025,14,456.0,1.0,0.1961219057017544,0.17168585241559706,6.387970642857143,8.682948691297556,0.19088692350591452,-0.12735206798245613
xgboost,STORE0012,SKU0026,14,1485.0,1.0,0.23504745925925927,0.33808851010087426,24.931819785714286,30.556755551454014,0.26365415860393016,-0.07602276969696971
xgboost,STORE0012,SKU0027,14,2358.0,1.0,0.2778711569126378,0.2534727629765273,46.801442,65.92305180103126,0.2737358810408267,-0.1803750381679389
xgboost,STORE0012,SKU0028,14,1723.0,1.0,0.24642340858966919,0.2451356033073167,30.32768092857143,40.31893323675666,0.24225852284321264,-0.030071199651770197
xgboost,STORE0012,SKU0029,14,423.0,1.0,0.28490953427895976,0.3857848953979657,8.60833807142857,10.275375070786172,0.28956510080932596,0.1628414302600473
xgboost,STORE0012,SKU0030,14,750.0,1.0,0.24712544533333333,0.2544718793219053,13.238863142857143,17.486908667154708,0.2527543345132292,-0.11261084533333333
xgboost,STORE0012,SKU0032,14,1098.0,1.0,0.17954828688524585,0.20231182856189886,14.081715642857139,17.1961031297698,0.18247242132884084,0.049921310564663035
xgboost,STORE0012,SKU0033,14,1467.0,1.0,0.1522330259032038,0.14449840536858036,15.951846357142857,19.077016073615766,0.1542775098674066,-0.09414511860940694
xgboost,STORE0012,SKU0034,14,2784.0,1.0,0.29798269037356334,0.2437541806650187,59.255986428571454,91.8390568492221,0.27806984510769117,-0.23501753951149423
xgboost,STORE0012,SKU0035,14,2425.0,1.0,0.18065739381443296,0.16860011547902326,31.292441428571426,40.36156251945443,0.17891783911622824,-0.06636727422680413
xgboost,STORE0012,SKU0036,14,655.0,1.0,0.23273608549618321,0.24413335901060676,10.888724,12.826399368194869,0.23134340764848077,-0.001138116030534341
xgboost,STORE0012,SKU0037,14,1387.0,1.0,0.2931935219899062,0.5464068044938378,29.047101071428568,38.54066299914956,0.331349711807721,-0.013130890410958898
xgboost,STORE0012,SKU0038,14,1419.0,1.0,0.23561589217758983,0.26984281985785785,23.88135364285714,27.16694439433404,0.25979289508828945,-0.11178791190979559
xgboost,STORE0012,SKU0039,14,229.0,1.0,0.29357134061135376,0.3573419972674287,4.801988357142858,6.207405265017105,0.3103207117161738,-0.07096594323144101
xgboost,STORE0012,SKU0043,14,719.0,1.0,0.35625179554937414,0.3542646510110307,18.296074357142857,21.779098700457,0.33725267600936076,-0.0011908080667593817
xgboost,STORE0012,SKU0044,14,1271.0,1.0,0.15283396144767897,0.13938070410355144,13.875140357142856,19.355665072592195,0.15084091998081006,-0.10771923131392602
xgboost,STORE0012,SKU0046,14,1369.0,1.0,0.24822832724616506,0.3293057926275023,24.273184285714283,29.876527210207815,0.2542835745134027,0.08699217823228635
xgboost,STORE0012,SKU0047,14,1060.0,1.0,0.3342357462264151,0.8046617088315704,25.306420785714288,31.742579814018406,0.36832540748098797,-0.052247104716981144
xgboost,STORE0012,SKU0048,14,1115.0,1.0,0.20779761793721974,0.22211157746320911,16.549596,22.76050157243334,0.21507660535572284,-0.1308946582959641
xgboost,STORE0012,SKU0050,14,260.0,1.0,0.2671016307692308,0.24165610674225912,4.960458857142858,6.576408791008488,0.268948453691909,-0.18441285384615386
xgboost,STORE0012,SKU0052,14,731.0,1.0,0.2515767934336525,0.2885005943986966,13.135902571428572,15.772995143262898,0.24843158821437858,0.0604435731874145
xgboost,STORE0012,SKU0053,14,428.0,1.0,0.3590519065420561,0.44602329878483066,10.976729714285714,12.267262967697254,0.36571484961664336,0.02412208878504673
xgboost,STORE0012,SKU0054,14,1213.0,1.0,0.32069322918384163,0.3597387117501985,27.785777642857138,35.765725740014155,0.3021719498920124,0.09006225638911787
xgboost,STORE0012,SKU0055,14,187.0,1.0,0.23980962566844916,0.28722851879469735,3.203171428571428,4.181885866101675,0.2483561562269944,-0.004623711229946508
xgboost,STORE0012,SKU0056,14,336.0,1.0,0.22206858630952384,0.7647660564778102,5.329646071428572,6.978293046019109,0.2868252257294727,-0.019909949404761915
xgboost,STORE0012,SKU0057,14,1032.0,1.0,0.2887723759689923,0.3125018785356723,21.28664942857143,23.84058288819093,0.2793039522459669,0.06895073643410854
xgboost,STORE0012,SKU0058,14,1174.0,1.0,0.25490358773424193,0.45357537695593314,21.375486571428574,28.890407156639423,0.292436365501653,-0.059242395229982966
xgboost,STORE0012,SKU0059,14,346.0,1.0,0.2772053699421966,0.4004333205583843,6.850932714285714,8.419329734642444,0.2947800043411352,-0.04288149710982659
xgboost,STORE0012,SKU0060,14,689.0,1.0,0.3478996531204644,1.0397746255033247,17.121632928571426,21.881981413349248,0.3976204094980171,0.07821590275761975
xgboost,STORE0012,SKU0061,14,1301.0,1.0,0.17776772098385857,0.16922172468960886,16.519700357142856,21.670758969594583,0.1760986210665278,-0.07738359338970026
xgboost,STORE0012,SKU0062,14,192.0,1.0,0.329686875,0.7694164438743378,4.52142,6.065532954825016,0.3523491843451074,0.17035520833333337
xgboost,STORE0012,SKU0064,14,1122.0,1.0,0.25891922905525844,0.580174969175582,20.750526785714282,27.4892818772684,0.3021656064602261,-0.0010476604278074919
xgboost,STORE0012,SKU0065,14,842.0,1.0,0.2071695190023753,3.5773571277843517,12.459766785714285,18.07520628828555,0.28271041801963476,0.04340240736342041
xgboost,STORE0012,SKU0066,14,381.0,1.0,0.23751866666666668,0.3957740531940344,6.463900857142858,8.588197342401607,0.2794483763771959,-0.03624982152230969
xgboost,STORE0012,SKU0068,14,534.0,1.0,0.27413169288389516,0.29355900996149364,10.456166,14.546369288283653,0.25272993681470274,0.01209530711610487
xgboost,STORE0012,SKU0070,14,1370.0,1.0,0.27463021167883217,0.28686761578593556,26.874527857142862,30.686719600957364,0.2851556134990602,-0.08797362773722628
xgboost,STORE0012,SKU0071,14,404.0,1.0,0.22861417574257428,0.23738031506009796,6.597151928571429,7.912780854890185,0.23247381495678612,-0.05370315594059406
xgboost,STORE0012,SKU0072,14,546.0,1.0,0.2662514487179487,0.36098222587098766,10.3838065,12.215504415573733,0.2955880037441809,-0.06467649267399268
xgboost,STORE0012,SKU0074,14,1015.0,1.0,0.24695399704433496,0.4255609810962945,17.904164785714283,22.04778183663647,0.2927771958530527,0.08247590837438422
xgboost,STORE0012,SKU0075,14,499.0,1.0,0.18211869539078157,0.187714702799994,6.4912306428571425,8.226099333319446,0.19134960572176057,-0.09789216633266531
xgboost,STORE0012,SKU0076,14,375.0,1.0,0.27820165866666663,1.2147557299536305,7.451830142857142,11.42412777559799,0.29832422153092536,0.018912325333333334
xgboost,STORE0012,SKU0077,14,784.0,1.0,0.2905526288265306,0.43754470608163987,16.270947214285712,23.296206923241773,0.29318482928184036,0.11948318239795915
xgboost,STORE0012,SKU0078,14,414.0,1.0,0.24322988164251208,0.2627845015639485,7.192655071428571,8.302266986513086,0.24694404328558722,-0.0315557512077295
xgboost,STORE0012,SKU0080,14,1230.0,1.0,0.2866321341463415,0.32568559985697176,25.182680357142857,32.059192026281885,0.30329836170402913,-0.13383736991869918
xgboost,STORE0012,SKU0081,14,967.0,1.0,0.2905130486039297,0.3870734160991541,20.066151285714284,24.430765508485425,0.31807007640545676,-0.0615211127197518
xgboost,STORE0012,SKU0083,14,1138.0,1.0,0.3436879789103691,2.492823790956357,27.93692285714286,35.68117776950735,0.40500429131167653,0.01582532513181018
xgboost,STORE0012,SKU0084,14,351.0,1.0,0.23916626780626782,0.264529397926217,5.99624,6.990689414246229,0.252005989069145,-0.06971634188034188
xgboost,STORE0012,SKU0085,14,1133.0,1.0,0.14385921270962052,0.16240827306575595,11.642320571428574,15.072638011611927,0.14875256484934557,0.02130359576345983
xgboost,STORE0012,SKU0086,14,129.0,1.0,0.22884454573643412,0.27654325807989866,2.1086390285714285,3.1381453447000514,0.21612802070076434,0.16254726201550387
xgboost,STORE0012,SKU0088,14,320.0,0.9285714285714286,0.30256975312500006,0.21857722397429014,6.915880071428573,9.778674115868181,0.346893487795587,0.031386753125
xgboost,STORE0012,SKU0089,14,590.0,1.0,0.22955443898305083,0.19706575523807476,9.674079928571429,13.903920509273469,0.22044773278605448,-0.15552495423728815
xgboost,STORE0012,SKU0091,14,223.0,1.0,0.423577331838565,0.6192197171756503,6.746981785714285,8.265100731953668,0.4177391810103611,0.33101613004484304
xgboost,STORE0012,SKU0092,14,1293.0,1.0,0.29278547718484144,1.5973125280866323,27.040830142857143,35.12743370555147,0.3539460784595266,-0.09309482753286928
xgboost,STORE0012,SKU0094,14,813.0,1.0,0.2207121808118081,0.26269667837613037,12.817071642857142,15.408394537065151,0.23037690894514404,-0.004147420664206644
xgboost,STORE0012,SKU0095,14,442.0,1.0,0.20905131900452487,0.18895944916323112,6.600048785714285,9.172201944196921,0.20262079386746376,-0.11667838687782806
xgboost,STORE0012,SKU0096,14,1219.0,1.0,0.2852022026251026,0.5073638442754431,24.83296321428572,35.65572917554387,0.3006223187212824,-0.005060151763740767
xgboost,STORE0012,SKU0097,14,907.0,1.0,0.3488178941565601,0.6789147116114683,22.59841642857143,26.448058212947284,0.40788961409992824,-0.05610831312017641
xgboost,STORE0012,SKU0098,14,579.0,1.0,0.16314548704663215,0.15862624294480018,6.747231214285715,8.841433152114163,0.16640527042890815,-0.06499173575129534
xgboost,STORE0012,SKU0099,14,1401.0,1.0,0.2828438665239115,0.7233579051989273,28.30458978571429,34.96474494670522,0.3351846022462409,0.010763412562455374
xgboost,STORE0012,SKU0100,14,1159.0,1.0,0.3220477359792925,0.7926602272619213,26.66095185714286,32.088843135642804,0.3680256201113742,-0.03631887489214839
xgboost,STORE0012,SKU0101,14,250.0,1.0,0.245832956,0.2585841498947408,4.389874214285714,5.800011634559335,0.22529862475322204,0.051058403999999995
xgboost,STORE0013,SKU0001,14,745.0,1.0,0.3572596067114094,0.4752992964109546,19.011314785714287,20.936453903225345,0.37145153719245416,0.07772406577181207
xgboost,STORE0013,SKU0002,14,399.0,1.0,0.49877093734335837,1.0787929690781068,14.214971714285713,16.750969905998257,0.4908659755554212,0.315357022556391
xgboost,STORE0013,SKU0003,14,142.0,0.9285714285714286,0.3315155176056338,0.530960588973313,3.362514535714286,4.52372893407315,0.41774349801700456,0.09240178521126763
xgboost,STORE0013,SKU0006,14,938.0,1.0,0.40087904904051175,0.5276187093153697,26.858896285714287,34.37709289030416,0.41393563158322866,-0.0274252302771855
xgboost,STORE0013,SKU0008,14,179.0,1.0,0.2047347932960894,0.26505165089822463,2.6176805714285716,3.149176663389451,0.22105375718307746,0.006462692737430168
xgboost,STORE0013,SKU0009,14,401.0,1.0,0.1672954039900249,0.17699099928905837,4.791818357142857,6.157764310345767,0.1676871009767243,0.003780571072319203
xgboost,STORE0013,SKU0013,14,796.0,1.0,0.3421477035175879,0.7066614050834062,19.453540857142855,25.887224599909878,0.3702681552159945,0.22410949497487437
xgboost,STORE0013,SKU0014,14,483.0,1.0,0.28726770393374734,0.30435950494351005,9.910735785714284,11.26011125884977,0.31036849680013784,-0.1592963333333333
xgboost,STORE0013,SKU0015,14,98.0,1.0,0.17474021734693876,0.1570436675340136,1.2231815214285713,1.691285426717173,0.171904711173869,-0.10758486224489797
xgboost,STORE0013,SKU0017,14,772.0,1.0,0.18662138601036268,0.7728582424700265,10.290836428571428,14.90365188976916,0.23600665400497745,0.04885576943005182
xgboost,STORE0013,SKU0020,14,390.0,1.0,0.23570227948717942,0.21923262763647627,6.565992071428569,8.899483895455242,0.22607240334588435,-0.06666346410256409
xgboost,STORE0013,SKU0024,14,496.0,1.0,0.28005815524193545,0.26240704051759967,9.922060357142856,12.249512091778453,0.2884045017824028,-0.19031342137096774
xgboost,STORE0013,SKU0025,14,206.0,1.0,0.41203470873786413,0.7323935132312541,6.0627964285714295,7.4602455947636965,0.4085010381772073,0.2586360582524272
xgboost,STORE0013,SKU0026,14,724.0,0.9285714285714286,0.33472051795580116,0.392351887520931,17.309832500000002,24.845654956560818,0.3826824889827791,0.17681436602209943
xgboost,STORE0013,SKU0027,14,1226.0,1.0,0.2170658123980424,0.24483871020887576,19.008763285714284,26.417067692725826,0.22312526204187008,-0.02800171125611746
xgboost,STORE0013,SKU0028,14,879.0,1.0,0.39166512627986344,6.111884143258678,24.590974714285714,31.44306204126016,0.46138546352031623,0.11195283503981794
xgboost,STORE0013,SKU0031,14,543.0,1.0,0.2343245782688766,0.26020463555004614,9.088446142857142,11.072484931630994,0.23590776366038685,0.008146758747697968
xgboost,STORE0013,SKU0032,14,642.0,1.0,0.23741278816199374,0.3149631138080777,10.887072142857141,13.91851241352458,0.25497973795445933,-0.09927087227414327
xgboost,STORE0013,SKU0034,14,1377.0,1.0,0.18955623456790124,0.19181394796196077,18.64420964285714,23.484496970399395,0.19790325710867476,-0.07805973493100944
xgboost,STORE0013,SKU0036,14,382.0,1.0,0.24523062827225134,0.5880418079691185,6.691292857142858,8.771655005719568,0.28504772570537,0.06739402617801046
xgboost,STORE0013,SKU0037,14,839.0,1.0,0.31486726698450535,0.42198044364908566,18.869545499999997,22.29391708428902,0.3253145637659646,0.0617217032181168
xgboost,STORE0013,SKU0039,14,149.0,1.0,0.24494941610738252,0.23245125384050472,2.6069616428571427,3.3075977232735534,0.24888429552613806,-0.12839881879194634
xgboost,STORE0013,SKU0040,14,243.0,1.0,0.2555989650205761,0.3297073629766817,4.43646775,6.0340955901902875,0.25615544713870947,0.007632401234567904
xgboost,STORE0013,SKU0041,14,779.0,1.0,0.25652805263157896,0.4213747321585832,14.273953785714285,20.038476124353334,0.27285782560536453,0.20832400128369707
xgboost,STORE0013,SKU0049,14,298.0,1.0,0.2875090302013423,0.5484561096642124,6.119835071428571,8.045388478745773,0.3099288153184455,0.2288875201342282
xgboost,STORE0013,SKU0056,14,205.0,1.0,0.2596232,0.29056709257582697,3.801625428571429,4.386244251561254,0.2668773503275776,0.030692478048780492
xgboost,STORE0013,SKU0057,14,648.0,1.0,0.17676567283950614,0.20011017919956728,8.181725428571427,9.646787070153142,0.17793407896096358,0.07756529938271606
xgboost,STORE0013,SKU0061,14,679.0,1.0,0.29459298821796753,1.0860456451652536,14.287759928571424,21.077305481731436,0.354315977489811,0.07661433431516937
xgboost,STORE0013,SKU0063,14,400.0,1.0,0.2954605875,0.693143306727797,8.441731071428572,11.486518008315565,0.3326755221516552,0.1632319175
xgboost,STORE0013,SKU0065,14,548.0,1.0,0.21101833211678833,0.23342927243291958,8.259860428571429,10.60080221942258,0.2232981951125505,-0.03423037226277371
xgboost,STORE0013,SKU0068,14,381.0,1.0,0.3602817349081365,0.42239685152941514,9.804810071428571,12.649422922831809,0.37340905512369027,-0.11615767716535436
xgboost,STORE0013,SKU0071,14,195.0,1.0,0.46930391538461536,0.7643626742034334,6.536733107142857,7.275155992669468,0.4734500975713517,0.1765025256410257
xgboost,STORE0013,SKU0076,14,226.0,1.0,0.3373028584070796,0.686875768940358,5.445031857142856,6.6971267570479265,0.37733145805571194,0.018987380530973434
xgboost,STORE0013,SKU0080,14,743.0,1.0,0.2584218331090175,0.25672282725449797,13.714815857142858,16.43581353286464,0.26998761924701037,-0.1562112732166891
xgboost,STORE0013,SKU0084,14,191.0,1.0,0.33729554973821985,0.6870061742733059,4.601674999999999,5.453143452764283,0.41177988699531226,-0.02782764921465971
xgboost,STORE0013,SKU0085,14,573.0,1.0,0.32133368237347293,0.45193958261311484,13.151728571428572,20.198097210307395,0.3089518753634666,0.2134552356020942
xgboost,STORE0013,SKU0086,14,87.0,1.0,0.2258492632183908,0.2961402354081632,1.40349185,1.6532589064389054,0.24649040801313274,0.06304493678160922
xgboost,STORE0013,SKU0087,14,267.0,1.0,0.29955650187265925,0.2921690399669788,5.71297042857143,6.430887306600223,0.3138914953275226,-0.16769077153558057
xgboost,STORE0013,SKU0089,14,390.0,1.0,0.22666209743589746,0.21541217290151546,6.31415842857143,7.90756044150947,0.22863236078854093,-0.09332114871794875
xgboost,STORE0013,SKU0090,14,173.0,1.0,0.23156197398843928,0.2123623234114158,2.8614443928571425,3.476301188802734,0.24291942173603823,-0.18894837861271674
xgboost,STORE0013,SKU0096,14,753.0,1.0,0.16775514209827358,0.19429383186076152,9.022830142857142,10.873465789540605,0.17990112020307739,-0.020044446215139445
xgboost,STORE0013,SKU0097,14,535.0,1.0,0.2021154691588785,0.2256953156067063,7.723698285714286,8.788817774273404,0.2050040742085861,0.03470325981308411
xgboost,STORE0013,SKU0099,14,747.0,1.0,0.2939696880856761,0.5519641061787254,15.685382642857146,19.807444007291025,0.3374802201053156,0.09221916331994644
xgboost,STORE0013,SKU0102,14,928.0,1.0,0.18422270043103448,0.19130461675549362,12.211333285714286,14.831379738175949,0.1814419715698014,0.0011430086206896577
lstm,STORE0001,SKU0001,14,1457.0,1.0,0.3093259205291266,0.5122775534449843,32.191990443638396,40.13316189018366,0.3348696814911237,0.13727895806076265
lstm,STORE0001,SKU0002,14,954.0,1.0,0.23214434577733967,1.3275881909275395,15.818978990827288,22.411018114227794,0.2791862447920924,0.086429324040123
lstm,STORE0001,SKU0004,14,1418.0,1.0,0.25621459379855266,2.3962807925056784,25.950878143310547,34.21917373685919,0.3228473582802468,0.020277354209480243
lstm,STORE0001,SKU0006,14,1888.0,1.0,0.2770053370524261,0.30741684724536483,37.35614831107004,46.51311686075421,0.2706962647052703,0.0033273979768914464
lstm,STORE0001,SKU0007,14,376.0,1.0,0.2877919572464963,0.4092711220346269,7.7292697089059015,9.259258318505342,0.30652452402247526,0.14151021774778974
lstm,STORE0001,SKU0008,14,422.0,1.0,0.19976325283683308,0.1847104831506648,6.021435192653111,7.680653102065046,0.19645668530051133,-0.10275327763851216
lstm,STORE0001,SKU0010,14,595.0,1.0,0.26292161701106226,2.775146509854751,11.174168722970146,15.470732728723936,0.3157760740432715,-0.0031932029403558297
lstm,STORE0001,SKU0011,14,335.0,1.0,0.31112637875685045,0.4543692395751375,7.444809777396064,9.147329740861982,0.3295641637621344,0.09050273610584766
lstm,STORE0001,SKU0012,14,998.0,1.0,0.22727759137660086,0.2693932635349236,16.20164544241769,24.04581671147475,0.2221090113461784,-0.05283218873048829
lstm,STORE0001,SKU0014,14,909.0,1.0,0.2749300538116556,0.3291025634725507,17.850815636771067,21.496138567178786,0.28122655976763933,-0.005815994883790137
lstm,STORE0001,SKU0015,14,160.0,1.0,0.24340529441833497,0.35861627802509727,2.7817747933523997,3.516990477696604,0.26346937338531473,0.06930432319641114
lstm,STORE0001,SKU0016,14,404.0,1.0,0.39181328291940215,0.7284505346727755,11.306611878531319,13.31802376626991,0.4489039829665336,0.04738519215347743
lstm,STORE0001,SKU0017,14,1767.0,1.0,0.30843168905244145,0.35304381853296585,38.92848532540457,50.27851316235318,0.3154387422220778,-0.07038230874407543
lstm,STORE0001,SKU0018,14,1497.0,1.0,0.2812284623772284,0.2655747878399853,30.07135772705078,36.745330396744514,0.2825473554396883,-0.11381645941622826
lstm,STORE0001,SKU0019,14,244.0,0.9285714285714286,0.4973407651557297,0.5334555153737004,8.667939049857003,10.993083014695157,0.5116172353702305,0.22761030666163706
lstm,STORE0001,SKU0020,14,665.0,1.0,0.4385000243222803,0.9557434152526333,20.828751155308314,24.258914901748792,0.45717559765033383,0.18013411213580827
lstm,STORE0001,SKU0021,14,843.0,0.9285714285714286,0.3072121010414929,0.2568852819260838,18.498557226998464,25.92953196759434,0.3585416335697846,0.04055246283009667
lstm,STORE0001,SKU0023,14,1189.0,1.0,0.2161983429032078,0.33240829515085274,18.36141640799386,28.51418441955805,0.22926421440940906,0.060466243400605815
lstm,STORE0001,SKU0024,14,665.0,1.0,0.4661207844440202,1.9289283686020176,22.14073726109096,27.412543848264512,0.49743619753811785,0.30355867084703947
lstm,STORE0001,SKU0026,14,1585.0,1.0,0.34228579163175277,0.5121460834316116,38.75164140973772,46.18512807145467,0.37498861478263856,0.00041511607847005846
lstm,STORE0001,SKU0027,14,2752.0,1.0,0.25370104368342916,0.2783443022555042,49.87037658691407,64.32744521451923,0.27005880861526893,-0.1617627531983132
lstm,STORE0001,SKU0029,14,595.0,1.0,0.2308092005112592,0.2364518130043567,9.809391021728516,11.827833401941719,0.2419038025372083,-0.10981538916836266
lstm,STORE0001,SKU0030,14,738.0,1.0,0.1447919261487842,0.15107651673390363,7.6326029641287665,9.208713540481774,0.1457219512926279,0.015723825470218812
lstm,STORE0001,SKU0031,14,947.0,1.0,0.27903400731313316,0.6370190839713287,18.874657494681223,23.19876188846096,0.3188928597028026,-0.020651494059416655
lstm,STORE0001,SKU0033,14,1816.0,1.0,0.1362643809045464,0.11241095017593379,17.67543683733259,29.420621206670067,0.12533592084495912,-0.10480343822865758
lstm,STORE0001,SKU0035,14,3090.0,1.0,0.36751864535137285,0.6350063426267732,81.11661529541016,106.92889416218942,0.40844594902149617,-0.14224196251927843
lstm,STORE0001,SKU0036,14,751.0,1.0,0.230160155721733,0.23476594505127477,12.346448353358678,15.233044102403598,0.22878510687409423,0.0003720066360087213
lstm,STORE0001,SKU0037,14,1531.0,1.0,0.31686178116452685,0.5019088284607,34.651099068777896,43.12171616265189,0.3407883492063082,0.048845985058785124
lstm,STORE0001,SKU0038,14,1504.0,1.0,0.23206112739887638,0.33898069284034466,24.92999540056501,30.507133789498358,0.2597863226023335,-0.011215012124244203
lstm,STORE0001,SKU0039,14,303.0,1.0,0.21420097980562217,0.19979893724323397,4.6359212057931085,6.323652285563901,0.21213870939047988,-0.10998876338744709
lstm,STORE0001,SKU0040,14,430.0,1.0,0.23189273656800738,0.3013996506199662,7.12241976601737,8.394980446761064,0.25378444036959297,0.06233976053637129
lstm,STORE0001,SKU0041,14,1714.0,1.0,0.2966828941603386,0.42284304303613435,36.32246289934431,44.49121168686272,0.33672587099963264,-0.04038208257080935
lstm,STORE0001,SKU0042,14,244.0,1.0,0.2881037289979028,0.3625350360242461,5.021236419677734,6.022501379621555,0.29684460653438005,0.02713797522372884
lstm,STORE0001,SKU0043,14,718.0,1.0,0.3450055985729674,0.42034429366938963,17.693858555385045,27.964604530635288,0.2825716430339809,0.22874165909536037
lstm,STORE0001,SKU0045,14,1258.0,1.0,0.2445147321788988,0.2865078291158114,21.971395220075333,27.94903398765756,0.248378140516464,-0.008479884015736778
lstm,STORE0001,SKU0046,14,1677.0,1.0,0.2145755474384015,0.30784985059042164,25.703085218157092,31.677224602526156,0.23559324096650597,-0.031791377650461694
lstm,STORE0001,SKU0047,14,1257.0,1.0,0.24280906804706145,0.23721776595502014,21.800785609654017,26.950034544956615,0.2413050342738526,-0.0777244355437674
lstm,STORE0001,SKU0048,14,1153.0,1.0,0.27618251380357967,1.0303802529333335,22.745602743966238,30.997985005654645,0.31239484302552306,0.03590653114285763
lstm,STORE0001,SKU0049,14,707.0,1.0,0.3072610231909421,0.8109360882598321,15.516681671142578,20.716527318853483,0.3585164826326882,0.03710720596421388
lstm,STORE0001,SKU0050,14,267.0,1.0,0.2028209100501814,0.21185091973531886,3.868084498814174,4.585742735814547,0.204464881165551,-0.031235426999209986
lstm,STORE0001,SKU0051,14,924.0,1.0,0.33956055414109004,0.9501132916610414,22.41099657331194,26.70340542202226,0.37357103774034744,0.13846168683204815
lstm,STORE0001,SKU0053,14,476.0,1.0,0.2547957957291803,0.24618596872408174,8.663057054792132,11.214300689380723,0.24581763974444684,-0.04047128533114905
lstm,STORE0001,SKU0054,14,1489.0,1.0,0.23768966193163932,0.2583560931233997,25.279993329729354,29.493460292100895,0.23738231913031066,0.004380922336719275
lstm,STORE0001,SKU0055,14,207.0,0.9285714285714286,0.3262961567312047,0.2897129462903931,4.824521745954241,5.931370294350646,0.3899920459727707,0.05379939424818841
lstm,STORE0001,SKU0056,14,420.0,1.0,0.17359774453299387,0.18592825455693698,5.207932335989816,6.529738823441233,0.18535097660053604,-0.06121403830392021
lstm,STORE0001,SKU0058,14,1284.0,1.0,0.3967084023068627,1.3190233402267189,36.38382775442941,45.33256749561492,0.4807844645185059,0.12346514288881485
lstm,STORE0001,SKU0059,14,390.0,1.0,0.33787539555476265,0.4730874659654554,9.412243161882673,10.580953214463353,0.37619194780995385,-0.048959164741711775
lstm,STORE0001,SKU0060,14,927.0,1.0,0.22788395722192725,0.2771082282056409,15.089173453194755,18.080083356670368,0.24074472833563645,-0.02298225476903823
lstm,STORE0001,SKU0061,14,1251.0,1.0,0.3501602099667922,0.5485182974801993,31.289315904889786,38.591873972061016,0.3530991054038504,0.19908509837637703
lstm,STORE0001,SKU0062,14,308.0,1.0,0.20084325369302328,0.1858060651269389,4.418551581246512,5.36059823609368,0.2105204660017362,-0.17152180609764991
lstm,STORE0001,SKU0063,14,904.0,1.0,0.3735409036146856,0.6856083526817468,24.120069776262557,32.49801145977901,0.40440093585456427,0.014223908956071972
lstm,STORE0001,SKU0065,14,1009.0,1.0,0.3781475222146192,0.760761718590918,27.253632136753627,36.93623292784455,0.40051038879834966,0.007181770619599401
lstm,STORE0001,SKU0066,14,429.0,1.0,0.36395479749132703,0.8164953842406281,11.152614865984235,13.1948194223027,0.41311513958391216,0.07804538931324208
lstm,STORE0001,SKU0067,14,615.0,1.0,0.23026967862757242,0.24229921751225364,10.115418025425502,12.356151450959278,0.23187610306501877,-0.03622249200092096
lstm,STORE0001,SKU0068,14,625.0,1.0,0.24997263793945312,0.4988516429450441,11.159492765154157,15.632862333809982,0.28639073652197927,0.04796934204101563
lstm,STORE0001,SKU0069,14,1641.0,1.0,0.25735607995702175,1.922598267249288,30.165809086390905,42.63588577065716,0.3249708587260859,-0.12885940895801198
lstm,STORE0001,SKU0070,14,1701.0,1.0,0.24791273490461724,0.8435364912806854,30.121397290910995,41.2808588626903,0.2907061641844666,-0.06447526863362774
lstm,STORE0001,SKU0072,14,490.0,1.0,0.28933200446926816,0.39255982609334733,10.126620156424385,12.931563632844323,0.2978462672016312,0.11952555130939092
lstm,STORE0001,SKU0073,14,163.0,1.0,0.2674662584176093,0.2873247604895777,3.1140714372907365,3.762819962300094,0.27275739015530037,-0.06303897225783646
lstm,STORE0001,SKU0074,14,1048.0,1.0,0.30087594767563214,0.43906953168867535,22.522713797433035,30.968411416488795,0.29736077949032846,0.08074719669254683
lstm,STORE0001,SKU0076,14,455.0,1.0,0.18906683450216774,0.2074925606267131,6.144672121320452,7.541900169703286,0.1873340222792874,0.030376249879271136
lstm,STORE0001,SKU0077,14,871.0,1.0,0.31420758287887485,0.7268102365748802,19.548200334821427,29.1416073000928,0.34001998011075585,0.12105663663073607
lstm,STORE0001,SKU0078,14,466.0,1.0,0.3343385647294859,0.9956542326991322,11.128697940281459,13.265482425251799,0.405480732845367,-0.022670029570616358
lstm,STORE0001,SKU0080,14,1224.0,1.0,0.22312191109252133,0.22068475272686178,19.507229941231863,25.04809639335808,0.2070603656473069,0.03323055716121897
lstm,STORE0001,SKU0081,14,1013.0,1.0,0.3502377418751542,1.2572791759657942,25.34220232282366,31.842851723613613,0.3784997996475254,0.054417014239688734
lstm,STORE0001,SKU0082,14,892.0,1.0,0.282355261490484,0.3481066806170992,17.99006380353655,20.42149026016355,0.28993649536124455,0.05475450524300202
lstm,STORE0001,SKU0084,14,388.0,1.0,0.29711371844576806,0.5106712124518523,8.234294482639857,10.150549625595627,0.3368687158723601,-0.07809762364810276
lstm,STORE0001,SKU0086,14,177.0,1.0,0.2797749621719964,0.2776176074124966,3.537154878888811,5.3646277002943865,0.26775108081958254,-0.1362766546044646
lstm,STORE0001,SKU0087,14,438.0,1.0,0.28544713808521294,0.6391240466829718,8.930417605808804,11.344007923764948,0.32719406372985077,0.06221312692720595
lstm,STORE0001,SKU0090,14,320.0,1.0,0.31372898817062383,0.8328168963601322,7.17094830104283,9.613414255822128,0.3808123629162163,0.0024422049522399457
lstm,STORE0001,SKU0092,14,1319.0,0.9285714285714286,0.4384675275384702,0.72232372024357,41.30990491594587,51.25460565954,0.5050807484346355,0.12087191335173426
lstm,STORE0001,SKU0093,14,1088.0,1.0,0.2380230987773222,0.3230861024248761,18.49779510498047,22.929764527072376,0.25058561885542247,0.0747568887822768
lstm,STORE0001,SKU0094,14,1084.0,1.0,0.17557744170466913,0.15702290074990996,13.59471048627581,20.464723628154434,0.1693144695992408,-0.12907412835152826
lstm,STORE0001,SKU0095,14,501.0,1.0,0.21002339269824605,0.21152841848495707,7.515837124415805,8.923863634998964,0.21362152739698886,-0.10384095928626143
lstm,STORE0001,SKU0096,14,1542.0,1.0,0.256528045416806,0.2682384680337538,28.25473185947963,31.15995481810803,0.2640091187476166,-0.07177200515291879
lstm,STORE0001,SKU0097,14,1117.0,1.0,0.21308510284287224,0.2124147926267553,17.00114713396345,20.452469930875925,0.2123439010716383,-0.06486352085533587
lstm,STORE0001,SKU0098,14,731.0,1.0,0.187843077486093,0.19619968103387833,9.80809211730957,12.2177563843418,0.19567429815927379,-0.09598381052917397
lstm,STORE0001,SKU0099,14,1706.0,0.9285714285714286,0.24410724528090197,0.18499827877216368,29.746211460658483,42.21784740119427,0.3152883063232097,0.0013983615817106901
lstm,STORE0001,SKU0100,14,1251.0,1.0,0.1887146227841945,0.22257298374767884,16.862999507359095,21.661467079262266,0.19175746027166,0.028849716857373475
lstm,STORE0001,SKU0101,14,287.0,1.0,0.36210578493124934,0.5242647921836558,7.423168591090611,8.68332757091341,0.40122589073391907,-0.04984601781758697
lstm,STORE0002,SKU0001,14,1087.0,1.0,0.2559164796494078,0.3666307254552349,19.870086669921875,26.285330873302637,0.27747389654075033,0.05101211112688305
lstm,STORE0002,SKU0002,14,862.0,1.0,0.21812564646284985,0.21105201150036917,13.43030766078404,16.16518248653753,0.22795567425535532,-0.12405355679186757
lstm,STORE0002,SKU0003,14,250.0,1.0,0.2183233642578125,0.2584621339586203,3.8986315046037947,4.848466049561859,0.2319335077001572,-0.0311632080078125
lstm,STORE0002,SKU0004,14,1160.0,1.0,0.2454044539352943,0.23049128276538453,20.333511897495814,25.84830779719243,0.24892271183579492,-0.15514792738289668
lstm,STORE0002,SKU0005,14,982.0,1.0,0.22822635285480444,0.421252055761466,16.008448464529856,20.065679330898988,0.26142587366740005,0.10479530443242029
lstm,STORE0002,SKU0006,14,1359.0,1.0,0.30321239390032884,0.3510425111522694,29.433260236467635,36.753804172460285,0.30692855410276465,-0.011552194534986663
lstm,STORE0002,SKU0007,14,321.0,1.0,0.24096406360281591,0.2712339788188866,5.524961744035993,6.0716634383110355,0.2517618394864191,-0.018029994310991043
lstm,STORE0002,SKU0008,14,263.0,1.0,0.24764408358149656,0.27750449624107937,4.6521709987095425,5.2175836664711275,0.2513437916999581,0.028885351840987446
lstm,STORE0002,SKU0009,14,721.0,1.0,0.2443747130247161,0.2937849836065626,12.58529772077288,14.72244716639289,0.26719051300427654,-0.1326344102497074
lstm,STORE0002,SKU0010,14,377.0,1.0,0.25364111336219847,0.4064635108257355,6.830192838396345,11.41088961273263,0.2465280996023855,0.14944147368008642
lstm,STORE0002,SKU0011,14,251.0,1.0,0.26198387145996094,0.4432874335066283,4.6969965526035855,5.627298319401437,0.31001331118234915,0.0858354834446394
lstm,STORE0002,SKU0012,14,745.0,1.0,0.2744935438936989,0.3163683198347654,14.60697787148612,23.02881946437302,0.2804708591060093,-0.0824192917586973
lstm,STORE0002,SKU0014,14,713.0,1.0,0.20034902393399917,0.1956607370949873,10.203489576067243,13.145152772691281,0.19801456322606445,-0.07351527274240116
lstm,STORE0002,SKU0015,14,102.0,1.0,0.3832523495543237,0.9864307091933755,2.7922671181815013,3.377584334503322,0.4254396506443573,0.17694664001464844
lstm,STORE0002,SKU0016,14,271.0,1.0,0.4408694052608251,1.8381852619571466,8.5339720589774,10.73052771496885,0.4610788639614931,0.15224014788976015
lstm,STORE0002,SKU0017,14,1063.0,1.0,0.39289980840817557,1.3424159757151373,29.832321166992188,36.292875100295014,0.44946340443317306,0.05027011645255174
lstm,STORE0002,SKU0018,14,818.0,1.0,0.2483276423148829,1.792739249316083,14.509429386683873,21.9117236610628,0.2837319133889998,0.11347692811401666
lstm,STORE0002,SKU0019,14,198.0,1.0,0.2674326655840633,0.39075142485518727,3.782261984688895,4.571878516284255,0.302499998519261,0.08395813450668793
lstm,STORE0002,SKU0020,14,645.0,1.0,0.22539805922397346,0.20972122811031196,10.384410585675921,12.814033976689624,0.22887066827901242,-0.14797943470089936
lstm,STORE0002,SKU0022,14,1028.0,1.0,0.2727412212683533,0.3942360526115868,20.026998247419083,22.851950561422967,0.30399564325990414,0.008276111884803624
lstm,STORE0002,SKU0023,14,801.0,1.0,0.43083280451437656,0.6517328754136912,24.649791172572545,33.25941748412743,0.4098780725346778,0.131770368521282
lstm,STORE0002,SKU0024,14,589.0,1.0,0.2743827483042796,0.4232144016823031,11.543674196515765,14.643431593270936,0.2977662255902737,0.10858197689865963
lstm,STORE0002,SKU0025,14,396.0,1.0,0.24454505034167356,0.24095030912040988,6.917131423950195,8.131924579643226,0.25473288215563905,-0.13914715160023083
lstm,STORE0002,SKU0026,14,1008.0,1.0,0.3235046522957938,3.287675393005802,23.292334965297155,32.51422820574657,0.3678160103102108,0.12868290098886642
lstm,STORE0002,SKU0027,14,1812.0,1.0,0.18524260447251611,0.20511941935431915,23.975685664585658,26.460043474436286,0.21413736632758804,-0.10921967108518083
lstm,STORE0002,SKU0028,14,1333.0,1.0,0.2641914293270583,0.2676375003700019,25.154798235212052,29.448756033157593,0.2621795449272169,-0.04655123436620873
lstm,STORE0002,SKU0030,14,632.0,1.0,0.23484915721265576,0.21952351017895447,10.601761954171318,13.690782081899096,0.239279376008572,-0.14435410801368423
lstm,STORE0002,SKU0031,14,646.0,1.0,0.3626007398953748,1.1437379014676543,16.73143414088658,21.479722028668117,0.4412041432360913,0.15423429861157303
lstm,STORE0002,SKU0032,14,777.0,1.0,0.2630009546856776,0.6069154214525871,14.596552985055107,20.468794435839836,0.30705516513661124,0.08609857645120711
lstm,STORE0002,SKU0033,14,1228.0,1.0,0.24920277797438034,0.24634010570135637,21.858643668038503,24.85932045984311,0.2598465629737398,-0.12116936053049293
lstm,STORE0002,SKU0034,14,1962.0,1.0,0.26057270372800995,0.23524907956327662,36.51740319388254,47.91588038528583,0.27232150303406993,-0.19724907131370054
lstm,STORE0002,SKU0036,14,497.0,1.0,0.21625324610013597,0.2283047013161014,7.676990236554827,9.920847864032357,0.21211199969410946,-0.02202633065237125
lstm,STORE0002,SKU0037,14,1200.0,1.0,0.2092296282450358,0.21196611348192243,17.933968135288783,23.1539701595901,0.2041368840222754,-0.01774258295694987
lstm,STORE0002,SKU0038,14,1030.0,1.0,0.36107711791992186,0.5865285031083634,26.564959389822825,31.62432410672008,0.38896147153170474,0.03277834549690913
lstm,STORE0002,SKU0039,14,173.0,1.0,0.35170988402614706,1.4011925155349496,4.346129281180246,5.7744053514459965,0.400301232400289,0.22306885471233742
lstm,STORE0002,SKU0040,14,312.0,1.0,0.20182119271694085,0.29502051991960715,4.497729437691825,5.463401201487007,0.2344068068849698,0.12839096020429563
lstm,STORE0002,SKU0041,14,1295.0,1.0,0.24915438029756878,0.28895480704118565,23.04678017752511,27.72120833505402,0.26481719004067167,-0.039463977003649856
lstm,STORE0002,SKU0042,14,178.0,1.0,0.2911857862151071,0.645131031254777,3.7022192818777904,4.86365067497363,0.3337508269935552,0.04712608423125877
lstm,STORE0002,SKU0043,14,546.0,1.0,0.34134324042351694,0.40919232652777626,13.312386376517159,16.64387211999504,0.31797552862680656,0.2521168705307957
lstm,STORE0002,SKU0044,14,974.0,1.0,0.25294425698031636,0.465762917649633,17.597693307059153,21.52868185689602,0.2849340198390136,0.005989215702002054
lstm,STORE0002,SKU0046,14,1470.0,1.0,0.24780108912461468,0.23645358857326365,26.019114358084543,33.38750548997002,0.25837831460663463,-0.1958755856468564
lstm,STORE0002,SKU0048,14,890.0,1.0,0.15640748270441976,0.1772525214726834,9.94304711478097,12.79540046815616,0.16467245421812646,-0.030443410123332154
lstm,STORE0002,SKU0051,14,762.0,1.0,0.2650990273383033,0.3230200474028118,14.42896134512765,17.087476280099477,0.2775092555567366,-0.008041396854430663
lstm,STORE0002,SKU0052,14,690.0,1.0,0.21726025567538496,0.20581090883907374,10.707826886858259,12.914046663372996,0.22553251733326338,-0.158864416592363
lstm,STORE0002,SKU0054,14,1097.0,1.0,0.1684662845858467,0.19543422061214663,13.200536727905273,16.343186537413693,0.17834452922361343,0.014435791599826593
lstm,STORE0002,SKU0055,14,165.0,1.0,0.22992574518377132,0.8059609664060573,2.7098391396658763,3.707490946047943,0.2852668015340142,-0.06443617849638966
lstm,STORE0002,SKU0056,14,305.0,1.0,0.24818257816502307,0.23655641798487578,5.406834738595145,8.720627431154542,0.21702716798114877,-0.023292566518314538
lstm,STORE0002,SKU0058,14,1066.0,1.0,0.1935980333396239,0.24108783741811315,14.741107395717076,20.812415448233423,0.20653509528720912,-0.043588362759989153
lstm,STORE0002,SKU0059,14,273.0,1.0,0.24661706218789348,0.7919907418004773,4.809032712663923,6.444980127167101,0.29295988206161905,0.0218224857316349
lstm,STORE0002,SKU0060,14,598.0,1.0,0.1960216828413233,0.2664101548669086,8.372926167079381,10.334982927102493,0.21082128576432804,0.09593659340338567
lstm,STORE0002,SKU0062,14,188.0,1.0,0.40812183948273356,1.4333747114204665,5.480493273053851,6.881740462274579,0.4526415480242016,0.030590747265105554
lstm,STORE0002,SKU0063,14,529.0,1.0,0.5611427465774161,0.9992535679459779,21.203179495675222,28.091583792096202,0.46952049682944275,0.30690254831584507
lstm,STORE0002,SKU0064,14,1120.0,1.0,0.2745575359889439,0.2938233883481901,21.964602879115514,27.703692121833658,0.2781114229134722,-0.0748166629246303
lstm,STORE0002,SKU0065,14,692.0,1.0,0.28984647541376896,0.35620797471642723,14.326697213309151,20.441414609644454,0.26977673294201404,0.11706716063394713
lstm,STORE0002,SKU0066,14,253.0,1.0,0.4190403029852705,2.542201389909799,7.572656903948102,10.007559711958786,0.48110162843744486,0.30573339047639264
lstm,STORE0002,SKU0069,14,1055.0,1.0,0.15520436074496444,0.1587865788014355,11.69575718470982,17.780469689827893,0.15527591858968237,-0.0169884993566721
lstm,STORE0002,SKU0070,14,1187.0,1.0,0.2566371361749355,0.24742497725462947,21.75916290283203,31.290205961098536,0.24847520744843407,-0.07995402361027011
lstm,STORE0002,SKU0071,14,316.0,1.0,0.2945388178282146,1.0552159699734012,6.648161888122559,9.057421862603142,0.35480868576485985,0.07521896724459488
lstm,STORE0002,SKU0073,14,114.0,1.0,0.22096573679070725,0.21172993925464895,1.7992924281529017,2.4751390404719573,0.2107004148244683,-0.03520523874383224
lstm,STORE0002,SKU0074,14,857.0,1.0,0.1988568389429651,0.21856883660430504,12.172879355294365,15.21758156696185,0.20558883127260077,-0.012417547343909548
lstm,STORE0002,SKU0075,14,387.0,1.0,0.21867209441902102,0.21451464942986812,6.044721467154367,7.444093425266344,0.21634372452765177,-0.04434613664020861
lstm,STORE0002,SKU0078,14,287.0,1.0,0.25281251515245606,0.380025142068487,5.1826565606253485,6.628183098898833,0.2738943960810384,0.1515573973439711
lstm,STORE0002,SKU0079,14,829.0,1.0,0.3217954232983192,0.7309142159424719,19.05488613673619,23.7661588490342,0.351890133261772,0.12375639488671168
lstm,STORE0002,SKU0081,14,766.0,1.0,0.2770768407119472,1.385340208733054,15.160061427525111,19.571355909230178,0.33930802537544613,-0.001668058549766441
lstm,STORE0002,SKU0082,14,632.0,1.0,0.29769451406937614,0.4710012584876094,13.438780920846122,15.601782450480616,0.33287848640947637,0.061121862145918845
lstm,STORE0002,SKU0083,14,884.0,1.0,0.25176148393035475,0.3075076048914706,15.896939413888115,18.79072485847461,0.2523068090825493,0.12727196292100448
lstm,STORE0002,SKU0084,14,259.0,1.0,0.36834230754366254,0.6515245040929237,6.814332689557757,7.874039305609279,0.4159504556850583,0.06076680187092782
lstm,STORE0002,SKU0086,14,104.0,1.0,0.4866156211266151,0.8709606101835062,3.6148588997977122,4.491167852150243,0.4711738690615648,0.16123500237098104
lstm,STORE0002,SKU0087,14,272.0,1.0,0.36205044914694395,0.6448324969907283,7.034123011997768,8.660605530701487,0.3807899783337552,0.19859625311458812
lstm,STORE0002,SKU0088,14,317.0,1.0,0.2723459791309826,0.2556237080414608,6.1666910988943915,7.698423863063303,0.27853426671017617,-0.16403493068947778
lstm,STORE0002,SKU0089,14,503.0,1.0,0.2826724118788247,1.2330268084268512,10.156015941074916,12.549554340026766,0.33985699290550603,-0.058747604400452735
lstm,STORE0002,SKU0090,14,207.0,1.0,0.31163319758171043,1.2970802953345886,4.607719421386719,5.903626958141511,0.34936426244813756,0.10953680213522794
lstm,STORE0002,SKU0092,14,941.0,1.0,0.2328463482426026,0.8340674219093563,15.650600978306361,22.142071378730563,0.2845290243931801,0.0928187436175777
lstm,STORE0002,SKU0093,14,797.0,1.0,0.22625278678712163,0.3703138338548676,12.880247933523995,16.49383347202249,0.25241413822345365,0.04160377760902702
lstm,STORE0002,SKU0096,14,950.0,1.0,0.22361161081414474,0.346850148485015,15.17364501953125,20.895039511182155,0.23661343068181234,0.08860120271381579
lstm,STORE0002,SKU0097,14,727.0,1.0,0.17515791692300872,0.19334768449796297,9.09570040021624,11.337546066453035,0.17132693462811913,0.07618978886033678
lstm,STORE0002,SKU0098,14,446.0,1.0,0.2862630767138015,0.4003384533585343,9.11952372959682,10.95606283790496,0.30659415836586534,0.109466116524598
lstm,STORE0002,SKU0099,14,1098.0,1.0,0.3535100384488132,0.8697424303287482,27.725287301199778,41.85830115541716,0.3454772839437162,0.04602512158114185
lstm,STORE0002,SKU0101,14,200.0,1.0,0.2468267250061035,0.34638212973856747,3.5260960715157643,4.416562795635104,0.28878007467306943,0.0049585914611816224
lstm,STORE0002,SKU0102,14,1430.0,1.0,0.21805852076390406,0.26540593646260147,22.2731203351702,30.517947014955134,0.2386880135089716,-0.08464530464652535
lstm,STORE0003,SKU0001,14,1181.0,1.0,0.16964430974561415,0.17301623382126147,14.310709272112165,16.25890226611357,0.1703121466733822,-0.00850218176135161
lstm,STORE0003,SKU0003,14,272.0,1.0,0.2777429748983944,0.39817699689082925,5.396149226597378,6.199947141157912,0.3193770161179573,-0.11173422196332142
lstm,STORE0003,SKU0004,14,911.0,1.0,0.24877582135498852,0.29003463456477974,16.18819808959961,20.651338094047986,0.24298153387807458,0.10021558106272725
lstm,STORE0003,SKU0005,14,1159.0,1.0,0.1756862149966802,0.17191025420416411,14.54430879865374,17.33390187427773,0.18308782120443665,-0.09039498856604564
lstm,STORE0003,SKU0006,14,1310.0,1.0,0.19390690927287094,0.22037298343586192,18.144146510532924,23.095602406277223,0.20315142205513262,0.04530786412362834
lstm,STORE0003,SKU0007,14,352.0,1.0,0.17788429693742233,0.15984211679932558,4.47251946585519,6.528099491148228,0.1778289823873618,-0.11655859513716264
lstm,STORE0003,SKU0008,14,243.0,1.0,0.38877429098749355,0.6040540712727733,6.748010907854352,7.738713547207331,0.4081930595789244,0.11021624278629759
lstm,STORE0003,SKU0009,14,642.0,1.0,0.2924876940955997,0.32462897753813663,13.412649972098214,19.152580236985717,0.2848576885535255,-0.021109572080808266
lstm,STORE0003,SKU0010,14,419.0,1.0,0.16546555748987313,0.18048265101870928,4.9521477563040595,7.054108445015522,0.15966203684319788,0.0254372070968009
lstm,STORE0003,SKU0011,14,266.0,1.0,0.27982896790468603,0.33081835860083825,5.316750390189035,8.283819264488415,0.25159280561995806,0.020134674875359786
lstm,STORE0003,SKU0012,14,762.0,1.0,0.1698786517766517,0.16876804659718214,9.2462523324149,11.20565627963781,0.18163869749114886,-0.11028056007044834
lstm,STORE0003,SKU0013,14,1042.0,1.0,0.21332606427271397,0.22701117536057475,15.877554212297712,23.226993396813537,0.18864781234108383,0.16545578705829764
lstm,STORE0003,SKU0014,14,723.0,1.0,0.22672492273945366,0.21425475888369652,11.708722795758929,16.827256375310952,0.2241299083263514,-0.10461731801224279
lstm,STORE0003,SKU0015,14,118.0,1.0,0.16726341894117452,0.1746654078990777,1.4097916739327567,1.7503813474393184,0.16569494239306898,0.0013367604401152012
lstm,STORE0003,SKU0016,14,283.0,1.0,0.2668656932170315,0.27013355549061163,5.394499370029995,6.661644927459986,0.24584168706534168,0.06562561196910197
lstm,STORE0003,SKU0019,14,186.0,1.0,0.26923639030866725,0.37868303044376367,3.576997756958008,4.927815414736991,0.2772448563244728,0.14054298400878906
lstm,STORE0003,SKU0020,14,512.0,1.0,0.26797686517238617,0.389345378721527,9.800296783447266,12.834073748521403,0.2850040963471251,0.09301775693893431
lstm,STORE0003,SKU0021,14,560.0,1.0,0.334950167792184,1.145258784830805,13.39800671168736,17.356663358194723,0.3828035942428358,0.033812080110822394
lstm,STORE0003,SKU0022,14,1056.0,1.0,0.24551779573613947,0.34249248980706615,18.519056592668807,22.488716587179525,0.2707142937709007,0.017240878307458126
lstm,STORE0003,SKU0023,14,943.0,1.0,0.2258490383435408,0.28876709725765753,15.212545939854213,18.75130519635061,0.24897760048796977,-0.041644807332141015
lstm,STORE0003,SKU0024,14,659.0,1.0,0.21274988061560485,0.22323544668142853,10.0144408089774,12.52019584874968,0.21398214626390374,-0.03907107872738642
lstm,STORE0003,SKU0025,14,350.0,1.0,0.14582391466413228,0.14523623558608548,3.645597866603307,3.9845257218763144,0.1493853787074912,-0.04322065625871933
lstm,STORE0003,SKU0026,14,1101.0,1.0,0.3039017832354997,0.4099703343361897,23.89970452444894,26.787366634876367,0.32287231960182544,0.040854007953085976
lstm,STORE0003,SKU0028,14,1445.0,1.0,0.16113924336680904,0.15128280149998058,16.631871904645646,21.004816727947926,0.16610105849942455,-0.12078977802633002
lstm,STORE0003,SKU0030,14,558.0,1.0,0.28312812996594283,0.32436279904051357,11.284678322928292,14.604295469260723,0.2903652544336631,-0.04933409878857247
lstm,STORE0003,SKU0031,14,713.0,1.0,0.43571076787705176,0.5736029672946767,22.190126964024135,29.1552029881355,0.4049496453606327,0.0752022624183002
lstm,STORE0003,SKU0033,14,1350.0,1.0,0.2352332955819589,0.20414891935243937,22.683210645403182,31.791764783606798,0.22960266598996068,-0.17479465625904225
lstm,STORE0003,SKU0035,14,2221.0,1.0,0.2661150537702963,0.3915349252193927,42.21725245884487,50.61016529871209,0.30525786960999396,-0.06694669006430098
lstm,STORE0003,SKU0037,14,1223.0,1.0,0.21579414922881107,0.25639679999839676,18.851160321916854,21.593684633415364,0.22549568915643511,0.010707353044511458
lstm,STORE0003,SKU0039,14,191.0,1.0,0.22099901369104835,0.3629457888329655,3.0150579724993025,3.8770570682979786,0.24664090662179478,0.1136732850399317
lstm,STORE0003,SKU0040,14,308.0,1.0,0.3452589109346464,0.4282099483654509,7.595696040562221,8.679046737937881,0.3483465778661694,0.11421315081707843
lstm,STORE0003,SKU0041,14,1210.0,1.0,0.3156570119306076,0.39958483302857156,27.28178460257394,41.19601638587836,0.31822829847374345,0.038103812982228175
lstm,STORE0003,SKU0042,14,176.0,1.0,0.3043885447762229,1.3625048238187254,3.8265988486153737,5.333944562563414,0.3780056480976858,0.05932970480485397
lstm,STORE0003,SKU0043,14,614.0,1.0,0.2887661216313365,0.35119249066862174,12.664457048688616,14.635434688699702,0.29541067756804573,0.09701243596278884
lstm,STORE0003,SKU0044,14,1028.0,1.0,0.34584563437139015,0.4532889755457223,25.39495086669922,30.547821300173798,0.3637615742437664,-0.0485434328071802
lstm,STORE0003,SKU0045,14,859.0,1.0,0.2925118522954903,3.8844675373199364,17.94769150870187,23.191091531171296,0.3567339035391134,0.04886704024113933
lstm,STORE0003,SKU0046,14,1266.0,1.0,0.20424165770905842,0.21712298739481825,18.469281332833425,26.429890054713624,0.1993098314635075,-0.030161593950943547
lstm,STORE0003,SKU0047,14,927.0,1.0,0.30575910483877766,0.4148475351874601,20.245620727539062,23.49804356648672,0.3304278030814466,-0.02622828643041649
lstm,STORE0003,SKU0048,14,898.0,1.0,0.3225366426735519,0.5143248983561216,20.6884217943464,28.254271764069998,0.34797829750680703,-0.047051414880561374
lstm,STORE0003,SKU0049,14,525.0,1.0,0.1621327863420759,0.19146948228099214,6.079979487827846,7.618685068496762,0.17500414227339237,-0.03230689639136905
lstm,STORE0003,SKU0050,14,170.0,1.0,0.40506589552935435,0.7791726527341302,4.918657302856445,5.853920637496107,0.44249568004198697,0.14518403445973116
lstm,STORE0003,SKU0051,14,746.0,1.0,0.2435812144752482,0.30863075820833125,12.979398999895368,15.643699446975814,0.2587974416743111,0.022972833055593393
lstm,STORE0003,SKU0052,14,632.0,1.0,0.2010179652443415,0.20801518638431055,9.074525288173131,11.531269239552486,0.20484098250002228,-0.06312550774103477
lstm,STORE0003,SKU0053,14,403.0,1.0,0.2671679172563198,0.26871090998888,7.690619332449777,8.86813240602455,0.28954457362303315,-0.1798106683395045
lstm,STORE0003,SKU0054,14,1121.0,1.0,0.2582730608896737,0.43054552979173516,20.68029294695173,29.355542796716694,0.2858565014588423,-0.002118405861901331
lstm,STORE0003,SKU0055,14,145.0,1.0,0.3000084449504984,0.6533382295896689,3.1072303227015903,4.0329295448522835,0.35048179851515365,0.08560399022595636
lstm,STORE0003,SKU0056,14,301.0,1.0,0.23018892104443522,0.24446768721206763,4.949061802455357,5.5368556228087815,0.23872438195539586,-0.02235582421388341
lstm,STORE0003,SKU0058,14,1001.0,1.0,0.2698734294879925,0.3494486857599591,19.295950208391464,23.396229528788734,0.284667356397067,0.02330740396078531
lstm,STORE0003,SKU0060,14,634.0,1.0,0.42946852193645874,0.7241157937317527,19.448788779122488,22.987724473406782,0.4675028561194999,0.01566903147411646
lstm,STORE0003,SKU0061,14,1121.0,1.0,0.2111536071940685,0.19957322047592865,16.907370976039342,24.692857261946024,0.2018923353558114,-0.04971775595999317
lstm,STORE0003,SKU0062,14,199.0,1.0,0.16105272302675486,0.15753976238756193,2.2892494201660156,3.004409806500453,0.15571467900109562,-0.016680540151931558
lstm,STORE0003,SKU0063,14,680.0,1.0,0.24334518769208122,0.3155986991432244,11.819623402186803,13.09018452860557,0.28045983410608694,0.019859981536865245
lstm,STORE0003,SKU0064,14,987.0,1.0,0.20498197298523382,0.2761974508711851,14.451229095458984,18.545584908593657,0.21667601608856701,0.07733165891699516
lstm,STORE0003,SKU0065,14,770.0,1.0,0.26616035065093596,0.3601733586983461,14.638819285801478,19.272214761975608,0.285622324857545,-0.02782640828714744
lstm,STORE0003,SKU0066,14,303.0,1.0,0.29268491386186957,0.5151006009151458,6.3345377785818915,7.867525087441194,0.33752367649744813,0.09047707787441342
lstm,STORE0003,SKU0067,14,432.0,1.0,0.25885939598083496,0.2775377207076726,7.987661361694336,9.05281078001449,0.2605703636745581,0.01132704593517163
lstm,STORE0003,SKU0068,14,530.0,1.0,0.19179597530724868,0.21137098078139546,7.260847636631557,9.138278028421775,0.21353926940331372,-0.08984345490077757
lstm,STORE0003,SKU0069,14,1055.0,1.0,0.248881595846601,0.2910513135240594,18.755005972726003,23.282662349933553,0.26958307869991255,-0.02777593531314797
lstm,STORE0003,SKU0070,14,996.0,0.9285714285714286,0.3460578918457031,0.41005627652633253,24.619547162737167,31.157058272910326,0.42045530549240795,0.1039660043984532
lstm,STORE0003,SKU0071,14,347.0,1.0,0.2190416979171357,0.22671414160691133,5.429104941231864,6.502927667741679,0.2199640991419578,-0.03925808293675138
lstm,STORE0003,SKU0073,14,120.0,1.0,0.194578488667806,0.18609778403237748,1.6678156171526228,2.2560874743420563,0.19268142315935974,-0.0821730931599935
lstm,STORE0003,SKU0075,14,386.0,1.0,0.3159970990116732,0.38295698954714996,8.71249144417899,9.987950626215806,0.32817134518551155,-0.02289447883250183
lstm,STORE0003,SKU0076,14,356.0,1.0,0.2159826568003451,0.2378349257463043,5.492130415780204,6.53130104681874,0.22816143563911498,-0.06116383263234337
lstm,STORE0003,SKU0077,14,729.0,1.0,0.21317239455234857,0.22440872316032004,11.100191116333008,12.402720736646943,0.21719962509750887,-0.015176451255264616
lstm,STORE0003,SKU0082,14,612.0,1.0,0.22309855542151757,0.3254361693874265,9.752593994140625,12.502813782258645,0.2455997428797574,0.03484883027918197
lstm,STORE0003,SKU0084,14,303.0,1.0,0.32896709127394674,0.38007161033267167,7.119787761143276,8.10161328206052,0.35134419560735564,-0.09881190183532514
lstm,STORE0003,SKU0086,14,117.0,1.0,0.3744740934453459,0.7686515262904952,3.129533495221819,3.8654868933017514,0.4077745168345178,0.011880662706163194
lstm,STORE0003,SKU0087,14,310.0,1.0,0.15574698909636467,0.3403163793017311,3.448683329990932,5.522856069899206,0.18507122249252234,0.05790770746046497
lstm,STORE0003,SKU0088,14,242.0,0.9285714285714286,0.3405500679961906,0.8761923906862352,5.886651175362723,8.033632032013214,0.4546408862784324,0.08798413237264331
lstm,STORE0003,SKU0089,14,533.0,1.0,0.2335599287365883,0.24631332173689052,8.891960144042969,11.183651741167964,0.24004645203798058,-0.1104116815563438
lstm,STORE0003,SKU0091,14,230.0,1.0,0.22982695206351902,1.0958832874623359,3.775728498186384,4.975338076958323,0.29118704528450173,0.054521975309952446
lstm,STORE0003,SKU0092,14,949.0,1.0,0.27142247962750676,1.3957001085456142,18.39856665475028,24.875705711872158,0.31857575143882155,0.08002163210709053
lstm,STORE0003,SKU0093,14,800.0,1.0,0.33050755500793455,0.43113141500934377,18.886146000453405,23.43580308498442,0.34558432197624095,-0.0016122436523437588
lstm,STORE0003,SKU0094,14,641.0,1.0,0.26500341858767124,0.45049577427610316,12.133370808192662,16.045410728958096,0.2953042053909466,0.04819136811492969
lstm,STORE0003,SKU0095,14,342.0,1.0,0.28503152501513385,0.28055022134169283,6.962912968226841,8.700496251626536,0.2811712673766174,-0.05414219906455595
lstm,STORE0003,SKU0096,14,947.0,1.0,0.33927569444730893,1.9192742075543212,22.94957733154297,28.864588029413248,0.3713907276727748,0.10302618363087382
lstm,STORE0003,SKU0097,14,800.0,1.0,0.18634557723999023,0.18751198661554544,10.648318699428014,14.937844989227216,0.1813818161026183,-0.033596782684326164
lstm,STORE0003,SKU0099,14,1227.0,1.0,0.1333789157012467,0.12158649556749215,11.689709254673549,16.08975984411548,0.1265114416674747,-0.056369287169067084
lstm,STORE0003,SKU0100,14,1105.0,1.0,0.19107490643117223,0.1826088904852423,15.08126940046038,17.76443667943751,0.19656768477398842,-0.13399441404040582
lstm,STORE0003,SKU0101,14,211.0,1.0,0.17008854653598007,0.15744003455151875,2.5634773799351285,3.240356736816458,0.1662340159539127,-0.03229260557635699
lstm,STORE0004,SKU0001,14,1663.0,1.0,0.3145143299022498,0.8158282585027494,37.359809330531526,45.83420238124772,0.3637759137932585,0.012007295260999973
lstm,STORE0004,SKU0002,14,1095.0,1.0,0.20945706302172518,0.20869346343026002,16.38253457205636,19.184160376207704,0.21124303826078888,-0.059805534746004564
lstm,STORE0004,SKU0003,14,392.0,1.0,0.2633538051527374,0.2954491361018949,7.373906544276646,8.545503584069964,0.28166490876179034,-0.12097754770395708
lstm,STORE0004,SKU0005,14,1558.0,1.0,0.2138107995166705,0.24301622743592483,23.79408754621233,26.78419315609583,0.22965877419661654,-0.03598440167839628
lstm,STORE0004,SKU0007,14,466.0,1.0,0.21260304512384115,0.22466529539083618,7.076644216264998,8.564860160189417,0.22425876072536197,-0.08097588453170056
lstm,STORE0004,SKU0008,14,363.0,1.0,0.25464995833467846,0.47403402742737394,6.602709633963449,9.718387677606328,0.27042262871898753,0.02979772478424156
lstm,STORE0004,SKU0009,14,911.0,1.0,0.19398105340783867,0.1974790542999325,12.622624261038643,14.722453162892307,0.19686258370678864,-0.05550344741436051
lstm,STORE0004,SKU0012,14,1052.0,1.0,0.22259128773620374,0.23433465129041461,16.726145335606166,22.166108111252175,0.24047831878675568,-0.11953431118577153
lstm,STORE0004,SKU0013,14,1577.0,0.9285714285714286,0.2860578876850948,0.24928672426950038,32.22237777709961,40.306731369679866,0.3488626757309506,0.17053554053539405
lstm,STORE0004,SKU0014,14,812.0,1.0,0.34919747225756714,1.9190321901608842,20.253453390938894,26.180219093295698,0.37842019354184336,0.12201083704755811
lstm,STORE0004,SKU0015,14,176.0,1.0,0.27013215151700104,0.47723261239008213,3.395947047642299,4.496132020697757,0.2966246433716712,-0.004779035394841965
lstm,STORE0004,SKU0017,14,1849.0,1.0,0.24977066015281701,0.23676393817757976,32.987567901611335,41.50924913882681,0.24471838893548684,-0.10460561336601922
lstm,STORE0004,SKU0018,14,1410.0,1.0,0.2631292302557763,0.27982732280432215,26.500872475760325,34.62538392678394,0.26376752426805206,-0.042168523910197805
lstm,STORE0004,SKU0019,14,297.0,1.0,0.20575463009201717,0.266660985290116,4.364937509809222,6.630864066683512,0.21490706004836108,0.009831701464925964
lstm,STORE0004,SKU0020,14,826.0,1.0,0.25578654938113604,2.0013400243084214,15.091406413487025,19.180557601906266,0.3207508985106725,-0.03309080387143189
lstm,STORE0004,SKU0021,14,958.0,1.0,0.288737772899779,0.8358104532561329,19.75791331699916,24.646383089214854,0.33813696873697513,-0.0934897882704446
lstm,STORE0004,SKU0023,14,1222.0,1.0,0.2202819661891207,0.31469188998849423,19.227468763078964,22.9385636879035,0.2541283118978771,0.06119922569262414
lstm,STORE0004,SKU0024,14,1022.0,1.0,0.2127059593126032,0.20517724325266062,15.527535029820033,18.26068750405866,0.2168738651306082,-0.11417334420340403
lstm,STORE0004,SKU0025,14,450.0,1.0,0.24280140346950954,0.3042177833258669,7.804330825805664,9.115814792777831,0.2530248934296965,0.055378494262695296
lstm,STORE0004,SKU0026,14,1729.0,1.0,0.2749890073177234,0.34549413936552037,33.96114240373884,39.381657763714124,0.3002739542588612,-0.06910432867399872
lstm,STORE0004,SKU0027,14,2403.0,1.0,0.23962086754146836,0.26168158292512783,41.12921033586775,53.44319655462315,0.24137066208338395,-0.017870213655050333
lstm,STORE0004,SKU0028,14,1815.0,1.0,0.33011650316642993,0.7041442408464655,42.797246660505024,51.850100805816325,0.37795597922647756,0.08217934012084625
lstm,STORE0004,SKU0029,14,525.0,1.0,0.3470183672223772,1.431164920045606,13.013188770839147,14.808694986094144,0.39488816075258043,0.02613386608305433
lstm,STORE0004,SKU0031,14,1139.0,1.0,0.2882120837445213,0.3966301131347441,23.44811167035784,28.223901983914367,0.32623310321515436,-0.20957572675776964
lstm,STORE0004,SKU0032,14,1320.0,1.0,0.215500207380815,0.21219295522417683,20.3185909816197,27.101650355487426,0.2163147820713274,-0.12063897450764974
lstm,STORE0004,SKU0033,14,1635.0,1.0,0.20515652811126242,0.2020940943039911,23.959351675851003,29.147268833413786,0.20497810410056563,-0.06035458626003441
lstm,STORE0004,SKU0034,14,3135.0,1.0,0.18703117796488736,0.19343944889388937,41.88162449428013,50.214150579103816,0.19533958267654827,-0.09437618955280602
lstm,STORE0004,SKU0035,14,2944.0,1.0,0.3304640780324522,0.5896205729734597,69.49187469482423,92.79432965524137,0.35391333268078873,-0.03425576894179638
lstm,STORE0004,SKU0036,14,786.0,1.0,0.25590796628374485,0.2712731367448282,14.367404392787389,16.036179984042775,0.27093103299954346,-0.06369081647644818
lstm,STORE0004,SKU0037,14,1788.0,1.0,0.24743822597017223,0.3989568528513822,31.601396288190568,39.8356681757457,0.28003529263922894,-0.056579730654722875
lstm,STORE0004,SKU0038,14,1901.0,1.0,0.25764855831814465,0.2946667338912841,34.98499352591379,43.813641695620625,0.28337220228900944,-0.16898557049923355
lstm,STORE0004,SKU0039,14,282.0,1.0,0.22866879456432154,0.23345816856709298,4.606042861938477,6.231884566921568,0.22263830835739443,-0.028060439630603114
lstm,STORE0004,SKU0040,14,515.0,1.0,0.21313942474068948,0.32588052615260726,7.840485981532505,9.315387663245806,0.26248332082408676,-0.09856091841910652
lstm,STORE0004,SKU0041,14,1795.0,1.0,0.22839281512502177,0.2300958372607175,29.283221653529576,33.266919606675785,0.22756431286342135,-0.05187997632039955
lstm,STORE0004,SKU0045,14,1259.0,1.0,0.1965505162148934,0.2524394170354644,17.675507136753627,21.195441912556696,0.22302561861986442,0.00804838100248522
lstm,STORE0004,SKU0046,14,1925.0,1.0,0.262698304807985,0.2873884538376884,36.12101691109793,41.7488831704467,0.28716984052953076,-0.16227479216340301
lstm,STORE0004,SKU0047,14,1200.0,1.0,0.21735105514526368,0.30752363789138204,18.6300904410226,26.03720590739417,0.24375308114269192,-0.01685855229695638
lstm,STORE0004,SKU0048,14,1242.0,1.0,0.34237470027905154,0.5595223544160628,30.373526981898717,39.42046576621682,0.3795241893904739,-0.07456045718968586
lstm,STORE0004,SKU0049,14,781.0,1.0,0.22360138154365647,0.2215901164252605,12.473762784685407,15.297936754206173,0.2255055871583123,-0.059985733520664115
lstm,STORE0004,SKU0050,14,248.0,1.0,0.3046835622479839,0.829234402834964,5.397251674107143,6.539719259178242,0.36574111036472334,0.03532683464788621
lstm,STORE0004,SKU0051,14,970.0,1.0,0.3955490269611791,1.3466438458137922,27.405896868024552,36.73588591668842,0.46556494912221474,0.09010909562258376
lstm,STORE0004,SKU0052,14,857.0,1.0,0.328298927048958,0.419691898834019,20.09658432006836,24.27818465450871,0.3392738608973383,0.005907181124425686
lstm,STORE0004,SKU0053,14,442.0,1.0,0.2885127175447628,0.5564561621656838,9.108758653913226,12.314167578251856,0.3177191819142709,0.04839195493119872
lstm,STORE0004,SKU0054,14,1285.0,1.0,0.26655637392274134,0.3887511943019094,24.466067177908762,29.65907074417517,0.2831866684178231,0.13973271707616428
lstm,STORE0004,SKU0055,14,228.0,1.0,0.21589192172937227,0.23698389003822046,3.515954153878348,4.187257581632976,0.22098930520597507,-0.04201142829761171
lstm,STORE0004,SKU0056,14,437.0,1.0,0.24367347298279507,0.2783527206249458,7.606093406677246,8.861736355515971,0.2633066750245878,-0.08740624137546708
lstm,STORE0004,SKU0057,14,1483.0,1.0,0.19728706755995032,0.20575468088053755,20.898337227957594,28.633205543588566,0.2015542436997455,-0.11138074364279543
lstm,STORE0004,SKU0058,14,1361.0,1.0,0.3036291443364398,0.41681564678592525,29.51709038870675,36.76009820885409,0.31502500683374507,0.0614062834101333
lstm,STORE0004,SKU0060,14,841.0,1.0,0.18991770160325783,0.23859554517575132,11.40862764630999,15.903874970613801,0.19030717758944396,0.08775533705630853
lstm,STORE0004,SKU0061,14,1480.0,1.0,0.20209547506796346,0.20430456854905307,21.364378792898997,25.063085384694986,0.1958334591930444,0.022388468561945717
lstm,STORE0004,SKU0062,14,293.0,1.0,0.17651587216113615,0.1606191772858673,3.6942250388009206,4.808483627943328,0.17593721496595266,-0.11198160998243516
lstm,STORE0004,SKU0063,14,970.0,1.0,0.19894735591927754,0.2024726940709732,13.784209660121373,17.67271105094837,0.2047606217000086,-0.03550632122865657
lstm,STORE0004,SKU0064,14,1440.0,1.0,0.26883521609836153,0.3165356722611335,27.651622227260045,34.24645683392549,0.269540846735295,0.04537795384724936
lstm,STORE0004,SKU0065,14,1077.0,1.0,0.2631382990901738,0.2384677523540164,20.24285343715123,33.23939330915471,0.229766184841951,-0.03531029009664067
lstm,STORE0004,SKU0066,14,424.0,0.9285714285714286,0.32117002415207196,0.3496394852476957,9.726863588605609,12.942682701700505,0.39736736774800646,0.09012418423058852
lstm,STORE0004,SKU0068,14,562.0,1.0,0.30602814888190544,0.38481804385833673,12.284844262259346,15.428524285914287,0.2997582330527932,0.1405119098378246
lstm,STORE0004,SKU0070,14,1545.0,1.0,0.2652523053116783,0.41617599437347513,29.272486550467356,37.39589577324243,0.28622858906808,0.026116938421255582
lstm,STORE0004,SKU0071,14,421.0,1.0,0.2530506206521512,0.34704341359837965,7.609593663896833,9.077428509086303,0.26128570955782354,0.12356258854446955
lstm,STORE0004,SKU0072,14,588.0,1.0,0.27835192647920987,0.27131146677847306,11.690780912126813,14.909294354212106,0.27235950176929696,-0.06340780063551298
lstm,STORE0004,SKU0075,14,539.0,1.0,0.2736875643756704,0.4190828880089829,10.53697122846331,14.270570698262095,0.2902326295410642,-0.05923881601535322
lstm,STORE0004,SKU0076,14,386.0,1.0,0.41553128198020817,0.557116216226888,11.456791060311454,12.90949381258117,0.40990652775889364,0.21205376837537696
lstm,STORE0004,SKU0077,14,944.0,1.0,0.30559784679089563,1.2721082111763518,20.606026240757533,30.879473002358914,0.37910783281883537,0.05917571762860835
lstm,STORE0004,SKU0078,14,475.0,1.0,0.21892291420384458,0.2427210166996566,7.427741731916155,8.447221581537251,0.22877987609071052,-0.032934457879317425
lstm,STORE0004,SKU0079,14,1285.0,1.0,0.22200369630806177,0.23635407636016273,20.37676783970424,25.867366029842565,0.2263849282288421,-0.03571171742005108
lstm,STORE0004,SKU0081,14,1199.0,1.0,0.25358722804485506,0.28590185830761206,21.71793474469866,27.023220925649206,0.2666037963906827,-0.10474482926853107
lstm,STORE0004,SKU0085,14,1270.0,1.0,0.1701857499250277,0.2026229342757461,15.43827874319894,18.073435376970323,0.1970179579660243,-0.028039881188099768
lstm,STORE0004,SKU0087,14,478.0,1.0,0.2768184470332317,0.48047108826486645,9.451372691563197,12.070802202328483,0.3198268497524447,-0.049392516642933613
lstm,STORE0004,SKU0088,14,340.0,0.9285714285714286,0.2443258285522461,0.17481583265557885,5.933627264840262,8.620121184357542,0.3004418443922761,0.06381529639748966
lstm,STORE0004,SKU0090,14,284.0,1.0,0.21077987509714052,0.2580868446484724,4.275820323399136,5.631152468302455,0.20843021125321154,0.1325691250008596
lstm,STORE0004,SKU0091,14,408.0,1.0,0.21309952642403396,0.21815245089043406,6.210329055786133,7.238309058951097,0.24731293098463566,-0.18202335694256946
lstm,STORE0004,SKU0092,14,1296.0,1.0,0.27670471756546583,0.3119205837249871,25.61495099748884,29.048863573611815,0.26631800724290405,0.14239194658067494
lstm,STORE0004,SKU0093,14,1345.0,1.0,0.1886440404728886,0.16930473392925932,18.123302459716797,24.203431114281702,0.18417356675493957,-0.12187497163793855
lstm,STORE0004,SKU0095,14,468.0,1.0,0.2874902456234663,0.4847648607963491,9.610388210841588,11.902712641965175,0.3231634778314137,-0.03532864089704985
lstm,STORE0004,SKU0096,14,1579.0,1.0,0.13715476095865167,0.12687807913382193,15.469097682407929,26.030770485632853,0.13465638820079195,-0.07240478051773275
lstm,STORE0004,SKU0097,14,1146.0,1.0,0.1496705526248739,0.16592147353699485,12.25160380772182,17.293425864896953,0.15949680458163365,-0.05833801882013184
lstm,STORE0004,SKU0098,14,620.0,1.0,0.24967347421953756,0.3867869238012203,11.056968144008092,12.965740027976087,0.2859376800391347,0.03825618374732233
lstm,STORE0004,SKU0099,14,1429.0,1.0,0.3560977185665101,0.6995002855848984,36.34740284511021,43.45433659956193,0.4053504243941134,0.2127572841123737
lstm,STORE0004,SKU0100,14,1247.0,1.0,0.21584137746020135,0.2323368910371494,19.225299835205078,23.36696081325837,0.21245546239584123,0.042167712519813175
lstm,STORE0004,SKU0101,14,279.0,1.0,0.2322696972918767,0.2243825193055054,4.628803253173828,6.183808902957925,0.22016565874926766,-0.018681939784771225
lstm,STORE0004,SKU0102,14,1893.0,1.0,0.19965612831659818,0.255714469156236,26.996360778808597,36.93343074752557,0.21437350119119064,-0.012475329609189267
lstm,STORE0005,SKU0001,14,1634.0,1.0,0.24716412043483926,0.41362799944328366,28.847583770751953,38.189953880894286,0.261359213388047,0.021420515006729566
lstm,STORE0005,SKU0002,14,1008.0,1.0,0.2275114589267307,0.26659436810022946,16.38082504272461,19.580737148800754,0.23285799016071954,0.019800784095885263
lstm,STORE0005,SKU0003,14,327.0,1.0,0.2928360405318234,0.3585456918597999,6.839813232421875,7.903132696948091,0.30278394228501787,0.04379867413722046
lstm,STORE0005,SKU0004,14,1459.0,1.0,0.26932031998820627,0.30073099011010906,28.067024775913783,36.236693824689965,0.2656681759818852,-0.004601466157323616
lstm,STORE0005,SKU0005,14,1269.0,1.0,0.27085869250286276,0.32881756741797175,24.55140577043806,35.52287691105098,0.2507428731979758,0.18168608873636355
lstm,STORE0005,SKU0006,14,2295.0,1.0,0.386103438499966,0.4163801777437924,63.29338509695871,73.81244427335784,0.3966857679486662,-0.14570806499140457
lstm,STORE0005,SKU0007,14,492.0,1.0,0.2027437318631304,0.23202097501301186,7.124994005475726,8.50167067838789,0.21830833932132682,-0.09174128276545827
lstm,STORE0005,SKU0009,14,903.0,1.0,0.34512894758222373,0.6716109021842872,22.26081711905343,29.607647371145013,0.36637980882881543,0.016693043418368893
lstm,STORE0005,SKU0010,14,531.0,1.0,0.2996285002110368,1.139143356127399,11.364480972290039,14.157908443171051,0.3656542727233442,0.13968515485918007
lstm,STORE0005,SKU0011,14,366.0,1.0,0.1888456917851349,0.23253981569383203,4.9369659423828125,5.661453662981353,0.21674661557182623,-0.016986805233147616
lstm,STORE0005,SKU0012,14,1056.0,1.0,0.2010783932425759,0.2447957246909688,15.16705594744001,20.5847977292622,0.2180467674328725,-0.08776157552545721
lstm,STORE0005,SKU0013,14,1453.0,1.0,0.5416227210741247,2.2065378741379154,56.21270098005022,77.64693017952875,0.5216068444931997,0.30928473265845446
lstm,STORE0005,SKU0014,14,832.0,1.0,0.18934821624022263,0.21884669109234164,11.252693993704659,13.39808875581496,0.19171755465565915,0.08534798713830802
lstm,STORE0005,SKU0015,14,198.0,1.0,0.28675828798852787,0.3468751123208723,4.0555815015520364,4.999340067071412,0.3072041567087877,-0.14601221951571378
lstm,STORE0005,SKU0016,14,417.0,1.0,0.3583562745750665,0.4961429470956515,10.673897606985909,13.464202687321166,0.37157048399466086,0.012016900151753596
lstm,STORE0005,SKU0018,14,1259.0,1.0,0.23778581808634083,0.4198859313560917,21.383738926478795,27.148824906235255,0.2681372695022642,0.07108986197813248
lstm,STORE0005,SKU0019,14,248.0,1.0,0.38157058531238186,1.0235818893026034,6.759250368390765,10.375960966827638,0.40227417844683844,0.2111898083840647
lstm,STORE0005,SKU0020,14,625.0,1.0,0.4008509338378906,0.6274934900942017,17.895130974905832,22.23226247542358,0.3899263458878279,0.2808292907714844
lstm,STORE0005,SKU0021,14,911.0,1.0,0.2053384875099693,0.20744128723167896,13.361668722970146,15.753611514538912,0.21009076473395663,-0.050565524891624074
lstm,STORE0005,SKU0022,14,1380.0,1.0,0.30035823324452277,0.5648806372818623,29.606740134102957,37.311467759359,0.3211608516783843,0.12878926042197408
lstm,STORE0005,SKU0023,14,1133.0,1.0,0.37231395482385676,0.5717833703276576,30.130836486816406,36.34009070482085,0.37843627305602956,0.1565101131967812
lstm,STORE0005,SKU0026,14,1544.0,1.0,0.31611127803980377,0.3987354199642695,34.86255809238979,39.69113598897517,0.3269107724435168,0.02301592159765373
lstm,STORE0005,SKU0027,14,2564.0,1.0,0.18821336624216922,0.19826686304142016,34.46993364606585,41.57434134032171,0.20009836534808784,-0.09911434512800434
lstm,STORE0005,SKU0028,14,2042.0,1.0,0.29240306887874173,0.6084003591933079,42.64907618931362,54.28869204742491,0.33142761237909546,-0.0400328752926818
lstm,STORE0005,SKU0031,14,1061.0,1.0,0.2398898513894616,0.23115963125074,18.180223737444198,25.37120537968251,0.239819401791119,-0.1308244710593264
lstm,STORE0005,SKU0033,14,1527.0,1.0,0.22827778974232052,0.2455831012127205,24.898584638323104,30.09241971440846,0.22752684651695973,0.004296203493369361
lstm,STORE0005,SKU0034,14,2695.0,1.0,0.31244727083393725,0.3911503226136141,60.14609963553293,64.96862385002926,0.3409972937669051,-0.05232220651488578
lstm,STORE0005,SKU0035,14,2860.0,1.0,0.24021488002963834,0.3060279160321783,49.07246834891183,65.96969463096971,0.2530332584788933,-0.006871982387729438
lstm,STORE0005,SKU0036,14,706.0,1.0,0.18880073612202325,0.2873839546437672,9.520951407296314,12.859217089043776,0.2121681122958934,0.09559780477464368
lstm,STORE0005,SKU0038,14,1625.0,1.0,0.3209565194936899,0.46776350354683777,37.25388172694615,44.150495097933394,0.3564691889097554,-0.06795958064152642
lstm,STORE0005,SKU0039,14,295.0,1.0,0.24616418612205376,0.2700039037510418,5.187031064714704,5.6254546258112,0.25939963069673494,-0.07435766963635462
lstm,STORE0005,SKU0040,14,431.0,1.0,0.2143920270030294,0.2803969748158676,6.600211688450405,8.23927461049146,0.22736760702010625,0.049637863088373244
lstm,STORE0005,SKU0041,14,1350.0,1.0,0.36726369222005206,0.6367690042058356,35.41471317836216,50.093871863531255,0.3446046339702373,0.20140625
lstm,STORE0005,SKU0043,14,925.0,1.0,0.20660950119430954,0.22130452231577094,13.65098490033831,16.749627835207928,0.21465558630382003,-0.06052807369747677
lstm,STORE0005,SKU0045,14,985.0,1.0,0.40351894785304965,0.617680475827905,28.390440259660995,37.90618032415903,0.38256111769591605,0.2680886670417592
lstm,STORE0005,SKU0048,14,1173.0,1.0,0.21474536788433105,0.25361749704731046,17.992594037737167,21.107611418866263,0.23055303327179294,-0.012182991827845269
lstm,STORE0005,SKU0049,14,789.0,1.0,0.24945321705555887,0.775112972505952,14.058470589773995,17.928937850774286,0.3073491363471136,-0.0792499634098493
lstm,STORE0005,SKU0050,14,257.0,1.0,0.19836955682776783,0.24572068140964753,3.6414982931954527,4.369266417605887,0.20962668598615153,0.003807438950594297
lstm,STORE0005,SKU0051,14,1281.0,1.0,0.23896934872581846,0.23001657075703924,21.86569540841239,25.526656243163647,0.25213043247372396,-0.1849941876044411
lstm,STORE0005,SKU0052,14,866.0,1.0,0.23985006847778037,0.3315415179098376,14.836439950125557,19.279866909203623,0.2525986531437641,0.010283542835684901
lstm,STORE0005,SKU0053,14,455.0,0.9285714285714286,0.29555758381937886,0.23302556805997018,9.605621474129814,12.996179794714848,0.35092970611542823,0.007355444771902933
lstm,STORE0005,SKU0054,14,1421.0,1.0,0.31346393990566995,6.908402573356232,31.8165899004255,41.42203063384427,0.37329656725215143,0.02235858764218915
lstm,STORE0005,SKU0055,14,213.0,1.0,0.29369345293358456,1.2215159157463784,4.46833610534668,6.077445627236765,0.3422375840633419,0.01899688792340634
lstm,STORE0005,SKU0056,14,455.0,1.0,0.26669029403518846,0.3043531223838309,8.667434556143624,11.568635189936295,0.28817766400010864,-0.15622745136638264
lstm,STORE0005,SKU0057,14,1247.0,1.0,0.2576705455397642,0.36359964641019404,22.95108359200614,29.433897480229174,0.2721882449145661,0.03502856318053958
lstm,STORE0005,SKU0058,14,1467.0,1.0,0.24639961747141542,0.2833995053122844,25.81915991646903,29.802525032179002,0.2601986193462453,-0.03489280965918166
lstm,STORE0005,SKU0060,14,923.0,1.0,0.3634152727550701,0.4507107294585028,23.959449768066406,29.12117552513587,0.3748691308235649,-0.00088411705207204
lstm,STORE0005,SKU0062,14,300.0,1.0,0.21435052235921223,0.21493222026733763,4.593225479125977,5.9364575921973906,0.2268363141424139,-0.15827274322509766
lstm,STORE0005,SKU0063,14,922.0,1.0,0.22716149021901696,1.8644414600315529,14.96020671299526,19.223985606771056,0.3000124706730923,-0.007266783145399792
lstm,STORE0005,SKU0064,14,1440.0,1.0,0.16797622044881186,0.20048438757472228,17.27755410330636,22.791532241366284,0.1757348115189019,0.03254706064860021
lstm,STORE0005,SKU0066,14,408.0,1.0,0.23662521324905697,0.48397302549887733,6.895934786115375,8.929102572613623,0.27403686260828414,0.13151091220332126
lstm,STORE0005,SKU0067,14,633.0,1.0,0.24558231540577483,1.0490894418951169,11.103828975132533,15.66629625337088,0.29427952730921214,-0.045000157650048146
lstm,STORE0005,SKU0068,14,689.0,1.0,0.2230034981825874,0.20872852588368349,10.974957874843053,13.5072249764142,0.21456868325834902,-0.0670972306427312
lstm,STORE0005,SKU0070,14,1516.0,1.0,0.30872194999755215,3.4119050099577604,33.4301768711635,47.11752559414978,0.4169852121617112,0.06400841584620816
lstm,STORE0005,SKU0071,14,460.0,1.0,0.23087673187255858,0.38364023703341876,7.585949761526925,9.671573613872695,0.2558182099225834,0.028667400194251035
lstm,STORE0005,SKU0072,14,626.0,1.0,0.2322087272668418,0.22609171181212942,10.383047376360212,12.840101592678757,0.24156607585221318,-0.12304084217205596
lstm,STORE0005,SKU0073,14,127.0,0.9285714285714286,0.43868177519069884,0.46704937713314787,3.9794703892299106,5.085124279848105,0.46536770532254895,0.19803745540108267
lstm,STORE0005,SKU0074,14,1170.0,1.0,0.262812495435405,0.2967487640563175,21.96361568995885,27.74200091143526,0.26368369649219403,-0.04130671900561733
lstm,STORE0005,SKU0075,14,553.0,0.9285714285714286,0.39294335639498335,0.3664380724181596,15.521262577601842,18.200250607531917,0.47312655604274634,-0.08492657073367568
lstm,STORE0005,SKU0076,14,437.0,1.0,0.23879765263956798,0.33847644652047876,7.45389815739223,9.80120480339345,0.25438946376717697,0.0752146347709324
lstm,STORE0005,SKU0077,14,853.0,1.0,0.2833622689822914,0.6579063987135715,17.26485824584961,21.408890139262773,0.33975640189400036,0.16611171243897915
lstm,STORE0005,SKU0079,14,1154.0,1.0,0.24308225476349246,1.585198878133744,20.036922999790736,28.95360856700699,0.2898318163409768,0.07245334512852712
lstm,STORE0005,SKU0080,14,1197.0,1.0,0.30435064024196234,0.5575603224880953,26.02197974068778,31.02207057112674,0.35260008614667004,0.05044909407919211
lstm,STORE0005,SKU0081,14,1122.0,1.0,0.23344557383056205,0.24130920360340719,18.708995274135045,25.81209786480723,0.23291879720134748,-0.0598622014390806
lstm,STORE0005,SKU0082,14,911.0,1.0,0.31181685513644003,0.36414784605569955,20.290368216378347,23.035037759325764,0.31533143426904153,0.04489109780471751
lstm,STORE0005,SKU0083,14,1247.0,1.0,0.278710102977615,0.3354543823777399,24.82510702950614,29.628639282421993,0.28480318372999086,0.07102960190394447
lstm,STORE0005,SKU0084,14,296.0,1.0,0.39350516731674606,1.097461035093429,8.31982353755406,10.827439708825459,0.4409342489230089,0.21572505461203084
lstm,STORE0005,SKU0085,14,1371.0,1.0,0.28872396857263743,0.5856260677053967,28.27432577950614,39.73560417319922,0.32498773247789176,-0.07285514180456783
lstm,STORE0005,SKU0086,14,135.0,0.9285714285714286,0.32615006058304397,0.3156598921739932,3.1450184413364957,4.900977291049344,0.3744056688857745,0.1380064222547743
lstm,STORE0005,SKU0087,14,436.0,1.0,0.2448472626712344,0.33859348146054125,7.6252433231898715,8.967662117432711,0.2701372393688461,0.06488827171675655
lstm,STORE0005,SKU0088,14,353.0,1.0,0.2959713598148681,0.5614113654590318,7.462706429617746,9.40676070761835,0.3317670874348272,0.02368105707357694
lstm,STORE0005,SKU0089,14,749.0,1.0,0.2742069483758292,0.2898827171235051,14.670071738106865,17.768720396175674,0.2878250165825232,-0.11052153807615883
lstm,STORE0005,SKU0091,14,329.0,1.0,0.17102300069977086,0.1560418961447935,4.019040516444615,5.041657902838727,0.15435842585389037,0.013865821629672075
lstm,STORE0005,SKU0094,14,1048.0,1.0,0.21874685505874283,0.2609809144700301,16.374764578683035,21.29426435426792,0.23560871474587325,-0.07968078496801945
lstm,STORE0005,SKU0095,14,571.0,1.0,0.262953683081525,0.23418711900277792,10.724753788539342,14.786123358397232,0.26776226371846196,-0.21318790415748823
lstm,STORE0005,SKU0096,14,1530.0,1.0,0.20696763680651298,0.2644724846214147,22.61860602242606,27.14650364234078,0.22828230614344608,-0.05431393392724932
lstm,STORE0005,SKU0098,14,711.0,1.0,0.1783091066255851,0.19305669363487904,9.05555534362793,13.071466272528834,0.18939790423632835,-0.06018568057718828
lstm,STORE0005,SKU0100,14,1179.0,1.0,0.3014743277539228,0.36734090629670246,25.388445172991073,31.088123558786233,0.29909025981573306,0.09117411192035757
lstm,STORE0005,SKU0101,14,261.0,1.0,0.34502608931384326,1.0784011448041946,6.432272093636649,8.509137883828977,0.42346055850093983,0.03428244316714934
lstm,STORE0005,SKU0102,14,2057.0,1.0,0.20288893755744486,0.22346248614927317,29.810181753976003,35.631696736709436,0.22638459897704744,-0.09212636692638701
lstm,STORE0006,SKU0001,14,1469.0,1.0,0.3093944157443946,0.40151520298235893,32.46431405203683,39.071945828532044,0.30798600274943894,0.14436110775027658
lstm,STORE0006,SKU0003,14,297.0,1.0,0.32129546528312086,0.5937438929536161,6.816053799220493,9.155716357080992,0.3380028312348687,0.1773863962603739
lstm,STORE0006,SKU0004,14,1365.0,1.0,0.25124493832989925,0.39409682172965255,24.496381487165177,34.57826056825317,0.26965251438984333,0.06290408403445513
lstm,STORE0006,SKU0005,14,1530.0,1.0,0.17053223154903238,0.23181817662515777,18.636736733572825,23.939877374922695,0.20800695187847565,-0.021391640457452513
lstm,STORE0006,SKU0006,14,1978.0,1.0,0.25754755403925605,1.4760396008022039,36.387790134974885,47.241414566886995,0.33752793454291724,-0.028688629428103664
lstm,STORE0006,SKU0007,14,453.0,1.0,0.19834893165571538,0.2834598028609024,6.418004717145648,8.197910469175765,0.21759446058804285,-0.018186842895238326
lstm,STORE0006,SKU0008,14,381.0,1.0,0.24788494560662216,0.3920414124136634,6.746011734008789,8.102226424205051,0.277699571723503,0.01330625478989809
lstm,STORE0006,SKU0009,14,920.0,1.0,0.1563489167586617,0.18109895907911336,10.274357386997767,15.545107061050864,0.16406928977635585,-0.02342444710109543
lstm,STORE0006,SKU0010,14,576.0,1.0,0.2586773700184292,0.5256935330105115,10.642726080758232,15.295994252062183,0.277647782748295,0.025414950317806717
lstm,STORE0006,SKU0011,14,360.0,1.0,0.2528162585364448,0.37080792413764785,6.500989505222866,7.927240954203587,0.277737658386454,0.03463124699062775
lstm,STORE0006,SKU0012,14,852.0,1.0,0.3439750357972624,0.8066859180225416,20.933337892804825,25.835405454187836,0.3996004928307738,0.15260794464970978
lstm,STORE0006,SKU0013,14,1958.0,1.0,0.16900819460875655,0.15702742632360497,23.637003217424667,31.89927930305803,0.162683910098239,-0.037076690954377864
lstm,STORE0006,SKU0017,14,1393.0,1.0,0.40094759818554265,1.707552330954207,39.8942860194615,50.25145013785041,0.4528610586116241,0.19372677991309786
lstm,STORE0006,SKU0018,14,1342.0,1.0,0.2237264004975957,0.2643475877136813,21.44577353341239,27.759916133369156,0.2275324662183948,0.016286881243596302
lstm,STORE0006,SKU0019,14,307.0,1.0,0.2950847265386426,0.493620659401286,6.470786503383091,9.107526364225109,0.31057757138364417,-0.004498882480087032
lstm,STORE0006,SKU0020,14,812.0,1.0,0.24799805439164485,0.32165598980663784,14.383887154715401,16.85193004888941,0.26970906828190466,-0.0017385153934873297
lstm,STORE0006,SKU0021,14,755.0,1.0,0.24808576470179275,0.32125758333190907,13.378910882132393,17.086223306689085,0.2482671928378684,0.15631987211720044
lstm,STORE0006,SKU0022,14,1508.0,1.0,0.24733904122673864,0.6226808783453073,26.64194815499442,36.03151247648514,0.27927675515223543,0.020502783575488032
lstm,STORE0006,SKU0023,14,1272.0,1.0,0.28443706560434784,0.552790910992414,25.84313910348075,33.34272366833744,0.3260943260002081,0.036094107717837935
lstm,STORE0006,SKU0025,14,499.0,1.0,0.28377609023589173,1.6594742084131682,10.114590644836426,14.949919574071714,0.33620044240109387,-0.02478626304733489
lstm,STORE0006,SKU0026,14,1829.0,1.0,0.21224463344467606,0.21749686189310663,27.728245326450892,34.75788349274369,0.22163421772954323,-0.1183296983655259
lstm,STORE0006,SKU0028,14,1773.0,1.0,0.28362543974229326,0.5797600854035941,35.91913604736328,47.9129648211834,0.3313863274374796,0.1283746709678379
lstm,STORE0006,SKU0029,14,550.0,1.0,0.2077366776899858,0.22878042945311097,8.161083766392299,9.496200017346549,0.21517396509225803,-0.022467914928089482
lstm,STORE0006,SKU0030,14,772.0,1.0,0.2103009594536816,0.21772634783263797,11.596595764160156,15.02629632764509,0.21066121789751685,-0.035118458802218276
lstm,STORE0006,SKU0031,14,943.0,1.0,0.3184364011406519,0.40012216524200644,21.44896616254534,24.74269995876497,0.33009976306339833,0.027092340010221292
lstm,STORE0006,SKU0032,14,1432.0,1.0,0.22378717454452088,0.2052044313353652,22.890230996268137,28.941901565154687,0.23503928732905854,-0.18768335587485543
lstm,STORE0006,SKU0033,14,1674.0,1.0,0.36619638513635705,0.6091271891079179,43.786624908447266,54.77364437199225,0.39670628881229614,-0.03498707706355707
lstm,STORE0006,SKU0034,14,2432.0,1.0,0.46081560536434774,1.0124880164541863,80.05025373186383,100.69330072974178,0.46008388760172675,0.08263141230532996
lstm,STORE0006,SKU0035,14,3647.0,1.0,0.27841067281461,0.24665907328599584,72.52598026820591,95.49869199006079,0.2849415036525453,-0.2319300583299951
lstm,STORE0006,SKU0036,14,661.0,1.0,0.2672435050652716,0.624442868891683,12.617711203438896,16.507511036656744,0.29026765365783913,0.1610439606405423
lstm,STORE0006,SKU0037,14,1684.0,1.0,0.28329845618748606,0.3771282243185539,34.0767571585519,39.89064785700455,0.30665457869421575,-0.006914877268594121
lstm,STORE0006,SKU0038,14,1642.0,1.0,0.3379480591935449,0.4421227549750175,39.63647951398577,45.37273536273993,0.36000415598021585,-0.03229184911544374
lstm,STORE0006,SKU0039,14,251.0,1.0,0.32144485716800764,0.9917580800816912,5.763047082083566,7.511103268195982,0.35799101349265083,0.09835786553493063
lstm,STORE0006,SKU0040,14,537.0,1.0,0.267166020483944,0.31815043343971544,10.247725214276995,13.176861019543539,0.2844443068001171,-0.12912535356631713
lstm,STORE0006,SKU0041,14,1818.0,1.0,0.1876050531536308,0.19542659749194827,24.36185618809291,28.998603486873805,0.19347573866841739,-0.05597014894055324
lstm,STORE0006,SKU0042,14,248.0,1.0,0.2760541823602492,1.5834493404627314,4.890102658952985,6.873714794392569,0.3203994971744186,0.015175496378252598
lstm,STORE0006,SKU0044,14,1507.0,1.0,0.27371113048773693,0.2590623810274963,29.463048117501394,40.175759627230306,0.27125727321184967,-0.13273198887775017
lstm,STORE0006,SKU0045,14,1420.0,1.0,0.22576280781920527,0.23275557678677958,22.898799078805105,29.17750366439625,0.24275268191242683,-0.1268562934768032
lstm,STORE0006,SKU0046,14,1571.0,1.0,0.4119795198883698,0.661566970413724,46.229987553187776,59.224331629716275,0.42801727533729483,0.06749059044578741
lstm,STORE0006,SKU0047,14,1285.0,1.0,0.2387036690916069,0.259357373091669,21.90958677019392,26.566589100240897,0.24612757331915122,-0.052010093124924
lstm,STORE0006,SKU0048,14,1136.0,1.0,0.33650263934068275,0.466294393063582,27.304785592215403,31.410380220007752,0.35614793015196183,0.05712361402914558
lstm,STORE0006,SKU0050,14,250.0,1.0,0.23552862548828124,0.2489258561952457,4.205868312290737,4.9792256107658766,0.22989740282995957,0.045810577392578114
lstm,STORE0006,SKU0052,14,965.0,1.0,0.19536628525491823,0.19563705216877367,13.466318947928292,17.791888781803518,0.19478003384260653,-0.07929683546945838
lstm,STORE0006,SKU0053,14,441.0,1.0,0.3571198435327093,0.5982442382939277,11.249275071280342,14.446606586886865,0.3803717279041828,0.06113179957244942
lstm,STORE0006,SKU0054,14,1880.0,1.0,0.27647963178918716,0.2732968434273447,37.12726484026228,46.4115383510717,0.30071937217840355,-0.2347251405107214
lstm,STORE0006,SKU0055,14,230.0,1.0,0.3106558758279552,0.44164823389663066,5.103632245744977,6.6876953847078005,0.33231054226979323,-0.026013813848080828
lstm,STORE0006,SKU0056,14,379.0,1.0,0.3558408691889378,1.3359967419021685,9.633120673043388,14.251276155311452,0.40358574588148394,0.05703483722455273
lstm,STORE0006,SKU0057,14,1481.0,1.0,0.3155698499351156,0.36529038277804865,33.382781982421875,40.55317475436343,0.3325449309229325,-0.11280000572024287
lstm,STORE0006,SKU0058,14,1505.0,0.9285714285714286,0.34795676703468903,0.37236567042958707,37.405352456229075,48.29386030644935,0.42357583885824285,-0.03460416065102004
lstm,STORE0006,SKU0060,14,986.0,1.0,0.14915395508431517,0.14666273903235325,10.504699979509626,12.707387232784544,0.15146633092608358,-0.06792398495316264
lstm,STORE0006,SKU0063,14,749.0,1.0,0.5137756765286658,0.9302019616103075,27.48699869428362,37.2074575344809,0.46684094022701245,0.2504882354125162
lstm,STORE0006,SKU0064,14,1484.0,1.0,0.13453420345995304,0.139837529877363,14.260625566755023,17.66050529094818,0.13257820585549915,0.02931289467207506
lstm,STORE0006,SKU0065,14,954.0,1.0,0.28428998983131265,0.3029627962155694,19.372332164219447,27.848342300959157,0.2563500250858141,0.08264950686280832
lstm,STORE0006,SKU0066,14,537.0,1.0,0.29770649389625703,0.3154065711085915,11.41917051587786,13.760705593854372,0.3140836202801827,-0.1364096849324317
lstm,STORE0006,SKU0067,14,557.0,1.0,0.16776925571516985,0.20033140749316097,6.674819673810687,8.734076687664126,0.171849533078833,0.06510175365947948
lstm,STORE0006,SKU0069,14,1386.0,1.0,0.33485465441947376,0.5185308000056689,33.1506107875279,39.288043236295884,0.3745959884779468,0.052240688219386947
lstm,STORE0006,SKU0070,14,1667.0,1.0,0.21726290880739868,0.2636821543881719,25.86980492728097,31.335609046638996,0.23472309978695696,-0.03745194717160084
lstm,STORE0006,SKU0071,14,423.0,1.0,0.36650669377464495,0.5360754543475175,11.073737961905342,13.102064397721115,0.3691226378117797,0.15065241874532498
lstm,STORE0006,SKU0072,14,483.0,1.0,0.2757046701498407,0.46275545420553493,9.511811120169503,13.02134181931845,0.29562263027190255,0.14077642689580502
lstm,STORE0006,SKU0073,14,173.0,1.0,0.18849032187048412,0.177998422249083,2.3292018345424106,2.863717435860029,0.18864181004427877,-0.09869159852838241
lstm,STORE0006,SKU0075,14,592.0,1.0,0.24100254677437444,0.24236677493275804,10.19096483503069,11.689130880250298,0.2518200353427936,-0.1405041797741039
lstm,STORE0006,SKU0076,14,378.0,1.0,0.34066329935871104,0.6262500782728068,9.197909082685198,12.479159051431468,0.3492698232516313,0.24845140951651115
lstm,STORE0006,SKU0077,14,1121.0,1.0,0.25038908210638694,0.27066000776143045,20.049011502947128,24.289263923978993,0.26817350906950904,-0.08790864357450622
lstm,STORE0006,SKU0081,14,946.0,1.0,0.40417240134757365,0.6074174017954059,27.310506548200333,33.72061115127619,0.40969535238156307,0.12795562421544662
lstm,STORE0006,SKU0084,14,437.0,1.0,0.21074787812047474,0.19142824364635255,6.578344481331961,8.385483710996384,0.2150955190800983,-0.16181133540871487
lstm,STORE0006,SKU0085,14,1393.0,1.0,0.26691339277827475,0.6960140002056906,26.55788258143834,33.1665530867265,0.3318849374761212,-0.08821375970778839
lstm,STORE0006,SKU0087,14,391.0,1.0,0.23351352233106218,0.3942508052869334,6.521699087960379,9.526643219910776,0.23805071249792673,0.17446964780997742
lstm,STORE0006,SKU0088,14,402.0,1.0,0.30976304011558414,0.36417352146332677,8.89462443760463,10.98207044441152,0.3219687485343394,-0.09176291280717992
lstm,STORE0006,SKU0090,14,298.0,1.0,0.26132872920708367,0.36197626983061276,5.562568664550781,6.827783661185641,0.27356591506068656,0.07910773258081219
lstm,STORE0006,SKU0091,14,294.0,1.0,0.4054273877825056,0.5945845395862095,8.513975143432617,11.782129688557628,0.3706685093425028,0.16696425197886772
lstm,STORE0006,SKU0092,14,1299.0,0.9285714285714286,0.24538132665339024,0.18397523173206026,22.767881665910995,35.6948239297819,0.2904349200915609,0.15000127920102302
lstm,STORE0006,SKU0094,14,987.0,1.0,0.3203323503395707,0.7502257999981649,22.583430698939733,28.415235702296542,0.3624344910972234,-0.03092975867676276
lstm,STORE0006,SKU0095,14,373.0,1.0,0.465177188290348,1.2345852906453707,12.3936493737357,14.75522400748903,0.48926662791996645,0.22092983358347384
lstm,STORE0006,SKU0096,14,1601.0,1.0,0.265164867927699,0.3557526475159554,30.323496682303293,34.62479211879042,0.29371776358176166,-0.08362158084943248
lstm,STORE0006,SKU0097,14,1148.0,0.9285714285714286,0.29559973474163626,0.2326937858635567,24.239178248814174,31.049203545904632,0.36768694411670594,-0.05992377676614901
lstm,STORE0006,SKU0098,14,581.0,1.0,0.40199453120797923,1.1668677530615934,16.68277304513114,20.235669033705104,0.46088296311978016,0.12782933666866125
lstm,STORE0006,SKU0099,14,1474.0,1.0,0.3405400745904268,1.411529378037079,35.8540049961635,50.659107173096395,0.35842942651199045,0.17102685356398936
lstm,STORE0006,SKU0100,14,1293.0,1.0,0.18235454279050659,0.2000813944335397,16.841744559151785,22.448467696226288,0.17832243316603807,0.036603073509552664
lstm,STORE0006,SKU0101,14,272.0,1.0,0.24225924295537613,0.389196600317971,4.7067510059901645,6.052731446200483,0.2831629064210746,-0.0019064440446741571
lstm,STORE0006,SKU0102,14,1498.0,1.0,0.33793520959260787,0.514258903863909,36.15906742640904,43.59892897357561,0.33868980457497994,0.24143003048661235
lstm,STORE0007,SKU0001,14,1190.0,1.0,0.22164370112058496,0.4516352003087453,18.83971459524972,23.247631464741136,0.26395946808165827,-0.014922512278837317
lstm,STORE0007,SKU0002,14,756.0,1.0,0.15522931114075675,0.17019633661692565,8.382382801600865,9.71283657903417,0.16251510934178245,-0.019090415308715174
lstm,STORE0007,SKU0003,14,248.0,0.9285714285714286,0.2512569888945549,0.16340913007829203,4.450838088989258,6.526817359079037,0.3043636322835449,-0.029948403758387396
lstm,STORE0007,SKU0004,14,991.0,1.0,0.1851962000041388,0.2378427233478669,13.109245300292969,17.013647930248897,0.2013153514755793,0.0014904187738474396
lstm,STORE0007,SKU0006,14,1090.0,1.0,0.32166241287091457,0.3785454719124031,25.043716430664062,29.507667267137936,0.3037856540921521,0.2355977049661339
lstm,STORE0007,SKU0008,14,282.0,1.0,0.2611240630454205,0.455102590912293,5.259784698486328,6.266830198401281,0.29778007437153653,-0.06621313433275154
lstm,STORE0007,SKU0009,14,700.0,1.0,0.29006952558244975,0.2978714040980085,14.50347627912249,17.201463570510423,0.2998193162500975,-0.10966695513044085
lstm,STORE0007,SKU0011,14,253.0,1.0,0.17791583698257626,0.1980620705643677,3.215193339756557,4.3164963598053285,0.17390113887930345,0.0617846613344939
lstm,STORE0007,SKU0012,14,644.0,1.0,0.27871043637672566,0.3817125584202455,12.820680073329381,16.226223729047767,0.2931173368285867,0.05192106258795126
lstm,STORE0007,SKU0013,14,1056.0,1.0,0.2924866856950702,0.4194067265306555,22.061852863856725,33.63710788527628,0.26191588330334664,0.14985116684075558
lstm,STORE0007,SKU0015,14,121.0,1.0,0.25213777526351044,0.7679406535203349,2.1791907719203403,3.03415598875063,0.28672016613869616,-0.02319358005996578
lstm,STORE0007,SKU0016,14,360.0,0.9285714285714286,0.3270700348748101,0.25017817564189876,8.41037232535226,13.048455705841059,0.3940951432164051,-0.1457769923739963
lstm,STORE0007,SKU0018,14,935.0,1.0,0.3349679834702436,0.41321693321995806,22.371076038905553,25.490847425390918,0.3510904689640378,-0.031157406893643467
lstm,STORE0007,SKU0020,14,561.0,1.0,0.25284848408690536,0.28558364899959476,10.131999969482422,13.22031178677922,0.26226639654399203,-0.07565402814623717
lstm,STORE0007,SKU0022,14,1142.0,1.0,0.28883782034371236,0.2865612707971343,23.56091363089425,28.662861096746965,0.285774903747056,-0.07728085626445176
lstm,STORE0007,SKU0023,14,1017.0,1.0,0.17761271353902602,0.1680835608221495,12.902294976370674,17.217644823922562,0.1806022662593046,-0.11348368401841544
lstm,STORE0007,SKU0024,14,611.0,1.0,0.2550357625059137,0.3249584020281695,11.130489349365234,13.617774305084131,0.26069334985245035,0.0594930695628964
lstm,STORE0007,SKU0025,14,380.0,1.0,0.2105639507896022,0.21438990923176698,5.715307235717773,6.7749423206361845,0.22044761514494868,-0.11844073847720497
lstm,STORE0007,SKU0026,14,1113.0,1.0,0.22556927347654496,0.2902889409717654,17.932757241385325,24.12480332587048,0.24087894395330328,0.012005328703654958
lstm,STORE0007,SKU0027,14,1769.0,1.0,0.3918237767022771,1.3325439792101277,49.50973292759487,60.24451315565206,0.45319954320512135,-0.09869533989508991
lstm,STORE0007,SKU0028,14,1380.0,1.0,0.255264177184174,0.37704638650301103,25.161754608154293,32.2167917688738,0.28092159798412636,-0.027401152901027504
lstm,STORE0007,SKU0029,14,356.0,1.0,0.2670140962922171,0.38793907494688834,6.789787020002093,7.8925689518875854,0.30250093294644465,0.0378256058425046
lstm,STORE0007,SKU0030,14,538.0,1.0,0.2021803377286209,0.20072602623174873,7.7695015498570035,9.489248733833618,0.19770868942171704,-0.016320586647686007
lstm,STORE0007,SKU0031,14,763.0,1.0,0.25574928373684264,0.29127878302328153,13.938335963657924,17.315451616754228,0.2768163137616523,-0.0869084729435872
lstm,STORE0007,SKU0032,14,940.0,1.0,0.2216413660252348,0.18814881334890154,14.88163457598005,29.381482221200965,0.18623852979323594,-0.09304681737372215
lstm,STORE0007,SKU0034,14,1854.0,1.0,0.33677621489589654,0.3718336682581685,44.598793029785156,55.41214884127347,0.33881176785864264,-0.0842510169892378
lstm,STORE0007,SKU0035,14,2441.0,1.0,0.27289102781702873,0.251385088192843,47.580499921526226,57.87438308600857,0.2965128374407346,-0.23444538046130875
lstm,STORE0007,SKU0036,14,496.0,1.0,0.392921632336032,0.7418404839298139,13.920652117047991,16.04278068856611,0.4550189234464925,-0.06266153243280226
lstm,STORE0007,SKU0037,14,1408.0,1.0,0.26573154059323395,0.26608886405536325,26.725000653948104,33.001865040648426,0.2817518976888705,-0.1824688803065907
lstm,STORE0007,SKU0038,14,1185.0,1.0,0.28164591085055707,0.3524463641912748,23.83931459699358,28.877739018165993,0.30099861331037775,-0.0921680112428303
lstm,STORE0007,SKU0039,14,183.0,1.0,0.4176061036156826,1.6786536579194473,5.458708354404995,6.461780378862173,0.48314042610996283,0.14612931631953338
lstm,STORE0007,SKU0040,14,332.0,1.0,0.23467661386512847,0.27777395700837304,5.565188271658761,6.497967833547712,0.24551807042057225,0.04542424305375799
lstm,STORE0007,SKU0043,14,512.0,1.0,0.41352152824401855,0.7469663133460135,15.123073032924108,22.160498014437543,0.38876214408949156,0.27503007650375366
lstm,STORE0007,SKU0044,14,1071.0,1.0,0.2447565543551405,0.3088050512530011,18.72387640816825,22.28925003866361,0.26837083868258266,-0.07048639463109463
lstm,STORE0007,SKU0045,14,912.0,1.0,0.17595214174504867,0.23270615636606856,11.462025233677455,14.101766588232609,0.20017126677567404,-0.01390928134583588
lstm,STORE0007,SKU0046,14,1422.0,1.0,0.26566187540690106,0.24082825165576088,26.983656202043807,35.64017674190318,0.26310935816026415,-0.16415635442934962
lstm,STORE0007,SKU0047,14,1027.0,1.0,0.23475737232776556,0.30373737846852567,17.221130098615372,21.384001287628447,0.25963739203498787,-0.10933875108995596
lstm,STORE0007,SKU0048,14,761.0,1.0,0.3468131968915541,0.7309408812269932,18.85177448817662,23.231550524400216,0.3807112823862085,0.09765835535197315
lstm,STORE0007,SKU0049,14,502.0,1.0,0.3920089980045638,0.4884373479951894,14.056322642735072,15.670951328558573,0.4029254484379588,0.03644463740496996
lstm,STORE0007,SKU0050,14,161.0,1.0,0.3279970773258565,0.4502564371479424,3.7719663892473494,4.527377419135421,0.3212544451833527,0.20178182376837878
lstm,STORE0007,SKU0053,14,352.0,1.0,0.38561391830444336,1.2828979170185555,9.695435660226005,11.842966290138504,0.4615690314915001,-0.07479097626426003
lstm,STORE0007,SKU0055,14,138.0,1.0,0.37661140552465466,0.6831744035561403,3.7123124258858815,4.537741949858603,0.4038571072528942,0.1284727013629416
lstm,STORE0007,SKU0056,14,279.0,1.0,0.2595731400247116,0.5188420116044511,5.172921861921038,6.763906987431387,0.3219019808774722,0.04777716906694527
lstm,STORE0007,SKU0058,14,1027.0,1.0,0.26332228232497945,0.28921792561611653,19.316570281982422,24.756900608593746,0.2654151373129933,-0.014546372990297134
lstm,STORE0007,SKU0059,14,282.0,1.0,0.23189725943490969,0.23279171117470224,4.671073368617466,5.835442706718231,0.22994709247733883,-0.03189287118032466
lstm,STORE0007,SKU0060,14,758.0,1.0,0.221029040052268,0.2546374113481904,11.967143739972796,14.431280866306835,0.24286109149045174,-0.14337995121535652
lstm,STORE0007,SKU0061,14,794.0,1.0,0.40237314334744473,0.9525701863651351,22.82030541556222,29.481515334798047,0.4296373271156558,0.31862683620500926
lstm,STORE0007,SKU0062,14,196.0,1.0,0.17780809986348056,0.20189617700811652,2.489313398088728,3.1264686296869058,0.18421014413105663,-0.010966281501614309
lstm,STORE0007,SKU0063,14,671.0,1.0,0.2206457965242525,0.24093343577674742,10.575237819126674,12.166091153246029,0.22868386189382148,-0.008271184656907822
lstm,STORE0007,SKU0065,14,707.0,1.0,0.32448461875214096,0.3179363590342876,16.38647324698312,22.241008340383946,0.27899764802955884,0.07365203274695845
lstm,STORE0007,SKU0066,14,279.0,1.0,0.3713253253676985,0.6368881878677486,7.399983269827707,8.727002047853736,0.39687290002504033,0.1659542480249986
lstm,STORE0007,SKU0067,14,400.0,1.0,0.32190820693969724,0.44408702645200676,9.197377341134208,11.27914900333308,0.3307168752816082,0.0581601715087891
lstm,STORE0007,SKU0068,14,518.0,1.0,0.2224576353566527,0.268300826819782,8.23093250819615,9.45153088522817,0.2591755412800582,-0.0831253758728734
lstm,STORE0007,SKU0072,14,375.0,1.0,0.18448909505208333,0.2181207227414051,4.941672188895089,6.525754639237073,0.18626192640841407,0.0270541483561198
lstm,STORE0007,SKU0073,14,119.0,1.0,0.24842161290785847,0.2525943936916464,2.111583709716797,2.5157468118949944,0.25299305711020964,-0.07799581319344144
lstm,STORE0007,SKU0074,14,734.0,1.0,0.3523292957274725,0.598765314988965,18.47212164742606,25.6021580840718,0.34953309076288736,0.1310763969733215
lstm,STORE0007,SKU0075,14,417.0,1.0,0.2007513297833413,0.1955443959476769,5.979521751403809,6.746225784591338,0.2118840640727871,-0.13897002972573114
lstm,STORE0007,SKU0076,14,358.0,1.0,0.27153624635834933,0.2944781242687785,6.943569728306362,7.922908301333073,0.2843581622456723,-0.08808387457991444
lstm,STORE0007,SKU0078,14,338.0,1.0,0.28880034678081085,0.4261216658115689,6.972465515136719,8.982460970513142,0.3149359192282612,-0.0646829548672106
lstm,STORE0007,SKU0079,14,993.0,1.0,0.2771510943425266,0.2771800287240238,19.657931191580637,21.990425023527038,0.2867675511160081,-0.12357217379567126
lstm,STORE0007,SKU0080,14,717.0,0.9285714285714286,0.4683820971883989,0.7151511025311081,23.987854548863,31.704173339815515,0.5191369003343548,0.32553829475094254
lstm,STORE0007,SKU0081,14,810.0,1.0,0.1850260228286555,0.17649027880486307,10.705077035086495,13.851101928949975,0.18819264484650966,-0.09519804024402007
lstm,STORE0007,SKU0082,14,697.0,1.0,0.2594699613333091,0.3612557827710657,12.917897360665458,17.91016367707479,0.2737543757116442,-0.027239357552877298
lstm,STORE0007,SKU0083,14,888.0,1.0,0.2821027910387194,0.34451969855704323,17.89337703159877,21.793921262134084,0.28237374482241856,0.11188123892019461
lstm,STORE0007,SKU0084,14,196.0,1.0,0.46564141098333867,1.2289619430440482,6.518979753766741,8.47954113772582,0.4559052784313577,0.37916175686583226
lstm,STORE0007,SKU0085,14,893.0,1.0,0.2366263975888858,0.2874092743165386,15.0933837890625,19.40642629406384,0.24609396465262917,0.0248548928460509
lstm,STORE0007,SKU0086,14,129.0,1.0,0.24145389527313468,0.230524557862337,2.224825177873884,2.796284640821947,0.23100499156336143,-0.07279554263565892
lstm,STORE0007,SKU0087,14,315.0,1.0,0.25448874821738593,0.4376255549043599,5.725996834891183,6.967786513486259,0.28112781992250874,0.027235993884858655
lstm,STORE0007,SKU0088,14,252.0,1.0,0.2724453608194987,0.3288068945347386,4.904016494750977,6.091261303487072,0.27713601506203506,0.047140863206651465
lstm,STORE0007,SKU0089,14,434.0,1.0,0.2605947547244586,0.5296917602616319,8.078437396458217,11.022162808156374,0.2814574809648999,0.0995112783897857
lstm,STORE0007,SKU0090,14,218.0,1.0,0.322914053540711,0.9198553447398715,5.028233119419643,7.043489127778842,0.3734399139856645,0.035925488953196666
lstm,STORE0007,SKU0093,14,816.0,1.0,0.26622477699728575,0.3096120790261753,15.517101287841797,17.675027575336618,0.2805067722298972,-0.037501896128934974
lstm,STORE0007,SKU0094,14,607.0,1.0,0.3221487142697983,0.43135685621535974,13.96744782584054,15.685076262144012,0.3313545055603395,0.12322049714391665
lstm,STORE0007,SKU0096,14,1130.0,1.0,0.28204455080285534,0.3672962314998443,22.76502445765904,26.86616866503986,0.31231747987924063,-0.09306748651825221
lstm,STORE0007,SKU0097,14,650.0,1.0,0.46142598078801084,5.2106187202168766,21.423349108014786,28.022798452659362,0.5046171437668091,0.1297320791391226
lstm,STORE0007,SKU0098,14,477.0,0.9285714285714286,0.29652752266489985,0.3345354224155377,10.103116307939802,13.38179077987257,0.3856161845727221,0.026538005165084127
lstm,STORE0007,SKU0099,14,1133.0,1.0,0.18690609910902678,0.20678052719536266,15.126043592180524,20.56221159290362,0.1865642527411902,0.015533305855841102
lstm,STORE0007,SKU0100,14,955.0,1.0,0.210365423232473,0.2511787235027143,14.349927084786552,19.581569152235318,0.21714839673453587,-0.00980230201601358
lstm,STORE0007,SKU0101,14,165.0,1.0,0.42554117838541666,1.8904128251210839,5.015306745256696,7.249877344004891,0.5039986411337402,0.21672404896129266
lstm,STORE0007,SKU0102,14,1147.0,1.0,0.28567895997370857,0.6360164691095073,23.405269077845983,30.02033154920579,0.35286323951702236,0.10624473990828656
lstm,STORE0008,SKU0001,14,1519.0,1.0,0.24316126488791712,0.29377963523407136,26.382997240339005,37.64715476276265,0.23226840962463952,0.09319935259338745
lstm,STORE0008,SKU0002,14,1009.0,1.0,0.2000239649187585,0.22429901636917657,14.41601290021624,16.214124129071656,0.2052587313476821,0.011402073416884756
lstm,STORE0008,SKU0003,14,339.0,1.0,0.29134591139171684,0.3353095021693152,7.0547331401280005,9.497524508882703,0.29112666878443266,-0.008908471526649487
lstm,STORE0008,SKU0004,14,1489.0,1.0,0.246977299471843,0.2937863813394978,26.267799922398158,29.077549665617475,0.26452461923844084,-0.049221251457629386
lstm,STORE0008,SKU0005,14,1579.0,1.0,0.23838924047990717,0.2799088469878964,26.886900765555247,35.83264996550122,0.2571768054814106,-0.05227091948090663
lstm,STORE0008,SKU0006,14,1939.0,1.0,0.17375969259686047,0.4657220748024989,24.065717424665173,31.88888559434398,0.2314050752403976,-0.023557390485491058
lstm,STORE0008,SKU0007,14,374.0,1.0,0.4216069206196994,2.394755229857075,11.262927736554827,13.206648463997201,0.4785289557479727,0.1672063307328658
lstm,STORE0008,SKU0008,14,370.0,1.0,0.26460779550913216,0.28650881180442384,6.993206024169922,7.77194873564078,0.26827010793601064,0.005705931379988406
lstm,STORE0008,SKU0009,14,896.0,1.0,0.30119845271110535,4.546033262139461,19.276700973510742,25.160787599099738,0.36913426229367025,0.012745095150811332
lstm,STORE0008,SKU0010,14,525.0,1.0,0.2655447750999814,0.3505596361397352,9.957929066249303,12.367488583407228,0.2727482263181834,0.12481185913085938
lstm,STORE0008,SKU0011,14,338.0,1.0,0.22260776497203213,0.21875693562876233,5.37438746861049,8.052290059097974,0.19603949954426755,0.07026825854058803
lstm,STORE0008,SKU0012,14,949.0,1.0,0.2517633749637262,0.29857723229166283,17.0659602028983,20.773581201484067,0.26319983828675836,0.002608637915270605
lstm,STORE0008,SKU0013,14,1894.0,1.0,0.17874563231261756,0.19529641283331706,24.18173054286412,38.19896229225427,0.18061715321441493,-0.023806413853936392
lstm,STORE0008,SKU0014,14,903.0,1.0,0.2988715990305211,0.30311678230061107,19.277218137468612,27.699522688398126,0.28229420052702686,-0.0013277723411652996
lstm,STORE0008,SKU0015,14,189.0,1.0,0.26950622235656413,0.2748745858781755,3.638334001813616,4.5930284800747865,0.2745818953050618,-0.08481323403656171
lstm,STORE0008,SKU0016,14,488.0,1.0,0.24810925077219473,0.2257141580161621,8.648379598345073,11.039837163005993,0.23983084943256028,-0.13908457756042475
lstm,STORE0008,SKU0018,14,1262.0,1.0,0.26353359675823035,0.30364715912697354,23.75567136492048,28.309199148840214,0.2641886427763423,0.03182187208849728
lstm,STORE0008,SKU0020,14,909.0,1.0,0.17591559532845374,0.1703523636586619,11.421948296683174,14.23884063692472,0.18028838836387773,-0.12132391179486601
lstm,STORE0008,SKU0022,14,1449.0,1.0,0.2573412940615699,0.3273820140975023,26.634823935372488,30.673893828871254,0.26868098013739705,0.05120288856774875
lstm,STORE0008,SKU0025,14,468.0,1.0,0.29840686586168075,0.5094532785502753,9.97531523023333,11.962433259949771,0.33407938932587855,0.03930540573902618
lstm,STORE0008,SKU0027,14,2431.0,1.0,0.19898014233368308,0.2503211052471079,34.55148042951311,41.279592611732426,0.22797712768869952,-0.08947965119023324
lstm,STORE0008,SKU0028,14,2184.0,1.0,0.2889639885870965,0.3516043439330017,45.078382219587056,51.30503606792971,0.3184851900880718,-0.12482266548352364
lstm,STORE0008,SKU0029,14,460.0,1.0,0.40690213079037874,1.1452797572332276,13.369641440255302,16.66773047368285,0.4544051341146839,0.1625304180642833
lstm,STORE0008,SKU0030,14,737.0,1.0,0.19248425135618957,0.1995395553787432,10.132920946393694,12.249366888864017,0.20016993068696357,-0.046648022924705296
lstm,STORE0008,SKU0031,14,917.0,1.0,0.388865105848406,0.8406944330460112,25.470664433070592,30.567668905100014,0.4584403066777227,0.015262516400286244
lstm,STORE0008,SKU0033,14,1750.0,1.0,0.2143813999720982,0.20875005084708645,26.797674996512278,32.8799676913192,0.2182194977623179,-0.0847481689453125
lstm,STORE0008,SKU0035,14,2593.0,1.0,0.39803704064277623,2.028299074430754,73.72214617047992,89.4551541682008,0.43665611627823725,0.05258382318381219
lstm,STORE0008,SKU0038,14,1628.0,1.0,0.22414895884820812,0.22747407745503131,26.06532178606306,33.16307925600352,0.22412032219987577,-0.05990406570622025
lstm,STORE0008,SKU0039,14,321.0,1.0,0.24568945150880428,0.22917268825599088,5.633308138166155,7.032700727856198,0.2490906829013694,-0.14653833929994767
lstm,STORE0008,SKU0040,14,505.0,1.0,0.3706467921190923,1.1384262609572489,13.369759287152972,15.40858252427665,0.43808373629659153,-0.08475289297575998
lstm,STORE0008,SKU0041,14,1837.0,1.0,0.19117398332108865,0.18572584775623008,25.08475766863142,32.33879717215338,0.19628558227670795,-0.0935088953507226
lstm,STORE0008,SKU0042,14,281.0,1.0,0.19611476748863574,0.1940589071372512,3.9363035474504744,4.764763140900261,0.20308724151773427,-0.10067299676535392
lstm,STORE0008,SKU0043,14,765.0,1.0,0.500465068941802,4.560742226422553,27.346841267177037,36.40671998427207,0.5486223220332928,0.19102741814906302
lstm,STORE0008,SKU0044,14,1387.0,1.0,0.23726808070792685,0.27464077424077427,23.506487710135325,27.621770648122293,0.2525318807062668,-0.0732916988051015
lstm,STORE0008,SKU0045,14,1369.0,1.0,0.21253016815297007,0.21441527654036738,20.782414300101145,26.017347135917806,0.2329429299728267,-0.10476596796051092
lstm,STORE0008,SKU0046,14,1773.0,1.0,0.22572663162498238,0.27049319479487344,28.586665562220983,38.51961516163106,0.24649749782699612,-0.11116086354177679
lstm,STORE0008,SKU0047,14,1012.0,1.0,0.33060768187752826,0.4114102709750892,23.898212432861328,28.06303095075388,0.321980873236028,0.1562356534211532
lstm,STORE0008,SKU0048,14,1241.0,1.0,0.22477438140549455,0.2424675557060448,19.92464338030134,26.395777930807522,0.2349842395587515,-0.08254083945422669
lstm,STORE0008,SKU0049,14,709.0,1.0,0.2650689258225714,0.3504475277109688,13.42384774344308,16.283929207380748,0.27534777686729955,0.07813759011509389
lstm,STORE0008,SKU0051,14,1030.0,1.0,0.3644716059119956,1.2687793400039862,26.81469672066825,34.705686341490534,0.42625637940815686,0.0405894529472277
lstm,STORE0008,SKU0055,14,204.0,1.0,0.2651048174091414,0.30769409533299535,3.8629559108189175,4.342025458867433,0.26541647528931034,0.08087883743585325
lstm,STORE0008,SKU0056,14,385.0,1.0,0.34815448909610897,0.46070727411586204,9.574248450142997,14.236210801633726,0.3223894687526965,0.013728144261744143
lstm,STORE0008,SKU0057,14,1252.0,1.0,0.2717728173009123,0.2888235250351183,24.30425480433873,30.014516801109547,0.2612526338703195,0.04825944260667307
lstm,STORE0008,SKU0059,14,364.0,0.9285714285714286,0.39870624751835076,0.3598033199556759,10.36636243547712,12.367810989567182,0.4545704605725753,0.018446461184994177
lstm,STORE0008,SKU0060,14,906.0,1.0,0.29743264053041574,0.5332610361531914,19.24814088003976,24.994453052268106,0.33310213389304133,0.005847530912352977
lstm,STORE0008,SKU0061,14,1310.0,1.0,0.2591102600097656,0.32443451287728614,24.245317186628068,29.026592920474112,0.2591540400978955,0.15085064254644262
lstm,STORE0008,SKU0062,14,294.0,1.0,0.314505791177555,0.8858970494014053,6.604621614728655,8.388097974867257,0.3590787544586286,-0.13610566067857807
lstm,STORE0008,SKU0064,14,1430.0,1.0,0.22065580674818347,0.24031983499477927,22.538414546421595,24.975604657018533,0.21806406705198103,0.05044873110897894
lstm,STORE0008,SKU0065,14,1094.0,1.0,0.2330901374328725,0.2292862730815788,18.214329310825892,24.41822673608755,0.23138987807014003,-0.05615246230549089
lstm,STORE0008,SKU0066,14,465.0,1.0,0.14735901535198254,0.14951840524307045,4.8944244384765625,6.250283987939986,0.1471784745171698,-0.010342333393712197
lstm,STORE0008,SKU0067,14,589.0,1.0,0.3123282414745596,0.4812381134792115,13.14009530203683,17.793866587104507,0.3325981913096291,0.022898442474002547
lstm,STORE0008,SKU0072,14,583.0,1.0,0.20182199625371863,0.23904870060440814,8.404444558279854,11.290782021802983,0.21245579964676997,-0.04970868537601844
lstm,STORE0008,SKU0074,14,1162.0,1.0,0.2860901187496218,0.5186293550511397,23.745479856218612,32.321166180740676,0.3209420526392894,-0.02633490701961024
lstm,STORE0008,SKU0075,14,510.0,1.0,0.21970681583180146,0.30884222490371754,8.003605433872767,10.454553586208197,0.23619068306901322,-0.006866559795304841
lstm,STORE0008,SKU0076,14,476.0,1.0,0.31905752470513354,0.7598132619798456,10.84795583997454,13.676309038146115,0.37743110155476284,-0.003582140978644876
lstm,STORE0008,SKU0077,14,960.0,1.0,0.2504146774609884,0.7597144705263146,17.17129216875349,20.47527965241214,0.3285711428861547,0.050935137271881085
lstm,STORE0008,SKU0078,14,541.0,1.0,0.1855940651320706,0.16996311474790066,7.171884945460728,8.748369701235447,0.19073983478836978,-0.15786626466761675
lstm,STORE0008,SKU0080,14,1359.0,1.0,0.227617680631726,1.0655301670758266,22.09517342703683,31.292447849035828,0.27847660911425376,-0.06368924239876518
lstm,STORE0008,SKU0081,14,857.0,1.0,0.32546484289536537,0.9670554384319991,19.92309788295201,26.357314550408088,0.343531784604319,0.25662598226006417
lstm,STORE0008,SKU0082,14,1036.0,1.0,0.25888940082093465,0.2732778932282779,19.15781566074916,22.753286418438755,0.2694489156072206,-0.08983842562524508
lstm,STORE0008,SKU0083,14,1555.0,1.0,0.15022514318729904,0.13295176565520142,16.685721261160715,22.15489400906931,0.1485836546558223,-0.13375844679461416
lstm,STORE0008,SKU0084,14,433.0,1.0,0.2485236328688835,0.23582498897603926,7.686480930873325,9.709869041011766,0.2587961648100584,-0.18063821418180753
lstm,STORE0008,SKU0085,14,1368.0,1.0,0.23993876942417078,0.23960143657593608,23.445445469447545,29.9861259407524,0.23595062490260807,-0.07200756407620613
lstm,STORE0008,SKU0086,14,156.0,0.9285714285714286,0.24852591294508714,0.19414244683296555,2.7692887442452565,3.6341146123913095,0.3239730065788197,-0.017040497217422877
lstm,STORE0008,SKU0087,14,544.0,1.0,0.23393995972240672,0.2261526569233792,9.090238434927803,10.985089862031257,0.2399487364080239,-0.15102685549679926
lstm,STORE0008,SKU0088,14,350.0,1.0,0.26067129952566964,0.3241540016543333,6.516782488141741,7.764141058416371,0.2659080445242151,0.028519199916294653
lstm,STORE0008,SKU0089,14,751.0,1.0,0.29944981398499915,0.3036679268501229,16.063343593052455,18.744911865106168,0.31667523652775026,-0.14767132999100158
lstm,STORE0008,SKU0090,14,344.0,1.0,0.3235841795455578,0.3693228020457453,7.950925554547991,9.299663740404469,0.33267500626962077,-0.0685828452886537
lstm,STORE0008,SKU0091,14,360.0,1.0,0.2949538972642687,1.5596686100584236,7.58452878679548,12.293353450160723,0.3337455197674191,-0.05540190802680123
lstm,STORE0008,SKU0092,14,1494.0,1.0,0.29958914433776773,0.5660041535656265,31.970441545758927,38.90377145467921,0.332568288134913,-0.02955409896421624
lstm,STORE0008,SKU0093,14,1165.0,1.0,0.2577461406396694,0.31262479052232106,21.44816098894392,26.15185088645833,0.27191280771534626,-0.009364449824386412
lstm,STORE0008,SKU0094,14,1177.0,1.0,0.2289692077377436,0.20357471746695457,19.2497683933803,24.866839074208354,0.23409085018123574,-0.18464605546949672
lstm,STORE0008,SKU0095,14,449.0,1.0,0.23851421415673066,0.26894885039718885,7.649491582598005,8.869093105595347,0.24499078911934055,0.0026730195451154554
lstm,STORE0008,SKU0096,14,1339.0,1.0,0.24484773711360508,0.32477811601659734,23.41793714250837,31.517694452395776,0.2514796855966024,0.06435981733394791
lstm,STORE0008,SKU0097,14,1035.0,1.0,0.3177243587475468,0.39636615958919535,23.488907950265066,32.468356119620395,0.31130963390550465,0.021729488649230074
lstm,STORE0008,SKU0098,14,692.0,1.0,0.2065324121816999,0.23272682031212316,10.20860208783831,12.279531136888682,0.224366111815458,-0.06366481119497662
lstm,STORE0008,SKU0099,14,1683.0,1.0,0.1956167600725778,0.2570178971457658,23.515929085867747,30.049098390214738,0.22064755381590886,0.009195519286964313
lstm,STORE0008,SKU0100,14,1462.0,1.0,0.2101900489483584,0.20935250094780056,21.949846540178573,23.761706527155525,0.21861153189135524,-0.1120213040248803
lstm,STORE0008,SKU0101,14,243.0,1.0,0.3491836516454877,0.8660497522937683,6.0608305249895364,7.722558376164131,0.38638652247805183,0.13149319558477204
lstm,STORE0008,SKU0102,14,1650.0,1.0,0.22301327792080963,0.30243846491577936,26.283707754952562,34.78291023209955,0.2409298355821097,0.11876716382575754
lstm,STORE0009,SKU0001,14,1379.0,1.0,0.23309849551659378,0.24079844578442272,22.960201808384486,31.714280775589856,0.22877186947413938,-0.0035419975872745197
lstm,STORE0009,SKU0002,14,848.0,1.0,0.34877928247991596,0.5170842164211676,21.12605939592634,26.06425523858458,0.35633930605904346,0.05638544514494125
lstm,STORE0009,SKU0003,14,237.0,1.0,0.376188688640353,0.9090204993176808,6.368337086268832,8.077686248673047,0.40820920945286787,0.2059184046234259
lstm,STORE0009,SKU0005,14,1252.0,1.0,0.2880730309044591,0.5589504603674647,25.761959620884486,29.133058106992145,0.3422814684247929,0.008201062869720957
lstm,STORE0009,SKU0006,14,1664.0,1.0,0.24676092771383432,0.4701983698111171,29.32929883684431,38.82447008994563,0.28091022580163505,0.0015437144499558498
lstm,STORE0009,SKU0008,14,367.0,1.0,0.18626701084729436,0.18917313395922827,4.8828566414969305,5.848732965890251,0.19813385318070925,-0.13409359383648028
lstm,STORE0009,SKU0009,14,705.0,1.0,0.3417573698868988,1.2224126640757542,17.209924697875977,23.06794549470599,0.3996405269996167,0.08350473498621733
lstm,STORE0009,SKU0010,14,379.0,1.0,0.3793290321933877,0.652311736493158,10.268978800092425,12.568808918726864,0.37083214778180373,0.2838626599877994
lstm,STORE0009,SKU0011,14,293.0,1.0,0.2129919292983748,0.3754441485455159,4.4576168060302725,6.337349465026251,0.2468965081200436,0.07531890608751729
lstm,STORE0009,SKU0012,14,729.0,1.0,0.3567126814393513,1.0221207790836273,18.574538912091935,23.996080508396645,0.423796528406057,0.09765504122761542
lstm,STORE0009,SKU0013,14,1701.0,1.0,0.20762461147050448,0.22982470393772192,25.226390293666295,34.467444400411814,0.23513266536045846,-0.10518216105645577
lstm,STORE0009,SKU0015,14,147.0,1.0,0.3616457309852652,0.9727217232037544,3.7972801753452847,4.429327968257227,0.42182381600607066,-0.015261929051405743
lstm,STORE0009,SKU0016,14,347.0,1.0,0.45823562797964135,1.3379219591469227,11.357697350638253,14.48706775396294,0.48225189056021817,0.06742879774110119
lstm,STORE0009,SKU0017,14,1593.0,1.0,0.25351778306979017,0.23259121165620453,28.846702030726842,37.46665911967396,0.24866233944061003,-0.1379317949945195
lstm,STORE0009,SKU0018,14,1416.0,1.0,0.26949656750522766,0.2527949007931728,27.257652827671595,32.02143939778874,0.286097666032605,-0.2036147844993462
lstm,STORE0009,SKU0019,14,230.0,1.0,0.3675397458283798,0.6426681571260505,6.038152967180524,6.921808604960766,0.42499427053620586,0.12733167565387232
lstm,STORE0009,SKU0020,14,639.0,1.0,0.2255709533213823,0.41451946889292696,10.295702798025948,13.405935586616506,0.2604524723886478,0.03344994009194056
lstm,STORE0009,SKU0022,14,1233.0,1.0,0.3529406483349332,0.7666078380397227,31.083987099783762,37.88588451282441,0.3989168064678201,0.02805286292998848
lstm,STORE0009,SKU0023,14,991.0,1.0,0.3709563708570001,0.4319315847806324,26.25841167994908,33.30862363722335,0.3445242386550816,0.09542608405458698
lstm,STORE0009,SKU0024,14,724.0,1.0,0.252505397269739,0.2904718401027759,13.0581362588065,15.245362192023848,0.2554873391534248,0.054254790037376446
lstm,STORE0009,SKU0025,14,431.0,1.0,0.25688676767725405,0.36434255561525924,7.908442633492606,9.137380119949308,0.28665336732055524,-0.06696033699053346
lstm,STORE0009,SKU0027,14,1920.0,1.0,0.18864792982737225,0.2599544746659283,25.87171609061105,34.48020075921848,0.20768970620054186,0.017572983105977377
lstm,STORE0009,SKU0028,14,1576.0,1.0,0.2885573914813511,0.38629785363381475,32.48331778390067,41.26695706542761,0.2926442507856078,0.049562638181115164
lstm,STORE0009,SKU0030,14,587.0,1.0,0.18553056993110822,0.23998488378641028,7.779031753540038,9.884651580968205,0.20328936744436785,0.01482572669268063
lstm,STORE0009,SKU0032,14,997.0,1.0,0.443740133057865,1.9473234374094612,31.600636618477957,47.9505979310396,0.506798590210701,0.08350649329580538
lstm,STORE0009,SKU0033,14,1735.0,1.0,0.2843627445979489,0.27490579372180723,35.240668705531526,41.63382091193763,0.306458185785172,-0.22173427175032648
lstm,STORE0009,SKU0034,14,2219.0,1.0,0.23353124191332314,0.23159088185701102,37.01470184326172,42.95104735160174,0.23859991924740576,-0.10139872416444273
lstm,STORE0009,SKU0035,14,2812.0,1.0,0.22836429058742388,0.22892472242911172,45.86859893798828,53.93256201904989,0.24127552645441494,-0.12977947924249034
lstm,STORE0009,SKU0037,14,1292.0,1.0,0.2301102688438014,0.3522034976486395,21.235890524727957,28.487356031448606,0.24903123090848261,0.14686535460292002
lstm,STORE0009,SKU0038,14,1253.0,1.0,0.25759260538379763,0.32720820687457325,23.05453818184989,26.75218051974633,0.26975861635309445,0.03601701375682738
lstm,STORE0009,SKU0039,14,227.0,1.0,0.2877528152801917,0.7559679622346512,4.6657063620431085,6.367949024834351,0.3266544961523276,0.053847745651715635
lstm,STORE0009,SKU0041,14,1453.0,1.0,0.26977862511022455,0.6946821728799932,27.99916730608259,44.07433946390767,0.2936349009796627,-0.016347571397270763
lstm,STORE0009,SKU0044,14,1174.0,1.0,0.32174999750452515,0.9389268911105059,26.981035505022323,32.043309268268565,0.3857756623851592,-0.04134539160655345
lstm,STORE0009,SKU0045,14,1026.0,1.0,0.28742518434282865,0.6744933641530205,21.0641599382673,25.760546724470853,0.3269030566123471,0.01693880255924099
lstm,STORE0009,SKU0046,14,1328.0,1.0,0.26107918498027755,0.2869802455324858,24.765225546700613,33.10199099583348,0.24620823626696686,0.030157003058008412
lstm,STORE0009,SKU0047,14,1126.0,1.0,0.2601449129636504,0.27090602067844755,20.92308371407645,24.612534075932526,0.2747740857289392,-0.1287732573216169
lstm,STORE0009,SKU0049,14,539.0,1.0,0.24299661215249593,0.2848261404341282,9.355369567871094,11.174341489301792,0.23547842689028484,0.14381252989477042
lstm,STORE0009,SKU0050,14,233.0,1.0,0.14900289379987594,0.14651848619746352,2.4798338753836497,2.9073324046164024,0.14778844891962947,-0.019252629750787932
lstm,STORE0009,SKU0051,14,894.0,1.0,0.2513799560683419,0.37601062747539066,16.052405766078405,20.462318750828754,0.2718965146758557,0.01796553438941905
lstm,STORE0009,SKU0052,14,809.0,1.0,0.16431359101284862,0.15585648053579,9.49497822352818,12.057152719483984,0.1638307114314937,-0.07658679523633054
lstm,STORE0009,SKU0055,14,175.0,1.0,0.19596123831612725,0.3150336501122378,2.4495154789515903,3.2081225977859513,0.2232903041617791,0.05634554181780133
lstm,STORE0009,SKU0057,14,986.0,0.9285714285714286,0.37930858836454506,0.8789675047460419,26.714162009102957,35.17859507964054,0.4608741368974929,0.13264021960523503
lstm,STORE0009,SKU0058,14,1123.0,1.0,0.40011068804393574,2.815735900157733,32.0945930480957,40.91631682569689,0.45705478372427005,0.10578370200451845
lstm,STORE0009,SKU0059,14,384.0,1.0,0.24514004588127136,0.2454825275045997,6.723841258457729,7.663323249750547,0.26570588352957497,-0.17905242244402567
lstm,STORE0009,SKU0060,14,817.0,1.0,0.22203847448566114,0.2369672123011049,12.957530975341797,15.242318910289997,0.23194234939911154,-0.06388150872332082
lstm,STORE0009,SKU0061,14,1390.0,1.0,0.26198727175486175,0.34154937688950027,26.011593409946986,31.322518562308414,0.28911164703213454,-0.0782382114328069
lstm,STORE0009,SKU0062,14,252.0,0.9285714285714286,0.3295198773580884,0.25451900913246495,5.931357792445591,7.374704670981466,0.402717563460247,-0.12550260150243367
lstm,STORE0009,SKU0063,14,836.0,1.0,0.2555444982063257,0.41755190613220894,15.259657178606306,19.184032261219276,0.31885796058815313,-0.01727095973548704
lstm,STORE0009,SKU0064,14,1341.0,1.0,0.24513084758670362,0.3073157070070375,23.480033329554967,27.278283781964245,0.2678435812145054,-0.06422603530371747
lstm,STORE0009,SKU0065,14,898.0,1.0,0.17052836938530938,0.1650198873712027,10.938176836286273,15.052755840816419,0.1568575165131516,0.045929209957675035
lstm,STORE0009,SKU0066,14,434.0,1.0,0.1925284961401592,0.1686452244440639,5.968383380344936,8.980495779428717,0.18203409065720175,-0.131318479089693
lstm,STORE0009,SKU0067,14,473.0,1.0,0.2797833174530094,0.5586981726515291,9.452679225376674,12.381616176344634,0.3080291998654698,0.05982243737509086
lstm,STORE0009,SKU0068,14,556.0,1.0,0.24543638709637758,0.3233574635453989,9.747330801827568,12.01070340343539,0.2748030726400453,0.008657791631684893
lstm,STORE0009,SKU0069,14,1072.0,1.0,0.4842798994548285,0.5649652844822691,37.08200372968401,46.81255755264497,0.42355377628387053,0.13632462273782758
lstm,STORE0009,SKU0070,14,1061.0,1.0,0.3473552592400669,0.9543762166675668,26.324566432407924,36.80906657476166,0.36742590538626463,0.2923286430797523
lstm,STORE0009,SKU0071,14,412.0,1.0,0.2781052728301113,0.42904136075335503,8.184240886143275,9.721225233506233,0.31942520054089,-0.07449652847734468
lstm,STORE0009,SKU0072,14,452.0,1.0,0.32126606882145975,0.5875606135548068,10.372304507664271,12.844155260948353,0.3489612995950309,0.01218377594399242
lstm,STORE0009,SKU0074,14,1042.0,1.0,0.21039834635729066,0.19440931900366548,15.65964835030692,28.325174735663065,0.1866727422066905,-0.049462228727432236
lstm,STORE0009,SKU0075,14,458.0,1.0,0.21968854879187705,0.2531322031582468,7.186953953334263,9.546128640512494,0.23038809431303528,-0.07016229421290768
lstm,STORE0009,SKU0076,14,399.0,1.0,0.258029239817072,0.3439123922421978,7.353833334786551,9.113954003158726,0.2810608819268861,-0.03310277647243108
lstm,STORE0009,SKU0077,14,716.0,1.0,0.3201834449554955,0.5967590981604655,16.37509618486677,25.876590826405913,0.3182901253378851,0.21895887598645092
lstm,STORE0009,SKU0078,14,492.0,1.0,0.24860011852853667,0.23128948286403078,8.736518451145717,10.130843739649052,0.27016856490094604,-0.24108214106986192
lstm,STORE0009,SKU0080,14,1224.0,1.0,0.232715818617079,0.2803712406392868,20.346011570521764,24.844808525968038,0.24861584156438918,-0.11250373740601384
lstm,STORE0009,SKU0082,14,680.0,1.0,0.3377528134514304,1.1109481894935294,16.40513665335519,21.685203581866457,0.3888625405287533,0.13467703426585478
lstm,STORE0009,SKU0083,14,1146.0,1.0,0.2790224032044203,0.9208327592526147,22.839976719447545,28.074599542796104,0.33021903100657524,-0.0049637266894701805
lstm,STORE0009,SKU0084,14,320.0,1.0,0.282529628276825,0.33564650823657266,6.457820074898857,7.854823353728244,0.29062533020749187,-0.03510128259658814
lstm,STORE0009,SKU0085,14,1081.0,1.0,0.27173265497735205,0.3202725819384241,20.981642859322683,27.39484720283222,0.2687623304278736,0.01137667293354498
lstm,STORE0009,SKU0086,14,145.0,1.0,0.23113303348935885,0.24370009386522254,2.393877846854074,3.100731788366519,0.23902874653118156,-0.06276150407462286
lstm,STORE0009,SKU0087,14,419.0,1.0,0.19537852430685038,0.20717315073166948,5.8474001203264505,6.851040643261428,0.20600785359101828,-0.08512268430577821
lstm,STORE0009,SKU0088,14,297.0,1.0,0.22379296556466358,0.250825309539988,4.747607912336077,5.928028212268627,0.2235931607292628,0.03059121334191522
lstm,STORE0009,SKU0089,14,533.0,1.0,0.28791139183974845,3.3652675933002,10.961197989327568,15.145701971886218,0.33508223519798774,0.025363628680889438
lstm,STORE0009,SKU0090,14,249.0,0.9285714285714286,0.2763038390132797,0.21446999190291388,4.914261136736188,7.116320164077894,0.3270087071813542,0.09308604351487983
lstm,STORE0009,SKU0091,14,302.0,1.0,0.21639124762932985,0.2465380140479755,4.6678683417184015,5.04511967291954,0.23973382584880842,-0.05613123028483613
lstm,STORE0009,SKU0092,14,1306.0,1.0,0.2559218472397528,0.2978106280317125,23.8738523210798,28.979947594218547,0.27285640624203517,-0.06963732779299867
lstm,STORE0009,SKU0093,14,889.0,1.0,0.3623586596734612,0.5475951618026418,23.009774889264786,26.876443229807425,0.3764364678404389,0.14170402295141574
lstm,STORE0009,SKU0096,14,1393.0,1.0,0.2611976234671544,0.3274632971413279,25.989163534981863,28.997748387208706,0.2939207987550036,-0.11228939037227151
lstm,STORE0009,SKU0097,14,932.0,1.0,0.12317244075398588,0.11728660509255828,8.19976534162249,12.228323085605258,0.1178948110166654,-0.00707532203248642
lstm,STORE0009,SKU0098,14,617.0,1.0,0.2958365120416329,0.3442900921860502,13.037937709263392,19.511941402561483,0.29295587385144906,-0.09219375189931119
lstm,STORE0009,SKU0099,14,1318.0,1.0,0.39498481113740636,0.8392792995322542,37.18499864850725,43.20826744959539,0.4698604922177728,0.09415904668828239
lstm,STORE0009,SKU0102,14,1685.0,1.0,0.278379233159368,0.28231259134268544,33.504929133823936,41.647051317715025,0.2766375459677487,-0.043502015246835626
lstm,STORE0010,SKU0001,14,1348.0,1.0,0.17879472500492627,0.20150934337159196,17.215377807617188,23.298163313329546,0.17452580185003597,0.06316829647437756
lstm,STORE0010,SKU0004,14,1388.0,1.0,0.23347302747391144,0.2563656196878568,23.14718300955636,27.907058684052124,0.24949731757255253,-0.1242600256840159
lstm,STORE0010,SKU0005,14,1302.0,1.0,0.2696809373143631,0.3472355190973229,25.08032717023577,29.18072495060014,0.2945572206466322,-0.0024280870381954444
lstm,STORE0010,SKU0006,14,1503.0,1.0,0.19122682978769023,0.6933184364765805,20.529566083635604,32.381506250907904,0.2252339090913996,0.13808137103072496
lstm,STORE0010,SKU0007,14,334.0,1.0,0.22811956462745892,0.3901885874838135,5.4422810418265195,7.34142971125576,0.25885999832140916,0.14382889456377773
lstm,STORE0010,SKU0010,14,488.0,1.0,0.265129276963531,0.3617283431582097,9.241649082728795,12.656774459466295,0.2790968695639811,0.06874811453897443
lstm,STORE0010,SKU0011,14,330.0,1.0,0.24269067012902462,0.26217507903032383,5.7205657958984375,7.296392014164989,0.23709793489522807,-0.01182382757013491
lstm,STORE0010,SKU0012,14,874.0,1.0,0.2418145806074688,0.4503305534188475,15.096138817923409,18.089516971512463,0.2945853710902585,-0.04215216472983633
lstm,STORE0010,SKU0013,14,1626.0,1.0,0.3002886285347839,0.46081664210790557,34.8763792855399,43.79047469246655,0.3333918508085679,-0.026274241204631284
lstm,STORE0010,SKU0014,14,807.0,1.0,0.2164603685948633,0.2609393747641801,12.477394104003906,16.540852207164622,0.2316367918092173,-0.02164274875116171
lstm,STORE0010,SKU0015,14,141.0,1.0,0.2798138882251496,0.39585763441212585,2.8181255885532925,3.3930133542964676,0.30368666216423834,0.05220621528354945
lstm,STORE0010,SKU0016,14,400.0,1.0,0.22676055908203124,0.3016130600842061,6.478873116629464,7.821407740791036,0.2608021713475854,-0.06890649795532224
lstm,STORE0010,SKU0017,14,1321.0,1.0,0.37809436344721387,0.7009391146110342,35.675903865269255,51.16731843615919,0.37373403310163916,0.06389002254927907
lstm,STORE0010,SKU0018,14,1117.0,1.0,0.21230138575486446,0.2587728909083405,16.938617706298828,21.371367413074093,0.22058031925951907,0.059969329150958914
lstm,STORE0010,SKU0019,14,253.0,0.9285714285714286,0.2422460322323524,0.20678244927180625,4.37773186819894,6.223101813871853,0.32273489273603984,0.05786802269253336
lstm,STORE0010,SKU0020,14,601.0,0.9285714285714286,0.3288380691096707,0.5619889055598027,14.116548538208008,18.154880975921145,0.42783493879790796,0.11408688740404989
lstm,STORE0010,SKU0021,14,697.0,1.0,0.28420574456410563,0.43189470156953036,14.14938599722726,18.34822075483689,0.29935753434801116,0.03956387819484455
lstm,STORE0010,SKU0025,14,401.0,1.0,0.1412229133663035,0.16217642416872424,4.045027732849121,5.477112269983749,0.14699529452679316,0.020168585075701857
lstm,STORE0010,SKU0028,14,1787.0,1.0,0.1842336201040719,0.18258741380409113,23.516105651855465,29.698965680958928,0.18265159605186104,-0.04655715267819669
lstm,STORE0010,SKU0029,14,400.0,1.0,0.26336932182312006,1.2708211190548393,7.524837766374859,10.78910461888835,0.30877874722894433,0.1664408779144287
lstm,STORE0010,SKU0030,14,637.0,1.0,0.2156304938826868,0.2631336836036381,9.81118747166225,11.120862739500922,0.2326852383026287,-0.018839687904345887
lstm,STORE0010,SKU0032,14,1108.0,1.0,0.2788213805601485,0.3061517256834422,22.066720690046036,25.125780252031298,0.2799353437592923,-0.006125529320231414
lstm,STORE0010,SKU0034,14,2551.0,1.0,0.3664188960728483,0.3698366495204762,66.76675742013114,92.6200881147591,0.37015729716722034,-0.2044802568137342
lstm,STORE0010,SKU0035,14,2699.0,1.0,0.24084019811120727,0.4286250654951486,46.43054962158203,63.20565925851207,0.2658287465820837,-0.05928823125499317
lstm,STORE0010,SKU0036,14,589.0,1.0,0.32931514668748013,0.4341684417504713,13.854758671351842,16.907323038717703,0.3585625179752379,-0.032820295194616114
lstm,STORE0010,SKU0037,14,1785.0,1.0,0.26693333644492956,0.2592553470382217,34.034000396728516,40.321295771757434,0.2792564410274275,-0.1523080136595654
lstm,STORE0010,SKU0038,14,1464.0,1.0,0.2251869576876281,0.3500880838311834,23.548121861049108,29.76389485107367,0.2553197019023313,-0.07280293449026637
lstm,STORE0010,SKU0039,14,237.0,1.0,0.2190043292468107,0.29914715650789453,3.70743043082101,5.215413359815264,0.22672964053419237,0.029224556709643672
lstm,STORE0010,SKU0040,14,367.0,1.0,0.350741175929597,2.7174334022361704,9.194429397583008,12.398592476938092,0.3762139260944837,0.13215367995425856
lstm,STORE0010,SKU0042,14,195.0,1.0,0.23187312590770232,0.36188733573302934,3.229661396571568,4.4486011525458915,0.2553101176532507,0.10514023609650441
lstm,STORE0010,SKU0043,14,744.0,1.0,0.24485145589356783,0.31953295068530624,13.012105941772461,15.531477388532887,0.2650944997954749,0.0709566557279197
lstm,STORE0010,SKU0045,14,1099.0,1.0,0.177506076302498,0.2661213138713617,13.934226989746094,17.320342657240158,0.20681028365987583,-0.03646877660222007
lstm,STORE0010,SKU0046,14,1367.0,1.0,0.24903027995625115,0.47364892033158446,24.31602805001395,28.342610651673965,0.2941848682906439,0.048169809270271376
lstm,STORE0010,SKU0048,14,882.0,1.0,0.30562590255218297,0.9752641889991304,19.254431860787527,25.667992035474487,0.3651033676527846,0.14655466144587717
lstm,STORE0010,SKU0050,14,236.0,1.0,0.1645723763158766,0.15658792571685673,2.7742200578962053,3.7184751476501288,0.15771551032003978,-0.0173053741455078
lstm,STORE0010,SKU0051,14,907.0,1.0,0.20521464658020086,0.38281138233860773,13.294977460588727,18.843891598716983,0.2279662872878212,0.021637139535922858
lstm,STORE0010,SKU0052,14,721.0,1.0,0.2449061992925678,0.3646168079593611,12.612669263567241,16.219842385092292,0.26672215364957713,0.05769078311576265
lstm,STORE0010,SKU0053,14,445.0,1.0,0.26299805801905946,0.24408895185777382,8.359581129891533,10.60895415889673,0.26311287597195154,-0.13295006484128116
lstm,STORE0010,SKU0054,14,1116.0,1.0,0.30014317010038644,0.42661038912898835,23.92569841657366,36.7851232074228,0.26556594481351986,0.16470015604436183
lstm,STORE0010,SKU0055,14,213.0,1.0,0.15692969666960094,0.1586152478463461,2.3875732421875,2.7561858400234147,0.16583550504828581,-0.10333004803724691
lstm,STORE0010,SKU0056,14,374.0,1.0,0.16589082116111714,0.1637049110435425,4.431654793875558,5.357713977905267,0.1667471561508744,-0.06404680874258438
lstm,STORE0010,SKU0057,14,1210.0,1.0,0.28122513195699894,0.5207901596144107,24.30588640485491,29.249729336872363,0.3206694013844945,-0.08665676905103951
lstm,STORE0010,SKU0058,14,1183.0,1.0,0.30525599630425165,0.4023485761383062,25.794131687709264,32.59588622661564,0.30882633250617225,0.06736582532739196
lstm,STORE0010,SKU0059,14,367.0,1.0,0.27739776902367697,0.2713636828623539,7.271784373692102,9.18596110033216,0.2796624232968425,-0.12467726829591175
lstm,STORE0010,SKU0060,14,801.0,1.0,0.3085169702879945,0.4950324759515627,17.651578085763113,21.5397263264659,0.34976881006549715,-0.03617409314406797
lstm,STORE0010,SKU0061,14,1199.0,1.0,0.2437042223601862,0.2868705260959866,20.87152590070452,23.345631516900582,0.24908382784164482,0.07345047187964253
lstm,STORE0010,SKU0063,14,942.0,1.0,0.18216558727742255,0.19172173444637916,12.257141658238002,15.231286027733242,0.19505797845628642,-0.1046543728773761
lstm,STORE0010,SKU0064,14,1232.0,1.0,0.2566029251395882,0.36993330540751346,22.581057412283762,29.939183859192923,0.2748745642181961,0.027062967226102755
lstm,STORE0010,SKU0065,14,882.0,1.0,0.26849416702512713,0.3732249529070203,16.915132522583008,22.83535137719575,0.28118285055689757,0.037213258462157665
lstm,STORE0010,SKU0067,14,463.0,1.0,0.2797757554517709,0.5031762708960767,9.25258391244071,11.594377315886375,0.3121406667763074,0.09550005622352947
lstm,STORE0010,SKU0068,14,623.0,1.0,0.2537464062245279,0.24336647499167693,11.29171507699149,13.335621618028817,0.25695327565350595,-0.0706202413641622
lstm,STORE0010,SKU0069,14,1248.0,1.0,0.21945481422619942,0.29976220333637577,19.562829153878347,24.080966525609018,0.24661720118087796,-0.027605515259962816
lstm,STORE0010,SKU0070,14,1503.0,1.0,0.19850547521493472,0.2249444333189221,21.310980660574778,24.84941814998261,0.21290960471047063,-0.07864507800804642
lstm,STORE0010,SKU0073,14,138.0,1.0,0.20364280368970789,0.22115480459177053,2.007336207798549,2.3749661255339984,0.21015029649860067,-0.04399971340013587
lstm,STORE0010,SKU0074,14,952.0,1.0,0.25414151103556665,0.4132673362117579,17.28162275041853,23.280374578228564,0.2934599381841822,0.06445111346845862
lstm,STORE0010,SKU0075,14,475.0,1.0,0.23569643924110814,0.27775825491607187,7.996843474251883,10.140443673831925,0.24997268064850447,-0.06079142118755138
lstm,STORE0010,SKU0076,14,354.0,1.0,0.42345161222468664,1.6300505734520654,10.707276480538505,13.516077315688468,0.45499361079412554,0.12392604418393582
lstm,STORE0010,SKU0077,14,817.0,1.0,0.22196190506037475,0.2906763014235913,12.953062602451869,17.61056341495807,0.23100118525788482,0.09806925984899736
lstm,STORE0010,SKU0078,14,444.0,1.0,0.3210125914565078,0.3693677475579862,10.180685043334961,12.566833985723235,0.33503357948433254,-0.12393293294820697
lstm,STORE0010,SKU0079,14,989.0,1.0,0.34901954334594604,0.4855458092338722,24.655737740652903,27.16936946730334,0.356262204728008,0.09629524007243744
lstm,STORE0010,SKU0080,14,1122.0,0.9285714285714286,0.26639951954125934,0.1912272574745133,21.350018637520925,30.486449502062417,0.32410125094088477,-0.0199019556164529
lstm,STORE0010,SKU0081,14,1047.0,1.0,0.19586718685875193,0.18905458009945872,14.648067474365234,18.72636279370125,0.20549740144144682,-0.11702487074770923
lstm,STORE0010,SKU0083,14,1272.0,1.0,0.27690845465510144,1.0444772242424856,25.15911102294922,31.6775829371251,0.33286696301949265,-0.0829428546833542
lstm,STORE0010,SKU0084,14,331.0,0.9285714285714286,0.3009931212825718,0.24424598510226622,7.116337367466518,9.060095823797681,0.37294575673676983,-0.041946756875767086
lstm,STORE0010,SKU0085,14,1155.0,1.0,0.27258914435580694,1.0592598687871404,22.488604409354075,28.99902821949636,0.3551338068118229,-0.04339070505910105
lstm,STORE0010,SKU0086,14,146.0,1.0,0.1526171279280153,0.14546261199265972,1.5915786198207311,2.0344015748156785,0.15196426531489918,-0.06291196117662404
lstm,STORE0010,SKU0087,14,348.0,1.0,0.2838742870023881,0.346314589117001,7.056303705487933,8.57753489475417,0.28041943442545714,0.11636311432410933
lstm,STORE0010,SKU0088,14,348.0,1.0,0.2788408652119253,0.3638278841673567,6.931187220982143,8.245705532505228,0.29822069342557084,-0.09065628051757812
lstm,STORE0010,SKU0089,14,507.0,1.0,0.3455491677308694,1.3049166061491646,12.513816288539342,16.988624692837973,0.42072319384410034,0.10802620731632151
lstm,STORE0010,SKU0090,14,267.0,1.0,0.12987252567591287,0.13428010923291575,2.4768545968191953,3.0461625450791523,0.12889850720714627,0.033742868944946734
lstm,STORE0010,SKU0092,14,1253.0,1.0,0.3371988100141691,0.5542117045744293,30.179293496268137,36.171261952235696,0.36608929270116713,-0.009396619256362855
lstm,STORE0010,SKU0094,14,835.0,1.0,0.3260545376532092,0.6560751959375584,19.44682421003069,27.38700917498593,0.3447199102069756,-0.01505545427699289
lstm,STORE0010,SKU0095,14,461.0,1.0,0.24956359366791367,0.3138363620679395,8.217772620064872,10.149292961867204,0.2793562396055284,-0.17185140845573904
lstm,STORE0010,SKU0096,14,1170.0,1.0,0.2505107586200421,0.44733360389091875,20.93554197038923,26.770202163048133,0.2769481790797928,0.08229002993330994
lstm,STORE0010,SKU0097,14,883.0,1.0,0.3539515416457456,0.7817430733131723,22.324229376656668,26.034973353706615,0.4095762174786441,0.033965999650793194
lstm,STORE0010,SKU0098,14,456.0,1.0,0.5086620565046344,1.9259647140926623,16.56784984043666,19.986558861129907,0.5934212414602599,0.24866060625042832
lstm,STORE0010,SKU0099,14,1273.0,1.0,0.2646385186877854,0.4037935865489346,24.063202449253627,28.710735287223937,0.2825663685371503,0.134621853165428
lstm,STORE0010,SKU0100,14,1076.0,1.0,0.4063202173736459,0.7047823209717912,31.22861099243164,37.63630009708529,0.4434003026239127,0.033196098299274654
lstm,STORE0010,SKU0101,14,214.0,1.0,0.1678939088482723,0.17127715619738612,2.566378320966448,3.0655663371495634,0.15836950295672356,0.10352242550003193
lstm,STORE0010,SKU0102,14,1666.0,1.0,0.18768128741975307,0.19274279696829905,22.334073202950613,31.902419840494407,0.17447429142906928,0.017777675340155594
lstm,STORE0011,SKU0001,14,1706.0,1.0,0.29722702992339767,0.42098844487331094,36.21923664637974,39.74041509409228,0.34229049373765513,-0.029048016314489753
lstm,STORE0011,SKU0002,14,963.0,1.0,0.2745532533956589,0.3642149340176311,18.88534164428711,23.264713192263166,0.2842041744731144,0.05088716627776561
lstm,STORE0011,SKU0003,14,339.0,1.0,0.22204650046199473,0.26614024725059643,5.376697404044015,6.478021398402754,0.2332168370970606,0.008112167538443146
lstm,STORE0011,SKU0004,14,1501.0,1.0,0.154404667518204,0.14941818437765964,16.554386138916016,22.495947504817387,0.15400981760222004,-0.07339675262878134
lstm,STORE0011,SKU0005,14,1749.0,1.0,0.2102980747299238,0.18760775008083974,26.27223805018834,40.489491135916495,0.20752925793097973,-0.16775339518089577
lstm,STORE0011,SKU0006,14,1683.0,1.0,0.3313742063616403,2.8820850776898146,39.8359135219029,48.26310944512065,0.4229128885170767,0.15134900932289347
lstm,STORE0011,SKU0007,14,501.0,1.0,0.2114715043180241,0.2226585883124045,7.567658833095005,11.64466519497528,0.21427052801545068,-0.11252654146053595
lstm,STORE0011,SKU0009,14,904.0,1.0,0.21540474680672705,0.3353471900751262,13.908992222377233,18.118281382582403,0.24962967816371082,-0.0013009468011096516
lstm,STORE0011,SKU0012,14,988.0,1.0,0.2627428494966947,0.29325370584352556,18.542138235909597,25.1275267155346,0.26913380503279044,-0.04254639196975027
lstm,STORE0011,SKU0014,14,814.0,1.0,0.2377061632985858,0.28103317253464455,13.820915494646345,15.796180943513157,0.2439193081243078,0.10491014054132035
lstm,STORE0011,SKU0015,14,141.0,1.0,0.35299704260859927,1.1941506601184761,3.5551845005580356,4.537569053664872,0.4047521229257315,0.22334046059466423
lstm,STORE0011,SKU0017,14,1642.0,1.0,0.2642348518325118,0.2930962456833313,30.990973336356028,37.29092633902705,0.2666292607132526,-0.011534994034761352
lstm,STORE0011,SKU0018,14,1152.0,1.0,0.23589481910069784,0.3466873548312952,19.41077368600028,27.40359783432133,0.23935863432727197,0.15588685539033678
lstm,STORE0011,SKU0019,14,287.0,1.0,0.2314451064797644,0.40154864357207976,4.744624682835171,5.714450299122437,0.29275496726148104,0.0556226657242725
lstm,STORE0011,SKU0020,14,659.0,1.0,0.3823308698686012,0.9676985797752476,17.996860231672013,23.480292729667504,0.4104334479071826,0.18666776503706195
lstm,STORE0011,SKU0021,14,795.0,0.9285714285714286,0.3191917563384434,0.25419517017008847,18.125531877790177,23.00764331844266,0.3704062836916703,0.0723530799337903
lstm,STORE0011,SKU0022,14,1660.0,1.0,0.25445188958960846,0.25250248380572676,30.170724051339285,34.33040911781865,0.2572194608402982,-0.08168764229280402
lstm,STORE0011,SKU0023,14,964.0,1.0,0.5433476713188456,1.1488343272972006,37.413368225097656,48.9802132779333,0.5075876817611156,0.3400187670442573
lstm,STORE0011,SKU0024,14,794.0,1.0,0.3547068819291045,0.7123654772736498,20.116947446550643,24.96602582240827,0.3827721651394566,0.10381474242702843
lstm,STORE0011,SKU0025,14,459.0,1.0,0.2908511442296645,1.2500174884107778,9.535762514386859,12.372047787361153,0.3367555522391713,0.014012239078031424
lstm,STORE0011,SKU0026,14,1462.0,1.0,0.31805663102302606,0.9463627001234504,33.214199611118865,44.658180994809456,0.3582489220795594,0.06475624470638999
lstm,STORE0011,SKU0027,14,2117.0,1.0,0.28971874325355385,1.032094896150294,43.80961281912668,67.97839493363921,0.3227856848124783,0.10057765580484987
lstm,STORE0011,SKU0028,14,2051.0,1.0,0.29705534534649636,0.39470521130112196,43.51860809326172,51.36153550835588,0.3243059495194353,-0.04917385449123522
lstm,STORE0011,SKU0029,14,540.0,1.0,0.3489619466993544,0.5777348807597822,13.459960801260811,17.788694513635637,0.3558272655417384,-0.031713679984763814
lstm,STORE0011,SKU0030,14,741.0,1.0,0.2698597669923193,0.4194933206179452,14.283291952950615,18.490913444079727,0.29655177030775615,-0.016290507657646964
lstm,STORE0011,SKU0031,14,1024.0,1.0,0.2753288336098194,0.26415605559639327,20.138337544032506,27.441830627551646,0.26632002660177373,-0.11379997059702876
lstm,STORE0011,SKU0033,14,1477.0,1.0,0.3106289387717793,1.124494503820019,32.77135304042271,44.69905086306748,0.3439136965781609,0.06192445851857385
lstm,STORE0011,SKU0034,14,2864.0,1.0,0.2655197282077214,0.2834238701951837,54.317750113351,63.86427436535986,0.28071320646249254,-0.1189507798775614
lstm,STORE0011,SKU0035,14,2625.0,1.0,0.4207887892950149,0.8063151939462373,78.89789799281529,92.61033175188442,0.47634748547502087,0.004733915783110151
lstm,STORE0011,SKU0036,14,745.0,1.0,0.21116531679294254,0.25039236110586416,11.237011500767299,12.992388379006215,0.2368070768445513,-0.08130184916041842
lstm,STORE0011,SKU0037,14,1945.0,1.0,0.2775131657068405,0.32381175903512993,38.55450766427176,45.409351840182595,0.3016758111619338,-0.12922611187540167
lstm,STORE0011,SKU0038,14,1762.0,1.0,0.2851019739157496,0.3210393000320998,35.882119859967915,40.96558762429299,0.30527608586833244,-0.1101795114263909
lstm,STORE0011,SKU0039,14,264.0,1.0,0.3988568132573908,1.6018256874160808,7.52129990713937,8.403379840589135,0.4635952874032944,0.045082713618423
lstm,STORE0011,SKU0040,14,548.0,1.0,0.22609361940926878,0.2213327167906063,8.849950245448522,10.865464121796252,0.24075334946333846,-0.12867141640099294
lstm,STORE0011,SKU0041,14,1678.0,1.0,0.307751961345468,0.6003875104653152,36.88627079554966,44.270072009918415,0.3575505999842781,0.002152962394778052
lstm,STORE0011,SKU0043,14,803.0,1.0,0.3664997333607371,0.9396782589713092,21.021377563476562,26.468153377526136,0.42740528410113715,0.10363638415876984
lstm,STORE0011,SKU0044,14,1262.0,1.0,0.27240035575467697,0.6218452780812969,24.55494635445731,36.103199895671274,0.2958085831732027,0.04499191187452024
lstm,STORE0011,SKU0046,14,1787.0,1.0,0.2012833358858575,0.25597526834318246,25.692380087716238,30.69896179603615,0.22581823673714205,-0.07664817208075031
lstm,STORE0011,SKU0047,14,1260.0,1.0,0.22886827862451947,0.24118077591074694,20.59814507620675,23.545007817430896,0.23690904813544464,-0.07016392662411645
lstm,STORE0011,SKU0048,14,1120.0,1.0,0.3129186085292271,1.1619179603664558,25.03348868233817,32.44964833903946,0.4088222153515008,0.06893369129725865
lstm,STORE0011,SKU0050,14,248.0,1.0,0.2503923754538259,0.7403466493963553,4.435522079467773,5.940648089028723,0.29523161599559256,0.05402043557936147
lstm,STORE0011,SKU0051,14,1127.0,1.0,0.28436199415015667,0.33623593521269807,22.89114052908761,27.132646097686518,0.3022719391254501,-0.051724302736974544
lstm,STORE0011,SKU0052,14,860.0,1.0,0.2596183510713799,0.424171350552412,15.947984422956194,23.253041944685286,0.27692803070597605,0.028475774720657702
lstm,STORE0011,SKU0053,14,465.0,1.0,0.303754638343729,1.274773829215876,10.088993344988141,12.82710584259999,0.3574201053791791,0.004100988244497648
lstm,STORE0011,SKU0054,14,1640.0,1.0,0.20474970282577887,0.21668834026391395,23.98496518816267,31.486946157596947,0.2161534023141436,-0.09258128375541873
lstm,STORE0011,SKU0055,14,192.0,0.8571428571428571,0.4334514339764913,0.6019028629130164,5.944476808820452,7.682309805918485,0.5575927369532272,0.1399642825126648
lstm,STORE0011,SKU0056,14,400.0,1.0,0.286327486038208,0.4784707255304158,8.180785315377372,9.174075912291674,0.348557826381552,-0.03324156761169435
lstm,STORE0011,SKU0058,14,1296.0,1.0,0.36247072690798915,0.7698623951689088,33.55443300519671,41.014013991219976,0.38870677432747497,0.08388127809689368
lstm,STORE0011,SKU0059,14,425.0,1.0,0.2596523868336397,0.32044648172514095,7.882304600306919,9.989372132892761,0.2784411983570268,-0.1386997267779182
lstm,STORE0011,SKU0061,14,1435.0,1.0,0.25742929704513284,0.3797065675866384,26.386502947126115,35.65192786118577,0.2728560459581515,0.06195309735341358
lstm,STORE0011,SKU0062,14,249.0,1.0,0.29802547592714607,0.5084786329849158,5.300595964704241,6.462647158843803,0.33062953868211414,0.04350620867258095
lstm,STORE0011,SKU0064,14,1470.0,1.0,0.25440878835665126,0.2855312653709669,26.71292277744838,30.86994904735755,0.2599750044974539,0.011302678114702912
lstm,STORE0011,SKU0065,14,1013.0,1.0,0.24955383858111158,0.3103020737513909,18.057002748761857,23.916204232563487,0.26183524180875206,0.006293034153417701
lstm,STORE0011,SKU0066,14,486.0,1.0,0.27241704100934566,0.2820377573679119,9.456762995038714,10.316242907870254,0.2773673199997536,-0.05685050006756567
lstm,STORE0011,SKU0067,14,553.0,1.0,0.33800263085805055,0.6293429019296184,13.351103918892997,16.936280899996518,0.37031359486381865,0.07174302527098288
lstm,STORE0011,SKU0068,14,657.0,1.0,0.2087557021885702,0.21712203799172952,9.796606881277901,11.487208815375794,0.21520916602186654,-0.03191436117279656
lstm,STORE0011,SKU0069,14,1593.0,1.0,0.1855599211209687,0.17708635453232688,21.114068167550222,31.994012311342672,0.1882457314862883,-0.12697614249536546
lstm,STORE0011,SKU0070,14,1494.0,1.0,0.24853917010816703,0.6291864809731897,26.522680010114396,35.32499559960097,0.28511011327938224,0.06065096976447455
lstm,STORE0011,SKU0071,14,524.0,1.0,0.24512302238522596,0.2496031936746536,9.174604552132744,10.291972720094718,0.2569960976428782,-0.11041129818399444
lstm,STORE0011,SKU0072,14,561.0,1.0,0.29058272145861186,0.3772360558289206,11.644064767020089,13.925189150178321,0.3049841978993375,-0.011532462216953568
lstm,STORE0011,SKU0073,14,184.0,0.9285714285714286,0.3020665956580121,0.21925113228815374,3.970018114362444,5.132182092635232,0.3836372362035835,-0.16843215278957202
lstm,STORE0011,SKU0074,14,1107.0,1.0,0.2700572612593598,0.3340306927248549,21.353813443865096,24.58592059865864,0.28584267740484476,0.020845287429823372
lstm,STORE0011,SKU0077,14,1037.0,1.0,0.23607659776737283,0.2646885953360901,17.48653084891183,24.199960783234268,0.2372342045107171,-0.05735346206473752
lstm,STORE0011,SKU0078,14,447.0,1.0,0.16403780260875456,0.17699428349361887,5.23749269757952,5.999562482438835,0.16910963812028637,0.00515646369131883
lstm,STORE0011,SKU0079,14,1376.0,1.0,0.30126384247181026,0.33837446774098884,29.60993194580078,33.246404810472946,0.31992322172697557,-0.09406158535979516
lstm,STORE0011,SKU0082,14,908.0,1.0,0.3188326747406947,0.4572250934333107,20.6785763331822,25.43412103325417,0.34376523478483195,0.034934064890319555
lstm,STORE0011,SKU0083,14,1365.0,1.0,0.3305112063229739,0.6087692805305157,32.22484261648996,39.01950758455969,0.36103738067745134,-0.01890561729123744
lstm,STORE0011,SKU0085,14,1342.0,1.0,0.30691472037893824,0.5510526864386123,29.41996819632394,33.76439166972611,0.35072550343919257,-0.04930721345495005
lstm,STORE0011,SKU0086,14,173.0,1.0,0.23007779865595646,0.24505018531858638,2.843104226248605,3.514752300578766,0.24716623149661104,-0.10866939125722548
lstm,STORE0011,SKU0087,14,463.0,1.0,0.1931654021755408,0.23268867461282894,6.388255800519671,7.434286755426395,0.21071297888098925,-0.02325092587563699
lstm,STORE0011,SKU0088,14,400.0,1.0,0.19600123405456543,0.17795144192340753,5.60003525870187,8.15909449248778,0.18927326594544466,-0.09588261604309084
lstm,STORE0011,SKU0089,14,668.0,1.0,0.2751975773337358,0.3873883885858735,13.130855832781108,18.241981128853393,0.29395990458798543,-0.05052332963772162
lstm,STORE0011,SKU0090,14,347.0,1.0,0.18296350044888104,0.20129789235256804,4.534881046840122,5.855787175510109,0.1881199189223688,-0.06992058657775353
lstm,STORE0011,SKU0094,14,891.0,1.0,0.28992387662431607,0.3744624293841161,18.451583862304688,23.36238537727323,0.2950174956236969,0.07959087984061536
lstm,STORE0011,SKU0095,14,484.0,1.0,0.2995601094458714,0.3362894239776754,10.356220926557269,12.062389672782242,0.313263916275866,-0.08636779233443835
lstm,STORE0011,SKU0096,14,1533.0,1.0,0.24246962834088848,0.8766257145666924,26.550424303327286,35.47861184245984,0.3059211367318073,-0.05816557324951329
lstm,STORE0011,SKU0097,14,1139.0,1.0,0.3167860518431224,0.41454402149493863,25.772808074951172,30.198069981227455,0.35126043905183824,-0.08714208025174563
lstm,STORE0011,SKU0098,14,576.0,1.0,0.4571673605177138,1.8449240368154718,18.809171404157365,24.01923940766999,0.48009350521564376,0.1195101605521308
lstm,STORE0011,SKU0100,14,1173.0,1.0,0.3742169431408348,0.47390362721298146,31.354033878871373,34.9159453062692,0.37833931820373995,0.08191109841843498
lstm,STORE0011,SKU0101,14,290.0,1.0,0.1833170068675074,0.18203520713649066,3.797280856541225,5.106898190768936,0.17981025498841466,-0.050371334470551615
lstm,STORE0012,SKU0001,14,1615.0,1.0,0.32883843578421296,0.686522398666485,37.93386241367885,46.24141331042973,0.3812146402819857,-0.13566202453046391
lstm,STORE0012,SKU0002,14,1021.0,1.0,0.1835465912253803,0.18352907726406237,13.385790688650948,18.344701375225817,0.1898265780008738,-0.1010974880296967
lstm,STORE0012,SKU0004,14,1315.0,1.0,0.22808565205040993,0.30640140670839866,21.42375946044922,27.80980939075282,0.2456660663402623,-0.08668046958546222
lstm,STORE0012,SKU0005,14,1255.0,1.0,0.334660223850691,0.46327728952049174,29.999898638044083,38.06825040178985,0.35114932568741075,0.0058926768511889825
lstm,STORE0012,SKU0006,14,1388.0,1.0,0.25543766956164443,0.4001865560304842,25.32482038225446,34.61406169552835,0.26527356112445255,0.20902931587153273
lstm,STORE0012,SKU0007,14,380.0,1.0,0.20210860402960526,0.21135427708049964,5.485804966517857,7.554257805604942,0.19865966794806647,-0.027891761378238067
lstm,STORE0012,SKU0008,14,336.0,1.0,0.28224001611982075,0.3452724314088856,6.773760386875698,8.142209575008948,0.2933719134368716,-0.036123877479916536
lstm,STORE0012,SKU0009,14,708.0,1.0,0.2526245063307595,1.4775239211210978,12.775582177298409,19.102759426668886,0.3300865063280482,0.0853505053762662
lstm,STORE0012,SKU0010,14,552.0,1.0,0.23995396365290103,0.24273193841782983,9.46104199545724,10.908681629797627,0.2496089311288458,-0.09165769729061403
lstm,STORE0012,SKU0013,14,1554.0,1.0,0.35013917115357546,3.007018845032121,38.865447998046875,45.423800438533746,0.453766095074476,-0.023303921771939358
lstm,STORE0012,SKU0014,14,766.0,1.0,0.29403800565953664,0.3666387087439841,16.08807945251465,17.69383520306052,0.3069303567068133,0.022169670921704174
lstm,STORE0012,SKU0015,14,171.0,1.0,0.24085344905741732,0.24099115579079838,2.9418528420584544,3.4736640672940866,0.2490228121608713,-0.13269785830849096
lstm,STORE0012,SKU0016,14,394.0,1.0,0.31973293711086215,0.7740875476132558,8.99819837297712,10.246586687640521,0.3809467678858733,-0.07358099845460223
lstm,STORE0012,SKU0017,14,1482.0,1.0,0.2591247867476119,0.4324304195165036,27.430209568568635,33.23457432062224,0.3011708331689596,-0.04375845925849776
lstm,STORE0012,SKU0018,14,1143.0,1.0,0.23559600349486343,0.3534114261281398,19.234730856759207,22.763586381811553,0.26238059996794166,0.003212388940579205
lstm,STORE0012,SKU0019,14,256.0,1.0,0.20285286009311676,0.24571588724085114,3.7093094417027066,4.647163432472769,0.22233545219618708,0.0010861605405807426
lstm,STORE0012,SKU0020,14,770.0,1.0,0.29362262379039417,0.329191225884784,16.14924430847168,21.634634949972693,0.30415221555031297,-0.13658626110522779
lstm,STORE0012,SKU0022,14,1162.0,1.0,0.33404694654034667,0.6177705531220921,27.72589656284877,35.488145274840335,0.3664428348679964,0.1180535085024809
lstm,STORE0012,SKU0023,14,986.0,1.0,0.1790374229694235,0.18577726997047259,12.609349931989398,15.867464163413683,0.16688434843948327,0.11131588392277035
lstm,STORE0012,SKU0025,14,456.0,1.0,0.20809392761765866,0.19056737781978197,6.777916499546596,8.590790606127264,0.2056744695285,-0.10845109872650678
lstm,STORE0012,SKU0026,14,1485.0,1.0,0.2427967212818287,0.3396883897577556,25.753795078822545,31.494637670893795,0.2712584959356138,-0.09630823617029675
lstm,STORE0012,SKU0027,14,2358.0,1.0,0.24833712848795986,0.21914765446061082,41.82706778390067,61.074099740565984,0.24162767726205828,-0.18517065331327198
lstm,STORE0012,SKU0028,14,1723.0,1.0,0.24643085588221625,0.24135579710572866,30.328597477504186,40.13424063568023,0.2419985270896245,-0.045929101201177554
lstm,STORE0012,SKU0029,14,423.0,1.0,0.25569027479095097,0.32171871188593704,7.725499016898019,8.761051335251974,0.2662843855723911,0.08264788724570128
lstm,STORE0012,SKU0030,14,750.0,1.0,0.2635148518880208,0.25710269013712544,14.116867065429686,18.520365244909485,0.270092334620251,-0.16056233723958332
lstm,STORE0012,SKU0032,14,1098.0,1.0,0.1745624576978562,0.1875375811553656,13.690684182303292,16.80244473197915,0.17687221397159616,-0.010217850759815444
lstm,STORE0012,SKU0033,14,1467.0,1.0,0.1707577175564236,0.15780478932072062,17.892969403948104,21.712287718145685,0.1751495530097537,-0.140255970295059
lstm,STORE0012,SKU0034,14,2784.0,1.0,0.3093417540363882,0.24917447269387488,61.51481737409319,95.20489873274943,0.29530381088877417,-0.28193342822721634
lstm,STORE0012,SKU0035,14,2425.0,1.0,0.1988842270054768,0.2000541845968289,34.44958932059152,38.61721227430537,0.19642597277125057,0.0025204499234858365
lstm,STORE0012,SKU0036,14,655.0,1.0,0.23984513027977397,0.24074853173599983,11.221325738089424,13.606603263708175,0.2532208204359541,-0.12132137968339991
lstm,STORE0012,SKU0037,14,1387.0,1.0,0.2865205419605038,0.560916456546445,28.385999407087052,37.785956286369725,0.32319685953281707,0.06310610506460661
lstm,STORE0012,SKU0038,14,1419.0,1.0,0.23001655648509073,0.26849126976915466,23.31382097516741,26.926931016577782,0.2529392875015255,-0.09682007051001476
lstm,STORE0012,SKU0039,14,229.0,1.0,0.30622798803071266,0.4203578159090325,5.0090149470738,6.2434026555124795,0.3162592282478912,0.05839267047732159
lstm,STORE0012,SKU0043,14,719.0,1.0,0.4053480389718386,0.4192326369200231,20.817517144339426,24.02274081730293,0.373094442556987,0.07908448390403612
lstm,STORE0012,SKU0044,14,1271.0,1.0,0.14961491186350562,0.13552939006422698,13.582896641322545,19.766568935500423,0.14711341259414248,-0.1081845263249287
lstm,STORE0012,SKU0046,14,1369.0,1.0,0.2475416407783681,0.312650376807358,24.206036158970424,30.154690964830934,0.2519379083388974,0.045646271799671304
lstm,STORE0012,SKU0047,14,1060.0,1.0,0.3175589579456257,0.8273988496802289,24.04374967302595,31.32789097096947,0.34721323961434675,-0.018778135191719485
lstm,STORE0012,SKU0048,14,1115.0,1.0,0.20000897394702039,0.22747660586734111,15.929286139351982,22.229112834764226,0.21044248132270787,-0.10996138568416305
lstm,STORE0012,SKU0050,14,260.0,1.0,0.23101948958176835,0.21799522571935373,4.290361949375698,5.963204322385617,0.2278715819497012,-0.11142972799447867
lstm,STORE0012,SKU0052,14,731.0,1.0,0.2572916503154791,0.29335166233213655,13.434299741472516,16.104754542534263,0.2535071500648466,0.04897939261920475
lstm,STORE0012,SKU0053,14,428.0,1.0,0.3551695458242826,0.3989674295454581,10.858040400913783,12.716771010847504,0.3615119890885435,-0.08007781305045725
lstm,STORE0012,SKU0054,14,1213.0,1.0,0.3184443172696987,0.34074054353546085,27.590925489153182,36.12966547705713,0.29790335337331475,0.034162648728536554
lstm,STORE0012,SKU0055,14,187.0,1.0,0.2388828093992835,0.2873116900528702,3.190791811261858,4.223871098968936,0.2473951036292043,0.00676557979481743
lstm,STORE0012,SKU0056,14,336.0,1.0,0.22676079613821848,0.7958444176102513,5.442259107317243,6.98310608108287,0.2883823393392196,0.013659817831856885
lstm,STORE0012,SKU0057,14,1032.0,1.0,0.2745545039805331,0.293876359303977,20.238589150565012,22.945543310838488,0.26574328916990664,0.05722423671751983
lstm,STORE0012,SKU0058,14,1174.0,1.0,0.26170241893657836,0.49501564168961476,21.9456171308245,28.2134897086633,0.29482014831192416,0.025803437631012432
lstm,STORE0012,SKU0059,14,346.0,1.0,0.266718737651847,0.37425404255062844,6.591763087681362,8.321645142585378,0.28489878997066953,-0.08486927451425894
lstm,STORE0012,SKU0060,14,689.0,1.0,0.34853550173201653,1.088402673641568,17.152925763811385,22.364257658437317,0.39592969560663915,0.1258172864318759
lstm,STORE0012,SKU0061,14,1301.0,1.0,0.16413326981798856,0.16672596532034073,15.252670288085938,19.281814415334235,0.16360096611199096,-0.018993146047511508
lstm,STORE0012,SKU0062,14,192.0,1.0,0.32209312915802,0.7548512955823472,4.4172771998814175,5.908168462359362,0.34736104029896087,0.16927611827850342
lstm,STORE0012,SKU0064,14,1122.0,1.0,0.24290507107494988,0.6511499261196929,19.467106410435267,30.260931713383968,0.2818181964578068,0.1285750309201273
lstm,STORE0012,SKU0065,14,842.0,1.0,0.2215597601231373,3.7549688894993936,13.325237001691544,19.02085738088179,0.29494714471516426,0.07596295916269627
lstm,STORE0012,SKU0066,14,381.0,1.0,0.23790459119741686,0.4068220693566357,6.474403517586844,8.67479286509352,0.2776668809414902,-0.00010110950219661551
lstm,STORE0012,SKU0068,14,534.0,1.0,0.2987015649174037,0.3230614006534532,11.393331118992396,15.92072879329554,0.26999391585554156,0.043384098381585384
lstm,STORE0012,SKU0070,14,1370.0,1.0,0.2735897426187557,0.3086126201031863,26.772710527692517,29.638750895444833,0.2808911897465478,-0.0029161773458884167
lstm,STORE0012,SKU0071,14,404.0,1.0,0.22498083586740023,0.23178982742464663,6.492304120744977,7.87012939887534,0.2279242089485085,-0.053190920612599606
lstm,STORE0012,SKU0072,14,546.0,1.0,0.2965153110769642,0.36055991349651023,11.564097132001605,13.242802118762514,0.33021896295104397,-0.14497972495389946
lstm,STORE0012,SKU0074,14,1015.0,1.0,0.26660529827249463,0.4034215562734636,19.32888412475586,22.47847959532547,0.30419759435779153,0.003465173279710619
lstm,STORE0012,SKU0075,14,499.0,1.0,0.2014385139297149,0.2028089299370289,7.1798441750662665,8.975372928931513,0.21292088046591953,-0.13176015574850874
lstm,STORE0012,SKU0076,14,375.0,1.0,0.2844430440266927,1.2352870332498915,7.61901010785784,10.922488898697484,0.30473958570325443,0.05841588338216148
lstm,STORE0012,SKU0077,14,784.0,1.0,0.30591332182592273,0.4534349891973169,17.131146022251674,23.810369736550268,0.30946152132523413,0.11096882333560862
lstm,STORE0012,SKU0078,14,414.0,1.0,0.231345568302173,0.2402917783837671,6.841218948364259,8.202485435552067,0.23470059563882636,-0.06656049645465355
lstm,STORE0012,SKU0080,14,1230.0,1.0,0.28162172519094575,0.31972611828164693,24.74248014177595,31.13310304344416,0.2970066739472039,-0.12919152112511115
lstm,STORE0012,SKU0081,14,967.0,1.0,0.28981286318127103,0.3982809360044799,20.01778847830636,23.902054771279193,0.31779082526222385,-0.03207162346193931
lstm,STORE0012,SKU0083,14,1138.0,1.0,0.34589124522016423,2.4628825097495777,28.116016932896205,35.70407178625141,0.407941881285744,-0.003006356881247279
lstm,STORE0012,SKU0084,14,351.0,1.0,0.25099692928825007,0.26542901111688305,6.29285158429827,7.1842145745849395,0.2634634326044958,-0.10575112454232327
lstm,STORE0012,SKU0085,14,1133.0,1.0,0.16235387251635935,0.16170397198466754,13.139066968645368,18.49233071696298,0.15585466020627645,-0.049517524631698895
lstm,STORE0012,SKU0086,14,129.0,1.0,0.19742847413055656,0.22886741349295453,1.819162368774414,2.4733775744012525,0.19479351589509425,0.06081606251324793
lstm,STORE0012,SKU0088,14,320.0,0.9285714285714286,0.29663729667663574,0.19824061264440135,6.780281066894531,10.034907823358747,0.34056393809292834,-0.030329084396362303
lstm,STORE0012,SKU0089,14,590.0,1.0,0.21124327708098847,0.19407354030129237,8.902395248413086,12.64978290089151,0.20361158565448115,-0.0720647844217591
lstm,STORE0012,SKU0091,14,223.0,1.0,0.4249499710151433,0.611674913655498,6.768845966884068,8.182537299385801,0.41902072914103156,0.2961882347483271
lstm,STORE0012,SKU0092,14,1293.0,1.0,0.27455070713925345,1.5745333419349148,25.35671888078962,33.891405280599564,0.33445220981547574,-0.06073113697403085
lstm,STORE0012,SKU0094,14,813.0,1.0,0.20387735402012222,0.2618943905439692,11.839449201311384,14.634890879136616,0.2145717606473692,0.03880140203684752
lstm,STORE0012,SKU0095,14,442.0,1.0,0.23528231538798475,0.2038108388940116,7.42819881439209,10.33352322994379,0.2310140215001725,-0.1793194723345036
lstm,STORE0012,SKU0096,14,1219.0,1.0,0.2776642408989021,0.5114083695971215,24.176622118268693,35.61907295576282,0.29202915328990414,0.0065018401173316896
lstm,STORE0012,SKU0097,14,907.0,1.0,0.3450299844457927,0.6919630681923118,22.35301399230957,26.576673315573743,0.4025176413004378,-0.030384568421554146
lstm,STORE0012,SKU0098,14,579.0,1.0,0.15148320963963327,0.15234633039869405,6.2649127415248325,8.098655269767711,0.15556534606471262,-0.028853329146258343
lstm,STORE0012,SKU0099,14,1401.0,1.0,0.23025678788483953,0.6226077203939644,23.042125701904297,30.987747413660923,0.2970483423460039,0.021192601031698878
lstm,STORE0012,SKU0100,14,1159.0,1.0,0.3251807054021011,0.7895510731440235,26.92031696864537,32.66595885341731,0.3701551443178944,-0.046333813276447235
lstm,STORE0012,SKU0101,14,250.0,1.0,0.22473390197753906,0.21881776436093942,4.013105392456055,5.619343879623673,0.21540433028185163,-0.06534254455566409
lstm,STORE0013,SKU0001,14,745.0,1.0,0.31568576889550126,0.42982141208055896,16.798992701939174,19.319984013119505,0.33800271883126604,0.08391629417470638
lstm,STORE0013,SKU0002,14,399.0,1.0,0.47085426923326384,1.0252713709632124,13.419346673148018,16.18320275314494,0.4711649089355926,0.24444540879481422
lstm,STORE0013,SKU0003,14,142.0,0.9285714285714286,0.3538165293948751,0.6076225109589406,3.588710512433733,4.890581470447678,0.4283421201413472,0.19245682299976619
lstm,STORE0013,SKU0006,14,938.0,1.0,0.40182961583900045,0.5122453484434857,26.92258426121303,33.73483890176967,0.4160653307710466,-0.05430775054736432
lstm,STORE0013,SKU0008,14,179.0,1.0,0.2112348758974555,0.2971222721653664,2.700788770403181,3.3984811820065732,0.22573746051917673,0.08165114418754366
lstm,STORE0013,SKU0009,14,401.0,1.0,0.1881080399130348,0.2071120506113598,5.387951714651925,6.96188470249805,0.1840677117348994,0.06418603911364171
lstm,STORE0013,SKU0013,14,796.0,1.0,0.3092276367110823,0.5695170464692322,17.581799915858678,19.96676909074053,0.35743571788555845,0.04604608449504606
lstm,STORE0013,SKU0014,14,483.0,1.0,0.28188981871674024,0.30105256996037744,9.725198745727539,10.93978027302404,0.3053511368985516,-0.14868115095371542
lstm,STORE0013,SKU0015,14,98.0,1.0,0.18424540149922275,0.1758634567260742,1.2897178104945592,1.6256150380371983,0.18216116364311777,-0.05938631174515704
lstm,STORE0013,SKU0017,14,772.0,1.0,0.17889783790074482,0.7413579789968774,9.864937918526786,14.460028873893435,0.23069435641527694,0.027539455828889045
lstm,STORE0013,SKU0020,14,390.0,1.0,0.23507381341396233,0.2097668624563973,6.548484802246094,9.189189429379908,0.22516542780834564,-0.10187341738969852
lstm,STORE0013,SKU0024,14,496.0,1.0,0.25720682451801913,0.24600345714501484,9.112470354352679,11.715712552077072,0.26356064039460014,-0.15490018936895555
lstm,STORE0013,SKU0025,14,206.0,1.0,0.3366277194717555,0.5905379196716861,4.953236443655832,6.690389167515747,0.3496658821815389,0.09158745552729634
lstm,STORE0013,SKU0026,14,724.0,0.9285714285714286,0.3372653518592455,0.3998571231187768,17.441436767578125,24.624353086210135,0.38825095752839556,0.17796701884401436
lstm,STORE0013,SKU0027,14,1226.0,1.0,0.2405332095471331,0.26661850928311986,21.063836778913224,29.150794145318436,0.24443356762618365,-0.06199390230910034
lstm,STORE0013,SKU0028,14,879.0,1.0,0.39759965100250416,5.882456253467207,24.963578087942942,30.95857165759243,0.4687982380211775,0.07703403564036503
lstm,STORE0013,SKU0031,14,543.0,1.0,0.2564573797292692,0.2453776964109715,9.94688265664237,12.345795577177102,0.2547231878423141,-0.11188122449000237
lstm,STORE0013,SKU0032,14,642.0,1.0,0.2915737354124075,0.37605069874349484,13.370738438197545,16.942458618014378,0.3101705864685697,-0.12034946810047946
lstm,STORE0013,SKU0034,14,1377.0,1.0,0.23967009899662992,0.2195827630872788,23.573266165597097,29.7907471135662,0.25552019012630767,-0.20683783903101172
lstm,STORE0013,SKU0036,14,382.0,1.0,0.3354253818851491,0.5221314973692819,9.152321134294782,11.191869191484372,0.3875440602204968,-0.2161119171462134
lstm,STORE0013,SKU0037,14,839.0,1.0,0.3100666823631532,0.3724199013918353,18.581853321620397,21.561416540048317,0.32243196071606967,-0.037463523491915125
lstm,STORE0013,SKU0039,14,149.0,1.0,0.2215612782727952,0.23291557736630658,2.3580450330461775,2.9224866970161116,0.22823503766216283,-0.026604492392315986
lstm,STORE0013,SKU0040,14,243.0,1.0,0.2781514454280398,0.331969746511105,4.827914374215262,6.1043472492913295,0.2782751917904775,-0.054925942126615536
lstm,STORE0013,SKU0041,14,779.0,1.0,0.28462777976353143,0.4067622678478375,15.837502888270786,19.198898861846498,0.30320070737296906,0.12621091419068167
lstm,STORE0013,SKU0049,14,298.0,1.0,0.2507022883268011,0.49850957594152323,5.336377280099051,7.483726854212543,0.2786417373942224,0.18839406007088272
lstm,STORE0013,SKU0056,14,205.0,1.0,0.25045046922637193,0.271147989910873,3.6673104422433034,4.459752165738191,0.25161983111071856,0.012896840165301059
lstm,STORE0013,SKU0057,14,648.0,1.0,0.1427554731015806,0.15234879340664273,6.607539040701731,8.592458891673658,0.14487071193787313,0.000338401323483336
lstm,STORE0013,SKU0061,14,679.0,1.0,0.2908408848983023,1.070285010765011,14.105782917567662,20.782334052605623,0.3516768630135062,0.06346765779430631
lstm,STORE0013,SKU0063,14,400.0,1.0,0.28421716690063475,0.5966235299355922,8.12049048287528,10.02151911349482,0.3336989239433805,0.0763796615600586
lstm,STORE0013,SKU0065,14,548.0,1.0,0.23125283039399308,0.23266550909453915,9.051896503993444,12.267038171223595,0.24987540873784225,-0.1360625385367957
lstm,STORE0013,SKU0068,14,381.0,1.0,0.36900082285322855,0.420327937084504,10.04209382193429,13.246638503957334,0.38054874933977356,-0.1447969271442083
lstm,STORE0013,SKU0071,14,195.0,1.0,0.4716839325733674,0.7690325681067911,6.569883346557617,7.264629922237416,0.47546000690181406,0.1801093272673778
lstm,STORE0013,SKU0076,14,226.0,1.0,0.3357950396242395,0.6684080076234008,5.420691353934152,6.63743778038088,0.3762544508417796,0.017008452288872395
lstm,STORE0013,SKU0080,14,743.0,1.0,0.2382259137858292,0.24376205350989025,12.642989567347936,15.59094684211434,0.2521419776297012,-0.12835155297095807
lstm,STORE0013,SKU0084,14,191.0,1.0,0.3353615805740756,0.714659678674811,4.575290134974888,5.458485184482697,0.4076809002096153,0.004868472433839169
lstm,STORE0013,SKU0085,14,573.0,1.0,0.2680362581582594,0.3463025865966009,10.97034113747733,17.73100527904245,0.25320205007565844,0.0909250236098471
lstm,STORE0013,SKU0086,14,87.0,1.0,0.30173698512987157,0.4151018243257691,1.875079836164202,2.325045911963248,0.32757131167158143,-0.014359090520047593
lstm,STORE0013,SKU0087,14,267.0,1.0,0.3107006201583348,0.2974518526236948,5.925504684448242,6.776751962054331,0.326101589134144,-0.19148401553264718
lstm,STORE0013,SKU0089,14,390.0,1.0,0.289750495323768,0.2454351390235554,8.07162094116211,10.86346066302939,0.3030138613357062,-0.2663578913762019
lstm,STORE0013,SKU0090,14,173.0,1.0,0.17715006481016302,0.17049005978869833,2.1890686580113004,2.5750923470557954,0.18005166105590228,-0.09787615737474034
lstm,STORE0013,SKU0096,14,753.0,1.0,0.2006061498229089,0.21339358415570508,10.789745058332171,12.415684544732265,0.2174655027323309,-0.10015462340903314
lstm,STORE0013,SKU0097,14,535.0,1.0,0.22455030779972254,0.23197560236646053,8.581029619489398,9.805603763083145,0.2314159867466968,-0.05741945070641061
lstm,STORE0013,SKU0099,14,747.0,1.0,0.29256266602869807,0.5491703402813503,15.61030796595982,19.244637117555833,0.3441250704260756,0.1147833623720141
lstm,STORE0013,SKU0102,14,928.0,1.0,0.19018353264907312,0.179657164291326,12.606451307024274,16.348456016450545,0.17801669050405913,-0.044353682419349366
transformer,STORE0001,SKU0001,14,1457.0,1.0,0.36863603245009274,0.5880206383493458,38.36447851998465,45.604529891498146,0.3763644182613555,0.20265443339770023
transformer,STORE0001,SKU0002,14,954.0,1.0,0.25204270240895654,1.3198725795579833,17.174909864153182,22.656935590159986,0.2975237206775807,0.10252222824896408
transformer,STORE0001,SKU0004,14,1418.0,1.0,0.25134833138147095,2.684479014222568,25.4579952784947,36.067728844943915,0.312013854796484,0.0755811026805883
transformer,STORE0001,SKU0006,14,1888.0,1.0,0.28647394099477996,0.3425653231200322,38.633057185581755,48.74474378691985,0.27448419652999834,0.09643402342068945
transformer,STORE0001,SKU0007,14,376.0,1.0,0.3732912337526362,0.5592808576203497,10.025535992213658,11.775648619663059,0.3733355990071603,0.297121266101269
transformer,STORE0001,SKU0008,14,422.0,1.0,0.17707391711772905,0.18689963070319293,5.3375137874058325,6.919201608045975,0.17134565737862908,0.03951479473385204
transformer,STORE0001,SKU0010,14,595.0,1.0,0.26370243745691635,3.0863677382061807,11.207353591918945,16.15092292162052,0.3053964992627302,0.09559225515157235
transformer,STORE0001,SKU0011,14,335.0,1.0,0.3593513261026411,0.5593762900605855,8.598763874598912,10.693293972707064,0.35979605074659604,0.24195022583007814
transformer,STORE0001,SKU0012,14,998.0,1.0,0.2168557543553905,0.2841541957676373,15.458717346191408,22.771437553938792,0.22080433097205374,0.03640788351605552
transformer,STORE0001,SKU0014,14,909.0,1.0,0.2894211612781151,0.3635807021708056,18.79170254298619,23.229939709167425,0.29130334279101205,0.049449542961498304
transformer,STORE0001,SKU0015,14,160.0,1.0,0.3432096242904663,0.5033270213441029,3.922395706176758,4.791894469502513,0.3357217054519154,0.3267263650894165
transformer,STORE0001,SKU0016,14,404.0,1.0,0.4244839885447285,0.8736334245326468,12.249395098005023,14.692956653736415,0.46863721869793207,0.17115654331622737
transformer,STORE0001,SKU0017,14,1767.0,1.0,0.3135093252876079,0.37180417216463857,39.56935555594308,46.64712676154259,0.3258171689529905,-0.030231780228671453
transformer,STORE0001,SKU0018,14,1497.0,1.0,0.2831588571837686,0.28843814679055096,30.277772086007257,35.80343476424401,0.2813020630105682,-0.036603225575500005
transformer,STORE0001,SKU0019,14,244.0,0.9285714285714286,0.5675211578118996,0.6491997960826572,9.89108303615025,12.877896082802653,0.5355828298727822,0.404746024335017
transformer,STORE0001,SKU0020,14,665.0,1.0,0.43598251916412123,0.97365485991974,20.70916966029576,24.15463270967561,0.4530788769382172,0.18698562966253524
transformer,STORE0001,SKU0021,14,843.0,0.9285714285714286,0.329979096726025,0.3052231673884352,19.86945561000279,27.987215333666196,0.370694758263108,0.17442872034980167
transformer,STORE0001,SKU0023,14,1189.0,1.0,0.23320725347135526,0.3610940498804947,19.805958884102957,32.96441680205523,0.23270929808054538,0.11162595371923294
transformer,STORE0001,SKU0024,14,665.0,1.0,0.525221005776771,2.124290038211827,24.947997774396622,30.57132864788061,0.5304498047785818,0.4152119629365161
transformer,STORE0001,SKU0026,14,1585.0,1.0,0.3868021294145554,0.6467472357230518,43.791526794433594,51.241781787693554,0.4082178856410811,0.17230855177629634
transformer,STORE0001,SKU0027,14,2752.0,1.0,0.26626314673312873,0.31046029697287325,52.339727129255024,67.22232835672506,0.2836903460489059,-0.12024730305339015
transformer,STORE0001,SKU0029,14,595.0,1.0,0.22476897039333316,0.28207861461686534,9.552681241716659,11.633657530025657,0.23720673422445607,0.07309132423721446
transformer,STORE0001,SKU0030,14,738.0,1.0,0.21094966257813824,0.22830077320657466,11.120060784476143,12.485400403081739,0.20115307852657732,0.14773193090588743
transformer,STORE0001,SKU0031,14,947.0,1.0,0.3515050942442107,0.8625930943772137,23.776808874947683,31.474003753011406,0.3505324345575982,0.2386245123310351
transformer,STORE0001,SKU0033,14,1816.0,1.0,0.12661298676209307,0.1265315854273681,16.423513139997215,21.818332617887485,0.1200606168675425,0.05133511211378458
transformer,STORE0001,SKU0035,14,3090.0,1.0,0.35880166458080504,0.7902300905887811,79.19265311104911,106.26390390813988,0.38395044405611733,0.030880559532387743
transformer,STORE0001,SKU0036,14,751.0,1.0,0.3034579585617614,0.36397978430770866,16.27835191999163,18.649886682311738,0.29154953765288016,0.1927455592250697
transformer,STORE0001,SKU0037,14,1531.0,1.0,0.3670692967091566,0.6277939905463875,40.141649518694194,51.37148716320442,0.3747965234516707,0.17737789141594545
transformer,STORE0001,SKU0038,14,1504.0,1.0,0.20488852135678556,0.3405493384248937,22.010881151471818,29.358220535038182,0.23678561267263956,0.11667154697661704
transformer,STORE0001,SKU0039,14,303.0,1.0,0.22777638576998568,0.2733265000877738,4.9297317777361185,5.8075574679861495,0.23092620668470215,0.12251826245399199
transformer,STORE0001,SKU0040,14,430.0,1.0,0.2737525540728902,0.3682111601129027,8.408114160810198,10.098928453023268,0.2745722665341826,0.23227055128230606
transformer,STORE0001,SKU0041,14,1714.0,1.0,0.29141250485717346,0.45213034742635483,35.67721666608538,43.53358560825383,0.3247274980829487,0.05220050433413708
transformer,STORE0001,SKU0042,14,244.0,1.0,0.3548462664494749,0.485321412053997,6.1844635009765625,7.5791016522219845,0.3431361370196896,0.2557874585761399
transformer,STORE0001,SKU0043,14,718.0,1.0,0.477798313151495,0.5861541440735871,24.504227774483816,37.769832014594485,0.35798991565516236,0.4044813405836525
transformer,STORE0001,SKU0045,14,1258.0,1.0,0.3477414166036585,0.42554424546214215,31.24705014910017,45.78858417965637,0.31211702372295236,0.2742042662797937
transformer,STORE0001,SKU0046,14,1677.0,1.0,0.24400081190952036,0.36945586319108953,29.227811540876115,34.386151168659275,0.26398843758216045,0.057393501113409344
transformer,STORE0001,SKU0047,14,1257.0,1.0,0.2405519326148568,0.260201627634164,21.598127092633927,26.371560564514212,0.2406856557159169,0.017580868425877597
transformer,STORE0001,SKU0048,14,1153.0,1.0,0.3240219208848859,1.197988895013929,26.68551962716239,34.13278412884554,0.34666617992933546,0.15595685391455041
transformer,STORE0001,SKU0049,14,707.0,1.0,0.2818742506574876,0.8223734374290634,14.234649658203125,20.681798014148832,0.33382294258154716,0.12056177508881612
transformer,STORE0001,SKU0050,14,267.0,1.0,0.26308489738778673,0.31251376615742205,5.01740482875279,6.1783545822822745,0.25157151928436483,0.17948059196329294
transformer,STORE0001,SKU0051,14,924.0,1.0,0.4090312776111421,1.0968058404558507,26.99606432233538,32.25691778654878,0.41754884147462884,0.2697430565243676
transformer,STORE0001,SKU0053,14,476.0,1.0,0.3157557559614422,0.3556775576783687,10.735695702689034,12.303361929023978,0.3006292316163504,0.15242486040131384
transformer,STORE0001,SKU0054,14,1489.0,1.0,0.22722421803676177,0.2586226432005075,24.16691861833845,31.972562667872896,0.2159655354691726,0.10548906601700228
transformer,STORE0001,SKU0055,14,207.0,0.9285714285714286,0.345888736743282,0.3422985776893137,5.1142120361328125,6.622006142731471,0.39639607519937387,0.1975511560117565
transformer,STORE0001,SKU0056,14,420.0,1.0,0.1745859827314104,0.2017607615111941,5.237579481942312,6.863649539659582,0.17459165704618332,0.07336882182529997
transformer,STORE0001,SKU0058,14,1284.0,1.0,0.4074235422960323,1.3255483333160305,37.366559164864675,46.42421328747206,0.4881376856106225,0.1612052620385666
transformer,STORE0001,SKU0059,14,390.0,1.0,0.33699327615591196,0.5541698655704118,9.387669835771833,10.923189080018046,0.3739272594417353,0.11907712007180232
transformer,STORE0001,SKU0060,14,927.0,1.0,0.21475067467879838,0.2785921665808004,14.219562530517578,17.446906344229767,0.23100039887253263,0.017829499969976233
transformer,STORE0001,SKU0061,14,1251.0,1.0,0.3716109387880321,0.5787442142397641,33.20609174455915,40.80046076331516,0.3678029300921815,0.23808439820409294
transformer,STORE0001,SKU0062,14,308.0,1.0,0.15656638455081295,0.1683475554390915,3.444460460117885,4.292761783788859,0.15936188331594578,0.028067365869299147
transformer,STORE0001,SKU0063,14,904.0,1.0,0.3349352769092121,0.6744691196078254,21.627249308994838,32.092232108515496,0.34804143095157786,0.11939618861780757
transformer,STORE0001,SKU0065,14,1009.0,1.0,0.3437000195264107,0.8660695187891603,24.770951407296316,42.2716181910639,0.3576266550328335,0.14971193402444408
transformer,STORE0001,SKU0066,14,429.0,1.0,0.39997476075356936,0.9773419950912281,12.256369454520089,14.864714972956968,0.43267630985224226,0.2299635916045218
transformer,STORE0001,SKU0067,14,615.0,1.0,0.2600391791118839,0.3047359833811494,11.42314965384347,13.091925958591977,0.2615199265559386,0.08194183101498984
transformer,STORE0001,SKU0068,14,625.0,1.0,0.2596376220703125,0.5680315720688456,11.590965270996094,15.540963007356934,0.30537039457314835,0.13639346923828125
transformer,STORE0001,SKU0069,14,1641.0,1.0,0.20131123116799493,2.053078227180726,23.59655216761998,33.087319276965225,0.2755070441467172,-0.022339676154379016
transformer,STORE0001,SKU0070,14,1701.0,1.0,0.2403887973540955,0.9155776029439949,29.2072388785226,42.65425767412124,0.2802047457420348,-0.0244131519961259
transformer,STORE0001,SKU0072,14,490.0,1.0,0.33884767026317364,0.4753473534139456,11.859668459211077,14.543555545940533,0.3339993244237377,0.23070173458177215
transformer,STORE0001,SKU0073,14,163.0,1.0,0.31489848505499907,0.3767570344602876,3.6663180759974887,4.193621030350261,0.31275424811861186,0.1022586471464005
transformer,STORE0001,SKU0074,14,1048.0,1.0,0.35093909547529145,0.5145310182610693,26.27029800415039,34.89205191660925,0.331671435334229,0.16893593591588144
transformer,STORE0001,SKU0076,14,455.0,1.0,0.20576942360008155,0.2407292037909802,6.687506267002651,8.554437449900547,0.20344347353661343,0.1054075890844995
transformer,STORE0001,SKU0077,14,871.0,1.0,0.33975501339690145,0.7769630882259747,21.1376154763358,31.325579312881075,0.3523559071764656,0.16677391761753504
transformer,STORE0001,SKU0078,14,466.0,1.0,0.31961136519141464,1.0800348082730529,10.638492584228516,13.616301490153695,0.3835934968566583,0.05475048343511101
transformer,STORE0001,SKU0080,14,1224.0,1.0,0.3003678789325789,0.3172222928181187,26.26073455810547,35.001490758025994,0.2582284812858865,0.2197369718863294
transformer,STORE0001,SKU0081,14,1013.0,1.0,0.37842036376230104,1.4568229872928353,27.38141632080078,35.826882277057095,0.39134567942918475,0.20099788262837026
transformer,STORE0001,SKU0082,14,892.0,1.0,0.2933703067591372,0.3661765044715265,18.691879544939315,21.769643701024073,0.2971002155451449,0.08237911874403334
transformer,STORE0001,SKU0084,14,388.0,1.0,0.29656144269962903,0.6036523492198993,8.21898855481829,10.240713963712796,0.3252784283407035,0.11224463059730136
transformer,STORE0001,SKU0086,14,177.0,1.0,0.36010261578748454,0.4575046218661383,4.55272592817034,5.521606033324797,0.3579505657080994,0.054916403387899465
transformer,STORE0001,SKU0087,14,438.0,1.0,0.29140927911349085,0.7231158151302746,9.116947446550641,12.634067330752032,0.32596128911889466,0.19950585387068798
transformer,STORE0001,SKU0090,14,320.0,1.0,0.29594835042953493,0.8288490673074025,6.764533724103655,9.173816056581398,0.3633070333205142,0.05106596946716309
transformer,STORE0001,SKU0092,14,1319.0,0.9285714285714286,0.4317597222201656,0.7161155131554835,40.677933829171316,50.316621512518715,0.500787874001887,0.11370237638229128
transformer,STORE0001,SKU0093,14,1088.0,1.0,0.2514445360969095,0.3504243135103246,19.54083251953125,24.676790943552234,0.25996218941697363,0.12409353256225586
transformer,STORE0001,SKU0094,14,1084.0,1.0,0.20788287764545738,0.18513795912929315,16.09607424054827,22.80317592201189,0.20637174969937172,-0.17718370022369048
transformer,STORE0001,SKU0095,14,501.0,1.0,0.18991611198988742,0.2143611246405919,6.796283721923828,8.153817740972956,0.19449612344287623,-0.00931681558757485
transformer,STORE0001,SKU0096,14,1542.0,1.0,0.24683129771983423,0.2599332873806995,27.18670436314174,30.449339674845024,0.25306667301256336,-0.057907925814815395
transformer,STORE0001,SKU0097,14,1117.0,1.0,0.20925205268279293,0.21319704084215038,16.69532448904855,19.861607823290264,0.2093264879543189,-0.05057504460975968
transformer,STORE0001,SKU0098,14,731.0,1.0,0.18214388324200048,0.1949820065268006,9.51051276070731,12.131136908503047,0.1865413096229769,-0.0629584733829942
transformer,STORE0001,SKU0099,14,1706.0,0.9285714285714286,0.2653236478602062,0.2190501592136256,32.33158166067941,44.461423815831076,0.3320552903451256,0.0736635170117073
transformer,STORE0001,SKU0100,14,1251.0,1.0,0.19181429148673249,0.2287316606888874,17.139977046421595,22.47600228221101,0.1938743540194765,0.02419896968167652
transformer,STORE0001,SKU0101,14,287.0,1.0,0.3777996555022662,0.6305050056246453,7.744892937796457,9.551293007260243,0.3964539460601202,0.07420972498451792
transformer,STORE0002,SKU0001,14,1087.0,1.0,0.2587254935705892,0.3755268420166815,20.088186536516464,25.995170522804326,0.27902587541869434,0.08695788063252859
transformer,STORE0002,SKU0002,14,862.0,1.0,0.22667810037351815,0.21867881676553827,13.95689446585519,16.459278350562247,0.23721925786030734,-0.13038258209582548
transformer,STORE0002,SKU0003,14,250.0,1.0,0.23544618225097655,0.30745293839832055,4.204396111624582,4.8982277587582495,0.24571746768181657,0.12394493103027347
transformer,STORE0002,SKU0004,14,1160.0,1.0,0.2292644369191137,0.2306654697678449,18.99619620186942,23.69030909330095,0.23191038401356195,-0.0925213649355132
transformer,STORE0002,SKU0005,14,982.0,1.0,0.23329619817481265,0.4321911503523347,16.364061900547572,20.91408494468296,0.26489723647407837,0.14116721143547725
transformer,STORE0002,SKU0006,14,1359.0,1.0,0.31995856682985824,0.37223451990219036,31.058835165841238,39.360275472564595,0.31333867499388823,0.031624008751336564
transformer,STORE0002,SKU0007,14,321.0,1.0,0.24475379302122882,0.30182245675654723,5.611854825701032,6.502459326598954,0.25305594493387834,0.07641563534365264
transformer,STORE0002,SKU0008,14,263.0,1.0,0.24860065880837096,0.30558285904849775,4.670140947614398,5.619264582640798,0.2495930696273156,0.14569654573505825
transformer,STORE0002,SKU0009,14,721.0,1.0,0.18064751274542737,0.25729465991639705,9.303346906389509,12.640442820592972,0.1977176533582473,-0.009073254800867944
transformer,STORE0002,SKU0010,14,377.0,1.0,0.25585949136344444,0.430530998536029,6.889930588858468,11.564088950307601,0.24598264315214208,0.21323896150057764
transformer,STORE0002,SKU0011,14,251.0,1.0,0.28975316537803864,0.5226857948214,5.1948603221348355,6.6622084549097105,0.3340405101373755,0.16817069338612348
transformer,STORE0002,SKU0012,14,745.0,1.0,0.28400769329711095,0.36408421519228,15.11326653616769,22.847280656149124,0.28932109622743585,-0.005751549637557676
transformer,STORE0002,SKU0014,14,713.0,1.0,0.21007231809982577,0.21218645442635475,10.698683057512556,13.450797294020337,0.2088178046253122,-0.05221987773793608
transformer,STORE0002,SKU0015,14,102.0,1.0,0.5527309716916552,1.4109282866233994,4.02703993661063,4.996846843936013,0.5261578726031202,0.5527309716916552
transformer,STORE0002,SKU0016,14,271.0,1.0,0.4765357408136459,2.2117762428091132,9.224370411464147,12.349389339117302,0.4627452759281491,0.31633667048492997
transformer,STORE0002,SKU0017,14,1063.0,1.0,0.4178696683523011,1.4806158323162286,31.72824696132115,37.38961245297026,0.4677507823751394,0.11614444047240637
transformer,STORE0002,SKU0018,14,818.0,1.0,0.2683125428290705,1.9131286071489242,15.677118573869977,23.427299201518853,0.29743753563212694,0.1397676164771642
transformer,STORE0002,SKU0019,14,198.0,1.0,0.3575652440388997,0.5723541335989876,5.056994165693011,6.185313609249117,0.3789482369213527,0.32038647237450185
transformer,STORE0002,SKU0020,14,645.0,1.0,0.20879700535027557,0.19409705764932186,9.619576317923409,12.01254245375102,0.21010446417788292,-0.13543706494708393
transformer,STORE0002,SKU0022,14,1028.0,1.0,0.2732244187291958,0.3937976520615746,20.06247874668666,22.998274872128572,0.3041293176515934,-0.005326705220144547
transformer,STORE0002,SKU0023,14,801.0,1.0,0.4444354148988569,0.6802944222072677,25.428054809570312,34.13868777803259,0.4149753626189737,0.19027762347541646
transformer,STORE0002,SKU0024,14,589.0,1.0,0.29356908231518264,0.4663427070304772,12.35087067740304,15.867784934882337,0.31317279849163804,0.1620278285598107
transformer,STORE0002,SKU0025,14,396.0,1.0,0.20464466557358252,0.24610067584999093,5.788520540509905,7.23464085028494,0.21000357619652618,0.047369436784224075
transformer,STORE0002,SKU0026,14,1008.0,1.0,0.3950555211021787,3.970988590896316,28.443997519356863,37.37385330094379,0.4122878069233328,0.24194699998885866
transformer,STORE0002,SKU0027,14,1812.0,1.0,0.18839161180239378,0.21973766191329108,24.383257184709823,31.8038851830946,0.20344086559193394,0.003794714315048101
transformer,STORE0002,SKU0028,14,1333.0,1.0,0.29123574991648304,0.32849571719688014,27.729803902762278,31.557983026585692,0.28502021528505556,0.07522096512287253
transformer,STORE0002,SKU0030,14,632.0,1.0,0.23547410361374477,0.24405935735607948,10.629973820277621,12.733722926564976,0.2414078217176023,-0.05819553664967982
transformer,STORE0002,SKU0031,14,646.0,1.0,0.40159682518926565,1.3275735895171827,18.53082493373326,24.447493868632403,0.4599358226849544,0.2701636866519326
transformer,STORE0002,SKU0032,14,777.0,1.0,0.25049018614387264,0.5526776796787216,13.902205330984932,18.62598919912266,0.30595544022924637,0.08135904830088181
transformer,STORE0002,SKU0033,14,1228.0,1.0,0.21570600826499517,0.24017210938901384,18.92049843924386,22.142867863094782,0.2196860999100428,0.03445598589869197
transformer,STORE0002,SKU0034,14,1962.0,1.0,0.2503951497520268,0.2758484262502132,35.091091700962615,42.042692252443736,0.2597300997006481,0.017042753042674105
transformer,STORE0002,SKU0036,14,497.0,1.0,0.33388111720862285,0.39140918370991606,11.85277966090611,16.064673507680187,0.289946294750142,0.33060155212279535
transformer,STORE0002,SKU0037,14,1200.0,1.0,0.23532835006713868,0.25158383465812384,20.171001434326172,25.406784624017387,0.22894398667471538,0.02632230758666992
transformer,STORE0002,SKU0038,14,1030.0,1.0,0.38648113509983695,0.6818253784673857,28.433969225202286,33.69072940018961,0.4045215057596911,0.12401679326029656
transformer,STORE0002,SKU0039,14,173.0,1.0,0.4746681830786556,1.7521338826748114,5.865542548043387,7.648971488523599,0.4650264035915757,0.4746681830786556
transformer,STORE0002,SKU0040,14,312.0,1.0,0.2733083260365022,0.4325748060250088,6.090871265956333,7.860687272240417,0.30874542505530006,0.25230719492985654
transformer,STORE0002,SKU0041,14,1295.0,1.0,0.22985889331714526,0.2781667623183904,21.261947631835938,24.119731706642828,0.25574418336091104,-0.022405534545427125
transformer,STORE0002,SKU0042,14,178.0,1.0,0.3551897413275215,0.8247407462661428,4.515983854021345,5.84469530761007,0.36986003040604276,0.2579984986380245
transformer,STORE0002,SKU0043,14,546.0,1.0,0.36271763197231643,0.45045153012637895,14.145987646920341,18.271191089691545,0.3384748681522923,0.3216885088127611
transformer,STORE0002,SKU0044,14,974.0,1.0,0.2644919017501925,0.4894246346467709,18.401079450334823,22.146385571685336,0.2941059531660154,0.05482631738180987
transformer,STORE0002,SKU0046,14,1470.0,1.0,0.21327296146730176,0.21120058869697464,22.393660954066686,28.14314810805067,0.2236963878535762,-0.14842712506145037
transformer,STORE0002,SKU0048,14,890.0,1.0,0.1665498412057255,0.1939793709938577,10.58781133379255,13.368867077327671,0.1749914233733987,0.0014367478617121744
transformer,STORE0002,SKU0051,14,762.0,1.0,0.25370874179629826,0.34771756886856886,13.809004374912806,16.417790019363217,0.27019254326929104,0.10892580187539729
transformer,STORE0002,SKU0052,14,690.0,1.0,0.19201786207116167,0.20771590616068378,9.463737487792969,11.060806691068995,0.20002721175590224,-0.048110597029976235
transformer,STORE0002,SKU0054,14,1097.0,1.0,0.15867955878091705,0.19115838964550141,12.433676855904716,15.737988713408424,0.16733141418782965,0.05322042028797467
transformer,STORE0002,SKU0055,14,165.0,1.0,0.18833629723751183,0.8568804600840564,2.2196777888706754,3.5283400713088544,0.23673249019162362,0.02672514481977981
transformer,STORE0002,SKU0056,14,305.0,1.0,0.2589040912565638,0.27196436862664547,5.6404105595179965,7.970834876139843,0.24030998518890925,0.03207641351418419
transformer,STORE0002,SKU0058,14,1066.0,1.0,0.17111149514146415,0.22402124734692502,13.028918130057198,19.391590464784798,0.18560312404532728,-0.018239312950263105
transformer,STORE0002,SKU0059,14,273.0,1.0,0.2303664099165808,0.8277007630617323,4.4921449933733255,6.438465194558564,0.27628354420682416,0.13167837513235467
transformer,STORE0002,SKU0060,14,598.0,1.0,0.24172927065437852,0.3291816420569753,10.325293132237025,12.45767915230208,0.2502904963647011,0.17287982825850165
transformer,STORE0002,SKU0062,14,188.0,1.0,0.44294519627347906,1.7022122972886644,5.948121207101004,7.412738766054742,0.4679410182118538,0.22465681522450548
transformer,STORE0002,SKU0063,14,529.0,1.0,0.5226226691262258,0.9540672359815227,19.74767085484096,27.06851552292597,0.44214751110598494,0.4014942190822897
transformer,STORE0002,SKU0064,14,1120.0,1.0,0.29398713793073383,0.3227215052251567,23.518971034458705,29.35453505662035,0.2962637875123617,-0.05946455001831053
transformer,STORE0002,SKU0065,14,692.0,1.0,0.32585794526028494,0.41400150385423645,16.106692722865514,23.985745850913645,0.2897844511648881,0.21391853156117346
transformer,STORE0002,SKU0066,14,253.0,1.0,0.5749899445786306,3.2205158365581807,10.390889712742396,13.39084252367333,0.5549271599599502,0.5476966752365172
transformer,STORE0002,SKU0069,14,1055.0,1.0,0.23086847242020883,0.21952482965857353,17.39758845738002,28.11282183908402,0.1859721005997106,0.13670250770605005
transformer,STORE0002,SKU0070,14,1187.0,1.0,0.2841967781150451,0.3004281452694622,24.095826830182755,29.42463565221373,0.2755282291428129,0.0251569289968309
transformer,STORE0002,SKU0071,14,316.0,1.0,0.31234917459608635,1.1844366276247755,7.050167083740234,9.881013636580064,0.3637239688984541,0.19112277936331834
transformer,STORE0002,SKU0073,14,114.0,1.0,0.22952190198396383,0.2306659629534993,1.8689640590122767,2.593257098183464,0.2164899848599833,0.01692808720103479
transformer,STORE0002,SKU0074,14,857.0,1.0,0.19700302515730975,0.22908174542030052,12.059399468558174,14.98853269034322,0.20747638186526612,0.013929115571385946
transformer,STORE0002,SKU0075,14,387.0,1.0,0.27891824411791427,0.319925892161613,7.710097176688058,8.591565782854824,0.27449934108655527,0.13699312234725755
transformer,STORE0002,SKU0078,14,287.0,1.0,0.33178871766200047,0.4901448458028366,6.80166871207101,8.363699138900385,0.3308825456990618,0.2806381730667805
transformer,STORE0002,SKU0079,14,829.0,1.0,0.32327530496226864,0.745186226228708,19.14251627240862,24.41277657523358,0.3523564903739355,0.1628206894970055
transformer,STORE0002,SKU0081,14,766.0,1.0,0.2717988036631293,1.4140966063531375,14.871277400425502,19.7719670982083,0.33057424374996736,0.07890957267103865
transformer,STORE0002,SKU0082,14,632.0,1.0,0.2963080044034161,0.44986876157601624,13.3761899130685,15.122602123919776,0.3327939573297466,0.014327200153205969
transformer,STORE0002,SKU0083,14,884.0,1.0,0.27205817623915174,0.3394881314734085,17.178530556815012,20.842585133645418,0.26622606339450233,0.19557655127339774
transformer,STORE0002,SKU0084,14,259.0,1.0,0.365906674889524,0.767350554293098,6.7692734854561945,8.945531627963897,0.40760652359142485,0.22742600606675314
transformer,STORE0002,SKU0086,14,104.0,1.0,0.5641618875356821,1.0648216025963202,4.190916878836496,5.34088497009533,0.5245826520836625,0.2645392051109901
transformer,STORE0002,SKU0087,14,272.0,1.0,0.4079908763661104,0.7488848648601086,7.9266798836844305,10.180674846038388,0.40693853338110747,0.3352638973909266
transformer,STORE0002,SKU0088,14,317.0,1.0,0.244221828713402,0.2532772689706525,5.529879978724888,6.50387104287506,0.2479181086035656,-0.052351870371340176
transformer,STORE0002,SKU0089,14,503.0,1.0,0.30952976522578396,1.335650343838799,11.120962279183525,13.336101567472564,0.3667246279671417,-0.035069547164037256
transformer,STORE0002,SKU0090,14,207.0,1.0,0.32973259082738904,1.3752347141478616,4.875331878662109,6.19934853492952,0.36038804650514233,0.15846046042327144
transformer,STORE0002,SKU0092,14,941.0,1.0,0.256776191476301,0.8916147312579285,17.25902829851423,24.040903666598936,0.3016119407822874,0.13537569279118375
transformer,STORE0002,SKU0093,14,797.0,1.0,0.23229296024949517,0.39059853584507553,13.22410637991769,17.482006075845014,0.2572734412491967,0.06291298285930642
transformer,STORE0002,SKU0096,14,950.0,1.0,0.24188904611687911,0.39788344670991854,16.41389955793108,24.3455996685275,0.248139812093569,0.17062047857987253
transformer,STORE0002,SKU0097,14,727.0,1.0,0.18288857671220823,0.20343065996744084,9.497142519269671,11.899139776889925,0.17750983747935445,0.09889046460431085
transformer,STORE0002,SKU0098,14,446.0,1.0,0.29666310896253373,0.41304544485157296,9.450839042663574,11.450695149815674,0.31098596481750096,0.11713300371383872
transformer,STORE0002,SKU0099,14,1098.0,1.0,0.38377274754703156,1.0394801949203012,30.098748343331472,49.299652871510304,0.34745054922201446,0.13608623289236824
transformer,STORE0002,SKU0101,14,200.0,1.0,0.282764482498169,0.4431117697425066,4.0394926071167,4.801602759773872,0.31666749867634864,0.14790905952453617
transformer,STORE0002,SKU0102,14,1430.0,1.0,0.20061164802604622,0.2646847467746015,20.491046905517578,27.246942570384885,0.23199854135491674,-0.050154684640310844
transformer,STORE0003,SKU0001,14,1181.0,1.0,0.16924924147926482,0.17985455938927689,14.27738244192941,16.204159379833552,0.17021880449693713,0.02525005938136709
transformer,STORE0003,SKU0003,14,272.0,1.0,0.22366251665003162,0.3973832578899462,4.345443180629186,5.859930378046216,0.2607195087512055,0.019696488099939683
transformer,STORE0003,SKU0004,14,911.0,1.0,0.3097786845804962,0.3750506671927831,20.15774154663086,23.893442104060806,0.29528061313667686,0.19498584299265487
transformer,STORE0003,SKU0005,14,1159.0,1.0,0.15248484442828542,0.1625565844977457,12.62356676374163,14.440706018007658,0.16035577579205823,-0.009153963472433782
transformer,STORE0003,SKU0006,14,1310.0,1.0,0.21438749473513538,0.2409751996922944,20.060544150216238,24.25160697675117,0.2185702273539618,0.07543961037206284
transformer,STORE0003,SKU0007,14,352.0,1.0,0.17032266746867783,0.1667799623510302,4.282398496355328,5.5540385789977025,0.16597172370537375,-0.008292772553183806
transformer,STORE0003,SKU0008,14,243.0,1.0,0.42490702499578026,0.7201816261645592,7.375171933855329,8.844492271994227,0.4282468187424114,0.2678634737744744
transformer,STORE0003,SKU0009,14,642.0,1.0,0.3574633672601337,0.44567125850020956,16.392248698643275,19.9093300303922,0.3465490350717448,0.13322221155849945
transformer,STORE0003,SKU0010,14,419.0,1.0,0.18373739292627303,0.20567825130392522,5.498997688293457,7.208565895064842,0.17975169255687695,0.07382100635610503
transformer,STORE0003,SKU0011,14,266.0,1.0,0.2872756298323323,0.35814497994450634,5.458236966814313,8.426868344169582,0.2559616314869962,0.11422685035189292
transformer,STORE0003,SKU0012,14,762.0,1.0,0.157702628708887,0.15422380362966445,8.583528791155134,11.14123881582814,0.1601956779638302,-0.09502331791274504
transformer,STORE0003,SKU0013,14,1042.0,1.0,0.21360224908693282,0.24006487549527752,15.898110253470284,22.883173306397815,0.1953861032316624,0.19658209495031903
transformer,STORE0003,SKU0014,14,723.0,1.0,0.2201128282982284,0.21726633843303192,11.367255347115654,15.630725846249048,0.21638750601778747,-0.056150628982902726
transformer,STORE0003,SKU0015,14,118.0,1.0,0.3360327704478118,0.3885813332968059,2.8322762080601285,3.422497381133634,0.29930194802638194,0.3360327704478118
transformer,STORE0003,SKU0016,14,283.0,1.0,0.3444383708832542,0.390922987762761,6.96257563999721,8.994503347672179,0.3098938011028026,0.2595492251770235
transformer,STORE0003,SKU0019,14,186.0,1.0,0.37756277925224724,0.5441731976731504,5.01619121006557,6.738342791701964,0.3569810606691321,0.3648090157457578
transformer,STORE0003,SKU0020,14,512.0,1.0,0.28212302923202515,0.42112027317593465,10.317642211914062,13.725085123758985,0.29468576194681795,0.15105243027210236
transformer,STORE0003,SKU0021,14,560.0,1.0,0.40528068542480467,1.4934105407059077,16.211227416992188,20.15181016457579,0.428561258049407,0.2730839593069894
transformer,STORE0003,SKU0022,14,1056.0,1.0,0.2547787175034032,0.3782005416714777,19.217594691685267,23.72030987496287,0.2785627270546493,0.08723543629501805
transformer,STORE0003,SKU0023,14,943.0,1.0,0.2137420144591832,0.2965953613234857,14.397051402500697,17.669702763153666,0.2396302929685798,0.00974333147228968
transformer,STORE0003,SKU0024,14,659.0,1.0,0.23730197842819375,0.28117776786726456,11.170143127441406,13.274143965404036,0.23605449945411078,0.11170802022329052
transformer,STORE0003,SKU0025,14,350.0,1.0,0.22675022670200892,0.2516974110336792,5.668755667550223,6.932647014226222,0.2104887358013015,0.21638480050223213
transformer,STORE0003,SKU0026,14,1101.0,1.0,0.30136675232654264,0.45063019367113394,23.700342450823104,27.82541519753516,0.321979460340854,0.1573063212021387
transformer,STORE0003,SKU0028,14,1445.0,1.0,0.14524256300348723,0.1460669082037198,14.991107395717076,17.48108632149283,0.1462490030587955,-0.005424557590154628
transformer,STORE0003,SKU0030,14,558.0,1.0,0.3426186277874909,0.4435102867046723,13.65579959324428,15.623292380556716,0.34354944111017127,0.11777721254629052
transformer,STORE0003,SKU0031,14,713.0,1.0,0.43883359783327763,0.60891855154935,22.34916823250907,28.851877842425015,0.4123289334651828,0.1526156956484074
transformer,STORE0003,SKU0033,14,1350.0,1.0,0.19262531421802662,0.1867513070638392,18.574583871023997,26.53465444206141,0.1833507645465783,-0.027695866337528935
transformer,STORE0003,SKU0035,14,2221.0,1.0,0.27045073459836505,0.4185851593492663,42.905077253069194,50.98626685107065,0.30613758835157145,-0.030269466504917547
transformer,STORE0003,SKU0037,14,1223.0,1.0,0.21587641319093992,0.2680079784505652,18.858346666608536,22.744228961133707,0.22566910195940343,0.05654698244782618
transformer,STORE0003,SKU0039,14,191.0,1.0,0.35754985709464987,0.5859401632565707,4.878001621791294,6.013663290814162,0.3501277761923329,0.34861411848617474
transformer,STORE0003,SKU0040,14,308.0,1.0,0.3321292926738789,0.4533227876036402,7.306844438825336,8.60075419848522,0.3351028175994826,0.2613742382495435
transformer,STORE0003,SKU0041,14,1210.0,1.0,0.30358065140148827,0.3769289228693312,26.23804201398577,39.34775169478323,0.30404428738806377,-0.012352992286366835
transformer,STORE0003,SKU0042,14,176.0,1.0,0.35911338979547675,1.7991788047363217,4.514568328857422,6.729614866696447,0.393606642079595,0.27675437927246094
transformer,STORE0003,SKU0043,14,614.0,1.0,0.3147959010220506,0.404837463411463,13.806048801967076,16.684237278235138,0.31763139227808035,0.18312690312388666
transformer,STORE0003,SKU0044,14,1028.0,1.0,0.3432674259527184,0.4777522774781388,25.205636705671036,29.435575195075582,0.3618523786680666,0.005205421596185707
transformer,STORE0003,SKU0045,14,859.0,1.0,0.3239329496834414,4.434508732610455,19.875600269862584,28.210253245786802,0.3529444978828799,0.18853334775487257
transformer,STORE0003,SKU0046,14,1266.0,1.0,0.20250860398037926,0.22267512896227956,18.312563759940012,27.944161019232773,0.19631754442677835,0.0009256215268778499
transformer,STORE0003,SKU0047,14,927.0,1.0,0.3063698349904345,0.45200983466552175,20.2860597882952,23.72624099645773,0.32834285868159796,0.04555829983313107
transformer,STORE0003,SKU0048,14,898.0,1.0,0.32294037188081803,0.5625499995033716,20.714318139212473,29.991049877519103,0.34118752118652396,0.02046308538696017
transformer,STORE0003,SKU0049,14,525.0,1.0,0.13680765061151415,0.1756711725353337,5.13028689793178,7.038938189148057,0.14901523558962237,0.01122627621605284
transformer,STORE0003,SKU0050,14,170.0,1.0,0.4222446666044347,0.8941782575199693,5.127256665910993,6.74471304906512,0.44480408796873633,0.32812675027286303
transformer,STORE0003,SKU0051,14,746.0,1.0,0.2734112624508446,0.3705059671166481,14.568914413452148,17.968585653743926,0.28030363994744883,0.1524827512275757
transformer,STORE0003,SKU0052,14,632.0,1.0,0.21139603626878956,0.23408882054426366,9.543021065848214,11.637589689071392,0.21522865961085344,0.016372632376755375
transformer,STORE0003,SKU0053,14,403.0,1.0,0.21058377911967616,0.24820196431013333,6.061804498944964,7.432125834197568,0.2263174839750082,-0.02056320133635189
transformer,STORE0003,SKU0054,14,1121.0,1.0,0.2702674083046143,0.4498698372521241,21.640697479248047,29.252200348029433,0.29780994815435674,0.044202173319807234
transformer,STORE0003,SKU0055,14,145.0,1.0,0.3291090603532462,0.715343518466015,3.4086295536586215,4.290981220762272,0.3791631881959231,0.1567675623400458
transformer,STORE0003,SKU0056,14,301.0,1.0,0.23446153406288933,0.2566086653230599,5.040922982352121,5.597164839034141,0.23793135879057675,0.04046047882384241
transformer,STORE0003,SKU0058,14,1001.0,1.0,0.2620706701135778,0.35367967037628895,18.738052913120814,22.937456347624757,0.27674686841005647,0.05047009112713458
transformer,STORE0003,SKU0060,14,634.0,1.0,0.4478681786955343,0.80297884767439,20.282030378069198,23.965979669815017,0.4804024194255443,0.09221290564311416
transformer,STORE0003,SKU0061,14,1121.0,1.0,0.22569720007073762,0.22175177571709373,18.07189723423549,24.36396943966162,0.216805845197811,-0.020318717854454715
transformer,STORE0003,SKU0062,14,199.0,1.0,0.24139693753803196,0.2715427869676514,3.4312850407191684,3.8909012999640957,0.2317734543592403,0.16847725489630772
transformer,STORE0003,SKU0063,14,680.0,1.0,0.2532433734220617,0.3804308887996269,12.300392423357282,14.034361655849906,0.2939273275295296,0.13234153635361615
transformer,STORE0003,SKU0064,14,987.0,1.0,0.20814586821056547,0.2775927650312126,14.674283708844866,18.06286680963226,0.217069321668937,0.09855773987620316
transformer,STORE0003,SKU0065,14,770.0,1.0,0.28614974083838524,0.4095863792163078,15.738235746111188,19.79172035124511,0.2953257121190739,0.08531357901436942
transformer,STORE0003,SKU0066,14,303.0,1.0,0.3357106451154149,0.6474702717969858,7.265737533569336,9.659419677703529,0.36848500281968627,0.28179970668880855
transformer,STORE0003,SKU0067,14,432.0,1.0,0.2866121133168538,0.3291983788599318,8.844030925205775,9.784803710634282,0.2865956813659854,0.08380664719475642
transformer,STORE0003,SKU0068,14,530.0,1.0,0.20630966042572596,0.2118507251186486,7.81029428754534,10.099247903569903,0.2201477489579082,-0.1376879854022332
transformer,STORE0003,SKU0069,14,1055.0,1.0,0.26494283811740965,0.33739898790131784,19.965335300990514,27.664921030416778,0.2760476138853876,0.1017905646590825
transformer,STORE0003,SKU0070,14,996.0,0.9285714285714286,0.33995666657106943,0.4315558514009688,24.185488564627512,32.83558106792868,0.4130866067675299,0.18572885444365353
transformer,STORE0003,SKU0071,14,347.0,1.0,0.23724694485623143,0.27449775610980337,5.8803349903651645,6.5511355049255515,0.2389614937240397,0.08289515800366146
transformer,STORE0003,SKU0073,14,120.0,1.0,0.16538197199503582,0.1596394432416537,1.4175597599574499,2.0096193300852394,0.16452417402079794,-0.0677678108215332
transformer,STORE0003,SKU0075,14,386.0,1.0,0.3321897230000076,0.46282533446584345,9.158945219857353,10.846999802903191,0.34011252978641543,0.12304263040809434
transformer,STORE0003,SKU0076,14,356.0,1.0,0.24774910358900437,0.2886529960913453,6.29990577697754,7.099373764877711,0.25806352261235227,0.01626550481560527
transformer,STORE0003,SKU0077,14,729.0,1.0,0.19666821933741105,0.2320948372472554,10.240795135498047,12.040581233842577,0.20430410056575102,0.044950351793579604
transformer,STORE0003,SKU0082,14,612.0,1.0,0.21563705120211332,0.30208809871611564,9.42641966683524,11.452782043488053,0.23953823276418693,0.013313012964585282
transformer,STORE0003,SKU0084,14,303.0,1.0,0.2989485838232261,0.392756403385707,6.470101492745536,7.69296238901507,0.31945656542331824,0.01560661895046929
transformer,STORE0003,SKU0086,14,117.0,1.0,0.35489217644063836,0.8200870333803038,2.9658846173967635,3.5956518982899013,0.40180656933489656,0.07745237431974493
transformer,STORE0003,SKU0087,14,310.0,1.0,0.22729734605358493,0.4471787281192964,5.033012662615095,6.969578538338104,0.24005242906280472,0.1755845223703692
transformer,STORE0003,SKU0088,14,242.0,0.9285714285714286,0.3491676740409914,0.9666828405307099,6.035612651279995,8.328905604044289,0.4544275290944123,0.18712169867901762
transformer,STORE0003,SKU0089,14,533.0,1.0,0.23117340259659358,0.2572374311723848,8.801101684570312,10.885029084666677,0.239252394991776,-0.05831120474924514
transformer,STORE0003,SKU0091,14,230.0,1.0,0.23581895413606063,1.1698761286976358,3.8741685322352817,5.205199687268306,0.2919390153402003,0.09131420798923658
transformer,STORE0003,SKU0092,14,949.0,1.0,0.2616422309513715,1.3776122578301997,17.73560551234654,24.68266335605946,0.3097607615336665,0.09289438229592005
transformer,STORE0003,SKU0093,14,800.0,1.0,0.3211612558364868,0.4286301056597141,18.35207176208496,23.06126021122902,0.3358206808961795,0.014661450386047364
transformer,STORE0003,SKU0094,14,641.0,1.0,0.2708883121865402,0.46447798592369594,12.402814865112305,16.05920781369558,0.29947789915882694,0.0766216581585627
transformer,STORE0003,SKU0095,14,342.0,1.0,0.2994400437115229,0.32139686715195864,7.314892496381487,8.62778428224073,0.2935875374622615,0.029188039010031194
transformer,STORE0003,SKU0096,14,947.0,1.0,0.33984211455428737,1.7626521290099508,22.987891605922155,28.24009202999777,0.3787801280763107,0.045583215409372525
transformer,STORE0003,SKU0097,14,800.0,1.0,0.1798298454284668,0.18199357230158547,10.27599116734096,14.045549661377276,0.17543802903112024,-0.016389780044555664
transformer,STORE0003,SKU0099,14,1227.0,1.0,0.14281308796703088,0.14939950835229135,12.516547066824776,14.56701728212594,0.14184993208834756,0.0337678867330761
transformer,STORE0003,SKU0100,14,1105.0,1.0,0.1810442583593308,0.17506396974726493,14.289564677647181,16.61703528045177,0.18812044175765022,-0.1286242144140183
transformer,STORE0003,SKU0101,14,211.0,1.0,0.17223895104575496,0.16251239007958976,2.5958870479038785,3.581681321458965,0.1634189499116534,0.020819261740734254
transformer,STORE0004,SKU0001,14,1663.0,1.0,0.32678859891908685,0.8576864507568084,38.817817143031526,47.22887016534202,0.36675197529838066,0.05795627119164112
transformer,STORE0004,SKU0002,14,1095.0,1.0,0.20170754210589684,0.20832314335406088,15.77641132899693,18.608835358383892,0.20305214611887087,-0.017658690012753282
transformer,STORE0004,SKU0003,14,392.0,1.0,0.23307847003547513,0.2763523454115579,6.526197160993304,7.711860528000706,0.25125352745580753,-0.07674890634964923
transformer,STORE0004,SKU0005,14,1558.0,1.0,0.19800948117296563,0.24229960325349778,22.035626547677175,25.794261053409745,0.21456113185296213,0.030834197998046885
transformer,STORE0004,SKU0007,14,466.0,1.0,0.18162105625791097,0.21476652317849781,6.045386586870465,7.416518354773892,0.19311724897210822,0.02099348649446544
transformer,STORE0004,SKU0008,14,363.0,1.0,0.303652886845192,0.5951999227830275,7.873285566057477,10.934634343707582,0.3119633647889848,0.18586053138922068
transformer,STORE0004,SKU0009,14,911.0,1.0,0.20203671000006432,0.23645086183868888,13.146817343575615,16.5157743464093,0.2003741831968597,0.12280322848507393
transformer,STORE0004,SKU0012,14,1052.0,1.0,0.20515919094303262,0.23363751733756352,15.416247776576451,20.733410797528155,0.21283724995909092,-0.022387500951498655
transformer,STORE0004,SKU0013,14,1577.0,0.9285714285714286,0.3065397931415217,0.27564365371794786,34.529518127441406,44.387093950696105,0.36161222676365307,0.22205622255159618
transformer,STORE0004,SKU0014,14,812.0,1.0,0.36793464510311635,2.178230355850986,21.34020941598075,28.93316036265101,0.3861817383286474,0.19859118532077433
transformer,STORE0004,SKU0015,14,176.0,1.0,0.32735590501265094,0.6122137312018968,4.115331377301898,5.336103975387848,0.33719492815540175,0.15209674835205078
transformer,STORE0004,SKU0017,14,1849.0,1.0,0.24704777091951097,0.27600435579893656,32.62795203072684,37.72427526393443,0.2502914347453998,0.02177694515642958
transformer,STORE0004,SKU0018,14,1410.0,1.0,0.2802426060886248,0.3228721337970385,28.22443389892578,35.0269957703761,0.28372895551983224,0.026929132989112366
transformer,STORE0004,SKU0019,14,297.0,1.0,0.2634320243039115,0.36388954586855243,5.588522229875837,7.352170565755694,0.272464280451686,0.1262808135061553
transformer,STORE0004,SKU0020,14,826.0,1.0,0.25279392861280836,2.0551052269507695,14.914841788155693,19.443966172913363,0.315467257708078,-0.017312777244438558
transformer,STORE0004,SKU0021,14,958.0,1.0,0.26089457629369045,0.9274070440869302,17.852643149239675,23.502673875331556,0.302031691096338,0.042109121111589085
transformer,STORE0004,SKU0023,14,1222.0,1.0,0.240956002093376,0.3301615758044921,21.03201675415039,24.721271216087388,0.26854574742653803,0.06880348442814355
transformer,STORE0004,SKU0024,14,1022.0,1.0,0.20067309400106828,0.2006098316416179,14.649135862077985,16.71539944862171,0.2046414760816331,-0.08112126553828469
transformer,STORE0004,SKU0025,14,450.0,1.0,0.3020582750108507,0.39592057985934165,9.70901598249163,12.268707912557412,0.2898077169571224,0.24076665242513026
transformer,STORE0004,SKU0026,14,1729.0,1.0,0.24620973974242247,0.3642125083318075,30.406902858189174,36.8841073135227,0.2751312467282428,0.07974265227088907
transformer,STORE0004,SKU0027,14,2403.0,1.0,0.29066437440666615,0.3320619213618059,49.89046369280134,59.65712795145286,0.2819795922443924,0.06845514406227242
transformer,STORE0004,SKU0028,14,1815.0,1.0,0.35829072642260673,0.7889055772275639,46.44983346121652,55.18145946842159,0.40226892173896134,0.17813935923510674
transformer,STORE0004,SKU0029,14,525.0,1.0,0.36292263939267105,1.6848101741666481,13.609598977225165,17.118380008635146,0.3893292981690274,0.2073333304268974
transformer,STORE0004,SKU0031,14,1139.0,1.0,0.2093702120358113,0.4225757582810445,17.03376225062779,21.49335482700169,0.2553971164915433,-0.02158881531565518
transformer,STORE0004,SKU0032,14,1320.0,1.0,0.18674028570001774,0.2256601272328125,17.60694122314453,21.305910687219946,0.20196497976550448,-0.015162566213896802
transformer,STORE0004,SKU0033,14,1635.0,1.0,0.2243141477625669,0.26272574627285433,26.196687970842635,33.34656836847729,0.21699724775454585,0.1550819886933773
transformer,STORE0004,SKU0034,14,3135.0,1.0,0.16911833305298044,0.20249221039439552,37.87042672293526,46.76374915695484,0.17690101726455537,0.033557956336597895
transformer,STORE0004,SKU0035,14,2944.0,1.0,0.41179704666137695,0.7883038393529136,86.59503609793526,101.93954191418494,0.41684053190060666,0.16479256878728452
transformer,STORE0004,SKU0036,14,786.0,1.0,0.2761702501136838,0.3439857263895605,15.504986899239677,18.07421665941082,0.27960834421157804,0.14726840691408738
transformer,STORE0004,SKU0037,14,1788.0,1.0,0.25192194177000315,0.4438886940334058,32.17403084891183,40.904562961960934,0.2805649402879886,0.07217424294559215
transformer,STORE0004,SKU0038,14,1901.0,1.0,0.22312712130077508,0.28265007468766207,30.29747554234096,38.34296968509335,0.24322757535234865,-0.08153466912459725
transformer,STORE0004,SKU0039,14,282.0,1.0,0.30099514359278035,0.34863222673726785,6.062902178083148,7.3929196458165585,0.2790022476517782,0.184616467631455
transformer,STORE0004,SKU0040,14,515.0,1.0,0.1884178569015947,0.37133807615932574,6.931085450308663,8.438968446440725,0.2529820757983509,0.035156246296410426
transformer,STORE0004,SKU0041,14,1795.0,1.0,0.24635661770706385,0.2545090318099052,31.586437770298545,36.343440641075794,0.24333239646727514,-0.022016230931189092
transformer,STORE0004,SKU0045,14,1259.0,1.0,0.2381659788778607,0.3138464872626119,21.41792624337333,25.108934810445838,0.25666732145955623,0.16949199891639574
transformer,STORE0004,SKU0046,14,1925.0,1.0,0.23092788101790787,0.2900106018856662,31.75258363996233,35.903237018294256,0.25855594730518744,-0.07914728734400366
transformer,STORE0004,SKU0047,14,1200.0,1.0,0.21131319681803384,0.3218720330029007,18.112559727260045,26.29767374489719,0.23517977541549087,0.07021221160888672
transformer,STORE0004,SKU0048,14,1242.0,1.0,0.3292774194296623,0.5852479082157419,29.21161106654576,37.15536722167234,0.36854389244580005,0.01902285712544661
transformer,STORE0004,SKU0049,14,781.0,1.0,0.2159611925425511,0.22212583943873132,12.047549383980888,14.942136938826215,0.21486455980640762,-0.006327381207298836
transformer,STORE0004,SKU0050,14,248.0,1.0,0.33819009411719536,1.0595804022952227,5.990795952933175,8.061620365518138,0.3771017111687028,0.2629182723260695
transformer,STORE0004,SKU0051,14,970.0,1.0,0.44952659213665835,1.587042695940146,31.145771026611328,40.30870635198792,0.4959766163520175,0.24366847559348825
transformer,STORE0004,SKU0052,14,857.0,1.0,0.33685429149080187,0.4438936168552613,20.62029484340123,24.58819254674655,0.34519812871485395,0.055084557906054044
transformer,STORE0004,SKU0053,14,442.0,1.0,0.3434870448047759,0.6984541975268664,10.844376700265068,13.67922428501208,0.3619930414888834,0.19783763971803414
transformer,STORE0004,SKU0054,14,1285.0,1.0,0.3152984381649745,0.4750262391229411,28.9398923601423,37.826945576108834,0.3154994726691642,0.2829690064901508
transformer,STORE0004,SKU0055,14,228.0,1.0,0.18972361715216385,0.23929195718354995,3.089784622192383,4.247559992213335,0.19411080119801086,0.07228588639644154
transformer,STORE0004,SKU0056,14,437.0,1.0,0.23833504857951499,0.3237419301849758,7.439458302089146,8.249439969527991,0.27495640332183596,0.006491654524814016
transformer,STORE0004,SKU0057,14,1483.0,1.0,0.17919129611508555,0.19916062907446475,18.981478009905135,27.300650149834652,0.18015334372718242,-0.059790314811351566
transformer,STORE0004,SKU0058,14,1361.0,1.0,0.3141844985591936,0.43605133487548614,30.543221609933035,38.45554212705993,0.3247243526756577,0.0716954440776256
transformer,STORE0004,SKU0060,14,841.0,1.0,0.21231890121623254,0.2642043579198297,12.754299708775111,17.580534831259584,0.2070062010847647,0.11046965028669835
transformer,STORE0004,SKU0061,14,1480.0,1.0,0.24210402514483478,0.26244951999677885,25.593854086739675,30.271781014813726,0.22850852675351588,0.11367973636936497
transformer,STORE0004,SKU0062,14,293.0,1.0,0.18250174408479766,0.19799637259120925,3.8195007869175512,4.540746177423318,0.17998737332901354,0.06618777070029194
transformer,STORE0004,SKU0063,14,970.0,1.0,0.2382653934439433,0.2512988466622804,16.508387974330358,21.674746614644516,0.21958719288040737,0.11816539174502658
transformer,STORE0004,SKU0064,14,1440.0,1.0,0.2549544758266873,0.2841171657978975,26.22388894217355,31.38565543421309,0.25720320614028064,0.0034167289733886917
transformer,STORE0004,SKU0065,14,1077.0,1.0,0.3215478810316562,0.3333609242596501,24.736219133649552,32.77692642182396,0.2861650367734904,0.11110624208866499
transformer,STORE0004,SKU0066,14,424.0,0.9285714285714286,0.3462512268210357,0.40242060801028096,10.486465726579938,14.665896663863345,0.39670744701862853,0.25283940333240434
transformer,STORE0004,SKU0068,14,562.0,1.0,0.36983175718911604,0.4692143761484199,14.846103395734515,19.183109714148895,0.3388134322411886,0.2600396247945222
transformer,STORE0004,SKU0070,14,1545.0,1.0,0.29781477844830856,0.4701562949479145,32.865988050188335,40.19080107246459,0.3121896150690734,0.09197487939137088
transformer,STORE0004,SKU0071,14,421.0,1.0,0.29622482517269616,0.41881757906606454,8.907903671264648,10.982539765775567,0.2940583004181275,0.2413619034647092
transformer,STORE0004,SKU0072,14,588.0,1.0,0.29274463653564453,0.3084893242549244,12.29527473449707,14.327750167090588,0.2849889057604361,0.024992890909415536
transformer,STORE0004,SKU0075,14,539.0,1.0,0.27688704085482735,0.4846623541023372,10.660151072910853,14.346138418889382,0.2889057475355279,0.07689266877183225
transformer,STORE0004,SKU0076,14,386.0,1.0,0.47262150265392244,0.6456721488479065,13.030850001743861,14.537166813432188,0.44854381879214894,0.305629058205402
transformer,STORE0004,SKU0077,14,944.0,1.0,0.3374668056682005,1.3787282997987358,22.75490461077009,31.501909271322333,0.40110269299851,0.12582500910354874
transformer,STORE0004,SKU0078,14,475.0,1.0,0.1981750568590666,0.24046989052049478,6.723796572004046,8.632291051915402,0.20572133790512165,0.0559600267912212
transformer,STORE0004,SKU0079,14,1285.0,1.0,0.22245220971014712,0.25230729609378505,20.41793496268136,25.70050537530794,0.22540709276727763,0.03906518364694794
transformer,STORE0004,SKU0081,14,1199.0,1.0,0.2373022186050224,0.288504736624725,20.32324000767299,23.579111874675245,0.2532467388235758,-0.0194669060154295
transformer,STORE0004,SKU0085,14,1270.0,1.0,0.18108910387895238,0.21770653656513422,16.42736870901925,19.31403160124654,0.20325367522840218,0.011401349165308194
transformer,STORE0004,SKU0087,14,478.0,1.0,0.3039202989394695,0.5741299671513399,10.376707349504743,12.89906221186078,0.3419911466740446,0.04963524471266998
transformer,STORE0004,SKU0088,14,340.0,0.9285714285714286,0.2977826230666217,0.23394473900385934,7.2318637030465265,9.60377755590184,0.33708297755419847,0.1801731502308565
transformer,STORE0004,SKU0090,14,284.0,1.0,0.23890763269343845,0.295344795008868,4.846411977495466,6.538643565720267,0.22878561709330955,0.1891011184370014
transformer,STORE0004,SKU0091,14,408.0,1.0,0.16121910132613834,0.16911646430428598,4.69838523864746,5.854829226274463,0.18337615353256181,-0.12155043845083195
transformer,STORE0004,SKU0092,14,1296.0,1.0,0.2926764959170495,0.3342743372687161,27.09348133632115,31.17997294232903,0.27812373020266057,0.17822164959377712
transformer,STORE0004,SKU0093,14,1345.0,1.0,0.19038669061483504,0.1716114507741943,18.290721348353795,24.30971806093032,0.18613482905629516,-0.11924593900659271
transformer,STORE0004,SKU0095,14,468.0,1.0,0.27309716461051226,0.5044764756816879,9.129248074122838,12.20095180489147,0.30506247321333585,0.03367165214995037
transformer,STORE0004,SKU0096,14,1579.0,1.0,0.13625452139469704,0.12785068250504314,15.367563520159043,25.47169929436496,0.13299160532940896,-0.04953949960294293
transformer,STORE0004,SKU0097,14,1146.0,1.0,0.15050172389697863,0.1702875227637484,12.31964111328125,17.00707570977518,0.15820534615956108,-0.028924166428064998
transformer,STORE0004,SKU0098,14,620.0,1.0,0.24199055702455582,0.38957086609594416,10.716724668230329,13.041801719883113,0.27789830944878935,0.04587845956125567
transformer,STORE0004,SKU0099,14,1429.0,1.0,0.3810495065591651,0.7869859570499298,38.89426749093192,49.097705901596406,0.41581496676022256,0.29759593240192006
transformer,STORE0004,SKU0100,14,1247.0,1.0,0.2504962593818915,0.2790312363784117,22.312059674944198,25.71897412858957,0.2419350899516331,0.11568573903540375
transformer,STORE0004,SKU0101,14,279.0,1.0,0.2760843735014666,0.30273110728960395,5.50196715763637,6.744113134369216,0.26265205504045264,0.10593200328102251
transformer,STORE0004,SKU0102,14,1893.0,1.0,0.2463937911543969,0.2961055141749425,33.31596047537667,40.08508734084062,0.24536466090507317,0.06383809826705296
transformer,STORE0005,SKU0001,14,1634.0,1.0,0.2637381302682977,0.42770480511342773,30.782007489885604,40.60567061267013,0.2703044979441864,0.056753581127600955
transformer,STORE0005,SKU0002,14,1008.0,1.0,0.22556424519372364,0.2644799410494984,16.240625653948104,19.362136002990255,0.23117110695230156,0.032441835554819255
transformer,STORE0005,SKU0003,14,327.0,1.0,0.31819908188752805,0.40786682127234597,7.4322214126586905,8.551712552436204,0.3221103859209918,0.10537762306516688
transformer,STORE0005,SKU0004,14,1459.0,1.0,0.278620849985877,0.31447554109807374,29.036272866385325,36.59777884814324,0.2740160366850189,0.01875111172671511
transformer,STORE0005,SKU0005,14,1269.0,1.0,0.2837185149497174,0.35994179728888154,25.717056819370814,40.29090710998226,0.2584742081515951,0.26243076068947313
transformer,STORE0005,SKU0006,14,2295.0,1.0,0.367966070569938,0.38770142585865214,60.320152282714844,71.4703315974261,0.3807876396460283,-0.1634437378195636
transformer,STORE0005,SKU0007,14,492.0,1.0,0.16332802733754723,0.1996885165294064,5.739813532148089,7.995909141436964,0.17247085471611298,-0.025130213760748112
transformer,STORE0005,SKU0009,14,903.0,1.0,0.3418787959406146,0.717312377143902,22.051182338169642,29.690275181074654,0.35831097908652004,0.09256087901980378
transformer,STORE0005,SKU0010,14,531.0,1.0,0.3080886294837276,1.146543113567523,11.685361589704241,14.514384285503796,0.37295553077253457,0.1259586887395539
transformer,STORE0005,SKU0011,14,366.0,1.0,0.2000422972798999,0.27122843008028424,5.229677200317383,6.151576172421748,0.22435146465373976,0.07295113443676893
transformer,STORE0005,SKU0012,14,1056.0,1.0,0.21389874545010654,0.26932327680349905,16.134076799665177,21.968081658391032,0.2331342845949438,-0.07458566174362646
transformer,STORE0005,SKU0013,14,1453.0,1.0,0.4991755475689441,2.1600813669285728,51.807290758405415,72.36779236817176,0.5038003219504278,0.28790050593229793
transformer,STORE0005,SKU0014,14,832.0,1.0,0.20075934666853684,0.23419645210233528,11.930841173444476,13.772129714569525,0.20276108654717132,0.10498374242048997
transformer,STORE0005,SKU0015,14,198.0,1.0,0.28482570070208924,0.3962065933682231,4.028249195643833,4.897996326725885,0.3014403384643924,-0.010288026597764765
transformer,STORE0005,SKU0016,14,417.0,1.0,0.34646326517887255,0.546039408854672,10.31965582711356,14.34799541693555,0.35350356529316374,0.11854070210628373
transformer,STORE0005,SKU0018,14,1259.0,1.0,0.24098886697419206,0.4205887575325025,21.67178453717913,26.790719676945063,0.2716774080211731,0.0716242468290806
transformer,STORE0005,SKU0019,14,248.0,1.0,0.4563164864816973,1.192359560781446,8.083320617675781,11.406951635190003,0.45620107304055807,0.33277234723491056
transformer,STORE0005,SKU0020,14,625.0,1.0,0.4080355224609375,0.6376418708867506,18.21587153843471,22.502686093502568,0.39498691496674565,0.2984508056640625
transformer,STORE0005,SKU0021,14,911.0,1.0,0.1906180397477553,0.19926654092366797,12.40378815787179,14.806295003969415,0.19382587923216482,-0.011391552821472377
transformer,STORE0005,SKU0022,14,1380.0,1.0,0.3082577967989272,0.580664658471569,30.385411398751394,38.409048732624065,0.3271975062292936,0.14953321926835655
transformer,STORE0005,SKU0023,14,1133.0,1.0,0.41445601649339076,0.6141400802035929,33.54133333478655,43.00512017623424,0.3950395664191254,0.20550675152259285
transformer,STORE0005,SKU0026,14,1544.0,1.0,0.3149865402458863,0.45264556872470957,34.73851558140346,44.17134968098524,0.3197072688658342,0.17109064487595632
transformer,STORE0005,SKU0027,14,2564.0,1.0,0.1547941484614951,0.18401444542554254,28.349442618233816,35.03593461296967,0.1710947240763346,0.001262771915905922
transformer,STORE0005,SKU0028,14,2042.0,1.0,0.32863558658073044,0.746074113059611,47.93384769984654,59.10060474546716,0.35886782964611014,0.11333347511104692
transformer,STORE0005,SKU0031,14,1061.0,1.0,0.24606465978739286,0.27440065208895065,18.648186002458846,22.791178287543886,0.2415907175171687,0.024616047304604663
transformer,STORE0005,SKU0033,14,1527.0,1.0,0.2832257583708098,0.335942722860433,30.89183807373047,36.85413467998813,0.2751252271836396,0.13524720117635172
transformer,STORE0005,SKU0034,14,2695.0,1.0,0.29156862163366765,0.4323923728730101,56.12695966448103,68.18004838852595,0.3157654221559905,0.11675039089677068
transformer,STORE0005,SKU0035,14,2860.0,1.0,0.2680364862188593,0.3783650516362191,54.75602504185268,71.40476514176002,0.27168680400902384,0.17576363303444603
transformer,STORE0005,SKU0036,14,706.0,1.0,0.2924137709836446,0.4295155086482524,14.746008736746651,18.855879299891615,0.2880730666311067,0.28555826289795616
transformer,STORE0005,SKU0038,14,1625.0,1.0,0.3012711885892428,0.47568652112994636,34.96897724696568,40.762465678263,0.33792900812034776,0.004644723745492771
transformer,STORE0005,SKU0039,14,295.0,1.0,0.19354279728259066,0.2622004715867251,4.078223228454589,5.977758972232141,0.19983362995550716,0.12581817497641354
transformer,STORE0005,SKU0040,14,431.0,1.0,0.2566470259026972,0.348907473712884,7.90106201171875,10.06716898503807,0.26103535853086257,0.18062474722098862
transformer,STORE0005,SKU0041,14,1350.0,1.0,0.3983925769947194,0.682293697445555,38.416427067347946,54.88864390838586,0.3588633482713452,0.28236602218062795
transformer,STORE0005,SKU0043,14,925.0,1.0,0.22665329804291595,0.2653441824843831,14.975307192121234,18.33155117758425,0.2281563854990328,0.08452949730125633
transformer,STORE0005,SKU0045,14,985.0,1.0,0.6866887591211929,0.9049603820169808,48.31345912388393,68.1652724745994,0.5043255464068881,0.5977211269630394
transformer,STORE0005,SKU0048,14,1173.0,1.0,0.20141444811938872,0.25474658894160146,16.875653403145925,20.423924141195293,0.21755723107460437,0.04585018304302868
transformer,STORE0005,SKU0049,14,789.0,1.0,0.26211838909579477,0.8572298121086048,14.772243499755861,18.44927236539289,0.31526724240355675,-0.029208938734008642
transformer,STORE0005,SKU0050,14,257.0,1.0,0.2449519829063564,0.3408447290860694,4.496618543352399,5.6815168200045685,0.25247869949765006,0.20320301575419503
transformer,STORE0005,SKU0051,14,1281.0,1.0,0.1715878762834059,0.18043552984102318,15.70029067993164,18.783715273567758,0.18015305854839386,-0.08192028727594713
transformer,STORE0005,SKU0052,14,866.0,1.0,0.2470423453949891,0.3575136870492001,15.281333650861468,19.886105391978575,0.2584622598714748,0.0504168671218132
transformer,STORE0005,SKU0053,14,455.0,0.9285714285714286,0.32644947596958707,0.3000707074329943,10.609607969011579,13.986439856064674,0.37343016300906157,0.18000484089274982
transformer,STORE0005,SKU0054,14,1421.0,1.0,0.3217583481146365,7.836144394917437,32.6584723336356,43.79623469225275,0.3738431901546115,0.09821665882644814
transformer,STORE0005,SKU0055,14,213.0,1.0,0.3225953187181356,1.3582663170959335,4.908057349068778,6.571332259741207,0.3614573747702786,0.14641433142720253
transformer,STORE0005,SKU0056,14,455.0,1.0,0.23409736130263778,0.32524436038852106,7.608164242335728,9.967107411567392,0.25808754660197003,-0.026904971782977766
transformer,STORE0005,SKU0057,14,1247.0,1.0,0.28556853709645336,0.41658809563642396,25.435997554234095,31.631292876600558,0.2920063443280503,0.1258697570947618
transformer,STORE0005,SKU0058,14,1467.0,1.0,0.2257286545039036,0.2720567417836504,23.653138296944753,28.391739848403457,0.24141523509407348,-0.002783829286623443
transformer,STORE0005,SKU0060,14,923.0,1.0,0.3782444268884793,0.48809693796521353,24.937114715576172,29.6286655520035,0.385762635345836,0.05483186335372512
transformer,STORE0005,SKU0062,14,300.0,1.0,0.16062527974446617,0.18986957985088096,3.4419702802385608,5.074891281340934,0.16693060357016112,0.02184763590494794
transformer,STORE0005,SKU0063,14,922.0,1.0,0.22936819328920446,2.09638256821039,15.105533872331893,20.53517312869714,0.29507479608992954,0.14094125164305052
transformer,STORE0005,SKU0064,14,1440.0,1.0,0.14906181229485405,0.18226466378522596,15.332072121756417,20.83840342539847,0.15835570975162075,0.04142154587639701
transformer,STORE0005,SKU0066,14,408.0,1.0,0.29485299073013604,0.6048871844476195,8.592858586992536,11.389589082465774,0.31811397257012003,0.2673160001343372
transformer,STORE0005,SKU0067,14,633.0,1.0,0.24934418544196782,1.1241329837194909,11.273919241768974,15.51434926129026,0.29651340517387487,0.025418430708030997
transformer,STORE0005,SKU0068,14,689.0,1.0,0.21576690120171046,0.21342521597962386,10.618813923427037,12.41821106595197,0.2075880141014467,-0.007890914451920233
transformer,STORE0005,SKU0070,14,1516.0,1.0,0.3030048158992878,3.3642489842201067,32.81109292166574,46.52951484828266,0.4136942723496726,0.09265625885734458
transformer,STORE0005,SKU0071,14,460.0,1.0,0.2390295526255732,0.43058407223192635,7.853828157697405,10.273010528405843,0.26048698210046634,0.11366501683774204
transformer,STORE0005,SKU0072,14,626.0,1.0,0.21093657984139438,0.20792035103949935,9.43187849862235,11.940275258159373,0.2176616690156384,-0.09949886456084324
transformer,STORE0005,SKU0073,14,127.0,0.9285714285714286,0.4489075668214813,0.5228185339817687,4.072232927594866,5.557283215939306,0.4637238681567576,0.326680881770577
transformer,STORE0005,SKU0074,14,1170.0,1.0,0.2525021740513989,0.3043058597495677,21.101967402866908,26.293389918610796,0.2635972471718361,-0.006964756892277656
transformer,STORE0005,SKU0075,14,553.0,0.9285714285714286,0.36819916047411844,0.3761578126676955,14.543866838727679,17.564314128498623,0.44011048614492926,0.043110507737447755
transformer,STORE0005,SKU0076,14,437.0,1.0,0.25316128850801584,0.36561298379678575,7.902248791285923,10.529225882931806,0.26539877064623674,0.10918343149006231
transformer,STORE0005,SKU0077,14,853.0,1.0,0.3291720606098421,0.7273178867911783,20.05598340715681,23.46142005603978,0.3767964607991294,0.19718841874725235
transformer,STORE0005,SKU0079,14,1154.0,1.0,0.283218608571917,1.762444120344852,23.34530530657087,31.065860711461212,0.31904593256395136,0.17783715365457783
transformer,STORE0005,SKU0080,14,1197.0,1.0,0.32320337128220944,0.6287853411742824,27.633888244628906,31.980856281552608,0.3727668864597318,0.14942312599124766
transformer,STORE0005,SKU0081,14,1122.0,1.0,0.23645549916966077,0.26146444304725097,18.950219290597097,26.559270264671255,0.23263410902866083,0.005791404030539785
transformer,STORE0005,SKU0082,14,911.0,1.0,0.3143480261123272,0.3651050530038718,20.455075127737864,23.72281075470892,0.3170475550035681,0.03743389225948263
transformer,STORE0005,SKU0083,14,1247.0,1.0,0.3343876928162747,0.42177152434328946,29.78438949584961,34.30027005140686,0.3291920906232311,0.20638573714610378
transformer,STORE0005,SKU0084,14,296.0,1.0,0.5084412548993085,1.3315758159342483,10.749900817871094,12.887163393242755,0.5143695130920742,0.4216437339782715
transformer,STORE0005,SKU0085,14,1371.0,1.0,0.28090833000333354,0.5632119432523089,27.508951459612167,38.21757243959303,0.3170172927765832,-0.05937223761382545
transformer,STORE0005,SKU0086,14,135.0,0.9285714285714286,0.42582906087239586,0.4862477421641469,4.106208801269531,5.598505511486987,0.44733729224245733,0.3352987218786169
transformer,STORE0005,SKU0087,14,436.0,1.0,0.25503964380386773,0.39351942450268573,7.942663192749023,10.463471377080023,0.28169215803971925,0.1742353964289394
transformer,STORE0005,SKU0088,14,353.0,1.0,0.3034637008105054,0.6298561284147413,7.6516204561506,10.174342746380095,0.32947723579936383,0.15226902840157744
transformer,STORE0005,SKU0089,14,749.0,1.0,0.2661439210614152,0.314602660489932,14.238699776785714,17.118325298479622,0.2774384651008129,0.0006627183412518965
transformer,STORE0005,SKU0091,14,329.0,1.0,0.16363135804521275,0.14956833517910345,3.8453369140625,4.936803687662398,0.14394010276945254,0.054756071792185106
transformer,STORE0005,SKU0094,14,1048.0,1.0,0.21150135811958604,0.25708233223329696,15.832387379237584,21.43062468637767,0.22733692421008264,-0.06079409868662594
transformer,STORE0005,SKU0095,14,571.0,1.0,0.23627007613040102,0.21167200152693266,9.6364438193185,13.80548267472835,0.23536087596464395,-0.17614022570608376
transformer,STORE0005,SKU0096,14,1530.0,1.0,0.20103353363236567,0.26180641343076944,21.970093318394248,26.488233952113415,0.22260822601042926,-0.04157423131606158
transformer,STORE0005,SKU0098,14,711.0,1.0,0.17008075097106848,0.18481752716869398,8.637672424316406,12.47068441682872,0.17483896181779102,-0.03748552239226221
transformer,STORE0005,SKU0100,14,1179.0,1.0,0.3136493401369672,0.3860787974488097,26.41375514439174,31.736096409094294,0.3085510612066162,0.10674050988738472
transformer,STORE0005,SKU0101,14,261.0,1.0,0.3658022021881922,1.192498072854687,6.819598197937012,9.038000963534651,0.4307998274513204,0.08051237932110199
transformer,STORE0005,SKU0102,14,2057.0,1.0,0.21749707686999611,0.23653967274115043,31.956534794398717,38.723948052004665,0.23328612264167672,-0.050060055240822146
transformer,STORE0006,SKU0001,14,1469.0,1.0,0.3077831437102461,0.4089643243057742,32.29524557931082,44.109374493911645,0.2958781751506486,0.2134091745354514
transformer,STORE0006,SKU0003,14,297.0,1.0,0.3380970874619404,0.6460811231212789,7.172488212585449,9.871317880514262,0.34433211193116875,0.23053629069215922
transformer,STORE0006,SKU0004,14,1365.0,1.0,0.2594795590355283,0.412433887580245,25.299257005964005,35.49268227269598,0.2755778545588508,0.09015502370757497
transformer,STORE0006,SKU0005,14,1530.0,1.0,0.16422620287128523,0.2338093829377446,17.94757788521903,22.329186099250062,0.20260799670218782,0.030976673201018698
transformer,STORE0006,SKU0006,14,1978.0,1.0,0.2516704054042712,1.5371621187681417,35.55743299211775,47.27173419172189,0.32989018420600547,0.018610770106918275
transformer,STORE0006,SKU0007,14,453.0,1.0,0.22525616828968983,0.33895609330176096,7.288646016802106,8.899446823896147,0.24396241847594946,0.059495370119612735
transformer,STORE0006,SKU0008,14,381.0,1.0,0.2386980332101737,0.4194232010857621,6.495996475219727,8.274519322245451,0.2659649864106674,0.09107005001678865
transformer,STORE0006,SKU0009,14,920.0,1.0,0.1728230393451193,0.22009399212068753,11.356942585536412,16.47020150365528,0.18110649697373363,0.053469255696172294
transformer,STORE0006,SKU0010,14,576.0,1.0,0.26173009475072223,0.5460554223127626,10.76832389831543,15.817903930597174,0.27791473201781836,0.06600156757566668
transformer,STORE0006,SKU0011,14,360.0,1.0,0.26616472668117946,0.4214181627167551,6.844235828944615,8.359768671295946,0.2932690233730285,0.11450815200805664
transformer,STORE0006,SKU0012,14,852.0,1.0,0.38798113719958094,0.8939593149145689,23.61142349243164,28.36376769412593,0.4366214674655761,0.18948045470904856
transformer,STORE0006,SKU0013,14,1958.0,1.0,0.16180816977698662,0.15193918063171002,22.630028315952842,29.6138508534987,0.1590737503301576,-0.05739727156642024
transformer,STORE0006,SKU0017,14,1393.0,1.0,0.49244142246177874,1.989536023305668,48.99792153494699,58.21547883723655,0.5057279348770126,0.37406155708789485
transformer,STORE0006,SKU0018,14,1342.0,1.0,0.23104374597040622,0.2931893534208365,22.147193363734655,28.901470752080613,0.23413912906775444,0.08655422455152349
transformer,STORE0006,SKU0019,14,307.0,1.0,0.27568815896099474,0.5208412657067784,6.045447485787528,9.088789498516087,0.28421250400353154,0.11089047857526847
transformer,STORE0006,SKU0020,14,812.0,1.0,0.24458770564037002,0.3191012262366723,14.186086927141462,16.655536293250332,0.26601069195704935,-0.0014949948916881542
transformer,STORE0006,SKU0021,14,755.0,1.0,0.2847033671195933,0.3700263095585744,15.353645869663783,19.086197305086525,0.2780388922658136,0.22552216384584542
transformer,STORE0006,SKU0022,14,1508.0,1.0,0.26167788113459983,0.684828112945015,28.186446053641184,39.03501650816808,0.2862834066733634,0.06320008295600542
transformer,STORE0006,SKU0023,14,1272.0,1.0,0.2748091475768659,0.563245877764705,24.96837397984096,31.73608820115529,0.3245175500065562,0.05299948446405761
transformer,STORE0006,SKU0025,14,499.0,1.0,0.28913948961154734,1.8701247004070656,10.305757522583008,15.516718124797665,0.3254323396972422,0.1475213075687508
transformer,STORE0006,SKU0026,14,1829.0,1.0,0.19903066394236518,0.23269663246114533,26.001934596470424,32.86514672777626,0.20842005507941064,-0.00022945748188900263
transformer,STORE0006,SKU0028,14,1773.0,1.0,0.33342922359150273,0.6721372599029596,42.22642953055246,53.612604026862165,0.3634240781098735,0.26058113111053827
transformer,STORE0006,SKU0029,14,550.0,1.0,0.22290836681019177,0.2694032077844191,8.75711441040039,9.803159882038827,0.23306811825411136,0.06976351651278412
transformer,STORE0006,SKU0030,14,772.0,1.0,0.23623551482363686,0.2611929514869251,13.026701245989118,16.227754130735836,0.2320318481279621,0.05912739254650057
transformer,STORE0006,SKU0031,14,943.0,1.0,0.4188156856079749,0.6085321026128326,28.210227966308594,35.91364464862783,0.3993365459427229,0.3151825371880799
transformer,STORE0006,SKU0032,14,1432.0,1.0,0.17028155939539047,0.16996493603228882,17.417370932442797,21.40090885749854,0.17329341628082254,-0.040324125875973844
transformer,STORE0006,SKU0033,14,1674.0,1.0,0.3950493925361223,0.7571005882286499,47.236620221819194,57.61855970848685,0.41520016574020735,0.13219183006879107
transformer,STORE0006,SKU0034,14,2432.0,1.0,0.4812228616915251,1.2056844243458642,83.59528568812779,113.8951020803767,0.4601011164533074,0.32641979895139994
transformer,STORE0006,SKU0035,14,3647.0,1.0,0.2121241124715091,0.2113591492653908,55.258331298828125,75.23728849048122,0.20751652106696356,-0.07737668756265852
transformer,STORE0006,SKU0036,14,661.0,1.0,0.3389242001993754,0.8196998119938295,16.00206402369908,20.351421580173035,0.34795794685441167,0.3262410993475056
transformer,STORE0006,SKU0037,14,1684.0,1.0,0.2893064729957852,0.43616464836591967,34.79943575177874,44.1281006220037,0.3086713470707589,0.15650047882152565
transformer,STORE0006,SKU0038,14,1642.0,1.0,0.32393645775594027,0.4395095521779949,37.99311883108957,44.104373879295935,0.3468773515969153,-0.0009499525472104331
transformer,STORE0006,SKU0039,14,251.0,1.0,0.3857522865690558,1.2458788251435238,6.915987423488072,9.422022261118453,0.3907058597257159,0.30276988512016395
transformer,STORE0006,SKU0040,14,537.0,1.0,0.2064373435476861,0.2723966581509186,7.918346677507673,10.978308648705774,0.22195395846656255,-0.03711847486442694
transformer,STORE0006,SKU0041,14,1818.0,1.0,0.1725143331899108,0.19844919359004104,22.402218409946986,27.123822610421914,0.1849066931547664,0.0036553025114523015
transformer,STORE0006,SKU0042,14,248.0,1.0,0.3192419082887711,1.9000102365530096,5.6551423754010886,7.778101383813707,0.34282084953603614,0.18010313280167117
transformer,STORE0006,SKU0044,14,1507.0,1.0,0.27066511876866295,0.2870300606116531,29.135166713169646,37.804445288523155,0.2672051704751775,-0.027259345709605195
transformer,STORE0006,SKU0045,14,1420.0,1.0,0.18853166069782956,0.2107710501403817,19.122497013637,24.340089169245417,0.199582529472418,0.020621227210676166
transformer,STORE0006,SKU0046,14,1571.0,1.0,0.39886667893844985,0.7207290646848664,44.758539472307476,54.880568026630044,0.4303696507093217,0.18693119002936523
transformer,STORE0006,SKU0047,14,1285.0,1.0,0.21916656494140624,0.2493556051038414,20.11635971069336,26.3068573554661,0.22783972701494568,-0.009931862678973117
transformer,STORE0006,SKU0048,14,1136.0,1.0,0.3521183040780081,0.5142903105227432,28.57188524518694,33.086804345676974,0.36207782504503955,0.15243019856197734
transformer,STORE0006,SKU0050,14,250.0,1.0,0.3160018615722657,0.3693501118838381,5.64289038521903,6.390188478835483,0.29576661256332276,0.24476559448242188
transformer,STORE0006,SKU0052,14,965.0,1.0,0.18256297926828652,0.19536469201340828,12.583805356706891,16.667290022781817,0.18344220941315098,-0.027564824553968977
transformer,STORE0006,SKU0053,14,441.0,1.0,0.40201219139185623,0.7177565348577092,12.66338402884347,15.882036696161704,0.4135170037170795,0.20848481401023952
transformer,STORE0006,SKU0054,14,1880.0,1.0,0.2392382398564765,0.2530099681450089,32.126277923583984,39.5290605130259,0.2634749117285629,-0.17567975876179148
transformer,STORE0006,SKU0055,14,230.0,1.0,0.2996475717295771,0.46839627052971816,4.9227815355573386,6.589220189653597,0.3214717303757215,0.0873860732368801
transformer,STORE0006,SKU0056,14,379.0,1.0,0.3664512131019129,1.4680077517508394,9.920357840401786,14.1109923124329,0.4084259988246767,0.14740228778768655
transformer,STORE0006,SKU0057,14,1481.0,1.0,0.3132873112731975,0.386012570773744,33.141321999686106,38.83677963627173,0.3305108832994674,-0.03088303178971399
transformer,STORE0006,SKU0058,14,1505.0,0.9285714285714286,0.35321279633480845,0.3865644144955222,37.97037560599191,47.561532672424924,0.4325541089089224,-0.034321533405899614
transformer,STORE0006,SKU0060,14,986.0,1.0,0.1486876450977751,0.14790534462192179,10.471858433314733,12.826015457273643,0.15086783247522945,-0.05136434930333259
transformer,STORE0006,SKU0063,14,749.0,1.0,0.5993000025424524,1.1739470750372583,32.06255013602121,46.276781206226694,0.49512069153069055,0.45354102100326477
transformer,STORE0006,SKU0064,14,1484.0,1.0,0.14203474656590873,0.15127224516937515,15.055683135986325,18.49097770699377,0.13964893495613742,0.05870212955937551
transformer,STORE0006,SKU0065,14,954.0,1.0,0.41193353505004626,0.43933149845679054,28.07032803126744,41.38826250517035,0.31878709137622474,0.2917878212918775
transformer,STORE0006,SKU0066,14,537.0,1.0,0.2827724264986688,0.34974676298468044,10.846342359270368,12.96898534202193,0.2961841436546354,0.0037567025012366154
transformer,STORE0006,SKU0067,14,557.0,1.0,0.2010743707899988,0.24333099180006856,7.999887466430666,10.026020576345296,0.20043073768671035,0.13782173170435583
transformer,STORE0006,SKU0069,14,1386.0,1.0,0.32040894633591777,0.5730735080682862,31.72048568725586,38.615992944816625,0.37454040147816015,0.19030576213269695
transformer,STORE0006,SKU0070,14,1667.0,1.0,0.2191631452151952,0.2734162314179879,26.096068790980745,32.25645328949561,0.2372834136038517,-0.013399299205100386
transformer,STORE0006,SKU0071,14,423.0,1.0,0.39482444961583923,0.5981340277459409,11.929338727678571,14.12478865582123,0.3896376562439152,0.23368474721344937
transformer,STORE0006,SKU0072,14,483.0,1.0,0.3081108472362068,0.5086250809767534,10.629824229649135,13.953567204132925,0.31863155000559723,0.20474863151092212
transformer,STORE0006,SKU0073,14,173.0,1.0,0.20955827746088104,0.22508208428693838,2.589541571480887,2.934219441677813,0.20996180810804294,0.02174701580422464
transformer,STORE0006,SKU0075,14,592.0,1.0,0.20681490769257416,0.24147872170417123,8.745316096714564,9.993303260310629,0.21928523695427615,-0.02381960121360986
transformer,STORE0006,SKU0076,14,378.0,1.0,0.4030012605051515,0.7294268236735012,10.881034033639091,14.401454889561963,0.3891117748581928,0.32971085442437065
transformer,STORE0006,SKU0077,14,1121.0,1.0,0.23873521939225753,0.2739227313592982,19.11587006705148,25.171950253879835,0.24987788006587092,-0.022073475193700873
transformer,STORE0006,SKU0081,14,946.0,1.0,0.42964631256039,0.6897769479345458,29.031815120152064,37.70789804793531,0.4227438762180907,0.21113888859496813
transformer,STORE0006,SKU0084,14,437.0,1.0,0.18260017848942317,0.1832553759679624,5.699734142848423,7.25089540501332,0.17876796662895883,-0.011569658187761492
transformer,STORE0006,SKU0085,14,1393.0,1.0,0.28130735464431533,0.7405408033896256,27.990081787109375,34.65189561980004,0.3408681076075846,-0.0349214749634052
transformer,STORE0006,SKU0087,14,391.0,1.0,0.3303056507159377,0.5220357019631872,9.22496495928083,12.181695711728317,0.31106843673360524,0.28889392160088817
transformer,STORE0006,SKU0088,14,402.0,1.0,0.30266873279021156,0.39096300073290396,8.690916470118932,10.767925612990046,0.312557723182179,-0.006999718016059838
transformer,STORE0006,SKU0090,14,298.0,1.0,0.29204779503329487,0.4165410840707862,6.2164459228515625,7.623939529573699,0.2994145564732908,0.13577639176541526
transformer,STORE0006,SKU0091,14,294.0,1.0,0.415981591153307,0.5988125293219447,8.735613414219447,11.448079745779706,0.38710145239543886,0.17312330129195233
transformer,STORE0006,SKU0092,14,1299.0,0.9285714285714286,0.2374104418325094,0.18389444076370445,22.028297424316406,34.056901189372866,0.2873535162180216,0.15585861617184493
transformer,STORE0006,SKU0094,14,987.0,1.0,0.32577480636952255,0.7182521349671115,22.96712384905134,28.54636579602161,0.369841240574727,-0.07688307834613649
transformer,STORE0006,SKU0095,14,373.0,1.0,0.517433897739441,1.362735184769673,13.785917418343681,16.096629578445864,0.5214002024712243,0.3058583410431808
transformer,STORE0006,SKU0096,14,1601.0,1.0,0.25771239815020397,0.3544628804927853,29.471253531319753,34.419960145765906,0.28473833073422755,-0.0712123873232306
transformer,STORE0006,SKU0097,14,1148.0,0.9285714285714286,0.2780778599117691,0.2198671925660958,22.802384512765066,30.812108082577957,0.34392140192807313,0.005741132676393716
transformer,STORE0006,SKU0098,14,581.0,1.0,0.3639825239854507,1.1095145572158476,15.105274745396205,18.684644020245297,0.4361917306796306,0.08926681807447424
transformer,STORE0006,SKU0099,14,1474.0,1.0,0.3548645423257691,1.5608552109515148,37.36216681344168,53.03618457598957,0.36332067201400925,0.21365856962579238
transformer,STORE0006,SKU0100,14,1293.0,1.0,0.1746943828585714,0.20322904178678242,16.134274074009486,22.213909525747724,0.17164425239818443,0.0809849195487722
transformer,STORE0006,SKU0101,14,272.0,1.0,0.24231146363651052,0.44847124372559133,4.707765579223633,6.649757658610543,0.266787781333477,0.09312471221475038
transformer,STORE0006,SKU0102,14,1498.0,1.0,0.36703502924961146,0.5368735390409077,39.272748129708425,49.80985389702345,0.3511103211620899,0.3063349144481053
transformer,STORE0007,SKU0001,14,1190.0,1.0,0.21069155781208967,0.4631762551027157,17.908782414027623,22.926651267800615,0.25762603368982173,0.034123082521582866
transformer,STORE0007,SKU0002,14,756.0,1.0,0.1578069111657521,0.1768014980525934,8.521573202950615,10.41314754001291,0.16503947355395893,-0.003296675505461516
transformer,STORE0007,SKU0003,14,248.0,0.9285714285714286,0.2213625754079511,0.1389904837864466,3.9212799072265625,6.666174667501806,0.2652456654736806,0.09095810305687692
transformer,STORE0007,SKU0004,14,991.0,1.0,0.1925186711531715,0.2662443321174623,13.627571650913783,18.266480539731138,0.20788745583578785,0.08561015971132772
transformer,STORE0007,SKU0006,14,1090.0,1.0,0.3415009454849663,0.39970387443134003,26.588287898472377,30.95403697694797,0.3185572441466756,0.25695843477861596
transformer,STORE0007,SKU0008,14,282.0,1.0,0.2324977631264545,0.48721038335237393,4.683169228690012,6.5331808654673225,0.2596716137834943,0.060306873727352064
transformer,STORE0007,SKU0009,14,700.0,1.0,0.2769078663417271,0.31189352601508513,13.845393317086357,16.670024462643887,0.2861764868579405,-0.03290544237409317
transformer,STORE0007,SKU0011,14,253.0,1.0,0.17328989835595895,0.20660636322188844,3.13159602028983,4.425068393279293,0.17134927052306434,0.11242090006590834
transformer,STORE0007,SKU0012,14,644.0,1.0,0.29402265489471624,0.4220605458490073,13.525042125156947,16.88682414661833,0.3114211117590361,0.09387163790116401
transformer,STORE0007,SKU0013,14,1056.0,1.0,0.3012884855270386,0.4319554636578749,22.725760051182338,35.7001789678741,0.25670621998173226,0.19507259672338312
transformer,STORE0007,SKU0015,14,121.0,1.0,0.26315610270854856,0.9588876303215832,2.274420601981027,3.4584206113976608,0.28255297619595404,0.17409036179219395
transformer,STORE0007,SKU0016,14,360.0,0.9285714285714286,0.31873913870917425,0.26446176685558936,8.196149281093053,12.556342815458283,0.37744590532416694,-0.04133827421400281
transformer,STORE0007,SKU0018,14,935.0,1.0,0.33427490397570603,0.4308845295673324,22.32478822980608,25.289022623923433,0.35002456391984377,0.015078017290900735
transformer,STORE0007,SKU0020,14,561.0,1.0,0.2518665157324915,0.3034283158882695,10.092651094709124,12.524394661399624,0.2624014363807487,-0.01760639183874011
transformer,STORE0007,SKU0022,14,1142.0,1.0,0.2920497419955225,0.2986261669079831,23.822914668491908,28.598127415533714,0.28772127702516276,-0.045920143194248725
transformer,STORE0007,SKU0023,14,1017.0,1.0,0.18645363641699506,0.18017792230242985,13.544524874006,17.52393160517042,0.18780510906396122,-0.09856848027502187
transformer,STORE0007,SKU0024,14,611.0,1.0,0.2744178334936963,0.372134032694845,11.976378304617745,15.202519374215823,0.2741399732217538,0.16212655674611295
transformer,STORE0007,SKU0025,14,380.0,1.0,0.18079885181627775,0.21167354878651926,4.907397406441825,5.972694538021918,0.18714558350217447,0.04113097943757708
transformer,STORE0007,SKU0026,14,1113.0,1.0,0.2357273633053789,0.3242720144855478,18.740325382777623,25.808946403168967,0.24686541271307827,0.11496254783006585
transformer,STORE0007,SKU0027,14,1769.0,1.0,0.36140756299766597,1.461825703697993,45.66642706734793,54.92112348158522,0.43614848104181736,0.007836380134267682
transformer,STORE0007,SKU0028,14,1380.0,1.0,0.24514668229697406,0.39839195367625296,24.164458683558873,32.26255465761386,0.2710190206439102,0.0664822177610536
transformer,STORE0007,SKU0029,14,356.0,1.0,0.31188536761851793,0.5113051699060066,7.930799348013742,9.851550442577812,0.3382150414086054,0.22456067867493362
transformer,STORE0007,SKU0030,14,538.0,1.0,0.24520259275755474,0.2746665879679547,9.422785350254603,10.751348272037397,0.23721250528232535,0.1520069008866207
transformer,STORE0007,SKU0031,14,763.0,1.0,0.25245293533505175,0.34601690987613626,13.758684975760321,15.981173421551807,0.27674560352559857,0.06562022237915204
transformer,STORE0007,SKU0032,14,940.0,1.0,0.2030230217791618,0.1790336830046933,13.631545748029435,24.892768565222337,0.17370283119893334,-0.07214402137918673
transformer,STORE0007,SKU0034,14,1854.0,1.0,0.37115557525536,0.5350901229882764,49.151602608816965,68.0173261620862,0.35731033338093743,0.2144200264314489
transformer,STORE0007,SKU0035,14,2441.0,1.0,0.22837317629653575,0.21722077530141215,39.818494524274556,49.13478873635736,0.2412267577782159,-0.16182180214787742
transformer,STORE0007,SKU0036,14,496.0,1.0,0.38461435994794296,1.0023465924742483,13.62633732386998,17.81494939147071,0.43073119193240206,0.2983834974227413
transformer,STORE0007,SKU0037,14,1408.0,1.0,0.22579807043075562,0.23961511872725433,22.708834511893137,28.98454698783033,0.23640533284564408,-0.11335899071259932
transformer,STORE0007,SKU0038,14,1185.0,1.0,0.26549850013185655,0.35047478824801276,22.472551618303573,27.045400885627043,0.28589705119145126,-0.062250270923984705
transformer,STORE0007,SKU0039,14,183.0,1.0,0.44598394925477075,1.8915262549840024,5.82964733668736,7.386957515345478,0.48900017458977363,0.3298176624735848
transformer,STORE0007,SKU0040,14,332.0,1.0,0.26163744639201336,0.33236447474365965,6.204545157296317,7.551354529109775,0.2625232665663915,0.15114701512348222
transformer,STORE0007,SKU0043,14,512.0,1.0,0.47332114726305013,0.9096054309458967,17.310030528477263,26.87592116729788,0.4113522854152558,0.4337906017899513
transformer,STORE0007,SKU0044,14,1071.0,1.0,0.23506819211245697,0.31522362516364444,17.982716696602957,22.902396592501873,0.25798231276806705,-0.03191288824286225
transformer,STORE0007,SKU0045,14,912.0,1.0,0.17650492986043295,0.2597362589720986,11.498035430908203,15.259997701875736,0.20452431318914674,0.13900481608876014
transformer,STORE0007,SKU0046,14,1422.0,1.0,0.24468875031934006,0.22444801878178788,24.85338592529297,33.17481156499818,0.2402184648162391,-0.11836271648165546
transformer,STORE0007,SKU0047,14,1027.0,1.0,0.23900191205850246,0.310579124413989,17.53249740600586,21.109839646158264,0.2658531851829514,-0.10849241202854948
transformer,STORE0007,SKU0048,14,761.0,1.0,0.4041340109866489,0.8572994207758818,21.96757016863142,26.385538051823694,0.4260430019186918,0.192960440877546
transformer,STORE0007,SKU0049,14,502.0,1.0,0.40201615717306555,0.5401035531316577,14.415150778634208,15.7133251386066,0.40855847188800437,0.11134420448090451
transformer,STORE0007,SKU0050,14,161.0,1.0,0.4324926293414572,0.607145655367754,4.973665237426758,6.026620469911514,0.39043151123181924,0.3756392342703683
transformer,STORE0007,SKU0053,14,352.0,1.0,0.36802163449200714,1.5550770880023133,9.253115381513323,12.754738571913537,0.4189179229891908,0.09655367786234076
transformer,STORE0007,SKU0055,14,138.0,1.0,0.37961116735486017,0.7452605642136014,3.7418815067836215,4.821869576967504,0.3966826893019804,0.1862410116886747
transformer,STORE0007,SKU0056,14,279.0,1.0,0.27638073035893046,0.5570991956487212,5.507873126438686,7.014011115633044,0.33699721436418606,0.09370655483669704
transformer,STORE0007,SKU0058,14,1027.0,1.0,0.28088994012255053,0.31035465480365676,20.60528346470424,25.048268385357527,0.28174115773026703,0.00945264896143957
transformer,STORE0007,SKU0059,14,282.0,1.0,0.2515646346071933,0.2661066844710479,5.067230497087751,6.05508296707537,0.24596649436279924,0.039156122410551004
transformer,STORE0007,SKU0060,14,758.0,1.0,0.20148667307831053,0.244559694864881,10.909064156668526,12.892703265199774,0.22188728821180126,-0.1004726742062531
transformer,STORE0007,SKU0061,14,794.0,1.0,0.45067083325133817,1.0241549220053332,25.559474400111608,31.385115519843616,0.46047995406269576,0.3737979571825311
transformer,STORE0007,SKU0062,14,196.0,1.0,0.246567609358807,0.30363085674968093,3.451946531023298,4.068486264635901,0.2423825352337398,0.1786339234332649
transformer,STORE0007,SKU0063,14,671.0,1.0,0.22348044632799402,0.2600185370556168,10.711098534720284,13.019387351136054,0.22812543500078153,0.04626118621598769
transformer,STORE0007,SKU0065,14,707.0,1.0,0.38975869681912734,0.41557730788471786,19.68281418936593,27.50345639350556,0.3249883487704796,0.21456421955977337
transformer,STORE0007,SKU0066,14,279.0,1.0,0.45671504714582983,0.8279982266949697,9.101678439549037,11.034261629515466,0.45178795971046537,0.3698879706816861
transformer,STORE0007,SKU0067,14,400.0,1.0,0.36240598678588865,0.5340744991465587,10.354456765311104,12.438498254010154,0.36418249999704605,0.16109127998352052
transformer,STORE0007,SKU0068,14,518.0,1.0,0.23524081108652947,0.27631044384766584,8.703910010201591,9.948162502242267,0.2629916247848009,-0.09673634827367127
transformer,STORE0007,SKU0072,14,375.0,1.0,0.21466747538248698,0.263414516588065,5.7500216620309015,7.421911657191566,0.21321133694658292,0.10336176045735677
transformer,STORE0007,SKU0073,14,119.0,1.0,0.22521998301273635,0.22757375937967658,1.914369855608259,2.2688085419070942,0.22939400899383447,-0.07276435659713104
transformer,STORE0007,SKU0074,14,734.0,1.0,0.3521372407918405,0.6019395542431064,18.462052481515066,25.149816267267642,0.35423419025483555,0.1673965765929677
transformer,STORE0007,SKU0075,14,417.0,1.0,0.16679110172555314,0.1785484640842636,4.967992101396833,5.489106632050036,0.1722572219491671,-0.017408425859410145
transformer,STORE0007,SKU0076,14,358.0,1.0,0.23484002544893232,0.28005743045692283,6.005194936479841,7.189940539578192,0.25201215671484134,-0.01394196728754309
transformer,STORE0007,SKU0078,14,338.0,1.0,0.27497985094962035,0.4452998602491635,6.638799258640835,8.913965779592097,0.2970460364515678,0.003314311687762931
transformer,STORE0007,SKU0079,14,993.0,1.0,0.2753920194965835,0.2770714896334943,19.53316252572196,21.872074682159724,0.28411534533125,-0.11385225217267943
transformer,STORE0007,SKU0080,14,717.0,0.9285714285714286,0.48676359104810896,0.757408471800669,24.929249627249582,34.2127657456602,0.5190565800491107,0.37114242596273805
transformer,STORE0007,SKU0081,14,810.0,1.0,0.17854336397147472,0.17925266022353933,10.330008915492467,12.809720001460061,0.18052231429743967,-0.05297770559051891
transformer,STORE0007,SKU0082,14,697.0,1.0,0.28022402704531696,0.3619831095895036,13.951153346470424,18.25118304205071,0.29658739790576005,-0.06517680098370808
transformer,STORE0007,SKU0083,14,888.0,1.0,0.3218077668198594,0.3986082182394236,20.411806924002512,24.760950519236847,0.31111909576768554,0.17669864173408026
transformer,STORE0007,SKU0084,14,196.0,1.0,0.5797726767403739,1.4663858887766685,8.116817474365234,10.208166287963111,0.517126641726868,0.5454031885886679
transformer,STORE0007,SKU0085,14,893.0,1.0,0.2527265516667723,0.3046586052091822,16.12034361703055,20.362061456630762,0.2613180656751471,0.023683140018886058
transformer,STORE0007,SKU0086,14,129.0,1.0,0.26561175205910853,0.2763065482511883,2.447422572544643,3.0813027308612386,0.2658012128825805,-0.0432545270106589
transformer,STORE0007,SKU0087,14,315.0,1.0,0.2484540545751178,0.4867484974117659,5.590216227940151,7.476063218553467,0.27479666529844754,0.13054703000992063
transformer,STORE0007,SKU0088,14,252.0,1.0,0.3123539061773391,0.40123604822272485,5.622370311192104,6.635857643321171,0.310205359015354,0.15749381837390725
transformer,STORE0007,SKU0089,14,434.0,1.0,0.274087141186411,0.5991093996984859,8.49670137677874,12.583811821175884,0.2831007810107687,0.22069681404922417
transformer,STORE0007,SKU0090,14,218.0,1.0,0.31528094930386324,0.9404591135483964,4.9093747820172995,6.782560962185097,0.36698997128161664,0.050018380541320226
transformer,STORE0007,SKU0093,14,816.0,1.0,0.2499370294458726,0.30367134092434495,14.567758287702288,17.305006451515254,0.26188221013400287,0.008635904274734804
transformer,STORE0007,SKU0094,14,607.0,1.0,0.31606637744180843,0.4067736136443027,13.703735079084124,15.20576769676947,0.32757561731562274,0.07031145048691377
transformer,STORE0007,SKU0096,14,1130.0,1.0,0.28016510009765627,0.3614546387319694,22.613325936453684,26.703701519581003,0.3111064181138077,-0.09750165010975526
transformer,STORE0007,SKU0097,14,650.0,1.0,0.45140482389009917,5.029449080594742,20.958081109183176,27.685139316395183,0.4992162104682431,0.1128886002760667
transformer,STORE0007,SKU0098,14,477.0,0.9285714285714286,0.30763100278202593,0.343489783355017,10.48142773764474,13.889851731210882,0.3900666946213232,0.036199553707610646
transformer,STORE0007,SKU0099,14,1133.0,1.0,0.19096800761210214,0.2501896886970932,15.45476804460798,17.979223249586795,0.20861736353469948,0.13077023969954973
transformer,STORE0007,SKU0100,14,955.0,1.0,0.1882739920890768,0.22711279651147895,12.842975888933454,18.211753597949222,0.19614524716729034,-0.005026305033898471
transformer,STORE0007,SKU0101,14,165.0,1.0,0.41323531179717093,1.8313738457199331,4.870273317609515,6.752640565590116,0.49750815808259957,0.2353270790793679
transformer,STORE0007,SKU0102,14,1147.0,1.0,0.29377083416700156,0.6716826431443709,24.0682247706822,31.238561351770592,0.35553118858951366,0.13787068214848858
transformer,STORE0008,SKU0001,14,1519.0,1.0,0.28835636663782194,0.35534826691510873,31.286665780203684,43.77829630685204,0.26485144240687075,0.1778161034449062
transformer,STORE0008,SKU0002,14,1009.0,1.0,0.19480746281513256,0.24261597354022796,14.040052141462054,17.698682077960843,0.20315557146508206,0.09247343367698525
transformer,STORE0008,SKU0003,14,339.0,1.0,0.33526331696186795,0.4317946208851189,8.118161746433803,9.993273126358831,0.329125359558271,0.14739645336229892
transformer,STORE0008,SKU0004,14,1489.0,1.0,0.23277262219492423,0.28789780946703175,24.7570310320173,28.098460621120257,0.2492130798095646,-0.011837776752828011
transformer,STORE0008,SKU0005,14,1579.0,1.0,0.2206465592483994,0.289235895422101,24.885779789515905,31.285336285075036,0.24877492925072814,0.006112488256820476
transformer,STORE0008,SKU0006,14,1939.0,1.0,0.176481942407491,0.4891453622424636,24.4427490234375,33.75812103696878,0.22760299614552773,-0.01630919812080973
transformer,STORE0008,SKU0007,14,374.0,1.0,0.47634511835434856,2.890476747340057,12.725219590323311,15.041629231278437,0.5120277300025291,0.28890408296636083
transformer,STORE0008,SKU0008,14,370.0,1.0,0.3084363215678447,0.37998325125732274,8.15153135572161,9.006943662090196,0.30809996059168704,0.1771919095838392
transformer,STORE0008,SKU0009,14,896.0,1.0,0.30689174788338797,5.178402465584392,19.64107186453683,26.40312455469085,0.36604358116212005,0.1468759264264788
transformer,STORE0008,SKU0010,14,525.0,1.0,0.2976690891810826,0.413874568750115,11.162590844290596,14.134615649849309,0.3003443484775859,0.21241434006463913
transformer,STORE0008,SKU0011,14,338.0,1.0,0.2870777513853897,0.30536691075822275,6.930877140590122,9.539749151767827,0.24774362996633315,0.23408641476602948
transformer,STORE0008,SKU0012,14,949.0,1.0,0.271348484951779,0.34559709413946177,18.393550872802734,22.390893540122704,0.2821659566951623,0.06068660788340113
transformer,STORE0008,SKU0013,14,1894.0,1.0,0.18827052453755078,0.22960418191386922,25.470312391008655,37.10604639589847,0.19801364492123993,0.03529636258182708
transformer,STORE0008,SKU0014,14,903.0,1.0,0.3404325567606676,0.36780432849284395,21.95789991106306,28.258455746169506,0.3202110676381963,0.07860246660437431
transformer,STORE0008,SKU0015,14,189.0,1.0,0.3255607766449136,0.37894154786137335,4.395070484706333,5.196464438886488,0.30473629780254896,0.16817294731341972
transformer,STORE0008,SKU0016,14,488.0,1.0,0.22392435152022566,0.2383495559668922,7.805363110133579,10.156753271141556,0.21793511005628563,-0.01220098479849394
transformer,STORE0008,SKU0018,14,1262.0,1.0,0.26394009476796193,0.32656902764423534,23.792314256940568,29.574868386668715,0.2608599704323777,0.11274624324260536
transformer,STORE0008,SKU0020,14,909.0,1.0,0.1728479744184135,0.17218381039435518,11.22277205330985,13.945500112821264,0.17803810831531755,-0.10264341902024675
transformer,STORE0008,SKU0022,14,1449.0,1.0,0.23942062030421035,0.31116648943537023,24.78003420148577,29.52584939596588,0.2514087600172609,0.06827068131409324
transformer,STORE0008,SKU0025,14,468.0,1.0,0.38837276360927486,0.7311363648475119,12.98274666922433,15.530960647238729,0.39584744282275447,0.2826996012630626
transformer,STORE0008,SKU0027,14,2431.0,1.0,0.20179017293311008,0.27514796297736405,35.03942217145647,44.45140115873618,0.23394792376968992,-0.037543224238996295
transformer,STORE0008,SKU0028,14,2184.0,1.0,0.248212157588302,0.3462066476870797,38.721096583775115,48.08347710170927,0.27447756962744785,-0.023471406091263854
transformer,STORE0008,SKU0029,14,460.0,1.0,0.5098816996035369,1.4878338540471479,16.75325584411621,21.206577069679472,0.5044017544276614,0.4320494693258534
transformer,STORE0008,SKU0030,14,737.0,1.0,0.25462048348125316,0.29689420697226154,13.403949737548828,14.937823536651125,0.25119419009395466,0.1400888926947295
transformer,STORE0008,SKU0031,14,917.0,1.0,0.42168544656967777,1.0023705681964148,27.620396750313894,36.22099860148556,0.44998378831580427,0.2921536860575203
transformer,STORE0008,SKU0033,14,1750.0,1.0,0.257285400390625,0.2760383057954024,32.160675048828125,37.813481771879225,0.2479976230321918,0.08953665597098215
transformer,STORE0008,SKU0035,14,2593.0,1.0,0.40121697699108777,2.163086800095557,74.31111580984933,88.30412768134791,0.43910120779958156,0.1779362876765571
transformer,STORE0008,SKU0038,14,1628.0,1.0,0.23992853375559064,0.2536427560579219,27.90026092529297,33.706432285790406,0.23736195075318056,-0.019457505434678286
transformer,STORE0008,SKU0039,14,321.0,1.0,0.25602018053286546,0.2965508604286183,5.870176996503558,6.933884505118794,0.2536124302611507,0.08435880357974043
transformer,STORE0008,SKU0040,14,505.0,1.0,0.2809328589108911,1.2274361746835916,10.133649553571429,14.689163855600599,0.33030658950132835,0.09454132684386603
transformer,STORE0008,SKU0041,14,1837.0,1.0,0.18400525968880768,0.18572549475336975,24.144118717738554,29.76960916596345,0.1847348873161822,-0.037010965362864516
transformer,STORE0008,SKU0042,14,281.0,1.0,0.22502493264412116,0.2712310350628218,4.5165718623570035,5.82326156425431,0.21918360946519547,0.15210274530051018
transformer,STORE0008,SKU0043,14,765.0,1.0,0.5321220447814542,5.5588275814987185,29.076668875558035,42.14811178785338,0.5505774333456377,0.3829395767910029
transformer,STORE0008,SKU0044,14,1387.0,1.0,0.2475989849857916,0.3162892263178902,24.529985155378068,29.747825857643257,0.2544705793193238,0.05079320290145381
transformer,STORE0008,SKU0045,14,1369.0,1.0,0.25321443277697564,0.24245072886025426,24.76075417654855,32.72080956653592,0.232607459837766,0.03173563966270429
transformer,STORE0008,SKU0046,14,1773.0,1.0,0.2013828817626816,0.26074793029936777,25.503703526088177,34.50208629508816,0.22032394695153903,-0.0553177749108811
transformer,STORE0008,SKU0047,14,1012.0,1.0,0.4056571538269284,0.5188480004236694,29.323217119489396,32.54814562481455,0.3813885134761388,0.2707880193536932
transformer,STORE0008,SKU0048,14,1241.0,1.0,0.23517844717316239,0.2874693584179829,20.84688949584961,25.127851957545925,0.2504863122418645,0.018640934700547077
transformer,STORE0008,SKU0049,14,709.0,1.0,0.32338081865620044,0.44564466838151456,16.37692860194615,18.905454373985986,0.3247546068783502,0.19871471496495946
transformer,STORE0008,SKU0051,14,1030.0,1.0,0.38664224865367114,1.4678466837743191,28.44582257952009,38.02821821943557,0.4319901901563257,0.172084460212189
transformer,STORE0008,SKU0055,14,204.0,1.0,0.3345952314489028,0.42681711842873093,4.875530515398298,6.063028896772238,0.31761024504638347,0.2773740618836646
transformer,STORE0008,SKU0056,14,385.0,1.0,0.3625364724691812,0.535921296828913,9.969752992902484,14.170100621154678,0.3431109450604867,0.15463239991819705
transformer,STORE0008,SKU0057,14,1252.0,1.0,0.3011776007021578,0.3437468267827515,26.933882577078684,32.97752498996009,0.28856173927189965,0.137879575784214
transformer,STORE0008,SKU0059,14,364.0,0.9285714285714286,0.45511454278296165,0.476609946419095,11.832978112357003,13.960583044964832,0.48371442514665736,0.2427352758554312
transformer,STORE0008,SKU0060,14,906.0,1.0,0.2888389444245934,0.5333730995932415,18.692005974905832,24.534657520103465,0.3251079248177036,0.05051013281276947
transformer,STORE0008,SKU0061,14,1310.0,1.0,0.2850593217456614,0.3632781047489075,26.67340796334403,33.16114918378915,0.27746047686800096,0.21234408662519383
transformer,STORE0008,SKU0062,14,294.0,1.0,0.27687032530907874,1.1168857515069885,5.814276831490653,8.33275758691799,0.3084863698790207,0.09349258578553492
transformer,STORE0008,SKU0064,14,1430.0,1.0,0.2395119887131911,0.26780898886932764,24.464438847133092,28.577201371836285,0.23271406005528705,0.07631841806265026
transformer,STORE0008,SKU0065,14,1094.0,1.0,0.29725313971203904,0.3217287043066303,23.22820963178362,28.367593007786724,0.28515945843093154,0.11235516773063481
transformer,STORE0008,SKU0066,14,465.0,1.0,0.21910270772954468,0.24699669167137608,7.277339935302734,8.957773960249089,0.2118037476199339,0.1728072299752184
transformer,STORE0008,SKU0067,14,589.0,1.0,0.34925301491910615,0.5617912113924188,14.69357327052525,18.6465277544746,0.36134111407987096,0.1245515042938077
transformer,STORE0008,SKU0072,14,583.0,1.0,0.2249045920003953,0.28934758657700976,9.365669795445033,11.531188201966883,0.23531098799108732,0.0381151595205631
transformer,STORE0008,SKU0074,14,1162.0,1.0,0.3078960773251348,0.605680252464042,25.55537441798619,35.99718697094588,0.3300110981065372,0.09523120886692697
transformer,STORE0008,SKU0075,14,510.0,1.0,0.29466901292987896,0.4400599323173316,10.734371185302734,12.679602644962738,0.2987459127296392,0.18844429464901194
transformer,STORE0008,SKU0076,14,476.0,1.0,0.3114721795090107,0.8240376238338457,10.590054103306363,13.740283000344737,0.37084346802047125,0.13475716214220063
transformer,STORE0008,SKU0077,14,960.0,1.0,0.2778810222943624,0.9194928577453252,19.05469867161342,25.257747089864388,0.34715205922420334,0.1929398020108541
transformer,STORE0008,SKU0078,14,541.0,1.0,0.14282357009633853,0.14257931146477637,5.519110815865653,6.435555739974186,0.14479881043969003,-0.047541091270235245
transformer,STORE0008,SKU0080,14,1359.0,1.0,0.21158945113091543,1.12320786253149,20.539290291922434,28.95005647401602,0.2655955501921688,0.04447230773431755
transformer,STORE0008,SKU0081,14,857.0,1.0,0.40757031257121956,1.1417742297915707,24.94912556239537,32.00811040405081,0.39639225475877043,0.3935194783338727
transformer,STORE0008,SKU0082,14,1036.0,1.0,0.2600695414892955,0.2833821748637145,19.24514607020787,22.726871127752123,0.2700974829541797,-0.05296722618309227
transformer,STORE0008,SKU0083,14,1555.0,1.0,0.12227762596400221,0.12149226436701739,13.581550598144531,14.96878485075429,0.12205038015381839,-0.02295602878190309
transformer,STORE0008,SKU0084,14,433.0,1.0,0.2069236103436688,0.2345297356697004,6.3998516627720425,8.032677690720524,0.21571840667045813,0.01094967883949191
transformer,STORE0008,SKU0085,14,1368.0,1.0,0.24186748370789646,0.2535964655322391,23.633908408028738,28.143146869824434,0.23675483640464254,-0.00867131439565915
transformer,STORE0008,SKU0086,14,156.0,0.9285714285714286,0.27469806182078826,0.27172444696975623,3.0609212602887834,3.836340169153958,0.3525778456302204,0.14842776763133514
transformer,STORE0008,SKU0087,14,544.0,1.0,0.1959633055855246,0.2145470694900147,7.614574159894671,9.544935019333868,0.2019550752414431,-0.039512346772586596
transformer,STORE0008,SKU0088,14,350.0,1.0,0.2890883309500558,0.39402462938855776,7.227208273751395,8.871283671298261,0.2896456339760602,0.16245530264718192
transformer,STORE0008,SKU0089,14,751.0,1.0,0.28847575790872587,0.3176512850577683,15.474663870675224,17.52617329487119,0.3035562917206646,-0.06800035662085968
transformer,STORE0008,SKU0090,14,344.0,1.0,0.3014391411182492,0.36449978712646053,7.4067903246198386,8.725986643788273,0.3122706204992304,-0.011774273805840051
transformer,STORE0008,SKU0091,14,360.0,1.0,0.3179192860921224,1.7581901559737647,8.175067356654576,12.427232892083914,0.35487093290736876,0.012473678588867188
transformer,STORE0008,SKU0092,14,1494.0,1.0,0.293541296738059,0.5603512554749497,31.325049809047155,38.91840765067121,0.3260676797087448,-0.026157113602522097
transformer,STORE0008,SKU0093,14,1165.0,1.0,0.2485171796937869,0.31371445254152447,20.680179595947266,26.22879500966361,0.2630408083362172,0.0214722531036246
transformer,STORE0008,SKU0094,14,1177.0,1.0,0.26717183543345435,0.23338955435053116,22.461517878941127,29.06818593437349,0.28220088568995855,-0.2577717666820439
transformer,STORE0008,SKU0095,14,449.0,1.0,0.25345847760648665,0.3140227549049433,8.128775460379464,9.914029397542086,0.25314000399091136,0.13326978789671493
transformer,STORE0008,SKU0096,14,1339.0,1.0,0.2537900199633734,0.35331274163417864,24.273202623639786,33.36544461486259,0.25673353651734576,0.13734973340536605
transformer,STORE0008,SKU0097,14,1035.0,1.0,0.3266000056612319,0.41557898246050196,24.145071847098215,32.46650155945943,0.31935628860022225,0.04506286031382095
transformer,STORE0008,SKU0098,14,692.0,1.0,0.20803855058085713,0.23853043607835006,10.283048357282366,12.215510783671139,0.22265408721953425,-0.04547188598985614
transformer,STORE0008,SKU0099,14,1683.0,1.0,0.1913147063320475,0.2609406864337733,22.998760768345424,28.311700663613014,0.2190762423496934,0.05090019239673853
transformer,STORE0008,SKU0100,14,1462.0,1.0,0.17756564639987762,0.1905238131797601,18.542926788330078,21.400811489675373,0.18669538693443435,-0.051745992678787114
transformer,STORE0008,SKU0101,14,243.0,1.0,0.35244164643464265,0.971550869143563,6.117380005972726,8.059490820786026,0.39160737087076564,0.2378389413464707
transformer,STORE0008,SKU0102,14,1650.0,1.0,0.25792044437292855,0.3554658654633248,30.39776665823801,45.70228738372858,0.26092073443343794,0.21587800459428266
transformer,STORE0009,SKU0001,14,1379.0,1.0,0.263549290159805,0.28120552027534834,25.959605080740793,35.018014051630416,0.24836120636560727,0.06677181362846434
transformer,STORE0009,SKU0002,14,848.0,1.0,0.35301382136794757,0.5650779506072287,21.382551465715682,27.043206268934302,0.35667202468968057,0.12253976318071473
transformer,STORE0009,SKU0003,14,237.0,1.0,0.46675416487681715,1.1092309348110037,7.901481219700405,9.742596612371024,0.46667838969625974,0.36439984961401056
transformer,STORE0009,SKU0005,14,1252.0,1.0,0.2679287419913295,0.5507306488977812,23.960484640938894,29.389819734508958,0.3221433604087758,0.049261946266832446
transformer,STORE0009,SKU0006,14,1664.0,1.0,0.23663228291731614,0.4731503078367404,28.12543705531529,38.503859096058115,0.27191836266601727,0.02514265133784365
transformer,STORE0009,SKU0008,14,367.0,1.0,0.1336359860786625,0.153163146343587,3.503171920776367,4.837907845747627,0.13688230438941842,0.003682482145137943
transformer,STORE0009,SKU0009,14,705.0,1.0,0.38820299189141455,1.4240509855664576,19.54879352024623,25.006040367113556,0.42756689753766813,0.22371381935498394
transformer,STORE0009,SKU0010,14,379.0,1.0,0.43766046891426347,0.7702095049258534,11.84809412275042,14.138726744281213,0.41343824210294317,0.3925290371937613
transformer,STORE0009,SKU0011,14,293.0,1.0,0.264520456359655,0.47507846820903465,5.536035265241351,7.3244357832466624,0.28978144880256956,0.188475859449992
transformer,STORE0009,SKU0012,14,729.0,1.0,0.37396101565681533,1.1618242067320492,19.47268431527274,26.42547698094793,0.4311072822966584,0.18792916652433503
transformer,STORE0009,SKU0013,14,1701.0,1.0,0.21989371396736984,0.25100216069969983,26.717086247035436,35.91925474238496,0.2383262739716915,-0.044192552426364565
transformer,STORE0009,SKU0015,14,147.0,1.0,0.3935232876109428,1.067910526163365,4.131994519914899,4.929589666656182,0.4374189021697536,0.16978018624441965
transformer,STORE0009,SKU0016,14,347.0,1.0,0.4561776262882464,1.4387682370521833,11.30668830871582,15.138814659127936,0.4657627137277603,0.19033458390909244
transformer,STORE0009,SKU0017,14,1593.0,1.0,0.2372998359138982,0.24091905814854503,27.001331329345703,32.9783446422912,0.2338249298257152,-0.04599565600570612
transformer,STORE0009,SKU0018,14,1416.0,1.0,0.23921810839809265,0.24266101655606007,24.1952029636928,27.097483097544735,0.25349885611899176,-0.12245278978078379
transformer,STORE0009,SKU0019,14,230.0,1.0,0.410076962346616,0.7862367026562327,6.736978667122977,7.871355684635,0.45956833439970496,0.2820346085921578
transformer,STORE0009,SKU0020,14,639.0,1.0,0.22338711972900774,0.4125652206448837,10.196026393345424,13.111272411653093,0.2584509065195605,0.05599045492300592
transformer,STORE0009,SKU0022,14,1233.0,1.0,0.3594436336124417,0.8023437831498751,31.656714303152903,37.27073032586279,0.4035584656328188,0.08630119874432912
transformer,STORE0009,SKU0023,14,991.0,1.0,0.3799481319731588,0.4507039819768873,26.894899913242885,34.640210001807766,0.3486581306141403,0.12169733057108703
transformer,STORE0009,SKU0024,14,724.0,1.0,0.2761755779961855,0.33211264563802734,14.282222747802734,16.12273874543975,0.27735755151372876,0.1313636737633805
transformer,STORE0009,SKU0025,14,431.0,1.0,0.2716467164785292,0.44069604115171496,8.362838200160436,10.929708683968096,0.2760978091044069,0.16323572853601725
transformer,STORE0009,SKU0027,14,1920.0,1.0,0.24171282052993776,0.34325988296092247,33.14918681553432,39.7293962796637,0.2564707667187616,0.1492750922838847
transformer,STORE0009,SKU0028,14,1576.0,1.0,0.3274645539104636,0.4707856915300542,36.86315264020647,45.82893157720434,0.31814732994477846,0.17809156233889198
transformer,STORE0009,SKU0030,14,587.0,1.0,0.2702234778331126,0.37411749384160825,11.33008439200265,14.00140516648877,0.2756664559438386,0.22231951036079575
transformer,STORE0009,SKU0032,14,997.0,1.0,0.4329105863121591,2.0019192057098167,30.829418182373047,42.80726720132034,0.5028036069762348,0.22603998978135578
transformer,STORE0009,SKU0033,14,1735.0,1.0,0.20402251141902691,0.23728634295973558,25.284218379429408,32.03151985272391,0.22106402584641094,-0.04322057278767785
transformer,STORE0009,SKU0034,14,2219.0,1.0,0.2534833979423973,0.3225152861896287,40.177118573869976,49.841389051691394,0.25965055431670964,0.16123035460133012
transformer,STORE0009,SKU0035,14,2812.0,1.0,0.21824569485095963,0.24297561002851983,43.8362067086356,50.74749460240037,0.22482839338546584,0.001223345738895248
transformer,STORE0009,SKU0037,14,1292.0,1.0,0.28239837150455627,0.4252655995179056,26.06133542742048,34.691258393867976,0.2871387096079885,0.2702801175899919
transformer,STORE0009,SKU0038,14,1253.0,1.0,0.29571365758312856,0.3966846673411622,26.46637235369001,29.911842972006067,0.3018077641555416,0.14898678596173864
transformer,STORE0009,SKU0039,14,227.0,1.0,0.40303802490234375,1.022744435661711,6.534973689488003,7.795260416628998,0.4077495843906613,0.341989155907988
transformer,STORE0009,SKU0041,14,1453.0,1.0,0.3143480304841411,0.823050209927243,32.624834878104075,49.24159103986599,0.31047696858455565,0.1479613008125027
transformer,STORE0009,SKU0044,14,1174.0,1.0,0.2939275582360653,1.0454033391035449,24.647925240652906,33.51922902481023,0.3485473926797373,0.15609260312133996
transformer,STORE0009,SKU0045,14,1026.0,1.0,0.38274150052730566,0.8963671293194607,28.049484252929688,34.02715402682814,0.39962624542648584,0.26158710204602215
transformer,STORE0009,SKU0046,14,1328.0,1.0,0.31082453785172426,0.3817343712999355,29.48392759050642,39.90993779311108,0.2889255652967596,0.1866231768964285
transformer,STORE0009,SKU0047,14,1126.0,1.0,0.2410244442006411,0.28221645682497554,19.38525172642299,24.26511154244829,0.24911798874490804,0.004310729872058171
transformer,STORE0009,SKU0049,14,539.0,1.0,0.37190191378619986,0.4304870186973937,14.318223680768694,15.461721957751617,0.33672834616966585,0.2988464128993217
transformer,STORE0009,SKU0050,14,233.0,1.0,0.20122480597107195,0.21997961409144412,3.3489556993756975,4.029111971038722,0.1914530104358329,0.14396128838666009
transformer,STORE0009,SKU0051,14,894.0,1.0,0.2630772771984672,0.42240745670333635,16.79936327253069,21.26144186709947,0.2813837215644849,0.14015117534321694
transformer,STORE0009,SKU0052,14,809.0,1.0,0.15136134521333486,0.1576999169226985,8.746523448399135,11.196394506830813,0.15239147260307775,0.009620378869130976
transformer,STORE0009,SKU0055,14,175.0,1.0,0.21663122994559153,0.38184324285794924,2.707890374319894,3.9209881438984517,0.23954073745780854,0.18315135410853794
transformer,STORE0009,SKU0057,14,986.0,0.9285714285714286,0.44154183811396663,1.042389216717583,31.09716088431222,39.28570947182141,0.49851870006389193,0.28733438023689073
transformer,STORE0009,SKU0058,14,1123.0,1.0,0.42991629351703375,3.105589189504727,34.48542840140207,44.793590706805354,0.46966745351304945,0.15583767980098298
transformer,STORE0009,SKU0059,14,384.0,1.0,0.19668718179066977,0.2152779867038132,5.3948484148297995,6.061588813611201,0.2118460864512643,-0.07431644201278687
transformer,STORE0009,SKU0060,14,817.0,1.0,0.2290748680236144,0.25547091247136006,13.368154798235212,15.236925128686783,0.23810045619053377,-0.022078309823716724
transformer,STORE0009,SKU0061,14,1390.0,1.0,0.22024262791914906,0.326642915674099,21.866946629115514,29.11151667613936,0.25123134725898055,-0.0009073380943682963
transformer,STORE0009,SKU0062,14,252.0,0.9285714285714286,0.2946331992981926,0.22770887605225382,5.303397587367466,7.504510366828802,0.3394755736537261,0.0609450870090061
transformer,STORE0009,SKU0063,14,836.0,1.0,0.28567114287015927,0.5124766957385564,17.058648245675222,20.68818692315768,0.33032151827033335,0.14223936528110045
transformer,STORE0009,SKU0064,14,1341.0,1.0,0.2268319581534594,0.308492991474749,21.72726113455636,25.49917232932968,0.25230007252226677,-0.01542186808177201
transformer,STORE0009,SKU0065,14,898.0,1.0,0.2566534140062226,0.24659265906756866,16.462483269827707,23.556096277929264,0.21104766223766055,0.191439651965033
transformer,STORE0009,SKU0066,14,434.0,1.0,0.21468733862248432,0.24065013705686963,6.655307497297014,8.03162621186409,0.21620147040298607,0.047458112514513436
transformer,STORE0009,SKU0067,14,473.0,1.0,0.3109794842516393,0.6417660691842427,10.506664003644671,13.242008753572883,0.3348617842853982,0.17506904682699773
transformer,STORE0009,SKU0068,14,556.0,1.0,0.2672172861991169,0.3669415038903888,10.612343651907784,13.111958355093781,0.28180093442780924,0.1159906936206406
transformer,STORE0009,SKU0069,14,1072.0,1.0,0.5482970920961294,0.686772665297312,41.98389162336077,55.577005249858836,0.453378401763909,0.2848214320282438
transformer,STORE0009,SKU0070,14,1061.0,1.0,0.4277424502215444,1.0775813458339083,32.41676712036133,43.360662349866374,0.4143736891469363,0.3942700888501598
transformer,STORE0009,SKU0071,14,412.0,1.0,0.2638346153555564,0.4844217195887315,7.76427582332066,9.451282408649083,0.30075391934484286,0.09068921005841597
transformer,STORE0009,SKU0072,14,452.0,1.0,0.29503820638741013,0.608044681592044,9.525519234793526,13.172380765330631,0.3171163271298987,0.11519565413483478
transformer,STORE0009,SKU0074,14,1042.0,1.0,0.22351732089286117,0.22406196559193475,16.63607488359724,27.30266830064629,0.210477319115938,-0.01953957131178959
transformer,STORE0009,SKU0075,14,458.0,1.0,0.23402014986396358,0.2958431546438257,7.655802045549665,9.094219493677862,0.24497845064093363,0.05059746155051687
transformer,STORE0009,SKU0076,14,399.0,1.0,0.2890343295601675,0.4166588387880129,8.237478392464775,9.977222385769467,0.3008614068154126,0.09644736861226552
transformer,STORE0009,SKU0077,14,716.0,1.0,0.3727815617396179,0.6750704192008062,19.065114157540457,28.10013671940014,0.3571752035992738,0.32380553730373274
transformer,STORE0009,SKU0078,14,492.0,1.0,0.1852984505940259,0.17454299450623348,6.511916978018625,7.679266150373679,0.19265739310507438,-0.14707067923817208
transformer,STORE0009,SKU0080,14,1224.0,1.0,0.19533131169337853,0.2688056571354121,17.077537536621094,24.752992268196305,0.2032211229080118,-0.02250299890056933
transformer,STORE0009,SKU0082,14,680.0,1.0,0.3692091100356158,1.1610344770929921,17.933013916015625,22.17894611910333,0.41237766373615176,0.2123495101928711
transformer,STORE0009,SKU0083,14,1146.0,1.0,0.2905236688583933,1.0011208571530317,23.781437465122767,29.479402387425246,0.34114140792997255,0.10434828087505454
transformer,STORE0009,SKU0084,14,320.0,1.0,0.31202890276908873,0.43167556320964423,7.1320892061506,9.14910751607407,0.3090154342167391,0.1550075113773346
transformer,STORE0009,SKU0085,14,1081.0,1.0,0.2658009559991292,0.32622952184291915,20.523630959647047,26.201898425762447,0.2648085488453212,0.05819813660401973
transformer,STORE0009,SKU0086,14,145.0,1.0,0.2660086533118939,0.2923452843835343,2.7550896235874722,3.6539858839498187,0.2689063994713255,-7.074290308455376e-05
transformer,STORE0009,SKU0087,14,419.0,1.0,0.17396158933070507,0.2117361404593269,5.206421852111816,6.296242457281593,0.18592509784271635,0.026726028515217135
transformer,STORE0009,SKU0088,14,297.0,1.0,0.2885661012797244,0.3403774145626663,6.121723720005582,7.285077799754041,0.2733341647444824,0.1798100327000474
transformer,STORE0009,SKU0089,14,533.0,1.0,0.3004926141162751,3.7797757624788857,11.440183094569617,16.33455415710093,0.33528745470719656,0.13368088398373373
transformer,STORE0009,SKU0090,14,249.0,0.9285714285714286,0.3135555068173083,0.25030067439601456,5.5768086569649835,7.8288371244946715,0.34960774042473414,0.15849700989014648
transformer,STORE0009,SKU0091,14,302.0,1.0,0.19264725186177437,0.23568268031659076,4.155676433018276,4.780964102821035,0.2113739651357589,0.004626962522797226
transformer,STORE0009,SKU0092,14,1306.0,1.0,0.24866497279308838,0.3065746204520252,23.19688960484096,28.61106875010551,0.26705458939871984,-0.030295846655759465
transformer,STORE0009,SKU0093,14,889.0,1.0,0.3809000279155169,0.5942022701683255,24.187151772635325,28.945054983779805,0.38547341746485053,0.2188960741555865
transformer,STORE0009,SKU0096,14,1393.0,1.0,0.2735926839660075,0.344619727517252,27.222472054617747,30.126104674625978,0.3075058558009398,-0.11845443955617936
transformer,STORE0009,SKU0097,14,932.0,1.0,0.13996450890798937,0.13800185331140175,9.317637307303292,12.963308826988909,0.13288570616655987,0.030832487114509286
transformer,STORE0009,SKU0098,14,617.0,1.0,0.3015087875786631,0.3714649563770073,13.287922995431083,18.841312725337225,0.2995368020922268,-0.03534118553421293
transformer,STORE0009,SKU0099,14,1318.0,1.0,0.3890727539525589,0.9080158825677961,36.62842069353376,43.930250023313974,0.4700963852669346,0.17313413373978975
transformer,STORE0009,SKU0102,14,1685.0,1.0,0.28813362461169323,0.29646653619928204,34.67893981933594,43.043459111874746,0.28102045498651657,-0.002964868743624798
transformer,STORE0010,SKU0001,14,1348.0,1.0,0.2060029570355967,0.23360466469656196,19.83514186314174,25.813046187227997,0.1973570269771617,0.1004337344749745
transformer,STORE0010,SKU0004,14,1388.0,1.0,0.2102790964439898,0.2535505268520137,20.84767041887556,25.028672317805025,0.22530458020337774,-0.03707814285322294
transformer,STORE0010,SKU0005,14,1302.0,1.0,0.2401844499297955,0.34876532290227175,22.337153843470983,25.133260376137162,0.2814365923449428,0.06402330061623947
transformer,STORE0010,SKU0006,14,1503.0,1.0,0.1565319881071191,0.6059571895580109,16.804827008928573,28.975635762019227,0.19882275419867818,0.0872371671045929
transformer,STORE0010,SKU0007,14,334.0,1.0,0.26118810733635267,0.4568809528282927,6.2312019893101285,8.624368377298776,0.28206581844077144,0.2274216406359644
transformer,STORE0010,SKU0010,14,488.0,1.0,0.2781734779232838,0.38989547391043095,9.696332659040179,12.634613843747973,0.28972454556777816,0.11570051849865524
transformer,STORE0010,SKU0011,14,330.0,1.0,0.23386274395566997,0.2772465675057035,5.512478964669364,7.0660888695937825,0.23289313551129628,0.06472810687440816
transformer,STORE0010,SKU0012,14,874.0,1.0,0.2477995831033458,0.48596671955884857,15.469773973737444,18.368186791510173,0.30244725119067944,-0.0060270558232846305
transformer,STORE0010,SKU0013,14,1626.0,1.0,0.27760296642120474,0.43310658391160495,32.24160167149135,40.680976626674386,0.3105038618599091,0.009880483517054409
transformer,STORE0010,SKU0014,14,807.0,1.0,0.21113076381376095,0.25411328474749767,12.170180456978935,16.5980101738835,0.22508417430367605,-0.04984594957240599
transformer,STORE0010,SKU0015,14,141.0,1.0,0.30502524950825577,0.47528228897607816,3.072040012904576,3.8257709967125075,0.3201435865372834,0.2385668382577017
transformer,STORE0010,SKU0016,14,400.0,1.0,0.18690196990966798,0.277471107039498,5.340056283133371,7.0030497480440745,0.2148536346444397,0.022460298538208016
transformer,STORE0010,SKU0017,14,1321.0,1.0,0.37905803510043584,0.7569813842497426,35.7668331691197,54.19170929455302,0.3678705304937147,0.12065560559627235
transformer,STORE0010,SKU0018,14,1117.0,1.0,0.21696491292681988,0.25917158666662155,17.31070055280413,22.529071457645614,0.22511082206485894,0.048500846514449976
transformer,STORE0010,SKU0019,14,253.0,0.9285714285714286,0.24768419228052432,0.23323823268422356,4.476007189069476,6.617138757402007,0.322818627452851,0.18745977228338068
transformer,STORE0010,SKU0020,14,601.0,0.9285714285714286,0.3313606249512531,0.5787609037867107,14.224838256835938,18.95772415296418,0.4211675884987066,0.129402097172031
transformer,STORE0010,SKU0021,14,697.0,1.0,0.350648127464174,0.5665985618375029,17.45726748875209,20.77447655264901,0.35656962337599635,0.17356324708957754
transformer,STORE0010,SKU0025,14,401.0,1.0,0.2619415435410497,0.31632690696054194,7.502754211425781,8.769595502749464,0.25132967498096315,0.24382133198497896
transformer,STORE0010,SKU0028,14,1787.0,1.0,0.17145497343963126,0.1795745449564501,21.885002681187217,28.049856344510363,0.16678839972761203,0.020104735405937404
transformer,STORE0010,SKU0029,14,400.0,1.0,0.3481064605712891,1.4708006402099656,9.945898873465401,13.268640304126126,0.3723239156182275,0.31754188537597655
transformer,STORE0010,SKU0030,14,637.0,1.0,0.20294235564850194,0.27272000432819427,9.233877182006838,11.570063472786561,0.2152389116257361,0.07425669935097685
transformer,STORE0010,SKU0032,14,1108.0,1.0,0.2365024477135834,0.26566807278362564,18.71747943333217,19.639628699012217,0.2490085419643959,0.001379519163055945
transformer,STORE0010,SKU0034,14,2551.0,1.0,0.35868212775780334,0.4489247674449158,65.3570077078683,78.67300439800447,0.3662687674192346,0.016616731566665023
transformer,STORE0010,SKU0035,14,2699.0,1.0,0.2258278902215664,0.43042886624438764,43.53639112200055,57.20079530327713,0.25513221684402565,-0.0011254473499299298
transformer,STORE0010,SKU0036,14,589.0,1.0,0.43334631927956546,0.6647952117692152,18.23149871826172,19.946348118381067,0.44185621587122537,0.22710776207604919
transformer,STORE0010,SKU0037,14,1785.0,1.0,0.2725161854292498,0.2796321140358731,34.74581364222935,40.86806974332844,0.284232833265923,-0.08830604873785454
transformer,STORE0010,SKU0038,14,1464.0,1.0,0.22080606450148618,0.3657985448545799,23.09000560215541,29.92931267102778,0.24867209735842363,-0.0216084412538289
transformer,STORE0010,SKU0039,14,237.0,1.0,0.2994765108647729,0.4422158318278742,5.069709505353655,6.918575880432257,0.2889738853877288,0.2133983982263235
transformer,STORE0010,SKU0040,14,367.0,1.0,0.35596491010702275,3.1927642480067235,9.331365857805524,13.687310969670278,0.36471706939096815,0.24365279070363058
transformer,STORE0010,SKU0042,14,195.0,1.0,0.3679748143905248,0.5728646816082452,5.125363486153739,6.222910174095568,0.3614068283591624,0.327334712101863
transformer,STORE0010,SKU0043,14,744.0,1.0,0.26709736547162455,0.3488770484444504,14.194317136492048,16.347587100506605,0.280902334995288,0.12198672243343889
transformer,STORE0010,SKU0045,14,1099.0,1.0,0.227405752888368,0.31364144255427695,17.851351601736887,27.05105141755272,0.206801735258659,0.1817735597369235
transformer,STORE0010,SKU0046,14,1367.0,1.0,0.27787656860798055,0.5173528355152661,27.132662091936385,31.933947826130353,0.30783640446935906,0.1298292002367467
transformer,STORE0010,SKU0048,14,882.0,1.0,0.3107014999908655,1.0380388585790294,19.574194499424525,26.940844399535397,0.36450475487484046,0.22315430154605786
transformer,STORE0010,SKU0050,14,236.0,1.0,0.2297830581665039,0.24708718241525326,3.873485837663923,4.157743057397253,0.22034506726121264,0.13724231719970703
transformer,STORE0010,SKU0051,14,907.0,1.0,0.230264287273571,0.44169077611596563,14.917836325509208,19.868434118720632,0.25021163416900943,0.14348901750760146
transformer,STORE0010,SKU0052,14,721.0,1.0,0.23154916115177487,0.36439585663031154,11.924781799316406,15.964902725078199,0.25348109659574114,0.06874008284527783
transformer,STORE0010,SKU0053,14,445.0,1.0,0.2903678379701765,0.32406428423008343,9.22954913548061,10.383456831445221,0.2909201701436791,0.05216973979821368
transformer,STORE0010,SKU0054,14,1116.0,1.0,0.3088404816111356,0.4416919800617246,24.61899839128767,37.487651050623306,0.27481584687823696,0.15998752142793388
transformer,STORE0010,SKU0055,14,213.0,1.0,0.11437773368727992,0.12629159751118368,1.740175519670759,2.240157391979076,0.12262157830256361,-0.025234849240298597
transformer,STORE0010,SKU0056,14,374.0,1.0,0.16014496400394543,0.18410252665606833,4.278158324105399,5.35742783689845,0.16871423438948793,0.034204080143076805
transformer,STORE0010,SKU0057,14,1210.0,1.0,0.2531306747562629,0.5178481536404113,21.877722603934153,27.514164685413682,0.2907295057979267,-0.027647803440566915
transformer,STORE0010,SKU0058,14,1183.0,1.0,0.32366229433783616,0.42532500903738535,27.349463871547155,34.33467152244922,0.3230976772845769,0.07401709020490478
transformer,STORE0010,SKU0059,14,367.0,1.0,0.25649080094589527,0.2881070379535296,6.723723139081683,8.342972612005141,0.2622698367599896,0.008387672154065384
transformer,STORE0010,SKU0060,14,801.0,1.0,0.2989375606160634,0.4985529297741201,17.103499003819056,21.207746748912626,0.33888314057978686,0.00469957844594892
transformer,STORE0010,SKU0061,14,1199.0,1.0,0.2375622416059607,0.2847063408741141,20.345509120396205,23.312720711429446,0.24359483943570867,0.09715493705692244
transformer,STORE0010,SKU0063,14,942.0,1.0,0.1349402142178481,0.16449530654801095,9.079548699515207,11.958892352112539,0.14472342541686903,0.015166754429001195
transformer,STORE0010,SKU0064,14,1232.0,1.0,0.2654781031918216,0.3843850889573684,23.3620730808803,31.523453210525954,0.28091560395509296,0.04784514068009016
transformer,STORE0010,SKU0065,14,882.0,1.0,0.2626682117142104,0.40224017117110844,16.548097337995255,24.68773551820106,0.27851734810679885,0.12078452596859056
transformer,STORE0010,SKU0067,14,463.0,1.0,0.291353056806725,0.5615007900314835,9.635461807250977,12.698526492186499,0.3170749395971572,0.2032444420437576
transformer,STORE0010,SKU0068,14,623.0,1.0,0.2443546276796687,0.24157065823007137,10.873780931745257,12.598294415975442,0.2494823944258767,-0.05220624455288172
transformer,STORE0010,SKU0069,14,1248.0,1.0,0.19551457808567926,0.2917734423967802,17.428728103637695,22.610745012111824,0.22802506034688766,0.023188435114347018
transformer,STORE0010,SKU0070,14,1503.0,1.0,0.2175957482414728,0.24660747549464787,23.360457829066686,27.300910202370492,0.23342821683035378,-0.07815739066300992
transformer,STORE0010,SKU0073,14,138.0,1.0,0.21110982480256454,0.2429146775131234,2.080939701625279,2.5221879178459323,0.2153998814461425,0.01590568431909531
transformer,STORE0010,SKU0074,14,952.0,1.0,0.25358019355966266,0.41162813006303783,17.243453162057058,23.51068884522765,0.28603835114710335,0.07518275845952395
transformer,STORE0010,SKU0075,14,475.0,1.0,0.24198654174804687,0.3211217114244259,8.210257666451591,10.856583639293389,0.24735888427813008,0.08114868967156663
transformer,STORE0010,SKU0076,14,354.0,1.0,0.45686189468297583,1.8827256757629924,11.552079336983818,14.986458458847741,0.46389450021380174,0.23302709719555526
transformer,STORE0010,SKU0077,14,817.0,1.0,0.23588661931573687,0.3052771032476058,13.76566914149693,17.763388727697336,0.24607865560293823,0.0788623431613133
transformer,STORE0010,SKU0078,14,444.0,1.0,0.3107527397774361,0.38893342811207104,9.855301175798688,12.010271857204945,0.3252239205712823,-0.053210473275399406
transformer,STORE0010,SKU0079,14,989.0,1.0,0.36295352546221327,0.5051344248166135,25.640074048723495,28.222448572714548,0.3672944353748733,0.12846435454303987
transformer,STORE0010,SKU0080,14,1122.0,0.9285714285714286,0.2431019733721347,0.1722213840186377,19.482886723109655,28.557287600166973,0.30566143929765344,-0.011507799281155999
transformer,STORE0010,SKU0081,14,1047.0,1.0,0.1917386678934325,0.19135206816401742,14.339313234601702,17.640344885116296,0.19957021385877588,-0.07720272133434627
transformer,STORE0010,SKU0083,14,1272.0,1.0,0.24867343302792724,1.0919770973064282,22.59375762939453,29.81618455656813,0.3033653207568001,0.0004657649394101317
transformer,STORE0010,SKU0084,14,331.0,0.9285714285714286,0.26801346724126995,0.23449211188282307,6.336604118347168,8.849871162598886,0.33608284409352457,0.09972815499204887
transformer,STORE0010,SKU0085,14,1155.0,1.0,0.25729670669093274,1.0447869400254859,21.226978302001953,27.584658476030327,0.3453496635164622,-0.013665791300984172
transformer,STORE0010,SKU0086,14,146.0,1.0,0.19537996265986193,0.21786209920025082,2.0375338963099887,2.356886639927126,0.19715165262022394,0.05550368844646298
transformer,STORE0010,SKU0087,14,348.0,1.0,0.3341506760695886,0.42478568571662495,8.306031090872631,10.045806580297874,0.31639078691847283,0.25347536459736447
transformer,STORE0010,SKU0088,14,348.0,1.0,0.257273959017348,0.3883846416627201,6.395095552716937,8.208205173818572,0.27197101037329213,0.030745385707109815
transformer,STORE0010,SKU0089,14,507.0,1.0,0.3503776113897621,1.4657775411999154,12.688674926757812,18.813538765076554,0.41179628958342446,0.22376147388706547
transformer,STORE0010,SKU0090,14,267.0,1.0,0.1486202482873581,0.15962872348868287,2.8344004494803294,3.4323109270388117,0.14506143756734696,0.09914642505431444
transformer,STORE0010,SKU0092,14,1253.0,1.0,0.34101869502451926,0.5770432549005307,30.521173204694474,37.454272807566234,0.36797098968680725,0.012205344624074098
transformer,STORE0010,SKU0094,14,835.0,1.0,0.30935270572136975,0.6002841537466308,18.450679234095983,27.207683862175347,0.33220072229756925,-0.07933367883373879
transformer,STORE0010,SKU0095,14,461.0,1.0,0.19319039466841362,0.288986678525947,6.361483710152762,8.730020952690055,0.21691318206359142,-0.07085790241100781
transformer,STORE0010,SKU0096,14,1170.0,1.0,0.2533660236586872,0.443833324438988,21.17416054861886,26.521529095966144,0.2803003413115982,0.07517178527310367
transformer,STORE0010,SKU0097,14,883.0,1.0,0.349342886210838,0.7871957995278357,22.033554894583567,25.86451983589479,0.4042117937749407,0.04781878548057271
transformer,STORE0010,SKU0098,14,456.0,1.0,0.510068650831256,1.8722652610473733,16.613664627075195,20.34283944701515,0.5920880224398146,0.212031038183915
transformer,STORE0010,SKU0099,14,1273.0,1.0,0.28435658397210084,0.4333731282550373,25.85613795689174,30.364069006837692,0.2988680667686805,0.16236744391478053
transformer,STORE0010,SKU0100,14,1076.0,1.0,0.4141903349014906,0.7004664313820577,31.833485739571707,38.37523275824387,0.45083603801791483,0.008804909801837693
transformer,STORE0010,SKU0101,14,214.0,1.0,0.2456729389796747,0.2618494299922186,3.7552863529750278,4.184269759873334,0.22676515487766577,0.20712064582610798
transformer,STORE0010,SKU0102,14,1666.0,1.0,0.2045119744675214,0.20859495586652482,24.336924961635045,35.30076568430928,0.18479881863297482,0.029143453646106862
transformer,STORE0011,SKU0001,14,1706.0,1.0,0.27974053815548755,0.42013196007548154,34.088382720947266,39.28076937374034,0.32083934067991215,0.037832302616741025
transformer,STORE0011,SKU0002,14,963.0,1.0,0.3133804384669287,0.44092682132301125,21.556097303118026,26.658630216148442,0.3129926899934955,0.17310049625448226
transformer,STORE0011,SKU0003,14,339.0,1.0,0.21065481855454346,0.2805614247550917,5.100855963570731,6.9818104029636565,0.21847890659161465,0.1190356364292381
transformer,STORE0011,SKU0004,14,1501.0,1.0,0.1493956777431582,0.1527287484910558,16.017350878034318,21.028820938662445,0.15046706155371978,-0.021795878959925172
transformer,STORE0011,SKU0005,14,1749.0,1.0,0.1842042804105136,0.17924886434743897,23.01237760271345,34.404989075351146,0.18678789848405972,-0.10678791986185186
transformer,STORE0011,SKU0006,14,1683.0,1.0,0.3525522269454657,3.045831908808854,42.38181413922991,50.95937238683986,0.43044570358656087,0.2021455906433359
transformer,STORE0011,SKU0007,14,501.0,1.0,0.18042202719195397,0.2037564482081668,6.4565311159406376,10.688247045246575,0.18218462216167128,-0.02831979092961537
transformer,STORE0011,SKU0009,14,904.0,1.0,0.20098564688083345,0.36318725906872185,12.977930341448102,19.3896398566458,0.22780057775218146,0.14917174482767562
transformer,STORE0011,SKU0012,14,988.0,1.0,0.2695762194119967,0.35208871671850145,19.02437891278948,26.06161517736791,0.28391376947562735,0.07188371897709026
transformer,STORE0011,SKU0014,14,814.0,1.0,0.25522404045086233,0.30086733223664097,14.839454923357282,16.372693930768936,0.25678051362324095,0.14487777353797554
transformer,STORE0011,SKU0015,14,141.0,1.0,0.5242941024455618,1.5230082957224784,5.28039060320173,6.415573576877365,0.5124143334962808,0.5141352119175255
transformer,STORE0011,SKU0017,14,1642.0,1.0,0.25957188391366043,0.3279805252910017,30.444073813302175,36.64163088047109,0.26915472442461014,0.09366758674129061
transformer,STORE0011,SKU0018,14,1152.0,1.0,0.2846121059523689,0.415435331793465,23.419510432652068,32.43134249686544,0.2757009766257638,0.23452901177936136
transformer,STORE0011,SKU0019,14,287.0,1.0,0.2551467975257581,0.4996808948394375,5.230509349278042,7.186600311610662,0.309413240243597,0.24390364856254765
transformer,STORE0011,SKU0020,14,659.0,1.0,0.3764975089042791,0.9806715062902044,17.722275597708567,23.565875849490713,0.40395338494459665,0.18186437233445857
transformer,STORE0011,SKU0021,14,795.0,0.9285714285714286,0.3530418443979707,0.3000202012233181,20.047733306884766,25.708343065003184,0.38180820224664774,0.21652007672771717
transformer,STORE0011,SKU0022,14,1660.0,1.0,0.255449465096715,0.26243122194324425,30.289008004324778,33.383018424793995,0.25820166820081064,-0.04500265466161523
transformer,STORE0011,SKU0023,14,964.0,1.0,0.5619598404500494,1.2166915960899884,38.69494901384626,51.19284530017184,0.5165320009575802,0.39463952567072824
transformer,STORE0011,SKU0024,14,794.0,1.0,0.3869349337945357,0.7838383083782959,21.944738388061523,26.438666320200685,0.4072085871884242,0.17922866494589548
transformer,STORE0011,SKU0025,14,459.0,1.0,0.3294992550785505,1.4932301158810053,10.802868434361049,13.826584269728698,0.37100614835727613,0.20483275436368129
transformer,STORE0011,SKU0026,14,1462.0,1.0,0.4363953189875946,1.216082789490279,45.572139739990234,54.337668987231126,0.44111038718630236,0.2616697120927427
transformer,STORE0011,SKU0027,14,2117.0,1.0,0.3043389047830804,1.1389248367124163,46.02039010184152,73.6330496551567,0.32484525656672253,0.20073040082424273
transformer,STORE0011,SKU0028,14,2051.0,1.0,0.2820870312523807,0.42595233756984585,41.325750078473774,52.97251632120765,0.30551549941463724,0.046102307122954475
transformer,STORE0011,SKU0029,14,540.0,1.0,0.31224830062301073,0.5954775982560233,12.043863024030413,17.742511406814916,0.3137067778408133,0.11450203789605035
transformer,STORE0011,SKU0030,14,741.0,1.0,0.2885936937834087,0.4853902405726546,15.27485193525042,19.290488909285187,0.3144762741889204,0.0821078373835637
transformer,STORE0011,SKU0031,14,1024.0,1.0,0.2754465714097023,0.3180031224355746,20.146949223109655,26.428941805826383,0.26048969424916674,0.09951827675104141
transformer,STORE0011,SKU0033,14,1477.0,1.0,0.40756713206007744,1.415674659156765,42.99833243233817,51.77717042638597,0.41318600610865935,0.27303036823414756
transformer,STORE0011,SKU0034,14,2864.0,1.0,0.2187018207997583,0.32738810423926573,44.74014391217913,56.798802957221945,0.24895265575916406,0.12897908620994183
transformer,STORE0011,SKU0035,14,2625.0,1.0,0.4351055617559524,0.9566307829666136,81.58229282924107,96.37341531839395,0.4705539619711311,0.21084727260044642
transformer,STORE0011,SKU0036,14,745.0,1.0,0.21906593885997797,0.31968965746311034,11.657437460763115,16.442410211192595,0.22978853698375112,0.17288221320849936
transformer,STORE0011,SKU0037,14,1945.0,1.0,0.24482895721200193,0.3229369990747791,34.01373726981027,43.66341944606661,0.26605115505779964,-0.04924906360459511
transformer,STORE0011,SKU0038,14,1762.0,1.0,0.25494105483021556,0.3113802955448551,32.086152757917134,37.2351363381192,0.274948449699886,-0.04143266537132654
transformer,STORE0011,SKU0039,14,264.0,1.0,0.4497502428112608,2.1734997280160413,8.481004578726631,10.621868496092777,0.4850287036799757,0.31385491833542334
transformer,STORE0011,SKU0040,14,548.0,1.0,0.18092311385774268,0.20003301071398902,7.081847599574499,8.949131254470844,0.18718204985188144,0.009666602977000885
transformer,STORE0011,SKU0041,14,1678.0,1.0,0.290893404645772,0.5839932592153948,34.86565235682896,43.90238669130736,0.3405460130253669,0.05162291589311819
transformer,STORE0011,SKU0043,14,803.0,1.0,0.37700242628047653,1.0185723307704644,21.623782021658762,28.377785369107727,0.4212438960423873,0.21454720123024984
transformer,STORE0011,SKU0044,14,1262.0,1.0,0.31396240742195236,0.7417348111181633,28.301468440464564,38.06151938645544,0.3306545767767077,0.1733608517896166
transformer,STORE0011,SKU0046,14,1787.0,1.0,0.18966961707492477,0.25678459829203854,24.20997183663504,31.082831287110377,0.209240725472897,-0.013467712914670204
transformer,STORE0011,SKU0047,14,1260.0,1.0,0.20865911453489272,0.2324443683750143,18.779320308140345,22.26384836933363,0.2167284779405785,-0.007751216585673972
transformer,STORE0011,SKU0048,14,1120.0,1.0,0.3303652695247105,1.2586410611915857,26.429221561976842,33.428357388947184,0.41434926445412834,0.1611077513013567
transformer,STORE0011,SKU0050,14,248.0,1.0,0.35311905030281315,1.014341787674251,6.255251748221261,8.0361721916128,0.3581666075803591,0.30077355907809356
transformer,STORE0011,SKU0051,14,1127.0,1.0,0.2926592822612231,0.3801766609093427,23.55907222202846,27.79906630715355,0.30884848104341955,0.054961968652950284
transformer,STORE0011,SKU0052,14,860.0,1.0,0.26551660493362783,0.4437249192905493,16.310305731637136,23.61715513875759,0.2815553379027913,0.058804849136707395
transformer,STORE0011,SKU0053,14,465.0,1.0,0.3217750959498908,1.5501980944420999,10.687529972621373,14.488315567658077,0.364662123035348,0.16073291737546203
transformer,STORE0011,SKU0054,14,1640.0,1.0,0.20201623963146675,0.23164487101294967,23.664759499686106,28.200256230985083,0.21259931665870033,-0.0036616022993878534
transformer,STORE0011,SKU0055,14,192.0,0.8571428571428571,0.4892660578091939,0.761856212227146,6.7099345070975165,9.10582694100736,0.5658616931433993,0.3517868717511495
transformer,STORE0011,SKU0056,14,400.0,1.0,0.2637333297729492,0.5371880270914999,7.535237993512835,9.461278707291632,0.32385338280574816,0.13218046188354493
transformer,STORE0011,SKU0058,14,1296.0,1.0,0.378892692518823,0.7997858092424426,35.07463782174248,41.92981585032768,0.4007570741733985,0.14142437334413885
transformer,STORE0011,SKU0059,14,425.0,1.0,0.20574217852424173,0.31497109886482394,6.245744705200195,9.18937889118164,0.2147556125036027,0.021178938921760117
transformer,STORE0011,SKU0061,14,1435.0,1.0,0.2626382329322735,0.3817936107483262,26.920418875558035,34.68869061219052,0.2757741458958825,0.09075175959889484
transformer,STORE0011,SKU0062,14,249.0,1.0,0.38526429325701245,0.7247536458909837,6.852200644356864,8.487972520020252,0.3949055860448065,0.29040536535791606
transformer,STORE0011,SKU0064,14,1470.0,1.0,0.2400764205828816,0.27645600319988833,25.208024161202566,29.65784996473527,0.24773031210130564,0.04635138479219815
transformer,STORE0011,SKU0065,14,1013.0,1.0,0.261573851755788,0.3477967020559526,18.92673655918666,28.156521565768724,0.2636575904254565,0.1381619407299829
transformer,STORE0011,SKU0066,14,486.0,1.0,0.2444371352961034,0.28801745529083894,8.485460553850446,10.718775401121299,0.2385932511416183,0.10153279873569314
transformer,STORE0011,SKU0067,14,553.0,1.0,0.3544882279408129,0.698397820072508,14.00228500366211,17.671592401972582,0.3812941738686514,0.16473115503680213
transformer,STORE0011,SKU0068,14,657.0,1.0,0.18970491243824017,0.20985158419503652,8.902580533708843,11.068701917017904,0.19453345611703335,0.01746843938958155
transformer,STORE0011,SKU0069,14,1593.0,1.0,0.16479654066680888,0.18191878210882736,18.75149209158761,23.693635505546272,0.17132565518585788,0.00922095423888205
transformer,STORE0011,SKU0070,14,1494.0,1.0,0.28684704945269357,0.6761935749437408,30.61067799159459,38.64671730624218,0.31438639436715793,0.11281333933553224
transformer,STORE0011,SKU0071,14,524.0,1.0,0.21913766496964082,0.25733473253620087,8.202009746006556,9.657223821585482,0.22736682056109062,0.019939036769721356
transformer,STORE0011,SKU0072,14,561.0,1.0,0.30122214332621366,0.4417264342612341,12.07040160042899,14.772546124706219,0.3121080479486714,0.12667602566261768
transformer,STORE0011,SKU0073,14,184.0,0.9285714285714286,0.25451092098070227,0.1741207905158619,3.345000675746373,4.664893824253633,0.31818084836527405,-0.026624347852624
transformer,STORE0011,SKU0074,14,1107.0,1.0,0.2996445287964639,0.3819091184948947,23.693320955548966,27.01608568501348,0.31018187981022544,0.1003024610400523
transformer,STORE0011,SKU0077,14,1037.0,1.0,0.2337147888360166,0.2742414894467877,17.311588287353516,23.480499607372725,0.23432901252313368,-0.0010842053846545022
transformer,STORE0011,SKU0078,14,447.0,1.0,0.19121769984029816,0.22323935612742724,6.105307987758091,7.097608690840787,0.19369120554868563,0.12192639515170582
transformer,STORE0011,SKU0079,14,1376.0,1.0,0.2918600814287053,0.3427150821224449,28.68567657470703,31.795726599819606,0.31094832276582796,-0.04993952152340912
transformer,STORE0011,SKU0082,14,908.0,1.0,0.31676215957439946,0.4427315588855811,20.544288635253906,24.89601407570555,0.3430352841752325,0.01712831841691476
transformer,STORE0011,SKU0083,14,1365.0,1.0,0.33160013052133414,0.6463020041404496,32.33101272583008,36.47616150725656,0.3621565157532687,0.1025173704266111
transformer,STORE0011,SKU0085,14,1342.0,1.0,0.29006424746108306,0.5624793052039395,27.804730006626674,32.880151105172686,0.3309368275662758,0.017013390622089234
transformer,STORE0011,SKU0086,14,173.0,1.0,0.23363009767036216,0.2883753403448757,2.887000492640904,3.5531375189990277,0.23397553741641536,0.13542029761165558
transformer,STORE0011,SKU0087,14,463.0,1.0,0.19328738185808417,0.273278492022745,6.3922898428780695,8.93094833249804,0.20518744902193767,0.1551350208389579
transformer,STORE0011,SKU0088,14,400.0,1.0,0.20424538612365722,0.21007562272260336,5.835582460675921,7.933672692554456,0.19657183285082544,0.026986665725708008
transformer,STORE0011,SKU0089,14,668.0,1.0,0.2760060761503117,0.4222497906837565,13.169432776314872,18.241052361381463,0.29033639714373777,0.04501753367349774
transformer,STORE0011,SKU0090,14,347.0,1.0,0.17357936166548935,0.20929701834641687,4.302288464137486,5.703616221318968,0.17795911671635256,-0.0015180241477592432
transformer,STORE0011,SKU0094,14,891.0,1.0,0.2901776674486839,0.3709954823807934,18.467735835484095,23.35959499378107,0.29472650226963604,0.0718818347729684
transformer,STORE0011,SKU0095,14,484.0,1.0,0.28510587865656073,0.3580781115267106,9.856517519269671,11.73593551778795,0.29559466281619473,0.01723818345503372
transformer,STORE0011,SKU0096,14,1533.0,1.0,0.2585511030282993,0.8968962797442291,28.31134578159877,35.99667079456786,0.32126650803368556,-0.07195902586138798
transformer,STORE0011,SKU0097,14,1139.0,1.0,0.29415351660027644,0.4064890530698433,23.93148967197963,28.915532369676612,0.32825243553312966,-0.038446046261540426
transformer,STORE0011,SKU0098,14,576.0,1.0,0.4566563169161479,1.8985679358577614,18.78814561026437,23.51207034028081,0.48090790407030987,0.1476377314991421
transformer,STORE0011,SKU0100,14,1173.0,1.0,0.38785323381220693,0.5109068651410683,32.49656023297991,36.941861826370456,0.38838309555849726,0.13266013325124548
transformer,STORE0011,SKU0101,14,290.0,1.0,0.21924170132341056,0.25632077154828126,4.541435241699219,5.3665009757041044,0.23056033435606307,0.049908197337183456
transformer,STORE0012,SKU0001,14,1615.0,1.0,0.2968253546085889,0.6818840789900528,34.24092483520508,42.01261164291861,0.35584472751727503,-0.07049162306652719
transformer,STORE0012,SKU0002,14,1021.0,1.0,0.20417655623507897,0.19795590327774162,14.890304565429688,20.421535948878173,0.2135917083855904,-0.14019767170905134
transformer,STORE0012,SKU0004,14,1315.0,1.0,0.2261913343074204,0.31923277919384485,21.245828901018417,27.73124883838037,0.2425610687326532,-0.047549020745455084
transformer,STORE0012,SKU0005,14,1255.0,1.0,0.3405517152581082,0.48350684132319127,30.528028760637557,36.42497058807851,0.35393112030251783,0.06863593599235869
transformer,STORE0012,SKU0006,14,1388.0,1.0,0.24067849590730256,0.3859002737969064,23.861553737095424,33.03478099836432,0.25913233863340085,0.17226991461058516
transformer,STORE0012,SKU0007,14,380.0,1.0,0.21599389628360147,0.2467896025162825,5.862691470554897,7.779052429361121,0.21081698103412086,0.0805418566653603
transformer,STORE0012,SKU0008,14,336.0,1.0,0.2948790618351528,0.4094183517208935,7.077097484043667,8.239602735866029,0.308882245729841,0.08640398297991071
transformer,STORE0012,SKU0009,14,708.0,1.0,0.25876322169761873,1.5705589032096732,13.086025782993861,19.853815029365112,0.33016469081230504,0.1487043132889742
transformer,STORE0012,SKU0010,14,552.0,1.0,0.22595064881919086,0.2376796855269332,8.908911296299525,10.831795980583886,0.2297840687638861,-0.036091479702272264
transformer,STORE0012,SKU0013,14,1554.0,1.0,0.34998469309763863,3.1040424563563533,38.84830093383789,45.224455993200614,0.4505703681378885,-0.022480246643302063
transformer,STORE0012,SKU0014,14,766.0,1.0,0.2916565090806926,0.36097550899184094,15.957777568272181,17.925052465425487,0.30351578569264726,0.009399040560809502
transformer,STORE0012,SKU0015,14,171.0,1.0,0.16649081135353846,0.1842289564356716,2.033566338675363,2.7099524940338244,0.17118553446896725,-0.018985569825646482
transformer,STORE0012,SKU0016,14,394.0,1.0,0.29823730197654763,0.8594521831259954,8.393249784197126,10.629164193760031,0.3451369701697732,0.012560781488563827
transformer,STORE0012,SKU0017,14,1482.0,1.0,0.2606031904336412,0.45130230036066077,27.58670915876116,33.993823178793726,0.294215916880229,0.019325637302578854
transformer,STORE0012,SKU0018,14,1143.0,1.0,0.2584124587652252,0.38785515522579067,21.097531454903738,24.110566181681126,0.2833400997576917,0.02111655541500917
transformer,STORE0012,SKU0019,14,256.0,1.0,0.2655254751443863,0.33561997093662876,4.855322974068778,5.382062734275698,0.279090898376978,0.11787588894367218
transformer,STORE0012,SKU0020,14,770.0,1.0,0.30133967709231685,0.34215091232444506,16.573682240077428,21.085082421553558,0.3143995329481881,-0.12390989328359629
transformer,STORE0012,SKU0022,14,1162.0,1.0,0.34484216555465724,0.6202718601798242,28.62189974103655,35.88664970978018,0.3765853883959444,0.09795644238155189
transformer,STORE0012,SKU0023,14,986.0,1.0,0.22195518137717102,0.22510133896459167,15.631986345563616,21.229015300547136,0.1951676712390526,0.16065530215992646
transformer,STORE0012,SKU0025,14,456.0,1.0,0.206450060794228,0.21271029802662808,6.724373408726284,7.581457648851412,0.20152792701373357,0.021682990224737877
transformer,STORE0012,SKU0026,14,1485.0,1.0,0.22833556101378366,0.3308436885372033,24.219879150390625,29.347341344632536,0.25772289506936574,-0.050328593141703494
transformer,STORE0012,SKU0027,14,2358.0,1.0,0.23686417247199526,0.22893593213266392,39.89469419206892,54.82337229687233,0.23328174742869096,-0.10557100265282914
transformer,STORE0012,SKU0028,14,1723.0,1.0,0.28515008183599416,0.2902337060100274,35.09382792881557,43.689525133502464,0.2735316908411209,0.026740186517486324
transformer,STORE0012,SKU0029,14,423.0,1.0,0.297946091239334,0.4200871633646924,9.002228328159877,11.14582378203437,0.29909975093732427,0.23732207458351803
transformer,STORE0012,SKU0030,14,750.0,1.0,0.2359172821044922,0.25081687350894455,12.638425827026367,17.016389772564818,0.24074790942853527,-0.07725563049316404
transformer,STORE0012,SKU0032,14,1098.0,1.0,0.18539998483570982,0.1935647601057628,14.540655953543526,17.436865374206686,0.1871863527412803,-0.02212985790926685
transformer,STORE0012,SKU0033,14,1467.0,1.0,0.1325936606731558,0.13909215360356358,13.893921443394257,18.134254884829268,0.13266846991395956,0.03336954149325527
transformer,STORE0012,SKU0034,14,2784.0,1.0,0.21889982004275269,0.19606151767998953,43.52979278564453,68.13577178057002,0.20643144849312942,-0.15060557990238585
transformer,STORE0012,SKU0035,14,2425.0,1.0,0.22026997045143362,0.23797923489168632,38.1539055960519,45.192541303577975,0.2116268886058281,0.09243247749879188
transformer,STORE0012,SKU0036,14,655.0,1.0,0.2336188163466126,0.2682451685191583,10.930023193359375,14.063370577560237,0.22386094495579853,0.09751200202767175
transformer,STORE0012,SKU0037,14,1387.0,1.0,0.30520180480120934,0.6198686771666667,30.236778804234095,40.80339745216814,0.33155240807343855,0.11754879886156892
transformer,STORE0012,SKU0038,14,1419.0,1.0,0.20325061886809592,0.25146754002199107,20.600902012416295,24.241340520001472,0.22512000684049033,-0.0360754764441288
transformer,STORE0012,SKU0039,14,229.0,1.0,0.3327068178934821,0.49141589218234705,5.442132949829101,7.2091271815748605,0.32499886967652364,0.1944776809892279
transformer,STORE0012,SKU0043,14,719.0,1.0,0.3861064247693737,0.41305657843733684,19.829322814941406,23.114466493879398,0.35407201150948053,0.11695507405033032
transformer,STORE0012,SKU0044,14,1271.0,1.0,0.14744101463575987,0.13861122443613824,13.385537828717913,17.991353044601265,0.1455166904367712,-0.07906713718321264
transformer,STORE0012,SKU0046,14,1369.0,1.0,0.2423959123208803,0.319826375521104,23.702857426234655,27.944157333256495,0.252545943902014,0.11087737769606869
transformer,STORE0012,SKU0047,14,1060.0,1.0,0.3198334675914836,0.8586262299010531,24.21596254621233,31.98736013458566,0.34700132665022554,0.005725435940724499
transformer,STORE0012,SKU0048,14,1115.0,1.0,0.17997501185122092,0.21169144631305384,14.33372415815081,19.864027581031966,0.18953640493930315,-0.06670102859291795
transformer,STORE0012,SKU0050,14,260.0,1.0,0.22697821397047777,0.2491605255666234,4.215309688023159,5.467171677896879,0.22453752110698624,0.028303615863506597
transformer,STORE0012,SKU0052,14,731.0,1.0,0.27091819251774113,0.3191546634467389,14.145799909319196,16.647065947183304,0.2656863567661531,0.10628731828055532
transformer,STORE0012,SKU0053,14,428.0,1.0,0.37810868860405183,0.4943694892680229,11.559322765895299,12.724014782763064,0.3818798340600655,0.08586416957534364
transformer,STORE0012,SKU0054,14,1213.0,1.0,0.3347978080881595,0.3798272064823426,29.007838657924108,37.38116573290983,0.3112132963164748,0.1008953147944791
transformer,STORE0012,SKU0055,14,187.0,1.0,0.2525984004219586,0.309671610827723,3.373992919921875,4.173259838727386,0.25693718881713934,0.0656308260830966
transformer,STORE0012,SKU0056,14,336.0,1.0,0.24433648018609905,0.8940004847930904,5.864075524466378,7.557541744692388,0.30638986007502006,0.1311395395369757
transformer,STORE0012,SKU0057,14,1032.0,1.0,0.29650549186292546,0.33203278899898564,21.856690543038503,24.718260051363657,0.2836087278567592,0.11436690101327823
transformer,STORE0012,SKU0058,14,1174.0,1.0,0.2753313834663144,0.5092522457280483,23.08850315638951,28.90375020245262,0.3062837249097727,0.04051464542213452
transformer,STORE0012,SKU0059,14,346.0,1.0,0.2786411329500937,0.43821410062988153,6.886416571480887,8.673190514446818,0.2928057428336263,0.02412484009141869
transformer,STORE0012,SKU0060,14,689.0,1.0,0.32987443456109966,1.0942443393433956,16.234534672328405,22.298354679596066,0.37842695142462696,0.15865829755675118
transformer,STORE0012,SKU0061,14,1301.0,1.0,0.15737420682445294,0.16240409768182834,14.624560219900948,18.00460037934821,0.15772737242604434,-0.008546968499666723
transformer,STORE0012,SKU0062,14,192.0,1.0,0.4905892213185629,1.0394191784991735,6.72808074951172,7.682230202994826,0.46407671654048166,0.38572013378143316
transformer,STORE0012,SKU0064,14,1122.0,1.0,0.23113282691561177,0.6695954564619829,18.5236451285226,31.14698923338591,0.2692876200226612,0.14527257283528647
transformer,STORE0012,SKU0065,14,842.0,1.0,0.23974064353526064,3.9415697188738226,14.418687275477819,20.38226621110029,0.3050403097476579,0.17221268225735553
transformer,STORE0012,SKU0066,14,381.0,1.0,0.2880318258691022,0.5257899592673198,7.838580404009138,9.792635360031115,0.3159819293199662,0.1583484789830806
transformer,STORE0012,SKU0068,14,534.0,1.0,0.2915652985876419,0.3173797520795702,11.121133531842913,15.348377869259478,0.26564518352587213,0.04388016261411517
transformer,STORE0012,SKU0070,14,1370.0,1.0,0.28600174284329377,0.3196047805983521,27.98731340680803,31.177394730279445,0.29236408544911335,-0.005692920545591915
transformer,STORE0012,SKU0071,14,404.0,1.0,0.25229192488264335,0.2837493679837564,7.280424118041993,8.196267392251357,0.2509742321018554,0.056124252848105856
transformer,STORE0012,SKU0072,14,546.0,1.0,0.2756828860048846,0.3568879425697795,10.751632554190499,12.519682294200198,0.30759307950669906,-0.09371436471904152
transformer,STORE0012,SKU0074,14,1015.0,1.0,0.24627865570519358,0.36711920297508505,17.855202538626536,21.063933560824108,0.2836148030855378,0.007425824996873125
transformer,STORE0012,SKU0075,14,499.0,1.0,0.16259735810732795,0.17921384811401414,5.795434406825474,7.546028374015203,0.17202339921263313,-0.038108558119657285
transformer,STORE0012,SKU0076,14,375.0,1.0,0.33590472920735676,1.4399868487792038,8.997448103768486,12.072170970095156,0.34333434577269245,0.1387743174235026
transformer,STORE0012,SKU0077,14,784.0,1.0,0.2926822827786815,0.44998224931608,16.390207835606166,23.030096320278627,0.29911679818568615,0.13246708013573472
transformer,STORE0012,SKU0078,14,414.0,1.0,0.23693694239077362,0.26862185193917437,7.006563867841448,7.9935757262784,0.2405675940345206,0.02407703768227994
transformer,STORE0012,SKU0080,14,1230.0,1.0,0.24987863680211508,0.3006045319134353,21.95362309047154,26.714834953335707,0.2719520046856626,-0.09408205854214303
transformer,STORE0012,SKU0081,14,967.0,1.0,0.29110922907106385,0.4288168655624924,20.107330322265625,23.04486569881783,0.32082095171965286,0.0518167016424832
transformer,STORE0012,SKU0083,14,1138.0,1.0,0.3442523399849139,2.730471774542757,27.982797350202286,37.92619190571342,0.3986435597230214,0.08342167028014813
transformer,STORE0012,SKU0084,14,351.0,1.0,0.21125718467255944,0.2581417744299904,5.296519415719168,6.302987689175955,0.22544344273923558,0.012274152532941595
transformer,STORE0012,SKU0085,14,1133.0,1.0,0.16270181802343922,0.17318819574829925,13.16722570146833,18.997989721256925,0.16212191148569485,-0.012637108906327561
transformer,STORE0012,SKU0086,14,129.0,1.0,0.20874372378800266,0.2556310184227398,1.923424312046596,2.5823805796470616,0.20944577584461954,0.1361927949180899
transformer,STORE0012,SKU0088,14,320.0,0.9285714285714286,0.3137614369392395,0.22984439058200984,7.171689987182617,10.182843023626369,0.34956622061674747,0.0772568106651306
transformer,STORE0012,SKU0089,14,590.0,1.0,0.20613084566795226,0.20397437318927752,8.686942781720845,11.914074412047084,0.19968593772934953,-0.01662044848425911
transformer,STORE0012,SKU0091,14,223.0,1.0,0.4495943693836708,0.6532668973004876,7.161396026611328,8.713031067477468,0.43771079746798386,0.344037624752575
transformer,STORE0012,SKU0092,14,1293.0,1.0,0.28246216504774807,1.6649050598683324,26.087398529052734,35.28653325867847,0.33890499709847743,-0.04342777048628734
transformer,STORE0012,SKU0094,14,813.0,1.0,0.21136467101975706,0.2554256857485018,12.274248395647321,14.422047613125876,0.22271296761631937,-0.007610184973309694
transformer,STORE0012,SKU0095,14,442.0,1.0,0.2101136419028718,0.1945747906608827,6.633587837219238,9.144761486294213,0.20439076532503986,-0.09532848634331474
transformer,STORE0012,SKU0096,14,1219.0,1.0,0.28038787215923655,0.5193750682303137,24.413772583007812,35.99974250004397,0.29420927554883847,0.0029464358673220877
transformer,STORE0012,SKU0097,14,907.0,1.0,0.343123603156278,0.69120164924004,22.22950771876744,26.252258897226575,0.40110418039389467,-0.03573978932978957
transformer,STORE0012,SKU0098,14,579.0,1.0,0.1535014743837874,0.15286642320251634,6.348382404872349,7.69159751731406,0.15428632646975404,-0.02726180977566046
transformer,STORE0012,SKU0099,14,1401.0,1.0,0.24911923241734418,0.6708170353924103,24.929717472621373,32.26786820545696,0.30791376366814555,0.060504643769029386
transformer,STORE0012,SKU0100,14,1159.0,1.0,0.3204677144034964,0.7475550996069851,26.530148642403738,31.949959322829386,0.3678610105683576,-0.07680927503715825
transformer,STORE0012,SKU0101,14,250.0,1.0,0.2330980072021484,0.2339807499043396,4.162464414324079,5.631003549302746,0.22111709824669007,-0.02558418273925782
transformer,STORE0013,SKU0001,14,745.0,1.0,0.32822816067894034,0.45746513558995555,17.466427121843612,20.105360321881783,0.3474628555467092,0.1280735860734978
transformer,STORE0013,SKU0002,14,399.0,1.0,0.47545983259540453,1.0282221928200757,13.55060522896903,16.21484625550042,0.4748330486936588,0.24655130333768993
transformer,STORE0013,SKU0003,14,142.0,0.9285714285714286,0.4469398176166373,0.7890542232743025,4.533246721540179,6.320472549692617,0.4734647509480218,0.39217339099293025
transformer,STORE0013,SKU0006,14,938.0,1.0,0.3944292454831382,0.5663920437539447,26.426759447370255,32.12414937411483,0.4100072369304551,0.05066292931530265
transformer,STORE0013,SKU0008,14,179.0,1.0,0.2458323047147783,0.36459622944913,3.143141610281808,4.264651877008243,0.2506281070803856,0.16724544930058485
transformer,STORE0013,SKU0009,14,401.0,1.0,0.22754751476563717,0.258735770090221,6.517610958644322,8.063752622539553,0.2141835395421628,0.1705551099896134
transformer,STORE0013,SKU0013,14,796.0,1.0,0.3214542063037355,0.6618836169623113,18.27696772984096,22.71584308825918,0.35739556381673954,0.168002047131409
transformer,STORE0013,SKU0014,14,483.0,1.0,0.2380393089468188,0.2915682793934992,8.212356158665248,9.389940696026727,0.2592275056286451,-0.03176504336528897
transformer,STORE0013,SKU0015,14,98.0,1.0,0.26996795498594944,0.29455614544096453,1.8897756849016463,2.1500146210670636,0.254618220327752,0.15699203646912868
transformer,STORE0013,SKU0017,14,772.0,1.0,0.19562590801654084,0.8614678878649168,10.787371499197823,16.169287633648054,0.24450644775994657,0.1451836225282343
transformer,STORE0013,SKU0020,14,390.0,1.0,0.2678787084726187,0.27567872933467236,7.462335450308664,9.033067388855395,0.25654056668744313,0.03631052359556541
transformer,STORE0013,SKU0024,14,496.0,1.0,0.2314541224510439,0.2524516797828709,8.200088909694127,10.08029272855648,0.23752858651001652,-0.03731709526431176
transformer,STORE0013,SKU0025,14,206.0,1.0,0.5496826171875,0.9746566996138128,8.088187081473214,9.857946837696806,0.49036318345677105,0.48188648409056434
transformer,STORE0013,SKU0026,14,724.0,0.9285714285714286,0.35480959771087817,0.42359811120839513,18.348724910191127,26.718544120763422,0.39202999599480626,0.2541237088198161
transformer,STORE0013,SKU0027,14,1226.0,1.0,0.25109687792729785,0.2898298734595276,21.988912309919083,30.784396470633606,0.24021529897748858,0.05746387774170319
transformer,STORE0013,SKU0028,14,879.0,1.0,0.38587335406445533,6.606526578585579,24.22733415876116,32.39860648368399,0.4490829294496826,0.16418080335319787
transformer,STORE0013,SKU0031,14,543.0,1.0,0.2493520002558306,0.28829665563216705,9.671295438494,11.315634569949365,0.25394831565897485,0.023755862128888264
transformer,STORE0013,SKU0032,14,642.0,1.0,0.27382933239327784,0.38842243370158963,12.557030814034599,15.359013862134377,0.29817046681865905,-0.09323267476209599
transformer,STORE0013,SKU0034,14,1377.0,1.0,0.20595444157752077,0.22494674669311607,20.257090432303293,24.95971144911908,0.2026073722000659,0.0812888827632109
transformer,STORE0013,SKU0036,14,382.0,1.0,0.3266828397181646,0.7444491873120878,8.913774626595634,11.13253919233219,0.35295391866720616,0.15909267345648162
transformer,STORE0013,SKU0037,14,839.0,1.0,0.33804015749543725,0.49030917176899685,20.258263724190847,25.039244777117556,0.34022148659399687,0.17646832289940126
transformer,STORE0013,SKU0039,14,149.0,1.0,0.3135631996513213,0.39254198239025545,3.3372083391462053,3.7814838651172766,0.3079202095787816,0.22629173330012584
transformer,STORE0013,SKU0040,14,243.0,1.0,0.27313808551050506,0.40112043355401744,4.7408967699323386,6.839601939088503,0.26980213820849164,0.18454775398160206
transformer,STORE0013,SKU0041,14,779.0,1.0,0.29469694497496535,0.4473182288426831,16.39778000967843,21.453411080897244,0.30601004192949327,0.21029977957611673
transformer,STORE0013,SKU0049,14,298.0,1.0,0.35772416415630576,0.6472106391422218,7.6144143513270794,9.218139063464204,0.36112351232266343,0.31207342595862064
transformer,STORE0013,SKU0056,14,205.0,1.0,0.27416550240865567,0.30985139741660234,4.014566285269601,4.730849591443855,0.27577706240887245,0.08907250195014765
transformer,STORE0013,SKU0057,14,648.0,1.0,0.1914007575423629,0.221450591474365,8.859120777675084,10.610012904067549,0.19127701292198743,0.12563671889128508
transformer,STORE0013,SKU0061,14,679.0,1.0,0.2953467333966397,1.1380150296992275,14.324316569737025,21.799844485310757,0.35069126487409624,0.12116253253110905
transformer,STORE0013,SKU0063,14,400.0,1.0,0.37811779499053955,0.8499618964517551,10.803365571158272,14.068408279521782,0.3887520417613653,0.35501941204071047
transformer,STORE0013,SKU0065,14,548.0,1.0,0.20925860161328838,0.23080898692129992,8.190979548863002,10.620537676461714,0.21776721858106282,-0.03784361372898964
transformer,STORE0013,SKU0068,14,381.0,1.0,0.37006351140540417,0.423730446066097,10.0710141318185,13.113788645629592,0.3808586425629184,-0.12556036000489562
transformer,STORE0013,SKU0071,14,195.0,1.0,0.5441903530023037,0.9102439995414812,7.579794202532087,8.63681207678446,0.5178693516261126,0.3410039265950521
transformer,STORE0013,SKU0076,14,226.0,1.0,0.3550538763535761,0.7714195355212523,5.731584003993443,7.233094466060924,0.3881415284616766,0.1429020198045579
transformer,STORE0013,SKU0080,14,743.0,1.0,0.23433724835936182,0.2398669492800661,12.436612537928989,15.120902768313185,0.24327055122486416,-0.11546856044599857
transformer,STORE0013,SKU0084,14,191.0,1.0,0.29751405166705863,0.7647483365318127,4.0589417048863,5.6443645861575895,0.36804920579828826,0.1426985376168296
transformer,STORE0013,SKU0085,14,573.0,1.0,0.3342379824653346,0.44269774098820547,13.679883139474052,18.59795626292527,0.3234164178651598,0.1717058617823203
transformer,STORE0013,SKU0086,14,87.0,1.0,0.31490939787064476,0.4057282405645669,1.956936972481864,2.3504324068759805,0.3292296845759229,0.033212332889951506
transformer,STORE0013,SKU0087,14,267.0,1.0,0.281392872556765,0.32913565719681676,5.366564069475446,6.154197374704007,0.29088199247796986,0.005184016424171947
transformer,STORE0013,SKU0089,14,390.0,1.0,0.22068813030536358,0.21888579165487898,6.147740772792271,6.929495472510259,0.21898843083540137,-0.025506288577348796
transformer,STORE0013,SKU0090,14,173.0,1.0,0.22545881767493453,0.251079312881069,2.786026818411691,3.1167153370898815,0.2245821071195348,0.07842252433644556
transformer,STORE0013,SKU0096,14,753.0,1.0,0.17243893687943534,0.2018467401706358,9.27475139072963,10.767539039374382,0.18335540850300855,0.003830199222640725
transformer,STORE0013,SKU0097,14,535.0,1.0,0.20983121640214297,0.23116470448309115,8.018550055367607,9.281214549975466,0.2130395125294274,0.01988086878696336
transformer,STORE0013,SKU0099,14,747.0,1.0,0.30294301902433957,0.5791682589616868,16.164173943655832,19.993729566377667,0.3494639199238248,0.14321118601195146
transformer,STORE0013,SKU0102,14,928.0,1.0,0.18069499525530586,0.19636892603897632,11.977496828351702,13.722378606052466,0.18302161457182725,0.023078453951868534
tide,STORE0001,SKU0001,14,1457.0,1.0,0.36001034160178846,0.573170742160251,37.466790550986126,44.45018875262213,0.37563116374877586,0.1724834208867432
tide,STORE0001,SKU0002,14,954.0,1.0,0.2370389236658604,1.2800247603196664,16.152509512659346,22.47743887072317,0.2871690377381751,0.03560678567650449
tide,STORE0001,SKU0004,14,1418.0,1.0,0.2653563484398473,2.5743762702969035,26.87680729197882,35.65611689714677,0.3271478971648108,0.03809865950949736
tide,STORE0001,SKU0006,14,1888.0,1.0,0.2650834315583585,0.2923950412943465,35.748394198727205,46.792172692970944,0.25857789797075664,-0.002116722904723464
tide,STORE0001,SKU0007,14,376.0,1.0,0.28170942654867026,0.3943723473103738,7.565910313021429,9.0999251382877,0.30046349155692464,0.10764558758904653
tide,STORE0001,SKU0008,14,422.0,1.0,0.191225511947628,0.18402947032718278,5.764083288707072,7.220738143294117,0.18777852030307157,-0.06367536731240303
tide,STORE0001,SKU0010,14,595.0,1.0,0.24732260479150106,2.7871071135890118,10.511210703638795,14.934038280603104,0.29883016392206857,0.021182196984859954
tide,STORE0001,SKU0011,14,335.0,1.0,0.3252436305106906,0.4718465269008396,7.782615444362953,10.101049639322797,0.32948112680158287,0.14535819166102731
tide,STORE0001,SKU0012,14,998.0,1.0,0.22735789687287547,0.2655249824917029,16.207370077080693,23.90140770975739,0.22409164048429991,-0.05976530502388513
tide,STORE0001,SKU0014,14,909.0,1.0,0.2712521006230759,0.32682874012922625,17.61201139045543,21.59359233976137,0.27763224494857874,-0.0035458756166251953
tide,STORE0001,SKU0015,14,160.0,1.0,0.2549095611835144,0.4012837267158895,2.913252127811593,3.9028235605152712,0.2706619539509331,0.13033201628238228
tide,STORE0001,SKU0016,14,404.0,1.0,0.38916750240235165,0.7462410881519723,11.230262212182149,13.268253907079574,0.4507227826203709,0.05242142510798911
tide,STORE0001,SKU0017,14,1767.0,1.0,0.30570183400596324,0.3154330215272009,38.583938620609786,53.77976015749414,0.307950167986451,-0.14994747669026465
tide,STORE0001,SKU0018,14,1497.0,1.0,0.28711144992885324,0.26986935242836946,30.700417181678095,37.38131002968348,0.2888942144721636,-0.12833739162227445
tide,STORE0001,SKU0019,14,244.0,0.9285714285714286,0.5326371917128787,0.571143731546967,9.2831053412816,12.367096138563527,0.5233906397272575,0.2425055927229427
tide,STORE0001,SKU0020,14,665.0,1.0,0.4269841101939509,0.9447606861613874,20.281745234212668,23.91968367758083,0.4479627276781378,0.15308024166023057
tide,STORE0001,SKU0021,14,843.0,0.9285714285714286,0.3072558106008379,0.25813625921289307,18.50118916689331,25.259983388400318,0.36354430692771317,0.03288095538327738
tide,STORE0001,SKU0023,14,1189.0,1.0,0.2370278440792258,0.343738333205493,20.130436186442818,28.94211628951327,0.24685316426450551,0.022601006924192136
tide,STORE0001,SKU0024,14,665.0,1.0,0.43609211453576774,1.7879579903876426,20.71437544044897,26.03551950031093,0.47814818318722363,0.2497348505363793
tide,STORE0001,SKU0026,14,1585.0,1.0,0.3558439829381651,0.5646860386403619,40.286622354070836,47.30640774301511,0.385097054298773,0.0754197042192874
tide,STORE0001,SKU0027,14,2752.0,1.0,0.26711302010029886,0.2846679835880472,52.50678795114446,67.5178985492764,0.2801628181332297,-0.1730376406881927
tide,STORE0001,SKU0029,14,595.0,1.0,0.20041663858579128,0.2375880938166869,8.51770713989613,10.476253936025465,0.21337422404782025,0.012957083844332792
tide,STORE0001,SKU0030,14,738.0,1.0,0.19590219696678463,0.21493915768507232,10.32684438296336,12.048538904698752,0.18872153245543327,0.13500469670476647
tide,STORE0001,SKU0031,14,947.0,1.0,0.29699379696743083,0.7451671792806567,20.089508980582643,26.146902644367334,0.3266960190083153,0.02230845347189731
tide,STORE0001,SKU0033,14,1816.0,1.0,0.13155641651268224,0.11299632031850626,17.06474659907364,26.009355058138183,0.12101167834401659,-0.07509767298652599
tide,STORE0001,SKU0035,14,3090.0,1.0,0.3622011251076944,0.6803472584572247,79.94296261305541,105.01818200507104,0.39900610159940564,-0.11589911442994748
tide,STORE0001,SKU0036,14,751.0,1.0,0.22496474884100656,0.24062888200795193,12.067751884256852,13.99691368502336,0.23371527799050743,-0.0026544005099503588
tide,STORE0001,SKU0037,14,1531.0,1.0,0.336242971272942,0.5585549670975258,36.7705706442053,46.68913852687621,0.35208189564317444,0.11091602934744954
tide,STORE0001,SKU0038,14,1504.0,1.0,0.22106516717488553,0.34997521709356716,23.748715102216273,30.77257153185682,0.24994547877929693,0.049431778183434784
tide,STORE0001,SKU0039,14,303.0,1.0,0.21659035548471717,0.21613656442611306,4.687634122276378,5.843525853338622,0.2185642262892641,-0.06968184786751623
tide,STORE0001,SKU0040,14,430.0,1.0,0.30386457398371175,0.3877144924296649,9.332983343785433,11.087605131553584,0.2973715400785144,0.2601025394219578
tide,STORE0001,SKU0041,14,1714.0,1.0,0.29187005584098125,0.45253165548450697,35.73323397938871,43.36497070106014,0.32976451870981166,0.041871931705337186
tide,STORE0001,SKU0042,14,244.0,1.0,0.29672640480520623,0.37588712557514675,5.171517340890738,6.115481170647631,0.30114789858189484,0.0839540400838066
tide,STORE0001,SKU0043,14,718.0,1.0,0.3866482412718413,0.46728109026029724,19.829531230941573,30.33938110942442,0.3134604147115729,0.2611402808643652
tide,STORE0001,SKU0045,14,1258.0,1.0,0.2503836205009091,0.3023961123946655,22.498756756438834,29.826842712974834,0.2549307950940315,0.024220112495275392
tide,STORE0001,SKU0046,14,1677.0,1.0,0.20956645272285568,0.2969602570149517,25.10306722973064,29.383289867708868,0.23019853428270692,-0.0002881587554909894
tide,STORE0001,SKU0047,14,1257.0,1.0,0.21899879940599096,0.21497466490352785,19.66296363238076,24.889981640650692,0.2164754225140678,-0.06928241658093781
tide,STORE0001,SKU0048,14,1153.0,1.0,0.28522464707275047,1.1864486767111195,23.490287005348666,33.48974932682679,0.3088135219503701,0.12109231571152153
tide,STORE0001,SKU0049,14,707.0,1.0,0.3143608805503314,0.8019262393706558,15.875224467791737,20.541766667069904,0.3669213479073456,0.02867490955375155
tide,STORE0001,SKU0050,14,267.0,1.0,0.21723818298536943,0.2270727324291657,4.1430424897924025,5.18799581544436,0.21617471760087748,-0.03425885233778731
tide,STORE0001,SKU0051,14,924.0,1.0,0.3492495727845126,0.9686836788325621,23.050471803777832,27.470888704713875,0.3801142325314402,0.1340021062937606
tide,STORE0001,SKU0053,14,476.0,1.0,0.24525163004753478,0.24072185112261366,8.338555421616183,10.795502271790868,0.2361624436203016,-0.017286148625433036
tide,STORE0001,SKU0054,14,1489.0,1.0,0.22193811963072452,0.24304245420197707,23.60470429501063,28.4333248950424,0.22066159439124886,0.024913984138821624
tide,STORE0001,SKU0055,14,207.0,0.9285714285714286,0.3066312819822522,0.2754501723630308,4.533762526451872,5.525186930576488,0.3785846035909008,0.0533434831927788
tide,STORE0001,SKU0056,14,420.0,1.0,0.18425102413687386,0.20438763454569436,5.5275307241062155,7.036772891324148,0.18789445411676628,0.02066023455387724
tide,STORE0001,SKU0058,14,1284.0,1.0,0.40342441681278407,1.374011156423416,36.999782227686765,47.38615631240594,0.48115487759053466,0.15663187534220488
tide,STORE0001,SKU0059,14,390.0,1.0,0.32267023602340633,0.4877067468973601,8.988670860652034,10.407805621329912,0.36106663614786283,0.02190761219691653
tide,STORE0001,SKU0060,14,927.0,1.0,0.22796542707406778,0.2671398779948392,15.094567921261488,18.19498453536642,0.24013772373620856,-0.05144178383281223
tide,STORE0001,SKU0061,14,1251.0,1.0,0.32761525586017964,0.5045414499008298,29.27476322007748,36.68436026455367,0.33535638519648725,0.1354967214622222
tide,STORE0001,SKU0062,14,308.0,1.0,0.1772978136166231,0.1712690937091559,3.9005518995657087,4.658156825257265,0.18388804913337078,-0.11197498682894151
tide,STORE0001,SKU0063,14,904.0,1.0,0.34011172464571565,0.6359182837206291,21.96149993426621,30.011363551542107,0.3729440104636747,0.03320266381097726
tide,STORE0001,SKU0065,14,1009.0,1.0,0.37493284628640033,0.760603039500519,27.02194585021271,37.25213314165944,0.39330757692934937,0.02219424523160596
tide,STORE0001,SKU0066,14,429.0,1.0,0.38646631965710443,0.889808708123902,11.842432223778415,13.984578861838806,0.42641214236432745,0.13613376372044286
tide,STORE0001,SKU0067,14,615.0,1.0,0.24354905249472028,0.26562142294868546,10.698761948875212,12.779477797444363,0.24513883674686296,-0.0029568629274754677
tide,STORE0001,SKU0068,14,625.0,1.0,0.26497884811497996,0.580576577548839,11.829412862275891,15.477117684171118,0.3167066403660549,0.17812814541929375
tide,STORE0001,SKU0069,14,1641.0,1.0,0.25567627741430105,1.9179149824111938,29.968912231204857,40.97312060906357,0.32008929188533103,-0.12666492187789033
tide,STORE0001,SKU0070,14,1701.0,1.0,0.25730401829045796,0.8516162651968427,31.262438222290644,42.37136617750155,0.30006473041866333,-0.07965975150664105
tide,STORE0001,SKU0072,14,490.0,1.0,0.33530454982211977,0.4676056126443334,11.735659243774192,14.738768382686185,0.33088250648196643,0.20364678056394986
tide,STORE0001,SKU0073,14,163.0,1.0,0.2978599398195334,0.3230979845921487,3.467940727898853,3.933748348717245,0.2969384851785519,0.024683918043665543
tide,STORE0001,SKU0074,14,1048.0,1.0,0.33257395207808504,0.48224495161354647,24.895535841273794,32.73669064235825,0.32209806745016706,0.13025720286172246
tide,STORE0001,SKU0076,14,455.0,1.0,0.18705189943867961,0.19891530049954476,6.079186731757088,7.1717907752920285,0.18634153104903264,0.0019099737450100887
tide,STORE0001,SKU0077,14,871.0,1.0,0.3053373394236473,0.7274577562613683,18.99634447414263,28.910204914674473,0.3367060663874481,0.11577901345434508
tide,STORE0001,SKU0078,14,466.0,1.0,0.3368886673612137,1.016127917605089,11.2135799278804,13.318052130716408,0.40591482553896263,-0.004381460887880673
tide,STORE0001,SKU0080,14,1224.0,1.0,0.20200754905211013,0.19963776576094674,17.661231431413057,22.126095117916023,0.18921153698141271,0.036057490400495815
tide,STORE0001,SKU0081,14,1013.0,1.0,0.3453714963689732,1.2760390685108862,24.990094701554987,31.94072958405562,0.37290261645128514,0.057935236588419765
tide,STORE0001,SKU0082,14,892.0,1.0,0.2919056842859831,0.36209068067480094,18.59856217022121,21.096541194717847,0.2981189280026639,0.06765971722344818
tide,STORE0001,SKU0084,14,388.0,1.0,0.3070969443730097,0.5296262095128721,8.510972458337699,10.223894638328822,0.345386395750532,-0.04638218888351991
tide,STORE0001,SKU0086,14,177.0,1.0,0.3168388810525447,0.402161835949221,4.00574871045003,5.143015928541655,0.354208108609276,0.024619240562318744
tide,STORE0001,SKU0087,14,438.0,1.0,0.29693750803633856,0.6890904078286441,9.289902037136878,11.997322572053905,0.3331231595147627,0.10185838046572358
tide,STORE0001,SKU0090,14,320.0,1.0,0.3014120143597067,0.792490730776126,6.889417471079011,9.065635753065537,0.3738904722967043,-0.014656466819687287
tide,STORE0001,SKU0092,14,1319.0,0.9285714285714286,0.4336751309294696,0.6843492390879616,40.85839269256932,49.55222935228391,0.5071009006102958,0.07796792165742877
tide,STORE0001,SKU0093,14,1088.0,1.0,0.25185325342127657,0.33795020092479683,19.572595694453494,23.97051240158617,0.2615687690604992,0.09409203391490108
tide,STORE0001,SKU0094,14,1084.0,1.0,0.21888901509116632,0.19408566689871196,16.94826373991602,24.21134764420652,0.2173097800079413,-0.18514827027482617
tide,STORE0001,SKU0095,14,501.0,1.0,0.2013842826387666,0.21061228197095866,7.206680400144434,8.500505229992953,0.20436136931494073,-0.06521907510069269
tide,STORE0001,SKU0096,14,1542.0,1.0,0.24058587411957869,0.2539103190625461,26.498815563742166,29.57240818569662,0.24560786675893614,-0.04754396280992093
tide,STORE0001,SKU0097,14,1117.0,1.0,0.2178464929507095,0.21974971394806714,17.38103804471018,20.500152747542558,0.21718401661323947,-0.05786948825881536
tide,STORE0001,SKU0098,14,731.0,1.0,0.18266749227775758,0.1964771736249045,9.537852632502915,12.409849804004608,0.18629907007865829,-0.058578332109888484
tide,STORE0001,SKU0099,14,1706.0,0.9285714285714286,0.27464061148721247,0.20718359619760932,33.46692022837032,47.037926289469496,0.33240710157208164,-0.0022517736818938048
tide,STORE0001,SKU0100,14,1251.0,1.0,0.20461565786833769,0.22154687915779378,18.283870570949315,23.151212148189224,0.21160669973387178,-0.07222749628748598
tide,STORE0001,SKU0101,14,287.0,1.0,0.3872741514452714,0.5888179662948347,7.939120104628063,9.689769216719215,0.4202510059555534,0.02671829601549592
tide,STORE0002,SKU0001,14,1087.0,1.0,0.24313866764241782,0.3454988066780916,18.877980837664868,25.193938773312755,0.267742073648901,0.03366240146500784
tide,STORE0002,SKU0002,14,862.0,1.0,0.21976251753307308,0.2112003445408519,13.531092150964927,16.284196219242666,0.23006771836327303,-0.13033151754457759
tide,STORE0002,SKU0003,14,250.0,1.0,0.22421242548687154,0.2514967151760287,4.003793312265563,4.936149526808555,0.23576206822858306,-0.04997890423414031
tide,STORE0002,SKU0004,14,1160.0,1.0,0.23487260829641607,0.22722587582528445,19.460873258845904,24.797116472994084,0.23747561876017373,-0.12604762624626586
tide,STORE0002,SKU0005,14,982.0,1.0,0.22921116048271414,0.41521920483523334,16.07752568528752,20.03737661687905,0.26304183307689083,0.13810208410080663
tide,STORE0002,SKU0006,14,1359.0,1.0,0.3188728827324513,0.370154868586918,30.953446259528665,37.22299296665315,0.32139552954700573,0.022717171333517527
tide,STORE0002,SKU0007,14,321.0,1.0,0.2415490403609901,0.249222341902741,5.538374425419844,6.435686429574961,0.2534775165516626,-0.09892123617738248
tide,STORE0002,SKU0008,14,263.0,1.0,0.2535050632843651,0.2794702236656432,4.762273688842002,5.426947682086716,0.25431054290010974,0.015696279617814973
tide,STORE0002,SKU0009,14,721.0,1.0,0.23987284533665038,0.2891431208839576,12.353451534837493,14.694918334596153,0.26119171514267747,-0.12868258329654947
tide,STORE0002,SKU0010,14,377.0,1.0,0.24259138196608193,0.4082165675859474,6.532639357229492,11.49443795294091,0.23493861024720855,0.1639379483030581
tide,STORE0002,SKU0011,14,251.0,1.0,0.26809049540172364,0.44442413132708075,4.806479596130903,5.879429421696198,0.30510211841309726,0.12608633430629895
tide,STORE0002,SKU0012,14,745.0,1.0,0.2747610097261848,0.29332506593749486,14.621210874714833,23.17574037760484,0.27584208001009813,-0.13294722594300254
tide,STORE0002,SKU0014,14,713.0,1.0,0.20617573039268094,0.19598603443626583,10.500235412141537,13.71130078870453,0.20371703518685508,-0.10263736808401162
tide,STORE0002,SKU0015,14,102.0,1.0,0.4204313545014731,1.1534875587797655,3.06314272565359,4.018176649147695,0.44769699101510024,0.3215533832594011
tide,STORE0002,SKU0016,14,271.0,1.0,0.49235477044343845,1.9404620422071897,9.530581627869415,11.969225336467082,0.4946727703272975,0.1877581402229005
tide,STORE0002,SKU0017,14,1063.0,1.0,0.37387008157469964,1.1693241406700423,28.387421193850408,36.82185164968605,0.4375370156137229,-0.06776008153058397
tide,STORE0002,SKU0018,14,818.0,1.0,0.2411115657650608,1.683753715402861,14.087804342558552,21.24501221317911,0.28250960473021414,0.03502159661767318
tide,STORE0002,SKU0019,14,198.0,1.0,0.286862810072021,0.4112941627565562,4.057059742447154,4.662633022973923,0.33336969030763985,0.14426924942732533
tide,STORE0002,SKU0020,14,645.0,1.0,0.21506195864598446,0.2029371779035738,9.908211666189999,12.140329821517911,0.21944199546936652,-0.13825832771096508
tide,STORE0002,SKU0022,14,1028.0,1.0,0.28908575506852385,0.3727867133745245,21.22715401503161,24.005126011769416,0.31895572598118477,-0.08386454419410097
tide,STORE0002,SKU0023,14,801.0,1.0,0.4471715758633109,0.679339110552867,25.58460230475086,34.71324785410382,0.41804005933054095,0.17142884813228199
tide,STORE0002,SKU0024,14,589.0,1.0,0.2780552785001484,0.390201227111117,11.69818278832767,13.802611886528538,0.30299642917303105,0.03885905048463756
tide,STORE0002,SKU0025,14,396.0,1.0,0.2403003502706594,0.23864903640664722,6.797067050512937,7.7526020737166395,0.24951172351373518,-0.13785653455866317
tide,STORE0002,SKU0026,14,1008.0,1.0,0.35614378237904415,3.7772128351234993,25.642352331291182,35.346508769032184,0.38566498282286105,0.2126629939026322
tide,STORE0002,SKU0027,14,1812.0,1.0,0.18908282553892172,0.20306614238955012,24.47271999118044,27.410262124515658,0.21463587337758955,-0.10634076697213922
tide,STORE0002,SKU0028,14,1333.0,1.0,0.27315388448298444,0.29134785564882526,26.008152001129876,30.224880164196883,0.26830071936673966,0.010306371016292795
tide,STORE0002,SKU0030,14,632.0,1.0,0.21790069450848193,0.22436423165840064,9.836659923525756,12.296687863231245,0.22378950694914906,-0.06114928923930729
tide,STORE0002,SKU0031,14,646.0,1.0,0.3854543152104549,1.227399634688497,17.78596340185385,22.16080373999772,0.45527949907039394,0.19113672481829794
tide,STORE0002,SKU0032,14,777.0,1.0,0.2516274993858041,0.5861823978289519,13.965326215912128,19.123715893874888,0.2998441367718068,0.09253527721681172
tide,STORE0002,SKU0033,14,1228.0,1.0,0.23793479523603797,0.24910598721016144,20.8702806107039,24.438300789571787,0.24483688652365912,-0.05632654348556231
tide,STORE0002,SKU0034,14,1962.0,1.0,0.2798760579366819,0.27900999857739833,39.222630405126424,45.97752544398138,0.2919342553639325,-0.12057471377226517
tide,STORE0002,SKU0036,14,497.0,1.0,0.244563225553678,0.2855331154590598,8.681994507155569,12.690351671924189,0.2223486194462869,0.1539207341540971
tide,STORE0002,SKU0037,14,1200.0,1.0,0.21215955065007383,0.23091126168475223,18.1851043414349,21.588075858961425,0.20831986442597522,0.049560973494530675
tide,STORE0002,SKU0038,14,1030.0,1.0,0.3962209961545567,0.696708858194534,29.150544717085243,34.294918860512716,0.41191409801966916,0.1302536026788172
tide,STORE0002,SKU0039,14,173.0,1.0,0.35494731891595255,1.272913931843211,4.38613472660427,5.649608102374771,0.409169964096305,0.15830264997581206
tide,STORE0002,SKU0040,14,312.0,1.0,0.2747162305376869,0.40968028521451494,6.1222474234113085,8.05813846409192,0.2944818928804954,0.2710006290190854
tide,STORE0002,SKU0041,14,1295.0,1.0,0.22063165000577364,0.2778184837983918,20.408427625534063,23.63158902592396,0.24516050051799956,0.005760428736360048
tide,STORE0002,SKU0042,14,178.0,1.0,0.31485770376115957,0.6746502114219466,4.003190804963315,5.0801528530220725,0.3516534463638063,0.06922804893550881
tide,STORE0002,SKU0043,14,546.0,1.0,0.3735762332425293,0.4752380411172363,14.569473096458642,17.537296416321404,0.3563034282746673,0.31138980348
tide,STORE0002,SKU0044,14,974.0,1.0,0.25369573944309565,0.47391501974768196,17.649975015541084,21.61095701413076,0.2840283790599686,0.05786176688626072
tide,STORE0002,SKU0046,14,1470.0,1.0,0.23389755894632647,0.2201513795135197,24.55924368936428,32.92848130501331,0.2375800914643519,-0.18002770075828753
tide,STORE0002,SKU0048,14,890.0,1.0,0.17426953719621868,0.17729507529855154,11.07856343604533,14.874595483588747,0.17739086767230083,-0.09506466929251427
tide,STORE0002,SKU0051,14,762.0,1.0,0.27286008058637257,0.324404407048803,14.851384386201135,17.163568146221706,0.2859663380035729,-0.028838729972944708
tide,STORE0002,SKU0052,14,690.0,1.0,0.2115058175203852,0.20216406723865973,10.424215292076127,12.609725180719854,0.22030805520211957,-0.1533386922378365
tide,STORE0002,SKU0054,14,1097.0,1.0,0.1536432589151209,0.1775391646492013,12.039046787849117,15.03066962604265,0.162124072845633,0.0030125550541247746
tide,STORE0002,SKU0055,14,165.0,1.0,0.26672436670348854,0.846258399381852,3.1435371790054005,4.005565326789418,0.3257919634539069,-0.07438694779941016
tide,STORE0002,SKU0056,14,305.0,1.0,0.25467820419940373,0.26933813670630774,5.54834659148701,8.033752736090683,0.23450065663547856,0.029177594695762383
tide,STORE0002,SKU0058,14,1066.0,1.0,0.1893034068905898,0.255851022432679,14.414102267526337,21.007893411697708,0.20333260964852012,0.010359602798465496
tide,STORE0002,SKU0059,14,273.0,1.0,0.2313271166268746,0.7582080797636769,4.510878774224055,6.003398536379795,0.2830054687231051,0.03175914091164157
tide,STORE0002,SKU0060,14,598.0,1.0,0.19724475700947913,0.26163071669921883,8.425168906547752,10.022397118644403,0.21154463965026363,0.079543242650608
tide,STORE0002,SKU0062,14,188.0,1.0,0.3858287211444674,1.5196120820679475,5.181128541082848,6.562420539681556,0.4276595741353496,0.08336404331171884
tide,STORE0002,SKU0063,14,529.0,1.0,0.5602406102215771,0.9913870150670606,21.169091629086733,27.952367399238057,0.47182363139472766,0.2951370284142885
tide,STORE0002,SKU0064,14,1120.0,1.0,0.29874334105070915,0.30658028201865817,23.89946728405673,29.094537532934567,0.3070598273166915,-0.12667232164470182
tide,STORE0002,SKU0065,14,692.0,1.0,0.2756852107427542,0.33492222094425494,13.626726130998993,19.933140873739177,0.2562671358928274,0.09273384265694293
tide,STORE0002,SKU0066,14,253.0,1.0,0.48116091375710507,2.7711240404495525,8.695265084324827,11.141274057660429,0.5171565054768495,0.3812249900634711
tide,STORE0002,SKU0069,14,1055.0,1.0,0.17590833659668073,0.18409464414155643,13.255949650678442,20.83935281445312,0.1661325631553692,0.04222922592011657
tide,STORE0002,SKU0070,14,1187.0,1.0,0.2877653434966202,0.31040003965063356,24.398390195034867,30.144932999726414,0.2805712244370327,0.026728142574920632
tide,STORE0002,SKU0071,14,316.0,1.0,0.28366220126668446,0.9985258347005427,6.402661114305163,8.88483814056019,0.34968172919679186,0.12164894903165277
tide,STORE0002,SKU0073,14,114.0,1.0,0.2517773381920238,0.27882196216683164,2.0501868967064794,2.6817762343605467,0.23547714228872257,0.12266697687990283
tide,STORE0002,SKU0074,14,857.0,1.0,0.18801002972754086,0.21018347575536933,11.508899676893037,14.413287899276094,0.19695856108790027,-0.0025439304351850107
tide,STORE0002,SKU0075,14,387.0,1.0,0.22139045380185,0.2398252757233779,6.119864687236854,7.009254459335709,0.22171517269725913,0.044879213755531264
tide,STORE0002,SKU0078,14,287.0,1.0,0.35251375755331804,0.5039016254193963,7.22653202984302,8.634082461158155,0.3453548730075921,0.30093993314026557
tide,STORE0002,SKU0079,14,829.0,1.0,0.3174496364175249,0.7360934578662791,18.79755347072344,23.84761523903295,0.3486188999328523,0.13374037912627715
tide,STORE0002,SKU0081,14,766.0,1.0,0.3039980559892642,1.3966633802476653,16.633036491984026,20.47582662319187,0.36742552890467833,-0.03522932172558499
tide,STORE0002,SKU0082,14,632.0,1.0,0.29264245039263254,0.4206847114446495,13.210716332010268,15.117230468934757,0.3312471408035971,-0.0357401534369266
tide,STORE0002,SKU0083,14,884.0,1.0,0.2734862308627575,0.33857313617099755,17.268702005905542,20.032728753091085,0.27020479908650324,0.17315817461971356
tide,STORE0002,SKU0084,14,259.0,1.0,0.3435123891480071,0.7092876240073671,6.354979199238131,8.322421228044409,0.39325324574002757,0.19337528683320593
tide,STORE0002,SKU0086,14,104.0,1.0,0.6717203087297078,1.1720887752790037,4.989922293420686,6.790112017781212,0.5743366396090458,0.35355660873618555
tide,STORE0002,SKU0087,14,272.0,1.0,0.371654910758826,0.6691857073888613,7.220723980457191,8.874965354106807,0.3885514477147126,0.20038419709870836
tide,STORE0002,SKU0088,14,317.0,1.0,0.2608118233120809,0.25434553225546824,5.905524856423546,7.214306103646512,0.26676673035794635,-0.11871497440365904
tide,STORE0002,SKU0089,14,503.0,1.0,0.28761473589060293,1.252724170987353,10.333586582355235,12.672029686246185,0.34380559350877815,-0.06772454472815209
tide,STORE0002,SKU0090,14,207.0,1.0,0.3513247850002101,1.324241419530754,5.194587892503106,6.278419715035806,0.38273986958278544,0.12670513883467377
tide,STORE0002,SKU0092,14,941.0,1.0,0.2417419162282725,0.8522252836761398,16.24851022648603,23.16741839535525,0.2890516001591385,0.13192458552813063
tide,STORE0002,SKU0093,14,797.0,1.0,0.22127850942522317,0.3655964083929345,12.597069429421634,16.43067322042741,0.2478218036871567,0.036032885131437806
tide,STORE0002,SKU0096,14,950.0,1.0,0.2563877254097463,0.4080736849021464,17.397738509947068,24.61271038595514,0.2609809176714529,0.15669573723481142
tide,STORE0002,SKU0097,14,727.0,1.0,0.2032820841259765,0.2285840533676939,10.556148225684638,12.789300340018526,0.19655822816888385,0.1329101249442859
tide,STORE0002,SKU0098,14,446.0,1.0,0.323852436038595,0.4710065014252559,10.31701331951524,12.630089213899376,0.3344658083615237,0.18241880183727477
tide,STORE0002,SKU0099,14,1098.0,1.0,0.38411980484713854,0.9611572290472054,30.125967551582722,46.097821939831306,0.36732775550213986,0.03693860802056581
tide,STORE0002,SKU0101,14,200.0,1.0,0.3576389978173896,0.4246568193629159,5.109128540248423,5.699209033509194,0.3719931451974726,0.08056157429562631
tide,STORE0002,SKU0102,14,1430.0,1.0,0.21360900453649515,0.2586723597838783,21.818634034799146,30.36687837210609,0.23461012552728477,-0.09162901054682862
tide,STORE0003,SKU0001,14,1181.0,1.0,0.17576008985228408,0.1887176551013532,14.826619008253392,17.16916959531988,0.17362848946551387,0.07098945834762718
tide,STORE0003,SKU0003,14,272.0,1.0,0.2372585096310162,0.3500329619112704,4.6095939014026,5.454812908178513,0.2784956362408576,-0.07619809805568965
tide,STORE0003,SKU0004,14,911.0,1.0,0.2723447322969409,0.3205522482425351,17.721860794465226,22.36812679004674,0.2619824354344576,0.1292021575325336
tide,STORE0003,SKU0005,14,1159.0,1.0,0.1684295093655491,0.16750070763077485,13.943557239619386,16.43350603518274,0.17625572342447973,-0.07337128199111587
tide,STORE0003,SKU0006,14,1310.0,1.0,0.1972625433424814,0.2392798717488474,18.45813798418933,22.712504969887664,0.20877984814039957,0.09352550648144162
tide,STORE0003,SKU0007,14,352.0,1.0,0.1905066571555203,0.1750783855555087,4.7898816656245105,6.640878440650315,0.19257609971666745,-0.11612907491258029
tide,STORE0003,SKU0008,14,243.0,1.0,0.4155785644962865,0.6459728996564363,7.213256512328401,8.215010820936925,0.43005083462240734,0.12290756845972126
tide,STORE0003,SKU0009,14,642.0,1.0,0.32400581386657995,0.38220820094829216,14.857980893024594,19.562037420657692,0.3154500075919806,0.0567367052403743
tide,STORE0003,SKU0010,14,419.0,1.0,0.19819873056955276,0.20704614616978403,5.931804864903043,6.990573349153076,0.2006169019724701,-0.05031544574239502
tide,STORE0003,SKU0011,14,266.0,1.0,0.3189481501161019,0.3896621180799751,6.060014852205937,10.053231211793047,0.2784938616656074,0.03077082250122324
tide,STORE0003,SKU0012,14,762.0,1.0,0.2232478450273118,0.21366319384642388,12.151061279343685,15.074175825697823,0.24810824349250418,-0.2219396848136542
tide,STORE0003,SKU0013,14,1042.0,1.0,0.19196571571241244,0.20398630278380767,14.287733983738125,19.872647035359236,0.1788027613353976,0.10217409493892973
tide,STORE0003,SKU0014,14,723.0,1.0,0.24199487048820534,0.22114311115841837,12.497306525926604,17.48145901078246,0.24165324614700098,-0.14702409315278167
tide,STORE0003,SKU0015,14,118.0,1.0,0.2087398520501352,0.23597258802827836,1.7593787529939966,2.0919304908668783,0.20658207672098997,0.0990296402843033
tide,STORE0003,SKU0016,14,283.0,1.0,0.25208794160960146,0.248012816669643,5.095777676822658,7.187318963964963,0.2190233858251172,0.06450773401214654
tide,STORE0003,SKU0019,14,186.0,1.0,0.40302535404178097,0.5019457793660517,5.3544797036979475,7.510220123238494,0.3610724052478721,0.28596366345059554
tide,STORE0003,SKU0020,14,512.0,1.0,0.2772247480480141,0.40940662613341955,10.138505071470231,13.246109302133025,0.29060320163646625,0.12293965777200982
tide,STORE0003,SKU0021,14,560.0,1.0,0.33493511471667875,1.16984808150761,13.397404588667149,17.546840331477696,0.3802824744785482,0.05547975345509503
tide,STORE0003,SKU0022,14,1056.0,1.0,0.24414834669530422,0.3350876500870573,18.415761007874377,22.162822318147906,0.26815171002973315,0.007145255571991998
tide,STORE0003,SKU0023,14,943.0,1.0,0.22014605619230532,0.297911211418399,14.828409356381709,17.625191400924255,0.25063938945885433,-0.010382582657176918
tide,STORE0003,SKU0024,14,659.0,1.0,0.2119803930426923,0.2260614452963443,9.978219929652445,12.380432436233395,0.2115989593081062,-0.01753972116256768
tide,STORE0003,SKU0025,14,350.0,1.0,0.1273300595093174,0.13407515649933846,3.1832514877329348,3.534364919007295,0.1288286232264045,0.02552787956568479
tide,STORE0003,SKU0026,14,1101.0,1.0,0.3087715566634349,0.4320598785425546,24.28267742046013,27.154199022877958,0.32820808200893986,0.08065942487458266
tide,STORE0003,SKU0028,14,1445.0,1.0,0.16636426030703186,0.1561538395841284,17.171168295975786,21.373284292662422,0.17057357663514677,-0.1144779240123691
tide,STORE0003,SKU0030,14,558.0,1.0,0.3064186795600158,0.3881727196489238,12.212973085320629,14.72232411893411,0.31284853868902573,0.04642900412549299
tide,STORE0003,SKU0031,14,713.0,1.0,0.40297752851435636,0.4996115274830889,20.52306984505258,27.38641024479322,0.3814664011266622,0.020715030795126665
tide,STORE0003,SKU0033,14,1350.0,1.0,0.18978051181840228,0.16759078996388005,18.30026363963165,25.684833240576943,0.18010226927837625,-0.11146723953667438
tide,STORE0003,SKU0035,14,2221.0,1.0,0.26432181776746183,0.4301351154366855,41.93276837582376,49.41389243463975,0.30102439930085634,0.009530417745393416
tide,STORE0003,SKU0037,14,1223.0,1.0,0.21843843689252065,0.293369024107421,19.08215773711091,25.85138007631048,0.22436474636084064,0.12829912489045536
tide,STORE0003,SKU0039,14,191.0,1.0,0.21913636622159627,0.34017928837301287,2.989646139166063,3.859118844161422,0.24398766398334829,0.08042739092455838
tide,STORE0003,SKU0040,14,308.0,1.0,0.32085403677562946,0.4214380367000135,7.058788809063848,9.570720553174098,0.3097778815931339,0.27284917826353433
tide,STORE0003,SKU0041,14,1210.0,1.0,0.29784929549647515,0.37881274300419926,25.74268911076678,35.882604659824565,0.30396708907389375,0.0639440625124181
tide,STORE0003,SKU0042,14,176.0,1.0,0.32754028075638186,1.496595121043232,4.117649243794515,5.809438014163542,0.3875920448779304,0.0987736229353008
tide,STORE0003,SKU0043,14,614.0,1.0,0.26663338399929,0.3092631617731824,11.693778412540288,13.706060857888687,0.2694231468434614,0.039766353848313445
tide,STORE0003,SKU0044,14,1028.0,1.0,0.33718705371324675,0.44701012852424327,24.759163658372692,28.838303852076518,0.357457252120934,-0.03516347931197803
tide,STORE0003,SKU0045,14,859.0,1.0,0.2966259311760481,3.994150603098458,18.200119634301807,24.90539291275119,0.34942302317881746,0.10565956909190069
tide,STORE0003,SKU0046,14,1266.0,1.0,0.19579718792334594,0.21746366479155532,17.70565999363971,26.58100072573365,0.18570126801577716,0.05000037871185653
tide,STORE0003,SKU0047,14,927.0,1.0,0.30476681757775653,0.4021056176531096,20.179917135327166,23.201661272536477,0.3303977463181881,-0.04914052491929354
tide,STORE0003,SKU0048,14,898.0,1.0,0.35555314114165487,0.5125984806216601,22.806194338943293,31.770562481639033,0.37616716636115605,-0.10405893327134491
tide,STORE0003,SKU0049,14,525.0,1.0,0.15954092871550518,0.19003739799909997,5.982784826831444,7.4812722371304545,0.1730203037418027,-0.0353621559018592
tide,STORE0003,SKU0050,14,170.0,1.0,0.4029436111891477,0.86121937676236,4.892886707296793,6.492455380594041,0.42751205526431196,0.24170244969940258
tide,STORE0003,SKU0051,14,746.0,1.0,0.25130357181658985,0.30557183665047866,13.390890326798289,16.067284754356038,0.26659588750143126,-0.016928618547512823
tide,STORE0003,SKU0052,14,632.0,1.0,0.2243079227422576,0.23133627253223907,10.12590051236477,12.665775734184917,0.22972360643821335,-0.07896514433997977
tide,STORE0003,SKU0053,14,403.0,1.0,0.23782911960011918,0.24303916688830404,6.846081085632002,8.322889342461636,0.25857393498157405,-0.14100005385873066
tide,STORE0003,SKU0054,14,1121.0,1.0,0.2636298041301913,0.42446187288477155,21.10921503071032,29.260964315168152,0.29096637667154457,0.005537292363259992
tide,STORE0003,SKU0055,14,145.0,1.0,0.3051075373280171,0.6629975809888844,3.16004235089732,3.9905375944269044,0.3632637921521373,0.15605626393453634
tide,STORE0003,SKU0056,14,301.0,1.0,0.23345248033338756,0.2535853467400995,5.019228327167832,5.654026604964694,0.2409504555627137,0.020324151021899793
tide,STORE0003,SKU0058,14,1001.0,1.0,0.26117699171862685,0.3406139626578084,18.674154907881817,22.313206761265047,0.277101170919477,0.03707784935215019
tide,STORE0003,SKU0060,14,634.0,1.0,0.4695441701969154,0.7772696358769794,21.263643136060313,24.499572682746688,0.5045749448790953,0.004898154511125729
tide,STORE0003,SKU0061,14,1121.0,1.0,0.20554240050312236,0.18594242902023822,16.458073640285726,24.913299262637313,0.19508889645161306,-0.09150629624604073
tide,STORE0003,SKU0062,14,199.0,1.0,0.20234034625139788,0.21649001931666215,2.87612349314487,3.5080548285028925,0.19227646377322521,0.07765913952873664
tide,STORE0003,SKU0063,14,680.0,1.0,0.2487672629980635,0.3266038224585711,12.082981345620228,13.219651472136224,0.28378746833647756,0.061703703939097125
tide,STORE0003,SKU0064,14,987.0,1.0,0.205417713155705,0.2794229252056843,14.481948777477202,18.581327877976857,0.21607022525365344,0.08475619273727442
tide,STORE0003,SKU0065,14,770.0,1.0,0.25633890833699347,0.35331581915867816,14.098639958534639,18.878041261697756,0.2741784206885624,-0.013492361014171905
tide,STORE0003,SKU0066,14,303.0,1.0,0.2692542401408911,0.5212334242206789,5.827431054477858,7.914731721606295,0.3178422181259112,0.17667002815114907
tide,STORE0003,SKU0067,14,432.0,1.0,0.2920226400425388,0.3403007798777819,9.010984321312625,10.03770269139374,0.291237085878751,0.09675228188455583
tide,STORE0003,SKU0068,14,530.0,1.0,0.22586557167921223,0.23791720875855085,8.550625213570177,10.569155976433308,0.25506806114149017,-0.16276968844133008
tide,STORE0003,SKU0069,14,1055.0,1.0,0.2568385784338124,0.30818634156560665,19.354621446262293,23.496334920116208,0.27028473613417814,-0.001216297081188721
tide,STORE0003,SKU0070,14,996.0,0.9285714285714286,0.34830105762338665,0.40619470653802087,24.77913238520665,30.97882849779871,0.42284479017015414,0.08429281594032276
tide,STORE0003,SKU0071,14,347.0,1.0,0.2598825062483341,0.2925758106981481,6.441373547726566,7.1601888696927105,0.2586557350882451,0.06474676270517829
tide,STORE0003,SKU0073,14,120.0,1.0,0.238236114097673,0.25550070784962753,2.042023835122911,2.420251981728371,0.23562776355963594,0.10410700468604635
tide,STORE0003,SKU0075,14,386.0,1.0,0.3203793694651382,0.4304241484606261,8.83331690096738,10.272096081225593,0.3292304170505606,0.0889343813792198
tide,STORE0003,SKU0076,14,356.0,1.0,0.22732076350791167,0.23532768160680115,5.780442272058325,7.077719543703732,0.24058024360017474,-0.10441267072092418
tide,STORE0003,SKU0077,14,729.0,1.0,0.2274222489073853,0.2455821550548479,11.842201389534564,13.514281938857401,0.22868258934511085,0.0017864575848078033
tide,STORE0003,SKU0082,14,612.0,1.0,0.22729209882816237,0.3139963342817988,9.935911748773956,12.075151946149747,0.2530276547978884,-0.013469487480714111
tide,STORE0003,SKU0084,14,303.0,1.0,0.32724815495439624,0.4020896722741419,7.082585067941577,8.347510099849009,0.34942893340167086,-0.052320775866241065
tide,STORE0003,SKU0086,14,117.0,1.0,0.3920367386646779,0.9588096692337574,3.276307030269094,4.5329986304249985,0.4302154198701368,0.19058819711860153
tide,STORE0003,SKU0087,14,310.0,1.0,0.18344237378704945,0.34596922131345653,4.061938276713238,5.687071823326689,0.21584332859264108,-0.015396913997564194
tide,STORE0003,SKU0088,14,242.0,0.9285714285714286,0.37546152933880833,0.9277877115176293,6.490120721427973,8.454914889972756,0.48136162726949333,0.1326061187727068
tide,STORE0003,SKU0089,14,533.0,1.0,0.22404231327348142,0.24830110952714574,8.52961092676897,10.627162989460068,0.23154892777272743,-0.0729603089745772
tide,STORE0003,SKU0091,14,230.0,1.0,0.25392893059048816,0.9100190805312003,4.171689573986591,5.259320890671067,0.30587858903634285,0.025018602451572915
tide,STORE0003,SKU0092,14,949.0,1.0,0.2664433743122138,1.353878387537551,18.06105444444935,24.565577395533104,0.3151656416176853,0.06804333240854853
tide,STORE0003,SKU0093,14,800.0,1.0,0.3329471613376926,0.4197628022923966,19.025552076439574,23.461160075270705,0.3503459878246048,-0.030409605430035472
tide,STORE0003,SKU0094,14,641.0,1.0,0.26321165063114327,0.4555800192326079,12.051333432468775,15.711128707468992,0.29300531222623416,0.06793963434478578
tide,STORE0003,SKU0095,14,342.0,1.0,0.31856151170959873,0.3364008058426955,7.7820026431916265,8.998230248970414,0.31090892738512815,0.032175595729217285
tide,STORE0003,SKU0096,14,947.0,1.0,0.3439981993232805,1.8227264140801598,23.269021054224762,28.99868543951189,0.37913309934318795,0.056991778926068826
tide,STORE0003,SKU0097,14,800.0,1.0,0.18511894654903177,0.18408029044588733,10.57822551708753,15.35580144659973,0.1790672061030622,-0.03816448550361701
tide,STORE0003,SKU0099,14,1227.0,1.0,0.12769722595720887,0.13024385438577954,11.191749732106805,13.72240559480326,0.1267018658574432,-0.003105261469819124
tide,STORE0003,SKU0100,14,1105.0,1.0,0.15817335687780001,0.15563567855226704,12.48439709642636,14.966825177738274,0.1619804610325395,-0.08633046236324025
tide,STORE0003,SKU0101,14,211.0,1.0,0.30018472669134505,0.28119965844726513,4.5242126665624145,5.753727299584883,0.2707709185932691,0.06198098751377978
tide,STORE0004,SKU0001,14,1663.0,1.0,0.3086615191207656,0.8722815876070416,36.6645790212738,46.54204871614659,0.35357348987436443,0.04658829995164617
tide,STORE0004,SKU0002,14,1095.0,1.0,0.2066281486466896,0.20025522183885952,16.16127305486608,19.306857314449417,0.20862494990224836,-0.08230866712744025
tide,STORE0004,SKU0003,14,392.0,1.0,0.30125249875582516,0.2997517641068281,8.435069965163104,9.758340135421754,0.32657719651105693,-0.2277768672886762
tide,STORE0004,SKU0005,14,1558.0,1.0,0.21137209589841965,0.24677540127407274,23.52269467212413,26.822090151807416,0.22433611236914017,-0.018887504771290753
tide,STORE0004,SKU0007,14,466.0,1.0,0.2175249040094213,0.22422188306620475,7.240471804885023,8.807334151981149,0.23000011597957012,-0.09761006456918367
tide,STORE0004,SKU0008,14,363.0,1.0,0.2564530082355671,0.49890803946185003,6.649460142107919,9.939600747303128,0.27368129280093395,0.09179987772473182
tide,STORE0004,SKU0009,14,911.0,1.0,0.18413836504044795,0.20773982688617768,11.98214646798915,14.610896559951398,0.18602605736276345,0.05826135069628428
tide,STORE0004,SKU0012,14,1052.0,1.0,0.22992221460338833,0.23821894169130672,17.27701212591175,22.967837598725602,0.24867575543348086,-0.13941958277383512
tide,STORE0004,SKU0013,14,1577.0,0.9285714285714286,0.2816100629295764,0.2516871238659966,31.721362088567282,40.861488186328096,0.34973992700606893,0.15746546851345444
tide,STORE0004,SKU0014,14,812.0,1.0,0.3468114031962167,1.9468768404395715,20.115061385380567,26.34320699352523,0.3758081888139568,0.11868807976087864
tide,STORE0004,SKU0015,14,176.0,1.0,0.229855833669627,0.4419264727542265,2.8896161947038825,4.1755664984313965,0.25554695428865304,0.029318898242798045
tide,STORE0004,SKU0017,14,1849.0,1.0,0.2563881327952964,0.24988438255238257,33.86154696703593,41.5813773265103,0.2533173382025557,-0.09245704943179671
tide,STORE0004,SKU0018,14,1410.0,1.0,0.24934134545897677,0.24999695229842292,25.112235506939804,33.80511602542679,0.24731546897276682,-0.08836196266242971
tide,STORE0004,SKU0019,14,297.0,1.0,0.21001492948780698,0.2786871918549561,4.455316718419906,5.823413537806706,0.2355126484390037,0.006973940351034887
tide,STORE0004,SKU0020,14,826.0,1.0,0.2610972542165957,1.98926561691879,15.404737998779146,19.424914146665802,0.32728386846161045,-0.05152353938831453
tide,STORE0004,SKU0021,14,958.0,1.0,0.2774821872115614,0.8828148865576642,18.987709667762562,23.92102389801091,0.322122554267176,-0.037687660411141875
tide,STORE0004,SKU0023,14,1222.0,1.0,0.23249737112884353,0.310205632767061,20.293699108531914,23.46350690383389,0.26516340880833716,0.013071104969167316
tide,STORE0004,SKU0024,14,1022.0,1.0,0.2027504165285155,0.1949158496815083,14.800780406581632,17.544071009693496,0.20614387078317753,-0.11408599460674856
tide,STORE0004,SKU0025,14,450.0,1.0,0.23622368145236008,0.31083297215866296,7.592904046683003,9.547262903171898,0.2439960950911774,0.10635764935174882
tide,STORE0004,SKU0026,14,1729.0,1.0,0.25007388190283436,0.33765881787735524,30.88412441500005,36.437794061402066,0.2767346963297595,-0.025823260995545775
tide,STORE0004,SKU0027,14,2403.0,1.0,0.25370145910918,0.2810361061531117,43.546043302811405,57.60943441981022,0.25248108974699535,0.0022594609627770964
tide,STORE0004,SKU0028,14,1815.0,1.0,0.33490741478942604,0.7056487073426881,43.41835413162916,52.50024243492939,0.38222742070073784,0.07306724788250059
tide,STORE0004,SKU0029,14,525.0,1.0,0.38629404574465215,1.6267582331153478,14.486026715424456,17.441169289310064,0.40777664279203935,0.17567549545039285
tide,STORE0004,SKU0031,14,1139.0,1.0,0.2566488129141948,0.37778421168466814,20.880214136376274,25.829244369110526,0.28999319314036703,-0.168972806246969
tide,STORE0004,SKU0032,14,1320.0,1.0,0.16915010109361364,0.20116294845114563,15.948438103112142,20.804337346661406,0.1787306279502352,-0.011534253365325476
tide,STORE0004,SKU0033,14,1635.0,1.0,0.1886604058484264,0.1880156968142561,22.032840254441226,28.53900520230101,0.18862818278651977,-0.0419932029725608
tide,STORE0004,SKU0034,14,3135.0,1.0,0.19103866798154132,0.18586048107818148,42.779016008723715,57.004502668996714,0.18957886775402066,-0.10166067193690322
tide,STORE0004,SKU0035,14,2944.0,1.0,0.33488452205981034,0.6210295333156957,70.42143092457727,89.54019540059826,0.3580717301704835,0.012354632883418913
tide,STORE0004,SKU0036,14,786.0,1.0,0.21471708543925863,0.24781116746615423,12.054830653946949,13.520412559918833,0.2347216589255538,-0.01937053861982124
tide,STORE0004,SKU0037,14,1788.0,1.0,0.2302755240929582,0.42159020593611823,29.40947407701495,37.83875764696771,0.2597149794353878,0.0660119652145535
tide,STORE0004,SKU0038,14,1901.0,1.0,0.23445423985543581,0.30160590064234877,31.835536426084534,40.3351225210695,0.25627689156521655,-0.07088947630455672
tide,STORE0004,SKU0039,14,282.0,1.0,0.23657908510246725,0.24296106244931479,4.7653787142068404,6.270988465133879,0.22815824369574728,-0.006031308331699407
tide,STORE0004,SKU0040,14,515.0,1.0,0.20033489621255102,0.41493499298829767,7.369462253533127,9.221307838214456,0.2657721824162916,0.0967554258892187
tide,STORE0004,SKU0041,14,1795.0,1.0,0.23010546454105163,0.231970947661271,29.502807775084836,33.890319917288714,0.2341812777107374,-0.07814000770690617
tide,STORE0004,SKU0045,14,1259.0,1.0,0.17791487535704326,0.23451227981803072,15.999630576751246,19.339539037381268,0.20725309831959987,0.012258830049139384
tide,STORE0004,SKU0046,14,1925.0,1.0,0.2662207723107011,0.2999752780443095,36.6053561927214,42.229436479145676,0.2904028900679008,-0.14820919217908426
tide,STORE0004,SKU0047,14,1200.0,1.0,0.2173818079712772,0.32142775867325746,18.632726397538047,26.926319790450062,0.2414137491627582,0.030688248863454747
tide,STORE0004,SKU0048,14,1242.0,1.0,0.34759808090383904,0.5647547973973707,30.836915463040576,40.00301859517148,0.3837940830714871,-0.06235177990279665
tide,STORE0004,SKU0049,14,781.0,1.0,0.23348183375829393,0.24509221769576722,13.024950868944826,15.4695237938914,0.23148950197212673,0.017293198274597337
tide,STORE0004,SKU0050,14,248.0,1.0,0.28457117685967903,0.8109418110787369,5.040975132942886,6.198862823983774,0.34553110342103166,0.07538128292606062
tide,STORE0004,SKU0051,14,970.0,1.0,0.4256247687821567,1.472986268482187,29.489716122763717,38.826075445650375,0.48243834734829827,0.18222491572730398
tide,STORE0004,SKU0052,14,857.0,1.0,0.34307077359161137,0.46301181813780434,21.000832354857923,25.428151939289968,0.34938175649134523,0.06612844866645913
tide,STORE0004,SKU0053,14,442.0,1.0,0.29131733593390147,0.5452792511854174,9.197304463056032,11.632114565633627,0.32156896834160126,0.07710632540546997
tide,STORE0004,SKU0054,14,1285.0,1.0,0.28004403811279094,0.41473435809883413,25.704042069638312,31.099150194871143,0.29804240536128646,0.14971730084565274
tide,STORE0004,SKU0055,14,228.0,1.0,0.18924239117943117,0.2203703183032967,3.0819475134935934,3.927880295904231,0.19689613937206332,-0.016344304704844922
tide,STORE0004,SKU0056,14,437.0,1.0,0.23655439948494109,0.31122140448710883,7.383876612494233,8.138393928341058,0.2747115704875957,-0.02441765681981491
tide,STORE0004,SKU0057,14,1483.0,1.0,0.22780884428242335,0.23377029721562037,24.131465433630986,30.770572570691,0.23667923642975452,-0.15573740291884497
tide,STORE0004,SKU0058,14,1361.0,1.0,0.3079703641561161,0.3822880345495104,29.939118972605286,36.43963633643236,0.32201776713410435,-0.03711438087498391
tide,STORE0004,SKU0060,14,841.0,1.0,0.2004794949135342,0.2453942869796434,12.043089658734447,16.122707948690906,0.20022529866196884,0.08875924808186768
tide,STORE0004,SKU0061,14,1480.0,1.0,0.19402537935395325,0.1938858989433671,20.511254388846485,24.307666462694836,0.1879487688913211,0.011278908610871578
tide,STORE0004,SKU0062,14,293.0,1.0,0.15422692980539954,0.14742419517964692,3.227749316641576,4.196807342152664,0.15213692528930728,-0.05363652433538304
tide,STORE0004,SKU0063,14,970.0,1.0,0.19877656372958108,0.20275888011140827,13.772376201263834,17.045572928101567,0.2030394090235453,-0.01816160208920797
tide,STORE0004,SKU0064,14,1440.0,1.0,0.2616024387933025,0.2681276398493628,26.90767941873969,35.86331590227858,0.25843643487631546,-0.0848272943654141
tide,STORE0004,SKU0065,14,1077.0,1.0,0.2743565184285237,0.2751962657577451,21.10585502482286,31.377219985132957,0.24650965196730587,0.034821612854062454
tide,STORE0004,SKU0066,14,424.0,0.9285714285714286,0.3109746885593965,0.35397352838698465,9.418090567798865,13.221883311770402,0.3826399640912622,0.13223498819061114
tide,STORE0004,SKU0068,14,562.0,1.0,0.3710327338129747,0.46222815260815325,14.894314028777984,19.51332827003811,0.3368098478813685,0.2675382340658983
tide,STORE0004,SKU0070,14,1545.0,1.0,0.26669177797924887,0.40604828439484353,29.431342641281393,38.2970729456771,0.28786013238147923,-0.005328879775759921
tide,STORE0004,SKU0071,14,421.0,1.0,0.2500175188859765,0.3471527453580953,7.518383960785436,9.070180887577942,0.25845743378864056,0.1382881941034037
tide,STORE0004,SKU0072,14,588.0,1.0,0.3032963884533779,0.30810129012405574,12.738448315041873,15.416346043834288,0.29535924898943816,-0.016051251546000896
tide,STORE0004,SKU0075,14,539.0,1.0,0.27601539785323886,0.4521081667529837,10.626592817349698,14.602530667770573,0.28894793831251714,-0.0077870156082950484
tide,STORE0004,SKU0076,14,386.0,1.0,0.43453920597894835,0.5854472357581486,11.980866679133863,13.59527085470671,0.42300797367002924,0.24720105527116476
tide,STORE0004,SKU0077,14,944.0,1.0,0.31128108640784674,1.2360850214520551,20.989238969214806,31.95144172649967,0.3843094368544398,0.04521130844536836
tide,STORE0004,SKU0078,14,475.0,1.0,0.1860607993280852,0.22163128254226594,6.3127771200600336,7.950444507032495,0.19505100316202745,0.047185012564727284
tide,STORE0004,SKU0079,14,1285.0,1.0,0.2350726888675757,0.27135230656598697,21.576314656773913,26.830451030887712,0.23809615066029574,0.04535935590523982
tide,STORE0004,SKU0081,14,1199.0,1.0,0.26212574938295896,0.2862155341650602,22.44919810786913,27.89776079935398,0.2766898841817079,-0.13093836695737626
tide,STORE0004,SKU0085,14,1270.0,1.0,0.191617789313143,0.22083546393958495,17.382470887692257,19.14947821614255,0.22267498789500056,-0.06691539636788789
tide,STORE0004,SKU0087,14,478.0,1.0,0.27463338740946147,0.4738333009325794,9.376768512980183,11.88926373813004,0.31905292906933885,-0.05140796099432278
tide,STORE0004,SKU0088,14,340.0,0.9285714285714286,0.2314220755457203,0.16509086475079207,5.62025040611035,7.962301325321459,0.2943243409333104,0.052492043034510716
tide,STORE0004,SKU0090,14,284.0,1.0,0.23796986936877262,0.2783561911261207,4.827388778623673,5.797006378610536,0.23506322240430652,0.0794064842216936
tide,STORE0004,SKU0091,14,408.0,1.0,0.21416044930732622,0.2264855927095523,6.241247379813507,7.39544231293167,0.2635347452274783,-0.19175044071665012
tide,STORE0004,SKU0092,14,1296.0,1.0,0.2632418662857507,0.2946298933206363,24.36867562188092,27.629881230355576,0.25454718480223615,0.12674037504208333
tide,STORE0004,SKU0093,14,1345.0,1.0,0.18701025442999772,0.1667491500690542,17.96634230059621,24.493328621889997,0.18244328929379974,-0.12236193077474279
tide,STORE0004,SKU0095,14,468.0,1.0,0.27863114842860803,0.479128048911674,9.31424124747061,11.903674261346927,0.31530688475361635,-0.006641067751551246
tide,STORE0004,SKU0096,14,1579.0,1.0,0.13785998421500523,0.13039685683829852,15.54863679110666,26.01450283206184,0.1350634672013569,-0.04768883035173315
tide,STORE0004,SKU0097,14,1146.0,1.0,0.1645006782451968,0.18559083686558364,13.465555519213966,17.580872971022707,0.1730039469301444,-0.03783922119027086
tide,STORE0004,SKU0098,14,620.0,1.0,0.24627896695590124,0.39218224992994655,10.906639965189912,12.984495272190356,0.2807474606749621,0.039378217853374
tide,STORE0004,SKU0099,14,1429.0,1.0,0.3276310158794838,0.678401642193984,33.441765835127306,41.42169858880076,0.3906469118257087,0.16927693951295875
tide,STORE0004,SKU0100,14,1247.0,1.0,0.2252866813835679,0.23877590708193738,20.066606548950656,24.173261436368993,0.22050377062000223,0.04380324169356701
tide,STORE0004,SKU0101,14,279.0,1.0,0.25019971773566113,0.25252533537104344,4.986122946303532,6.419583385603876,0.22644033879297226,0.08803141199271679
tide,STORE0004,SKU0102,14,1893.0,1.0,0.20145475103439414,0.2529670966003872,27.239560264864867,38.2785702255323,0.21514483382791855,-0.012130823347395476
tide,STORE0005,SKU0001,14,1634.0,1.0,0.23252864744548774,0.3818386400535723,27.139414994709067,36.87251225369384,0.2516055528413811,-0.01784715663801669
tide,STORE0005,SKU0002,14,1008.0,1.0,0.22207121234823515,0.2444661834982711,15.98912728907293,19.303658236727614,0.22701383599537736,-0.03363853398756439
tide,STORE0005,SKU0003,14,327.0,1.0,0.2840400123753523,0.330607540164762,6.634363146195729,7.524164689002318,0.29456167768095437,0.012821245857023869
tide,STORE0005,SKU0004,14,1459.0,1.0,0.2719305207339477,0.2954205716066224,28.33904498220212,35.78786273773456,0.27001831641966084,-0.02120092693770205
tide,STORE0005,SKU0005,14,1269.0,1.0,0.2648385251432966,0.3329898156544841,24.005720600488814,34.50866576411053,0.25112861456171565,0.2232688904282825
tide,STORE0005,SKU0006,14,2295.0,1.0,0.36755647631820987,0.37638386561984644,60.25300808216368,72.2828209346654,0.38352997777165504,-0.1955302417472937
tide,STORE0005,SKU0007,14,492.0,1.0,0.19197116467860587,0.22461923068512485,6.74641521584815,8.653899701537117,0.2035282690775744,-0.06832242399758816
tide,STORE0005,SKU0009,14,903.0,1.0,0.32711328579757015,0.6610311601709677,21.098806933943276,29.2154547469154,0.348057409621522,0.02438923105868589
tide,STORE0005,SKU0010,14,531.0,1.0,0.283173956410067,1.1087002437163134,10.740383632410397,13.804166442046185,0.35366778158507545,0.14276920575093605
tide,STORE0005,SKU0011,14,366.0,1.0,0.20851484317898303,0.23783983401246525,5.451173757393414,6.404125000997099,0.22807130397589875,-0.03635259828578353
tide,STORE0005,SKU0012,14,1056.0,1.0,0.22342107254677482,0.24840116381618516,16.852332329242444,22.61549762047941,0.2359590613118925,-0.1348298122882578
tide,STORE0005,SKU0013,14,1453.0,1.0,0.48596436464424353,2.0897872036719463,50.43615870200613,70.09814404137153,0.5069436131791756,0.20072187062603306
tide,STORE0005,SKU0014,14,832.0,1.0,0.17628178031833802,0.19091586838407631,10.476174373204088,13.032705154104892,0.17911568336749,0.0024801950865378764
tide,STORE0005,SKU0015,14,198.0,1.0,0.27943595674852806,0.32033037274962506,3.95202281687204,4.850819088911229,0.3020459600781486,-0.17633363671359029
tide,STORE0005,SKU0016,14,417.0,1.0,0.3679489490891936,0.49361685654389736,10.959622269299553,13.288077428441655,0.3854636277544813,-0.022280417032851982
tide,STORE0005,SKU0018,14,1259.0,1.0,0.22886240073646405,0.37251186310213796,20.581268751943444,25.725451308817735,0.2601258453468882,0.005116583476276448
tide,STORE0005,SKU0019,14,248.0,1.0,0.3848073201446461,1.0091081512769076,6.816586813990874,11.29962292801022,0.3894560093142797,0.23016962355821377
tide,STORE0005,SKU0020,14,625.0,1.0,0.38038254032114915,0.5958911706434201,16.98136340719416,21.238835383123217,0.376259004720954,0.2518671162874136
tide,STORE0005,SKU0021,14,911.0,1.0,0.20965694250755765,0.2023622233458606,13.642676758884644,16.85395075945937,0.21675796595215796,-0.10248180670333108
tide,STORE0005,SKU0022,14,1380.0,1.0,0.31217246615565036,0.568914966089459,30.771285949628396,39.47598538707896,0.3295571471859682,0.11296450379227953
tide,STORE0005,SKU0023,14,1133.0,1.0,0.34223104645471536,0.5251516939801725,27.69626968808518,33.98405678357061,0.35523353412972253,0.12639973894466727
tide,STORE0005,SKU0026,14,1544.0,1.0,0.3188438497210416,0.39808960554132194,35.16392171209201,40.52316887464176,0.3284604276005248,0.01562193685861347
tide,STORE0005,SKU0027,14,2564.0,1.0,0.19748221668912772,0.18889810692031314,36.167457399351676,46.736780083429686,0.19576792772018178,-0.12501388584094336
tide,STORE0005,SKU0028,14,2042.0,1.0,0.3033988015502617,0.6025754888361768,44.25288234040246,54.08056986219403,0.3444296638341001,-0.05091557941319152
tide,STORE0005,SKU0031,14,1061.0,1.0,0.2405920615833133,0.2400661976260751,18.23344123856396,23.807350653470266,0.2430996895126989,-0.09062468050542206
tide,STORE0005,SKU0033,14,1527.0,1.0,0.22632023136217091,0.2453984415930082,24.685070949288214,31.305421561840497,0.22596552024569116,0.003007299058469838
tide,STORE0005,SKU0034,14,2695.0,1.0,0.28725527415722235,0.3537211767888833,55.296640275265304,61.37352100079164,0.32284410153966775,-0.09256942675293892
tide,STORE0005,SKU0035,14,2860.0,1.0,0.24407472604789235,0.3160993395365384,49.86097974978372,64.57678408851868,0.2561610368823695,0.02165359872773191
tide,STORE0005,SKU0036,14,706.0,1.0,0.22049529179185615,0.32474605792665895,11.119262571789317,14.592186074374382,0.23554285132672034,0.118043334104915
tide,STORE0005,SKU0038,14,1625.0,1.0,0.3168326619934161,0.49230566153968475,36.77521969566437,43.74011697977482,0.35083666314430684,-0.0046189907186213585
tide,STORE0005,SKU0039,14,295.0,1.0,0.23593580788566085,0.2770149317713923,4.971504523304996,5.706131572598022,0.2443510143407102,-0.0013351062072842737
tide,STORE0005,SKU0040,14,431.0,1.0,0.23576134609591487,0.3245696329016811,7.258081440524236,10.35175075156391,0.234274991726188,0.16723509573323445
tide,STORE0005,SKU0041,14,1350.0,1.0,0.3512763680814616,0.6208843414590685,33.87307835071237,49.65105710256074,0.3325480502783111,0.19859008907994746
tide,STORE0005,SKU0043,14,925.0,1.0,0.21078899455763647,0.22168352638793037,13.927129997558124,18.01931410211957,0.2190937517637078,-0.07626873135229363
tide,STORE0005,SKU0045,14,985.0,1.0,0.4766325108113591,0.7064545329838668,33.53450165351348,44.36140297437049,0.42556956967190057,0.3485283247584596
tide,STORE0005,SKU0048,14,1173.0,1.0,0.21060461318200108,0.2486656408978619,17.64565794732052,20.643799926401847,0.2255549921707814,0.001214258251397205
tide,STORE0005,SKU0049,14,789.0,1.0,0.26313981359042116,0.775331066122943,14.829808065917307,19.05537731001952,0.3243470462641573,-0.11153273760167993
tide,STORE0005,SKU0050,14,257.0,1.0,0.18574924188139,0.23448182247556024,3.409825368822659,4.04482095666608,0.20070330340962325,0.034255287794619865
tide,STORE0005,SKU0051,14,1281.0,1.0,0.20334573166865844,0.2063786533411507,18.606134447682248,21.834150189364717,0.21431370128129998,-0.1229965408683418
tide,STORE0005,SKU0052,14,866.0,1.0,0.23225764662703197,0.32345233025784687,14.36679442707212,18.622487578027876,0.24589098058152953,0.01449146057834664
tide,STORE0005,SKU0053,14,455.0,0.9285714285714286,0.29987704809143845,0.2496896997091037,9.74600406297175,13.083690744147349,0.3541019155633273,0.06663698617522161
tide,STORE0005,SKU0054,14,1421.0,1.0,0.30627276588510877,7.383481007061803,31.08668573733854,41.753656156000595,0.3616380639977211,0.054913957715973155
tide,STORE0005,SKU0055,14,213.0,1.0,0.28270143111101287,1.1942243351035187,4.3011003447604095,5.853600123383554,0.33339687777811283,0.04857811948590479
tide,STORE0005,SKU0056,14,455.0,1.0,0.20572202691681848,0.2710198454040043,6.685965874796601,8.669101003821162,0.2332447909845119,-0.06226519966070011
tide,STORE0005,SKU0057,14,1247.0,1.0,0.30474686060937134,0.4439014066839075,27.144238227134718,32.893535085683155,0.3081073168382637,0.1610807291284284
tide,STORE0005,SKU0058,14,1467.0,1.0,0.24882551979507964,0.2815572864491426,26.073359824241557,29.95840623871312,0.26191015595194667,-0.04745873364182315
tide,STORE0005,SKU0060,14,923.0,1.0,0.3736644174811791,0.49114217568105684,24.63516123822345,29.55425086145182,0.3813176366464078,0.06629553233184166
tide,STORE0005,SKU0062,14,300.0,1.0,0.20085575042404027,0.20823622060930264,4.304051794800863,5.848317006652078,0.2158806642335687,-0.12821174938045646
tide,STORE0005,SKU0063,14,922.0,1.0,0.21058283492709273,1.895086061584052,13.868383843055678,18.6343123993248,0.2907693146548678,0.02429664644142319
tide,STORE0005,SKU0064,14,1440.0,1.0,0.17864092996942824,0.19461166940299732,18.374495653998334,23.669121369984378,0.1847398941819449,-0.05255222627149943
tide,STORE0005,SKU0066,14,408.0,1.0,0.22907164797939522,0.47890910097309175,6.675802312542375,8.983130367990015,0.2663928483705681,0.12020900350148875
tide,STORE0005,SKU0067,14,633.0,1.0,0.2517037322900443,1.0998658476242384,11.380604467114145,16.041514161620842,0.2982494775405385,-0.05765883121871421
tide,STORE0005,SKU0068,14,689.0,1.0,0.2014317183898633,0.2108808156965115,9.913318140758273,12.45438530716041,0.1974980439118956,0.03331727207348369
tide,STORE0005,SKU0070,14,1516.0,1.0,0.33298780288815005,3.392824806691408,36.057822084173964,48.54319947526513,0.4407818502973721,0.012709433786856529
tide,STORE0005,SKU0071,14,460.0,1.0,0.2254977527293588,0.38759932656292234,7.4092118753932175,9.945390034247044,0.2502643109473924,0.030036136571061512
tide,STORE0005,SKU0072,14,626.0,1.0,0.234411955919428,0.2293576129450075,10.481563171825853,12.771395313153239,0.24442094452312646,-0.12308871727790952
tide,STORE0005,SKU0073,14,127.0,0.9285714285714286,0.44244044373119407,0.48353259739077986,4.013566882418689,5.535850341239753,0.45048819486037633,0.2896109189733247
tide,STORE0005,SKU0074,14,1170.0,1.0,0.2652916485824293,0.31185220475230696,22.17080206010302,26.738552323011557,0.27036919994032194,-0.009583071614198009
tide,STORE0005,SKU0075,14,553.0,0.9285714285714286,0.3886565624706903,0.38432025677675136,15.351934217592268,17.90204692398792,0.4660083277508343,-0.014982570934423197
tide,STORE0005,SKU0076,14,437.0,1.0,0.25409923080769137,0.345170148061896,7.93152599021151,9.897952583114332,0.2692916952797338,0.045513698712240806
tide,STORE0005,SKU0077,14,853.0,1.0,0.29462639561158227,0.6639709392097372,17.95116538976283,22.067011840841104,0.3481949194157066,0.1605538775423083
tide,STORE0005,SKU0079,14,1154.0,1.0,0.2449770165858912,1.6498124676565895,20.193105510008458,29.553199577263598,0.2896629433762657,0.0933259560690291
tide,STORE0005,SKU0080,14,1197.0,1.0,0.3195290852628094,0.5820538971249501,27.3197367899702,32.43605264687147,0.36191805238846614,0.07080944211731707
tide,STORE0005,SKU0081,14,1122.0,1.0,0.2358984504393713,0.240939366888201,18.9055758137839,26.408905387227115,0.23582279431051495,-0.07451255614827687
tide,STORE0005,SKU0082,14,911.0,1.0,0.33841009793277704,0.41201229305069836,22.02082851548285,25.162513730485646,0.33643161532566346,0.11924373206655221
tide,STORE0005,SKU0083,14,1247.0,1.0,0.2738326184640553,0.3419098784457666,24.39066251604836,30.007944883112216,0.2802408495727574,0.09894508673851836
tide,STORE0005,SKU0084,14,296.0,1.0,0.4216812559454017,1.1856934097972114,8.915546554274206,11.448213754902815,0.45683526108063993,0.28980310336123494
tide,STORE0005,SKU0085,14,1371.0,1.0,0.29301095081413,0.5902803742335408,28.69414382615516,40.43556119590397,0.3252302929000102,-0.06287931488919273
tide,STORE0005,SKU0086,14,135.0,0.9285714285714286,0.6018089521148092,0.5485693896143414,5.80315775253566,8.21297254320607,0.5289673209952007,0.38391110086370084
tide,STORE0005,SKU0087,14,436.0,1.0,0.24426716489373848,0.3522533890852121,7.607177420976427,9.408063391272899,0.27131392438186974,0.09495984284015996
tide,STORE0005,SKU0088,14,353.0,1.0,0.3008847542219457,0.5997402360873785,7.586594160024774,9.905073827373217,0.33001764704867015,0.10574224571199888
tide,STORE0005,SKU0089,14,749.0,1.0,0.2554764965737344,0.300770897945216,13.66799256669479,16.555995353230653,0.2657140106287442,-0.005937525433775784
tide,STORE0005,SKU0091,14,329.0,1.0,0.24939402650234593,0.22811333567578748,5.860759622805129,7.2362041316422,0.23393112352103218,-0.00463331402771992
tide,STORE0005,SKU0094,14,1048.0,1.0,0.2075838525481585,0.2567855865889545,15.53913410503358,20.65345155931791,0.2225702023198524,-0.052788181123790266
tide,STORE0005,SKU0095,14,571.0,1.0,0.2646661222504076,0.23657682913618827,10.794596843213053,15.054858074006026,0.2696924110847327,-0.21006396611236197
tide,STORE0005,SKU0096,14,1530.0,1.0,0.1936850714494398,0.2685556609606481,21.16701137983164,26.98768703962095,0.21462385707323492,-0.009006017303174093
tide,STORE0005,SKU0098,14,711.0,1.0,0.16714542297420976,0.1876619518609344,8.48859969533308,12.356181295629176,0.17274264986037186,-0.019240734868050172
tide,STORE0005,SKU0100,14,1179.0,1.0,0.3142816955741415,0.38857949319630297,26.467008505850913,31.772630228446108,0.31040037557284644,0.11304439163427196
tide,STORE0005,SKU0101,14,261.0,1.0,0.3853390561120331,1.157068856814764,7.183820974660046,9.032039947334255,0.46541835313839064,0.0438053626155388
tide,STORE0005,SKU0102,14,2057.0,1.0,0.2020147925723164,0.2201535182960038,29.68174488008963,36.26442008649779,0.22507527253971132,-0.11905186735509984
tide,STORE0006,SKU0001,14,1469.0,1.0,0.28668736829563374,0.38989364090957845,30.081696001877567,40.96703347665087,0.28340221942725746,0.21743867789100998
tide,STORE0006,SKU0003,14,297.0,1.0,0.32976574538749176,0.5741907152437999,6.995744741434647,9.154994024575396,0.3477120947587396,0.14292541093255937
tide,STORE0006,SKU0004,14,1365.0,1.0,0.26726868564761413,0.4005379987799402,26.058696850642377,34.889184366601775,0.2862768061585193,0.03819045766557423
tide,STORE0006,SKU0005,14,1530.0,1.0,0.1680219794337463,0.22306889644797684,18.36240203811656,22.967083799449853,0.20180657813269126,-0.028159106663333062
tide,STORE0006,SKU0006,14,1978.0,1.0,0.29030194636985307,1.4793653299385847,41.01551785139781,51.499098064027216,0.36253117802197693,-0.07263620868723532
tide,STORE0006,SKU0007,14,453.0,1.0,0.21341332639139993,0.2922221688399672,6.905445489664584,8.335647040761534,0.23308858384498526,-0.02629844529002404
tide,STORE0006,SKU0008,14,381.0,1.0,0.25647919142969716,0.35006430550214235,6.979897995336758,8.17078310111141,0.28861427267293915,-0.09122688165642837
tide,STORE0006,SKU0009,14,920.0,1.0,0.17272580117198286,0.1977378241692993,11.350552648444587,16.704855932399294,0.18074258103950142,-0.04954802641276923
tide,STORE0006,SKU0010,14,576.0,1.0,0.2719602377430354,0.5130231758239001,11.189221209999172,16.133309838375332,0.2902430850761529,-0.030146222227077808
tide,STORE0006,SKU0011,14,360.0,1.0,0.28220328263077626,0.3682571877510528,7.256655839077104,8.634176926595243,0.30728855168794794,-0.05005866985429445
tide,STORE0006,SKU0012,14,852.0,1.0,0.3371529885936653,0.7772294583105218,20.518167591557347,25.617468915995186,0.3935396964849719,0.12978762111119807
tide,STORE0006,SKU0013,14,1958.0,1.0,0.18730514132112658,0.17661475873991694,26.19596190762613,34.947351907521664,0.19709013759829813,-0.1282370422395452
tide,STORE0006,SKU0017,14,1393.0,1.0,0.3941061499726256,1.6826412483295428,39.21356192227625,49.202829452917754,0.44672501240732004,0.1950116664919164
tide,STORE0006,SKU0018,14,1342.0,1.0,0.20883606587484638,0.23492400954649303,20.018428600288846,25.81936365187264,0.2126085396330772,-0.027223599195775657
tide,STORE0006,SKU0019,14,307.0,1.0,0.33817491798059074,0.5357681545118402,7.415692844288668,9.513009507602852,0.3609864394428409,-0.03382170980101623
tide,STORE0006,SKU0020,14,812.0,1.0,0.24347186479996932,0.31659807341334206,14.121368158398221,16.548139904828158,0.2663045319384268,0.00031254255992358993
tide,STORE0006,SKU0021,14,755.0,1.0,0.21793216278343427,0.27103575281928916,11.752770207249492,14.856377827592473,0.22431780592024692,0.06373191581979865
tide,STORE0006,SKU0022,14,1508.0,1.0,0.2528975610017119,0.6220710642779884,27.240680142184395,36.44989153250682,0.2843239111216113,0.009395427913214119
tide,STORE0006,SKU0023,14,1272.0,1.0,0.2657270531944624,0.5362691105569858,24.143200833096866,31.263279812073115,0.311899918512489,0.028054493178466738
tide,STORE0006,SKU0025,14,499.0,1.0,0.2564566157150539,1.6789064492961885,9.140846517272278,14.468800458304951,0.30801011328649847,0.0314342970990001
tide,STORE0006,SKU0026,14,1829.0,1.0,0.22889734691953362,0.22651075285279448,29.90380339398764,37.750760290691645,0.2408777969757561,-0.15162761170293945
tide,STORE0006,SKU0028,14,1773.0,1.0,0.27732154713583507,0.5765248426653127,35.12079307655968,47.25932522409762,0.32566835811671646,0.1274047484888542
tide,STORE0006,SKU0029,14,550.0,1.0,0.19145801239366078,0.21455491779753014,7.5215647726081025,8.723451930581545,0.20132194574998016,-0.007842512243869776
tide,STORE0006,SKU0030,14,772.0,1.0,0.23447377931996363,0.2534546251319708,12.929554116786566,15.673983599301916,0.22998902501278834,0.05904605709605434
tide,STORE0006,SKU0031,14,943.0,1.0,0.3511838653909141,0.4641584441171166,23.65474179025943,27.322318508361494,0.3581731912348513,0.08740981978622298
tide,STORE0006,SKU0032,14,1432.0,1.0,0.19979287449316632,0.18776155600963615,20.435956876729584,25.082389552137506,0.2084819307447869,-0.15113707451317954
tide,STORE0006,SKU0033,14,1674.0,1.0,0.3611990508731006,0.6545284677838268,43.189086511540744,53.671703446708605,0.3904154553007816,0.04353965455356782
tide,STORE0006,SKU0034,14,2432.0,1.0,0.45055008215487646,0.9557035170087131,78.26698570004712,94.26275004508312,0.4617719295791068,0.09365283930013016
tide,STORE0006,SKU0035,14,3647.0,1.0,0.2703831042628957,0.24156793016039155,70.43479866048433,92.55387558848837,0.27598408669708585,-0.2111331960132786
tide,STORE0006,SKU0036,14,661.0,1.0,0.2379015433033991,0.589426359350005,11.2323514373962,14.766787997974312,0.2755981586187444,0.13972122296406436
tide,STORE0006,SKU0037,14,1684.0,1.0,0.2845147819956653,0.41865147827635685,34.223063777192884,41.235896508388336,0.30488894042798526,0.11252463399982326
tide,STORE0006,SKU0038,14,1642.0,1.0,0.3386960752923357,0.4787044237717922,39.72421111642966,45.49886887596135,0.36080660869432685,0.053074292919190025
tide,STORE0006,SKU0039,14,251.0,1.0,0.312841171022085,1.0329398196364703,5.608795280467381,7.725584799891831,0.34690360999878267,0.11348634102658896
tide,STORE0006,SKU0040,14,537.0,1.0,0.19625070100336275,0.25307207912570384,7.527616174200415,10.685226452342391,0.21615661324234453,-0.06181710671775471
tide,STORE0006,SKU0041,14,1818.0,1.0,0.1786264144351072,0.19355936876844657,23.195915817358923,27.486640221097332,0.1865868760954805,-0.03554313475450792
tide,STORE0006,SKU0042,14,248.0,1.0,0.2748094970845838,1.6102055782197813,4.868053948355484,7.088391201984583,0.3195442159660841,0.021900150978912233
tide,STORE0006,SKU0044,14,1507.0,1.0,0.2793863335415618,0.2711742613476807,30.07394318908097,39.22786923994832,0.2787448251241434,-0.12375801683421093
tide,STORE0006,SKU0045,14,1420.0,1.0,0.20973042727393715,0.20670122624430798,21.272657623499338,28.500274033726757,0.22058647609996826,-0.14735568357243836
tide,STORE0006,SKU0046,14,1571.0,1.0,0.4286308578695605,0.6975504337982142,48.098505550934256,59.63636586848582,0.4448247984725602,0.09926289890017269
tide,STORE0006,SKU0047,14,1285.0,1.0,0.23289472541162326,0.26197512695104314,21.376408725281134,27.06048443199273,0.2402708038186554,-0.010414234034981599
tide,STORE0006,SKU0048,14,1136.0,1.0,0.3365256173719478,0.4808781803698,27.306650095323764,31.94886390117463,0.3557257301998666,0.11110309595264255
tide,STORE0006,SKU0050,14,250.0,1.0,0.24830587092650575,0.2655690000352875,4.434033409401889,5.4190676896624215,0.23911637879331055,0.06935650468414975
tide,STORE0006,SKU0052,14,965.0,1.0,0.18885814219743785,0.19540534513355381,13.017721944323394,17.63830409717079,0.18813922841005448,-0.048526579722442224
tide,STORE0006,SKU0053,14,441.0,1.0,0.35173407732949796,0.5869215101401063,11.079623435879185,14.332664140036547,0.37690282210285136,0.04596145357812633
tide,STORE0006,SKU0054,14,1880.0,1.0,0.34403806464544695,0.33895083416584565,46.199397252388586,54.36402834113002,0.38972405404672467,-0.3038200730186953
tide,STORE0006,SKU0055,14,230.0,1.0,0.30116930864026653,0.45656969295431626,4.947781499090093,7.011808213762619,0.32125852228982066,0.031703253328575785
tide,STORE0006,SKU0056,14,379.0,1.0,0.3507586864300172,1.1704387078058633,9.495538725498323,13.648536448299877,0.41097406821284876,-0.008048965164505328
tide,STORE0006,SKU0057,14,1481.0,1.0,0.33102501440720505,0.3849937326153449,35.017717595505054,41.46485359742384,0.3495366579843012,-0.10343035467991701
tide,STORE0006,SKU0058,14,1505.0,0.9285714285714286,0.3704154211036891,0.35675571249430743,39.81965776864657,50.033488028681056,0.4532172289406761,-0.12730361582625718
tide,STORE0006,SKU0060,14,986.0,1.0,0.1664275661308702,0.16064129300047444,11.721255728931286,13.828854430702197,0.17141906135202764,-0.10677469616526877
tide,STORE0006,SKU0063,14,749.0,1.0,0.4990931725378,0.8803837066924594,26.7014847307723,35.03604014309903,0.4643873925489558,0.16267261151805065
tide,STORE0006,SKU0064,14,1484.0,1.0,0.12608699211462768,0.1260603413171271,13.365221164150535,16.624602537724886,0.12446365546128942,-0.00786790652514219
tide,STORE0006,SKU0065,14,954.0,1.0,0.29383693709725694,0.32807906232580714,20.02288842791308,29.677885322803853,0.26130082266037874,0.1482136296648245
tide,STORE0006,SKU0066,14,537.0,1.0,0.31366030443263654,0.3329492637870804,12.031113105737559,14.064955971337048,0.3286005052259764,-0.1301649601007114
tide,STORE0006,SKU0067,14,557.0,1.0,0.1790496485708202,0.206682311536767,7.1236181609962035,8.918155964800375,0.1806252669763256,0.05885211308084165
tide,STORE0006,SKU0069,14,1386.0,1.0,0.32002910475310353,0.5174494328440146,31.68288137055725,36.14889882410412,0.36701986982086254,0.07842519452602592
tide,STORE0006,SKU0070,14,1667.0,1.0,0.24167424884815028,0.27516242618539366,28.77649805927618,33.63373606341964,0.26052543130785477,-0.09011426414616563
tide,STORE0006,SKU0071,14,423.0,1.0,0.35804296500084487,0.525043405449921,10.818012442525527,13.065513846387528,0.362569189355258,0.14235649964567143
tide,STORE0006,SKU0072,14,483.0,1.0,0.28022210953343407,0.4584960769847979,9.667662778903475,13.061407663089335,0.2993214701338985,0.13717094035849683
tide,STORE0006,SKU0073,14,173.0,1.0,0.2087259638497567,0.22519009458893507,2.579256553286279,3.155795191799048,0.20415628684100876,0.03414693863590759
tide,STORE0006,SKU0075,14,592.0,1.0,0.22331865317465072,0.2259528928883671,9.443188762813802,11.003447140356174,0.23288166405227653,-0.12703450652278925
tide,STORE0006,SKU0076,14,378.0,1.0,0.35936703666523645,0.6603018234886705,9.702909989961384,13.273148075801892,0.36040917709043985,0.25157193737321343
tide,STORE0006,SKU0077,14,1121.0,1.0,0.2424144894735275,0.27074328480918686,19.410474478558882,23.92381842829131,0.25856644158306197,-0.05127698191091522
tide,STORE0006,SKU0081,14,946.0,1.0,0.3971372063264995,0.5898700355600054,26.835128370347753,32.84602861149783,0.40591477710027457,0.09566698916369429
tide,STORE0006,SKU0084,14,437.0,1.0,0.1968846332679971,0.18905142475437212,6.145613195579624,7.907385136360769,0.19528223239895143,-0.06268138481588353
tide,STORE0006,SKU0085,14,1393.0,1.0,0.2724679388756629,0.7139747045266321,27.110559918128462,33.98105344104534,0.3448309543026184,-0.11261671706873308
tide,STORE0006,SKU0087,14,391.0,1.0,0.22303797324812102,0.3665734436565086,6.229131967143951,8.955975697725655,0.23065788135381898,0.11243165398124252
tide,STORE0006,SKU0088,14,402.0,1.0,0.3126798936221482,0.3670364921974765,8.978379802578827,11.161563442156433,0.32360819490959186,-0.1039351942643322
tide,STORE0006,SKU0090,14,298.0,1.0,0.2556916313692262,0.34589613423749466,5.442579010573529,6.840258697798479,0.2677225646554421,0.044974491039324424
tide,STORE0006,SKU0091,14,294.0,1.0,0.45746821109069835,0.60392017369457,9.606832432904666,12.29141141206819,0.4348446902828314,0.04513850107025339
tide,STORE0006,SKU0092,14,1299.0,0.9285714285714286,0.24787595766614895,0.19150786224217659,22.999347786309105,35.52192104972678,0.29370440423124805,0.16564312977018614
tide,STORE0006,SKU0094,14,987.0,1.0,0.32362573381130094,0.7596391481954728,22.815614233696717,29.05875688994029,0.3642526031157055,-0.033823354751374414
tide,STORE0006,SKU0095,14,373.0,1.0,0.4881775951019231,1.2889924539707156,13.006445926644094,15.705966896370379,0.5007401539264219,0.26564985152132436
tide,STORE0006,SKU0096,14,1601.0,1.0,0.26590265945931013,0.35437280061961945,30.407868413882536,35.10104851808144,0.2936866349804598,-0.09119175687787295
tide,STORE0006,SKU0097,14,1148.0,0.9285714285714286,0.2801967968769369,0.22554775297341315,22.976137343908825,31.647086730880158,0.34595737493097084,0.013000984945900133
tide,STORE0006,SKU0098,14,581.0,1.0,0.38015755416894365,1.1440171210006167,15.776538498011162,19.374131012905053,0.45048903181921224,0.0825208314122716
tide,STORE0006,SKU0099,14,1474.0,1.0,0.28725033639996006,1.2757763985549284,30.24335684668151,43.09139123557833,0.32159434792532593,0.08212616748940116
tide,STORE0006,SKU0100,14,1293.0,1.0,0.17325971021442602,0.19231517716899033,16.00177180766092,21.39018711748106,0.17052010890596583,0.04470310293483928
tide,STORE0006,SKU0101,14,272.0,1.0,0.2629833367560959,0.4088708884987754,5.109390542689864,6.606524580315868,0.2983413008709744,0.020384401932824515
tide,STORE0006,SKU0102,14,1498.0,1.0,0.3360965060102816,0.507684694506055,35.962326143100135,42.56161302071708,0.33957812184398745,0.22152847798998015
tide,STORE0007,SKU0001,14,1190.0,1.0,0.22734241468636712,0.46273340933959994,19.324105248341205,23.123769613541832,0.2689670304908539,0.009173190049423971
tide,STORE0007,SKU0002,14,756.0,1.0,0.15932251258722965,0.17347532769589552,8.6034156797104,10.131525182776329,0.16647320855971406,-0.02315725949290907
tide,STORE0007,SKU0003,14,248.0,0.9285714285714286,0.2728877962627967,0.18351628246843343,4.83401239094097,7.027814935925162,0.3201759223376213,-0.017622156017209838
tide,STORE0007,SKU0004,14,991.0,1.0,0.18069271395340197,0.22844715166789129,12.79046282341581,15.974269001278607,0.19903495528303647,-0.008123566437694907
tide,STORE0007,SKU0006,14,1090.0,1.0,0.37906732629862444,0.4507709747610262,29.513098976107187,34.67167778245647,0.3457409069892842,0.31573484345220065
tide,STORE0007,SKU0008,14,282.0,1.0,0.2581358835325283,0.42963627843297975,5.1995942254409275,6.153544422065281,0.29840944232472505,-0.07287368833491771
tide,STORE0007,SKU0009,14,700.0,1.0,0.2784988828126199,0.29380031191462747,13.924944140630997,16.34181490519478,0.2892339029515901,-0.08804448218744189
tide,STORE0007,SKU0011,14,253.0,1.0,0.2370676761848799,0.2500300913332628,4.284151576769615,6.121684515683819,0.23171987602835006,0.03322542779300785
tide,STORE0007,SKU0012,14,644.0,1.0,0.28885653525919824,0.3739925627256643,13.28740062192312,16.17541674947642,0.3041444385115848,0.0036225877197893657
tide,STORE0007,SKU0013,14,1056.0,1.0,0.29553641323565344,0.40554560529631206,22.29188945548929,30.1407803171508,0.28796875459598953,0.06181846176938163
tide,STORE0007,SKU0015,14,121.0,1.0,0.2773719683991111,1.001099101247039,2.3972862983066032,3.8119907621833433,0.3003906924972951,0.09818851757232479
tide,STORE0007,SKU0016,14,360.0,0.9285714285714286,0.3145961454113353,0.23436482266585654,8.089615167720051,12.345670150872223,0.3906853265033216,-0.1795992054179996
tide,STORE0007,SKU0018,14,935.0,1.0,0.33688107495447556,0.39323613754259706,22.498843220173903,26.230348505908665,0.35354527525148743,-0.07949793625048794
tide,STORE0007,SKU0020,14,561.0,1.0,0.26120118243761187,0.30952740287683506,10.466704524821449,13.007695942407643,0.2731413560024911,-0.03343065792024546
tide,STORE0007,SKU0022,14,1142.0,1.0,0.28515660978181406,0.2783428755190242,23.260632026487976,28.971549363441135,0.2826434946247227,-0.0963678305322554
tide,STORE0007,SKU0023,14,1017.0,1.0,0.18617472780380614,0.17463668540248983,13.524264155462204,17.553243244097224,0.19069020012684576,-0.1355006629462158
tide,STORE0007,SKU0024,14,611.0,1.0,0.2766372844524974,0.3706508998136714,12.07324148574828,15.118446835964034,0.2761314987702402,0.14062326996630814
tide,STORE0007,SKU0025,14,380.0,1.0,0.1780896172766566,0.18864305687562918,4.8338610403663935,6.001942842295248,0.18616034933281184,-0.06848398614956079
tide,STORE0007,SKU0026,14,1113.0,1.0,0.23861931593627234,0.29891978108642914,18.97023561693365,24.333108812644667,0.25395777481039067,0.004109246011080953
tide,STORE0007,SKU0027,14,1769.0,1.0,0.40803451787221773,1.288727510360577,51.558075865425224,62.09571781290246,0.4725785478208297,-0.11961383502706353
tide,STORE0007,SKU0028,14,1380.0,1.0,0.246502722486746,0.40887965772348583,24.298125502264963,31.645568728844665,0.2721668555903245,0.09026088015926538
tide,STORE0007,SKU0029,14,356.0,1.0,0.27609214646905283,0.4121023296975261,7.020628867355915,8.169280081138725,0.3073892062509679,0.08500666587591708
tide,STORE0007,SKU0030,14,538.0,1.0,0.22957964295078845,0.2454544732146348,8.822417707680298,10.70532070758613,0.22048648543832952,0.0962498317518591
tide,STORE0007,SKU0031,14,763.0,1.0,0.2440073738794828,0.28589817870535983,13.298401876431813,16.697972112415812,0.26107487409657326,-0.06623106306477668
tide,STORE0007,SKU0032,14,940.0,1.0,0.21763157340880715,0.1818996342180917,14.612405643162765,29.199665777715346,0.1827947283218553,-0.09266894884991958
tide,STORE0007,SKU0034,14,1854.0,1.0,0.3483959107158246,0.4446001371835666,46.13757274765277,57.926256553213264,0.3433070790307006,0.05953872064248191
tide,STORE0007,SKU0035,14,2441.0,1.0,0.23622302178825433,0.21690787389934615,41.18717115608063,50.345615541868014,0.2490093082490496,-0.19028662430089868
tide,STORE0007,SKU0036,14,496.0,1.0,0.38432128520498254,0.8313792729611241,13.615954104405095,16.23621413522557,0.44124273964386357,0.043277957457664926
tide,STORE0007,SKU0037,14,1408.0,1.0,0.23901382439991617,0.24171925279571918,24.03796176822014,29.459286515872748,0.25329003828142294,-0.15790552756251544
tide,STORE0007,SKU0038,14,1185.0,1.0,0.2692900641863818,0.37710229179511684,22.793480432918745,26.785265169125744,0.2885005368116933,0.013945033919091038
tide,STORE0007,SKU0039,14,183.0,1.0,0.45317585222618456,1.7540241857429444,5.923655782670841,6.8591658579071115,0.5118131705626483,0.12476531276557182
tide,STORE0007,SKU0040,14,332.0,1.0,0.3022035994744835,0.3736790643378604,7.166542501823465,8.67939992919079,0.29402092016284215,0.19943319067050347
tide,STORE0007,SKU0043,14,512.0,1.0,0.41984706069766375,0.7426278212690324,15.354406791228845,22.283883170088036,0.39355215006161826,0.255682838526528
tide,STORE0007,SKU0044,14,1071.0,1.0,0.23301944255115126,0.31498438049944194,17.825987355163072,23.397770459006463,0.2548293865116486,-0.038268778240256006
tide,STORE0007,SKU0045,14,912.0,1.0,0.20356014192851976,0.27000091245740526,13.260489245629287,15.433037162475859,0.2279671762157322,0.02492698780674804
tide,STORE0007,SKU0046,14,1422.0,1.0,0.2665029791201065,0.24758150171031015,27.069088307770816,35.68132570064835,0.2629005268788719,-0.12317732136827884
tide,STORE0007,SKU0047,14,1027.0,1.0,0.2602179478486695,0.3090859330335832,19.088845174327396,22.986107129487902,0.28956753399717167,-0.16324047297225558
tide,STORE0007,SKU0048,14,761.0,1.0,0.3417934669328287,0.6821098549309237,18.578916309705903,23.4958353993385,0.37076719965716437,0.0452486603516207
tide,STORE0007,SKU0049,14,502.0,1.0,0.43510763362376853,0.5783443204430071,15.601716577080841,16.612983963874896,0.43512340900329666,0.14433922923134956
tide,STORE0007,SKU0050,14,161.0,1.0,0.3779604625602469,0.504192470623691,4.34654531944284,5.160715214595189,0.3551180433168834,0.2156940031305305
tide,STORE0007,SKU0053,14,352.0,1.0,0.38182824012166916,1.4557197652318534,9.600252894487681,12.352283294390729,0.44351624003859547,0.010152849608974052
tide,STORE0007,SKU0055,14,138.0,1.0,0.40939400453508806,0.7142912941662055,4.035455187560154,4.883590801058093,0.42133522992380473,0.2161469057054008
tide,STORE0007,SKU0056,14,279.0,1.0,0.2852102425487855,0.5542887900892174,5.683832690793655,7.18740263109451,0.3279430684877997,0.16044534162122365
tide,STORE0007,SKU0058,14,1027.0,1.0,0.3103973189605327,0.35586008945596653,22.769860469461936,25.657453471568296,0.31001788717345935,0.06715220476998573
tide,STORE0007,SKU0059,14,282.0,1.0,0.26467614596365424,0.26452842736750026,5.331333797267893,6.663371837759855,0.2623003120107245,-0.029128076067562014
tide,STORE0007,SKU0060,14,758.0,1.0,0.20762970825229712,0.25949559994150795,11.241665632517229,13.606460271362133,0.2271667820974919,-0.0936143010803903
tide,STORE0007,SKU0061,14,794.0,1.0,0.429475378403892,1.0092017142538,24.357389318049304,31.207596995593843,0.4457710086294328,0.3487556666799041
tide,STORE0007,SKU0062,14,196.0,1.0,0.19304991213334205,0.2380474916368068,2.702698769866789,3.534168510490429,0.19381687763593472,0.11059656343087956
tide,STORE0007,SKU0063,14,671.0,1.0,0.2103797439322795,0.2237669013209436,10.083200584182824,12.15064565080764,0.21908076592739187,-0.04500083557763969
tide,STORE0007,SKU0065,14,707.0,1.0,0.3486655992731632,0.3392813353277816,17.607612763294743,23.40919819893961,0.2989675577341232,0.07439892815220367
tide,STORE0007,SKU0066,14,279.0,1.0,0.40758897060723387,0.7269090379486812,8.12266591424416,10.025140928324833,0.4159370335119614,0.28875711961779954
tide,STORE0007,SKU0067,14,400.0,1.0,0.31763630479882443,0.4501397657726193,9.075322994252128,11.491149922250957,0.3236849184346153,0.07917886608940011
tide,STORE0007,SKU0068,14,518.0,1.0,0.24249630413386689,0.2864038188790273,8.972363252953075,10.018863172943915,0.2783804758951319,-0.10316968945842123
tide,STORE0007,SKU0072,14,375.0,1.0,0.18850175903819766,0.22729327038876465,5.049154259951723,6.452664436724732,0.19229886646650193,0.05014495470813027
tide,STORE0007,SKU0073,14,119.0,1.0,0.25225522786526394,0.2876794296687229,2.1441694368547433,2.373973457963354,0.2517962986456398,0.11110182500370079
tide,STORE0007,SKU0074,14,734.0,1.0,0.34761838213380936,0.6033047335173448,18.22513517758686,24.92895884144163,0.351179115183501,0.17695805242905857
tide,STORE0007,SKU0075,14,417.0,1.0,0.1841683023879852,0.18542185247046186,5.485584435413559,6.056766073328741,0.19312022810335555,-0.09703651434521872
tide,STORE0007,SKU0076,14,358.0,1.0,0.2568213518381938,0.26882961816533857,6.5672888541480985,7.577876956803502,0.2708196372921338,-0.10925489703383894
tide,STORE0007,SKU0078,14,338.0,1.0,0.2978262401021845,0.44956917530049917,7.190376368181312,9.178220892591778,0.32278073240002,-0.0417865982270288
tide,STORE0007,SKU0079,14,993.0,1.0,0.28950709962215126,0.27212936381939457,20.5343249946283,23.8936722172833,0.29933356002454176,-0.18287717494201078
tide,STORE0007,SKU0080,14,717.0,0.9285714285714286,0.46042113925258354,0.6942635008344862,23.580139774578743,31.534510865901844,0.5107911915393499,0.2664513521759187
tide,STORE0007,SKU0081,14,810.0,1.0,0.1958143416943574,0.18016102302533918,11.32925834088782,14.870976951393525,0.19971155069683838,-0.1340531494973431
tide,STORE0007,SKU0082,14,697.0,1.0,0.26427226704702717,0.3667151325086945,13.156983580841281,17.627227510914572,0.27806212420278337,-0.019630567368418558
tide,STORE0007,SKU0083,14,888.0,1.0,0.3109635441015621,0.38232029068507467,19.723973368727652,23.851836887883778,0.30475426118403665,0.15257502018421373
tide,STORE0007,SKU0084,14,196.0,1.0,0.5293134231195671,1.3524348739277394,7.410387923673939,9.375994234498663,0.49134687365360924,0.4267735896338363
tide,STORE0007,SKU0085,14,893.0,1.0,0.24255288436002456,0.2927903011000804,15.471408980964425,19.53845930481872,0.25560291302710225,0.023212603804340884
tide,STORE0007,SKU0086,14,129.0,1.0,0.25050057081020244,0.2895851882793393,2.308183831036865,3.5552791059723003,0.2697493967272118,0.09572229912419197
tide,STORE0007,SKU0087,14,315.0,1.0,0.2412820274511652,0.4278664784811189,5.428845617651217,6.6397536076709995,0.27193621986343025,0.03340544770547046
tide,STORE0007,SKU0088,14,252.0,1.0,0.27286640582107036,0.3331849983269527,4.911595304779267,5.9897659517672395,0.2742873767808249,0.0977228523707818
tide,STORE0007,SKU0089,14,434.0,1.0,0.2772825135584474,0.5745085964645559,8.59575792031187,12.034416443846736,0.29028923686601454,0.18488023914501497
tide,STORE0007,SKU0090,14,218.0,1.0,0.33177739471005957,0.9367508089240933,5.166248003342356,6.910312727197163,0.383290583640197,0.0489109966817381
tide,STORE0007,SKU0093,14,816.0,1.0,0.25785920280760805,0.29743225840037674,15.029507820786298,17.364359333970157,0.27269591468422766,-0.04899902083035265
tide,STORE0007,SKU0094,14,607.0,1.0,0.3091318679780827,0.4099674345796938,13.403074561621155,15.19040111330215,0.31994398562265575,0.0969941916326296
tide,STORE0007,SKU0096,14,1130.0,1.0,0.2618025006660362,0.3705126537682757,21.131201839472926,26.553309404555897,0.2893406993106833,-0.026967670583083348
tide,STORE0007,SKU0097,14,650.0,1.0,0.4408207376007241,4.8862556225090445,20.466677102890763,27.70198242348003,0.4952462053458674,0.053619561599868235
tide,STORE0007,SKU0098,14,477.0,0.9285714285714286,0.29575248193232095,0.3324437930727134,10.076709562979792,14.276401433414039,0.3688309094086514,0.0846106968358168
tide,STORE0007,SKU0099,14,1133.0,1.0,0.18013756834437383,0.22716453815118912,14.578276066726826,17.728151962389173,0.191852305076801,0.0828622069218723
tide,STORE0007,SKU0100,14,955.0,1.0,0.20103339386254623,0.24934020626226341,13.713349367052261,18.99691813874996,0.20879123634607763,0.012841834491910054
tide,STORE0007,SKU0101,14,165.0,1.0,0.5270359256198005,2.05764425215931,6.211494837661935,8.286261740979594,0.5687896135049341,0.28622200586068475
tide,STORE0007,SKU0102,14,1147.0,1.0,0.289587636430756,0.6164303980827233,23.725501356148367,30.63920752220427,0.3553712512102193,0.05082167311258814
tide,STORE0008,SKU0001,14,1519.0,1.0,0.2680130323108149,0.33844396336588095,29.079414005723415,39.74606201429158,0.2528627813049837,0.1434896316371153
tide,STORE0008,SKU0002,14,1009.0,1.0,0.2110120171016252,0.22745164544370558,15.207937518252846,17.030549524842872,0.21586662270623855,-0.028341045324302254
tide,STORE0008,SKU0003,14,339.0,1.0,0.2824076003919282,0.31015390351473193,6.838298323775976,9.351278680728672,0.28098915730552804,-0.0638561971946671
tide,STORE0008,SKU0004,14,1489.0,1.0,0.24684580845764414,0.28053827735161724,26.25381491381658,28.788261004691304,0.2661090784382846,-0.08741259233753712
tide,STORE0008,SKU0005,14,1579.0,1.0,0.2328515881769453,0.28783414608125835,26.262332695099758,33.19837840723632,0.25190105693907905,-0.024728402855594644
tide,STORE0008,SKU0006,14,1939.0,1.0,0.19639336248244882,0.4848689685056517,27.20048070381916,34.81548143229249,0.2575040137261902,-0.052705859215800614
tide,STORE0008,SKU0007,14,374.0,1.0,0.4000553948943286,2.34392768965547,10.687194120748492,12.787449153491512,0.4627019716715024,0.10314702950854167
tide,STORE0008,SKU0008,14,370.0,1.0,0.26707003395453977,0.2988507748313771,7.058279468798552,7.848153990683655,0.27351221023171285,0.03230842220717623
tide,STORE0008,SKU0009,14,896.0,1.0,0.3073012861397224,4.662006789662369,19.667282312942234,24.901548986788267,0.374221994731376,0.046128572061898764
tide,STORE0008,SKU0010,14,525.0,1.0,0.2735315180873378,0.35676758413241255,10.257431928275167,12.456008993396376,0.2789641611719174,0.11632289876486827
tide,STORE0008,SKU0011,14,338.0,1.0,0.24125254970179524,0.24415932028350365,5.824525842800485,9.08992896786655,0.20961274065932184,0.10719975518750954
tide,STORE0008,SKU0012,14,949.0,1.0,0.2707458601321379,0.30592473335834863,18.352701518957065,22.596314263707146,0.27962836474268804,-0.05688479625300787
tide,STORE0008,SKU0013,14,1894.0,1.0,0.22087494659602422,0.22131993535314004,29.881224918062134,47.0061899417846,0.2253228526641293,-0.14757660017894117
tide,STORE0008,SKU0014,14,903.0,1.0,0.29752643924674027,0.2971277053656286,19.190455331414746,27.69887749542269,0.27935218482994645,-0.003965336310279963
tide,STORE0008,SKU0015,14,189.0,1.0,0.2814684571445763,0.30188863017123796,3.7998241714517795,4.569265163236402,0.28313547446480797,-0.03167799260679495
tide,STORE0008,SKU0016,14,488.0,1.0,0.2575251131719459,0.23063958730780074,8.976589659136398,11.54536199008229,0.25860106115535064,-0.18967239271625327
tide,STORE0008,SKU0018,14,1262.0,1.0,0.263337679563158,0.2845887193152964,23.738010829193247,27.454103328742143,0.2695884430106833,-0.0477673127767436
tide,STORE0008,SKU0020,14,909.0,1.0,0.18071270916255736,0.17626376800279991,11.73341804491176,14.42164214439183,0.1855160970741603,-0.11770495728951509
tide,STORE0008,SKU0022,14,1449.0,1.0,0.2560020506880644,0.30820169848027146,26.496212246214668,30.312014290918967,0.2687140225399954,-0.002358029911816238
tide,STORE0008,SKU0025,14,468.0,1.0,0.3229570408107164,0.5836715873887782,10.795992507101092,12.878190335118122,0.35248051545124987,0.1363685160134606
tide,STORE0008,SKU0027,14,2431.0,1.0,0.24921501099809126,0.28468113571910164,43.274406552597135,52.60230317064691,0.2727456564930283,-0.14391667768892658
tide,STORE0008,SKU0028,14,2184.0,1.0,0.28342334434058897,0.3391715901438568,44.21404171713188,51.106045171756605,0.3130769570031916,-0.14192572740191234
tide,STORE0008,SKU0029,14,460.0,1.0,0.44722294685053304,1.2906210922533354,14.694468253660371,18.812013860409685,0.4715334329688891,0.31092619063326454
tide,STORE0008,SKU0030,14,737.0,1.0,0.23208325780579975,0.2625373059892346,12.217525785919602,13.887468350773919,0.2349334213087699,0.06482390549598514
tide,STORE0008,SKU0031,14,917.0,1.0,0.3726802049628971,0.8490951155442323,24.41055342506976,30.249615594331814,0.43568308646475273,0.09617851366686564
tide,STORE0008,SKU0033,14,1750.0,1.0,0.20817366598854206,0.20128030483362866,26.02170824856776,32.685765686738726,0.21197148455531706,-0.08020483245687182
tide,STORE0008,SKU0035,14,2593.0,1.0,0.38251779269086883,1.8530733888411703,70.84775974624449,84.04274071277945,0.4305267077064448,0.0017041380465457748
tide,STORE0008,SKU0038,14,1628.0,1.0,0.22547974913594676,0.24049255020811452,26.220073685237235,32.13871248893522,0.22472532336524903,-0.010679891371281657
tide,STORE0008,SKU0039,14,321.0,1.0,0.25237804686866094,0.2358487506265375,5.78666807463144,7.319086634541796,0.2547782022309662,-0.13627820245533764
tide,STORE0008,SKU0040,14,505.0,1.0,0.29609926972138556,1.2224164947590703,10.680723657807121,15.645781276729716,0.34228365611803474,0.09856693167514012
tide,STORE0008,SKU0041,14,1837.0,1.0,0.19689695263623963,0.20439551365009118,25.83569299948373,29.949718639520164,0.20321468501829384,-0.041304108187612536
tide,STORE0008,SKU0042,14,281.0,1.0,0.17939128022593123,0.1951446299528515,3.6006392673919057,4.471636696572136,0.18538188398086755,-0.024731438767429115
tide,STORE0008,SKU0043,14,765.0,1.0,0.5050139464225052,4.391787942780653,27.595404929515464,35.80231619122893,0.5634362105027384,0.16665456516797608
tide,STORE0008,SKU0044,14,1387.0,1.0,0.2515662333642518,0.2887724870661759,24.923026119729805,29.50937121439256,0.2684096197855048,-0.07555454265938036
tide,STORE0008,SKU0045,14,1369.0,1.0,0.2169642814302442,0.21424029952171392,21.216007234143166,25.444132253352574,0.2320836552452333,-0.0944434606599323
tide,STORE0008,SKU0046,14,1773.0,1.0,0.20472833835475862,0.25739186719435747,25.927381707356215,36.46865195062636,0.22198185309832286,-0.0839308462933382
tide,STORE0008,SKU0047,14,1012.0,1.0,0.4392490587394386,0.5696343382215143,31.75143196030799,36.01968628703724,0.4024881054240269,0.31844411506143205
tide,STORE0008,SKU0048,14,1241.0,1.0,0.238988058119236,0.25143503944842166,21.184584294712277,26.436346498801615,0.24979736771780586,-0.08650639129709747
tide,STORE0008,SKU0049,14,709.0,1.0,0.2800761244075826,0.3872162439843789,14.183855157498291,16.73743418129389,0.28902065367867913,0.14503070592597248
tide,STORE0008,SKU0051,14,1030.0,1.0,0.37243841969673597,1.3329393902699838,27.40082659197415,35.33601568689078,0.43034309558490547,0.10165419854409787
tide,STORE0008,SKU0055,14,204.0,1.0,0.30993120672783997,0.3771301377371179,4.516140440891382,5.349501012314653,0.29896190718874877,0.1842210387478202
tide,STORE0008,SKU0056,14,385.0,1.0,0.3316027361112766,0.44331622057841674,9.119075243060108,13.689947469602263,0.31147764637969405,0.010312008723821129
tide,STORE0008,SKU0057,14,1252.0,1.0,0.3044179872374979,0.3447503537842832,27.22366571581053,32.28989752625354,0.29062463745416217,0.12755643400742758
tide,STORE0008,SKU0059,14,364.0,0.9285714285714286,0.4482571596187667,0.4510107109593221,11.654686150087935,13.381928414054842,0.4884613663850291,0.16679929169770252
tide,STORE0008,SKU0060,14,906.0,1.0,0.2956786224304809,0.5399585443043391,19.13463085157255,25.14460055647652,0.33092804869167286,0.029088711779798822
tide,STORE0008,SKU0061,14,1310.0,1.0,0.23249251856197292,0.28105822121735324,21.75465709401318,26.16734303286924,0.23626963609722734,0.08060656917742669
tide,STORE0008,SKU0062,14,294.0,1.0,0.3184131220166231,0.9794224954182245,6.686675562349085,8.414068587205445,0.3629806230910753,-0.08866417216701003
tide,STORE0008,SKU0064,14,1430.0,1.0,0.2127289059403299,0.22098630206586936,21.728738249619408,24.835850661481736,0.2108933106430542,-0.0068204994330775285
tide,STORE0008,SKU0065,14,1094.0,1.0,0.22356764230964893,0.2107321100231739,17.47021433476828,23.957087667610615,0.219244106745954,-0.08145017092958784
tide,STORE0008,SKU0066,14,465.0,1.0,0.15419397086189565,0.16531601829007478,5.121442603627249,6.418997109790097,0.15434012212530826,0.03910907836474301
tide,STORE0008,SKU0067,14,589.0,1.0,0.2983972140344673,0.4540624907558497,12.553997076164373,16.853854962668276,0.3206932198489158,0.00864011046511087
tide,STORE0008,SKU0072,14,583.0,1.0,0.20718264038618509,0.25171851709702675,8.62767709608185,11.103966839118137,0.2187711401664015,-0.019933143417632672
tide,STORE0008,SKU0074,14,1162.0,1.0,0.2917932870020858,0.5579156551524669,24.218842821173123,32.75822469696091,0.3187661015667723,0.06138576449835815
tide,STORE0008,SKU0075,14,510.0,1.0,0.22182232443655067,0.3148674298231646,8.080670390188631,10.335899569055,0.23787127732126084,0.03135295212817111
tide,STORE0008,SKU0076,14,476.0,1.0,0.3033533856087056,0.8129242740130682,10.31401511069599,13.760286931599207,0.3633405288692866,0.10063584645344355
tide,STORE0008,SKU0077,14,960.0,1.0,0.23007120603603518,0.772244418207228,15.776311271042413,20.53609382353555,0.3097247855787935,0.10728057966687406
tide,STORE0008,SKU0078,14,541.0,1.0,0.18019370134516924,0.16682360260402312,6.96319945912404,8.393344219407565,0.18446923341898983,-0.13746529316585626
tide,STORE0008,SKU0080,14,1359.0,1.0,0.23748879376220355,1.0776364224517556,23.053376480202473,31.610452995983298,0.2848183010734254,-0.0173602811078773
tide,STORE0008,SKU0081,14,857.0,1.0,0.322391080510375,0.9388513519098501,19.734939714099387,25.84183911608823,0.3433023356149782,0.2524390502180692
tide,STORE0008,SKU0082,14,1036.0,1.0,0.25515070823867936,0.27627145301368533,18.88115240966227,21.94248421744704,0.26599368786411504,-0.065735069408032
tide,STORE0008,SKU0083,14,1555.0,1.0,0.1487445403906254,0.1330828885802295,16.521268593387322,21.347456187868474,0.14695325803274467,-0.12098179892320224
tide,STORE0008,SKU0084,14,433.0,1.0,0.21420909839329147,0.21270158035926992,6.625181400306801,8.711399971841244,0.2223144622925728,-0.1226063325136754
tide,STORE0008,SKU0085,14,1368.0,1.0,0.2396109068520354,0.23827358263036755,23.413408612398886,30.88297587937175,0.24028160924457412,-0.09421585811204072
tide,STORE0008,SKU0086,14,156.0,0.9285714285714286,0.28528930425767235,0.2861444372297957,3.178937961728349,3.9358290141539944,0.37843877240566887,0.1235870984934817
tide,STORE0008,SKU0087,14,544.0,1.0,0.20820551354838218,0.21604156996164595,8.09027138359428,9.64516375717569,0.21420541487739353,-0.09153010682792584
tide,STORE0008,SKU0088,14,350.0,1.0,0.24367216134086406,0.29303046824306833,6.091804033521602,7.401760800876186,0.2504474726019461,-0.007431976650713413
tide,STORE0008,SKU0089,14,751.0,1.0,0.29818888423404133,0.30567632645282516,15.995703718554646,18.68198518710912,0.314809693295119,-0.14305437187989933
tide,STORE0008,SKU0090,14,344.0,1.0,0.306982539871853,0.34857223886006083,7.542999551136958,8.967699559074944,0.3145881188355862,-0.07642553607402212
tide,STORE0008,SKU0091,14,360.0,1.0,0.28334184111323785,1.2731772606517497,7.2859330571975445,11.029623571795383,0.33507278974094223,-0.024649767539098612
tide,STORE0008,SKU0092,14,1494.0,1.0,0.3020614849314484,0.5273739837146045,32.234275606256,40.207623410276256,0.3386024747019825,-0.09975896369103525
tide,STORE0008,SKU0093,14,1165.0,1.0,0.2806795216218149,0.31828035360759843,23.356545906386742,26.82140172147763,0.29629398727288864,-0.07196365752998946
tide,STORE0008,SKU0094,14,1177.0,1.0,0.22170676505972056,0.19648669782516684,18.63920446252079,24.357134268854363,0.22468002565444653,-0.17590044449392922
tide,STORE0008,SKU0095,14,449.0,1.0,0.235034278167066,0.28049192734888706,7.537885064072332,9.199745247072979,0.23921916190742132,0.05859126753014649
tide,STORE0008,SKU0096,14,1339.0,1.0,0.2264666834802931,0.31290362203562233,21.65992065572232,30.260923504964104,0.23373853543565778,0.09924254611375304
tide,STORE0008,SKU0097,14,1035.0,1.0,0.323272416496594,0.40411322826967566,23.899067933855342,32.81834287219791,0.3159655639544138,0.0261611843937558
tide,STORE0008,SKU0098,14,692.0,1.0,0.2162954867586257,0.2448447793225988,10.691176916926356,12.8957121935053,0.2333903336180965,-0.06843948626785785
tide,STORE0008,SKU0099,14,1683.0,1.0,0.2308721108574458,0.2904682458537451,27.754125898077234,33.21066094916594,0.24753912726318106,0.006942138813793391
tide,STORE0008,SKU0100,14,1462.0,1.0,0.19322765958422033,0.20089276325804808,20.17848845086644,21.75755238371286,0.20105343679743942,-0.06918145647956071
tide,STORE0008,SKU0101,14,243.0,1.0,0.38524060566856094,0.8723600946437109,6.686676226961451,8.330127818433697,0.43394941337511217,0.1453054104343822
tide,STORE0008,SKU0102,14,1650.0,1.0,0.23428729946962693,0.31143999438867614,27.612431723206033,35.13422538205175,0.24921741058468502,0.11382355339426896
tide,STORE0009,SKU0001,14,1379.0,1.0,0.2367548812838987,0.24066956409022275,23.320355806464022,31.101067366574387,0.2319899025096772,-0.002219168071651571
tide,STORE0009,SKU0002,14,848.0,1.0,0.34200353648057175,0.5232656524629478,20.71564278110892,25.49946094322664,0.34993424654612354,0.08072775151846069
tide,STORE0009,SKU0003,14,237.0,1.0,0.35705274131419507,0.8896633225981455,6.044392835104588,7.845444849291608,0.39279404053224887,0.21833197717735975
tide,STORE0009,SKU0005,14,1252.0,1.0,0.2932581619879496,0.5806057948794291,26.22565848635092,30.04145936551796,0.34739512172253295,0.03145768907879907
tide,STORE0009,SKU0006,14,1664.0,1.0,0.23588561753715906,0.4596454664424038,28.036690541559476,37.98257742315789,0.26969552682811937,0.032288679355948625
tide,STORE0009,SKU0008,14,367.0,1.0,0.18821136950050135,0.19679072313426849,4.933826614763142,5.977537840330131,0.1982458904067093,-0.1023176594072951
tide,STORE0009,SKU0009,14,705.0,1.0,0.3463776911185325,1.224494741750468,17.442590874183246,23.134725975855172,0.4040689388255737,0.10511078362180168
tide,STORE0009,SKU0010,14,379.0,1.0,0.35116315781997604,0.6318503888708785,9.50648834384078,11.928505477016515,0.3535761653196446,0.23689980945184264
tide,STORE0009,SKU0011,14,293.0,1.0,0.24121712953144786,0.40332572503128533,5.048329925193873,6.704181008680635,0.2623819760435683,0.11796262356581433
tide,STORE0009,SKU0012,14,729.0,1.0,0.3690481574852578,1.0488719703325853,19.216864771910927,24.770928452808903,0.436644559100706,0.09879253954307424
tide,STORE0009,SKU0013,14,1701.0,1.0,0.21794788936190868,0.2468645347564001,26.480668557471905,36.49799285288274,0.24625552400681985,-0.10238653364861446
tide,STORE0009,SKU0015,14,147.0,1.0,0.3989787250462398,1.138524298635166,4.189276612985518,4.936453576031023,0.4469561555990304,0.041855296450600495
tide,STORE0009,SKU0016,14,347.0,1.0,0.45064661110802257,1.3686269958346948,11.169598146748845,14.59967447269134,0.47716088492873887,0.09858244133945218
tide,STORE0009,SKU0017,14,1593.0,1.0,0.2737254200897953,0.2433171075951648,31.146042443074567,41.14337022507576,0.27154087061641335,-0.1877073281703968
tide,STORE0009,SKU0018,14,1416.0,1.0,0.27218426464605117,0.2525388838429317,27.529494195629177,32.66027360430223,0.28901810753212087,-0.2135000092555452
tide,STORE0009,SKU0019,14,230.0,1.0,0.40529217219212144,0.6713409888618684,6.658371400299138,7.452805548389625,0.4575881738272155,0.14276701049761012
tide,STORE0009,SKU0020,14,639.0,1.0,0.21896678874115677,0.4121684080186863,9.994269857542799,13.474989607697154,0.2541081232366858,0.03354646347225347
tide,STORE0009,SKU0022,14,1233.0,1.0,0.3671957147828754,0.8031103745067923,32.33945116623467,38.85784859902525,0.41048454789385025,0.04470607211780065
tide,STORE0009,SKU0023,14,991.0,1.0,0.3784873324025934,0.4294624224957485,26.791496172212145,33.43727038159502,0.3538598111837299,0.07027704887086815
tide,STORE0009,SKU0024,14,724.0,1.0,0.24712092134762337,0.2727054277538853,12.779681932548524,15.42340901409472,0.250192060928672,0.014778290496957388
tide,STORE0009,SKU0025,14,431.0,1.0,0.23059174532288915,0.3532933617151756,7.098931588154659,8.686046316518969,0.25697545285896245,-0.00699397045430484
tide,STORE0009,SKU0027,14,1920.0,1.0,0.1687079320801422,0.22334655741510165,23.137087828133787,35.17118933583004,0.18348806978346807,-0.01420141524503642
tide,STORE0009,SKU0028,14,1576.0,1.0,0.27676579116149935,0.37652467124305106,31.155920490751644,40.59096965173886,0.28273102910005515,0.04947366409447339
tide,STORE0009,SKU0030,14,587.0,1.0,0.236170667517977,0.31519915720061903,9.902298702360893,11.901167224590827,0.24692954850888452,0.14984624655725978
tide,STORE0009,SKU0032,14,997.0,1.0,0.4413908989689148,1.9421728310029933,31.433337590857718,47.07827213788077,0.5056057726197956,0.09521934057500149
tide,STORE0009,SKU0033,14,1735.0,1.0,0.2443470110448943,0.24082966923073149,30.281576011635117,36.247494982208266,0.2620409701932619,-0.1768632662789937
tide,STORE0009,SKU0034,14,2219.0,1.0,0.2677559967321833,0.28377963436252107,42.43932548205105,48.307813136197296,0.26845824978120675,-0.023142309274080727
tide,STORE0009,SKU0035,14,2812.0,1.0,0.24422016099454183,0.23477414008192496,49.05336376547512,59.086807760103824,0.2585683554606676,-0.16603406756083486
tide,STORE0009,SKU0037,14,1292.0,1.0,0.23706496046854383,0.35286214472628463,21.87770920895419,28.523460149427986,0.2534634531196888,0.17371542353539995
tide,STORE0009,SKU0038,14,1253.0,1.0,0.2632525532377184,0.3580373869903825,23.561103514775795,27.115963845988116,0.27486573376695284,0.11658112334364504
tide,STORE0009,SKU0039,14,227.0,1.0,0.25573597020247596,0.7426019646904977,4.146576088283004,5.990185773287927,0.2991945736752285,0.11387702391018538
tide,STORE0009,SKU0041,14,1453.0,1.0,0.2794912448722563,0.7267590023465521,29.007198485670603,45.058508866769564,0.2883464759669941,0.04692964561696318
tide,STORE0009,SKU0044,14,1174.0,1.0,0.2876335012139726,0.9931723160802338,24.12012360180027,31.30132925601865,0.3478187654054646,0.10332428154584901
tide,STORE0009,SKU0045,14,1026.0,1.0,0.28387735800677344,0.7142477631631662,20.804154951067826,24.64811423063809,0.3338344308752529,0.033480516269499216
tide,STORE0009,SKU0046,14,1328.0,1.0,0.25751705129518127,0.2942010749713044,24.427331722857193,32.64189143177083,0.24363516006855354,0.0717716022743305
tide,STORE0009,SKU0047,14,1126.0,1.0,0.26918372861744977,0.28153885812998475,21.650062744517747,25.930103008740854,0.28446734614844627,-0.13942945750382035
tide,STORE0009,SKU0049,14,539.0,1.0,0.26744638204414833,0.30772416751222526,10.29668570869971,11.87975355963493,0.2561182734914294,0.16226740455795644
tide,STORE0009,SKU0050,14,233.0,1.0,0.15786848288289865,0.156477174245201,2.62738260797967,3.157811804865326,0.15223529397941457,0.005631056054556445
tide,STORE0009,SKU0051,14,894.0,1.0,0.2531334257233176,0.37148158889944305,16.164377328331852,20.670781196792895,0.2735951728250974,-0.01043508941487037
tide,STORE0009,SKU0052,14,809.0,1.0,0.16284298093503033,0.16018405435502062,9.40999796974568,11.659890721503409,0.16339035389379242,-0.04875475760385021
tide,STORE0009,SKU0055,14,175.0,1.0,0.19134136461117476,0.32922134763570243,2.3917670576396843,3.3895210076960622,0.22238553586209836,0.10527528233009388
tide,STORE0009,SKU0057,14,986.0,0.9285714285714286,0.4144486046029611,0.9611812345989693,29.189023152751407,37.79035406193373,0.48148835085194863,0.2035034095655538
tide,STORE0009,SKU0058,14,1123.0,1.0,0.40205011719226236,2.726078280738676,32.25016297192219,40.47391002166285,0.462583110682029,0.08820618049071734
tide,STORE0009,SKU0059,14,384.0,1.0,0.2466967032881142,0.2497292456960487,6.766538147331132,7.85799599890229,0.270711151879333,-0.18072960307043537
tide,STORE0009,SKU0060,14,817.0,1.0,0.22730248108000436,0.24071520378136504,13.264723360168826,14.978579872310583,0.23778996160782997,-0.07676166206571587
tide,STORE0009,SKU0061,14,1390.0,1.0,0.25448911055452167,0.34331783650132275,25.267133119341796,30.868388877132677,0.28175190546181367,-0.059706473771085455
tide,STORE0009,SKU0062,14,252.0,0.9285714285714286,0.3429312792759111,0.2681954697094542,6.1727630269664,7.88675636089559,0.40166418766608925,-0.06161488962667429
tide,STORE0009,SKU0063,14,836.0,1.0,0.2600636308946019,0.39175153587334827,15.5295139591348,18.722044244141372,0.3202887255847723,-0.07842085030252652
tide,STORE0009,SKU0064,14,1341.0,1.0,0.2364927765246063,0.30435429878086895,22.65262952282122,26.651323881423554,0.2598071785397085,-0.04311912117881907
tide,STORE0009,SKU0065,14,898.0,1.0,0.1719134938364094,0.1722058732282423,11.027022676078259,15.669619496257358,0.15697050419943567,0.08859205381004474
tide,STORE0009,SKU0066,14,434.0,1.0,0.18678639497484423,0.18319904183058672,5.790378244220171,8.127608118733939,0.1813712976878106,-0.050176534441740764
tide,STORE0009,SKU0067,14,473.0,1.0,0.2669302342011446,0.5508063050361753,9.01842862693867,12.004586476980641,0.29560444707653677,0.03439579583399753
tide,STORE0009,SKU0068,14,556.0,1.0,0.24480450720277708,0.33463322305104576,9.722236143196003,11.74851240504795,0.26965275493826085,0.05283795336590255
tide,STORE0009,SKU0069,14,1072.0,1.0,0.5211971783470905,0.639976029167781,39.90881251343435,51.827721306989986,0.4404990232363722,0.23057092154420047
tide,STORE0009,SKU0070,14,1061.0,1.0,0.3095897148968989,0.829697771264854,23.462477678972125,31.833636613133642,0.34573407253676347,0.19514630652161874
tide,STORE0009,SKU0071,14,412.0,1.0,0.28719785256484975,0.4892383647804768,8.451822518337007,9.680011212725844,0.3261153271847876,0.03458340156870985
tide,STORE0009,SKU0072,14,452.0,1.0,0.3162761232171182,0.6014679981920906,10.211200549581244,12.808327706364919,0.3409667990774688,0.05856322726266192
tide,STORE0009,SKU0074,14,1042.0,1.0,0.21241834656167125,0.19679588306950865,15.809994079804389,27.24533575268508,0.19396216808932826,-0.07035724274157201
tide,STORE0009,SKU0075,14,458.0,1.0,0.26761447536742083,0.2832588548408303,8.754816408448482,11.098487463829585,0.28512876529668757,-0.15925079542138804
tide,STORE0009,SKU0076,14,399.0,1.0,0.26509703161028186,0.35681707598400786,7.555265400893033,9.10307088798977,0.2879302487551216,-0.0285027998775521
tide,STORE0009,SKU0077,14,716.0,1.0,0.3418838814949168,0.6311981048852091,17.484918510740027,26.708062356248686,0.3380080290074008,0.23233766727758234
tide,STORE0009,SKU0078,14,492.0,1.0,0.2293471106035279,0.2171140436199562,8.059912744066837,9.353154191115777,0.24805495591974527,-0.20184099521053064
tide,STORE0009,SKU0080,14,1224.0,1.0,0.21591433388681625,0.2603409368824276,18.877081762675935,24.380953003911713,0.22664822849673752,-0.09247993138372397
tide,STORE0009,SKU0082,14,680.0,1.0,0.3689881691554641,1.1944811022732655,17.92228250183683,22.887741269019248,0.4113060807989774,0.1728059280713703
tide,STORE0009,SKU0083,14,1146.0,1.0,0.284412265827535,0.9244874163866229,23.28117547416822,28.3771354177144,0.33537295489721464,-0.0010250961338294784
tide,STORE0009,SKU0084,14,320.0,1.0,0.30512657635605656,0.41379286148493744,6.974321745281293,9.078286005720768,0.30171107845502787,0.10970448203529246
tide,STORE0009,SKU0085,14,1081.0,1.0,0.2644069527658904,0.31047940539465707,20.415993995709105,26.048832995796563,0.26490076646766775,0.009909217289992974
tide,STORE0009,SKU0086,14,145.0,1.0,0.3080357850453938,0.36052372367634006,3.1903706308272928,3.742783233084552,0.32918883325266535,0.12170920055796233
tide,STORE0009,SKU0087,14,419.0,1.0,0.19824268687528257,0.20174170934127766,5.9331204143388145,7.064020080059036,0.2104548819050627,-0.1168188218510099
tide,STORE0009,SKU0088,14,297.0,1.0,0.24923148035807102,0.2883800342513047,5.287267833310507,6.59909860497153,0.240049515093436,0.10679873582093531
tide,STORE0009,SKU0089,14,533.0,1.0,0.28446533751491515,3.417477161382729,10.830001778246412,15.170692996369887,0.33089080890222194,0.050801323729828506
tide,STORE0009,SKU0090,14,249.0,0.9285714285714286,0.3146910988284909,0.24204333944377246,5.597005972021017,7.9817292055903,0.34808428436549843,0.13238154890003087
tide,STORE0009,SKU0091,14,302.0,1.0,0.21447767318161834,0.26271953619492117,4.626589807203481,5.76801586507335,0.25792070820663715,-0.039529299315578297
tide,STORE0009,SKU0092,14,1306.0,1.0,0.28012863653450215,0.29962585432530425,26.13199995100427,31.015763350575742,0.2968161203339156,-0.13045545691816438
tide,STORE0009,SKU0093,14,889.0,1.0,0.3592201286935214,0.5406219939148976,22.810478172038607,26.627648339807823,0.3756357214619724,0.11365781116905657
tide,STORE0009,SKU0096,14,1393.0,1.0,0.3018983556429963,0.3519592108267031,30.038886386478133,32.342560970410474,0.3411275359642021,-0.17446703331865554
tide,STORE0009,SKU0097,14,932.0,1.0,0.141792395832166,0.13792287357395033,9.439322351112764,13.301878220842616,0.1353691433884802,0.015296972892392216
tide,STORE0009,SKU0098,14,617.0,1.0,0.3132581351527586,0.3694446751805313,13.805733527803719,21.09104380995622,0.3049485570835553,-0.07586836379546988
tide,STORE0009,SKU0099,14,1318.0,1.0,0.4181937768241014,0.8886802079006112,39.369956989583265,46.39231929703743,0.48378973201377073,0.1250011715264937
tide,STORE0009,SKU0102,14,1685.0,1.0,0.26300142244084984,0.25529276442006305,31.65409977234514,41.71556742253155,0.2586639553733704,-0.07412558637040755
tide,STORE0010,SKU0001,14,1348.0,1.0,0.19948667519394128,0.22715983503327955,19.207717011530917,25.301755837154214,0.1906853192267173,0.09696535210265299
tide,STORE0010,SKU0004,14,1388.0,1.0,0.22242891590959535,0.2556847382497934,22.052238234465595,26.36654938721621,0.23704615180561747,-0.09388977218803778
tide,STORE0010,SKU0005,14,1302.0,1.0,0.25121556027217906,0.34145440447366615,23.363047105312653,28.273230560836108,0.27796446366420796,0.02384083806611066
tide,STORE0010,SKU0006,14,1503.0,1.0,0.14738837326734439,0.6216502147696362,15.823194644344186,29.067991267101547,0.18872158226074515,0.07013346758780223
tide,STORE0010,SKU0007,14,334.0,1.0,0.24129240247464545,0.39676399106404164,5.756547316180828,7.417449598924108,0.2721821248761355,0.10841775862578529
tide,STORE0010,SKU0010,14,488.0,1.0,0.2616667756612271,0.3537454507748089,9.120956180191344,12.276320051874457,0.27398064792640237,0.062185946319097185
tide,STORE0010,SKU0011,14,330.0,1.0,0.2155643974171439,0.2380619787217175,5.0811607962612495,6.476710887796666,0.2241361233613735,-0.02506945162710583
tide,STORE0010,SKU0012,14,874.0,1.0,0.2817308895770438,0.44418796260232657,17.58805696359545,20.98531343987871,0.3318004872126777,-0.12933950487528512
tide,STORE0010,SKU0013,14,1626.0,1.0,0.3111167043064731,0.4585218084653885,36.133982943023234,44.379261148214795,0.345540424377267,-0.0690973026562772
tide,STORE0010,SKU0014,14,807.0,1.0,0.20934227643303965,0.24987453241280938,12.067086934390215,16.29231813589342,0.22466287282562095,-0.03855026777448999
tide,STORE0010,SKU0015,14,141.0,1.0,0.2799869777867846,0.3742022349319405,2.8198688477097593,3.2620728056080743,0.3045291247554781,0.043849573411041474
tide,STORE0010,SKU0016,14,400.0,1.0,0.23951869928201316,0.305473324763177,6.843391408057519,7.971296447484227,0.27888050132219455,-0.08797119321543917
tide,STORE0010,SKU0017,14,1321.0,1.0,0.36943438738220025,0.6393624411496415,34.858773266563325,49.6036911036121,0.3693578666032414,-0.011651359374796054
tide,STORE0010,SKU0018,14,1117.0,1.0,0.2045519666077854,0.2284073071999552,16.320324764349735,20.719602694522045,0.21280949358050064,-0.028406554404103074
tide,STORE0010,SKU0019,14,253.0,0.9285714285714286,0.2695727673437168,0.2080032408323435,4.871565009854311,6.824149579063977,0.32706715556743365,0.09925685176184755
tide,STORE0010,SKU0020,14,601.0,0.9285714285714286,0.3380438488912544,0.5775764890795414,14.511739513117421,18.88997599237349,0.4306517982173542,0.11646514061044787
tide,STORE0010,SKU0021,14,697.0,1.0,0.26108488179296196,0.39259680047781564,12.998297329263892,18.085978245954824,0.2760749690558889,-0.012643802414388934
tide,STORE0010,SKU0025,14,401.0,1.0,0.1513087158803565,0.18007113763045196,4.333913933430211,5.652335361223284,0.15756642075770538,0.051287937605446296
tide,STORE0010,SKU0028,14,1787.0,1.0,0.17588748000703608,0.18145190481098136,22.450780483755246,26.77742986350729,0.176466813792279,-0.027349180791666913
tide,STORE0010,SKU0029,14,400.0,1.0,0.305347541960529,1.409601996571992,8.724215484586543,11.914212148508161,0.33953855792343524,0.22446913115358924
tide,STORE0010,SKU0030,14,637.0,1.0,0.19532584012569648,0.24884956848115306,8.88732572571919,10.522777030922578,0.2120376043352353,0.006721937292106508
tide,STORE0010,SKU0032,14,1108.0,1.0,0.2572103619372102,0.2861812995781757,20.356362930459206,22.781332320764086,0.26192119794299645,0.0012147129743451323
tide,STORE0010,SKU0034,14,2551.0,1.0,0.3449161944839841,0.3803224546906901,62.84865800918881,90.01769468080698,0.34807491230956616,-0.1386044693255999
tide,STORE0010,SKU0035,14,2699.0,1.0,0.2629064115168663,0.4877797982432561,50.684600334573005,67.68098482423508,0.28608043352525,-0.011106888988117571
tide,STORE0010,SKU0036,14,589.0,1.0,0.3240852661129282,0.4424951469213286,13.634730124322479,16.96958180790099,0.35369406502305073,-0.013025004380739183
tide,STORE0010,SKU0037,14,1785.0,1.0,0.24345024094291545,0.23794443944553456,31.03990572022172,37.906042026636165,0.25344400032288694,-0.12778007075562087
tide,STORE0010,SKU0038,14,1464.0,1.0,0.21805879975763184,0.366028312106709,22.802720203226645,30.088726821684407,0.2464309816692797,-0.013876625355073887
tide,STORE0010,SKU0039,14,237.0,1.0,0.2667682536541751,0.3495206187923379,4.516005436859964,5.873363026521873,0.2738792160726224,-0.011935744809569639
tide,STORE0010,SKU0040,14,367.0,1.0,0.388774962309663,3.5131958210168177,10.191457940546167,15.462285401256405,0.372726564750011,0.2573171076394099
tide,STORE0010,SKU0042,14,195.0,1.0,0.23289895455941767,0.38284933736633275,3.2439497242204602,4.292697666955958,0.25870989882788503,0.16737529914897112
tide,STORE0010,SKU0043,14,744.0,1.0,0.25232178365322233,0.32947674159435436,13.4091005027141,15.773539259277094,0.27639624408784474,0.05916709983823514
tide,STORE0010,SKU0045,14,1099.0,1.0,0.13316683803201013,0.22276456995441682,10.453596785512795,14.003927467934213,0.16646702588748305,-0.0022201912367588307
tide,STORE0010,SKU0046,14,1367.0,1.0,0.24476708290674545,0.5054668236476424,23.899757309537218,29.85200256401768,0.2898482029007843,0.07814123280560394
tide,STORE0010,SKU0048,14,882.0,1.0,0.30564918501854704,0.9399433640141815,19.255898656168462,25.748218742764852,0.36352675769353776,0.12324577617952129
tide,STORE0010,SKU0050,14,236.0,1.0,0.17118440292483947,0.16303193086052195,2.8856799350187226,3.5046754095145345,0.16462400940069774,-0.019826674700281183
tide,STORE0010,SKU0051,14,907.0,1.0,0.2022165029286422,0.3894546376617484,13.10074058259132,18.65160606157325,0.22442050173310749,0.01849502770721951
tide,STORE0010,SKU0052,14,721.0,1.0,0.23372047450908812,0.3206712945198678,12.036604437218037,16.48681947893575,0.25945080040645563,-0.050579072958352414
tide,STORE0010,SKU0053,14,445.0,1.0,0.25511142700063194,0.2382247756329314,8.108898929662944,10.523780850460755,0.25401510326136884,-0.1156158930852351
tide,STORE0010,SKU0054,14,1116.0,1.0,0.30741878556515445,0.4373441226681157,24.505668906479453,37.12378361615241,0.2730527257044771,0.1739745099219241
tide,STORE0010,SKU0055,14,213.0,1.0,0.188709461184921,0.18954417150418568,2.871079659456298,3.2155928135868908,0.20683834590469719,-0.14012882460474005
tide,STORE0010,SKU0056,14,374.0,1.0,0.15723028013808038,0.1720167354055728,4.200294626545862,4.965013878296986,0.16329427263469468,0.0329877740625612
tide,STORE0010,SKU0057,14,1210.0,1.0,0.26759245074346566,0.5042686371414191,23.127633242828104,28.578516156383376,0.3069867410430294,-0.08881929307014383
tide,STORE0010,SKU0058,14,1183.0,1.0,0.30610677854139134,0.3923855483106173,25.86602278674757,31.95038019585745,0.31248752354001785,0.03797985528233812
tide,STORE0010,SKU0059,14,367.0,1.0,0.24773504266500404,0.27382253244062243,6.494197189861177,8.229830609468458,0.25495916729632595,-0.02434280174362212
tide,STORE0010,SKU0060,14,801.0,1.0,0.3136299121053082,0.4752079486514527,17.94411139973942,21.33379358175673,0.35691434963682617,-0.0642306403331877
tide,STORE0010,SKU0061,14,1199.0,1.0,0.23233428214038954,0.250814040537995,19.89777173473765,23.346703933174634,0.237641494550942,-0.01559457168815124
tide,STORE0010,SKU0063,14,942.0,1.0,0.14549631713984437,0.15970824200142517,9.789823624695243,13.319378874417943,0.15291404006978643,-0.0456046512544848
tide,STORE0010,SKU0064,14,1232.0,1.0,0.25792699809908276,0.3857014910953561,22.697575832719284,31.271832085656385,0.2728194324863655,0.06203171599323105
tide,STORE0010,SKU0065,14,882.0,1.0,0.27083342496901697,0.35696009472747436,17.06250577304807,22.242183688479304,0.28307097089601413,-0.0168242533697849
tide,STORE0010,SKU0067,14,463.0,1.0,0.28468305361017204,0.5328044296183833,9.414875272964975,12.24724009506948,0.31413249819108646,0.11834941259155526
tide,STORE0010,SKU0068,14,623.0,1.0,0.27701238867218775,0.2737400219996327,12.327051295912355,14.27480159666453,0.27100936652723717,-0.0025567408630210596
tide,STORE0010,SKU0069,14,1248.0,1.0,0.2188167780741982,0.3024271122241174,19.505952788328525,24.355687167337354,0.24301320096140455,-0.026352882616376323
tide,STORE0010,SKU0070,14,1503.0,1.0,0.23743620062585138,0.25324130506998027,25.49047211004676,28.096699110645233,0.2594196036571698,-0.14759651429894982
tide,STORE0010,SKU0073,14,138.0,1.0,0.22466374875839967,0.27020772079733574,2.2145426663327967,2.929556323613388,0.2292677112115382,0.03488882820437898
tide,STORE0010,SKU0074,14,952.0,1.0,0.25790330917705073,0.42498667541431734,17.537425024039447,23.555752072262415,0.2966343015335443,0.07251609113499533
tide,STORE0010,SKU0075,14,475.0,1.0,0.23842918914832917,0.29901275439997643,8.089561774675454,10.492152242736655,0.2492450580600322,0.001123265689723885
tide,STORE0010,SKU0076,14,354.0,1.0,0.4694534429793396,1.7778766523764489,11.870465629620444,14.588680284487776,0.48361496865422265,0.19198166300690053
tide,STORE0010,SKU0077,14,817.0,1.0,0.23896823710632606,0.3142122719500416,13.945503551133456,18.428025452970942,0.2450262550492588,0.1420086901887285
tide,STORE0010,SKU0078,14,444.0,1.0,0.3157647581399842,0.35745193323059593,10.014253758153785,12.75776779453139,0.32857781055685137,-0.14951884615449793
tide,STORE0010,SKU0079,14,989.0,1.0,0.3795388333846009,0.5245296376808696,26.81170758695502,29.23540510997868,0.3816868263404967,0.1251832852294949
tide,STORE0010,SKU0080,14,1122.0,0.9285714285714286,0.2679113855473853,0.1835948276294585,21.471183898869022,31.270363228976425,0.3200070361587131,-0.038137306800459694
tide,STORE0010,SKU0081,14,1047.0,1.0,0.20846218976037104,0.19945747370339234,15.589993762793464,19.98536565826614,0.21939687194546245,-0.13738538799640626
tide,STORE0010,SKU0083,14,1272.0,1.0,0.28238250468337,1.0705204373974635,25.656467568374758,31.888388287263737,0.33798064484016466,-0.07111701523018435
tide,STORE0010,SKU0084,14,331.0,0.9285714285714286,0.2884688501651574,0.2368479542730421,6.820227814619079,8.996954408279162,0.364238517244825,-0.02767700495512663
tide,STORE0010,SKU0085,14,1155.0,1.0,0.2586474033567664,1.055282434251295,21.338410776933227,28.511210726030846,0.34081674040779336,-0.017631367389559123
tide,STORE0010,SKU0086,14,146.0,1.0,0.2614677673671914,0.25554703079056373,2.7267352882578533,3.5929204554332355,0.25717784598834886,0.0628036010894407
tide,STORE0010,SKU0087,14,348.0,1.0,0.295224219675056,0.3622269512503073,7.338430603351393,9.133492162255784,0.2879022121392159,0.12611606370488718
tide,STORE0010,SKU0088,14,348.0,1.0,0.26696534620790796,0.4006529339048611,6.635995748596569,8.706632706003186,0.2804586056935339,0.006587311307248785
tide,STORE0010,SKU0089,14,507.0,1.0,0.3522555993379326,1.402835660656154,12.756684918880845,17.993096338197034,0.41873827043543815,0.18158211758337908
tide,STORE0010,SKU0090,14,267.0,1.0,0.12736546034558682,0.13009466936069056,2.429041279447977,3.0057675632879426,0.12835273978040093,0.016350577492712185
tide,STORE0010,SKU0092,14,1253.0,1.0,0.3307360918350425,0.545008275067424,29.600880219236302,35.76137257812459,0.36036064941051776,-0.005748816990940428
tide,STORE0010,SKU0094,14,835.0,1.0,0.30950771184849346,0.6013478986563198,18.459924242392287,27.93890957446371,0.3321003724683118,-0.09914622781516225
tide,STORE0010,SKU0095,14,461.0,1.0,0.18921536531863675,0.2796316765925265,6.230591672277967,8.674354148177182,0.21438871887805908,-0.07650740784934033
tide,STORE0010,SKU0096,14,1170.0,1.0,0.2432236353145696,0.43762474401840273,20.326546665574742,26.514417031685042,0.2710034584476214,0.06662711418918293
tide,STORE0010,SKU0097,14,883.0,1.0,0.3503617011819935,0.8038830402897232,22.097813010264304,26.135352932226144,0.40383093585017144,0.09006015588581222
tide,STORE0010,SKU0098,14,456.0,1.0,0.5263025326039659,2.043953146800775,17.14242534767203,21.02235160088147,0.597739916606152,0.31200892396399943
tide,STORE0010,SKU0099,14,1273.0,1.0,0.22719017110558862,0.3827329382013401,20.65807770124388,24.963738270180666,0.2584829924832784,0.10512078581335543
tide,STORE0010,SKU0100,14,1076.0,1.0,0.4145567974810795,0.6831729084473547,31.86165100640297,37.901170951350316,0.45508320771895655,-0.0028940093192110815
tide,STORE0010,SKU0101,14,214.0,1.0,0.32754041351816177,0.3020836930412689,5.00668917806333,6.376275151481253,0.2659710269873993,0.22463487926487943
tide,STORE0010,SKU0102,14,1666.0,1.0,0.19063885218494597,0.18454452109079003,22.68602341000857,34.394124261741545,0.18264746012237132,-0.07019283513512935
tide,STORE0011,SKU0001,14,1706.0,1.0,0.2773435597547131,0.41545378588549686,33.79629378153861,40.42593745286657,0.3207840782241282,0.04428478629695886
tide,STORE0011,SKU0002,14,963.0,1.0,0.2766148527039926,0.3757784283039262,19.02715022528178,23.562827642178274,0.2844382476422986,0.0843787873898265
tide,STORE0011,SKU0003,14,339.0,1.0,0.2421448521772856,0.27289821020714333,5.863364634864273,6.997113300396774,0.25442736059206794,-0.047033294070678786
tide,STORE0011,SKU0004,14,1501.0,1.0,0.1554239518139615,0.1473642419048485,16.66366797662544,22.399209740606224,0.15582558645683325,-0.08657788563185158
tide,STORE0011,SKU0005,14,1749.0,1.0,0.2025374583445687,0.19013896230739433,25.302715331760762,37.185568629302935,0.20216538967483375,-0.13773141926544696
tide,STORE0011,SKU0006,14,1683.0,1.0,0.31612201639578524,2.7160269048861894,38.00238239957904,46.82056842419835,0.42476801903238165,0.10385468716960099
tide,STORE0011,SKU0007,14,501.0,1.0,0.24788808898347284,0.24466586202098542,8.870852327194278,12.412738567061242,0.2543102551015138,-0.1781184101336305
tide,STORE0011,SKU0009,14,904.0,1.0,0.20201422508547678,0.3398490830180639,13.044347105519359,17.713625147807484,0.2332699782563238,0.03860505995714469
tide,STORE0011,SKU0012,14,988.0,1.0,0.2587959856742304,0.2903091556488423,18.263602417581403,25.302845421215675,0.2635885086506039,-0.0440074126113674
tide,STORE0011,SKU0014,14,814.0,1.0,0.2278688809333396,0.2610823364943048,13.248947791409888,15.413821272484222,0.23494861988473062,0.0647089892178028
tide,STORE0011,SKU0015,14,141.0,1.0,0.3405301720021068,1.25021021715604,3.4296253037355044,4.569879943735247,0.38845436778514125,0.2359075729751076
tide,STORE0011,SKU0017,14,1642.0,1.0,0.24365228864467414,0.25970539745212934,28.57693271103964,35.75749785552855,0.24327606112034433,-0.02732682906443567
tide,STORE0011,SKU0018,14,1152.0,1.0,0.22948097556905406,0.31236649262414595,18.883005989682164,24.062345163862133,0.2377153294500358,0.0762870604424128
tide,STORE0011,SKU0019,14,287.0,1.0,0.265416457645137,0.44065690854001566,5.441037381725309,6.375328319028594,0.3290679949458881,0.08361567198917748
tide,STORE0011,SKU0020,14,659.0,1.0,0.37788846379801383,0.8964367895013119,17.78774983163508,22.589422807762617,0.4118249650679356,0.09589547047225204
tide,STORE0011,SKU0021,14,795.0,0.9285714285714286,0.3109541630972182,0.2436981959650377,17.657754261592032,22.966913610673345,0.3570360415393402,0.10083240970037914
tide,STORE0011,SKU0022,14,1660.0,1.0,0.2624313921160417,0.251856119283185,31.116865065187802,36.15066306593321,0.26412626939062545,-0.10903515744376129
tide,STORE0011,SKU0023,14,964.0,1.0,0.5180931995157254,1.0516702291959121,35.67441745236852,46.53591632666805,0.5006947845869769,0.23221683862196563
tide,STORE0011,SKU0024,14,794.0,1.0,0.340770186248162,0.6361772788984826,19.326537705788617,24.8693875149195,0.37529558128668683,0.008336333505384748
tide,STORE0011,SKU0025,14,459.0,1.0,0.3065757311425334,1.2304268321951308,10.051304328173059,12.949835259026932,0.3505682356749868,-0.008832016426990915
tide,STORE0011,SKU0026,14,1462.0,1.0,0.34705794420510827,1.0491587112986493,36.242765316276305,47.09689816353199,0.3770696700529431,0.13532775237479802
tide,STORE0011,SKU0027,14,2117.0,1.0,0.2904359597684486,1.0490137833065198,43.918066202128976,69.75466096071698,0.313233629985405,0.11544794188865073
tide,STORE0011,SKU0028,14,2051.0,1.0,0.31283907037267894,0.41692820361058514,45.83092380959746,52.10244241985641,0.34164475172245934,-0.053791112332548914
tide,STORE0011,SKU0029,14,540.0,1.0,0.33790089440714677,0.6069228910606943,13.033320212847089,18.149944452399946,0.33945285952580484,0.057539498253518645
tide,STORE0011,SKU0030,14,741.0,1.0,0.25665616877188746,0.421979874226044,13.58444436142633,18.153079920933763,0.2865685159023143,0.024502385408892716
tide,STORE0011,SKU0031,14,1024.0,1.0,0.25993498662774916,0.2722130646601099,19.012387593343938,25.816929367837513,0.24759894510366623,-0.01849789859339966
tide,STORE0011,SKU0033,14,1477.0,1.0,0.2900525876812502,1.02898738753612,30.600548000371898,43.634310810950836,0.32781931740624237,0.010463663635774698
tide,STORE0011,SKU0034,14,2864.0,1.0,0.2882542253245553,0.30892723989382415,58.96857866639474,68.41208928115901,0.30594515376076525,-0.13900279701939128
tide,STORE0011,SKU0035,14,2625.0,1.0,0.42305849386571964,0.7466742683403839,79.32346759982242,90.20393767725001,0.48486896023403137,-0.06347683628076224
tide,STORE0011,SKU0036,14,745.0,1.0,0.21316179651948755,0.25588512093787896,11.343252743358445,13.132263438123177,0.23393871688574727,-0.07036874826412359
tide,STORE0011,SKU0037,14,1945.0,1.0,0.2615233073463771,0.343598703354986,36.33305948490739,44.725792985814444,0.28206738585866653,-0.03755643176609871
tide,STORE0011,SKU0038,14,1762.0,1.0,0.26718690222283276,0.33530601541122207,33.62738012261652,39.54368186761144,0.28624804131991866,-0.010603055086120501
tide,STORE0011,SKU0039,14,264.0,1.0,0.4194341264819808,1.696311043255665,7.909329242231638,8.776258566590839,0.4793135242531402,0.0801890179658138
tide,STORE0011,SKU0040,14,548.0,1.0,0.2023077290288736,0.23133301704170178,7.918902536273052,9.784159931126942,0.2125075904504523,0.03217017937996737
tide,STORE0011,SKU0041,14,1678.0,1.0,0.3113390659742933,0.62686065448606,37.316210907490294,45.02619954896896,0.360591209057055,0.04770779406858767
tide,STORE0011,SKU0043,14,803.0,1.0,0.36097686801404144,0.8896980149975677,20.704601786805377,25.558038222555474,0.42057931893464257,0.11349582289941765
tide,STORE0011,SKU0044,14,1262.0,1.0,0.3050157181039221,0.7443318155518123,27.49498830336783,38.975478916375074,0.32018405415782414,0.12556992994899838
tide,STORE0011,SKU0046,14,1787.0,1.0,0.1929375146877791,0.25276019646806425,24.627095624790087,29.907651094111436,0.21492603802412827,-0.056509514194291614
tide,STORE0011,SKU0047,14,1260.0,1.0,0.23212637019289667,0.23408475399916945,20.8913733173607,24.17137660138363,0.24051708576076836,-0.1133195364700479
tide,STORE0011,SKU0048,14,1120.0,1.0,0.3091336530397804,1.0705168610609779,24.730692243182432,31.534369940522428,0.4111951189417831,0.01724455531808908
tide,STORE0011,SKU0050,14,248.0,1.0,0.2984299013681895,0.7984042897503313,5.286472538522213,6.501264677211827,0.33708786672194135,0.07028515158661017
tide,STORE0011,SKU0051,14,1127.0,1.0,0.2776893608467899,0.3463254480903892,22.35399354816659,26.561644811333128,0.29451782003283544,0.004685123656442432
tide,STORE0011,SKU0052,14,860.0,1.0,0.25981823802699205,0.4003098071185999,15.960263193086655,23.280820748565734,0.2790766848939942,-0.03582763902964887
tide,STORE0011,SKU0053,14,465.0,1.0,0.30101002711894903,1.2112350040276447,9.997833043593664,12.641951697275601,0.35815976459578147,0.014531042916552413
tide,STORE0011,SKU0054,14,1640.0,1.0,0.2014362916093206,0.21171060917320322,23.596822731377557,30.134967651472163,0.21033384935484087,-0.07630563802521523
tide,STORE0011,SKU0055,14,192.0,0.8571428571428571,0.4443500897429755,0.7070999805048176,6.093944087903664,8.460447199608026,0.5513942711221081,0.22566617892904572
tide,STORE0011,SKU0056,14,400.0,1.0,0.27928123410281214,0.44373554453977626,7.979463831508919,9.094312347093622,0.3479590896236906,-0.07203707897505236
tide,STORE0011,SKU0058,14,1296.0,1.0,0.35620026924425124,0.7523965164916345,32.97396778146783,41.12934900244071,0.383956541100233,0.04461896567019337
tide,STORE0011,SKU0059,14,425.0,1.0,0.2428971298967239,0.3253650799797362,7.373662871864832,9.942461442524678,0.2567191996286439,-0.08471689883140897
tide,STORE0011,SKU0061,14,1435.0,1.0,0.2521348471406286,0.34871706588078727,25.843821831914433,34.43832760782277,0.2705406759362701,0.01312393542944863
tide,STORE0011,SKU0062,14,249.0,1.0,0.30483865708956787,0.5762599630955549,5.421773258235886,6.974654090385143,0.33393263573921667,0.15441978727077063
tide,STORE0011,SKU0064,14,1470.0,1.0,0.23636048211201754,0.23738745420452162,24.817850621761842,31.02566183173816,0.2389337852637108,-0.07723518786922814
tide,STORE0011,SKU0065,14,1013.0,1.0,0.25473874851677397,0.3007389942346443,18.432168017678002,24.065581011787163,0.2651824503399209,-0.0321745699049859
tide,STORE0011,SKU0066,14,486.0,1.0,0.25256297895934504,0.2729863349607073,8.767543412445834,9.807320880554729,0.25642496431139433,-0.006167937074093272
tide,STORE0011,SKU0067,14,553.0,1.0,0.34493253825051656,0.6425028513277603,13.624835260895406,17.309235895770424,0.37531916199318954,0.07349990207689493
tide,STORE0011,SKU0068,14,657.0,1.0,0.22084906528353734,0.2246659534618883,10.364131135091716,12.421826937599882,0.2225760110481203,-0.028529969449603874
tide,STORE0011,SKU0069,14,1593.0,1.0,0.17026942482632743,0.17160354687078389,19.374228124881398,27.47880226316784,0.17418158459471073,-0.08831643788083071
tide,STORE0011,SKU0070,14,1494.0,1.0,0.25228343928536956,0.6277813307113869,26.92224702088158,35.46289104347932,0.29094717839624706,0.026706388714341257
tide,STORE0011,SKU0071,14,524.0,1.0,0.22797582156252674,0.23288928132470924,8.532809321340286,9.88835836992099,0.23842124686058602,-0.1016781386819173
tide,STORE0011,SKU0072,14,561.0,1.0,0.28646159429810036,0.3990893374139676,11.478925314373878,13.793594998595946,0.3011446022353205,0.062426311981236354
tide,STORE0011,SKU0073,14,184.0,0.9285714285714286,0.26304107660519216,0.19086589347842817,3.4571112925253824,4.555765787627977,0.3450161214089378,-0.11051350720423174
tide,STORE0011,SKU0074,14,1107.0,1.0,0.2749534757195508,0.332967403410589,21.740964115824482,25.167261641134257,0.2849947718502837,0.02877642349578726
tide,STORE0011,SKU0077,14,1037.0,1.0,0.2352543874732296,0.2601319370628137,17.425628557838508,24.049712350780997,0.23804721456112846,-0.07342444106245262
tide,STORE0011,SKU0078,14,447.0,1.0,0.17765068961271138,0.20508918593452435,5.672132732634428,6.526552771916059,0.18055961745935226,0.1000015939477126
tide,STORE0011,SKU0079,14,1376.0,1.0,0.2988184467619874,0.32495108181796234,29.369584481749616,33.45071123285627,0.3163612322699799,-0.11476318473254303
tide,STORE0011,SKU0082,14,908.0,1.0,0.3160542045679255,0.4532629904213948,20.498372696262596,24.994283151192572,0.34198031531790846,0.038926598898738174
tide,STORE0011,SKU0083,14,1365.0,1.0,0.3240148199039111,0.6082064158367426,31.591444940631334,37.76413573569649,0.3543096978510928,-0.004542064031144125
tide,STORE0011,SKU0085,14,1342.0,1.0,0.3028235125702738,0.5146013936181132,29.027796704950532,33.73244015391875,0.3506092839579686,-0.09651048439449302
tide,STORE0011,SKU0086,14,173.0,1.0,0.3373127584078213,0.4127564606792346,4.168221943182363,5.019565358556493,0.3747750365170067,0.051917811471951625
tide,STORE0011,SKU0087,14,463.0,1.0,0.18572685212636147,0.23222713731652286,6.14225232389324,7.415569029807318,0.20337872537823642,0.0013877403887675465
tide,STORE0011,SKU0088,14,400.0,1.0,0.20439297613906998,0.18900297829701926,5.839799318259142,8.400354171343666,0.1985478367574616,-0.08507870518149391
tide,STORE0011,SKU0089,14,668.0,1.0,0.2687913511495623,0.38884765949556155,12.825187326279117,18.148858627772512,0.28515927068461144,-0.029092714345661512
tide,STORE0011,SKU0090,14,347.0,1.0,0.17923679393948164,0.201420019703547,4.4425119640714374,5.7505696935184565,0.18488592238342672,-0.050347715664602374
tide,STORE0011,SKU0094,14,891.0,1.0,0.2931725427171996,0.360405180098351,18.658338254358917,23.87057226545093,0.29717768627477786,0.04007926345386564
tide,STORE0011,SKU0095,14,484.0,1.0,0.3101113539874056,0.35242225242202785,10.720992523564593,12.500043678010275,0.3237448876059289,-0.08109193803212676
tide,STORE0011,SKU0096,14,1533.0,1.0,0.24946499380295425,0.8778819033437664,27.31641682142349,35.0871285925772,0.31298892739935086,-0.06649436985886162
tide,STORE0011,SKU0097,14,1139.0,1.0,0.3181462330333975,0.4213917953492215,25.88346853035998,30.59181671182443,0.3522244778925088,-0.07537991892266512
tide,STORE0011,SKU0098,14,576.0,1.0,0.4434540024982781,1.9396171644557785,18.24496467421487,22.8032717806997,0.47261266166590205,0.12087513446963803
tide,STORE0011,SKU0100,14,1173.0,1.0,0.37904633415781763,0.48397120766082996,31.75866785479429,35.65261387540475,0.3815411230200598,0.09112674056869959
tide,STORE0011,SKU0101,14,290.0,1.0,0.13272274737378803,0.12373074932352572,2.7492569098856094,4.06683045672681,0.12952832117753182,-0.04192629587941477
tide,STORE0012,SKU0001,14,1615.0,1.0,0.35580536030440735,0.6494395394951861,41.0446897779727,50.33424913663315,0.41092791731303063,-0.2176714423560068
tide,STORE0012,SKU0002,14,1021.0,1.0,0.2224105558393998,0.21190053496159938,16.220084108001945,21.51894297583008,0.23274494821562017,-0.1697125484081337
tide,STORE0012,SKU0004,14,1315.0,1.0,0.2428145860169473,0.3266201113013175,22.807227186591835,29.747351055427533,0.26032924207504365,-0.0855300782171233
tide,STORE0012,SKU0005,14,1255.0,1.0,0.3111000943276807,0.42334097826715317,27.887901312945665,36.13186340761082,0.3285700250504196,-0.02046442569748369
tide,STORE0012,SKU0006,14,1388.0,1.0,0.2100037746591411,0.35722281430898206,20.82037423049199,29.969257394551995,0.24068153932001693,0.14284558364714503
tide,STORE0012,SKU0007,14,380.0,1.0,0.1862853734297732,0.19755527599977024,5.056317278808129,7.234207963588228,0.18222049169854346,-0.010439811572200709
tide,STORE0012,SKU0008,14,336.0,1.0,0.2714076677694777,0.3064534663934576,6.513784026467465,8.191017860895979,0.281723882813793,-0.07726625130705315
tide,STORE0012,SKU0009,14,708.0,1.0,0.2450830040539294,1.4285705370081152,12.39419763358443,18.562927581007482,0.32528261547093323,0.06645224044607408
tide,STORE0012,SKU0010,14,552.0,1.0,0.23654461569905985,0.24960516034558797,9.32661627613436,10.849159262407564,0.2435048778360523,-0.05666097941756938
tide,STORE0012,SKU0013,14,1554.0,1.0,0.369620585235557,2.8742020043475587,41.027884961146825,47.440062407934924,0.4691275117243151,-0.10556532239064181
tide,STORE0012,SKU0014,14,766.0,1.0,0.2988856502466615,0.3580494059037975,16.353314863495907,18.097322338110143,0.31119319079166335,-0.017325203630831256
tide,STORE0012,SKU0015,14,171.0,1.0,0.262216447913355,0.27874156511180204,3.2027866137988363,3.628565110005434,0.2768599663459002,-0.10910860494337217
tide,STORE0012,SKU0016,14,394.0,1.0,0.3103049493932042,0.8607772433258415,8.73286786149446,10.525462434943911,0.3698194201158987,-0.014546655644211728
tide,STORE0012,SKU0017,14,1482.0,1.0,0.2753934377343707,0.44750346453435397,29.152362480166953,34.05073180762536,0.31785583422823693,-0.032659610283335166
tide,STORE0012,SKU0018,14,1143.0,1.0,0.24098817843746473,0.34432474591268114,19.6749634252873,23.5677714415995,0.26834503970407236,-0.04254978891036847
tide,STORE0012,SKU0019,14,256.0,1.0,0.26352820785741277,0.3029558323994489,4.818801515106976,6.148656086231903,0.27400585465158783,0.05736693375520538
tide,STORE0012,SKU0020,14,770.0,1.0,0.29640355160648607,0.322007088633518,16.302195338356732,21.772534702171733,0.30683283822281326,-0.15482959790157388
tide,STORE0012,SKU0022,14,1162.0,1.0,0.3508776394473226,0.6266663389122449,29.122844074127777,35.899756185771714,0.3833004048114879,0.0861833725100706
tide,STORE0012,SKU0023,14,986.0,1.0,0.2154680152613885,0.22709302090134614,15.17510450340922,19.777522912231756,0.19486263908332976,0.162758117729905
tide,STORE0012,SKU0025,14,456.0,1.0,0.19640968623367658,0.1807484400080829,6.3973440658968945,8.024886625948112,0.19338862525575387,-0.10300224736830238
tide,STORE0012,SKU0026,14,1485.0,1.0,0.2460895873596861,0.31855535616106856,26.103074087795278,32.739553442174184,0.2770569146977101,-0.1384635874441754
tide,STORE0012,SKU0027,14,2358.0,1.0,0.2674749715071608,0.2407221077897761,45.050427343848945,63.17242943204964,0.2632650978753932,-0.19174127832786958
tide,STORE0012,SKU0028,14,1723.0,1.0,0.26808314119334303,0.2787836874775009,32.99337516258071,41.47214368812655,0.2596267516495465,0.008625659799167141
tide,STORE0012,SKU0029,14,423.0,1.0,0.2798408305855577,0.37564850854312476,8.455190809835065,10.274044988858154,0.28617799757297135,0.19465856505772153
tide,STORE0012,SKU0030,14,750.0,1.0,0.2303008581807625,0.25301832548659214,12.337545973969421,16.092030530020242,0.236899579189843,-0.06851642705690669
tide,STORE0012,SKU0032,14,1098.0,1.0,0.18403452528959213,0.208994949261264,14.43356491199801,18.736840978690854,0.1881199885398746,0.02821022224573997
tide,STORE0012,SKU0033,14,1467.0,1.0,0.15352961169645019,0.14862994054503814,16.087710025620886,19.037636887647874,0.15815685021000467,-0.09378156175574368
tide,STORE0012,SKU0034,14,2784.0,1.0,0.3151988350033048,0.2556852641892312,62.679539760657185,92.71619906088594,0.303195338257948,-0.2789784156117441
tide,STORE0012,SKU0035,14,2425.0,1.0,0.21188664669930976,0.2206373335172946,36.701794160416156,40.982969605882346,0.20457535796598397,0.0549504120447712
tide,STORE0012,SKU0036,14,655.0,1.0,0.24578870944089035,0.2602028642761339,11.499400334555942,14.057694602175964,0.24663811063431104,-0.011444229484730816
tide,STORE0012,SKU0037,14,1387.0,1.0,0.3193185714979012,0.6330544915093705,31.635347047684924,41.4527354785753,0.34519085992056625,0.1359743931585612
tide,STORE0012,SKU0038,14,1419.0,1.0,0.21297923200719662,0.258202866933536,21.586966444158,26.173243648406032,0.23678684588307594,-0.06494916357676453
tide,STORE0012,SKU0039,14,229.0,1.0,0.3265258149340792,0.4343640638106419,5.341029401421723,6.882349236407982,0.3341258674459872,0.018582255110139695
tide,STORE0012,SKU0043,14,719.0,1.0,0.3540070682967788,0.34337146587477646,18.180791578955997,21.866674937853794,0.3419222994611962,-0.042297575235533943
tide,STORE0012,SKU0044,14,1271.0,1.0,0.14429193119723552,0.13228336038139807,13.099646039406167,18.10061366359004,0.1409265609585409,-0.0762500016354598
tide,STORE0012,SKU0046,14,1369.0,1.0,0.2927760480608998,0.39988392846333587,28.6293149853837,33.77742733374208,0.2973039278095343,0.1925763678135556
tide,STORE0012,SKU0047,14,1060.0,1.0,0.33863985417383524,0.8364303509244226,25.63987467316181,32.13469625150657,0.3686172504268926,-0.03238990011590303
tide,STORE0012,SKU0048,14,1115.0,1.0,0.21350665113759718,0.23287751425922582,17.004279715601488,22.923652209392117,0.2230479205366713,-0.128560833125914
tide,STORE0012,SKU0050,14,260.0,1.0,0.2396553158065577,0.23610147976595314,4.450741579264642,5.757292965881619,0.2427960339875063,-0.10565153178722214
tide,STORE0012,SKU0052,14,731.0,1.0,0.2694796832730468,0.3086964492777121,14.070689176614085,16.697972907475897,0.26432254945750544,0.056817134996965654
tide,STORE0012,SKU0053,14,428.0,1.0,0.3603298783544356,0.45659563254014973,11.015799138264173,12.167963530212678,0.3664125661163432,0.053592509532626835
tide,STORE0012,SKU0054,14,1213.0,1.0,0.3159608395020208,0.3458292467190475,27.375749879710803,35.34715221191548,0.29161141785639505,0.06349111619688028
tide,STORE0012,SKU0055,14,187.0,1.0,0.27169238177502736,0.32000682702379624,3.6290339565664373,4.514614468459432,0.27822959061617974,0.016346437226344566
tide,STORE0012,SKU0056,14,336.0,1.0,0.2300904808227765,0.7484154192286203,5.522171539746636,6.822931346351678,0.29256946699330655,0.009643994598584671
tide,STORE0012,SKU0057,14,1032.0,1.0,0.27923057586203104,0.3002993843187175,20.583282449258288,23.46549991196775,0.2692433585796137,0.06832677077788503
tide,STORE0012,SKU0058,14,1174.0,1.0,0.2706560300794667,0.5053661631115045,22.696441379520994,29.093940042276447,0.30295258368284667,0.0015587507582977534
tide,STORE0012,SKU0059,14,346.0,1.0,0.25704313662489453,0.41323452366365554,6.352637519443823,8.168453263314198,0.2729234447910174,0.023144621183661486
tide,STORE0012,SKU0060,14,689.0,1.0,0.33321516316001343,1.0970627111469184,16.398946244089235,21.979954789801408,0.38195380008254265,0.1205391668124855
tide,STORE0012,SKU0061,14,1301.0,1.0,0.16122213221182935,0.152032172491502,14.98214242911357,19.774373486626324,0.15868464624047693,-0.07736439798347959
tide,STORE0012,SKU0062,14,192.0,1.0,0.3625890016875584,0.8084266526078182,4.972649166000801,6.4371621654732625,0.3736423918162868,0.20735104076255892
tide,STORE0012,SKU0064,14,1122.0,1.0,0.26061705167800364,0.6334353157228829,20.886595141622866,29.26530475284645,0.29950646949613086,0.049754466553882035
tide,STORE0012,SKU0065,14,842.0,1.0,0.2116533991971802,3.572005666941606,12.729440151716123,18.536458897966686,0.2847623364512449,0.06683450474380492
tide,STORE0012,SKU0066,14,381.0,1.0,0.2151754537081495,0.38763312156244306,5.855846275914639,8.44222612146483,0.2570810026363959,0.006255461227666128
tide,STORE0012,SKU0068,14,534.0,1.0,0.2869502964894911,0.3118856432048828,10.94510416609916,15.177888557414322,0.2638001599600831,0.028669900434078202
tide,STORE0012,SKU0070,14,1370.0,1.0,0.2829760481990935,0.30042635264228984,27.691227573768433,30.132755537457577,0.2918505038703104,-0.05670229961300973
tide,STORE0012,SKU0071,14,404.0,1.0,0.23952573338618616,0.24493860631010736,6.912028306287086,8.396998097613377,0.24314969092164324,-0.06111896049592256
tide,STORE0012,SKU0072,14,546.0,1.0,0.2711236965815497,0.35848218350713523,10.573824166680438,12.469831581422651,0.30235544988151125,-0.07761666934978081
tide,STORE0012,SKU0074,14,1015.0,1.0,0.2505915455992269,0.4026877977638798,18.167887055943954,22.02529752475062,0.29307528894257867,0.03692869351075613
tide,STORE0012,SKU0075,14,499.0,1.0,0.20168282743199809,0.2013149646153133,7.188552206326217,9.131150957610851,0.21422221846276493,-0.1355622225843593
tide,STORE0012,SKU0076,14,375.0,1.0,0.31543834714882746,1.3684910373886263,8.44924144148645,11.46413829449752,0.3288824836611522,0.12997597576220823
tide,STORE0012,SKU0077,14,784.0,1.0,0.302699418612516,0.45799050461791274,16.951167442300893,24.333858845116726,0.3012795537918972,0.13452093654475059
tide,STORE0012,SKU0078,14,414.0,1.0,0.2391386469011096,0.26189994864930993,7.071671415504241,7.899947216938337,0.243704346615445,-0.0009058820491072868
tide,STORE0012,SKU0080,14,1230.0,1.0,0.28279117051509867,0.3121328450818634,24.845224266683665,32.33641903715728,0.29707193764387935,-0.14011439267833006
tide,STORE0012,SKU0081,14,967.0,1.0,0.2889795237376368,0.4208856701339555,19.96022853244963,23.731035086918826,0.3169284613223796,0.018867241302702
tide,STORE0012,SKU0083,14,1138.0,1.0,0.3415097709288044,2.519172368128075,27.75986566549853,35.741599501973,0.4022616188747425,-0.0030180335693565704
tide,STORE0012,SKU0084,14,351.0,1.0,0.23290987671833543,0.2685018047763566,5.839383337723981,6.565374723613938,0.2470346626753696,-0.02342097026095816
tide,STORE0012,SKU0085,14,1133.0,1.0,0.1799382614619944,0.1759362247407534,14.562146445459975,18.630260519099963,0.17508932545223907,-0.06672659128808836
tide,STORE0012,SKU0086,14,129.0,1.0,0.3783358521452179,0.413565483516302,3.486094637623794,5.140600086308578,0.3107115347268951,0.24139315531955483
tide,STORE0012,SKU0088,14,320.0,0.9285714285714286,0.3018942140435892,0.20438084155710487,6.900439178139181,10.479352635512777,0.3360088904939138,0.03899155259315048
tide,STORE0012,SKU0089,14,590.0,1.0,0.2107065505898391,0.2006452404975459,8.879776060571789,12.534184797815353,0.2049034874059922,-0.04528039573951238
tide,STORE0012,SKU0091,14,223.0,1.0,0.5082912279769591,0.6923794095296127,8.096353131347277,10.071693260537568,0.4628023176497663,0.3586141747266545
tide,STORE0012,SKU0092,14,1293.0,1.0,0.2790730567729654,1.6469477087662803,25.774390171960306,34.9693855364239,0.33428396601414706,-0.031389506402720375
tide,STORE0012,SKU0094,14,813.0,1.0,0.20885646628806379,0.25954597312231764,12.128593363728275,14.572756944508258,0.22057992999734805,-0.010171079150010236
tide,STORE0012,SKU0095,14,442.0,1.0,0.22067567023061296,0.19290672972786055,6.967046160137924,9.775206968506161,0.21395245607921068,-0.1499126365505158
tide,STORE0012,SKU0096,14,1219.0,1.0,0.28218967186216265,0.5384687092649453,24.57065785714116,36.34032614995769,0.2940168747196565,0.028549523067619355
tide,STORE0012,SKU0097,14,907.0,1.0,0.351418698249737,0.6850018411921851,22.766911379465103,26.58132865095892,0.41020267792837933,-0.048538813110122814
tide,STORE0012,SKU0098,14,579.0,1.0,0.1484288125134504,0.15554836969296265,6.1385916032348415,7.475379120194086,0.15205857110331053,0.016857318784344474
tide,STORE0012,SKU0099,14,1401.0,1.0,0.23695354446303468,0.6379022653835752,23.7122796994794,31.33312996081483,0.29675677194131644,0.009274887447898988
tide,STORE0012,SKU0100,14,1159.0,1.0,0.3383815589101568,0.7594160039044641,28.01315905549084,33.148209163779974,0.3871277580317824,-0.08494673043444835
tide,STORE0012,SKU0101,14,250.0,1.0,0.2767996485424488,0.2899279985288384,4.942850866829444,6.391066573446373,0.2537154354392913,0.06444260698757713
tide,STORE0013,SKU0001,14,745.0,1.0,0.3286334047885847,0.45601990665765435,17.48799189767826,19.964686275713557,0.3435586215826806,0.11720171047089671
tide,STORE0013,SKU0002,14,399.0,1.0,0.4586028293821781,0.994583613929101,13.070180637392076,15.661423620684511,0.46158408141962354,0.22327642749996313
tide,STORE0013,SKU0003,14,142.0,0.9285714285714286,0.32400976387255076,0.5745544033717912,3.2863847478501578,4.7766496519887935,0.40533206609727995,0.14064944937045598
tide,STORE0013,SKU0006,14,938.0,1.0,0.4058597428206474,0.5604585460062694,27.192602768983374,33.2988011699924,0.42100386719855615,0.005264687273176381
tide,STORE0013,SKU0008,14,179.0,1.0,0.22077092564023867,0.30077876833019107,2.8227139778287658,3.4062082773432407,0.23509527915114092,0.11853428274665574
tide,STORE0013,SKU0009,14,401.0,1.0,0.15983238902570512,0.16945376644159868,4.57805628566484,6.020556780389072,0.15662567360793145,0.029262090885862867
tide,STORE0013,SKU0013,14,796.0,1.0,0.3083104563993739,0.6160935865283201,17.529651663850114,22.05194476229582,0.348325659655696,0.1275209220701405
tide,STORE0013,SKU0014,14,483.0,1.0,0.24679714461799687,0.27885187251296345,8.514501489320892,9.631196839727336,0.2670778158242358,-0.09671587934178266
tide,STORE0013,SKU0015,14,98.0,1.0,0.19148157946541128,0.1925194599075945,1.340371056257879,1.572239667796763,0.19482015451615844,-0.03493412104402982
tide,STORE0013,SKU0017,14,772.0,1.0,0.1701343215374696,0.7103988435310349,9.38169258763761,14.000741430553171,0.2234208378206725,0.0460323766358642
tide,STORE0013,SKU0020,14,390.0,1.0,0.25208522513000886,0.2544507621572493,7.022374128621676,8.898907150819946,0.23918164841759104,0.028342019477960598
tide,STORE0013,SKU0024,14,496.0,1.0,0.24449906430783575,0.25095121513190705,8.662252564049037,10.911443275266869,0.2518138948336996,-0.08728207944050016
tide,STORE0013,SKU0025,14,206.0,1.0,0.3898480029925921,0.7274429755269723,5.736334901176712,7.591933250536992,0.38763519834887417,0.2615357763129672
tide,STORE0013,SKU0026,14,724.0,0.9285714285714286,0.32232108267200443,0.360643410081603,16.66860456103794,24.17416614324404,0.37411877078411554,0.12256342407654501
tide,STORE0013,SKU0027,14,1226.0,1.0,0.2397412561788067,0.2578754583099499,20.99448429108693,28.075811182537617,0.24187569609028614,-0.06391084731421297
tide,STORE0013,SKU0028,14,879.0,1.0,0.3770731442791567,6.083669745125714,23.674806701527054,31.11981702715216,0.44941405811952817,0.1251160564899103
tide,STORE0013,SKU0031,14,543.0,1.0,0.24583995607411277,0.24277249349985017,9.535078296303087,11.745254819627089,0.2435932932001777,-0.08050436575924713
tide,STORE0013,SKU0032,14,642.0,1.0,0.27913995813351716,0.3384717176072493,12.800560937265573,16.547729266512178,0.301000360333191,-0.17512836186805278
tide,STORE0013,SKU0034,14,1377.0,1.0,0.1889257691061995,0.18654390503241652,18.58219886137405,24.41507538978666,0.1990229996827119,-0.10082358600352624
tide,STORE0013,SKU0036,14,382.0,1.0,0.24070636705367796,0.5640999102293262,6.567845158178927,8.698527055175362,0.28357612650403646,0.03160178291275796
tide,STORE0013,SKU0037,14,839.0,1.0,0.3479992339212663,0.5114838828121661,20.855096947138744,25.959620198973187,0.34578892782510845,0.19445344910011478
tide,STORE0013,SKU0039,14,149.0,1.0,0.21696065576398468,0.22737590876074698,2.3090812649166943,2.8522886242738323,0.22635528051010598,-0.02558878179046705
tide,STORE0013,SKU0040,14,243.0,1.0,0.3000527627188631,0.4268521864945759,5.208058667191695,7.696767693145098,0.2828142634783718,0.16061589147017133
tide,STORE0013,SKU0041,14,779.0,1.0,0.33396738580489876,0.49271932805813956,18.58289953871544,24.20936503871413,0.324229716360577,0.2988463065641233
tide,STORE0013,SKU0049,14,298.0,1.0,0.3092684752114562,0.575774967754765,6.583000400929568,8.392060684472483,0.32493117080781314,0.2636931933403187
tide,STORE0013,SKU0056,14,205.0,1.0,0.30992401715472184,0.3529858970199489,4.5381731083369985,5.440235729974053,0.30003620249696744,0.1761196905986578
tide,STORE0013,SKU0057,14,648.0,1.0,0.16407129313993918,0.1884838543606668,7.594156996762899,9.055653259139877,0.1668816007242416,0.0812213121733292
tide,STORE0013,SKU0061,14,679.0,1.0,0.2889572770496032,1.0851433862937656,14.014427936905756,21.08204153807112,0.3487941792692819,0.11086671661725729
tide,STORE0013,SKU0063,14,400.0,1.0,0.2792033869561974,0.6776766469782178,7.977239627319926,11.531630009857558,0.3197673627538315,0.1875414937668057
tide,STORE0013,SKU0065,14,548.0,1.0,0.19976553105249106,0.20824945143476165,7.81939364405465,10.672551551113903,0.21129076579148712,-0.07915856362871924
tide,STORE0013,SKU0068,14,381.0,1.0,0.34913305848281995,0.38180905319699326,9.501406805853886,12.821296066050554,0.3586217708400167,-0.14771453402638818
tide,STORE0013,SKU0071,14,195.0,1.0,0.5396908898871713,0.9028021002155374,7.5171231091427435,8.372240228030112,0.5177743930874782,0.29794915045755876
tide,STORE0013,SKU0076,14,226.0,1.0,0.34528134338776556,0.7197725113915915,5.573827400402501,6.8980684133007095,0.3820606720157173,0.06036548296385092
tide,STORE0013,SKU0080,14,743.0,1.0,0.23549594869028762,0.24756051276287566,12.498106419777406,15.179644444759163,0.24775361201093365,-0.11293277751466614
tide,STORE0013,SKU0084,14,191.0,1.0,0.32324386216033374,0.734988316338139,4.409969833758839,5.697813464292646,0.398961733735913,0.04615074897877764
tide,STORE0013,SKU0085,14,573.0,1.0,0.2735518621359199,0.3627223667757669,11.196086928848723,17.337981810091616,0.2655674799151515,0.11401506998449058
tide,STORE0013,SKU0086,14,87.0,1.0,0.5051192093051913,0.5291245028579554,3.1389550863965456,3.5951031949808527,0.5327470183744568,0.20646130561614648
tide,STORE0013,SKU0087,14,267.0,1.0,0.27750229556310924,0.29954139730993073,5.292365208239297,5.956374053630108,0.28456202390615754,-0.07219383568383403
tide,STORE0013,SKU0089,14,390.0,1.0,0.2481027491456201,0.23864799532671696,6.911433726199418,8.202377335489333,0.25073718981507265,-0.08115238582647051
tide,STORE0013,SKU0090,14,173.0,1.0,0.18937519309547776,0.1989436697352782,2.340136314679832,2.9138125858724973,0.19489924470144024,-0.035667868537697586
tide,STORE0013,SKU0096,14,753.0,1.0,0.1934054520037254,0.22334246876991612,10.402450382771802,11.797799787620557,0.20364330465436553,0.006755326438679019
tide,STORE0013,SKU0097,14,535.0,1.0,0.19642936312557235,0.21924929802810558,7.506407805155801,8.738989244249527,0.1994495453458139,0.029628926192207916
tide,STORE0013,SKU0099,14,747.0,1.0,0.28479170684130234,0.5778873549800426,15.195671786460919,20.436335025270054,0.3379826054006056,0.12125161338975614
tide,STORE0013,SKU0102,14,928.0,1.0,0.1704056587147465,0.1712587060819774,11.295460806234626,13.978346174113094,0.1662607115784279,-0.007839318099279
