store_id,sku_id,date,is_holiday,is_weekend,promo_flag
STORE0001,SKU0001,2024-01-01,0,0,0
STORE0001,SKU0001,2024-01-02,0,0,0
STORE0001,SKU0001,2024-01-03,0,0,0
STORE0001,SKU0001,2024-01-04,0,0,0
STORE0001,SKU0001,2024-01-05,0,0,0
STORE0001,SKU0001,2024-01-06,0,1,0
STORE0001,SKU0001,2024-01-07,0,1,0
STORE0001,SKU0001,2024-01-08,0,0,0
STORE0001,SKU0001,2024-01-09,0,0,0
STORE0001,SKU0001,2024-01-10,0,0,0
STORE0001,SKU0001,2024-01-11,0,0,0
STORE0001,SKU0001,2024-01-12,0,0,0
STORE0001,SKU0001,2024-01-13,0,1,0
STORE0001,SKU0001,2024-01-14,0,1,0
STORE0001,SKU0002,2024-01-01,0,0,0
STORE0001,SKU0002,2024-01-02,0,0,0
STORE0001,SKU0002,2024-01-03,0,0,0
STORE0001,SKU0002,2024-01-04,0,0,0
STORE0001,SKU0002,2024-01-05,0,0,0
STORE0001,SKU0002,2024-01-06,0,1,0
STORE0001,SKU0002,2024-01-07,0,1,0
STORE0001,SKU0002,2024-01-08,0,0,0
STORE0001,SKU0002,2024-01-09,0,0,0
STORE0001,SKU0002,2024-01-10,0,0,0
STORE0001,SKU0002,2024-01-11,0,0,0
STORE0001,SKU0002,2024-01-12,0,0,0
STORE0001,SKU0002,2024-01-13,0,1,0
STORE0001,SKU0002,2024-01-14,0,1,0
STORE0001,SKU0004,2024-01-01,0,0,0
STORE0001,SKU0004,2024-01-02,0,0,0
STORE0001,SKU0004,2024-01-03,0,0,0
STORE0001,SKU0004,2024-01-04,0,0,0
STORE0001,SKU0004,2024-01-05,0,0,0
STORE0001,SKU0004,2024-01-06,0,1,0
STORE0001,SKU0004,2024-01-07,0,1,0
STORE0001,SKU0004,2024-01-08,0,0,0
STORE0001,SKU0004,2024-01-09,0,0,0
STORE0001,SKU0004,2024-01-10,0,0,0
STORE0001,SKU0004,2024-01-11,0,0,0
STORE0001,SKU0004,2024-01-12,0,0,0
STORE0001,SKU0004,2024-01-13,0,1,0
STORE0001,SKU0004,2024-01-14,0,1,0
STORE0001,SKU0006,2024-01-01,0,0,0
STORE0001,SKU0006,2024-01-02,0,0,0
STORE0001,SKU0006,2024-01-03,0,0,0
STORE0001,SKU0006,2024-01-04,0,0,0
STORE0001,SKU0006,2024-01-05,0,0,0
STORE0001,SKU0006,2024-01-06,0,1,0
STORE0001,SKU0006,2024-01-07,0,1,0
STORE0001,SKU0006,2024-01-08,0,0,0
STORE0001,SKU0006,2024-01-09,0,0,0
STORE0001,SKU0006,2024-01-10,0,0,0
STORE0001,SKU0006,2024-01-11,0,0,0
STORE0001,SKU0006,2024-01-12,0,0,0
STORE0001,SKU0006,2024-01-13,0,1,0
STORE0001,SKU0006,2024-01-14,0,1,0
STORE0001,SKU0007,2024-01-01,0,0,0
STORE0001,SKU0007,2024-01-02,0,0,0
STORE0001,SKU0007,2024-01-03,0,0,0
STORE0001,SKU0007,2024-01-04,0,0,0
STORE0001,SKU0007,2024-01-05,0,0,0
STORE0001,SKU0007,2024-01-06,0,1,0
STORE0001,SKU0007,2024-01-07,0,1,0
STORE0001,SKU0007,2024-01-08,0,0,0
STORE0001,SKU0007,2024-01-09,0,0,0
STORE0001,SKU0007,2024-01-10,0,0,0
STORE0001,SKU0007,2024-01-11,0,0,0
STORE0001,SKU0007,2024-01-12,0,0,0
STORE0001,SKU0007,2024-01-13,0,1,0
STORE0001,SKU0007,2024-01-14,0,1,0
STORE0001,SKU0008,2024-01-01,0,0,0
STORE0001,SKU0008,2024-01-02,0,0,0
STORE0001,SKU0008,2024-01-03,0,0,0
STORE0001,SKU0008,2024-01-04,0,0,0
STORE0001,SKU0008,2024-01-05,0,0,0
STORE0001,SKU0008,2024-01-06,0,1,0
STORE0001,SKU0008,2024-01-07,0,1,0
STORE0001,SKU0008,2024-01-08,0,0,0
STORE0001,SKU0008,2024-01-09,0,0,0
STORE0001,SKU0008,2024-01-10,0,0,0
STORE0001,SKU0008,2024-01-11,0,0,0
STORE0001,SKU0008,2024-01-12,0,0,0
STORE0001,SKU0008,2024-01-13,0,1,0
STORE0001,SKU0008,2024-01-14,0,1,0
STORE0001,SKU0010,2024-01-01,0,0,0
STORE0001,SKU0010,2024-01-02,0,0,0
STORE0001,SKU0010,2024-01-03,0,0,0
STORE0001,SKU0010,2024-01-04,0,0,0
STORE0001,SKU0010,2024-01-05,0,0,0
STORE0001,SKU0010,2024-01-06,0,1,0
STORE0001,SKU0010,2024-01-07,0,1,0
STORE0001,SKU0010,2024-01-08,0,0,0
STORE0001,SKU0010,2024-01-09,0,0,0
STORE0001,SKU0010,2024-01-10,0,0,0
STORE0001,SKU0010,2024-01-11,0,0,0
STORE0001,SKU0010,2024-01-12,0,0,0
STORE0001,SKU0010,2024-01-13,0,1,0
STORE0001,SKU0010,2024-01-14,0,1,0
STORE0001,SKU0011,2024-01-01,0,0,0
STORE0001,SKU0011,2024-01-02,0,0,0
STORE0001,SKU0011,2024-01-03,0,0,0
STORE0001,SKU0011,2024-01-04,0,0,0
STORE0001,SKU0011,2024-01-05,0,0,0
STORE0001,SKU0011,2024-01-06,0,1,0
STORE0001,SKU0011,2024-01-07,0,1,0
STORE0001,SKU0011,2024-01-08,0,0,0
STORE0001,SKU0011,2024-01-09,0,0,0
STORE0001,SKU0011,2024-01-10,0,0,0
STORE0001,SKU0011,2024-01-11,0,0,0
STORE0001,SKU0011,2024-01-12,0,0,0
STORE0001,SKU0011,2024-01-13,0,1,0
STORE0001,SKU0011,2024-01-14,0,1,0
STORE0001,SKU0012,2024-01-01,0,0,0
STORE0001,SKU0012,2024-01-02,0,0,0
STORE0001,SKU0012,2024-01-03,0,0,0
STORE0001,SKU0012,2024-01-04,0,0,0
STORE0001,SKU0012,2024-01-05,0,0,0
STORE0001,SKU0012,2024-01-06,0,1,0
STORE0001,SKU0012,2024-01-07,0,1,0
STORE0001,SKU0012,2024-01-08,0,0,0
STORE0001,SKU0012,2024-01-09,0,0,0
STORE0001,SKU0012,2024-01-10,0,0,0
STORE0001,SKU0012,2024-01-11,0,0,0
STORE0001,SKU0012,2024-01-12,0,0,0
STORE0001,SKU0012,2024-01-13,0,1,0
STORE0001,SKU0012,2024-01-14,0,1,0
STORE0001,SKU0014,2024-01-01,0,0,0
STORE0001,SKU0014,2024-01-02,0,0,0
STORE0001,SKU0014,2024-01-03,0,0,0
STORE0001,SKU0014,2024-01-04,0,0,0
STORE0001,SKU0014,2024-01-05,0,0,0
STORE0001,SKU0014,2024-01-06,0,1,0
STORE0001,SKU0014,2024-01-07,0,1,0
STORE0001,SKU0014,2024-01-08,0,0,0
STORE0001,SKU0014,2024-01-09,0,0,0
STORE0001,SKU0014,2024-01-10,0,0,0
STORE0001,SKU0014,2024-01-11,0,0,0
STORE0001,SKU0014,2024-01-12,0,0,0
STORE0001,SKU0014,2024-01-13,0,1,0
STORE0001,SKU0014,2024-01-14,0,1,0
STORE0001,SKU0015,2024-01-01,0,0,0
STORE0001,SKU0015,2024-01-02,0,0,0
STORE0001,SKU0015,2024-01-03,0,0,0
STORE0001,SKU0015,2024-01-04,0,0,0
STORE0001,SKU0015,2024-01-05,0,0,0
STORE0001,SKU0015,2024-01-06,0,1,0
STORE0001,SKU0015,2024-01-07,0,1,0
STORE0001,SKU0015,2024-01-08,0,0,0
STORE0001,SKU0015,2024-01-09,0,0,0
STORE0001,SKU0015,2024-01-10,0,0,0
STORE0001,SKU0015,2024-01-11,0,0,0
STORE0001,SKU0015,2024-01-12,0,0,0
STORE0001,SKU0015,2024-01-13,0,1,0
STORE0001,SKU0015,2024-01-14,0,1,0
STORE0001,SKU0016,2024-01-01,0,0,0
STORE0001,SKU0016,2024-01-02,0,0,0
STORE0001,SKU0016,2024-01-03,0,0,0
STORE0001,SKU0016,2024-01-04,0,0,0
STORE0001,SKU0016,2024-01-05,0,0,0
STORE0001,SKU0016,2024-01-06,0,1,0
STORE0001,SKU0016,2024-01-07,0,1,0
STORE0001,SKU0016,2024-01-08,0,0,0
STORE0001,SKU0016,2024-01-09,0,0,0
STORE0001,SKU0016,2024-01-10,0,0,0
STORE0001,SKU0016,2024-01-11,0,0,0
STORE0001,SKU0016,2024-01-12,0,0,0
STORE0001,SKU0016,2024-01-13,0,1,0
STORE0001,SKU0016,2024-01-14,0,1,0
STORE0001,SKU0017,2024-01-01,0,0,0
STORE0001,SKU0017,2024-01-02,0,0,0
STORE0001,SKU0017,2024-01-03,0,0,0
STORE0001,SKU0017,2024-01-04,0,0,0
STORE0001,SKU0017,2024-01-05,0,0,0
STORE0001,SKU0017,2024-01-06,0,1,0
STORE0001,SKU0017,2024-01-07,0,1,0
STORE0001,SKU0017,2024-01-08,0,0,0
STORE0001,SKU0017,2024-01-09,0,0,0
STORE0001,SKU0017,2024-01-10,0,0,0
STORE0001,SKU0017,2024-01-11,0,0,0
STORE0001,SKU0017,2024-01-12,0,0,0
STORE0001,SKU0017,2024-01-13,0,1,0
STORE0001,SKU0017,2024-01-14,0,1,0
STORE0001,SKU0018,2024-01-01,0,0,0
STORE0001,SKU0018,2024-01-02,0,0,0
STORE0001,SKU0018,2024-01-03,0,0,0
STORE0001,SKU0018,2024-01-04,0,0,0
STORE0001,SKU0018,2024-01-05,0,0,0
STORE0001,SKU0018,2024-01-06,0,1,0
STORE0001,SKU0018,2024-01-07,0,1,0
STORE0001,SKU0018,2024-01-08,0,0,0
STORE0001,SKU0018,2024-01-09,0,0,0
STORE0001,SKU0018,2024-01-10,0,0,0
STORE0001,SKU0018,2024-01-11,0,0,0
STORE0001,SKU0018,2024-01-12,0,0,0
STORE0001,SKU0018,2024-01-13,0,1,0
STORE0001,SKU0018,2024-01-14,0,1,0
STORE0001,SKU0019,2024-01-01,0,0,0
STORE0001,SKU0019,2024-01-02,0,0,0
STORE0001,SKU0019,2024-01-03,0,0,0
STORE0001,SKU0019,2024-01-04,0,0,0
STORE0001,SKU0019,2024-01-05,0,0,0
STORE0001,SKU0019,2024-01-06,0,1,0
STORE0001,SKU0019,2024-01-07,0,1,0
STORE0001,SKU0019,2024-01-08,0,0,0
STORE0001,SKU0019,2024-01-09,0,0,0
STORE0001,SKU0019,2024-01-10,0,0,0
STORE0001,SKU0019,2024-01-11,0,0,0
STORE0001,SKU0019,2024-01-12,0,0,0
STORE0001,SKU0019,2024-01-13,0,1,0
STORE0001,SKU0019,2024-01-14,0,1,0
STORE0001,SKU0020,2024-01-01,0,0,0
STORE0001,SKU0020,2024-01-02,0,0,0
STORE0001,SKU0020,2024-01-03,0,0,0
STORE0001,SKU0020,2024-01-04,0,0,0
STORE0001,SKU0020,2024-01-05,0,0,0
STORE0001,SKU0020,2024-01-06,0,1,0
STORE0001,SKU0020,2024-01-07,0,1,0
STORE0001,SKU0020,2024-01-08,0,0,0
STORE0001,SKU0020,2024-01-09,0,0,0
STORE0001,SKU0020,2024-01-10,0,0,0
STORE0001,SKU0020,2024-01-11,0,0,0
STORE0001,SKU0020,2024-01-12,0,0,0
STORE0001,SKU0020,2024-01-13,0,1,0
STORE0001,SKU0020,2024-01-14,0,1,0
STORE0001,SKU0021,2024-01-01,0,0,0
STORE0001,SKU0021,2024-01-02,0,0,0
STORE0001,SKU0021,2024-01-03,0,0,0
STORE0001,SKU0021,2024-01-04,0,0,0
STORE0001,SKU0021,2024-01-05,0,0,0
STORE0001,SKU0021,2024-01-06,0,1,0
STORE0001,SKU0021,2024-01-07,0,1,0
STORE0001,SKU0021,2024-01-08,0,0,0
STORE0001,SKU0021,2024-01-09,0,0,0
STORE0001,SKU0021,2024-01-10,0,0,0
STORE0001,SKU0021,2024-01-11,0,0,0
STORE0001,SKU0021,2024-01-12,0,0,0
STORE0001,SKU0021,2024-01-13,0,1,0
STORE0001,SKU0021,2024-01-14,0,1,0
STORE0001,SKU0023,2024-01-01,0,0,0
STORE0001,SKU0023,2024-01-02,0,0,0
STORE0001,SKU0023,2024-01-03,0,0,0
STORE0001,SKU0023,2024-01-04,0,0,0
STORE0001,SKU0023,2024-01-05,0,0,0
STORE0001,SKU0023,2024-01-06,0,1,0
STORE0001,SKU0023,2024-01-07,0,1,0
STORE0001,SKU0023,2024-01-08,0,0,0
STORE0001,SKU0023,2024-01-09,0,0,0
STORE0001,SKU0023,2024-01-10,0,0,0
STORE0001,SKU0023,2024-01-11,0,0,0
STORE0001,SKU0023,2024-01-12,0,0,0
STORE0001,SKU0023,2024-01-13,0,1,0
STORE0001,SKU0023,2024-01-14,0,1,0
STORE0001,SKU0024,2024-01-01,0,0,0
STORE0001,SKU0024,2024-01-02,0,0,0
STORE0001,SKU0024,2024-01-03,0,0,0
STORE0001,SKU0024,2024-01-04,0,0,0
STORE0001,SKU0024,2024-01-05,0,0,0
STORE0001,SKU0024,2024-01-06,0,1,0
STORE0001,SKU0024,2024-01-07,0,1,0
STORE0001,SKU0024,2024-01-08,0,0,0
STORE0001,SKU0024,2024-01-09,0,0,0
STORE0001,SKU0024,2024-01-10,0,0,0
STORE0001,SKU0024,2024-01-11,0,0,0
STORE0001,SKU0024,2024-01-12,0,0,0
STORE0001,SKU0024,2024-01-13,0,1,0
STORE0001,SKU0024,2024-01-14,0,1,0
STORE0001,SKU0026,2024-01-01,0,0,0
STORE0001,SKU0026,2024-01-02,0,0,0
STORE0001,SKU0026,2024-01-03,0,0,0
STORE0001,SKU0026,2024-01-04,0,0,0
STORE0001,SKU0026,2024-01-05,0,0,0
STORE0001,SKU0026,2024-01-06,0,1,0
STORE0001,SKU0026,2024-01-07,0,1,0
STORE0001,SKU0026,2024-01-08,0,0,0
STORE0001,SKU0026,2024-01-09,0,0,0
STORE0001,SKU0026,2024-01-10,0,0,0
STORE0001,SKU0026,2024-01-11,0,0,0
STORE0001,SKU0026,2024-01-12,0,0,0
STORE0001,SKU0026,2024-01-13,0,1,0
STORE0001,SKU0026,2024-01-14,0,1,0
STORE0001,SKU0027,2024-01-01,0,0,0
STORE0001,SKU0027,2024-01-02,0,0,0
STORE0001,SKU0027,2024-01-03,0,0,0
STORE0001,SKU0027,2024-01-04,0,0,0
STORE0001,SKU0027,2024-01-05,0,0,0
STORE0001,SKU0027,2024-01-06,0,1,0
STORE0001,SKU0027,2024-01-07,0,1,0
STORE0001,SKU0027,2024-01-08,0,0,0
STORE0001,SKU0027,2024-01-09,0,0,0
STORE0001,SKU0027,2024-01-10,0,0,0
STORE0001,SKU0027,2024-01-11,0,0,0
STORE0001,SKU0027,2024-01-12,0,0,0
STORE0001,SKU0027,2024-01-13,0,1,0
STORE0001,SKU0027,2024-01-14,0,1,0
STORE0001,SKU0029,2024-01-01,0,0,0
STORE0001,SKU0029,2024-01-02,0,0,0
STORE0001,SKU0029,2024-01-03,0,0,0
STORE0001,SKU0029,2024-01-04,0,0,0
STORE0001,SKU0029,2024-01-05,0,0,0
STORE0001,SKU0029,2024-01-06,0,1,0
STORE0001,SKU0029,2024-01-07,0,1,0
STORE0001,SKU0029,2024-01-08,0,0,0
STORE0001,SKU0029,2024-01-09,0,0,0
STORE0001,SKU0029,2024-01-10,0,0,0
STORE0001,SKU0029,2024-01-11,0,0,0
STORE0001,SKU0029,2024-01-12,0,0,0
STORE0001,SKU0029,2024-01-13,0,1,0
STORE0001,SKU0029,2024-01-14,0,1,0
STORE0001,SKU0030,2024-01-01,0,0,0
STORE0001,SKU0030,2024-01-02,0,0,0
STORE0001,SKU0030,2024-01-03,0,0,0
STORE0001,SKU0030,2024-01-04,0,0,0
STORE0001,SKU0030,2024-01-05,0,0,0
STORE0001,SKU0030,2024-01-06,0,1,0
STORE0001,SKU0030,2024-01-07,0,1,0
STORE0001,SKU0030,2024-01-08,0,0,0
STORE0001,SKU0030,2024-01-09,0,0,0
STORE0001,SKU0030,2024-01-10,0,0,0
STORE0001,SKU0030,2024-01-11,0,0,0
STORE0001,SKU0030,2024-01-12,0,0,0
STORE0001,SKU0030,2024-01-13,0,1,0
STORE0001,SKU0030,2024-01-14,0,1,0
STORE0001,SKU0031,2024-01-01,0,0,0
STORE0001,SKU0031,2024-01-02,0,0,0
STORE0001,SKU0031,2024-01-03,0,0,0
STORE0001,SKU0031,2024-01-04,0,0,0
STORE0001,SKU0031,2024-01-05,0,0,0
STORE0001,SKU0031,2024-01-06,0,1,0
STORE0001,SKU0031,2024-01-07,0,1,0
STORE0001,SKU0031,2024-01-08,0,0,0
STORE0001,SKU0031,2024-01-09,0,0,0
STORE0001,SKU0031,2024-01-10,0,0,0
STORE0001,SKU0031,2024-01-11,0,0,0
STORE0001,SKU0031,2024-01-12,0,0,0
STORE0001,SKU0031,2024-01-13,0,1,0
STORE0001,SKU0031,2024-01-14,0,1,0
STORE0001,SKU0033,2024-01-01,0,0,0
STORE0001,SKU0033,2024-01-02,0,0,0
STORE0001,SKU0033,2024-01-03,0,0,0
STORE0001,SKU0033,2024-01-04,0,0,0
STORE0001,SKU0033,2024-01-05,0,0,0
STORE0001,SKU0033,2024-01-06,0,1,0
STORE0001,SKU0033,2024-01-07,0,1,0
STORE0001,SKU0033,2024-01-08,0,0,0
STORE0001,SKU0033,2024-01-09,0,0,0
STORE0001,SKU0033,2024-01-10,0,0,0
STORE0001,SKU0033,2024-01-11,0,0,0
STORE0001,SKU0033,2024-01-12,0,0,0
STORE0001,SKU0033,2024-01-13,0,1,0
STORE0001,SKU0033,2024-01-14,0,1,0
STORE0001,SKU0035,2024-01-01,0,0,0
STORE0001,SKU0035,2024-01-02,0,0,0
STORE0001,SKU0035,2024-01-03,0,0,0
STORE0001,SKU0035,2024-01-04,0,0,0
STORE0001,SKU0035,2024-01-05,0,0,0
STORE0001,SKU0035,2024-01-06,0,1,0
STORE0001,SKU0035,2024-01-07,0,1,0
STORE0001,SKU0035,2024-01-08,0,0,0
STORE0001,SKU0035,2024-01-09,0,0,0
STORE0001,SKU0035,2024-01-10,0,0,0
STORE0001,SKU0035,2024-01-11,0,0,0
STORE0001,SKU0035,2024-01-12,0,0,0
STORE0001,SKU0035,2024-01-13,0,1,0
STORE0001,SKU0035,2024-01-14,0,1,0
STORE0001,SKU0036,2024-01-01,0,0,0
STORE0001,SKU0036,2024-01-02,0,0,0
STORE0001,SKU0036,2024-01-03,0,0,0
STORE0001,SKU0036,2024-01-04,0,0,0
STORE0001,SKU0036,2024-01-05,0,0,0
STORE0001,SKU0036,2024-01-06,0,1,0
STORE0001,SKU0036,2024-01-07,0,1,0
STORE0001,SKU0036,2024-01-08,0,0,0
STORE0001,SKU0036,2024-01-09,0,0,0
STORE0001,SKU0036,2024-01-10,0,0,0
STORE0001,SKU0036,2024-01-11,0,0,0
STORE0001,SKU0036,2024-01-12,0,0,0
STORE0001,SKU0036,2024-01-13,0,1,0
STORE0001,SKU0036,2024-01-14,0,1,0
STORE0001,SKU0037,2024-01-01,0,0,0
STORE0001,SKU0037,2024-01-02,0,0,0
STORE0001,SKU0037,2024-01-03,0,0,0
STORE0001,SKU0037,2024-01-04,0,0,0
STORE0001,SKU0037,2024-01-05,0,0,0
STORE0001,SKU0037,2024-01-06,0,1,0
STORE0001,SKU0037,2024-01-07,0,1,0
STORE0001,SKU0037,2024-01-08,0,0,0
STORE0001,SKU0037,2024-01-09,0,0,0
STORE0001,SKU0037,2024-01-10,0,0,0
STORE0001,SKU0037,2024-01-11,0,0,0
STORE0001,SKU0037,2024-01-12,0,0,0
STORE0001,SKU0037,2024-01-13,0,1,0
STORE0001,SKU0037,2024-01-14,0,1,0
STORE0001,SKU0038,2024-01-01,0,0,0
STORE0001,SKU0038,2024-01-02,0,0,0
STORE0001,SKU0038,2024-01-03,0,0,0
STORE0001,SKU0038,2024-01-04,0,0,0
STORE0001,SKU0038,2024-01-05,0,0,0
STORE0001,SKU0038,2024-01-06,0,1,0
STORE0001,SKU0038,2024-01-07,0,1,0
STORE0001,SKU0038,2024-01-08,0,0,0
STORE0001,SKU0038,2024-01-09,0,0,0
STORE0001,SKU0038,2024-01-10,0,0,0
STORE0001,SKU0038,2024-01-11,0,0,0
STORE0001,SKU0038,2024-01-12,0,0,0
STORE0001,SKU0038,2024-01-13,0,1,0
STORE0001,SKU0038,2024-01-14,0,1,0
STORE0001,SKU0039,2024-01-01,0,0,0
STORE0001,SKU0039,2024-01-02,0,0,0
STORE0001,SKU0039,2024-01-03,0,0,0
STORE0001,SKU0039,2024-01-04,0,0,0
STORE0001,SKU0039,2024-01-05,0,0,0
STORE0001,SKU0039,2024-01-06,0,1,0
STORE0001,SKU0039,2024-01-07,0,1,0
STORE0001,SKU0039,2024-01-08,0,0,0
STORE0001,SKU0039,2024-01-09,0,0,0
STORE0001,SKU0039,2024-01-10,0,0,0
STORE0001,SKU0039,2024-01-11,0,0,0
STORE0001,SKU0039,2024-01-12,0,0,0
STORE0001,SKU0039,2024-01-13,0,1,0
STORE0001,SKU0039,2024-01-14,0,1,0
STORE0001,SKU0040,2024-01-01,0,0,0
STORE0001,SKU0040,2024-01-02,0,0,0
STORE0001,SKU0040,2024-01-03,0,0,0
STORE0001,SKU0040,2024-01-04,0,0,0
STORE0001,SKU0040,2024-01-05,0,0,0
STORE0001,SKU0040,2024-01-06,0,1,0
STORE0001,SKU0040,2024-01-07,0,1,0
STORE0001,SKU0040,2024-01-08,0,0,0
STORE0001,SKU0040,2024-01-09,0,0,0
STORE0001,SKU0040,2024-01-10,0,0,0
STORE0001,SKU0040,2024-01-11,0,0,0
STORE0001,SKU0040,2024-01-12,0,0,0
STORE0001,SKU0040,2024-01-13,0,1,0
STORE0001,SKU0040,2024-01-14,0,1,0
STORE0001,SKU0041,2024-01-01,0,0,0
STORE0001,SKU0041,2024-01-02,0,0,0
STORE0001,SKU0041,2024-01-03,0,0,0
STORE0001,SKU0041,2024-01-04,0,0,0
STORE0001,SKU0041,2024-01-05,0,0,0
STORE0001,SKU0041,2024-01-06,0,1,0
STORE0001,SKU0041,2024-01-07,0,1,0
STORE0001,SKU0041,2024-01-08,0,0,0
STORE0001,SKU0041,2024-01-09,0,0,0
STORE0001,SKU0041,2024-01-10,0,0,0
STORE0001,SKU0041,2024-01-11,0,0,0
STORE0001,SKU0041,2024-01-12,0,0,0
STORE0001,SKU0041,2024-01-13,0,1,0
STORE0001,SKU0041,2024-01-14,0,1,0
STORE0001,SKU0042,2024-01-01,0,0,0
STORE0001,SKU0042,2024-01-02,0,0,0
STORE0001,SKU0042,2024-01-03,0,0,0
STORE0001,SKU0042,2024-01-04,0,0,0
STORE0001,SKU0042,2024-01-05,0,0,0
STORE0001,SKU0042,2024-01-06,0,1,0
STORE0001,SKU0042,2024-01-07,0,1,0
STORE0001,SKU0042,2024-01-08,0,0,0
STORE0001,SKU0042,2024-01-09,0,0,0
STORE0001,SKU0042,2024-01-10,0,0,0
STORE0001,SKU0042,2024-01-11,0,0,0
STORE0001,SKU0042,2024-01-12,0,0,0
STORE0001,SKU0042,2024-01-13,0,1,0
STORE0001,SKU0042,2024-01-14,0,1,0
STORE0001,SKU0043,2024-01-01,0,0,0
STORE0001,SKU0043,2024-01-02,0,0,0
STORE0001,SKU0043,2024-01-03,0,0,0
STORE0001,SKU0043,2024-01-04,0,0,0
STORE0001,SKU0043,2024-01-05,0,0,0
STORE0001,SKU0043,2024-01-06,0,1,0
STORE0001,SKU0043,2024-01-07,0,1,0
STORE0001,SKU0043,2024-01-08,0,0,0
STORE0001,SKU0043,2024-01-09,0,0,0
STORE0001,SKU0043,2024-01-10,0,0,0
STORE0001,SKU0043,2024-01-11,0,0,0
STORE0001,SKU0043,2024-01-12,0,0,0
STORE0001,SKU0043,2024-01-13,0,1,0
STORE0001,SKU0043,2024-01-14,0,1,0
STORE0001,SKU0045,2024-01-01,0,0,0
STORE0001,SKU0045,2024-01-02,0,0,0
STORE0001,SKU0045,2024-01-03,0,0,0
STORE0001,SKU0045,2024-01-04,0,0,0
STORE0001,SKU0045,2024-01-05,0,0,0
STORE0001,SKU0045,2024-01-06,0,1,0
STORE0001,SKU0045,2024-01-07,0,1,0
STORE0001,SKU0045,2024-01-08,0,0,0
STORE0001,SKU0045,2024-01-09,0,0,0
STORE0001,SKU0045,2024-01-10,0,0,0
STORE0001,SKU0045,2024-01-11,0,0,0
STORE0001,SKU0045,2024-01-12,0,0,0
STORE0001,SKU0045,2024-01-13,0,1,0
STORE0001,SKU0045,2024-01-14,0,1,0
STORE0001,SKU0046,2024-01-01,0,0,0
STORE0001,SKU0046,2024-01-02,0,0,0
STORE0001,SKU0046,2024-01-03,0,0,0
STORE0001,SKU0046,2024-01-04,0,0,0
STORE0001,SKU0046,2024-01-05,0,0,0
STORE0001,SKU0046,2024-01-06,0,1,0
STORE0001,SKU0046,2024-01-07,0,1,0
STORE0001,SKU0046,2024-01-08,0,0,0
STORE0001,SKU0046,2024-01-09,0,0,0
STORE0001,SKU0046,2024-01-10,0,0,0
STORE0001,SKU0046,2024-01-11,0,0,0
STORE0001,SKU0046,2024-01-12,0,0,0
STORE0001,SKU0046,2024-01-13,0,1,0
STORE0001,SKU0046,2024-01-14,0,1,0
STORE0001,SKU0047,2024-01-01,0,0,0
STORE0001,SKU0047,2024-01-02,0,0,0
STORE0001,SKU0047,2024-01-03,0,0,0
STORE0001,SKU0047,2024-01-04,0,0,0
STORE0001,SKU0047,2024-01-05,0,0,0
STORE0001,SKU0047,2024-01-06,0,1,0
STORE0001,SKU0047,2024-01-07,0,1,0
STORE0001,SKU0047,2024-01-08,0,0,0
STORE0001,SKU0047,2024-01-09,0,0,0
STORE0001,SKU0047,2024-01-10,0,0,0
STORE0001,SKU0047,2024-01-11,0,0,0
STORE0001,SKU0047,2024-01-12,0,0,0
STORE0001,SKU0047,2024-01-13,0,1,0
STORE0001,SKU0047,2024-01-14,0,1,0
STORE0001,SKU0048,2024-01-01,0,0,0
STORE0001,SKU0048,2024-01-02,0,0,0
STORE0001,SKU0048,2024-01-03,0,0,0
STORE0001,SKU0048,2024-01-04,0,0,0
STORE0001,SKU0048,2024-01-05,0,0,0
STORE0001,SKU0048,2024-01-06,0,1,0
STORE0001,SKU0048,2024-01-07,0,1,0
STORE0001,SKU0048,2024-01-08,0,0,0
STORE0001,SKU0048,2024-01-09,0,0,0
STORE0001,SKU0048,2024-01-10,0,0,0
STORE0001,SKU0048,2024-01-11,0,0,0
STORE0001,SKU0048,2024-01-12,0,0,0
STORE0001,SKU0048,2024-01-13,0,1,0
STORE0001,SKU0048,2024-01-14,0,1,0
STORE0001,SKU0049,2024-01-01,0,0,0
STORE0001,SKU0049,2024-01-02,0,0,0
STORE0001,SKU0049,2024-01-03,0,0,0
STORE0001,SKU0049,2024-01-04,0,0,0
STORE0001,SKU0049,2024-01-05,0,0,0
STORE0001,SKU0049,2024-01-06,0,1,0
STORE0001,SKU0049,2024-01-07,0,1,0
STORE0001,SKU0049,2024-01-08,0,0,0
STORE0001,SKU0049,2024-01-09,0,0,0
STORE0001,SKU0049,2024-01-10,0,0,0
STORE0001,SKU0049,2024-01-11,0,0,0
STORE0001,SKU0049,2024-01-12,0,0,0
STORE0001,SKU0049,2024-01-13,0,1,0
STORE0001,SKU0049,2024-01-14,0,1,0
STORE0001,SKU0050,2024-01-01,0,0,0
STORE0001,SKU0050,2024-01-02,0,0,0
STORE0001,SKU0050,2024-01-03,0,0,0
STORE0001,SKU0050,2024-01-04,0,0,0
STORE0001,SKU0050,2024-01-05,0,0,0
STORE0001,SKU0050,2024-01-06,0,1,0
STORE0001,SKU0050,2024-01-07,0,1,0
STORE0001,SKU0050,2024-01-08,0,0,0
STORE0001,SKU0050,2024-01-09,0,0,0
STORE0001,SKU0050,2024-01-10,0,0,0
STORE0001,SKU0050,2024-01-11,0,0,0
STORE0001,SKU0050,2024-01-12,0,0,0
STORE0001,SKU0050,2024-01-13,0,1,0
STORE0001,SKU0050,2024-01-14,0,1,0
STORE0001,SKU0051,2024-01-01,0,0,0
STORE0001,SKU0051,2024-01-02,0,0,0
STORE0001,SKU0051,2024-01-03,0,0,0
STORE0001,SKU0051,2024-01-04,0,0,0
STORE0001,SKU0051,2024-01-05,0,0,0
STORE0001,SKU0051,2024-01-06,0,1,0
STORE0001,SKU0051,2024-01-07,0,1,0
STORE0001,SKU0051,2024-01-08,0,0,0
STORE0001,SKU0051,2024-01-09,0,0,0
STORE0001,SKU0051,2024-01-10,0,0,0
STORE0001,SKU0051,2024-01-11,0,0,0
STORE0001,SKU0051,2024-01-12,0,0,0
STORE0001,SKU0051,2024-01-13,0,1,0
STORE0001,SKU0051,2024-01-14,0,1,0
STORE0001,SKU0053,2024-01-01,0,0,0
STORE0001,SKU0053,2024-01-02,0,0,0
STORE0001,SKU0053,2024-01-03,0,0,0
STORE0001,SKU0053,2024-01-04,0,0,0
STORE0001,SKU0053,2024-01-05,0,0,0
STORE0001,SKU0053,2024-01-06,0,1,0
STORE0001,SKU0053,2024-01-07,0,1,0
STORE0001,SKU0053,2024-01-08,0,0,0
STORE0001,SKU0053,2024-01-09,0,0,0
STORE0001,SKU0053,2024-01-10,0,0,0
STORE0001,SKU0053,2024-01-11,0,0,0
STORE0001,SKU0053,2024-01-12,0,0,0
STORE0001,SKU0053,2024-01-13,0,1,0
STORE0001,SKU0053,2024-01-14,0,1,0
STORE0001,SKU0054,2024-01-01,0,0,0
STORE0001,SKU0054,2024-01-02,0,0,0
STORE0001,SKU0054,2024-01-03,0,0,0
STORE0001,SKU0054,2024-01-04,0,0,0
STORE0001,SKU0054,2024-01-05,0,0,0
STORE0001,SKU0054,2024-01-06,0,1,0
STORE0001,SKU0054,2024-01-07,0,1,0
STORE0001,SKU0054,2024-01-08,0,0,0
STORE0001,SKU0054,2024-01-09,0,0,0
STORE0001,SKU0054,2024-01-10,0,0,0
STORE0001,SKU0054,2024-01-11,0,0,0
STORE0001,SKU0054,2024-01-12,0,0,0
STORE0001,SKU0054,2024-01-13,0,1,0
STORE0001,SKU0054,2024-01-14,0,1,0
STORE0001,SKU0055,2024-01-01,0,0,0
STORE0001,SKU0055,2024-01-02,0,0,0
STORE0001,SKU0055,2024-01-03,0,0,0
STORE0001,SKU0055,2024-01-04,0,0,0
STORE0001,SKU0055,2024-01-05,0,0,0
STORE0001,SKU0055,2024-01-06,0,1,0
STORE0001,SKU0055,2024-01-07,0,1,0
STORE0001,SKU0055,2024-01-08,0,0,0
STORE0001,SKU0055,2024-01-09,0,0,0
STORE0001,SKU0055,2024-01-10,0,0,0
STORE0001,SKU0055,2024-01-11,0,0,0
STORE0001,SKU0055,2024-01-12,0,0,0
STORE0001,SKU0055,2024-01-13,0,1,0
STORE0001,SKU0055,2024-01-14,0,1,0
STORE0001,SKU0056,2024-01-01,0,0,0
STORE0001,SKU0056,2024-01-02,0,0,0
STORE0001,SKU0056,2024-01-03,0,0,0
STORE0001,SKU0056,2024-01-04,0,0,0
STORE0001,SKU0056,2024-01-05,0,0,0
STORE0001,SKU0056,2024-01-06,0,1,0
STORE0001,SKU0056,2024-01-07,0,1,0
STORE0001,SKU0056,2024-01-08,0,0,0
STORE0001,SKU0056,2024-01-09,0,0,0
STORE0001,SKU0056,2024-01-10,0,0,0
STORE0001,SKU0056,2024-01-11,0,0,0
STORE0001,SKU0056,2024-01-12,0,0,0
STORE0001,SKU0056,2024-01-13,0,1,0
STORE0001,SKU0056,2024-01-14,0,1,0
STORE0001,SKU0058,2024-01-01,0,0,0
STORE0001,SKU0058,2024-01-02,0,0,0
STORE0001,SKU0058,2024-01-03,0,0,0
STORE0001,SKU0058,2024-01-04,0,0,0
STORE0001,SKU0058,2024-01-05,0,0,0
STORE0001,SKU0058,2024-01-06,0,1,0
STORE0001,SKU0058,2024-01-07,0,1,0
STORE0001,SKU0058,2024-01-08,0,0,0
STORE0001,SKU0058,2024-01-09,0,0,0
STORE0001,SKU0058,2024-01-10,0,0,0
STORE0001,SKU0058,2024-01-11,0,0,0
STORE0001,SKU0058,2024-01-12,0,0,0
STORE0001,SKU0058,2024-01-13,0,1,0
STORE0001,SKU0058,2024-01-14,0,1,0
STORE0001,SKU0059,2024-01-01,0,0,0
STORE0001,SKU0059,2024-01-02,0,0,0
STORE0001,SKU0059,2024-01-03,0,0,0
STORE0001,SKU0059,2024-01-04,0,0,0
STORE0001,SKU0059,2024-01-05,0,0,0
STORE0001,SKU0059,2024-01-06,0,1,0
STORE0001,SKU0059,2024-01-07,0,1,0
STORE0001,SKU0059,2024-01-08,0,0,0
STORE0001,SKU0059,2024-01-09,0,0,0
STORE0001,SKU0059,2024-01-10,0,0,0
STORE0001,SKU0059,2024-01-11,0,0,0
STORE0001,SKU0059,2024-01-12,0,0,0
STORE0001,SKU0059,2024-01-13,0,1,0
STORE0001,SKU0059,2024-01-14,0,1,0
STORE0001,SKU0060,2024-01-01,0,0,0
STORE0001,SKU0060,2024-01-02,0,0,0
STORE0001,SKU0060,2024-01-03,0,0,0
STORE0001,SKU0060,2024-01-04,0,0,0
STORE0001,SKU0060,2024-01-05,0,0,0
STORE0001,SKU0060,2024-01-06,0,1,0
STORE0001,SKU0060,2024-01-07,0,1,0
STORE0001,SKU0060,2024-01-08,0,0,0
STORE0001,SKU0060,2024-01-09,0,0,0
STORE0001,SKU0060,2024-01-10,0,0,0
STORE0001,SKU0060,2024-01-11,0,0,0
STORE0001,SKU0060,2024-01-12,0,0,0
STORE0001,SKU0060,2024-01-13,0,1,0
STORE0001,SKU0060,2024-01-14,0,1,0
STORE0001,SKU0061,2024-01-01,0,0,0
STORE0001,SKU0061,2024-01-02,0,0,0
STORE0001,SKU0061,2024-01-03,0,0,0
STORE0001,SKU0061,2024-01-04,0,0,0
STORE0001,SKU0061,2024-01-05,0,0,0
STORE0001,SKU0061,2024-01-06,0,1,0
STORE0001,SKU0061,2024-01-07,0,1,0
STORE0001,SKU0061,2024-01-08,0,0,0
STORE0001,SKU0061,2024-01-09,0,0,0
STORE0001,SKU0061,2024-01-10,0,0,0
STORE0001,SKU0061,2024-01-11,0,0,0
STORE0001,SKU0061,2024-01-12,0,0,0
STORE0001,SKU0061,2024-01-13,0,1,0
STORE0001,SKU0061,2024-01-14,0,1,0
STORE0001,SKU0062,2024-01-01,0,0,0
STORE0001,SKU0062,2024-01-02,0,0,0
STORE0001,SKU0062,2024-01-03,0,0,0
STORE0001,SKU0062,2024-01-04,0,0,0
STORE0001,SKU0062,2024-01-05,0,0,0
STORE0001,SKU0062,2024-01-06,0,1,0
STORE0001,SKU0062,2024-01-07,0,1,0
STORE0001,SKU0062,2024-01-08,0,0,0
STORE0001,SKU0062,2024-01-09,0,0,0
STORE0001,SKU0062,2024-01-10,0,0,0
STORE0001,SKU0062,2024-01-11,0,0,0
STORE0001,SKU0062,2024-01-12,0,0,0
STORE0001,SKU0062,2024-01-13,0,1,0
STORE0001,SKU0062,2024-01-14,0,1,0
STORE0001,SKU0063,2024-01-01,0,0,0
STORE0001,SKU0063,2024-01-02,0,0,0
STORE0001,SKU0063,2024-01-03,0,0,0
STORE0001,SKU0063,2024-01-04,0,0,0
STORE0001,SKU0063,2024-01-05,0,0,0
STORE0001,SKU0063,2024-01-06,0,1,0
STORE0001,SKU0063,2024-01-07,0,1,0
STORE0001,SKU0063,2024-01-08,0,0,0
STORE0001,SKU0063,2024-01-09,0,0,0
STORE0001,SKU0063,2024-01-10,0,0,0
STORE0001,SKU0063,2024-01-11,0,0,0
STORE0001,SKU0063,2024-01-12,0,0,0
STORE0001,SKU0063,2024-01-13,0,1,0
STORE0001,SKU0063,2024-01-14,0,1,0
STORE0001,SKU0065,2024-01-01,0,0,0
STORE0001,SKU0065,2024-01-02,0,0,0
STORE0001,SKU0065,2024-01-03,0,0,0
STORE0001,SKU0065,2024-01-04,0,0,0
STORE0001,SKU0065,2024-01-05,0,0,0
STORE0001,SKU0065,2024-01-06,0,1,0
STORE0001,SKU0065,2024-01-07,0,1,0
STORE0001,SKU0065,2024-01-08,0,0,0
STORE0001,SKU0065,2024-01-09,0,0,0
STORE0001,SKU0065,2024-01-10,0,0,0
STORE0001,SKU0065,2024-01-11,0,0,0
STORE0001,SKU0065,2024-01-12,0,0,0
STORE0001,SKU0065,2024-01-13,0,1,0
STORE0001,SKU0065,2024-01-14,0,1,0
STORE0001,SKU0066,2024-01-01,0,0,0
STORE0001,SKU0066,2024-01-02,0,0,0
STORE0001,SKU0066,2024-01-03,0,0,0
STORE0001,SKU0066,2024-01-04,0,0,0
STORE0001,SKU0066,2024-01-05,0,0,0
STORE0001,SKU0066,2024-01-06,0,1,0
STORE0001,SKU0066,2024-01-07,0,1,0
STORE0001,SKU0066,2024-01-08,0,0,0
STORE0001,SKU0066,2024-01-09,0,0,0
STORE0001,SKU0066,2024-01-10,0,0,0
STORE0001,SKU0066,2024-01-11,0,0,0
STORE0001,SKU0066,2024-01-12,0,0,0
STORE0001,SKU0066,2024-01-13,0,1,0
STORE0001,SKU0066,2024-01-14,0,1,0
STORE0001,SKU0067,2024-01-01,0,0,0
STORE0001,SKU0067,2024-01-02,0,0,0
STORE0001,SKU0067,2024-01-03,0,0,0
STORE0001,SKU0067,2024-01-04,0,0,0
STORE0001,SKU0067,2024-01-05,0,0,0
STORE0001,SKU0067,2024-01-06,0,1,0
STORE0001,SKU0067,2024-01-07,0,1,0
STORE0001,SKU0067,2024-01-08,0,0,0
STORE0001,SKU0067,2024-01-09,0,0,0
STORE0001,SKU0067,2024-01-10,0,0,0
STORE0001,SKU0067,2024-01-11,0,0,0
STORE0001,SKU0067,2024-01-12,0,0,0
STORE0001,SKU0067,2024-01-13,0,1,0
STORE0001,SKU0067,2024-01-14,0,1,0
STORE0001,SKU0068,2024-01-01,0,0,0
STORE0001,SKU0068,2024-01-02,0,0,0
STORE0001,SKU0068,2024-01-03,0,0,0
STORE0001,SKU0068,2024-01-04,0,0,0
STORE0001,SKU0068,2024-01-05,0,0,0
STORE0001,SKU0068,2024-01-06,0,1,0
STORE0001,SKU0068,2024-01-07,0,1,0
STORE0001,SKU0068,2024-01-08,0,0,0
STORE0001,SKU0068,2024-01-09,0,0,0
STORE0001,SKU0068,2024-01-10,0,0,0
STORE0001,SKU0068,2024-01-11,0,0,0
STORE0001,SKU0068,2024-01-12,0,0,0
STORE0001,SKU0068,2024-01-13,0,1,0
STORE0001,SKU0068,2024-01-14,0,1,0
STORE0001,SKU0069,2024-01-01,0,0,0
STORE0001,SKU0069,2024-01-02,0,0,0
STORE0001,SKU0069,2024-01-03,0,0,0
STORE0001,SKU0069,2024-01-04,0,0,0
STORE0001,SKU0069,2024-01-05,0,0,0
STORE0001,SKU0069,2024-01-06,0,1,0
STORE0001,SKU0069,2024-01-07,0,1,0
STORE0001,SKU0069,2024-01-08,0,0,0
STORE0001,SKU0069,2024-01-09,0,0,0
STORE0001,SKU0069,2024-01-10,0,0,0
STORE0001,SKU0069,2024-01-11,0,0,0
STORE0001,SKU0069,2024-01-12,0,0,0
STORE0001,SKU0069,2024-01-13,0,1,0
STORE0001,SKU0069,2024-01-14,0,1,0
STORE0001,SKU0070,2024-01-01,0,0,0
STORE0001,SKU0070,2024-01-02,0,0,0
STORE0001,SKU0070,2024-01-03,0,0,0
STORE0001,SKU0070,2024-01-04,0,0,0
STORE0001,SKU0070,2024-01-05,0,0,0
STORE0001,SKU0070,2024-01-06,0,1,0
STORE0001,SKU0070,2024-01-07,0,1,0
STORE0001,SKU0070,2024-01-08,0,0,0
STORE0001,SKU0070,2024-01-09,0,0,0
STORE0001,SKU0070,2024-01-10,0,0,0
STORE0001,SKU0070,2024-01-11,0,0,0
STORE0001,SKU0070,2024-01-12,0,0,0
STORE0001,SKU0070,2024-01-13,0,1,0
STORE0001,SKU0070,2024-01-14,0,1,0
STORE0001,SKU0072,2024-01-01,0,0,0
STORE0001,SKU0072,2024-01-02,0,0,0
STORE0001,SKU0072,2024-01-03,0,0,0
STORE0001,SKU0072,2024-01-04,0,0,0
STORE0001,SKU0072,2024-01-05,0,0,0
STORE0001,SKU0072,2024-01-06,0,1,0
STORE0001,SKU0072,2024-01-07,0,1,0
STORE0001,SKU0072,2024-01-08,0,0,0
STORE0001,SKU0072,2024-01-09,0,0,0
STORE0001,SKU0072,2024-01-10,0,0,0
STORE0001,SKU0072,2024-01-11,0,0,0
STORE0001,SKU0072,2024-01-12,0,0,0
STORE0001,SKU0072,2024-01-13,0,1,0
STORE0001,SKU0072,2024-01-14,0,1,0
STORE0001,SKU0073,2024-01-01,0,0,0
STORE0001,SKU0073,2024-01-02,0,0,0
STORE0001,SKU0073,2024-01-03,0,0,0
STORE0001,SKU0073,2024-01-04,0,0,0
STORE0001,SKU0073,2024-01-05,0,0,0
STORE0001,SKU0073,2024-01-06,0,1,0
STORE0001,SKU0073,2024-01-07,0,1,0
STORE0001,SKU0073,2024-01-08,0,0,0
STORE0001,SKU0073,2024-01-09,0,0,0
STORE0001,SKU0073,2024-01-10,0,0,0
STORE0001,SKU0073,2024-01-11,0,0,0
STORE0001,SKU0073,2024-01-12,0,0,0
STORE0001,SKU0073,2024-01-13,0,1,0
STORE0001,SKU0073,2024-01-14,0,1,0
STORE0001,SKU0074,2024-01-01,0,0,0
STORE0001,SKU0074,2024-01-02,0,0,0
STORE0001,SKU0074,2024-01-03,0,0,0
STORE0001,SKU0074,2024-01-04,0,0,0
STORE0001,SKU0074,2024-01-05,0,0,0
STORE0001,SKU0074,2024-01-06,0,1,0
STORE0001,SKU0074,2024-01-07,0,1,0
STORE0001,SKU0074,2024-01-08,0,0,0
STORE0001,SKU0074,2024-01-09,0,0,0
STORE0001,SKU0074,2024-01-10,0,0,0
STORE0001,SKU0074,2024-01-11,0,0,0
STORE0001,SKU0074,2024-01-12,0,0,0
STORE0001,SKU0074,2024-01-13,0,1,0
STORE0001,SKU0074,2024-01-14,0,1,0
STORE0001,SKU0076,2024-01-01,0,0,0
STORE0001,SKU0076,2024-01-02,0,0,0
STORE0001,SKU0076,2024-01-03,0,0,0
STORE0001,SKU0076,2024-01-04,0,0,0
STORE0001,SKU0076,2024-01-05,0,0,0
STORE0001,SKU0076,2024-01-06,0,1,0
STORE0001,SKU0076,2024-01-07,0,1,0
STORE0001,SKU0076,2024-01-08,0,0,0
STORE0001,SKU0076,2024-01-09,0,0,0
STORE0001,SKU0076,2024-01-10,0,0,0
STORE0001,SKU0076,2024-01-11,0,0,0
STORE0001,SKU0076,2024-01-12,0,0,0
STORE0001,SKU0076,2024-01-13,0,1,0
STORE0001,SKU0076,2024-01-14,0,1,0
STORE0001,SKU0077,2024-01-01,0,0,0
STORE0001,SKU0077,2024-01-02,0,0,0
STORE0001,SKU0077,2024-01-03,0,0,0
STORE0001,SKU0077,2024-01-04,0,0,0
STORE0001,SKU0077,2024-01-05,0,0,0
STORE0001,SKU0077,2024-01-06,0,1,0
STORE0001,SKU0077,2024-01-07,0,1,0
STORE0001,SKU0077,2024-01-08,0,0,0
STORE0001,SKU0077,2024-01-09,0,0,0
STORE0001,SKU0077,2024-01-10,0,0,0
STORE0001,SKU0077,2024-01-11,0,0,0
STORE0001,SKU0077,2024-01-12,0,0,0
STORE0001,SKU0077,2024-01-13,0,1,0
STORE0001,SKU0077,2024-01-14,0,1,0
STORE0001,SKU0078,2024-01-01,0,0,0
STORE0001,SKU0078,2024-01-02,0,0,0
STORE0001,SKU0078,2024-01-03,0,0,0
STORE0001,SKU0078,2024-01-04,0,0,0
STORE0001,SKU0078,2024-01-05,0,0,0
STORE0001,SKU0078,2024-01-06,0,1,0
STORE0001,SKU0078,2024-01-07,0,1,0
STORE0001,SKU0078,2024-01-08,0,0,0
STORE0001,SKU0078,2024-01-09,0,0,0
STORE0001,SKU0078,2024-01-10,0,0,0
STORE0001,SKU0078,2024-01-11,0,0,0
STORE0001,SKU0078,2024-01-12,0,0,0
STORE0001,SKU0078,2024-01-13,0,1,0
STORE0001,SKU0078,2024-01-14,0,1,0
STORE0001,SKU0080,2024-01-01,0,0,0
STORE0001,SKU0080,2024-01-02,0,0,0
STORE0001,SKU0080,2024-01-03,0,0,0
STORE0001,SKU0080,2024-01-04,0,0,0
STORE0001,SKU0080,2024-01-05,0,0,0
STORE0001,SKU0080,2024-01-06,0,1,0
STORE0001,SKU0080,2024-01-07,0,1,0
STORE0001,SKU0080,2024-01-08,0,0,0
STORE0001,SKU0080,2024-01-09,0,0,0
STORE0001,SKU0080,2024-01-10,0,0,0
STORE0001,SKU0080,2024-01-11,0,0,0
STORE0001,SKU0080,2024-01-12,0,0,0
STORE0001,SKU0080,2024-01-13,0,1,0
STORE0001,SKU0080,2024-01-14,0,1,0
STORE0001,SKU0081,2024-01-01,0,0,0
STORE0001,SKU0081,2024-01-02,0,0,0
STORE0001,SKU0081,2024-01-03,0,0,0
STORE0001,SKU0081,2024-01-04,0,0,0
STORE0001,SKU0081,2024-01-05,0,0,0
STORE0001,SKU0081,2024-01-06,0,1,0
STORE0001,SKU0081,2024-01-07,0,1,0
STORE0001,SKU0081,2024-01-08,0,0,0
STORE0001,SKU0081,2024-01-09,0,0,0
STORE0001,SKU0081,2024-01-10,0,0,0
STORE0001,SKU0081,2024-01-11,0,0,0
STORE0001,SKU0081,2024-01-12,0,0,0
STORE0001,SKU0081,2024-01-13,0,1,0
STORE0001,SKU0081,2024-01-14,0,1,0
STORE0001,SKU0082,2024-01-01,0,0,0
STORE0001,SKU0082,2024-01-02,0,0,0
STORE0001,SKU0082,2024-01-03,0,0,0
STORE0001,SKU0082,2024-01-04,0,0,0
STORE0001,SKU0082,2024-01-05,0,0,0
STORE0001,SKU0082,2024-01-06,0,1,0
STORE0001,SKU0082,2024-01-07,0,1,0
STORE0001,SKU0082,2024-01-08,0,0,0
STORE0001,SKU0082,2024-01-09,0,0,0
STORE0001,SKU0082,2024-01-10,0,0,0
STORE0001,SKU0082,2024-01-11,0,0,0
STORE0001,SKU0082,2024-01-12,0,0,0
STORE0001,SKU0082,2024-01-13,0,1,0
STORE0001,SKU0082,2024-01-14,0,1,0
STORE0001,SKU0084,2024-01-01,0,0,0
STORE0001,SKU0084,2024-01-02,0,0,0
STORE0001,SKU0084,2024-01-03,0,0,0
STORE0001,SKU0084,2024-01-04,0,0,0
STORE0001,SKU0084,2024-01-05,0,0,0
STORE0001,SKU0084,2024-01-06,0,1,0
STORE0001,SKU0084,2024-01-07,0,1,0
STORE0001,SKU0084,2024-01-08,0,0,0
STORE0001,SKU0084,2024-01-09,0,0,0
STORE0001,SKU0084,2024-01-10,0,0,0
STORE0001,SKU0084,2024-01-11,0,0,0
STORE0001,SKU0084,2024-01-12,0,0,0
STORE0001,SKU0084,2024-01-13,0,1,0
STORE0001,SKU0084,2024-01-14,0,1,0
STORE0001,SKU0086,2024-01-01,0,0,0
STORE0001,SKU0086,2024-01-02,0,0,0
STORE0001,SKU0086,2024-01-03,0,0,0
STORE0001,SKU0086,2024-01-04,0,0,0
STORE0001,SKU0086,2024-01-05,0,0,0
STORE0001,SKU0086,2024-01-06,0,1,0
STORE0001,SKU0086,2024-01-07,0,1,0
STORE0001,SKU0086,2024-01-08,0,0,0
STORE0001,SKU0086,2024-01-09,0,0,0
STORE0001,SKU0086,2024-01-10,0,0,0
STORE0001,SKU0086,2024-01-11,0,0,0
STORE0001,SKU0086,2024-01-12,0,0,0
STORE0001,SKU0086,2024-01-13,0,1,0
STORE0001,SKU0086,2024-01-14,0,1,0
STORE0001,SKU0087,2024-01-01,0,0,0
STORE0001,SKU0087,2024-01-02,0,0,0
STORE0001,SKU0087,2024-01-03,0,0,0
STORE0001,SKU0087,2024-01-04,0,0,0
STORE0001,SKU0087,2024-01-05,0,0,0
STORE0001,SKU0087,2024-01-06,0,1,0
STORE0001,SKU0087,2024-01-07,0,1,0
STORE0001,SKU0087,2024-01-08,0,0,0
STORE0001,SKU0087,2024-01-09,0,0,0
STORE0001,SKU0087,2024-01-10,0,0,0
STORE0001,SKU0087,2024-01-11,0,0,0
STORE0001,SKU0087,2024-01-12,0,0,0
STORE0001,SKU0087,2024-01-13,0,1,0
STORE0001,SKU0087,2024-01-14,0,1,0
STORE0001,SKU0090,2024-01-01,0,0,0
STORE0001,SKU0090,2024-01-02,0,0,0
STORE0001,SKU0090,2024-01-03,0,0,0
STORE0001,SKU0090,2024-01-04,0,0,0
STORE0001,SKU0090,2024-01-05,0,0,0
STORE0001,SKU0090,2024-01-06,0,1,0
STORE0001,SKU0090,2024-01-07,0,1,0
STORE0001,SKU0090,2024-01-08,0,0,0
STORE0001,SKU0090,2024-01-09,0,0,0
STORE0001,SKU0090,2024-01-10,0,0,0
STORE0001,SKU0090,2024-01-11,0,0,0
STORE0001,SKU0090,2024-01-12,0,0,0
STORE0001,SKU0090,2024-01-13,0,1,0
STORE0001,SKU0090,2024-01-14,0,1,0
STORE0001,SKU0092,2024-01-01,0,0,0
STORE0001,SKU0092,2024-01-02,0,0,0
STORE0001,SKU0092,2024-01-03,0,0,0
STORE0001,SKU0092,2024-01-04,0,0,0
STORE0001,SKU0092,2024-01-05,0,0,0
STORE0001,SKU0092,2024-01-06,0,1,0
STORE0001,SKU0092,2024-01-07,0,1,0
STORE0001,SKU0092,2024-01-08,0,0,0
STORE0001,SKU0092,2024-01-09,0,0,0
STORE0001,SKU0092,2024-01-10,0,0,0
STORE0001,SKU0092,2024-01-11,0,0,0
STORE0001,SKU0092,2024-01-12,0,0,0
STORE0001,SKU0092,2024-01-13,0,1,0
STORE0001,SKU0092,2024-01-14,0,1,0
STORE0001,SKU0093,2024-01-01,0,0,0
STORE0001,SKU0093,2024-01-02,0,0,0
STORE0001,SKU0093,2024-01-03,0,0,0
STORE0001,SKU0093,2024-01-04,0,0,0
STORE0001,SKU0093,2024-01-05,0,0,0
STORE0001,SKU0093,2024-01-06,0,1,0
STORE0001,SKU0093,2024-01-07,0,1,0
STORE0001,SKU0093,2024-01-08,0,0,0
STORE0001,SKU0093,2024-01-09,0,0,0
STORE0001,SKU0093,2024-01-10,0,0,0
STORE0001,SKU0093,2024-01-11,0,0,0
STORE0001,SKU0093,2024-01-12,0,0,0
STORE0001,SKU0093,2024-01-13,0,1,0
STORE0001,SKU0093,2024-01-14,0,1,0
STORE0001,SKU0094,2024-01-01,0,0,0
STORE0001,SKU0094,2024-01-02,0,0,0
STORE0001,SKU0094,2024-01-03,0,0,0
STORE0001,SKU0094,2024-01-04,0,0,0
STORE0001,SKU0094,2024-01-05,0,0,0
STORE0001,SKU0094,2024-01-06,0,1,0
STORE0001,SKU0094,2024-01-07,0,1,0
STORE0001,SKU0094,2024-01-08,0,0,0
STORE0001,SKU0094,2024-01-09,0,0,0
STORE0001,SKU0094,2024-01-10,0,0,0
STORE0001,SKU0094,2024-01-11,0,0,0
STORE0001,SKU0094,2024-01-12,0,0,0
STORE0001,SKU0094,2024-01-13,0,1,0
STORE0001,SKU0094,2024-01-14,0,1,0
STORE0001,SKU0095,2024-01-01,0,0,0
STORE0001,SKU0095,2024-01-02,0,0,0
STORE0001,SKU0095,2024-01-03,0,0,0
STORE0001,SKU0095,2024-01-04,0,0,0
STORE0001,SKU0095,2024-01-05,0,0,0
STORE0001,SKU0095,2024-01-06,0,1,0
STORE0001,SKU0095,2024-01-07,0,1,0
STORE0001,SKU0095,2024-01-08,0,0,0
STORE0001,SKU0095,2024-01-09,0,0,0
STORE0001,SKU0095,2024-01-10,0,0,0
STORE0001,SKU0095,2024-01-11,0,0,0
STORE0001,SKU0095,2024-01-12,0,0,0
STORE0001,SKU0095,2024-01-13,0,1,0
STORE0001,SKU0095,2024-01-14,0,1,0
STORE0001,SKU0096,2024-01-01,0,0,0
STORE0001,SKU0096,2024-01-02,0,0,0
STORE0001,SKU0096,2024-01-03,0,0,0
STORE0001,SKU0096,2024-01-04,0,0,0
STORE0001,SKU0096,2024-01-05,0,0,0
STORE0001,SKU0096,2024-01-06,0,1,0
STORE0001,SKU0096,2024-01-07,0,1,0
STORE0001,SKU0096,2024-01-08,0,0,0
STORE0001,SKU0096,2024-01-09,0,0,0
STORE0001,SKU0096,2024-01-10,0,0,0
STORE0001,SKU0096,2024-01-11,0,0,0
STORE0001,SKU0096,2024-01-12,0,0,0
STORE0001,SKU0096,2024-01-13,0,1,0
STORE0001,SKU0096,2024-01-14,0,1,0
STORE0001,SKU0097,2024-01-01,0,0,0
STORE0001,SKU0097,2024-01-02,0,0,0
STORE0001,SKU0097,2024-01-03,0,0,0
STORE0001,SKU0097,2024-01-04,0,0,0
STORE0001,SKU0097,2024-01-05,0,0,0
STORE0001,SKU0097,2024-01-06,0,1,0
STORE0001,SKU0097,2024-01-07,0,1,0
STORE0001,SKU0097,2024-01-08,0,0,0
STORE0001,SKU0097,2024-01-09,0,0,0
STORE0001,SKU0097,2024-01-10,0,0,0
STORE0001,SKU0097,2024-01-11,0,0,0
STORE0001,SKU0097,2024-01-12,0,0,0
STORE0001,SKU0097,2024-01-13,0,1,0
STORE0001,SKU0097,2024-01-14,0,1,0
STORE0001,SKU0098,2024-01-01,0,0,0
STORE0001,SKU0098,2024-01-02,0,0,0
STORE0001,SKU0098,2024-01-03,0,0,0
STORE0001,SKU0098,2024-01-04,0,0,0
STORE0001,SKU0098,2024-01-05,0,0,0
STORE0001,SKU0098,2024-01-06,0,1,0
STORE0001,SKU0098,2024-01-07,0,1,0
STORE0001,SKU0098,2024-01-08,0,0,0
STORE0001,SKU0098,2024-01-09,0,0,0
STORE0001,SKU0098,2024-01-10,0,0,0
STORE0001,SKU0098,2024-01-11,0,0,0
STORE0001,SKU0098,2024-01-12,0,0,0
STORE0001,SKU0098,2024-01-13,0,1,0
STORE0001,SKU0098,2024-01-14,0,1,0
STORE0001,SKU0099,2024-01-01,0,0,0
STORE0001,SKU0099,2024-01-02,0,0,0
STORE0001,SKU0099,2024-01-03,0,0,0
STORE0001,SKU0099,2024-01-04,0,0,0
STORE0001,SKU0099,2024-01-05,0,0,0
STORE0001,SKU0099,2024-01-06,0,1,0
STORE0001,SKU0099,2024-01-07,0,1,0
STORE0001,SKU0099,2024-01-08,0,0,0
STORE0001,SKU0099,2024-01-09,0,0,0
STORE0001,SKU0099,2024-01-10,0,0,0
STORE0001,SKU0099,2024-01-11,0,0,0
STORE0001,SKU0099,2024-01-12,0,0,0
STORE0001,SKU0099,2024-01-13,0,1,0
STORE0001,SKU0099,2024-01-14,0,1,0
STORE0001,SKU0100,2024-01-01,0,0,0
STORE0001,SKU0100,2024-01-02,0,0,0
STORE0001,SKU0100,2024-01-03,0,0,0
STORE0001,SKU0100,2024-01-04,0,0,0
STORE0001,SKU0100,2024-01-05,0,0,0
STORE0001,SKU0100,2024-01-06,0,1,0
STORE0001,SKU0100,2024-01-07,0,1,0
STORE0001,SKU0100,2024-01-08,0,0,0
STORE0001,SKU0100,2024-01-09,0,0,0
STORE0001,SKU0100,2024-01-10,0,0,0
STORE0001,SKU0100,2024-01-11,0,0,0
STORE0001,SKU0100,2024-01-12,0,0,0
STORE0001,SKU0100,2024-01-13,0,1,0
STORE0001,SKU0100,2024-01-14,0,1,0
STORE0001,SKU0101,2024-01-01,0,0,0
STORE0001,SKU0101,2024-01-02,0,0,0
STORE0001,SKU0101,2024-01-03,0,0,0
STORE0001,SKU0101,2024-01-04,0,0,0
STORE0001,SKU0101,2024-01-05,0,0,0
STORE0001,SKU0101,2024-01-06,0,1,0
STORE0001,SKU0101,2024-01-07,0,1,0
STORE0001,SKU0101,2024-01-08,0,0,0
STORE0001,SKU0101,2024-01-09,0,0,0
STORE0001,SKU0101,2024-01-10,0,0,0
STORE0001,SKU0101,2024-01-11,0,0,0
STORE0001,SKU0101,2024-01-12,0,0,0
STORE0001,SKU0101,2024-01-13,0,1,0
STORE0001,SKU0101,2024-01-14,0,1,0
STORE0002,SKU0001,2024-01-01,0,0,0
STORE0002,SKU0001,2024-01-02,0,0,0
STORE0002,SKU0001,2024-01-03,0,0,0
STORE0002,SKU0001,2024-01-04,0,0,0
STORE0002,SKU0001,2024-01-05,0,0,0
STORE0002,SKU0001,2024-01-06,0,1,0
STORE0002,SKU0001,2024-01-07,0,1,0
STORE0002,SKU0001,2024-01-08,0,0,0
STORE0002,SKU0001,2024-01-09,0,0,0
STORE0002,SKU0001,2024-01-10,0,0,0
STORE0002,SKU0001,2024-01-11,0,0,0
STORE0002,SKU0001,2024-01-12,0,0,0
STORE0002,SKU0001,2024-01-13,0,1,0
STORE0002,SKU0001,2024-01-14,0,1,0
STORE0002,SKU0002,2024-01-01,0,0,0
STORE0002,SKU0002,2024-01-02,0,0,0
STORE0002,SKU0002,2024-01-03,0,0,0
STORE0002,SKU0002,2024-01-04,0,0,0
STORE0002,SKU0002,2024-01-05,0,0,0
STORE0002,SKU0002,2024-01-06,0,1,0
STORE0002,SKU0002,2024-01-07,0,1,0
STORE0002,SKU0002,2024-01-08,0,0,0
STORE0002,SKU0002,2024-01-09,0,0,0
STORE0002,SKU0002,2024-01-10,0,0,0
STORE0002,SKU0002,2024-01-11,0,0,0
STORE0002,SKU0002,2024-01-12,0,0,0
STORE0002,SKU0002,2024-01-13,0,1,0
STORE0002,SKU0002,2024-01-14,0,1,0
STORE0002,SKU0003,2024-01-01,0,0,0
STORE0002,SKU0003,2024-01-02,0,0,0
STORE0002,SKU0003,2024-01-03,0,0,0
STORE0002,SKU0003,2024-01-04,0,0,0
STORE0002,SKU0003,2024-01-05,0,0,0
STORE0002,SKU0003,2024-01-06,0,1,0
STORE0002,SKU0003,2024-01-07,0,1,0
STORE0002,SKU0003,2024-01-08,0,0,0
STORE0002,SKU0003,2024-01-09,0,0,0
STORE0002,SKU0003,2024-01-10,0,0,0
STORE0002,SKU0003,2024-01-11,0,0,0
STORE0002,SKU0003,2024-01-12,0,0,0
STORE0002,SKU0003,2024-01-13,0,1,0
STORE0002,SKU0003,2024-01-14,0,1,0
STORE0002,SKU0004,2024-01-01,0,0,0
STORE0002,SKU0004,2024-01-02,0,0,0
STORE0002,SKU0004,2024-01-03,0,0,0
STORE0002,SKU0004,2024-01-04,0,0,0
STORE0002,SKU0004,2024-01-05,0,0,0
STORE0002,SKU0004,2024-01-06,0,1,0
STORE0002,SKU0004,2024-01-07,0,1,0
STORE0002,SKU0004,2024-01-08,0,0,0
STORE0002,SKU0004,2024-01-09,0,0,0
STORE0002,SKU0004,2024-01-10,0,0,0
STORE0002,SKU0004,2024-01-11,0,0,0
STORE0002,SKU0004,2024-01-12,0,0,0
STORE0002,SKU0004,2024-01-13,0,1,0
STORE0002,SKU0004,2024-01-14,0,1,0
STORE0002,SKU0005,2024-01-01,0,0,0
STORE0002,SKU0005,2024-01-02,0,0,0
STORE0002,SKU0005,2024-01-03,0,0,0
STORE0002,SKU0005,2024-01-04,0,0,0
STORE0002,SKU0005,2024-01-05,0,0,0
STORE0002,SKU0005,2024-01-06,0,1,0
STORE0002,SKU0005,2024-01-07,0,1,0
STORE0002,SKU0005,2024-01-08,0,0,0
STORE0002,SKU0005,2024-01-09,0,0,0
STORE0002,SKU0005,2024-01-10,0,0,0
STORE0002,SKU0005,2024-01-11,0,0,0
STORE0002,SKU0005,2024-01-12,0,0,0
STORE0002,SKU0005,2024-01-13,0,1,0
STORE0002,SKU0005,2024-01-14,0,1,0
STORE0002,SKU0006,2024-01-01,0,0,0
STORE0002,SKU0006,2024-01-02,0,0,0
STORE0002,SKU0006,2024-01-03,0,0,0
STORE0002,SKU0006,2024-01-04,0,0,0
STORE0002,SKU0006,2024-01-05,0,0,0
STORE0002,SKU0006,2024-01-06,0,1,0
STORE0002,SKU0006,2024-01-07,0,1,0
STORE0002,SKU0006,2024-01-08,0,0,0
STORE0002,SKU0006,2024-01-09,0,0,0
STORE0002,SKU0006,2024-01-10,0,0,0
STORE0002,SKU0006,2024-01-11,0,0,0
STORE0002,SKU0006,2024-01-12,0,0,0
STORE0002,SKU0006,2024-01-13,0,1,0
STORE0002,SKU0006,2024-01-14,0,1,0
STORE0002,SKU0007,2024-01-01,0,0,0
STORE0002,SKU0007,2024-01-02,0,0,0
STORE0002,SKU0007,2024-01-03,0,0,0
STORE0002,SKU0007,2024-01-04,0,0,0
STORE0002,SKU0007,2024-01-05,0,0,0
STORE0002,SKU0007,2024-01-06,0,1,0
STORE0002,SKU0007,2024-01-07,0,1,0
STORE0002,SKU0007,2024-01-08,0,0,0
STORE0002,SKU0007,2024-01-09,0,0,0
STORE0002,SKU0007,2024-01-10,0,0,0
STORE0002,SKU0007,2024-01-11,0,0,0
STORE0002,SKU0007,2024-01-12,0,0,0
STORE0002,SKU0007,2024-01-13,0,1,0
STORE0002,SKU0007,2024-01-14,0,1,0
STORE0002,SKU0008,2024-01-01,0,0,0
STORE0002,SKU0008,2024-01-02,0,0,0
STORE0002,SKU0008,2024-01-03,0,0,0
STORE0002,SKU0008,2024-01-04,0,0,0
STORE0002,SKU0008,2024-01-05,0,0,0
STORE0002,SKU0008,2024-01-06,0,1,0
STORE0002,SKU0008,2024-01-07,0,1,0
STORE0002,SKU0008,2024-01-08,0,0,0
STORE0002,SKU0008,2024-01-09,0,0,0
STORE0002,SKU0008,2024-01-10,0,0,0
STORE0002,SKU0008,2024-01-11,0,0,0
STORE0002,SKU0008,2024-01-12,0,0,0
STORE0002,SKU0008,2024-01-13,0,1,0
STORE0002,SKU0008,2024-01-14,0,1,0
STORE0002,SKU0009,2024-01-01,0,0,0
STORE0002,SKU0009,2024-01-02,0,0,0
STORE0002,SKU0009,2024-01-03,0,0,0
STORE0002,SKU0009,2024-01-04,0,0,0
STORE0002,SKU0009,2024-01-05,0,0,0
STORE0002,SKU0009,2024-01-06,0,1,0
STORE0002,SKU0009,2024-01-07,0,1,0
STORE0002,SKU0009,2024-01-08,0,0,0
STORE0002,SKU0009,2024-01-09,0,0,0
STORE0002,SKU0009,2024-01-10,0,0,0
STORE0002,SKU0009,2024-01-11,0,0,0
STORE0002,SKU0009,2024-01-12,0,0,0
STORE0002,SKU0009,2024-01-13,0,1,0
STORE0002,SKU0009,2024-01-14,0,1,0
STORE0002,SKU0010,2024-01-01,0,0,0
STORE0002,SKU0010,2024-01-02,0,0,0
STORE0002,SKU0010,2024-01-03,0,0,0
STORE0002,SKU0010,2024-01-04,0,0,0
STORE0002,SKU0010,2024-01-05,0,0,0
STORE0002,SKU0010,2024-01-06,0,1,0
STORE0002,SKU0010,2024-01-07,0,1,0
STORE0002,SKU0010,2024-01-08,0,0,0
STORE0002,SKU0010,2024-01-09,0,0,0
STORE0002,SKU0010,2024-01-10,0,0,0
STORE0002,SKU0010,2024-01-11,0,0,0
STORE0002,SKU0010,2024-01-12,0,0,0
STORE0002,SKU0010,2024-01-13,0,1,0
STORE0002,SKU0010,2024-01-14,0,1,0
STORE0002,SKU0011,2024-01-01,0,0,0
STORE0002,SKU0011,2024-01-02,0,0,0
STORE0002,SKU0011,2024-01-03,0,0,0
STORE0002,SKU0011,2024-01-04,0,0,0
STORE0002,SKU0011,2024-01-05,0,0,0
STORE0002,SKU0011,2024-01-06,0,1,0
STORE0002,SKU0011,2024-01-07,0,1,0
STORE0002,SKU0011,2024-01-08,0,0,0
STORE0002,SKU0011,2024-01-09,0,0,0
STORE0002,SKU0011,2024-01-10,0,0,0
STORE0002,SKU0011,2024-01-11,0,0,0
STORE0002,SKU0011,2024-01-12,0,0,0
STORE0002,SKU0011,2024-01-13,0,1,0
STORE0002,SKU0011,2024-01-14,0,1,0
STORE0002,SKU0012,2024-01-01,0,0,0
STORE0002,SKU0012,2024-01-02,0,0,0
STORE0002,SKU0012,2024-01-03,0,0,0
STORE0002,SKU0012,2024-01-04,0,0,0
STORE0002,SKU0012,2024-01-05,0,0,0
STORE0002,SKU0012,2024-01-06,0,1,0
STORE0002,SKU0012,2024-01-07,0,1,0
STORE0002,SKU0012,2024-01-08,0,0,0
STORE0002,SKU0012,2024-01-09,0,0,0
STORE0002,SKU0012,2024-01-10,0,0,0
STORE0002,SKU0012,2024-01-11,0,0,0
STORE0002,SKU0012,2024-01-12,0,0,0
STORE0002,SKU0012,2024-01-13,0,1,0
STORE0002,SKU0012,2024-01-14,0,1,0
STORE0002,SKU0014,2024-01-01,0,0,0
STORE0002,SKU0014,2024-01-02,0,0,0
STORE0002,SKU0014,2024-01-03,0,0,0
STORE0002,SKU0014,2024-01-04,0,0,0
STORE0002,SKU0014,2024-01-05,0,0,0
STORE0002,SKU0014,2024-01-06,0,1,0
STORE0002,SKU0014,2024-01-07,0,1,0
STORE0002,SKU0014,2024-01-08,0,0,0
STORE0002,SKU0014,2024-01-09,0,0,0
STORE0002,SKU0014,2024-01-10,0,0,0
STORE0002,SKU0014,2024-01-11,0,0,0
STORE0002,SKU0014,2024-01-12,0,0,0
STORE0002,SKU0014,2024-01-13,0,1,0
STORE0002,SKU0014,2024-01-14,0,1,0
STORE0002,SKU0015,2024-01-01,0,0,0
STORE0002,SKU0015,2024-01-02,0,0,0
STORE0002,SKU0015,2024-01-03,0,0,0
STORE0002,SKU0015,2024-01-04,0,0,0
STORE0002,SKU0015,2024-01-05,0,0,0
STORE0002,SKU0015,2024-01-06,0,1,0
STORE0002,SKU0015,2024-01-07,0,1,0
STORE0002,SKU0015,2024-01-08,0,0,0
STORE0002,SKU0015,2024-01-09,0,0,0
STORE0002,SKU0015,2024-01-10,0,0,0
STORE0002,SKU0015,2024-01-11,0,0,0
STORE0002,SKU0015,2024-01-12,0,0,0
STORE0002,SKU0015,2024-01-13,0,1,0
STORE0002,SKU0015,2024-01-14,0,1,0
STORE0002,SKU0016,2024-01-01,0,0,0
STORE0002,SKU0016,2024-01-02,0,0,0
STORE0002,SKU0016,2024-01-03,0,0,0
STORE0002,SKU0016,2024-01-04,0,0,0
STORE0002,SKU0016,2024-01-05,0,0,0
STORE0002,SKU0016,2024-01-06,0,1,0
STORE0002,SKU0016,2024-01-07,0,1,0
STORE0002,SKU0016,2024-01-08,0,0,0
STORE0002,SKU0016,2024-01-09,0,0,0
STORE0002,SKU0016,2024-01-10,0,0,0
STORE0002,SKU0016,2024-01-11,0,0,0
STORE0002,SKU0016,2024-01-12,0,0,0
STORE0002,SKU0016,2024-01-13,0,1,0
STORE0002,SKU0016,2024-01-14,0,1,0
STORE0002,SKU0017,2024-01-01,0,0,0
STORE0002,SKU0017,2024-01-02,0,0,0
STORE0002,SKU0017,2024-01-03,0,0,0
STORE0002,SKU0017,2024-01-04,0,0,0
STORE0002,SKU0017,2024-01-05,0,0,0
STORE0002,SKU0017,2024-01-06,0,1,0
STORE0002,SKU0017,2024-01-07,0,1,0
STORE0002,SKU0017,2024-01-08,0,0,0
STORE0002,SKU0017,2024-01-09,0,0,0
STORE0002,SKU0017,2024-01-10,0,0,0
STORE0002,SKU0017,2024-01-11,0,0,0
STORE0002,SKU0017,2024-01-12,0,0,0
STORE0002,SKU0017,2024-01-13,0,1,0
STORE0002,SKU0017,2024-01-14,0,1,0
STORE0002,SKU0018,2024-01-01,0,0,0
STORE0002,SKU0018,2024-01-02,0,0,0
STORE0002,SKU0018,2024-01-03,0,0,0
STORE0002,SKU0018,2024-01-04,0,0,0
STORE0002,SKU0018,2024-01-05,0,0,0
STORE0002,SKU0018,2024-01-06,0,1,0
STORE0002,SKU0018,2024-01-07,0,1,0
STORE0002,SKU0018,2024-01-08,0,0,0
STORE0002,SKU0018,2024-01-09,0,0,0
STORE0002,SKU0018,2024-01-10,0,0,0
STORE0002,SKU0018,2024-01-11,0,0,0
STORE0002,SKU0018,2024-01-12,0,0,0
STORE0002,SKU0018,2024-01-13,0,1,0
STORE0002,SKU0018,2024-01-14,0,1,0
STORE0002,SKU0019,2024-01-01,0,0,0
STORE0002,SKU0019,2024-01-02,0,0,0
STORE0002,SKU0019,2024-01-03,0,0,0
STORE0002,SKU0019,2024-01-04,0,0,0
STORE0002,SKU0019,2024-01-05,0,0,0
STORE0002,SKU0019,2024-01-06,0,1,0
STORE0002,SKU0019,2024-01-07,0,1,0
STORE0002,SKU0019,2024-01-08,0,0,0
STORE0002,SKU0019,2024-01-09,0,0,0
STORE0002,SKU0019,2024-01-10,0,0,0
STORE0002,SKU0019,2024-01-11,0,0,0
STORE0002,SKU0019,2024-01-12,0,0,0
STORE0002,SKU0019,2024-01-13,0,1,0
STORE0002,SKU0019,2024-01-14,0,1,0
STORE0002,SKU0020,2024-01-01,0,0,0
STORE0002,SKU0020,2024-01-02,0,0,0
STORE0002,SKU0020,2024-01-03,0,0,0
STORE0002,SKU0020,2024-01-04,0,0,0
STORE0002,SKU0020,2024-01-05,0,0,0
STORE0002,SKU0020,2024-01-06,0,1,0
STORE0002,SKU0020,2024-01-07,0,1,0
STORE0002,SKU0020,2024-01-08,0,0,0
STORE0002,SKU0020,2024-01-09,0,0,0
STORE0002,SKU0020,2024-01-10,0,0,0
STORE0002,SKU0020,2024-01-11,0,0,0
STORE0002,SKU0020,2024-01-12,0,0,0
STORE0002,SKU0020,2024-01-13,0,1,0
STORE0002,SKU0020,2024-01-14,0,1,0
STORE0002,SKU0022,2024-01-01,0,0,0
STORE0002,SKU0022,2024-01-02,0,0,0
STORE0002,SKU0022,2024-01-03,0,0,0
STORE0002,SKU0022,2024-01-04,0,0,0
STORE0002,SKU0022,2024-01-05,0,0,0
STORE0002,SKU0022,2024-01-06,0,1,0
STORE0002,SKU0022,2024-01-07,0,1,0
STORE0002,SKU0022,2024-01-08,0,0,0
STORE0002,SKU0022,2024-01-09,0,0,0
STORE0002,SKU0022,2024-01-10,0,0,0
STORE0002,SKU0022,2024-01-11,0,0,0
STORE0002,SKU0022,2024-01-12,0,0,0
STORE0002,SKU0022,2024-01-13,0,1,0
STORE0002,SKU0022,2024-01-14,0,1,0
STORE0002,SKU0023,2024-01-01,0,0,0
STORE0002,SKU0023,2024-01-02,0,0,0
STORE0002,SKU0023,2024-01-03,0,0,0
STORE0002,SKU0023,2024-01-04,0,0,0
STORE0002,SKU0023,2024-01-05,0,0,0
STORE0002,SKU0023,2024-01-06,0,1,0
STORE0002,SKU0023,2024-01-07,0,1,0
STORE0002,SKU0023,2024-01-08,0,0,0
STORE0002,SKU0023,2024-01-09,0,0,0
STORE0002,SKU0023,2024-01-10,0,0,0
STORE0002,SKU0023,2024-01-11,0,0,0
STORE0002,SKU0023,2024-01-12,0,0,0
STORE0002,SKU0023,2024-01-13,0,1,0
STORE0002,SKU0023,2024-01-14,0,1,0
STORE0002,SKU0024,2024-01-01,0,0,0
STORE0002,SKU0024,2024-01-02,0,0,0
STORE0002,SKU0024,2024-01-03,0,0,0
STORE0002,SKU0024,2024-01-04,0,0,0
STORE0002,SKU0024,2024-01-05,0,0,0
STORE0002,SKU0024,2024-01-06,0,1,0
STORE0002,SKU0024,2024-01-07,0,1,0
STORE0002,SKU0024,2024-01-08,0,0,0
STORE0002,SKU0024,2024-01-09,0,0,0
STORE0002,SKU0024,2024-01-10,0,0,0
STORE0002,SKU0024,2024-01-11,0,0,0
STORE0002,SKU0024,2024-01-12,0,0,0
STORE0002,SKU0024,2024-01-13,0,1,0
STORE0002,SKU0024,2024-01-14,0,1,0
STORE0002,SKU0025,2024-01-01,0,0,0
STORE0002,SKU0025,2024-01-02,0,0,0
STORE0002,SKU0025,2024-01-03,0,0,0
STORE0002,SKU0025,2024-01-04,0,0,0
STORE0002,SKU0025,2024-01-05,0,0,0
STORE0002,SKU0025,2024-01-06,0,1,0
STORE0002,SKU0025,2024-01-07,0,1,0
STORE0002,SKU0025,2024-01-08,0,0,0
STORE0002,SKU0025,2024-01-09,0,0,0
STORE0002,SKU0025,2024-01-10,0,0,0
STORE0002,SKU0025,2024-01-11,0,0,0
STORE0002,SKU0025,2024-01-12,0,0,0
STORE0002,SKU0025,2024-01-13,0,1,0
STORE0002,SKU0025,2024-01-14,0,1,0
STORE0002,SKU0026,2024-01-01,0,0,0
STORE0002,SKU0026,2024-01-02,0,0,0
STORE0002,SKU0026,2024-01-03,0,0,0
STORE0002,SKU0026,2024-01-04,0,0,0
STORE0002,SKU0026,2024-01-05,0,0,0
STORE0002,SKU0026,2024-01-06,0,1,0
STORE0002,SKU0026,2024-01-07,0,1,0
STORE0002,SKU0026,2024-01-08,0,0,0
STORE0002,SKU0026,2024-01-09,0,0,0
STORE0002,SKU0026,2024-01-10,0,0,0
STORE0002,SKU0026,2024-01-11,0,0,0
STORE0002,SKU0026,2024-01-12,0,0,0
STORE0002,SKU0026,2024-01-13,0,1,0
STORE0002,SKU0026,2024-01-14,0,1,0
STORE0002,SKU0027,2024-01-01,0,0,0
STORE0002,SKU0027,2024-01-02,0,0,0
STORE0002,SKU0027,2024-01-03,0,0,0
STORE0002,SKU0027,2024-01-04,0,0,0
STORE0002,SKU0027,2024-01-05,0,0,0
STORE0002,SKU0027,2024-01-06,0,1,0
STORE0002,SKU0027,2024-01-07,0,1,0
STORE0002,SKU0027,2024-01-08,0,0,0
STORE0002,SKU0027,2024-01-09,0,0,0
STORE0002,SKU0027,2024-01-10,0,0,0
STORE0002,SKU0027,2024-01-11,0,0,0
STORE0002,SKU0027,2024-01-12,0,0,0
STORE0002,SKU0027,2024-01-13,0,1,0
STORE0002,SKU0027,2024-01-14,0,1,0
STORE0002,SKU0028,2024-01-01,0,0,0
STORE0002,SKU0028,2024-01-02,0,0,0
STORE0002,SKU0028,2024-01-03,0,0,0
STORE0002,SKU0028,2024-01-04,0,0,0
STORE0002,SKU0028,2024-01-05,0,0,0
STORE0002,SKU0028,2024-01-06,0,1,0
STORE0002,SKU0028,2024-01-07,0,1,0
STORE0002,SKU0028,2024-01-08,0,0,0
STORE0002,SKU0028,2024-01-09,0,0,0
STORE0002,SKU0028,2024-01-10,0,0,0
STORE0002,SKU0028,2024-01-11,0,0,0
STORE0002,SKU0028,2024-01-12,0,0,0
STORE0002,SKU0028,2024-01-13,0,1,0
STORE0002,SKU0028,2024-01-14,0,1,0
STORE0002,SKU0030,2024-01-01,0,0,0
STORE0002,SKU0030,2024-01-02,0,0,0
STORE0002,SKU0030,2024-01-03,0,0,0
STORE0002,SKU0030,2024-01-04,0,0,0
STORE0002,SKU0030,2024-01-05,0,0,0
STORE0002,SKU0030,2024-01-06,0,1,0
STORE0002,SKU0030,2024-01-07,0,1,0
STORE0002,SKU0030,2024-01-08,0,0,0
STORE0002,SKU0030,2024-01-09,0,0,0
STORE0002,SKU0030,2024-01-10,0,0,0
STORE0002,SKU0030,2024-01-11,0,0,0
STORE0002,SKU0030,2024-01-12,0,0,0
STORE0002,SKU0030,2024-01-13,0,1,0
STORE0002,SKU0030,2024-01-14,0,1,0
STORE0002,SKU0031,2024-01-01,0,0,0
STORE0002,SKU0031,2024-01-02,0,0,0
STORE0002,SKU0031,2024-01-03,0,0,0
STORE0002,SKU0031,2024-01-04,0,0,0
STORE0002,SKU0031,2024-01-05,0,0,0
STORE0002,SKU0031,2024-01-06,0,1,0
STORE0002,SKU0031,2024-01-07,0,1,0
STORE0002,SKU0031,2024-01-08,0,0,0
STORE0002,SKU0031,2024-01-09,0,0,0
STORE0002,SKU0031,2024-01-10,0,0,0
STORE0002,SKU0031,2024-01-11,0,0,0
STORE0002,SKU0031,2024-01-12,0,0,0
STORE0002,SKU0031,2024-01-13,0,1,0
STORE0002,SKU0031,2024-01-14,0,1,0
STORE0002,SKU0032,2024-01-01,0,0,0
STORE0002,SKU0032,2024-01-02,0,0,0
STORE0002,SKU0032,2024-01-03,0,0,0
STORE0002,SKU0032,2024-01-04,0,0,0
STORE0002,SKU0032,2024-01-05,0,0,0
STORE0002,SKU0032,2024-01-06,0,1,0
STORE0002,SKU0032,2024-01-07,0,1,0
STORE0002,SKU0032,2024-01-08,0,0,0
STORE0002,SKU0032,2024-01-09,0,0,0
STORE0002,SKU0032,2024-01-10,0,0,0
STORE0002,SKU0032,2024-01-11,0,0,0
STORE0002,SKU0032,2024-01-12,0,0,0
STORE0002,SKU0032,2024-01-13,0,1,0
STORE0002,SKU0032,2024-01-14,0,1,0
STORE0002,SKU0033,2024-01-01,0,0,0
STORE0002,SKU0033,2024-01-02,0,0,0
STORE0002,SKU0033,2024-01-03,0,0,0
STORE0002,SKU0033,2024-01-04,0,0,0
STORE0002,SKU0033,2024-01-05,0,0,0
STORE0002,SKU0033,2024-01-06,0,1,0
STORE0002,SKU0033,2024-01-07,0,1,0
STORE0002,SKU0033,2024-01-08,0,0,0
STORE0002,SKU0033,2024-01-09,0,0,0
STORE0002,SKU0033,2024-01-10,0,0,0
STORE0002,SKU0033,2024-01-11,0,0,0
STORE0002,SKU0033,2024-01-12,0,0,0
STORE0002,SKU0033,2024-01-13,0,1,0
STORE0002,SKU0033,2024-01-14,0,1,0
STORE0002,SKU0034,2024-01-01,0,0,0
STORE0002,SKU0034,2024-01-02,0,0,0
STORE0002,SKU0034,2024-01-03,0,0,0
STORE0002,SKU0034,2024-01-04,0,0,0
STORE0002,SKU0034,2024-01-05,0,0,0
STORE0002,SKU0034,2024-01-06,0,1,0
STORE0002,SKU0034,2024-01-07,0,1,0
STORE0002,SKU0034,2024-01-08,0,0,0
STORE0002,SKU0034,2024-01-09,0,0,0
STORE0002,SKU0034,2024-01-10,0,0,0
STORE0002,SKU0034,2024-01-11,0,0,0
STORE0002,SKU0034,2024-01-12,0,0,0
STORE0002,SKU0034,2024-01-13,0,1,0
STORE0002,SKU0034,2024-01-14,0,1,0
STORE0002,SKU0036,2024-01-01,0,0,0
STORE0002,SKU0036,2024-01-02,0,0,0
STORE0002,SKU0036,2024-01-03,0,0,0
STORE0002,SKU0036,2024-01-04,0,0,0
STORE0002,SKU0036,2024-01-05,0,0,0
STORE0002,SKU0036,2024-01-06,0,1,0
STORE0002,SKU0036,2024-01-07,0,1,0
STORE0002,SKU0036,2024-01-08,0,0,0
STORE0002,SKU0036,2024-01-09,0,0,0
STORE0002,SKU0036,2024-01-10,0,0,0
STORE0002,SKU0036,2024-01-11,0,0,0
STORE0002,SKU0036,2024-01-12,0,0,0
STORE0002,SKU0036,2024-01-13,0,1,0
STORE0002,SKU0036,2024-01-14,0,1,0
STORE0002,SKU0037,2024-01-01,0,0,0
STORE0002,SKU0037,2024-01-02,0,0,0
STORE0002,SKU0037,2024-01-03,0,0,0
STORE0002,SKU0037,2024-01-04,0,0,0
STORE0002,SKU0037,2024-01-05,0,0,0
STORE0002,SKU0037,2024-01-06,0,1,0
STORE0002,SKU0037,2024-01-07,0,1,0
STORE0002,SKU0037,2024-01-08,0,0,0
STORE0002,SKU0037,2024-01-09,0,0,0
STORE0002,SKU0037,2024-01-10,0,0,0
STORE0002,SKU0037,2024-01-11,0,0,0
STORE0002,SKU0037,2024-01-12,0,0,0
STORE0002,SKU0037,2024-01-13,0,1,0
STORE0002,SKU0037,2024-01-14,0,1,0
STORE0002,SKU0038,2024-01-01,0,0,0
STORE0002,SKU0038,2024-01-02,0,0,0
STORE0002,SKU0038,2024-01-03,0,0,0
STORE0002,SKU0038,2024-01-04,0,0,0
STORE0002,SKU0038,2024-01-05,0,0,0
STORE0002,SKU0038,2024-01-06,0,1,0
STORE0002,SKU0038,2024-01-07,0,1,0
STORE0002,SKU0038,2024-01-08,0,0,0
STORE0002,SKU0038,2024-01-09,0,0,0
STORE0002,SKU0038,2024-01-10,0,0,0
STORE0002,SKU0038,2024-01-11,0,0,0
STORE0002,SKU0038,2024-01-12,0,0,0
STORE0002,SKU0038,2024-01-13,0,1,0
STORE0002,SKU0038,2024-01-14,0,1,0
STORE0002,SKU0039,2024-01-01,0,0,0
STORE0002,SKU0039,2024-01-02,0,0,0
STORE0002,SKU0039,2024-01-03,0,0,0
STORE0002,SKU0039,2024-01-04,0,0,0
STORE0002,SKU0039,2024-01-05,0,0,0
STORE0002,SKU0039,2024-01-06,0,1,0
STORE0002,SKU0039,2024-01-07,0,1,0
STORE0002,SKU0039,2024-01-08,0,0,0
STORE0002,SKU0039,2024-01-09,0,0,0
STORE0002,SKU0039,2024-01-10,0,0,0
STORE0002,SKU0039,2024-01-11,0,0,0
STORE0002,SKU0039,2024-01-12,0,0,0
STORE0002,SKU0039,2024-01-13,0,1,0
STORE0002,SKU0039,2024-01-14,0,1,0
STORE0002,SKU0040,2024-01-01,0,0,0
STORE0002,SKU0040,2024-01-02,0,0,0
STORE0002,SKU0040,2024-01-03,0,0,0
STORE0002,SKU0040,2024-01-04,0,0,0
STORE0002,SKU0040,2024-01-05,0,0,0
STORE0002,SKU0040,2024-01-06,0,1,0
STORE0002,SKU0040,2024-01-07,0,1,0
STORE0002,SKU0040,2024-01-08,0,0,0
STORE0002,SKU0040,2024-01-09,0,0,0
STORE0002,SKU0040,2024-01-10,0,0,0
STORE0002,SKU0040,2024-01-11,0,0,0
STORE0002,SKU0040,2024-01-12,0,0,0
STORE0002,SKU0040,2024-01-13,0,1,0
STORE0002,SKU0040,2024-01-14,0,1,0
STORE0002,SKU0041,2024-01-01,0,0,0
STORE0002,SKU0041,2024-01-02,0,0,0
STORE0002,SKU0041,2024-01-03,0,0,0
STORE0002,SKU0041,2024-01-04,0,0,0
STORE0002,SKU0041,2024-01-05,0,0,0
STORE0002,SKU0041,2024-01-06,0,1,0
STORE0002,SKU0041,2024-01-07,0,1,0
STORE0002,SKU0041,2024-01-08,0,0,0
STORE0002,SKU0041,2024-01-09,0,0,0
STORE0002,SKU0041,2024-01-10,0,0,0
STORE0002,SKU0041,2024-01-11,0,0,0
STORE0002,SKU0041,2024-01-12,0,0,0
STORE0002,SKU0041,2024-01-13,0,1,0
STORE0002,SKU0041,2024-01-14,0,1,0
STORE0002,SKU0042,2024-01-01,0,0,0
STORE0002,SKU0042,2024-01-02,0,0,0
STORE0002,SKU0042,2024-01-03,0,0,0
STORE0002,SKU0042,2024-01-04,0,0,0
STORE0002,SKU0042,2024-01-05,0,0,0
STORE0002,SKU0042,2024-01-06,0,1,0
STORE0002,SKU0042,2024-01-07,0,1,0
STORE0002,SKU0042,2024-01-08,0,0,0
STORE0002,SKU0042,2024-01-09,0,0,0
STORE0002,SKU0042,2024-01-10,0,0,0
STORE0002,SKU0042,2024-01-11,0,0,0
STORE0002,SKU0042,2024-01-12,0,0,0
STORE0002,SKU0042,2024-01-13,0,1,0
STORE0002,SKU0042,2024-01-14,0,1,0
STORE0002,SKU0043,2024-01-01,0,0,0
STORE0002,SKU0043,2024-01-02,0,0,0
STORE0002,SKU0043,2024-01-03,0,0,0
STORE0002,SKU0043,2024-01-04,0,0,0
STORE0002,SKU0043,2024-01-05,0,0,0
STORE0002,SKU0043,2024-01-06,0,1,0
STORE0002,SKU0043,2024-01-07,0,1,0
STORE0002,SKU0043,2024-01-08,0,0,0
STORE0002,SKU0043,2024-01-09,0,0,0
STORE0002,SKU0043,2024-01-10,0,0,0
STORE0002,SKU0043,2024-01-11,0,0,0
STORE0002,SKU0043,2024-01-12,0,0,0
STORE0002,SKU0043,2024-01-13,0,1,0
STORE0002,SKU0043,2024-01-14,0,1,0
STORE0002,SKU0044,2024-01-01,0,0,0
STORE0002,SKU0044,2024-01-02,0,0,0
STORE0002,SKU0044,2024-01-03,0,0,0
STORE0002,SKU0044,2024-01-04,0,0,0
STORE0002,SKU0044,2024-01-05,0,0,0
STORE0002,SKU0044,2024-01-06,0,1,0
STORE0002,SKU0044,2024-01-07,0,1,0
STORE0002,SKU0044,2024-01-08,0,0,0
STORE0002,SKU0044,2024-01-09,0,0,0
STORE0002,SKU0044,2024-01-10,0,0,0
STORE0002,SKU0044,2024-01-11,0,0,0
STORE0002,SKU0044,2024-01-12,0,0,0
STORE0002,SKU0044,2024-01-13,0,1,0
STORE0002,SKU0044,2024-01-14,0,1,0
STORE0002,SKU0046,2024-01-01,0,0,0
STORE0002,SKU0046,2024-01-02,0,0,0
STORE0002,SKU0046,2024-01-03,0,0,0
STORE0002,SKU0046,2024-01-04,0,0,0
STORE0002,SKU0046,2024-01-05,0,0,0
STORE0002,SKU0046,2024-01-06,0,1,0
STORE0002,SKU0046,2024-01-07,0,1,0
STORE0002,SKU0046,2024-01-08,0,0,0
STORE0002,SKU0046,2024-01-09,0,0,0
STORE0002,SKU0046,2024-01-10,0,0,0
STORE0002,SKU0046,2024-01-11,0,0,0
STORE0002,SKU0046,2024-01-12,0,0,0
STORE0002,SKU0046,2024-01-13,0,1,0
STORE0002,SKU0046,2024-01-14,0,1,0
STORE0002,SKU0048,2024-01-01,0,0,0
STORE0002,SKU0048,2024-01-02,0,0,0
STORE0002,SKU0048,2024-01-03,0,0,0
STORE0002,SKU0048,2024-01-04,0,0,0
STORE0002,SKU0048,2024-01-05,0,0,0
STORE0002,SKU0048,2024-01-06,0,1,0
STORE0002,SKU0048,2024-01-07,0,1,0
STORE0002,SKU0048,2024-01-08,0,0,0
STORE0002,SKU0048,2024-01-09,0,0,0
STORE0002,SKU0048,2024-01-10,0,0,0
STORE0002,SKU0048,2024-01-11,0,0,0
STORE0002,SKU0048,2024-01-12,0,0,0
STORE0002,SKU0048,2024-01-13,0,1,0
STORE0002,SKU0048,2024-01-14,0,1,0
STORE0002,SKU0051,2024-01-01,0,0,0
STORE0002,SKU0051,2024-01-02,0,0,0
STORE0002,SKU0051,2024-01-03,0,0,0
STORE0002,SKU0051,2024-01-04,0,0,0
STORE0002,SKU0051,2024-01-05,0,0,0
STORE0002,SKU0051,2024-01-06,0,1,0
STORE0002,SKU0051,2024-01-07,0,1,0
STORE0002,SKU0051,2024-01-08,0,0,0
STORE0002,SKU0051,2024-01-09,0,0,0
STORE0002,SKU0051,2024-01-10,0,0,0
STORE0002,SKU0051,2024-01-11,0,0,0
STORE0002,SKU0051,2024-01-12,0,0,0
STORE0002,SKU0051,2024-01-13,0,1,0
STORE0002,SKU0051,2024-01-14,0,1,0
STORE0002,SKU0052,2024-01-01,0,0,0
STORE0002,SKU0052,2024-01-02,0,0,0
STORE0002,SKU0052,2024-01-03,0,0,0
STORE0002,SKU0052,2024-01-04,0,0,0
STORE0002,SKU0052,2024-01-05,0,0,0
STORE0002,SKU0052,2024-01-06,0,1,0
STORE0002,SKU0052,2024-01-07,0,1,0
STORE0002,SKU0052,2024-01-08,0,0,0
STORE0002,SKU0052,2024-01-09,0,0,0
STORE0002,SKU0052,2024-01-10,0,0,0
STORE0002,SKU0052,2024-01-11,0,0,0
STORE0002,SKU0052,2024-01-12,0,0,0
STORE0002,SKU0052,2024-01-13,0,1,0
STORE0002,SKU0052,2024-01-14,0,1,0
STORE0002,SKU0054,2024-01-01,0,0,0
STORE0002,SKU0054,2024-01-02,0,0,0
STORE0002,SKU0054,2024-01-03,0,0,0
STORE0002,SKU0054,2024-01-04,0,0,0
STORE0002,SKU0054,2024-01-05,0,0,0
STORE0002,SKU0054,2024-01-06,0,1,0
STORE0002,SKU0054,2024-01-07,0,1,0
STORE0002,SKU0054,2024-01-08,0,0,0
STORE0002,SKU0054,2024-01-09,0,0,0
STORE0002,SKU0054,2024-01-10,0,0,0
STORE0002,SKU0054,2024-01-11,0,0,0
STORE0002,SKU0054,2024-01-12,0,0,0
STORE0002,SKU0054,2024-01-13,0,1,0
STORE0002,SKU0054,2024-01-14,0,1,0
STORE0002,SKU0055,2024-01-01,0,0,0
STORE0002,SKU0055,2024-01-02,0,0,0
STORE0002,SKU0055,2024-01-03,0,0,0
STORE0002,SKU0055,2024-01-04,0,0,0
STORE0002,SKU0055,2024-01-05,0,0,0
STORE0002,SKU0055,2024-01-06,0,1,0
STORE0002,SKU0055,2024-01-07,0,1,0
STORE0002,SKU0055,2024-01-08,0,0,0
STORE0002,SKU0055,2024-01-09,0,0,0
STORE0002,SKU0055,2024-01-10,0,0,0
STORE0002,SKU0055,2024-01-11,0,0,0
STORE0002,SKU0055,2024-01-12,0,0,0
STORE0002,SKU0055,2024-01-13,0,1,0
STORE0002,SKU0055,2024-01-14,0,1,0
STORE0002,SKU0056,2024-01-01,0,0,0
STORE0002,SKU0056,2024-01-02,0,0,0
STORE0002,SKU0056,2024-01-03,0,0,0
STORE0002,SKU0056,2024-01-04,0,0,0
STORE0002,SKU0056,2024-01-05,0,0,0
STORE0002,SKU0056,2024-01-06,0,1,0
STORE0002,SKU0056,2024-01-07,0,1,0
STORE0002,SKU0056,2024-01-08,0,0,0
STORE0002,SKU0056,2024-01-09,0,0,0
STORE0002,SKU0056,2024-01-10,0,0,0
STORE0002,SKU0056,2024-01-11,0,0,0
STORE0002,SKU0056,2024-01-12,0,0,0
STORE0002,SKU0056,2024-01-13,0,1,0
STORE0002,SKU0056,2024-01-14,0,1,0
STORE0002,SKU0058,2024-01-01,0,0,0
STORE0002,SKU0058,2024-01-02,0,0,0
STORE0002,SKU0058,2024-01-03,0,0,0
STORE0002,SKU0058,2024-01-04,0,0,0
STORE0002,SKU0058,2024-01-05,0,0,0
STORE0002,SKU0058,2024-01-06,0,1,0
STORE0002,SKU0058,2024-01-07,0,1,0
STORE0002,SKU0058,2024-01-08,0,0,0
STORE0002,SKU0058,2024-01-09,0,0,0
STORE0002,SKU0058,2024-01-10,0,0,0
STORE0002,SKU0058,2024-01-11,0,0,0
STORE0002,SKU0058,2024-01-12,0,0,0
STORE0002,SKU0058,2024-01-13,0,1,0
STORE0002,SKU0058,2024-01-14,0,1,0
STORE0002,SKU0059,2024-01-01,0,0,0
STORE0002,SKU0059,2024-01-02,0,0,0
STORE0002,SKU0059,2024-01-03,0,0,0
STORE0002,SKU0059,2024-01-04,0,0,0
STORE0002,SKU0059,2024-01-05,0,0,0
STORE0002,SKU0059,2024-01-06,0,1,0
STORE0002,SKU0059,2024-01-07,0,1,0
STORE0002,SKU0059,2024-01-08,0,0,0
STORE0002,SKU0059,2024-01-09,0,0,0
STORE0002,SKU0059,2024-01-10,0,0,0
STORE0002,SKU0059,2024-01-11,0,0,0
STORE0002,SKU0059,2024-01-12,0,0,0
STORE0002,SKU0059,2024-01-13,0,1,0
STORE0002,SKU0059,2024-01-14,0,1,0
STORE0002,SKU0060,2024-01-01,0,0,0
STORE0002,SKU0060,2024-01-02,0,0,0
STORE0002,SKU0060,2024-01-03,0,0,0
STORE0002,SKU0060,2024-01-04,0,0,0
STORE0002,SKU0060,2024-01-05,0,0,0
STORE0002,SKU0060,2024-01-06,0,1,0
STORE0002,SKU0060,2024-01-07,0,1,0
STORE0002,SKU0060,2024-01-08,0,0,0
STORE0002,SKU0060,2024-01-09,0,0,0
STORE0002,SKU0060,2024-01-10,0,0,0
STORE0002,SKU0060,2024-01-11,0,0,0
STORE0002,SKU0060,2024-01-12,0,0,0
STORE0002,SKU0060,2024-01-13,0,1,0
STORE0002,SKU0060,2024-01-14,0,1,0
STORE0002,SKU0062,2024-01-01,0,0,0
STORE0002,SKU0062,2024-01-02,0,0,0
STORE0002,SKU0062,2024-01-03,0,0,0
STORE0002,SKU0062,2024-01-04,0,0,0
STORE0002,SKU0062,2024-01-05,0,0,0
STORE0002,SKU0062,2024-01-06,0,1,0
STORE0002,SKU0062,2024-01-07,0,1,0
STORE0002,SKU0062,2024-01-08,0,0,0
STORE0002,SKU0062,2024-01-09,0,0,0
STORE0002,SKU0062,2024-01-10,0,0,0
STORE0002,SKU0062,2024-01-11,0,0,0
STORE0002,SKU0062,2024-01-12,0,0,0
STORE0002,SKU0062,2024-01-13,0,1,0
STORE0002,SKU0062,2024-01-14,0,1,0
STORE0002,SKU0063,2024-01-01,0,0,0
STORE0002,SKU0063,2024-01-02,0,0,0
STORE0002,SKU0063,2024-01-03,0,0,0
STORE0002,SKU0063,2024-01-04,0,0,0
STORE0002,SKU0063,2024-01-05,0,0,0
STORE0002,SKU0063,2024-01-06,0,1,0
STORE0002,SKU0063,2024-01-07,0,1,0
STORE0002,SKU0063,2024-01-08,0,0,0
STORE0002,SKU0063,2024-01-09,0,0,0
STORE0002,SKU0063,2024-01-10,0,0,0
STORE0002,SKU0063,2024-01-11,0,0,0
STORE0002,SKU0063,2024-01-12,0,0,0
STORE0002,SKU0063,2024-01-13,0,1,0
STORE0002,SKU0063,2024-01-14,0,1,0
STORE0002,SKU0064,2024-01-01,0,0,0
STORE0002,SKU0064,2024-01-02,0,0,0
STORE0002,SKU0064,2024-01-03,0,0,0
STORE0002,SKU0064,2024-01-04,0,0,0
STORE0002,SKU0064,2024-01-05,0,0,0
STORE0002,SKU0064,2024-01-06,0,1,0
STORE0002,SKU0064,2024-01-07,0,1,0
STORE0002,SKU0064,2024-01-08,0,0,0
STORE0002,SKU0064,2024-01-09,0,0,0
STORE0002,SKU0064,2024-01-10,0,0,0
STORE0002,SKU0064,2024-01-11,0,0,0
STORE0002,SKU0064,2024-01-12,0,0,0
STORE0002,SKU0064,2024-01-13,0,1,0
STORE0002,SKU0064,2024-01-14,0,1,0
STORE0002,SKU0065,2024-01-01,0,0,0
STORE0002,SKU0065,2024-01-02,0,0,0
STORE0002,SKU0065,2024-01-03,0,0,0
STORE0002,SKU0065,2024-01-04,0,0,0
STORE0002,SKU0065,2024-01-05,0,0,0
STORE0002,SKU0065,2024-01-06,0,1,0
STORE0002,SKU0065,2024-01-07,0,1,0
STORE0002,SKU0065,2024-01-08,0,0,0
STORE0002,SKU0065,2024-01-09,0,0,0
STORE0002,SKU0065,2024-01-10,0,0,0
STORE0002,SKU0065,2024-01-11,0,0,0
STORE0002,SKU0065,2024-01-12,0,0,0
STORE0002,SKU0065,2024-01-13,0,1,0
STORE0002,SKU0065,2024-01-14,0,1,0
STORE0002,SKU0066,2024-01-01,0,0,0
STORE0002,SKU0066,2024-01-02,0,0,0
STORE0002,SKU0066,2024-01-03,0,0,0
STORE0002,SKU0066,2024-01-04,0,0,0
STORE0002,SKU0066,2024-01-05,0,0,0
STORE0002,SKU0066,2024-01-06,0,1,0
STORE0002,SKU0066,2024-01-07,0,1,0
STORE0002,SKU0066,2024-01-08,0,0,0
STORE0002,SKU0066,2024-01-09,0,0,0
STORE0002,SKU0066,2024-01-10,0,0,0
STORE0002,SKU0066,2024-01-11,0,0,0
STORE0002,SKU0066,2024-01-12,0,0,0
STORE0002,SKU0066,2024-01-13,0,1,0
STORE0002,SKU0066,2024-01-14,0,1,0
STORE0002,SKU0069,2024-01-01,0,0,0
STORE0002,SKU0069,2024-01-02,0,0,0
STORE0002,SKU0069,2024-01-03,0,0,0
STORE0002,SKU0069,2024-01-04,0,0,0
STORE0002,SKU0069,2024-01-05,0,0,0
STORE0002,SKU0069,2024-01-06,0,1,0
STORE0002,SKU0069,2024-01-07,0,1,0
STORE0002,SKU0069,2024-01-08,0,0,0
STORE0002,SKU0069,2024-01-09,0,0,0
STORE0002,SKU0069,2024-01-10,0,0,0
STORE0002,SKU0069,2024-01-11,0,0,0
STORE0002,SKU0069,2024-01-12,0,0,0
STORE0002,SKU0069,2024-01-13,0,1,0
STORE0002,SKU0069,2024-01-14,0,1,0
STORE0002,SKU0070,2024-01-01,0,0,0
STORE0002,SKU0070,2024-01-02,0,0,0
STORE0002,SKU0070,2024-01-03,0,0,0
STORE0002,SKU0070,2024-01-04,0,0,0
STORE0002,SKU0070,2024-01-05,0,0,0
STORE0002,SKU0070,2024-01-06,0,1,0
STORE0002,SKU0070,2024-01-07,0,1,0
STORE0002,SKU0070,2024-01-08,0,0,0
STORE0002,SKU0070,2024-01-09,0,0,0
STORE0002,SKU0070,2024-01-10,0,0,0
STORE0002,SKU0070,2024-01-11,0,0,0
STORE0002,SKU0070,2024-01-12,0,0,0
STORE0002,SKU0070,2024-01-13,0,1,0
STORE0002,SKU0070,2024-01-14,0,1,0
STORE0002,SKU0071,2024-01-01,0,0,0
STORE0002,SKU0071,2024-01-02,0,0,0
STORE0002,SKU0071,2024-01-03,0,0,0
STORE0002,SKU0071,2024-01-04,0,0,0
STORE0002,SKU0071,2024-01-05,0,0,0
STORE0002,SKU0071,2024-01-06,0,1,0
STORE0002,SKU0071,2024-01-07,0,1,0
STORE0002,SKU0071,2024-01-08,0,0,0
STORE0002,SKU0071,2024-01-09,0,0,0
STORE0002,SKU0071,2024-01-10,0,0,0
STORE0002,SKU0071,2024-01-11,0,0,0
STORE0002,SKU0071,2024-01-12,0,0,0
STORE0002,SKU0071,2024-01-13,0,1,0
STORE0002,SKU0071,2024-01-14,0,1,0
STORE0002,SKU0073,2024-01-01,0,0,0
STORE0002,SKU0073,2024-01-02,0,0,0
STORE0002,SKU0073,2024-01-03,0,0,0
STORE0002,SKU0073,2024-01-04,0,0,0
STORE0002,SKU0073,2024-01-05,0,0,0
STORE0002,SKU0073,2024-01-06,0,1,0
STORE0002,SKU0073,2024-01-07,0,1,0
STORE0002,SKU0073,2024-01-08,0,0,0
STORE0002,SKU0073,2024-01-09,0,0,0
STORE0002,SKU0073,2024-01-10,0,0,0
STORE0002,SKU0073,2024-01-11,0,0,0
STORE0002,SKU0073,2024-01-12,0,0,0
STORE0002,SKU0073,2024-01-13,0,1,0
STORE0002,SKU0073,2024-01-14,0,1,0
STORE0002,SKU0074,2024-01-01,0,0,0
STORE0002,SKU0074,2024-01-02,0,0,0
STORE0002,SKU0074,2024-01-03,0,0,0
STORE0002,SKU0074,2024-01-04,0,0,0
STORE0002,SKU0074,2024-01-05,0,0,0
STORE0002,SKU0074,2024-01-06,0,1,0
STORE0002,SKU0074,2024-01-07,0,1,0
STORE0002,SKU0074,2024-01-08,0,0,0
STORE0002,SKU0074,2024-01-09,0,0,0
STORE0002,SKU0074,2024-01-10,0,0,0
STORE0002,SKU0074,2024-01-11,0,0,0
STORE0002,SKU0074,2024-01-12,0,0,0
STORE0002,SKU0074,2024-01-13,0,1,0
STORE0002,SKU0074,2024-01-14,0,1,0
STORE0002,SKU0075,2024-01-01,0,0,0
STORE0002,SKU0075,2024-01-02,0,0,0
STORE0002,SKU0075,2024-01-03,0,0,0
STORE0002,SKU0075,2024-01-04,0,0,0
STORE0002,SKU0075,2024-01-05,0,0,0
STORE0002,SKU0075,2024-01-06,0,1,0
STORE0002,SKU0075,2024-01-07,0,1,0
STORE0002,SKU0075,2024-01-08,0,0,0
STORE0002,SKU0075,2024-01-09,0,0,0
STORE0002,SKU0075,2024-01-10,0,0,0
STORE0002,SKU0075,2024-01-11,0,0,0
STORE0002,SKU0075,2024-01-12,0,0,0
STORE0002,SKU0075,2024-01-13,0,1,0
STORE0002,SKU0075,2024-01-14,0,1,0
STORE0002,SKU0078,2024-01-01,0,0,0
STORE0002,SKU0078,2024-01-02,0,0,0
STORE0002,SKU0078,2024-01-03,0,0,0
STORE0002,SKU0078,2024-01-04,0,0,0
STORE0002,SKU0078,2024-01-05,0,0,0
STORE0002,SKU0078,2024-01-06,0,1,0
STORE0002,SKU0078,2024-01-07,0,1,0
STORE0002,SKU0078,2024-01-08,0,0,0
STORE0002,SKU0078,2024-01-09,0,0,0
STORE0002,SKU0078,2024-01-10,0,0,0
STORE0002,SKU0078,2024-01-11,0,0,0
STORE0002,SKU0078,2024-01-12,0,0,0
STORE0002,SKU0078,2024-01-13,0,1,0
STORE0002,SKU0078,2024-01-14,0,1,0
STORE0002,SKU0079,2024-01-01,0,0,0
STORE0002,SKU0079,2024-01-02,0,0,0
STORE0002,SKU0079,2024-01-03,0,0,0
STORE0002,SKU0079,2024-01-04,0,0,0
STORE0002,SKU0079,2024-01-05,0,0,0
STORE0002,SKU0079,2024-01-06,0,1,0
STORE0002,SKU0079,2024-01-07,0,1,0
STORE0002,SKU0079,2024-01-08,0,0,0
STORE0002,SKU0079,2024-01-09,0,0,0
STORE0002,SKU0079,2024-01-10,0,0,0
STORE0002,SKU0079,2024-01-11,0,0,0
STORE0002,SKU0079,2024-01-12,0,0,0
STORE0002,SKU0079,2024-01-13,0,1,0
STORE0002,SKU0079,2024-01-14,0,1,0
STORE0002,SKU0081,2024-01-01,0,0,0
STORE0002,SKU0081,2024-01-02,0,0,0
STORE0002,SKU0081,2024-01-03,0,0,0
STORE0002,SKU0081,2024-01-04,0,0,0
STORE0002,SKU0081,2024-01-05,0,0,0
STORE0002,SKU0081,2024-01-06,0,1,0
STORE0002,SKU0081,2024-01-07,0,1,0
STORE0002,SKU0081,2024-01-08,0,0,0
STORE0002,SKU0081,2024-01-09,0,0,0
STORE0002,SKU0081,2024-01-10,0,0,0
STORE0002,SKU0081,2024-01-11,0,0,0
STORE0002,SKU0081,2024-01-12,0,0,0
STORE0002,SKU0081,2024-01-13,0,1,0
STORE0002,SKU0081,2024-01-14,0,1,0
STORE0002,SKU0082,2024-01-01,0,0,0
STORE0002,SKU0082,2024-01-02,0,0,0
STORE0002,SKU0082,2024-01-03,0,0,0
STORE0002,SKU0082,2024-01-04,0,0,0
STORE0002,SKU0082,2024-01-05,0,0,0
STORE0002,SKU0082,2024-01-06,0,1,0
STORE0002,SKU0082,2024-01-07,0,1,0
STORE0002,SKU0082,2024-01-08,0,0,0
STORE0002,SKU0082,2024-01-09,0,0,0
STORE0002,SKU0082,2024-01-10,0,0,0
STORE0002,SKU0082,2024-01-11,0,0,0
STORE0002,SKU0082,2024-01-12,0,0,0
STORE0002,SKU0082,2024-01-13,0,1,0
STORE0002,SKU0082,2024-01-14,0,1,0
STORE0002,SKU0083,2024-01-01,0,0,0
STORE0002,SKU0083,2024-01-02,0,0,0
STORE0002,SKU0083,2024-01-03,0,0,0
STORE0002,SKU0083,2024-01-04,0,0,0
STORE0002,SKU0083,2024-01-05,0,0,0
STORE0002,SKU0083,2024-01-06,0,1,0
STORE0002,SKU0083,2024-01-07,0,1,0
STORE0002,SKU0083,2024-01-08,0,0,0
STORE0002,SKU0083,2024-01-09,0,0,0
STORE0002,SKU0083,2024-01-10,0,0,0
STORE0002,SKU0083,2024-01-11,0,0,0
STORE0002,SKU0083,2024-01-12,0,0,0
STORE0002,SKU0083,2024-01-13,0,1,0
STORE0002,SKU0083,2024-01-14,0,1,0
STORE0002,SKU0084,2024-01-01,0,0,0
STORE0002,SKU0084,2024-01-02,0,0,0
STORE0002,SKU0084,2024-01-03,0,0,0
STORE0002,SKU0084,2024-01-04,0,0,0
STORE0002,SKU0084,2024-01-05,0,0,0
STORE0002,SKU0084,2024-01-06,0,1,0
STORE0002,SKU0084,2024-01-07,0,1,0
STORE0002,SKU0084,2024-01-08,0,0,0
STORE0002,SKU0084,2024-01-09,0,0,0
STORE0002,SKU0084,2024-01-10,0,0,0
STORE0002,SKU0084,2024-01-11,0,0,0
STORE0002,SKU0084,2024-01-12,0,0,0
STORE0002,SKU0084,2024-01-13,0,1,0
STORE0002,SKU0084,2024-01-14,0,1,0
STORE0002,SKU0086,2024-01-01,0,0,0
STORE0002,SKU0086,2024-01-02,0,0,0
STORE0002,SKU0086,2024-01-03,0,0,0
STORE0002,SKU0086,2024-01-04,0,0,0
STORE0002,SKU0086,2024-01-05,0,0,0
STORE0002,SKU0086,2024-01-06,0,1,0
STORE0002,SKU0086,2024-01-07,0,1,0
STORE0002,SKU0086,2024-01-08,0,0,0
STORE0002,SKU0086,2024-01-09,0,0,0
STORE0002,SKU0086,2024-01-10,0,0,0
STORE0002,SKU0086,2024-01-11,0,0,0
STORE0002,SKU0086,2024-01-12,0,0,0
STORE0002,SKU0086,2024-01-13,0,1,0
STORE0002,SKU0086,2024-01-14,0,1,0
STORE0002,SKU0087,2024-01-01,0,0,0
STORE0002,SKU0087,2024-01-02,0,0,0
STORE0002,SKU0087,2024-01-03,0,0,0
STORE0002,SKU0087,2024-01-04,0,0,0
STORE0002,SKU0087,2024-01-05,0,0,0
STORE0002,SKU0087,2024-01-06,0,1,0
STORE0002,SKU0087,2024-01-07,0,1,0
STORE0002,SKU0087,2024-01-08,0,0,0
STORE0002,SKU0087,2024-01-09,0,0,0
STORE0002,SKU0087,2024-01-10,0,0,0
STORE0002,SKU0087,2024-01-11,0,0,0
STORE0002,SKU0087,2024-01-12,0,0,0
STORE0002,SKU0087,2024-01-13,0,1,0
STORE0002,SKU0087,2024-01-14,0,1,0
STORE0002,SKU0088,2024-01-01,0,0,0
STORE0002,SKU0088,2024-01-02,0,0,0
STORE0002,SKU0088,2024-01-03,0,0,0
STORE0002,SKU0088,2024-01-04,0,0,0
STORE0002,SKU0088,2024-01-05,0,0,0
STORE0002,SKU0088,2024-01-06,0,1,0
STORE0002,SKU0088,2024-01-07,0,1,0
STORE0002,SKU0088,2024-01-08,0,0,0
STORE0002,SKU0088,2024-01-09,0,0,0
STORE0002,SKU0088,2024-01-10,0,0,0
STORE0002,SKU0088,2024-01-11,0,0,0
STORE0002,SKU0088,2024-01-12,0,0,0
STORE0002,SKU0088,2024-01-13,0,1,0
STORE0002,SKU0088,2024-01-14,0,1,0
STORE0002,SKU0089,2024-01-01,0,0,0
STORE0002,SKU0089,2024-01-02,0,0,0
STORE0002,SKU0089,2024-01-03,0,0,0
STORE0002,SKU0089,2024-01-04,0,0,0
STORE0002,SKU0089,2024-01-05,0,0,0
STORE0002,SKU0089,2024-01-06,0,1,0
STORE0002,SKU0089,2024-01-07,0,1,0
STORE0002,SKU0089,2024-01-08,0,0,0
STORE0002,SKU0089,2024-01-09,0,0,0
STORE0002,SKU0089,2024-01-10,0,0,0
STORE0002,SKU0089,2024-01-11,0,0,0
STORE0002,SKU0089,2024-01-12,0,0,0
STORE0002,SKU0089,2024-01-13,0,1,0
STORE0002,SKU0089,2024-01-14,0,1,0
STORE0002,SKU0090,2024-01-01,0,0,0
STORE0002,SKU0090,2024-01-02,0,0,0
STORE0002,SKU0090,2024-01-03,0,0,0
STORE0002,SKU0090,2024-01-04,0,0,0
STORE0002,SKU0090,2024-01-05,0,0,0
STORE0002,SKU0090,2024-01-06,0,1,0
STORE0002,SKU0090,2024-01-07,0,1,0
STORE0002,SKU0090,2024-01-08,0,0,0
STORE0002,SKU0090,2024-01-09,0,0,0
STORE0002,SKU0090,2024-01-10,0,0,0
STORE0002,SKU0090,2024-01-11,0,0,0
STORE0002,SKU0090,2024-01-12,0,0,0
STORE0002,SKU0090,2024-01-13,0,1,0
STORE0002,SKU0090,2024-01-14,0,1,0
STORE0002,SKU0092,2024-01-01,0,0,0
STORE0002,SKU0092,2024-01-02,0,0,0
STORE0002,SKU0092,2024-01-03,0,0,0
STORE0002,SKU0092,2024-01-04,0,0,0
STORE0002,SKU0092,2024-01-05,0,0,0
STORE0002,SKU0092,2024-01-06,0,1,0
STORE0002,SKU0092,2024-01-07,0,1,0
STORE0002,SKU0092,2024-01-08,0,0,0
STORE0002,SKU0092,2024-01-09,0,0,0
STORE0002,SKU0092,2024-01-10,0,0,0
STORE0002,SKU0092,2024-01-11,0,0,0
STORE0002,SKU0092,2024-01-12,0,0,0
STORE0002,SKU0092,2024-01-13,0,1,0
STORE0002,SKU0092,2024-01-14,0,1,0
STORE0002,SKU0093,2024-01-01,0,0,0
STORE0002,SKU0093,2024-01-02,0,0,0
STORE0002,SKU0093,2024-01-03,0,0,0
STORE0002,SKU0093,2024-01-04,0,0,0
STORE0002,SKU0093,2024-01-05,0,0,0
STORE0002,SKU0093,2024-01-06,0,1,0
STORE0002,SKU0093,2024-01-07,0,1,0
STORE0002,SKU0093,2024-01-08,0,0,0
STORE0002,SKU0093,2024-01-09,0,0,0
STORE0002,SKU0093,2024-01-10,0,0,0
STORE0002,SKU0093,2024-01-11,0,0,0
STORE0002,SKU0093,2024-01-12,0,0,0
STORE0002,SKU0093,2024-01-13,0,1,0
STORE0002,SKU0093,2024-01-14,0,1,0
STORE0002,SKU0096,2024-01-01,0,0,0
STORE0002,SKU0096,2024-01-02,0,0,0
STORE0002,SKU0096,2024-01-03,0,0,0
STORE0002,SKU0096,2024-01-04,0,0,0
STORE0002,SKU0096,2024-01-05,0,0,0
STORE0002,SKU0096,2024-01-06,0,1,0
STORE0002,SKU0096,2024-01-07,0,1,0
STORE0002,SKU0096,2024-01-08,0,0,0
STORE0002,SKU0096,2024-01-09,0,0,0
STORE0002,SKU0096,2024-01-10,0,0,0
STORE0002,SKU0096,2024-01-11,0,0,0
STORE0002,SKU0096,2024-01-12,0,0,0
STORE0002,SKU0096,2024-01-13,0,1,0
STORE0002,SKU0096,2024-01-14,0,1,0
STORE0002,SKU0097,2024-01-01,0,0,0
STORE0002,SKU0097,2024-01-02,0,0,0
STORE0002,SKU0097,2024-01-03,0,0,0
STORE0002,SKU0097,2024-01-04,0,0,0
STORE0002,SKU0097,2024-01-05,0,0,0
STORE0002,SKU0097,2024-01-06,0,1,0
STORE0002,SKU0097,2024-01-07,0,1,0
STORE0002,SKU0097,2024-01-08,0,0,0
STORE0002,SKU0097,2024-01-09,0,0,0
STORE0002,SKU0097,2024-01-10,0,0,0
STORE0002,SKU0097,2024-01-11,0,0,0
STORE0002,SKU0097,2024-01-12,0,0,0
STORE0002,SKU0097,2024-01-13,0,1,0
STORE0002,SKU0097,2024-01-14,0,1,0
STORE0002,SKU0098,2024-01-01,0,0,0
STORE0002,SKU0098,2024-01-02,0,0,0
STORE0002,SKU0098,2024-01-03,0,0,0
STORE0002,SKU0098,2024-01-04,0,0,0
STORE0002,SKU0098,2024-01-05,0,0,0
STORE0002,SKU0098,2024-01-06,0,1,0
STORE0002,SKU0098,2024-01-07,0,1,0
STORE0002,SKU0098,2024-01-08,0,0,0
STORE0002,SKU0098,2024-01-09,0,0,0
STORE0002,SKU0098,2024-01-10,0,0,0
STORE0002,SKU0098,2024-01-11,0,0,0
STORE0002,SKU0098,2024-01-12,0,0,0
STORE0002,SKU0098,2024-01-13,0,1,0
STORE0002,SKU0098,2024-01-14,0,1,0
STORE0002,SKU0099,2024-01-01,0,0,0
STORE0002,SKU0099,2024-01-02,0,0,0
STORE0002,SKU0099,2024-01-03,0,0,0
STORE0002,SKU0099,2024-01-04,0,0,0
STORE0002,SKU0099,2024-01-05,0,0,0
STORE0002,SKU0099,2024-01-06,0,1,0
STORE0002,SKU0099,2024-01-07,0,1,0
STORE0002,SKU0099,2024-01-08,0,0,0
STORE0002,SKU0099,2024-01-09,0,0,0
STORE0002,SKU0099,2024-01-10,0,0,0
STORE0002,SKU0099,2024-01-11,0,0,0
STORE0002,SKU0099,2024-01-12,0,0,0
STORE0002,SKU0099,2024-01-13,0,1,0
STORE0002,SKU0099,2024-01-14,0,1,0
STORE0002,SKU0101,2024-01-01,0,0,0
STORE0002,SKU0101,2024-01-02,0,0,0
STORE0002,SKU0101,2024-01-03,0,0,0
STORE0002,SKU0101,2024-01-04,0,0,0
STORE0002,SKU0101,2024-01-05,0,0,0
STORE0002,SKU0101,2024-01-06,0,1,0
STORE0002,SKU0101,2024-01-07,0,1,0
STORE0002,SKU0101,2024-01-08,0,0,0
STORE0002,SKU0101,2024-01-09,0,0,0
STORE0002,SKU0101,2024-01-10,0,0,0
STORE0002,SKU0101,2024-01-11,0,0,0
STORE0002,SKU0101,2024-01-12,0,0,0
STORE0002,SKU0101,2024-01-13,0,1,0
STORE0002,SKU0101,2024-01-14,0,1,0
STORE0002,SKU0102,2024-01-01,0,0,0
STORE0002,SKU0102,2024-01-02,0,0,0
STORE0002,SKU0102,2024-01-03,0,0,0
STORE0002,SKU0102,2024-01-04,0,0,0
STORE0002,SKU0102,2024-01-05,0,0,0
STORE0002,SKU0102,2024-01-06,0,1,0
STORE0002,SKU0102,2024-01-07,0,1,0
STORE0002,SKU0102,2024-01-08,0,0,0
STORE0002,SKU0102,2024-01-09,0,0,0
STORE0002,SKU0102,2024-01-10,0,0,0
STORE0002,SKU0102,2024-01-11,0,0,0
STORE0002,SKU0102,2024-01-12,0,0,0
STORE0002,SKU0102,2024-01-13,0,1,0
STORE0002,SKU0102,2024-01-14,0,1,0
STORE0003,SKU0001,2024-01-01,0,0,0
STORE0003,SKU0001,2024-01-02,0,0,0
STORE0003,SKU0001,2024-01-03,0,0,0
STORE0003,SKU0001,2024-01-04,0,0,0
STORE0003,SKU0001,2024-01-05,0,0,0
STORE0003,SKU0001,2024-01-06,0,1,0
STORE0003,SKU0001,2024-01-07,0,1,0
STORE0003,SKU0001,2024-01-08,0,0,0
STORE0003,SKU0001,2024-01-09,0,0,0
STORE0003,SKU0001,2024-01-10,0,0,0
STORE0003,SKU0001,2024-01-11,0,0,0
STORE0003,SKU0001,2024-01-12,0,0,0
STORE0003,SKU0001,2024-01-13,0,1,0
STORE0003,SKU0001,2024-01-14,0,1,0
STORE0003,SKU0003,2024-01-01,0,0,0
STORE0003,SKU0003,2024-01-02,0,0,0
STORE0003,SKU0003,2024-01-03,0,0,0
STORE0003,SKU0003,2024-01-04,0,0,0
STORE0003,SKU0003,2024-01-05,0,0,0
STORE0003,SKU0003,2024-01-06,0,1,0
STORE0003,SKU0003,2024-01-07,0,1,0
STORE0003,SKU0003,2024-01-08,0,0,0
STORE0003,SKU0003,2024-01-09,0,0,0
STORE0003,SKU0003,2024-01-10,0,0,0
STORE0003,SKU0003,2024-01-11,0,0,0
STORE0003,SKU0003,2024-01-12,0,0,0
STORE0003,SKU0003,2024-01-13,0,1,0
STORE0003,SKU0003,2024-01-14,0,1,0
STORE0003,SKU0004,2024-01-01,0,0,0
STORE0003,SKU0004,2024-01-02,0,0,0
STORE0003,SKU0004,2024-01-03,0,0,0
STORE0003,SKU0004,2024-01-04,0,0,0
STORE0003,SKU0004,2024-01-05,0,0,0
STORE0003,SKU0004,2024-01-06,0,1,0
STORE0003,SKU0004,2024-01-07,0,1,0
STORE0003,SKU0004,2024-01-08,0,0,0
STORE0003,SKU0004,2024-01-09,0,0,0
STORE0003,SKU0004,2024-01-10,0,0,0
STORE0003,SKU0004,2024-01-11,0,0,0
STORE0003,SKU0004,2024-01-12,0,0,0
STORE0003,SKU0004,2024-01-13,0,1,0
STORE0003,SKU0004,2024-01-14,0,1,0
STORE0003,SKU0005,2024-01-01,0,0,0
STORE0003,SKU0005,2024-01-02,0,0,0
STORE0003,SKU0005,2024-01-03,0,0,0
STORE0003,SKU0005,2024-01-04,0,0,0
STORE0003,SKU0005,2024-01-05,0,0,0
STORE0003,SKU0005,2024-01-06,0,1,0
STORE0003,SKU0005,2024-01-07,0,1,0
STORE0003,SKU0005,2024-01-08,0,0,0
STORE0003,SKU0005,2024-01-09,0,0,0
STORE0003,SKU0005,2024-01-10,0,0,0
STORE0003,SKU0005,2024-01-11,0,0,0
STORE0003,SKU0005,2024-01-12,0,0,0
STORE0003,SKU0005,2024-01-13,0,1,0
STORE0003,SKU0005,2024-01-14,0,1,0
STORE0003,SKU0006,2024-01-01,0,0,0
STORE0003,SKU0006,2024-01-02,0,0,0
STORE0003,SKU0006,2024-01-03,0,0,0
STORE0003,SKU0006,2024-01-04,0,0,0
STORE0003,SKU0006,2024-01-05,0,0,0
STORE0003,SKU0006,2024-01-06,0,1,0
STORE0003,SKU0006,2024-01-07,0,1,0
STORE0003,SKU0006,2024-01-08,0,0,0
STORE0003,SKU0006,2024-01-09,0,0,0
STORE0003,SKU0006,2024-01-10,0,0,0
STORE0003,SKU0006,2024-01-11,0,0,0
STORE0003,SKU0006,2024-01-12,0,0,0
STORE0003,SKU0006,2024-01-13,0,1,0
STORE0003,SKU0006,2024-01-14,0,1,0
STORE0003,SKU0007,2024-01-01,0,0,0
STORE0003,SKU0007,2024-01-02,0,0,0
STORE0003,SKU0007,2024-01-03,0,0,0
STORE0003,SKU0007,2024-01-04,0,0,0
STORE0003,SKU0007,2024-01-05,0,0,0
STORE0003,SKU0007,2024-01-06,0,1,0
STORE0003,SKU0007,2024-01-07,0,1,0
STORE0003,SKU0007,2024-01-08,0,0,0
STORE0003,SKU0007,2024-01-09,0,0,0
STORE0003,SKU0007,2024-01-10,0,0,0
STORE0003,SKU0007,2024-01-11,0,0,0
STORE0003,SKU0007,2024-01-12,0,0,0
STORE0003,SKU0007,2024-01-13,0,1,0
STORE0003,SKU0007,2024-01-14,0,1,0
STORE0003,SKU0008,2024-01-01,0,0,0
STORE0003,SKU0008,2024-01-02,0,0,0
STORE0003,SKU0008,2024-01-03,0,0,0
STORE0003,SKU0008,2024-01-04,0,0,0
STORE0003,SKU0008,2024-01-05,0,0,0
STORE0003,SKU0008,2024-01-06,0,1,0
STORE0003,SKU0008,2024-01-07,0,1,0
STORE0003,SKU0008,2024-01-08,0,0,0
STORE0003,SKU0008,2024-01-09,0,0,0
STORE0003,SKU0008,2024-01-10,0,0,0
STORE0003,SKU0008,2024-01-11,0,0,0
STORE0003,SKU0008,2024-01-12,0,0,0
STORE0003,SKU0008,2024-01-13,0,1,0
STORE0003,SKU0008,2024-01-14,0,1,0
STORE0003,SKU0009,2024-01-01,0,0,0
STORE0003,SKU0009,2024-01-02,0,0,0
STORE0003,SKU0009,2024-01-03,0,0,0
STORE0003,SKU0009,2024-01-04,0,0,0
STORE0003,SKU0009,2024-01-05,0,0,0
STORE0003,SKU0009,2024-01-06,0,1,0
STORE0003,SKU0009,2024-01-07,0,1,0
STORE0003,SKU0009,2024-01-08,0,0,0
STORE0003,SKU0009,2024-01-09,0,0,0
STORE0003,SKU0009,2024-01-10,0,0,0
STORE0003,SKU0009,2024-01-11,0,0,0
STORE0003,SKU0009,2024-01-12,0,0,0
STORE0003,SKU0009,2024-01-13,0,1,0
STORE0003,SKU0009,2024-01-14,0,1,0
STORE0003,SKU0010,2024-01-01,0,0,0
STORE0003,SKU0010,2024-01-02,0,0,0
STORE0003,SKU0010,2024-01-03,0,0,0
STORE0003,SKU0010,2024-01-04,0,0,0
STORE0003,SKU0010,2024-01-05,0,0,0
STORE0003,SKU0010,2024-01-06,0,1,0
STORE0003,SKU0010,2024-01-07,0,1,0
STORE0003,SKU0010,2024-01-08,0,0,0
STORE0003,SKU0010,2024-01-09,0,0,0
STORE0003,SKU0010,2024-01-10,0,0,0
STORE0003,SKU0010,2024-01-11,0,0,0
STORE0003,SKU0010,2024-01-12,0,0,0
STORE0003,SKU0010,2024-01-13,0,1,0
STORE0003,SKU0010,2024-01-14,0,1,0
STORE0003,SKU0011,2024-01-01,0,0,0
STORE0003,SKU0011,2024-01-02,0,0,0
STORE0003,SKU0011,2024-01-03,0,0,0
STORE0003,SKU0011,2024-01-04,0,0,0
STORE0003,SKU0011,2024-01-05,0,0,0
STORE0003,SKU0011,2024-01-06,0,1,0
STORE0003,SKU0011,2024-01-07,0,1,0
STORE0003,SKU0011,2024-01-08,0,0,0
STORE0003,SKU0011,2024-01-09,0,0,0
STORE0003,SKU0011,2024-01-10,0,0,0
STORE0003,SKU0011,2024-01-11,0,0,0
STORE0003,SKU0011,2024-01-12,0,0,0
STORE0003,SKU0011,2024-01-13,0,1,0
STORE0003,SKU0011,2024-01-14,0,1,0
STORE0003,SKU0012,2024-01-01,0,0,0
STORE0003,SKU0012,2024-01-02,0,0,0
STORE0003,SKU0012,2024-01-03,0,0,0
STORE0003,SKU0012,2024-01-04,0,0,0
STORE0003,SKU0012,2024-01-05,0,0,0
STORE0003,SKU0012,2024-01-06,0,1,0
STORE0003,SKU0012,2024-01-07,0,1,0
STORE0003,SKU0012,2024-01-08,0,0,0
STORE0003,SKU0012,2024-01-09,0,0,0
STORE0003,SKU0012,2024-01-10,0,0,0
STORE0003,SKU0012,2024-01-11,0,0,0
STORE0003,SKU0012,2024-01-12,0,0,0
STORE0003,SKU0012,2024-01-13,0,1,0
STORE0003,SKU0012,2024-01-14,0,1,0
STORE0003,SKU0013,2024-01-01,0,0,0
STORE0003,SKU0013,2024-01-02,0,0,0
STORE0003,SKU0013,2024-01-03,0,0,0
STORE0003,SKU0013,2024-01-04,0,0,0
STORE0003,SKU0013,2024-01-05,0,0,0
STORE0003,SKU0013,2024-01-06,0,1,0
STORE0003,SKU0013,2024-01-07,0,1,0
STORE0003,SKU0013,2024-01-08,0,0,0
STORE0003,SKU0013,2024-01-09,0,0,0
STORE0003,SKU0013,2024-01-10,0,0,0
STORE0003,SKU0013,2024-01-11,0,0,0
STORE0003,SKU0013,2024-01-12,0,0,0
STORE0003,SKU0013,2024-01-13,0,1,0
STORE0003,SKU0013,2024-01-14,0,1,0
STORE0003,SKU0014,2024-01-01,0,0,0
STORE0003,SKU0014,2024-01-02,0,0,0
STORE0003,SKU0014,2024-01-03,0,0,0
STORE0003,SKU0014,2024-01-04,0,0,0
STORE0003,SKU0014,2024-01-05,0,0,0
STORE0003,SKU0014,2024-01-06,0,1,0
STORE0003,SKU0014,2024-01-07,0,1,0
STORE0003,SKU0014,2024-01-08,0,0,0
STORE0003,SKU0014,2024-01-09,0,0,0
STORE0003,SKU0014,2024-01-10,0,0,0
STORE0003,SKU0014,2024-01-11,0,0,0
STORE0003,SKU0014,2024-01-12,0,0,0
STORE0003,SKU0014,2024-01-13,0,1,0
STORE0003,SKU0014,2024-01-14,0,1,0
STORE0003,SKU0015,2024-01-01,0,0,0
STORE0003,SKU0015,2024-01-02,0,0,0
STORE0003,SKU0015,2024-01-03,0,0,0
STORE0003,SKU0015,2024-01-04,0,0,0
STORE0003,SKU0015,2024-01-05,0,0,0
STORE0003,SKU0015,2024-01-06,0,1,0
STORE0003,SKU0015,2024-01-07,0,1,0
STORE0003,SKU0015,2024-01-08,0,0,0
STORE0003,SKU0015,2024-01-09,0,0,0
STORE0003,SKU0015,2024-01-10,0,0,0
STORE0003,SKU0015,2024-01-11,0,0,0
STORE0003,SKU0015,2024-01-12,0,0,0
STORE0003,SKU0015,2024-01-13,0,1,0
STORE0003,SKU0015,2024-01-14,0,1,0
STORE0003,SKU0016,2024-01-01,0,0,0
STORE0003,SKU0016,2024-01-02,0,0,0
STORE0003,SKU0016,2024-01-03,0,0,0
STORE0003,SKU0016,2024-01-04,0,0,0
STORE0003,SKU0016,2024-01-05,0,0,0
STORE0003,SKU0016,2024-01-06,0,1,0
STORE0003,SKU0016,2024-01-07,0,1,0
STORE0003,SKU0016,2024-01-08,0,0,0
STORE0003,SKU0016,2024-01-09,0,0,0
STORE0003,SKU0016,2024-01-10,0,0,0
STORE0003,SKU0016,2024-01-11,0,0,0
STORE0003,SKU0016,2024-01-12,0,0,0
STORE0003,SKU0016,2024-01-13,0,1,0
STORE0003,SKU0016,2024-01-14,0,1,0
STORE0003,SKU0019,2024-01-01,0,0,0
STORE0003,SKU0019,2024-01-02,0,0,0
STORE0003,SKU0019,2024-01-03,0,0,0
STORE0003,SKU0019,2024-01-04,0,0,0
STORE0003,SKU0019,2024-01-05,0,0,0
STORE0003,SKU0019,2024-01-06,0,1,0
STORE0003,SKU0019,2024-01-07,0,1,0
STORE0003,SKU0019,2024-01-08,0,0,0
STORE0003,SKU0019,2024-01-09,0,0,0
STORE0003,SKU0019,2024-01-10,0,0,0
STORE0003,SKU0019,2024-01-11,0,0,0
STORE0003,SKU0019,2024-01-12,0,0,0
STORE0003,SKU0019,2024-01-13,0,1,0
STORE0003,SKU0019,2024-01-14,0,1,0
STORE0003,SKU0020,2024-01-01,0,0,0
STORE0003,SKU0020,2024-01-02,0,0,0
STORE0003,SKU0020,2024-01-03,0,0,0
STORE0003,SKU0020,2024-01-04,0,0,0
STORE0003,SKU0020,2024-01-05,0,0,0
STORE0003,SKU0020,2024-01-06,0,1,0
STORE0003,SKU0020,2024-01-07,0,1,0
STORE0003,SKU0020,2024-01-08,0,0,0
STORE0003,SKU0020,2024-01-09,0,0,0
STORE0003,SKU0020,2024-01-10,0,0,0
STORE0003,SKU0020,2024-01-11,0,0,0
STORE0003,SKU0020,2024-01-12,0,0,0
STORE0003,SKU0020,2024-01-13,0,1,0
STORE0003,SKU0020,2024-01-14,0,1,0
STORE0003,SKU0021,2024-01-01,0,0,0
STORE0003,SKU0021,2024-01-02,0,0,0
STORE0003,SKU0021,2024-01-03,0,0,0
STORE0003,SKU0021,2024-01-04,0,0,0
STORE0003,SKU0021,2024-01-05,0,0,0
STORE0003,SKU0021,2024-01-06,0,1,0
STORE0003,SKU0021,2024-01-07,0,1,0
STORE0003,SKU0021,2024-01-08,0,0,0
STORE0003,SKU0021,2024-01-09,0,0,0
STORE0003,SKU0021,2024-01-10,0,0,0
STORE0003,SKU0021,2024-01-11,0,0,0
STORE0003,SKU0021,2024-01-12,0,0,0
STORE0003,SKU0021,2024-01-13,0,1,0
STORE0003,SKU0021,2024-01-14,0,1,0
STORE0003,SKU0022,2024-01-01,0,0,0
STORE0003,SKU0022,2024-01-02,0,0,0
STORE0003,SKU0022,2024-01-03,0,0,0
STORE0003,SKU0022,2024-01-04,0,0,0
STORE0003,SKU0022,2024-01-05,0,0,0
STORE0003,SKU0022,2024-01-06,0,1,0
STORE0003,SKU0022,2024-01-07,0,1,0
STORE0003,SKU0022,2024-01-08,0,0,0
STORE0003,SKU0022,2024-01-09,0,0,0
STORE0003,SKU0022,2024-01-10,0,0,0
STORE0003,SKU0022,2024-01-11,0,0,0
STORE0003,SKU0022,2024-01-12,0,0,0
STORE0003,SKU0022,2024-01-13,0,1,0
STORE0003,SKU0022,2024-01-14,0,1,0
STORE0003,SKU0023,2024-01-01,0,0,0
STORE0003,SKU0023,2024-01-02,0,0,0
STORE0003,SKU0023,2024-01-03,0,0,0
STORE0003,SKU0023,2024-01-04,0,0,0
STORE0003,SKU0023,2024-01-05,0,0,0
STORE0003,SKU0023,2024-01-06,0,1,0
STORE0003,SKU0023,2024-01-07,0,1,0
STORE0003,SKU0023,2024-01-08,0,0,0
STORE0003,SKU0023,2024-01-09,0,0,0
STORE0003,SKU0023,2024-01-10,0,0,0
STORE0003,SKU0023,2024-01-11,0,0,0
STORE0003,SKU0023,2024-01-12,0,0,0
STORE0003,SKU0023,2024-01-13,0,1,0
STORE0003,SKU0023,2024-01-14,0,1,0
STORE0003,SKU0024,2024-01-01,0,0,0
STORE0003,SKU0024,2024-01-02,0,0,0
STORE0003,SKU0024,2024-01-03,0,0,0
STORE0003,SKU0024,2024-01-04,0,0,0
STORE0003,SKU0024,2024-01-05,0,0,0
STORE0003,SKU0024,2024-01-06,0,1,0
STORE0003,SKU0024,2024-01-07,0,1,0
STORE0003,SKU0024,2024-01-08,0,0,0
STORE0003,SKU0024,2024-01-09,0,0,0
STORE0003,SKU0024,2024-01-10,0,0,0
STORE0003,SKU0024,2024-01-11,0,0,0
STORE0003,SKU0024,2024-01-12,0,0,0
STORE0003,SKU0024,2024-01-13,0,1,0
STORE0003,SKU0024,2024-01-14,0,1,0
STORE0003,SKU0025,2024-01-01,0,0,0
STORE0003,SKU0025,2024-01-02,0,0,0
STORE0003,SKU0025,2024-01-03,0,0,0
STORE0003,SKU0025,2024-01-04,0,0,0
STORE0003,SKU0025,2024-01-05,0,0,0
STORE0003,SKU0025,2024-01-06,0,1,0
STORE0003,SKU0025,2024-01-07,0,1,0
STORE0003,SKU0025,2024-01-08,0,0,0
STORE0003,SKU0025,2024-01-09,0,0,0
STORE0003,SKU0025,2024-01-10,0,0,0
STORE0003,SKU0025,2024-01-11,0,0,0
STORE0003,SKU0025,2024-01-12,0,0,0
STORE0003,SKU0025,2024-01-13,0,1,0
STORE0003,SKU0025,2024-01-14,0,1,0
STORE0003,SKU0026,2024-01-01,0,0,0
STORE0003,SKU0026,2024-01-02,0,0,0
STORE0003,SKU0026,2024-01-03,0,0,0
STORE0003,SKU0026,2024-01-04,0,0,0
STORE0003,SKU0026,2024-01-05,0,0,0
STORE0003,SKU0026,2024-01-06,0,1,0
STORE0003,SKU0026,2024-01-07,0,1,0
STORE0003,SKU0026,2024-01-08,0,0,0
STORE0003,SKU0026,2024-01-09,0,0,0
STORE0003,SKU0026,2024-01-10,0,0,0
STORE0003,SKU0026,2024-01-11,0,0,0
STORE0003,SKU0026,2024-01-12,0,0,0
STORE0003,SKU0026,2024-01-13,0,1,0
STORE0003,SKU0026,2024-01-14,0,1,0
STORE0003,SKU0028,2024-01-01,0,0,0
STORE0003,SKU0028,2024-01-02,0,0,0
STORE0003,SKU0028,2024-01-03,0,0,0
STORE0003,SKU0028,2024-01-04,0,0,0
STORE0003,SKU0028,2024-01-05,0,0,0
STORE0003,SKU0028,2024-01-06,0,1,0
STORE0003,SKU0028,2024-01-07,0,1,0
STORE0003,SKU0028,2024-01-08,0,0,0
STORE0003,SKU0028,2024-01-09,0,0,0
STORE0003,SKU0028,2024-01-10,0,0,0
STORE0003,SKU0028,2024-01-11,0,0,0
STORE0003,SKU0028,2024-01-12,0,0,0
STORE0003,SKU0028,2024-01-13,0,1,0
STORE0003,SKU0028,2024-01-14,0,1,0
STORE0003,SKU0030,2024-01-01,0,0,0
STORE0003,SKU0030,2024-01-02,0,0,0
STORE0003,SKU0030,2024-01-03,0,0,0
STORE0003,SKU0030,2024-01-04,0,0,0
STORE0003,SKU0030,2024-01-05,0,0,0
STORE0003,SKU0030,2024-01-06,0,1,0
STORE0003,SKU0030,2024-01-07,0,1,0
STORE0003,SKU0030,2024-01-08,0,0,0
STORE0003,SKU0030,2024-01-09,0,0,0
STORE0003,SKU0030,2024-01-10,0,0,0
STORE0003,SKU0030,2024-01-11,0,0,0
STORE0003,SKU0030,2024-01-12,0,0,0
STORE0003,SKU0030,2024-01-13,0,1,0
STORE0003,SKU0030,2024-01-14,0,1,0
STORE0003,SKU0031,2024-01-01,0,0,0
STORE0003,SKU0031,2024-01-02,0,0,0
STORE0003,SKU0031,2024-01-03,0,0,0
STORE0003,SKU0031,2024-01-04,0,0,0
STORE0003,SKU0031,2024-01-05,0,0,0
STORE0003,SKU0031,2024-01-06,0,1,0
STORE0003,SKU0031,2024-01-07,0,1,0
STORE0003,SKU0031,2024-01-08,0,0,0
STORE0003,SKU0031,2024-01-09,0,0,0
STORE0003,SKU0031,2024-01-10,0,0,0
STORE0003,SKU0031,2024-01-11,0,0,0
STORE0003,SKU0031,2024-01-12,0,0,0
STORE0003,SKU0031,2024-01-13,0,1,0
STORE0003,SKU0031,2024-01-14,0,1,0
STORE0003,SKU0033,2024-01-01,0,0,0
STORE0003,SKU0033,2024-01-02,0,0,0
STORE0003,SKU0033,2024-01-03,0,0,0
STORE0003,SKU0033,2024-01-04,0,0,0
STORE0003,SKU0033,2024-01-05,0,0,0
STORE0003,SKU0033,2024-01-06,0,1,0
STORE0003,SKU0033,2024-01-07,0,1,0
STORE0003,SKU0033,2024-01-08,0,0,0
STORE0003,SKU0033,2024-01-09,0,0,0
STORE0003,SKU0033,2024-01-10,0,0,0
STORE0003,SKU0033,2024-01-11,0,0,0
STORE0003,SKU0033,2024-01-12,0,0,0
STORE0003,SKU0033,2024-01-13,0,1,0
STORE0003,SKU0033,2024-01-14,0,1,0
STORE0003,SKU0035,2024-01-01,0,0,0
STORE0003,SKU0035,2024-01-02,0,0,0
STORE0003,SKU0035,2024-01-03,0,0,0
STORE0003,SKU0035,2024-01-04,0,0,0
STORE0003,SKU0035,2024-01-05,0,0,0
STORE0003,SKU0035,2024-01-06,0,1,0
STORE0003,SKU0035,2024-01-07,0,1,0
STORE0003,SKU0035,2024-01-08,0,0,0
STORE0003,SKU0035,2024-01-09,0,0,0
STORE0003,SKU0035,2024-01-10,0,0,0
STORE0003,SKU0035,2024-01-11,0,0,0
STORE0003,SKU0035,2024-01-12,0,0,0
STORE0003,SKU0035,2024-01-13,0,1,0
STORE0003,SKU0035,2024-01-14,0,1,0
STORE0003,SKU0037,2024-01-01,0,0,0
STORE0003,SKU0037,2024-01-02,0,0,0
STORE0003,SKU0037,2024-01-03,0,0,0
STORE0003,SKU0037,2024-01-04,0,0,0
STORE0003,SKU0037,2024-01-05,0,0,0
STORE0003,SKU0037,2024-01-06,0,1,0
STORE0003,SKU0037,2024-01-07,0,1,0
STORE0003,SKU0037,2024-01-08,0,0,0
STORE0003,SKU0037,2024-01-09,0,0,0
STORE0003,SKU0037,2024-01-10,0,0,0
STORE0003,SKU0037,2024-01-11,0,0,0
STORE0003,SKU0037,2024-01-12,0,0,0
STORE0003,SKU0037,2024-01-13,0,1,0
STORE0003,SKU0037,2024-01-14,0,1,0
STORE0003,SKU0039,2024-01-01,0,0,0
STORE0003,SKU0039,2024-01-02,0,0,0
STORE0003,SKU0039,2024-01-03,0,0,0
STORE0003,SKU0039,2024-01-04,0,0,0
STORE0003,SKU0039,2024-01-05,0,0,0
STORE0003,SKU0039,2024-01-06,0,1,0
STORE0003,SKU0039,2024-01-07,0,1,0
STORE0003,SKU0039,2024-01-08,0,0,0
STORE0003,SKU0039,2024-01-09,0,0,0
STORE0003,SKU0039,2024-01-10,0,0,0
STORE0003,SKU0039,2024-01-11,0,0,0
STORE0003,SKU0039,2024-01-12,0,0,0
STORE0003,SKU0039,2024-01-13,0,1,0
STORE0003,SKU0039,2024-01-14,0,1,0
STORE0003,SKU0040,2024-01-01,0,0,0
STORE0003,SKU0040,2024-01-02,0,0,0
STORE0003,SKU0040,2024-01-03,0,0,0
STORE0003,SKU0040,2024-01-04,0,0,0
STORE0003,SKU0040,2024-01-05,0,0,0
STORE0003,SKU0040,2024-01-06,0,1,0
STORE0003,SKU0040,2024-01-07,0,1,0
STORE0003,SKU0040,2024-01-08,0,0,0
STORE0003,SKU0040,2024-01-09,0,0,0
STORE0003,SKU0040,2024-01-10,0,0,0
STORE0003,SKU0040,2024-01-11,0,0,0
STORE0003,SKU0040,2024-01-12,0,0,0
STORE0003,SKU0040,2024-01-13,0,1,0
STORE0003,SKU0040,2024-01-14,0,1,0
STORE0003,SKU0041,2024-01-01,0,0,0
STORE0003,SKU0041,2024-01-02,0,0,0
STORE0003,SKU0041,2024-01-03,0,0,0
STORE0003,SKU0041,2024-01-04,0,0,0
STORE0003,SKU0041,2024-01-05,0,0,0
STORE0003,SKU0041,2024-01-06,0,1,0
STORE0003,SKU0041,2024-01-07,0,1,0
STORE0003,SKU0041,2024-01-08,0,0,0
STORE0003,SKU0041,2024-01-09,0,0,0
STORE0003,SKU0041,2024-01-10,0,0,0
STORE0003,SKU0041,2024-01-11,0,0,0
STORE0003,SKU0041,2024-01-12,0,0,0
STORE0003,SKU0041,2024-01-13,0,1,0
STORE0003,SKU0041,2024-01-14,0,1,0
STORE0003,SKU0042,2024-01-01,0,0,0
STORE0003,SKU0042,2024-01-02,0,0,0
STORE0003,SKU0042,2024-01-03,0,0,0
STORE0003,SKU0042,2024-01-04,0,0,0
STORE0003,SKU0042,2024-01-05,0,0,0
STORE0003,SKU0042,2024-01-06,0,1,0
STORE0003,SKU0042,2024-01-07,0,1,0
STORE0003,SKU0042,2024-01-08,0,0,0
STORE0003,SKU0042,2024-01-09,0,0,0
STORE0003,SKU0042,2024-01-10,0,0,0
STORE0003,SKU0042,2024-01-11,0,0,0
STORE0003,SKU0042,2024-01-12,0,0,0
STORE0003,SKU0042,2024-01-13,0,1,0
STORE0003,SKU0042,2024-01-14,0,1,0
STORE0003,SKU0043,2024-01-01,0,0,0
STORE0003,SKU0043,2024-01-02,0,0,0
STORE0003,SKU0043,2024-01-03,0,0,0
STORE0003,SKU0043,2024-01-04,0,0,0
STORE0003,SKU0043,2024-01-05,0,0,0
STORE0003,SKU0043,2024-01-06,0,1,0
STORE0003,SKU0043,2024-01-07,0,1,0
STORE0003,SKU0043,2024-01-08,0,0,0
STORE0003,SKU0043,2024-01-09,0,0,0
STORE0003,SKU0043,2024-01-10,0,0,0
STORE0003,SKU0043,2024-01-11,0,0,0
STORE0003,SKU0043,2024-01-12,0,0,0
STORE0003,SKU0043,2024-01-13,0,1,0
STORE0003,SKU0043,2024-01-14,0,1,0
STORE0003,SKU0044,2024-01-01,0,0,0
STORE0003,SKU0044,2024-01-02,0,0,0
STORE0003,SKU0044,2024-01-03,0,0,0
STORE0003,SKU0044,2024-01-04,0,0,0
STORE0003,SKU0044,2024-01-05,0,0,0
STORE0003,SKU0044,2024-01-06,0,1,0
STORE0003,SKU0044,2024-01-07,0,1,0
STORE0003,SKU0044,2024-01-08,0,0,0
STORE0003,SKU0044,2024-01-09,0,0,0
STORE0003,SKU0044,2024-01-10,0,0,0
STORE0003,SKU0044,2024-01-11,0,0,0
STORE0003,SKU0044,2024-01-12,0,0,0
STORE0003,SKU0044,2024-01-13,0,1,0
STORE0003,SKU0044,2024-01-14,0,1,0
STORE0003,SKU0045,2024-01-01,0,0,0
STORE0003,SKU0045,2024-01-02,0,0,0
STORE0003,SKU0045,2024-01-03,0,0,0
STORE0003,SKU0045,2024-01-04,0,0,0
STORE0003,SKU0045,2024-01-05,0,0,0
STORE0003,SKU0045,2024-01-06,0,1,0
STORE0003,SKU0045,2024-01-07,0,1,0
STORE0003,SKU0045,2024-01-08,0,0,0
STORE0003,SKU0045,2024-01-09,0,0,0
STORE0003,SKU0045,2024-01-10,0,0,0
STORE0003,SKU0045,2024-01-11,0,0,0
STORE0003,SKU0045,2024-01-12,0,0,0
STORE0003,SKU0045,2024-01-13,0,1,0
STORE0003,SKU0045,2024-01-14,0,1,0
STORE0003,SKU0046,2024-01-01,0,0,0
STORE0003,SKU0046,2024-01-02,0,0,0
STORE0003,SKU0046,2024-01-03,0,0,0
STORE0003,SKU0046,2024-01-04,0,0,0
STORE0003,SKU0046,2024-01-05,0,0,0
STORE0003,SKU0046,2024-01-06,0,1,0
STORE0003,SKU0046,2024-01-07,0,1,0
STORE0003,SKU0046,2024-01-08,0,0,0
STORE0003,SKU0046,2024-01-09,0,0,0
STORE0003,SKU0046,2024-01-10,0,0,0
STORE0003,SKU0046,2024-01-11,0,0,0
STORE0003,SKU0046,2024-01-12,0,0,0
STORE0003,SKU0046,2024-01-13,0,1,0
STORE0003,SKU0046,2024-01-14,0,1,0
STORE0003,SKU0047,2024-01-01,0,0,0
STORE0003,SKU0047,2024-01-02,0,0,0
STORE0003,SKU0047,2024-01-03,0,0,0
STORE0003,SKU0047,2024-01-04,0,0,0
STORE0003,SKU0047,2024-01-05,0,0,0
STORE0003,SKU0047,2024-01-06,0,1,0
STORE0003,SKU0047,2024-01-07,0,1,0
STORE0003,SKU0047,2024-01-08,0,0,0
STORE0003,SKU0047,2024-01-09,0,0,0
STORE0003,SKU0047,2024-01-10,0,0,0
STORE0003,SKU0047,2024-01-11,0,0,0
STORE0003,SKU0047,2024-01-12,0,0,0
STORE0003,SKU0047,2024-01-13,0,1,0
STORE0003,SKU0047,2024-01-14,0,1,0
STORE0003,SKU0048,2024-01-01,0,0,0
STORE0003,SKU0048,2024-01-02,0,0,0
STORE0003,SKU0048,2024-01-03,0,0,0
STORE0003,SKU0048,2024-01-04,0,0,0
STORE0003,SKU0048,2024-01-05,0,0,0
STORE0003,SKU0048,2024-01-06,0,1,0
STORE0003,SKU0048,2024-01-07,0,1,0
STORE0003,SKU0048,2024-01-08,0,0,0
STORE0003,SKU0048,2024-01-09,0,0,0
STORE0003,SKU0048,2024-01-10,0,0,0
STORE0003,SKU0048,2024-01-11,0,0,0
STORE0003,SKU0048,2024-01-12,0,0,0
STORE0003,SKU0048,2024-01-13,0,1,0
STORE0003,SKU0048,2024-01-14,0,1,0
STORE0003,SKU0049,2024-01-01,0,0,0
STORE0003,SKU0049,2024-01-02,0,0,0
STORE0003,SKU0049,2024-01-03,0,0,0
STORE0003,SKU0049,2024-01-04,0,0,0
STORE0003,SKU0049,2024-01-05,0,0,0
STORE0003,SKU0049,2024-01-06,0,1,0
STORE0003,SKU0049,2024-01-07,0,1,0
STORE0003,SKU0049,2024-01-08,0,0,0
STORE0003,SKU0049,2024-01-09,0,0,0
STORE0003,SKU0049,2024-01-10,0,0,0
STORE0003,SKU0049,2024-01-11,0,0,0
STORE0003,SKU0049,2024-01-12,0,0,0
STORE0003,SKU0049,2024-01-13,0,1,0
STORE0003,SKU0049,2024-01-14,0,1,0
STORE0003,SKU0050,2024-01-01,0,0,0
STORE0003,SKU0050,2024-01-02,0,0,0
STORE0003,SKU0050,2024-01-03,0,0,0
STORE0003,SKU0050,2024-01-04,0,0,0
STORE0003,SKU0050,2024-01-05,0,0,0
STORE0003,SKU0050,2024-01-06,0,1,0
STORE0003,SKU0050,2024-01-07,0,1,0
STORE0003,SKU0050,2024-01-08,0,0,0
STORE0003,SKU0050,2024-01-09,0,0,0
STORE0003,SKU0050,2024-01-10,0,0,0
STORE0003,SKU0050,2024-01-11,0,0,0
STORE0003,SKU0050,2024-01-12,0,0,0
STORE0003,SKU0050,2024-01-13,0,1,0
STORE0003,SKU0050,2024-01-14,0,1,0
STORE0003,SKU0051,2024-01-01,0,0,0
STORE0003,SKU0051,2024-01-02,0,0,0
STORE0003,SKU0051,2024-01-03,0,0,0
STORE0003,SKU0051,2024-01-04,0,0,0
STORE0003,SKU0051,2024-01-05,0,0,0
STORE0003,SKU0051,2024-01-06,0,1,0
STORE0003,SKU0051,2024-01-07,0,1,0
STORE0003,SKU0051,2024-01-08,0,0,0
STORE0003,SKU0051,2024-01-09,0,0,0
STORE0003,SKU0051,2024-01-10,0,0,0
STORE0003,SKU0051,2024-01-11,0,0,0
STORE0003,SKU0051,2024-01-12,0,0,0
STORE0003,SKU0051,2024-01-13,0,1,0
STORE0003,SKU0051,2024-01-14,0,1,0
STORE0003,SKU0052,2024-01-01,0,0,0
STORE0003,SKU0052,2024-01-02,0,0,0
STORE0003,SKU0052,2024-01-03,0,0,0
STORE0003,SKU0052,2024-01-04,0,0,0
STORE0003,SKU0052,2024-01-05,0,0,0
STORE0003,SKU0052,2024-01-06,0,1,0
STORE0003,SKU0052,2024-01-07,0,1,0
STORE0003,SKU0052,2024-01-08,0,0,0
STORE0003,SKU0052,2024-01-09,0,0,0
STORE0003,SKU0052,2024-01-10,0,0,0
STORE0003,SKU0052,2024-01-11,0,0,0
STORE0003,SKU0052,2024-01-12,0,0,0
STORE0003,SKU0052,2024-01-13,0,1,0
STORE0003,SKU0052,2024-01-14,0,1,0
STORE0003,SKU0053,2024-01-01,0,0,0
STORE0003,SKU0053,2024-01-02,0,0,0
STORE0003,SKU0053,2024-01-03,0,0,0
STORE0003,SKU0053,2024-01-04,0,0,0
STORE0003,SKU0053,2024-01-05,0,0,0
STORE0003,SKU0053,2024-01-06,0,1,0
STORE0003,SKU0053,2024-01-07,0,1,0
STORE0003,SKU0053,2024-01-08,0,0,0
STORE0003,SKU0053,2024-01-09,0,0,0
STORE0003,SKU0053,2024-01-10,0,0,0
STORE0003,SKU0053,2024-01-11,0,0,0
STORE0003,SKU0053,2024-01-12,0,0,0
STORE0003,SKU0053,2024-01-13,0,1,0
STORE0003,SKU0053,2024-01-14,0,1,0
STORE0003,SKU0054,2024-01-01,0,0,0
STORE0003,SKU0054,2024-01-02,0,0,0
STORE0003,SKU0054,2024-01-03,0,0,0
STORE0003,SKU0054,2024-01-04,0,0,0
STORE0003,SKU0054,2024-01-05,0,0,0
STORE0003,SKU0054,2024-01-06,0,1,0
STORE0003,SKU0054,2024-01-07,0,1,0
STORE0003,SKU0054,2024-01-08,0,0,0
STORE0003,SKU0054,2024-01-09,0,0,0
STORE0003,SKU0054,2024-01-10,0,0,0
STORE0003,SKU0054,2024-01-11,0,0,0
STORE0003,SKU0054,2024-01-12,0,0,0
STORE0003,SKU0054,2024-01-13,0,1,0
STORE0003,SKU0054,2024-01-14,0,1,0
STORE0003,SKU0055,2024-01-01,0,0,0
STORE0003,SKU0055,2024-01-02,0,0,0
STORE0003,SKU0055,2024-01-03,0,0,0
STORE0003,SKU0055,2024-01-04,0,0,0
STORE0003,SKU0055,2024-01-05,0,0,0
STORE0003,SKU0055,2024-01-06,0,1,0
STORE0003,SKU0055,2024-01-07,0,1,0
STORE0003,SKU0055,2024-01-08,0,0,0
STORE0003,SKU0055,2024-01-09,0,0,0
STORE0003,SKU0055,2024-01-10,0,0,0
STORE0003,SKU0055,2024-01-11,0,0,0
STORE0003,SKU0055,2024-01-12,0,0,0
STORE0003,SKU0055,2024-01-13,0,1,0
STORE0003,SKU0055,2024-01-14,0,1,0
STORE0003,SKU0056,2024-01-01,0,0,0
STORE0003,SKU0056,2024-01-02,0,0,0
STORE0003,SKU0056,2024-01-03,0,0,0
STORE0003,SKU0056,2024-01-04,0,0,0
STORE0003,SKU0056,2024-01-05,0,0,0
STORE0003,SKU0056,2024-01-06,0,1,0
STORE0003,SKU0056,2024-01-07,0,1,0
STORE0003,SKU0056,2024-01-08,0,0,0
STORE0003,SKU0056,2024-01-09,0,0,0
STORE0003,SKU0056,2024-01-10,0,0,0
STORE0003,SKU0056,2024-01-11,0,0,0
STORE0003,SKU0056,2024-01-12,0,0,0
STORE0003,SKU0056,2024-01-13,0,1,0
STORE0003,SKU0056,2024-01-14,0,1,0
STORE0003,SKU0058,2024-01-01,0,0,0
STORE0003,SKU0058,2024-01-02,0,0,0
STORE0003,SKU0058,2024-01-03,0,0,0
STORE0003,SKU0058,2024-01-04,0,0,0
STORE0003,SKU0058,2024-01-05,0,0,0
STORE0003,SKU0058,2024-01-06,0,1,0
STORE0003,SKU0058,2024-01-07,0,1,0
STORE0003,SKU0058,2024-01-08,0,0,0
STORE0003,SKU0058,2024-01-09,0,0,0
STORE0003,SKU0058,2024-01-10,0,0,0
STORE0003,SKU0058,2024-01-11,0,0,0
STORE0003,SKU0058,2024-01-12,0,0,0
STORE0003,SKU0058,2024-01-13,0,1,0
STORE0003,SKU0058,2024-01-14,0,1,0
STORE0003,SKU0060,2024-01-01,0,0,0
STORE0003,SKU0060,2024-01-02,0,0,0
STORE0003,SKU0060,2024-01-03,0,0,0
STORE0003,SKU0060,2024-01-04,0,0,0
STORE0003,SKU0060,2024-01-05,0,0,0
STORE0003,SKU0060,2024-01-06,0,1,0
STORE0003,SKU0060,2024-01-07,0,1,0
STORE0003,SKU0060,2024-01-08,0,0,0
STORE0003,SKU0060,2024-01-09,0,0,0
STORE0003,SKU0060,2024-01-10,0,0,0
STORE0003,SKU0060,2024-01-11,0,0,0
STORE0003,SKU0060,2024-01-12,0,0,0
STORE0003,SKU0060,2024-01-13,0,1,0
STORE0003,SKU0060,2024-01-14,0,1,0
STORE0003,SKU0061,2024-01-01,0,0,0
STORE0003,SKU0061,2024-01-02,0,0,0
STORE0003,SKU0061,2024-01-03,0,0,0
STORE0003,SKU0061,2024-01-04,0,0,0
STORE0003,SKU0061,2024-01-05,0,0,0
STORE0003,SKU0061,2024-01-06,0,1,0
STORE0003,SKU0061,2024-01-07,0,1,0
STORE0003,SKU0061,2024-01-08,0,0,0
STORE0003,SKU0061,2024-01-09,0,0,0
STORE0003,SKU0061,2024-01-10,0,0,0
STORE0003,SKU0061,2024-01-11,0,0,0
STORE0003,SKU0061,2024-01-12,0,0,0
STORE0003,SKU0061,2024-01-13,0,1,0
STORE0003,SKU0061,2024-01-14,0,1,0
STORE0003,SKU0062,2024-01-01,0,0,0
STORE0003,SKU0062,2024-01-02,0,0,0
STORE0003,SKU0062,2024-01-03,0,0,0
STORE0003,SKU0062,2024-01-04,0,0,0
STORE0003,SKU0062,2024-01-05,0,0,0
STORE0003,SKU0062,2024-01-06,0,1,0
STORE0003,SKU0062,2024-01-07,0,1,0
STORE0003,SKU0062,2024-01-08,0,0,0
STORE0003,SKU0062,2024-01-09,0,0,0
STORE0003,SKU0062,2024-01-10,0,0,0
STORE0003,SKU0062,2024-01-11,0,0,0
STORE0003,SKU0062,2024-01-12,0,0,0
STORE0003,SKU0062,2024-01-13,0,1,0
STORE0003,SKU0062,2024-01-14,0,1,0
STORE0003,SKU0063,2024-01-01,0,0,0
STORE0003,SKU0063,2024-01-02,0,0,0
STORE0003,SKU0063,2024-01-03,0,0,0
STORE0003,SKU0063,2024-01-04,0,0,0
STORE0003,SKU0063,2024-01-05,0,0,0
STORE0003,SKU0063,2024-01-06,0,1,0
STORE0003,SKU0063,2024-01-07,0,1,0
STORE0003,SKU0063,2024-01-08,0,0,0
STORE0003,SKU0063,2024-01-09,0,0,0
STORE0003,SKU0063,2024-01-10,0,0,0
STORE0003,SKU0063,2024-01-11,0,0,0
STORE0003,SKU0063,2024-01-12,0,0,0
STORE0003,SKU0063,2024-01-13,0,1,0
STORE0003,SKU0063,2024-01-14,0,1,0
STORE0003,SKU0064,2024-01-01,0,0,0
STORE0003,SKU0064,2024-01-02,0,0,0
STORE0003,SKU0064,2024-01-03,0,0,0
STORE0003,SKU0064,2024-01-04,0,0,0
STORE0003,SKU0064,2024-01-05,0,0,0
STORE0003,SKU0064,2024-01-06,0,1,0
STORE0003,SKU0064,2024-01-07,0,1,0
STORE0003,SKU0064,2024-01-08,0,0,0
STORE0003,SKU0064,2024-01-09,0,0,0
STORE0003,SKU0064,2024-01-10,0,0,0
STORE0003,SKU0064,2024-01-11,0,0,0
STORE0003,SKU0064,2024-01-12,0,0,0
STORE0003,SKU0064,2024-01-13,0,1,0
STORE0003,SKU0064,2024-01-14,0,1,0
STORE0003,SKU0065,2024-01-01,0,0,0
STORE0003,SKU0065,2024-01-02,0,0,0
STORE0003,SKU0065,2024-01-03,0,0,0
STORE0003,SKU0065,2024-01-04,0,0,0
STORE0003,SKU0065,2024-01-05,0,0,0
STORE0003,SKU0065,2024-01-06,0,1,0
STORE0003,SKU0065,2024-01-07,0,1,0
STORE0003,SKU0065,2024-01-08,0,0,0
STORE0003,SKU0065,2024-01-09,0,0,0
STORE0003,SKU0065,2024-01-10,0,0,0
STORE0003,SKU0065,2024-01-11,0,0,0
STORE0003,SKU0065,2024-01-12,0,0,0
STORE0003,SKU0065,2024-01-13,0,1,0
STORE0003,SKU0065,2024-01-14,0,1,0
STORE0003,SKU0066,2024-01-01,0,0,0
STORE0003,SKU0066,2024-01-02,0,0,0
STORE0003,SKU0066,2024-01-03,0,0,0
STORE0003,SKU0066,2024-01-04,0,0,0
STORE0003,SKU0066,2024-01-05,0,0,0
STORE0003,SKU0066,2024-01-06,0,1,0
STORE0003,SKU0066,2024-01-07,0,1,0
STORE0003,SKU0066,2024-01-08,0,0,0
STORE0003,SKU0066,2024-01-09,0,0,0
STORE0003,SKU0066,2024-01-10,0,0,0
STORE0003,SKU0066,2024-01-11,0,0,0
STORE0003,SKU0066,2024-01-12,0,0,0
STORE0003,SKU0066,2024-01-13,0,1,0
STORE0003,SKU0066,2024-01-14,0,1,0
STORE0003,SKU0067,2024-01-01,0,0,0
STORE0003,SKU0067,2024-01-02,0,0,0
STORE0003,SKU0067,2024-01-03,0,0,0
STORE0003,SKU0067,2024-01-04,0,0,0
STORE0003,SKU0067,2024-01-05,0,0,0
STORE0003,SKU0067,2024-01-06,0,1,0
STORE0003,SKU0067,2024-01-07,0,1,0
STORE0003,SKU0067,2024-01-08,0,0,0
STORE0003,SKU0067,2024-01-09,0,0,0
STORE0003,SKU0067,2024-01-10,0,0,0
STORE0003,SKU0067,2024-01-11,0,0,0
STORE0003,SKU0067,2024-01-12,0,0,0
STORE0003,SKU0067,2024-01-13,0,1,0
STORE0003,SKU0067,2024-01-14,0,1,0
STORE0003,SKU0068,2024-01-01,0,0,0
STORE0003,SKU0068,2024-01-02,0,0,0
STORE0003,SKU0068,2024-01-03,0,0,0
STORE0003,SKU0068,2024-01-04,0,0,0
STORE0003,SKU0068,2024-01-05,0,0,0
STORE0003,SKU0068,2024-01-06,0,1,0
STORE0003,SKU0068,2024-01-07,0,1,0
STORE0003,SKU0068,2024-01-08,0,0,0
STORE0003,SKU0068,2024-01-09,0,0,0
STORE0003,SKU0068,2024-01-10,0,0,0
STORE0003,SKU0068,2024-01-11,0,0,0
STORE0003,SKU0068,2024-01-12,0,0,0
STORE0003,SKU0068,2024-01-13,0,1,0
STORE0003,SKU0068,2024-01-14,0,1,0
STORE0003,SKU0069,2024-01-01,0,0,0
STORE0003,SKU0069,2024-01-02,0,0,0
STORE0003,SKU0069,2024-01-03,0,0,0
STORE0003,SKU0069,2024-01-04,0,0,0
STORE0003,SKU0069,2024-01-05,0,0,0
STORE0003,SKU0069,2024-01-06,0,1,0
STORE0003,SKU0069,2024-01-07,0,1,0
STORE0003,SKU0069,2024-01-08,0,0,0
STORE0003,SKU0069,2024-01-09,0,0,0
STORE0003,SKU0069,2024-01-10,0,0,0
STORE0003,SKU0069,2024-01-11,0,0,0
STORE0003,SKU0069,2024-01-12,0,0,0
STORE0003,SKU0069,2024-01-13,0,1,0
STORE0003,SKU0069,2024-01-14,0,1,0
STORE0003,SKU0070,2024-01-01,0,0,0
STORE0003,SKU0070,2024-01-02,0,0,0
STORE0003,SKU0070,2024-01-03,0,0,0
STORE0003,SKU0070,2024-01-04,0,0,0
STORE0003,SKU0070,2024-01-05,0,0,0
STORE0003,SKU0070,2024-01-06,0,1,0
STORE0003,SKU0070,2024-01-07,0,1,0
STORE0003,SKU0070,2024-01-08,0,0,0
STORE0003,SKU0070,2024-01-09,0,0,0
STORE0003,SKU0070,2024-01-10,0,0,0
STORE0003,SKU0070,2024-01-11,0,0,0
STORE0003,SKU0070,2024-01-12,0,0,0
STORE0003,SKU0070,2024-01-13,0,1,0
STORE0003,SKU0070,2024-01-14,0,1,0
STORE0003,SKU0071,2024-01-01,0,0,0
STORE0003,SKU0071,2024-01-02,0,0,0
STORE0003,SKU0071,2024-01-03,0,0,0
STORE0003,SKU0071,2024-01-04,0,0,0
STORE0003,SKU0071,2024-01-05,0,0,0
STORE0003,SKU0071,2024-01-06,0,1,0
STORE0003,SKU0071,2024-01-07,0,1,0
STORE0003,SKU0071,2024-01-08,0,0,0
STORE0003,SKU0071,2024-01-09,0,0,0
STORE0003,SKU0071,2024-01-10,0,0,0
STORE0003,SKU0071,2024-01-11,0,0,0
STORE0003,SKU0071,2024-01-12,0,0,0
STORE0003,SKU0071,2024-01-13,0,1,0
STORE0003,SKU0071,2024-01-14,0,1,0
STORE0003,SKU0073,2024-01-01,0,0,0
STORE0003,SKU0073,2024-01-02,0,0,0
STORE0003,SKU0073,2024-01-03,0,0,0
STORE0003,SKU0073,2024-01-04,0,0,0
STORE0003,SKU0073,2024-01-05,0,0,0
STORE0003,SKU0073,2024-01-06,0,1,0
STORE0003,SKU0073,2024-01-07,0,1,0
STORE0003,SKU0073,2024-01-08,0,0,0
STORE0003,SKU0073,2024-01-09,0,0,0
STORE0003,SKU0073,2024-01-10,0,0,0
STORE0003,SKU0073,2024-01-11,0,0,0
STORE0003,SKU0073,2024-01-12,0,0,0
STORE0003,SKU0073,2024-01-13,0,1,0
STORE0003,SKU0073,2024-01-14,0,1,0
STORE0003,SKU0075,2024-01-01,0,0,0
STORE0003,SKU0075,2024-01-02,0,0,0
STORE0003,SKU0075,2024-01-03,0,0,0
STORE0003,SKU0075,2024-01-04,0,0,0
STORE0003,SKU0075,2024-01-05,0,0,0
STORE0003,SKU0075,2024-01-06,0,1,0
STORE0003,SKU0075,2024-01-07,0,1,0
STORE0003,SKU0075,2024-01-08,0,0,0
STORE0003,SKU0075,2024-01-09,0,0,0
STORE0003,SKU0075,2024-01-10,0,0,0
STORE0003,SKU0075,2024-01-11,0,0,0
STORE0003,SKU0075,2024-01-12,0,0,0
STORE0003,SKU0075,2024-01-13,0,1,0
STORE0003,SKU0075,2024-01-14,0,1,0
STORE0003,SKU0076,2024-01-01,0,0,0
STORE0003,SKU0076,2024-01-02,0,0,0
STORE0003,SKU0076,2024-01-03,0,0,0
STORE0003,SKU0076,2024-01-04,0,0,0
STORE0003,SKU0076,2024-01-05,0,0,0
STORE0003,SKU0076,2024-01-06,0,1,0
STORE0003,SKU0076,2024-01-07,0,1,0
STORE0003,SKU0076,2024-01-08,0,0,0
STORE0003,SKU0076,2024-01-09,0,0,0
STORE0003,SKU0076,2024-01-10,0,0,0
STORE0003,SKU0076,2024-01-11,0,0,0
STORE0003,SKU0076,2024-01-12,0,0,0
STORE0003,SKU0076,2024-01-13,0,1,0
STORE0003,SKU0076,2024-01-14,0,1,0
STORE0003,SKU0077,2024-01-01,0,0,0
STORE0003,SKU0077,2024-01-02,0,0,0
STORE0003,SKU0077,2024-01-03,0,0,0
STORE0003,SKU0077,2024-01-04,0,0,0
STORE0003,SKU0077,2024-01-05,0,0,0
STORE0003,SKU0077,2024-01-06,0,1,0
STORE0003,SKU0077,2024-01-07,0,1,0
STORE0003,SKU0077,2024-01-08,0,0,0
STORE0003,SKU0077,2024-01-09,0,0,0
STORE0003,SKU0077,2024-01-10,0,0,0
STORE0003,SKU0077,2024-01-11,0,0,0
STORE0003,SKU0077,2024-01-12,0,0,0
STORE0003,SKU0077,2024-01-13,0,1,0
STORE0003,SKU0077,2024-01-14,0,1,0
STORE0003,SKU0082,2024-01-01,0,0,0
STORE0003,SKU0082,2024-01-02,0,0,0
STORE0003,SKU0082,2024-01-03,0,0,0
STORE0003,SKU0082,2024-01-04,0,0,0
STORE0003,SKU0082,2024-01-05,0,0,0
STORE0003,SKU0082,2024-01-06,0,1,0
STORE0003,SKU0082,2024-01-07,0,1,0
STORE0003,SKU0082,2024-01-08,0,0,0
STORE0003,SKU0082,2024-01-09,0,0,0
STORE0003,SKU0082,2024-01-10,0,0,0
STORE0003,SKU0082,2024-01-11,0,0,0
STORE0003,SKU0082,2024-01-12,0,0,0
STORE0003,SKU0082,2024-01-13,0,1,0
STORE0003,SKU0082,2024-01-14,0,1,0
STORE0003,SKU0084,2024-01-01,0,0,0
STORE0003,SKU0084,2024-01-02,0,0,0
STORE0003,SKU0084,2024-01-03,0,0,0
STORE0003,SKU0084,2024-01-04,0,0,0
STORE0003,SKU0084,2024-01-05,0,0,0
STORE0003,SKU0084,2024-01-06,0,1,0
STORE0003,SKU0084,2024-01-07,0,1,0
STORE0003,SKU0084,2024-01-08,0,0,0
STORE0003,SKU0084,2024-01-09,0,0,0
STORE0003,SKU0084,2024-01-10,0,0,0
STORE0003,SKU0084,2024-01-11,0,0,0
STORE0003,SKU0084,2024-01-12,0,0,0
STORE0003,SKU0084,2024-01-13,0,1,0
STORE0003,SKU0084,2024-01-14,0,1,0
STORE0003,SKU0086,2024-01-01,0,0,0
STORE0003,SKU0086,2024-01-02,0,0,0
STORE0003,SKU0086,2024-01-03,0,0,0
STORE0003,SKU0086,2024-01-04,0,0,0
STORE0003,SKU0086,2024-01-05,0,0,0
STORE0003,SKU0086,2024-01-06,0,1,0
STORE0003,SKU0086,2024-01-07,0,1,0
STORE0003,SKU0086,2024-01-08,0,0,0
STORE0003,SKU0086,2024-01-09,0,0,0
STORE0003,SKU0086,2024-01-10,0,0,0
STORE0003,SKU0086,2024-01-11,0,0,0
STORE0003,SKU0086,2024-01-12,0,0,0
STORE0003,SKU0086,2024-01-13,0,1,0
STORE0003,SKU0086,2024-01-14,0,1,0
STORE0003,SKU0087,2024-01-01,0,0,0
STORE0003,SKU0087,2024-01-02,0,0,0
STORE0003,SKU0087,2024-01-03,0,0,0
STORE0003,SKU0087,2024-01-04,0,0,0
STORE0003,SKU0087,2024-01-05,0,0,0
STORE0003,SKU0087,2024-01-06,0,1,0
STORE0003,SKU0087,2024-01-07,0,1,0
STORE0003,SKU0087,2024-01-08,0,0,0
STORE0003,SKU0087,2024-01-09,0,0,0
STORE0003,SKU0087,2024-01-10,0,0,0
STORE0003,SKU0087,2024-01-11,0,0,0
STORE0003,SKU0087,2024-01-12,0,0,0
STORE0003,SKU0087,2024-01-13,0,1,0
STORE0003,SKU0087,2024-01-14,0,1,0
STORE0003,SKU0088,2024-01-01,0,0,0
STORE0003,SKU0088,2024-01-02,0,0,0
STORE0003,SKU0088,2024-01-03,0,0,0
STORE0003,SKU0088,2024-01-04,0,0,0
STORE0003,SKU0088,2024-01-05,0,0,0
STORE0003,SKU0088,2024-01-06,0,1,0
STORE0003,SKU0088,2024-01-07,0,1,0
STORE0003,SKU0088,2024-01-08,0,0,0
STORE0003,SKU0088,2024-01-09,0,0,0
STORE0003,SKU0088,2024-01-10,0,0,0
STORE0003,SKU0088,2024-01-11,0,0,0
STORE0003,SKU0088,2024-01-12,0,0,0
STORE0003,SKU0088,2024-01-13,0,1,0
STORE0003,SKU0088,2024-01-14,0,1,0
STORE0003,SKU0089,2024-01-01,0,0,0
STORE0003,SKU0089,2024-01-02,0,0,0
STORE0003,SKU0089,2024-01-03,0,0,0
STORE0003,SKU0089,2024-01-04,0,0,0
STORE0003,SKU0089,2024-01-05,0,0,0
STORE0003,SKU0089,2024-01-06,0,1,0
STORE0003,SKU0089,2024-01-07,0,1,0
STORE0003,SKU0089,2024-01-08,0,0,0
STORE0003,SKU0089,2024-01-09,0,0,0
STORE0003,SKU0089,2024-01-10,0,0,0
STORE0003,SKU0089,2024-01-11,0,0,0
STORE0003,SKU0089,2024-01-12,0,0,0
STORE0003,SKU0089,2024-01-13,0,1,0
STORE0003,SKU0089,2024-01-14,0,1,0
STORE0003,SKU0091,2024-01-01,0,0,0
STORE0003,SKU0091,2024-01-02,0,0,0
STORE0003,SKU0091,2024-01-03,0,0,0
STORE0003,SKU0091,2024-01-04,0,0,0
STORE0003,SKU0091,2024-01-05,0,0,0
STORE0003,SKU0091,2024-01-06,0,1,0
STORE0003,SKU0091,2024-01-07,0,1,0
STORE0003,SKU0091,2024-01-08,0,0,0
STORE0003,SKU0091,2024-01-09,0,0,0
STORE0003,SKU0091,2024-01-10,0,0,0
STORE0003,SKU0091,2024-01-11,0,0,0
STORE0003,SKU0091,2024-01-12,0,0,0
STORE0003,SKU0091,2024-01-13,0,1,0
STORE0003,SKU0091,2024-01-14,0,1,0
STORE0003,SKU0092,2024-01-01,0,0,0
STORE0003,SKU0092,2024-01-02,0,0,0
STORE0003,SKU0092,2024-01-03,0,0,0
STORE0003,SKU0092,2024-01-04,0,0,0
STORE0003,SKU0092,2024-01-05,0,0,0
STORE0003,SKU0092,2024-01-06,0,1,0
STORE0003,SKU0092,2024-01-07,0,1,0
STORE0003,SKU0092,2024-01-08,0,0,0
STORE0003,SKU0092,2024-01-09,0,0,0
STORE0003,SKU0092,2024-01-10,0,0,0
STORE0003,SKU0092,2024-01-11,0,0,0
STORE0003,SKU0092,2024-01-12,0,0,0
STORE0003,SKU0092,2024-01-13,0,1,0
STORE0003,SKU0092,2024-01-14,0,1,0
STORE0003,SKU0093,2024-01-01,0,0,0
STORE0003,SKU0093,2024-01-02,0,0,0
STORE0003,SKU0093,2024-01-03,0,0,0
STORE0003,SKU0093,2024-01-04,0,0,0
STORE0003,SKU0093,2024-01-05,0,0,0
STORE0003,SKU0093,2024-01-06,0,1,0
STORE0003,SKU0093,2024-01-07,0,1,0
STORE0003,SKU0093,2024-01-08,0,0,0
STORE0003,SKU0093,2024-01-09,0,0,0
STORE0003,SKU0093,2024-01-10,0,0,0
STORE0003,SKU0093,2024-01-11,0,0,0
STORE0003,SKU0093,2024-01-12,0,0,0
STORE0003,SKU0093,2024-01-13,0,1,0
STORE0003,SKU0093,2024-01-14,0,1,0
STORE0003,SKU0094,2024-01-01,0,0,0
STORE0003,SKU0094,2024-01-02,0,0,0
STORE0003,SKU0094,2024-01-03,0,0,0
STORE0003,SKU0094,2024-01-04,0,0,0
STORE0003,SKU0094,2024-01-05,0,0,0
STORE0003,SKU0094,2024-01-06,0,1,0
STORE0003,SKU0094,2024-01-07,0,1,0
STORE0003,SKU0094,2024-01-08,0,0,0
STORE0003,SKU0094,2024-01-09,0,0,0
STORE0003,SKU0094,2024-01-10,0,0,0
STORE0003,SKU0094,2024-01-11,0,0,0
STORE0003,SKU0094,2024-01-12,0,0,0
STORE0003,SKU0094,2024-01-13,0,1,0
STORE0003,SKU0094,2024-01-14,0,1,0
STORE0003,SKU0095,2024-01-01,0,0,0
STORE0003,SKU0095,2024-01-02,0,0,0
STORE0003,SKU0095,2024-01-03,0,0,0
STORE0003,SKU0095,2024-01-04,0,0,0
STORE0003,SKU0095,2024-01-05,0,0,0
STORE0003,SKU0095,2024-01-06,0,1,0
STORE0003,SKU0095,2024-01-07,0,1,0
STORE0003,SKU0095,2024-01-08,0,0,0
STORE0003,SKU0095,2024-01-09,0,0,0
STORE0003,SKU0095,2024-01-10,0,0,0
STORE0003,SKU0095,2024-01-11,0,0,0
STORE0003,SKU0095,2024-01-12,0,0,0
STORE0003,SKU0095,2024-01-13,0,1,0
STORE0003,SKU0095,2024-01-14,0,1,0
STORE0003,SKU0096,2024-01-01,0,0,0
STORE0003,SKU0096,2024-01-02,0,0,0
STORE0003,SKU0096,2024-01-03,0,0,0
STORE0003,SKU0096,2024-01-04,0,0,0
STORE0003,SKU0096,2024-01-05,0,0,0
STORE0003,SKU0096,2024-01-06,0,1,0
STORE0003,SKU0096,2024-01-07,0,1,0
STORE0003,SKU0096,2024-01-08,0,0,0
STORE0003,SKU0096,2024-01-09,0,0,0
STORE0003,SKU0096,2024-01-10,0,0,0
STORE0003,SKU0096,2024-01-11,0,0,0
STORE0003,SKU0096,2024-01-12,0,0,0
STORE0003,SKU0096,2024-01-13,0,1,0
STORE0003,SKU0096,2024-01-14,0,1,0
STORE0003,SKU0097,2024-01-01,0,0,0
STORE0003,SKU0097,2024-01-02,0,0,0
STORE0003,SKU0097,2024-01-03,0,0,0
STORE0003,SKU0097,2024-01-04,0,0,0
STORE0003,SKU0097,2024-01-05,0,0,0
STORE0003,SKU0097,2024-01-06,0,1,0
STORE0003,SKU0097,2024-01-07,0,1,0
STORE0003,SKU0097,2024-01-08,0,0,0
STORE0003,SKU0097,2024-01-09,0,0,0
STORE0003,SKU0097,2024-01-10,0,0,0
STORE0003,SKU0097,2024-01-11,0,0,0
STORE0003,SKU0097,2024-01-12,0,0,0
STORE0003,SKU0097,2024-01-13,0,1,0
STORE0003,SKU0097,2024-01-14,0,1,0
STORE0003,SKU0099,2024-01-01,0,0,0
STORE0003,SKU0099,2024-01-02,0,0,0
STORE0003,SKU0099,2024-01-03,0,0,0
STORE0003,SKU0099,2024-01-04,0,0,0
STORE0003,SKU0099,2024-01-05,0,0,0
STORE0003,SKU0099,2024-01-06,0,1,0
STORE0003,SKU0099,2024-01-07,0,1,0
STORE0003,SKU0099,2024-01-08,0,0,0
STORE0003,SKU0099,2024-01-09,0,0,0
STORE0003,SKU0099,2024-01-10,0,0,0
STORE0003,SKU0099,2024-01-11,0,0,0
STORE0003,SKU0099,2024-01-12,0,0,0
STORE0003,SKU0099,2024-01-13,0,1,0
STORE0003,SKU0099,2024-01-14,0,1,0
STORE0003,SKU0100,2024-01-01,0,0,0
STORE0003,SKU0100,2024-01-02,0,0,0
STORE0003,SKU0100,2024-01-03,0,0,0
STORE0003,SKU0100,2024-01-04,0,0,0
STORE0003,SKU0100,2024-01-05,0,0,0
STORE0003,SKU0100,2024-01-06,0,1,0
STORE0003,SKU0100,2024-01-07,0,1,0
STORE0003,SKU0100,2024-01-08,0,0,0
STORE0003,SKU0100,2024-01-09,0,0,0
STORE0003,SKU0100,2024-01-10,0,0,0
STORE0003,SKU0100,2024-01-11,0,0,0
STORE0003,SKU0100,2024-01-12,0,0,0
STORE0003,SKU0100,2024-01-13,0,1,0
STORE0003,SKU0100,2024-01-14,0,1,0
STORE0003,SKU0101,2024-01-01,0,0,0
STORE0003,SKU0101,2024-01-02,0,0,0
STORE0003,SKU0101,2024-01-03,0,0,0
STORE0003,SKU0101,2024-01-04,0,0,0
STORE0003,SKU0101,2024-01-05,0,0,0
STORE0003,SKU0101,2024-01-06,0,1,0
STORE0003,SKU0101,2024-01-07,0,1,0
STORE0003,SKU0101,2024-01-08,0,0,0
STORE0003,SKU0101,2024-01-09,0,0,0
STORE0003,SKU0101,2024-01-10,0,0,0
STORE0003,SKU0101,2024-01-11,0,0,0
STORE0003,SKU0101,2024-01-12,0,0,0
STORE0003,SKU0101,2024-01-13,0,1,0
STORE0003,SKU0101,2024-01-14,0,1,0
STORE0004,SKU0001,2024-01-01,0,0,0
STORE0004,SKU0001,2024-01-02,0,0,0
STORE0004,SKU0001,2024-01-03,0,0,0
STORE0004,SKU0001,2024-01-04,0,0,0
STORE0004,SKU0001,2024-01-05,0,0,0
STORE0004,SKU0001,2024-01-06,0,1,0
STORE0004,SKU0001,2024-01-07,0,1,0
STORE0004,SKU0001,2024-01-08,0,0,0
STORE0004,SKU0001,2024-01-09,0,0,0
STORE0004,SKU0001,2024-01-10,0,0,0
STORE0004,SKU0001,2024-01-11,0,0,0
STORE0004,SKU0001,2024-01-12,0,0,0
STORE0004,SKU0001,2024-01-13,0,1,0
STORE0004,SKU0001,2024-01-14,0,1,0
STORE0004,SKU0002,2024-01-01,0,0,0
STORE0004,SKU0002,2024-01-02,0,0,0
STORE0004,SKU0002,2024-01-03,0,0,0
STORE0004,SKU0002,2024-01-04,0,0,0
STORE0004,SKU0002,2024-01-05,0,0,0
STORE0004,SKU0002,2024-01-06,0,1,0
STORE0004,SKU0002,2024-01-07,0,1,0
STORE0004,SKU0002,2024-01-08,0,0,0
STORE0004,SKU0002,2024-01-09,0,0,0
STORE0004,SKU0002,2024-01-10,0,0,0
STORE0004,SKU0002,2024-01-11,0,0,0
STORE0004,SKU0002,2024-01-12,0,0,0
STORE0004,SKU0002,2024-01-13,0,1,0
STORE0004,SKU0002,2024-01-14,0,1,0
STORE0004,SKU0003,2024-01-01,0,0,0
STORE0004,SKU0003,2024-01-02,0,0,0
STORE0004,SKU0003,2024-01-03,0,0,0
STORE0004,SKU0003,2024-01-04,0,0,0
STORE0004,SKU0003,2024-01-05,0,0,0
STORE0004,SKU0003,2024-01-06,0,1,0
STORE0004,SKU0003,2024-01-07,0,1,0
STORE0004,SKU0003,2024-01-08,0,0,0
STORE0004,SKU0003,2024-01-09,0,0,0
STORE0004,SKU0003,2024-01-10,0,0,0
STORE0004,SKU0003,2024-01-11,0,0,0
STORE0004,SKU0003,2024-01-12,0,0,0
STORE0004,SKU0003,2024-01-13,0,1,0
STORE0004,SKU0003,2024-01-14,0,1,0
STORE0004,SKU0005,2024-01-01,0,0,0
STORE0004,SKU0005,2024-01-02,0,0,0
STORE0004,SKU0005,2024-01-03,0,0,0
STORE0004,SKU0005,2024-01-04,0,0,0
STORE0004,SKU0005,2024-01-05,0,0,0
STORE0004,SKU0005,2024-01-06,0,1,0
STORE0004,SKU0005,2024-01-07,0,1,0
STORE0004,SKU0005,2024-01-08,0,0,0
STORE0004,SKU0005,2024-01-09,0,0,0
STORE0004,SKU0005,2024-01-10,0,0,0
STORE0004,SKU0005,2024-01-11,0,0,0
STORE0004,SKU0005,2024-01-12,0,0,0
STORE0004,SKU0005,2024-01-13,0,1,0
STORE0004,SKU0005,2024-01-14,0,1,0
STORE0004,SKU0007,2024-01-01,0,0,0
STORE0004,SKU0007,2024-01-02,0,0,0
STORE0004,SKU0007,2024-01-03,0,0,0
STORE0004,SKU0007,2024-01-04,0,0,0
STORE0004,SKU0007,2024-01-05,0,0,0
STORE0004,SKU0007,2024-01-06,0,1,0
STORE0004,SKU0007,2024-01-07,0,1,0
STORE0004,SKU0007,2024-01-08,0,0,0
STORE0004,SKU0007,2024-01-09,0,0,0
STORE0004,SKU0007,2024-01-10,0,0,0
STORE0004,SKU0007,2024-01-11,0,0,0
STORE0004,SKU0007,2024-01-12,0,0,0
STORE0004,SKU0007,2024-01-13,0,1,0
STORE0004,SKU0007,2024-01-14,0,1,0
STORE0004,SKU0008,2024-01-01,0,0,0
STORE0004,SKU0008,2024-01-02,0,0,0
STORE0004,SKU0008,2024-01-03,0,0,0
STORE0004,SKU0008,2024-01-04,0,0,0
STORE0004,SKU0008,2024-01-05,0,0,0
STORE0004,SKU0008,2024-01-06,0,1,0
STORE0004,SKU0008,2024-01-07,0,1,0
STORE0004,SKU0008,2024-01-08,0,0,0
STORE0004,SKU0008,2024-01-09,0,0,0
STORE0004,SKU0008,2024-01-10,0,0,0
STORE0004,SKU0008,2024-01-11,0,0,0
STORE0004,SKU0008,2024-01-12,0,0,0
STORE0004,SKU0008,2024-01-13,0,1,0
STORE0004,SKU0008,2024-01-14,0,1,0
STORE0004,SKU0009,2024-01-01,0,0,0
STORE0004,SKU0009,2024-01-02,0,0,0
STORE0004,SKU0009,2024-01-03,0,0,0
STORE0004,SKU0009,2024-01-04,0,0,0
STORE0004,SKU0009,2024-01-05,0,0,0
STORE0004,SKU0009,2024-01-06,0,1,0
STORE0004,SKU0009,2024-01-07,0,1,0
STORE0004,SKU0009,2024-01-08,0,0,0
STORE0004,SKU0009,2024-01-09,0,0,0
STORE0004,SKU0009,2024-01-10,0,0,0
STORE0004,SKU0009,2024-01-11,0,0,0
STORE0004,SKU0009,2024-01-12,0,0,0
STORE0004,SKU0009,2024-01-13,0,1,0
STORE0004,SKU0009,2024-01-14,0,1,0
STORE0004,SKU0012,2024-01-01,0,0,0
STORE0004,SKU0012,2024-01-02,0,0,0
STORE0004,SKU0012,2024-01-03,0,0,0
STORE0004,SKU0012,2024-01-04,0,0,0
STORE0004,SKU0012,2024-01-05,0,0,0
STORE0004,SKU0012,2024-01-06,0,1,0
STORE0004,SKU0012,2024-01-07,0,1,0
STORE0004,SKU0012,2024-01-08,0,0,0
STORE0004,SKU0012,2024-01-09,0,0,0
STORE0004,SKU0012,2024-01-10,0,0,0
STORE0004,SKU0012,2024-01-11,0,0,0
STORE0004,SKU0012,2024-01-12,0,0,0
STORE0004,SKU0012,2024-01-13,0,1,0
STORE0004,SKU0012,2024-01-14,0,1,0
STORE0004,SKU0013,2024-01-01,0,0,0
STORE0004,SKU0013,2024-01-02,0,0,0
STORE0004,SKU0013,2024-01-03,0,0,0
STORE0004,SKU0013,2024-01-04,0,0,0
STORE0004,SKU0013,2024-01-05,0,0,0
STORE0004,SKU0013,2024-01-06,0,1,0
STORE0004,SKU0013,2024-01-07,0,1,0
STORE0004,SKU0013,2024-01-08,0,0,0
STORE0004,SKU0013,2024-01-09,0,0,0
STORE0004,SKU0013,2024-01-10,0,0,0
STORE0004,SKU0013,2024-01-11,0,0,0
STORE0004,SKU0013,2024-01-12,0,0,0
STORE0004,SKU0013,2024-01-13,0,1,0
STORE0004,SKU0013,2024-01-14,0,1,0
STORE0004,SKU0014,2024-01-01,0,0,0
STORE0004,SKU0014,2024-01-02,0,0,0
STORE0004,SKU0014,2024-01-03,0,0,0
STORE0004,SKU0014,2024-01-04,0,0,0
STORE0004,SKU0014,2024-01-05,0,0,0
STORE0004,SKU0014,2024-01-06,0,1,0
STORE0004,SKU0014,2024-01-07,0,1,0
STORE0004,SKU0014,2024-01-08,0,0,0
STORE0004,SKU0014,2024-01-09,0,0,0
STORE0004,SKU0014,2024-01-10,0,0,0
STORE0004,SKU0014,2024-01-11,0,0,0
STORE0004,SKU0014,2024-01-12,0,0,0
STORE0004,SKU0014,2024-01-13,0,1,0
STORE0004,SKU0014,2024-01-14,0,1,0
STORE0004,SKU0015,2024-01-01,0,0,0
STORE0004,SKU0015,2024-01-02,0,0,0
STORE0004,SKU0015,2024-01-03,0,0,0
STORE0004,SKU0015,2024-01-04,0,0,0
STORE0004,SKU0015,2024-01-05,0,0,0
STORE0004,SKU0015,2024-01-06,0,1,0
STORE0004,SKU0015,2024-01-07,0,1,0
STORE0004,SKU0015,2024-01-08,0,0,0
STORE0004,SKU0015,2024-01-09,0,0,0
STORE0004,SKU0015,2024-01-10,0,0,0
STORE0004,SKU0015,2024-01-11,0,0,0
STORE0004,SKU0015,2024-01-12,0,0,0
STORE0004,SKU0015,2024-01-13,0,1,0
STORE0004,SKU0015,2024-01-14,0,1,0
STORE0004,SKU0017,2024-01-01,0,0,0
STORE0004,SKU0017,2024-01-02,0,0,0
STORE0004,SKU0017,2024-01-03,0,0,0
STORE0004,SKU0017,2024-01-04,0,0,0
STORE0004,SKU0017,2024-01-05,0,0,0
STORE0004,SKU0017,2024-01-06,0,1,0
STORE0004,SKU0017,2024-01-07,0,1,0
STORE0004,SKU0017,2024-01-08,0,0,0
STORE0004,SKU0017,2024-01-09,0,0,0
STORE0004,SKU0017,2024-01-10,0,0,0
STORE0004,SKU0017,2024-01-11,0,0,0
STORE0004,SKU0017,2024-01-12,0,0,0
STORE0004,SKU0017,2024-01-13,0,1,0
STORE0004,SKU0017,2024-01-14,0,1,0
STORE0004,SKU0018,2024-01-01,0,0,0
STORE0004,SKU0018,2024-01-02,0,0,0
STORE0004,SKU0018,2024-01-03,0,0,0
STORE0004,SKU0018,2024-01-04,0,0,0
STORE0004,SKU0018,2024-01-05,0,0,0
STORE0004,SKU0018,2024-01-06,0,1,0
STORE0004,SKU0018,2024-01-07,0,1,0
STORE0004,SKU0018,2024-01-08,0,0,0
STORE0004,SKU0018,2024-01-09,0,0,0
STORE0004,SKU0018,2024-01-10,0,0,0
STORE0004,SKU0018,2024-01-11,0,0,0
STORE0004,SKU0018,2024-01-12,0,0,0
STORE0004,SKU0018,2024-01-13,0,1,0
STORE0004,SKU0018,2024-01-14,0,1,0
STORE0004,SKU0019,2024-01-01,0,0,0
STORE0004,SKU0019,2024-01-02,0,0,0
STORE0004,SKU0019,2024-01-03,0,0,0
STORE0004,SKU0019,2024-01-04,0,0,0
STORE0004,SKU0019,2024-01-05,0,0,0
STORE0004,SKU0019,2024-01-06,0,1,0
STORE0004,SKU0019,2024-01-07,0,1,0
STORE0004,SKU0019,2024-01-08,0,0,0
STORE0004,SKU0019,2024-01-09,0,0,0
STORE0004,SKU0019,2024-01-10,0,0,0
STORE0004,SKU0019,2024-01-11,0,0,0
STORE0004,SKU0019,2024-01-12,0,0,0
STORE0004,SKU0019,2024-01-13,0,1,0
STORE0004,SKU0019,2024-01-14,0,1,0
STORE0004,SKU0020,2024-01-01,0,0,0
STORE0004,SKU0020,2024-01-02,0,0,0
STORE0004,SKU0020,2024-01-03,0,0,0
STORE0004,SKU0020,2024-01-04,0,0,0
STORE0004,SKU0020,2024-01-05,0,0,0
STORE0004,SKU0020,2024-01-06,0,1,0
STORE0004,SKU0020,2024-01-07,0,1,0
STORE0004,SKU0020,2024-01-08,0,0,0
STORE0004,SKU0020,2024-01-09,0,0,0
STORE0004,SKU0020,2024-01-10,0,0,0
STORE0004,SKU0020,2024-01-11,0,0,0
STORE0004,SKU0020,2024-01-12,0,0,0
STORE0004,SKU0020,2024-01-13,0,1,0
STORE0004,SKU0020,2024-01-14,0,1,0
STORE0004,SKU0021,2024-01-01,0,0,0
STORE0004,SKU0021,2024-01-02,0,0,0
STORE0004,SKU0021,2024-01-03,0,0,0
STORE0004,SKU0021,2024-01-04,0,0,0
STORE0004,SKU0021,2024-01-05,0,0,0
STORE0004,SKU0021,2024-01-06,0,1,0
STORE0004,SKU0021,2024-01-07,0,1,0
STORE0004,SKU0021,2024-01-08,0,0,0
STORE0004,SKU0021,2024-01-09,0,0,0
STORE0004,SKU0021,2024-01-10,0,0,0
STORE0004,SKU0021,2024-01-11,0,0,0
STORE0004,SKU0021,2024-01-12,0,0,0
STORE0004,SKU0021,2024-01-13,0,1,0
STORE0004,SKU0021,2024-01-14,0,1,0
STORE0004,SKU0023,2024-01-01,0,0,0
STORE0004,SKU0023,2024-01-02,0,0,0
STORE0004,SKU0023,2024-01-03,0,0,0
STORE0004,SKU0023,2024-01-04,0,0,0
STORE0004,SKU0023,2024-01-05,0,0,0
STORE0004,SKU0023,2024-01-06,0,1,0
STORE0004,SKU0023,2024-01-07,0,1,0
STORE0004,SKU0023,2024-01-08,0,0,0
STORE0004,SKU0023,2024-01-09,0,0,0
STORE0004,SKU0023,2024-01-10,0,0,0
STORE0004,SKU0023,2024-01-11,0,0,0
STORE0004,SKU0023,2024-01-12,0,0,0
STORE0004,SKU0023,2024-01-13,0,1,0
STORE0004,SKU0023,2024-01-14,0,1,0
STORE0004,SKU0024,2024-01-01,0,0,0
STORE0004,SKU0024,2024-01-02,0,0,0
STORE0004,SKU0024,2024-01-03,0,0,0
STORE0004,SKU0024,2024-01-04,0,0,0
STORE0004,SKU0024,2024-01-05,0,0,0
STORE0004,SKU0024,2024-01-06,0,1,0
STORE0004,SKU0024,2024-01-07,0,1,0
STORE0004,SKU0024,2024-01-08,0,0,0
STORE0004,SKU0024,2024-01-09,0,0,0
STORE0004,SKU0024,2024-01-10,0,0,0
STORE0004,SKU0024,2024-01-11,0,0,0
STORE0004,SKU0024,2024-01-12,0,0,0
STORE0004,SKU0024,2024-01-13,0,1,0
STORE0004,SKU0024,2024-01-14,0,1,0
STORE0004,SKU0025,2024-01-01,0,0,0
STORE0004,SKU0025,2024-01-02,0,0,0
STORE0004,SKU0025,2024-01-03,0,0,0
STORE0004,SKU0025,2024-01-04,0,0,0
STORE0004,SKU0025,2024-01-05,0,0,0
STORE0004,SKU0025,2024-01-06,0,1,0
STORE0004,SKU0025,2024-01-07,0,1,0
STORE0004,SKU0025,2024-01-08,0,0,0
STORE0004,SKU0025,2024-01-09,0,0,0
STORE0004,SKU0025,2024-01-10,0,0,0
STORE0004,SKU0025,2024-01-11,0,0,0
STORE0004,SKU0025,2024-01-12,0,0,0
STORE0004,SKU0025,2024-01-13,0,1,0
STORE0004,SKU0025,2024-01-14,0,1,0
STORE0004,SKU0026,2024-01-01,0,0,0
STORE0004,SKU0026,2024-01-02,0,0,0
STORE0004,SKU0026,2024-01-03,0,0,0
STORE0004,SKU0026,2024-01-04,0,0,0
STORE0004,SKU0026,2024-01-05,0,0,0
STORE0004,SKU0026,2024-01-06,0,1,0
STORE0004,SKU0026,2024-01-07,0,1,0
STORE0004,SKU0026,2024-01-08,0,0,0
STORE0004,SKU0026,2024-01-09,0,0,0
STORE0004,SKU0026,2024-01-10,0,0,0
STORE0004,SKU0026,2024-01-11,0,0,0
STORE0004,SKU0026,2024-01-12,0,0,0
STORE0004,SKU0026,2024-01-13,0,1,0
STORE0004,SKU0026,2024-01-14,0,1,0
STORE0004,SKU0027,2024-01-01,0,0,0
STORE0004,SKU0027,2024-01-02,0,0,0
STORE0004,SKU0027,2024-01-03,0,0,0
STORE0004,SKU0027,2024-01-04,0,0,0
STORE0004,SKU0027,2024-01-05,0,0,0
STORE0004,SKU0027,2024-01-06,0,1,0
STORE0004,SKU0027,2024-01-07,0,1,0
STORE0004,SKU0027,2024-01-08,0,0,0
STORE0004,SKU0027,2024-01-09,0,0,0
STORE0004,SKU0027,2024-01-10,0,0,0
STORE0004,SKU0027,2024-01-11,0,0,0
STORE0004,SKU0027,2024-01-12,0,0,0
STORE0004,SKU0027,2024-01-13,0,1,0
STORE0004,SKU0027,2024-01-14,0,1,0
STORE0004,SKU0028,2024-01-01,0,0,0
STORE0004,SKU0028,2024-01-02,0,0,0
STORE0004,SKU0028,2024-01-03,0,0,0
STORE0004,SKU0028,2024-01-04,0,0,0
STORE0004,SKU0028,2024-01-05,0,0,0
STORE0004,SKU0028,2024-01-06,0,1,0
STORE0004,SKU0028,2024-01-07,0,1,0
STORE0004,SKU0028,2024-01-08,0,0,0
STORE0004,SKU0028,2024-01-09,0,0,0
STORE0004,SKU0028,2024-01-10,0,0,0
STORE0004,SKU0028,2024-01-11,0,0,0
STORE0004,SKU0028,2024-01-12,0,0,0
STORE0004,SKU0028,2024-01-13,0,1,0
STORE0004,SKU0028,2024-01-14,0,1,0
STORE0004,SKU0029,2024-01-01,0,0,0
STORE0004,SKU0029,2024-01-02,0,0,0
STORE0004,SKU0029,2024-01-03,0,0,0
STORE0004,SKU0029,2024-01-04,0,0,0
STORE0004,SKU0029,2024-01-05,0,0,0
STORE0004,SKU0029,2024-01-06,0,1,0
STORE0004,SKU0029,2024-01-07,0,1,0
STORE0004,SKU0029,2024-01-08,0,0,0
STORE0004,SKU0029,2024-01-09,0,0,0
STORE0004,SKU0029,2024-01-10,0,0,0
STORE0004,SKU0029,2024-01-11,0,0,0
STORE0004,SKU0029,2024-01-12,0,0,0
STORE0004,SKU0029,2024-01-13,0,1,0
STORE0004,SKU0029,2024-01-14,0,1,0
STORE0004,SKU0031,2024-01-01,0,0,0
STORE0004,SKU0031,2024-01-02,0,0,0
STORE0004,SKU0031,2024-01-03,0,0,0
STORE0004,SKU0031,2024-01-04,0,0,0
STORE0004,SKU0031,2024-01-05,0,0,0
STORE0004,SKU0031,2024-01-06,0,1,0
STORE0004,SKU0031,2024-01-07,0,1,0
STORE0004,SKU0031,2024-01-08,0,0,0
STORE0004,SKU0031,2024-01-09,0,0,0
STORE0004,SKU0031,2024-01-10,0,0,0
STORE0004,SKU0031,2024-01-11,0,0,0
STORE0004,SKU0031,2024-01-12,0,0,0
STORE0004,SKU0031,2024-01-13,0,1,0
STORE0004,SKU0031,2024-01-14,0,1,0
STORE0004,SKU0032,2024-01-01,0,0,0
STORE0004,SKU0032,2024-01-02,0,0,0
STORE0004,SKU0032,2024-01-03,0,0,0
STORE0004,SKU0032,2024-01-04,0,0,0
STORE0004,SKU0032,2024-01-05,0,0,0
STORE0004,SKU0032,2024-01-06,0,1,0
STORE0004,SKU0032,2024-01-07,0,1,0
STORE0004,SKU0032,2024-01-08,0,0,0
STORE0004,SKU0032,2024-01-09,0,0,0
STORE0004,SKU0032,2024-01-10,0,0,0
STORE0004,SKU0032,2024-01-11,0,0,0
STORE0004,SKU0032,2024-01-12,0,0,0
STORE0004,SKU0032,2024-01-13,0,1,0
STORE0004,SKU0032,2024-01-14,0,1,0
STORE0004,SKU0033,2024-01-01,0,0,0
STORE0004,SKU0033,2024-01-02,0,0,0
STORE0004,SKU0033,2024-01-03,0,0,0
STORE0004,SKU0033,2024-01-04,0,0,0
STORE0004,SKU0033,2024-01-05,0,0,0
STORE0004,SKU0033,2024-01-06,0,1,0
STORE0004,SKU0033,2024-01-07,0,1,0
STORE0004,SKU0033,2024-01-08,0,0,0
STORE0004,SKU0033,2024-01-09,0,0,0
STORE0004,SKU0033,2024-01-10,0,0,0
STORE0004,SKU0033,2024-01-11,0,0,0
STORE0004,SKU0033,2024-01-12,0,0,0
STORE0004,SKU0033,2024-01-13,0,1,0
STORE0004,SKU0033,2024-01-14,0,1,0
STORE0004,SKU0034,2024-01-01,0,0,0
STORE0004,SKU0034,2024-01-02,0,0,0
STORE0004,SKU0034,2024-01-03,0,0,0
STORE0004,SKU0034,2024-01-04,0,0,0
STORE0004,SKU0034,2024-01-05,0,0,0
STORE0004,SKU0034,2024-01-06,0,1,0
STORE0004,SKU0034,2024-01-07,0,1,0
STORE0004,SKU0034,2024-01-08,0,0,0
STORE0004,SKU0034,2024-01-09,0,0,0
STORE0004,SKU0034,2024-01-10,0,0,0
STORE0004,SKU0034,2024-01-11,0,0,0
STORE0004,SKU0034,2024-01-12,0,0,0
STORE0004,SKU0034,2024-01-13,0,1,0
STORE0004,SKU0034,2024-01-14,0,1,0
STORE0004,SKU0035,2024-01-01,0,0,0
STORE0004,SKU0035,2024-01-02,0,0,0
STORE0004,SKU0035,2024-01-03,0,0,0
STORE0004,SKU0035,2024-01-04,0,0,0
STORE0004,SKU0035,2024-01-05,0,0,0
STORE0004,SKU0035,2024-01-06,0,1,0
STORE0004,SKU0035,2024-01-07,0,1,0
STORE0004,SKU0035,2024-01-08,0,0,0
STORE0004,SKU0035,2024-01-09,0,0,0
STORE0004,SKU0035,2024-01-10,0,0,0
STORE0004,SKU0035,2024-01-11,0,0,0
STORE0004,SKU0035,2024-01-12,0,0,0
STORE0004,SKU0035,2024-01-13,0,1,0
STORE0004,SKU0035,2024-01-14,0,1,0
STORE0004,SKU0036,2024-01-01,0,0,0
STORE0004,SKU0036,2024-01-02,0,0,0
STORE0004,SKU0036,2024-01-03,0,0,0
STORE0004,SKU0036,2024-01-04,0,0,0
STORE0004,SKU0036,2024-01-05,0,0,0
STORE0004,SKU0036,2024-01-06,0,1,0
STORE0004,SKU0036,2024-01-07,0,1,0
STORE0004,SKU0036,2024-01-08,0,0,0
STORE0004,SKU0036,2024-01-09,0,0,0
STORE0004,SKU0036,2024-01-10,0,0,0
STORE0004,SKU0036,2024-01-11,0,0,0
STORE0004,SKU0036,2024-01-12,0,0,0
STORE0004,SKU0036,2024-01-13,0,1,0
STORE0004,SKU0036,2024-01-14,0,1,0
STORE0004,SKU0037,2024-01-01,0,0,0
STORE0004,SKU0037,2024-01-02,0,0,0
STORE0004,SKU0037,2024-01-03,0,0,0
STORE0004,SKU0037,2024-01-04,0,0,0
STORE0004,SKU0037,2024-01-05,0,0,0
STORE0004,SKU0037,2024-01-06,0,1,0
STORE0004,SKU0037,2024-01-07,0,1,0
STORE0004,SKU0037,2024-01-08,0,0,0
STORE0004,SKU0037,2024-01-09,0,0,0
STORE0004,SKU0037,2024-01-10,0,0,0
STORE0004,SKU0037,2024-01-11,0,0,0
STORE0004,SKU0037,2024-01-12,0,0,0
STORE0004,SKU0037,2024-01-13,0,1,0
STORE0004,SKU0037,2024-01-14,0,1,0
STORE0004,SKU0038,2024-01-01,0,0,0
STORE0004,SKU0038,2024-01-02,0,0,0
STORE0004,SKU0038,2024-01-03,0,0,0
STORE0004,SKU0038,2024-01-04,0,0,0
STORE0004,SKU0038,2024-01-05,0,0,0
STORE0004,SKU0038,2024-01-06,0,1,0
STORE0004,SKU0038,2024-01-07,0,1,0
STORE0004,SKU0038,2024-01-08,0,0,0
STORE0004,SKU0038,2024-01-09,0,0,0
STORE0004,SKU0038,2024-01-10,0,0,0
STORE0004,SKU0038,2024-01-11,0,0,0
STORE0004,SKU0038,2024-01-12,0,0,0
STORE0004,SKU0038,2024-01-13,0,1,0
STORE0004,SKU0038,2024-01-14,0,1,0
STORE0004,SKU0039,2024-01-01,0,0,0
STORE0004,SKU0039,2024-01-02,0,0,0
STORE0004,SKU0039,2024-01-03,0,0,0
STORE0004,SKU0039,2024-01-04,0,0,0
STORE0004,SKU0039,2024-01-05,0,0,0
STORE0004,SKU0039,2024-01-06,0,1,0
STORE0004,SKU0039,2024-01-07,0,1,0
STORE0004,SKU0039,2024-01-08,0,0,0
STORE0004,SKU0039,2024-01-09,0,0,0
STORE0004,SKU0039,2024-01-10,0,0,0
STORE0004,SKU0039,2024-01-11,0,0,0
STORE0004,SKU0039,2024-01-12,0,0,0
STORE0004,SKU0039,2024-01-13,0,1,0
STORE0004,SKU0039,2024-01-14,0,1,0
STORE0004,SKU0040,2024-01-01,0,0,0
STORE0004,SKU0040,2024-01-02,0,0,0
STORE0004,SKU0040,2024-01-03,0,0,0
STORE0004,SKU0040,2024-01-04,0,0,0
STORE0004,SKU0040,2024-01-05,0,0,0
STORE0004,SKU0040,2024-01-06,0,1,0
STORE0004,SKU0040,2024-01-07,0,1,0
STORE0004,SKU0040,2024-01-08,0,0,0
STORE0004,SKU0040,2024-01-09,0,0,0
STORE0004,SKU0040,2024-01-10,0,0,0
STORE0004,SKU0040,2024-01-11,0,0,0
STORE0004,SKU0040,2024-01-12,0,0,0
STORE0004,SKU0040,2024-01-13,0,1,0
STORE0004,SKU0040,2024-01-14,0,1,0
STORE0004,SKU0041,2024-01-01,0,0,0
STORE0004,SKU0041,2024-01-02,0,0,0
STORE0004,SKU0041,2024-01-03,0,0,0
STORE0004,SKU0041,2024-01-04,0,0,0
STORE0004,SKU0041,2024-01-05,0,0,0
STORE0004,SKU0041,2024-01-06,0,1,0
STORE0004,SKU0041,2024-01-07,0,1,0
STORE0004,SKU0041,2024-01-08,0,0,0
STORE0004,SKU0041,2024-01-09,0,0,0
STORE0004,SKU0041,2024-01-10,0,0,0
STORE0004,SKU0041,2024-01-11,0,0,0
STORE0004,SKU0041,2024-01-12,0,0,0
STORE0004,SKU0041,2024-01-13,0,1,0
STORE0004,SKU0041,2024-01-14,0,1,0
STORE0004,SKU0045,2024-01-01,0,0,0
STORE0004,SKU0045,2024-01-02,0,0,0
STORE0004,SKU0045,2024-01-03,0,0,0
STORE0004,SKU0045,2024-01-04,0,0,0
STORE0004,SKU0045,2024-01-05,0,0,0
STORE0004,SKU0045,2024-01-06,0,1,0
STORE0004,SKU0045,2024-01-07,0,1,0
STORE0004,SKU0045,2024-01-08,0,0,0
STORE0004,SKU0045,2024-01-09,0,0,0
STORE0004,SKU0045,2024-01-10,0,0,0
STORE0004,SKU0045,2024-01-11,0,0,0
STORE0004,SKU0045,2024-01-12,0,0,0
STORE0004,SKU0045,2024-01-13,0,1,0
STORE0004,SKU0045,2024-01-14,0,1,0
STORE0004,SKU0046,2024-01-01,0,0,0
STORE0004,SKU0046,2024-01-02,0,0,0
STORE0004,SKU0046,2024-01-03,0,0,0
STORE0004,SKU0046,2024-01-04,0,0,0
STORE0004,SKU0046,2024-01-05,0,0,0
STORE0004,SKU0046,2024-01-06,0,1,0
STORE0004,SKU0046,2024-01-07,0,1,0
STORE0004,SKU0046,2024-01-08,0,0,0
STORE0004,SKU0046,2024-01-09,0,0,0
STORE0004,SKU0046,2024-01-10,0,0,0
STORE0004,SKU0046,2024-01-11,0,0,0
STORE0004,SKU0046,2024-01-12,0,0,0
STORE0004,SKU0046,2024-01-13,0,1,0
STORE0004,SKU0046,2024-01-14,0,1,0
STORE0004,SKU0047,2024-01-01,0,0,0
STORE0004,SKU0047,2024-01-02,0,0,0
STORE0004,SKU0047,2024-01-03,0,0,0
STORE0004,SKU0047,2024-01-04,0,0,0
STORE0004,SKU0047,2024-01-05,0,0,0
STORE0004,SKU0047,2024-01-06,0,1,0
STORE0004,SKU0047,2024-01-07,0,1,0
STORE0004,SKU0047,2024-01-08,0,0,0
STORE0004,SKU0047,2024-01-09,0,0,0
STORE0004,SKU0047,2024-01-10,0,0,0
STORE0004,SKU0047,2024-01-11,0,0,0
STORE0004,SKU0047,2024-01-12,0,0,0
STORE0004,SKU0047,2024-01-13,0,1,0
STORE0004,SKU0047,2024-01-14,0,1,0
STORE0004,SKU0048,2024-01-01,0,0,0
STORE0004,SKU0048,2024-01-02,0,0,0
STORE0004,SKU0048,2024-01-03,0,0,0
STORE0004,SKU0048,2024-01-04,0,0,0
STORE0004,SKU0048,2024-01-05,0,0,0
STORE0004,SKU0048,2024-01-06,0,1,0
STORE0004,SKU0048,2024-01-07,0,1,0
STORE0004,SKU0048,2024-01-08,0,0,0
STORE0004,SKU0048,2024-01-09,0,0,0
STORE0004,SKU0048,2024-01-10,0,0,0
STORE0004,SKU0048,2024-01-11,0,0,0
STORE0004,SKU0048,2024-01-12,0,0,0
STORE0004,SKU0048,2024-01-13,0,1,0
STORE0004,SKU0048,2024-01-14,0,1,0
STORE0004,SKU0049,2024-01-01,0,0,0
STORE0004,SKU0049,2024-01-02,0,0,0
STORE0004,SKU0049,2024-01-03,0,0,0
STORE0004,SKU0049,2024-01-04,0,0,0
STORE0004,SKU0049,2024-01-05,0,0,0
STORE0004,SKU0049,2024-01-06,0,1,0
STORE0004,SKU0049,2024-01-07,0,1,0
STORE0004,SKU0049,2024-01-08,0,0,0
STORE0004,SKU0049,2024-01-09,0,0,0
STORE0004,SKU0049,2024-01-10,0,0,0
STORE0004,SKU0049,2024-01-11,0,0,0
STORE0004,SKU0049,2024-01-12,0,0,0
STORE0004,SKU0049,2024-01-13,0,1,0
STORE0004,SKU0049,2024-01-14,0,1,0
STORE0004,SKU0050,2024-01-01,0,0,0
STORE0004,SKU0050,2024-01-02,0,0,0
STORE0004,SKU0050,2024-01-03,0,0,0
STORE0004,SKU0050,2024-01-04,0,0,0
STORE0004,SKU0050,2024-01-05,0,0,0
STORE0004,SKU0050,2024-01-06,0,1,0
STORE0004,SKU0050,2024-01-07,0,1,0
STORE0004,SKU0050,2024-01-08,0,0,0
STORE0004,SKU0050,2024-01-09,0,0,0
STORE0004,SKU0050,2024-01-10,0,0,0
STORE0004,SKU0050,2024-01-11,0,0,0
STORE0004,SKU0050,2024-01-12,0,0,0
STORE0004,SKU0050,2024-01-13,0,1,0
STORE0004,SKU0050,2024-01-14,0,1,0
STORE0004,SKU0051,2024-01-01,0,0,0
STORE0004,SKU0051,2024-01-02,0,0,0
STORE0004,SKU0051,2024-01-03,0,0,0
STORE0004,SKU0051,2024-01-04,0,0,0
STORE0004,SKU0051,2024-01-05,0,0,0
STORE0004,SKU0051,2024-01-06,0,1,0
STORE0004,SKU0051,2024-01-07,0,1,0
STORE0004,SKU0051,2024-01-08,0,0,0
STORE0004,SKU0051,2024-01-09,0,0,0
STORE0004,SKU0051,2024-01-10,0,0,0
STORE0004,SKU0051,2024-01-11,0,0,0
STORE0004,SKU0051,2024-01-12,0,0,0
STORE0004,SKU0051,2024-01-13,0,1,0
STORE0004,SKU0051,2024-01-14,0,1,0
STORE0004,SKU0052,2024-01-01,0,0,0
STORE0004,SKU0052,2024-01-02,0,0,0
STORE0004,SKU0052,2024-01-03,0,0,0
STORE0004,SKU0052,2024-01-04,0,0,0
STORE0004,SKU0052,2024-01-05,0,0,0
STORE0004,SKU0052,2024-01-06,0,1,0
STORE0004,SKU0052,2024-01-07,0,1,0
STORE0004,SKU0052,2024-01-08,0,0,0
STORE0004,SKU0052,2024-01-09,0,0,0
STORE0004,SKU0052,2024-01-10,0,0,0
STORE0004,SKU0052,2024-01-11,0,0,0
STORE0004,SKU0052,2024-01-12,0,0,0
STORE0004,SKU0052,2024-01-13,0,1,0
STORE0004,SKU0052,2024-01-14,0,1,0
STORE0004,SKU0053,2024-01-01,0,0,0
STORE0004,SKU0053,2024-01-02,0,0,0
STORE0004,SKU0053,2024-01-03,0,0,0
STORE0004,SKU0053,2024-01-04,0,0,0
STORE0004,SKU0053,2024-01-05,0,0,0
STORE0004,SKU0053,2024-01-06,0,1,0
STORE0004,SKU0053,2024-01-07,0,1,0
STORE0004,SKU0053,2024-01-08,0,0,0
STORE0004,SKU0053,2024-01-09,0,0,0
STORE0004,SKU0053,2024-01-10,0,0,0
STORE0004,SKU0053,2024-01-11,0,0,0
STORE0004,SKU0053,2024-01-12,0,0,0
STORE0004,SKU0053,2024-01-13,0,1,0
STORE0004,SKU0053,2024-01-14,0,1,0
STORE0004,SKU0054,2024-01-01,0,0,0
STORE0004,SKU0054,2024-01-02,0,0,0
STORE0004,SKU0054,2024-01-03,0,0,0
STORE0004,SKU0054,2024-01-04,0,0,0
STORE0004,SKU0054,2024-01-05,0,0,0
STORE0004,SKU0054,2024-01-06,0,1,0
STORE0004,SKU0054,2024-01-07,0,1,0
STORE0004,SKU0054,2024-01-08,0,0,0
STORE0004,SKU0054,2024-01-09,0,0,0
STORE0004,SKU0054,2024-01-10,0,0,0
STORE0004,SKU0054,2024-01-11,0,0,0
STORE0004,SKU0054,2024-01-12,0,0,0
STORE0004,SKU0054,2024-01-13,0,1,0
STORE0004,SKU0054,2024-01-14,0,1,0
STORE0004,SKU0055,2024-01-01,0,0,0
STORE0004,SKU0055,2024-01-02,0,0,0
STORE0004,SKU0055,2024-01-03,0,0,0
STORE0004,SKU0055,2024-01-04,0,0,0
STORE0004,SKU0055,2024-01-05,0,0,0
STORE0004,SKU0055,2024-01-06,0,1,0
STORE0004,SKU0055,2024-01-07,0,1,0
STORE0004,SKU0055,2024-01-08,0,0,0
STORE0004,SKU0055,2024-01-09,0,0,0
STORE0004,SKU0055,2024-01-10,0,0,0
STORE0004,SKU0055,2024-01-11,0,0,0
STORE0004,SKU0055,2024-01-12,0,0,0
STORE0004,SKU0055,2024-01-13,0,1,0
STORE0004,SKU0055,2024-01-14,0,1,0
STORE0004,SKU0056,2024-01-01,0,0,0
STORE0004,SKU0056,2024-01-02,0,0,0
STORE0004,SKU0056,2024-01-03,0,0,0
STORE0004,SKU0056,2024-01-04,0,0,0
STORE0004,SKU0056,2024-01-05,0,0,0
STORE0004,SKU0056,2024-01-06,0,1,0
STORE0004,SKU0056,2024-01-07,0,1,0
STORE0004,SKU0056,2024-01-08,0,0,0
STORE0004,SKU0056,2024-01-09,0,0,0
STORE0004,SKU0056,2024-01-10,0,0,0
STORE0004,SKU0056,2024-01-11,0,0,0
STORE0004,SKU0056,2024-01-12,0,0,0
STORE0004,SKU0056,2024-01-13,0,1,0
STORE0004,SKU0056,2024-01-14,0,1,0
STORE0004,SKU0057,2024-01-01,0,0,0
STORE0004,SKU0057,2024-01-02,0,0,0
STORE0004,SKU0057,2024-01-03,0,0,0
STORE0004,SKU0057,2024-01-04,0,0,0
STORE0004,SKU0057,2024-01-05,0,0,0
STORE0004,SKU0057,2024-01-06,0,1,0
STORE0004,SKU0057,2024-01-07,0,1,0
STORE0004,SKU0057,2024-01-08,0,0,0
STORE0004,SKU0057,2024-01-09,0,0,0
STORE0004,SKU0057,2024-01-10,0,0,0
STORE0004,SKU0057,2024-01-11,0,0,0
STORE0004,SKU0057,2024-01-12,0,0,0
STORE0004,SKU0057,2024-01-13,0,1,0
STORE0004,SKU0057,2024-01-14,0,1,0
STORE0004,SKU0058,2024-01-01,0,0,0
STORE0004,SKU0058,2024-01-02,0,0,0
STORE0004,SKU0058,2024-01-03,0,0,0
STORE0004,SKU0058,2024-01-04,0,0,0
STORE0004,SKU0058,2024-01-05,0,0,0
STORE0004,SKU0058,2024-01-06,0,1,0
STORE0004,SKU0058,2024-01-07,0,1,0
STORE0004,SKU0058,2024-01-08,0,0,0
STORE0004,SKU0058,2024-01-09,0,0,0
STORE0004,SKU0058,2024-01-10,0,0,0
STORE0004,SKU0058,2024-01-11,0,0,0
STORE0004,SKU0058,2024-01-12,0,0,0
STORE0004,SKU0058,2024-01-13,0,1,0
STORE0004,SKU0058,2024-01-14,0,1,0
STORE0004,SKU0060,2024-01-01,0,0,0
STORE0004,SKU0060,2024-01-02,0,0,0
STORE0004,SKU0060,2024-01-03,0,0,0
STORE0004,SKU0060,2024-01-04,0,0,0
STORE0004,SKU0060,2024-01-05,0,0,0
STORE0004,SKU0060,2024-01-06,0,1,0
STORE0004,SKU0060,2024-01-07,0,1,0
STORE0004,SKU0060,2024-01-08,0,0,0
STORE0004,SKU0060,2024-01-09,0,0,0
STORE0004,SKU0060,2024-01-10,0,0,0
STORE0004,SKU0060,2024-01-11,0,0,0
STORE0004,SKU0060,2024-01-12,0,0,0
STORE0004,SKU0060,2024-01-13,0,1,0
STORE0004,SKU0060,2024-01-14,0,1,0
STORE0004,SKU0061,2024-01-01,0,0,0
STORE0004,SKU0061,2024-01-02,0,0,0
STORE0004,SKU0061,2024-01-03,0,0,0
STORE0004,SKU0061,2024-01-04,0,0,0
STORE0004,SKU0061,2024-01-05,0,0,0
STORE0004,SKU0061,2024-01-06,0,1,0
STORE0004,SKU0061,2024-01-07,0,1,0
STORE0004,SKU0061,2024-01-08,0,0,0
STORE0004,SKU0061,2024-01-09,0,0,0
STORE0004,SKU0061,2024-01-10,0,0,0
STORE0004,SKU0061,2024-01-11,0,0,0
STORE0004,SKU0061,2024-01-12,0,0,0
STORE0004,SKU0061,2024-01-13,0,1,0
STORE0004,SKU0061,2024-01-14,0,1,0
STORE0004,SKU0062,2024-01-01,0,0,0
STORE0004,SKU0062,2024-01-02,0,0,0
STORE0004,SKU0062,2024-01-03,0,0,0
STORE0004,SKU0062,2024-01-04,0,0,0
STORE0004,SKU0062,2024-01-05,0,0,0
STORE0004,SKU0062,2024-01-06,0,1,0
STORE0004,SKU0062,2024-01-07,0,1,0
STORE0004,SKU0062,2024-01-08,0,0,0
STORE0004,SKU0062,2024-01-09,0,0,0
STORE0004,SKU0062,2024-01-10,0,0,0
STORE0004,SKU0062,2024-01-11,0,0,0
STORE0004,SKU0062,2024-01-12,0,0,0
STORE0004,SKU0062,2024-01-13,0,1,0
STORE0004,SKU0062,2024-01-14,0,1,0
STORE0004,SKU0063,2024-01-01,0,0,0
STORE0004,SKU0063,2024-01-02,0,0,0
STORE0004,SKU0063,2024-01-03,0,0,0
STORE0004,SKU0063,2024-01-04,0,0,0
STORE0004,SKU0063,2024-01-05,0,0,0
STORE0004,SKU0063,2024-01-06,0,1,0
STORE0004,SKU0063,2024-01-07,0,1,0
STORE0004,SKU0063,2024-01-08,0,0,0
STORE0004,SKU0063,2024-01-09,0,0,0
STORE0004,SKU0063,2024-01-10,0,0,0
STORE0004,SKU0063,2024-01-11,0,0,0
STORE0004,SKU0063,2024-01-12,0,0,0
STORE0004,SKU0063,2024-01-13,0,1,0
STORE0004,SKU0063,2024-01-14,0,1,0
STORE0004,SKU0064,2024-01-01,0,0,0
STORE0004,SKU0064,2024-01-02,0,0,0
STORE0004,SKU0064,2024-01-03,0,0,0
STORE0004,SKU0064,2024-01-04,0,0,0
STORE0004,SKU0064,2024-01-05,0,0,0
STORE0004,SKU0064,2024-01-06,0,1,0
STORE0004,SKU0064,2024-01-07,0,1,0
STORE0004,SKU0064,2024-01-08,0,0,0
STORE0004,SKU0064,2024-01-09,0,0,0
STORE0004,SKU0064,2024-01-10,0,0,0
STORE0004,SKU0064,2024-01-11,0,0,0
STORE0004,SKU0064,2024-01-12,0,0,0
STORE0004,SKU0064,2024-01-13,0,1,0
STORE0004,SKU0064,2024-01-14,0,1,0
STORE0004,SKU0065,2024-01-01,0,0,0
STORE0004,SKU0065,2024-01-02,0,0,0
STORE0004,SKU0065,2024-01-03,0,0,0
STORE0004,SKU0065,2024-01-04,0,0,0
STORE0004,SKU0065,2024-01-05,0,0,0
STORE0004,SKU0065,2024-01-06,0,1,0
STORE0004,SKU0065,2024-01-07,0,1,0
STORE0004,SKU0065,2024-01-08,0,0,0
STORE0004,SKU0065,2024-01-09,0,0,0
STORE0004,SKU0065,2024-01-10,0,0,0
STORE0004,SKU0065,2024-01-11,0,0,0
STORE0004,SKU0065,2024-01-12,0,0,0
STORE0004,SKU0065,2024-01-13,0,1,0
STORE0004,SKU0065,2024-01-14,0,1,0
STORE0004,SKU0066,2024-01-01,0,0,0
STORE0004,SKU0066,2024-01-02,0,0,0
STORE0004,SKU0066,2024-01-03,0,0,0
STORE0004,SKU0066,2024-01-04,0,0,0
STORE0004,SKU0066,2024-01-05,0,0,0
STORE0004,SKU0066,2024-01-06,0,1,0
STORE0004,SKU0066,2024-01-07,0,1,0
STORE0004,SKU0066,2024-01-08,0,0,0
STORE0004,SKU0066,2024-01-09,0,0,0
STORE0004,SKU0066,2024-01-10,0,0,0
STORE0004,SKU0066,2024-01-11,0,0,0
STORE0004,SKU0066,2024-01-12,0,0,0
STORE0004,SKU0066,2024-01-13,0,1,0
STORE0004,SKU0066,2024-01-14,0,1,0
STORE0004,SKU0068,2024-01-01,0,0,0
STORE0004,SKU0068,2024-01-02,0,0,0
STORE0004,SKU0068,2024-01-03,0,0,0
STORE0004,SKU0068,2024-01-04,0,0,0
STORE0004,SKU0068,2024-01-05,0,0,0
STORE0004,SKU0068,2024-01-06,0,1,0
STORE0004,SKU0068,2024-01-07,0,1,0
STORE0004,SKU0068,2024-01-08,0,0,0
STORE0004,SKU0068,2024-01-09,0,0,0
STORE0004,SKU0068,2024-01-10,0,0,0
STORE0004,SKU0068,2024-01-11,0,0,0
STORE0004,SKU0068,2024-01-12,0,0,0
STORE0004,SKU0068,2024-01-13,0,1,0
STORE0004,SKU0068,2024-01-14,0,1,0
STORE0004,SKU0070,2024-01-01,0,0,0
STORE0004,SKU0070,2024-01-02,0,0,0
STORE0004,SKU0070,2024-01-03,0,0,0
STORE0004,SKU0070,2024-01-04,0,0,0
STORE0004,SKU0070,2024-01-05,0,0,0
STORE0004,SKU0070,2024-01-06,0,1,0
STORE0004,SKU0070,2024-01-07,0,1,0
STORE0004,SKU0070,2024-01-08,0,0,0
STORE0004,SKU0070,2024-01-09,0,0,0
STORE0004,SKU0070,2024-01-10,0,0,0
STORE0004,SKU0070,2024-01-11,0,0,0
STORE0004,SKU0070,2024-01-12,0,0,0
STORE0004,SKU0070,2024-01-13,0,1,0
STORE0004,SKU0070,2024-01-14,0,1,0
STORE0004,SKU0071,2024-01-01,0,0,0
STORE0004,SKU0071,2024-01-02,0,0,0
STORE0004,SKU0071,2024-01-03,0,0,0
STORE0004,SKU0071,2024-01-04,0,0,0
STORE0004,SKU0071,2024-01-05,0,0,0
STORE0004,SKU0071,2024-01-06,0,1,0
STORE0004,SKU0071,2024-01-07,0,1,0
STORE0004,SKU0071,2024-01-08,0,0,0
STORE0004,SKU0071,2024-01-09,0,0,0
STORE0004,SKU0071,2024-01-10,0,0,0
STORE0004,SKU0071,2024-01-11,0,0,0
STORE0004,SKU0071,2024-01-12,0,0,0
STORE0004,SKU0071,2024-01-13,0,1,0
STORE0004,SKU0071,2024-01-14,0,1,0
STORE0004,SKU0072,2024-01-01,0,0,0
STORE0004,SKU0072,2024-01-02,0,0,0
STORE0004,SKU0072,2024-01-03,0,0,0
STORE0004,SKU0072,2024-01-04,0,0,0
STORE0004,SKU0072,2024-01-05,0,0,0
STORE0004,SKU0072,2024-01-06,0,1,0
STORE0004,SKU0072,2024-01-07,0,1,0
STORE0004,SKU0072,2024-01-08,0,0,0
STORE0004,SKU0072,2024-01-09,0,0,0
STORE0004,SKU0072,2024-01-10,0,0,0
STORE0004,SKU0072,2024-01-11,0,0,0
STORE0004,SKU0072,2024-01-12,0,0,0
STORE0004,SKU0072,2024-01-13,0,1,0
STORE0004,SKU0072,2024-01-14,0,1,0
STORE0004,SKU0075,2024-01-01,0,0,0
STORE0004,SKU0075,2024-01-02,0,0,0
STORE0004,SKU0075,2024-01-03,0,0,0
STORE0004,SKU0075,2024-01-04,0,0,0
STORE0004,SKU0075,2024-01-05,0,0,0
STORE0004,SKU0075,2024-01-06,0,1,0
STORE0004,SKU0075,2024-01-07,0,1,0
STORE0004,SKU0075,2024-01-08,0,0,0
STORE0004,SKU0075,2024-01-09,0,0,0
STORE0004,SKU0075,2024-01-10,0,0,0
STORE0004,SKU0075,2024-01-11,0,0,0
STORE0004,SKU0075,2024-01-12,0,0,0
STORE0004,SKU0075,2024-01-13,0,1,0
STORE0004,SKU0075,2024-01-14,0,1,0
STORE0004,SKU0076,2024-01-01,0,0,0
STORE0004,SKU0076,2024-01-02,0,0,0
STORE0004,SKU0076,2024-01-03,0,0,0
STORE0004,SKU0076,2024-01-04,0,0,0
STORE0004,SKU0076,2024-01-05,0,0,0
STORE0004,SKU0076,2024-01-06,0,1,0
STORE0004,SKU0076,2024-01-07,0,1,0
STORE0004,SKU0076,2024-01-08,0,0,0
STORE0004,SKU0076,2024-01-09,0,0,0
STORE0004,SKU0076,2024-01-10,0,0,0
STORE0004,SKU0076,2024-01-11,0,0,0
STORE0004,SKU0076,2024-01-12,0,0,0
STORE0004,SKU0076,2024-01-13,0,1,0
STORE0004,SKU0076,2024-01-14,0,1,0
STORE0004,SKU0077,2024-01-01,0,0,0
STORE0004,SKU0077,2024-01-02,0,0,0
STORE0004,SKU0077,2024-01-03,0,0,0
STORE0004,SKU0077,2024-01-04,0,0,0
STORE0004,SKU0077,2024-01-05,0,0,0
STORE0004,SKU0077,2024-01-06,0,1,0
STORE0004,SKU0077,2024-01-07,0,1,0
STORE0004,SKU0077,2024-01-08,0,0,0
STORE0004,SKU0077,2024-01-09,0,0,0
STORE0004,SKU0077,2024-01-10,0,0,0
STORE0004,SKU0077,2024-01-11,0,0,0
STORE0004,SKU0077,2024-01-12,0,0,0
STORE0004,SKU0077,2024-01-13,0,1,0
STORE0004,SKU0077,2024-01-14,0,1,0
STORE0004,SKU0078,2024-01-01,0,0,0
STORE0004,SKU0078,2024-01-02,0,0,0
STORE0004,SKU0078,2024-01-03,0,0,0
STORE0004,SKU0078,2024-01-04,0,0,0
STORE0004,SKU0078,2024-01-05,0,0,0
STORE0004,SKU0078,2024-01-06,0,1,0
STORE0004,SKU0078,2024-01-07,0,1,0
STORE0004,SKU0078,2024-01-08,0,0,0
STORE0004,SKU0078,2024-01-09,0,0,0
STORE0004,SKU0078,2024-01-10,0,0,0
STORE0004,SKU0078,2024-01-11,0,0,0
STORE0004,SKU0078,2024-01-12,0,0,0
STORE0004,SKU0078,2024-01-13,0,1,0
STORE0004,SKU0078,2024-01-14,0,1,0
STORE0004,SKU0079,2024-01-01,0,0,0
STORE0004,SKU0079,2024-01-02,0,0,0
STORE0004,SKU0079,2024-01-03,0,0,0
STORE0004,SKU0079,2024-01-04,0,0,0
STORE0004,SKU0079,2024-01-05,0,0,0
STORE0004,SKU0079,2024-01-06,0,1,0
STORE0004,SKU0079,2024-01-07,0,1,0
STORE0004,SKU0079,2024-01-08,0,0,0
STORE0004,SKU0079,2024-01-09,0,0,0
STORE0004,SKU0079,2024-01-10,0,0,0
STORE0004,SKU0079,2024-01-11,0,0,0
STORE0004,SKU0079,2024-01-12,0,0,0
STORE0004,SKU0079,2024-01-13,0,1,0
STORE0004,SKU0079,2024-01-14,0,1,0
STORE0004,SKU0081,2024-01-01,0,0,0
STORE0004,SKU0081,2024-01-02,0,0,0
STORE0004,SKU0081,2024-01-03,0,0,0
STORE0004,SKU0081,2024-01-04,0,0,0
STORE0004,SKU0081,2024-01-05,0,0,0
STORE0004,SKU0081,2024-01-06,0,1,0
STORE0004,SKU0081,2024-01-07,0,1,0
STORE0004,SKU0081,2024-01-08,0,0,0
STORE0004,SKU0081,2024-01-09,0,0,0
STORE0004,SKU0081,2024-01-10,0,0,0
STORE0004,SKU0081,2024-01-11,0,0,0
STORE0004,SKU0081,2024-01-12,0,0,0
STORE0004,SKU0081,2024-01-13,0,1,0
STORE0004,SKU0081,2024-01-14,0,1,0
STORE0004,SKU0085,2024-01-01,0,0,0
STORE0004,SKU0085,2024-01-02,0,0,0
STORE0004,SKU0085,2024-01-03,0,0,0
STORE0004,SKU0085,2024-01-04,0,0,0
STORE0004,SKU0085,2024-01-05,0,0,0
STORE0004,SKU0085,2024-01-06,0,1,0
STORE0004,SKU0085,2024-01-07,0,1,0
STORE0004,SKU0085,2024-01-08,0,0,0
STORE0004,SKU0085,2024-01-09,0,0,0
STORE0004,SKU0085,2024-01-10,0,0,0
STORE0004,SKU0085,2024-01-11,0,0,0
STORE0004,SKU0085,2024-01-12,0,0,0
STORE0004,SKU0085,2024-01-13,0,1,0
STORE0004,SKU0085,2024-01-14,0,1,0
STORE0004,SKU0087,2024-01-01,0,0,0
STORE0004,SKU0087,2024-01-02,0,0,0
STORE0004,SKU0087,2024-01-03,0,0,0
STORE0004,SKU0087,2024-01-04,0,0,0
STORE0004,SKU0087,2024-01-05,0,0,0
STORE0004,SKU0087,2024-01-06,0,1,0
STORE0004,SKU0087,2024-01-07,0,1,0
STORE0004,SKU0087,2024-01-08,0,0,0
STORE0004,SKU0087,2024-01-09,0,0,0
STORE0004,SKU0087,2024-01-10,0,0,0
STORE0004,SKU0087,2024-01-11,0,0,0
STORE0004,SKU0087,2024-01-12,0,0,0
STORE0004,SKU0087,2024-01-13,0,1,0
STORE0004,SKU0087,2024-01-14,0,1,0
STORE0004,SKU0088,2024-01-01,0,0,0
STORE0004,SKU0088,2024-01-02,0,0,0
STORE0004,SKU0088,2024-01-03,0,0,0
STORE0004,SKU0088,2024-01-04,0,0,0
STORE0004,SKU0088,2024-01-05,0,0,0
STORE0004,SKU0088,2024-01-06,0,1,0
STORE0004,SKU0088,2024-01-07,0,1,0
STORE0004,SKU0088,2024-01-08,0,0,0
STORE0004,SKU0088,2024-01-09,0,0,0
STORE0004,SKU0088,2024-01-10,0,0,0
STORE0004,SKU0088,2024-01-11,0,0,0
STORE0004,SKU0088,2024-01-12,0,0,0
STORE0004,SKU0088,2024-01-13,0,1,0
STORE0004,SKU0088,2024-01-14,0,1,0
STORE0004,SKU0090,2024-01-01,0,0,0
STORE0004,SKU0090,2024-01-02,0,0,0
STORE0004,SKU0090,2024-01-03,0,0,0
STORE0004,SKU0090,2024-01-04,0,0,0
STORE0004,SKU0090,2024-01-05,0,0,0
STORE0004,SKU0090,2024-01-06,0,1,0
STORE0004,SKU0090,2024-01-07,0,1,0
STORE0004,SKU0090,2024-01-08,0,0,0
STORE0004,SKU0090,2024-01-09,0,0,0
STORE0004,SKU0090,2024-01-10,0,0,0
STORE0004,SKU0090,2024-01-11,0,0,0
STORE0004,SKU0090,2024-01-12,0,0,0
STORE0004,SKU0090,2024-01-13,0,1,0
STORE0004,SKU0090,2024-01-14,0,1,0
STORE0004,SKU0091,2024-01-01,0,0,0
STORE0004,SKU0091,2024-01-02,0,0,0
STORE0004,SKU0091,2024-01-03,0,0,0
STORE0004,SKU0091,2024-01-04,0,0,0
STORE0004,SKU0091,2024-01-05,0,0,0
STORE0004,SKU0091,2024-01-06,0,1,0
STORE0004,SKU0091,2024-01-07,0,1,0
STORE0004,SKU0091,2024-01-08,0,0,0
STORE0004,SKU0091,2024-01-09,0,0,0
STORE0004,SKU0091,2024-01-10,0,0,0
STORE0004,SKU0091,2024-01-11,0,0,0
STORE0004,SKU0091,2024-01-12,0,0,0
STORE0004,SKU0091,2024-01-13,0,1,0
STORE0004,SKU0091,2024-01-14,0,1,0
STORE0004,SKU0092,2024-01-01,0,0,0
STORE0004,SKU0092,2024-01-02,0,0,0
STORE0004,SKU0092,2024-01-03,0,0,0
STORE0004,SKU0092,2024-01-04,0,0,0
STORE0004,SKU0092,2024-01-05,0,0,0
STORE0004,SKU0092,2024-01-06,0,1,0
STORE0004,SKU0092,2024-01-07,0,1,0
STORE0004,SKU0092,2024-01-08,0,0,0
STORE0004,SKU0092,2024-01-09,0,0,0
STORE0004,SKU0092,2024-01-10,0,0,0
STORE0004,SKU0092,2024-01-11,0,0,0
STORE0004,SKU0092,2024-01-12,0,0,0
STORE0004,SKU0092,2024-01-13,0,1,0
STORE0004,SKU0092,2024-01-14,0,1,0
STORE0004,SKU0093,2024-01-01,0,0,0
STORE0004,SKU0093,2024-01-02,0,0,0
STORE0004,SKU0093,2024-01-03,0,0,0
STORE0004,SKU0093,2024-01-04,0,0,0
STORE0004,SKU0093,2024-01-05,0,0,0
STORE0004,SKU0093,2024-01-06,0,1,0
STORE0004,SKU0093,2024-01-07,0,1,0
STORE0004,SKU0093,2024-01-08,0,0,0
STORE0004,SKU0093,2024-01-09,0,0,0
STORE0004,SKU0093,2024-01-10,0,0,0
STORE0004,SKU0093,2024-01-11,0,0,0
STORE0004,SKU0093,2024-01-12,0,0,0
STORE0004,SKU0093,2024-01-13,0,1,0
STORE0004,SKU0093,2024-01-14,0,1,0
STORE0004,SKU0095,2024-01-01,0,0,0
STORE0004,SKU0095,2024-01-02,0,0,0
STORE0004,SKU0095,2024-01-03,0,0,0
STORE0004,SKU0095,2024-01-04,0,0,0
STORE0004,SKU0095,2024-01-05,0,0,0
STORE0004,SKU0095,2024-01-06,0,1,0
STORE0004,SKU0095,2024-01-07,0,1,0
STORE0004,SKU0095,2024-01-08,0,0,0
STORE0004,SKU0095,2024-01-09,0,0,0
STORE0004,SKU0095,2024-01-10,0,0,0
STORE0004,SKU0095,2024-01-11,0,0,0
STORE0004,SKU0095,2024-01-12,0,0,0
STORE0004,SKU0095,2024-01-13,0,1,0
STORE0004,SKU0095,2024-01-14,0,1,0
STORE0004,SKU0096,2024-01-01,0,0,0
STORE0004,SKU0096,2024-01-02,0,0,0
STORE0004,SKU0096,2024-01-03,0,0,0
STORE0004,SKU0096,2024-01-04,0,0,0
STORE0004,SKU0096,2024-01-05,0,0,0
STORE0004,SKU0096,2024-01-06,0,1,0
STORE0004,SKU0096,2024-01-07,0,1,0
STORE0004,SKU0096,2024-01-08,0,0,0
STORE0004,SKU0096,2024-01-09,0,0,0
STORE0004,SKU0096,2024-01-10,0,0,0
STORE0004,SKU0096,2024-01-11,0,0,0
STORE0004,SKU0096,2024-01-12,0,0,0
STORE0004,SKU0096,2024-01-13,0,1,0
STORE0004,SKU0096,2024-01-14,0,1,0
STORE0004,SKU0097,2024-01-01,0,0,0
STORE0004,SKU0097,2024-01-02,0,0,0
STORE0004,SKU0097,2024-01-03,0,0,0
STORE0004,SKU0097,2024-01-04,0,0,0
STORE0004,SKU0097,2024-01-05,0,0,0
STORE0004,SKU0097,2024-01-06,0,1,0
STORE0004,SKU0097,2024-01-07,0,1,0
STORE0004,SKU0097,2024-01-08,0,0,0
STORE0004,SKU0097,2024-01-09,0,0,0
STORE0004,SKU0097,2024-01-10,0,0,0
STORE0004,SKU0097,2024-01-11,0,0,0
STORE0004,SKU0097,2024-01-12,0,0,0
STORE0004,SKU0097,2024-01-13,0,1,0
STORE0004,SKU0097,2024-01-14,0,1,0
STORE0004,SKU0098,2024-01-01,0,0,0
STORE0004,SKU0098,2024-01-02,0,0,0
STORE0004,SKU0098,2024-01-03,0,0,0
STORE0004,SKU0098,2024-01-04,0,0,0
STORE0004,SKU0098,2024-01-05,0,0,0
STORE0004,SKU0098,2024-01-06,0,1,0
STORE0004,SKU0098,2024-01-07,0,1,0
STORE0004,SKU0098,2024-01-08,0,0,0
STORE0004,SKU0098,2024-01-09,0,0,0
STORE0004,SKU0098,2024-01-10,0,0,0
STORE0004,SKU0098,2024-01-11,0,0,0
STORE0004,SKU0098,2024-01-12,0,0,0
STORE0004,SKU0098,2024-01-13,0,1,0
STORE0004,SKU0098,2024-01-14,0,1,0
STORE0004,SKU0099,2024-01-01,0,0,0
STORE0004,SKU0099,2024-01-02,0,0,0
STORE0004,SKU0099,2024-01-03,0,0,0
STORE0004,SKU0099,2024-01-04,0,0,0
STORE0004,SKU0099,2024-01-05,0,0,0
STORE0004,SKU0099,2024-01-06,0,1,0
STORE0004,SKU0099,2024-01-07,0,1,0
STORE0004,SKU0099,2024-01-08,0,0,0
STORE0004,SKU0099,2024-01-09,0,0,0
STORE0004,SKU0099,2024-01-10,0,0,0
STORE0004,SKU0099,2024-01-11,0,0,0
STORE0004,SKU0099,2024-01-12,0,0,0
STORE0004,SKU0099,2024-01-13,0,1,0
STORE0004,SKU0099,2024-01-14,0,1,0
STORE0004,SKU0100,2024-01-01,0,0,0
STORE0004,SKU0100,2024-01-02,0,0,0
STORE0004,SKU0100,2024-01-03,0,0,0
STORE0004,SKU0100,2024-01-04,0,0,0
STORE0004,SKU0100,2024-01-05,0,0,0
STORE0004,SKU0100,2024-01-06,0,1,0
STORE0004,SKU0100,2024-01-07,0,1,0
STORE0004,SKU0100,2024-01-08,0,0,0
STORE0004,SKU0100,2024-01-09,0,0,0
STORE0004,SKU0100,2024-01-10,0,0,0
STORE0004,SKU0100,2024-01-11,0,0,0
STORE0004,SKU0100,2024-01-12,0,0,0
STORE0004,SKU0100,2024-01-13,0,1,0
STORE0004,SKU0100,2024-01-14,0,1,0
STORE0004,SKU0101,2024-01-01,0,0,0
STORE0004,SKU0101,2024-01-02,0,0,0
STORE0004,SKU0101,2024-01-03,0,0,0
STORE0004,SKU0101,2024-01-04,0,0,0
STORE0004,SKU0101,2024-01-05,0,0,0
STORE0004,SKU0101,2024-01-06,0,1,0
STORE0004,SKU0101,2024-01-07,0,1,0
STORE0004,SKU0101,2024-01-08,0,0,0
STORE0004,SKU0101,2024-01-09,0,0,0
STORE0004,SKU0101,2024-01-10,0,0,0
STORE0004,SKU0101,2024-01-11,0,0,0
STORE0004,SKU0101,2024-01-12,0,0,0
STORE0004,SKU0101,2024-01-13,0,1,0
STORE0004,SKU0101,2024-01-14,0,1,0
STORE0004,SKU0102,2024-01-01,0,0,0
STORE0004,SKU0102,2024-01-02,0,0,0
STORE0004,SKU0102,2024-01-03,0,0,0
STORE0004,SKU0102,2024-01-04,0,0,0
STORE0004,SKU0102,2024-01-05,0,0,0
STORE0004,SKU0102,2024-01-06,0,1,0
STORE0004,SKU0102,2024-01-07,0,1,0
STORE0004,SKU0102,2024-01-08,0,0,0
STORE0004,SKU0102,2024-01-09,0,0,0
STORE0004,SKU0102,2024-01-10,0,0,0
STORE0004,SKU0102,2024-01-11,0,0,0
STORE0004,SKU0102,2024-01-12,0,0,0
STORE0004,SKU0102,2024-01-13,0,1,0
STORE0004,SKU0102,2024-01-14,0,1,0
STORE0005,SKU0001,2024-01-01,0,0,0
STORE0005,SKU0001,2024-01-02,0,0,0
STORE0005,SKU0001,2024-01-03,0,0,0
STORE0005,SKU0001,2024-01-04,0,0,0
STORE0005,SKU0001,2024-01-05,0,0,0
STORE0005,SKU0001,2024-01-06,0,1,0
STORE0005,SKU0001,2024-01-07,0,1,0
STORE0005,SKU0001,2024-01-08,0,0,0
STORE0005,SKU0001,2024-01-09,0,0,0
STORE0005,SKU0001,2024-01-10,0,0,0
STORE0005,SKU0001,2024-01-11,0,0,0
STORE0005,SKU0001,2024-01-12,0,0,0
STORE0005,SKU0001,2024-01-13,0,1,0
STORE0005,SKU0001,2024-01-14,0,1,0
STORE0005,SKU0002,2024-01-01,0,0,0
STORE0005,SKU0002,2024-01-02,0,0,0
STORE0005,SKU0002,2024-01-03,0,0,0
STORE0005,SKU0002,2024-01-04,0,0,0
STORE0005,SKU0002,2024-01-05,0,0,0
STORE0005,SKU0002,2024-01-06,0,1,0
STORE0005,SKU0002,2024-01-07,0,1,0
STORE0005,SKU0002,2024-01-08,0,0,0
STORE0005,SKU0002,2024-01-09,0,0,0
STORE0005,SKU0002,2024-01-10,0,0,0
STORE0005,SKU0002,2024-01-11,0,0,0
STORE0005,SKU0002,2024-01-12,0,0,0
STORE0005,SKU0002,2024-01-13,0,1,0
STORE0005,SKU0002,2024-01-14,0,1,0
STORE0005,SKU0003,2024-01-01,0,0,0
STORE0005,SKU0003,2024-01-02,0,0,0
STORE0005,SKU0003,2024-01-03,0,0,0
STORE0005,SKU0003,2024-01-04,0,0,0
STORE0005,SKU0003,2024-01-05,0,0,0
STORE0005,SKU0003,2024-01-06,0,1,0
STORE0005,SKU0003,2024-01-07,0,1,0
STORE0005,SKU0003,2024-01-08,0,0,0
STORE0005,SKU0003,2024-01-09,0,0,0
STORE0005,SKU0003,2024-01-10,0,0,0
STORE0005,SKU0003,2024-01-11,0,0,0
STORE0005,SKU0003,2024-01-12,0,0,0
STORE0005,SKU0003,2024-01-13,0,1,0
STORE0005,SKU0003,2024-01-14,0,1,0
STORE0005,SKU0004,2024-01-01,0,0,0
STORE0005,SKU0004,2024-01-02,0,0,0
STORE0005,SKU0004,2024-01-03,0,0,0
STORE0005,SKU0004,2024-01-04,0,0,0
STORE0005,SKU0004,2024-01-05,0,0,0
STORE0005,SKU0004,2024-01-06,0,1,0
STORE0005,SKU0004,2024-01-07,0,1,0
STORE0005,SKU0004,2024-01-08,0,0,0
STORE0005,SKU0004,2024-01-09,0,0,0
STORE0005,SKU0004,2024-01-10,0,0,0
STORE0005,SKU0004,2024-01-11,0,0,0
STORE0005,SKU0004,2024-01-12,0,0,0
STORE0005,SKU0004,2024-01-13,0,1,0
STORE0005,SKU0004,2024-01-14,0,1,0
STORE0005,SKU0005,2024-01-01,0,0,0
STORE0005,SKU0005,2024-01-02,0,0,0
STORE0005,SKU0005,2024-01-03,0,0,0
STORE0005,SKU0005,2024-01-04,0,0,0
STORE0005,SKU0005,2024-01-05,0,0,0
STORE0005,SKU0005,2024-01-06,0,1,0
STORE0005,SKU0005,2024-01-07,0,1,0
STORE0005,SKU0005,2024-01-08,0,0,0
STORE0005,SKU0005,2024-01-09,0,0,0
STORE0005,SKU0005,2024-01-10,0,0,0
STORE0005,SKU0005,2024-01-11,0,0,0
STORE0005,SKU0005,2024-01-12,0,0,0
STORE0005,SKU0005,2024-01-13,0,1,0
STORE0005,SKU0005,2024-01-14,0,1,0
STORE0005,SKU0006,2024-01-01,0,0,0
STORE0005,SKU0006,2024-01-02,0,0,0
STORE0005,SKU0006,2024-01-03,0,0,0
STORE0005,SKU0006,2024-01-04,0,0,0
STORE0005,SKU0006,2024-01-05,0,0,0
STORE0005,SKU0006,2024-01-06,0,1,0
STORE0005,SKU0006,2024-01-07,0,1,0
STORE0005,SKU0006,2024-01-08,0,0,0
STORE0005,SKU0006,2024-01-09,0,0,0
STORE0005,SKU0006,2024-01-10,0,0,0
STORE0005,SKU0006,2024-01-11,0,0,0
STORE0005,SKU0006,2024-01-12,0,0,0
STORE0005,SKU0006,2024-01-13,0,1,0
STORE0005,SKU0006,2024-01-14,0,1,0
STORE0005,SKU0007,2024-01-01,0,0,0
STORE0005,SKU0007,2024-01-02,0,0,0
STORE0005,SKU0007,2024-01-03,0,0,0
STORE0005,SKU0007,2024-01-04,0,0,0
STORE0005,SKU0007,2024-01-05,0,0,0
STORE0005,SKU0007,2024-01-06,0,1,0
STORE0005,SKU0007,2024-01-07,0,1,0
STORE0005,SKU0007,2024-01-08,0,0,0
STORE0005,SKU0007,2024-01-09,0,0,0
STORE0005,SKU0007,2024-01-10,0,0,0
STORE0005,SKU0007,2024-01-11,0,0,0
STORE0005,SKU0007,2024-01-12,0,0,0
STORE0005,SKU0007,2024-01-13,0,1,0
STORE0005,SKU0007,2024-01-14,0,1,0
STORE0005,SKU0009,2024-01-01,0,0,0
STORE0005,SKU0009,2024-01-02,0,0,0
STORE0005,SKU0009,2024-01-03,0,0,0
STORE0005,SKU0009,2024-01-04,0,0,0
STORE0005,SKU0009,2024-01-05,0,0,0
STORE0005,SKU0009,2024-01-06,0,1,0
STORE0005,SKU0009,2024-01-07,0,1,0
STORE0005,SKU0009,2024-01-08,0,0,0
STORE0005,SKU0009,2024-01-09,0,0,0
STORE0005,SKU0009,2024-01-10,0,0,0
STORE0005,SKU0009,2024-01-11,0,0,0
STORE0005,SKU0009,2024-01-12,0,0,0
STORE0005,SKU0009,2024-01-13,0,1,0
STORE0005,SKU0009,2024-01-14,0,1,0
STORE0005,SKU0010,2024-01-01,0,0,0
STORE0005,SKU0010,2024-01-02,0,0,0
STORE0005,SKU0010,2024-01-03,0,0,0
STORE0005,SKU0010,2024-01-04,0,0,0
STORE0005,SKU0010,2024-01-05,0,0,0
STORE0005,SKU0010,2024-01-06,0,1,0
STORE0005,SKU0010,2024-01-07,0,1,0
STORE0005,SKU0010,2024-01-08,0,0,0
STORE0005,SKU0010,2024-01-09,0,0,0
STORE0005,SKU0010,2024-01-10,0,0,0
STORE0005,SKU0010,2024-01-11,0,0,0
STORE0005,SKU0010,2024-01-12,0,0,0
STORE0005,SKU0010,2024-01-13,0,1,0
STORE0005,SKU0010,2024-01-14,0,1,0
STORE0005,SKU0011,2024-01-01,0,0,0
STORE0005,SKU0011,2024-01-02,0,0,0
STORE0005,SKU0011,2024-01-03,0,0,0
STORE0005,SKU0011,2024-01-04,0,0,0
STORE0005,SKU0011,2024-01-05,0,0,0
STORE0005,SKU0011,2024-01-06,0,1,0
STORE0005,SKU0011,2024-01-07,0,1,0
STORE0005,SKU0011,2024-01-08,0,0,0
STORE0005,SKU0011,2024-01-09,0,0,0
STORE0005,SKU0011,2024-01-10,0,0,0
STORE0005,SKU0011,2024-01-11,0,0,0
STORE0005,SKU0011,2024-01-12,0,0,0
STORE0005,SKU0011,2024-01-13,0,1,0
STORE0005,SKU0011,2024-01-14,0,1,0
STORE0005,SKU0012,2024-01-01,0,0,0
STORE0005,SKU0012,2024-01-02,0,0,0
STORE0005,SKU0012,2024-01-03,0,0,0
STORE0005,SKU0012,2024-01-04,0,0,0
STORE0005,SKU0012,2024-01-05,0,0,0
STORE0005,SKU0012,2024-01-06,0,1,0
STORE0005,SKU0012,2024-01-07,0,1,0
STORE0005,SKU0012,2024-01-08,0,0,0
STORE0005,SKU0012,2024-01-09,0,0,0
STORE0005,SKU0012,2024-01-10,0,0,0
STORE0005,SKU0012,2024-01-11,0,0,0
STORE0005,SKU0012,2024-01-12,0,0,0
STORE0005,SKU0012,2024-01-13,0,1,0
STORE0005,SKU0012,2024-01-14,0,1,0
STORE0005,SKU0013,2024-01-01,0,0,0
STORE0005,SKU0013,2024-01-02,0,0,0
STORE0005,SKU0013,2024-01-03,0,0,0
STORE0005,SKU0013,2024-01-04,0,0,0
STORE0005,SKU0013,2024-01-05,0,0,0
STORE0005,SKU0013,2024-01-06,0,1,0
STORE0005,SKU0013,2024-01-07,0,1,0
STORE0005,SKU0013,2024-01-08,0,0,0
STORE0005,SKU0013,2024-01-09,0,0,0
STORE0005,SKU0013,2024-01-10,0,0,0
STORE0005,SKU0013,2024-01-11,0,0,0
STORE0005,SKU0013,2024-01-12,0,0,0
STORE0005,SKU0013,2024-01-13,0,1,0
STORE0005,SKU0013,2024-01-14,0,1,0
STORE0005,SKU0014,2024-01-01,0,0,0
STORE0005,SKU0014,2024-01-02,0,0,0
STORE0005,SKU0014,2024-01-03,0,0,0
STORE0005,SKU0014,2024-01-04,0,0,0
STORE0005,SKU0014,2024-01-05,0,0,0
STORE0005,SKU0014,2024-01-06,0,1,0
STORE0005,SKU0014,2024-01-07,0,1,0
STORE0005,SKU0014,2024-01-08,0,0,0
STORE0005,SKU0014,2024-01-09,0,0,0
STORE0005,SKU0014,2024-01-10,0,0,0
STORE0005,SKU0014,2024-01-11,0,0,0
STORE0005,SKU0014,2024-01-12,0,0,0
STORE0005,SKU0014,2024-01-13,0,1,0
STORE0005,SKU0014,2024-01-14,0,1,0
STORE0005,SKU0015,2024-01-01,0,0,0
STORE0005,SKU0015,2024-01-02,0,0,0
STORE0005,SKU0015,2024-01-03,0,0,0
STORE0005,SKU0015,2024-01-04,0,0,0
STORE0005,SKU0015,2024-01-05,0,0,0
STORE0005,SKU0015,2024-01-06,0,1,0
STORE0005,SKU0015,2024-01-07,0,1,0
STORE0005,SKU0015,2024-01-08,0,0,0
STORE0005,SKU0015,2024-01-09,0,0,0
STORE0005,SKU0015,2024-01-10,0,0,0
STORE0005,SKU0015,2024-01-11,0,0,0
STORE0005,SKU0015,2024-01-12,0,0,0
STORE0005,SKU0015,2024-01-13,0,1,0
STORE0005,SKU0015,2024-01-14,0,1,0
STORE0005,SKU0016,2024-01-01,0,0,0
STORE0005,SKU0016,2024-01-02,0,0,0
STORE0005,SKU0016,2024-01-03,0,0,0
STORE0005,SKU0016,2024-01-04,0,0,0
STORE0005,SKU0016,2024-01-05,0,0,0
STORE0005,SKU0016,2024-01-06,0,1,0
STORE0005,SKU0016,2024-01-07,0,1,0
STORE0005,SKU0016,2024-01-08,0,0,0
STORE0005,SKU0016,2024-01-09,0,0,0
STORE0005,SKU0016,2024-01-10,0,0,0
STORE0005,SKU0016,2024-01-11,0,0,0
STORE0005,SKU0016,2024-01-12,0,0,0
STORE0005,SKU0016,2024-01-13,0,1,0
STORE0005,SKU0016,2024-01-14,0,1,0
STORE0005,SKU0018,2024-01-01,0,0,0
STORE0005,SKU0018,2024-01-02,0,0,0
STORE0005,SKU0018,2024-01-03,0,0,0
STORE0005,SKU0018,2024-01-04,0,0,0
STORE0005,SKU0018,2024-01-05,0,0,0
STORE0005,SKU0018,2024-01-06,0,1,0
STORE0005,SKU0018,2024-01-07,0,1,0
STORE0005,SKU0018,2024-01-08,0,0,0
STORE0005,SKU0018,2024-01-09,0,0,0
STORE0005,SKU0018,2024-01-10,0,0,0
STORE0005,SKU0018,2024-01-11,0,0,0
STORE0005,SKU0018,2024-01-12,0,0,0
STORE0005,SKU0018,2024-01-13,0,1,0
STORE0005,SKU0018,2024-01-14,0,1,0
STORE0005,SKU0019,2024-01-01,0,0,0
STORE0005,SKU0019,2024-01-02,0,0,0
STORE0005,SKU0019,2024-01-03,0,0,0
STORE0005,SKU0019,2024-01-04,0,0,0
STORE0005,SKU0019,2024-01-05,0,0,0
STORE0005,SKU0019,2024-01-06,0,1,0
STORE0005,SKU0019,2024-01-07,0,1,0
STORE0005,SKU0019,2024-01-08,0,0,0
STORE0005,SKU0019,2024-01-09,0,0,0
STORE0005,SKU0019,2024-01-10,0,0,0
STORE0005,SKU0019,2024-01-11,0,0,0
STORE0005,SKU0019,2024-01-12,0,0,0
STORE0005,SKU0019,2024-01-13,0,1,0
STORE0005,SKU0019,2024-01-14,0,1,0
STORE0005,SKU0020,2024-01-01,0,0,0
STORE0005,SKU0020,2024-01-02,0,0,0
STORE0005,SKU0020,2024-01-03,0,0,0
STORE0005,SKU0020,2024-01-04,0,0,0
STORE0005,SKU0020,2024-01-05,0,0,0
STORE0005,SKU0020,2024-01-06,0,1,0
STORE0005,SKU0020,2024-01-07,0,1,0
STORE0005,SKU0020,2024-01-08,0,0,0
STORE0005,SKU0020,2024-01-09,0,0,0
STORE0005,SKU0020,2024-01-10,0,0,0
STORE0005,SKU0020,2024-01-11,0,0,0
STORE0005,SKU0020,2024-01-12,0,0,0
STORE0005,SKU0020,2024-01-13,0,1,0
STORE0005,SKU0020,2024-01-14,0,1,0
STORE0005,SKU0021,2024-01-01,0,0,0
STORE0005,SKU0021,2024-01-02,0,0,0
STORE0005,SKU0021,2024-01-03,0,0,0
STORE0005,SKU0021,2024-01-04,0,0,0
STORE0005,SKU0021,2024-01-05,0,0,0
STORE0005,SKU0021,2024-01-06,0,1,0
STORE0005,SKU0021,2024-01-07,0,1,0
STORE0005,SKU0021,2024-01-08,0,0,0
STORE0005,SKU0021,2024-01-09,0,0,0
STORE0005,SKU0021,2024-01-10,0,0,0
STORE0005,SKU0021,2024-01-11,0,0,0
STORE0005,SKU0021,2024-01-12,0,0,0
STORE0005,SKU0021,2024-01-13,0,1,0
STORE0005,SKU0021,2024-01-14,0,1,0
STORE0005,SKU0022,2024-01-01,0,0,0
STORE0005,SKU0022,2024-01-02,0,0,0
STORE0005,SKU0022,2024-01-03,0,0,0
STORE0005,SKU0022,2024-01-04,0,0,0
STORE0005,SKU0022,2024-01-05,0,0,0
STORE0005,SKU0022,2024-01-06,0,1,0
STORE0005,SKU0022,2024-01-07,0,1,0
STORE0005,SKU0022,2024-01-08,0,0,0
STORE0005,SKU0022,2024-01-09,0,0,0
STORE0005,SKU0022,2024-01-10,0,0,0
STORE0005,SKU0022,2024-01-11,0,0,0
STORE0005,SKU0022,2024-01-12,0,0,0
STORE0005,SKU0022,2024-01-13,0,1,0
STORE0005,SKU0022,2024-01-14,0,1,0
STORE0005,SKU0023,2024-01-01,0,0,0
STORE0005,SKU0023,2024-01-02,0,0,0
STORE0005,SKU0023,2024-01-03,0,0,0
STORE0005,SKU0023,2024-01-04,0,0,0
STORE0005,SKU0023,2024-01-05,0,0,0
STORE0005,SKU0023,2024-01-06,0,1,0
STORE0005,SKU0023,2024-01-07,0,1,0
STORE0005,SKU0023,2024-01-08,0,0,0
STORE0005,SKU0023,2024-01-09,0,0,0
STORE0005,SKU0023,2024-01-10,0,0,0
STORE0005,SKU0023,2024-01-11,0,0,0
STORE0005,SKU0023,2024-01-12,0,0,0
STORE0005,SKU0023,2024-01-13,0,1,0
STORE0005,SKU0023,2024-01-14,0,1,0
STORE0005,SKU0026,2024-01-01,0,0,0
STORE0005,SKU0026,2024-01-02,0,0,0
STORE0005,SKU0026,2024-01-03,0,0,0
STORE0005,SKU0026,2024-01-04,0,0,0
STORE0005,SKU0026,2024-01-05,0,0,0
STORE0005,SKU0026,2024-01-06,0,1,0
STORE0005,SKU0026,2024-01-07,0,1,0
STORE0005,SKU0026,2024-01-08,0,0,0
STORE0005,SKU0026,2024-01-09,0,0,0
STORE0005,SKU0026,2024-01-10,0,0,0
STORE0005,SKU0026,2024-01-11,0,0,0
STORE0005,SKU0026,2024-01-12,0,0,0
STORE0005,SKU0026,2024-01-13,0,1,0
STORE0005,SKU0026,2024-01-14,0,1,0
STORE0005,SKU0027,2024-01-01,0,0,0
STORE0005,SKU0027,2024-01-02,0,0,0
STORE0005,SKU0027,2024-01-03,0,0,0
STORE0005,SKU0027,2024-01-04,0,0,0
STORE0005,SKU0027,2024-01-05,0,0,0
STORE0005,SKU0027,2024-01-06,0,1,0
STORE0005,SKU0027,2024-01-07,0,1,0
STORE0005,SKU0027,2024-01-08,0,0,0
STORE0005,SKU0027,2024-01-09,0,0,0
STORE0005,SKU0027,2024-01-10,0,0,0
STORE0005,SKU0027,2024-01-11,0,0,0
STORE0005,SKU0027,2024-01-12,0,0,0
STORE0005,SKU0027,2024-01-13,0,1,0
STORE0005,SKU0027,2024-01-14,0,1,0
STORE0005,SKU0028,2024-01-01,0,0,0
STORE0005,SKU0028,2024-01-02,0,0,0
STORE0005,SKU0028,2024-01-03,0,0,0
STORE0005,SKU0028,2024-01-04,0,0,0
STORE0005,SKU0028,2024-01-05,0,0,0
STORE0005,SKU0028,2024-01-06,0,1,0
STORE0005,SKU0028,2024-01-07,0,1,0
STORE0005,SKU0028,2024-01-08,0,0,0
STORE0005,SKU0028,2024-01-09,0,0,0
STORE0005,SKU0028,2024-01-10,0,0,0
STORE0005,SKU0028,2024-01-11,0,0,0
STORE0005,SKU0028,2024-01-12,0,0,0
STORE0005,SKU0028,2024-01-13,0,1,0
STORE0005,SKU0028,2024-01-14,0,1,0
STORE0005,SKU0031,2024-01-01,0,0,0
STORE0005,SKU0031,2024-01-02,0,0,0
STORE0005,SKU0031,2024-01-03,0,0,0
STORE0005,SKU0031,2024-01-04,0,0,0
STORE0005,SKU0031,2024-01-05,0,0,0
STORE0005,SKU0031,2024-01-06,0,1,0
STORE0005,SKU0031,2024-01-07,0,1,0
STORE0005,SKU0031,2024-01-08,0,0,0
STORE0005,SKU0031,2024-01-09,0,0,0
STORE0005,SKU0031,2024-01-10,0,0,0
STORE0005,SKU0031,2024-01-11,0,0,0
STORE0005,SKU0031,2024-01-12,0,0,0
STORE0005,SKU0031,2024-01-13,0,1,0
STORE0005,SKU0031,2024-01-14,0,1,0
STORE0005,SKU0033,2024-01-01,0,0,0
STORE0005,SKU0033,2024-01-02,0,0,0
STORE0005,SKU0033,2024-01-03,0,0,0
STORE0005,SKU0033,2024-01-04,0,0,0
STORE0005,SKU0033,2024-01-05,0,0,0
STORE0005,SKU0033,2024-01-06,0,1,0
STORE0005,SKU0033,2024-01-07,0,1,0
STORE0005,SKU0033,2024-01-08,0,0,0
STORE0005,SKU0033,2024-01-09,0,0,0
STORE0005,SKU0033,2024-01-10,0,0,0
STORE0005,SKU0033,2024-01-11,0,0,0
STORE0005,SKU0033,2024-01-12,0,0,0
STORE0005,SKU0033,2024-01-13,0,1,0
STORE0005,SKU0033,2024-01-14,0,1,0
STORE0005,SKU0034,2024-01-01,0,0,0
STORE0005,SKU0034,2024-01-02,0,0,0
STORE0005,SKU0034,2024-01-03,0,0,0
STORE0005,SKU0034,2024-01-04,0,0,0
STORE0005,SKU0034,2024-01-05,0,0,0
STORE0005,SKU0034,2024-01-06,0,1,0
STORE0005,SKU0034,2024-01-07,0,1,0
STORE0005,SKU0034,2024-01-08,0,0,0
STORE0005,SKU0034,2024-01-09,0,0,0
STORE0005,SKU0034,2024-01-10,0,0,0
STORE0005,SKU0034,2024-01-11,0,0,0
STORE0005,SKU0034,2024-01-12,0,0,0
STORE0005,SKU0034,2024-01-13,0,1,0
STORE0005,SKU0034,2024-01-14,0,1,0
STORE0005,SKU0035,2024-01-01,0,0,0
STORE0005,SKU0035,2024-01-02,0,0,0
STORE0005,SKU0035,2024-01-03,0,0,0
STORE0005,SKU0035,2024-01-04,0,0,0
STORE0005,SKU0035,2024-01-05,0,0,0
STORE0005,SKU0035,2024-01-06,0,1,0
STORE0005,SKU0035,2024-01-07,0,1,0
STORE0005,SKU0035,2024-01-08,0,0,0
STORE0005,SKU0035,2024-01-09,0,0,0
STORE0005,SKU0035,2024-01-10,0,0,0
STORE0005,SKU0035,2024-01-11,0,0,0
STORE0005,SKU0035,2024-01-12,0,0,0
STORE0005,SKU0035,2024-01-13,0,1,0
STORE0005,SKU0035,2024-01-14,0,1,0
STORE0005,SKU0036,2024-01-01,0,0,0
STORE0005,SKU0036,2024-01-02,0,0,0
STORE0005,SKU0036,2024-01-03,0,0,0
STORE0005,SKU0036,2024-01-04,0,0,0
STORE0005,SKU0036,2024-01-05,0,0,0
STORE0005,SKU0036,2024-01-06,0,1,0
STORE0005,SKU0036,2024-01-07,0,1,0
STORE0005,SKU0036,2024-01-08,0,0,0
STORE0005,SKU0036,2024-01-09,0,0,0
STORE0005,SKU0036,2024-01-10,0,0,0
STORE0005,SKU0036,2024-01-11,0,0,0
STORE0005,SKU0036,2024-01-12,0,0,0
STORE0005,SKU0036,2024-01-13,0,1,0
STORE0005,SKU0036,2024-01-14,0,1,0
STORE0005,SKU0038,2024-01-01,0,0,0
STORE0005,SKU0038,2024-01-02,0,0,0
STORE0005,SKU0038,2024-01-03,0,0,0
STORE0005,SKU0038,2024-01-04,0,0,0
STORE0005,SKU0038,2024-01-05,0,0,0
STORE0005,SKU0038,2024-01-06,0,1,0
STORE0005,SKU0038,2024-01-07,0,1,0
STORE0005,SKU0038,2024-01-08,0,0,0
STORE0005,SKU0038,2024-01-09,0,0,0
STORE0005,SKU0038,2024-01-10,0,0,0
STORE0005,SKU0038,2024-01-11,0,0,0
STORE0005,SKU0038,2024-01-12,0,0,0
STORE0005,SKU0038,2024-01-13,0,1,0
STORE0005,SKU0038,2024-01-14,0,1,0
STORE0005,SKU0039,2024-01-01,0,0,0
STORE0005,SKU0039,2024-01-02,0,0,0
STORE0005,SKU0039,2024-01-03,0,0,0
STORE0005,SKU0039,2024-01-04,0,0,0
STORE0005,SKU0039,2024-01-05,0,0,0
STORE0005,SKU0039,2024-01-06,0,1,0
STORE0005,SKU0039,2024-01-07,0,1,0
STORE0005,SKU0039,2024-01-08,0,0,0
STORE0005,SKU0039,2024-01-09,0,0,0
STORE0005,SKU0039,2024-01-10,0,0,0
STORE0005,SKU0039,2024-01-11,0,0,0
STORE0005,SKU0039,2024-01-12,0,0,0
STORE0005,SKU0039,2024-01-13,0,1,0
STORE0005,SKU0039,2024-01-14,0,1,0
STORE0005,SKU0040,2024-01-01,0,0,0
STORE0005,SKU0040,2024-01-02,0,0,0
STORE0005,SKU0040,2024-01-03,0,0,0
STORE0005,SKU0040,2024-01-04,0,0,0
STORE0005,SKU0040,2024-01-05,0,0,0
STORE0005,SKU0040,2024-01-06,0,1,0
STORE0005,SKU0040,2024-01-07,0,1,0
STORE0005,SKU0040,2024-01-08,0,0,0
STORE0005,SKU0040,2024-01-09,0,0,0
STORE0005,SKU0040,2024-01-10,0,0,0
STORE0005,SKU0040,2024-01-11,0,0,0
STORE0005,SKU0040,2024-01-12,0,0,0
STORE0005,SKU0040,2024-01-13,0,1,0
STORE0005,SKU0040,2024-01-14,0,1,0
STORE0005,SKU0041,2024-01-01,0,0,0
STORE0005,SKU0041,2024-01-02,0,0,0
STORE0005,SKU0041,2024-01-03,0,0,0
STORE0005,SKU0041,2024-01-04,0,0,0
STORE0005,SKU0041,2024-01-05,0,0,0
STORE0005,SKU0041,2024-01-06,0,1,0
STORE0005,SKU0041,2024-01-07,0,1,0
STORE0005,SKU0041,2024-01-08,0,0,0
STORE0005,SKU0041,2024-01-09,0,0,0
STORE0005,SKU0041,2024-01-10,0,0,0
STORE0005,SKU0041,2024-01-11,0,0,0
STORE0005,SKU0041,2024-01-12,0,0,0
STORE0005,SKU0041,2024-01-13,0,1,0
STORE0005,SKU0041,2024-01-14,0,1,0
STORE0005,SKU0043,2024-01-01,0,0,0
STORE0005,SKU0043,2024-01-02,0,0,0
STORE0005,SKU0043,2024-01-03,0,0,0
STORE0005,SKU0043,2024-01-04,0,0,0
STORE0005,SKU0043,2024-01-05,0,0,0
STORE0005,SKU0043,2024-01-06,0,1,0
STORE0005,SKU0043,2024-01-07,0,1,0
STORE0005,SKU0043,2024-01-08,0,0,0
STORE0005,SKU0043,2024-01-09,0,0,0
STORE0005,SKU0043,2024-01-10,0,0,0
STORE0005,SKU0043,2024-01-11,0,0,0
STORE0005,SKU0043,2024-01-12,0,0,0
STORE0005,SKU0043,2024-01-13,0,1,0
STORE0005,SKU0043,2024-01-14,0,1,0
STORE0005,SKU0045,2024-01-01,0,0,0
STORE0005,SKU0045,2024-01-02,0,0,0
STORE0005,SKU0045,2024-01-03,0,0,0
STORE0005,SKU0045,2024-01-04,0,0,0
STORE0005,SKU0045,2024-01-05,0,0,0
STORE0005,SKU0045,2024-01-06,0,1,0
STORE0005,SKU0045,2024-01-07,0,1,0
STORE0005,SKU0045,2024-01-08,0,0,0
STORE0005,SKU0045,2024-01-09,0,0,0
STORE0005,SKU0045,2024-01-10,0,0,0
STORE0005,SKU0045,2024-01-11,0,0,0
STORE0005,SKU0045,2024-01-12,0,0,0
STORE0005,SKU0045,2024-01-13,0,1,0
STORE0005,SKU0045,2024-01-14,0,1,0
STORE0005,SKU0048,2024-01-01,0,0,0
STORE0005,SKU0048,2024-01-02,0,0,0
STORE0005,SKU0048,2024-01-03,0,0,0
STORE0005,SKU0048,2024-01-04,0,0,0
STORE0005,SKU0048,2024-01-05,0,0,0
STORE0005,SKU0048,2024-01-06,0,1,0
STORE0005,SKU0048,2024-01-07,0,1,0
STORE0005,SKU0048,2024-01-08,0,0,0
STORE0005,SKU0048,2024-01-09,0,0,0
STORE0005,SKU0048,2024-01-10,0,0,0
STORE0005,SKU0048,2024-01-11,0,0,0
STORE0005,SKU0048,2024-01-12,0,0,0
STORE0005,SKU0048,2024-01-13,0,1,0
STORE0005,SKU0048,2024-01-14,0,1,0
STORE0005,SKU0049,2024-01-01,0,0,0
STORE0005,SKU0049,2024-01-02,0,0,0
STORE0005,SKU0049,2024-01-03,0,0,0
STORE0005,SKU0049,2024-01-04,0,0,0
STORE0005,SKU0049,2024-01-05,0,0,0
STORE0005,SKU0049,2024-01-06,0,1,0
STORE0005,SKU0049,2024-01-07,0,1,0
STORE0005,SKU0049,2024-01-08,0,0,0
STORE0005,SKU0049,2024-01-09,0,0,0
STORE0005,SKU0049,2024-01-10,0,0,0
STORE0005,SKU0049,2024-01-11,0,0,0
STORE0005,SKU0049,2024-01-12,0,0,0
STORE0005,SKU0049,2024-01-13,0,1,0
STORE0005,SKU0049,2024-01-14,0,1,0
STORE0005,SKU0050,2024-01-01,0,0,0
STORE0005,SKU0050,2024-01-02,0,0,0
STORE0005,SKU0050,2024-01-03,0,0,0
STORE0005,SKU0050,2024-01-04,0,0,0
STORE0005,SKU0050,2024-01-05,0,0,0
STORE0005,SKU0050,2024-01-06,0,1,0
STORE0005,SKU0050,2024-01-07,0,1,0
STORE0005,SKU0050,2024-01-08,0,0,0
STORE0005,SKU0050,2024-01-09,0,0,0
STORE0005,SKU0050,2024-01-10,0,0,0
STORE0005,SKU0050,2024-01-11,0,0,0
STORE0005,SKU0050,2024-01-12,0,0,0
STORE0005,SKU0050,2024-01-13,0,1,0
STORE0005,SKU0050,2024-01-14,0,1,0
STORE0005,SKU0051,2024-01-01,0,0,0
STORE0005,SKU0051,2024-01-02,0,0,0
STORE0005,SKU0051,2024-01-03,0,0,0
STORE0005,SKU0051,2024-01-04,0,0,0
STORE0005,SKU0051,2024-01-05,0,0,0
STORE0005,SKU0051,2024-01-06,0,1,0
STORE0005,SKU0051,2024-01-07,0,1,0
STORE0005,SKU0051,2024-01-08,0,0,0
STORE0005,SKU0051,2024-01-09,0,0,0
STORE0005,SKU0051,2024-01-10,0,0,0
STORE0005,SKU0051,2024-01-11,0,0,0
STORE0005,SKU0051,2024-01-12,0,0,0
STORE0005,SKU0051,2024-01-13,0,1,0
STORE0005,SKU0051,2024-01-14,0,1,0
STORE0005,SKU0052,2024-01-01,0,0,0
STORE0005,SKU0052,2024-01-02,0,0,0
STORE0005,SKU0052,2024-01-03,0,0,0
STORE0005,SKU0052,2024-01-04,0,0,0
STORE0005,SKU0052,2024-01-05,0,0,0
STORE0005,SKU0052,2024-01-06,0,1,0
STORE0005,SKU0052,2024-01-07,0,1,0
STORE0005,SKU0052,2024-01-08,0,0,0
STORE0005,SKU0052,2024-01-09,0,0,0
STORE0005,SKU0052,2024-01-10,0,0,0
STORE0005,SKU0052,2024-01-11,0,0,0
STORE0005,SKU0052,2024-01-12,0,0,0
STORE0005,SKU0052,2024-01-13,0,1,0
STORE0005,SKU0052,2024-01-14,0,1,0
STORE0005,SKU0053,2024-01-01,0,0,0
STORE0005,SKU0053,2024-01-02,0,0,0
STORE0005,SKU0053,2024-01-03,0,0,0
STORE0005,SKU0053,2024-01-04,0,0,0
STORE0005,SKU0053,2024-01-05,0,0,0
STORE0005,SKU0053,2024-01-06,0,1,0
STORE0005,SKU0053,2024-01-07,0,1,0
STORE0005,SKU0053,2024-01-08,0,0,0
STORE0005,SKU0053,2024-01-09,0,0,0
STORE0005,SKU0053,2024-01-10,0,0,0
STORE0005,SKU0053,2024-01-11,0,0,0
STORE0005,SKU0053,2024-01-12,0,0,0
STORE0005,SKU0053,2024-01-13,0,1,0
STORE0005,SKU0053,2024-01-14,0,1,0
STORE0005,SKU0054,2024-01-01,0,0,0
STORE0005,SKU0054,2024-01-02,0,0,0
STORE0005,SKU0054,2024-01-03,0,0,0
STORE0005,SKU0054,2024-01-04,0,0,0
STORE0005,SKU0054,2024-01-05,0,0,0
STORE0005,SKU0054,2024-01-06,0,1,0
STORE0005,SKU0054,2024-01-07,0,1,0
STORE0005,SKU0054,2024-01-08,0,0,0
STORE0005,SKU0054,2024-01-09,0,0,0
STORE0005,SKU0054,2024-01-10,0,0,0
STORE0005,SKU0054,2024-01-11,0,0,0
STORE0005,SKU0054,2024-01-12,0,0,0
STORE0005,SKU0054,2024-01-13,0,1,0
STORE0005,SKU0054,2024-01-14,0,1,0
STORE0005,SKU0055,2024-01-01,0,0,0
STORE0005,SKU0055,2024-01-02,0,0,0
STORE0005,SKU0055,2024-01-03,0,0,0
STORE0005,SKU0055,2024-01-04,0,0,0
STORE0005,SKU0055,2024-01-05,0,0,0
STORE0005,SKU0055,2024-01-06,0,1,0
STORE0005,SKU0055,2024-01-07,0,1,0
STORE0005,SKU0055,2024-01-08,0,0,0
STORE0005,SKU0055,2024-01-09,0,0,0
STORE0005,SKU0055,2024-01-10,0,0,0
STORE0005,SKU0055,2024-01-11,0,0,0
STORE0005,SKU0055,2024-01-12,0,0,0
STORE0005,SKU0055,2024-01-13,0,1,0
STORE0005,SKU0055,2024-01-14,0,1,0
STORE0005,SKU0056,2024-01-01,0,0,0
STORE0005,SKU0056,2024-01-02,0,0,0
STORE0005,SKU0056,2024-01-03,0,0,0
STORE0005,SKU0056,2024-01-04,0,0,0
STORE0005,SKU0056,2024-01-05,0,0,0
STORE0005,SKU0056,2024-01-06,0,1,0
STORE0005,SKU0056,2024-01-07,0,1,0
STORE0005,SKU0056,2024-01-08,0,0,0
STORE0005,SKU0056,2024-01-09,0,0,0
STORE0005,SKU0056,2024-01-10,0,0,0
STORE0005,SKU0056,2024-01-11,0,0,0
STORE0005,SKU0056,2024-01-12,0,0,0
STORE0005,SKU0056,2024-01-13,0,1,0
STORE0005,SKU0056,2024-01-14,0,1,0
STORE0005,SKU0057,2024-01-01,0,0,0
STORE0005,SKU0057,2024-01-02,0,0,0
STORE0005,SKU0057,2024-01-03,0,0,0
STORE0005,SKU0057,2024-01-04,0,0,0
STORE0005,SKU0057,2024-01-05,0,0,0
STORE0005,SKU0057,2024-01-06,0,1,0
STORE0005,SKU0057,2024-01-07,0,1,0
STORE0005,SKU0057,2024-01-08,0,0,0
STORE0005,SKU0057,2024-01-09,0,0,0
STORE0005,SKU0057,2024-01-10,0,0,0
STORE0005,SKU0057,2024-01-11,0,0,0
STORE0005,SKU0057,2024-01-12,0,0,0
STORE0005,SKU0057,2024-01-13,0,1,0
STORE0005,SKU0057,2024-01-14,0,1,0
STORE0005,SKU0058,2024-01-01,0,0,0
STORE0005,SKU0058,2024-01-02,0,0,0
STORE0005,SKU0058,2024-01-03,0,0,0
STORE0005,SKU0058,2024-01-04,0,0,0
STORE0005,SKU0058,2024-01-05,0,0,0
STORE0005,SKU0058,2024-01-06,0,1,0
STORE0005,SKU0058,2024-01-07,0,1,0
STORE0005,SKU0058,2024-01-08,0,0,0
STORE0005,SKU0058,2024-01-09,0,0,0
STORE0005,SKU0058,2024-01-10,0,0,0
STORE0005,SKU0058,2024-01-11,0,0,0
STORE0005,SKU0058,2024-01-12,0,0,0
STORE0005,SKU0058,2024-01-13,0,1,0
STORE0005,SKU0058,2024-01-14,0,1,0
STORE0005,SKU0060,2024-01-01,0,0,0
STORE0005,SKU0060,2024-01-02,0,0,0
STORE0005,SKU0060,2024-01-03,0,0,0
STORE0005,SKU0060,2024-01-04,0,0,0
STORE0005,SKU0060,2024-01-05,0,0,0
STORE0005,SKU0060,2024-01-06,0,1,0
STORE0005,SKU0060,2024-01-07,0,1,0
STORE0005,SKU0060,2024-01-08,0,0,0
STORE0005,SKU0060,2024-01-09,0,0,0
STORE0005,SKU0060,2024-01-10,0,0,0
STORE0005,SKU0060,2024-01-11,0,0,0
STORE0005,SKU0060,2024-01-12,0,0,0
STORE0005,SKU0060,2024-01-13,0,1,0
STORE0005,SKU0060,2024-01-14,0,1,0
STORE0005,SKU0062,2024-01-01,0,0,0
STORE0005,SKU0062,2024-01-02,0,0,0
STORE0005,SKU0062,2024-01-03,0,0,0
STORE0005,SKU0062,2024-01-04,0,0,0
STORE0005,SKU0062,2024-01-05,0,0,0
STORE0005,SKU0062,2024-01-06,0,1,0
STORE0005,SKU0062,2024-01-07,0,1,0
STORE0005,SKU0062,2024-01-08,0,0,0
STORE0005,SKU0062,2024-01-09,0,0,0
STORE0005,SKU0062,2024-01-10,0,0,0
STORE0005,SKU0062,2024-01-11,0,0,0
STORE0005,SKU0062,2024-01-12,0,0,0
STORE0005,SKU0062,2024-01-13,0,1,0
STORE0005,SKU0062,2024-01-14,0,1,0
STORE0005,SKU0063,2024-01-01,0,0,0
STORE0005,SKU0063,2024-01-02,0,0,0
STORE0005,SKU0063,2024-01-03,0,0,0
STORE0005,SKU0063,2024-01-04,0,0,0
STORE0005,SKU0063,2024-01-05,0,0,0
STORE0005,SKU0063,2024-01-06,0,1,0
STORE0005,SKU0063,2024-01-07,0,1,0
STORE0005,SKU0063,2024-01-08,0,0,0
STORE0005,SKU0063,2024-01-09,0,0,0
STORE0005,SKU0063,2024-01-10,0,0,0
STORE0005,SKU0063,2024-01-11,0,0,0
STORE0005,SKU0063,2024-01-12,0,0,0
STORE0005,SKU0063,2024-01-13,0,1,0
STORE0005,SKU0063,2024-01-14,0,1,0
STORE0005,SKU0064,2024-01-01,0,0,0
STORE0005,SKU0064,2024-01-02,0,0,0
STORE0005,SKU0064,2024-01-03,0,0,0
STORE0005,SKU0064,2024-01-04,0,0,0
STORE0005,SKU0064,2024-01-05,0,0,0
STORE0005,SKU0064,2024-01-06,0,1,0
STORE0005,SKU0064,2024-01-07,0,1,0
STORE0005,SKU0064,2024-01-08,0,0,0
STORE0005,SKU0064,2024-01-09,0,0,0
STORE0005,SKU0064,2024-01-10,0,0,0
STORE0005,SKU0064,2024-01-11,0,0,0
STORE0005,SKU0064,2024-01-12,0,0,0
STORE0005,SKU0064,2024-01-13,0,1,0
STORE0005,SKU0064,2024-01-14,0,1,0
STORE0005,SKU0066,2024-01-01,0,0,0
STORE0005,SKU0066,2024-01-02,0,0,0
STORE0005,SKU0066,2024-01-03,0,0,0
STORE0005,SKU0066,2024-01-04,0,0,0
STORE0005,SKU0066,2024-01-05,0,0,0
STORE0005,SKU0066,2024-01-06,0,1,0
STORE0005,SKU0066,2024-01-07,0,1,0
STORE0005,SKU0066,2024-01-08,0,0,0
STORE0005,SKU0066,2024-01-09,0,0,0
STORE0005,SKU0066,2024-01-10,0,0,0
STORE0005,SKU0066,2024-01-11,0,0,0
STORE0005,SKU0066,2024-01-12,0,0,0
STORE0005,SKU0066,2024-01-13,0,1,0
STORE0005,SKU0066,2024-01-14,0,1,0
STORE0005,SKU0067,2024-01-01,0,0,0
STORE0005,SKU0067,2024-01-02,0,0,0
STORE0005,SKU0067,2024-01-03,0,0,0
STORE0005,SKU0067,2024-01-04,0,0,0
STORE0005,SKU0067,2024-01-05,0,0,0
STORE0005,SKU0067,2024-01-06,0,1,0
STORE0005,SKU0067,2024-01-07,0,1,0
STORE0005,SKU0067,2024-01-08,0,0,0
STORE0005,SKU0067,2024-01-09,0,0,0
STORE0005,SKU0067,2024-01-10,0,0,0
STORE0005,SKU0067,2024-01-11,0,0,0
STORE0005,SKU0067,2024-01-12,0,0,0
STORE0005,SKU0067,2024-01-13,0,1,0
STORE0005,SKU0067,2024-01-14,0,1,0
STORE0005,SKU0068,2024-01-01,0,0,0
STORE0005,SKU0068,2024-01-02,0,0,0
STORE0005,SKU0068,2024-01-03,0,0,0
STORE0005,SKU0068,2024-01-04,0,0,0
STORE0005,SKU0068,2024-01-05,0,0,0
STORE0005,SKU0068,2024-01-06,0,1,0
STORE0005,SKU0068,2024-01-07,0,1,0
STORE0005,SKU0068,2024-01-08,0,0,0
STORE0005,SKU0068,2024-01-09,0,0,0
STORE0005,SKU0068,2024-01-10,0,0,0
STORE0005,SKU0068,2024-01-11,0,0,0
STORE0005,SKU0068,2024-01-12,0,0,0
STORE0005,SKU0068,2024-01-13,0,1,0
STORE0005,SKU0068,2024-01-14,0,1,0
STORE0005,SKU0070,2024-01-01,0,0,0
STORE0005,SKU0070,2024-01-02,0,0,0
STORE0005,SKU0070,2024-01-03,0,0,0
STORE0005,SKU0070,2024-01-04,0,0,0
STORE0005,SKU0070,2024-01-05,0,0,0
STORE0005,SKU0070,2024-01-06,0,1,0
STORE0005,SKU0070,2024-01-07,0,1,0
STORE0005,SKU0070,2024-01-08,0,0,0
STORE0005,SKU0070,2024-01-09,0,0,0
STORE0005,SKU0070,2024-01-10,0,0,0
STORE0005,SKU0070,2024-01-11,0,0,0
STORE0005,SKU0070,2024-01-12,0,0,0
STORE0005,SKU0070,2024-01-13,0,1,0
STORE0005,SKU0070,2024-01-14,0,1,0
STORE0005,SKU0071,2024-01-01,0,0,0
STORE0005,SKU0071,2024-01-02,0,0,0
STORE0005,SKU0071,2024-01-03,0,0,0
STORE0005,SKU0071,2024-01-04,0,0,0
STORE0005,SKU0071,2024-01-05,0,0,0
STORE0005,SKU0071,2024-01-06,0,1,0
STORE0005,SKU0071,2024-01-07,0,1,0
STORE0005,SKU0071,2024-01-08,0,0,0
STORE0005,SKU0071,2024-01-09,0,0,0
STORE0005,SKU0071,2024-01-10,0,0,0
STORE0005,SKU0071,2024-01-11,0,0,0
STORE0005,SKU0071,2024-01-12,0,0,0
STORE0005,SKU0071,2024-01-13,0,1,0
STORE0005,SKU0071,2024-01-14,0,1,0
STORE0005,SKU0072,2024-01-01,0,0,0
STORE0005,SKU0072,2024-01-02,0,0,0
STORE0005,SKU0072,2024-01-03,0,0,0
STORE0005,SKU0072,2024-01-04,0,0,0
STORE0005,SKU0072,2024-01-05,0,0,0
STORE0005,SKU0072,2024-01-06,0,1,0
STORE0005,SKU0072,2024-01-07,0,1,0
STORE0005,SKU0072,2024-01-08,0,0,0
STORE0005,SKU0072,2024-01-09,0,0,0
STORE0005,SKU0072,2024-01-10,0,0,0
STORE0005,SKU0072,2024-01-11,0,0,0
STORE0005,SKU0072,2024-01-12,0,0,0
STORE0005,SKU0072,2024-01-13,0,1,0
STORE0005,SKU0072,2024-01-14,0,1,0
STORE0005,SKU0073,2024-01-01,0,0,0
STORE0005,SKU0073,2024-01-02,0,0,0
STORE0005,SKU0073,2024-01-03,0,0,0
STORE0005,SKU0073,2024-01-04,0,0,0
STORE0005,SKU0073,2024-01-05,0,0,0
STORE0005,SKU0073,2024-01-06,0,1,0
STORE0005,SKU0073,2024-01-07,0,1,0
STORE0005,SKU0073,2024-01-08,0,0,0
STORE0005,SKU0073,2024-01-09,0,0,0
STORE0005,SKU0073,2024-01-10,0,0,0
STORE0005,SKU0073,2024-01-11,0,0,0
STORE0005,SKU0073,2024-01-12,0,0,0
STORE0005,SKU0073,2024-01-13,0,1,0
STORE0005,SKU0073,2024-01-14,0,1,0
STORE0005,SKU0074,2024-01-01,0,0,0
STORE0005,SKU0074,2024-01-02,0,0,0
STORE0005,SKU0074,2024-01-03,0,0,0
STORE0005,SKU0074,2024-01-04,0,0,0
STORE0005,SKU0074,2024-01-05,0,0,0
STORE0005,SKU0074,2024-01-06,0,1,0
STORE0005,SKU0074,2024-01-07,0,1,0
STORE0005,SKU0074,2024-01-08,0,0,0
STORE0005,SKU0074,2024-01-09,0,0,0
STORE0005,SKU0074,2024-01-10,0,0,0
STORE0005,SKU0074,2024-01-11,0,0,0
STORE0005,SKU0074,2024-01-12,0,0,0
STORE0005,SKU0074,2024-01-13,0,1,0
STORE0005,SKU0074,2024-01-14,0,1,0
STORE0005,SKU0075,2024-01-01,0,0,0
STORE0005,SKU0075,2024-01-02,0,0,0
STORE0005,SKU0075,2024-01-03,0,0,0
STORE0005,SKU0075,2024-01-04,0,0,0
STORE0005,SKU0075,2024-01-05,0,0,0
STORE0005,SKU0075,2024-01-06,0,1,0
STORE0005,SKU0075,2024-01-07,0,1,0
STORE0005,SKU0075,2024-01-08,0,0,0
STORE0005,SKU0075,2024-01-09,0,0,0
STORE0005,SKU0075,2024-01-10,0,0,0
STORE0005,SKU0075,2024-01-11,0,0,0
STORE0005,SKU0075,2024-01-12,0,0,0
STORE0005,SKU0075,2024-01-13,0,1,0
STORE0005,SKU0075,2024-01-14,0,1,0
STORE0005,SKU0076,2024-01-01,0,0,0
STORE0005,SKU0076,2024-01-02,0,0,0
STORE0005,SKU0076,2024-01-03,0,0,0
STORE0005,SKU0076,2024-01-04,0,0,0
STORE0005,SKU0076,2024-01-05,0,0,0
STORE0005,SKU0076,2024-01-06,0,1,0
STORE0005,SKU0076,2024-01-07,0,1,0
STORE0005,SKU0076,2024-01-08,0,0,0
STORE0005,SKU0076,2024-01-09,0,0,0
STORE0005,SKU0076,2024-01-10,0,0,0
STORE0005,SKU0076,2024-01-11,0,0,0
STORE0005,SKU0076,2024-01-12,0,0,0
STORE0005,SKU0076,2024-01-13,0,1,0
STORE0005,SKU0076,2024-01-14,0,1,0
STORE0005,SKU0077,2024-01-01,0,0,0
STORE0005,SKU0077,2024-01-02,0,0,0
STORE0005,SKU0077,2024-01-03,0,0,0
STORE0005,SKU0077,2024-01-04,0,0,0
STORE0005,SKU0077,2024-01-05,0,0,0
STORE0005,SKU0077,2024-01-06,0,1,0
STORE0005,SKU0077,2024-01-07,0,1,0
STORE0005,SKU0077,2024-01-08,0,0,0
STORE0005,SKU0077,2024-01-09,0,0,0
STORE0005,SKU0077,2024-01-10,0,0,0
STORE0005,SKU0077,2024-01-11,0,0,0
STORE0005,SKU0077,2024-01-12,0,0,0
STORE0005,SKU0077,2024-01-13,0,1,0
STORE0005,SKU0077,2024-01-14,0,1,0
STORE0005,SKU0079,2024-01-01,0,0,0
STORE0005,SKU0079,2024-01-02,0,0,0
STORE0005,SKU0079,2024-01-03,0,0,0
STORE0005,SKU0079,2024-01-04,0,0,0
STORE0005,SKU0079,2024-01-05,0,0,0
STORE0005,SKU0079,2024-01-06,0,1,0
STORE0005,SKU0079,2024-01-07,0,1,0
STORE0005,SKU0079,2024-01-08,0,0,0
STORE0005,SKU0079,2024-01-09,0,0,0
STORE0005,SKU0079,2024-01-10,0,0,0
STORE0005,SKU0079,2024-01-11,0,0,0
STORE0005,SKU0079,2024-01-12,0,0,0
STORE0005,SKU0079,2024-01-13,0,1,0
STORE0005,SKU0079,2024-01-14,0,1,0
STORE0005,SKU0080,2024-01-01,0,0,0
STORE0005,SKU0080,2024-01-02,0,0,0
STORE0005,SKU0080,2024-01-03,0,0,0
STORE0005,SKU0080,2024-01-04,0,0,0
STORE0005,SKU0080,2024-01-05,0,0,0
STORE0005,SKU0080,2024-01-06,0,1,0
STORE0005,SKU0080,2024-01-07,0,1,0
STORE0005,SKU0080,2024-01-08,0,0,0
STORE0005,SKU0080,2024-01-09,0,0,0
STORE0005,SKU0080,2024-01-10,0,0,0
STORE0005,SKU0080,2024-01-11,0,0,0
STORE0005,SKU0080,2024-01-12,0,0,0
STORE0005,SKU0080,2024-01-13,0,1,0
STORE0005,SKU0080,2024-01-14,0,1,0
STORE0005,SKU0081,2024-01-01,0,0,0
STORE0005,SKU0081,2024-01-02,0,0,0
STORE0005,SKU0081,2024-01-03,0,0,0
STORE0005,SKU0081,2024-01-04,0,0,0
STORE0005,SKU0081,2024-01-05,0,0,0
STORE0005,SKU0081,2024-01-06,0,1,0
STORE0005,SKU0081,2024-01-07,0,1,0
STORE0005,SKU0081,2024-01-08,0,0,0
STORE0005,SKU0081,2024-01-09,0,0,0
STORE0005,SKU0081,2024-01-10,0,0,0
STORE0005,SKU0081,2024-01-11,0,0,0
STORE0005,SKU0081,2024-01-12,0,0,0
STORE0005,SKU0081,2024-01-13,0,1,0
STORE0005,SKU0081,2024-01-14,0,1,0
STORE0005,SKU0082,2024-01-01,0,0,0
STORE0005,SKU0082,2024-01-02,0,0,0
STORE0005,SKU0082,2024-01-03,0,0,0
STORE0005,SKU0082,2024-01-04,0,0,0
STORE0005,SKU0082,2024-01-05,0,0,0
STORE0005,SKU0082,2024-01-06,0,1,0
STORE0005,SKU0082,2024-01-07,0,1,0
STORE0005,SKU0082,2024-01-08,0,0,0
STORE0005,SKU0082,2024-01-09,0,0,0
STORE0005,SKU0082,2024-01-10,0,0,0
STORE0005,SKU0082,2024-01-11,0,0,0
STORE0005,SKU0082,2024-01-12,0,0,0
STORE0005,SKU0082,2024-01-13,0,1,0
STORE0005,SKU0082,2024-01-14,0,1,0
STORE0005,SKU0083,2024-01-01,0,0,0
STORE0005,SKU0083,2024-01-02,0,0,0
STORE0005,SKU0083,2024-01-03,0,0,0
STORE0005,SKU0083,2024-01-04,0,0,0
STORE0005,SKU0083,2024-01-05,0,0,0
STORE0005,SKU0083,2024-01-06,0,1,0
STORE0005,SKU0083,2024-01-07,0,1,0
STORE0005,SKU0083,2024-01-08,0,0,0
STORE0005,SKU0083,2024-01-09,0,0,0
STORE0005,SKU0083,2024-01-10,0,0,0
STORE0005,SKU0083,2024-01-11,0,0,0
STORE0005,SKU0083,2024-01-12,0,0,0
STORE0005,SKU0083,2024-01-13,0,1,0
STORE0005,SKU0083,2024-01-14,0,1,0
STORE0005,SKU0084,2024-01-01,0,0,0
STORE0005,SKU0084,2024-01-02,0,0,0
STORE0005,SKU0084,2024-01-03,0,0,0
STORE0005,SKU0084,2024-01-04,0,0,0
STORE0005,SKU0084,2024-01-05,0,0,0
STORE0005,SKU0084,2024-01-06,0,1,0
STORE0005,SKU0084,2024-01-07,0,1,0
STORE0005,SKU0084,2024-01-08,0,0,0
STORE0005,SKU0084,2024-01-09,0,0,0
STORE0005,SKU0084,2024-01-10,0,0,0
STORE0005,SKU0084,2024-01-11,0,0,0
STORE0005,SKU0084,2024-01-12,0,0,0
STORE0005,SKU0084,2024-01-13,0,1,0
STORE0005,SKU0084,2024-01-14,0,1,0
STORE0005,SKU0085,2024-01-01,0,0,0
STORE0005,SKU0085,2024-01-02,0,0,0
STORE0005,SKU0085,2024-01-03,0,0,0
STORE0005,SKU0085,2024-01-04,0,0,0
STORE0005,SKU0085,2024-01-05,0,0,0
STORE0005,SKU0085,2024-01-06,0,1,0
STORE0005,SKU0085,2024-01-07,0,1,0
STORE0005,SKU0085,2024-01-08,0,0,0
STORE0005,SKU0085,2024-01-09,0,0,0
STORE0005,SKU0085,2024-01-10,0,0,0
STORE0005,SKU0085,2024-01-11,0,0,0
STORE0005,SKU0085,2024-01-12,0,0,0
STORE0005,SKU0085,2024-01-13,0,1,0
STORE0005,SKU0085,2024-01-14,0,1,0
STORE0005,SKU0086,2024-01-01,0,0,0
STORE0005,SKU0086,2024-01-02,0,0,0
STORE0005,SKU0086,2024-01-03,0,0,0
STORE0005,SKU0086,2024-01-04,0,0,0
STORE0005,SKU0086,2024-01-05,0,0,0
STORE0005,SKU0086,2024-01-06,0,1,0
STORE0005,SKU0086,2024-01-07,0,1,0
STORE0005,SKU0086,2024-01-08,0,0,0
STORE0005,SKU0086,2024-01-09,0,0,0
STORE0005,SKU0086,2024-01-10,0,0,0
STORE0005,SKU0086,2024-01-11,0,0,0
STORE0005,SKU0086,2024-01-12,0,0,0
STORE0005,SKU0086,2024-01-13,0,1,0
STORE0005,SKU0086,2024-01-14,0,1,0
STORE0005,SKU0087,2024-01-01,0,0,0
STORE0005,SKU0087,2024-01-02,0,0,0
STORE0005,SKU0087,2024-01-03,0,0,0
STORE0005,SKU0087,2024-01-04,0,0,0
STORE0005,SKU0087,2024-01-05,0,0,0
STORE0005,SKU0087,2024-01-06,0,1,0
STORE0005,SKU0087,2024-01-07,0,1,0
STORE0005,SKU0087,2024-01-08,0,0,0
STORE0005,SKU0087,2024-01-09,0,0,0
STORE0005,SKU0087,2024-01-10,0,0,0
STORE0005,SKU0087,2024-01-11,0,0,0
STORE0005,SKU0087,2024-01-12,0,0,0
STORE0005,SKU0087,2024-01-13,0,1,0
STORE0005,SKU0087,2024-01-14,0,1,0
STORE0005,SKU0088,2024-01-01,0,0,0
STORE0005,SKU0088,2024-01-02,0,0,0
STORE0005,SKU0088,2024-01-03,0,0,0
STORE0005,SKU0088,2024-01-04,0,0,0
STORE0005,SKU0088,2024-01-05,0,0,0
STORE0005,SKU0088,2024-01-06,0,1,0
STORE0005,SKU0088,2024-01-07,0,1,0
STORE0005,SKU0088,2024-01-08,0,0,0
STORE0005,SKU0088,2024-01-09,0,0,0
STORE0005,SKU0088,2024-01-10,0,0,0
STORE0005,SKU0088,2024-01-11,0,0,0
STORE0005,SKU0088,2024-01-12,0,0,0
STORE0005,SKU0088,2024-01-13,0,1,0
STORE0005,SKU0088,2024-01-14,0,1,0
STORE0005,SKU0089,2024-01-01,0,0,0
STORE0005,SKU0089,2024-01-02,0,0,0
STORE0005,SKU0089,2024-01-03,0,0,0
STORE0005,SKU0089,2024-01-04,0,0,0
STORE0005,SKU0089,2024-01-05,0,0,0
STORE0005,SKU0089,2024-01-06,0,1,0
STORE0005,SKU0089,2024-01-07,0,1,0
STORE0005,SKU0089,2024-01-08,0,0,0
STORE0005,SKU0089,2024-01-09,0,0,0
STORE0005,SKU0089,2024-01-10,0,0,0
STORE0005,SKU0089,2024-01-11,0,0,0
STORE0005,SKU0089,2024-01-12,0,0,0
STORE0005,SKU0089,2024-01-13,0,1,0
STORE0005,SKU0089,2024-01-14,0,1,0
STORE0005,SKU0091,2024-01-01,0,0,0
STORE0005,SKU0091,2024-01-02,0,0,0
STORE0005,SKU0091,2024-01-03,0,0,0
STORE0005,SKU0091,2024-01-04,0,0,0
STORE0005,SKU0091,2024-01-05,0,0,0
STORE0005,SKU0091,2024-01-06,0,1,0
STORE0005,SKU0091,2024-01-07,0,1,0
STORE0005,SKU0091,2024-01-08,0,0,0
STORE0005,SKU0091,2024-01-09,0,0,0
STORE0005,SKU0091,2024-01-10,0,0,0
STORE0005,SKU0091,2024-01-11,0,0,0
STORE0005,SKU0091,2024-01-12,0,0,0
STORE0005,SKU0091,2024-01-13,0,1,0
STORE0005,SKU0091,2024-01-14,0,1,0
STORE0005,SKU0094,2024-01-01,0,0,0
STORE0005,SKU0094,2024-01-02,0,0,0
STORE0005,SKU0094,2024-01-03,0,0,0
STORE0005,SKU0094,2024-01-04,0,0,0
STORE0005,SKU0094,2024-01-05,0,0,0
STORE0005,SKU0094,2024-01-06,0,1,0
STORE0005,SKU0094,2024-01-07,0,1,0
STORE0005,SKU0094,2024-01-08,0,0,0
STORE0005,SKU0094,2024-01-09,0,0,0
STORE0005,SKU0094,2024-01-10,0,0,0
STORE0005,SKU0094,2024-01-11,0,0,0
STORE0005,SKU0094,2024-01-12,0,0,0
STORE0005,SKU0094,2024-01-13,0,1,0
STORE0005,SKU0094,2024-01-14,0,1,0
STORE0005,SKU0095,2024-01-01,0,0,0
STORE0005,SKU0095,2024-01-02,0,0,0
STORE0005,SKU0095,2024-01-03,0,0,0
STORE0005,SKU0095,2024-01-04,0,0,0
STORE0005,SKU0095,2024-01-05,0,0,0
STORE0005,SKU0095,2024-01-06,0,1,0
STORE0005,SKU0095,2024-01-07,0,1,0
STORE0005,SKU0095,2024-01-08,0,0,0
STORE0005,SKU0095,2024-01-09,0,0,0
STORE0005,SKU0095,2024-01-10,0,0,0
STORE0005,SKU0095,2024-01-11,0,0,0
STORE0005,SKU0095,2024-01-12,0,0,0
STORE0005,SKU0095,2024-01-13,0,1,0
STORE0005,SKU0095,2024-01-14,0,1,0
STORE0005,SKU0096,2024-01-01,0,0,0
STORE0005,SKU0096,2024-01-02,0,0,0
STORE0005,SKU0096,2024-01-03,0,0,0
STORE0005,SKU0096,2024-01-04,0,0,0
STORE0005,SKU0096,2024-01-05,0,0,0
STORE0005,SKU0096,2024-01-06,0,1,0
STORE0005,SKU0096,2024-01-07,0,1,0
STORE0005,SKU0096,2024-01-08,0,0,0
STORE0005,SKU0096,2024-01-09,0,0,0
STORE0005,SKU0096,2024-01-10,0,0,0
STORE0005,SKU0096,2024-01-11,0,0,0
STORE0005,SKU0096,2024-01-12,0,0,0
STORE0005,SKU0096,2024-01-13,0,1,0
STORE0005,SKU0096,2024-01-14,0,1,0
STORE0005,SKU0098,2024-01-01,0,0,0
STORE0005,SKU0098,2024-01-02,0,0,0
STORE0005,SKU0098,2024-01-03,0,0,0
STORE0005,SKU0098,2024-01-04,0,0,0
STORE0005,SKU0098,2024-01-05,0,0,0
STORE0005,SKU0098,2024-01-06,0,1,0
STORE0005,SKU0098,2024-01-07,0,1,0
STORE0005,SKU0098,2024-01-08,0,0,0
STORE0005,SKU0098,2024-01-09,0,0,0
STORE0005,SKU0098,2024-01-10,0,0,0
STORE0005,SKU0098,2024-01-11,0,0,0
STORE0005,SKU0098,2024-01-12,0,0,0
STORE0005,SKU0098,2024-01-13,0,1,0
STORE0005,SKU0098,2024-01-14,0,1,0
STORE0005,SKU0100,2024-01-01,0,0,0
STORE0005,SKU0100,2024-01-02,0,0,0
STORE0005,SKU0100,2024-01-03,0,0,0
STORE0005,SKU0100,2024-01-04,0,0,0
STORE0005,SKU0100,2024-01-05,0,0,0
STORE0005,SKU0100,2024-01-06,0,1,0
STORE0005,SKU0100,2024-01-07,0,1,0
STORE0005,SKU0100,2024-01-08,0,0,0
STORE0005,SKU0100,2024-01-09,0,0,0
STORE0005,SKU0100,2024-01-10,0,0,0
STORE0005,SKU0100,2024-01-11,0,0,0
STORE0005,SKU0100,2024-01-12,0,0,0
STORE0005,SKU0100,2024-01-13,0,1,0
STORE0005,SKU0100,2024-01-14,0,1,0
STORE0005,SKU0101,2024-01-01,0,0,0
STORE0005,SKU0101,2024-01-02,0,0,0
STORE0005,SKU0101,2024-01-03,0,0,0
STORE0005,SKU0101,2024-01-04,0,0,0
STORE0005,SKU0101,2024-01-05,0,0,0
STORE0005,SKU0101,2024-01-06,0,1,0
STORE0005,SKU0101,2024-01-07,0,1,0
STORE0005,SKU0101,2024-01-08,0,0,0
STORE0005,SKU0101,2024-01-09,0,0,0
STORE0005,SKU0101,2024-01-10,0,0,0
STORE0005,SKU0101,2024-01-11,0,0,0
STORE0005,SKU0101,2024-01-12,0,0,0
STORE0005,SKU0101,2024-01-13,0,1,0
STORE0005,SKU0101,2024-01-14,0,1,0
STORE0005,SKU0102,2024-01-01,0,0,0
STORE0005,SKU0102,2024-01-02,0,0,0
STORE0005,SKU0102,2024-01-03,0,0,0
STORE0005,SKU0102,2024-01-04,0,0,0
STORE0005,SKU0102,2024-01-05,0,0,0
STORE0005,SKU0102,2024-01-06,0,1,0
STORE0005,SKU0102,2024-01-07,0,1,0
STORE0005,SKU0102,2024-01-08,0,0,0
STORE0005,SKU0102,2024-01-09,0,0,0
STORE0005,SKU0102,2024-01-10,0,0,0
STORE0005,SKU0102,2024-01-11,0,0,0
STORE0005,SKU0102,2024-01-12,0,0,0
STORE0005,SKU0102,2024-01-13,0,1,0
STORE0005,SKU0102,2024-01-14,0,1,0
STORE0006,SKU0001,2024-01-01,0,0,0
STORE0006,SKU0001,2024-01-02,0,0,0
STORE0006,SKU0001,2024-01-03,0,0,0
STORE0006,SKU0001,2024-01-04,0,0,0
STORE0006,SKU0001,2024-01-05,0,0,0
STORE0006,SKU0001,2024-01-06,0,1,0
STORE0006,SKU0001,2024-01-07,0,1,0
STORE0006,SKU0001,2024-01-08,0,0,0
STORE0006,SKU0001,2024-01-09,0,0,0
STORE0006,SKU0001,2024-01-10,0,0,0
STORE0006,SKU0001,2024-01-11,0,0,0
STORE0006,SKU0001,2024-01-12,0,0,0
STORE0006,SKU0001,2024-01-13,0,1,0
STORE0006,SKU0001,2024-01-14,0,1,0
STORE0006,SKU0003,2024-01-01,0,0,0
STORE0006,SKU0003,2024-01-02,0,0,0
STORE0006,SKU0003,2024-01-03,0,0,0
STORE0006,SKU0003,2024-01-04,0,0,0
STORE0006,SKU0003,2024-01-05,0,0,0
STORE0006,SKU0003,2024-01-06,0,1,0
STORE0006,SKU0003,2024-01-07,0,1,0
STORE0006,SKU0003,2024-01-08,0,0,0
STORE0006,SKU0003,2024-01-09,0,0,0
STORE0006,SKU0003,2024-01-10,0,0,0
STORE0006,SKU0003,2024-01-11,0,0,0
STORE0006,SKU0003,2024-01-12,0,0,0
STORE0006,SKU0003,2024-01-13,0,1,0
STORE0006,SKU0003,2024-01-14,0,1,0
STORE0006,SKU0004,2024-01-01,0,0,0
STORE0006,SKU0004,2024-01-02,0,0,0
STORE0006,SKU0004,2024-01-03,0,0,0
STORE0006,SKU0004,2024-01-04,0,0,0
STORE0006,SKU0004,2024-01-05,0,0,0
STORE0006,SKU0004,2024-01-06,0,1,0
STORE0006,SKU0004,2024-01-07,0,1,0
STORE0006,SKU0004,2024-01-08,0,0,0
STORE0006,SKU0004,2024-01-09,0,0,0
STORE0006,SKU0004,2024-01-10,0,0,0
STORE0006,SKU0004,2024-01-11,0,0,0
STORE0006,SKU0004,2024-01-12,0,0,0
STORE0006,SKU0004,2024-01-13,0,1,0
STORE0006,SKU0004,2024-01-14,0,1,0
STORE0006,SKU0005,2024-01-01,0,0,0
STORE0006,SKU0005,2024-01-02,0,0,0
STORE0006,SKU0005,2024-01-03,0,0,0
STORE0006,SKU0005,2024-01-04,0,0,0
STORE0006,SKU0005,2024-01-05,0,0,0
STORE0006,SKU0005,2024-01-06,0,1,0
STORE0006,SKU0005,2024-01-07,0,1,0
STORE0006,SKU0005,2024-01-08,0,0,0
STORE0006,SKU0005,2024-01-09,0,0,0
STORE0006,SKU0005,2024-01-10,0,0,0
STORE0006,SKU0005,2024-01-11,0,0,0
STORE0006,SKU0005,2024-01-12,0,0,0
STORE0006,SKU0005,2024-01-13,0,1,0
STORE0006,SKU0005,2024-01-14,0,1,0
STORE0006,SKU0006,2024-01-01,0,0,0
STORE0006,SKU0006,2024-01-02,0,0,0
STORE0006,SKU0006,2024-01-03,0,0,0
STORE0006,SKU0006,2024-01-04,0,0,0
STORE0006,SKU0006,2024-01-05,0,0,0
STORE0006,SKU0006,2024-01-06,0,1,0
STORE0006,SKU0006,2024-01-07,0,1,0
STORE0006,SKU0006,2024-01-08,0,0,0
STORE0006,SKU0006,2024-01-09,0,0,0
STORE0006,SKU0006,2024-01-10,0,0,0
STORE0006,SKU0006,2024-01-11,0,0,0
STORE0006,SKU0006,2024-01-12,0,0,0
STORE0006,SKU0006,2024-01-13,0,1,0
STORE0006,SKU0006,2024-01-14,0,1,0
STORE0006,SKU0007,2024-01-01,0,0,0
STORE0006,SKU0007,2024-01-02,0,0,0
STORE0006,SKU0007,2024-01-03,0,0,0
STORE0006,SKU0007,2024-01-04,0,0,0
STORE0006,SKU0007,2024-01-05,0,0,0
STORE0006,SKU0007,2024-01-06,0,1,0
STORE0006,SKU0007,2024-01-07,0,1,0
STORE0006,SKU0007,2024-01-08,0,0,0
STORE0006,SKU0007,2024-01-09,0,0,0
STORE0006,SKU0007,2024-01-10,0,0,0
STORE0006,SKU0007,2024-01-11,0,0,0
STORE0006,SKU0007,2024-01-12,0,0,0
STORE0006,SKU0007,2024-01-13,0,1,0
STORE0006,SKU0007,2024-01-14,0,1,0
STORE0006,SKU0008,2024-01-01,0,0,0
STORE0006,SKU0008,2024-01-02,0,0,0
STORE0006,SKU0008,2024-01-03,0,0,0
STORE0006,SKU0008,2024-01-04,0,0,0
STORE0006,SKU0008,2024-01-05,0,0,0
STORE0006,SKU0008,2024-01-06,0,1,0
STORE0006,SKU0008,2024-01-07,0,1,0
STORE0006,SKU0008,2024-01-08,0,0,0
STORE0006,SKU0008,2024-01-09,0,0,0
STORE0006,SKU0008,2024-01-10,0,0,0
STORE0006,SKU0008,2024-01-11,0,0,0
STORE0006,SKU0008,2024-01-12,0,0,0
STORE0006,SKU0008,2024-01-13,0,1,0
STORE0006,SKU0008,2024-01-14,0,1,0
STORE0006,SKU0009,2024-01-01,0,0,0
STORE0006,SKU0009,2024-01-02,0,0,0
STORE0006,SKU0009,2024-01-03,0,0,0
STORE0006,SKU0009,2024-01-04,0,0,0
STORE0006,SKU0009,2024-01-05,0,0,0
STORE0006,SKU0009,2024-01-06,0,1,0
STORE0006,SKU0009,2024-01-07,0,1,0
STORE0006,SKU0009,2024-01-08,0,0,0
STORE0006,SKU0009,2024-01-09,0,0,0
STORE0006,SKU0009,2024-01-10,0,0,0
STORE0006,SKU0009,2024-01-11,0,0,0
STORE0006,SKU0009,2024-01-12,0,0,0
STORE0006,SKU0009,2024-01-13,0,1,0
STORE0006,SKU0009,2024-01-14,0,1,0
STORE0006,SKU0010,2024-01-01,0,0,0
STORE0006,SKU0010,2024-01-02,0,0,0
STORE0006,SKU0010,2024-01-03,0,0,0
STORE0006,SKU0010,2024-01-04,0,0,0
STORE0006,SKU0010,2024-01-05,0,0,0
STORE0006,SKU0010,2024-01-06,0,1,0
STORE0006,SKU0010,2024-01-07,0,1,0
STORE0006,SKU0010,2024-01-08,0,0,0
STORE0006,SKU0010,2024-01-09,0,0,0
STORE0006,SKU0010,2024-01-10,0,0,0
STORE0006,SKU0010,2024-01-11,0,0,0
STORE0006,SKU0010,2024-01-12,0,0,0
STORE0006,SKU0010,2024-01-13,0,1,0
STORE0006,SKU0010,2024-01-14,0,1,0
STORE0006,SKU0011,2024-01-01,0,0,0
STORE0006,SKU0011,2024-01-02,0,0,0
STORE0006,SKU0011,2024-01-03,0,0,0
STORE0006,SKU0011,2024-01-04,0,0,0
STORE0006,SKU0011,2024-01-05,0,0,0
STORE0006,SKU0011,2024-01-06,0,1,0
STORE0006,SKU0011,2024-01-07,0,1,0
STORE0006,SKU0011,2024-01-08,0,0,0
STORE0006,SKU0011,2024-01-09,0,0,0
STORE0006,SKU0011,2024-01-10,0,0,0
STORE0006,SKU0011,2024-01-11,0,0,0
STORE0006,SKU0011,2024-01-12,0,0,0
STORE0006,SKU0011,2024-01-13,0,1,0
STORE0006,SKU0011,2024-01-14,0,1,0
STORE0006,SKU0012,2024-01-01,0,0,0
STORE0006,SKU0012,2024-01-02,0,0,0
STORE0006,SKU0012,2024-01-03,0,0,0
STORE0006,SKU0012,2024-01-04,0,0,0
STORE0006,SKU0012,2024-01-05,0,0,0
STORE0006,SKU0012,2024-01-06,0,1,0
STORE0006,SKU0012,2024-01-07,0,1,0
STORE0006,SKU0012,2024-01-08,0,0,0
STORE0006,SKU0012,2024-01-09,0,0,0
STORE0006,SKU0012,2024-01-10,0,0,0
STORE0006,SKU0012,2024-01-11,0,0,0
STORE0006,SKU0012,2024-01-12,0,0,0
STORE0006,SKU0012,2024-01-13,0,1,0
STORE0006,SKU0012,2024-01-14,0,1,0
STORE0006,SKU0013,2024-01-01,0,0,0
STORE0006,SKU0013,2024-01-02,0,0,0
STORE0006,SKU0013,2024-01-03,0,0,0
STORE0006,SKU0013,2024-01-04,0,0,0
STORE0006,SKU0013,2024-01-05,0,0,0
STORE0006,SKU0013,2024-01-06,0,1,0
STORE0006,SKU0013,2024-01-07,0,1,0
STORE0006,SKU0013,2024-01-08,0,0,0
STORE0006,SKU0013,2024-01-09,0,0,0
STORE0006,SKU0013,2024-01-10,0,0,0
STORE0006,SKU0013,2024-01-11,0,0,0
STORE0006,SKU0013,2024-01-12,0,0,0
STORE0006,SKU0013,2024-01-13,0,1,0
STORE0006,SKU0013,2024-01-14,0,1,0
STORE0006,SKU0017,2024-01-01,0,0,0
STORE0006,SKU0017,2024-01-02,0,0,0
STORE0006,SKU0017,2024-01-03,0,0,0
STORE0006,SKU0017,2024-01-04,0,0,0
STORE0006,SKU0017,2024-01-05,0,0,0
STORE0006,SKU0017,2024-01-06,0,1,0
STORE0006,SKU0017,2024-01-07,0,1,0
STORE0006,SKU0017,2024-01-08,0,0,0
STORE0006,SKU0017,2024-01-09,0,0,0
STORE0006,SKU0017,2024-01-10,0,0,0
STORE0006,SKU0017,2024-01-11,0,0,0
STORE0006,SKU0017,2024-01-12,0,0,0
STORE0006,SKU0017,2024-01-13,0,1,0
STORE0006,SKU0017,2024-01-14,0,1,0
STORE0006,SKU0018,2024-01-01,0,0,0
STORE0006,SKU0018,2024-01-02,0,0,0
STORE0006,SKU0018,2024-01-03,0,0,0
STORE0006,SKU0018,2024-01-04,0,0,0
STORE0006,SKU0018,2024-01-05,0,0,0
STORE0006,SKU0018,2024-01-06,0,1,0
STORE0006,SKU0018,2024-01-07,0,1,0
STORE0006,SKU0018,2024-01-08,0,0,0
STORE0006,SKU0018,2024-01-09,0,0,0
STORE0006,SKU0018,2024-01-10,0,0,0
STORE0006,SKU0018,2024-01-11,0,0,0
STORE0006,SKU0018,2024-01-12,0,0,0
STORE0006,SKU0018,2024-01-13,0,1,0
STORE0006,SKU0018,2024-01-14,0,1,0
STORE0006,SKU0019,2024-01-01,0,0,0
STORE0006,SKU0019,2024-01-02,0,0,0
STORE0006,SKU0019,2024-01-03,0,0,0
STORE0006,SKU0019,2024-01-04,0,0,0
STORE0006,SKU0019,2024-01-05,0,0,0
STORE0006,SKU0019,2024-01-06,0,1,0
STORE0006,SKU0019,2024-01-07,0,1,0
STORE0006,SKU0019,2024-01-08,0,0,0
STORE0006,SKU0019,2024-01-09,0,0,0
STORE0006,SKU0019,2024-01-10,0,0,0
STORE0006,SKU0019,2024-01-11,0,0,0
STORE0006,SKU0019,2024-01-12,0,0,0
STORE0006,SKU0019,2024-01-13,0,1,0
STORE0006,SKU0019,2024-01-14,0,1,0
STORE0006,SKU0020,2024-01-01,0,0,0
STORE0006,SKU0020,2024-01-02,0,0,0
STORE0006,SKU0020,2024-01-03,0,0,0
STORE0006,SKU0020,2024-01-04,0,0,0
STORE0006,SKU0020,2024-01-05,0,0,0
STORE0006,SKU0020,2024-01-06,0,1,0
STORE0006,SKU0020,2024-01-07,0,1,0
STORE0006,SKU0020,2024-01-08,0,0,0
STORE0006,SKU0020,2024-01-09,0,0,0
STORE0006,SKU0020,2024-01-10,0,0,0
STORE0006,SKU0020,2024-01-11,0,0,0
STORE0006,SKU0020,2024-01-12,0,0,0
STORE0006,SKU0020,2024-01-13,0,1,0
STORE0006,SKU0020,2024-01-14,0,1,0
STORE0006,SKU0021,2024-01-01,0,0,0
STORE0006,SKU0021,2024-01-02,0,0,0
STORE0006,SKU0021,2024-01-03,0,0,0
STORE0006,SKU0021,2024-01-04,0,0,0
STORE0006,SKU0021,2024-01-05,0,0,0
STORE0006,SKU0021,2024-01-06,0,1,0
STORE0006,SKU0021,2024-01-07,0,1,0
STORE0006,SKU0021,2024-01-08,0,0,0
STORE0006,SKU0021,2024-01-09,0,0,0
STORE0006,SKU0021,2024-01-10,0,0,0
STORE0006,SKU0021,2024-01-11,0,0,0
STORE0006,SKU0021,2024-01-12,0,0,0
STORE0006,SKU0021,2024-01-13,0,1,0
STORE0006,SKU0021,2024-01-14,0,1,0
STORE0006,SKU0022,2024-01-01,0,0,0
STORE0006,SKU0022,2024-01-02,0,0,0
STORE0006,SKU0022,2024-01-03,0,0,0
STORE0006,SKU0022,2024-01-04,0,0,0
STORE0006,SKU0022,2024-01-05,0,0,0
STORE0006,SKU0022,2024-01-06,0,1,0
STORE0006,SKU0022,2024-01-07,0,1,0
STORE0006,SKU0022,2024-01-08,0,0,0
STORE0006,SKU0022,2024-01-09,0,0,0
STORE0006,SKU0022,2024-01-10,0,0,0
STORE0006,SKU0022,2024-01-11,0,0,0
STORE0006,SKU0022,2024-01-12,0,0,0
STORE0006,SKU0022,2024-01-13,0,1,0
STORE0006,SKU0022,2024-01-14,0,1,0
STORE0006,SKU0023,2024-01-01,0,0,0
STORE0006,SKU0023,2024-01-02,0,0,0
STORE0006,SKU0023,2024-01-03,0,0,0
STORE0006,SKU0023,2024-01-04,0,0,0
STORE0006,SKU0023,2024-01-05,0,0,0
STORE0006,SKU0023,2024-01-06,0,1,0
STORE0006,SKU0023,2024-01-07,0,1,0
STORE0006,SKU0023,2024-01-08,0,0,0
STORE0006,SKU0023,2024-01-09,0,0,0
STORE0006,SKU0023,2024-01-10,0,0,0
STORE0006,SKU0023,2024-01-11,0,0,0
STORE0006,SKU0023,2024-01-12,0,0,0
STORE0006,SKU0023,2024-01-13,0,1,0
STORE0006,SKU0023,2024-01-14,0,1,0
STORE0006,SKU0025,2024-01-01,0,0,0
STORE0006,SKU0025,2024-01-02,0,0,0
STORE0006,SKU0025,2024-01-03,0,0,0
STORE0006,SKU0025,2024-01-04,0,0,0
STORE0006,SKU0025,2024-01-05,0,0,0
STORE0006,SKU0025,2024-01-06,0,1,0
STORE0006,SKU0025,2024-01-07,0,1,0
STORE0006,SKU0025,2024-01-08,0,0,0
STORE0006,SKU0025,2024-01-09,0,0,0
STORE0006,SKU0025,2024-01-10,0,0,0
STORE0006,SKU0025,2024-01-11,0,0,0
STORE0006,SKU0025,2024-01-12,0,0,0
STORE0006,SKU0025,2024-01-13,0,1,0
STORE0006,SKU0025,2024-01-14,0,1,0
STORE0006,SKU0026,2024-01-01,0,0,0
STORE0006,SKU0026,2024-01-02,0,0,0
STORE0006,SKU0026,2024-01-03,0,0,0
STORE0006,SKU0026,2024-01-04,0,0,0
STORE0006,SKU0026,2024-01-05,0,0,0
STORE0006,SKU0026,2024-01-06,0,1,0
STORE0006,SKU0026,2024-01-07,0,1,0
STORE0006,SKU0026,2024-01-08,0,0,0
STORE0006,SKU0026,2024-01-09,0,0,0
STORE0006,SKU0026,2024-01-10,0,0,0
STORE0006,SKU0026,2024-01-11,0,0,0
STORE0006,SKU0026,2024-01-12,0,0,0
STORE0006,SKU0026,2024-01-13,0,1,0
STORE0006,SKU0026,2024-01-14,0,1,0
STORE0006,SKU0028,2024-01-01,0,0,0
STORE0006,SKU0028,2024-01-02,0,0,0
STORE0006,SKU0028,2024-01-03,0,0,0
STORE0006,SKU0028,2024-01-04,0,0,0
STORE0006,SKU0028,2024-01-05,0,0,0
STORE0006,SKU0028,2024-01-06,0,1,0
STORE0006,SKU0028,2024-01-07,0,1,0
STORE0006,SKU0028,2024-01-08,0,0,0
STORE0006,SKU0028,2024-01-09,0,0,0
STORE0006,SKU0028,2024-01-10,0,0,0
STORE0006,SKU0028,2024-01-11,0,0,0
STORE0006,SKU0028,2024-01-12,0,0,0
STORE0006,SKU0028,2024-01-13,0,1,0
STORE0006,SKU0028,2024-01-14,0,1,0
STORE0006,SKU0029,2024-01-01,0,0,0
STORE0006,SKU0029,2024-01-02,0,0,0
STORE0006,SKU0029,2024-01-03,0,0,0
STORE0006,SKU0029,2024-01-04,0,0,0
STORE0006,SKU0029,2024-01-05,0,0,0
STORE0006,SKU0029,2024-01-06,0,1,0
STORE0006,SKU0029,2024-01-07,0,1,0
STORE0006,SKU0029,2024-01-08,0,0,0
STORE0006,SKU0029,2024-01-09,0,0,0
STORE0006,SKU0029,2024-01-10,0,0,0
STORE0006,SKU0029,2024-01-11,0,0,0
STORE0006,SKU0029,2024-01-12,0,0,0
STORE0006,SKU0029,2024-01-13,0,1,0
STORE0006,SKU0029,2024-01-14,0,1,0
STORE0006,SKU0030,2024-01-01,0,0,0
STORE0006,SKU0030,2024-01-02,0,0,0
STORE0006,SKU0030,2024-01-03,0,0,0
STORE0006,SKU0030,2024-01-04,0,0,0
STORE0006,SKU0030,2024-01-05,0,0,0
STORE0006,SKU0030,2024-01-06,0,1,0
STORE0006,SKU0030,2024-01-07,0,1,0
STORE0006,SKU0030,2024-01-08,0,0,0
STORE0006,SKU0030,2024-01-09,0,0,0
STORE0006,SKU0030,2024-01-10,0,0,0
STORE0006,SKU0030,2024-01-11,0,0,0
STORE0006,SKU0030,2024-01-12,0,0,0
STORE0006,SKU0030,2024-01-13,0,1,0
STORE0006,SKU0030,2024-01-14,0,1,0
STORE0006,SKU0031,2024-01-01,0,0,0
STORE0006,SKU0031,2024-01-02,0,0,0
STORE0006,SKU0031,2024-01-03,0,0,0
STORE0006,SKU0031,2024-01-04,0,0,0
STORE0006,SKU0031,2024-01-05,0,0,0
STORE0006,SKU0031,2024-01-06,0,1,0
STORE0006,SKU0031,2024-01-07,0,1,0
STORE0006,SKU0031,2024-01-08,0,0,0
STORE0006,SKU0031,2024-01-09,0,0,0
STORE0006,SKU0031,2024-01-10,0,0,0
STORE0006,SKU0031,2024-01-11,0,0,0
STORE0006,SKU0031,2024-01-12,0,0,0
STORE0006,SKU0031,2024-01-13,0,1,0
STORE0006,SKU0031,2024-01-14,0,1,0
STORE0006,SKU0032,2024-01-01,0,0,0
STORE0006,SKU0032,2024-01-02,0,0,0
STORE0006,SKU0032,2024-01-03,0,0,0
STORE0006,SKU0032,2024-01-04,0,0,0
STORE0006,SKU0032,2024-01-05,0,0,0
STORE0006,SKU0032,2024-01-06,0,1,0
STORE0006,SKU0032,2024-01-07,0,1,0
STORE0006,SKU0032,2024-01-08,0,0,0
STORE0006,SKU0032,2024-01-09,0,0,0
STORE0006,SKU0032,2024-01-10,0,0,0
STORE0006,SKU0032,2024-01-11,0,0,0
STORE0006,SKU0032,2024-01-12,0,0,0
STORE0006,SKU0032,2024-01-13,0,1,0
STORE0006,SKU0032,2024-01-14,0,1,0
STORE0006,SKU0033,2024-01-01,0,0,0
STORE0006,SKU0033,2024-01-02,0,0,0
STORE0006,SKU0033,2024-01-03,0,0,0
STORE0006,SKU0033,2024-01-04,0,0,0
STORE0006,SKU0033,2024-01-05,0,0,0
STORE0006,SKU0033,2024-01-06,0,1,0
STORE0006,SKU0033,2024-01-07,0,1,0
STORE0006,SKU0033,2024-01-08,0,0,0
STORE0006,SKU0033,2024-01-09,0,0,0
STORE0006,SKU0033,2024-01-10,0,0,0
STORE0006,SKU0033,2024-01-11,0,0,0
STORE0006,SKU0033,2024-01-12,0,0,0
STORE0006,SKU0033,2024-01-13,0,1,0
STORE0006,SKU0033,2024-01-14,0,1,0
STORE0006,SKU0034,2024-01-01,0,0,0
STORE0006,SKU0034,2024-01-02,0,0,0
STORE0006,SKU0034,2024-01-03,0,0,0
STORE0006,SKU0034,2024-01-04,0,0,0
STORE0006,SKU0034,2024-01-05,0,0,0
STORE0006,SKU0034,2024-01-06,0,1,0
STORE0006,SKU0034,2024-01-07,0,1,0
STORE0006,SKU0034,2024-01-08,0,0,0
STORE0006,SKU0034,2024-01-09,0,0,0
STORE0006,SKU0034,2024-01-10,0,0,0
STORE0006,SKU0034,2024-01-11,0,0,0
STORE0006,SKU0034,2024-01-12,0,0,0
STORE0006,SKU0034,2024-01-13,0,1,0
STORE0006,SKU0034,2024-01-14,0,1,0
STORE0006,SKU0035,2024-01-01,0,0,0
STORE0006,SKU0035,2024-01-02,0,0,0
STORE0006,SKU0035,2024-01-03,0,0,0
STORE0006,SKU0035,2024-01-04,0,0,0
STORE0006,SKU0035,2024-01-05,0,0,0
STORE0006,SKU0035,2024-01-06,0,1,0
STORE0006,SKU0035,2024-01-07,0,1,0
STORE0006,SKU0035,2024-01-08,0,0,0
STORE0006,SKU0035,2024-01-09,0,0,0
STORE0006,SKU0035,2024-01-10,0,0,0
STORE0006,SKU0035,2024-01-11,0,0,0
STORE0006,SKU0035,2024-01-12,0,0,0
STORE0006,SKU0035,2024-01-13,0,1,0
STORE0006,SKU0035,2024-01-14,0,1,0
STORE0006,SKU0036,2024-01-01,0,0,0
STORE0006,SKU0036,2024-01-02,0,0,0
STORE0006,SKU0036,2024-01-03,0,0,0
STORE0006,SKU0036,2024-01-04,0,0,0
STORE0006,SKU0036,2024-01-05,0,0,0
STORE0006,SKU0036,2024-01-06,0,1,0
STORE0006,SKU0036,2024-01-07,0,1,0
STORE0006,SKU0036,2024-01-08,0,0,0
STORE0006,SKU0036,2024-01-09,0,0,0
STORE0006,SKU0036,2024-01-10,0,0,0
STORE0006,SKU0036,2024-01-11,0,0,0
STORE0006,SKU0036,2024-01-12,0,0,0
STORE0006,SKU0036,2024-01-13,0,1,0
STORE0006,SKU0036,2024-01-14,0,1,0
STORE0006,SKU0037,2024-01-01,0,0,0
STORE0006,SKU0037,2024-01-02,0,0,0
STORE0006,SKU0037,2024-01-03,0,0,0
STORE0006,SKU0037,2024-01-04,0,0,0
STORE0006,SKU0037,2024-01-05,0,0,0
STORE0006,SKU0037,2024-01-06,0,1,0
STORE0006,SKU0037,2024-01-07,0,1,0
STORE0006,SKU0037,2024-01-08,0,0,0
STORE0006,SKU0037,2024-01-09,0,0,0
STORE0006,SKU0037,2024-01-10,0,0,0
STORE0006,SKU0037,2024-01-11,0,0,0
STORE0006,SKU0037,2024-01-12,0,0,0
STORE0006,SKU0037,2024-01-13,0,1,0
STORE0006,SKU0037,2024-01-14,0,1,0
STORE0006,SKU0038,2024-01-01,0,0,0
STORE0006,SKU0038,2024-01-02,0,0,0
STORE0006,SKU0038,2024-01-03,0,0,0
STORE0006,SKU0038,2024-01-04,0,0,0
STORE0006,SKU0038,2024-01-05,0,0,0
STORE0006,SKU0038,2024-01-06,0,1,0
STORE0006,SKU0038,2024-01-07,0,1,0
STORE0006,SKU0038,2024-01-08,0,0,0
STORE0006,SKU0038,2024-01-09,0,0,0
STORE0006,SKU0038,2024-01-10,0,0,0
STORE0006,SKU0038,2024-01-11,0,0,0
STORE0006,SKU0038,2024-01-12,0,0,0
STORE0006,SKU0038,2024-01-13,0,1,0
STORE0006,SKU0038,2024-01-14,0,1,0
STORE0006,SKU0039,2024-01-01,0,0,0
STORE0006,SKU0039,2024-01-02,0,0,0
STORE0006,SKU0039,2024-01-03,0,0,0
STORE0006,SKU0039,2024-01-04,0,0,0
STORE0006,SKU0039,2024-01-05,0,0,0
STORE0006,SKU0039,2024-01-06,0,1,0
STORE0006,SKU0039,2024-01-07,0,1,0
STORE0006,SKU0039,2024-01-08,0,0,0
STORE0006,SKU0039,2024-01-09,0,0,0
STORE0006,SKU0039,2024-01-10,0,0,0
STORE0006,SKU0039,2024-01-11,0,0,0
STORE0006,SKU0039,2024-01-12,0,0,0
STORE0006,SKU0039,2024-01-13,0,1,0
STORE0006,SKU0039,2024-01-14,0,1,0
STORE0006,SKU0040,2024-01-01,0,0,0
STORE0006,SKU0040,2024-01-02,0,0,0
STORE0006,SKU0040,2024-01-03,0,0,0
STORE0006,SKU0040,2024-01-04,0,0,0
STORE0006,SKU0040,2024-01-05,0,0,0
STORE0006,SKU0040,2024-01-06,0,1,0
STORE0006,SKU0040,2024-01-07,0,1,0
STORE0006,SKU0040,2024-01-08,0,0,0
STORE0006,SKU0040,2024-01-09,0,0,0
STORE0006,SKU0040,2024-01-10,0,0,0
STORE0006,SKU0040,2024-01-11,0,0,0
STORE0006,SKU0040,2024-01-12,0,0,0
STORE0006,SKU0040,2024-01-13,0,1,0
STORE0006,SKU0040,2024-01-14,0,1,0
STORE0006,SKU0041,2024-01-01,0,0,0
STORE0006,SKU0041,2024-01-02,0,0,0
STORE0006,SKU0041,2024-01-03,0,0,0
STORE0006,SKU0041,2024-01-04,0,0,0
STORE0006,SKU0041,2024-01-05,0,0,0
STORE0006,SKU0041,2024-01-06,0,1,0
STORE0006,SKU0041,2024-01-07,0,1,0
STORE0006,SKU0041,2024-01-08,0,0,0
STORE0006,SKU0041,2024-01-09,0,0,0
STORE0006,SKU0041,2024-01-10,0,0,0
STORE0006,SKU0041,2024-01-11,0,0,0
STORE0006,SKU0041,2024-01-12,0,0,0
STORE0006,SKU0041,2024-01-13,0,1,0
STORE0006,SKU0041,2024-01-14,0,1,0
STORE0006,SKU0042,2024-01-01,0,0,0
STORE0006,SKU0042,2024-01-02,0,0,0
STORE0006,SKU0042,2024-01-03,0,0,0
STORE0006,SKU0042,2024-01-04,0,0,0
STORE0006,SKU0042,2024-01-05,0,0,0
STORE0006,SKU0042,2024-01-06,0,1,0
STORE0006,SKU0042,2024-01-07,0,1,0
STORE0006,SKU0042,2024-01-08,0,0,0
STORE0006,SKU0042,2024-01-09,0,0,0
STORE0006,SKU0042,2024-01-10,0,0,0
STORE0006,SKU0042,2024-01-11,0,0,0
STORE0006,SKU0042,2024-01-12,0,0,0
STORE0006,SKU0042,2024-01-13,0,1,0
STORE0006,SKU0042,2024-01-14,0,1,0
STORE0006,SKU0044,2024-01-01,0,0,0
STORE0006,SKU0044,2024-01-02,0,0,0
STORE0006,SKU0044,2024-01-03,0,0,0
STORE0006,SKU0044,2024-01-04,0,0,0
STORE0006,SKU0044,2024-01-05,0,0,0
STORE0006,SKU0044,2024-01-06,0,1,0
STORE0006,SKU0044,2024-01-07,0,1,0
STORE0006,SKU0044,2024-01-08,0,0,0
STORE0006,SKU0044,2024-01-09,0,0,0
STORE0006,SKU0044,2024-01-10,0,0,0
STORE0006,SKU0044,2024-01-11,0,0,0
STORE0006,SKU0044,2024-01-12,0,0,0
STORE0006,SKU0044,2024-01-13,0,1,0
STORE0006,SKU0044,2024-01-14,0,1,0
STORE0006,SKU0045,2024-01-01,0,0,0
STORE0006,SKU0045,2024-01-02,0,0,0
STORE0006,SKU0045,2024-01-03,0,0,0
STORE0006,SKU0045,2024-01-04,0,0,0
STORE0006,SKU0045,2024-01-05,0,0,0
STORE0006,SKU0045,2024-01-06,0,1,0
STORE0006,SKU0045,2024-01-07,0,1,0
STORE0006,SKU0045,2024-01-08,0,0,0
STORE0006,SKU0045,2024-01-09,0,0,0
STORE0006,SKU0045,2024-01-10,0,0,0
STORE0006,SKU0045,2024-01-11,0,0,0
STORE0006,SKU0045,2024-01-12,0,0,0
STORE0006,SKU0045,2024-01-13,0,1,0
STORE0006,SKU0045,2024-01-14,0,1,0
STORE0006,SKU0046,2024-01-01,0,0,0
STORE0006,SKU0046,2024-01-02,0,0,0
STORE0006,SKU0046,2024-01-03,0,0,0
STORE0006,SKU0046,2024-01-04,0,0,0
STORE0006,SKU0046,2024-01-05,0,0,0
STORE0006,SKU0046,2024-01-06,0,1,0
STORE0006,SKU0046,2024-01-07,0,1,0
STORE0006,SKU0046,2024-01-08,0,0,0
STORE0006,SKU0046,2024-01-09,0,0,0
STORE0006,SKU0046,2024-01-10,0,0,0
STORE0006,SKU0046,2024-01-11,0,0,0
STORE0006,SKU0046,2024-01-12,0,0,0
STORE0006,SKU0046,2024-01-13,0,1,0
STORE0006,SKU0046,2024-01-14,0,1,0
STORE0006,SKU0047,2024-01-01,0,0,0
STORE0006,SKU0047,2024-01-02,0,0,0
STORE0006,SKU0047,2024-01-03,0,0,0
STORE0006,SKU0047,2024-01-04,0,0,0
STORE0006,SKU0047,2024-01-05,0,0,0
STORE0006,SKU0047,2024-01-06,0,1,0
STORE0006,SKU0047,2024-01-07,0,1,0
STORE0006,SKU0047,2024-01-08,0,0,0
STORE0006,SKU0047,2024-01-09,0,0,0
STORE0006,SKU0047,2024-01-10,0,0,0
STORE0006,SKU0047,2024-01-11,0,0,0
STORE0006,SKU0047,2024-01-12,0,0,0
STORE0006,SKU0047,2024-01-13,0,1,0
STORE0006,SKU0047,2024-01-14,0,1,0
STORE0006,SKU0048,2024-01-01,0,0,0
STORE0006,SKU0048,2024-01-02,0,0,0
STORE0006,SKU0048,2024-01-03,0,0,0
STORE0006,SKU0048,2024-01-04,0,0,0
STORE0006,SKU0048,2024-01-05,0,0,0
STORE0006,SKU0048,2024-01-06,0,1,0
STORE0006,SKU0048,2024-01-07,0,1,0
STORE0006,SKU0048,2024-01-08,0,0,0
STORE0006,SKU0048,2024-01-09,0,0,0
STORE0006,SKU0048,2024-01-10,0,0,0
STORE0006,SKU0048,2024-01-11,0,0,0
STORE0006,SKU0048,2024-01-12,0,0,0
STORE0006,SKU0048,2024-01-13,0,1,0
STORE0006,SKU0048,2024-01-14,0,1,0
STORE0006,SKU0050,2024-01-01,0,0,0
STORE0006,SKU0050,2024-01-02,0,0,0
STORE0006,SKU0050,2024-01-03,0,0,0
STORE0006,SKU0050,2024-01-04,0,0,0
STORE0006,SKU0050,2024-01-05,0,0,0
STORE0006,SKU0050,2024-01-06,0,1,0
STORE0006,SKU0050,2024-01-07,0,1,0
STORE0006,SKU0050,2024-01-08,0,0,0
STORE0006,SKU0050,2024-01-09,0,0,0
STORE0006,SKU0050,2024-01-10,0,0,0
STORE0006,SKU0050,2024-01-11,0,0,0
STORE0006,SKU0050,2024-01-12,0,0,0
STORE0006,SKU0050,2024-01-13,0,1,0
STORE0006,SKU0050,2024-01-14,0,1,0
STORE0006,SKU0052,2024-01-01,0,0,0
STORE0006,SKU0052,2024-01-02,0,0,0
STORE0006,SKU0052,2024-01-03,0,0,0
STORE0006,SKU0052,2024-01-04,0,0,0
STORE0006,SKU0052,2024-01-05,0,0,0
STORE0006,SKU0052,2024-01-06,0,1,0
STORE0006,SKU0052,2024-01-07,0,1,0
STORE0006,SKU0052,2024-01-08,0,0,0
STORE0006,SKU0052,2024-01-09,0,0,0
STORE0006,SKU0052,2024-01-10,0,0,0
STORE0006,SKU0052,2024-01-11,0,0,0
STORE0006,SKU0052,2024-01-12,0,0,0
STORE0006,SKU0052,2024-01-13,0,1,0
STORE0006,SKU0052,2024-01-14,0,1,0
STORE0006,SKU0053,2024-01-01,0,0,0
STORE0006,SKU0053,2024-01-02,0,0,0
STORE0006,SKU0053,2024-01-03,0,0,0
STORE0006,SKU0053,2024-01-04,0,0,0
STORE0006,SKU0053,2024-01-05,0,0,0
STORE0006,SKU0053,2024-01-06,0,1,0
STORE0006,SKU0053,2024-01-07,0,1,0
STORE0006,SKU0053,2024-01-08,0,0,0
STORE0006,SKU0053,2024-01-09,0,0,0
STORE0006,SKU0053,2024-01-10,0,0,0
STORE0006,SKU0053,2024-01-11,0,0,0
STORE0006,SKU0053,2024-01-12,0,0,0
STORE0006,SKU0053,2024-01-13,0,1,0
STORE0006,SKU0053,2024-01-14,0,1,0
STORE0006,SKU0054,2024-01-01,0,0,0
STORE0006,SKU0054,2024-01-02,0,0,0
STORE0006,SKU0054,2024-01-03,0,0,0
STORE0006,SKU0054,2024-01-04,0,0,0
STORE0006,SKU0054,2024-01-05,0,0,0
STORE0006,SKU0054,2024-01-06,0,1,0
STORE0006,SKU0054,2024-01-07,0,1,0
STORE0006,SKU0054,2024-01-08,0,0,0
STORE0006,SKU0054,2024-01-09,0,0,0
STORE0006,SKU0054,2024-01-10,0,0,0
STORE0006,SKU0054,2024-01-11,0,0,0
STORE0006,SKU0054,2024-01-12,0,0,0
STORE0006,SKU0054,2024-01-13,0,1,0
STORE0006,SKU0054,2024-01-14,0,1,0
STORE0006,SKU0055,2024-01-01,0,0,0
STORE0006,SKU0055,2024-01-02,0,0,0
STORE0006,SKU0055,2024-01-03,0,0,0
STORE0006,SKU0055,2024-01-04,0,0,0
STORE0006,SKU0055,2024-01-05,0,0,0
STORE0006,SKU0055,2024-01-06,0,1,0
STORE0006,SKU0055,2024-01-07,0,1,0
STORE0006,SKU0055,2024-01-08,0,0,0
STORE0006,SKU0055,2024-01-09,0,0,0
STORE0006,SKU0055,2024-01-10,0,0,0
STORE0006,SKU0055,2024-01-11,0,0,0
STORE0006,SKU0055,2024-01-12,0,0,0
STORE0006,SKU0055,2024-01-13,0,1,0
STORE0006,SKU0055,2024-01-14,0,1,0
STORE0006,SKU0056,2024-01-01,0,0,0
STORE0006,SKU0056,2024-01-02,0,0,0
STORE0006,SKU0056,2024-01-03,0,0,0
STORE0006,SKU0056,2024-01-04,0,0,0
STORE0006,SKU0056,2024-01-05,0,0,0
STORE0006,SKU0056,2024-01-06,0,1,0
STORE0006,SKU0056,2024-01-07,0,1,0
STORE0006,SKU0056,2024-01-08,0,0,0
STORE0006,SKU0056,2024-01-09,0,0,0
STORE0006,SKU0056,2024-01-10,0,0,0
STORE0006,SKU0056,2024-01-11,0,0,0
STORE0006,SKU0056,2024-01-12,0,0,0
STORE0006,SKU0056,2024-01-13,0,1,0
STORE0006,SKU0056,2024-01-14,0,1,0
STORE0006,SKU0057,2024-01-01,0,0,0
STORE0006,SKU0057,2024-01-02,0,0,0
STORE0006,SKU0057,2024-01-03,0,0,0
STORE0006,SKU0057,2024-01-04,0,0,0
STORE0006,SKU0057,2024-01-05,0,0,0
STORE0006,SKU0057,2024-01-06,0,1,0
STORE0006,SKU0057,2024-01-07,0,1,0
STORE0006,SKU0057,2024-01-08,0,0,0
STORE0006,SKU0057,2024-01-09,0,0,0
STORE0006,SKU0057,2024-01-10,0,0,0
STORE0006,SKU0057,2024-01-11,0,0,0
STORE0006,SKU0057,2024-01-12,0,0,0
STORE0006,SKU0057,2024-01-13,0,1,0
STORE0006,SKU0057,2024-01-14,0,1,0
STORE0006,SKU0058,2024-01-01,0,0,0
STORE0006,SKU0058,2024-01-02,0,0,0
STORE0006,SKU0058,2024-01-03,0,0,0
STORE0006,SKU0058,2024-01-04,0,0,0
STORE0006,SKU0058,2024-01-05,0,0,0
STORE0006,SKU0058,2024-01-06,0,1,0
STORE0006,SKU0058,2024-01-07,0,1,0
STORE0006,SKU0058,2024-01-08,0,0,0
STORE0006,SKU0058,2024-01-09,0,0,0
STORE0006,SKU0058,2024-01-10,0,0,0
STORE0006,SKU0058,2024-01-11,0,0,0
STORE0006,SKU0058,2024-01-12,0,0,0
STORE0006,SKU0058,2024-01-13,0,1,0
STORE0006,SKU0058,2024-01-14,0,1,0
STORE0006,SKU0060,2024-01-01,0,0,0
STORE0006,SKU0060,2024-01-02,0,0,0
STORE0006,SKU0060,2024-01-03,0,0,0
STORE0006,SKU0060,2024-01-04,0,0,0
STORE0006,SKU0060,2024-01-05,0,0,0
STORE0006,SKU0060,2024-01-06,0,1,0
STORE0006,SKU0060,2024-01-07,0,1,0
STORE0006,SKU0060,2024-01-08,0,0,0
STORE0006,SKU0060,2024-01-09,0,0,0
STORE0006,SKU0060,2024-01-10,0,0,0
STORE0006,SKU0060,2024-01-11,0,0,0
STORE0006,SKU0060,2024-01-12,0,0,0
STORE0006,SKU0060,2024-01-13,0,1,0
STORE0006,SKU0060,2024-01-14,0,1,0
STORE0006,SKU0063,2024-01-01,0,0,0
STORE0006,SKU0063,2024-01-02,0,0,0
STORE0006,SKU0063,2024-01-03,0,0,0
STORE0006,SKU0063,2024-01-04,0,0,0
STORE0006,SKU0063,2024-01-05,0,0,0
STORE0006,SKU0063,2024-01-06,0,1,0
STORE0006,SKU0063,2024-01-07,0,1,0
STORE0006,SKU0063,2024-01-08,0,0,0
STORE0006,SKU0063,2024-01-09,0,0,0
STORE0006,SKU0063,2024-01-10,0,0,0
STORE0006,SKU0063,2024-01-11,0,0,0
STORE0006,SKU0063,2024-01-12,0,0,0
STORE0006,SKU0063,2024-01-13,0,1,0
STORE0006,SKU0063,2024-01-14,0,1,0
STORE0006,SKU0064,2024-01-01,0,0,0
STORE0006,SKU0064,2024-01-02,0,0,0
STORE0006,SKU0064,2024-01-03,0,0,0
STORE0006,SKU0064,2024-01-04,0,0,0
STORE0006,SKU0064,2024-01-05,0,0,0
STORE0006,SKU0064,2024-01-06,0,1,0
STORE0006,SKU0064,2024-01-07,0,1,0
STORE0006,SKU0064,2024-01-08,0,0,0
STORE0006,SKU0064,2024-01-09,0,0,0
STORE0006,SKU0064,2024-01-10,0,0,0
STORE0006,SKU0064,2024-01-11,0,0,0
STORE0006,SKU0064,2024-01-12,0,0,0
STORE0006,SKU0064,2024-01-13,0,1,0
STORE0006,SKU0064,2024-01-14,0,1,0
STORE0006,SKU0065,2024-01-01,0,0,0
STORE0006,SKU0065,2024-01-02,0,0,0
STORE0006,SKU0065,2024-01-03,0,0,0
STORE0006,SKU0065,2024-01-04,0,0,0
STORE0006,SKU0065,2024-01-05,0,0,0
STORE0006,SKU0065,2024-01-06,0,1,0
STORE0006,SKU0065,2024-01-07,0,1,0
STORE0006,SKU0065,2024-01-08,0,0,0
STORE0006,SKU0065,2024-01-09,0,0,0
STORE0006,SKU0065,2024-01-10,0,0,0
STORE0006,SKU0065,2024-01-11,0,0,0
STORE0006,SKU0065,2024-01-12,0,0,0
STORE0006,SKU0065,2024-01-13,0,1,0
STORE0006,SKU0065,2024-01-14,0,1,0
STORE0006,SKU0066,2024-01-01,0,0,0
STORE0006,SKU0066,2024-01-02,0,0,0
STORE0006,SKU0066,2024-01-03,0,0,0
STORE0006,SKU0066,2024-01-04,0,0,0
STORE0006,SKU0066,2024-01-05,0,0,0
STORE0006,SKU0066,2024-01-06,0,1,0
STORE0006,SKU0066,2024-01-07,0,1,0
STORE0006,SKU0066,2024-01-08,0,0,0
STORE0006,SKU0066,2024-01-09,0,0,0
STORE0006,SKU0066,2024-01-10,0,0,0
STORE0006,SKU0066,2024-01-11,0,0,0
STORE0006,SKU0066,2024-01-12,0,0,0
STORE0006,SKU0066,2024-01-13,0,1,0
STORE0006,SKU0066,2024-01-14,0,1,0
STORE0006,SKU0067,2024-01-01,0,0,0
STORE0006,SKU0067,2024-01-02,0,0,0
STORE0006,SKU0067,2024-01-03,0,0,0
STORE0006,SKU0067,2024-01-04,0,0,0
STORE0006,SKU0067,2024-01-05,0,0,0
STORE0006,SKU0067,2024-01-06,0,1,0
STORE0006,SKU0067,2024-01-07,0,1,0
STORE0006,SKU0067,2024-01-08,0,0,0
STORE0006,SKU0067,2024-01-09,0,0,0
STORE0006,SKU0067,2024-01-10,0,0,0
STORE0006,SKU0067,2024-01-11,0,0,0
STORE0006,SKU0067,2024-01-12,0,0,0
STORE0006,SKU0067,2024-01-13,0,1,0
STORE0006,SKU0067,2024-01-14,0,1,0
STORE0006,SKU0069,2024-01-01,0,0,0
STORE0006,SKU0069,2024-01-02,0,0,0
STORE0006,SKU0069,2024-01-03,0,0,0
STORE0006,SKU0069,2024-01-04,0,0,0
STORE0006,SKU0069,2024-01-05,0,0,0
STORE0006,SKU0069,2024-01-06,0,1,0
STORE0006,SKU0069,2024-01-07,0,1,0
STORE0006,SKU0069,2024-01-08,0,0,0
STORE0006,SKU0069,2024-01-09,0,0,0
STORE0006,SKU0069,2024-01-10,0,0,0
STORE0006,SKU0069,2024-01-11,0,0,0
STORE0006,SKU0069,2024-01-12,0,0,0
STORE0006,SKU0069,2024-01-13,0,1,0
STORE0006,SKU0069,2024-01-14,0,1,0
STORE0006,SKU0070,2024-01-01,0,0,0
STORE0006,SKU0070,2024-01-02,0,0,0
STORE0006,SKU0070,2024-01-03,0,0,0
STORE0006,SKU0070,2024-01-04,0,0,0
STORE0006,SKU0070,2024-01-05,0,0,0
STORE0006,SKU0070,2024-01-06,0,1,0
STORE0006,SKU0070,2024-01-07,0,1,0
STORE0006,SKU0070,2024-01-08,0,0,0
STORE0006,SKU0070,2024-01-09,0,0,0
STORE0006,SKU0070,2024-01-10,0,0,0
STORE0006,SKU0070,2024-01-11,0,0,0
STORE0006,SKU0070,2024-01-12,0,0,0
STORE0006,SKU0070,2024-01-13,0,1,0
STORE0006,SKU0070,2024-01-14,0,1,0
STORE0006,SKU0071,2024-01-01,0,0,0
STORE0006,SKU0071,2024-01-02,0,0,0
STORE0006,SKU0071,2024-01-03,0,0,0
STORE0006,SKU0071,2024-01-04,0,0,0
STORE0006,SKU0071,2024-01-05,0,0,0
STORE0006,SKU0071,2024-01-06,0,1,0
STORE0006,SKU0071,2024-01-07,0,1,0
STORE0006,SKU0071,2024-01-08,0,0,0
STORE0006,SKU0071,2024-01-09,0,0,0
STORE0006,SKU0071,2024-01-10,0,0,0
STORE0006,SKU0071,2024-01-11,0,0,0
STORE0006,SKU0071,2024-01-12,0,0,0
STORE0006,SKU0071,2024-01-13,0,1,0
STORE0006,SKU0071,2024-01-14,0,1,0
STORE0006,SKU0072,2024-01-01,0,0,0
STORE0006,SKU0072,2024-01-02,0,0,0
STORE0006,SKU0072,2024-01-03,0,0,0
STORE0006,SKU0072,2024-01-04,0,0,0
STORE0006,SKU0072,2024-01-05,0,0,0
STORE0006,SKU0072,2024-01-06,0,1,0
STORE0006,SKU0072,2024-01-07,0,1,0
STORE0006,SKU0072,2024-01-08,0,0,0
STORE0006,SKU0072,2024-01-09,0,0,0
STORE0006,SKU0072,2024-01-10,0,0,0
STORE0006,SKU0072,2024-01-11,0,0,0
STORE0006,SKU0072,2024-01-12,0,0,0
STORE0006,SKU0072,2024-01-13,0,1,0
STORE0006,SKU0072,2024-01-14,0,1,0
STORE0006,SKU0073,2024-01-01,0,0,0
STORE0006,SKU0073,2024-01-02,0,0,0
STORE0006,SKU0073,2024-01-03,0,0,0
STORE0006,SKU0073,2024-01-04,0,0,0
STORE0006,SKU0073,2024-01-05,0,0,0
STORE0006,SKU0073,2024-01-06,0,1,0
STORE0006,SKU0073,2024-01-07,0,1,0
STORE0006,SKU0073,2024-01-08,0,0,0
STORE0006,SKU0073,2024-01-09,0,0,0
STORE0006,SKU0073,2024-01-10,0,0,0
STORE0006,SKU0073,2024-01-11,0,0,0
STORE0006,SKU0073,2024-01-12,0,0,0
STORE0006,SKU0073,2024-01-13,0,1,0
STORE0006,SKU0073,2024-01-14,0,1,0
STORE0006,SKU0075,2024-01-01,0,0,0
STORE0006,SKU0075,2024-01-02,0,0,0
STORE0006,SKU0075,2024-01-03,0,0,0
STORE0006,SKU0075,2024-01-04,0,0,0
STORE0006,SKU0075,2024-01-05,0,0,0
STORE0006,SKU0075,2024-01-06,0,1,0
STORE0006,SKU0075,2024-01-07,0,1,0
STORE0006,SKU0075,2024-01-08,0,0,0
STORE0006,SKU0075,2024-01-09,0,0,0
STORE0006,SKU0075,2024-01-10,0,0,0
STORE0006,SKU0075,2024-01-11,0,0,0
STORE0006,SKU0075,2024-01-12,0,0,0
STORE0006,SKU0075,2024-01-13,0,1,0
STORE0006,SKU0075,2024-01-14,0,1,0
STORE0006,SKU0076,2024-01-01,0,0,0
STORE0006,SKU0076,2024-01-02,0,0,0
STORE0006,SKU0076,2024-01-03,0,0,0
STORE0006,SKU0076,2024-01-04,0,0,0
STORE0006,SKU0076,2024-01-05,0,0,0
STORE0006,SKU0076,2024-01-06,0,1,0
STORE0006,SKU0076,2024-01-07,0,1,0
STORE0006,SKU0076,2024-01-08,0,0,0
STORE0006,SKU0076,2024-01-09,0,0,0
STORE0006,SKU0076,2024-01-10,0,0,0
STORE0006,SKU0076,2024-01-11,0,0,0
STORE0006,SKU0076,2024-01-12,0,0,0
STORE0006,SKU0076,2024-01-13,0,1,0
STORE0006,SKU0076,2024-01-14,0,1,0
STORE0006,SKU0077,2024-01-01,0,0,0
STORE0006,SKU0077,2024-01-02,0,0,0
STORE0006,SKU0077,2024-01-03,0,0,0
STORE0006,SKU0077,2024-01-04,0,0,0
STORE0006,SKU0077,2024-01-05,0,0,0
STORE0006,SKU0077,2024-01-06,0,1,0
STORE0006,SKU0077,2024-01-07,0,1,0
STORE0006,SKU0077,2024-01-08,0,0,0
STORE0006,SKU0077,2024-01-09,0,0,0
STORE0006,SKU0077,2024-01-10,0,0,0
STORE0006,SKU0077,2024-01-11,0,0,0
STORE0006,SKU0077,2024-01-12,0,0,0
STORE0006,SKU0077,2024-01-13,0,1,0
STORE0006,SKU0077,2024-01-14,0,1,0
STORE0006,SKU0081,2024-01-01,0,0,0
STORE0006,SKU0081,2024-01-02,0,0,0
STORE0006,SKU0081,2024-01-03,0,0,0
STORE0006,SKU0081,2024-01-04,0,0,0
STORE0006,SKU0081,2024-01-05,0,0,0
STORE0006,SKU0081,2024-01-06,0,1,0
STORE0006,SKU0081,2024-01-07,0,1,0
STORE0006,SKU0081,2024-01-08,0,0,0
STORE0006,SKU0081,2024-01-09,0,0,0
STORE0006,SKU0081,2024-01-10,0,0,0
STORE0006,SKU0081,2024-01-11,0,0,0
STORE0006,SKU0081,2024-01-12,0,0,0
STORE0006,SKU0081,2024-01-13,0,1,0
STORE0006,SKU0081,2024-01-14,0,1,0
STORE0006,SKU0084,2024-01-01,0,0,0
STORE0006,SKU0084,2024-01-02,0,0,0
STORE0006,SKU0084,2024-01-03,0,0,0
STORE0006,SKU0084,2024-01-04,0,0,0
STORE0006,SKU0084,2024-01-05,0,0,0
STORE0006,SKU0084,2024-01-06,0,1,0
STORE0006,SKU0084,2024-01-07,0,1,0
STORE0006,SKU0084,2024-01-08,0,0,0
STORE0006,SKU0084,2024-01-09,0,0,0
STORE0006,SKU0084,2024-01-10,0,0,0
STORE0006,SKU0084,2024-01-11,0,0,0
STORE0006,SKU0084,2024-01-12,0,0,0
STORE0006,SKU0084,2024-01-13,0,1,0
STORE0006,SKU0084,2024-01-14,0,1,0
STORE0006,SKU0085,2024-01-01,0,0,0
STORE0006,SKU0085,2024-01-02,0,0,0
STORE0006,SKU0085,2024-01-03,0,0,0
STORE0006,SKU0085,2024-01-04,0,0,0
STORE0006,SKU0085,2024-01-05,0,0,0
STORE0006,SKU0085,2024-01-06,0,1,0
STORE0006,SKU0085,2024-01-07,0,1,0
STORE0006,SKU0085,2024-01-08,0,0,0
STORE0006,SKU0085,2024-01-09,0,0,0
STORE0006,SKU0085,2024-01-10,0,0,0
STORE0006,SKU0085,2024-01-11,0,0,0
STORE0006,SKU0085,2024-01-12,0,0,0
STORE0006,SKU0085,2024-01-13,0,1,0
STORE0006,SKU0085,2024-01-14,0,1,0
STORE0006,SKU0087,2024-01-01,0,0,0
STORE0006,SKU0087,2024-01-02,0,0,0
STORE0006,SKU0087,2024-01-03,0,0,0
STORE0006,SKU0087,2024-01-04,0,0,0
STORE0006,SKU0087,2024-01-05,0,0,0
STORE0006,SKU0087,2024-01-06,0,1,0
STORE0006,SKU0087,2024-01-07,0,1,0
STORE0006,SKU0087,2024-01-08,0,0,0
STORE0006,SKU0087,2024-01-09,0,0,0
STORE0006,SKU0087,2024-01-10,0,0,0
STORE0006,SKU0087,2024-01-11,0,0,0
STORE0006,SKU0087,2024-01-12,0,0,0
STORE0006,SKU0087,2024-01-13,0,1,0
STORE0006,SKU0087,2024-01-14,0,1,0
STORE0006,SKU0088,2024-01-01,0,0,0
STORE0006,SKU0088,2024-01-02,0,0,0
STORE0006,SKU0088,2024-01-03,0,0,0
STORE0006,SKU0088,2024-01-04,0,0,0
STORE0006,SKU0088,2024-01-05,0,0,0
STORE0006,SKU0088,2024-01-06,0,1,0
STORE0006,SKU0088,2024-01-07,0,1,0
STORE0006,SKU0088,2024-01-08,0,0,0
STORE0006,SKU0088,2024-01-09,0,0,0
STORE0006,SKU0088,2024-01-10,0,0,0
STORE0006,SKU0088,2024-01-11,0,0,0
STORE0006,SKU0088,2024-01-12,0,0,0
STORE0006,SKU0088,2024-01-13,0,1,0
STORE0006,SKU0088,2024-01-14,0,1,0
STORE0006,SKU0090,2024-01-01,0,0,0
STORE0006,SKU0090,2024-01-02,0,0,0
STORE0006,SKU0090,2024-01-03,0,0,0
STORE0006,SKU0090,2024-01-04,0,0,0
STORE0006,SKU0090,2024-01-05,0,0,0
STORE0006,SKU0090,2024-01-06,0,1,0
STORE0006,SKU0090,2024-01-07,0,1,0
STORE0006,SKU0090,2024-01-08,0,0,0
STORE0006,SKU0090,2024-01-09,0,0,0
STORE0006,SKU0090,2024-01-10,0,0,0
STORE0006,SKU0090,2024-01-11,0,0,0
STORE0006,SKU0090,2024-01-12,0,0,0
STORE0006,SKU0090,2024-01-13,0,1,0
STORE0006,SKU0090,2024-01-14,0,1,0
STORE0006,SKU0091,2024-01-01,0,0,0
STORE0006,SKU0091,2024-01-02,0,0,0
STORE0006,SKU0091,2024-01-03,0,0,0
STORE0006,SKU0091,2024-01-04,0,0,0
STORE0006,SKU0091,2024-01-05,0,0,0
STORE0006,SKU0091,2024-01-06,0,1,0
STORE0006,SKU0091,2024-01-07,0,1,0
STORE0006,SKU0091,2024-01-08,0,0,0
STORE0006,SKU0091,2024-01-09,0,0,0
STORE0006,SKU0091,2024-01-10,0,0,0
STORE0006,SKU0091,2024-01-11,0,0,0
STORE0006,SKU0091,2024-01-12,0,0,0
STORE0006,SKU0091,2024-01-13,0,1,0
STORE0006,SKU0091,2024-01-14,0,1,0
STORE0006,SKU0092,2024-01-01,0,0,0
STORE0006,SKU0092,2024-01-02,0,0,0
STORE0006,SKU0092,2024-01-03,0,0,0
STORE0006,SKU0092,2024-01-04,0,0,0
STORE0006,SKU0092,2024-01-05,0,0,0
STORE0006,SKU0092,2024-01-06,0,1,0
STORE0006,SKU0092,2024-01-07,0,1,0
STORE0006,SKU0092,2024-01-08,0,0,0
STORE0006,SKU0092,2024-01-09,0,0,0
STORE0006,SKU0092,2024-01-10,0,0,0
STORE0006,SKU0092,2024-01-11,0,0,0
STORE0006,SKU0092,2024-01-12,0,0,0
STORE0006,SKU0092,2024-01-13,0,1,0
STORE0006,SKU0092,2024-01-14,0,1,0
STORE0006,SKU0094,2024-01-01,0,0,0
STORE0006,SKU0094,2024-01-02,0,0,0
STORE0006,SKU0094,2024-01-03,0,0,0
STORE0006,SKU0094,2024-01-04,0,0,0
STORE0006,SKU0094,2024-01-05,0,0,0
STORE0006,SKU0094,2024-01-06,0,1,0
STORE0006,SKU0094,2024-01-07,0,1,0
STORE0006,SKU0094,2024-01-08,0,0,0
STORE0006,SKU0094,2024-01-09,0,0,0
STORE0006,SKU0094,2024-01-10,0,0,0
STORE0006,SKU0094,2024-01-11,0,0,0
STORE0006,SKU0094,2024-01-12,0,0,0
STORE0006,SKU0094,2024-01-13,0,1,0
STORE0006,SKU0094,2024-01-14,0,1,0
STORE0006,SKU0095,2024-01-01,0,0,0
STORE0006,SKU0095,2024-01-02,0,0,0
STORE0006,SKU0095,2024-01-03,0,0,0
STORE0006,SKU0095,2024-01-04,0,0,0
STORE0006,SKU0095,2024-01-05,0,0,0
STORE0006,SKU0095,2024-01-06,0,1,0
STORE0006,SKU0095,2024-01-07,0,1,0
STORE0006,SKU0095,2024-01-08,0,0,0
STORE0006,SKU0095,2024-01-09,0,0,0
STORE0006,SKU0095,2024-01-10,0,0,0
STORE0006,SKU0095,2024-01-11,0,0,0
STORE0006,SKU0095,2024-01-12,0,0,0
STORE0006,SKU0095,2024-01-13,0,1,0
STORE0006,SKU0095,2024-01-14,0,1,0
STORE0006,SKU0096,2024-01-01,0,0,0
STORE0006,SKU0096,2024-01-02,0,0,0
STORE0006,SKU0096,2024-01-03,0,0,0
STORE0006,SKU0096,2024-01-04,0,0,0
STORE0006,SKU0096,2024-01-05,0,0,0
STORE0006,SKU0096,2024-01-06,0,1,0
STORE0006,SKU0096,2024-01-07,0,1,0
STORE0006,SKU0096,2024-01-08,0,0,0
STORE0006,SKU0096,2024-01-09,0,0,0
STORE0006,SKU0096,2024-01-10,0,0,0
STORE0006,SKU0096,2024-01-11,0,0,0
STORE0006,SKU0096,2024-01-12,0,0,0
STORE0006,SKU0096,2024-01-13,0,1,0
STORE0006,SKU0096,2024-01-14,0,1,0
STORE0006,SKU0097,2024-01-01,0,0,0
STORE0006,SKU0097,2024-01-02,0,0,0
STORE0006,SKU0097,2024-01-03,0,0,0
STORE0006,SKU0097,2024-01-04,0,0,0
STORE0006,SKU0097,2024-01-05,0,0,0
STORE0006,SKU0097,2024-01-06,0,1,0
STORE0006,SKU0097,2024-01-07,0,1,0
STORE0006,SKU0097,2024-01-08,0,0,0
STORE0006,SKU0097,2024-01-09,0,0,0
STORE0006,SKU0097,2024-01-10,0,0,0
STORE0006,SKU0097,2024-01-11,0,0,0
STORE0006,SKU0097,2024-01-12,0,0,0
STORE0006,SKU0097,2024-01-13,0,1,0
STORE0006,SKU0097,2024-01-14,0,1,0
STORE0006,SKU0098,2024-01-01,0,0,0
STORE0006,SKU0098,2024-01-02,0,0,0
STORE0006,SKU0098,2024-01-03,0,0,0
STORE0006,SKU0098,2024-01-04,0,0,0
STORE0006,SKU0098,2024-01-05,0,0,0
STORE0006,SKU0098,2024-01-06,0,1,0
STORE0006,SKU0098,2024-01-07,0,1,0
STORE0006,SKU0098,2024-01-08,0,0,0
STORE0006,SKU0098,2024-01-09,0,0,0
STORE0006,SKU0098,2024-01-10,0,0,0
STORE0006,SKU0098,2024-01-11,0,0,0
STORE0006,SKU0098,2024-01-12,0,0,0
STORE0006,SKU0098,2024-01-13,0,1,0
STORE0006,SKU0098,2024-01-14,0,1,0
STORE0006,SKU0099,2024-01-01,0,0,0
STORE0006,SKU0099,2024-01-02,0,0,0
STORE0006,SKU0099,2024-01-03,0,0,0
STORE0006,SKU0099,2024-01-04,0,0,0
STORE0006,SKU0099,2024-01-05,0,0,0
STORE0006,SKU0099,2024-01-06,0,1,0
STORE0006,SKU0099,2024-01-07,0,1,0
STORE0006,SKU0099,2024-01-08,0,0,0
STORE0006,SKU0099,2024-01-09,0,0,0
STORE0006,SKU0099,2024-01-10,0,0,0
STORE0006,SKU0099,2024-01-11,0,0,0
STORE0006,SKU0099,2024-01-12,0,0,0
STORE0006,SKU0099,2024-01-13,0,1,0
STORE0006,SKU0099,2024-01-14,0,1,0
STORE0006,SKU0100,2024-01-01,0,0,0
STORE0006,SKU0100,2024-01-02,0,0,0
STORE0006,SKU0100,2024-01-03,0,0,0
STORE0006,SKU0100,2024-01-04,0,0,0
STORE0006,SKU0100,2024-01-05,0,0,0
STORE0006,SKU0100,2024-01-06,0,1,0
STORE0006,SKU0100,2024-01-07,0,1,0
STORE0006,SKU0100,2024-01-08,0,0,0
STORE0006,SKU0100,2024-01-09,0,0,0
STORE0006,SKU0100,2024-01-10,0,0,0
STORE0006,SKU0100,2024-01-11,0,0,0
STORE0006,SKU0100,2024-01-12,0,0,0
STORE0006,SKU0100,2024-01-13,0,1,0
STORE0006,SKU0100,2024-01-14,0,1,0
STORE0006,SKU0101,2024-01-01,0,0,0
STORE0006,SKU0101,2024-01-02,0,0,0
STORE0006,SKU0101,2024-01-03,0,0,0
STORE0006,SKU0101,2024-01-04,0,0,0
STORE0006,SKU0101,2024-01-05,0,0,0
STORE0006,SKU0101,2024-01-06,0,1,0
STORE0006,SKU0101,2024-01-07,0,1,0
STORE0006,SKU0101,2024-01-08,0,0,0
STORE0006,SKU0101,2024-01-09,0,0,0
STORE0006,SKU0101,2024-01-10,0,0,0
STORE0006,SKU0101,2024-01-11,0,0,0
STORE0006,SKU0101,2024-01-12,0,0,0
STORE0006,SKU0101,2024-01-13,0,1,0
STORE0006,SKU0101,2024-01-14,0,1,0
STORE0006,SKU0102,2024-01-01,0,0,0
STORE0006,SKU0102,2024-01-02,0,0,0
STORE0006,SKU0102,2024-01-03,0,0,0
STORE0006,SKU0102,2024-01-04,0,0,0
STORE0006,SKU0102,2024-01-05,0,0,0
STORE0006,SKU0102,2024-01-06,0,1,0
STORE0006,SKU0102,2024-01-07,0,1,0
STORE0006,SKU0102,2024-01-08,0,0,0
STORE0006,SKU0102,2024-01-09,0,0,0
STORE0006,SKU0102,2024-01-10,0,0,0
STORE0006,SKU0102,2024-01-11,0,0,0
STORE0006,SKU0102,2024-01-12,0,0,0
STORE0006,SKU0102,2024-01-13,0,1,0
STORE0006,SKU0102,2024-01-14,0,1,0
STORE0007,SKU0001,2024-01-01,0,0,0
STORE0007,SKU0001,2024-01-02,0,0,0
STORE0007,SKU0001,2024-01-03,0,0,0
STORE0007,SKU0001,2024-01-04,0,0,0
STORE0007,SKU0001,2024-01-05,0,0,0
STORE0007,SKU0001,2024-01-06,0,1,0
STORE0007,SKU0001,2024-01-07,0,1,0
STORE0007,SKU0001,2024-01-08,0,0,0
STORE0007,SKU0001,2024-01-09,0,0,0
STORE0007,SKU0001,2024-01-10,0,0,0
STORE0007,SKU0001,2024-01-11,0,0,0
STORE0007,SKU0001,2024-01-12,0,0,0
STORE0007,SKU0001,2024-01-13,0,1,0
STORE0007,SKU0001,2024-01-14,0,1,0
STORE0007,SKU0002,2024-01-01,0,0,0
STORE0007,SKU0002,2024-01-02,0,0,0
STORE0007,SKU0002,2024-01-03,0,0,0
STORE0007,SKU0002,2024-01-04,0,0,0
STORE0007,SKU0002,2024-01-05,0,0,0
STORE0007,SKU0002,2024-01-06,0,1,0
STORE0007,SKU0002,2024-01-07,0,1,0
STORE0007,SKU0002,2024-01-08,0,0,0
STORE0007,SKU0002,2024-01-09,0,0,0
STORE0007,SKU0002,2024-01-10,0,0,0
STORE0007,SKU0002,2024-01-11,0,0,0
STORE0007,SKU0002,2024-01-12,0,0,0
STORE0007,SKU0002,2024-01-13,0,1,0
STORE0007,SKU0002,2024-01-14,0,1,0
STORE0007,SKU0003,2024-01-01,0,0,0
STORE0007,SKU0003,2024-01-02,0,0,0
STORE0007,SKU0003,2024-01-03,0,0,0
STORE0007,SKU0003,2024-01-04,0,0,0
STORE0007,SKU0003,2024-01-05,0,0,0
STORE0007,SKU0003,2024-01-06,0,1,0
STORE0007,SKU0003,2024-01-07,0,1,0
STORE0007,SKU0003,2024-01-08,0,0,0
STORE0007,SKU0003,2024-01-09,0,0,0
STORE0007,SKU0003,2024-01-10,0,0,0
STORE0007,SKU0003,2024-01-11,0,0,0
STORE0007,SKU0003,2024-01-12,0,0,0
STORE0007,SKU0003,2024-01-13,0,1,0
STORE0007,SKU0003,2024-01-14,0,1,0
STORE0007,SKU0004,2024-01-01,0,0,0
STORE0007,SKU0004,2024-01-02,0,0,0
STORE0007,SKU0004,2024-01-03,0,0,0
STORE0007,SKU0004,2024-01-04,0,0,0
STORE0007,SKU0004,2024-01-05,0,0,0
STORE0007,SKU0004,2024-01-06,0,1,0
STORE0007,SKU0004,2024-01-07,0,1,0
STORE0007,SKU0004,2024-01-08,0,0,0
STORE0007,SKU0004,2024-01-09,0,0,0
STORE0007,SKU0004,2024-01-10,0,0,0
STORE0007,SKU0004,2024-01-11,0,0,0
STORE0007,SKU0004,2024-01-12,0,0,0
STORE0007,SKU0004,2024-01-13,0,1,0
STORE0007,SKU0004,2024-01-14,0,1,0
STORE0007,SKU0006,2024-01-01,0,0,0
STORE0007,SKU0006,2024-01-02,0,0,0
STORE0007,SKU0006,2024-01-03,0,0,0
STORE0007,SKU0006,2024-01-04,0,0,0
STORE0007,SKU0006,2024-01-05,0,0,0
STORE0007,SKU0006,2024-01-06,0,1,0
STORE0007,SKU0006,2024-01-07,0,1,0
STORE0007,SKU0006,2024-01-08,0,0,0
STORE0007,SKU0006,2024-01-09,0,0,0
STORE0007,SKU0006,2024-01-10,0,0,0
STORE0007,SKU0006,2024-01-11,0,0,0
STORE0007,SKU0006,2024-01-12,0,0,0
STORE0007,SKU0006,2024-01-13,0,1,0
STORE0007,SKU0006,2024-01-14,0,1,0
STORE0007,SKU0008,2024-01-01,0,0,0
STORE0007,SKU0008,2024-01-02,0,0,0
STORE0007,SKU0008,2024-01-03,0,0,0
STORE0007,SKU0008,2024-01-04,0,0,0
STORE0007,SKU0008,2024-01-05,0,0,0
STORE0007,SKU0008,2024-01-06,0,1,0
STORE0007,SKU0008,2024-01-07,0,1,0
STORE0007,SKU0008,2024-01-08,0,0,0
STORE0007,SKU0008,2024-01-09,0,0,0
STORE0007,SKU0008,2024-01-10,0,0,0
STORE0007,SKU0008,2024-01-11,0,0,0
STORE0007,SKU0008,2024-01-12,0,0,0
STORE0007,SKU0008,2024-01-13,0,1,0
STORE0007,SKU0008,2024-01-14,0,1,0
STORE0007,SKU0009,2024-01-01,0,0,0
STORE0007,SKU0009,2024-01-02,0,0,0
STORE0007,SKU0009,2024-01-03,0,0,0
STORE0007,SKU0009,2024-01-04,0,0,0
STORE0007,SKU0009,2024-01-05,0,0,0
STORE0007,SKU0009,2024-01-06,0,1,0
STORE0007,SKU0009,2024-01-07,0,1,0
STORE0007,SKU0009,2024-01-08,0,0,0
STORE0007,SKU0009,2024-01-09,0,0,0
STORE0007,SKU0009,2024-01-10,0,0,0
STORE0007,SKU0009,2024-01-11,0,0,0
STORE0007,SKU0009,2024-01-12,0,0,0
STORE0007,SKU0009,2024-01-13,0,1,0
STORE0007,SKU0009,2024-01-14,0,1,0
STORE0007,SKU0011,2024-01-01,0,0,0
STORE0007,SKU0011,2024-01-02,0,0,0
STORE0007,SKU0011,2024-01-03,0,0,0
STORE0007,SKU0011,2024-01-04,0,0,0
STORE0007,SKU0011,2024-01-05,0,0,0
STORE0007,SKU0011,2024-01-06,0,1,0
STORE0007,SKU0011,2024-01-07,0,1,0
STORE0007,SKU0011,2024-01-08,0,0,0
STORE0007,SKU0011,2024-01-09,0,0,0
STORE0007,SKU0011,2024-01-10,0,0,0
STORE0007,SKU0011,2024-01-11,0,0,0
STORE0007,SKU0011,2024-01-12,0,0,0
STORE0007,SKU0011,2024-01-13,0,1,0
STORE0007,SKU0011,2024-01-14,0,1,0
STORE0007,SKU0012,2024-01-01,0,0,0
STORE0007,SKU0012,2024-01-02,0,0,0
STORE0007,SKU0012,2024-01-03,0,0,0
STORE0007,SKU0012,2024-01-04,0,0,0
STORE0007,SKU0012,2024-01-05,0,0,0
STORE0007,SKU0012,2024-01-06,0,1,0
STORE0007,SKU0012,2024-01-07,0,1,0
STORE0007,SKU0012,2024-01-08,0,0,0
STORE0007,SKU0012,2024-01-09,0,0,0
STORE0007,SKU0012,2024-01-10,0,0,0
STORE0007,SKU0012,2024-01-11,0,0,0
STORE0007,SKU0012,2024-01-12,0,0,0
STORE0007,SKU0012,2024-01-13,0,1,0
STORE0007,SKU0012,2024-01-14,0,1,0
STORE0007,SKU0013,2024-01-01,0,0,0
STORE0007,SKU0013,2024-01-02,0,0,0
STORE0007,SKU0013,2024-01-03,0,0,0
STORE0007,SKU0013,2024-01-04,0,0,0
STORE0007,SKU0013,2024-01-05,0,0,0
STORE0007,SKU0013,2024-01-06,0,1,0
STORE0007,SKU0013,2024-01-07,0,1,0
STORE0007,SKU0013,2024-01-08,0,0,0
STORE0007,SKU0013,2024-01-09,0,0,0
STORE0007,SKU0013,2024-01-10,0,0,0
STORE0007,SKU0013,2024-01-11,0,0,0
STORE0007,SKU0013,2024-01-12,0,0,0
STORE0007,SKU0013,2024-01-13,0,1,0
STORE0007,SKU0013,2024-01-14,0,1,0
STORE0007,SKU0015,2024-01-01,0,0,0
STORE0007,SKU0015,2024-01-02,0,0,0
STORE0007,SKU0015,2024-01-03,0,0,0
STORE0007,SKU0015,2024-01-04,0,0,0
STORE0007,SKU0015,2024-01-05,0,0,0
STORE0007,SKU0015,2024-01-06,0,1,0
STORE0007,SKU0015,2024-01-07,0,1,0
STORE0007,SKU0015,2024-01-08,0,0,0
STORE0007,SKU0015,2024-01-09,0,0,0
STORE0007,SKU0015,2024-01-10,0,0,0
STORE0007,SKU0015,2024-01-11,0,0,0
STORE0007,SKU0015,2024-01-12,0,0,0
STORE0007,SKU0015,2024-01-13,0,1,0
STORE0007,SKU0015,2024-01-14,0,1,0
STORE0007,SKU0016,2024-01-01,0,0,0
STORE0007,SKU0016,2024-01-02,0,0,0
STORE0007,SKU0016,2024-01-03,0,0,0
STORE0007,SKU0016,2024-01-04,0,0,0
STORE0007,SKU0016,2024-01-05,0,0,0
STORE0007,SKU0016,2024-01-06,0,1,0
STORE0007,SKU0016,2024-01-07,0,1,0
STORE0007,SKU0016,2024-01-08,0,0,0
STORE0007,SKU0016,2024-01-09,0,0,0
STORE0007,SKU0016,2024-01-10,0,0,0
STORE0007,SKU0016,2024-01-11,0,0,0
STORE0007,SKU0016,2024-01-12,0,0,0
STORE0007,SKU0016,2024-01-13,0,1,0
STORE0007,SKU0016,2024-01-14,0,1,0
STORE0007,SKU0018,2024-01-01,0,0,0
STORE0007,SKU0018,2024-01-02,0,0,0
STORE0007,SKU0018,2024-01-03,0,0,0
STORE0007,SKU0018,2024-01-04,0,0,0
STORE0007,SKU0018,2024-01-05,0,0,0
STORE0007,SKU0018,2024-01-06,0,1,0
STORE0007,SKU0018,2024-01-07,0,1,0
STORE0007,SKU0018,2024-01-08,0,0,0
STORE0007,SKU0018,2024-01-09,0,0,0
STORE0007,SKU0018,2024-01-10,0,0,0
STORE0007,SKU0018,2024-01-11,0,0,0
STORE0007,SKU0018,2024-01-12,0,0,0
STORE0007,SKU0018,2024-01-13,0,1,0
STORE0007,SKU0018,2024-01-14,0,1,0
STORE0007,SKU0020,2024-01-01,0,0,0
STORE0007,SKU0020,2024-01-02,0,0,0
STORE0007,SKU0020,2024-01-03,0,0,0
STORE0007,SKU0020,2024-01-04,0,0,0
STORE0007,SKU0020,2024-01-05,0,0,0
STORE0007,SKU0020,2024-01-06,0,1,0
STORE0007,SKU0020,2024-01-07,0,1,0
STORE0007,SKU0020,2024-01-08,0,0,0
STORE0007,SKU0020,2024-01-09,0,0,0
STORE0007,SKU0020,2024-01-10,0,0,0
STORE0007,SKU0020,2024-01-11,0,0,0
STORE0007,SKU0020,2024-01-12,0,0,0
STORE0007,SKU0020,2024-01-13,0,1,0
STORE0007,SKU0020,2024-01-14,0,1,0
STORE0007,SKU0022,2024-01-01,0,0,0
STORE0007,SKU0022,2024-01-02,0,0,0
STORE0007,SKU0022,2024-01-03,0,0,0
STORE0007,SKU0022,2024-01-04,0,0,0
STORE0007,SKU0022,2024-01-05,0,0,0
STORE0007,SKU0022,2024-01-06,0,1,0
STORE0007,SKU0022,2024-01-07,0,1,0
STORE0007,SKU0022,2024-01-08,0,0,0
STORE0007,SKU0022,2024-01-09,0,0,0
STORE0007,SKU0022,2024-01-10,0,0,0
STORE0007,SKU0022,2024-01-11,0,0,0
STORE0007,SKU0022,2024-01-12,0,0,0
STORE0007,SKU0022,2024-01-13,0,1,0
STORE0007,SKU0022,2024-01-14,0,1,0
STORE0007,SKU0023,2024-01-01,0,0,0
STORE0007,SKU0023,2024-01-02,0,0,0
STORE0007,SKU0023,2024-01-03,0,0,0
STORE0007,SKU0023,2024-01-04,0,0,0
STORE0007,SKU0023,2024-01-05,0,0,0
STORE0007,SKU0023,2024-01-06,0,1,0
STORE0007,SKU0023,2024-01-07,0,1,0
STORE0007,SKU0023,2024-01-08,0,0,0
STORE0007,SKU0023,2024-01-09,0,0,0
STORE0007,SKU0023,2024-01-10,0,0,0
STORE0007,SKU0023,2024-01-11,0,0,0
STORE0007,SKU0023,2024-01-12,0,0,0
STORE0007,SKU0023,2024-01-13,0,1,0
STORE0007,SKU0023,2024-01-14,0,1,0
STORE0007,SKU0024,2024-01-01,0,0,0
STORE0007,SKU0024,2024-01-02,0,0,0
STORE0007,SKU0024,2024-01-03,0,0,0
STORE0007,SKU0024,2024-01-04,0,0,0
STORE0007,SKU0024,2024-01-05,0,0,0
STORE0007,SKU0024,2024-01-06,0,1,0
STORE0007,SKU0024,2024-01-07,0,1,0
STORE0007,SKU0024,2024-01-08,0,0,0
STORE0007,SKU0024,2024-01-09,0,0,0
STORE0007,SKU0024,2024-01-10,0,0,0
STORE0007,SKU0024,2024-01-11,0,0,0
STORE0007,SKU0024,2024-01-12,0,0,0
STORE0007,SKU0024,2024-01-13,0,1,0
STORE0007,SKU0024,2024-01-14,0,1,0
STORE0007,SKU0025,2024-01-01,0,0,0
STORE0007,SKU0025,2024-01-02,0,0,0
STORE0007,SKU0025,2024-01-03,0,0,0
STORE0007,SKU0025,2024-01-04,0,0,0
STORE0007,SKU0025,2024-01-05,0,0,0
STORE0007,SKU0025,2024-01-06,0,1,0
STORE0007,SKU0025,2024-01-07,0,1,0
STORE0007,SKU0025,2024-01-08,0,0,0
STORE0007,SKU0025,2024-01-09,0,0,0
STORE0007,SKU0025,2024-01-10,0,0,0
STORE0007,SKU0025,2024-01-11,0,0,0
STORE0007,SKU0025,2024-01-12,0,0,0
STORE0007,SKU0025,2024-01-13,0,1,0
STORE0007,SKU0025,2024-01-14,0,1,0
STORE0007,SKU0026,2024-01-01,0,0,0
STORE0007,SKU0026,2024-01-02,0,0,0
STORE0007,SKU0026,2024-01-03,0,0,0
STORE0007,SKU0026,2024-01-04,0,0,0
STORE0007,SKU0026,2024-01-05,0,0,0
STORE0007,SKU0026,2024-01-06,0,1,0
STORE0007,SKU0026,2024-01-07,0,1,0
STORE0007,SKU0026,2024-01-08,0,0,0
STORE0007,SKU0026,2024-01-09,0,0,0
STORE0007,SKU0026,2024-01-10,0,0,0
STORE0007,SKU0026,2024-01-11,0,0,0
STORE0007,SKU0026,2024-01-12,0,0,0
STORE0007,SKU0026,2024-01-13,0,1,0
STORE0007,SKU0026,2024-01-14,0,1,0
STORE0007,SKU0027,2024-01-01,0,0,0
STORE0007,SKU0027,2024-01-02,0,0,0
STORE0007,SKU0027,2024-01-03,0,0,0
STORE0007,SKU0027,2024-01-04,0,0,0
STORE0007,SKU0027,2024-01-05,0,0,0
STORE0007,SKU0027,2024-01-06,0,1,0
STORE0007,SKU0027,2024-01-07,0,1,0
STORE0007,SKU0027,2024-01-08,0,0,0
STORE0007,SKU0027,2024-01-09,0,0,0
STORE0007,SKU0027,2024-01-10,0,0,0
STORE0007,SKU0027,2024-01-11,0,0,0
STORE0007,SKU0027,2024-01-12,0,0,0
STORE0007,SKU0027,2024-01-13,0,1,0
STORE0007,SKU0027,2024-01-14,0,1,0
STORE0007,SKU0028,2024-01-01,0,0,0
STORE0007,SKU0028,2024-01-02,0,0,0
STORE0007,SKU0028,2024-01-03,0,0,0
STORE0007,SKU0028,2024-01-04,0,0,0
STORE0007,SKU0028,2024-01-05,0,0,0
STORE0007,SKU0028,2024-01-06,0,1,0
STORE0007,SKU0028,2024-01-07,0,1,0
STORE0007,SKU0028,2024-01-08,0,0,0
STORE0007,SKU0028,2024-01-09,0,0,0
STORE0007,SKU0028,2024-01-10,0,0,0
STORE0007,SKU0028,2024-01-11,0,0,0
STORE0007,SKU0028,2024-01-12,0,0,0
STORE0007,SKU0028,2024-01-13,0,1,0
STORE0007,SKU0028,2024-01-14,0,1,0
STORE0007,SKU0029,2024-01-01,0,0,0
STORE0007,SKU0029,2024-01-02,0,0,0
STORE0007,SKU0029,2024-01-03,0,0,0
STORE0007,SKU0029,2024-01-04,0,0,0
STORE0007,SKU0029,2024-01-05,0,0,0
STORE0007,SKU0029,2024-01-06,0,1,0
STORE0007,SKU0029,2024-01-07,0,1,0
STORE0007,SKU0029,2024-01-08,0,0,0
STORE0007,SKU0029,2024-01-09,0,0,0
STORE0007,SKU0029,2024-01-10,0,0,0
STORE0007,SKU0029,2024-01-11,0,0,0
STORE0007,SKU0029,2024-01-12,0,0,0
STORE0007,SKU0029,2024-01-13,0,1,0
STORE0007,SKU0029,2024-01-14,0,1,0
STORE0007,SKU0030,2024-01-01,0,0,0
STORE0007,SKU0030,2024-01-02,0,0,0
STORE0007,SKU0030,2024-01-03,0,0,0
STORE0007,SKU0030,2024-01-04,0,0,0
STORE0007,SKU0030,2024-01-05,0,0,0
STORE0007,SKU0030,2024-01-06,0,1,0
STORE0007,SKU0030,2024-01-07,0,1,0
STORE0007,SKU0030,2024-01-08,0,0,0
STORE0007,SKU0030,2024-01-09,0,0,0
STORE0007,SKU0030,2024-01-10,0,0,0
STORE0007,SKU0030,2024-01-11,0,0,0
STORE0007,SKU0030,2024-01-12,0,0,0
STORE0007,SKU0030,2024-01-13,0,1,0
STORE0007,SKU0030,2024-01-14,0,1,0
STORE0007,SKU0031,2024-01-01,0,0,0
STORE0007,SKU0031,2024-01-02,0,0,0
STORE0007,SKU0031,2024-01-03,0,0,0
STORE0007,SKU0031,2024-01-04,0,0,0
STORE0007,SKU0031,2024-01-05,0,0,0
STORE0007,SKU0031,2024-01-06,0,1,0
STORE0007,SKU0031,2024-01-07,0,1,0
STORE0007,SKU0031,2024-01-08,0,0,0
STORE0007,SKU0031,2024-01-09,0,0,0
STORE0007,SKU0031,2024-01-10,0,0,0
STORE0007,SKU0031,2024-01-11,0,0,0
STORE0007,SKU0031,2024-01-12,0,0,0
STORE0007,SKU0031,2024-01-13,0,1,0
STORE0007,SKU0031,2024-01-14,0,1,0
STORE0007,SKU0032,2024-01-01,0,0,0
STORE0007,SKU0032,2024-01-02,0,0,0
STORE0007,SKU0032,2024-01-03,0,0,0
STORE0007,SKU0032,2024-01-04,0,0,0
STORE0007,SKU0032,2024-01-05,0,0,0
STORE0007,SKU0032,2024-01-06,0,1,0
STORE0007,SKU0032,2024-01-07,0,1,0
STORE0007,SKU0032,2024-01-08,0,0,0
STORE0007,SKU0032,2024-01-09,0,0,0
STORE0007,SKU0032,2024-01-10,0,0,0
STORE0007,SKU0032,2024-01-11,0,0,0
STORE0007,SKU0032,2024-01-12,0,0,0
STORE0007,SKU0032,2024-01-13,0,1,0
STORE0007,SKU0032,2024-01-14,0,1,0
STORE0007,SKU0034,2024-01-01,0,0,0
STORE0007,SKU0034,2024-01-02,0,0,0
STORE0007,SKU0034,2024-01-03,0,0,0
STORE0007,SKU0034,2024-01-04,0,0,0
STORE0007,SKU0034,2024-01-05,0,0,0
STORE0007,SKU0034,2024-01-06,0,1,0
STORE0007,SKU0034,2024-01-07,0,1,0
STORE0007,SKU0034,2024-01-08,0,0,0
STORE0007,SKU0034,2024-01-09,0,0,0
STORE0007,SKU0034,2024-01-10,0,0,0
STORE0007,SKU0034,2024-01-11,0,0,0
STORE0007,SKU0034,2024-01-12,0,0,0
STORE0007,SKU0034,2024-01-13,0,1,0
STORE0007,SKU0034,2024-01-14,0,1,0
STORE0007,SKU0035,2024-01-01,0,0,0
STORE0007,SKU0035,2024-01-02,0,0,0
STORE0007,SKU0035,2024-01-03,0,0,0
STORE0007,SKU0035,2024-01-04,0,0,0
STORE0007,SKU0035,2024-01-05,0,0,0
STORE0007,SKU0035,2024-01-06,0,1,0
STORE0007,SKU0035,2024-01-07,0,1,0
STORE0007,SKU0035,2024-01-08,0,0,0
STORE0007,SKU0035,2024-01-09,0,0,0
STORE0007,SKU0035,2024-01-10,0,0,0
STORE0007,SKU0035,2024-01-11,0,0,0
STORE0007,SKU0035,2024-01-12,0,0,0
STORE0007,SKU0035,2024-01-13,0,1,0
STORE0007,SKU0035,2024-01-14,0,1,0
STORE0007,SKU0036,2024-01-01,0,0,0
STORE0007,SKU0036,2024-01-02,0,0,0
STORE0007,SKU0036,2024-01-03,0,0,0
STORE0007,SKU0036,2024-01-04,0,0,0
STORE0007,SKU0036,2024-01-05,0,0,0
STORE0007,SKU0036,2024-01-06,0,1,0
STORE0007,SKU0036,2024-01-07,0,1,0
STORE0007,SKU0036,2024-01-08,0,0,0
STORE0007,SKU0036,2024-01-09,0,0,0
STORE0007,SKU0036,2024-01-10,0,0,0
STORE0007,SKU0036,2024-01-11,0,0,0
STORE0007,SKU0036,2024-01-12,0,0,0
STORE0007,SKU0036,2024-01-13,0,1,0
STORE0007,SKU0036,2024-01-14,0,1,0
STORE0007,SKU0037,2024-01-01,0,0,0
STORE0007,SKU0037,2024-01-02,0,0,0
STORE0007,SKU0037,2024-01-03,0,0,0
STORE0007,SKU0037,2024-01-04,0,0,0
STORE0007,SKU0037,2024-01-05,0,0,0
STORE0007,SKU0037,2024-01-06,0,1,0
STORE0007,SKU0037,2024-01-07,0,1,0
STORE0007,SKU0037,2024-01-08,0,0,0
STORE0007,SKU0037,2024-01-09,0,0,0
STORE0007,SKU0037,2024-01-10,0,0,0
STORE0007,SKU0037,2024-01-11,0,0,0
STORE0007,SKU0037,2024-01-12,0,0,0
STORE0007,SKU0037,2024-01-13,0,1,0
STORE0007,SKU0037,2024-01-14,0,1,0
STORE0007,SKU0038,2024-01-01,0,0,0
STORE0007,SKU0038,2024-01-02,0,0,0
STORE0007,SKU0038,2024-01-03,0,0,0
STORE0007,SKU0038,2024-01-04,0,0,0
STORE0007,SKU0038,2024-01-05,0,0,0
STORE0007,SKU0038,2024-01-06,0,1,0
STORE0007,SKU0038,2024-01-07,0,1,0
STORE0007,SKU0038,2024-01-08,0,0,0
STORE0007,SKU0038,2024-01-09,0,0,0
STORE0007,SKU0038,2024-01-10,0,0,0
STORE0007,SKU0038,2024-01-11,0,0,0
STORE0007,SKU0038,2024-01-12,0,0,0
STORE0007,SKU0038,2024-01-13,0,1,0
STORE0007,SKU0038,2024-01-14,0,1,0
STORE0007,SKU0039,2024-01-01,0,0,0
STORE0007,SKU0039,2024-01-02,0,0,0
STORE0007,SKU0039,2024-01-03,0,0,0
STORE0007,SKU0039,2024-01-04,0,0,0
STORE0007,SKU0039,2024-01-05,0,0,0
STORE0007,SKU0039,2024-01-06,0,1,0
STORE0007,SKU0039,2024-01-07,0,1,0
STORE0007,SKU0039,2024-01-08,0,0,0
STORE0007,SKU0039,2024-01-09,0,0,0
STORE0007,SKU0039,2024-01-10,0,0,0
STORE0007,SKU0039,2024-01-11,0,0,0
STORE0007,SKU0039,2024-01-12,0,0,0
STORE0007,SKU0039,2024-01-13,0,1,0
STORE0007,SKU0039,2024-01-14,0,1,0
STORE0007,SKU0040,2024-01-01,0,0,0
STORE0007,SKU0040,2024-01-02,0,0,0
STORE0007,SKU0040,2024-01-03,0,0,0
STORE0007,SKU0040,2024-01-04,0,0,0
STORE0007,SKU0040,2024-01-05,0,0,0
STORE0007,SKU0040,2024-01-06,0,1,0
STORE0007,SKU0040,2024-01-07,0,1,0
STORE0007,SKU0040,2024-01-08,0,0,0
STORE0007,SKU0040,2024-01-09,0,0,0
STORE0007,SKU0040,2024-01-10,0,0,0
STORE0007,SKU0040,2024-01-11,0,0,0
STORE0007,SKU0040,2024-01-12,0,0,0
STORE0007,SKU0040,2024-01-13,0,1,0
STORE0007,SKU0040,2024-01-14,0,1,0
STORE0007,SKU0043,2024-01-01,0,0,0
STORE0007,SKU0043,2024-01-02,0,0,0
STORE0007,SKU0043,2024-01-03,0,0,0
STORE0007,SKU0043,2024-01-04,0,0,0
STORE0007,SKU0043,2024-01-05,0,0,0
STORE0007,SKU0043,2024-01-06,0,1,0
STORE0007,SKU0043,2024-01-07,0,1,0
STORE0007,SKU0043,2024-01-08,0,0,0
STORE0007,SKU0043,2024-01-09,0,0,0
STORE0007,SKU0043,2024-01-10,0,0,0
STORE0007,SKU0043,2024-01-11,0,0,0
STORE0007,SKU0043,2024-01-12,0,0,0
STORE0007,SKU0043,2024-01-13,0,1,0
STORE0007,SKU0043,2024-01-14,0,1,0
STORE0007,SKU0044,2024-01-01,0,0,0
STORE0007,SKU0044,2024-01-02,0,0,0
STORE0007,SKU0044,2024-01-03,0,0,0
STORE0007,SKU0044,2024-01-04,0,0,0
STORE0007,SKU0044,2024-01-05,0,0,0
STORE0007,SKU0044,2024-01-06,0,1,0
STORE0007,SKU0044,2024-01-07,0,1,0
STORE0007,SKU0044,2024-01-08,0,0,0
STORE0007,SKU0044,2024-01-09,0,0,0
STORE0007,SKU0044,2024-01-10,0,0,0
STORE0007,SKU0044,2024-01-11,0,0,0
STORE0007,SKU0044,2024-01-12,0,0,0
STORE0007,SKU0044,2024-01-13,0,1,0
STORE0007,SKU0044,2024-01-14,0,1,0
STORE0007,SKU0045,2024-01-01,0,0,0
STORE0007,SKU0045,2024-01-02,0,0,0
STORE0007,SKU0045,2024-01-03,0,0,0
STORE0007,SKU0045,2024-01-04,0,0,0
STORE0007,SKU0045,2024-01-05,0,0,0
STORE0007,SKU0045,2024-01-06,0,1,0
STORE0007,SKU0045,2024-01-07,0,1,0
STORE0007,SKU0045,2024-01-08,0,0,0
STORE0007,SKU0045,2024-01-09,0,0,0
STORE0007,SKU0045,2024-01-10,0,0,0
STORE0007,SKU0045,2024-01-11,0,0,0
STORE0007,SKU0045,2024-01-12,0,0,0
STORE0007,SKU0045,2024-01-13,0,1,0
STORE0007,SKU0045,2024-01-14,0,1,0
STORE0007,SKU0046,2024-01-01,0,0,0
STORE0007,SKU0046,2024-01-02,0,0,0
STORE0007,SKU0046,2024-01-03,0,0,0
STORE0007,SKU0046,2024-01-04,0,0,0
STORE0007,SKU0046,2024-01-05,0,0,0
STORE0007,SKU0046,2024-01-06,0,1,0
STORE0007,SKU0046,2024-01-07,0,1,0
STORE0007,SKU0046,2024-01-08,0,0,0
STORE0007,SKU0046,2024-01-09,0,0,0
STORE0007,SKU0046,2024-01-10,0,0,0
STORE0007,SKU0046,2024-01-11,0,0,0
STORE0007,SKU0046,2024-01-12,0,0,0
STORE0007,SKU0046,2024-01-13,0,1,0
STORE0007,SKU0046,2024-01-14,0,1,0
STORE0007,SKU0047,2024-01-01,0,0,0
STORE0007,SKU0047,2024-01-02,0,0,0
STORE0007,SKU0047,2024-01-03,0,0,0
STORE0007,SKU0047,2024-01-04,0,0,0
STORE0007,SKU0047,2024-01-05,0,0,0
STORE0007,SKU0047,2024-01-06,0,1,0
STORE0007,SKU0047,2024-01-07,0,1,0
STORE0007,SKU0047,2024-01-08,0,0,0
STORE0007,SKU0047,2024-01-09,0,0,0
STORE0007,SKU0047,2024-01-10,0,0,0
STORE0007,SKU0047,2024-01-11,0,0,0
STORE0007,SKU0047,2024-01-12,0,0,0
STORE0007,SKU0047,2024-01-13,0,1,0
STORE0007,SKU0047,2024-01-14,0,1,0
STORE0007,SKU0048,2024-01-01,0,0,0
STORE0007,SKU0048,2024-01-02,0,0,0
STORE0007,SKU0048,2024-01-03,0,0,0
STORE0007,SKU0048,2024-01-04,0,0,0
STORE0007,SKU0048,2024-01-05,0,0,0
STORE0007,SKU0048,2024-01-06,0,1,0
STORE0007,SKU0048,2024-01-07,0,1,0
STORE0007,SKU0048,2024-01-08,0,0,0
STORE0007,SKU0048,2024-01-09,0,0,0
STORE0007,SKU0048,2024-01-10,0,0,0
STORE0007,SKU0048,2024-01-11,0,0,0
STORE0007,SKU0048,2024-01-12,0,0,0
STORE0007,SKU0048,2024-01-13,0,1,0
STORE0007,SKU0048,2024-01-14,0,1,0
STORE0007,SKU0049,2024-01-01,0,0,0
STORE0007,SKU0049,2024-01-02,0,0,0
STORE0007,SKU0049,2024-01-03,0,0,0
STORE0007,SKU0049,2024-01-04,0,0,0
STORE0007,SKU0049,2024-01-05,0,0,0
STORE0007,SKU0049,2024-01-06,0,1,0
STORE0007,SKU0049,2024-01-07,0,1,0
STORE0007,SKU0049,2024-01-08,0,0,0
STORE0007,SKU0049,2024-01-09,0,0,0
STORE0007,SKU0049,2024-01-10,0,0,0
STORE0007,SKU0049,2024-01-11,0,0,0
STORE0007,SKU0049,2024-01-12,0,0,0
STORE0007,SKU0049,2024-01-13,0,1,0
STORE0007,SKU0049,2024-01-14,0,1,0
STORE0007,SKU0050,2024-01-01,0,0,0
STORE0007,SKU0050,2024-01-02,0,0,0
STORE0007,SKU0050,2024-01-03,0,0,0
STORE0007,SKU0050,2024-01-04,0,0,0
STORE0007,SKU0050,2024-01-05,0,0,0
STORE0007,SKU0050,2024-01-06,0,1,0
STORE0007,SKU0050,2024-01-07,0,1,0
STORE0007,SKU0050,2024-01-08,0,0,0
STORE0007,SKU0050,2024-01-09,0,0,0
STORE0007,SKU0050,2024-01-10,0,0,0
STORE0007,SKU0050,2024-01-11,0,0,0
STORE0007,SKU0050,2024-01-12,0,0,0
STORE0007,SKU0050,2024-01-13,0,1,0
STORE0007,SKU0050,2024-01-14,0,1,0
STORE0007,SKU0053,2024-01-01,0,0,0
STORE0007,SKU0053,2024-01-02,0,0,0
STORE0007,SKU0053,2024-01-03,0,0,0
STORE0007,SKU0053,2024-01-04,0,0,0
STORE0007,SKU0053,2024-01-05,0,0,0
STORE0007,SKU0053,2024-01-06,0,1,0
STORE0007,SKU0053,2024-01-07,0,1,0
STORE0007,SKU0053,2024-01-08,0,0,0
STORE0007,SKU0053,2024-01-09,0,0,0
STORE0007,SKU0053,2024-01-10,0,0,0
STORE0007,SKU0053,2024-01-11,0,0,0
STORE0007,SKU0053,2024-01-12,0,0,0
STORE0007,SKU0053,2024-01-13,0,1,0
STORE0007,SKU0053,2024-01-14,0,1,0
STORE0007,SKU0055,2024-01-01,0,0,0
STORE0007,SKU0055,2024-01-02,0,0,0
STORE0007,SKU0055,2024-01-03,0,0,0
STORE0007,SKU0055,2024-01-04,0,0,0
STORE0007,SKU0055,2024-01-05,0,0,0
STORE0007,SKU0055,2024-01-06,0,1,0
STORE0007,SKU0055,2024-01-07,0,1,0
STORE0007,SKU0055,2024-01-08,0,0,0
STORE0007,SKU0055,2024-01-09,0,0,0
STORE0007,SKU0055,2024-01-10,0,0,0
STORE0007,SKU0055,2024-01-11,0,0,0
STORE0007,SKU0055,2024-01-12,0,0,0
STORE0007,SKU0055,2024-01-13,0,1,0
STORE0007,SKU0055,2024-01-14,0,1,0
STORE0007,SKU0056,2024-01-01,0,0,0
STORE0007,SKU0056,2024-01-02,0,0,0
STORE0007,SKU0056,2024-01-03,0,0,0
STORE0007,SKU0056,2024-01-04,0,0,0
STORE0007,SKU0056,2024-01-05,0,0,0
STORE0007,SKU0056,2024-01-06,0,1,0
STORE0007,SKU0056,2024-01-07,0,1,0
STORE0007,SKU0056,2024-01-08,0,0,0
STORE0007,SKU0056,2024-01-09,0,0,0
STORE0007,SKU0056,2024-01-10,0,0,0
STORE0007,SKU0056,2024-01-11,0,0,0
STORE0007,SKU0056,2024-01-12,0,0,0
STORE0007,SKU0056,2024-01-13,0,1,0
STORE0007,SKU0056,2024-01-14,0,1,0
STORE0007,SKU0058,2024-01-01,0,0,0
STORE0007,SKU0058,2024-01-02,0,0,0
STORE0007,SKU0058,2024-01-03,0,0,0
STORE0007,SKU0058,2024-01-04,0,0,0
STORE0007,SKU0058,2024-01-05,0,0,0
STORE0007,SKU0058,2024-01-06,0,1,0
STORE0007,SKU0058,2024-01-07,0,1,0
STORE0007,SKU0058,2024-01-08,0,0,0
STORE0007,SKU0058,2024-01-09,0,0,0
STORE0007,SKU0058,2024-01-10,0,0,0
STORE0007,SKU0058,2024-01-11,0,0,0
STORE0007,SKU0058,2024-01-12,0,0,0
STORE0007,SKU0058,2024-01-13,0,1,0
STORE0007,SKU0058,2024-01-14,0,1,0
STORE0007,SKU0059,2024-01-01,0,0,0
STORE0007,SKU0059,2024-01-02,0,0,0
STORE0007,SKU0059,2024-01-03,0,0,0
STORE0007,SKU0059,2024-01-04,0,0,0
STORE0007,SKU0059,2024-01-05,0,0,0
STORE0007,SKU0059,2024-01-06,0,1,0
STORE0007,SKU0059,2024-01-07,0,1,0
STORE0007,SKU0059,2024-01-08,0,0,0
STORE0007,SKU0059,2024-01-09,0,0,0
STORE0007,SKU0059,2024-01-10,0,0,0
STORE0007,SKU0059,2024-01-11,0,0,0
STORE0007,SKU0059,2024-01-12,0,0,0
STORE0007,SKU0059,2024-01-13,0,1,0
STORE0007,SKU0059,2024-01-14,0,1,0
STORE0007,SKU0060,2024-01-01,0,0,0
STORE0007,SKU0060,2024-01-02,0,0,0
STORE0007,SKU0060,2024-01-03,0,0,0
STORE0007,SKU0060,2024-01-04,0,0,0
STORE0007,SKU0060,2024-01-05,0,0,0
STORE0007,SKU0060,2024-01-06,0,1,0
STORE0007,SKU0060,2024-01-07,0,1,0
STORE0007,SKU0060,2024-01-08,0,0,0
STORE0007,SKU0060,2024-01-09,0,0,0
STORE0007,SKU0060,2024-01-10,0,0,0
STORE0007,SKU0060,2024-01-11,0,0,0
STORE0007,SKU0060,2024-01-12,0,0,0
STORE0007,SKU0060,2024-01-13,0,1,0
STORE0007,SKU0060,2024-01-14,0,1,0
STORE0007,SKU0061,2024-01-01,0,0,0
STORE0007,SKU0061,2024-01-02,0,0,0
STORE0007,SKU0061,2024-01-03,0,0,0
STORE0007,SKU0061,2024-01-04,0,0,0
STORE0007,SKU0061,2024-01-05,0,0,0
STORE0007,SKU0061,2024-01-06,0,1,0
STORE0007,SKU0061,2024-01-07,0,1,0
STORE0007,SKU0061,2024-01-08,0,0,0
STORE0007,SKU0061,2024-01-09,0,0,0
STORE0007,SKU0061,2024-01-10,0,0,0
STORE0007,SKU0061,2024-01-11,0,0,0
STORE0007,SKU0061,2024-01-12,0,0,0
STORE0007,SKU0061,2024-01-13,0,1,0
STORE0007,SKU0061,2024-01-14,0,1,0
STORE0007,SKU0062,2024-01-01,0,0,0
STORE0007,SKU0062,2024-01-02,0,0,0
STORE0007,SKU0062,2024-01-03,0,0,0
STORE0007,SKU0062,2024-01-04,0,0,0
STORE0007,SKU0062,2024-01-05,0,0,0
STORE0007,SKU0062,2024-01-06,0,1,0
STORE0007,SKU0062,2024-01-07,0,1,0
STORE0007,SKU0062,2024-01-08,0,0,0
STORE0007,SKU0062,2024-01-09,0,0,0
STORE0007,SKU0062,2024-01-10,0,0,0
STORE0007,SKU0062,2024-01-11,0,0,0
STORE0007,SKU0062,2024-01-12,0,0,0
STORE0007,SKU0062,2024-01-13,0,1,0
STORE0007,SKU0062,2024-01-14,0,1,0
STORE0007,SKU0063,2024-01-01,0,0,0
STORE0007,SKU0063,2024-01-02,0,0,0
STORE0007,SKU0063,2024-01-03,0,0,0
STORE0007,SKU0063,2024-01-04,0,0,0
STORE0007,SKU0063,2024-01-05,0,0,0
STORE0007,SKU0063,2024-01-06,0,1,0
STORE0007,SKU0063,2024-01-07,0,1,0
STORE0007,SKU0063,2024-01-08,0,0,0
STORE0007,SKU0063,2024-01-09,0,0,0
STORE0007,SKU0063,2024-01-10,0,0,0
STORE0007,SKU0063,2024-01-11,0,0,0
STORE0007,SKU0063,2024-01-12,0,0,0
STORE0007,SKU0063,2024-01-13,0,1,0
STORE0007,SKU0063,2024-01-14,0,1,0
STORE0007,SKU0065,2024-01-01,0,0,0
STORE0007,SKU0065,2024-01-02,0,0,0
STORE0007,SKU0065,2024-01-03,0,0,0
STORE0007,SKU0065,2024-01-04,0,0,0
STORE0007,SKU0065,2024-01-05,0,0,0
STORE0007,SKU0065,2024-01-06,0,1,0
STORE0007,SKU0065,2024-01-07,0,1,0
STORE0007,SKU0065,2024-01-08,0,0,0
STORE0007,SKU0065,2024-01-09,0,0,0
STORE0007,SKU0065,2024-01-10,0,0,0
STORE0007,SKU0065,2024-01-11,0,0,0
STORE0007,SKU0065,2024-01-12,0,0,0
STORE0007,SKU0065,2024-01-13,0,1,0
STORE0007,SKU0065,2024-01-14,0,1,0
STORE0007,SKU0066,2024-01-01,0,0,0
STORE0007,SKU0066,2024-01-02,0,0,0
STORE0007,SKU0066,2024-01-03,0,0,0
STORE0007,SKU0066,2024-01-04,0,0,0
STORE0007,SKU0066,2024-01-05,0,0,0
STORE0007,SKU0066,2024-01-06,0,1,0
STORE0007,SKU0066,2024-01-07,0,1,0
STORE0007,SKU0066,2024-01-08,0,0,0
STORE0007,SKU0066,2024-01-09,0,0,0
STORE0007,SKU0066,2024-01-10,0,0,0
STORE0007,SKU0066,2024-01-11,0,0,0
STORE0007,SKU0066,2024-01-12,0,0,0
STORE0007,SKU0066,2024-01-13,0,1,0
STORE0007,SKU0066,2024-01-14,0,1,0
STORE0007,SKU0067,2024-01-01,0,0,0
STORE0007,SKU0067,2024-01-02,0,0,0
STORE0007,SKU0067,2024-01-03,0,0,0
STORE0007,SKU0067,2024-01-04,0,0,0
STORE0007,SKU0067,2024-01-05,0,0,0
STORE0007,SKU0067,2024-01-06,0,1,0
STORE0007,SKU0067,2024-01-07,0,1,0
STORE0007,SKU0067,2024-01-08,0,0,0
STORE0007,SKU0067,2024-01-09,0,0,0
STORE0007,SKU0067,2024-01-10,0,0,0
STORE0007,SKU0067,2024-01-11,0,0,0
STORE0007,SKU0067,2024-01-12,0,0,0
STORE0007,SKU0067,2024-01-13,0,1,0
STORE0007,SKU0067,2024-01-14,0,1,0
STORE0007,SKU0068,2024-01-01,0,0,0
STORE0007,SKU0068,2024-01-02,0,0,0
STORE0007,SKU0068,2024-01-03,0,0,0
STORE0007,SKU0068,2024-01-04,0,0,0
STORE0007,SKU0068,2024-01-05,0,0,0
STORE0007,SKU0068,2024-01-06,0,1,0
STORE0007,SKU0068,2024-01-07,0,1,0
STORE0007,SKU0068,2024-01-08,0,0,0
STORE0007,SKU0068,2024-01-09,0,0,0
STORE0007,SKU0068,2024-01-10,0,0,0
STORE0007,SKU0068,2024-01-11,0,0,0
STORE0007,SKU0068,2024-01-12,0,0,0
STORE0007,SKU0068,2024-01-13,0,1,0
STORE0007,SKU0068,2024-01-14,0,1,0
STORE0007,SKU0072,2024-01-01,0,0,0
STORE0007,SKU0072,2024-01-02,0,0,0
STORE0007,SKU0072,2024-01-03,0,0,0
STORE0007,SKU0072,2024-01-04,0,0,0
STORE0007,SKU0072,2024-01-05,0,0,0
STORE0007,SKU0072,2024-01-06,0,1,0
STORE0007,SKU0072,2024-01-07,0,1,0
STORE0007,SKU0072,2024-01-08,0,0,0
STORE0007,SKU0072,2024-01-09,0,0,0
STORE0007,SKU0072,2024-01-10,0,0,0
STORE0007,SKU0072,2024-01-11,0,0,0
STORE0007,SKU0072,2024-01-12,0,0,0
STORE0007,SKU0072,2024-01-13,0,1,0
STORE0007,SKU0072,2024-01-14,0,1,0
STORE0007,SKU0073,2024-01-01,0,0,0
STORE0007,SKU0073,2024-01-02,0,0,0
STORE0007,SKU0073,2024-01-03,0,0,0
STORE0007,SKU0073,2024-01-04,0,0,0
STORE0007,SKU0073,2024-01-05,0,0,0
STORE0007,SKU0073,2024-01-06,0,1,0
STORE0007,SKU0073,2024-01-07,0,1,0
STORE0007,SKU0073,2024-01-08,0,0,0
STORE0007,SKU0073,2024-01-09,0,0,0
STORE0007,SKU0073,2024-01-10,0,0,0
STORE0007,SKU0073,2024-01-11,0,0,0
STORE0007,SKU0073,2024-01-12,0,0,0
STORE0007,SKU0073,2024-01-13,0,1,0
STORE0007,SKU0073,2024-01-14,0,1,0
STORE0007,SKU0074,2024-01-01,0,0,0
STORE0007,SKU0074,2024-01-02,0,0,0
STORE0007,SKU0074,2024-01-03,0,0,0
STORE0007,SKU0074,2024-01-04,0,0,0
STORE0007,SKU0074,2024-01-05,0,0,0
STORE0007,SKU0074,2024-01-06,0,1,0
STORE0007,SKU0074,2024-01-07,0,1,0
STORE0007,SKU0074,2024-01-08,0,0,0
STORE0007,SKU0074,2024-01-09,0,0,0
STORE0007,SKU0074,2024-01-10,0,0,0
STORE0007,SKU0074,2024-01-11,0,0,0
STORE0007,SKU0074,2024-01-12,0,0,0
STORE0007,SKU0074,2024-01-13,0,1,0
STORE0007,SKU0074,2024-01-14,0,1,0
STORE0007,SKU0075,2024-01-01,0,0,0
STORE0007,SKU0075,2024-01-02,0,0,0
STORE0007,SKU0075,2024-01-03,0,0,0
STORE0007,SKU0075,2024-01-04,0,0,0
STORE0007,SKU0075,2024-01-05,0,0,0
STORE0007,SKU0075,2024-01-06,0,1,0
STORE0007,SKU0075,2024-01-07,0,1,0
STORE0007,SKU0075,2024-01-08,0,0,0
STORE0007,SKU0075,2024-01-09,0,0,0
STORE0007,SKU0075,2024-01-10,0,0,0
STORE0007,SKU0075,2024-01-11,0,0,0
STORE0007,SKU0075,2024-01-12,0,0,0
STORE0007,SKU0075,2024-01-13,0,1,0
STORE0007,SKU0075,2024-01-14,0,1,0
STORE0007,SKU0076,2024-01-01,0,0,0
STORE0007,SKU0076,2024-01-02,0,0,0
STORE0007,SKU0076,2024-01-03,0,0,0
STORE0007,SKU0076,2024-01-04,0,0,0
STORE0007,SKU0076,2024-01-05,0,0,0
STORE0007,SKU0076,2024-01-06,0,1,0
STORE0007,SKU0076,2024-01-07,0,1,0
STORE0007,SKU0076,2024-01-08,0,0,0
STORE0007,SKU0076,2024-01-09,0,0,0
STORE0007,SKU0076,2024-01-10,0,0,0
STORE0007,SKU0076,2024-01-11,0,0,0
STORE0007,SKU0076,2024-01-12,0,0,0
STORE0007,SKU0076,2024-01-13,0,1,0
STORE0007,SKU0076,2024-01-14,0,1,0
STORE0007,SKU0078,2024-01-01,0,0,0
STORE0007,SKU0078,2024-01-02,0,0,0
STORE0007,SKU0078,2024-01-03,0,0,0
STORE0007,SKU0078,2024-01-04,0,0,0
STORE0007,SKU0078,2024-01-05,0,0,0
STORE0007,SKU0078,2024-01-06,0,1,0
STORE0007,SKU0078,2024-01-07,0,1,0
STORE0007,SKU0078,2024-01-08,0,0,0
STORE0007,SKU0078,2024-01-09,0,0,0
STORE0007,SKU0078,2024-01-10,0,0,0
STORE0007,SKU0078,2024-01-11,0,0,0
STORE0007,SKU0078,2024-01-12,0,0,0
STORE0007,SKU0078,2024-01-13,0,1,0
STORE0007,SKU0078,2024-01-14,0,1,0
STORE0007,SKU0079,2024-01-01,0,0,0
STORE0007,SKU0079,2024-01-02,0,0,0
STORE0007,SKU0079,2024-01-03,0,0,0
STORE0007,SKU0079,2024-01-04,0,0,0
STORE0007,SKU0079,2024-01-05,0,0,0
STORE0007,SKU0079,2024-01-06,0,1,0
STORE0007,SKU0079,2024-01-07,0,1,0
STORE0007,SKU0079,2024-01-08,0,0,0
STORE0007,SKU0079,2024-01-09,0,0,0
STORE0007,SKU0079,2024-01-10,0,0,0
STORE0007,SKU0079,2024-01-11,0,0,0
STORE0007,SKU0079,2024-01-12,0,0,0
STORE0007,SKU0079,2024-01-13,0,1,0
STORE0007,SKU0079,2024-01-14,0,1,0
STORE0007,SKU0080,2024-01-01,0,0,0
STORE0007,SKU0080,2024-01-02,0,0,0
STORE0007,SKU0080,2024-01-03,0,0,0
STORE0007,SKU0080,2024-01-04,0,0,0
STORE0007,SKU0080,2024-01-05,0,0,0
STORE0007,SKU0080,2024-01-06,0,1,0
STORE0007,SKU0080,2024-01-07,0,1,0
STORE0007,SKU0080,2024-01-08,0,0,0
STORE0007,SKU0080,2024-01-09,0,0,0
STORE0007,SKU0080,2024-01-10,0,0,0
STORE0007,SKU0080,2024-01-11,0,0,0
STORE0007,SKU0080,2024-01-12,0,0,0
STORE0007,SKU0080,2024-01-13,0,1,0
STORE0007,SKU0080,2024-01-14,0,1,0
STORE0007,SKU0081,2024-01-01,0,0,0
STORE0007,SKU0081,2024-01-02,0,0,0
STORE0007,SKU0081,2024-01-03,0,0,0
STORE0007,SKU0081,2024-01-04,0,0,0
STORE0007,SKU0081,2024-01-05,0,0,0
STORE0007,SKU0081,2024-01-06,0,1,0
STORE0007,SKU0081,2024-01-07,0,1,0
STORE0007,SKU0081,2024-01-08,0,0,0
STORE0007,SKU0081,2024-01-09,0,0,0
STORE0007,SKU0081,2024-01-10,0,0,0
STORE0007,SKU0081,2024-01-11,0,0,0
STORE0007,SKU0081,2024-01-12,0,0,0
STORE0007,SKU0081,2024-01-13,0,1,0
STORE0007,SKU0081,2024-01-14,0,1,0
STORE0007,SKU0082,2024-01-01,0,0,0
STORE0007,SKU0082,2024-01-02,0,0,0
STORE0007,SKU0082,2024-01-03,0,0,0
STORE0007,SKU0082,2024-01-04,0,0,0
STORE0007,SKU0082,2024-01-05,0,0,0
STORE0007,SKU0082,2024-01-06,0,1,0
STORE0007,SKU0082,2024-01-07,0,1,0
STORE0007,SKU0082,2024-01-08,0,0,0
STORE0007,SKU0082,2024-01-09,0,0,0
STORE0007,SKU0082,2024-01-10,0,0,0
STORE0007,SKU0082,2024-01-11,0,0,0
STORE0007,SKU0082,2024-01-12,0,0,0
STORE0007,SKU0082,2024-01-13,0,1,0
STORE0007,SKU0082,2024-01-14,0,1,0
STORE0007,SKU0083,2024-01-01,0,0,0
STORE0007,SKU0083,2024-01-02,0,0,0
STORE0007,SKU0083,2024-01-03,0,0,0
STORE0007,SKU0083,2024-01-04,0,0,0
STORE0007,SKU0083,2024-01-05,0,0,0
STORE0007,SKU0083,2024-01-06,0,1,0
STORE0007,SKU0083,2024-01-07,0,1,0
STORE0007,SKU0083,2024-01-08,0,0,0
STORE0007,SKU0083,2024-01-09,0,0,0
STORE0007,SKU0083,2024-01-10,0,0,0
STORE0007,SKU0083,2024-01-11,0,0,0
STORE0007,SKU0083,2024-01-12,0,0,0
STORE0007,SKU0083,2024-01-13,0,1,0
STORE0007,SKU0083,2024-01-14,0,1,0
STORE0007,SKU0084,2024-01-01,0,0,0
STORE0007,SKU0084,2024-01-02,0,0,0
STORE0007,SKU0084,2024-01-03,0,0,0
STORE0007,SKU0084,2024-01-04,0,0,0
STORE0007,SKU0084,2024-01-05,0,0,0
STORE0007,SKU0084,2024-01-06,0,1,0
STORE0007,SKU0084,2024-01-07,0,1,0
STORE0007,SKU0084,2024-01-08,0,0,0
STORE0007,SKU0084,2024-01-09,0,0,0
STORE0007,SKU0084,2024-01-10,0,0,0
STORE0007,SKU0084,2024-01-11,0,0,0
STORE0007,SKU0084,2024-01-12,0,0,0
STORE0007,SKU0084,2024-01-13,0,1,0
STORE0007,SKU0084,2024-01-14,0,1,0
STORE0007,SKU0085,2024-01-01,0,0,0
STORE0007,SKU0085,2024-01-02,0,0,0
STORE0007,SKU0085,2024-01-03,0,0,0
STORE0007,SKU0085,2024-01-04,0,0,0
STORE0007,SKU0085,2024-01-05,0,0,0
STORE0007,SKU0085,2024-01-06,0,1,0
STORE0007,SKU0085,2024-01-07,0,1,0
STORE0007,SKU0085,2024-01-08,0,0,0
STORE0007,SKU0085,2024-01-09,0,0,0
STORE0007,SKU0085,2024-01-10,0,0,0
STORE0007,SKU0085,2024-01-11,0,0,0
STORE0007,SKU0085,2024-01-12,0,0,0
STORE0007,SKU0085,2024-01-13,0,1,0
STORE0007,SKU0085,2024-01-14,0,1,0
STORE0007,SKU0086,2024-01-01,0,0,0
STORE0007,SKU0086,2024-01-02,0,0,0
STORE0007,SKU0086,2024-01-03,0,0,0
STORE0007,SKU0086,2024-01-04,0,0,0
STORE0007,SKU0086,2024-01-05,0,0,0
STORE0007,SKU0086,2024-01-06,0,1,0
STORE0007,SKU0086,2024-01-07,0,1,0
STORE0007,SKU0086,2024-01-08,0,0,0
STORE0007,SKU0086,2024-01-09,0,0,0
STORE0007,SKU0086,2024-01-10,0,0,0
STORE0007,SKU0086,2024-01-11,0,0,0
STORE0007,SKU0086,2024-01-12,0,0,0
STORE0007,SKU0086,2024-01-13,0,1,0
STORE0007,SKU0086,2024-01-14,0,1,0
STORE0007,SKU0087,2024-01-01,0,0,0
STORE0007,SKU0087,2024-01-02,0,0,0
STORE0007,SKU0087,2024-01-03,0,0,0
STORE0007,SKU0087,2024-01-04,0,0,0
STORE0007,SKU0087,2024-01-05,0,0,0
STORE0007,SKU0087,2024-01-06,0,1,0
STORE0007,SKU0087,2024-01-07,0,1,0
STORE0007,SKU0087,2024-01-08,0,0,0
STORE0007,SKU0087,2024-01-09,0,0,0
STORE0007,SKU0087,2024-01-10,0,0,0
STORE0007,SKU0087,2024-01-11,0,0,0
STORE0007,SKU0087,2024-01-12,0,0,0
STORE0007,SKU0087,2024-01-13,0,1,0
STORE0007,SKU0087,2024-01-14,0,1,0
STORE0007,SKU0088,2024-01-01,0,0,0
STORE0007,SKU0088,2024-01-02,0,0,0
STORE0007,SKU0088,2024-01-03,0,0,0
STORE0007,SKU0088,2024-01-04,0,0,0
STORE0007,SKU0088,2024-01-05,0,0,0
STORE0007,SKU0088,2024-01-06,0,1,0
STORE0007,SKU0088,2024-01-07,0,1,0
STORE0007,SKU0088,2024-01-08,0,0,0
STORE0007,SKU0088,2024-01-09,0,0,0
STORE0007,SKU0088,2024-01-10,0,0,0
STORE0007,SKU0088,2024-01-11,0,0,0
STORE0007,SKU0088,2024-01-12,0,0,0
STORE0007,SKU0088,2024-01-13,0,1,0
STORE0007,SKU0088,2024-01-14,0,1,0
STORE0007,SKU0089,2024-01-01,0,0,0
STORE0007,SKU0089,2024-01-02,0,0,0
STORE0007,SKU0089,2024-01-03,0,0,0
STORE0007,SKU0089,2024-01-04,0,0,0
STORE0007,SKU0089,2024-01-05,0,0,0
STORE0007,SKU0089,2024-01-06,0,1,0
STORE0007,SKU0089,2024-01-07,0,1,0
STORE0007,SKU0089,2024-01-08,0,0,0
STORE0007,SKU0089,2024-01-09,0,0,0
STORE0007,SKU0089,2024-01-10,0,0,0
STORE0007,SKU0089,2024-01-11,0,0,0
STORE0007,SKU0089,2024-01-12,0,0,0
STORE0007,SKU0089,2024-01-13,0,1,0
STORE0007,SKU0089,2024-01-14,0,1,0
STORE0007,SKU0090,2024-01-01,0,0,0
STORE0007,SKU0090,2024-01-02,0,0,0
STORE0007,SKU0090,2024-01-03,0,0,0
STORE0007,SKU0090,2024-01-04,0,0,0
STORE0007,SKU0090,2024-01-05,0,0,0
STORE0007,SKU0090,2024-01-06,0,1,0
STORE0007,SKU0090,2024-01-07,0,1,0
STORE0007,SKU0090,2024-01-08,0,0,0
STORE0007,SKU0090,2024-01-09,0,0,0
STORE0007,SKU0090,2024-01-10,0,0,0
STORE0007,SKU0090,2024-01-11,0,0,0
STORE0007,SKU0090,2024-01-12,0,0,0
STORE0007,SKU0090,2024-01-13,0,1,0
STORE0007,SKU0090,2024-01-14,0,1,0
STORE0007,SKU0093,2024-01-01,0,0,0
STORE0007,SKU0093,2024-01-02,0,0,0
STORE0007,SKU0093,2024-01-03,0,0,0
STORE0007,SKU0093,2024-01-04,0,0,0
STORE0007,SKU0093,2024-01-05,0,0,0
STORE0007,SKU0093,2024-01-06,0,1,0
STORE0007,SKU0093,2024-01-07,0,1,0
STORE0007,SKU0093,2024-01-08,0,0,0
STORE0007,SKU0093,2024-01-09,0,0,0
STORE0007,SKU0093,2024-01-10,0,0,0
STORE0007,SKU0093,2024-01-11,0,0,0
STORE0007,SKU0093,2024-01-12,0,0,0
STORE0007,SKU0093,2024-01-13,0,1,0
STORE0007,SKU0093,2024-01-14,0,1,0
STORE0007,SKU0094,2024-01-01,0,0,0
STORE0007,SKU0094,2024-01-02,0,0,0
STORE0007,SKU0094,2024-01-03,0,0,0
STORE0007,SKU0094,2024-01-04,0,0,0
STORE0007,SKU0094,2024-01-05,0,0,0
STORE0007,SKU0094,2024-01-06,0,1,0
STORE0007,SKU0094,2024-01-07,0,1,0
STORE0007,SKU0094,2024-01-08,0,0,0
STORE0007,SKU0094,2024-01-09,0,0,0
STORE0007,SKU0094,2024-01-10,0,0,0
STORE0007,SKU0094,2024-01-11,0,0,0
STORE0007,SKU0094,2024-01-12,0,0,0
STORE0007,SKU0094,2024-01-13,0,1,0
STORE0007,SKU0094,2024-01-14,0,1,0
STORE0007,SKU0096,2024-01-01,0,0,0
STORE0007,SKU0096,2024-01-02,0,0,0
STORE0007,SKU0096,2024-01-03,0,0,0
STORE0007,SKU0096,2024-01-04,0,0,0
STORE0007,SKU0096,2024-01-05,0,0,0
STORE0007,SKU0096,2024-01-06,0,1,0
STORE0007,SKU0096,2024-01-07,0,1,0
STORE0007,SKU0096,2024-01-08,0,0,0
STORE0007,SKU0096,2024-01-09,0,0,0
STORE0007,SKU0096,2024-01-10,0,0,0
STORE0007,SKU0096,2024-01-11,0,0,0
STORE0007,SKU0096,2024-01-12,0,0,0
STORE0007,SKU0096,2024-01-13,0,1,0
STORE0007,SKU0096,2024-01-14,0,1,0
STORE0007,SKU0097,2024-01-01,0,0,0
STORE0007,SKU0097,2024-01-02,0,0,0
STORE0007,SKU0097,2024-01-03,0,0,0
STORE0007,SKU0097,2024-01-04,0,0,0
STORE0007,SKU0097,2024-01-05,0,0,0
STORE0007,SKU0097,2024-01-06,0,1,0
STORE0007,SKU0097,2024-01-07,0,1,0
STORE0007,SKU0097,2024-01-08,0,0,0
STORE0007,SKU0097,2024-01-09,0,0,0
STORE0007,SKU0097,2024-01-10,0,0,0
STORE0007,SKU0097,2024-01-11,0,0,0
STORE0007,SKU0097,2024-01-12,0,0,0
STORE0007,SKU0097,2024-01-13,0,1,0
STORE0007,SKU0097,2024-01-14,0,1,0
STORE0007,SKU0098,2024-01-01,0,0,0
STORE0007,SKU0098,2024-01-02,0,0,0
STORE0007,SKU0098,2024-01-03,0,0,0
STORE0007,SKU0098,2024-01-04,0,0,0
STORE0007,SKU0098,2024-01-05,0,0,0
STORE0007,SKU0098,2024-01-06,0,1,0
STORE0007,SKU0098,2024-01-07,0,1,0
STORE0007,SKU0098,2024-01-08,0,0,0
STORE0007,SKU0098,2024-01-09,0,0,0
STORE0007,SKU0098,2024-01-10,0,0,0
STORE0007,SKU0098,2024-01-11,0,0,0
STORE0007,SKU0098,2024-01-12,0,0,0
STORE0007,SKU0098,2024-01-13,0,1,0
STORE0007,SKU0098,2024-01-14,0,1,0
STORE0007,SKU0099,2024-01-01,0,0,0
STORE0007,SKU0099,2024-01-02,0,0,0
STORE0007,SKU0099,2024-01-03,0,0,0
STORE0007,SKU0099,2024-01-04,0,0,0
STORE0007,SKU0099,2024-01-05,0,0,0
STORE0007,SKU0099,2024-01-06,0,1,0
STORE0007,SKU0099,2024-01-07,0,1,0
STORE0007,SKU0099,2024-01-08,0,0,0
STORE0007,SKU0099,2024-01-09,0,0,0
STORE0007,SKU0099,2024-01-10,0,0,0
STORE0007,SKU0099,2024-01-11,0,0,0
STORE0007,SKU0099,2024-01-12,0,0,0
STORE0007,SKU0099,2024-01-13,0,1,0
STORE0007,SKU0099,2024-01-14,0,1,0
STORE0007,SKU0100,2024-01-01,0,0,0
STORE0007,SKU0100,2024-01-02,0,0,0
STORE0007,SKU0100,2024-01-03,0,0,0
STORE0007,SKU0100,2024-01-04,0,0,0
STORE0007,SKU0100,2024-01-05,0,0,0
STORE0007,SKU0100,2024-01-06,0,1,0
STORE0007,SKU0100,2024-01-07,0,1,0
STORE0007,SKU0100,2024-01-08,0,0,0
STORE0007,SKU0100,2024-01-09,0,0,0
STORE0007,SKU0100,2024-01-10,0,0,0
STORE0007,SKU0100,2024-01-11,0,0,0
STORE0007,SKU0100,2024-01-12,0,0,0
STORE0007,SKU0100,2024-01-13,0,1,0
STORE0007,SKU0100,2024-01-14,0,1,0
STORE0007,SKU0101,2024-01-01,0,0,0
STORE0007,SKU0101,2024-01-02,0,0,0
STORE0007,SKU0101,2024-01-03,0,0,0
STORE0007,SKU0101,2024-01-04,0,0,0
STORE0007,SKU0101,2024-01-05,0,0,0
STORE0007,SKU0101,2024-01-06,0,1,0
STORE0007,SKU0101,2024-01-07,0,1,0
STORE0007,SKU0101,2024-01-08,0,0,0
STORE0007,SKU0101,2024-01-09,0,0,0
STORE0007,SKU0101,2024-01-10,0,0,0
STORE0007,SKU0101,2024-01-11,0,0,0
STORE0007,SKU0101,2024-01-12,0,0,0
STORE0007,SKU0101,2024-01-13,0,1,0
STORE0007,SKU0101,2024-01-14,0,1,0
STORE0007,SKU0102,2024-01-01,0,0,0
STORE0007,SKU0102,2024-01-02,0,0,0
STORE0007,SKU0102,2024-01-03,0,0,0
STORE0007,SKU0102,2024-01-04,0,0,0
STORE0007,SKU0102,2024-01-05,0,0,0
STORE0007,SKU0102,2024-01-06,0,1,0
STORE0007,SKU0102,2024-01-07,0,1,0
STORE0007,SKU0102,2024-01-08,0,0,0
STORE0007,SKU0102,2024-01-09,0,0,0
STORE0007,SKU0102,2024-01-10,0,0,0
STORE0007,SKU0102,2024-01-11,0,0,0
STORE0007,SKU0102,2024-01-12,0,0,0
STORE0007,SKU0102,2024-01-13,0,1,0
STORE0007,SKU0102,2024-01-14,0,1,0
STORE0008,SKU0001,2024-01-01,0,0,0
STORE0008,SKU0001,2024-01-02,0,0,0
STORE0008,SKU0001,2024-01-03,0,0,0
STORE0008,SKU0001,2024-01-04,0,0,0
STORE0008,SKU0001,2024-01-05,0,0,0
STORE0008,SKU0001,2024-01-06,0,1,0
STORE0008,SKU0001,2024-01-07,0,1,0
STORE0008,SKU0001,2024-01-08,0,0,0
STORE0008,SKU0001,2024-01-09,0,0,0
STORE0008,SKU0001,2024-01-10,0,0,0
STORE0008,SKU0001,2024-01-11,0,0,0
STORE0008,SKU0001,2024-01-12,0,0,0
STORE0008,SKU0001,2024-01-13,0,1,0
STORE0008,SKU0001,2024-01-14,0,1,0
STORE0008,SKU0002,2024-01-01,0,0,0
STORE0008,SKU0002,2024-01-02,0,0,0
STORE0008,SKU0002,2024-01-03,0,0,0
STORE0008,SKU0002,2024-01-04,0,0,0
STORE0008,SKU0002,2024-01-05,0,0,0
STORE0008,SKU0002,2024-01-06,0,1,0
STORE0008,SKU0002,2024-01-07,0,1,0
STORE0008,SKU0002,2024-01-08,0,0,0
STORE0008,SKU0002,2024-01-09,0,0,0
STORE0008,SKU0002,2024-01-10,0,0,0
STORE0008,SKU0002,2024-01-11,0,0,0
STORE0008,SKU0002,2024-01-12,0,0,0
STORE0008,SKU0002,2024-01-13,0,1,0
STORE0008,SKU0002,2024-01-14,0,1,0
STORE0008,SKU0003,2024-01-01,0,0,0
STORE0008,SKU0003,2024-01-02,0,0,0
STORE0008,SKU0003,2024-01-03,0,0,0
STORE0008,SKU0003,2024-01-04,0,0,0
STORE0008,SKU0003,2024-01-05,0,0,0
STORE0008,SKU0003,2024-01-06,0,1,0
STORE0008,SKU0003,2024-01-07,0,1,0
STORE0008,SKU0003,2024-01-08,0,0,0
STORE0008,SKU0003,2024-01-09,0,0,0
STORE0008,SKU0003,2024-01-10,0,0,0
STORE0008,SKU0003,2024-01-11,0,0,0
STORE0008,SKU0003,2024-01-12,0,0,0
STORE0008,SKU0003,2024-01-13,0,1,0
STORE0008,SKU0003,2024-01-14,0,1,0
STORE0008,SKU0004,2024-01-01,0,0,0
STORE0008,SKU0004,2024-01-02,0,0,0
STORE0008,SKU0004,2024-01-03,0,0,0
STORE0008,SKU0004,2024-01-04,0,0,0
STORE0008,SKU0004,2024-01-05,0,0,0
STORE0008,SKU0004,2024-01-06,0,1,0
STORE0008,SKU0004,2024-01-07,0,1,0
STORE0008,SKU0004,2024-01-08,0,0,0
STORE0008,SKU0004,2024-01-09,0,0,0
STORE0008,SKU0004,2024-01-10,0,0,0
STORE0008,SKU0004,2024-01-11,0,0,0
STORE0008,SKU0004,2024-01-12,0,0,0
STORE0008,SKU0004,2024-01-13,0,1,0
STORE0008,SKU0004,2024-01-14,0,1,0
STORE0008,SKU0005,2024-01-01,0,0,0
STORE0008,SKU0005,2024-01-02,0,0,0
STORE0008,SKU0005,2024-01-03,0,0,0
STORE0008,SKU0005,2024-01-04,0,0,0
STORE0008,SKU0005,2024-01-05,0,0,0
STORE0008,SKU0005,2024-01-06,0,1,0
STORE0008,SKU0005,2024-01-07,0,1,0
STORE0008,SKU0005,2024-01-08,0,0,0
STORE0008,SKU0005,2024-01-09,0,0,0
STORE0008,SKU0005,2024-01-10,0,0,0
STORE0008,SKU0005,2024-01-11,0,0,0
STORE0008,SKU0005,2024-01-12,0,0,0
STORE0008,SKU0005,2024-01-13,0,1,0
STORE0008,SKU0005,2024-01-14,0,1,0
STORE0008,SKU0006,2024-01-01,0,0,0
STORE0008,SKU0006,2024-01-02,0,0,0
STORE0008,SKU0006,2024-01-03,0,0,0
STORE0008,SKU0006,2024-01-04,0,0,0
STORE0008,SKU0006,2024-01-05,0,0,0
STORE0008,SKU0006,2024-01-06,0,1,0
STORE0008,SKU0006,2024-01-07,0,1,0
STORE0008,SKU0006,2024-01-08,0,0,0
STORE0008,SKU0006,2024-01-09,0,0,0
STORE0008,SKU0006,2024-01-10,0,0,0
STORE0008,SKU0006,2024-01-11,0,0,0
STORE0008,SKU0006,2024-01-12,0,0,0
STORE0008,SKU0006,2024-01-13,0,1,0
STORE0008,SKU0006,2024-01-14,0,1,0
STORE0008,SKU0007,2024-01-01,0,0,0
STORE0008,SKU0007,2024-01-02,0,0,0
STORE0008,SKU0007,2024-01-03,0,0,0
STORE0008,SKU0007,2024-01-04,0,0,0
STORE0008,SKU0007,2024-01-05,0,0,0
STORE0008,SKU0007,2024-01-06,0,1,0
STORE0008,SKU0007,2024-01-07,0,1,0
STORE0008,SKU0007,2024-01-08,0,0,0
STORE0008,SKU0007,2024-01-09,0,0,0
STORE0008,SKU0007,2024-01-10,0,0,0
STORE0008,SKU0007,2024-01-11,0,0,0
STORE0008,SKU0007,2024-01-12,0,0,0
STORE0008,SKU0007,2024-01-13,0,1,0
STORE0008,SKU0007,2024-01-14,0,1,0
STORE0008,SKU0008,2024-01-01,0,0,0
STORE0008,SKU0008,2024-01-02,0,0,0
STORE0008,SKU0008,2024-01-03,0,0,0
STORE0008,SKU0008,2024-01-04,0,0,0
STORE0008,SKU0008,2024-01-05,0,0,0
STORE0008,SKU0008,2024-01-06,0,1,0
STORE0008,SKU0008,2024-01-07,0,1,0
STORE0008,SKU0008,2024-01-08,0,0,0
STORE0008,SKU0008,2024-01-09,0,0,0
STORE0008,SKU0008,2024-01-10,0,0,0
STORE0008,SKU0008,2024-01-11,0,0,0
STORE0008,SKU0008,2024-01-12,0,0,0
STORE0008,SKU0008,2024-01-13,0,1,0
STORE0008,SKU0008,2024-01-14,0,1,0
STORE0008,SKU0009,2024-01-01,0,0,0
STORE0008,SKU0009,2024-01-02,0,0,0
STORE0008,SKU0009,2024-01-03,0,0,0
STORE0008,SKU0009,2024-01-04,0,0,0
STORE0008,SKU0009,2024-01-05,0,0,0
STORE0008,SKU0009,2024-01-06,0,1,0
STORE0008,SKU0009,2024-01-07,0,1,0
STORE0008,SKU0009,2024-01-08,0,0,0
STORE0008,SKU0009,2024-01-09,0,0,0
STORE0008,SKU0009,2024-01-10,0,0,0
STORE0008,SKU0009,2024-01-11,0,0,0
STORE0008,SKU0009,2024-01-12,0,0,0
STORE0008,SKU0009,2024-01-13,0,1,0
STORE0008,SKU0009,2024-01-14,0,1,0
STORE0008,SKU0010,2024-01-01,0,0,0
STORE0008,SKU0010,2024-01-02,0,0,0
STORE0008,SKU0010,2024-01-03,0,0,0
STORE0008,SKU0010,2024-01-04,0,0,0
STORE0008,SKU0010,2024-01-05,0,0,0
STORE0008,SKU0010,2024-01-06,0,1,0
STORE0008,SKU0010,2024-01-07,0,1,0
STORE0008,SKU0010,2024-01-08,0,0,0
STORE0008,SKU0010,2024-01-09,0,0,0
STORE0008,SKU0010,2024-01-10,0,0,0
STORE0008,SKU0010,2024-01-11,0,0,0
STORE0008,SKU0010,2024-01-12,0,0,0
STORE0008,SKU0010,2024-01-13,0,1,0
STORE0008,SKU0010,2024-01-14,0,1,0
STORE0008,SKU0011,2024-01-01,0,0,0
STORE0008,SKU0011,2024-01-02,0,0,0
STORE0008,SKU0011,2024-01-03,0,0,0
STORE0008,SKU0011,2024-01-04,0,0,0
STORE0008,SKU0011,2024-01-05,0,0,0
STORE0008,SKU0011,2024-01-06,0,1,0
STORE0008,SKU0011,2024-01-07,0,1,0
STORE0008,SKU0011,2024-01-08,0,0,0
STORE0008,SKU0011,2024-01-09,0,0,0
STORE0008,SKU0011,2024-01-10,0,0,0
STORE0008,SKU0011,2024-01-11,0,0,0
STORE0008,SKU0011,2024-01-12,0,0,0
STORE0008,SKU0011,2024-01-13,0,1,0
STORE0008,SKU0011,2024-01-14,0,1,0
STORE0008,SKU0012,2024-01-01,0,0,0
STORE0008,SKU0012,2024-01-02,0,0,0
STORE0008,SKU0012,2024-01-03,0,0,0
STORE0008,SKU0012,2024-01-04,0,0,0
STORE0008,SKU0012,2024-01-05,0,0,0
STORE0008,SKU0012,2024-01-06,0,1,0
STORE0008,SKU0012,2024-01-07,0,1,0
STORE0008,SKU0012,2024-01-08,0,0,0
STORE0008,SKU0012,2024-01-09,0,0,0
STORE0008,SKU0012,2024-01-10,0,0,0
STORE0008,SKU0012,2024-01-11,0,0,0
STORE0008,SKU0012,2024-01-12,0,0,0
STORE0008,SKU0012,2024-01-13,0,1,0
STORE0008,SKU0012,2024-01-14,0,1,0
STORE0008,SKU0013,2024-01-01,0,0,0
STORE0008,SKU0013,2024-01-02,0,0,0
STORE0008,SKU0013,2024-01-03,0,0,0
STORE0008,SKU0013,2024-01-04,0,0,0
STORE0008,SKU0013,2024-01-05,0,0,0
STORE0008,SKU0013,2024-01-06,0,1,0
STORE0008,SKU0013,2024-01-07,0,1,0
STORE0008,SKU0013,2024-01-08,0,0,0
STORE0008,SKU0013,2024-01-09,0,0,0
STORE0008,SKU0013,2024-01-10,0,0,0
STORE0008,SKU0013,2024-01-11,0,0,0
STORE0008,SKU0013,2024-01-12,0,0,0
STORE0008,SKU0013,2024-01-13,0,1,0
STORE0008,SKU0013,2024-01-14,0,1,0
STORE0008,SKU0014,2024-01-01,0,0,0
STORE0008,SKU0014,2024-01-02,0,0,0
STORE0008,SKU0014,2024-01-03,0,0,0
STORE0008,SKU0014,2024-01-04,0,0,0
STORE0008,SKU0014,2024-01-05,0,0,0
STORE0008,SKU0014,2024-01-06,0,1,0
STORE0008,SKU0014,2024-01-07,0,1,0
STORE0008,SKU0014,2024-01-08,0,0,0
STORE0008,SKU0014,2024-01-09,0,0,0
STORE0008,SKU0014,2024-01-10,0,0,0
STORE0008,SKU0014,2024-01-11,0,0,0
STORE0008,SKU0014,2024-01-12,0,0,0
STORE0008,SKU0014,2024-01-13,0,1,0
STORE0008,SKU0014,2024-01-14,0,1,0
STORE0008,SKU0015,2024-01-01,0,0,0
STORE0008,SKU0015,2024-01-02,0,0,0
STORE0008,SKU0015,2024-01-03,0,0,0
STORE0008,SKU0015,2024-01-04,0,0,0
STORE0008,SKU0015,2024-01-05,0,0,0
STORE0008,SKU0015,2024-01-06,0,1,0
STORE0008,SKU0015,2024-01-07,0,1,0
STORE0008,SKU0015,2024-01-08,0,0,0
STORE0008,SKU0015,2024-01-09,0,0,0
STORE0008,SKU0015,2024-01-10,0,0,0
STORE0008,SKU0015,2024-01-11,0,0,0
STORE0008,SKU0015,2024-01-12,0,0,0
STORE0008,SKU0015,2024-01-13,0,1,0
STORE0008,SKU0015,2024-01-14,0,1,0
STORE0008,SKU0016,2024-01-01,0,0,0
STORE0008,SKU0016,2024-01-02,0,0,0
STORE0008,SKU0016,2024-01-03,0,0,0
STORE0008,SKU0016,2024-01-04,0,0,0
STORE0008,SKU0016,2024-01-05,0,0,0
STORE0008,SKU0016,2024-01-06,0,1,0
STORE0008,SKU0016,2024-01-07,0,1,0
STORE0008,SKU0016,2024-01-08,0,0,0
STORE0008,SKU0016,2024-01-09,0,0,0
STORE0008,SKU0016,2024-01-10,0,0,0
STORE0008,SKU0016,2024-01-11,0,0,0
STORE0008,SKU0016,2024-01-12,0,0,0
STORE0008,SKU0016,2024-01-13,0,1,0
STORE0008,SKU0016,2024-01-14,0,1,0
STORE0008,SKU0018,2024-01-01,0,0,0
STORE0008,SKU0018,2024-01-02,0,0,0
STORE0008,SKU0018,2024-01-03,0,0,0
STORE0008,SKU0018,2024-01-04,0,0,0
STORE0008,SKU0018,2024-01-05,0,0,0
STORE0008,SKU0018,2024-01-06,0,1,0
STORE0008,SKU0018,2024-01-07,0,1,0
STORE0008,SKU0018,2024-01-08,0,0,0
STORE0008,SKU0018,2024-01-09,0,0,0
STORE0008,SKU0018,2024-01-10,0,0,0
STORE0008,SKU0018,2024-01-11,0,0,0
STORE0008,SKU0018,2024-01-12,0,0,0
STORE0008,SKU0018,2024-01-13,0,1,0
STORE0008,SKU0018,2024-01-14,0,1,0
STORE0008,SKU0020,2024-01-01,0,0,0
STORE0008,SKU0020,2024-01-02,0,0,0
STORE0008,SKU0020,2024-01-03,0,0,0
STORE0008,SKU0020,2024-01-04,0,0,0
STORE0008,SKU0020,2024-01-05,0,0,0
STORE0008,SKU0020,2024-01-06,0,1,0
STORE0008,SKU0020,2024-01-07,0,1,0
STORE0008,SKU0020,2024-01-08,0,0,0
STORE0008,SKU0020,2024-01-09,0,0,0
STORE0008,SKU0020,2024-01-10,0,0,0
STORE0008,SKU0020,2024-01-11,0,0,0
STORE0008,SKU0020,2024-01-12,0,0,0
STORE0008,SKU0020,2024-01-13,0,1,0
STORE0008,SKU0020,2024-01-14,0,1,0
STORE0008,SKU0022,2024-01-01,0,0,0
STORE0008,SKU0022,2024-01-02,0,0,0
STORE0008,SKU0022,2024-01-03,0,0,0
STORE0008,SKU0022,2024-01-04,0,0,0
STORE0008,SKU0022,2024-01-05,0,0,0
STORE0008,SKU0022,2024-01-06,0,1,0
STORE0008,SKU0022,2024-01-07,0,1,0
STORE0008,SKU0022,2024-01-08,0,0,0
STORE0008,SKU0022,2024-01-09,0,0,0
STORE0008,SKU0022,2024-01-10,0,0,0
STORE0008,SKU0022,2024-01-11,0,0,0
STORE0008,SKU0022,2024-01-12,0,0,0
STORE0008,SKU0022,2024-01-13,0,1,0
STORE0008,SKU0022,2024-01-14,0,1,0
STORE0008,SKU0025,2024-01-01,0,0,0
STORE0008,SKU0025,2024-01-02,0,0,0
STORE0008,SKU0025,2024-01-03,0,0,0
STORE0008,SKU0025,2024-01-04,0,0,0
STORE0008,SKU0025,2024-01-05,0,0,0
STORE0008,SKU0025,2024-01-06,0,1,0
STORE0008,SKU0025,2024-01-07,0,1,0
STORE0008,SKU0025,2024-01-08,0,0,0
STORE0008,SKU0025,2024-01-09,0,0,0
STORE0008,SKU0025,2024-01-10,0,0,0
STORE0008,SKU0025,2024-01-11,0,0,0
STORE0008,SKU0025,2024-01-12,0,0,0
STORE0008,SKU0025,2024-01-13,0,1,0
STORE0008,SKU0025,2024-01-14,0,1,0
STORE0008,SKU0027,2024-01-01,0,0,0
STORE0008,SKU0027,2024-01-02,0,0,0
STORE0008,SKU0027,2024-01-03,0,0,0
STORE0008,SKU0027,2024-01-04,0,0,0
STORE0008,SKU0027,2024-01-05,0,0,0
STORE0008,SKU0027,2024-01-06,0,1,0
STORE0008,SKU0027,2024-01-07,0,1,0
STORE0008,SKU0027,2024-01-08,0,0,0
STORE0008,SKU0027,2024-01-09,0,0,0
STORE0008,SKU0027,2024-01-10,0,0,0
STORE0008,SKU0027,2024-01-11,0,0,0
STORE0008,SKU0027,2024-01-12,0,0,0
STORE0008,SKU0027,2024-01-13,0,1,0
STORE0008,SKU0027,2024-01-14,0,1,0
STORE0008,SKU0028,2024-01-01,0,0,0
STORE0008,SKU0028,2024-01-02,0,0,0
STORE0008,SKU0028,2024-01-03,0,0,0
STORE0008,SKU0028,2024-01-04,0,0,0
STORE0008,SKU0028,2024-01-05,0,0,0
STORE0008,SKU0028,2024-01-06,0,1,0
STORE0008,SKU0028,2024-01-07,0,1,0
STORE0008,SKU0028,2024-01-08,0,0,0
STORE0008,SKU0028,2024-01-09,0,0,0
STORE0008,SKU0028,2024-01-10,0,0,0
STORE0008,SKU0028,2024-01-11,0,0,0
STORE0008,SKU0028,2024-01-12,0,0,0
STORE0008,SKU0028,2024-01-13,0,1,0
STORE0008,SKU0028,2024-01-14,0,1,0
STORE0008,SKU0029,2024-01-01,0,0,0
STORE0008,SKU0029,2024-01-02,0,0,0
STORE0008,SKU0029,2024-01-03,0,0,0
STORE0008,SKU0029,2024-01-04,0,0,0
STORE0008,SKU0029,2024-01-05,0,0,0
STORE0008,SKU0029,2024-01-06,0,1,0
STORE0008,SKU0029,2024-01-07,0,1,0
STORE0008,SKU0029,2024-01-08,0,0,0
STORE0008,SKU0029,2024-01-09,0,0,0
STORE0008,SKU0029,2024-01-10,0,0,0
STORE0008,SKU0029,2024-01-11,0,0,0
STORE0008,SKU0029,2024-01-12,0,0,0
STORE0008,SKU0029,2024-01-13,0,1,0
STORE0008,SKU0029,2024-01-14,0,1,0
STORE0008,SKU0030,2024-01-01,0,0,0
STORE0008,SKU0030,2024-01-02,0,0,0
STORE0008,SKU0030,2024-01-03,0,0,0
STORE0008,SKU0030,2024-01-04,0,0,0
STORE0008,SKU0030,2024-01-05,0,0,0
STORE0008,SKU0030,2024-01-06,0,1,0
STORE0008,SKU0030,2024-01-07,0,1,0
STORE0008,SKU0030,2024-01-08,0,0,0
STORE0008,SKU0030,2024-01-09,0,0,0
STORE0008,SKU0030,2024-01-10,0,0,0
STORE0008,SKU0030,2024-01-11,0,0,0
STORE0008,SKU0030,2024-01-12,0,0,0
STORE0008,SKU0030,2024-01-13,0,1,0
STORE0008,SKU0030,2024-01-14,0,1,0
STORE0008,SKU0031,2024-01-01,0,0,0
STORE0008,SKU0031,2024-01-02,0,0,0
STORE0008,SKU0031,2024-01-03,0,0,0
STORE0008,SKU0031,2024-01-04,0,0,0
STORE0008,SKU0031,2024-01-05,0,0,0
STORE0008,SKU0031,2024-01-06,0,1,0
STORE0008,SKU0031,2024-01-07,0,1,0
STORE0008,SKU0031,2024-01-08,0,0,0
STORE0008,SKU0031,2024-01-09,0,0,0
STORE0008,SKU0031,2024-01-10,0,0,0
STORE0008,SKU0031,2024-01-11,0,0,0
STORE0008,SKU0031,2024-01-12,0,0,0
STORE0008,SKU0031,2024-01-13,0,1,0
STORE0008,SKU0031,2024-01-14,0,1,0
STORE0008,SKU0033,2024-01-01,0,0,0
STORE0008,SKU0033,2024-01-02,0,0,0
STORE0008,SKU0033,2024-01-03,0,0,0
STORE0008,SKU0033,2024-01-04,0,0,0
STORE0008,SKU0033,2024-01-05,0,0,0
STORE0008,SKU0033,2024-01-06,0,1,0
STORE0008,SKU0033,2024-01-07,0,1,0
STORE0008,SKU0033,2024-01-08,0,0,0
STORE0008,SKU0033,2024-01-09,0,0,0
STORE0008,SKU0033,2024-01-10,0,0,0
STORE0008,SKU0033,2024-01-11,0,0,0
STORE0008,SKU0033,2024-01-12,0,0,0
STORE0008,SKU0033,2024-01-13,0,1,0
STORE0008,SKU0033,2024-01-14,0,1,0
STORE0008,SKU0035,2024-01-01,0,0,0
STORE0008,SKU0035,2024-01-02,0,0,0
STORE0008,SKU0035,2024-01-03,0,0,0
STORE0008,SKU0035,2024-01-04,0,0,0
STORE0008,SKU0035,2024-01-05,0,0,0
STORE0008,SKU0035,2024-01-06,0,1,0
STORE0008,SKU0035,2024-01-07,0,1,0
STORE0008,SKU0035,2024-01-08,0,0,0
STORE0008,SKU0035,2024-01-09,0,0,0
STORE0008,SKU0035,2024-01-10,0,0,0
STORE0008,SKU0035,2024-01-11,0,0,0
STORE0008,SKU0035,2024-01-12,0,0,0
STORE0008,SKU0035,2024-01-13,0,1,0
STORE0008,SKU0035,2024-01-14,0,1,0
STORE0008,SKU0038,2024-01-01,0,0,0
STORE0008,SKU0038,2024-01-02,0,0,0
STORE0008,SKU0038,2024-01-03,0,0,0
STORE0008,SKU0038,2024-01-04,0,0,0
STORE0008,SKU0038,2024-01-05,0,0,0
STORE0008,SKU0038,2024-01-06,0,1,0
STORE0008,SKU0038,2024-01-07,0,1,0
STORE0008,SKU0038,2024-01-08,0,0,0
STORE0008,SKU0038,2024-01-09,0,0,0
STORE0008,SKU0038,2024-01-10,0,0,0
STORE0008,SKU0038,2024-01-11,0,0,0
STORE0008,SKU0038,2024-01-12,0,0,0
STORE0008,SKU0038,2024-01-13,0,1,0
STORE0008,SKU0038,2024-01-14,0,1,0
STORE0008,SKU0039,2024-01-01,0,0,0
STORE0008,SKU0039,2024-01-02,0,0,0
STORE0008,SKU0039,2024-01-03,0,0,0
STORE0008,SKU0039,2024-01-04,0,0,0
STORE0008,SKU0039,2024-01-05,0,0,0
STORE0008,SKU0039,2024-01-06,0,1,0
STORE0008,SKU0039,2024-01-07,0,1,0
STORE0008,SKU0039,2024-01-08,0,0,0
STORE0008,SKU0039,2024-01-09,0,0,0
STORE0008,SKU0039,2024-01-10,0,0,0
STORE0008,SKU0039,2024-01-11,0,0,0
STORE0008,SKU0039,2024-01-12,0,0,0
STORE0008,SKU0039,2024-01-13,0,1,0
STORE0008,SKU0039,2024-01-14,0,1,0
STORE0008,SKU0040,2024-01-01,0,0,0
STORE0008,SKU0040,2024-01-02,0,0,0
STORE0008,SKU0040,2024-01-03,0,0,0
STORE0008,SKU0040,2024-01-04,0,0,0
STORE0008,SKU0040,2024-01-05,0,0,0
STORE0008,SKU0040,2024-01-06,0,1,0
STORE0008,SKU0040,2024-01-07,0,1,0
STORE0008,SKU0040,2024-01-08,0,0,0
STORE0008,SKU0040,2024-01-09,0,0,0
STORE0008,SKU0040,2024-01-10,0,0,0
STORE0008,SKU0040,2024-01-11,0,0,0
STORE0008,SKU0040,2024-01-12,0,0,0
STORE0008,SKU0040,2024-01-13,0,1,0
STORE0008,SKU0040,2024-01-14,0,1,0
STORE0008,SKU0041,2024-01-01,0,0,0
STORE0008,SKU0041,2024-01-02,0,0,0
STORE0008,SKU0041,2024-01-03,0,0,0
STORE0008,SKU0041,2024-01-04,0,0,0
STORE0008,SKU0041,2024-01-05,0,0,0
STORE0008,SKU0041,2024-01-06,0,1,0
STORE0008,SKU0041,2024-01-07,0,1,0
STORE0008,SKU0041,2024-01-08,0,0,0
STORE0008,SKU0041,2024-01-09,0,0,0
STORE0008,SKU0041,2024-01-10,0,0,0
STORE0008,SKU0041,2024-01-11,0,0,0
STORE0008,SKU0041,2024-01-12,0,0,0
STORE0008,SKU0041,2024-01-13,0,1,0
STORE0008,SKU0041,2024-01-14,0,1,0
STORE0008,SKU0042,2024-01-01,0,0,0
STORE0008,SKU0042,2024-01-02,0,0,0
STORE0008,SKU0042,2024-01-03,0,0,0
STORE0008,SKU0042,2024-01-04,0,0,0
STORE0008,SKU0042,2024-01-05,0,0,0
STORE0008,SKU0042,2024-01-06,0,1,0
STORE0008,SKU0042,2024-01-07,0,1,0
STORE0008,SKU0042,2024-01-08,0,0,0
STORE0008,SKU0042,2024-01-09,0,0,0
STORE0008,SKU0042,2024-01-10,0,0,0
STORE0008,SKU0042,2024-01-11,0,0,0
STORE0008,SKU0042,2024-01-12,0,0,0
STORE0008,SKU0042,2024-01-13,0,1,0
STORE0008,SKU0042,2024-01-14,0,1,0
STORE0008,SKU0043,2024-01-01,0,0,0
STORE0008,SKU0043,2024-01-02,0,0,0
STORE0008,SKU0043,2024-01-03,0,0,0
STORE0008,SKU0043,2024-01-04,0,0,0
STORE0008,SKU0043,2024-01-05,0,0,0
STORE0008,SKU0043,2024-01-06,0,1,0
STORE0008,SKU0043,2024-01-07,0,1,0
STORE0008,SKU0043,2024-01-08,0,0,0
STORE0008,SKU0043,2024-01-09,0,0,0
STORE0008,SKU0043,2024-01-10,0,0,0
STORE0008,SKU0043,2024-01-11,0,0,0
STORE0008,SKU0043,2024-01-12,0,0,0
STORE0008,SKU0043,2024-01-13,0,1,0
STORE0008,SKU0043,2024-01-14,0,1,0
STORE0008,SKU0044,2024-01-01,0,0,0
STORE0008,SKU0044,2024-01-02,0,0,0
STORE0008,SKU0044,2024-01-03,0,0,0
STORE0008,SKU0044,2024-01-04,0,0,0
STORE0008,SKU0044,2024-01-05,0,0,0
STORE0008,SKU0044,2024-01-06,0,1,0
STORE0008,SKU0044,2024-01-07,0,1,0
STORE0008,SKU0044,2024-01-08,0,0,0
STORE0008,SKU0044,2024-01-09,0,0,0
STORE0008,SKU0044,2024-01-10,0,0,0
STORE0008,SKU0044,2024-01-11,0,0,0
STORE0008,SKU0044,2024-01-12,0,0,0
STORE0008,SKU0044,2024-01-13,0,1,0
STORE0008,SKU0044,2024-01-14,0,1,0
STORE0008,SKU0045,2024-01-01,0,0,0
STORE0008,SKU0045,2024-01-02,0,0,0
STORE0008,SKU0045,2024-01-03,0,0,0
STORE0008,SKU0045,2024-01-04,0,0,0
STORE0008,SKU0045,2024-01-05,0,0,0
STORE0008,SKU0045,2024-01-06,0,1,0
STORE0008,SKU0045,2024-01-07,0,1,0
STORE0008,SKU0045,2024-01-08,0,0,0
STORE0008,SKU0045,2024-01-09,0,0,0
STORE0008,SKU0045,2024-01-10,0,0,0
STORE0008,SKU0045,2024-01-11,0,0,0
STORE0008,SKU0045,2024-01-12,0,0,0
STORE0008,SKU0045,2024-01-13,0,1,0
STORE0008,SKU0045,2024-01-14,0,1,0
STORE0008,SKU0046,2024-01-01,0,0,0
STORE0008,SKU0046,2024-01-02,0,0,0
STORE0008,SKU0046,2024-01-03,0,0,0
STORE0008,SKU0046,2024-01-04,0,0,0
STORE0008,SKU0046,2024-01-05,0,0,0
STORE0008,SKU0046,2024-01-06,0,1,0
STORE0008,SKU0046,2024-01-07,0,1,0
STORE0008,SKU0046,2024-01-08,0,0,0
STORE0008,SKU0046,2024-01-09,0,0,0
STORE0008,SKU0046,2024-01-10,0,0,0
STORE0008,SKU0046,2024-01-11,0,0,0
STORE0008,SKU0046,2024-01-12,0,0,0
STORE0008,SKU0046,2024-01-13,0,1,0
STORE0008,SKU0046,2024-01-14,0,1,0
STORE0008,SKU0047,2024-01-01,0,0,0
STORE0008,SKU0047,2024-01-02,0,0,0
STORE0008,SKU0047,2024-01-03,0,0,0
STORE0008,SKU0047,2024-01-04,0,0,0
STORE0008,SKU0047,2024-01-05,0,0,0
STORE0008,SKU0047,2024-01-06,0,1,0
STORE0008,SKU0047,2024-01-07,0,1,0
STORE0008,SKU0047,2024-01-08,0,0,0
STORE0008,SKU0047,2024-01-09,0,0,0
STORE0008,SKU0047,2024-01-10,0,0,0
STORE0008,SKU0047,2024-01-11,0,0,0
STORE0008,SKU0047,2024-01-12,0,0,0
STORE0008,SKU0047,2024-01-13,0,1,0
STORE0008,SKU0047,2024-01-14,0,1,0
STORE0008,SKU0048,2024-01-01,0,0,0
STORE0008,SKU0048,2024-01-02,0,0,0
STORE0008,SKU0048,2024-01-03,0,0,0
STORE0008,SKU0048,2024-01-04,0,0,0
STORE0008,SKU0048,2024-01-05,0,0,0
STORE0008,SKU0048,2024-01-06,0,1,0
STORE0008,SKU0048,2024-01-07,0,1,0
STORE0008,SKU0048,2024-01-08,0,0,0
STORE0008,SKU0048,2024-01-09,0,0,0
STORE0008,SKU0048,2024-01-10,0,0,0
STORE0008,SKU0048,2024-01-11,0,0,0
STORE0008,SKU0048,2024-01-12,0,0,0
STORE0008,SKU0048,2024-01-13,0,1,0
STORE0008,SKU0048,2024-01-14,0,1,0
STORE0008,SKU0049,2024-01-01,0,0,0
STORE0008,SKU0049,2024-01-02,0,0,0
STORE0008,SKU0049,2024-01-03,0,0,0
STORE0008,SKU0049,2024-01-04,0,0,0
STORE0008,SKU0049,2024-01-05,0,0,0
STORE0008,SKU0049,2024-01-06,0,1,0
STORE0008,SKU0049,2024-01-07,0,1,0
STORE0008,SKU0049,2024-01-08,0,0,0
STORE0008,SKU0049,2024-01-09,0,0,0
STORE0008,SKU0049,2024-01-10,0,0,0
STORE0008,SKU0049,2024-01-11,0,0,0
STORE0008,SKU0049,2024-01-12,0,0,0
STORE0008,SKU0049,2024-01-13,0,1,0
STORE0008,SKU0049,2024-01-14,0,1,0
STORE0008,SKU0051,2024-01-01,0,0,0
STORE0008,SKU0051,2024-01-02,0,0,0
STORE0008,SKU0051,2024-01-03,0,0,0
STORE0008,SKU0051,2024-01-04,0,0,0
STORE0008,SKU0051,2024-01-05,0,0,0
STORE0008,SKU0051,2024-01-06,0,1,0
STORE0008,SKU0051,2024-01-07,0,1,0
STORE0008,SKU0051,2024-01-08,0,0,0
STORE0008,SKU0051,2024-01-09,0,0,0
STORE0008,SKU0051,2024-01-10,0,0,0
STORE0008,SKU0051,2024-01-11,0,0,0
STORE0008,SKU0051,2024-01-12,0,0,0
STORE0008,SKU0051,2024-01-13,0,1,0
STORE0008,SKU0051,2024-01-14,0,1,0
STORE0008,SKU0055,2024-01-01,0,0,0
STORE0008,SKU0055,2024-01-02,0,0,0
STORE0008,SKU0055,2024-01-03,0,0,0
STORE0008,SKU0055,2024-01-04,0,0,0
STORE0008,SKU0055,2024-01-05,0,0,0
STORE0008,SKU0055,2024-01-06,0,1,0
STORE0008,SKU0055,2024-01-07,0,1,0
STORE0008,SKU0055,2024-01-08,0,0,0
STORE0008,SKU0055,2024-01-09,0,0,0
STORE0008,SKU0055,2024-01-10,0,0,0
STORE0008,SKU0055,2024-01-11,0,0,0
STORE0008,SKU0055,2024-01-12,0,0,0
STORE0008,SKU0055,2024-01-13,0,1,0
STORE0008,SKU0055,2024-01-14,0,1,0
STORE0008,SKU0056,2024-01-01,0,0,0
STORE0008,SKU0056,2024-01-02,0,0,0
STORE0008,SKU0056,2024-01-03,0,0,0
STORE0008,SKU0056,2024-01-04,0,0,0
STORE0008,SKU0056,2024-01-05,0,0,0
STORE0008,SKU0056,2024-01-06,0,1,0
STORE0008,SKU0056,2024-01-07,0,1,0
STORE0008,SKU0056,2024-01-08,0,0,0
STORE0008,SKU0056,2024-01-09,0,0,0
STORE0008,SKU0056,2024-01-10,0,0,0
STORE0008,SKU0056,2024-01-11,0,0,0
STORE0008,SKU0056,2024-01-12,0,0,0
STORE0008,SKU0056,2024-01-13,0,1,0
STORE0008,SKU0056,2024-01-14,0,1,0
STORE0008,SKU0057,2024-01-01,0,0,0
STORE0008,SKU0057,2024-01-02,0,0,0
STORE0008,SKU0057,2024-01-03,0,0,0
STORE0008,SKU0057,2024-01-04,0,0,0
STORE0008,SKU0057,2024-01-05,0,0,0
STORE0008,SKU0057,2024-01-06,0,1,0
STORE0008,SKU0057,2024-01-07,0,1,0
STORE0008,SKU0057,2024-01-08,0,0,0
STORE0008,SKU0057,2024-01-09,0,0,0
STORE0008,SKU0057,2024-01-10,0,0,0
STORE0008,SKU0057,2024-01-11,0,0,0
STORE0008,SKU0057,2024-01-12,0,0,0
STORE0008,SKU0057,2024-01-13,0,1,0
STORE0008,SKU0057,2024-01-14,0,1,0
STORE0008,SKU0059,2024-01-01,0,0,0
STORE0008,SKU0059,2024-01-02,0,0,0
STORE0008,SKU0059,2024-01-03,0,0,0
STORE0008,SKU0059,2024-01-04,0,0,0
STORE0008,SKU0059,2024-01-05,0,0,0
STORE0008,SKU0059,2024-01-06,0,1,0
STORE0008,SKU0059,2024-01-07,0,1,0
STORE0008,SKU0059,2024-01-08,0,0,0
STORE0008,SKU0059,2024-01-09,0,0,0
STORE0008,SKU0059,2024-01-10,0,0,0
STORE0008,SKU0059,2024-01-11,0,0,0
STORE0008,SKU0059,2024-01-12,0,0,0
STORE0008,SKU0059,2024-01-13,0,1,0
STORE0008,SKU0059,2024-01-14,0,1,0
STORE0008,SKU0060,2024-01-01,0,0,0
STORE0008,SKU0060,2024-01-02,0,0,0
STORE0008,SKU0060,2024-01-03,0,0,0
STORE0008,SKU0060,2024-01-04,0,0,0
STORE0008,SKU0060,2024-01-05,0,0,0
STORE0008,SKU0060,2024-01-06,0,1,0
STORE0008,SKU0060,2024-01-07,0,1,0
STORE0008,SKU0060,2024-01-08,0,0,0
STORE0008,SKU0060,2024-01-09,0,0,0
STORE0008,SKU0060,2024-01-10,0,0,0
STORE0008,SKU0060,2024-01-11,0,0,0
STORE0008,SKU0060,2024-01-12,0,0,0
STORE0008,SKU0060,2024-01-13,0,1,0
STORE0008,SKU0060,2024-01-14,0,1,0
STORE0008,SKU0061,2024-01-01,0,0,0
STORE0008,SKU0061,2024-01-02,0,0,0
STORE0008,SKU0061,2024-01-03,0,0,0
STORE0008,SKU0061,2024-01-04,0,0,0
STORE0008,SKU0061,2024-01-05,0,0,0
STORE0008,SKU0061,2024-01-06,0,1,0
STORE0008,SKU0061,2024-01-07,0,1,0
STORE0008,SKU0061,2024-01-08,0,0,0
STORE0008,SKU0061,2024-01-09,0,0,0
STORE0008,SKU0061,2024-01-10,0,0,0
STORE0008,SKU0061,2024-01-11,0,0,0
STORE0008,SKU0061,2024-01-12,0,0,0
STORE0008,SKU0061,2024-01-13,0,1,0
STORE0008,SKU0061,2024-01-14,0,1,0
STORE0008,SKU0062,2024-01-01,0,0,0
STORE0008,SKU0062,2024-01-02,0,0,0
STORE0008,SKU0062,2024-01-03,0,0,0
STORE0008,SKU0062,2024-01-04,0,0,0
STORE0008,SKU0062,2024-01-05,0,0,0
STORE0008,SKU0062,2024-01-06,0,1,0
STORE0008,SKU0062,2024-01-07,0,1,0
STORE0008,SKU0062,2024-01-08,0,0,0
STORE0008,SKU0062,2024-01-09,0,0,0
STORE0008,SKU0062,2024-01-10,0,0,0
STORE0008,SKU0062,2024-01-11,0,0,0
STORE0008,SKU0062,2024-01-12,0,0,0
STORE0008,SKU0062,2024-01-13,0,1,0
STORE0008,SKU0062,2024-01-14,0,1,0
STORE0008,SKU0064,2024-01-01,0,0,0
STORE0008,SKU0064,2024-01-02,0,0,0
STORE0008,SKU0064,2024-01-03,0,0,0
STORE0008,SKU0064,2024-01-04,0,0,0
STORE0008,SKU0064,2024-01-05,0,0,0
STORE0008,SKU0064,2024-01-06,0,1,0
STORE0008,SKU0064,2024-01-07,0,1,0
STORE0008,SKU0064,2024-01-08,0,0,0
STORE0008,SKU0064,2024-01-09,0,0,0
STORE0008,SKU0064,2024-01-10,0,0,0
STORE0008,SKU0064,2024-01-11,0,0,0
STORE0008,SKU0064,2024-01-12,0,0,0
STORE0008,SKU0064,2024-01-13,0,1,0
STORE0008,SKU0064,2024-01-14,0,1,0
STORE0008,SKU0065,2024-01-01,0,0,0
STORE0008,SKU0065,2024-01-02,0,0,0
STORE0008,SKU0065,2024-01-03,0,0,0
STORE0008,SKU0065,2024-01-04,0,0,0
STORE0008,SKU0065,2024-01-05,0,0,0
STORE0008,SKU0065,2024-01-06,0,1,0
STORE0008,SKU0065,2024-01-07,0,1,0
STORE0008,SKU0065,2024-01-08,0,0,0
STORE0008,SKU0065,2024-01-09,0,0,0
STORE0008,SKU0065,2024-01-10,0,0,0
STORE0008,SKU0065,2024-01-11,0,0,0
STORE0008,SKU0065,2024-01-12,0,0,0
STORE0008,SKU0065,2024-01-13,0,1,0
STORE0008,SKU0065,2024-01-14,0,1,0
STORE0008,SKU0066,2024-01-01,0,0,0
STORE0008,SKU0066,2024-01-02,0,0,0
STORE0008,SKU0066,2024-01-03,0,0,0
STORE0008,SKU0066,2024-01-04,0,0,0
STORE0008,SKU0066,2024-01-05,0,0,0
STORE0008,SKU0066,2024-01-06,0,1,0
STORE0008,SKU0066,2024-01-07,0,1,0
STORE0008,SKU0066,2024-01-08,0,0,0
STORE0008,SKU0066,2024-01-09,0,0,0
STORE0008,SKU0066,2024-01-10,0,0,0
STORE0008,SKU0066,2024-01-11,0,0,0
STORE0008,SKU0066,2024-01-12,0,0,0
STORE0008,SKU0066,2024-01-13,0,1,0
STORE0008,SKU0066,2024-01-14,0,1,0
STORE0008,SKU0067,2024-01-01,0,0,0
STORE0008,SKU0067,2024-01-02,0,0,0
STORE0008,SKU0067,2024-01-03,0,0,0
STORE0008,SKU0067,2024-01-04,0,0,0
STORE0008,SKU0067,2024-01-05,0,0,0
STORE0008,SKU0067,2024-01-06,0,1,0
STORE0008,SKU0067,2024-01-07,0,1,0
STORE0008,SKU0067,2024-01-08,0,0,0
STORE0008,SKU0067,2024-01-09,0,0,0
STORE0008,SKU0067,2024-01-10,0,0,0
STORE0008,SKU0067,2024-01-11,0,0,0
STORE0008,SKU0067,2024-01-12,0,0,0
STORE0008,SKU0067,2024-01-13,0,1,0
STORE0008,SKU0067,2024-01-14,0,1,0
STORE0008,SKU0072,2024-01-01,0,0,0
STORE0008,SKU0072,2024-01-02,0,0,0
STORE0008,SKU0072,2024-01-03,0,0,0
STORE0008,SKU0072,2024-01-04,0,0,0
STORE0008,SKU0072,2024-01-05,0,0,0
STORE0008,SKU0072,2024-01-06,0,1,0
STORE0008,SKU0072,2024-01-07,0,1,0
STORE0008,SKU0072,2024-01-08,0,0,0
STORE0008,SKU0072,2024-01-09,0,0,0
STORE0008,SKU0072,2024-01-10,0,0,0
STORE0008,SKU0072,2024-01-11,0,0,0
STORE0008,SKU0072,2024-01-12,0,0,0
STORE0008,SKU0072,2024-01-13,0,1,0
STORE0008,SKU0072,2024-01-14,0,1,0
STORE0008,SKU0074,2024-01-01,0,0,0
STORE0008,SKU0074,2024-01-02,0,0,0
STORE0008,SKU0074,2024-01-03,0,0,0
STORE0008,SKU0074,2024-01-04,0,0,0
STORE0008,SKU0074,2024-01-05,0,0,0
STORE0008,SKU0074,2024-01-06,0,1,0
STORE0008,SKU0074,2024-01-07,0,1,0
STORE0008,SKU0074,2024-01-08,0,0,0
STORE0008,SKU0074,2024-01-09,0,0,0
STORE0008,SKU0074,2024-01-10,0,0,0
STORE0008,SKU0074,2024-01-11,0,0,0
STORE0008,SKU0074,2024-01-12,0,0,0
STORE0008,SKU0074,2024-01-13,0,1,0
STORE0008,SKU0074,2024-01-14,0,1,0
STORE0008,SKU0075,2024-01-01,0,0,0
STORE0008,SKU0075,2024-01-02,0,0,0
STORE0008,SKU0075,2024-01-03,0,0,0
STORE0008,SKU0075,2024-01-04,0,0,0
STORE0008,SKU0075,2024-01-05,0,0,0
STORE0008,SKU0075,2024-01-06,0,1,0
STORE0008,SKU0075,2024-01-07,0,1,0
STORE0008,SKU0075,2024-01-08,0,0,0
STORE0008,SKU0075,2024-01-09,0,0,0
STORE0008,SKU0075,2024-01-10,0,0,0
STORE0008,SKU0075,2024-01-11,0,0,0
STORE0008,SKU0075,2024-01-12,0,0,0
STORE0008,SKU0075,2024-01-13,0,1,0
STORE0008,SKU0075,2024-01-14,0,1,0
STORE0008,SKU0076,2024-01-01,0,0,0
STORE0008,SKU0076,2024-01-02,0,0,0
STORE0008,SKU0076,2024-01-03,0,0,0
STORE0008,SKU0076,2024-01-04,0,0,0
STORE0008,SKU0076,2024-01-05,0,0,0
STORE0008,SKU0076,2024-01-06,0,1,0
STORE0008,SKU0076,2024-01-07,0,1,0
STORE0008,SKU0076,2024-01-08,0,0,0
STORE0008,SKU0076,2024-01-09,0,0,0
STORE0008,SKU0076,2024-01-10,0,0,0
STORE0008,SKU0076,2024-01-11,0,0,0
STORE0008,SKU0076,2024-01-12,0,0,0
STORE0008,SKU0076,2024-01-13,0,1,0
STORE0008,SKU0076,2024-01-14,0,1,0
STORE0008,SKU0077,2024-01-01,0,0,0
STORE0008,SKU0077,2024-01-02,0,0,0
STORE0008,SKU0077,2024-01-03,0,0,0
STORE0008,SKU0077,2024-01-04,0,0,0
STORE0008,SKU0077,2024-01-05,0,0,0
STORE0008,SKU0077,2024-01-06,0,1,0
STORE0008,SKU0077,2024-01-07,0,1,0
STORE0008,SKU0077,2024-01-08,0,0,0
STORE0008,SKU0077,2024-01-09,0,0,0
STORE0008,SKU0077,2024-01-10,0,0,0
STORE0008,SKU0077,2024-01-11,0,0,0
STORE0008,SKU0077,2024-01-12,0,0,0
STORE0008,SKU0077,2024-01-13,0,1,0
STORE0008,SKU0077,2024-01-14,0,1,0
STORE0008,SKU0078,2024-01-01,0,0,0
STORE0008,SKU0078,2024-01-02,0,0,0
STORE0008,SKU0078,2024-01-03,0,0,0
STORE0008,SKU0078,2024-01-04,0,0,0
STORE0008,SKU0078,2024-01-05,0,0,0
STORE0008,SKU0078,2024-01-06,0,1,0
STORE0008,SKU0078,2024-01-07,0,1,0
STORE0008,SKU0078,2024-01-08,0,0,0
STORE0008,SKU0078,2024-01-09,0,0,0
STORE0008,SKU0078,2024-01-10,0,0,0
STORE0008,SKU0078,2024-01-11,0,0,0
STORE0008,SKU0078,2024-01-12,0,0,0
STORE0008,SKU0078,2024-01-13,0,1,0
STORE0008,SKU0078,2024-01-14,0,1,0
STORE0008,SKU0080,2024-01-01,0,0,0
STORE0008,SKU0080,2024-01-02,0,0,0
STORE0008,SKU0080,2024-01-03,0,0,0
STORE0008,SKU0080,2024-01-04,0,0,0
STORE0008,SKU0080,2024-01-05,0,0,0
STORE0008,SKU0080,2024-01-06,0,1,0
STORE0008,SKU0080,2024-01-07,0,1,0
STORE0008,SKU0080,2024-01-08,0,0,0
STORE0008,SKU0080,2024-01-09,0,0,0
STORE0008,SKU0080,2024-01-10,0,0,0
STORE0008,SKU0080,2024-01-11,0,0,0
STORE0008,SKU0080,2024-01-12,0,0,0
STORE0008,SKU0080,2024-01-13,0,1,0
STORE0008,SKU0080,2024-01-14,0,1,0
STORE0008,SKU0081,2024-01-01,0,0,0
STORE0008,SKU0081,2024-01-02,0,0,0
STORE0008,SKU0081,2024-01-03,0,0,0
STORE0008,SKU0081,2024-01-04,0,0,0
STORE0008,SKU0081,2024-01-05,0,0,0
STORE0008,SKU0081,2024-01-06,0,1,0
STORE0008,SKU0081,2024-01-07,0,1,0
STORE0008,SKU0081,2024-01-08,0,0,0
STORE0008,SKU0081,2024-01-09,0,0,0
STORE0008,SKU0081,2024-01-10,0,0,0
STORE0008,SKU0081,2024-01-11,0,0,0
STORE0008,SKU0081,2024-01-12,0,0,0
STORE0008,SKU0081,2024-01-13,0,1,0
STORE0008,SKU0081,2024-01-14,0,1,0
STORE0008,SKU0082,2024-01-01,0,0,0
STORE0008,SKU0082,2024-01-02,0,0,0
STORE0008,SKU0082,2024-01-03,0,0,0
STORE0008,SKU0082,2024-01-04,0,0,0
STORE0008,SKU0082,2024-01-05,0,0,0
STORE0008,SKU0082,2024-01-06,0,1,0
STORE0008,SKU0082,2024-01-07,0,1,0
STORE0008,SKU0082,2024-01-08,0,0,0
STORE0008,SKU0082,2024-01-09,0,0,0
STORE0008,SKU0082,2024-01-10,0,0,0
STORE0008,SKU0082,2024-01-11,0,0,0
STORE0008,SKU0082,2024-01-12,0,0,0
STORE0008,SKU0082,2024-01-13,0,1,0
STORE0008,SKU0082,2024-01-14,0,1,0
STORE0008,SKU0083,2024-01-01,0,0,0
STORE0008,SKU0083,2024-01-02,0,0,0
STORE0008,SKU0083,2024-01-03,0,0,0
STORE0008,SKU0083,2024-01-04,0,0,0
STORE0008,SKU0083,2024-01-05,0,0,0
STORE0008,SKU0083,2024-01-06,0,1,0
STORE0008,SKU0083,2024-01-07,0,1,0
STORE0008,SKU0083,2024-01-08,0,0,0
STORE0008,SKU0083,2024-01-09,0,0,0
STORE0008,SKU0083,2024-01-10,0,0,0
STORE0008,SKU0083,2024-01-11,0,0,0
STORE0008,SKU0083,2024-01-12,0,0,0
STORE0008,SKU0083,2024-01-13,0,1,0
STORE0008,SKU0083,2024-01-14,0,1,0
STORE0008,SKU0084,2024-01-01,0,0,0
STORE0008,SKU0084,2024-01-02,0,0,0
STORE0008,SKU0084,2024-01-03,0,0,0
STORE0008,SKU0084,2024-01-04,0,0,0
STORE0008,SKU0084,2024-01-05,0,0,0
STORE0008,SKU0084,2024-01-06,0,1,0
STORE0008,SKU0084,2024-01-07,0,1,0
STORE0008,SKU0084,2024-01-08,0,0,0
STORE0008,SKU0084,2024-01-09,0,0,0
STORE0008,SKU0084,2024-01-10,0,0,0
STORE0008,SKU0084,2024-01-11,0,0,0
STORE0008,SKU0084,2024-01-12,0,0,0
STORE0008,SKU0084,2024-01-13,0,1,0
STORE0008,SKU0084,2024-01-14,0,1,0
STORE0008,SKU0085,2024-01-01,0,0,0
STORE0008,SKU0085,2024-01-02,0,0,0
STORE0008,SKU0085,2024-01-03,0,0,0
STORE0008,SKU0085,2024-01-04,0,0,0
STORE0008,SKU0085,2024-01-05,0,0,0
STORE0008,SKU0085,2024-01-06,0,1,0
STORE0008,SKU0085,2024-01-07,0,1,0
STORE0008,SKU0085,2024-01-08,0,0,0
STORE0008,SKU0085,2024-01-09,0,0,0
STORE0008,SKU0085,2024-01-10,0,0,0
STORE0008,SKU0085,2024-01-11,0,0,0
STORE0008,SKU0085,2024-01-12,0,0,0
STORE0008,SKU0085,2024-01-13,0,1,0
STORE0008,SKU0085,2024-01-14,0,1,0
STORE0008,SKU0086,2024-01-01,0,0,0
STORE0008,SKU0086,2024-01-02,0,0,0
STORE0008,SKU0086,2024-01-03,0,0,0
STORE0008,SKU0086,2024-01-04,0,0,0
STORE0008,SKU0086,2024-01-05,0,0,0
STORE0008,SKU0086,2024-01-06,0,1,0
STORE0008,SKU0086,2024-01-07,0,1,0
STORE0008,SKU0086,2024-01-08,0,0,0
STORE0008,SKU0086,2024-01-09,0,0,0
STORE0008,SKU0086,2024-01-10,0,0,0
STORE0008,SKU0086,2024-01-11,0,0,0
STORE0008,SKU0086,2024-01-12,0,0,0
STORE0008,SKU0086,2024-01-13,0,1,0
STORE0008,SKU0086,2024-01-14,0,1,0
STORE0008,SKU0087,2024-01-01,0,0,0
STORE0008,SKU0087,2024-01-02,0,0,0
STORE0008,SKU0087,2024-01-03,0,0,0
STORE0008,SKU0087,2024-01-04,0,0,0
STORE0008,SKU0087,2024-01-05,0,0,0
STORE0008,SKU0087,2024-01-06,0,1,0
STORE0008,SKU0087,2024-01-07,0,1,0
STORE0008,SKU0087,2024-01-08,0,0,0
STORE0008,SKU0087,2024-01-09,0,0,0
STORE0008,SKU0087,2024-01-10,0,0,0
STORE0008,SKU0087,2024-01-11,0,0,0
STORE0008,SKU0087,2024-01-12,0,0,0
STORE0008,SKU0087,2024-01-13,0,1,0
STORE0008,SKU0087,2024-01-14,0,1,0
STORE0008,SKU0088,2024-01-01,0,0,0
STORE0008,SKU0088,2024-01-02,0,0,0
STORE0008,SKU0088,2024-01-03,0,0,0
STORE0008,SKU0088,2024-01-04,0,0,0
STORE0008,SKU0088,2024-01-05,0,0,0
STORE0008,SKU0088,2024-01-06,0,1,0
STORE0008,SKU0088,2024-01-07,0,1,0
STORE0008,SKU0088,2024-01-08,0,0,0
STORE0008,SKU0088,2024-01-09,0,0,0
STORE0008,SKU0088,2024-01-10,0,0,0
STORE0008,SKU0088,2024-01-11,0,0,0
STORE0008,SKU0088,2024-01-12,0,0,0
STORE0008,SKU0088,2024-01-13,0,1,0
STORE0008,SKU0088,2024-01-14,0,1,0
STORE0008,SKU0089,2024-01-01,0,0,0
STORE0008,SKU0089,2024-01-02,0,0,0
STORE0008,SKU0089,2024-01-03,0,0,0
STORE0008,SKU0089,2024-01-04,0,0,0
STORE0008,SKU0089,2024-01-05,0,0,0
STORE0008,SKU0089,2024-01-06,0,1,0
STORE0008,SKU0089,2024-01-07,0,1,0
STORE0008,SKU0089,2024-01-08,0,0,0
STORE0008,SKU0089,2024-01-09,0,0,0
STORE0008,SKU0089,2024-01-10,0,0,0
STORE0008,SKU0089,2024-01-11,0,0,0
STORE0008,SKU0089,2024-01-12,0,0,0
STORE0008,SKU0089,2024-01-13,0,1,0
STORE0008,SKU0089,2024-01-14,0,1,0
STORE0008,SKU0090,2024-01-01,0,0,0
STORE0008,SKU0090,2024-01-02,0,0,0
STORE0008,SKU0090,2024-01-03,0,0,0
STORE0008,SKU0090,2024-01-04,0,0,0
STORE0008,SKU0090,2024-01-05,0,0,0
STORE0008,SKU0090,2024-01-06,0,1,0
STORE0008,SKU0090,2024-01-07,0,1,0
STORE0008,SKU0090,2024-01-08,0,0,0
STORE0008,SKU0090,2024-01-09,0,0,0
STORE0008,SKU0090,2024-01-10,0,0,0
STORE0008,SKU0090,2024-01-11,0,0,0
STORE0008,SKU0090,2024-01-12,0,0,0
STORE0008,SKU0090,2024-01-13,0,1,0
STORE0008,SKU0090,2024-01-14,0,1,0
STORE0008,SKU0091,2024-01-01,0,0,0
STORE0008,SKU0091,2024-01-02,0,0,0
STORE0008,SKU0091,2024-01-03,0,0,0
STORE0008,SKU0091,2024-01-04,0,0,0
STORE0008,SKU0091,2024-01-05,0,0,0
STORE0008,SKU0091,2024-01-06,0,1,0
STORE0008,SKU0091,2024-01-07,0,1,0
STORE0008,SKU0091,2024-01-08,0,0,0
STORE0008,SKU0091,2024-01-09,0,0,0
STORE0008,SKU0091,2024-01-10,0,0,0
STORE0008,SKU0091,2024-01-11,0,0,0
STORE0008,SKU0091,2024-01-12,0,0,0
STORE0008,SKU0091,2024-01-13,0,1,0
STORE0008,SKU0091,2024-01-14,0,1,0
STORE0008,SKU0092,2024-01-01,0,0,0
STORE0008,SKU0092,2024-01-02,0,0,0
STORE0008,SKU0092,2024-01-03,0,0,0
STORE0008,SKU0092,2024-01-04,0,0,0
STORE0008,SKU0092,2024-01-05,0,0,0
STORE0008,SKU0092,2024-01-06,0,1,0
STORE0008,SKU0092,2024-01-07,0,1,0
STORE0008,SKU0092,2024-01-08,0,0,0
STORE0008,SKU0092,2024-01-09,0,0,0
STORE0008,SKU0092,2024-01-10,0,0,0
STORE0008,SKU0092,2024-01-11,0,0,0
STORE0008,SKU0092,2024-01-12,0,0,0
STORE0008,SKU0092,2024-01-13,0,1,0
STORE0008,SKU0092,2024-01-14,0,1,0
STORE0008,SKU0093,2024-01-01,0,0,0
STORE0008,SKU0093,2024-01-02,0,0,0
STORE0008,SKU0093,2024-01-03,0,0,0
STORE0008,SKU0093,2024-01-04,0,0,0
STORE0008,SKU0093,2024-01-05,0,0,0
STORE0008,SKU0093,2024-01-06,0,1,0
STORE0008,SKU0093,2024-01-07,0,1,0
STORE0008,SKU0093,2024-01-08,0,0,0
STORE0008,SKU0093,2024-01-09,0,0,0
STORE0008,SKU0093,2024-01-10,0,0,0
STORE0008,SKU0093,2024-01-11,0,0,0
STORE0008,SKU0093,2024-01-12,0,0,0
STORE0008,SKU0093,2024-01-13,0,1,0
STORE0008,SKU0093,2024-01-14,0,1,0
STORE0008,SKU0094,2024-01-01,0,0,0
STORE0008,SKU0094,2024-01-02,0,0,0
STORE0008,SKU0094,2024-01-03,0,0,0
STORE0008,SKU0094,2024-01-04,0,0,0
STORE0008,SKU0094,2024-01-05,0,0,0
STORE0008,SKU0094,2024-01-06,0,1,0
STORE0008,SKU0094,2024-01-07,0,1,0
STORE0008,SKU0094,2024-01-08,0,0,0
STORE0008,SKU0094,2024-01-09,0,0,0
STORE0008,SKU0094,2024-01-10,0,0,0
STORE0008,SKU0094,2024-01-11,0,0,0
STORE0008,SKU0094,2024-01-12,0,0,0
STORE0008,SKU0094,2024-01-13,0,1,0
STORE0008,SKU0094,2024-01-14,0,1,0
STORE0008,SKU0095,2024-01-01,0,0,0
STORE0008,SKU0095,2024-01-02,0,0,0
STORE0008,SKU0095,2024-01-03,0,0,0
STORE0008,SKU0095,2024-01-04,0,0,0
STORE0008,SKU0095,2024-01-05,0,0,0
STORE0008,SKU0095,2024-01-06,0,1,0
STORE0008,SKU0095,2024-01-07,0,1,0
STORE0008,SKU0095,2024-01-08,0,0,0
STORE0008,SKU0095,2024-01-09,0,0,0
STORE0008,SKU0095,2024-01-10,0,0,0
STORE0008,SKU0095,2024-01-11,0,0,0
STORE0008,SKU0095,2024-01-12,0,0,0
STORE0008,SKU0095,2024-01-13,0,1,0
STORE0008,SKU0095,2024-01-14,0,1,0
STORE0008,SKU0096,2024-01-01,0,0,0
STORE0008,SKU0096,2024-01-02,0,0,0
STORE0008,SKU0096,2024-01-03,0,0,0
STORE0008,SKU0096,2024-01-04,0,0,0
STORE0008,SKU0096,2024-01-05,0,0,0
STORE0008,SKU0096,2024-01-06,0,1,0
STORE0008,SKU0096,2024-01-07,0,1,0
STORE0008,SKU0096,2024-01-08,0,0,0
STORE0008,SKU0096,2024-01-09,0,0,0
STORE0008,SKU0096,2024-01-10,0,0,0
STORE0008,SKU0096,2024-01-11,0,0,0
STORE0008,SKU0096,2024-01-12,0,0,0
STORE0008,SKU0096,2024-01-13,0,1,0
STORE0008,SKU0096,2024-01-14,0,1,0
STORE0008,SKU0097,2024-01-01,0,0,0
STORE0008,SKU0097,2024-01-02,0,0,0
STORE0008,SKU0097,2024-01-03,0,0,0
STORE0008,SKU0097,2024-01-04,0,0,0
STORE0008,SKU0097,2024-01-05,0,0,0
STORE0008,SKU0097,2024-01-06,0,1,0
STORE0008,SKU0097,2024-01-07,0,1,0
STORE0008,SKU0097,2024-01-08,0,0,0
STORE0008,SKU0097,2024-01-09,0,0,0
STORE0008,SKU0097,2024-01-10,0,0,0
STORE0008,SKU0097,2024-01-11,0,0,0
STORE0008,SKU0097,2024-01-12,0,0,0
STORE0008,SKU0097,2024-01-13,0,1,0
STORE0008,SKU0097,2024-01-14,0,1,0
STORE0008,SKU0098,2024-01-01,0,0,0
STORE0008,SKU0098,2024-01-02,0,0,0
STORE0008,SKU0098,2024-01-03,0,0,0
STORE0008,SKU0098,2024-01-04,0,0,0
STORE0008,SKU0098,2024-01-05,0,0,0
STORE0008,SKU0098,2024-01-06,0,1,0
STORE0008,SKU0098,2024-01-07,0,1,0
STORE0008,SKU0098,2024-01-08,0,0,0
STORE0008,SKU0098,2024-01-09,0,0,0
STORE0008,SKU0098,2024-01-10,0,0,0
STORE0008,SKU0098,2024-01-11,0,0,0
STORE0008,SKU0098,2024-01-12,0,0,0
STORE0008,SKU0098,2024-01-13,0,1,0
STORE0008,SKU0098,2024-01-14,0,1,0
STORE0008,SKU0099,2024-01-01,0,0,0
STORE0008,SKU0099,2024-01-02,0,0,0
STORE0008,SKU0099,2024-01-03,0,0,0
STORE0008,SKU0099,2024-01-04,0,0,0
STORE0008,SKU0099,2024-01-05,0,0,0
STORE0008,SKU0099,2024-01-06,0,1,0
STORE0008,SKU0099,2024-01-07,0,1,0
STORE0008,SKU0099,2024-01-08,0,0,0
STORE0008,SKU0099,2024-01-09,0,0,0
STORE0008,SKU0099,2024-01-10,0,0,0
STORE0008,SKU0099,2024-01-11,0,0,0
STORE0008,SKU0099,2024-01-12,0,0,0
STORE0008,SKU0099,2024-01-13,0,1,0
STORE0008,SKU0099,2024-01-14,0,1,0
STORE0008,SKU0100,2024-01-01,0,0,0
STORE0008,SKU0100,2024-01-02,0,0,0
STORE0008,SKU0100,2024-01-03,0,0,0
STORE0008,SKU0100,2024-01-04,0,0,0
STORE0008,SKU0100,2024-01-05,0,0,0
STORE0008,SKU0100,2024-01-06,0,1,0
STORE0008,SKU0100,2024-01-07,0,1,0
STORE0008,SKU0100,2024-01-08,0,0,0
STORE0008,SKU0100,2024-01-09,0,0,0
STORE0008,SKU0100,2024-01-10,0,0,0
STORE0008,SKU0100,2024-01-11,0,0,0
STORE0008,SKU0100,2024-01-12,0,0,0
STORE0008,SKU0100,2024-01-13,0,1,0
STORE0008,SKU0100,2024-01-14,0,1,0
STORE0008,SKU0101,2024-01-01,0,0,0
STORE0008,SKU0101,2024-01-02,0,0,0
STORE0008,SKU0101,2024-01-03,0,0,0
STORE0008,SKU0101,2024-01-04,0,0,0
STORE0008,SKU0101,2024-01-05,0,0,0
STORE0008,SKU0101,2024-01-06,0,1,0
STORE0008,SKU0101,2024-01-07,0,1,0
STORE0008,SKU0101,2024-01-08,0,0,0
STORE0008,SKU0101,2024-01-09,0,0,0
STORE0008,SKU0101,2024-01-10,0,0,0
STORE0008,SKU0101,2024-01-11,0,0,0
STORE0008,SKU0101,2024-01-12,0,0,0
STORE0008,SKU0101,2024-01-13,0,1,0
STORE0008,SKU0101,2024-01-14,0,1,0
STORE0008,SKU0102,2024-01-01,0,0,0
STORE0008,SKU0102,2024-01-02,0,0,0
STORE0008,SKU0102,2024-01-03,0,0,0
STORE0008,SKU0102,2024-01-04,0,0,0
STORE0008,SKU0102,2024-01-05,0,0,0
STORE0008,SKU0102,2024-01-06,0,1,0
STORE0008,SKU0102,2024-01-07,0,1,0
STORE0008,SKU0102,2024-01-08,0,0,0
STORE0008,SKU0102,2024-01-09,0,0,0
STORE0008,SKU0102,2024-01-10,0,0,0
STORE0008,SKU0102,2024-01-11,0,0,0
STORE0008,SKU0102,2024-01-12,0,0,0
STORE0008,SKU0102,2024-01-13,0,1,0
STORE0008,SKU0102,2024-01-14,0,1,0
STORE0009,SKU0001,2024-01-01,0,0,0
STORE0009,SKU0001,2024-01-02,0,0,0
STORE0009,SKU0001,2024-01-03,0,0,0
STORE0009,SKU0001,2024-01-04,0,0,0
STORE0009,SKU0001,2024-01-05,0,0,0
STORE0009,SKU0001,2024-01-06,0,1,0
STORE0009,SKU0001,2024-01-07,0,1,0
STORE0009,SKU0001,2024-01-08,0,0,0
STORE0009,SKU0001,2024-01-09,0,0,0
STORE0009,SKU0001,2024-01-10,0,0,0
STORE0009,SKU0001,2024-01-11,0,0,0
STORE0009,SKU0001,2024-01-12,0,0,0
STORE0009,SKU0001,2024-01-13,0,1,0
STORE0009,SKU0001,2024-01-14,0,1,0
STORE0009,SKU0002,2024-01-01,0,0,0
STORE0009,SKU0002,2024-01-02,0,0,0
STORE0009,SKU0002,2024-01-03,0,0,0
STORE0009,SKU0002,2024-01-04,0,0,0
STORE0009,SKU0002,2024-01-05,0,0,0
STORE0009,SKU0002,2024-01-06,0,1,0
STORE0009,SKU0002,2024-01-07,0,1,0
STORE0009,SKU0002,2024-01-08,0,0,0
STORE0009,SKU0002,2024-01-09,0,0,0
STORE0009,SKU0002,2024-01-10,0,0,0
STORE0009,SKU0002,2024-01-11,0,0,0
STORE0009,SKU0002,2024-01-12,0,0,0
STORE0009,SKU0002,2024-01-13,0,1,0
STORE0009,SKU0002,2024-01-14,0,1,0
STORE0009,SKU0003,2024-01-01,0,0,0
STORE0009,SKU0003,2024-01-02,0,0,0
STORE0009,SKU0003,2024-01-03,0,0,0
STORE0009,SKU0003,2024-01-04,0,0,0
STORE0009,SKU0003,2024-01-05,0,0,0
STORE0009,SKU0003,2024-01-06,0,1,0
STORE0009,SKU0003,2024-01-07,0,1,0
STORE0009,SKU0003,2024-01-08,0,0,0
STORE0009,SKU0003,2024-01-09,0,0,0
STORE0009,SKU0003,2024-01-10,0,0,0
STORE0009,SKU0003,2024-01-11,0,0,0
STORE0009,SKU0003,2024-01-12,0,0,0
STORE0009,SKU0003,2024-01-13,0,1,0
STORE0009,SKU0003,2024-01-14,0,1,0
STORE0009,SKU0005,2024-01-01,0,0,0
STORE0009,SKU0005,2024-01-02,0,0,0
STORE0009,SKU0005,2024-01-03,0,0,0
STORE0009,SKU0005,2024-01-04,0,0,0
STORE0009,SKU0005,2024-01-05,0,0,0
STORE0009,SKU0005,2024-01-06,0,1,0
STORE0009,SKU0005,2024-01-07,0,1,0
STORE0009,SKU0005,2024-01-08,0,0,0
STORE0009,SKU0005,2024-01-09,0,0,0
STORE0009,SKU0005,2024-01-10,0,0,0
STORE0009,SKU0005,2024-01-11,0,0,0
STORE0009,SKU0005,2024-01-12,0,0,0
STORE0009,SKU0005,2024-01-13,0,1,0
STORE0009,SKU0005,2024-01-14,0,1,0
STORE0009,SKU0006,2024-01-01,0,0,0
STORE0009,SKU0006,2024-01-02,0,0,0
STORE0009,SKU0006,2024-01-03,0,0,0
STORE0009,SKU0006,2024-01-04,0,0,0
STORE0009,SKU0006,2024-01-05,0,0,0
STORE0009,SKU0006,2024-01-06,0,1,0
STORE0009,SKU0006,2024-01-07,0,1,0
STORE0009,SKU0006,2024-01-08,0,0,0
STORE0009,SKU0006,2024-01-09,0,0,0
STORE0009,SKU0006,2024-01-10,0,0,0
STORE0009,SKU0006,2024-01-11,0,0,0
STORE0009,SKU0006,2024-01-12,0,0,0
STORE0009,SKU0006,2024-01-13,0,1,0
STORE0009,SKU0006,2024-01-14,0,1,0
STORE0009,SKU0008,2024-01-01,0,0,0
STORE0009,SKU0008,2024-01-02,0,0,0
STORE0009,SKU0008,2024-01-03,0,0,0
STORE0009,SKU0008,2024-01-04,0,0,0
STORE0009,SKU0008,2024-01-05,0,0,0
STORE0009,SKU0008,2024-01-06,0,1,0
STORE0009,SKU0008,2024-01-07,0,1,0
STORE0009,SKU0008,2024-01-08,0,0,0
STORE0009,SKU0008,2024-01-09,0,0,0
STORE0009,SKU0008,2024-01-10,0,0,0
STORE0009,SKU0008,2024-01-11,0,0,0
STORE0009,SKU0008,2024-01-12,0,0,0
STORE0009,SKU0008,2024-01-13,0,1,0
STORE0009,SKU0008,2024-01-14,0,1,0
STORE0009,SKU0009,2024-01-01,0,0,0
STORE0009,SKU0009,2024-01-02,0,0,0
STORE0009,SKU0009,2024-01-03,0,0,0
STORE0009,SKU0009,2024-01-04,0,0,0
STORE0009,SKU0009,2024-01-05,0,0,0
STORE0009,SKU0009,2024-01-06,0,1,0
STORE0009,SKU0009,2024-01-07,0,1,0
STORE0009,SKU0009,2024-01-08,0,0,0
STORE0009,SKU0009,2024-01-09,0,0,0
STORE0009,SKU0009,2024-01-10,0,0,0
STORE0009,SKU0009,2024-01-11,0,0,0
STORE0009,SKU0009,2024-01-12,0,0,0
STORE0009,SKU0009,2024-01-13,0,1,0
STORE0009,SKU0009,2024-01-14,0,1,0
STORE0009,SKU0010,2024-01-01,0,0,0
STORE0009,SKU0010,2024-01-02,0,0,0
STORE0009,SKU0010,2024-01-03,0,0,0
STORE0009,SKU0010,2024-01-04,0,0,0
STORE0009,SKU0010,2024-01-05,0,0,0
STORE0009,SKU0010,2024-01-06,0,1,0
STORE0009,SKU0010,2024-01-07,0,1,0
STORE0009,SKU0010,2024-01-08,0,0,0
STORE0009,SKU0010,2024-01-09,0,0,0
STORE0009,SKU0010,2024-01-10,0,0,0
STORE0009,SKU0010,2024-01-11,0,0,0
STORE0009,SKU0010,2024-01-12,0,0,0
STORE0009,SKU0010,2024-01-13,0,1,0
STORE0009,SKU0010,2024-01-14,0,1,0
STORE0009,SKU0011,2024-01-01,0,0,0
STORE0009,SKU0011,2024-01-02,0,0,0
STORE0009,SKU0011,2024-01-03,0,0,0
STORE0009,SKU0011,2024-01-04,0,0,0
STORE0009,SKU0011,2024-01-05,0,0,0
STORE0009,SKU0011,2024-01-06,0,1,0
STORE0009,SKU0011,2024-01-07,0,1,0
STORE0009,SKU0011,2024-01-08,0,0,0
STORE0009,SKU0011,2024-01-09,0,0,0
STORE0009,SKU0011,2024-01-10,0,0,0
STORE0009,SKU0011,2024-01-11,0,0,0
STORE0009,SKU0011,2024-01-12,0,0,0
STORE0009,SKU0011,2024-01-13,0,1,0
STORE0009,SKU0011,2024-01-14,0,1,0
STORE0009,SKU0012,2024-01-01,0,0,0
STORE0009,SKU0012,2024-01-02,0,0,0
STORE0009,SKU0012,2024-01-03,0,0,0
STORE0009,SKU0012,2024-01-04,0,0,0
STORE0009,SKU0012,2024-01-05,0,0,0
STORE0009,SKU0012,2024-01-06,0,1,0
STORE0009,SKU0012,2024-01-07,0,1,0
STORE0009,SKU0012,2024-01-08,0,0,0
STORE0009,SKU0012,2024-01-09,0,0,0
STORE0009,SKU0012,2024-01-10,0,0,0
STORE0009,SKU0012,2024-01-11,0,0,0
STORE0009,SKU0012,2024-01-12,0,0,0
STORE0009,SKU0012,2024-01-13,0,1,0
STORE0009,SKU0012,2024-01-14,0,1,0
STORE0009,SKU0013,2024-01-01,0,0,0
STORE0009,SKU0013,2024-01-02,0,0,0
STORE0009,SKU0013,2024-01-03,0,0,0
STORE0009,SKU0013,2024-01-04,0,0,0
STORE0009,SKU0013,2024-01-05,0,0,0
STORE0009,SKU0013,2024-01-06,0,1,0
STORE0009,SKU0013,2024-01-07,0,1,0
STORE0009,SKU0013,2024-01-08,0,0,0
STORE0009,SKU0013,2024-01-09,0,0,0
STORE0009,SKU0013,2024-01-10,0,0,0
STORE0009,SKU0013,2024-01-11,0,0,0
STORE0009,SKU0013,2024-01-12,0,0,0
STORE0009,SKU0013,2024-01-13,0,1,0
STORE0009,SKU0013,2024-01-14,0,1,0
STORE0009,SKU0015,2024-01-01,0,0,0
STORE0009,SKU0015,2024-01-02,0,0,0
STORE0009,SKU0015,2024-01-03,0,0,0
STORE0009,SKU0015,2024-01-04,0,0,0
STORE0009,SKU0015,2024-01-05,0,0,0
STORE0009,SKU0015,2024-01-06,0,1,0
STORE0009,SKU0015,2024-01-07,0,1,0
STORE0009,SKU0015,2024-01-08,0,0,0
STORE0009,SKU0015,2024-01-09,0,0,0
STORE0009,SKU0015,2024-01-10,0,0,0
STORE0009,SKU0015,2024-01-11,0,0,0
STORE0009,SKU0015,2024-01-12,0,0,0
STORE0009,SKU0015,2024-01-13,0,1,0
STORE0009,SKU0015,2024-01-14,0,1,0
STORE0009,SKU0016,2024-01-01,0,0,0
STORE0009,SKU0016,2024-01-02,0,0,0
STORE0009,SKU0016,2024-01-03,0,0,0
STORE0009,SKU0016,2024-01-04,0,0,0
STORE0009,SKU0016,2024-01-05,0,0,0
STORE0009,SKU0016,2024-01-06,0,1,0
STORE0009,SKU0016,2024-01-07,0,1,0
STORE0009,SKU0016,2024-01-08,0,0,0
STORE0009,SKU0016,2024-01-09,0,0,0
STORE0009,SKU0016,2024-01-10,0,0,0
STORE0009,SKU0016,2024-01-11,0,0,0
STORE0009,SKU0016,2024-01-12,0,0,0
STORE0009,SKU0016,2024-01-13,0,1,0
STORE0009,SKU0016,2024-01-14,0,1,0
STORE0009,SKU0017,2024-01-01,0,0,0
STORE0009,SKU0017,2024-01-02,0,0,0
STORE0009,SKU0017,2024-01-03,0,0,0
STORE0009,SKU0017,2024-01-04,0,0,0
STORE0009,SKU0017,2024-01-05,0,0,0
STORE0009,SKU0017,2024-01-06,0,1,0
STORE0009,SKU0017,2024-01-07,0,1,0
STORE0009,SKU0017,2024-01-08,0,0,0
STORE0009,SKU0017,2024-01-09,0,0,0
STORE0009,SKU0017,2024-01-10,0,0,0
STORE0009,SKU0017,2024-01-11,0,0,0
STORE0009,SKU0017,2024-01-12,0,0,0
STORE0009,SKU0017,2024-01-13,0,1,0
STORE0009,SKU0017,2024-01-14,0,1,0
STORE0009,SKU0018,2024-01-01,0,0,0
STORE0009,SKU0018,2024-01-02,0,0,0
STORE0009,SKU0018,2024-01-03,0,0,0
STORE0009,SKU0018,2024-01-04,0,0,0
STORE0009,SKU0018,2024-01-05,0,0,0
STORE0009,SKU0018,2024-01-06,0,1,0
STORE0009,SKU0018,2024-01-07,0,1,0
STORE0009,SKU0018,2024-01-08,0,0,0
STORE0009,SKU0018,2024-01-09,0,0,0
STORE0009,SKU0018,2024-01-10,0,0,0
STORE0009,SKU0018,2024-01-11,0,0,0
STORE0009,SKU0018,2024-01-12,0,0,0
STORE0009,SKU0018,2024-01-13,0,1,0
STORE0009,SKU0018,2024-01-14,0,1,0
STORE0009,SKU0019,2024-01-01,0,0,0
STORE0009,SKU0019,2024-01-02,0,0,0
STORE0009,SKU0019,2024-01-03,0,0,0
STORE0009,SKU0019,2024-01-04,0,0,0
STORE0009,SKU0019,2024-01-05,0,0,0
STORE0009,SKU0019,2024-01-06,0,1,0
STORE0009,SKU0019,2024-01-07,0,1,0
STORE0009,SKU0019,2024-01-08,0,0,0
STORE0009,SKU0019,2024-01-09,0,0,0
STORE0009,SKU0019,2024-01-10,0,0,0
STORE0009,SKU0019,2024-01-11,0,0,0
STORE0009,SKU0019,2024-01-12,0,0,0
STORE0009,SKU0019,2024-01-13,0,1,0
STORE0009,SKU0019,2024-01-14,0,1,0
STORE0009,SKU0020,2024-01-01,0,0,0
STORE0009,SKU0020,2024-01-02,0,0,0
STORE0009,SKU0020,2024-01-03,0,0,0
STORE0009,SKU0020,2024-01-04,0,0,0
STORE0009,SKU0020,2024-01-05,0,0,0
STORE0009,SKU0020,2024-01-06,0,1,0
STORE0009,SKU0020,2024-01-07,0,1,0
STORE0009,SKU0020,2024-01-08,0,0,0
STORE0009,SKU0020,2024-01-09,0,0,0
STORE0009,SKU0020,2024-01-10,0,0,0
STORE0009,SKU0020,2024-01-11,0,0,0
STORE0009,SKU0020,2024-01-12,0,0,0
STORE0009,SKU0020,2024-01-13,0,1,0
STORE0009,SKU0020,2024-01-14,0,1,0
STORE0009,SKU0022,2024-01-01,0,0,0
STORE0009,SKU0022,2024-01-02,0,0,0
STORE0009,SKU0022,2024-01-03,0,0,0
STORE0009,SKU0022,2024-01-04,0,0,0
STORE0009,SKU0022,2024-01-05,0,0,0
STORE0009,SKU0022,2024-01-06,0,1,0
STORE0009,SKU0022,2024-01-07,0,1,0
STORE0009,SKU0022,2024-01-08,0,0,0
STORE0009,SKU0022,2024-01-09,0,0,0
STORE0009,SKU0022,2024-01-10,0,0,0
STORE0009,SKU0022,2024-01-11,0,0,0
STORE0009,SKU0022,2024-01-12,0,0,0
STORE0009,SKU0022,2024-01-13,0,1,0
STORE0009,SKU0022,2024-01-14,0,1,0
STORE0009,SKU0023,2024-01-01,0,0,0
STORE0009,SKU0023,2024-01-02,0,0,0
STORE0009,SKU0023,2024-01-03,0,0,0
STORE0009,SKU0023,2024-01-04,0,0,0
STORE0009,SKU0023,2024-01-05,0,0,0
STORE0009,SKU0023,2024-01-06,0,1,0
STORE0009,SKU0023,2024-01-07,0,1,0
STORE0009,SKU0023,2024-01-08,0,0,0
STORE0009,SKU0023,2024-01-09,0,0,0
STORE0009,SKU0023,2024-01-10,0,0,0
STORE0009,SKU0023,2024-01-11,0,0,0
STORE0009,SKU0023,2024-01-12,0,0,0
STORE0009,SKU0023,2024-01-13,0,1,0
STORE0009,SKU0023,2024-01-14,0,1,0
STORE0009,SKU0024,2024-01-01,0,0,0
STORE0009,SKU0024,2024-01-02,0,0,0
STORE0009,SKU0024,2024-01-03,0,0,0
STORE0009,SKU0024,2024-01-04,0,0,0
STORE0009,SKU0024,2024-01-05,0,0,0
STORE0009,SKU0024,2024-01-06,0,1,0
STORE0009,SKU0024,2024-01-07,0,1,0
STORE0009,SKU0024,2024-01-08,0,0,0
STORE0009,SKU0024,2024-01-09,0,0,0
STORE0009,SKU0024,2024-01-10,0,0,0
STORE0009,SKU0024,2024-01-11,0,0,0
STORE0009,SKU0024,2024-01-12,0,0,0
STORE0009,SKU0024,2024-01-13,0,1,0
STORE0009,SKU0024,2024-01-14,0,1,0
STORE0009,SKU0025,2024-01-01,0,0,0
STORE0009,SKU0025,2024-01-02,0,0,0
STORE0009,SKU0025,2024-01-03,0,0,0
STORE0009,SKU0025,2024-01-04,0,0,0
STORE0009,SKU0025,2024-01-05,0,0,0
STORE0009,SKU0025,2024-01-06,0,1,0
STORE0009,SKU0025,2024-01-07,0,1,0
STORE0009,SKU0025,2024-01-08,0,0,0
STORE0009,SKU0025,2024-01-09,0,0,0
STORE0009,SKU0025,2024-01-10,0,0,0
STORE0009,SKU0025,2024-01-11,0,0,0
STORE0009,SKU0025,2024-01-12,0,0,0
STORE0009,SKU0025,2024-01-13,0,1,0
STORE0009,SKU0025,2024-01-14,0,1,0
STORE0009,SKU0027,2024-01-01,0,0,0
STORE0009,SKU0027,2024-01-02,0,0,0
STORE0009,SKU0027,2024-01-03,0,0,0
STORE0009,SKU0027,2024-01-04,0,0,0
STORE0009,SKU0027,2024-01-05,0,0,0
STORE0009,SKU0027,2024-01-06,0,1,0
STORE0009,SKU0027,2024-01-07,0,1,0
STORE0009,SKU0027,2024-01-08,0,0,0
STORE0009,SKU0027,2024-01-09,0,0,0
STORE0009,SKU0027,2024-01-10,0,0,0
STORE0009,SKU0027,2024-01-11,0,0,0
STORE0009,SKU0027,2024-01-12,0,0,0
STORE0009,SKU0027,2024-01-13,0,1,0
STORE0009,SKU0027,2024-01-14,0,1,0
STORE0009,SKU0028,2024-01-01,0,0,0
STORE0009,SKU0028,2024-01-02,0,0,0
STORE0009,SKU0028,2024-01-03,0,0,0
STORE0009,SKU0028,2024-01-04,0,0,0
STORE0009,SKU0028,2024-01-05,0,0,0
STORE0009,SKU0028,2024-01-06,0,1,0
STORE0009,SKU0028,2024-01-07,0,1,0
STORE0009,SKU0028,2024-01-08,0,0,0
STORE0009,SKU0028,2024-01-09,0,0,0
STORE0009,SKU0028,2024-01-10,0,0,0
STORE0009,SKU0028,2024-01-11,0,0,0
STORE0009,SKU0028,2024-01-12,0,0,0
STORE0009,SKU0028,2024-01-13,0,1,0
STORE0009,SKU0028,2024-01-14,0,1,0
STORE0009,SKU0030,2024-01-01,0,0,0
STORE0009,SKU0030,2024-01-02,0,0,0
STORE0009,SKU0030,2024-01-03,0,0,0
STORE0009,SKU0030,2024-01-04,0,0,0
STORE0009,SKU0030,2024-01-05,0,0,0
STORE0009,SKU0030,2024-01-06,0,1,0
STORE0009,SKU0030,2024-01-07,0,1,0
STORE0009,SKU0030,2024-01-08,0,0,0
STORE0009,SKU0030,2024-01-09,0,0,0
STORE0009,SKU0030,2024-01-10,0,0,0
STORE0009,SKU0030,2024-01-11,0,0,0
STORE0009,SKU0030,2024-01-12,0,0,0
STORE0009,SKU0030,2024-01-13,0,1,0
STORE0009,SKU0030,2024-01-14,0,1,0
STORE0009,SKU0032,2024-01-01,0,0,0
STORE0009,SKU0032,2024-01-02,0,0,0
STORE0009,SKU0032,2024-01-03,0,0,0
STORE0009,SKU0032,2024-01-04,0,0,0
STORE0009,SKU0032,2024-01-05,0,0,0
STORE0009,SKU0032,2024-01-06,0,1,0
STORE0009,SKU0032,2024-01-07,0,1,0
STORE0009,SKU0032,2024-01-08,0,0,0
STORE0009,SKU0032,2024-01-09,0,0,0
STORE0009,SKU0032,2024-01-10,0,0,0
STORE0009,SKU0032,2024-01-11,0,0,0
STORE0009,SKU0032,2024-01-12,0,0,0
STORE0009,SKU0032,2024-01-13,0,1,0
STORE0009,SKU0032,2024-01-14,0,1,0
STORE0009,SKU0033,2024-01-01,0,0,0
STORE0009,SKU0033,2024-01-02,0,0,0
STORE0009,SKU0033,2024-01-03,0,0,0
STORE0009,SKU0033,2024-01-04,0,0,0
STORE0009,SKU0033,2024-01-05,0,0,0
STORE0009,SKU0033,2024-01-06,0,1,0
STORE0009,SKU0033,2024-01-07,0,1,0
STORE0009,SKU0033,2024-01-08,0,0,0
STORE0009,SKU0033,2024-01-09,0,0,0
STORE0009,SKU0033,2024-01-10,0,0,0
STORE0009,SKU0033,2024-01-11,0,0,0
STORE0009,SKU0033,2024-01-12,0,0,0
STORE0009,SKU0033,2024-01-13,0,1,0
STORE0009,SKU0033,2024-01-14,0,1,0
STORE0009,SKU0034,2024-01-01,0,0,0
STORE0009,SKU0034,2024-01-02,0,0,0
STORE0009,SKU0034,2024-01-03,0,0,0
STORE0009,SKU0034,2024-01-04,0,0,0
STORE0009,SKU0034,2024-01-05,0,0,0
STORE0009,SKU0034,2024-01-06,0,1,0
STORE0009,SKU0034,2024-01-07,0,1,0
STORE0009,SKU0034,2024-01-08,0,0,0
STORE0009,SKU0034,2024-01-09,0,0,0
STORE0009,SKU0034,2024-01-10,0,0,0
STORE0009,SKU0034,2024-01-11,0,0,0
STORE0009,SKU0034,2024-01-12,0,0,0
STORE0009,SKU0034,2024-01-13,0,1,0
STORE0009,SKU0034,2024-01-14,0,1,0
STORE0009,SKU0035,2024-01-01,0,0,0
STORE0009,SKU0035,2024-01-02,0,0,0
STORE0009,SKU0035,2024-01-03,0,0,0
STORE0009,SKU0035,2024-01-04,0,0,0
STORE0009,SKU0035,2024-01-05,0,0,0
STORE0009,SKU0035,2024-01-06,0,1,0
STORE0009,SKU0035,2024-01-07,0,1,0
STORE0009,SKU0035,2024-01-08,0,0,0
STORE0009,SKU0035,2024-01-09,0,0,0
STORE0009,SKU0035,2024-01-10,0,0,0
STORE0009,SKU0035,2024-01-11,0,0,0
STORE0009,SKU0035,2024-01-12,0,0,0
STORE0009,SKU0035,2024-01-13,0,1,0
STORE0009,SKU0035,2024-01-14,0,1,0
STORE0009,SKU0037,2024-01-01,0,0,0
STORE0009,SKU0037,2024-01-02,0,0,0
STORE0009,SKU0037,2024-01-03,0,0,0
STORE0009,SKU0037,2024-01-04,0,0,0
STORE0009,SKU0037,2024-01-05,0,0,0
STORE0009,SKU0037,2024-01-06,0,1,0
STORE0009,SKU0037,2024-01-07,0,1,0
STORE0009,SKU0037,2024-01-08,0,0,0
STORE0009,SKU0037,2024-01-09,0,0,0
STORE0009,SKU0037,2024-01-10,0,0,0
STORE0009,SKU0037,2024-01-11,0,0,0
STORE0009,SKU0037,2024-01-12,0,0,0
STORE0009,SKU0037,2024-01-13,0,1,0
STORE0009,SKU0037,2024-01-14,0,1,0
STORE0009,SKU0038,2024-01-01,0,0,0
STORE0009,SKU0038,2024-01-02,0,0,0
STORE0009,SKU0038,2024-01-03,0,0,0
STORE0009,SKU0038,2024-01-04,0,0,0
STORE0009,SKU0038,2024-01-05,0,0,0
STORE0009,SKU0038,2024-01-06,0,1,0
STORE0009,SKU0038,2024-01-07,0,1,0
STORE0009,SKU0038,2024-01-08,0,0,0
STORE0009,SKU0038,2024-01-09,0,0,0
STORE0009,SKU0038,2024-01-10,0,0,0
STORE0009,SKU0038,2024-01-11,0,0,0
STORE0009,SKU0038,2024-01-12,0,0,0
STORE0009,SKU0038,2024-01-13,0,1,0
STORE0009,SKU0038,2024-01-14,0,1,0
STORE0009,SKU0039,2024-01-01,0,0,0
STORE0009,SKU0039,2024-01-02,0,0,0
STORE0009,SKU0039,2024-01-03,0,0,0
STORE0009,SKU0039,2024-01-04,0,0,0
STORE0009,SKU0039,2024-01-05,0,0,0
STORE0009,SKU0039,2024-01-06,0,1,0
STORE0009,SKU0039,2024-01-07,0,1,0
STORE0009,SKU0039,2024-01-08,0,0,0
STORE0009,SKU0039,2024-01-09,0,0,0
STORE0009,SKU0039,2024-01-10,0,0,0
STORE0009,SKU0039,2024-01-11,0,0,0
STORE0009,SKU0039,2024-01-12,0,0,0
STORE0009,SKU0039,2024-01-13,0,1,0
STORE0009,SKU0039,2024-01-14,0,1,0
STORE0009,SKU0041,2024-01-01,0,0,0
STORE0009,SKU0041,2024-01-02,0,0,0
STORE0009,SKU0041,2024-01-03,0,0,0
STORE0009,SKU0041,2024-01-04,0,0,0
STORE0009,SKU0041,2024-01-05,0,0,0
STORE0009,SKU0041,2024-01-06,0,1,0
STORE0009,SKU0041,2024-01-07,0,1,0
STORE0009,SKU0041,2024-01-08,0,0,0
STORE0009,SKU0041,2024-01-09,0,0,0
STORE0009,SKU0041,2024-01-10,0,0,0
STORE0009,SKU0041,2024-01-11,0,0,0
STORE0009,SKU0041,2024-01-12,0,0,0
STORE0009,SKU0041,2024-01-13,0,1,0
STORE0009,SKU0041,2024-01-14,0,1,0
STORE0009,SKU0044,2024-01-01,0,0,0
STORE0009,SKU0044,2024-01-02,0,0,0
STORE0009,SKU0044,2024-01-03,0,0,0
STORE0009,SKU0044,2024-01-04,0,0,0
STORE0009,SKU0044,2024-01-05,0,0,0
STORE0009,SKU0044,2024-01-06,0,1,0
STORE0009,SKU0044,2024-01-07,0,1,0
STORE0009,SKU0044,2024-01-08,0,0,0
STORE0009,SKU0044,2024-01-09,0,0,0
STORE0009,SKU0044,2024-01-10,0,0,0
STORE0009,SKU0044,2024-01-11,0,0,0
STORE0009,SKU0044,2024-01-12,0,0,0
STORE0009,SKU0044,2024-01-13,0,1,0
STORE0009,SKU0044,2024-01-14,0,1,0
STORE0009,SKU0045,2024-01-01,0,0,0
STORE0009,SKU0045,2024-01-02,0,0,0
STORE0009,SKU0045,2024-01-03,0,0,0
STORE0009,SKU0045,2024-01-04,0,0,0
STORE0009,SKU0045,2024-01-05,0,0,0
STORE0009,SKU0045,2024-01-06,0,1,0
STORE0009,SKU0045,2024-01-07,0,1,0
STORE0009,SKU0045,2024-01-08,0,0,0
STORE0009,SKU0045,2024-01-09,0,0,0
STORE0009,SKU0045,2024-01-10,0,0,0
STORE0009,SKU0045,2024-01-11,0,0,0
STORE0009,SKU0045,2024-01-12,0,0,0
STORE0009,SKU0045,2024-01-13,0,1,0
STORE0009,SKU0045,2024-01-14,0,1,0
STORE0009,SKU0046,2024-01-01,0,0,0
STORE0009,SKU0046,2024-01-02,0,0,0
STORE0009,SKU0046,2024-01-03,0,0,0
STORE0009,SKU0046,2024-01-04,0,0,0
STORE0009,SKU0046,2024-01-05,0,0,0
STORE0009,SKU0046,2024-01-06,0,1,0
STORE0009,SKU0046,2024-01-07,0,1,0
STORE0009,SKU0046,2024-01-08,0,0,0
STORE0009,SKU0046,2024-01-09,0,0,0
STORE0009,SKU0046,2024-01-10,0,0,0
STORE0009,SKU0046,2024-01-11,0,0,0
STORE0009,SKU0046,2024-01-12,0,0,0
STORE0009,SKU0046,2024-01-13,0,1,0
STORE0009,SKU0046,2024-01-14,0,1,0
STORE0009,SKU0047,2024-01-01,0,0,0
STORE0009,SKU0047,2024-01-02,0,0,0
STORE0009,SKU0047,2024-01-03,0,0,0
STORE0009,SKU0047,2024-01-04,0,0,0
STORE0009,SKU0047,2024-01-05,0,0,0
STORE0009,SKU0047,2024-01-06,0,1,0
STORE0009,SKU0047,2024-01-07,0,1,0
STORE0009,SKU0047,2024-01-08,0,0,0
STORE0009,SKU0047,2024-01-09,0,0,0
STORE0009,SKU0047,2024-01-10,0,0,0
STORE0009,SKU0047,2024-01-11,0,0,0
STORE0009,SKU0047,2024-01-12,0,0,0
STORE0009,SKU0047,2024-01-13,0,1,0
STORE0009,SKU0047,2024-01-14,0,1,0
STORE0009,SKU0049,2024-01-01,0,0,0
STORE0009,SKU0049,2024-01-02,0,0,0
STORE0009,SKU0049,2024-01-03,0,0,0
STORE0009,SKU0049,2024-01-04,0,0,0
STORE0009,SKU0049,2024-01-05,0,0,0
STORE0009,SKU0049,2024-01-06,0,1,0
STORE0009,SKU0049,2024-01-07,0,1,0
STORE0009,SKU0049,2024-01-08,0,0,0
STORE0009,SKU0049,2024-01-09,0,0,0
STORE0009,SKU0049,2024-01-10,0,0,0
STORE0009,SKU0049,2024-01-11,0,0,0
STORE0009,SKU0049,2024-01-12,0,0,0
STORE0009,SKU0049,2024-01-13,0,1,0
STORE0009,SKU0049,2024-01-14,0,1,0
STORE0009,SKU0050,2024-01-01,0,0,0
STORE0009,SKU0050,2024-01-02,0,0,0
STORE0009,SKU0050,2024-01-03,0,0,0
STORE0009,SKU0050,2024-01-04,0,0,0
STORE0009,SKU0050,2024-01-05,0,0,0
STORE0009,SKU0050,2024-01-06,0,1,0
STORE0009,SKU0050,2024-01-07,0,1,0
STORE0009,SKU0050,2024-01-08,0,0,0
STORE0009,SKU0050,2024-01-09,0,0,0
STORE0009,SKU0050,2024-01-10,0,0,0
STORE0009,SKU0050,2024-01-11,0,0,0
STORE0009,SKU0050,2024-01-12,0,0,0
STORE0009,SKU0050,2024-01-13,0,1,0
STORE0009,SKU0050,2024-01-14,0,1,0
STORE0009,SKU0051,2024-01-01,0,0,0
STORE0009,SKU0051,2024-01-02,0,0,0
STORE0009,SKU0051,2024-01-03,0,0,0
STORE0009,SKU0051,2024-01-04,0,0,0
STORE0009,SKU0051,2024-01-05,0,0,0
STORE0009,SKU0051,2024-01-06,0,1,0
STORE0009,SKU0051,2024-01-07,0,1,0
STORE0009,SKU0051,2024-01-08,0,0,0
STORE0009,SKU0051,2024-01-09,0,0,0
STORE0009,SKU0051,2024-01-10,0,0,0
STORE0009,SKU0051,2024-01-11,0,0,0
STORE0009,SKU0051,2024-01-12,0,0,0
STORE0009,SKU0051,2024-01-13,0,1,0
STORE0009,SKU0051,2024-01-14,0,1,0
STORE0009,SKU0052,2024-01-01,0,0,0
STORE0009,SKU0052,2024-01-02,0,0,0
STORE0009,SKU0052,2024-01-03,0,0,0
STORE0009,SKU0052,2024-01-04,0,0,0
STORE0009,SKU0052,2024-01-05,0,0,0
STORE0009,SKU0052,2024-01-06,0,1,0
STORE0009,SKU0052,2024-01-07,0,1,0
STORE0009,SKU0052,2024-01-08,0,0,0
STORE0009,SKU0052,2024-01-09,0,0,0
STORE0009,SKU0052,2024-01-10,0,0,0
STORE0009,SKU0052,2024-01-11,0,0,0
STORE0009,SKU0052,2024-01-12,0,0,0
STORE0009,SKU0052,2024-01-13,0,1,0
STORE0009,SKU0052,2024-01-14,0,1,0
STORE0009,SKU0055,2024-01-01,0,0,0
STORE0009,SKU0055,2024-01-02,0,0,0
STORE0009,SKU0055,2024-01-03,0,0,0
STORE0009,SKU0055,2024-01-04,0,0,0
STORE0009,SKU0055,2024-01-05,0,0,0
STORE0009,SKU0055,2024-01-06,0,1,0
STORE0009,SKU0055,2024-01-07,0,1,0
STORE0009,SKU0055,2024-01-08,0,0,0
STORE0009,SKU0055,2024-01-09,0,0,0
STORE0009,SKU0055,2024-01-10,0,0,0
STORE0009,SKU0055,2024-01-11,0,0,0
STORE0009,SKU0055,2024-01-12,0,0,0
STORE0009,SKU0055,2024-01-13,0,1,0
STORE0009,SKU0055,2024-01-14,0,1,0
STORE0009,SKU0057,2024-01-01,0,0,0
STORE0009,SKU0057,2024-01-02,0,0,0
STORE0009,SKU0057,2024-01-03,0,0,0
STORE0009,SKU0057,2024-01-04,0,0,0
STORE0009,SKU0057,2024-01-05,0,0,0
STORE0009,SKU0057,2024-01-06,0,1,0
STORE0009,SKU0057,2024-01-07,0,1,0
STORE0009,SKU0057,2024-01-08,0,0,0
STORE0009,SKU0057,2024-01-09,0,0,0
STORE0009,SKU0057,2024-01-10,0,0,0
STORE0009,SKU0057,2024-01-11,0,0,0
STORE0009,SKU0057,2024-01-12,0,0,0
STORE0009,SKU0057,2024-01-13,0,1,0
STORE0009,SKU0057,2024-01-14,0,1,0
STORE0009,SKU0058,2024-01-01,0,0,0
STORE0009,SKU0058,2024-01-02,0,0,0
STORE0009,SKU0058,2024-01-03,0,0,0
STORE0009,SKU0058,2024-01-04,0,0,0
STORE0009,SKU0058,2024-01-05,0,0,0
STORE0009,SKU0058,2024-01-06,0,1,0
STORE0009,SKU0058,2024-01-07,0,1,0
STORE0009,SKU0058,2024-01-08,0,0,0
STORE0009,SKU0058,2024-01-09,0,0,0
STORE0009,SKU0058,2024-01-10,0,0,0
STORE0009,SKU0058,2024-01-11,0,0,0
STORE0009,SKU0058,2024-01-12,0,0,0
STORE0009,SKU0058,2024-01-13,0,1,0
STORE0009,SKU0058,2024-01-14,0,1,0
STORE0009,SKU0059,2024-01-01,0,0,0
STORE0009,SKU0059,2024-01-02,0,0,0
STORE0009,SKU0059,2024-01-03,0,0,0
STORE0009,SKU0059,2024-01-04,0,0,0
STORE0009,SKU0059,2024-01-05,0,0,0
STORE0009,SKU0059,2024-01-06,0,1,0
STORE0009,SKU0059,2024-01-07,0,1,0
STORE0009,SKU0059,2024-01-08,0,0,0
STORE0009,SKU0059,2024-01-09,0,0,0
STORE0009,SKU0059,2024-01-10,0,0,0
STORE0009,SKU0059,2024-01-11,0,0,0
STORE0009,SKU0059,2024-01-12,0,0,0
STORE0009,SKU0059,2024-01-13,0,1,0
STORE0009,SKU0059,2024-01-14,0,1,0
STORE0009,SKU0060,2024-01-01,0,0,0
STORE0009,SKU0060,2024-01-02,0,0,0
STORE0009,SKU0060,2024-01-03,0,0,0
STORE0009,SKU0060,2024-01-04,0,0,0
STORE0009,SKU0060,2024-01-05,0,0,0
STORE0009,SKU0060,2024-01-06,0,1,0
STORE0009,SKU0060,2024-01-07,0,1,0
STORE0009,SKU0060,2024-01-08,0,0,0
STORE0009,SKU0060,2024-01-09,0,0,0
STORE0009,SKU0060,2024-01-10,0,0,0
STORE0009,SKU0060,2024-01-11,0,0,0
STORE0009,SKU0060,2024-01-12,0,0,0
STORE0009,SKU0060,2024-01-13,0,1,0
STORE0009,SKU0060,2024-01-14,0,1,0
STORE0009,SKU0061,2024-01-01,0,0,0
STORE0009,SKU0061,2024-01-02,0,0,0
STORE0009,SKU0061,2024-01-03,0,0,0
STORE0009,SKU0061,2024-01-04,0,0,0
STORE0009,SKU0061,2024-01-05,0,0,0
STORE0009,SKU0061,2024-01-06,0,1,0
STORE0009,SKU0061,2024-01-07,0,1,0
STORE0009,SKU0061,2024-01-08,0,0,0
STORE0009,SKU0061,2024-01-09,0,0,0
STORE0009,SKU0061,2024-01-10,0,0,0
STORE0009,SKU0061,2024-01-11,0,0,0
STORE0009,SKU0061,2024-01-12,0,0,0
STORE0009,SKU0061,2024-01-13,0,1,0
STORE0009,SKU0061,2024-01-14,0,1,0
STORE0009,SKU0062,2024-01-01,0,0,0
STORE0009,SKU0062,2024-01-02,0,0,0
STORE0009,SKU0062,2024-01-03,0,0,0
STORE0009,SKU0062,2024-01-04,0,0,0
STORE0009,SKU0062,2024-01-05,0,0,0
STORE0009,SKU0062,2024-01-06,0,1,0
STORE0009,SKU0062,2024-01-07,0,1,0
STORE0009,SKU0062,2024-01-08,0,0,0
STORE0009,SKU0062,2024-01-09,0,0,0
STORE0009,SKU0062,2024-01-10,0,0,0
STORE0009,SKU0062,2024-01-11,0,0,0
STORE0009,SKU0062,2024-01-12,0,0,0
STORE0009,SKU0062,2024-01-13,0,1,0
STORE0009,SKU0062,2024-01-14,0,1,0
STORE0009,SKU0063,2024-01-01,0,0,0
STORE0009,SKU0063,2024-01-02,0,0,0
STORE0009,SKU0063,2024-01-03,0,0,0
STORE0009,SKU0063,2024-01-04,0,0,0
STORE0009,SKU0063,2024-01-05,0,0,0
STORE0009,SKU0063,2024-01-06,0,1,0
STORE0009,SKU0063,2024-01-07,0,1,0
STORE0009,SKU0063,2024-01-08,0,0,0
STORE0009,SKU0063,2024-01-09,0,0,0
STORE0009,SKU0063,2024-01-10,0,0,0
STORE0009,SKU0063,2024-01-11,0,0,0
STORE0009,SKU0063,2024-01-12,0,0,0
STORE0009,SKU0063,2024-01-13,0,1,0
STORE0009,SKU0063,2024-01-14,0,1,0
STORE0009,SKU0064,2024-01-01,0,0,0
STORE0009,SKU0064,2024-01-02,0,0,0
STORE0009,SKU0064,2024-01-03,0,0,0
STORE0009,SKU0064,2024-01-04,0,0,0
STORE0009,SKU0064,2024-01-05,0,0,0
STORE0009,SKU0064,2024-01-06,0,1,0
STORE0009,SKU0064,2024-01-07,0,1,0
STORE0009,SKU0064,2024-01-08,0,0,0
STORE0009,SKU0064,2024-01-09,0,0,0
STORE0009,SKU0064,2024-01-10,0,0,0
STORE0009,SKU0064,2024-01-11,0,0,0
STORE0009,SKU0064,2024-01-12,0,0,0
STORE0009,SKU0064,2024-01-13,0,1,0
STORE0009,SKU0064,2024-01-14,0,1,0
STORE0009,SKU0065,2024-01-01,0,0,0
STORE0009,SKU0065,2024-01-02,0,0,0
STORE0009,SKU0065,2024-01-03,0,0,0
STORE0009,SKU0065,2024-01-04,0,0,0
STORE0009,SKU0065,2024-01-05,0,0,0
STORE0009,SKU0065,2024-01-06,0,1,0
STORE0009,SKU0065,2024-01-07,0,1,0
STORE0009,SKU0065,2024-01-08,0,0,0
STORE0009,SKU0065,2024-01-09,0,0,0
STORE0009,SKU0065,2024-01-10,0,0,0
STORE0009,SKU0065,2024-01-11,0,0,0
STORE0009,SKU0065,2024-01-12,0,0,0
STORE0009,SKU0065,2024-01-13,0,1,0
STORE0009,SKU0065,2024-01-14,0,1,0
STORE0009,SKU0066,2024-01-01,0,0,0
STORE0009,SKU0066,2024-01-02,0,0,0
STORE0009,SKU0066,2024-01-03,0,0,0
STORE0009,SKU0066,2024-01-04,0,0,0
STORE0009,SKU0066,2024-01-05,0,0,0
STORE0009,SKU0066,2024-01-06,0,1,0
STORE0009,SKU0066,2024-01-07,0,1,0
STORE0009,SKU0066,2024-01-08,0,0,0
STORE0009,SKU0066,2024-01-09,0,0,0
STORE0009,SKU0066,2024-01-10,0,0,0
STORE0009,SKU0066,2024-01-11,0,0,0
STORE0009,SKU0066,2024-01-12,0,0,0
STORE0009,SKU0066,2024-01-13,0,1,0
STORE0009,SKU0066,2024-01-14,0,1,0
STORE0009,SKU0067,2024-01-01,0,0,0
STORE0009,SKU0067,2024-01-02,0,0,0
STORE0009,SKU0067,2024-01-03,0,0,0
STORE0009,SKU0067,2024-01-04,0,0,0
STORE0009,SKU0067,2024-01-05,0,0,0
STORE0009,SKU0067,2024-01-06,0,1,0
STORE0009,SKU0067,2024-01-07,0,1,0
STORE0009,SKU0067,2024-01-08,0,0,0
STORE0009,SKU0067,2024-01-09,0,0,0
STORE0009,SKU0067,2024-01-10,0,0,0
STORE0009,SKU0067,2024-01-11,0,0,0
STORE0009,SKU0067,2024-01-12,0,0,0
STORE0009,SKU0067,2024-01-13,0,1,0
STORE0009,SKU0067,2024-01-14,0,1,0
STORE0009,SKU0068,2024-01-01,0,0,0
STORE0009,SKU0068,2024-01-02,0,0,0
STORE0009,SKU0068,2024-01-03,0,0,0
STORE0009,SKU0068,2024-01-04,0,0,0
STORE0009,SKU0068,2024-01-05,0,0,0
STORE0009,SKU0068,2024-01-06,0,1,0
STORE0009,SKU0068,2024-01-07,0,1,0
STORE0009,SKU0068,2024-01-08,0,0,0
STORE0009,SKU0068,2024-01-09,0,0,0
STORE0009,SKU0068,2024-01-10,0,0,0
STORE0009,SKU0068,2024-01-11,0,0,0
STORE0009,SKU0068,2024-01-12,0,0,0
STORE0009,SKU0068,2024-01-13,0,1,0
STORE0009,SKU0068,2024-01-14,0,1,0
STORE0009,SKU0069,2024-01-01,0,0,0
STORE0009,SKU0069,2024-01-02,0,0,0
STORE0009,SKU0069,2024-01-03,0,0,0
STORE0009,SKU0069,2024-01-04,0,0,0
STORE0009,SKU0069,2024-01-05,0,0,0
STORE0009,SKU0069,2024-01-06,0,1,0
STORE0009,SKU0069,2024-01-07,0,1,0
STORE0009,SKU0069,2024-01-08,0,0,0
STORE0009,SKU0069,2024-01-09,0,0,0
STORE0009,SKU0069,2024-01-10,0,0,0
STORE0009,SKU0069,2024-01-11,0,0,0
STORE0009,SKU0069,2024-01-12,0,0,0
STORE0009,SKU0069,2024-01-13,0,1,0
STORE0009,SKU0069,2024-01-14,0,1,0
STORE0009,SKU0070,2024-01-01,0,0,0
STORE0009,SKU0070,2024-01-02,0,0,0
STORE0009,SKU0070,2024-01-03,0,0,0
STORE0009,SKU0070,2024-01-04,0,0,0
STORE0009,SKU0070,2024-01-05,0,0,0
STORE0009,SKU0070,2024-01-06,0,1,0
STORE0009,SKU0070,2024-01-07,0,1,0
STORE0009,SKU0070,2024-01-08,0,0,0
STORE0009,SKU0070,2024-01-09,0,0,0
STORE0009,SKU0070,2024-01-10,0,0,0
STORE0009,SKU0070,2024-01-11,0,0,0
STORE0009,SKU0070,2024-01-12,0,0,0
STORE0009,SKU0070,2024-01-13,0,1,0
STORE0009,SKU0070,2024-01-14,0,1,0
STORE0009,SKU0071,2024-01-01,0,0,0
STORE0009,SKU0071,2024-01-02,0,0,0
STORE0009,SKU0071,2024-01-03,0,0,0
STORE0009,SKU0071,2024-01-04,0,0,0
STORE0009,SKU0071,2024-01-05,0,0,0
STORE0009,SKU0071,2024-01-06,0,1,0
STORE0009,SKU0071,2024-01-07,0,1,0
STORE0009,SKU0071,2024-01-08,0,0,0
STORE0009,SKU0071,2024-01-09,0,0,0
STORE0009,SKU0071,2024-01-10,0,0,0
STORE0009,SKU0071,2024-01-11,0,0,0
STORE0009,SKU0071,2024-01-12,0,0,0
STORE0009,SKU0071,2024-01-13,0,1,0
STORE0009,SKU0071,2024-01-14,0,1,0
STORE0009,SKU0072,2024-01-01,0,0,0
STORE0009,SKU0072,2024-01-02,0,0,0
STORE0009,SKU0072,2024-01-03,0,0,0
STORE0009,SKU0072,2024-01-04,0,0,0
STORE0009,SKU0072,2024-01-05,0,0,0
STORE0009,SKU0072,2024-01-06,0,1,0
STORE0009,SKU0072,2024-01-07,0,1,0
STORE0009,SKU0072,2024-01-08,0,0,0
STORE0009,SKU0072,2024-01-09,0,0,0
STORE0009,SKU0072,2024-01-10,0,0,0
STORE0009,SKU0072,2024-01-11,0,0,0
STORE0009,SKU0072,2024-01-12,0,0,0
STORE0009,SKU0072,2024-01-13,0,1,0
STORE0009,SKU0072,2024-01-14,0,1,0
STORE0009,SKU0074,2024-01-01,0,0,0
STORE0009,SKU0074,2024-01-02,0,0,0
STORE0009,SKU0074,2024-01-03,0,0,0
STORE0009,SKU0074,2024-01-04,0,0,0
STORE0009,SKU0074,2024-01-05,0,0,0
STORE0009,SKU0074,2024-01-06,0,1,0
STORE0009,SKU0074,2024-01-07,0,1,0
STORE0009,SKU0074,2024-01-08,0,0,0
STORE0009,SKU0074,2024-01-09,0,0,0
STORE0009,SKU0074,2024-01-10,0,0,0
STORE0009,SKU0074,2024-01-11,0,0,0
STORE0009,SKU0074,2024-01-12,0,0,0
STORE0009,SKU0074,2024-01-13,0,1,0
STORE0009,SKU0074,2024-01-14,0,1,0
STORE0009,SKU0075,2024-01-01,0,0,0
STORE0009,SKU0075,2024-01-02,0,0,0
STORE0009,SKU0075,2024-01-03,0,0,0
STORE0009,SKU0075,2024-01-04,0,0,0
STORE0009,SKU0075,2024-01-05,0,0,0
STORE0009,SKU0075,2024-01-06,0,1,0
STORE0009,SKU0075,2024-01-07,0,1,0
STORE0009,SKU0075,2024-01-08,0,0,0
STORE0009,SKU0075,2024-01-09,0,0,0
STORE0009,SKU0075,2024-01-10,0,0,0
STORE0009,SKU0075,2024-01-11,0,0,0
STORE0009,SKU0075,2024-01-12,0,0,0
STORE0009,SKU0075,2024-01-13,0,1,0
STORE0009,SKU0075,2024-01-14,0,1,0
STORE0009,SKU0076,2024-01-01,0,0,0
STORE0009,SKU0076,2024-01-02,0,0,0
STORE0009,SKU0076,2024-01-03,0,0,0
STORE0009,SKU0076,2024-01-04,0,0,0
STORE0009,SKU0076,2024-01-05,0,0,0
STORE0009,SKU0076,2024-01-06,0,1,0
STORE0009,SKU0076,2024-01-07,0,1,0
STORE0009,SKU0076,2024-01-08,0,0,0
STORE0009,SKU0076,2024-01-09,0,0,0
STORE0009,SKU0076,2024-01-10,0,0,0
STORE0009,SKU0076,2024-01-11,0,0,0
STORE0009,SKU0076,2024-01-12,0,0,0
STORE0009,SKU0076,2024-01-13,0,1,0
STORE0009,SKU0076,2024-01-14,0,1,0
STORE0009,SKU0077,2024-01-01,0,0,0
STORE0009,SKU0077,2024-01-02,0,0,0
STORE0009,SKU0077,2024-01-03,0,0,0
STORE0009,SKU0077,2024-01-04,0,0,0
STORE0009,SKU0077,2024-01-05,0,0,0
STORE0009,SKU0077,2024-01-06,0,1,0
STORE0009,SKU0077,2024-01-07,0,1,0
STORE0009,SKU0077,2024-01-08,0,0,0
STORE0009,SKU0077,2024-01-09,0,0,0
STORE0009,SKU0077,2024-01-10,0,0,0
STORE0009,SKU0077,2024-01-11,0,0,0
STORE0009,SKU0077,2024-01-12,0,0,0
STORE0009,SKU0077,2024-01-13,0,1,0
STORE0009,SKU0077,2024-01-14,0,1,0
STORE0009,SKU0078,2024-01-01,0,0,0
STORE0009,SKU0078,2024-01-02,0,0,0
STORE0009,SKU0078,2024-01-03,0,0,0
STORE0009,SKU0078,2024-01-04,0,0,0
STORE0009,SKU0078,2024-01-05,0,0,0
STORE0009,SKU0078,2024-01-06,0,1,0
STORE0009,SKU0078,2024-01-07,0,1,0
STORE0009,SKU0078,2024-01-08,0,0,0
STORE0009,SKU0078,2024-01-09,0,0,0
STORE0009,SKU0078,2024-01-10,0,0,0
STORE0009,SKU0078,2024-01-11,0,0,0
STORE0009,SKU0078,2024-01-12,0,0,0
STORE0009,SKU0078,2024-01-13,0,1,0
STORE0009,SKU0078,2024-01-14,0,1,0
STORE0009,SKU0080,2024-01-01,0,0,0
STORE0009,SKU0080,2024-01-02,0,0,0
STORE0009,SKU0080,2024-01-03,0,0,0
STORE0009,SKU0080,2024-01-04,0,0,0
STORE0009,SKU0080,2024-01-05,0,0,0
STORE0009,SKU0080,2024-01-06,0,1,0
STORE0009,SKU0080,2024-01-07,0,1,0
STORE0009,SKU0080,2024-01-08,0,0,0
STORE0009,SKU0080,2024-01-09,0,0,0
STORE0009,SKU0080,2024-01-10,0,0,0
STORE0009,SKU0080,2024-01-11,0,0,0
STORE0009,SKU0080,2024-01-12,0,0,0
STORE0009,SKU0080,2024-01-13,0,1,0
STORE0009,SKU0080,2024-01-14,0,1,0
STORE0009,SKU0082,2024-01-01,0,0,0
STORE0009,SKU0082,2024-01-02,0,0,0
STORE0009,SKU0082,2024-01-03,0,0,0
STORE0009,SKU0082,2024-01-04,0,0,0
STORE0009,SKU0082,2024-01-05,0,0,0
STORE0009,SKU0082,2024-01-06,0,1,0
STORE0009,SKU0082,2024-01-07,0,1,0
STORE0009,SKU0082,2024-01-08,0,0,0
STORE0009,SKU0082,2024-01-09,0,0,0
STORE0009,SKU0082,2024-01-10,0,0,0
STORE0009,SKU0082,2024-01-11,0,0,0
STORE0009,SKU0082,2024-01-12,0,0,0
STORE0009,SKU0082,2024-01-13,0,1,0
STORE0009,SKU0082,2024-01-14,0,1,0
STORE0009,SKU0083,2024-01-01,0,0,0
STORE0009,SKU0083,2024-01-02,0,0,0
STORE0009,SKU0083,2024-01-03,0,0,0
STORE0009,SKU0083,2024-01-04,0,0,0
STORE0009,SKU0083,2024-01-05,0,0,0
STORE0009,SKU0083,2024-01-06,0,1,0
STORE0009,SKU0083,2024-01-07,0,1,0
STORE0009,SKU0083,2024-01-08,0,0,0
STORE0009,SKU0083,2024-01-09,0,0,0
STORE0009,SKU0083,2024-01-10,0,0,0
STORE0009,SKU0083,2024-01-11,0,0,0
STORE0009,SKU0083,2024-01-12,0,0,0
STORE0009,SKU0083,2024-01-13,0,1,0
STORE0009,SKU0083,2024-01-14,0,1,0
STORE0009,SKU0084,2024-01-01,0,0,0
STORE0009,SKU0084,2024-01-02,0,0,0
STORE0009,SKU0084,2024-01-03,0,0,0
STORE0009,SKU0084,2024-01-04,0,0,0
STORE0009,SKU0084,2024-01-05,0,0,0
STORE0009,SKU0084,2024-01-06,0,1,0
STORE0009,SKU0084,2024-01-07,0,1,0
STORE0009,SKU0084,2024-01-08,0,0,0
STORE0009,SKU0084,2024-01-09,0,0,0
STORE0009,SKU0084,2024-01-10,0,0,0
STORE0009,SKU0084,2024-01-11,0,0,0
STORE0009,SKU0084,2024-01-12,0,0,0
STORE0009,SKU0084,2024-01-13,0,1,0
STORE0009,SKU0084,2024-01-14,0,1,0
STORE0009,SKU0085,2024-01-01,0,0,0
STORE0009,SKU0085,2024-01-02,0,0,0
STORE0009,SKU0085,2024-01-03,0,0,0
STORE0009,SKU0085,2024-01-04,0,0,0
STORE0009,SKU0085,2024-01-05,0,0,0
STORE0009,SKU0085,2024-01-06,0,1,0
STORE0009,SKU0085,2024-01-07,0,1,0
STORE0009,SKU0085,2024-01-08,0,0,0
STORE0009,SKU0085,2024-01-09,0,0,0
STORE0009,SKU0085,2024-01-10,0,0,0
STORE0009,SKU0085,2024-01-11,0,0,0
STORE0009,SKU0085,2024-01-12,0,0,0
STORE0009,SKU0085,2024-01-13,0,1,0
STORE0009,SKU0085,2024-01-14,0,1,0
STORE0009,SKU0086,2024-01-01,0,0,0
STORE0009,SKU0086,2024-01-02,0,0,0
STORE0009,SKU0086,2024-01-03,0,0,0
STORE0009,SKU0086,2024-01-04,0,0,0
STORE0009,SKU0086,2024-01-05,0,0,0
STORE0009,SKU0086,2024-01-06,0,1,0
STORE0009,SKU0086,2024-01-07,0,1,0
STORE0009,SKU0086,2024-01-08,0,0,0
STORE0009,SKU0086,2024-01-09,0,0,0
STORE0009,SKU0086,2024-01-10,0,0,0
STORE0009,SKU0086,2024-01-11,0,0,0
STORE0009,SKU0086,2024-01-12,0,0,0
STORE0009,SKU0086,2024-01-13,0,1,0
STORE0009,SKU0086,2024-01-14,0,1,0
STORE0009,SKU0087,2024-01-01,0,0,0
STORE0009,SKU0087,2024-01-02,0,0,0
STORE0009,SKU0087,2024-01-03,0,0,0
STORE0009,SKU0087,2024-01-04,0,0,0
STORE0009,SKU0087,2024-01-05,0,0,0
STORE0009,SKU0087,2024-01-06,0,1,0
STORE0009,SKU0087,2024-01-07,0,1,0
STORE0009,SKU0087,2024-01-08,0,0,0
STORE0009,SKU0087,2024-01-09,0,0,0
STORE0009,SKU0087,2024-01-10,0,0,0
STORE0009,SKU0087,2024-01-11,0,0,0
STORE0009,SKU0087,2024-01-12,0,0,0
STORE0009,SKU0087,2024-01-13,0,1,0
STORE0009,SKU0087,2024-01-14,0,1,0
STORE0009,SKU0088,2024-01-01,0,0,0
STORE0009,SKU0088,2024-01-02,0,0,0
STORE0009,SKU0088,2024-01-03,0,0,0
STORE0009,SKU0088,2024-01-04,0,0,0
STORE0009,SKU0088,2024-01-05,0,0,0
STORE0009,SKU0088,2024-01-06,0,1,0
STORE0009,SKU0088,2024-01-07,0,1,0
STORE0009,SKU0088,2024-01-08,0,0,0
STORE0009,SKU0088,2024-01-09,0,0,0
STORE0009,SKU0088,2024-01-10,0,0,0
STORE0009,SKU0088,2024-01-11,0,0,0
STORE0009,SKU0088,2024-01-12,0,0,0
STORE0009,SKU0088,2024-01-13,0,1,0
STORE0009,SKU0088,2024-01-14,0,1,0
STORE0009,SKU0089,2024-01-01,0,0,0
STORE0009,SKU0089,2024-01-02,0,0,0
STORE0009,SKU0089,2024-01-03,0,0,0
STORE0009,SKU0089,2024-01-04,0,0,0
STORE0009,SKU0089,2024-01-05,0,0,0
STORE0009,SKU0089,2024-01-06,0,1,0
STORE0009,SKU0089,2024-01-07,0,1,0
STORE0009,SKU0089,2024-01-08,0,0,0
STORE0009,SKU0089,2024-01-09,0,0,0
STORE0009,SKU0089,2024-01-10,0,0,0
STORE0009,SKU0089,2024-01-11,0,0,0
STORE0009,SKU0089,2024-01-12,0,0,0
STORE0009,SKU0089,2024-01-13,0,1,0
STORE0009,SKU0089,2024-01-14,0,1,0
STORE0009,SKU0090,2024-01-01,0,0,0
STORE0009,SKU0090,2024-01-02,0,0,0
STORE0009,SKU0090,2024-01-03,0,0,0
STORE0009,SKU0090,2024-01-04,0,0,0
STORE0009,SKU0090,2024-01-05,0,0,0
STORE0009,SKU0090,2024-01-06,0,1,0
STORE0009,SKU0090,2024-01-07,0,1,0
STORE0009,SKU0090,2024-01-08,0,0,0
STORE0009,SKU0090,2024-01-09,0,0,0
STORE0009,SKU0090,2024-01-10,0,0,0
STORE0009,SKU0090,2024-01-11,0,0,0
STORE0009,SKU0090,2024-01-12,0,0,0
STORE0009,SKU0090,2024-01-13,0,1,0
STORE0009,SKU0090,2024-01-14,0,1,0
STORE0009,SKU0091,2024-01-01,0,0,0
STORE0009,SKU0091,2024-01-02,0,0,0
STORE0009,SKU0091,2024-01-03,0,0,0
STORE0009,SKU0091,2024-01-04,0,0,0
STORE0009,SKU0091,2024-01-05,0,0,0
STORE0009,SKU0091,2024-01-06,0,1,0
STORE0009,SKU0091,2024-01-07,0,1,0
STORE0009,SKU0091,2024-01-08,0,0,0
STORE0009,SKU0091,2024-01-09,0,0,0
STORE0009,SKU0091,2024-01-10,0,0,0
STORE0009,SKU0091,2024-01-11,0,0,0
STORE0009,SKU0091,2024-01-12,0,0,0
STORE0009,SKU0091,2024-01-13,0,1,0
STORE0009,SKU0091,2024-01-14,0,1,0
STORE0009,SKU0092,2024-01-01,0,0,0
STORE0009,SKU0092,2024-01-02,0,0,0
STORE0009,SKU0092,2024-01-03,0,0,0
STORE0009,SKU0092,2024-01-04,0,0,0
STORE0009,SKU0092,2024-01-05,0,0,0
STORE0009,SKU0092,2024-01-06,0,1,0
STORE0009,SKU0092,2024-01-07,0,1,0
STORE0009,SKU0092,2024-01-08,0,0,0
STORE0009,SKU0092,2024-01-09,0,0,0
STORE0009,SKU0092,2024-01-10,0,0,0
STORE0009,SKU0092,2024-01-11,0,0,0
STORE0009,SKU0092,2024-01-12,0,0,0
STORE0009,SKU0092,2024-01-13,0,1,0
STORE0009,SKU0092,2024-01-14,0,1,0
STORE0009,SKU0093,2024-01-01,0,0,0
STORE0009,SKU0093,2024-01-02,0,0,0
STORE0009,SKU0093,2024-01-03,0,0,0
STORE0009,SKU0093,2024-01-04,0,0,0
STORE0009,SKU0093,2024-01-05,0,0,0
STORE0009,SKU0093,2024-01-06,0,1,0
STORE0009,SKU0093,2024-01-07,0,1,0
STORE0009,SKU0093,2024-01-08,0,0,0
STORE0009,SKU0093,2024-01-09,0,0,0
STORE0009,SKU0093,2024-01-10,0,0,0
STORE0009,SKU0093,2024-01-11,0,0,0
STORE0009,SKU0093,2024-01-12,0,0,0
STORE0009,SKU0093,2024-01-13,0,1,0
STORE0009,SKU0093,2024-01-14,0,1,0
STORE0009,SKU0096,2024-01-01,0,0,0
STORE0009,SKU0096,2024-01-02,0,0,0
STORE0009,SKU0096,2024-01-03,0,0,0
STORE0009,SKU0096,2024-01-04,0,0,0
STORE0009,SKU0096,2024-01-05,0,0,0
STORE0009,SKU0096,2024-01-06,0,1,0
STORE0009,SKU0096,2024-01-07,0,1,0
STORE0009,SKU0096,2024-01-08,0,0,0
STORE0009,SKU0096,2024-01-09,0,0,0
STORE0009,SKU0096,2024-01-10,0,0,0
STORE0009,SKU0096,2024-01-11,0,0,0
STORE0009,SKU0096,2024-01-12,0,0,0
STORE0009,SKU0096,2024-01-13,0,1,0
STORE0009,SKU0096,2024-01-14,0,1,0
STORE0009,SKU0097,2024-01-01,0,0,0
STORE0009,SKU0097,2024-01-02,0,0,0
STORE0009,SKU0097,2024-01-03,0,0,0
STORE0009,SKU0097,2024-01-04,0,0,0
STORE0009,SKU0097,2024-01-05,0,0,0
STORE0009,SKU0097,2024-01-06,0,1,0
STORE0009,SKU0097,2024-01-07,0,1,0
STORE0009,SKU0097,2024-01-08,0,0,0
STORE0009,SKU0097,2024-01-09,0,0,0
STORE0009,SKU0097,2024-01-10,0,0,0
STORE0009,SKU0097,2024-01-11,0,0,0
STORE0009,SKU0097,2024-01-12,0,0,0
STORE0009,SKU0097,2024-01-13,0,1,0
STORE0009,SKU0097,2024-01-14,0,1,0
STORE0009,SKU0098,2024-01-01,0,0,0
STORE0009,SKU0098,2024-01-02,0,0,0
STORE0009,SKU0098,2024-01-03,0,0,0
STORE0009,SKU0098,2024-01-04,0,0,0
STORE0009,SKU0098,2024-01-05,0,0,0
STORE0009,SKU0098,2024-01-06,0,1,0
STORE0009,SKU0098,2024-01-07,0,1,0
STORE0009,SKU0098,2024-01-08,0,0,0
STORE0009,SKU0098,2024-01-09,0,0,0
STORE0009,SKU0098,2024-01-10,0,0,0
STORE0009,SKU0098,2024-01-11,0,0,0
STORE0009,SKU0098,2024-01-12,0,0,0
STORE0009,SKU0098,2024-01-13,0,1,0
STORE0009,SKU0098,2024-01-14,0,1,0
STORE0009,SKU0099,2024-01-01,0,0,0
STORE0009,SKU0099,2024-01-02,0,0,0
STORE0009,SKU0099,2024-01-03,0,0,0
STORE0009,SKU0099,2024-01-04,0,0,0
STORE0009,SKU0099,2024-01-05,0,0,0
STORE0009,SKU0099,2024-01-06,0,1,0
STORE0009,SKU0099,2024-01-07,0,1,0
STORE0009,SKU0099,2024-01-08,0,0,0
STORE0009,SKU0099,2024-01-09,0,0,0
STORE0009,SKU0099,2024-01-10,0,0,0
STORE0009,SKU0099,2024-01-11,0,0,0
STORE0009,SKU0099,2024-01-12,0,0,0
STORE0009,SKU0099,2024-01-13,0,1,0
STORE0009,SKU0099,2024-01-14,0,1,0
STORE0009,SKU0102,2024-01-01,0,0,0
STORE0009,SKU0102,2024-01-02,0,0,0
STORE0009,SKU0102,2024-01-03,0,0,0
STORE0009,SKU0102,2024-01-04,0,0,0
STORE0009,SKU0102,2024-01-05,0,0,0
STORE0009,SKU0102,2024-01-06,0,1,0
STORE0009,SKU0102,2024-01-07,0,1,0
STORE0009,SKU0102,2024-01-08,0,0,0
STORE0009,SKU0102,2024-01-09,0,0,0
STORE0009,SKU0102,2024-01-10,0,0,0
STORE0009,SKU0102,2024-01-11,0,0,0
STORE0009,SKU0102,2024-01-12,0,0,0
STORE0009,SKU0102,2024-01-13,0,1,0
STORE0009,SKU0102,2024-01-14,0,1,0
STORE0010,SKU0001,2024-01-01,0,0,0
STORE0010,SKU0001,2024-01-02,0,0,0
STORE0010,SKU0001,2024-01-03,0,0,0
STORE0010,SKU0001,2024-01-04,0,0,0
STORE0010,SKU0001,2024-01-05,0,0,0
STORE0010,SKU0001,2024-01-06,0,1,0
STORE0010,SKU0001,2024-01-07,0,1,0
STORE0010,SKU0001,2024-01-08,0,0,0
STORE0010,SKU0001,2024-01-09,0,0,0
STORE0010,SKU0001,2024-01-10,0,0,0
STORE0010,SKU0001,2024-01-11,0,0,0
STORE0010,SKU0001,2024-01-12,0,0,0
STORE0010,SKU0001,2024-01-13,0,1,0
STORE0010,SKU0001,2024-01-14,0,1,0
STORE0010,SKU0004,2024-01-01,0,0,0
STORE0010,SKU0004,2024-01-02,0,0,0
STORE0010,SKU0004,2024-01-03,0,0,0
STORE0010,SKU0004,2024-01-04,0,0,0
STORE0010,SKU0004,2024-01-05,0,0,0
STORE0010,SKU0004,2024-01-06,0,1,0
STORE0010,SKU0004,2024-01-07,0,1,0
STORE0010,SKU0004,2024-01-08,0,0,0
STORE0010,SKU0004,2024-01-09,0,0,0
STORE0010,SKU0004,2024-01-10,0,0,0
STORE0010,SKU0004,2024-01-11,0,0,0
STORE0010,SKU0004,2024-01-12,0,0,0
STORE0010,SKU0004,2024-01-13,0,1,0
STORE0010,SKU0004,2024-01-14,0,1,0
STORE0010,SKU0005,2024-01-01,0,0,0
STORE0010,SKU0005,2024-01-02,0,0,0
STORE0010,SKU0005,2024-01-03,0,0,0
STORE0010,SKU0005,2024-01-04,0,0,0
STORE0010,SKU0005,2024-01-05,0,0,0
STORE0010,SKU0005,2024-01-06,0,1,0
STORE0010,SKU0005,2024-01-07,0,1,0
STORE0010,SKU0005,2024-01-08,0,0,0
STORE0010,SKU0005,2024-01-09,0,0,0
STORE0010,SKU0005,2024-01-10,0,0,0
STORE0010,SKU0005,2024-01-11,0,0,0
STORE0010,SKU0005,2024-01-12,0,0,0
STORE0010,SKU0005,2024-01-13,0,1,0
STORE0010,SKU0005,2024-01-14,0,1,0
STORE0010,SKU0006,2024-01-01,0,0,0
STORE0010,SKU0006,2024-01-02,0,0,0
STORE0010,SKU0006,2024-01-03,0,0,0
STORE0010,SKU0006,2024-01-04,0,0,0
STORE0010,SKU0006,2024-01-05,0,0,0
STORE0010,SKU0006,2024-01-06,0,1,0
STORE0010,SKU0006,2024-01-07,0,1,0
STORE0010,SKU0006,2024-01-08,0,0,0
STORE0010,SKU0006,2024-01-09,0,0,0
STORE0010,SKU0006,2024-01-10,0,0,0
STORE0010,SKU0006,2024-01-11,0,0,0
STORE0010,SKU0006,2024-01-12,0,0,0
STORE0010,SKU0006,2024-01-13,0,1,0
STORE0010,SKU0006,2024-01-14,0,1,0
STORE0010,SKU0007,2024-01-01,0,0,0
STORE0010,SKU0007,2024-01-02,0,0,0
STORE0010,SKU0007,2024-01-03,0,0,0
STORE0010,SKU0007,2024-01-04,0,0,0
STORE0010,SKU0007,2024-01-05,0,0,0
STORE0010,SKU0007,2024-01-06,0,1,0
STORE0010,SKU0007,2024-01-07,0,1,0
STORE0010,SKU0007,2024-01-08,0,0,0
STORE0010,SKU0007,2024-01-09,0,0,0
STORE0010,SKU0007,2024-01-10,0,0,0
STORE0010,SKU0007,2024-01-11,0,0,0
STORE0010,SKU0007,2024-01-12,0,0,0
STORE0010,SKU0007,2024-01-13,0,1,0
STORE0010,SKU0007,2024-01-14,0,1,0
STORE0010,SKU0010,2024-01-01,0,0,0
STORE0010,SKU0010,2024-01-02,0,0,0
STORE0010,SKU0010,2024-01-03,0,0,0
STORE0010,SKU0010,2024-01-04,0,0,0
STORE0010,SKU0010,2024-01-05,0,0,0
STORE0010,SKU0010,2024-01-06,0,1,0
STORE0010,SKU0010,2024-01-07,0,1,0
STORE0010,SKU0010,2024-01-08,0,0,0
STORE0010,SKU0010,2024-01-09,0,0,0
STORE0010,SKU0010,2024-01-10,0,0,0
STORE0010,SKU0010,2024-01-11,0,0,0
STORE0010,SKU0010,2024-01-12,0,0,0
STORE0010,SKU0010,2024-01-13,0,1,0
STORE0010,SKU0010,2024-01-14,0,1,0
STORE0010,SKU0011,2024-01-01,0,0,0
STORE0010,SKU0011,2024-01-02,0,0,0
STORE0010,SKU0011,2024-01-03,0,0,0
STORE0010,SKU0011,2024-01-04,0,0,0
STORE0010,SKU0011,2024-01-05,0,0,0
STORE0010,SKU0011,2024-01-06,0,1,0
STORE0010,SKU0011,2024-01-07,0,1,0
STORE0010,SKU0011,2024-01-08,0,0,0
STORE0010,SKU0011,2024-01-09,0,0,0
STORE0010,SKU0011,2024-01-10,0,0,0
STORE0010,SKU0011,2024-01-11,0,0,0
STORE0010,SKU0011,2024-01-12,0,0,0
STORE0010,SKU0011,2024-01-13,0,1,0
STORE0010,SKU0011,2024-01-14,0,1,0
STORE0010,SKU0012,2024-01-01,0,0,0
STORE0010,SKU0012,2024-01-02,0,0,0
STORE0010,SKU0012,2024-01-03,0,0,0
STORE0010,SKU0012,2024-01-04,0,0,0
STORE0010,SKU0012,2024-01-05,0,0,0
STORE0010,SKU0012,2024-01-06,0,1,0
STORE0010,SKU0012,2024-01-07,0,1,0
STORE0010,SKU0012,2024-01-08,0,0,0
STORE0010,SKU0012,2024-01-09,0,0,0
STORE0010,SKU0012,2024-01-10,0,0,0
STORE0010,SKU0012,2024-01-11,0,0,0
STORE0010,SKU0012,2024-01-12,0,0,0
STORE0010,SKU0012,2024-01-13,0,1,0
STORE0010,SKU0012,2024-01-14,0,1,0
STORE0010,SKU0013,2024-01-01,0,0,0
STORE0010,SKU0013,2024-01-02,0,0,0
STORE0010,SKU0013,2024-01-03,0,0,0
STORE0010,SKU0013,2024-01-04,0,0,0
STORE0010,SKU0013,2024-01-05,0,0,0
STORE0010,SKU0013,2024-01-06,0,1,0
STORE0010,SKU0013,2024-01-07,0,1,0
STORE0010,SKU0013,2024-01-08,0,0,0
STORE0010,SKU0013,2024-01-09,0,0,0
STORE0010,SKU0013,2024-01-10,0,0,0
STORE0010,SKU0013,2024-01-11,0,0,0
STORE0010,SKU0013,2024-01-12,0,0,0
STORE0010,SKU0013,2024-01-13,0,1,0
STORE0010,SKU0013,2024-01-14,0,1,0
STORE0010,SKU0014,2024-01-01,0,0,0
STORE0010,SKU0014,2024-01-02,0,0,0
STORE0010,SKU0014,2024-01-03,0,0,0
STORE0010,SKU0014,2024-01-04,0,0,0
STORE0010,SKU0014,2024-01-05,0,0,0
STORE0010,SKU0014,2024-01-06,0,1,0
STORE0010,SKU0014,2024-01-07,0,1,0
STORE0010,SKU0014,2024-01-08,0,0,0
STORE0010,SKU0014,2024-01-09,0,0,0
STORE0010,SKU0014,2024-01-10,0,0,0
STORE0010,SKU0014,2024-01-11,0,0,0
STORE0010,SKU0014,2024-01-12,0,0,0
STORE0010,SKU0014,2024-01-13,0,1,0
STORE0010,SKU0014,2024-01-14,0,1,0
STORE0010,SKU0015,2024-01-01,0,0,0
STORE0010,SKU0015,2024-01-02,0,0,0
STORE0010,SKU0015,2024-01-03,0,0,0
STORE0010,SKU0015,2024-01-04,0,0,0
STORE0010,SKU0015,2024-01-05,0,0,0
STORE0010,SKU0015,2024-01-06,0,1,0
STORE0010,SKU0015,2024-01-07,0,1,0
STORE0010,SKU0015,2024-01-08,0,0,0
STORE0010,SKU0015,2024-01-09,0,0,0
STORE0010,SKU0015,2024-01-10,0,0,0
STORE0010,SKU0015,2024-01-11,0,0,0
STORE0010,SKU0015,2024-01-12,0,0,0
STORE0010,SKU0015,2024-01-13,0,1,0
STORE0010,SKU0015,2024-01-14,0,1,0
STORE0010,SKU0016,2024-01-01,0,0,0
STORE0010,SKU0016,2024-01-02,0,0,0
STORE0010,SKU0016,2024-01-03,0,0,0
STORE0010,SKU0016,2024-01-04,0,0,0
STORE0010,SKU0016,2024-01-05,0,0,0
STORE0010,SKU0016,2024-01-06,0,1,0
STORE0010,SKU0016,2024-01-07,0,1,0
STORE0010,SKU0016,2024-01-08,0,0,0
STORE0010,SKU0016,2024-01-09,0,0,0
STORE0010,SKU0016,2024-01-10,0,0,0
STORE0010,SKU0016,2024-01-11,0,0,0
STORE0010,SKU0016,2024-01-12,0,0,0
STORE0010,SKU0016,2024-01-13,0,1,0
STORE0010,SKU0016,2024-01-14,0,1,0
STORE0010,SKU0017,2024-01-01,0,0,0
STORE0010,SKU0017,2024-01-02,0,0,0
STORE0010,SKU0017,2024-01-03,0,0,0
STORE0010,SKU0017,2024-01-04,0,0,0
STORE0010,SKU0017,2024-01-05,0,0,0
STORE0010,SKU0017,2024-01-06,0,1,0
STORE0010,SKU0017,2024-01-07,0,1,0
STORE0010,SKU0017,2024-01-08,0,0,0
STORE0010,SKU0017,2024-01-09,0,0,0
STORE0010,SKU0017,2024-01-10,0,0,0
STORE0010,SKU0017,2024-01-11,0,0,0
STORE0010,SKU0017,2024-01-12,0,0,0
STORE0010,SKU0017,2024-01-13,0,1,0
STORE0010,SKU0017,2024-01-14,0,1,0
STORE0010,SKU0018,2024-01-01,0,0,0
STORE0010,SKU0018,2024-01-02,0,0,0
STORE0010,SKU0018,2024-01-03,0,0,0
STORE0010,SKU0018,2024-01-04,0,0,0
STORE0010,SKU0018,2024-01-05,0,0,0
STORE0010,SKU0018,2024-01-06,0,1,0
STORE0010,SKU0018,2024-01-07,0,1,0
STORE0010,SKU0018,2024-01-08,0,0,0
STORE0010,SKU0018,2024-01-09,0,0,0
STORE0010,SKU0018,2024-01-10,0,0,0
STORE0010,SKU0018,2024-01-11,0,0,0
STORE0010,SKU0018,2024-01-12,0,0,0
STORE0010,SKU0018,2024-01-13,0,1,0
STORE0010,SKU0018,2024-01-14,0,1,0
STORE0010,SKU0019,2024-01-01,0,0,0
STORE0010,SKU0019,2024-01-02,0,0,0
STORE0010,SKU0019,2024-01-03,0,0,0
STORE0010,SKU0019,2024-01-04,0,0,0
STORE0010,SKU0019,2024-01-05,0,0,0
STORE0010,SKU0019,2024-01-06,0,1,0
STORE0010,SKU0019,2024-01-07,0,1,0
STORE0010,SKU0019,2024-01-08,0,0,0
STORE0010,SKU0019,2024-01-09,0,0,0
STORE0010,SKU0019,2024-01-10,0,0,0
STORE0010,SKU0019,2024-01-11,0,0,0
STORE0010,SKU0019,2024-01-12,0,0,0
STORE0010,SKU0019,2024-01-13,0,1,0
STORE0010,SKU0019,2024-01-14,0,1,0
STORE0010,SKU0020,2024-01-01,0,0,0
STORE0010,SKU0020,2024-01-02,0,0,0
STORE0010,SKU0020,2024-01-03,0,0,0
STORE0010,SKU0020,2024-01-04,0,0,0
STORE0010,SKU0020,2024-01-05,0,0,0
STORE0010,SKU0020,2024-01-06,0,1,0
STORE0010,SKU0020,2024-01-07,0,1,0
STORE0010,SKU0020,2024-01-08,0,0,0
STORE0010,SKU0020,2024-01-09,0,0,0
STORE0010,SKU0020,2024-01-10,0,0,0
STORE0010,SKU0020,2024-01-11,0,0,0
STORE0010,SKU0020,2024-01-12,0,0,0
STORE0010,SKU0020,2024-01-13,0,1,0
STORE0010,SKU0020,2024-01-14,0,1,0
STORE0010,SKU0021,2024-01-01,0,0,0
STORE0010,SKU0021,2024-01-02,0,0,0
STORE0010,SKU0021,2024-01-03,0,0,0
STORE0010,SKU0021,2024-01-04,0,0,0
STORE0010,SKU0021,2024-01-05,0,0,0
STORE0010,SKU0021,2024-01-06,0,1,0
STORE0010,SKU0021,2024-01-07,0,1,0
STORE0010,SKU0021,2024-01-08,0,0,0
STORE0010,SKU0021,2024-01-09,0,0,0
STORE0010,SKU0021,2024-01-10,0,0,0
STORE0010,SKU0021,2024-01-11,0,0,0
STORE0010,SKU0021,2024-01-12,0,0,0
STORE0010,SKU0021,2024-01-13,0,1,0
STORE0010,SKU0021,2024-01-14,0,1,0
STORE0010,SKU0025,2024-01-01,0,0,0
STORE0010,SKU0025,2024-01-02,0,0,0
STORE0010,SKU0025,2024-01-03,0,0,0
STORE0010,SKU0025,2024-01-04,0,0,0
STORE0010,SKU0025,2024-01-05,0,0,0
STORE0010,SKU0025,2024-01-06,0,1,0
STORE0010,SKU0025,2024-01-07,0,1,0
STORE0010,SKU0025,2024-01-08,0,0,0
STORE0010,SKU0025,2024-01-09,0,0,0
STORE0010,SKU0025,2024-01-10,0,0,0
STORE0010,SKU0025,2024-01-11,0,0,0
STORE0010,SKU0025,2024-01-12,0,0,0
STORE0010,SKU0025,2024-01-13,0,1,0
STORE0010,SKU0025,2024-01-14,0,1,0
STORE0010,SKU0028,2024-01-01,0,0,0
STORE0010,SKU0028,2024-01-02,0,0,0
STORE0010,SKU0028,2024-01-03,0,0,0
STORE0010,SKU0028,2024-01-04,0,0,0
STORE0010,SKU0028,2024-01-05,0,0,0
STORE0010,SKU0028,2024-01-06,0,1,0
STORE0010,SKU0028,2024-01-07,0,1,0
STORE0010,SKU0028,2024-01-08,0,0,0
STORE0010,SKU0028,2024-01-09,0,0,0
STORE0010,SKU0028,2024-01-10,0,0,0
STORE0010,SKU0028,2024-01-11,0,0,0
STORE0010,SKU0028,2024-01-12,0,0,0
STORE0010,SKU0028,2024-01-13,0,1,0
STORE0010,SKU0028,2024-01-14,0,1,0
STORE0010,SKU0029,2024-01-01,0,0,0
STORE0010,SKU0029,2024-01-02,0,0,0
STORE0010,SKU0029,2024-01-03,0,0,0
STORE0010,SKU0029,2024-01-04,0,0,0
STORE0010,SKU0029,2024-01-05,0,0,0
STORE0010,SKU0029,2024-01-06,0,1,0
STORE0010,SKU0029,2024-01-07,0,1,0
STORE0010,SKU0029,2024-01-08,0,0,0
STORE0010,SKU0029,2024-01-09,0,0,0
STORE0010,SKU0029,2024-01-10,0,0,0
STORE0010,SKU0029,2024-01-11,0,0,0
STORE0010,SKU0029,2024-01-12,0,0,0
STORE0010,SKU0029,2024-01-13,0,1,0
STORE0010,SKU0029,2024-01-14,0,1,0
STORE0010,SKU0030,2024-01-01,0,0,0
STORE0010,SKU0030,2024-01-02,0,0,0
STORE0010,SKU0030,2024-01-03,0,0,0
STORE0010,SKU0030,2024-01-04,0,0,0
STORE0010,SKU0030,2024-01-05,0,0,0
STORE0010,SKU0030,2024-01-06,0,1,0
STORE0010,SKU0030,2024-01-07,0,1,0
STORE0010,SKU0030,2024-01-08,0,0,0
STORE0010,SKU0030,2024-01-09,0,0,0
STORE0010,SKU0030,2024-01-10,0,0,0
STORE0010,SKU0030,2024-01-11,0,0,0
STORE0010,SKU0030,2024-01-12,0,0,0
STORE0010,SKU0030,2024-01-13,0,1,0
STORE0010,SKU0030,2024-01-14,0,1,0
STORE0010,SKU0032,2024-01-01,0,0,0
STORE0010,SKU0032,2024-01-02,0,0,0
STORE0010,SKU0032,2024-01-03,0,0,0
STORE0010,SKU0032,2024-01-04,0,0,0
STORE0010,SKU0032,2024-01-05,0,0,0
STORE0010,SKU0032,2024-01-06,0,1,0
STORE0010,SKU0032,2024-01-07,0,1,0
STORE0010,SKU0032,2024-01-08,0,0,0
STORE0010,SKU0032,2024-01-09,0,0,0
STORE0010,SKU0032,2024-01-10,0,0,0
STORE0010,SKU0032,2024-01-11,0,0,0
STORE0010,SKU0032,2024-01-12,0,0,0
STORE0010,SKU0032,2024-01-13,0,1,0
STORE0010,SKU0032,2024-01-14,0,1,0
STORE0010,SKU0034,2024-01-01,0,0,0
STORE0010,SKU0034,2024-01-02,0,0,0
STORE0010,SKU0034,2024-01-03,0,0,0
STORE0010,SKU0034,2024-01-04,0,0,0
STORE0010,SKU0034,2024-01-05,0,0,0
STORE0010,SKU0034,2024-01-06,0,1,0
STORE0010,SKU0034,2024-01-07,0,1,0
STORE0010,SKU0034,2024-01-08,0,0,0
STORE0010,SKU0034,2024-01-09,0,0,0
STORE0010,SKU0034,2024-01-10,0,0,0
STORE0010,SKU0034,2024-01-11,0,0,0
STORE0010,SKU0034,2024-01-12,0,0,0
STORE0010,SKU0034,2024-01-13,0,1,0
STORE0010,SKU0034,2024-01-14,0,1,0
STORE0010,SKU0035,2024-01-01,0,0,0
STORE0010,SKU0035,2024-01-02,0,0,0
STORE0010,SKU0035,2024-01-03,0,0,0
STORE0010,SKU0035,2024-01-04,0,0,0
STORE0010,SKU0035,2024-01-05,0,0,0
STORE0010,SKU0035,2024-01-06,0,1,0
STORE0010,SKU0035,2024-01-07,0,1,0
STORE0010,SKU0035,2024-01-08,0,0,0
STORE0010,SKU0035,2024-01-09,0,0,0
STORE0010,SKU0035,2024-01-10,0,0,0
STORE0010,SKU0035,2024-01-11,0,0,0
STORE0010,SKU0035,2024-01-12,0,0,0
STORE0010,SKU0035,2024-01-13,0,1,0
STORE0010,SKU0035,2024-01-14,0,1,0
STORE0010,SKU0036,2024-01-01,0,0,0
STORE0010,SKU0036,2024-01-02,0,0,0
STORE0010,SKU0036,2024-01-03,0,0,0
STORE0010,SKU0036,2024-01-04,0,0,0
STORE0010,SKU0036,2024-01-05,0,0,0
STORE0010,SKU0036,2024-01-06,0,1,0
STORE0010,SKU0036,2024-01-07,0,1,0
STORE0010,SKU0036,2024-01-08,0,0,0
STORE0010,SKU0036,2024-01-09,0,0,0
STORE0010,SKU0036,2024-01-10,0,0,0
STORE0010,SKU0036,2024-01-11,0,0,0
STORE0010,SKU0036,2024-01-12,0,0,0
STORE0010,SKU0036,2024-01-13,0,1,0
STORE0010,SKU0036,2024-01-14,0,1,0
STORE0010,SKU0037,2024-01-01,0,0,0
STORE0010,SKU0037,2024-01-02,0,0,0
STORE0010,SKU0037,2024-01-03,0,0,0
STORE0010,SKU0037,2024-01-04,0,0,0
STORE0010,SKU0037,2024-01-05,0,0,0
STORE0010,SKU0037,2024-01-06,0,1,0
STORE0010,SKU0037,2024-01-07,0,1,0
STORE0010,SKU0037,2024-01-08,0,0,0
STORE0010,SKU0037,2024-01-09,0,0,0
STORE0010,SKU0037,2024-01-10,0,0,0
STORE0010,SKU0037,2024-01-11,0,0,0
STORE0010,SKU0037,2024-01-12,0,0,0
STORE0010,SKU0037,2024-01-13,0,1,0
STORE0010,SKU0037,2024-01-14,0,1,0
STORE0010,SKU0038,2024-01-01,0,0,0
STORE0010,SKU0038,2024-01-02,0,0,0
STORE0010,SKU0038,2024-01-03,0,0,0
STORE0010,SKU0038,2024-01-04,0,0,0
STORE0010,SKU0038,2024-01-05,0,0,0
STORE0010,SKU0038,2024-01-06,0,1,0
STORE0010,SKU0038,2024-01-07,0,1,0
STORE0010,SKU0038,2024-01-08,0,0,0
STORE0010,SKU0038,2024-01-09,0,0,0
STORE0010,SKU0038,2024-01-10,0,0,0
STORE0010,SKU0038,2024-01-11,0,0,0
STORE0010,SKU0038,2024-01-12,0,0,0
STORE0010,SKU0038,2024-01-13,0,1,0
STORE0010,SKU0038,2024-01-14,0,1,0
STORE0010,SKU0039,2024-01-01,0,0,0
STORE0010,SKU0039,2024-01-02,0,0,0
STORE0010,SKU0039,2024-01-03,0,0,0
STORE0010,SKU0039,2024-01-04,0,0,0
STORE0010,SKU0039,2024-01-05,0,0,0
STORE0010,SKU0039,2024-01-06,0,1,0
STORE0010,SKU0039,2024-01-07,0,1,0
STORE0010,SKU0039,2024-01-08,0,0,0
STORE0010,SKU0039,2024-01-09,0,0,0
STORE0010,SKU0039,2024-01-10,0,0,0
STORE0010,SKU0039,2024-01-11,0,0,0
STORE0010,SKU0039,2024-01-12,0,0,0
STORE0010,SKU0039,2024-01-13,0,1,0
STORE0010,SKU0039,2024-01-14,0,1,0
STORE0010,SKU0040,2024-01-01,0,0,0
STORE0010,SKU0040,2024-01-02,0,0,0
STORE0010,SKU0040,2024-01-03,0,0,0
STORE0010,SKU0040,2024-01-04,0,0,0
STORE0010,SKU0040,2024-01-05,0,0,0
STORE0010,SKU0040,2024-01-06,0,1,0
STORE0010,SKU0040,2024-01-07,0,1,0
STORE0010,SKU0040,2024-01-08,0,0,0
STORE0010,SKU0040,2024-01-09,0,0,0
STORE0010,SKU0040,2024-01-10,0,0,0
STORE0010,SKU0040,2024-01-11,0,0,0
STORE0010,SKU0040,2024-01-12,0,0,0
STORE0010,SKU0040,2024-01-13,0,1,0
STORE0010,SKU0040,2024-01-14,0,1,0
STORE0010,SKU0042,2024-01-01,0,0,0
STORE0010,SKU0042,2024-01-02,0,0,0
STORE0010,SKU0042,2024-01-03,0,0,0
STORE0010,SKU0042,2024-01-04,0,0,0
STORE0010,SKU0042,2024-01-05,0,0,0
STORE0010,SKU0042,2024-01-06,0,1,0
STORE0010,SKU0042,2024-01-07,0,1,0
STORE0010,SKU0042,2024-01-08,0,0,0
STORE0010,SKU0042,2024-01-09,0,0,0
STORE0010,SKU0042,2024-01-10,0,0,0
STORE0010,SKU0042,2024-01-11,0,0,0
STORE0010,SKU0042,2024-01-12,0,0,0
STORE0010,SKU0042,2024-01-13,0,1,0
STORE0010,SKU0042,2024-01-14,0,1,0
STORE0010,SKU0043,2024-01-01,0,0,0
STORE0010,SKU0043,2024-01-02,0,0,0
STORE0010,SKU0043,2024-01-03,0,0,0
STORE0010,SKU0043,2024-01-04,0,0,0
STORE0010,SKU0043,2024-01-05,0,0,0
STORE0010,SKU0043,2024-01-06,0,1,0
STORE0010,SKU0043,2024-01-07,0,1,0
STORE0010,SKU0043,2024-01-08,0,0,0
STORE0010,SKU0043,2024-01-09,0,0,0
STORE0010,SKU0043,2024-01-10,0,0,0
STORE0010,SKU0043,2024-01-11,0,0,0
STORE0010,SKU0043,2024-01-12,0,0,0
STORE0010,SKU0043,2024-01-13,0,1,0
STORE0010,SKU0043,2024-01-14,0,1,0
STORE0010,SKU0045,2024-01-01,0,0,0
STORE0010,SKU0045,2024-01-02,0,0,0
STORE0010,SKU0045,2024-01-03,0,0,0
STORE0010,SKU0045,2024-01-04,0,0,0
STORE0010,SKU0045,2024-01-05,0,0,0
STORE0010,SKU0045,2024-01-06,0,1,0
STORE0010,SKU0045,2024-01-07,0,1,0
STORE0010,SKU0045,2024-01-08,0,0,0
STORE0010,SKU0045,2024-01-09,0,0,0
STORE0010,SKU0045,2024-01-10,0,0,0
STORE0010,SKU0045,2024-01-11,0,0,0
STORE0010,SKU0045,2024-01-12,0,0,0
STORE0010,SKU0045,2024-01-13,0,1,0
STORE0010,SKU0045,2024-01-14,0,1,0
STORE0010,SKU0046,2024-01-01,0,0,0
STORE0010,SKU0046,2024-01-02,0,0,0
STORE0010,SKU0046,2024-01-03,0,0,0
STORE0010,SKU0046,2024-01-04,0,0,0
STORE0010,SKU0046,2024-01-05,0,0,0
STORE0010,SKU0046,2024-01-06,0,1,0
STORE0010,SKU0046,2024-01-07,0,1,0
STORE0010,SKU0046,2024-01-08,0,0,0
STORE0010,SKU0046,2024-01-09,0,0,0
STORE0010,SKU0046,2024-01-10,0,0,0
STORE0010,SKU0046,2024-01-11,0,0,0
STORE0010,SKU0046,2024-01-12,0,0,0
STORE0010,SKU0046,2024-01-13,0,1,0
STORE0010,SKU0046,2024-01-14,0,1,0
STORE0010,SKU0048,2024-01-01,0,0,0
STORE0010,SKU0048,2024-01-02,0,0,0
STORE0010,SKU0048,2024-01-03,0,0,0
STORE0010,SKU0048,2024-01-04,0,0,0
STORE0010,SKU0048,2024-01-05,0,0,0
STORE0010,SKU0048,2024-01-06,0,1,0
STORE0010,SKU0048,2024-01-07,0,1,0
STORE0010,SKU0048,2024-01-08,0,0,0
STORE0010,SKU0048,2024-01-09,0,0,0
STORE0010,SKU0048,2024-01-10,0,0,0
STORE0010,SKU0048,2024-01-11,0,0,0
STORE0010,SKU0048,2024-01-12,0,0,0
STORE0010,SKU0048,2024-01-13,0,1,0
STORE0010,SKU0048,2024-01-14,0,1,0
STORE0010,SKU0050,2024-01-01,0,0,0
STORE0010,SKU0050,2024-01-02,0,0,0
STORE0010,SKU0050,2024-01-03,0,0,0
STORE0010,SKU0050,2024-01-04,0,0,0
STORE0010,SKU0050,2024-01-05,0,0,0
STORE0010,SKU0050,2024-01-06,0,1,0
STORE0010,SKU0050,2024-01-07,0,1,0
STORE0010,SKU0050,2024-01-08,0,0,0
STORE0010,SKU0050,2024-01-09,0,0,0
STORE0010,SKU0050,2024-01-10,0,0,0
STORE0010,SKU0050,2024-01-11,0,0,0
STORE0010,SKU0050,2024-01-12,0,0,0
STORE0010,SKU0050,2024-01-13,0,1,0
STORE0010,SKU0050,2024-01-14,0,1,0
STORE0010,SKU0051,2024-01-01,0,0,0
STORE0010,SKU0051,2024-01-02,0,0,0
STORE0010,SKU0051,2024-01-03,0,0,0
STORE0010,SKU0051,2024-01-04,0,0,0
STORE0010,SKU0051,2024-01-05,0,0,0
STORE0010,SKU0051,2024-01-06,0,1,0
STORE0010,SKU0051,2024-01-07,0,1,0
STORE0010,SKU0051,2024-01-08,0,0,0
STORE0010,SKU0051,2024-01-09,0,0,0
STORE0010,SKU0051,2024-01-10,0,0,0
STORE0010,SKU0051,2024-01-11,0,0,0
STORE0010,SKU0051,2024-01-12,0,0,0
STORE0010,SKU0051,2024-01-13,0,1,0
STORE0010,SKU0051,2024-01-14,0,1,0
STORE0010,SKU0052,2024-01-01,0,0,0
STORE0010,SKU0052,2024-01-02,0,0,0
STORE0010,SKU0052,2024-01-03,0,0,0
STORE0010,SKU0052,2024-01-04,0,0,0
STORE0010,SKU0052,2024-01-05,0,0,0
STORE0010,SKU0052,2024-01-06,0,1,0
STORE0010,SKU0052,2024-01-07,0,1,0
STORE0010,SKU0052,2024-01-08,0,0,0
STORE0010,SKU0052,2024-01-09,0,0,0
STORE0010,SKU0052,2024-01-10,0,0,0
STORE0010,SKU0052,2024-01-11,0,0,0
STORE0010,SKU0052,2024-01-12,0,0,0
STORE0010,SKU0052,2024-01-13,0,1,0
STORE0010,SKU0052,2024-01-14,0,1,0
STORE0010,SKU0053,2024-01-01,0,0,0
STORE0010,SKU0053,2024-01-02,0,0,0
STORE0010,SKU0053,2024-01-03,0,0,0
STORE0010,SKU0053,2024-01-04,0,0,0
STORE0010,SKU0053,2024-01-05,0,0,0
STORE0010,SKU0053,2024-01-06,0,1,0
STORE0010,SKU0053,2024-01-07,0,1,0
STORE0010,SKU0053,2024-01-08,0,0,0
STORE0010,SKU0053,2024-01-09,0,0,0
STORE0010,SKU0053,2024-01-10,0,0,0
STORE0010,SKU0053,2024-01-11,0,0,0
STORE0010,SKU0053,2024-01-12,0,0,0
STORE0010,SKU0053,2024-01-13,0,1,0
STORE0010,SKU0053,2024-01-14,0,1,0
STORE0010,SKU0054,2024-01-01,0,0,0
STORE0010,SKU0054,2024-01-02,0,0,0
STORE0010,SKU0054,2024-01-03,0,0,0
STORE0010,SKU0054,2024-01-04,0,0,0
STORE0010,SKU0054,2024-01-05,0,0,0
STORE0010,SKU0054,2024-01-06,0,1,0
STORE0010,SKU0054,2024-01-07,0,1,0
STORE0010,SKU0054,2024-01-08,0,0,0
STORE0010,SKU0054,2024-01-09,0,0,0
STORE0010,SKU0054,2024-01-10,0,0,0
STORE0010,SKU0054,2024-01-11,0,0,0
STORE0010,SKU0054,2024-01-12,0,0,0
STORE0010,SKU0054,2024-01-13,0,1,0
STORE0010,SKU0054,2024-01-14,0,1,0
STORE0010,SKU0055,2024-01-01,0,0,0
STORE0010,SKU0055,2024-01-02,0,0,0
STORE0010,SKU0055,2024-01-03,0,0,0
STORE0010,SKU0055,2024-01-04,0,0,0
STORE0010,SKU0055,2024-01-05,0,0,0
STORE0010,SKU0055,2024-01-06,0,1,0
STORE0010,SKU0055,2024-01-07,0,1,0
STORE0010,SKU0055,2024-01-08,0,0,0
STORE0010,SKU0055,2024-01-09,0,0,0
STORE0010,SKU0055,2024-01-10,0,0,0
STORE0010,SKU0055,2024-01-11,0,0,0
STORE0010,SKU0055,2024-01-12,0,0,0
STORE0010,SKU0055,2024-01-13,0,1,0
STORE0010,SKU0055,2024-01-14,0,1,0
STORE0010,SKU0056,2024-01-01,0,0,0
STORE0010,SKU0056,2024-01-02,0,0,0
STORE0010,SKU0056,2024-01-03,0,0,0
STORE0010,SKU0056,2024-01-04,0,0,0
STORE0010,SKU0056,2024-01-05,0,0,0
STORE0010,SKU0056,2024-01-06,0,1,0
STORE0010,SKU0056,2024-01-07,0,1,0
STORE0010,SKU0056,2024-01-08,0,0,0
STORE0010,SKU0056,2024-01-09,0,0,0
STORE0010,SKU0056,2024-01-10,0,0,0
STORE0010,SKU0056,2024-01-11,0,0,0
STORE0010,SKU0056,2024-01-12,0,0,0
STORE0010,SKU0056,2024-01-13,0,1,0
STORE0010,SKU0056,2024-01-14,0,1,0
STORE0010,SKU0057,2024-01-01,0,0,0
STORE0010,SKU0057,2024-01-02,0,0,0
STORE0010,SKU0057,2024-01-03,0,0,0
STORE0010,SKU0057,2024-01-04,0,0,0
STORE0010,SKU0057,2024-01-05,0,0,0
STORE0010,SKU0057,2024-01-06,0,1,0
STORE0010,SKU0057,2024-01-07,0,1,0
STORE0010,SKU0057,2024-01-08,0,0,0
STORE0010,SKU0057,2024-01-09,0,0,0
STORE0010,SKU0057,2024-01-10,0,0,0
STORE0010,SKU0057,2024-01-11,0,0,0
STORE0010,SKU0057,2024-01-12,0,0,0
STORE0010,SKU0057,2024-01-13,0,1,0
STORE0010,SKU0057,2024-01-14,0,1,0
STORE0010,SKU0058,2024-01-01,0,0,0
STORE0010,SKU0058,2024-01-02,0,0,0
STORE0010,SKU0058,2024-01-03,0,0,0
STORE0010,SKU0058,2024-01-04,0,0,0
STORE0010,SKU0058,2024-01-05,0,0,0
STORE0010,SKU0058,2024-01-06,0,1,0
STORE0010,SKU0058,2024-01-07,0,1,0
STORE0010,SKU0058,2024-01-08,0,0,0
STORE0010,SKU0058,2024-01-09,0,0,0
STORE0010,SKU0058,2024-01-10,0,0,0
STORE0010,SKU0058,2024-01-11,0,0,0
STORE0010,SKU0058,2024-01-12,0,0,0
STORE0010,SKU0058,2024-01-13,0,1,0
STORE0010,SKU0058,2024-01-14,0,1,0
STORE0010,SKU0059,2024-01-01,0,0,0
STORE0010,SKU0059,2024-01-02,0,0,0
STORE0010,SKU0059,2024-01-03,0,0,0
STORE0010,SKU0059,2024-01-04,0,0,0
STORE0010,SKU0059,2024-01-05,0,0,0
STORE0010,SKU0059,2024-01-06,0,1,0
STORE0010,SKU0059,2024-01-07,0,1,0
STORE0010,SKU0059,2024-01-08,0,0,0
STORE0010,SKU0059,2024-01-09,0,0,0
STORE0010,SKU0059,2024-01-10,0,0,0
STORE0010,SKU0059,2024-01-11,0,0,0
STORE0010,SKU0059,2024-01-12,0,0,0
STORE0010,SKU0059,2024-01-13,0,1,0
STORE0010,SKU0059,2024-01-14,0,1,0
STORE0010,SKU0060,2024-01-01,0,0,0
STORE0010,SKU0060,2024-01-02,0,0,0
STORE0010,SKU0060,2024-01-03,0,0,0
STORE0010,SKU0060,2024-01-04,0,0,0
STORE0010,SKU0060,2024-01-05,0,0,0
STORE0010,SKU0060,2024-01-06,0,1,0
STORE0010,SKU0060,2024-01-07,0,1,0
STORE0010,SKU0060,2024-01-08,0,0,0
STORE0010,SKU0060,2024-01-09,0,0,0
STORE0010,SKU0060,2024-01-10,0,0,0
STORE0010,SKU0060,2024-01-11,0,0,0
STORE0010,SKU0060,2024-01-12,0,0,0
STORE0010,SKU0060,2024-01-13,0,1,0
STORE0010,SKU0060,2024-01-14,0,1,0
STORE0010,SKU0061,2024-01-01,0,0,0
STORE0010,SKU0061,2024-01-02,0,0,0
STORE0010,SKU0061,2024-01-03,0,0,0
STORE0010,SKU0061,2024-01-04,0,0,0
STORE0010,SKU0061,2024-01-05,0,0,0
STORE0010,SKU0061,2024-01-06,0,1,0
STORE0010,SKU0061,2024-01-07,0,1,0
STORE0010,SKU0061,2024-01-08,0,0,0
STORE0010,SKU0061,2024-01-09,0,0,0
STORE0010,SKU0061,2024-01-10,0,0,0
STORE0010,SKU0061,2024-01-11,0,0,0
STORE0010,SKU0061,2024-01-12,0,0,0
STORE0010,SKU0061,2024-01-13,0,1,0
STORE0010,SKU0061,2024-01-14,0,1,0
STORE0010,SKU0063,2024-01-01,0,0,0
STORE0010,SKU0063,2024-01-02,0,0,0
STORE0010,SKU0063,2024-01-03,0,0,0
STORE0010,SKU0063,2024-01-04,0,0,0
STORE0010,SKU0063,2024-01-05,0,0,0
STORE0010,SKU0063,2024-01-06,0,1,0
STORE0010,SKU0063,2024-01-07,0,1,0
STORE0010,SKU0063,2024-01-08,0,0,0
STORE0010,SKU0063,2024-01-09,0,0,0
STORE0010,SKU0063,2024-01-10,0,0,0
STORE0010,SKU0063,2024-01-11,0,0,0
STORE0010,SKU0063,2024-01-12,0,0,0
STORE0010,SKU0063,2024-01-13,0,1,0
STORE0010,SKU0063,2024-01-14,0,1,0
STORE0010,SKU0064,2024-01-01,0,0,0
STORE0010,SKU0064,2024-01-02,0,0,0
STORE0010,SKU0064,2024-01-03,0,0,0
STORE0010,SKU0064,2024-01-04,0,0,0
STORE0010,SKU0064,2024-01-05,0,0,0
STORE0010,SKU0064,2024-01-06,0,1,0
STORE0010,SKU0064,2024-01-07,0,1,0
STORE0010,SKU0064,2024-01-08,0,0,0
STORE0010,SKU0064,2024-01-09,0,0,0
STORE0010,SKU0064,2024-01-10,0,0,0
STORE0010,SKU0064,2024-01-11,0,0,0
STORE0010,SKU0064,2024-01-12,0,0,0
STORE0010,SKU0064,2024-01-13,0,1,0
STORE0010,SKU0064,2024-01-14,0,1,0
STORE0010,SKU0065,2024-01-01,0,0,0
STORE0010,SKU0065,2024-01-02,0,0,0
STORE0010,SKU0065,2024-01-03,0,0,0
STORE0010,SKU0065,2024-01-04,0,0,0
STORE0010,SKU0065,2024-01-05,0,0,0
STORE0010,SKU0065,2024-01-06,0,1,0
STORE0010,SKU0065,2024-01-07,0,1,0
STORE0010,SKU0065,2024-01-08,0,0,0
STORE0010,SKU0065,2024-01-09,0,0,0
STORE0010,SKU0065,2024-01-10,0,0,0
STORE0010,SKU0065,2024-01-11,0,0,0
STORE0010,SKU0065,2024-01-12,0,0,0
STORE0010,SKU0065,2024-01-13,0,1,0
STORE0010,SKU0065,2024-01-14,0,1,0
STORE0010,SKU0067,2024-01-01,0,0,0
STORE0010,SKU0067,2024-01-02,0,0,0
STORE0010,SKU0067,2024-01-03,0,0,0
STORE0010,SKU0067,2024-01-04,0,0,0
STORE0010,SKU0067,2024-01-05,0,0,0
STORE0010,SKU0067,2024-01-06,0,1,0
STORE0010,SKU0067,2024-01-07,0,1,0
STORE0010,SKU0067,2024-01-08,0,0,0
STORE0010,SKU0067,2024-01-09,0,0,0
STORE0010,SKU0067,2024-01-10,0,0,0
STORE0010,SKU0067,2024-01-11,0,0,0
STORE0010,SKU0067,2024-01-12,0,0,0
STORE0010,SKU0067,2024-01-13,0,1,0
STORE0010,SKU0067,2024-01-14,0,1,0
STORE0010,SKU0068,2024-01-01,0,0,0
STORE0010,SKU0068,2024-01-02,0,0,0
STORE0010,SKU0068,2024-01-03,0,0,0
STORE0010,SKU0068,2024-01-04,0,0,0
STORE0010,SKU0068,2024-01-05,0,0,0
STORE0010,SKU0068,2024-01-06,0,1,0
STORE0010,SKU0068,2024-01-07,0,1,0
STORE0010,SKU0068,2024-01-08,0,0,0
STORE0010,SKU0068,2024-01-09,0,0,0
STORE0010,SKU0068,2024-01-10,0,0,0
STORE0010,SKU0068,2024-01-11,0,0,0
STORE0010,SKU0068,2024-01-12,0,0,0
STORE0010,SKU0068,2024-01-13,0,1,0
STORE0010,SKU0068,2024-01-14,0,1,0
STORE0010,SKU0069,2024-01-01,0,0,0
STORE0010,SKU0069,2024-01-02,0,0,0
STORE0010,SKU0069,2024-01-03,0,0,0
STORE0010,SKU0069,2024-01-04,0,0,0
STORE0010,SKU0069,2024-01-05,0,0,0
STORE0010,SKU0069,2024-01-06,0,1,0
STORE0010,SKU0069,2024-01-07,0,1,0
STORE0010,SKU0069,2024-01-08,0,0,0
STORE0010,SKU0069,2024-01-09,0,0,0
STORE0010,SKU0069,2024-01-10,0,0,0
STORE0010,SKU0069,2024-01-11,0,0,0
STORE0010,SKU0069,2024-01-12,0,0,0
STORE0010,SKU0069,2024-01-13,0,1,0
STORE0010,SKU0069,2024-01-14,0,1,0
STORE0010,SKU0070,2024-01-01,0,0,0
STORE0010,SKU0070,2024-01-02,0,0,0
STORE0010,SKU0070,2024-01-03,0,0,0
STORE0010,SKU0070,2024-01-04,0,0,0
STORE0010,SKU0070,2024-01-05,0,0,0
STORE0010,SKU0070,2024-01-06,0,1,0
STORE0010,SKU0070,2024-01-07,0,1,0
STORE0010,SKU0070,2024-01-08,0,0,0
STORE0010,SKU0070,2024-01-09,0,0,0
STORE0010,SKU0070,2024-01-10,0,0,0
STORE0010,SKU0070,2024-01-11,0,0,0
STORE0010,SKU0070,2024-01-12,0,0,0
STORE0010,SKU0070,2024-01-13,0,1,0
STORE0010,SKU0070,2024-01-14,0,1,0
STORE0010,SKU0073,2024-01-01,0,0,0
STORE0010,SKU0073,2024-01-02,0,0,0
STORE0010,SKU0073,2024-01-03,0,0,0
STORE0010,SKU0073,2024-01-04,0,0,0
STORE0010,SKU0073,2024-01-05,0,0,0
STORE0010,SKU0073,2024-01-06,0,1,0
STORE0010,SKU0073,2024-01-07,0,1,0
STORE0010,SKU0073,2024-01-08,0,0,0
STORE0010,SKU0073,2024-01-09,0,0,0
STORE0010,SKU0073,2024-01-10,0,0,0
STORE0010,SKU0073,2024-01-11,0,0,0
STORE0010,SKU0073,2024-01-12,0,0,0
STORE0010,SKU0073,2024-01-13,0,1,0
STORE0010,SKU0073,2024-01-14,0,1,0
STORE0010,SKU0074,2024-01-01,0,0,0
STORE0010,SKU0074,2024-01-02,0,0,0
STORE0010,SKU0074,2024-01-03,0,0,0
STORE0010,SKU0074,2024-01-04,0,0,0
STORE0010,SKU0074,2024-01-05,0,0,0
STORE0010,SKU0074,2024-01-06,0,1,0
STORE0010,SKU0074,2024-01-07,0,1,0
STORE0010,SKU0074,2024-01-08,0,0,0
STORE0010,SKU0074,2024-01-09,0,0,0
STORE0010,SKU0074,2024-01-10,0,0,0
STORE0010,SKU0074,2024-01-11,0,0,0
STORE0010,SKU0074,2024-01-12,0,0,0
STORE0010,SKU0074,2024-01-13,0,1,0
STORE0010,SKU0074,2024-01-14,0,1,0
STORE0010,SKU0075,2024-01-01,0,0,0
STORE0010,SKU0075,2024-01-02,0,0,0
STORE0010,SKU0075,2024-01-03,0,0,0
STORE0010,SKU0075,2024-01-04,0,0,0
STORE0010,SKU0075,2024-01-05,0,0,0
STORE0010,SKU0075,2024-01-06,0,1,0
STORE0010,SKU0075,2024-01-07,0,1,0
STORE0010,SKU0075,2024-01-08,0,0,0
STORE0010,SKU0075,2024-01-09,0,0,0
STORE0010,SKU0075,2024-01-10,0,0,0
STORE0010,SKU0075,2024-01-11,0,0,0
STORE0010,SKU0075,2024-01-12,0,0,0
STORE0010,SKU0075,2024-01-13,0,1,0
STORE0010,SKU0075,2024-01-14,0,1,0
STORE0010,SKU0076,2024-01-01,0,0,0
STORE0010,SKU0076,2024-01-02,0,0,0
STORE0010,SKU0076,2024-01-03,0,0,0
STORE0010,SKU0076,2024-01-04,0,0,0
STORE0010,SKU0076,2024-01-05,0,0,0
STORE0010,SKU0076,2024-01-06,0,1,0
STORE0010,SKU0076,2024-01-07,0,1,0
STORE0010,SKU0076,2024-01-08,0,0,0
STORE0010,SKU0076,2024-01-09,0,0,0
STORE0010,SKU0076,2024-01-10,0,0,0
STORE0010,SKU0076,2024-01-11,0,0,0
STORE0010,SKU0076,2024-01-12,0,0,0
STORE0010,SKU0076,2024-01-13,0,1,0
STORE0010,SKU0076,2024-01-14,0,1,0
STORE0010,SKU0077,2024-01-01,0,0,0
STORE0010,SKU0077,2024-01-02,0,0,0
STORE0010,SKU0077,2024-01-03,0,0,0
STORE0010,SKU0077,2024-01-04,0,0,0
STORE0010,SKU0077,2024-01-05,0,0,0
STORE0010,SKU0077,2024-01-06,0,1,0
STORE0010,SKU0077,2024-01-07,0,1,0
STORE0010,SKU0077,2024-01-08,0,0,0
STORE0010,SKU0077,2024-01-09,0,0,0
STORE0010,SKU0077,2024-01-10,0,0,0
STORE0010,SKU0077,2024-01-11,0,0,0
STORE0010,SKU0077,2024-01-12,0,0,0
STORE0010,SKU0077,2024-01-13,0,1,0
STORE0010,SKU0077,2024-01-14,0,1,0
STORE0010,SKU0078,2024-01-01,0,0,0
STORE0010,SKU0078,2024-01-02,0,0,0
STORE0010,SKU0078,2024-01-03,0,0,0
STORE0010,SKU0078,2024-01-04,0,0,0
STORE0010,SKU0078,2024-01-05,0,0,0
STORE0010,SKU0078,2024-01-06,0,1,0
STORE0010,SKU0078,2024-01-07,0,1,0
STORE0010,SKU0078,2024-01-08,0,0,0
STORE0010,SKU0078,2024-01-09,0,0,0
STORE0010,SKU0078,2024-01-10,0,0,0
STORE0010,SKU0078,2024-01-11,0,0,0
STORE0010,SKU0078,2024-01-12,0,0,0
STORE0010,SKU0078,2024-01-13,0,1,0
STORE0010,SKU0078,2024-01-14,0,1,0
STORE0010,SKU0079,2024-01-01,0,0,0
STORE0010,SKU0079,2024-01-02,0,0,0
STORE0010,SKU0079,2024-01-03,0,0,0
STORE0010,SKU0079,2024-01-04,0,0,0
STORE0010,SKU0079,2024-01-05,0,0,0
STORE0010,SKU0079,2024-01-06,0,1,0
STORE0010,SKU0079,2024-01-07,0,1,0
STORE0010,SKU0079,2024-01-08,0,0,0
STORE0010,SKU0079,2024-01-09,0,0,0
STORE0010,SKU0079,2024-01-10,0,0,0
STORE0010,SKU0079,2024-01-11,0,0,0
STORE0010,SKU0079,2024-01-12,0,0,0
STORE0010,SKU0079,2024-01-13,0,1,0
STORE0010,SKU0079,2024-01-14,0,1,0
STORE0010,SKU0080,2024-01-01,0,0,0
STORE0010,SKU0080,2024-01-02,0,0,0
STORE0010,SKU0080,2024-01-03,0,0,0
STORE0010,SKU0080,2024-01-04,0,0,0
STORE0010,SKU0080,2024-01-05,0,0,0
STORE0010,SKU0080,2024-01-06,0,1,0
STORE0010,SKU0080,2024-01-07,0,1,0
STORE0010,SKU0080,2024-01-08,0,0,0
STORE0010,SKU0080,2024-01-09,0,0,0
STORE0010,SKU0080,2024-01-10,0,0,0
STORE0010,SKU0080,2024-01-11,0,0,0
STORE0010,SKU0080,2024-01-12,0,0,0
STORE0010,SKU0080,2024-01-13,0,1,0
STORE0010,SKU0080,2024-01-14,0,1,0
STORE0010,SKU0081,2024-01-01,0,0,0
STORE0010,SKU0081,2024-01-02,0,0,0
STORE0010,SKU0081,2024-01-03,0,0,0
STORE0010,SKU0081,2024-01-04,0,0,0
STORE0010,SKU0081,2024-01-05,0,0,0
STORE0010,SKU0081,2024-01-06,0,1,0
STORE0010,SKU0081,2024-01-07,0,1,0
STORE0010,SKU0081,2024-01-08,0,0,0
STORE0010,SKU0081,2024-01-09,0,0,0
STORE0010,SKU0081,2024-01-10,0,0,0
STORE0010,SKU0081,2024-01-11,0,0,0
STORE0010,SKU0081,2024-01-12,0,0,0
STORE0010,SKU0081,2024-01-13,0,1,0
STORE0010,SKU0081,2024-01-14,0,1,0
STORE0010,SKU0083,2024-01-01,0,0,0
STORE0010,SKU0083,2024-01-02,0,0,0
STORE0010,SKU0083,2024-01-03,0,0,0
STORE0010,SKU0083,2024-01-04,0,0,0
STORE0010,SKU0083,2024-01-05,0,0,0
STORE0010,SKU0083,2024-01-06,0,1,0
STORE0010,SKU0083,2024-01-07,0,1,0
STORE0010,SKU0083,2024-01-08,0,0,0
STORE0010,SKU0083,2024-01-09,0,0,0
STORE0010,SKU0083,2024-01-10,0,0,0
STORE0010,SKU0083,2024-01-11,0,0,0
STORE0010,SKU0083,2024-01-12,0,0,0
STORE0010,SKU0083,2024-01-13,0,1,0
STORE0010,SKU0083,2024-01-14,0,1,0
STORE0010,SKU0084,2024-01-01,0,0,0
STORE0010,SKU0084,2024-01-02,0,0,0
STORE0010,SKU0084,2024-01-03,0,0,0
STORE0010,SKU0084,2024-01-04,0,0,0
STORE0010,SKU0084,2024-01-05,0,0,0
STORE0010,SKU0084,2024-01-06,0,1,0
STORE0010,SKU0084,2024-01-07,0,1,0
STORE0010,SKU0084,2024-01-08,0,0,0
STORE0010,SKU0084,2024-01-09,0,0,0
STORE0010,SKU0084,2024-01-10,0,0,0
STORE0010,SKU0084,2024-01-11,0,0,0
STORE0010,SKU0084,2024-01-12,0,0,0
STORE0010,SKU0084,2024-01-13,0,1,0
STORE0010,SKU0084,2024-01-14,0,1,0
STORE0010,SKU0085,2024-01-01,0,0,0
STORE0010,SKU0085,2024-01-02,0,0,0
STORE0010,SKU0085,2024-01-03,0,0,0
STORE0010,SKU0085,2024-01-04,0,0,0
STORE0010,SKU0085,2024-01-05,0,0,0
STORE0010,SKU0085,2024-01-06,0,1,0
STORE0010,SKU0085,2024-01-07,0,1,0
STORE0010,SKU0085,2024-01-08,0,0,0
STORE0010,SKU0085,2024-01-09,0,0,0
STORE0010,SKU0085,2024-01-10,0,0,0
STORE0010,SKU0085,2024-01-11,0,0,0
STORE0010,SKU0085,2024-01-12,0,0,0
STORE0010,SKU0085,2024-01-13,0,1,0
STORE0010,SKU0085,2024-01-14,0,1,0
STORE0010,SKU0086,2024-01-01,0,0,0
STORE0010,SKU0086,2024-01-02,0,0,0
STORE0010,SKU0086,2024-01-03,0,0,0
STORE0010,SKU0086,2024-01-04,0,0,0
STORE0010,SKU0086,2024-01-05,0,0,0
STORE0010,SKU0086,2024-01-06,0,1,0
STORE0010,SKU0086,2024-01-07,0,1,0
STORE0010,SKU0086,2024-01-08,0,0,0
STORE0010,SKU0086,2024-01-09,0,0,0
STORE0010,SKU0086,2024-01-10,0,0,0
STORE0010,SKU0086,2024-01-11,0,0,0
STORE0010,SKU0086,2024-01-12,0,0,0
STORE0010,SKU0086,2024-01-13,0,1,0
STORE0010,SKU0086,2024-01-14,0,1,0
STORE0010,SKU0087,2024-01-01,0,0,0
STORE0010,SKU0087,2024-01-02,0,0,0
STORE0010,SKU0087,2024-01-03,0,0,0
STORE0010,SKU0087,2024-01-04,0,0,0
STORE0010,SKU0087,2024-01-05,0,0,0
STORE0010,SKU0087,2024-01-06,0,1,0
STORE0010,SKU0087,2024-01-07,0,1,0
STORE0010,SKU0087,2024-01-08,0,0,0
STORE0010,SKU0087,2024-01-09,0,0,0
STORE0010,SKU0087,2024-01-10,0,0,0
STORE0010,SKU0087,2024-01-11,0,0,0
STORE0010,SKU0087,2024-01-12,0,0,0
STORE0010,SKU0087,2024-01-13,0,1,0
STORE0010,SKU0087,2024-01-14,0,1,0
STORE0010,SKU0088,2024-01-01,0,0,0
STORE0010,SKU0088,2024-01-02,0,0,0
STORE0010,SKU0088,2024-01-03,0,0,0
STORE0010,SKU0088,2024-01-04,0,0,0
STORE0010,SKU0088,2024-01-05,0,0,0
STORE0010,SKU0088,2024-01-06,0,1,0
STORE0010,SKU0088,2024-01-07,0,1,0
STORE0010,SKU0088,2024-01-08,0,0,0
STORE0010,SKU0088,2024-01-09,0,0,0
STORE0010,SKU0088,2024-01-10,0,0,0
STORE0010,SKU0088,2024-01-11,0,0,0
STORE0010,SKU0088,2024-01-12,0,0,0
STORE0010,SKU0088,2024-01-13,0,1,0
STORE0010,SKU0088,2024-01-14,0,1,0
STORE0010,SKU0089,2024-01-01,0,0,0
STORE0010,SKU0089,2024-01-02,0,0,0
STORE0010,SKU0089,2024-01-03,0,0,0
STORE0010,SKU0089,2024-01-04,0,0,0
STORE0010,SKU0089,2024-01-05,0,0,0
STORE0010,SKU0089,2024-01-06,0,1,0
STORE0010,SKU0089,2024-01-07,0,1,0
STORE0010,SKU0089,2024-01-08,0,0,0
STORE0010,SKU0089,2024-01-09,0,0,0
STORE0010,SKU0089,2024-01-10,0,0,0
STORE0010,SKU0089,2024-01-11,0,0,0
STORE0010,SKU0089,2024-01-12,0,0,0
STORE0010,SKU0089,2024-01-13,0,1,0
STORE0010,SKU0089,2024-01-14,0,1,0
STORE0010,SKU0090,2024-01-01,0,0,0
STORE0010,SKU0090,2024-01-02,0,0,0
STORE0010,SKU0090,2024-01-03,0,0,0
STORE0010,SKU0090,2024-01-04,0,0,0
STORE0010,SKU0090,2024-01-05,0,0,0
STORE0010,SKU0090,2024-01-06,0,1,0
STORE0010,SKU0090,2024-01-07,0,1,0
STORE0010,SKU0090,2024-01-08,0,0,0
STORE0010,SKU0090,2024-01-09,0,0,0
STORE0010,SKU0090,2024-01-10,0,0,0
STORE0010,SKU0090,2024-01-11,0,0,0
STORE0010,SKU0090,2024-01-12,0,0,0
STORE0010,SKU0090,2024-01-13,0,1,0
STORE0010,SKU0090,2024-01-14,0,1,0
STORE0010,SKU0092,2024-01-01,0,0,0
STORE0010,SKU0092,2024-01-02,0,0,0
STORE0010,SKU0092,2024-01-03,0,0,0
STORE0010,SKU0092,2024-01-04,0,0,0
STORE0010,SKU0092,2024-01-05,0,0,0
STORE0010,SKU0092,2024-01-06,0,1,0
STORE0010,SKU0092,2024-01-07,0,1,0
STORE0010,SKU0092,2024-01-08,0,0,0
STORE0010,SKU0092,2024-01-09,0,0,0
STORE0010,SKU0092,2024-01-10,0,0,0
STORE0010,SKU0092,2024-01-11,0,0,0
STORE0010,SKU0092,2024-01-12,0,0,0
STORE0010,SKU0092,2024-01-13,0,1,0
STORE0010,SKU0092,2024-01-14,0,1,0
STORE0010,SKU0094,2024-01-01,0,0,0
STORE0010,SKU0094,2024-01-02,0,0,0
STORE0010,SKU0094,2024-01-03,0,0,0
STORE0010,SKU0094,2024-01-04,0,0,0
STORE0010,SKU0094,2024-01-05,0,0,0
STORE0010,SKU0094,2024-01-06,0,1,0
STORE0010,SKU0094,2024-01-07,0,1,0
STORE0010,SKU0094,2024-01-08,0,0,0
STORE0010,SKU0094,2024-01-09,0,0,0
STORE0010,SKU0094,2024-01-10,0,0,0
STORE0010,SKU0094,2024-01-11,0,0,0
STORE0010,SKU0094,2024-01-12,0,0,0
STORE0010,SKU0094,2024-01-13,0,1,0
STORE0010,SKU0094,2024-01-14,0,1,0
STORE0010,SKU0095,2024-01-01,0,0,0
STORE0010,SKU0095,2024-01-02,0,0,0
STORE0010,SKU0095,2024-01-03,0,0,0
STORE0010,SKU0095,2024-01-04,0,0,0
STORE0010,SKU0095,2024-01-05,0,0,0
STORE0010,SKU0095,2024-01-06,0,1,0
STORE0010,SKU0095,2024-01-07,0,1,0
STORE0010,SKU0095,2024-01-08,0,0,0
STORE0010,SKU0095,2024-01-09,0,0,0
STORE0010,SKU0095,2024-01-10,0,0,0
STORE0010,SKU0095,2024-01-11,0,0,0
STORE0010,SKU0095,2024-01-12,0,0,0
STORE0010,SKU0095,2024-01-13,0,1,0
STORE0010,SKU0095,2024-01-14,0,1,0
STORE0010,SKU0096,2024-01-01,0,0,0
STORE0010,SKU0096,2024-01-02,0,0,0
STORE0010,SKU0096,2024-01-03,0,0,0
STORE0010,SKU0096,2024-01-04,0,0,0
STORE0010,SKU0096,2024-01-05,0,0,0
STORE0010,SKU0096,2024-01-06,0,1,0
STORE0010,SKU0096,2024-01-07,0,1,0
STORE0010,SKU0096,2024-01-08,0,0,0
STORE0010,SKU0096,2024-01-09,0,0,0
STORE0010,SKU0096,2024-01-10,0,0,0
STORE0010,SKU0096,2024-01-11,0,0,0
STORE0010,SKU0096,2024-01-12,0,0,0
STORE0010,SKU0096,2024-01-13,0,1,0
STORE0010,SKU0096,2024-01-14,0,1,0
STORE0010,SKU0097,2024-01-01,0,0,0
STORE0010,SKU0097,2024-01-02,0,0,0
STORE0010,SKU0097,2024-01-03,0,0,0
STORE0010,SKU0097,2024-01-04,0,0,0
STORE0010,SKU0097,2024-01-05,0,0,0
STORE0010,SKU0097,2024-01-06,0,1,0
STORE0010,SKU0097,2024-01-07,0,1,0
STORE0010,SKU0097,2024-01-08,0,0,0
STORE0010,SKU0097,2024-01-09,0,0,0
STORE0010,SKU0097,2024-01-10,0,0,0
STORE0010,SKU0097,2024-01-11,0,0,0
STORE0010,SKU0097,2024-01-12,0,0,0
STORE0010,SKU0097,2024-01-13,0,1,0
STORE0010,SKU0097,2024-01-14,0,1,0
STORE0010,SKU0098,2024-01-01,0,0,0
STORE0010,SKU0098,2024-01-02,0,0,0
STORE0010,SKU0098,2024-01-03,0,0,0
STORE0010,SKU0098,2024-01-04,0,0,0
STORE0010,SKU0098,2024-01-05,0,0,0
STORE0010,SKU0098,2024-01-06,0,1,0
STORE0010,SKU0098,2024-01-07,0,1,0
STORE0010,SKU0098,2024-01-08,0,0,0
STORE0010,SKU0098,2024-01-09,0,0,0
STORE0010,SKU0098,2024-01-10,0,0,0
STORE0010,SKU0098,2024-01-11,0,0,0
STORE0010,SKU0098,2024-01-12,0,0,0
STORE0010,SKU0098,2024-01-13,0,1,0
STORE0010,SKU0098,2024-01-14,0,1,0
STORE0010,SKU0099,2024-01-01,0,0,0
STORE0010,SKU0099,2024-01-02,0,0,0
STORE0010,SKU0099,2024-01-03,0,0,0
STORE0010,SKU0099,2024-01-04,0,0,0
STORE0010,SKU0099,2024-01-05,0,0,0
STORE0010,SKU0099,2024-01-06,0,1,0
STORE0010,SKU0099,2024-01-07,0,1,0
STORE0010,SKU0099,2024-01-08,0,0,0
STORE0010,SKU0099,2024-01-09,0,0,0
STORE0010,SKU0099,2024-01-10,0,0,0
STORE0010,SKU0099,2024-01-11,0,0,0
STORE0010,SKU0099,2024-01-12,0,0,0
STORE0010,SKU0099,2024-01-13,0,1,0
STORE0010,SKU0099,2024-01-14,0,1,0
STORE0010,SKU0100,2024-01-01,0,0,0
STORE0010,SKU0100,2024-01-02,0,0,0
STORE0010,SKU0100,2024-01-03,0,0,0
STORE0010,SKU0100,2024-01-04,0,0,0
STORE0010,SKU0100,2024-01-05,0,0,0
STORE0010,SKU0100,2024-01-06,0,1,0
STORE0010,SKU0100,2024-01-07,0,1,0
STORE0010,SKU0100,2024-01-08,0,0,0
STORE0010,SKU0100,2024-01-09,0,0,0
STORE0010,SKU0100,2024-01-10,0,0,0
STORE0010,SKU0100,2024-01-11,0,0,0
STORE0010,SKU0100,2024-01-12,0,0,0
STORE0010,SKU0100,2024-01-13,0,1,0
STORE0010,SKU0100,2024-01-14,0,1,0
STORE0010,SKU0101,2024-01-01,0,0,0
STORE0010,SKU0101,2024-01-02,0,0,0
STORE0010,SKU0101,2024-01-03,0,0,0
STORE0010,SKU0101,2024-01-04,0,0,0
STORE0010,SKU0101,2024-01-05,0,0,0
STORE0010,SKU0101,2024-01-06,0,1,0
STORE0010,SKU0101,2024-01-07,0,1,0
STORE0010,SKU0101,2024-01-08,0,0,0
STORE0010,SKU0101,2024-01-09,0,0,0
STORE0010,SKU0101,2024-01-10,0,0,0
STORE0010,SKU0101,2024-01-11,0,0,0
STORE0010,SKU0101,2024-01-12,0,0,0
STORE0010,SKU0101,2024-01-13,0,1,0
STORE0010,SKU0101,2024-01-14,0,1,0
STORE0010,SKU0102,2024-01-01,0,0,0
STORE0010,SKU0102,2024-01-02,0,0,0
STORE0010,SKU0102,2024-01-03,0,0,0
STORE0010,SKU0102,2024-01-04,0,0,0
STORE0010,SKU0102,2024-01-05,0,0,0
STORE0010,SKU0102,2024-01-06,0,1,0
STORE0010,SKU0102,2024-01-07,0,1,0
STORE0010,SKU0102,2024-01-08,0,0,0
STORE0010,SKU0102,2024-01-09,0,0,0
STORE0010,SKU0102,2024-01-10,0,0,0
STORE0010,SKU0102,2024-01-11,0,0,0
STORE0010,SKU0102,2024-01-12,0,0,0
STORE0010,SKU0102,2024-01-13,0,1,0
STORE0010,SKU0102,2024-01-14,0,1,0
STORE0011,SKU0001,2024-01-01,0,0,0
STORE0011,SKU0001,2024-01-02,0,0,0
STORE0011,SKU0001,2024-01-03,0,0,0
STORE0011,SKU0001,2024-01-04,0,0,0
STORE0011,SKU0001,2024-01-05,0,0,0
STORE0011,SKU0001,2024-01-06,0,1,0
STORE0011,SKU0001,2024-01-07,0,1,0
STORE0011,SKU0001,2024-01-08,0,0,0
STORE0011,SKU0001,2024-01-09,0,0,0
STORE0011,SKU0001,2024-01-10,0,0,0
STORE0011,SKU0001,2024-01-11,0,0,0
STORE0011,SKU0001,2024-01-12,0,0,0
STORE0011,SKU0001,2024-01-13,0,1,0
STORE0011,SKU0001,2024-01-14,0,1,0
STORE0011,SKU0002,2024-01-01,0,0,0
STORE0011,SKU0002,2024-01-02,0,0,0
STORE0011,SKU0002,2024-01-03,0,0,0
STORE0011,SKU0002,2024-01-04,0,0,0
STORE0011,SKU0002,2024-01-05,0,0,0
STORE0011,SKU0002,2024-01-06,0,1,0
STORE0011,SKU0002,2024-01-07,0,1,0
STORE0011,SKU0002,2024-01-08,0,0,0
STORE0011,SKU0002,2024-01-09,0,0,0
STORE0011,SKU0002,2024-01-10,0,0,0
STORE0011,SKU0002,2024-01-11,0,0,0
STORE0011,SKU0002,2024-01-12,0,0,0
STORE0011,SKU0002,2024-01-13,0,1,0
STORE0011,SKU0002,2024-01-14,0,1,0
STORE0011,SKU0003,2024-01-01,0,0,0
STORE0011,SKU0003,2024-01-02,0,0,0
STORE0011,SKU0003,2024-01-03,0,0,0
STORE0011,SKU0003,2024-01-04,0,0,0
STORE0011,SKU0003,2024-01-05,0,0,0
STORE0011,SKU0003,2024-01-06,0,1,0
STORE0011,SKU0003,2024-01-07,0,1,0
STORE0011,SKU0003,2024-01-08,0,0,0
STORE0011,SKU0003,2024-01-09,0,0,0
STORE0011,SKU0003,2024-01-10,0,0,0
STORE0011,SKU0003,2024-01-11,0,0,0
STORE0011,SKU0003,2024-01-12,0,0,0
STORE0011,SKU0003,2024-01-13,0,1,0
STORE0011,SKU0003,2024-01-14,0,1,0
STORE0011,SKU0004,2024-01-01,0,0,0
STORE0011,SKU0004,2024-01-02,0,0,0
STORE0011,SKU0004,2024-01-03,0,0,0
STORE0011,SKU0004,2024-01-04,0,0,0
STORE0011,SKU0004,2024-01-05,0,0,0
STORE0011,SKU0004,2024-01-06,0,1,0
STORE0011,SKU0004,2024-01-07,0,1,0
STORE0011,SKU0004,2024-01-08,0,0,0
STORE0011,SKU0004,2024-01-09,0,0,0
STORE0011,SKU0004,2024-01-10,0,0,0
STORE0011,SKU0004,2024-01-11,0,0,0
STORE0011,SKU0004,2024-01-12,0,0,0
STORE0011,SKU0004,2024-01-13,0,1,0
STORE0011,SKU0004,2024-01-14,0,1,0
STORE0011,SKU0005,2024-01-01,0,0,0
STORE0011,SKU0005,2024-01-02,0,0,0
STORE0011,SKU0005,2024-01-03,0,0,0
STORE0011,SKU0005,2024-01-04,0,0,0
STORE0011,SKU0005,2024-01-05,0,0,0
STORE0011,SKU0005,2024-01-06,0,1,0
STORE0011,SKU0005,2024-01-07,0,1,0
STORE0011,SKU0005,2024-01-08,0,0,0
STORE0011,SKU0005,2024-01-09,0,0,0
STORE0011,SKU0005,2024-01-10,0,0,0
STORE0011,SKU0005,2024-01-11,0,0,0
STORE0011,SKU0005,2024-01-12,0,0,0
STORE0011,SKU0005,2024-01-13,0,1,0
STORE0011,SKU0005,2024-01-14,0,1,0
STORE0011,SKU0006,2024-01-01,0,0,0
STORE0011,SKU0006,2024-01-02,0,0,0
STORE0011,SKU0006,2024-01-03,0,0,0
STORE0011,SKU0006,2024-01-04,0,0,0
STORE0011,SKU0006,2024-01-05,0,0,0
STORE0011,SKU0006,2024-01-06,0,1,0
STORE0011,SKU0006,2024-01-07,0,1,0
STORE0011,SKU0006,2024-01-08,0,0,0
STORE0011,SKU0006,2024-01-09,0,0,0
STORE0011,SKU0006,2024-01-10,0,0,0
STORE0011,SKU0006,2024-01-11,0,0,0
STORE0011,SKU0006,2024-01-12,0,0,0
STORE0011,SKU0006,2024-01-13,0,1,0
STORE0011,SKU0006,2024-01-14,0,1,0
STORE0011,SKU0007,2024-01-01,0,0,0
STORE0011,SKU0007,2024-01-02,0,0,0
STORE0011,SKU0007,2024-01-03,0,0,0
STORE0011,SKU0007,2024-01-04,0,0,0
STORE0011,SKU0007,2024-01-05,0,0,0
STORE0011,SKU0007,2024-01-06,0,1,0
STORE0011,SKU0007,2024-01-07,0,1,0
STORE0011,SKU0007,2024-01-08,0,0,0
STORE0011,SKU0007,2024-01-09,0,0,0
STORE0011,SKU0007,2024-01-10,0,0,0
STORE0011,SKU0007,2024-01-11,0,0,0
STORE0011,SKU0007,2024-01-12,0,0,0
STORE0011,SKU0007,2024-01-13,0,1,0
STORE0011,SKU0007,2024-01-14,0,1,0
STORE0011,SKU0009,2024-01-01,0,0,0
STORE0011,SKU0009,2024-01-02,0,0,0
STORE0011,SKU0009,2024-01-03,0,0,0
STORE0011,SKU0009,2024-01-04,0,0,0
STORE0011,SKU0009,2024-01-05,0,0,0
STORE0011,SKU0009,2024-01-06,0,1,0
STORE0011,SKU0009,2024-01-07,0,1,0
STORE0011,SKU0009,2024-01-08,0,0,0
STORE0011,SKU0009,2024-01-09,0,0,0
STORE0011,SKU0009,2024-01-10,0,0,0
STORE0011,SKU0009,2024-01-11,0,0,0
STORE0011,SKU0009,2024-01-12,0,0,0
STORE0011,SKU0009,2024-01-13,0,1,0
STORE0011,SKU0009,2024-01-14,0,1,0
STORE0011,SKU0012,2024-01-01,0,0,0
STORE0011,SKU0012,2024-01-02,0,0,0
STORE0011,SKU0012,2024-01-03,0,0,0
STORE0011,SKU0012,2024-01-04,0,0,0
STORE0011,SKU0012,2024-01-05,0,0,0
STORE0011,SKU0012,2024-01-06,0,1,0
STORE0011,SKU0012,2024-01-07,0,1,0
STORE0011,SKU0012,2024-01-08,0,0,0
STORE0011,SKU0012,2024-01-09,0,0,0
STORE0011,SKU0012,2024-01-10,0,0,0
STORE0011,SKU0012,2024-01-11,0,0,0
STORE0011,SKU0012,2024-01-12,0,0,0
STORE0011,SKU0012,2024-01-13,0,1,0
STORE0011,SKU0012,2024-01-14,0,1,0
STORE0011,SKU0014,2024-01-01,0,0,0
STORE0011,SKU0014,2024-01-02,0,0,0
STORE0011,SKU0014,2024-01-03,0,0,0
STORE0011,SKU0014,2024-01-04,0,0,0
STORE0011,SKU0014,2024-01-05,0,0,0
STORE0011,SKU0014,2024-01-06,0,1,0
STORE0011,SKU0014,2024-01-07,0,1,0
STORE0011,SKU0014,2024-01-08,0,0,0
STORE0011,SKU0014,2024-01-09,0,0,0
STORE0011,SKU0014,2024-01-10,0,0,0
STORE0011,SKU0014,2024-01-11,0,0,0
STORE0011,SKU0014,2024-01-12,0,0,0
STORE0011,SKU0014,2024-01-13,0,1,0
STORE0011,SKU0014,2024-01-14,0,1,0
STORE0011,SKU0015,2024-01-01,0,0,0
STORE0011,SKU0015,2024-01-02,0,0,0
STORE0011,SKU0015,2024-01-03,0,0,0
STORE0011,SKU0015,2024-01-04,0,0,0
STORE0011,SKU0015,2024-01-05,0,0,0
STORE0011,SKU0015,2024-01-06,0,1,0
STORE0011,SKU0015,2024-01-07,0,1,0
STORE0011,SKU0015,2024-01-08,0,0,0
STORE0011,SKU0015,2024-01-09,0,0,0
STORE0011,SKU0015,2024-01-10,0,0,0
STORE0011,SKU0015,2024-01-11,0,0,0
STORE0011,SKU0015,2024-01-12,0,0,0
STORE0011,SKU0015,2024-01-13,0,1,0
STORE0011,SKU0015,2024-01-14,0,1,0
STORE0011,SKU0017,2024-01-01,0,0,0
STORE0011,SKU0017,2024-01-02,0,0,0
STORE0011,SKU0017,2024-01-03,0,0,0
STORE0011,SKU0017,2024-01-04,0,0,0
STORE0011,SKU0017,2024-01-05,0,0,0
STORE0011,SKU0017,2024-01-06,0,1,0
STORE0011,SKU0017,2024-01-07,0,1,0
STORE0011,SKU0017,2024-01-08,0,0,0
STORE0011,SKU0017,2024-01-09,0,0,0
STORE0011,SKU0017,2024-01-10,0,0,0
STORE0011,SKU0017,2024-01-11,0,0,0
STORE0011,SKU0017,2024-01-12,0,0,0
STORE0011,SKU0017,2024-01-13,0,1,0
STORE0011,SKU0017,2024-01-14,0,1,0
STORE0011,SKU0018,2024-01-01,0,0,0
STORE0011,SKU0018,2024-01-02,0,0,0
STORE0011,SKU0018,2024-01-03,0,0,0
STORE0011,SKU0018,2024-01-04,0,0,0
STORE0011,SKU0018,2024-01-05,0,0,0
STORE0011,SKU0018,2024-01-06,0,1,0
STORE0011,SKU0018,2024-01-07,0,1,0
STORE0011,SKU0018,2024-01-08,0,0,0
STORE0011,SKU0018,2024-01-09,0,0,0
STORE0011,SKU0018,2024-01-10,0,0,0
STORE0011,SKU0018,2024-01-11,0,0,0
STORE0011,SKU0018,2024-01-12,0,0,0
STORE0011,SKU0018,2024-01-13,0,1,0
STORE0011,SKU0018,2024-01-14,0,1,0
STORE0011,SKU0019,2024-01-01,0,0,0
STORE0011,SKU0019,2024-01-02,0,0,0
STORE0011,SKU0019,2024-01-03,0,0,0
STORE0011,SKU0019,2024-01-04,0,0,0
STORE0011,SKU0019,2024-01-05,0,0,0
STORE0011,SKU0019,2024-01-06,0,1,0
STORE0011,SKU0019,2024-01-07,0,1,0
STORE0011,SKU0019,2024-01-08,0,0,0
STORE0011,SKU0019,2024-01-09,0,0,0
STORE0011,SKU0019,2024-01-10,0,0,0
STORE0011,SKU0019,2024-01-11,0,0,0
STORE0011,SKU0019,2024-01-12,0,0,0
STORE0011,SKU0019,2024-01-13,0,1,0
STORE0011,SKU0019,2024-01-14,0,1,0
STORE0011,SKU0020,2024-01-01,0,0,0
STORE0011,SKU0020,2024-01-02,0,0,0
STORE0011,SKU0020,2024-01-03,0,0,0
STORE0011,SKU0020,2024-01-04,0,0,0
STORE0011,SKU0020,2024-01-05,0,0,0
STORE0011,SKU0020,2024-01-06,0,1,0
STORE0011,SKU0020,2024-01-07,0,1,0
STORE0011,SKU0020,2024-01-08,0,0,0
STORE0011,SKU0020,2024-01-09,0,0,0
STORE0011,SKU0020,2024-01-10,0,0,0
STORE0011,SKU0020,2024-01-11,0,0,0
STORE0011,SKU0020,2024-01-12,0,0,0
STORE0011,SKU0020,2024-01-13,0,1,0
STORE0011,SKU0020,2024-01-14,0,1,0
STORE0011,SKU0021,2024-01-01,0,0,0
STORE0011,SKU0021,2024-01-02,0,0,0
STORE0011,SKU0021,2024-01-03,0,0,0
STORE0011,SKU0021,2024-01-04,0,0,0
STORE0011,SKU0021,2024-01-05,0,0,0
STORE0011,SKU0021,2024-01-06,0,1,0
STORE0011,SKU0021,2024-01-07,0,1,0
STORE0011,SKU0021,2024-01-08,0,0,0
STORE0011,SKU0021,2024-01-09,0,0,0
STORE0011,SKU0021,2024-01-10,0,0,0
STORE0011,SKU0021,2024-01-11,0,0,0
STORE0011,SKU0021,2024-01-12,0,0,0
STORE0011,SKU0021,2024-01-13,0,1,0
STORE0011,SKU0021,2024-01-14,0,1,0
STORE0011,SKU0022,2024-01-01,0,0,0
STORE0011,SKU0022,2024-01-02,0,0,0
STORE0011,SKU0022,2024-01-03,0,0,0
STORE0011,SKU0022,2024-01-04,0,0,0
STORE0011,SKU0022,2024-01-05,0,0,0
STORE0011,SKU0022,2024-01-06,0,1,0
STORE0011,SKU0022,2024-01-07,0,1,0
STORE0011,SKU0022,2024-01-08,0,0,0
STORE0011,SKU0022,2024-01-09,0,0,0
STORE0011,SKU0022,2024-01-10,0,0,0
STORE0011,SKU0022,2024-01-11,0,0,0
STORE0011,SKU0022,2024-01-12,0,0,0
STORE0011,SKU0022,2024-01-13,0,1,0
STORE0011,SKU0022,2024-01-14,0,1,0
STORE0011,SKU0023,2024-01-01,0,0,0
STORE0011,SKU0023,2024-01-02,0,0,0
STORE0011,SKU0023,2024-01-03,0,0,0
STORE0011,SKU0023,2024-01-04,0,0,0
STORE0011,SKU0023,2024-01-05,0,0,0
STORE0011,SKU0023,2024-01-06,0,1,0
STORE0011,SKU0023,2024-01-07,0,1,0
STORE0011,SKU0023,2024-01-08,0,0,0
STORE0011,SKU0023,2024-01-09,0,0,0
STORE0011,SKU0023,2024-01-10,0,0,0
STORE0011,SKU0023,2024-01-11,0,0,0
STORE0011,SKU0023,2024-01-12,0,0,0
STORE0011,SKU0023,2024-01-13,0,1,0
STORE0011,SKU0023,2024-01-14,0,1,0
STORE0011,SKU0024,2024-01-01,0,0,0
STORE0011,SKU0024,2024-01-02,0,0,0
STORE0011,SKU0024,2024-01-03,0,0,0
STORE0011,SKU0024,2024-01-04,0,0,0
STORE0011,SKU0024,2024-01-05,0,0,0
STORE0011,SKU0024,2024-01-06,0,1,0
STORE0011,SKU0024,2024-01-07,0,1,0
STORE0011,SKU0024,2024-01-08,0,0,0
STORE0011,SKU0024,2024-01-09,0,0,0
STORE0011,SKU0024,2024-01-10,0,0,0
STORE0011,SKU0024,2024-01-11,0,0,0
STORE0011,SKU0024,2024-01-12,0,0,0
STORE0011,SKU0024,2024-01-13,0,1,0
STORE0011,SKU0024,2024-01-14,0,1,0
STORE0011,SKU0025,2024-01-01,0,0,0
STORE0011,SKU0025,2024-01-02,0,0,0
STORE0011,SKU0025,2024-01-03,0,0,0
STORE0011,SKU0025,2024-01-04,0,0,0
STORE0011,SKU0025,2024-01-05,0,0,0
STORE0011,SKU0025,2024-01-06,0,1,0
STORE0011,SKU0025,2024-01-07,0,1,0
STORE0011,SKU0025,2024-01-08,0,0,0
STORE0011,SKU0025,2024-01-09,0,0,0
STORE0011,SKU0025,2024-01-10,0,0,0
STORE0011,SKU0025,2024-01-11,0,0,0
STORE0011,SKU0025,2024-01-12,0,0,0
STORE0011,SKU0025,2024-01-13,0,1,0
STORE0011,SKU0025,2024-01-14,0,1,0
STORE0011,SKU0026,2024-01-01,0,0,0
STORE0011,SKU0026,2024-01-02,0,0,0
STORE0011,SKU0026,2024-01-03,0,0,0
STORE0011,SKU0026,2024-01-04,0,0,0
STORE0011,SKU0026,2024-01-05,0,0,0
STORE0011,SKU0026,2024-01-06,0,1,0
STORE0011,SKU0026,2024-01-07,0,1,0
STORE0011,SKU0026,2024-01-08,0,0,0
STORE0011,SKU0026,2024-01-09,0,0,0
STORE0011,SKU0026,2024-01-10,0,0,0
STORE0011,SKU0026,2024-01-11,0,0,0
STORE0011,SKU0026,2024-01-12,0,0,0
STORE0011,SKU0026,2024-01-13,0,1,0
STORE0011,SKU0026,2024-01-14,0,1,0
STORE0011,SKU0027,2024-01-01,0,0,0
STORE0011,SKU0027,2024-01-02,0,0,0
STORE0011,SKU0027,2024-01-03,0,0,0
STORE0011,SKU0027,2024-01-04,0,0,0
STORE0011,SKU0027,2024-01-05,0,0,0
STORE0011,SKU0027,2024-01-06,0,1,0
STORE0011,SKU0027,2024-01-07,0,1,0
STORE0011,SKU0027,2024-01-08,0,0,0
STORE0011,SKU0027,2024-01-09,0,0,0
STORE0011,SKU0027,2024-01-10,0,0,0
STORE0011,SKU0027,2024-01-11,0,0,0
STORE0011,SKU0027,2024-01-12,0,0,0
STORE0011,SKU0027,2024-01-13,0,1,0
STORE0011,SKU0027,2024-01-14,0,1,0
STORE0011,SKU0028,2024-01-01,0,0,0
STORE0011,SKU0028,2024-01-02,0,0,0
STORE0011,SKU0028,2024-01-03,0,0,0
STORE0011,SKU0028,2024-01-04,0,0,0
STORE0011,SKU0028,2024-01-05,0,0,0
STORE0011,SKU0028,2024-01-06,0,1,0
STORE0011,SKU0028,2024-01-07,0,1,0
STORE0011,SKU0028,2024-01-08,0,0,0
STORE0011,SKU0028,2024-01-09,0,0,0
STORE0011,SKU0028,2024-01-10,0,0,0
STORE0011,SKU0028,2024-01-11,0,0,0
STORE0011,SKU0028,2024-01-12,0,0,0
STORE0011,SKU0028,2024-01-13,0,1,0
STORE0011,SKU0028,2024-01-14,0,1,0
STORE0011,SKU0029,2024-01-01,0,0,0
STORE0011,SKU0029,2024-01-02,0,0,0
STORE0011,SKU0029,2024-01-03,0,0,0
STORE0011,SKU0029,2024-01-04,0,0,0
STORE0011,SKU0029,2024-01-05,0,0,0
STORE0011,SKU0029,2024-01-06,0,1,0
STORE0011,SKU0029,2024-01-07,0,1,0
STORE0011,SKU0029,2024-01-08,0,0,0
STORE0011,SKU0029,2024-01-09,0,0,0
STORE0011,SKU0029,2024-01-10,0,0,0
STORE0011,SKU0029,2024-01-11,0,0,0
STORE0011,SKU0029,2024-01-12,0,0,0
STORE0011,SKU0029,2024-01-13,0,1,0
STORE0011,SKU0029,2024-01-14,0,1,0
STORE0011,SKU0030,2024-01-01,0,0,0
STORE0011,SKU0030,2024-01-02,0,0,0
STORE0011,SKU0030,2024-01-03,0,0,0
STORE0011,SKU0030,2024-01-04,0,0,0
STORE0011,SKU0030,2024-01-05,0,0,0
STORE0011,SKU0030,2024-01-06,0,1,0
STORE0011,SKU0030,2024-01-07,0,1,0
STORE0011,SKU0030,2024-01-08,0,0,0
STORE0011,SKU0030,2024-01-09,0,0,0
STORE0011,SKU0030,2024-01-10,0,0,0
STORE0011,SKU0030,2024-01-11,0,0,0
STORE0011,SKU0030,2024-01-12,0,0,0
STORE0011,SKU0030,2024-01-13,0,1,0
STORE0011,SKU0030,2024-01-14,0,1,0
STORE0011,SKU0031,2024-01-01,0,0,0
STORE0011,SKU0031,2024-01-02,0,0,0
STORE0011,SKU0031,2024-01-03,0,0,0
STORE0011,SKU0031,2024-01-04,0,0,0
STORE0011,SKU0031,2024-01-05,0,0,0
STORE0011,SKU0031,2024-01-06,0,1,0
STORE0011,SKU0031,2024-01-07,0,1,0
STORE0011,SKU0031,2024-01-08,0,0,0
STORE0011,SKU0031,2024-01-09,0,0,0
STORE0011,SKU0031,2024-01-10,0,0,0
STORE0011,SKU0031,2024-01-11,0,0,0
STORE0011,SKU0031,2024-01-12,0,0,0
STORE0011,SKU0031,2024-01-13,0,1,0
STORE0011,SKU0031,2024-01-14,0,1,0
STORE0011,SKU0033,2024-01-01,0,0,0
STORE0011,SKU0033,2024-01-02,0,0,0
STORE0011,SKU0033,2024-01-03,0,0,0
STORE0011,SKU0033,2024-01-04,0,0,0
STORE0011,SKU0033,2024-01-05,0,0,0
STORE0011,SKU0033,2024-01-06,0,1,0
STORE0011,SKU0033,2024-01-07,0,1,0
STORE0011,SKU0033,2024-01-08,0,0,0
STORE0011,SKU0033,2024-01-09,0,0,0
STORE0011,SKU0033,2024-01-10,0,0,0
STORE0011,SKU0033,2024-01-11,0,0,0
STORE0011,SKU0033,2024-01-12,0,0,0
STORE0011,SKU0033,2024-01-13,0,1,0
STORE0011,SKU0033,2024-01-14,0,1,0
STORE0011,SKU0034,2024-01-01,0,0,0
STORE0011,SKU0034,2024-01-02,0,0,0
STORE0011,SKU0034,2024-01-03,0,0,0
STORE0011,SKU0034,2024-01-04,0,0,0
STORE0011,SKU0034,2024-01-05,0,0,0
STORE0011,SKU0034,2024-01-06,0,1,0
STORE0011,SKU0034,2024-01-07,0,1,0
STORE0011,SKU0034,2024-01-08,0,0,0
STORE0011,SKU0034,2024-01-09,0,0,0
STORE0011,SKU0034,2024-01-10,0,0,0
STORE0011,SKU0034,2024-01-11,0,0,0
STORE0011,SKU0034,2024-01-12,0,0,0
STORE0011,SKU0034,2024-01-13,0,1,0
STORE0011,SKU0034,2024-01-14,0,1,0
STORE0011,SKU0035,2024-01-01,0,0,0
STORE0011,SKU0035,2024-01-02,0,0,0
STORE0011,SKU0035,2024-01-03,0,0,0
STORE0011,SKU0035,2024-01-04,0,0,0
STORE0011,SKU0035,2024-01-05,0,0,0
STORE0011,SKU0035,2024-01-06,0,1,0
STORE0011,SKU0035,2024-01-07,0,1,0
STORE0011,SKU0035,2024-01-08,0,0,0
STORE0011,SKU0035,2024-01-09,0,0,0
STORE0011,SKU0035,2024-01-10,0,0,0
STORE0011,SKU0035,2024-01-11,0,0,0
STORE0011,SKU0035,2024-01-12,0,0,0
STORE0011,SKU0035,2024-01-13,0,1,0
STORE0011,SKU0035,2024-01-14,0,1,0
STORE0011,SKU0036,2024-01-01,0,0,0
STORE0011,SKU0036,2024-01-02,0,0,0
STORE0011,SKU0036,2024-01-03,0,0,0
STORE0011,SKU0036,2024-01-04,0,0,0
STORE0011,SKU0036,2024-01-05,0,0,0
STORE0011,SKU0036,2024-01-06,0,1,0
STORE0011,SKU0036,2024-01-07,0,1,0
STORE0011,SKU0036,2024-01-08,0,0,0
STORE0011,SKU0036,2024-01-09,0,0,0
STORE0011,SKU0036,2024-01-10,0,0,0
STORE0011,SKU0036,2024-01-11,0,0,0
STORE0011,SKU0036,2024-01-12,0,0,0
STORE0011,SKU0036,2024-01-13,0,1,0
STORE0011,SKU0036,2024-01-14,0,1,0
STORE0011,SKU0037,2024-01-01,0,0,0
STORE0011,SKU0037,2024-01-02,0,0,0
STORE0011,SKU0037,2024-01-03,0,0,0
STORE0011,SKU0037,2024-01-04,0,0,0
STORE0011,SKU0037,2024-01-05,0,0,0
STORE0011,SKU0037,2024-01-06,0,1,0
STORE0011,SKU0037,2024-01-07,0,1,0
STORE0011,SKU0037,2024-01-08,0,0,0
STORE0011,SKU0037,2024-01-09,0,0,0
STORE0011,SKU0037,2024-01-10,0,0,0
STORE0011,SKU0037,2024-01-11,0,0,0
STORE0011,SKU0037,2024-01-12,0,0,0
STORE0011,SKU0037,2024-01-13,0,1,0
STORE0011,SKU0037,2024-01-14,0,1,0
STORE0011,SKU0038,2024-01-01,0,0,0
STORE0011,SKU0038,2024-01-02,0,0,0
STORE0011,SKU0038,2024-01-03,0,0,0
STORE0011,SKU0038,2024-01-04,0,0,0
STORE0011,SKU0038,2024-01-05,0,0,0
STORE0011,SKU0038,2024-01-06,0,1,0
STORE0011,SKU0038,2024-01-07,0,1,0
STORE0011,SKU0038,2024-01-08,0,0,0
STORE0011,SKU0038,2024-01-09,0,0,0
STORE0011,SKU0038,2024-01-10,0,0,0
STORE0011,SKU0038,2024-01-11,0,0,0
STORE0011,SKU0038,2024-01-12,0,0,0
STORE0011,SKU0038,2024-01-13,0,1,0
STORE0011,SKU0038,2024-01-14,0,1,0
STORE0011,SKU0039,2024-01-01,0,0,0
STORE0011,SKU0039,2024-01-02,0,0,0
STORE0011,SKU0039,2024-01-03,0,0,0
STORE0011,SKU0039,2024-01-04,0,0,0
STORE0011,SKU0039,2024-01-05,0,0,0
STORE0011,SKU0039,2024-01-06,0,1,0
STORE0011,SKU0039,2024-01-07,0,1,0
STORE0011,SKU0039,2024-01-08,0,0,0
STORE0011,SKU0039,2024-01-09,0,0,0
STORE0011,SKU0039,2024-01-10,0,0,0
STORE0011,SKU0039,2024-01-11,0,0,0
STORE0011,SKU0039,2024-01-12,0,0,0
STORE0011,SKU0039,2024-01-13,0,1,0
STORE0011,SKU0039,2024-01-14,0,1,0
STORE0011,SKU0040,2024-01-01,0,0,0
STORE0011,SKU0040,2024-01-02,0,0,0
STORE0011,SKU0040,2024-01-03,0,0,0
STORE0011,SKU0040,2024-01-04,0,0,0
STORE0011,SKU0040,2024-01-05,0,0,0
STORE0011,SKU0040,2024-01-06,0,1,0
STORE0011,SKU0040,2024-01-07,0,1,0
STORE0011,SKU0040,2024-01-08,0,0,0
STORE0011,SKU0040,2024-01-09,0,0,0
STORE0011,SKU0040,2024-01-10,0,0,0
STORE0011,SKU0040,2024-01-11,0,0,0
STORE0011,SKU0040,2024-01-12,0,0,0
STORE0011,SKU0040,2024-01-13,0,1,0
STORE0011,SKU0040,2024-01-14,0,1,0
STORE0011,SKU0041,2024-01-01,0,0,0
STORE0011,SKU0041,2024-01-02,0,0,0
STORE0011,SKU0041,2024-01-03,0,0,0
STORE0011,SKU0041,2024-01-04,0,0,0
STORE0011,SKU0041,2024-01-05,0,0,0
STORE0011,SKU0041,2024-01-06,0,1,0
STORE0011,SKU0041,2024-01-07,0,1,0
STORE0011,SKU0041,2024-01-08,0,0,0
STORE0011,SKU0041,2024-01-09,0,0,0
STORE0011,SKU0041,2024-01-10,0,0,0
STORE0011,SKU0041,2024-01-11,0,0,0
STORE0011,SKU0041,2024-01-12,0,0,0
STORE0011,SKU0041,2024-01-13,0,1,0
STORE0011,SKU0041,2024-01-14,0,1,0
STORE0011,SKU0043,2024-01-01,0,0,0
STORE0011,SKU0043,2024-01-02,0,0,0
STORE0011,SKU0043,2024-01-03,0,0,0
STORE0011,SKU0043,2024-01-04,0,0,0
STORE0011,SKU0043,2024-01-05,0,0,0
STORE0011,SKU0043,2024-01-06,0,1,0
STORE0011,SKU0043,2024-01-07,0,1,0
STORE0011,SKU0043,2024-01-08,0,0,0
STORE0011,SKU0043,2024-01-09,0,0,0
STORE0011,SKU0043,2024-01-10,0,0,0
STORE0011,SKU0043,2024-01-11,0,0,0
STORE0011,SKU0043,2024-01-12,0,0,0
STORE0011,SKU0043,2024-01-13,0,1,0
STORE0011,SKU0043,2024-01-14,0,1,0
STORE0011,SKU0044,2024-01-01,0,0,0
STORE0011,SKU0044,2024-01-02,0,0,0
STORE0011,SKU0044,2024-01-03,0,0,0
STORE0011,SKU0044,2024-01-04,0,0,0
STORE0011,SKU0044,2024-01-05,0,0,0
STORE0011,SKU0044,2024-01-06,0,1,0
STORE0011,SKU0044,2024-01-07,0,1,0
STORE0011,SKU0044,2024-01-08,0,0,0
STORE0011,SKU0044,2024-01-09,0,0,0
STORE0011,SKU0044,2024-01-10,0,0,0
STORE0011,SKU0044,2024-01-11,0,0,0
STORE0011,SKU0044,2024-01-12,0,0,0
STORE0011,SKU0044,2024-01-13,0,1,0
STORE0011,SKU0044,2024-01-14,0,1,0
STORE0011,SKU0046,2024-01-01,0,0,0
STORE0011,SKU0046,2024-01-02,0,0,0
STORE0011,SKU0046,2024-01-03,0,0,0
STORE0011,SKU0046,2024-01-04,0,0,0
STORE0011,SKU0046,2024-01-05,0,0,0
STORE0011,SKU0046,2024-01-06,0,1,0
STORE0011,SKU0046,2024-01-07,0,1,0
STORE0011,SKU0046,2024-01-08,0,0,0
STORE0011,SKU0046,2024-01-09,0,0,0
STORE0011,SKU0046,2024-01-10,0,0,0
STORE0011,SKU0046,2024-01-11,0,0,0
STORE0011,SKU0046,2024-01-12,0,0,0
STORE0011,SKU0046,2024-01-13,0,1,0
STORE0011,SKU0046,2024-01-14,0,1,0
STORE0011,SKU0047,2024-01-01,0,0,0
STORE0011,SKU0047,2024-01-02,0,0,0
STORE0011,SKU0047,2024-01-03,0,0,0
STORE0011,SKU0047,2024-01-04,0,0,0
STORE0011,SKU0047,2024-01-05,0,0,0
STORE0011,SKU0047,2024-01-06,0,1,0
STORE0011,SKU0047,2024-01-07,0,1,0
STORE0011,SKU0047,2024-01-08,0,0,0
STORE0011,SKU0047,2024-01-09,0,0,0
STORE0011,SKU0047,2024-01-10,0,0,0
STORE0011,SKU0047,2024-01-11,0,0,0
STORE0011,SKU0047,2024-01-12,0,0,0
STORE0011,SKU0047,2024-01-13,0,1,0
STORE0011,SKU0047,2024-01-14,0,1,0
STORE0011,SKU0048,2024-01-01,0,0,0
STORE0011,SKU0048,2024-01-02,0,0,0
STORE0011,SKU0048,2024-01-03,0,0,0
STORE0011,SKU0048,2024-01-04,0,0,0
STORE0011,SKU0048,2024-01-05,0,0,0
STORE0011,SKU0048,2024-01-06,0,1,0
STORE0011,SKU0048,2024-01-07,0,1,0
STORE0011,SKU0048,2024-01-08,0,0,0
STORE0011,SKU0048,2024-01-09,0,0,0
STORE0011,SKU0048,2024-01-10,0,0,0
STORE0011,SKU0048,2024-01-11,0,0,0
STORE0011,SKU0048,2024-01-12,0,0,0
STORE0011,SKU0048,2024-01-13,0,1,0
STORE0011,SKU0048,2024-01-14,0,1,0
STORE0011,SKU0050,2024-01-01,0,0,0
STORE0011,SKU0050,2024-01-02,0,0,0
STORE0011,SKU0050,2024-01-03,0,0,0
STORE0011,SKU0050,2024-01-04,0,0,0
STORE0011,SKU0050,2024-01-05,0,0,0
STORE0011,SKU0050,2024-01-06,0,1,0
STORE0011,SKU0050,2024-01-07,0,1,0
STORE0011,SKU0050,2024-01-08,0,0,0
STORE0011,SKU0050,2024-01-09,0,0,0
STORE0011,SKU0050,2024-01-10,0,0,0
STORE0011,SKU0050,2024-01-11,0,0,0
STORE0011,SKU0050,2024-01-12,0,0,0
STORE0011,SKU0050,2024-01-13,0,1,0
STORE0011,SKU0050,2024-01-14,0,1,0
STORE0011,SKU0051,2024-01-01,0,0,0
STORE0011,SKU0051,2024-01-02,0,0,0
STORE0011,SKU0051,2024-01-03,0,0,0
STORE0011,SKU0051,2024-01-04,0,0,0
STORE0011,SKU0051,2024-01-05,0,0,0
STORE0011,SKU0051,2024-01-06,0,1,0
STORE0011,SKU0051,2024-01-07,0,1,0
STORE0011,SKU0051,2024-01-08,0,0,0
STORE0011,SKU0051,2024-01-09,0,0,0
STORE0011,SKU0051,2024-01-10,0,0,0
STORE0011,SKU0051,2024-01-11,0,0,0
STORE0011,SKU0051,2024-01-12,0,0,0
STORE0011,SKU0051,2024-01-13,0,1,0
STORE0011,SKU0051,2024-01-14,0,1,0
STORE0011,SKU0052,2024-01-01,0,0,0
STORE0011,SKU0052,2024-01-02,0,0,0
STORE0011,SKU0052,2024-01-03,0,0,0
STORE0011,SKU0052,2024-01-04,0,0,0
STORE0011,SKU0052,2024-01-05,0,0,0
STORE0011,SKU0052,2024-01-06,0,1,0
STORE0011,SKU0052,2024-01-07,0,1,0
STORE0011,SKU0052,2024-01-08,0,0,0
STORE0011,SKU0052,2024-01-09,0,0,0
STORE0011,SKU0052,2024-01-10,0,0,0
STORE0011,SKU0052,2024-01-11,0,0,0
STORE0011,SKU0052,2024-01-12,0,0,0
STORE0011,SKU0052,2024-01-13,0,1,0
STORE0011,SKU0052,2024-01-14,0,1,0
STORE0011,SKU0053,2024-01-01,0,0,0
STORE0011,SKU0053,2024-01-02,0,0,0
STORE0011,SKU0053,2024-01-03,0,0,0
STORE0011,SKU0053,2024-01-04,0,0,0
STORE0011,SKU0053,2024-01-05,0,0,0
STORE0011,SKU0053,2024-01-06,0,1,0
STORE0011,SKU0053,2024-01-07,0,1,0
STORE0011,SKU0053,2024-01-08,0,0,0
STORE0011,SKU0053,2024-01-09,0,0,0
STORE0011,SKU0053,2024-01-10,0,0,0
STORE0011,SKU0053,2024-01-11,0,0,0
STORE0011,SKU0053,2024-01-12,0,0,0
STORE0011,SKU0053,2024-01-13,0,1,0
STORE0011,SKU0053,2024-01-14,0,1,0
STORE0011,SKU0054,2024-01-01,0,0,0
STORE0011,SKU0054,2024-01-02,0,0,0
STORE0011,SKU0054,2024-01-03,0,0,0
STORE0011,SKU0054,2024-01-04,0,0,0
STORE0011,SKU0054,2024-01-05,0,0,0
STORE0011,SKU0054,2024-01-06,0,1,0
STORE0011,SKU0054,2024-01-07,0,1,0
STORE0011,SKU0054,2024-01-08,0,0,0
STORE0011,SKU0054,2024-01-09,0,0,0
STORE0011,SKU0054,2024-01-10,0,0,0
STORE0011,SKU0054,2024-01-11,0,0,0
STORE0011,SKU0054,2024-01-12,0,0,0
STORE0011,SKU0054,2024-01-13,0,1,0
STORE0011,SKU0054,2024-01-14,0,1,0
STORE0011,SKU0055,2024-01-01,0,0,0
STORE0011,SKU0055,2024-01-02,0,0,0
STORE0011,SKU0055,2024-01-03,0,0,0
STORE0011,SKU0055,2024-01-04,0,0,0
STORE0011,SKU0055,2024-01-05,0,0,0
STORE0011,SKU0055,2024-01-06,0,1,0
STORE0011,SKU0055,2024-01-07,0,1,0
STORE0011,SKU0055,2024-01-08,0,0,0
STORE0011,SKU0055,2024-01-09,0,0,0
STORE0011,SKU0055,2024-01-10,0,0,0
STORE0011,SKU0055,2024-01-11,0,0,0
STORE0011,SKU0055,2024-01-12,0,0,0
STORE0011,SKU0055,2024-01-13,0,1,0
STORE0011,SKU0055,2024-01-14,0,1,0
STORE0011,SKU0056,2024-01-01,0,0,0
STORE0011,SKU0056,2024-01-02,0,0,0
STORE0011,SKU0056,2024-01-03,0,0,0
STORE0011,SKU0056,2024-01-04,0,0,0
STORE0011,SKU0056,2024-01-05,0,0,0
STORE0011,SKU0056,2024-01-06,0,1,0
STORE0011,SKU0056,2024-01-07,0,1,0
STORE0011,SKU0056,2024-01-08,0,0,0
STORE0011,SKU0056,2024-01-09,0,0,0
STORE0011,SKU0056,2024-01-10,0,0,0
STORE0011,SKU0056,2024-01-11,0,0,0
STORE0011,SKU0056,2024-01-12,0,0,0
STORE0011,SKU0056,2024-01-13,0,1,0
STORE0011,SKU0056,2024-01-14,0,1,0
STORE0011,SKU0058,2024-01-01,0,0,0
STORE0011,SKU0058,2024-01-02,0,0,0
STORE0011,SKU0058,2024-01-03,0,0,0
STORE0011,SKU0058,2024-01-04,0,0,0
STORE0011,SKU0058,2024-01-05,0,0,0
STORE0011,SKU0058,2024-01-06,0,1,0
STORE0011,SKU0058,2024-01-07,0,1,0
STORE0011,SKU0058,2024-01-08,0,0,0
STORE0011,SKU0058,2024-01-09,0,0,0
STORE0011,SKU0058,2024-01-10,0,0,0
STORE0011,SKU0058,2024-01-11,0,0,0
STORE0011,SKU0058,2024-01-12,0,0,0
STORE0011,SKU0058,2024-01-13,0,1,0
STORE0011,SKU0058,2024-01-14,0,1,0
STORE0011,SKU0059,2024-01-01,0,0,0
STORE0011,SKU0059,2024-01-02,0,0,0
STORE0011,SKU0059,2024-01-03,0,0,0
STORE0011,SKU0059,2024-01-04,0,0,0
STORE0011,SKU0059,2024-01-05,0,0,0
STORE0011,SKU0059,2024-01-06,0,1,0
STORE0011,SKU0059,2024-01-07,0,1,0
STORE0011,SKU0059,2024-01-08,0,0,0
STORE0011,SKU0059,2024-01-09,0,0,0
STORE0011,SKU0059,2024-01-10,0,0,0
STORE0011,SKU0059,2024-01-11,0,0,0
STORE0011,SKU0059,2024-01-12,0,0,0
STORE0011,SKU0059,2024-01-13,0,1,0
STORE0011,SKU0059,2024-01-14,0,1,0
STORE0011,SKU0061,2024-01-01,0,0,0
STORE0011,SKU0061,2024-01-02,0,0,0
STORE0011,SKU0061,2024-01-03,0,0,0
STORE0011,SKU0061,2024-01-04,0,0,0
STORE0011,SKU0061,2024-01-05,0,0,0
STORE0011,SKU0061,2024-01-06,0,1,0
STORE0011,SKU0061,2024-01-07,0,1,0
STORE0011,SKU0061,2024-01-08,0,0,0
STORE0011,SKU0061,2024-01-09,0,0,0
STORE0011,SKU0061,2024-01-10,0,0,0
STORE0011,SKU0061,2024-01-11,0,0,0
STORE0011,SKU0061,2024-01-12,0,0,0
STORE0011,SKU0061,2024-01-13,0,1,0
STORE0011,SKU0061,2024-01-14,0,1,0
STORE0011,SKU0062,2024-01-01,0,0,0
STORE0011,SKU0062,2024-01-02,0,0,0
STORE0011,SKU0062,2024-01-03,0,0,0
STORE0011,SKU0062,2024-01-04,0,0,0
STORE0011,SKU0062,2024-01-05,0,0,0
STORE0011,SKU0062,2024-01-06,0,1,0
STORE0011,SKU0062,2024-01-07,0,1,0
STORE0011,SKU0062,2024-01-08,0,0,0
STORE0011,SKU0062,2024-01-09,0,0,0
STORE0011,SKU0062,2024-01-10,0,0,0
STORE0011,SKU0062,2024-01-11,0,0,0
STORE0011,SKU0062,2024-01-12,0,0,0
STORE0011,SKU0062,2024-01-13,0,1,0
STORE0011,SKU0062,2024-01-14,0,1,0
STORE0011,SKU0064,2024-01-01,0,0,0
STORE0011,SKU0064,2024-01-02,0,0,0
STORE0011,SKU0064,2024-01-03,0,0,0
STORE0011,SKU0064,2024-01-04,0,0,0
STORE0011,SKU0064,2024-01-05,0,0,0
STORE0011,SKU0064,2024-01-06,0,1,0
STORE0011,SKU0064,2024-01-07,0,1,0
STORE0011,SKU0064,2024-01-08,0,0,0
STORE0011,SKU0064,2024-01-09,0,0,0
STORE0011,SKU0064,2024-01-10,0,0,0
STORE0011,SKU0064,2024-01-11,0,0,0
STORE0011,SKU0064,2024-01-12,0,0,0
STORE0011,SKU0064,2024-01-13,0,1,0
STORE0011,SKU0064,2024-01-14,0,1,0
STORE0011,SKU0065,2024-01-01,0,0,0
STORE0011,SKU0065,2024-01-02,0,0,0
STORE0011,SKU0065,2024-01-03,0,0,0
STORE0011,SKU0065,2024-01-04,0,0,0
STORE0011,SKU0065,2024-01-05,0,0,0
STORE0011,SKU0065,2024-01-06,0,1,0
STORE0011,SKU0065,2024-01-07,0,1,0
STORE0011,SKU0065,2024-01-08,0,0,0
STORE0011,SKU0065,2024-01-09,0,0,0
STORE0011,SKU0065,2024-01-10,0,0,0
STORE0011,SKU0065,2024-01-11,0,0,0
STORE0011,SKU0065,2024-01-12,0,0,0
STORE0011,SKU0065,2024-01-13,0,1,0
STORE0011,SKU0065,2024-01-14,0,1,0
STORE0011,SKU0066,2024-01-01,0,0,0
STORE0011,SKU0066,2024-01-02,0,0,0
STORE0011,SKU0066,2024-01-03,0,0,0
STORE0011,SKU0066,2024-01-04,0,0,0
STORE0011,SKU0066,2024-01-05,0,0,0
STORE0011,SKU0066,2024-01-06,0,1,0
STORE0011,SKU0066,2024-01-07,0,1,0
STORE0011,SKU0066,2024-01-08,0,0,0
STORE0011,SKU0066,2024-01-09,0,0,0
STORE0011,SKU0066,2024-01-10,0,0,0
STORE0011,SKU0066,2024-01-11,0,0,0
STORE0011,SKU0066,2024-01-12,0,0,0
STORE0011,SKU0066,2024-01-13,0,1,0
STORE0011,SKU0066,2024-01-14,0,1,0
STORE0011,SKU0067,2024-01-01,0,0,0
STORE0011,SKU0067,2024-01-02,0,0,0
STORE0011,SKU0067,2024-01-03,0,0,0
STORE0011,SKU0067,2024-01-04,0,0,0
STORE0011,SKU0067,2024-01-05,0,0,0
STORE0011,SKU0067,2024-01-06,0,1,0
STORE0011,SKU0067,2024-01-07,0,1,0
STORE0011,SKU0067,2024-01-08,0,0,0
STORE0011,SKU0067,2024-01-09,0,0,0
STORE0011,SKU0067,2024-01-10,0,0,0
STORE0011,SKU0067,2024-01-11,0,0,0
STORE0011,SKU0067,2024-01-12,0,0,0
STORE0011,SKU0067,2024-01-13,0,1,0
STORE0011,SKU0067,2024-01-14,0,1,0
STORE0011,SKU0068,2024-01-01,0,0,0
STORE0011,SKU0068,2024-01-02,0,0,0
STORE0011,SKU0068,2024-01-03,0,0,0
STORE0011,SKU0068,2024-01-04,0,0,0
STORE0011,SKU0068,2024-01-05,0,0,0
STORE0011,SKU0068,2024-01-06,0,1,0
STORE0011,SKU0068,2024-01-07,0,1,0
STORE0011,SKU0068,2024-01-08,0,0,0
STORE0011,SKU0068,2024-01-09,0,0,0
STORE0011,SKU0068,2024-01-10,0,0,0
STORE0011,SKU0068,2024-01-11,0,0,0
STORE0011,SKU0068,2024-01-12,0,0,0
STORE0011,SKU0068,2024-01-13,0,1,0
STORE0011,SKU0068,2024-01-14,0,1,0
STORE0011,SKU0069,2024-01-01,0,0,0
STORE0011,SKU0069,2024-01-02,0,0,0
STORE0011,SKU0069,2024-01-03,0,0,0
STORE0011,SKU0069,2024-01-04,0,0,0
STORE0011,SKU0069,2024-01-05,0,0,0
STORE0011,SKU0069,2024-01-06,0,1,0
STORE0011,SKU0069,2024-01-07,0,1,0
STORE0011,SKU0069,2024-01-08,0,0,0
STORE0011,SKU0069,2024-01-09,0,0,0
STORE0011,SKU0069,2024-01-10,0,0,0
STORE0011,SKU0069,2024-01-11,0,0,0
STORE0011,SKU0069,2024-01-12,0,0,0
STORE0011,SKU0069,2024-01-13,0,1,0
STORE0011,SKU0069,2024-01-14,0,1,0
STORE0011,SKU0070,2024-01-01,0,0,0
STORE0011,SKU0070,2024-01-02,0,0,0
STORE0011,SKU0070,2024-01-03,0,0,0
STORE0011,SKU0070,2024-01-04,0,0,0
STORE0011,SKU0070,2024-01-05,0,0,0
STORE0011,SKU0070,2024-01-06,0,1,0
STORE0011,SKU0070,2024-01-07,0,1,0
STORE0011,SKU0070,2024-01-08,0,0,0
STORE0011,SKU0070,2024-01-09,0,0,0
STORE0011,SKU0070,2024-01-10,0,0,0
STORE0011,SKU0070,2024-01-11,0,0,0
STORE0011,SKU0070,2024-01-12,0,0,0
STORE0011,SKU0070,2024-01-13,0,1,0
STORE0011,SKU0070,2024-01-14,0,1,0
STORE0011,SKU0071,2024-01-01,0,0,0
STORE0011,SKU0071,2024-01-02,0,0,0
STORE0011,SKU0071,2024-01-03,0,0,0
STORE0011,SKU0071,2024-01-04,0,0,0
STORE0011,SKU0071,2024-01-05,0,0,0
STORE0011,SKU0071,2024-01-06,0,1,0
STORE0011,SKU0071,2024-01-07,0,1,0
STORE0011,SKU0071,2024-01-08,0,0,0
STORE0011,SKU0071,2024-01-09,0,0,0
STORE0011,SKU0071,2024-01-10,0,0,0
STORE0011,SKU0071,2024-01-11,0,0,0
STORE0011,SKU0071,2024-01-12,0,0,0
STORE0011,SKU0071,2024-01-13,0,1,0
STORE0011,SKU0071,2024-01-14,0,1,0
STORE0011,SKU0072,2024-01-01,0,0,0
STORE0011,SKU0072,2024-01-02,0,0,0
STORE0011,SKU0072,2024-01-03,0,0,0
STORE0011,SKU0072,2024-01-04,0,0,0
STORE0011,SKU0072,2024-01-05,0,0,0
STORE0011,SKU0072,2024-01-06,0,1,0
STORE0011,SKU0072,2024-01-07,0,1,0
STORE0011,SKU0072,2024-01-08,0,0,0
STORE0011,SKU0072,2024-01-09,0,0,0
STORE0011,SKU0072,2024-01-10,0,0,0
STORE0011,SKU0072,2024-01-11,0,0,0
STORE0011,SKU0072,2024-01-12,0,0,0
STORE0011,SKU0072,2024-01-13,0,1,0
STORE0011,SKU0072,2024-01-14,0,1,0
STORE0011,SKU0073,2024-01-01,0,0,0
STORE0011,SKU0073,2024-01-02,0,0,0
STORE0011,SKU0073,2024-01-03,0,0,0
STORE0011,SKU0073,2024-01-04,0,0,0
STORE0011,SKU0073,2024-01-05,0,0,0
STORE0011,SKU0073,2024-01-06,0,1,0
STORE0011,SKU0073,2024-01-07,0,1,0
STORE0011,SKU0073,2024-01-08,0,0,0
STORE0011,SKU0073,2024-01-09,0,0,0
STORE0011,SKU0073,2024-01-10,0,0,0
STORE0011,SKU0073,2024-01-11,0,0,0
STORE0011,SKU0073,2024-01-12,0,0,0
STORE0011,SKU0073,2024-01-13,0,1,0
STORE0011,SKU0073,2024-01-14,0,1,0
STORE0011,SKU0074,2024-01-01,0,0,0
STORE0011,SKU0074,2024-01-02,0,0,0
STORE0011,SKU0074,2024-01-03,0,0,0
STORE0011,SKU0074,2024-01-04,0,0,0
STORE0011,SKU0074,2024-01-05,0,0,0
STORE0011,SKU0074,2024-01-06,0,1,0
STORE0011,SKU0074,2024-01-07,0,1,0
STORE0011,SKU0074,2024-01-08,0,0,0
STORE0011,SKU0074,2024-01-09,0,0,0
STORE0011,SKU0074,2024-01-10,0,0,0
STORE0011,SKU0074,2024-01-11,0,0,0
STORE0011,SKU0074,2024-01-12,0,0,0
STORE0011,SKU0074,2024-01-13,0,1,0
STORE0011,SKU0074,2024-01-14,0,1,0
STORE0011,SKU0077,2024-01-01,0,0,0
STORE0011,SKU0077,2024-01-02,0,0,0
STORE0011,SKU0077,2024-01-03,0,0,0
STORE0011,SKU0077,2024-01-04,0,0,0
STORE0011,SKU0077,2024-01-05,0,0,0
STORE0011,SKU0077,2024-01-06,0,1,0
STORE0011,SKU0077,2024-01-07,0,1,0
STORE0011,SKU0077,2024-01-08,0,0,0
STORE0011,SKU0077,2024-01-09,0,0,0
STORE0011,SKU0077,2024-01-10,0,0,0
STORE0011,SKU0077,2024-01-11,0,0,0
STORE0011,SKU0077,2024-01-12,0,0,0
STORE0011,SKU0077,2024-01-13,0,1,0
STORE0011,SKU0077,2024-01-14,0,1,0
STORE0011,SKU0078,2024-01-01,0,0,0
STORE0011,SKU0078,2024-01-02,0,0,0
STORE0011,SKU0078,2024-01-03,0,0,0
STORE0011,SKU0078,2024-01-04,0,0,0
STORE0011,SKU0078,2024-01-05,0,0,0
STORE0011,SKU0078,2024-01-06,0,1,0
STORE0011,SKU0078,2024-01-07,0,1,0
STORE0011,SKU0078,2024-01-08,0,0,0
STORE0011,SKU0078,2024-01-09,0,0,0
STORE0011,SKU0078,2024-01-10,0,0,0
STORE0011,SKU0078,2024-01-11,0,0,0
STORE0011,SKU0078,2024-01-12,0,0,0
STORE0011,SKU0078,2024-01-13,0,1,0
STORE0011,SKU0078,2024-01-14,0,1,0
STORE0011,SKU0079,2024-01-01,0,0,0
STORE0011,SKU0079,2024-01-02,0,0,0
STORE0011,SKU0079,2024-01-03,0,0,0
STORE0011,SKU0079,2024-01-04,0,0,0
STORE0011,SKU0079,2024-01-05,0,0,0
STORE0011,SKU0079,2024-01-06,0,1,0
STORE0011,SKU0079,2024-01-07,0,1,0
STORE0011,SKU0079,2024-01-08,0,0,0
STORE0011,SKU0079,2024-01-09,0,0,0
STORE0011,SKU0079,2024-01-10,0,0,0
STORE0011,SKU0079,2024-01-11,0,0,0
STORE0011,SKU0079,2024-01-12,0,0,0
STORE0011,SKU0079,2024-01-13,0,1,0
STORE0011,SKU0079,2024-01-14,0,1,0
STORE0011,SKU0082,2024-01-01,0,0,0
STORE0011,SKU0082,2024-01-02,0,0,0
STORE0011,SKU0082,2024-01-03,0,0,0
STORE0011,SKU0082,2024-01-04,0,0,0
STORE0011,SKU0082,2024-01-05,0,0,0
STORE0011,SKU0082,2024-01-06,0,1,0
STORE0011,SKU0082,2024-01-07,0,1,0
STORE0011,SKU0082,2024-01-08,0,0,0
STORE0011,SKU0082,2024-01-09,0,0,0
STORE0011,SKU0082,2024-01-10,0,0,0
STORE0011,SKU0082,2024-01-11,0,0,0
STORE0011,SKU0082,2024-01-12,0,0,0
STORE0011,SKU0082,2024-01-13,0,1,0
STORE0011,SKU0082,2024-01-14,0,1,0
STORE0011,SKU0083,2024-01-01,0,0,0
STORE0011,SKU0083,2024-01-02,0,0,0
STORE0011,SKU0083,2024-01-03,0,0,0
STORE0011,SKU0083,2024-01-04,0,0,0
STORE0011,SKU0083,2024-01-05,0,0,0
STORE0011,SKU0083,2024-01-06,0,1,0
STORE0011,SKU0083,2024-01-07,0,1,0
STORE0011,SKU0083,2024-01-08,0,0,0
STORE0011,SKU0083,2024-01-09,0,0,0
STORE0011,SKU0083,2024-01-10,0,0,0
STORE0011,SKU0083,2024-01-11,0,0,0
STORE0011,SKU0083,2024-01-12,0,0,0
STORE0011,SKU0083,2024-01-13,0,1,0
STORE0011,SKU0083,2024-01-14,0,1,0
STORE0011,SKU0085,2024-01-01,0,0,0
STORE0011,SKU0085,2024-01-02,0,0,0
STORE0011,SKU0085,2024-01-03,0,0,0
STORE0011,SKU0085,2024-01-04,0,0,0
STORE0011,SKU0085,2024-01-05,0,0,0
STORE0011,SKU0085,2024-01-06,0,1,0
STORE0011,SKU0085,2024-01-07,0,1,0
STORE0011,SKU0085,2024-01-08,0,0,0
STORE0011,SKU0085,2024-01-09,0,0,0
STORE0011,SKU0085,2024-01-10,0,0,0
STORE0011,SKU0085,2024-01-11,0,0,0
STORE0011,SKU0085,2024-01-12,0,0,0
STORE0011,SKU0085,2024-01-13,0,1,0
STORE0011,SKU0085,2024-01-14,0,1,0
STORE0011,SKU0086,2024-01-01,0,0,0
STORE0011,SKU0086,2024-01-02,0,0,0
STORE0011,SKU0086,2024-01-03,0,0,0
STORE0011,SKU0086,2024-01-04,0,0,0
STORE0011,SKU0086,2024-01-05,0,0,0
STORE0011,SKU0086,2024-01-06,0,1,0
STORE0011,SKU0086,2024-01-07,0,1,0
STORE0011,SKU0086,2024-01-08,0,0,0
STORE0011,SKU0086,2024-01-09,0,0,0
STORE0011,SKU0086,2024-01-10,0,0,0
STORE0011,SKU0086,2024-01-11,0,0,0
STORE0011,SKU0086,2024-01-12,0,0,0
STORE0011,SKU0086,2024-01-13,0,1,0
STORE0011,SKU0086,2024-01-14,0,1,0
STORE0011,SKU0087,2024-01-01,0,0,0
STORE0011,SKU0087,2024-01-02,0,0,0
STORE0011,SKU0087,2024-01-03,0,0,0
STORE0011,SKU0087,2024-01-04,0,0,0
STORE0011,SKU0087,2024-01-05,0,0,0
STORE0011,SKU0087,2024-01-06,0,1,0
STORE0011,SKU0087,2024-01-07,0,1,0
STORE0011,SKU0087,2024-01-08,0,0,0
STORE0011,SKU0087,2024-01-09,0,0,0
STORE0011,SKU0087,2024-01-10,0,0,0
STORE0011,SKU0087,2024-01-11,0,0,0
STORE0011,SKU0087,2024-01-12,0,0,0
STORE0011,SKU0087,2024-01-13,0,1,0
STORE0011,SKU0087,2024-01-14,0,1,0
STORE0011,SKU0088,2024-01-01,0,0,0
STORE0011,SKU0088,2024-01-02,0,0,0
STORE0011,SKU0088,2024-01-03,0,0,0
STORE0011,SKU0088,2024-01-04,0,0,0
STORE0011,SKU0088,2024-01-05,0,0,0
STORE0011,SKU0088,2024-01-06,0,1,0
STORE0011,SKU0088,2024-01-07,0,1,0
STORE0011,SKU0088,2024-01-08,0,0,0
STORE0011,SKU0088,2024-01-09,0,0,0
STORE0011,SKU0088,2024-01-10,0,0,0
STORE0011,SKU0088,2024-01-11,0,0,0
STORE0011,SKU0088,2024-01-12,0,0,0
STORE0011,SKU0088,2024-01-13,0,1,0
STORE0011,SKU0088,2024-01-14,0,1,0
STORE0011,SKU0089,2024-01-01,0,0,0
STORE0011,SKU0089,2024-01-02,0,0,0
STORE0011,SKU0089,2024-01-03,0,0,0
STORE0011,SKU0089,2024-01-04,0,0,0
STORE0011,SKU0089,2024-01-05,0,0,0
STORE0011,SKU0089,2024-01-06,0,1,0
STORE0011,SKU0089,2024-01-07,0,1,0
STORE0011,SKU0089,2024-01-08,0,0,0
STORE0011,SKU0089,2024-01-09,0,0,0
STORE0011,SKU0089,2024-01-10,0,0,0
STORE0011,SKU0089,2024-01-11,0,0,0
STORE0011,SKU0089,2024-01-12,0,0,0
STORE0011,SKU0089,2024-01-13,0,1,0
STORE0011,SKU0089,2024-01-14,0,1,0
STORE0011,SKU0090,2024-01-01,0,0,0
STORE0011,SKU0090,2024-01-02,0,0,0
STORE0011,SKU0090,2024-01-03,0,0,0
STORE0011,SKU0090,2024-01-04,0,0,0
STORE0011,SKU0090,2024-01-05,0,0,0
STORE0011,SKU0090,2024-01-06,0,1,0
STORE0011,SKU0090,2024-01-07,0,1,0
STORE0011,SKU0090,2024-01-08,0,0,0
STORE0011,SKU0090,2024-01-09,0,0,0
STORE0011,SKU0090,2024-01-10,0,0,0
STORE0011,SKU0090,2024-01-11,0,0,0
STORE0011,SKU0090,2024-01-12,0,0,0
STORE0011,SKU0090,2024-01-13,0,1,0
STORE0011,SKU0090,2024-01-14,0,1,0
STORE0011,SKU0094,2024-01-01,0,0,0
STORE0011,SKU0094,2024-01-02,0,0,0
STORE0011,SKU0094,2024-01-03,0,0,0
STORE0011,SKU0094,2024-01-04,0,0,0
STORE0011,SKU0094,2024-01-05,0,0,0
STORE0011,SKU0094,2024-01-06,0,1,0
STORE0011,SKU0094,2024-01-07,0,1,0
STORE0011,SKU0094,2024-01-08,0,0,0
STORE0011,SKU0094,2024-01-09,0,0,0
STORE0011,SKU0094,2024-01-10,0,0,0
STORE0011,SKU0094,2024-01-11,0,0,0
STORE0011,SKU0094,2024-01-12,0,0,0
STORE0011,SKU0094,2024-01-13,0,1,0
STORE0011,SKU0094,2024-01-14,0,1,0
STORE0011,SKU0095,2024-01-01,0,0,0
STORE0011,SKU0095,2024-01-02,0,0,0
STORE0011,SKU0095,2024-01-03,0,0,0
STORE0011,SKU0095,2024-01-04,0,0,0
STORE0011,SKU0095,2024-01-05,0,0,0
STORE0011,SKU0095,2024-01-06,0,1,0
STORE0011,SKU0095,2024-01-07,0,1,0
STORE0011,SKU0095,2024-01-08,0,0,0
STORE0011,SKU0095,2024-01-09,0,0,0
STORE0011,SKU0095,2024-01-10,0,0,0
STORE0011,SKU0095,2024-01-11,0,0,0
STORE0011,SKU0095,2024-01-12,0,0,0
STORE0011,SKU0095,2024-01-13,0,1,0
STORE0011,SKU0095,2024-01-14,0,1,0
STORE0011,SKU0096,2024-01-01,0,0,0
STORE0011,SKU0096,2024-01-02,0,0,0
STORE0011,SKU0096,2024-01-03,0,0,0
STORE0011,SKU0096,2024-01-04,0,0,0
STORE0011,SKU0096,2024-01-05,0,0,0
STORE0011,SKU0096,2024-01-06,0,1,0
STORE0011,SKU0096,2024-01-07,0,1,0
STORE0011,SKU0096,2024-01-08,0,0,0
STORE0011,SKU0096,2024-01-09,0,0,0
STORE0011,SKU0096,2024-01-10,0,0,0
STORE0011,SKU0096,2024-01-11,0,0,0
STORE0011,SKU0096,2024-01-12,0,0,0
STORE0011,SKU0096,2024-01-13,0,1,0
STORE0011,SKU0096,2024-01-14,0,1,0
STORE0011,SKU0097,2024-01-01,0,0,0
STORE0011,SKU0097,2024-01-02,0,0,0
STORE0011,SKU0097,2024-01-03,0,0,0
STORE0011,SKU0097,2024-01-04,0,0,0
STORE0011,SKU0097,2024-01-05,0,0,0
STORE0011,SKU0097,2024-01-06,0,1,0
STORE0011,SKU0097,2024-01-07,0,1,0
STORE0011,SKU0097,2024-01-08,0,0,0
STORE0011,SKU0097,2024-01-09,0,0,0
STORE0011,SKU0097,2024-01-10,0,0,0
STORE0011,SKU0097,2024-01-11,0,0,0
STORE0011,SKU0097,2024-01-12,0,0,0
STORE0011,SKU0097,2024-01-13,0,1,0
STORE0011,SKU0097,2024-01-14,0,1,0
STORE0011,SKU0098,2024-01-01,0,0,0
STORE0011,SKU0098,2024-01-02,0,0,0
STORE0011,SKU0098,2024-01-03,0,0,0
STORE0011,SKU0098,2024-01-04,0,0,0
STORE0011,SKU0098,2024-01-05,0,0,0
STORE0011,SKU0098,2024-01-06,0,1,0
STORE0011,SKU0098,2024-01-07,0,1,0
STORE0011,SKU0098,2024-01-08,0,0,0
STORE0011,SKU0098,2024-01-09,0,0,0
STORE0011,SKU0098,2024-01-10,0,0,0
STORE0011,SKU0098,2024-01-11,0,0,0
STORE0011,SKU0098,2024-01-12,0,0,0
STORE0011,SKU0098,2024-01-13,0,1,0
STORE0011,SKU0098,2024-01-14,0,1,0
STORE0011,SKU0100,2024-01-01,0,0,0
STORE0011,SKU0100,2024-01-02,0,0,0
STORE0011,SKU0100,2024-01-03,0,0,0
STORE0011,SKU0100,2024-01-04,0,0,0
STORE0011,SKU0100,2024-01-05,0,0,0
STORE0011,SKU0100,2024-01-06,0,1,0
STORE0011,SKU0100,2024-01-07,0,1,0
STORE0011,SKU0100,2024-01-08,0,0,0
STORE0011,SKU0100,2024-01-09,0,0,0
STORE0011,SKU0100,2024-01-10,0,0,0
STORE0011,SKU0100,2024-01-11,0,0,0
STORE0011,SKU0100,2024-01-12,0,0,0
STORE0011,SKU0100,2024-01-13,0,1,0
STORE0011,SKU0100,2024-01-14,0,1,0
STORE0011,SKU0101,2024-01-01,0,0,0
STORE0011,SKU0101,2024-01-02,0,0,0
STORE0011,SKU0101,2024-01-03,0,0,0
STORE0011,SKU0101,2024-01-04,0,0,0
STORE0011,SKU0101,2024-01-05,0,0,0
STORE0011,SKU0101,2024-01-06,0,1,0
STORE0011,SKU0101,2024-01-07,0,1,0
STORE0011,SKU0101,2024-01-08,0,0,0
STORE0011,SKU0101,2024-01-09,0,0,0
STORE0011,SKU0101,2024-01-10,0,0,0
STORE0011,SKU0101,2024-01-11,0,0,0
STORE0011,SKU0101,2024-01-12,0,0,0
STORE0011,SKU0101,2024-01-13,0,1,0
STORE0011,SKU0101,2024-01-14,0,1,0
STORE0012,SKU0001,2024-01-01,0,0,0
STORE0012,SKU0001,2024-01-02,0,0,0
STORE0012,SKU0001,2024-01-03,0,0,0
STORE0012,SKU0001,2024-01-04,0,0,0
STORE0012,SKU0001,2024-01-05,0,0,0
STORE0012,SKU0001,2024-01-06,0,1,0
STORE0012,SKU0001,2024-01-07,0,1,0
STORE0012,SKU0001,2024-01-08,0,0,0
STORE0012,SKU0001,2024-01-09,0,0,0
STORE0012,SKU0001,2024-01-10,0,0,0
STORE0012,SKU0001,2024-01-11,0,0,0
STORE0012,SKU0001,2024-01-12,0,0,0
STORE0012,SKU0001,2024-01-13,0,1,0
STORE0012,SKU0001,2024-01-14,0,1,0
STORE0012,SKU0002,2024-01-01,0,0,0
STORE0012,SKU0002,2024-01-02,0,0,0
STORE0012,SKU0002,2024-01-03,0,0,0
STORE0012,SKU0002,2024-01-04,0,0,0
STORE0012,SKU0002,2024-01-05,0,0,0
STORE0012,SKU0002,2024-01-06,0,1,0
STORE0012,SKU0002,2024-01-07,0,1,0
STORE0012,SKU0002,2024-01-08,0,0,0
STORE0012,SKU0002,2024-01-09,0,0,0
STORE0012,SKU0002,2024-01-10,0,0,0
STORE0012,SKU0002,2024-01-11,0,0,0
STORE0012,SKU0002,2024-01-12,0,0,0
STORE0012,SKU0002,2024-01-13,0,1,0
STORE0012,SKU0002,2024-01-14,0,1,0
STORE0012,SKU0004,2024-01-01,0,0,0
STORE0012,SKU0004,2024-01-02,0,0,0
STORE0012,SKU0004,2024-01-03,0,0,0
STORE0012,SKU0004,2024-01-04,0,0,0
STORE0012,SKU0004,2024-01-05,0,0,0
STORE0012,SKU0004,2024-01-06,0,1,0
STORE0012,SKU0004,2024-01-07,0,1,0
STORE0012,SKU0004,2024-01-08,0,0,0
STORE0012,SKU0004,2024-01-09,0,0,0
STORE0012,SKU0004,2024-01-10,0,0,0
STORE0012,SKU0004,2024-01-11,0,0,0
STORE0012,SKU0004,2024-01-12,0,0,0
STORE0012,SKU0004,2024-01-13,0,1,0
STORE0012,SKU0004,2024-01-14,0,1,0
STORE0012,SKU0005,2024-01-01,0,0,0
STORE0012,SKU0005,2024-01-02,0,0,0
STORE0012,SKU0005,2024-01-03,0,0,0
STORE0012,SKU0005,2024-01-04,0,0,0
STORE0012,SKU0005,2024-01-05,0,0,0
STORE0012,SKU0005,2024-01-06,0,1,0
STORE0012,SKU0005,2024-01-07,0,1,0
STORE0012,SKU0005,2024-01-08,0,0,0
STORE0012,SKU0005,2024-01-09,0,0,0
STORE0012,SKU0005,2024-01-10,0,0,0
STORE0012,SKU0005,2024-01-11,0,0,0
STORE0012,SKU0005,2024-01-12,0,0,0
STORE0012,SKU0005,2024-01-13,0,1,0
STORE0012,SKU0005,2024-01-14,0,1,0
STORE0012,SKU0006,2024-01-01,0,0,0
STORE0012,SKU0006,2024-01-02,0,0,0
STORE0012,SKU0006,2024-01-03,0,0,0
STORE0012,SKU0006,2024-01-04,0,0,0
STORE0012,SKU0006,2024-01-05,0,0,0
STORE0012,SKU0006,2024-01-06,0,1,0
STORE0012,SKU0006,2024-01-07,0,1,0
STORE0012,SKU0006,2024-01-08,0,0,0
STORE0012,SKU0006,2024-01-09,0,0,0
STORE0012,SKU0006,2024-01-10,0,0,0
STORE0012,SKU0006,2024-01-11,0,0,0
STORE0012,SKU0006,2024-01-12,0,0,0
STORE0012,SKU0006,2024-01-13,0,1,0
STORE0012,SKU0006,2024-01-14,0,1,0
STORE0012,SKU0007,2024-01-01,0,0,0
STORE0012,SKU0007,2024-01-02,0,0,0
STORE0012,SKU0007,2024-01-03,0,0,0
STORE0012,SKU0007,2024-01-04,0,0,0
STORE0012,SKU0007,2024-01-05,0,0,0
STORE0012,SKU0007,2024-01-06,0,1,0
STORE0012,SKU0007,2024-01-07,0,1,0
STORE0012,SKU0007,2024-01-08,0,0,0
STORE0012,SKU0007,2024-01-09,0,0,0
STORE0012,SKU0007,2024-01-10,0,0,0
STORE0012,SKU0007,2024-01-11,0,0,0
STORE0012,SKU0007,2024-01-12,0,0,0
STORE0012,SKU0007,2024-01-13,0,1,0
STORE0012,SKU0007,2024-01-14,0,1,0
STORE0012,SKU0008,2024-01-01,0,0,0
STORE0012,SKU0008,2024-01-02,0,0,0
STORE0012,SKU0008,2024-01-03,0,0,0
STORE0012,SKU0008,2024-01-04,0,0,0
STORE0012,SKU0008,2024-01-05,0,0,0
STORE0012,SKU0008,2024-01-06,0,1,0
STORE0012,SKU0008,2024-01-07,0,1,0
STORE0012,SKU0008,2024-01-08,0,0,0
STORE0012,SKU0008,2024-01-09,0,0,0
STORE0012,SKU0008,2024-01-10,0,0,0
STORE0012,SKU0008,2024-01-11,0,0,0
STORE0012,SKU0008,2024-01-12,0,0,0
STORE0012,SKU0008,2024-01-13,0,1,0
STORE0012,SKU0008,2024-01-14,0,1,0
STORE0012,SKU0009,2024-01-01,0,0,0
STORE0012,SKU0009,2024-01-02,0,0,0
STORE0012,SKU0009,2024-01-03,0,0,0
STORE0012,SKU0009,2024-01-04,0,0,0
STORE0012,SKU0009,2024-01-05,0,0,0
STORE0012,SKU0009,2024-01-06,0,1,0
STORE0012,SKU0009,2024-01-07,0,1,0
STORE0012,SKU0009,2024-01-08,0,0,0
STORE0012,SKU0009,2024-01-09,0,0,0
STORE0012,SKU0009,2024-01-10,0,0,0
STORE0012,SKU0009,2024-01-11,0,0,0
STORE0012,SKU0009,2024-01-12,0,0,0
STORE0012,SKU0009,2024-01-13,0,1,0
STORE0012,SKU0009,2024-01-14,0,1,0
STORE0012,SKU0010,2024-01-01,0,0,0
STORE0012,SKU0010,2024-01-02,0,0,0
STORE0012,SKU0010,2024-01-03,0,0,0
STORE0012,SKU0010,2024-01-04,0,0,0
STORE0012,SKU0010,2024-01-05,0,0,0
STORE0012,SKU0010,2024-01-06,0,1,0
STORE0012,SKU0010,2024-01-07,0,1,0
STORE0012,SKU0010,2024-01-08,0,0,0
STORE0012,SKU0010,2024-01-09,0,0,0
STORE0012,SKU0010,2024-01-10,0,0,0
STORE0012,SKU0010,2024-01-11,0,0,0
STORE0012,SKU0010,2024-01-12,0,0,0
STORE0012,SKU0010,2024-01-13,0,1,0
STORE0012,SKU0010,2024-01-14,0,1,0
STORE0012,SKU0013,2024-01-01,0,0,0
STORE0012,SKU0013,2024-01-02,0,0,0
STORE0012,SKU0013,2024-01-03,0,0,0
STORE0012,SKU0013,2024-01-04,0,0,0
STORE0012,SKU0013,2024-01-05,0,0,0
STORE0012,SKU0013,2024-01-06,0,1,0
STORE0012,SKU0013,2024-01-07,0,1,0
STORE0012,SKU0013,2024-01-08,0,0,0
STORE0012,SKU0013,2024-01-09,0,0,0
STORE0012,SKU0013,2024-01-10,0,0,0
STORE0012,SKU0013,2024-01-11,0,0,0
STORE0012,SKU0013,2024-01-12,0,0,0
STORE0012,SKU0013,2024-01-13,0,1,0
STORE0012,SKU0013,2024-01-14,0,1,0
STORE0012,SKU0014,2024-01-01,0,0,0
STORE0012,SKU0014,2024-01-02,0,0,0
STORE0012,SKU0014,2024-01-03,0,0,0
STORE0012,SKU0014,2024-01-04,0,0,0
STORE0012,SKU0014,2024-01-05,0,0,0
STORE0012,SKU0014,2024-01-06,0,1,0
STORE0012,SKU0014,2024-01-07,0,1,0
STORE0012,SKU0014,2024-01-08,0,0,0
STORE0012,SKU0014,2024-01-09,0,0,0
STORE0012,SKU0014,2024-01-10,0,0,0
STORE0012,SKU0014,2024-01-11,0,0,0
STORE0012,SKU0014,2024-01-12,0,0,0
STORE0012,SKU0014,2024-01-13,0,1,0
STORE0012,SKU0014,2024-01-14,0,1,0
STORE0012,SKU0015,2024-01-01,0,0,0
STORE0012,SKU0015,2024-01-02,0,0,0
STORE0012,SKU0015,2024-01-03,0,0,0
STORE0012,SKU0015,2024-01-04,0,0,0
STORE0012,SKU0015,2024-01-05,0,0,0
STORE0012,SKU0015,2024-01-06,0,1,0
STORE0012,SKU0015,2024-01-07,0,1,0
STORE0012,SKU0015,2024-01-08,0,0,0
STORE0012,SKU0015,2024-01-09,0,0,0
STORE0012,SKU0015,2024-01-10,0,0,0
STORE0012,SKU0015,2024-01-11,0,0,0
STORE0012,SKU0015,2024-01-12,0,0,0
STORE0012,SKU0015,2024-01-13,0,1,0
STORE0012,SKU0015,2024-01-14,0,1,0
STORE0012,SKU0016,2024-01-01,0,0,0
STORE0012,SKU0016,2024-01-02,0,0,0
STORE0012,SKU0016,2024-01-03,0,0,0
STORE0012,SKU0016,2024-01-04,0,0,0
STORE0012,SKU0016,2024-01-05,0,0,0
STORE0012,SKU0016,2024-01-06,0,1,0
STORE0012,SKU0016,2024-01-07,0,1,0
STORE0012,SKU0016,2024-01-08,0,0,0
STORE0012,SKU0016,2024-01-09,0,0,0
STORE0012,SKU0016,2024-01-10,0,0,0
STORE0012,SKU0016,2024-01-11,0,0,0
STORE0012,SKU0016,2024-01-12,0,0,0
STORE0012,SKU0016,2024-01-13,0,1,0
STORE0012,SKU0016,2024-01-14,0,1,0
STORE0012,SKU0017,2024-01-01,0,0,0
STORE0012,SKU0017,2024-01-02,0,0,0
STORE0012,SKU0017,2024-01-03,0,0,0
STORE0012,SKU0017,2024-01-04,0,0,0
STORE0012,SKU0017,2024-01-05,0,0,0
STORE0012,SKU0017,2024-01-06,0,1,0
STORE0012,SKU0017,2024-01-07,0,1,0
STORE0012,SKU0017,2024-01-08,0,0,0
STORE0012,SKU0017,2024-01-09,0,0,0
STORE0012,SKU0017,2024-01-10,0,0,0
STORE0012,SKU0017,2024-01-11,0,0,0
STORE0012,SKU0017,2024-01-12,0,0,0
STORE0012,SKU0017,2024-01-13,0,1,0
STORE0012,SKU0017,2024-01-14,0,1,0
STORE0012,SKU0018,2024-01-01,0,0,0
STORE0012,SKU0018,2024-01-02,0,0,0
STORE0012,SKU0018,2024-01-03,0,0,0
STORE0012,SKU0018,2024-01-04,0,0,0
STORE0012,SKU0018,2024-01-05,0,0,0
STORE0012,SKU0018,2024-01-06,0,1,0
STORE0012,SKU0018,2024-01-07,0,1,0
STORE0012,SKU0018,2024-01-08,0,0,0
STORE0012,SKU0018,2024-01-09,0,0,0
STORE0012,SKU0018,2024-01-10,0,0,0
STORE0012,SKU0018,2024-01-11,0,0,0
STORE0012,SKU0018,2024-01-12,0,0,0
STORE0012,SKU0018,2024-01-13,0,1,0
STORE0012,SKU0018,2024-01-14,0,1,0
STORE0012,SKU0019,2024-01-01,0,0,0
STORE0012,SKU0019,2024-01-02,0,0,0
STORE0012,SKU0019,2024-01-03,0,0,0
STORE0012,SKU0019,2024-01-04,0,0,0
STORE0012,SKU0019,2024-01-05,0,0,0
STORE0012,SKU0019,2024-01-06,0,1,0
STORE0012,SKU0019,2024-01-07,0,1,0
STORE0012,SKU0019,2024-01-08,0,0,0
STORE0012,SKU0019,2024-01-09,0,0,0
STORE0012,SKU0019,2024-01-10,0,0,0
STORE0012,SKU0019,2024-01-11,0,0,0
STORE0012,SKU0019,2024-01-12,0,0,0
STORE0012,SKU0019,2024-01-13,0,1,0
STORE0012,SKU0019,2024-01-14,0,1,0
STORE0012,SKU0020,2024-01-01,0,0,0
STORE0012,SKU0020,2024-01-02,0,0,0
STORE0012,SKU0020,2024-01-03,0,0,0
STORE0012,SKU0020,2024-01-04,0,0,0
STORE0012,SKU0020,2024-01-05,0,0,0
STORE0012,SKU0020,2024-01-06,0,1,0
STORE0012,SKU0020,2024-01-07,0,1,0
STORE0012,SKU0020,2024-01-08,0,0,0
STORE0012,SKU0020,2024-01-09,0,0,0
STORE0012,SKU0020,2024-01-10,0,0,0
STORE0012,SKU0020,2024-01-11,0,0,0
STORE0012,SKU0020,2024-01-12,0,0,0
STORE0012,SKU0020,2024-01-13,0,1,0
STORE0012,SKU0020,2024-01-14,0,1,0
STORE0012,SKU0022,2024-01-01,0,0,0
STORE0012,SKU0022,2024-01-02,0,0,0
STORE0012,SKU0022,2024-01-03,0,0,0
STORE0012,SKU0022,2024-01-04,0,0,0
STORE0012,SKU0022,2024-01-05,0,0,0
STORE0012,SKU0022,2024-01-06,0,1,0
STORE0012,SKU0022,2024-01-07,0,1,0
STORE0012,SKU0022,2024-01-08,0,0,0
STORE0012,SKU0022,2024-01-09,0,0,0
STORE0012,SKU0022,2024-01-10,0,0,0
STORE0012,SKU0022,2024-01-11,0,0,0
STORE0012,SKU0022,2024-01-12,0,0,0
STORE0012,SKU0022,2024-01-13,0,1,0
STORE0012,SKU0022,2024-01-14,0,1,0
STORE0012,SKU0023,2024-01-01,0,0,0
STORE0012,SKU0023,2024-01-02,0,0,0
STORE0012,SKU0023,2024-01-03,0,0,0
STORE0012,SKU0023,2024-01-04,0,0,0
STORE0012,SKU0023,2024-01-05,0,0,0
STORE0012,SKU0023,2024-01-06,0,1,0
STORE0012,SKU0023,2024-01-07,0,1,0
STORE0012,SKU0023,2024-01-08,0,0,0
STORE0012,SKU0023,2024-01-09,0,0,0
STORE0012,SKU0023,2024-01-10,0,0,0
STORE0012,SKU0023,2024-01-11,0,0,0
STORE0012,SKU0023,2024-01-12,0,0,0
STORE0012,SKU0023,2024-01-13,0,1,0
STORE0012,SKU0023,2024-01-14,0,1,0
STORE0012,SKU0025,2024-01-01,0,0,0
STORE0012,SKU0025,2024-01-02,0,0,0
STORE0012,SKU0025,2024-01-03,0,0,0
STORE0012,SKU0025,2024-01-04,0,0,0
STORE0012,SKU0025,2024-01-05,0,0,0
STORE0012,SKU0025,2024-01-06,0,1,0
STORE0012,SKU0025,2024-01-07,0,1,0
STORE0012,SKU0025,2024-01-08,0,0,0
STORE0012,SKU0025,2024-01-09,0,0,0
STORE0012,SKU0025,2024-01-10,0,0,0
STORE0012,SKU0025,2024-01-11,0,0,0
STORE0012,SKU0025,2024-01-12,0,0,0
STORE0012,SKU0025,2024-01-13,0,1,0
STORE0012,SKU0025,2024-01-14,0,1,0
STORE0012,SKU0026,2024-01-01,0,0,0
STORE0012,SKU0026,2024-01-02,0,0,0
STORE0012,SKU0026,2024-01-03,0,0,0
STORE0012,SKU0026,2024-01-04,0,0,0
STORE0012,SKU0026,2024-01-05,0,0,0
STORE0012,SKU0026,2024-01-06,0,1,0
STORE0012,SKU0026,2024-01-07,0,1,0
STORE0012,SKU0026,2024-01-08,0,0,0
STORE0012,SKU0026,2024-01-09,0,0,0
STORE0012,SKU0026,2024-01-10,0,0,0
STORE0012,SKU0026,2024-01-11,0,0,0
STORE0012,SKU0026,2024-01-12,0,0,0
STORE0012,SKU0026,2024-01-13,0,1,0
STORE0012,SKU0026,2024-01-14,0,1,0
STORE0012,SKU0027,2024-01-01,0,0,0
STORE0012,SKU0027,2024-01-02,0,0,0
STORE0012,SKU0027,2024-01-03,0,0,0
STORE0012,SKU0027,2024-01-04,0,0,0
STORE0012,SKU0027,2024-01-05,0,0,0
STORE0012,SKU0027,2024-01-06,0,1,0
STORE0012,SKU0027,2024-01-07,0,1,0
STORE0012,SKU0027,2024-01-08,0,0,0
STORE0012,SKU0027,2024-01-09,0,0,0
STORE0012,SKU0027,2024-01-10,0,0,0
STORE0012,SKU0027,2024-01-11,0,0,0
STORE0012,SKU0027,2024-01-12,0,0,0
STORE0012,SKU0027,2024-01-13,0,1,0
STORE0012,SKU0027,2024-01-14,0,1,0
STORE0012,SKU0028,2024-01-01,0,0,0
STORE0012,SKU0028,2024-01-02,0,0,0
STORE0012,SKU0028,2024-01-03,0,0,0
STORE0012,SKU0028,2024-01-04,0,0,0
STORE0012,SKU0028,2024-01-05,0,0,0
STORE0012,SKU0028,2024-01-06,0,1,0
STORE0012,SKU0028,2024-01-07,0,1,0
STORE0012,SKU0028,2024-01-08,0,0,0
STORE0012,SKU0028,2024-01-09,0,0,0
STORE0012,SKU0028,2024-01-10,0,0,0
STORE0012,SKU0028,2024-01-11,0,0,0
STORE0012,SKU0028,2024-01-12,0,0,0
STORE0012,SKU0028,2024-01-13,0,1,0
STORE0012,SKU0028,2024-01-14,0,1,0
STORE0012,SKU0029,2024-01-01,0,0,0
STORE0012,SKU0029,2024-01-02,0,0,0
STORE0012,SKU0029,2024-01-03,0,0,0
STORE0012,SKU0029,2024-01-04,0,0,0
STORE0012,SKU0029,2024-01-05,0,0,0
STORE0012,SKU0029,2024-01-06,0,1,0
STORE0012,SKU0029,2024-01-07,0,1,0
STORE0012,SKU0029,2024-01-08,0,0,0
STORE0012,SKU0029,2024-01-09,0,0,0
STORE0012,SKU0029,2024-01-10,0,0,0
STORE0012,SKU0029,2024-01-11,0,0,0
STORE0012,SKU0029,2024-01-12,0,0,0
STORE0012,SKU0029,2024-01-13,0,1,0
STORE0012,SKU0029,2024-01-14,0,1,0
STORE0012,SKU0030,2024-01-01,0,0,0
STORE0012,SKU0030,2024-01-02,0,0,0
STORE0012,SKU0030,2024-01-03,0,0,0
STORE0012,SKU0030,2024-01-04,0,0,0
STORE0012,SKU0030,2024-01-05,0,0,0
STORE0012,SKU0030,2024-01-06,0,1,0
STORE0012,SKU0030,2024-01-07,0,1,0
STORE0012,SKU0030,2024-01-08,0,0,0
STORE0012,SKU0030,2024-01-09,0,0,0
STORE0012,SKU0030,2024-01-10,0,0,0
STORE0012,SKU0030,2024-01-11,0,0,0
STORE0012,SKU0030,2024-01-12,0,0,0
STORE0012,SKU0030,2024-01-13,0,1,0
STORE0012,SKU0030,2024-01-14,0,1,0
STORE0012,SKU0032,2024-01-01,0,0,0
STORE0012,SKU0032,2024-01-02,0,0,0
STORE0012,SKU0032,2024-01-03,0,0,0
STORE0012,SKU0032,2024-01-04,0,0,0
STORE0012,SKU0032,2024-01-05,0,0,0
STORE0012,SKU0032,2024-01-06,0,1,0
STORE0012,SKU0032,2024-01-07,0,1,0
STORE0012,SKU0032,2024-01-08,0,0,0
STORE0012,SKU0032,2024-01-09,0,0,0
STORE0012,SKU0032,2024-01-10,0,0,0
STORE0012,SKU0032,2024-01-11,0,0,0
STORE0012,SKU0032,2024-01-12,0,0,0
STORE0012,SKU0032,2024-01-13,0,1,0
STORE0012,SKU0032,2024-01-14,0,1,0
STORE0012,SKU0033,2024-01-01,0,0,0
STORE0012,SKU0033,2024-01-02,0,0,0
STORE0012,SKU0033,2024-01-03,0,0,0
STORE0012,SKU0033,2024-01-04,0,0,0
STORE0012,SKU0033,2024-01-05,0,0,0
STORE0012,SKU0033,2024-01-06,0,1,0
STORE0012,SKU0033,2024-01-07,0,1,0
STORE0012,SKU0033,2024-01-08,0,0,0
STORE0012,SKU0033,2024-01-09,0,0,0
STORE0012,SKU0033,2024-01-10,0,0,0
STORE0012,SKU0033,2024-01-11,0,0,0
STORE0012,SKU0033,2024-01-12,0,0,0
STORE0012,SKU0033,2024-01-13,0,1,0
STORE0012,SKU0033,2024-01-14,0,1,0
STORE0012,SKU0034,2024-01-01,0,0,0
STORE0012,SKU0034,2024-01-02,0,0,0
STORE0012,SKU0034,2024-01-03,0,0,0
STORE0012,SKU0034,2024-01-04,0,0,0
STORE0012,SKU0034,2024-01-05,0,0,0
STORE0012,SKU0034,2024-01-06,0,1,0
STORE0012,SKU0034,2024-01-07,0,1,0
STORE0012,SKU0034,2024-01-08,0,0,0
STORE0012,SKU0034,2024-01-09,0,0,0
STORE0012,SKU0034,2024-01-10,0,0,0
STORE0012,SKU0034,2024-01-11,0,0,0
STORE0012,SKU0034,2024-01-12,0,0,0
STORE0012,SKU0034,2024-01-13,0,1,0
STORE0012,SKU0034,2024-01-14,0,1,0
STORE0012,SKU0035,2024-01-01,0,0,0
STORE0012,SKU0035,2024-01-02,0,0,0
STORE0012,SKU0035,2024-01-03,0,0,0
STORE0012,SKU0035,2024-01-04,0,0,0
STORE0012,SKU0035,2024-01-05,0,0,0
STORE0012,SKU0035,2024-01-06,0,1,0
STORE0012,SKU0035,2024-01-07,0,1,0
STORE0012,SKU0035,2024-01-08,0,0,0
STORE0012,SKU0035,2024-01-09,0,0,0
STORE0012,SKU0035,2024-01-10,0,0,0
STORE0012,SKU0035,2024-01-11,0,0,0
STORE0012,SKU0035,2024-01-12,0,0,0
STORE0012,SKU0035,2024-01-13,0,1,0
STORE0012,SKU0035,2024-01-14,0,1,0
STORE0012,SKU0036,2024-01-01,0,0,0
STORE0012,SKU0036,2024-01-02,0,0,0
STORE0012,SKU0036,2024-01-03,0,0,0
STORE0012,SKU0036,2024-01-04,0,0,0
STORE0012,SKU0036,2024-01-05,0,0,0
STORE0012,SKU0036,2024-01-06,0,1,0
STORE0012,SKU0036,2024-01-07,0,1,0
STORE0012,SKU0036,2024-01-08,0,0,0
STORE0012,SKU0036,2024-01-09,0,0,0
STORE0012,SKU0036,2024-01-10,0,0,0
STORE0012,SKU0036,2024-01-11,0,0,0
STORE0012,SKU0036,2024-01-12,0,0,0
STORE0012,SKU0036,2024-01-13,0,1,0
STORE0012,SKU0036,2024-01-14,0,1,0
STORE0012,SKU0037,2024-01-01,0,0,0
STORE0012,SKU0037,2024-01-02,0,0,0
STORE0012,SKU0037,2024-01-03,0,0,0
STORE0012,SKU0037,2024-01-04,0,0,0
STORE0012,SKU0037,2024-01-05,0,0,0
STORE0012,SKU0037,2024-01-06,0,1,0
STORE0012,SKU0037,2024-01-07,0,1,0
STORE0012,SKU0037,2024-01-08,0,0,0
STORE0012,SKU0037,2024-01-09,0,0,0
STORE0012,SKU0037,2024-01-10,0,0,0
STORE0012,SKU0037,2024-01-11,0,0,0
STORE0012,SKU0037,2024-01-12,0,0,0
STORE0012,SKU0037,2024-01-13,0,1,0
STORE0012,SKU0037,2024-01-14,0,1,0
STORE0012,SKU0038,2024-01-01,0,0,0
STORE0012,SKU0038,2024-01-02,0,0,0
STORE0012,SKU0038,2024-01-03,0,0,0
STORE0012,SKU0038,2024-01-04,0,0,0
STORE0012,SKU0038,2024-01-05,0,0,0
STORE0012,SKU0038,2024-01-06,0,1,0
STORE0012,SKU0038,2024-01-07,0,1,0
STORE0012,SKU0038,2024-01-08,0,0,0
STORE0012,SKU0038,2024-01-09,0,0,0
STORE0012,SKU0038,2024-01-10,0,0,0
STORE0012,SKU0038,2024-01-11,0,0,0
STORE0012,SKU0038,2024-01-12,0,0,0
STORE0012,SKU0038,2024-01-13,0,1,0
STORE0012,SKU0038,2024-01-14,0,1,0
STORE0012,SKU0039,2024-01-01,0,0,0
STORE0012,SKU0039,2024-01-02,0,0,0
STORE0012,SKU0039,2024-01-03,0,0,0
STORE0012,SKU0039,2024-01-04,0,0,0
STORE0012,SKU0039,2024-01-05,0,0,0
STORE0012,SKU0039,2024-01-06,0,1,0
STORE0012,SKU0039,2024-01-07,0,1,0
STORE0012,SKU0039,2024-01-08,0,0,0
STORE0012,SKU0039,2024-01-09,0,0,0
STORE0012,SKU0039,2024-01-10,0,0,0
STORE0012,SKU0039,2024-01-11,0,0,0
STORE0012,SKU0039,2024-01-12,0,0,0
STORE0012,SKU0039,2024-01-13,0,1,0
STORE0012,SKU0039,2024-01-14,0,1,0
STORE0012,SKU0043,2024-01-01,0,0,0
STORE0012,SKU0043,2024-01-02,0,0,0
STORE0012,SKU0043,2024-01-03,0,0,0
STORE0012,SKU0043,2024-01-04,0,0,0
STORE0012,SKU0043,2024-01-05,0,0,0
STORE0012,SKU0043,2024-01-06,0,1,0
STORE0012,SKU0043,2024-01-07,0,1,0
STORE0012,SKU0043,2024-01-08,0,0,0
STORE0012,SKU0043,2024-01-09,0,0,0
STORE0012,SKU0043,2024-01-10,0,0,0
STORE0012,SKU0043,2024-01-11,0,0,0
STORE0012,SKU0043,2024-01-12,0,0,0
STORE0012,SKU0043,2024-01-13,0,1,0
STORE0012,SKU0043,2024-01-14,0,1,0
STORE0012,SKU0044,2024-01-01,0,0,0
STORE0012,SKU0044,2024-01-02,0,0,0
STORE0012,SKU0044,2024-01-03,0,0,0
STORE0012,SKU0044,2024-01-04,0,0,0
STORE0012,SKU0044,2024-01-05,0,0,0
STORE0012,SKU0044,2024-01-06,0,1,0
STORE0012,SKU0044,2024-01-07,0,1,0
STORE0012,SKU0044,2024-01-08,0,0,0
STORE0012,SKU0044,2024-01-09,0,0,0
STORE0012,SKU0044,2024-01-10,0,0,0
STORE0012,SKU0044,2024-01-11,0,0,0
STORE0012,SKU0044,2024-01-12,0,0,0
STORE0012,SKU0044,2024-01-13,0,1,0
STORE0012,SKU0044,2024-01-14,0,1,0
STORE0012,SKU0046,2024-01-01,0,0,0
STORE0012,SKU0046,2024-01-02,0,0,0
STORE0012,SKU0046,2024-01-03,0,0,0
STORE0012,SKU0046,2024-01-04,0,0,0
STORE0012,SKU0046,2024-01-05,0,0,0
STORE0012,SKU0046,2024-01-06,0,1,0
STORE0012,SKU0046,2024-01-07,0,1,0
STORE0012,SKU0046,2024-01-08,0,0,0
STORE0012,SKU0046,2024-01-09,0,0,0
STORE0012,SKU0046,2024-01-10,0,0,0
STORE0012,SKU0046,2024-01-11,0,0,0
STORE0012,SKU0046,2024-01-12,0,0,0
STORE0012,SKU0046,2024-01-13,0,1,0
STORE0012,SKU0046,2024-01-14,0,1,0
STORE0012,SKU0047,2024-01-01,0,0,0
STORE0012,SKU0047,2024-01-02,0,0,0
STORE0012,SKU0047,2024-01-03,0,0,0
STORE0012,SKU0047,2024-01-04,0,0,0
STORE0012,SKU0047,2024-01-05,0,0,0
STORE0012,SKU0047,2024-01-06,0,1,0
STORE0012,SKU0047,2024-01-07,0,1,0
STORE0012,SKU0047,2024-01-08,0,0,0
STORE0012,SKU0047,2024-01-09,0,0,0
STORE0012,SKU0047,2024-01-10,0,0,0
STORE0012,SKU0047,2024-01-11,0,0,0
STORE0012,SKU0047,2024-01-12,0,0,0
STORE0012,SKU0047,2024-01-13,0,1,0
STORE0012,SKU0047,2024-01-14,0,1,0
STORE0012,SKU0048,2024-01-01,0,0,0
STORE0012,SKU0048,2024-01-02,0,0,0
STORE0012,SKU0048,2024-01-03,0,0,0
STORE0012,SKU0048,2024-01-04,0,0,0
STORE0012,SKU0048,2024-01-05,0,0,0
STORE0012,SKU0048,2024-01-06,0,1,0
STORE0012,SKU0048,2024-01-07,0,1,0
STORE0012,SKU0048,2024-01-08,0,0,0
STORE0012,SKU0048,2024-01-09,0,0,0
STORE0012,SKU0048,2024-01-10,0,0,0
STORE0012,SKU0048,2024-01-11,0,0,0
STORE0012,SKU0048,2024-01-12,0,0,0
STORE0012,SKU0048,2024-01-13,0,1,0
STORE0012,SKU0048,2024-01-14,0,1,0
STORE0012,SKU0050,2024-01-01,0,0,0
STORE0012,SKU0050,2024-01-02,0,0,0
STORE0012,SKU0050,2024-01-03,0,0,0
STORE0012,SKU0050,2024-01-04,0,0,0
STORE0012,SKU0050,2024-01-05,0,0,0
STORE0012,SKU0050,2024-01-06,0,1,0
STORE0012,SKU0050,2024-01-07,0,1,0
STORE0012,SKU0050,2024-01-08,0,0,0
STORE0012,SKU0050,2024-01-09,0,0,0
STORE0012,SKU0050,2024-01-10,0,0,0
STORE0012,SKU0050,2024-01-11,0,0,0
STORE0012,SKU0050,2024-01-12,0,0,0
STORE0012,SKU0050,2024-01-13,0,1,0
STORE0012,SKU0050,2024-01-14,0,1,0
STORE0012,SKU0052,2024-01-01,0,0,0
STORE0012,SKU0052,2024-01-02,0,0,0
STORE0012,SKU0052,2024-01-03,0,0,0
STORE0012,SKU0052,2024-01-04,0,0,0
STORE0012,SKU0052,2024-01-05,0,0,0
STORE0012,SKU0052,2024-01-06,0,1,0
STORE0012,SKU0052,2024-01-07,0,1,0
STORE0012,SKU0052,2024-01-08,0,0,0
STORE0012,SKU0052,2024-01-09,0,0,0
STORE0012,SKU0052,2024-01-10,0,0,0
STORE0012,SKU0052,2024-01-11,0,0,0
STORE0012,SKU0052,2024-01-12,0,0,0
STORE0012,SKU0052,2024-01-13,0,1,0
STORE0012,SKU0052,2024-01-14,0,1,0
STORE0012,SKU0053,2024-01-01,0,0,0
STORE0012,SKU0053,2024-01-02,0,0,0
STORE0012,SKU0053,2024-01-03,0,0,0
STORE0012,SKU0053,2024-01-04,0,0,0
STORE0012,SKU0053,2024-01-05,0,0,0
STORE0012,SKU0053,2024-01-06,0,1,0
STORE0012,SKU0053,2024-01-07,0,1,0
STORE0012,SKU0053,2024-01-08,0,0,0
STORE0012,SKU0053,2024-01-09,0,0,0
STORE0012,SKU0053,2024-01-10,0,0,0
STORE0012,SKU0053,2024-01-11,0,0,0
STORE0012,SKU0053,2024-01-12,0,0,0
STORE0012,SKU0053,2024-01-13,0,1,0
STORE0012,SKU0053,2024-01-14,0,1,0
STORE0012,SKU0054,2024-01-01,0,0,0
STORE0012,SKU0054,2024-01-02,0,0,0
STORE0012,SKU0054,2024-01-03,0,0,0
STORE0012,SKU0054,2024-01-04,0,0,0
STORE0012,SKU0054,2024-01-05,0,0,0
STORE0012,SKU0054,2024-01-06,0,1,0
STORE0012,SKU0054,2024-01-07,0,1,0
STORE0012,SKU0054,2024-01-08,0,0,0
STORE0012,SKU0054,2024-01-09,0,0,0
STORE0012,SKU0054,2024-01-10,0,0,0
STORE0012,SKU0054,2024-01-11,0,0,0
STORE0012,SKU0054,2024-01-12,0,0,0
STORE0012,SKU0054,2024-01-13,0,1,0
STORE0012,SKU0054,2024-01-14,0,1,0
STORE0012,SKU0055,2024-01-01,0,0,0
STORE0012,SKU0055,2024-01-02,0,0,0
STORE0012,SKU0055,2024-01-03,0,0,0
STORE0012,SKU0055,2024-01-04,0,0,0
STORE0012,SKU0055,2024-01-05,0,0,0
STORE0012,SKU0055,2024-01-06,0,1,0
STORE0012,SKU0055,2024-01-07,0,1,0
STORE0012,SKU0055,2024-01-08,0,0,0
STORE0012,SKU0055,2024-01-09,0,0,0
STORE0012,SKU0055,2024-01-10,0,0,0
STORE0012,SKU0055,2024-01-11,0,0,0
STORE0012,SKU0055,2024-01-12,0,0,0
STORE0012,SKU0055,2024-01-13,0,1,0
STORE0012,SKU0055,2024-01-14,0,1,0
STORE0012,SKU0056,2024-01-01,0,0,0
STORE0012,SKU0056,2024-01-02,0,0,0
STORE0012,SKU0056,2024-01-03,0,0,0
STORE0012,SKU0056,2024-01-04,0,0,0
STORE0012,SKU0056,2024-01-05,0,0,0
STORE0012,SKU0056,2024-01-06,0,1,0
STORE0012,SKU0056,2024-01-07,0,1,0
STORE0012,SKU0056,2024-01-08,0,0,0
STORE0012,SKU0056,2024-01-09,0,0,0
STORE0012,SKU0056,2024-01-10,0,0,0
STORE0012,SKU0056,2024-01-11,0,0,0
STORE0012,SKU0056,2024-01-12,0,0,0
STORE0012,SKU0056,2024-01-13,0,1,0
STORE0012,SKU0056,2024-01-14,0,1,0
STORE0012,SKU0057,2024-01-01,0,0,0
STORE0012,SKU0057,2024-01-02,0,0,0
STORE0012,SKU0057,2024-01-03,0,0,0
STORE0012,SKU0057,2024-01-04,0,0,0
STORE0012,SKU0057,2024-01-05,0,0,0
STORE0012,SKU0057,2024-01-06,0,1,0
STORE0012,SKU0057,2024-01-07,0,1,0
STORE0012,SKU0057,2024-01-08,0,0,0
STORE0012,SKU0057,2024-01-09,0,0,0
STORE0012,SKU0057,2024-01-10,0,0,0
STORE0012,SKU0057,2024-01-11,0,0,0
STORE0012,SKU0057,2024-01-12,0,0,0
STORE0012,SKU0057,2024-01-13,0,1,0
STORE0012,SKU0057,2024-01-14,0,1,0
STORE0012,SKU0058,2024-01-01,0,0,0
STORE0012,SKU0058,2024-01-02,0,0,0
STORE0012,SKU0058,2024-01-03,0,0,0
STORE0012,SKU0058,2024-01-04,0,0,0
STORE0012,SKU0058,2024-01-05,0,0,0
STORE0012,SKU0058,2024-01-06,0,1,0
STORE0012,SKU0058,2024-01-07,0,1,0
STORE0012,SKU0058,2024-01-08,0,0,0
STORE0012,SKU0058,2024-01-09,0,0,0
STORE0012,SKU0058,2024-01-10,0,0,0
STORE0012,SKU0058,2024-01-11,0,0,0
STORE0012,SKU0058,2024-01-12,0,0,0
STORE0012,SKU0058,2024-01-13,0,1,0
STORE0012,SKU0058,2024-01-14,0,1,0
STORE0012,SKU0059,2024-01-01,0,0,0
STORE0012,SKU0059,2024-01-02,0,0,0
STORE0012,SKU0059,2024-01-03,0,0,0
STORE0012,SKU0059,2024-01-04,0,0,0
STORE0012,SKU0059,2024-01-05,0,0,0
STORE0012,SKU0059,2024-01-06,0,1,0
STORE0012,SKU0059,2024-01-07,0,1,0
STORE0012,SKU0059,2024-01-08,0,0,0
STORE0012,SKU0059,2024-01-09,0,0,0
STORE0012,SKU0059,2024-01-10,0,0,0
STORE0012,SKU0059,2024-01-11,0,0,0
STORE0012,SKU0059,2024-01-12,0,0,0
STORE0012,SKU0059,2024-01-13,0,1,0
STORE0012,SKU0059,2024-01-14,0,1,0
STORE0012,SKU0060,2024-01-01,0,0,0
STORE0012,SKU0060,2024-01-02,0,0,0
STORE0012,SKU0060,2024-01-03,0,0,0
STORE0012,SKU0060,2024-01-04,0,0,0
STORE0012,SKU0060,2024-01-05,0,0,0
STORE0012,SKU0060,2024-01-06,0,1,0
STORE0012,SKU0060,2024-01-07,0,1,0
STORE0012,SKU0060,2024-01-08,0,0,0
STORE0012,SKU0060,2024-01-09,0,0,0
STORE0012,SKU0060,2024-01-10,0,0,0
STORE0012,SKU0060,2024-01-11,0,0,0
STORE0012,SKU0060,2024-01-12,0,0,0
STORE0012,SKU0060,2024-01-13,0,1,0
STORE0012,SKU0060,2024-01-14,0,1,0
STORE0012,SKU0061,2024-01-01,0,0,0
STORE0012,SKU0061,2024-01-02,0,0,0
STORE0012,SKU0061,2024-01-03,0,0,0
STORE0012,SKU0061,2024-01-04,0,0,0
STORE0012,SKU0061,2024-01-05,0,0,0
STORE0012,SKU0061,2024-01-06,0,1,0
STORE0012,SKU0061,2024-01-07,0,1,0
STORE0012,SKU0061,2024-01-08,0,0,0
STORE0012,SKU0061,2024-01-09,0,0,0
STORE0012,SKU0061,2024-01-10,0,0,0
STORE0012,SKU0061,2024-01-11,0,0,0
STORE0012,SKU0061,2024-01-12,0,0,0
STORE0012,SKU0061,2024-01-13,0,1,0
STORE0012,SKU0061,2024-01-14,0,1,0
STORE0012,SKU0062,2024-01-01,0,0,0
STORE0012,SKU0062,2024-01-02,0,0,0
STORE0012,SKU0062,2024-01-03,0,0,0
STORE0012,SKU0062,2024-01-04,0,0,0
STORE0012,SKU0062,2024-01-05,0,0,0
STORE0012,SKU0062,2024-01-06,0,1,0
STORE0012,SKU0062,2024-01-07,0,1,0
STORE0012,SKU0062,2024-01-08,0,0,0
STORE0012,SKU0062,2024-01-09,0,0,0
STORE0012,SKU0062,2024-01-10,0,0,0
STORE0012,SKU0062,2024-01-11,0,0,0
STORE0012,SKU0062,2024-01-12,0,0,0
STORE0012,SKU0062,2024-01-13,0,1,0
STORE0012,SKU0062,2024-01-14,0,1,0
STORE0012,SKU0064,2024-01-01,0,0,0
STORE0012,SKU0064,2024-01-02,0,0,0
STORE0012,SKU0064,2024-01-03,0,0,0
STORE0012,SKU0064,2024-01-04,0,0,0
STORE0012,SKU0064,2024-01-05,0,0,0
STORE0012,SKU0064,2024-01-06,0,1,0
STORE0012,SKU0064,2024-01-07,0,1,0
STORE0012,SKU0064,2024-01-08,0,0,0
STORE0012,SKU0064,2024-01-09,0,0,0
STORE0012,SKU0064,2024-01-10,0,0,0
STORE0012,SKU0064,2024-01-11,0,0,0
STORE0012,SKU0064,2024-01-12,0,0,0
STORE0012,SKU0064,2024-01-13,0,1,0
STORE0012,SKU0064,2024-01-14,0,1,0
STORE0012,SKU0065,2024-01-01,0,0,0
STORE0012,SKU0065,2024-01-02,0,0,0
STORE0012,SKU0065,2024-01-03,0,0,0
STORE0012,SKU0065,2024-01-04,0,0,0
STORE0012,SKU0065,2024-01-05,0,0,0
STORE0012,SKU0065,2024-01-06,0,1,0
STORE0012,SKU0065,2024-01-07,0,1,0
STORE0012,SKU0065,2024-01-08,0,0,0
STORE0012,SKU0065,2024-01-09,0,0,0
STORE0012,SKU0065,2024-01-10,0,0,0
STORE0012,SKU0065,2024-01-11,0,0,0
STORE0012,SKU0065,2024-01-12,0,0,0
STORE0012,SKU0065,2024-01-13,0,1,0
STORE0012,SKU0065,2024-01-14,0,1,0
STORE0012,SKU0066,2024-01-01,0,0,0
STORE0012,SKU0066,2024-01-02,0,0,0
STORE0012,SKU0066,2024-01-03,0,0,0
STORE0012,SKU0066,2024-01-04,0,0,0
STORE0012,SKU0066,2024-01-05,0,0,0
STORE0012,SKU0066,2024-01-06,0,1,0
STORE0012,SKU0066,2024-01-07,0,1,0
STORE0012,SKU0066,2024-01-08,0,0,0
STORE0012,SKU0066,2024-01-09,0,0,0
STORE0012,SKU0066,2024-01-10,0,0,0
STORE0012,SKU0066,2024-01-11,0,0,0
STORE0012,SKU0066,2024-01-12,0,0,0
STORE0012,SKU0066,2024-01-13,0,1,0
STORE0012,SKU0066,2024-01-14,0,1,0
STORE0012,SKU0068,2024-01-01,0,0,0
STORE0012,SKU0068,2024-01-02,0,0,0
STORE0012,SKU0068,2024-01-03,0,0,0
STORE0012,SKU0068,2024-01-04,0,0,0
STORE0012,SKU0068,2024-01-05,0,0,0
STORE0012,SKU0068,2024-01-06,0,1,0
STORE0012,SKU0068,2024-01-07,0,1,0
STORE0012,SKU0068,2024-01-08,0,0,0
STORE0012,SKU0068,2024-01-09,0,0,0
STORE0012,SKU0068,2024-01-10,0,0,0
STORE0012,SKU0068,2024-01-11,0,0,0
STORE0012,SKU0068,2024-01-12,0,0,0
STORE0012,SKU0068,2024-01-13,0,1,0
STORE0012,SKU0068,2024-01-14,0,1,0
STORE0012,SKU0070,2024-01-01,0,0,0
STORE0012,SKU0070,2024-01-02,0,0,0
STORE0012,SKU0070,2024-01-03,0,0,0
STORE0012,SKU0070,2024-01-04,0,0,0
STORE0012,SKU0070,2024-01-05,0,0,0
STORE0012,SKU0070,2024-01-06,0,1,0
STORE0012,SKU0070,2024-01-07,0,1,0
STORE0012,SKU0070,2024-01-08,0,0,0
STORE0012,SKU0070,2024-01-09,0,0,0
STORE0012,SKU0070,2024-01-10,0,0,0
STORE0012,SKU0070,2024-01-11,0,0,0
STORE0012,SKU0070,2024-01-12,0,0,0
STORE0012,SKU0070,2024-01-13,0,1,0
STORE0012,SKU0070,2024-01-14,0,1,0
STORE0012,SKU0071,2024-01-01,0,0,0
STORE0012,SKU0071,2024-01-02,0,0,0
STORE0012,SKU0071,2024-01-03,0,0,0
STORE0012,SKU0071,2024-01-04,0,0,0
STORE0012,SKU0071,2024-01-05,0,0,0
STORE0012,SKU0071,2024-01-06,0,1,0
STORE0012,SKU0071,2024-01-07,0,1,0
STORE0012,SKU0071,2024-01-08,0,0,0
STORE0012,SKU0071,2024-01-09,0,0,0
STORE0012,SKU0071,2024-01-10,0,0,0
STORE0012,SKU0071,2024-01-11,0,0,0
STORE0012,SKU0071,2024-01-12,0,0,0
STORE0012,SKU0071,2024-01-13,0,1,0
STORE0012,SKU0071,2024-01-14,0,1,0
STORE0012,SKU0072,2024-01-01,0,0,0
STORE0012,SKU0072,2024-01-02,0,0,0
STORE0012,SKU0072,2024-01-03,0,0,0
STORE0012,SKU0072,2024-01-04,0,0,0
STORE0012,SKU0072,2024-01-05,0,0,0
STORE0012,SKU0072,2024-01-06,0,1,0
STORE0012,SKU0072,2024-01-07,0,1,0
STORE0012,SKU0072,2024-01-08,0,0,0
STORE0012,SKU0072,2024-01-09,0,0,0
STORE0012,SKU0072,2024-01-10,0,0,0
STORE0012,SKU0072,2024-01-11,0,0,0
STORE0012,SKU0072,2024-01-12,0,0,0
STORE0012,SKU0072,2024-01-13,0,1,0
STORE0012,SKU0072,2024-01-14,0,1,0
STORE0012,SKU0074,2024-01-01,0,0,0
STORE0012,SKU0074,2024-01-02,0,0,0
STORE0012,SKU0074,2024-01-03,0,0,0
STORE0012,SKU0074,2024-01-04,0,0,0
STORE0012,SKU0074,2024-01-05,0,0,0
STORE0012,SKU0074,2024-01-06,0,1,0
STORE0012,SKU0074,2024-01-07,0,1,0
STORE0012,SKU0074,2024-01-08,0,0,0
STORE0012,SKU0074,2024-01-09,0,0,0
STORE0012,SKU0074,2024-01-10,0,0,0
STORE0012,SKU0074,2024-01-11,0,0,0
STORE0012,SKU0074,2024-01-12,0,0,0
STORE0012,SKU0074,2024-01-13,0,1,0
STORE0012,SKU0074,2024-01-14,0,1,0
STORE0012,SKU0075,2024-01-01,0,0,0
STORE0012,SKU0075,2024-01-02,0,0,0
STORE0012,SKU0075,2024-01-03,0,0,0
STORE0012,SKU0075,2024-01-04,0,0,0
STORE0012,SKU0075,2024-01-05,0,0,0
STORE0012,SKU0075,2024-01-06,0,1,0
STORE0012,SKU0075,2024-01-07,0,1,0
STORE0012,SKU0075,2024-01-08,0,0,0
STORE0012,SKU0075,2024-01-09,0,0,0
STORE0012,SKU0075,2024-01-10,0,0,0
STORE0012,SKU0075,2024-01-11,0,0,0
STORE0012,SKU0075,2024-01-12,0,0,0
STORE0012,SKU0075,2024-01-13,0,1,0
STORE0012,SKU0075,2024-01-14,0,1,0
STORE0012,SKU0076,2024-01-01,0,0,0
STORE0012,SKU0076,2024-01-02,0,0,0
STORE0012,SKU0076,2024-01-03,0,0,0
STORE0012,SKU0076,2024-01-04,0,0,0
STORE0012,SKU0076,2024-01-05,0,0,0
STORE0012,SKU0076,2024-01-06,0,1,0
STORE0012,SKU0076,2024-01-07,0,1,0
STORE0012,SKU0076,2024-01-08,0,0,0
STORE0012,SKU0076,2024-01-09,0,0,0
STORE0012,SKU0076,2024-01-10,0,0,0
STORE0012,SKU0076,2024-01-11,0,0,0
STORE0012,SKU0076,2024-01-12,0,0,0
STORE0012,SKU0076,2024-01-13,0,1,0
STORE0012,SKU0076,2024-01-14,0,1,0
STORE0012,SKU0077,2024-01-01,0,0,0
STORE0012,SKU0077,2024-01-02,0,0,0
STORE0012,SKU0077,2024-01-03,0,0,0
STORE0012,SKU0077,2024-01-04,0,0,0
STORE0012,SKU0077,2024-01-05,0,0,0
STORE0012,SKU0077,2024-01-06,0,1,0
STORE0012,SKU0077,2024-01-07,0,1,0
STORE0012,SKU0077,2024-01-08,0,0,0
STORE0012,SKU0077,2024-01-09,0,0,0
STORE0012,SKU0077,2024-01-10,0,0,0
STORE0012,SKU0077,2024-01-11,0,0,0
STORE0012,SKU0077,2024-01-12,0,0,0
STORE0012,SKU0077,2024-01-13,0,1,0
STORE0012,SKU0077,2024-01-14,0,1,0
STORE0012,SKU0078,2024-01-01,0,0,0
STORE0012,SKU0078,2024-01-02,0,0,0
STORE0012,SKU0078,2024-01-03,0,0,0
STORE0012,SKU0078,2024-01-04,0,0,0
STORE0012,SKU0078,2024-01-05,0,0,0
STORE0012,SKU0078,2024-01-06,0,1,0
STORE0012,SKU0078,2024-01-07,0,1,0
STORE0012,SKU0078,2024-01-08,0,0,0
STORE0012,SKU0078,2024-01-09,0,0,0
STORE0012,SKU0078,2024-01-10,0,0,0
STORE0012,SKU0078,2024-01-11,0,0,0
STORE0012,SKU0078,2024-01-12,0,0,0
STORE0012,SKU0078,2024-01-13,0,1,0
STORE0012,SKU0078,2024-01-14,0,1,0
STORE0012,SKU0080,2024-01-01,0,0,0
STORE0012,SKU0080,2024-01-02,0,0,0
STORE0012,SKU0080,2024-01-03,0,0,0
STORE0012,SKU0080,2024-01-04,0,0,0
STORE0012,SKU0080,2024-01-05,0,0,0
STORE0012,SKU0080,2024-01-06,0,1,0
STORE0012,SKU0080,2024-01-07,0,1,0
STORE0012,SKU0080,2024-01-08,0,0,0
STORE0012,SKU0080,2024-01-09,0,0,0
STORE0012,SKU0080,2024-01-10,0,0,0
STORE0012,SKU0080,2024-01-11,0,0,0
STORE0012,SKU0080,2024-01-12,0,0,0
STORE0012,SKU0080,2024-01-13,0,1,0
STORE0012,SKU0080,2024-01-14,0,1,0
STORE0012,SKU0081,2024-01-01,0,0,0
STORE0012,SKU0081,2024-01-02,0,0,0
STORE0012,SKU0081,2024-01-03,0,0,0
STORE0012,SKU0081,2024-01-04,0,0,0
STORE0012,SKU0081,2024-01-05,0,0,0
STORE0012,SKU0081,2024-01-06,0,1,0
STORE0012,SKU0081,2024-01-07,0,1,0
STORE0012,SKU0081,2024-01-08,0,0,0
STORE0012,SKU0081,2024-01-09,0,0,0
STORE0012,SKU0081,2024-01-10,0,0,0
STORE0012,SKU0081,2024-01-11,0,0,0
STORE0012,SKU0081,2024-01-12,0,0,0
STORE0012,SKU0081,2024-01-13,0,1,0
STORE0012,SKU0081,2024-01-14,0,1,0
STORE0012,SKU0083,2024-01-01,0,0,0
STORE0012,SKU0083,2024-01-02,0,0,0
STORE0012,SKU0083,2024-01-03,0,0,0
STORE0012,SKU0083,2024-01-04,0,0,0
STORE0012,SKU0083,2024-01-05,0,0,0
STORE0012,SKU0083,2024-01-06,0,1,0
STORE0012,SKU0083,2024-01-07,0,1,0
STORE0012,SKU0083,2024-01-08,0,0,0
STORE0012,SKU0083,2024-01-09,0,0,0
STORE0012,SKU0083,2024-01-10,0,0,0
STORE0012,SKU0083,2024-01-11,0,0,0
STORE0012,SKU0083,2024-01-12,0,0,0
STORE0012,SKU0083,2024-01-13,0,1,0
STORE0012,SKU0083,2024-01-14,0,1,0
STORE0012,SKU0084,2024-01-01,0,0,0
STORE0012,SKU0084,2024-01-02,0,0,0
STORE0012,SKU0084,2024-01-03,0,0,0
STORE0012,SKU0084,2024-01-04,0,0,0
STORE0012,SKU0084,2024-01-05,0,0,0
STORE0012,SKU0084,2024-01-06,0,1,0
STORE0012,SKU0084,2024-01-07,0,1,0
STORE0012,SKU0084,2024-01-08,0,0,0
STORE0012,SKU0084,2024-01-09,0,0,0
STORE0012,SKU0084,2024-01-10,0,0,0
STORE0012,SKU0084,2024-01-11,0,0,0
STORE0012,SKU0084,2024-01-12,0,0,0
STORE0012,SKU0084,2024-01-13,0,1,0
STORE0012,SKU0084,2024-01-14,0,1,0
STORE0012,SKU0085,2024-01-01,0,0,0
STORE0012,SKU0085,2024-01-02,0,0,0
STORE0012,SKU0085,2024-01-03,0,0,0
STORE0012,SKU0085,2024-01-04,0,0,0
STORE0012,SKU0085,2024-01-05,0,0,0
STORE0012,SKU0085,2024-01-06,0,1,0
STORE0012,SKU0085,2024-01-07,0,1,0
STORE0012,SKU0085,2024-01-08,0,0,0
STORE0012,SKU0085,2024-01-09,0,0,0
STORE0012,SKU0085,2024-01-10,0,0,0
STORE0012,SKU0085,2024-01-11,0,0,0
STORE0012,SKU0085,2024-01-12,0,0,0
STORE0012,SKU0085,2024-01-13,0,1,0
STORE0012,SKU0085,2024-01-14,0,1,0
STORE0012,SKU0086,2024-01-01,0,0,0
STORE0012,SKU0086,2024-01-02,0,0,0
STORE0012,SKU0086,2024-01-03,0,0,0
STORE0012,SKU0086,2024-01-04,0,0,0
STORE0012,SKU0086,2024-01-05,0,0,0
STORE0012,SKU0086,2024-01-06,0,1,0
STORE0012,SKU0086,2024-01-07,0,1,0
STORE0012,SKU0086,2024-01-08,0,0,0
STORE0012,SKU0086,2024-01-09,0,0,0
STORE0012,SKU0086,2024-01-10,0,0,0
STORE0012,SKU0086,2024-01-11,0,0,0
STORE0012,SKU0086,2024-01-12,0,0,0
STORE0012,SKU0086,2024-01-13,0,1,0
STORE0012,SKU0086,2024-01-14,0,1,0
STORE0012,SKU0088,2024-01-01,0,0,0
STORE0012,SKU0088,2024-01-02,0,0,0
STORE0012,SKU0088,2024-01-03,0,0,0
STORE0012,SKU0088,2024-01-04,0,0,0
STORE0012,SKU0088,2024-01-05,0,0,0
STORE0012,SKU0088,2024-01-06,0,1,0
STORE0012,SKU0088,2024-01-07,0,1,0
STORE0012,SKU0088,2024-01-08,0,0,0
STORE0012,SKU0088,2024-01-09,0,0,0
STORE0012,SKU0088,2024-01-10,0,0,0
STORE0012,SKU0088,2024-01-11,0,0,0
STORE0012,SKU0088,2024-01-12,0,0,0
STORE0012,SKU0088,2024-01-13,0,1,0
STORE0012,SKU0088,2024-01-14,0,1,0
STORE0012,SKU0089,2024-01-01,0,0,0
STORE0012,SKU0089,2024-01-02,0,0,0
STORE0012,SKU0089,2024-01-03,0,0,0
STORE0012,SKU0089,2024-01-04,0,0,0
STORE0012,SKU0089,2024-01-05,0,0,0
STORE0012,SKU0089,2024-01-06,0,1,0
STORE0012,SKU0089,2024-01-07,0,1,0
STORE0012,SKU0089,2024-01-08,0,0,0
STORE0012,SKU0089,2024-01-09,0,0,0
STORE0012,SKU0089,2024-01-10,0,0,0
STORE0012,SKU0089,2024-01-11,0,0,0
STORE0012,SKU0089,2024-01-12,0,0,0
STORE0012,SKU0089,2024-01-13,0,1,0
STORE0012,SKU0089,2024-01-14,0,1,0
STORE0012,SKU0091,2024-01-01,0,0,0
STORE0012,SKU0091,2024-01-02,0,0,0
STORE0012,SKU0091,2024-01-03,0,0,0
STORE0012,SKU0091,2024-01-04,0,0,0
STORE0012,SKU0091,2024-01-05,0,0,0
STORE0012,SKU0091,2024-01-06,0,1,0
STORE0012,SKU0091,2024-01-07,0,1,0
STORE0012,SKU0091,2024-01-08,0,0,0
STORE0012,SKU0091,2024-01-09,0,0,0
STORE0012,SKU0091,2024-01-10,0,0,0
STORE0012,SKU0091,2024-01-11,0,0,0
STORE0012,SKU0091,2024-01-12,0,0,0
STORE0012,SKU0091,2024-01-13,0,1,0
STORE0012,SKU0091,2024-01-14,0,1,0
STORE0012,SKU0092,2024-01-01,0,0,0
STORE0012,SKU0092,2024-01-02,0,0,0
STORE0012,SKU0092,2024-01-03,0,0,0
STORE0012,SKU0092,2024-01-04,0,0,0
STORE0012,SKU0092,2024-01-05,0,0,0
STORE0012,SKU0092,2024-01-06,0,1,0
STORE0012,SKU0092,2024-01-07,0,1,0
STORE0012,SKU0092,2024-01-08,0,0,0
STORE0012,SKU0092,2024-01-09,0,0,0
STORE0012,SKU0092,2024-01-10,0,0,0
STORE0012,SKU0092,2024-01-11,0,0,0
STORE0012,SKU0092,2024-01-12,0,0,0
STORE0012,SKU0092,2024-01-13,0,1,0
STORE0012,SKU0092,2024-01-14,0,1,0
STORE0012,SKU0094,2024-01-01,0,0,0
STORE0012,SKU0094,2024-01-02,0,0,0
STORE0012,SKU0094,2024-01-03,0,0,0
STORE0012,SKU0094,2024-01-04,0,0,0
STORE0012,SKU0094,2024-01-05,0,0,0
STORE0012,SKU0094,2024-01-06,0,1,0
STORE0012,SKU0094,2024-01-07,0,1,0
STORE0012,SKU0094,2024-01-08,0,0,0
STORE0012,SKU0094,2024-01-09,0,0,0
STORE0012,SKU0094,2024-01-10,0,0,0
STORE0012,SKU0094,2024-01-11,0,0,0
STORE0012,SKU0094,2024-01-12,0,0,0
STORE0012,SKU0094,2024-01-13,0,1,0
STORE0012,SKU0094,2024-01-14,0,1,0
STORE0012,SKU0095,2024-01-01,0,0,0
STORE0012,SKU0095,2024-01-02,0,0,0
STORE0012,SKU0095,2024-01-03,0,0,0
STORE0012,SKU0095,2024-01-04,0,0,0
STORE0012,SKU0095,2024-01-05,0,0,0
STORE0012,SKU0095,2024-01-06,0,1,0
STORE0012,SKU0095,2024-01-07,0,1,0
STORE0012,SKU0095,2024-01-08,0,0,0
STORE0012,SKU0095,2024-01-09,0,0,0
STORE0012,SKU0095,2024-01-10,0,0,0
STORE0012,SKU0095,2024-01-11,0,0,0
STORE0012,SKU0095,2024-01-12,0,0,0
STORE0012,SKU0095,2024-01-13,0,1,0
STORE0012,SKU0095,2024-01-14,0,1,0
STORE0012,SKU0096,2024-01-01,0,0,0
STORE0012,SKU0096,2024-01-02,0,0,0
STORE0012,SKU0096,2024-01-03,0,0,0
STORE0012,SKU0096,2024-01-04,0,0,0
STORE0012,SKU0096,2024-01-05,0,0,0
STORE0012,SKU0096,2024-01-06,0,1,0
STORE0012,SKU0096,2024-01-07,0,1,0
STORE0012,SKU0096,2024-01-08,0,0,0
STORE0012,SKU0096,2024-01-09,0,0,0
STORE0012,SKU0096,2024-01-10,0,0,0
STORE0012,SKU0096,2024-01-11,0,0,0
STORE0012,SKU0096,2024-01-12,0,0,0
STORE0012,SKU0096,2024-01-13,0,1,0
STORE0012,SKU0096,2024-01-14,0,1,0
STORE0012,SKU0097,2024-01-01,0,0,0
STORE0012,SKU0097,2024-01-02,0,0,0
STORE0012,SKU0097,2024-01-03,0,0,0
STORE0012,SKU0097,2024-01-04,0,0,0
STORE0012,SKU0097,2024-01-05,0,0,0
STORE0012,SKU0097,2024-01-06,0,1,0
STORE0012,SKU0097,2024-01-07,0,1,0
STORE0012,SKU0097,2024-01-08,0,0,0
STORE0012,SKU0097,2024-01-09,0,0,0
STORE0012,SKU0097,2024-01-10,0,0,0
STORE0012,SKU0097,2024-01-11,0,0,0
STORE0012,SKU0097,2024-01-12,0,0,0
STORE0012,SKU0097,2024-01-13,0,1,0
STORE0012,SKU0097,2024-01-14,0,1,0
STORE0012,SKU0098,2024-01-01,0,0,0
STORE0012,SKU0098,2024-01-02,0,0,0
STORE0012,SKU0098,2024-01-03,0,0,0
STORE0012,SKU0098,2024-01-04,0,0,0
STORE0012,SKU0098,2024-01-05,0,0,0
STORE0012,SKU0098,2024-01-06,0,1,0
STORE0012,SKU0098,2024-01-07,0,1,0
STORE0012,SKU0098,2024-01-08,0,0,0
STORE0012,SKU0098,2024-01-09,0,0,0
STORE0012,SKU0098,2024-01-10,0,0,0
STORE0012,SKU0098,2024-01-11,0,0,0
STORE0012,SKU0098,2024-01-12,0,0,0
STORE0012,SKU0098,2024-01-13,0,1,0
STORE0012,SKU0098,2024-01-14,0,1,0
STORE0012,SKU0099,2024-01-01,0,0,0
STORE0012,SKU0099,2024-01-02,0,0,0
STORE0012,SKU0099,2024-01-03,0,0,0
STORE0012,SKU0099,2024-01-04,0,0,0
STORE0012,SKU0099,2024-01-05,0,0,0
STORE0012,SKU0099,2024-01-06,0,1,0
STORE0012,SKU0099,2024-01-07,0,1,0
STORE0012,SKU0099,2024-01-08,0,0,0
STORE0012,SKU0099,2024-01-09,0,0,0
STORE0012,SKU0099,2024-01-10,0,0,0
STORE0012,SKU0099,2024-01-11,0,0,0
STORE0012,SKU0099,2024-01-12,0,0,0
STORE0012,SKU0099,2024-01-13,0,1,0
STORE0012,SKU0099,2024-01-14,0,1,0
STORE0012,SKU0100,2024-01-01,0,0,0
STORE0012,SKU0100,2024-01-02,0,0,0
STORE0012,SKU0100,2024-01-03,0,0,0
STORE0012,SKU0100,2024-01-04,0,0,0
STORE0012,SKU0100,2024-01-05,0,0,0
STORE0012,SKU0100,2024-01-06,0,1,0
STORE0012,SKU0100,2024-01-07,0,1,0
STORE0012,SKU0100,2024-01-08,0,0,0
STORE0012,SKU0100,2024-01-09,0,0,0
STORE0012,SKU0100,2024-01-10,0,0,0
STORE0012,SKU0100,2024-01-11,0,0,0
STORE0012,SKU0100,2024-01-12,0,0,0
STORE0012,SKU0100,2024-01-13,0,1,0
STORE0012,SKU0100,2024-01-14,0,1,0
STORE0012,SKU0101,2024-01-01,0,0,0
STORE0012,SKU0101,2024-01-02,0,0,0
STORE0012,SKU0101,2024-01-03,0,0,0
STORE0012,SKU0101,2024-01-04,0,0,0
STORE0012,SKU0101,2024-01-05,0,0,0
STORE0012,SKU0101,2024-01-06,0,1,0
STORE0012,SKU0101,2024-01-07,0,1,0
STORE0012,SKU0101,2024-01-08,0,0,0
STORE0012,SKU0101,2024-01-09,0,0,0
STORE0012,SKU0101,2024-01-10,0,0,0
STORE0012,SKU0101,2024-01-11,0,0,0
STORE0012,SKU0101,2024-01-12,0,0,0
STORE0012,SKU0101,2024-01-13,0,1,0
STORE0012,SKU0101,2024-01-14,0,1,0
STORE0013,SKU0001,2024-01-01,0,0,0
STORE0013,SKU0001,2024-01-02,0,0,0
STORE0013,SKU0001,2024-01-03,0,0,0
STORE0013,SKU0001,2024-01-04,0,0,0
STORE0013,SKU0001,2024-01-05,0,0,0
STORE0013,SKU0001,2024-01-06,0,1,0
STORE0013,SKU0001,2024-01-07,0,1,0
STORE0013,SKU0001,2024-01-08,0,0,0
STORE0013,SKU0001,2024-01-09,0,0,0
STORE0013,SKU0001,2024-01-10,0,0,0
STORE0013,SKU0001,2024-01-11,0,0,0
STORE0013,SKU0001,2024-01-12,0,0,0
STORE0013,SKU0001,2024-01-13,0,1,0
STORE0013,SKU0001,2024-01-14,0,1,0
STORE0013,SKU0002,2024-01-01,0,0,0
STORE0013,SKU0002,2024-01-02,0,0,0
STORE0013,SKU0002,2024-01-03,0,0,0
STORE0013,SKU0002,2024-01-04,0,0,0
STORE0013,SKU0002,2024-01-05,0,0,0
STORE0013,SKU0002,2024-01-06,0,1,0
STORE0013,SKU0002,2024-01-07,0,1,0
STORE0013,SKU0002,2024-01-08,0,0,0
STORE0013,SKU0002,2024-01-09,0,0,0
STORE0013,SKU0002,2024-01-10,0,0,0
STORE0013,SKU0002,2024-01-11,0,0,0
STORE0013,SKU0002,2024-01-12,0,0,0
STORE0013,SKU0002,2024-01-13,0,1,0
STORE0013,SKU0002,2024-01-14,0,1,0
STORE0013,SKU0003,2024-01-01,0,0,0
STORE0013,SKU0003,2024-01-02,0,0,0
STORE0013,SKU0003,2024-01-03,0,0,0
STORE0013,SKU0003,2024-01-04,0,0,0
STORE0013,SKU0003,2024-01-05,0,0,0
STORE0013,SKU0003,2024-01-06,0,1,0
STORE0013,SKU0003,2024-01-07,0,1,0
STORE0013,SKU0003,2024-01-08,0,0,0
STORE0013,SKU0003,2024-01-09,0,0,0
STORE0013,SKU0003,2024-01-10,0,0,0
STORE0013,SKU0003,2024-01-11,0,0,0
STORE0013,SKU0003,2024-01-12,0,0,0
STORE0013,SKU0003,2024-01-13,0,1,0
STORE0013,SKU0003,2024-01-14,0,1,0
STORE0013,SKU0006,2024-01-01,0,0,0
STORE0013,SKU0006,2024-01-02,0,0,0
STORE0013,SKU0006,2024-01-03,0,0,0
STORE0013,SKU0006,2024-01-04,0,0,0
STORE0013,SKU0006,2024-01-05,0,0,0
STORE0013,SKU0006,2024-01-06,0,1,0
STORE0013,SKU0006,2024-01-07,0,1,0
STORE0013,SKU0006,2024-01-08,0,0,0
STORE0013,SKU0006,2024-01-09,0,0,0
STORE0013,SKU0006,2024-01-10,0,0,0
STORE0013,SKU0006,2024-01-11,0,0,0
STORE0013,SKU0006,2024-01-12,0,0,0
STORE0013,SKU0006,2024-01-13,0,1,0
STORE0013,SKU0006,2024-01-14,0,1,0
STORE0013,SKU0008,2024-01-01,0,0,0
STORE0013,SKU0008,2024-01-02,0,0,0
STORE0013,SKU0008,2024-01-03,0,0,0
STORE0013,SKU0008,2024-01-04,0,0,0
STORE0013,SKU0008,2024-01-05,0,0,0
STORE0013,SKU0008,2024-01-06,0,1,0
STORE0013,SKU0008,2024-01-07,0,1,0
STORE0013,SKU0008,2024-01-08,0,0,0
STORE0013,SKU0008,2024-01-09,0,0,0
STORE0013,SKU0008,2024-01-10,0,0,0
STORE0013,SKU0008,2024-01-11,0,0,0
STORE0013,SKU0008,2024-01-12,0,0,0
STORE0013,SKU0008,2024-01-13,0,1,0
STORE0013,SKU0008,2024-01-14,0,1,0
STORE0013,SKU0009,2024-01-01,0,0,0
STORE0013,SKU0009,2024-01-02,0,0,0
STORE0013,SKU0009,2024-01-03,0,0,0
STORE0013,SKU0009,2024-01-04,0,0,0
STORE0013,SKU0009,2024-01-05,0,0,0
STORE0013,SKU0009,2024-01-06,0,1,0
STORE0013,SKU0009,2024-01-07,0,1,0
STORE0013,SKU0009,2024-01-08,0,0,0
STORE0013,SKU0009,2024-01-09,0,0,0
STORE0013,SKU0009,2024-01-10,0,0,0
STORE0013,SKU0009,2024-01-11,0,0,0
STORE0013,SKU0009,2024-01-12,0,0,0
STORE0013,SKU0009,2024-01-13,0,1,0
STORE0013,SKU0009,2024-01-14,0,1,0
STORE0013,SKU0013,2024-01-01,0,0,0
STORE0013,SKU0013,2024-01-02,0,0,0
STORE0013,SKU0013,2024-01-03,0,0,0
STORE0013,SKU0013,2024-01-04,0,0,0
STORE0013,SKU0013,2024-01-05,0,0,0
STORE0013,SKU0013,2024-01-06,0,1,0
STORE0013,SKU0013,2024-01-07,0,1,0
STORE0013,SKU0013,2024-01-08,0,0,0
STORE0013,SKU0013,2024-01-09,0,0,0
STORE0013,SKU0013,2024-01-10,0,0,0
STORE0013,SKU0013,2024-01-11,0,0,0
STORE0013,SKU0013,2024-01-12,0,0,0
STORE0013,SKU0013,2024-01-13,0,1,0
STORE0013,SKU0013,2024-01-14,0,1,0
STORE0013,SKU0014,2024-01-01,0,0,0
STORE0013,SKU0014,2024-01-02,0,0,0
STORE0013,SKU0014,2024-01-03,0,0,0
STORE0013,SKU0014,2024-01-04,0,0,0
STORE0013,SKU0014,2024-01-05,0,0,0
STORE0013,SKU0014,2024-01-06,0,1,0
STORE0013,SKU0014,2024-01-07,0,1,0
STORE0013,SKU0014,2024-01-08,0,0,0
STORE0013,SKU0014,2024-01-09,0,0,0
STORE0013,SKU0014,2024-01-10,0,0,0
STORE0013,SKU0014,2024-01-11,0,0,0
STORE0013,SKU0014,2024-01-12,0,0,0
STORE0013,SKU0014,2024-01-13,0,1,0
STORE0013,SKU0014,2024-01-14,0,1,0
STORE0013,SKU0015,2024-01-01,0,0,0
STORE0013,SKU0015,2024-01-02,0,0,0
STORE0013,SKU0015,2024-01-03,0,0,0
STORE0013,SKU0015,2024-01-04,0,0,0
STORE0013,SKU0015,2024-01-05,0,0,0
STORE0013,SKU0015,2024-01-06,0,1,0
STORE0013,SKU0015,2024-01-07,0,1,0
STORE0013,SKU0015,2024-01-08,0,0,0
STORE0013,SKU0015,2024-01-09,0,0,0
STORE0013,SKU0015,2024-01-10,0,0,0
STORE0013,SKU0015,2024-01-11,0,0,0
STORE0013,SKU0015,2024-01-12,0,0,0
STORE0013,SKU0015,2024-01-13,0,1,0
STORE0013,SKU0015,2024-01-14,0,1,0
STORE0013,SKU0017,2024-01-01,0,0,0
STORE0013,SKU0017,2024-01-02,0,0,0
STORE0013,SKU0017,2024-01-03,0,0,0
STORE0013,SKU0017,2024-01-04,0,0,0
STORE0013,SKU0017,2024-01-05,0,0,0
STORE0013,SKU0017,2024-01-06,0,1,0
STORE0013,SKU0017,2024-01-07,0,1,0
STORE0013,SKU0017,2024-01-08,0,0,0
STORE0013,SKU0017,2024-01-09,0,0,0
STORE0013,SKU0017,2024-01-10,0,0,0
STORE0013,SKU0017,2024-01-11,0,0,0
STORE0013,SKU0017,2024-01-12,0,0,0
STORE0013,SKU0017,2024-01-13,0,1,0
STORE0013,SKU0017,2024-01-14,0,1,0
STORE0013,SKU0020,2024-01-01,0,0,0
STORE0013,SKU0020,2024-01-02,0,0,0
STORE0013,SKU0020,2024-01-03,0,0,0
STORE0013,SKU0020,2024-01-04,0,0,0
STORE0013,SKU0020,2024-01-05,0,0,0
STORE0013,SKU0020,2024-01-06,0,1,0
STORE0013,SKU0020,2024-01-07,0,1,0
STORE0013,SKU0020,2024-01-08,0,0,0
STORE0013,SKU0020,2024-01-09,0,0,0
STORE0013,SKU0020,2024-01-10,0,0,0
STORE0013,SKU0020,2024-01-11,0,0,0
STORE0013,SKU0020,2024-01-12,0,0,0
STORE0013,SKU0020,2024-01-13,0,1,0
STORE0013,SKU0020,2024-01-14,0,1,0
STORE0013,SKU0024,2024-01-01,0,0,0
STORE0013,SKU0024,2024-01-02,0,0,0
STORE0013,SKU0024,2024-01-03,0,0,0
STORE0013,SKU0024,2024-01-04,0,0,0
STORE0013,SKU0024,2024-01-05,0,0,0
STORE0013,SKU0024,2024-01-06,0,1,0
STORE0013,SKU0024,2024-01-07,0,1,0
STORE0013,SKU0024,2024-01-08,0,0,0
STORE0013,SKU0024,2024-01-09,0,0,0
STORE0013,SKU0024,2024-01-10,0,0,0
STORE0013,SKU0024,2024-01-11,0,0,0
STORE0013,SKU0024,2024-01-12,0,0,0
STORE0013,SKU0024,2024-01-13,0,1,0
STORE0013,SKU0024,2024-01-14,0,1,0
STORE0013,SKU0025,2024-01-01,0,0,0
STORE0013,SKU0025,2024-01-02,0,0,0
STORE0013,SKU0025,2024-01-03,0,0,0
STORE0013,SKU0025,2024-01-04,0,0,0
STORE0013,SKU0025,2024-01-05,0,0,0
STORE0013,SKU0025,2024-01-06,0,1,0
STORE0013,SKU0025,2024-01-07,0,1,0
STORE0013,SKU0025,2024-01-08,0,0,0
STORE0013,SKU0025,2024-01-09,0,0,0
STORE0013,SKU0025,2024-01-10,0,0,0
STORE0013,SKU0025,2024-01-11,0,0,0
STORE0013,SKU0025,2024-01-12,0,0,0
STORE0013,SKU0025,2024-01-13,0,1,0
STORE0013,SKU0025,2024-01-14,0,1,0
STORE0013,SKU0026,2024-01-01,0,0,0
STORE0013,SKU0026,2024-01-02,0,0,0
STORE0013,SKU0026,2024-01-03,0,0,0
STORE0013,SKU0026,2024-01-04,0,0,0
STORE0013,SKU0026,2024-01-05,0,0,0
STORE0013,SKU0026,2024-01-06,0,1,0
STORE0013,SKU0026,2024-01-07,0,1,0
STORE0013,SKU0026,2024-01-08,0,0,0
STORE0013,SKU0026,2024-01-09,0,0,0
STORE0013,SKU0026,2024-01-10,0,0,0
STORE0013,SKU0026,2024-01-11,0,0,0
STORE0013,SKU0026,2024-01-12,0,0,0
STORE0013,SKU0026,2024-01-13,0,1,0
STORE0013,SKU0026,2024-01-14,0,1,0
STORE0013,SKU0027,2024-01-01,0,0,0
STORE0013,SKU0027,2024-01-02,0,0,0
STORE0013,SKU0027,2024-01-03,0,0,0
STORE0013,SKU0027,2024-01-04,0,0,0
STORE0013,SKU0027,2024-01-05,0,0,0
STORE0013,SKU0027,2024-01-06,0,1,0
STORE0013,SKU0027,2024-01-07,0,1,0
STORE0013,SKU0027,2024-01-08,0,0,0
STORE0013,SKU0027,2024-01-09,0,0,0
STORE0013,SKU0027,2024-01-10,0,0,0
STORE0013,SKU0027,2024-01-11,0,0,0
STORE0013,SKU0027,2024-01-12,0,0,0
STORE0013,SKU0027,2024-01-13,0,1,0
STORE0013,SKU0027,2024-01-14,0,1,0
STORE0013,SKU0028,2024-01-01,0,0,0
STORE0013,SKU0028,2024-01-02,0,0,0
STORE0013,SKU0028,2024-01-03,0,0,0
STORE0013,SKU0028,2024-01-04,0,0,0
STORE0013,SKU0028,2024-01-05,0,0,0
STORE0013,SKU0028,2024-01-06,0,1,0
STORE0013,SKU0028,2024-01-07,0,1,0
STORE0013,SKU0028,2024-01-08,0,0,0
STORE0013,SKU0028,2024-01-09,0,0,0
STORE0013,SKU0028,2024-01-10,0,0,0
STORE0013,SKU0028,2024-01-11,0,0,0
STORE0013,SKU0028,2024-01-12,0,0,0
STORE0013,SKU0028,2024-01-13,0,1,0
STORE0013,SKU0028,2024-01-14,0,1,0
STORE0013,SKU0031,2024-01-01,0,0,0
STORE0013,SKU0031,2024-01-02,0,0,0
STORE0013,SKU0031,2024-01-03,0,0,0
STORE0013,SKU0031,2024-01-04,0,0,0
STORE0013,SKU0031,2024-01-05,0,0,0
STORE0013,SKU0031,2024-01-06,0,1,0
STORE0013,SKU0031,2024-01-07,0,1,0
STORE0013,SKU0031,2024-01-08,0,0,0
STORE0013,SKU0031,2024-01-09,0,0,0
STORE0013,SKU0031,2024-01-10,0,0,0
STORE0013,SKU0031,2024-01-11,0,0,0
STORE0013,SKU0031,2024-01-12,0,0,0
STORE0013,SKU0031,2024-01-13,0,1,0
STORE0013,SKU0031,2024-01-14,0,1,0
STORE0013,SKU0032,2024-01-01,0,0,0
STORE0013,SKU0032,2024-01-02,0,0,0
STORE0013,SKU0032,2024-01-03,0,0,0
STORE0013,SKU0032,2024-01-04,0,0,0
STORE0013,SKU0032,2024-01-05,0,0,0
STORE0013,SKU0032,2024-01-06,0,1,0
STORE0013,SKU0032,2024-01-07,0,1,0
STORE0013,SKU0032,2024-01-08,0,0,0
STORE0013,SKU0032,2024-01-09,0,0,0
STORE0013,SKU0032,2024-01-10,0,0,0
STORE0013,SKU0032,2024-01-11,0,0,0
STORE0013,SKU0032,2024-01-12,0,0,0
STORE0013,SKU0032,2024-01-13,0,1,0
STORE0013,SKU0032,2024-01-14,0,1,0
STORE0013,SKU0034,2024-01-01,0,0,0
STORE0013,SKU0034,2024-01-02,0,0,0
STORE0013,SKU0034,2024-01-03,0,0,0
STORE0013,SKU0034,2024-01-04,0,0,0
STORE0013,SKU0034,2024-01-05,0,0,0
STORE0013,SKU0034,2024-01-06,0,1,0
STORE0013,SKU0034,2024-01-07,0,1,0
STORE0013,SKU0034,2024-01-08,0,0,0
STORE0013,SKU0034,2024-01-09,0,0,0
STORE0013,SKU0034,2024-01-10,0,0,0
STORE0013,SKU0034,2024-01-11,0,0,0
STORE0013,SKU0034,2024-01-12,0,0,0
STORE0013,SKU0034,2024-01-13,0,1,0
STORE0013,SKU0034,2024-01-14,0,1,0
STORE0013,SKU0036,2024-01-01,0,0,0
STORE0013,SKU0036,2024-01-02,0,0,0
STORE0013,SKU0036,2024-01-03,0,0,0
STORE0013,SKU0036,2024-01-04,0,0,0
STORE0013,SKU0036,2024-01-05,0,0,0
STORE0013,SKU0036,2024-01-06,0,1,0
STORE0013,SKU0036,2024-01-07,0,1,0
STORE0013,SKU0036,2024-01-08,0,0,0
STORE0013,SKU0036,2024-01-09,0,0,0
STORE0013,SKU0036,2024-01-10,0,0,0
STORE0013,SKU0036,2024-01-11,0,0,0
STORE0013,SKU0036,2024-01-12,0,0,0
STORE0013,SKU0036,2024-01-13,0,1,0
STORE0013,SKU0036,2024-01-14,0,1,0
STORE0013,SKU0037,2024-01-01,0,0,0
STORE0013,SKU0037,2024-01-02,0,0,0
STORE0013,SKU0037,2024-01-03,0,0,0
STORE0013,SKU0037,2024-01-04,0,0,0
STORE0013,SKU0037,2024-01-05,0,0,0
STORE0013,SKU0037,2024-01-06,0,1,0
STORE0013,SKU0037,2024-01-07,0,1,0
STORE0013,SKU0037,2024-01-08,0,0,0
STORE0013,SKU0037,2024-01-09,0,0,0
STORE0013,SKU0037,2024-01-10,0,0,0
STORE0013,SKU0037,2024-01-11,0,0,0
STORE0013,SKU0037,2024-01-12,0,0,0
STORE0013,SKU0037,2024-01-13,0,1,0
STORE0013,SKU0037,2024-01-14,0,1,0
STORE0013,SKU0039,2024-01-01,0,0,0
STORE0013,SKU0039,2024-01-02,0,0,0
STORE0013,SKU0039,2024-01-03,0,0,0
STORE0013,SKU0039,2024-01-04,0,0,0
STORE0013,SKU0039,2024-01-05,0,0,0
STORE0013,SKU0039,2024-01-06,0,1,0
STORE0013,SKU0039,2024-01-07,0,1,0
STORE0013,SKU0039,2024-01-08,0,0,0
STORE0013,SKU0039,2024-01-09,0,0,0
STORE0013,SKU0039,2024-01-10,0,0,0
STORE0013,SKU0039,2024-01-11,0,0,0
STORE0013,SKU0039,2024-01-12,0,0,0
STORE0013,SKU0039,2024-01-13,0,1,0
STORE0013,SKU0039,2024-01-14,0,1,0
STORE0013,SKU0040,2024-01-01,0,0,0
STORE0013,SKU0040,2024-01-02,0,0,0
STORE0013,SKU0040,2024-01-03,0,0,0
STORE0013,SKU0040,2024-01-04,0,0,0
STORE0013,SKU0040,2024-01-05,0,0,0
STORE0013,SKU0040,2024-01-06,0,1,0
STORE0013,SKU0040,2024-01-07,0,1,0
STORE0013,SKU0040,2024-01-08,0,0,0
STORE0013,SKU0040,2024-01-09,0,0,0
STORE0013,SKU0040,2024-01-10,0,0,0
STORE0013,SKU0040,2024-01-11,0,0,0
STORE0013,SKU0040,2024-01-12,0,0,0
STORE0013,SKU0040,2024-01-13,0,1,0
STORE0013,SKU0040,2024-01-14,0,1,0
STORE0013,SKU0041,2024-01-01,0,0,0
STORE0013,SKU0041,2024-01-02,0,0,0
STORE0013,SKU0041,2024-01-03,0,0,0
STORE0013,SKU0041,2024-01-04,0,0,0
STORE0013,SKU0041,2024-01-05,0,0,0
STORE0013,SKU0041,2024-01-06,0,1,0
STORE0013,SKU0041,2024-01-07,0,1,0
STORE0013,SKU0041,2024-01-08,0,0,0
STORE0013,SKU0041,2024-01-09,0,0,0
STORE0013,SKU0041,2024-01-10,0,0,0
STORE0013,SKU0041,2024-01-11,0,0,0
STORE0013,SKU0041,2024-01-12,0,0,0
STORE0013,SKU0041,2024-01-13,0,1,0
STORE0013,SKU0041,2024-01-14,0,1,0
STORE0013,SKU0049,2024-01-01,0,0,0
STORE0013,SKU0049,2024-01-02,0,0,0
STORE0013,SKU0049,2024-01-03,0,0,0
STORE0013,SKU0049,2024-01-04,0,0,0
STORE0013,SKU0049,2024-01-05,0,0,0
STORE0013,SKU0049,2024-01-06,0,1,0
STORE0013,SKU0049,2024-01-07,0,1,0
STORE0013,SKU0049,2024-01-08,0,0,0
STORE0013,SKU0049,2024-01-09,0,0,0
STORE0013,SKU0049,2024-01-10,0,0,0
STORE0013,SKU0049,2024-01-11,0,0,0
STORE0013,SKU0049,2024-01-12,0,0,0
STORE0013,SKU0049,2024-01-13,0,1,0
STORE0013,SKU0049,2024-01-14,0,1,0
STORE0013,SKU0056,2024-01-01,0,0,0
STORE0013,SKU0056,2024-01-02,0,0,0
STORE0013,SKU0056,2024-01-03,0,0,0
STORE0013,SKU0056,2024-01-04,0,0,0
STORE0013,SKU0056,2024-01-05,0,0,0
STORE0013,SKU0056,2024-01-06,0,1,0
STORE0013,SKU0056,2024-01-07,0,1,0
STORE0013,SKU0056,2024-01-08,0,0,0
STORE0013,SKU0056,2024-01-09,0,0,0
STORE0013,SKU0056,2024-01-10,0,0,0
STORE0013,SKU0056,2024-01-11,0,0,0
STORE0013,SKU0056,2024-01-12,0,0,0
STORE0013,SKU0056,2024-01-13,0,1,0
STORE0013,SKU0056,2024-01-14,0,1,0
STORE0013,SKU0057,2024-01-01,0,0,0
STORE0013,SKU0057,2024-01-02,0,0,0
STORE0013,SKU0057,2024-01-03,0,0,0
STORE0013,SKU0057,2024-01-04,0,0,0
STORE0013,SKU0057,2024-01-05,0,0,0
STORE0013,SKU0057,2024-01-06,0,1,0
STORE0013,SKU0057,2024-01-07,0,1,0
STORE0013,SKU0057,2024-01-08,0,0,0
STORE0013,SKU0057,2024-01-09,0,0,0
STORE0013,SKU0057,2024-01-10,0,0,0
STORE0013,SKU0057,2024-01-11,0,0,0
STORE0013,SKU0057,2024-01-12,0,0,0
STORE0013,SKU0057,2024-01-13,0,1,0
STORE0013,SKU0057,2024-01-14,0,1,0
STORE0013,SKU0061,2024-01-01,0,0,0
STORE0013,SKU0061,2024-01-02,0,0,0
STORE0013,SKU0061,2024-01-03,0,0,0
STORE0013,SKU0061,2024-01-04,0,0,0
STORE0013,SKU0061,2024-01-05,0,0,0
STORE0013,SKU0061,2024-01-06,0,1,0
STORE0013,SKU0061,2024-01-07,0,1,0
STORE0013,SKU0061,2024-01-08,0,0,0
STORE0013,SKU0061,2024-01-09,0,0,0
STORE0013,SKU0061,2024-01-10,0,0,0
STORE0013,SKU0061,2024-01-11,0,0,0
STORE0013,SKU0061,2024-01-12,0,0,0
STORE0013,SKU0061,2024-01-13,0,1,0
STORE0013,SKU0061,2024-01-14,0,1,0
STORE0013,SKU0063,2024-01-01,0,0,0
STORE0013,SKU0063,2024-01-02,0,0,0
STORE0013,SKU0063,2024-01-03,0,0,0
STORE0013,SKU0063,2024-01-04,0,0,0
STORE0013,SKU0063,2024-01-05,0,0,0
STORE0013,SKU0063,2024-01-06,0,1,0
STORE0013,SKU0063,2024-01-07,0,1,0
STORE0013,SKU0063,2024-01-08,0,0,0
STORE0013,SKU0063,2024-01-09,0,0,0
STORE0013,SKU0063,2024-01-10,0,0,0
STORE0013,SKU0063,2024-01-11,0,0,0
STORE0013,SKU0063,2024-01-12,0,0,0
STORE0013,SKU0063,2024-01-13,0,1,0
STORE0013,SKU0063,2024-01-14,0,1,0
STORE0013,SKU0065,2024-01-01,0,0,0
STORE0013,SKU0065,2024-01-02,0,0,0
STORE0013,SKU0065,2024-01-03,0,0,0
STORE0013,SKU0065,2024-01-04,0,0,0
STORE0013,SKU0065,2024-01-05,0,0,0
STORE0013,SKU0065,2024-01-06,0,1,0
STORE0013,SKU0065,2024-01-07,0,1,0
STORE0013,SKU0065,2024-01-08,0,0,0
STORE0013,SKU0065,2024-01-09,0,0,0
STORE0013,SKU0065,2024-01-10,0,0,0
STORE0013,SKU0065,2024-01-11,0,0,0
STORE0013,SKU0065,2024-01-12,0,0,0
STORE0013,SKU0065,2024-01-13,0,1,0
STORE0013,SKU0065,2024-01-14,0,1,0
STORE0013,SKU0068,2024-01-01,0,0,0
STORE0013,SKU0068,2024-01-02,0,0,0
STORE0013,SKU0068,2024-01-03,0,0,0
STORE0013,SKU0068,2024-01-04,0,0,0
STORE0013,SKU0068,2024-01-05,0,0,0
STORE0013,SKU0068,2024-01-06,0,1,0
STORE0013,SKU0068,2024-01-07,0,1,0
STORE0013,SKU0068,2024-01-08,0,0,0
STORE0013,SKU0068,2024-01-09,0,0,0
STORE0013,SKU0068,2024-01-10,0,0,0
STORE0013,SKU0068,2024-01-11,0,0,0
STORE0013,SKU0068,2024-01-12,0,0,0
STORE0013,SKU0068,2024-01-13,0,1,0
STORE0013,SKU0068,2024-01-14,0,1,0
STORE0013,SKU0071,2024-01-01,0,0,0
STORE0013,SKU0071,2024-01-02,0,0,0
STORE0013,SKU0071,2024-01-03,0,0,0
STORE0013,SKU0071,2024-01-04,0,0,0
STORE0013,SKU0071,2024-01-05,0,0,0
STORE0013,SKU0071,2024-01-06,0,1,0
STORE0013,SKU0071,2024-01-07,0,1,0
STORE0013,SKU0071,2024-01-08,0,0,0
STORE0013,SKU0071,2024-01-09,0,0,0
STORE0013,SKU0071,2024-01-10,0,0,0
STORE0013,SKU0071,2024-01-11,0,0,0
STORE0013,SKU0071,2024-01-12,0,0,0
STORE0013,SKU0071,2024-01-13,0,1,0
STORE0013,SKU0071,2024-01-14,0,1,0
STORE0013,SKU0076,2024-01-01,0,0,0
STORE0013,SKU0076,2024-01-02,0,0,0
STORE0013,SKU0076,2024-01-03,0,0,0
STORE0013,SKU0076,2024-01-04,0,0,0
STORE0013,SKU0076,2024-01-05,0,0,0
STORE0013,SKU0076,2024-01-06,0,1,0
STORE0013,SKU0076,2024-01-07,0,1,0
STORE0013,SKU0076,2024-01-08,0,0,0
STORE0013,SKU0076,2024-01-09,0,0,0
STORE0013,SKU0076,2024-01-10,0,0,0
STORE0013,SKU0076,2024-01-11,0,0,0
STORE0013,SKU0076,2024-01-12,0,0,0
STORE0013,SKU0076,2024-01-13,0,1,0
STORE0013,SKU0076,2024-01-14,0,1,0
STORE0013,SKU0080,2024-01-01,0,0,0
STORE0013,SKU0080,2024-01-02,0,0,0
STORE0013,SKU0080,2024-01-03,0,0,0
STORE0013,SKU0080,2024-01-04,0,0,0
STORE0013,SKU0080,2024-01-05,0,0,0
STORE0013,SKU0080,2024-01-06,0,1,0
STORE0013,SKU0080,2024-01-07,0,1,0
STORE0013,SKU0080,2024-01-08,0,0,0
STORE0013,SKU0080,2024-01-09,0,0,0
STORE0013,SKU0080,2024-01-10,0,0,0
STORE0013,SKU0080,2024-01-11,0,0,0
STORE0013,SKU0080,2024-01-12,0,0,0
STORE0013,SKU0080,2024-01-13,0,1,0
STORE0013,SKU0080,2024-01-14,0,1,0
STORE0013,SKU0084,2024-01-01,0,0,0
STORE0013,SKU0084,2024-01-02,0,0,0
STORE0013,SKU0084,2024-01-03,0,0,0
STORE0013,SKU0084,2024-01-04,0,0,0
STORE0013,SKU0084,2024-01-05,0,0,0
STORE0013,SKU0084,2024-01-06,0,1,0
STORE0013,SKU0084,2024-01-07,0,1,0
STORE0013,SKU0084,2024-01-08,0,0,0
STORE0013,SKU0084,2024-01-09,0,0,0
STORE0013,SKU0084,2024-01-10,0,0,0
STORE0013,SKU0084,2024-01-11,0,0,0
STORE0013,SKU0084,2024-01-12,0,0,0
STORE0013,SKU0084,2024-01-13,0,1,0
STORE0013,SKU0084,2024-01-14,0,1,0
STORE0013,SKU0085,2024-01-01,0,0,0
STORE0013,SKU0085,2024-01-02,0,0,0
STORE0013,SKU0085,2024-01-03,0,0,0
STORE0013,SKU0085,2024-01-04,0,0,0
STORE0013,SKU0085,2024-01-05,0,0,0
STORE0013,SKU0085,2024-01-06,0,1,0
STORE0013,SKU0085,2024-01-07,0,1,0
STORE0013,SKU0085,2024-01-08,0,0,0
STORE0013,SKU0085,2024-01-09,0,0,0
STORE0013,SKU0085,2024-01-10,0,0,0
STORE0013,SKU0085,2024-01-11,0,0,0
STORE0013,SKU0085,2024-01-12,0,0,0
STORE0013,SKU0085,2024-01-13,0,1,0
STORE0013,SKU0085,2024-01-14,0,1,0
STORE0013,SKU0086,2024-01-01,0,0,0
STORE0013,SKU0086,2024-01-02,0,0,0
STORE0013,SKU0086,2024-01-03,0,0,0
STORE0013,SKU0086,2024-01-04,0,0,0
STORE0013,SKU0086,2024-01-05,0,0,0
STORE0013,SKU0086,2024-01-06,0,1,0
STORE0013,SKU0086,2024-01-07,0,1,0
STORE0013,SKU0086,2024-01-08,0,0,0
STORE0013,SKU0086,2024-01-09,0,0,0
STORE0013,SKU0086,2024-01-10,0,0,0
STORE0013,SKU0086,2024-01-11,0,0,0
STORE0013,SKU0086,2024-01-12,0,0,0
STORE0013,SKU0086,2024-01-13,0,1,0
STORE0013,SKU0086,2024-01-14,0,1,0
STORE0013,SKU0087,2024-01-01,0,0,0
STORE0013,SKU0087,2024-01-02,0,0,0
STORE0013,SKU0087,2024-01-03,0,0,0
STORE0013,SKU0087,2024-01-04,0,0,0
STORE0013,SKU0087,2024-01-05,0,0,0
STORE0013,SKU0087,2024-01-06,0,1,0
STORE0013,SKU0087,2024-01-07,0,1,0
STORE0013,SKU0087,2024-01-08,0,0,0
STORE0013,SKU0087,2024-01-09,0,0,0
STORE0013,SKU0087,2024-01-10,0,0,0
STORE0013,SKU0087,2024-01-11,0,0,0
STORE0013,SKU0087,2024-01-12,0,0,0
STORE0013,SKU0087,2024-01-13,0,1,0
STORE0013,SKU0087,2024-01-14,0,1,0
STORE0013,SKU0089,2024-01-01,0,0,0
STORE0013,SKU0089,2024-01-02,0,0,0
STORE0013,SKU0089,2024-01-03,0,0,0
STORE0013,SKU0089,2024-01-04,0,0,0
STORE0013,SKU0089,2024-01-05,0,0,0
STORE0013,SKU0089,2024-01-06,0,1,0
STORE0013,SKU0089,2024-01-07,0,1,0
STORE0013,SKU0089,2024-01-08,0,0,0
STORE0013,SKU0089,2024-01-09,0,0,0
STORE0013,SKU0089,2024-01-10,0,0,0
STORE0013,SKU0089,2024-01-11,0,0,0
STORE0013,SKU0089,2024-01-12,0,0,0
STORE0013,SKU0089,2024-01-13,0,1,0
STORE0013,SKU0089,2024-01-14,0,1,0
STORE0013,SKU0090,2024-01-01,0,0,0
STORE0013,SKU0090,2024-01-02,0,0,0
STORE0013,SKU0090,2024-01-03,0,0,0
STORE0013,SKU0090,2024-01-04,0,0,0
STORE0013,SKU0090,2024-01-05,0,0,0
STORE0013,SKU0090,2024-01-06,0,1,0
STORE0013,SKU0090,2024-01-07,0,1,0
STORE0013,SKU0090,2024-01-08,0,0,0
STORE0013,SKU0090,2024-01-09,0,0,0
STORE0013,SKU0090,2024-01-10,0,0,0
STORE0013,SKU0090,2024-01-11,0,0,0
STORE0013,SKU0090,2024-01-12,0,0,0
STORE0013,SKU0090,2024-01-13,0,1,0
STORE0013,SKU0090,2024-01-14,0,1,0
STORE0013,SKU0096,2024-01-01,0,0,0
STORE0013,SKU0096,2024-01-02,0,0,0
STORE0013,SKU0096,2024-01-03,0,0,0
STORE0013,SKU0096,2024-01-04,0,0,0
STORE0013,SKU0096,2024-01-05,0,0,0
STORE0013,SKU0096,2024-01-06,0,1,0
STORE0013,SKU0096,2024-01-07,0,1,0
STORE0013,SKU0096,2024-01-08,0,0,0
STORE0013,SKU0096,2024-01-09,0,0,0
STORE0013,SKU0096,2024-01-10,0,0,0
STORE0013,SKU0096,2024-01-11,0,0,0
STORE0013,SKU0096,2024-01-12,0,0,0
STORE0013,SKU0096,2024-01-13,0,1,0
STORE0013,SKU0096,2024-01-14,0,1,0
STORE0013,SKU0097,2024-01-01,0,0,0
STORE0013,SKU0097,2024-01-02,0,0,0
STORE0013,SKU0097,2024-01-03,0,0,0
STORE0013,SKU0097,2024-01-04,0,0,0
STORE0013,SKU0097,2024-01-05,0,0,0
STORE0013,SKU0097,2024-01-06,0,1,0
STORE0013,SKU0097,2024-01-07,0,1,0
STORE0013,SKU0097,2024-01-08,0,0,0
STORE0013,SKU0097,2024-01-09,0,0,0
STORE0013,SKU0097,2024-01-10,0,0,0
STORE0013,SKU0097,2024-01-11,0,0,0
STORE0013,SKU0097,2024-01-12,0,0,0
STORE0013,SKU0097,2024-01-13,0,1,0
STORE0013,SKU0097,2024-01-14,0,1,0
STORE0013,SKU0099,2024-01-01,0,0,0
STORE0013,SKU0099,2024-01-02,0,0,0
STORE0013,SKU0099,2024-01-03,0,0,0
STORE0013,SKU0099,2024-01-04,0,0,0
STORE0013,SKU0099,2024-01-05,0,0,0
STORE0013,SKU0099,2024-01-06,0,1,0
STORE0013,SKU0099,2024-01-07,0,1,0
STORE0013,SKU0099,2024-01-08,0,0,0
STORE0013,SKU0099,2024-01-09,0,0,0
STORE0013,SKU0099,2024-01-10,0,0,0
STORE0013,SKU0099,2024-01-11,0,0,0
STORE0013,SKU0099,2024-01-12,0,0,0
STORE0013,SKU0099,2024-01-13,0,1,0
STORE0013,SKU0099,2024-01-14,0,1,0
STORE0013,SKU0102,2024-01-01,0,0,0
STORE0013,SKU0102,2024-01-02,0,0,0
STORE0013,SKU0102,2024-01-03,0,0,0
STORE0013,SKU0102,2024-01-04,0,0,0
STORE0013,SKU0102,2024-01-05,0,0,0
STORE0013,SKU0102,2024-01-06,0,1,0
STORE0013,SKU0102,2024-01-07,0,1,0
STORE0013,SKU0102,2024-01-08,0,0,0
STORE0013,SKU0102,2024-01-09,0,0,0
STORE0013,SKU0102,2024-01-10,0,0,0
STORE0013,SKU0102,2024-01-11,0,0,0
STORE0013,SKU0102,2024-01-12,0,0,0
STORE0013,SKU0102,2024-01-13,0,1,0
STORE0013,SKU0102,2024-01-14,0,1,0
