model,family,store_id,sku_id,forecast_total_units,forecast_mean_units,test_rows,test_actual_units,test_wape,test_mape,test_mae,test_rmse,test_bias
catboost,ml,STORE0011,SKU0023,1016.0514903688804,72.57510645492003,14,964.0,0.5573850998360644,1.2075748900468055,38.37994544585472,50.24882725737248,0.3696079116369521
catboost,ml,STORE0005,SKU0045,884.7058954017137,63.19327824297955,14,985.0,0.5344078720231554,0.8400900183557723,37.59941099591487,47.91668018606671,0.4438852067730155
catboost,ml,STORE0009,SKU0069,912.5628754265413,65.18306253046724,14,1072.0,0.5320944169828609,0.6772619028949204,40.743229643259056,52.877487065533806,0.2976451309150684
catboost,ml,STORE0005,SKU0013,1265.5876158556116,90.39911541825798,14,1453.0,0.5268017559321501,2.356509932587468,54.67449652638671,76.89221333240586,0.3424554709705416
catboost,ml,STORE0002,SKU0063,490.493924432157,35.03528031658264,14,529.0,0.5158821577267002,0.903146069438087,19.49297581695889,24.896826860662934,0.26006149209795
catboost,ml,STORE0010,SKU0098,516.2897959485616,36.8778425677544,14,456.0,0.5141763387272272,2.021361815460167,16.747457889972544,20.6616956427486,0.2812749911174098
catboost,ml,STORE0001,SKU0019,240.54282551979222,17.181630394270872,14,244.0,0.5093514602529374,0.561077944745434,8.877268307265481,11.37379285844727,0.2612204077535524
catboost,ml,STORE0013,SKU0002,491.37449767058257,35.098178405041615,14,399.0,0.5090655662761162,1.1220537922544238,14.508368638869312,17.315828777685294,0.3457650956188462
catboost,ml,STORE0006,SKU0095,430.30120319791536,30.735800228422526,14,373.0,0.5070367581146784,1.378525111485904,13.508907912626787,16.192430291494677,0.320780337250671
catboost,ml,STORE0008,SKU0043,758.4552316737933,54.17537369098523,14,765.0,0.4960337523283941,4.244383611405243,27.10470146651582,34.97853740136817,0.1505146108093876
catboost,ml,STORE0013,SKU0071,229.04053503213603,16.360038216581145,14,195.0,0.495403961106117,0.8178348633836137,6.900269458263773,7.640668820722737,0.2198411579854087
catboost,ml,STORE0006,SKU0063,652.2150344608744,46.586788175776746,14,749.0,0.4881712652091756,0.8574859306543269,26.117162688690893,33.78910108068547,0.1941161970268499
catboost,ml,STORE0007,SKU0084,257.73422848968994,18.40958774926357,14,196.0,0.4753032710430588,1.2744579947436494,6.654245794602824,8.74497577280047,0.3837974546981333
catboost,ml,STORE0002,SKU0086,96.80623442073113,6.914731030052224,14,104.0,0.4718075253618921,0.7618235734962274,3.504855902688341,4.225925667972889,0.0551862019071533
catboost,ml,STORE0008,SKU0029,527.9135161101035,37.708108293578825,14,460.0,0.467366840050616,1.3310660189524486,15.356339030234526,19.54403353351957,0.3491748664695949
catboost,ml,STORE0005,SKU0020,758.2166526800808,54.15833233429148,14,625.0,0.4657116908084616,0.7432540351889331,20.79070048252061,25.997480762525388,0.4050899194416645
catboost,ml,STORE0007,SKU0080,818.1743729097398,58.44102663640998,14,717.0,0.4625380371422803,0.6719249133614109,23.688555187929644,30.38622925293344,0.2251623920808043
catboost,ml,STORE0010,SKU0076,401.74846307906245,28.696318791361602,14,354.0,0.4612284078893168,1.7946176400897529,11.662489742344151,14.478341037156309,0.1915938369699388
catboost,ml,STORE0002,SKU0066,301.3782810508625,21.527020075061607,14,253.0,0.457298151819421,2.6410602251767523,8.264030886450966,10.638860203727148,0.3569681010632119
catboost,ml,STORE0011,SKU0098,558.8643856287465,39.91888468776761,14,576.0,0.4554257024766546,1.743491758477692,18.73751461618236,23.088986499908312,0.0419355432685897
catboost,ml,STORE0007,SKU0049,577.3663722617489,41.24045516155349,14,502.0,0.4544641633278802,0.630741696298804,16.295786427899703,17.612233557433616,0.2032911126803695
catboost,ml,STORE0008,SKU0047,1103.2706770618652,78.8050483615618,14,1012.0,0.4517525371403716,0.5911313252124311,32.65525482757543,36.743037273222505,0.3518628302213671
catboost,ml,STORE0002,SKU0016,255.96527708684212,18.28323407763158,14,271.0,0.4499376838023616,2.022502092164611,8.709508022174285,10.877590809309488,0.1948712191811279
catboost,ml,STORE0007,SKU0101,161.6543104688283,11.546736462059163,14,165.0,0.4494282940126622,2.023913210362099,5.296833465149233,7.408900274133434,0.2778853657918325
catboost,ml,STORE0003,SKU0060,642.4634704441329,45.89024788886663,14,634.0,0.4468256783057861,0.7726832082378007,20.234820003276315,23.57562991792193,0.051172868671522
catboost,ml,STORE0011,SKU0055,237.62109915062481,16.97293565361606,14,192.0,0.4459700582085595,0.6506823766693405,6.116160798288817,8.148656832054177,0.2012516349333862
catboost,ml,STORE0013,SKU0025,250.08916552703215,17.86351182335944,14,206.0,0.4404820505123202,0.789034802132611,6.481378743252711,7.96266328479959,0.3275702672040813
catboost,ml,STORE0006,SKU0034,1932.2942499150945,138.02101785107817,14,2432.0,0.4399780370949146,0.9759087738172716,76.4304704439166,94.32105296950589,0.1502464353368501
catboost,ml,STORE0003,SKU0031,642.8870666966634,45.92050476404739,14,713.0,0.4393205345277893,0.5934221963130736,22.3739672227367,28.561319432706867,0.1300756668225599
catboost,ml,STORE0001,SKU0092,1369.3328036757314,97.80948597683796,14,1319.0,0.4374811465754116,0.6922836803650687,41.21697373806914,50.49248815209936,0.0745067449990817
catboost,ml,STORE0012,SKU0091,214.9443118956965,15.353165135406893,14,223.0,0.4358482684226877,0.6353216712240463,6.942440275589955,8.462344472249745,0.3331367676083868
catboost,ml,STORE0002,SKU0023,764.1496537567692,54.58211812548352,14,801.0,0.4330750209167527,0.6456088517027051,24.77807798245135,32.780930342884,0.1198822231064694
catboost,ml,STORE0007,SKU0097,724.8476854624455,51.77483467588896,14,650.0,0.430584796010253,4.760157987772392,19.99143695761889,26.849601646681933,0.0684796730069581
catboost,ml,STORE0011,SKU0039,270.02570697957293,19.287550498540924,14,264.0,0.4260908176487556,1.7289001450684405,8.034855418519394,9.041143460373371,0.0565788563503529
catboost,ml,STORE0005,SKU0073,154.46364706682982,11.033117647630702,14,127.0,0.4259868419115152,0.4565930511618694,3.864309208768745,4.981656320913778,0.2261410253576551
catboost,ml,STORE0002,SKU0015,133.31991850994962,9.522851322139259,14,102.0,0.42582065670161,1.1692629762962004,3.1024076416831585,3.9257163485542703,0.2979509788793593
catboost,ml,STORE0009,SKU0016,329.31318541906825,23.522370387076304,14,347.0,0.4256730095769817,1.347235955133774,10.55060959451519,13.978527659578171,0.1356485400256571
catboost,ml,STORE0008,SKU0059,391.9625110528726,27.99732221806233,14,364.0,0.425348759182413,0.4088488437403335,11.05906773874274,12.70420130717798,0.1054810433913192
catboost,ml,STORE0009,SKU0032,973.1942684030334,69.51387631450238,14,997.0,0.4236273168091625,1.9405110800057848,30.16831677562393,46.57098985968241,0.1087415679555106
catboost,ml,STORE0005,SKU0084,342.1379307438125,24.438423624558034,14,296.0,0.4228536899242231,1.1705428532191249,8.94033515839786,11.460270284850674,0.2745692751065992
catboost,ml,STORE0007,SKU0043,560.0961483163078,40.00686773687913,14,512.0,0.4190879935305603,0.7802739766277927,15.326646620546208,21.12465916516744,0.2665577477868386
catboost,ml,STORE0009,SKU0057,1162.6122859427262,83.04373471019473,14,986.0,0.4160900599543409,1.0135876916027395,29.30462850821287,38.23076268153849,0.2527120686348029
catboost,ml,STORE0001,SKU0020,702.5188291644778,50.17991636889127,14,665.0,0.4152620549120319,0.935907031681831,19.72494760832152,23.53983557070165,0.1565309986182157
catboost,ml,STORE0002,SKU0043,564.1484444608474,40.296317461489096,14,546.0,0.4132662891106864,0.5347572843713314,16.11738527531677,19.36583799226016,0.3824074532147527
catboost,ml,STORE0001,SKU0024,730.8662756571243,52.20473397550888,14,665.0,0.4131449723769614,1.663737451957067,19.624386187905667,24.648759905521068,0.1517675127463435
catboost,ml,STORE0002,SKU0031,669.2874147054602,47.80624390753287,14,646.0,0.4117998532390697,1.3650470244653616,19.001621799459933,23.603755827757197,0.2588602104121839
catboost,ml,STORE0005,SKU0019,236.6399439996852,16.902853142834655,14,248.0,0.4114249924404627,1.0771045721632713,7.288099866088197,10.28170936479809,0.260852849594927
catboost,ml,STORE0004,SKU0051,1121.7982685302327,80.12844775215947,14,970.0,0.4111190767850363,1.4466763352523888,28.484678891534656,38.29504799441862,0.1571359976446233
catboost,ml,STORE0006,SKU0081,1008.3554658668631,72.02539041906165,14,946.0,0.4077981123417672,0.5903110931012632,27.55550101966513,33.44290931742738,0.078483816429859
catboost,ml,STORE0006,SKU0017,1490.131896230517,106.43799258789407,14,1393.0,0.4077159439153832,1.726505327379162,40.56773641958063,50.35495873248856,0.2003973833612344
catboost,ml,STORE0010,SKU0100,1137.3271095759706,81.2376506839979,14,1076.0,0.4075623417019881,0.6998440055347978,31.32407711938137,37.62175288813763,0.0199649638070215
catboost,ml,STORE0007,SKU0066,307.0542385157823,21.932445608270164,14,279.0,0.4075283609801692,0.7234432176893216,8.121458050961945,9.696425825790694,0.2540485073943929
catboost,ml,STORE0009,SKU0077,761.891692537892,54.420835181278,14,716.0,0.4063705707894444,0.7407824401532012,20.78295204894587,29.78675560930493,0.3632937385765649
catboost,ml,STORE0008,SKU0007,418.77499391057,29.912499565040715,14,374.0,0.4063079655513571,2.3827401703617794,10.854227079729112,13.21077742676103,0.1217267688767149
catboost,ml,STORE0004,SKU0076,403.3560271184264,28.811144794173316,14,386.0,0.4055016781197901,0.5542614501812786,11.180260553874216,12.851924371143005,0.2195297360109531
catboost,ml,STORE0001,SKU0016,368.1724300841547,26.298030720296765,14,404.0,0.4035366434244654,0.7902545495668918,11.644914567391714,13.466753370004328,0.1099257647177603
catboost,ml,STORE0006,SKU0046,1387.9451951688259,99.13894251205899,14,1571.0,0.4021474285517155,0.6929592206780943,45.1266864467675,57.139089808111294,0.1242170776270338
catboost,ml,STORE0007,SKU0061,977.8211679797785,69.84436914141274,14,794.0,0.4014234587958281,0.9511421575145328,22.76644473456339,29.42715556245054,0.3102727108249636
catboost,ml,STORE0003,SKU0050,212.1480545180088,15.153432465572056,14,170.0,0.4010812584811945,0.7577778382318918,4.870272424414504,5.727587348566151,0.1193943410295984
catboost,ml,STORE0002,SKU0062,204.9340130156392,14.638143786831373,14,188.0,0.400766459852199,1.3759149272977764,5.381721032300959,6.732952715007278,0.0130569845076014
catboost,ml,STORE0001,SKU0058,1398.0403518724731,99.86002513374808,14,1284.0,0.4001540318820339,1.281588578395264,36.69984120975226,44.63013039187702,0.0911725631497792
catboost,ml,STORE0007,SKU0039,213.45112419118632,15.246508870799023,14,183.0,0.3998549584887514,1.5342083082059863,5.226675528817252,6.162495852768727,0.0780242662105121
catboost,ml,STORE0002,SKU0026,1172.2777523988225,83.73412517134446,14,1008.0,0.3997264088756825,3.978766791660051,28.780301439049143,37.632729991962215,0.2728276119253713
catboost,ml,STORE0009,SKU0099,1250.698231677218,89.33558797694414,14,1318.0,0.3988750445657592,0.8726753257529148,37.55123633840504,46.71235997002467,0.1276492296124412
catboost,ml,STORE0002,SKU0038,1132.039664514328,80.85997603673772,14,1030.0,0.3930433314899739,0.6714647187735044,28.91675938819094,33.36742139115265,0.1136378580357951
catboost,ml,STORE0013,SKU0006,810.8030631863763,57.91450451331259,14,938.0,0.3920820972235233,0.5106705799150749,26.269500513976062,33.65205652368399,-0.0360337293202213
catboost,ml,STORE0003,SKU0008,296.07886382075196,21.148490272910855,14,243.0,0.391411347998069,0.606288632304976,6.793782683109341,7.768805138134037,0.1128525604011313
catboost,ml,STORE0006,SKU0091,241.484632533228,17.248902323802,14,294.0,0.3908583192529575,0.5368937252042378,8.208024704312107,10.698266214254431,0.0314501007254578
catboost,ml,STORE0005,SKU0075,537.4276053233945,38.38768609452818,14,553.0,0.3890281921465665,0.3542881110075455,15.366613589789376,18.10173375033548,-0.0986363104287414
catboost,ml,STORE0011,SKU0035,2236.130704911598,159.72362177939985,14,2625.0,0.3884435839409571,0.7621854679916781,72.83317198892946,86.70808696612157,0.005347306950722
catboost,ml,STORE0009,SKU0058,1273.4808609200272,90.9629186371448,14,1123.0,0.3880350053973455,2.816853636549602,31.125950790087074,40.51566707542391,0.1140980865191645
catboost,ml,STORE0011,SKU0100,1241.9565558724419,88.71118256231728,14,1173.0,0.3879829309232432,0.5136732739679989,32.50742699806888,36.08504538188305,0.1400438421606495
catboost,ml,STORE0006,SKU0012,625.2327133668482,44.65947952620344,14,852.0,0.3875491638127717,0.9652759497286266,23.58513482632011,27.40244208969853,0.2686275892661578
catboost,ml,STORE0006,SKU0098,568.2527971242303,40.58948550887359,14,581.0,0.3869916186886843,1.165004419184673,16.060152175580402,19.760969832670924,0.1036015442555878
catboost,ml,STORE0008,SKU0035,2251.9390956571724,160.8527925469409,14,2593.0,0.3869353823035087,1.9990307012200557,71.66596045092845,86.04333404363123,0.0884418366878099
catboost,ml,STORE0001,SKU0043,701.7705655834728,50.12646897024806,14,718.0,0.3863754099992586,0.4690288107310761,19.81553888424769,29.58230639301929,0.2866498738560934
catboost,ml,STORE0007,SKU0036,527.9612021850392,37.71151444178851,14,496.0,0.3838022417109586,0.833841044752128,13.597565134902537,16.14571486485516,0.0588122761808353
catboost,ml,STORE0007,SKU0027,1376.660802708695,98.3329144791925,14,1769.0,0.3835183844131418,1.4343441932922754,48.460287287632,57.01061402038481,-0.0392812567593334
catboost,ml,STORE0013,SKU0028,940.9090516251034,67.20778940179311,14,879.0,0.3800692272504443,6.252224109241039,23.86291791093861,31.74420830013062,0.1499805656291529
catboost,ml,STORE0003,SKU0086,101.51688796414524,7.251206283153231,14,117.0,0.377391075201018,0.7589127738118011,3.153911128465651,3.921407487051125,-0.0065920054417129
catboost,ml,STORE0004,SKU0068,555.2546733569566,39.66104809692547,14,562.0,0.3766922667627657,0.4808899968320377,15.121503851476737,19.242535856670912,0.2766262095075382
catboost,ml,STORE0005,SKU0060,988.730574262068,70.62361244729057,14,923.0,0.3759554850596586,0.5004802579628207,24.786208050718923,29.72751871332254,0.089393954791106
catboost,ml,STORE0006,SKU0033,1642.701080883533,117.33579149168092,14,1674.0,0.3749179538822599,0.6659594699171814,44.82947534277879,55.333684122289895,0.0294033609522742
catboost,ml,STORE0008,SKU0031,911.8004847972445,65.12860605694604,14,917.0,0.3734413239099776,0.9232377525515226,24.46040671610353,31.459897217845317,0.1804037204682201
catboost,ml,STORE0007,SKU0048,777.2268002894737,55.51620002067669,14,761.0,0.3716240926321498,0.7867383728627555,20.20042389236186,24.783778054896963,0.1355846383419416
catboost,ml,STORE0006,SKU0071,456.75943982509216,32.625674273220866,14,423.0,0.3703328724299154,0.5597738640251676,11.189343216989588,13.353429456064989,0.185137802319447
catboost,ml,STORE0002,SKU0084,275.8304452298982,19.702174659278445,14,259.0,0.3694128311887372,0.7275784973187386,6.834137376991639,8.483177106972603,0.1683150544527111
catboost,ml,STORE0012,SKU0053,440.8807917478041,31.491485124843148,14,428.0,0.3690012453683288,0.4717182849743923,11.280895215546051,12.468461869281846,0.0589318138464711
catboost,ml,STORE0011,SKU0020,735.0295189013365,52.50210849295261,14,659.0,0.3689645928033973,0.8940763162394821,17.367690475531344,22.501732779523536,0.104831944400038
catboost,ml,STORE0007,SKU0055,157.46363249734114,11.247402321238653,14,138.0,0.3682687993981441,0.6869174251508935,3.630078165495992,4.545862692398175,0.1234215587438897
catboost,ml,STORE0002,SKU0017,1087.2192072599964,77.65851480428546,14,1063.0,0.368030930859597,1.2524590575600327,27.944062821696544,35.77482732026121,-0.0099388933863613
catboost,ml,STORE0004,SKU0077,841.4790906355767,60.105649331112616,14,944.0,0.367967209302041,1.4809752445354258,24.81150325579477,33.41818688258003,0.1617109652304939
catboost,ml,STORE0004,SKU0029,551.3496561348645,39.38211829534747,14,525.0,0.3679209133320161,1.677757775089034,13.797034249950602,16.89639602246802,0.1751889357915436
catboost,ml,STORE0005,SKU0006,1624.6359431936014,116.04542451382868,14,2295.0,0.3673455823323417,0.372497479823391,60.21843653233744,73.17725210817231,-0.1925859160125014
catboost,ml,STORE0009,SKU0010,425.3289717131076,30.380640836650542,14,379.0,0.3672842240077056,0.6454870069370651,9.942908635637176,12.01093690260164,0.2736885096483291
catboost,ml,STORE0007,SKU0034,1643.2327142295976,117.37376530211411,14,1854.0,0.3668461391534506,0.4867961778148166,48.58091014217839,58.97662862790885,0.1188078955819054
catboost,ml,STORE0010,SKU0017,1336.2197839887222,95.44427028490873,14,1321.0,0.3666286988266068,0.6457748111694821,34.594036510710545,48.41862285975274,0.0157502632122913
catboost,ml,STORE0009,SKU0012,578.8135282424233,41.34382344588738,14,729.0,0.365952542286685,1.177449550406357,19.05567166621381,26.03128856079037,0.2256883901338823
catboost,ml,STORE0009,SKU0015,159.83492717006567,11.416780512147549,14,147.0,0.3641272712240581,1.017507577021637,3.8233363478526097,4.442694602078301,0.0262110271423056
catboost,ml,STORE0002,SKU0099,1043.5495760377466,74.53925543126762,14,1098.0,0.3640533779280764,0.8699321202959832,28.55218635464485,41.85181813225398,0.0293921449279922
catboost,ml,STORE0008,SKU0051,1150.8074219654557,82.20053014038969,14,1030.0,0.3639008765148951,1.3316437744942655,26.77270734359586,35.17407787268873,0.0969940583920394
catboost,ml,STORE0009,SKU0082,811.5084696185918,57.96489068704227,14,680.0,0.3638687443875684,1.1873730545676326,17.673624727396177,22.44476281558896,0.2036070011733868
catboost,ml,STORE0003,SKU0021,629.0384970145199,44.931321215322846,14,560.0,0.3632302787634739,1.2806850550447764,14.529211150538956,18.24018143717809,0.1082657853713185
catboost,ml,STORE0011,SKU0043,762.5217828808952,54.46584163434966,14,803.0,0.3626526686520642,0.92890156336727,20.80072092340054,26.30017731043926,0.1489352166262163
catboost,ml,STORE0006,SKU0048,1097.0645314712397,78.36175224794569,14,1136.0,0.3626306599229069,0.5449704130701495,29.42488783374444,34.00888448049561,0.1632785568794798
catboost,ml,STORE0007,SKU0053,368.2565812455972,26.304041517542657,14,352.0,0.3624933309109877,1.420883110427949,9.114118034333409,12.024736894858693,0.0237300231324954
catboost,ml,STORE0001,SKU0066,437.31732231072004,31.23695159362286,14,429.0,0.3621321587730589,0.8166054594076797,11.096764008117306,13.26523307187876,0.0865507673039925
catboost,ml,STORE0005,SKU0016,354.6949818366659,25.335355845476133,14,417.0,0.361330479862849,0.5015685474840856,10.76248643591486,13.465519225645538,0.0118840644012035
catboost,ml,STORE0013,SKU0068,340.50478094525164,24.321770067517974,14,381.0,0.3610044546727977,0.4234515128394053,9.824478373595424,12.82881111375129,-0.1152422607016148
catboost,ml,STORE0005,SKU0101,224.24290125917918,16.01735008994137,14,261.0,0.3605445850314489,1.0053852121810292,6.721581192372012,8.922321552673187,-0.0670809715418287
catboost,ml,STORE0001,SKU0026,1524.8919269629725,108.92085192592661,14,1585.0,0.3596790842546005,0.5748245350102851,40.72081061025299,47.8531283622342,0.0754656794024277
catboost,ml,STORE0006,SKU0053,446.5108145948411,31.893629613917224,14,441.0,0.3589669997556483,0.5733704054452591,11.307460492302924,14.577741630254804,0.0180229477169288
catboost,ml,STORE0010,SKU0079,1079.9003235059322,77.13573739328088,14,989.0,0.358368535581995,0.5047493592926823,25.316177263613792,27.870471014866943,0.1380874411453151
catboost,ml,STORE0005,SKU0086,122.1472986136612,8.724807043832943,14,135.0,0.3577181205550886,0.3663897825742706,3.449424733924069,5.2177637521796205,0.2046823030168555
catboost,ml,STORE0008,SKU0056,337.0197508038925,24.07283934313518,14,385.0,0.3575248359531497,0.471695605398242,9.831932988711618,14.69367811062946,0.0111080065589304
catboost,ml,STORE0005,SKU0023,1053.6819158412893,75.26299398866352,14,1133.0,0.357381984910459,0.5587389072651601,28.92241349311072,34.59986679105937,0.1311642567668128
catboost,ml,STORE0012,SKU0062,220.25204829905272,15.73228916421805,14,192.0,0.3562735982465477,0.8087500065452448,4.886037918809797,6.222415613121861,0.2152357006531779
catboost,ml,STORE0001,SKU0035,2305.937588530952,164.70982775221086,14,3090.0,0.3562566334185512,0.6590596597035611,78.63092837595165,104.43722743134995,-0.1089218422367172
catboost,ml,STORE0010,SKU0034,1885.448916561542,134.67492261153873,14,2551.0,0.3555175306127274,0.4154539330875185,64.78037289950484,89.01190886155338,-0.0869304679562611
catboost,ml,STORE0012,SKU0005,1012.5040408392254,72.3217172028018,14,1255.0,0.354173573879385,0.489344145078107,31.74913108704487,39.34570603975854,0.0344117942528956
catboost,ml,STORE0002,SKU0087,308.4214945493369,22.030106753524063,14,272.0,0.3539738095715256,0.6206893927838381,6.877205443103926,8.409558581338281,0.1653767141263151
catboost,ml,STORE0009,SKU0022,1358.8011889645131,97.05722778317951,14,1233.0,0.3537866849961503,0.8034995105056051,31.15849875716095,38.36846183263186,0.0688335461496381
catboost,ml,STORE0011,SKU0058,1333.0509637725957,95.21792598375683,14,1296.0,0.3533693117090518,0.7381465572130707,32.71190199820937,40.50835767243804,0.0551612779666097
catboost,ml,STORE0005,SKU0041,1144.8170259802619,81.77264471287585,14,1350.0,0.353155798816149,0.6241512537029841,34.05430917155722,49.43052794340735,0.2216859693374449
catboost,ml,STORE0010,SKU0097,940.4991667684318,67.17851191203084,14,883.0,0.3516507091376032,0.8493213460286555,22.179112583464548,26.8690038951024,0.1159397278715826
catboost,ml,STORE0004,SKU0028,1639.445339015501,117.10323850110721,14,1815.0,0.3507893803221302,0.7102435861788559,45.47733752033332,54.31096889576641,0.0361436068218567
catboost,ml,STORE0003,SKU0070,1113.0622563269603,79.50444688049717,14,996.0,0.3506245151531454,0.4141760231690204,24.944429792323778,31.57870111106678,0.107074511480097
catboost,ml,STORE0006,SKU0056,346.8503157100532,24.775022550718088,14,379.0,0.3504572032692536,1.291584942772579,9.487377145646224,14.041540157631214,0.045420257263849
catboost,ml,STORE0013,SKU0001,786.7883748216194,56.19916963011567,14,745.0,0.350228027105292,0.4851719306558366,18.637134299531613,20.853006953341247,0.1240412332922027
catboost,ml,STORE0009,SKU0023,885.5724221607828,63.25517301148449,14,991.0,0.3500390387088197,0.403108598375297,24.777763382888597,30.12292342279687,0.0553030090316089
catboost,ml,STORE0010,SKU0040,296.01561479610626,21.143972485436162,14,367.0,0.3495772763052976,2.988541293065244,9.163918600288875,13.20417375009562,0.1648781092000535
catboost,ml,STORE0009,SKU0003,276.06491166504526,19.718922261788947,14,237.0,0.3490581280802484,0.8106014752865203,5.909055453929919,7.459943724885923,0.1192144093773288
catboost,ml,STORE0012,SKU0013,1176.652362843959,84.04659734599707,14,1554.0,0.3490311506192804,3.304410505691217,38.74245771874013,46.969980911957926,0.0645805806792845
catboost,ml,STORE0010,SKU0089,549.0861543358164,39.22043959541546,14,507.0,0.3486643276052291,1.4049677520253412,12.626629578275084,18.24673614119229,0.1663417118312476
catboost,ml,STORE0009,SKU0093,947.3336151800987,67.66668679857848,14,889.0,0.3485511428931407,0.5433717561169119,22.13299757371444,26.714780771455988,0.1706294938657768
catboost,ml,STORE0006,SKU0088,381.37812149847963,27.241294392748546,14,402.0,0.3481283516779802,0.3617125560293504,9.996256955324862,12.119274231473325,-0.207798336043459
catboost,ml,STORE0006,SKU0069,1097.9424632959965,78.42446166399975,14,1386.0,0.3473636185631231,0.6268623139223589,34.38899823774919,41.136464348409454,0.1785727062200014
catboost,ml,STORE0011,SKU0024,816.4597308552275,58.31855220394482,14,794.0,0.3470516727197743,0.664127692919836,19.68278772425005,24.366816342025697,0.0513860152532339
catboost,ml,STORE0003,SKU0088,264.8312524213587,18.916518030097052,14,242.0,0.3468227092768157,0.8756733370970535,5.995078260356387,7.985699150233088,0.0667381392834263
catboost,ml,STORE0009,SKU0009,764.2565351486004,54.58975251061431,14,705.0,0.3467404329050108,1.258202205413303,17.46085751414519,23.675363966746712,0.0979809518043
catboost,ml,STORE0009,SKU0019,194.86089856190253,13.918635611564467,14,230.0,0.3466987572663594,0.6345053665849691,5.695765297947334,6.625375653541996,0.1146188358951102
catboost,ml,STORE0010,SKU0092,1259.8011862403064,89.98579901716474,14,1253.0,0.3463225447891591,0.5392180948908886,30.995867758629743,36.76734672271832,-0.0463716211788023
catboost,ml,STORE0004,SKU0014,879.6741191592209,62.83386565423007,14,812.0,0.346153128055537,1.9256287135776584,20.076881427221146,26.001206806594087,0.1177271535671783
catboost,ml,STORE0006,SKU0031,863.2859748803662,61.66328392002616,14,943.0,0.3461448305597558,0.4958840503380629,23.315326801274985,29.10912286770689,0.1694019825983255
catboost,ml,STORE0012,SKU0097,930.8259280161676,66.48756628686911,14,907.0,0.3457197671506074,0.6899182053766485,22.39770205754292,26.529083286271423,-0.0314244529393936
catboost,ml,STORE0006,SKU0058,1437.943114023853,102.71022243027521,14,1505.0,0.3455860971319854,0.3622356764195112,37.15050544168843,48.29903187439514,-0.0424769535300533
catboost,ml,STORE0001,SKU0065,865.7275027473779,61.83767876766985,14,1009.0,0.3455139620132188,0.7779098709974014,24.901684833666987,37.3834596815144,0.0966787458050204
catboost,ml,STORE0008,SKU0101,222.45062926468185,15.889330661762989,14,243.0,0.3453324917411489,0.8615438743163182,5.993985392364229,7.545661229840041,0.138234032731834
catboost,ml,STORE0001,SKU0101,235.93884266209506,16.85277447586393,14,287.0,0.3448488154312188,0.5584092937824222,7.069400716339986,8.429331059026685,0.024313995842966
catboost,ml,STORE0010,SKU0020,628.0411595171204,44.86008282265146,14,601.0,0.3443665902722919,0.5708341966413127,14.783165768117676,18.68435441336941,0.0843741248467426
catboost,ml,STORE0012,SKU0083,1235.190922670883,88.22792304792021,14,1138.0,0.3440307635948545,2.569302203190223,27.964786355067464,36.206024376871575,0.0365228646650419
catboost,ml,STORE0012,SKU0060,744.6169680074779,53.18692628624842,14,689.0,0.343897194711028,1.0178975346337908,16.924654796849875,21.47233163287197,0.062902299342479
catboost,ml,STORE0003,SKU0093,832.4514196480527,59.46081568914662,14,800.0,0.3435291097088115,0.484224632864015,19.630234840503515,24.12652951948583,0.0968132369849341
catboost,ml,STORE0012,SKU0022,1318.6085524842651,94.18632517744751,14,1162.0,0.3433563222864857,0.6357515093085141,28.49857474977832,36.36393686172525,0.1150432624715826
catboost,ml,STORE0013,SKU0003,162.34298424886748,11.595927446347677,14,142.0,0.3429493800191994,0.5555863286927014,3.478486568766165,4.616718064232215,0.1262237777018739
catboost,ml,STORE0010,SKU0036,589.3916871126344,42.09940622233103,14,589.0,0.3429231813563764,0.4985503472670413,14.427268129921837,17.024174596362155,0.0646117045295196
catboost,ml,STORE0005,SKU0082,962.3666186824394,68.74047276303138,14,911.0,0.3423851617823934,0.4279460120094999,22.27949159884003,25.521727599631085,0.1481614480992079
catboost,ml,STORE0012,SKU0043,592.7445326589728,42.33889518992663,14,719.0,0.3423439701666186,0.3417012966728216,17.581808182128487,20.975377937278463,-0.0257727605787809
catboost,ml,STORE0013,SKU0076,261.32069989270036,18.665764278050027,14,226.0,0.3409977386586832,0.7402668290029981,5.504677781204458,6.896237604715013,0.0938588774545116
catboost,ml,STORE0011,SKU0026,1471.6479477053917,105.11771055038513,14,1462.0,0.3408533668731931,0.997604517446232,35.59483016918631,45.80426778909823,0.1030434724216618
catboost,ml,STORE0011,SKU0015,162.9144257622603,11.636744697304307,14,141.0,0.340652889227423,1.1711475592033798,3.430861241504761,4.4804253800132345,0.1733330882033374
catboost,ml,STORE0003,SKU0044,1006.2740599673077,71.87671856909341,14,1028.0,0.3400115852001093,0.4490559248910686,24.966564970408022,29.770736458753092,-0.0436115408490733
catboost,ml,STORE0001,SKU0051,1000.1114218580078,71.43653013271485,14,924.0,0.339955611266,0.9230138483928596,22.437070343556,26.68576955507458,0.1280029146360793
catboost,ml,STORE0003,SKU0096,1006.6363045056264,71.90259317897332,14,947.0,0.3397021179571574,1.7664877440612374,22.978421836102005,28.34177800076042,0.0487345517763975
catboost,ml,STORE0006,SKU0076,421.07191214383414,30.07656515313101,14,378.0,0.3389921960448925,0.6141159662859111,9.152789293212098,12.20603700550381,0.2112001801669947
catboost,ml,STORE0008,SKU0025,484.3434401849216,34.59596001320868,14,468.0,0.3389487908816288,0.6447681237190385,11.330573866614449,13.887919721282394,0.1833294218178657
catboost,ml,STORE0001,SKU0081,1002.2619372511795,71.59013837508425,14,1013.0,0.3384633457397979,1.161115963586791,24.49024065960109,30.54547344211012,0.0143976680336931
catboost,ml,STORE0011,SKU0021,903.4478213163393,64.53198723688138,14,795.0,0.338444082331108,0.2828564075144097,19.218788960945066,24.657516943953823,0.1909906008053857
catboost,ml,STORE0007,SKU0018,956.5557212557333,68.3254086611238,14,935.0,0.3375540308754289,0.4270866621045934,22.543787062037573,25.34374949874723,0.0028269308823603
catboost,ml,STORE0008,SKU0097,1067.9653511474392,76.28323936767423,14,1035.0,0.3374606394299614,0.4384802059581066,24.94798298642929,32.13787754365601,0.0786169336836371
catboost,ml,STORE0004,SKU0052,875.3068470254268,62.521917644673344,14,857.0,0.3372654039328092,0.4461638921688091,20.645460797886965,24.707143796510756,0.0529360152928925
catboost,ml,STORE0006,SKU0102,1324.6213506442275,94.61581076030197,14,1498.0,0.3368857356378798,0.5167544491826124,36.04677371325314,43.089560433908375,0.2232639609389849
catboost,ml,STORE0004,SKU0048,1096.5814993887084,78.32724995633632,14,1242.0,0.3365782953148449,0.5659987381384578,29.859303055788384,38.99455211997704,-0.0347273072157328
catboost,ml,STORE0007,SKU0074,605.7272650355078,43.26623321682199,14,734.0,0.3359560198428358,0.5733766939354784,17.61369418318868,23.47605872162833,0.1354136019863991
catboost,ml,STORE0007,SKU0016,293.8740439278617,20.991003137704407,14,360.0,0.3354474664970209,0.2472757113391982,8.625791995637682,13.635309139282468,-0.164717686687257
catboost,ml,STORE0012,SKU0001,1413.6025723796197,100.97161231282998,14,1615.0,0.3353776114424097,0.6450791907648554,38.688203034249405,46.942280224727895,-0.1672650540992002
catboost,ml,STORE0001,SKU0059,402.0808741572859,28.720062439806135,14,390.0,0.3351230542149866,0.5263304389794295,9.335570795988913,10.697132072555725,0.0604316587778294
catboost,ml,STORE0003,SKU0048,836.1460790401078,59.72471993143627,14,898.0,0.3346973504520457,0.5439486316826487,21.46844433613836,30.46831431605044,-0.0314642852649258
catboost,ml,STORE0013,SKU0026,813.323530239208,58.09453787422915,14,724.0,0.3344515296371416,0.3940747978766419,17.29592196123504,25.43860773062245,0.20560950671884
catboost,ml,STORE0005,SKU0009,931.5855415924618,66.54182439946156,14,903.0,0.3332349395822807,0.644040717653222,21.49365360305711,29.13757404584113,-0.0050212573400816
catboost,ml,STORE0007,SKU0094,671.0457545058387,47.9318396075599,14,607.0,0.3330428281813135,0.4655395210875498,14.439785479004092,16.915438000566553,0.1821390214231502
catboost,ml,STORE0001,SKU0078,471.2434433007939,33.660245950056705,14,466.0,0.3328322557608534,1.0095014946585004,11.07855937032555,13.21886350653234,-0.0133362700068191
catboost,ml,STORE0011,SKU0082,892.9668794238668,63.7833485302762,14,908.0,0.3323850308866279,0.4437226081104309,21.55754343178987,26.2135160602942,-0.0311366237670331
catboost,ml,STORE0007,SKU0065,620.0209961053652,44.28721400752608,14,707.0,0.3312924712474583,0.336617311334051,16.730269797996648,21.967054949881927,0.1063802311712506
catboost,ml,STORE0005,SKU0054,1193.38067368845,85.24147669203215,14,1421.0,0.3310012465208505,8.065985513239248,33.596626521866334,45.91678957683458,0.0711566779216781
catboost,ml,STORE0007,SKU0050,186.31581733708686,13.308272666934775,14,161.0,0.3309630927809186,0.4485799053464095,3.806075566980564,4.505995032142502,0.1787950789052171
catboost,ml,STORE0012,SKU0054,1021.9502433838863,72.99644595599189,14,1213.0,0.3309576471354385,0.3713743225435992,28.67511614109193,36.35497188782072,0.1171174493153017
catboost,ml,STORE0001,SKU0021,934.732609808502,66.76661498632157,14,843.0,0.3308913071051996,0.3055064024808417,19.92438370640595,27.764587698339746,0.159236170490745
catboost,ml,STORE0011,SKU0067,583.0616907962351,41.647263628302504,14,553.0,0.3302885022298684,0.6112389798063765,13.046395838079803,16.584845944439834,0.0517678969538638
catboost,ml,STORE0007,SKU0006,1034.4729808912227,73.89092720651591,14,1090.0,0.3302607866288471,0.3939448114492047,25.713161244674527,29.56455172539527,0.2500753178047769
catboost,ml,STORE0006,SKU0038,1507.4698479980998,107.67641771414999,14,1642.0,0.3300827641928431,0.4438126038265864,38.7139927717606,44.410361124131015,-0.0075099482640375
catboost,ml,STORE0011,SKU0029,522.281610900824,37.30582935005886,14,540.0,0.3299696425550387,0.6072297070907255,12.727400498551493,18.1842964204238,0.0646168677485544
catboost,ml,STORE0009,SKU0002,874.6706739882196,62.47647671344426,14,848.0,0.329894137463585,0.474984948085161,19.98215918350858,25.529263821210296,0.0148076394518009
catboost,ml,STORE0010,SKU0078,406.98507970466375,29.070362836047412,14,444.0,0.3290001528478571,0.3706460331490659,10.434004847460614,12.881829818775437,-0.1420618413881832
catboost,ml,STORE0001,SKU0063,774.6800244378486,55.33428745984633,14,904.0,0.3282723432035651,0.6432196397715969,21.19701416114449,31.015043550281295,0.072413376535683
catboost,ml,STORE0003,SKU0075,419.7392400594009,29.98137428995721,14,386.0,0.3281865529082228,0.4514130736068619,9.04857210161243,10.59538361291933,0.1247295588033541
catboost,ml,STORE0006,SKU0003,324.1259648315272,23.151854630823372,14,297.0,0.3274459524113813,0.6061441560656359,6.9465319904414455,9.383159078714668,0.1960887582206624
catboost,ml,STORE0011,SKU0025,478.5065106074983,34.17903647196416,14,459.0,0.3272648164724331,1.3432912386964515,10.729610768631916,13.36553147982115,0.0532805608037213
catboost,ml,STORE0001,SKU0090,331.6600154185511,23.690001101325077,14,320.0,0.3269511504193734,0.7675607386039714,7.473169152442819,9.597978707728815,-0.0654926660341661
catboost,ml,STORE0013,SKU0049,346.2403321616117,24.73145229725798,14,298.0,0.3267710253429936,0.6082533127059758,6.955554682300864,8.748117851708386,0.2742095495359763
catboost,ml,STORE0005,SKU0070,1473.2699736694608,105.23356954781863,14,1516.0,0.3265472627019788,3.3060728523637217,35.36040358972856,47.502722027010414,0.0098534531454751
catboost,ml,STORE0011,SKU0083,1339.4818656253228,95.67727611609449,14,1365.0,0.3264848065977017,0.6205950506656145,31.832268643275917,38.16188273005994,0.0161088370427992
catboost,ml,STORE0011,SKU0048,1123.6587728855986,80.2613409203999,14,1120.0,0.3258228166646827,1.166755090681628,26.06582533317462,33.02272364991167,0.0518292341203552
catboost,ml,STORE0002,SKU0039,193.91200862429673,13.850857758878337,14,173.0,0.3257893502739809,1.238600813444306,4.025825542671336,5.207962305343184,0.1261075534375115
catboost,ml,STORE0012,SKU0047,1103.00278713764,78.7859133669743,14,1060.0,0.3257346461075384,0.839503393777098,24.662766062427917,31.65843488100789,-0.0066094077250331
catboost,ml,STORE0003,SKU0019,173.58889103332172,12.399206502380123,14,186.0,0.3254708883234603,0.4729480661922217,4.324113230583115,6.211123063248808,0.2828292880825882
catboost,ml,STORE0007,SKU0012,463.9134985161172,33.136678465436944,14,644.0,0.325332709978517,0.4672736588540884,14.965304659011782,18.27486834075865,0.1587217954192754
catboost,ml,STORE0009,SKU0070,1251.3230777902859,89.38021984216327,14,1061.0,0.3244061150124531,0.8969645159710397,24.58534914487234,34.24876417256012,0.2386089649043941
catboost,ml,STORE0009,SKU0062,249.20519711019327,17.800371222156663,14,252.0,0.3239307251410533,0.2486802326565853,5.83075305253896,7.460422543151421,-0.0880237671551308
catboost,ml,STORE0001,SKU0055,219.08047227028257,15.64860516216304,14,207.0,0.3238641020617412,0.2815062468089502,4.788562080484317,5.947157753030474,0.0434524843158625
catboost,ml,STORE0004,SKU0035,2302.6562608603153,164.47544720430824,14,2944.0,0.3234034051747143,0.5759336002027787,68.00711605959705,89.60480633629436,-0.0391156880772394
catboost,ml,STORE0005,SKU0100,1264.9020175523428,90.35014411088163,14,1179.0,0.3229470000626022,0.402263423150828,27.19675093384343,32.7993473290965,0.1318486284586278
catboost,ml,STORE0001,SKU0061,1310.9907773591437,93.64219838279598,14,1251.0,0.32293491277535,0.4683711660986278,28.85654113442592,34.951266243914816,0.0720088407084892
catboost,ml,STORE0013,SKU0084,217.48183977637353,15.534417126883824,14,191.0,0.3216770470279244,0.7087324547532058,4.388593998738112,5.426002762854529,0.0195671265258914
catboost,ml,STORE0005,SKU0015,181.33909377830992,12.952792412736423,14,198.0,0.3215650198316258,0.3552835991371372,4.547848137618707,5.449959232631463,-0.210347055567517
catboost,ml,STORE0012,SKU0100,1175.396238426782,83.95687417334157,14,1159.0,0.321499626585871,0.7963579857928635,26.615576229501748,32.25348634462872,-0.0321386761788251
catboost,ml,STORE0010,SKU0054,1001.9887997298083,71.57062855212916,14,1116.0,0.3214985238949723,0.4494539069040961,25.62802519048494,37.42868001351379,0.2098839272502909
catboost,ml,STORE0001,SKU0037,1490.920456790809,106.49431834220066,14,1531.0,0.320849932765969,0.502454849080953,35.08723193319276,43.28158460670972,0.0431938950253446
catboost,ml,STORE0006,SKU0057,1332.8037400399141,95.20026714570815,14,1481.0,0.3203267140936436,0.3472633687395495,33.88599025519187,41.085962945035234,-0.154304253673726
catboost,ml,STORE0004,SKU0099,1355.987402938391,96.85624306702792,14,1429.0,0.3202428862051586,0.6673830036604714,32.68764888479797,40.783393282384175,0.1474885728769169
catboost,ml,STORE0009,SKU0049,590.1714878592182,42.15510627565845,14,539.0,0.3201139685294005,0.3725405752977243,12.324387788381918,13.619591738450186,0.2341385984755194
catboost,ml,STORE0005,SKU0038,1481.9807854598323,105.85577038998802,14,1625.0,0.3198981088618063,0.4664457089807041,37.13103049288824,43.58129620546706,-0.0572906480352566
catboost,ml,STORE0008,SKU0090,333.98757178176027,23.85625512726859,14,344.0,0.3197207851111432,0.35261940515456,7.85599643415952,9.264923224729548,-0.0898626298691087
catboost,ml,STORE0001,SKU0074,775.7101488143006,55.40786777245005,14,1048.0,0.3193876630175697,0.4599875928954876,23.90844791731522,30.74478101520388,0.1221168956561006
catboost,ml,STORE0005,SKU0080,1087.3490941757898,77.66779244112784,14,1197.0,0.3193108350201398,0.5200901609681423,27.30107639422196,33.95939130121718,-0.0491335288465064
catboost,ml,STORE0006,SKU0039,269.99317308971314,19.285226649265223,14,251.0,0.3192242651583368,1.0157194109575298,5.723235039624467,7.591578104820021,0.1034263756956383
catboost,ml,STORE0007,SKU0067,441.24928536157535,31.51780609725538,14,400.0,0.3191323104087625,0.4543163891954015,9.11806601167893,11.153589600468695,0.1013174443467733
catboost,ml,STORE0013,SKU0013,640.1749750151456,45.72678392965326,14,796.0,0.3186891044227755,0.6753965473104743,18.119751937180663,23.140052360662622,0.1744271976821526
catboost,ml,STORE0001,SKU0072,501.3636151572713,35.811686796947946,14,490.0,0.3185973809974511,0.4423523992962814,11.150908334910792,13.91854674764738,0.1825006507659718
catboost,ml,STORE0008,SKU0062,270.8351707036475,19.345369335974823,14,294.0,0.3185429195294357,0.8860260877113534,6.689401310118151,8.422602308809207,-0.1402621655635418
catboost,ml,STORE0008,SKU0067,576.0308902448096,41.14506358891497,14,589.0,0.3181129440458431,0.5136811682572475,13.383466003071543,17.608019813092717,0.0806103114908068
catboost,ml,STORE0003,SKU0055,155.81644436297123,11.129746025926517,14,145.0,0.3176382851056515,0.6876657095731105,3.289825095737105,4.253907084655788,0.1091474623297421
catboost,ml,STORE0005,SKU0028,1752.797842193725,125.19984587098035,14,2042.0,0.3176292049374031,0.6110279621577793,46.32848832015552,55.81731522601847,-0.0802878839249549
catboost,ml,STORE0008,SKU0076,473.15913119851444,33.79708079989389,14,476.0,0.3175456850730682,0.8000196393077196,10.79655329248432,13.784754609180228,0.063465023791273
catboost,ml,STORE0011,SKU0062,257.5183339296477,18.394166709260553,14,249.0,0.3167025529212121,0.5643857091841845,5.632781119812988,6.867163346398956,0.0977444525661846
catboost,ml,STORE0002,SKU0079,885.6845625906648,63.26318304219034,14,829.0,0.3164842549147523,0.6489504807439389,18.740389094594978,22.380392102973968,0.0293208599739485
catboost,ml,STORE0013,SKU0037,897.8125275188225,64.12946625134447,14,839.0,0.3154020835143534,0.4370767569388424,18.90159629061018,22.774561018576325,0.0997775927166071
catboost,ml,STORE0011,SKU0041,1302.294556958974,93.02103978278386,14,1678.0,0.3153025851481092,0.6107869258435762,37.791266991323376,44.56471041206227,0.0491214879499773
catboost,ml,STORE0001,SKU0017,1520.6298067554474,108.61641476824624,14,1767.0,0.3152689449572438,0.356021066821027,39.79144469567499,51.78211454659006,-0.0754742597283445
catboost,ml,STORE0011,SKU0033,1486.4315223666529,106.17368016904663,14,1477.0,0.3148256389719436,1.1845504303901753,33.21410491154005,44.96241029474339,0.0978308578559675
catboost,ml,STORE0007,SKU0090,234.91688373938587,16.779777409956132,14,218.0,0.314413336234301,0.8871330283436052,4.895864807076974,6.932188824999713,-0.0056645194103449
catboost,ml,STORE0004,SKU0001,1496.3083073123587,106.87916480802562,14,1663.0,0.3143505314627787,0.750646774881685,37.340352415900064,46.024442271496696,-0.0686303125402001
catboost,ml,STORE0004,SKU0058,1370.1221972299152,97.86587123070822,14,1361.0,0.3140729758778449,0.4243077077625732,30.53238001212478,37.69961762699816,0.0504100292974085
catboost,ml,STORE0005,SKU0077,745.2408030476993,53.23148593197852,14,853.0,0.3137935017066702,0.7240895806143149,19.118989782556408,23.317317078137943,0.1626710627651978
catboost,ml,STORE0010,SKU0021,746.7463421105066,53.339024436464754,14,697.0,0.3127398460195822,0.4970183733763838,15.569976619689202,19.2088257902078,0.1139172190629215
catboost,ml,STORE0011,SKU0097,1045.2966627558692,74.66404733970494,14,1139.0,0.3125300566591868,0.4054377285508707,25.426552466772414,29.823764378723485,-0.0957496949481202
catboost,ml,STORE0005,SKU0022,1469.7525495971122,104.9823249712223,14,1380.0,0.3121172046583071,0.5948473178438342,30.76583874489028,38.30908125511455,0.1564550454618054
catboost,ml,STORE0003,SKU0084,307.67102929838444,21.976502092741747,14,303.0,0.3121039512512935,0.4018007710629163,6.754821230652994,7.854017295642389,-0.0016511859006071
catboost,ml,STORE0004,SKU0053,487.97201799503006,34.85514414250215,14,442.0,0.3114764838233547,0.6081717337338034,9.83375756070877,12.471757216510824,0.13306018309184
catboost,ml,STORE0002,SKU0090,235.20320656705155,16.800229040503684,14,207.0,0.3109517927209423,1.2956390163498448,4.597644363802504,5.8856146119042725,0.106449774318579
catboost,ml,STORE0011,SKU0053,474.53939465353244,33.89567104668089,14,465.0,0.3107582728913334,1.3154445726015358,10.32161406389072,13.24351421548744,0.0036204510389394
catboost,ml,STORE0003,SKU0040,239.44416477262007,17.10315462661572,14,308.0,0.3106793652531351,0.4051789424453177,6.834946035568974,7.864319734956727,0.1480731912270895
catboost,ml,STORE0013,SKU0085,497.55059335222643,35.5393280965876,14,573.0,0.3102761237415974,0.4143470097181214,12.699158493138237,18.435969485465677,0.1562221067448509
catboost,ml,STORE0011,SKU0028,1741.4766440150593,124.39118885821851,14,2051.0,0.3102491258362574,0.4094155415625166,45.45149693501172,52.904946836264784,-0.0636760054753352
catboost,ml,STORE0002,SKU0006,1238.520570400345,88.46575502859606,14,1359.0,0.3101408240254441,0.3781187206918682,30.10581284646989,37.36348973380981,0.0485273681086551
catboost,ml,STORE0008,SKU0009,924.0079584512278,66.00056846080199,14,896.0,0.3096102320556725,4.719614362259739,19.81505485156304,25.099650425932413,0.0502537253364613
catboost,ml,STORE0010,SKU0084,325.5811578758935,23.25579699113525,14,331.0,0.309576006519334,0.2450822567109239,7.319261296992827,8.95114506441233,-0.0910184922519234
catboost,ml,STORE0008,SKU0081,952.124059136634,68.00886136690242,14,857.0,0.3092653363975047,0.9278496730835724,18.93145666376154,25.12422611806741,0.2315183606709594
catboost,ml,STORE0002,SKU0089,500.75425325211825,35.768160946579876,14,503.0,0.3089542823273086,1.2705904432749286,11.100286000759732,13.53401598410304,-0.0847369993519525
catboost,ml,STORE0011,SKU0006,1478.73766898524,105.62411921323142,14,1683.0,0.308934806996366,2.9325623118201274,37.138377155348856,46.80405839681339,0.0924421729462005
catboost,ml,STORE0004,SKU0003,353.65273432837586,25.26090959488399,14,392.0,0.30875570985996,0.3048076417772448,8.64515987607888,10.125761263963827,-0.2301818765557381
catboost,ml,STORE0001,SKU0049,727.2601348538071,51.94715248955765,14,707.0,0.3085057717936454,0.7928772717395564,15.579541475579097,20.38321147380924,0.0351981868024837
catboost,ml,STORE0004,SKU0066,435.8996553254097,31.135689666100692,14,424.0,0.3082395647661455,0.3410537842109501,9.335255390060407,12.714347774827008,0.0858698523168727
catboost,ml,STORE0003,SKU0045,815.766917781115,58.26906555579393,14,859.0,0.3082335562414418,4.510488023584648,18.912330343671325,27.156217323361528,0.2272079894183941
catboost,ml,STORE0004,SKU0087,464.576223993616,33.184015999544,14,478.0,0.307232181513483,0.510658149781762,10.489784483103206,13.252222512652596,-0.0878344240588638
catboost,ml,STORE0011,SKU0001,1494.1844276276945,106.72745911626389,14,1706.0,0.3071145969630801,0.4052893836212739,37.4241073156439,39.50385965717575,-0.0761057197992444
catboost,ml,STORE0009,SKU0045,894.0014547178051,63.85724676555751,14,1026.0,0.3068492754616105,0.7753102497973753,22.48766833025803,25.69778844647513,0.1389996661117619
catboost,ml,STORE0010,SKU0094,835.4234637281546,59.67310455201105,14,835.0,0.3067992488842674,0.597997844797865,18.298383772740237,27.25466506918266,-0.0813271845027867
catboost,ml,STORE0012,SKU0088,338.70769463513204,24.193406759652287,14,320.0,0.3067779096172737,0.2242210444224701,7.0120665055376845,9.943421250342302,0.0575703109250358
catboost,ml,STORE0001,SKU0001,1465.8234928159247,104.70167805828034,14,1457.0,0.3067513268926523,0.5131737881383523,31.924048805899595,39.79938179735845,0.1222079385045459
catboost,ml,STORE0003,SKU0030,557.3755734344052,39.81254095960037,14,558.0,0.3066299581541413,0.3889574827468882,12.221394046429348,14.57394590214749,0.0577803640966345
catboost,ml,STORE0010,SKU0013,1164.374350648857,83.16959647491835,14,1626.0,0.3065785143433135,0.4863738581713206,35.60690459444484,44.33489798782557,-0.0211245105174761
catboost,ml,STORE0003,SKU0047,920.8771503669994,65.77693931192853,14,927.0,0.3064100427235351,0.4102877244638795,20.28872211462265,23.272711296535192,-0.0302745830551592
catboost,ml,STORE0010,SKU0048,902.5287554560194,64.46633967542996,14,882.0,0.3063389952578791,0.9886221563220312,19.299356701246385,25.77430405264565,0.166561679829541
catboost,ml,STORE0006,SKU0066,454.24083032212604,32.445773594437576,14,537.0,0.3059336038987342,0.310210363191337,11.734738949544306,14.244633233954596,-0.1692633643700872
catboost,ml,STORE0001,SKU0099,1398.0890519946067,99.86350371390049,14,1706.0,0.3056802195061187,0.2241461097577654,37.249318176959896,51.29099150153434,-0.0859416656696725
catboost,ml,STORE0005,SKU0026,1410.4680317222533,100.74771655158952,14,1544.0,0.3056111876467813,0.3834431981761937,33.70454812333074,38.38675508412,0.0173237242853391
catboost,ml,STORE0003,SKU0009,683.3769912276439,48.81264223054599,14,642.0,0.3054723490320247,0.349160619258362,14.00808914846856,19.479047600875244,0.0113435691473359
catboost,ml,STORE0006,SKU0094,996.0809698807377,71.14864070576698,14,987.0,0.305163425376258,0.7787278242901529,21.51402148902619,27.94798200630375,0.0051636849132227
catboost,ml,STORE0010,SKU0060,822.6957787071567,58.76398419336834,14,801.0,0.304885294512805,0.4999870564515595,17.443794350339772,21.39003603734011,-0.0179795376785165
catboost,ml,STORE0003,SKU0026,1177.4311164357357,84.10222260255254,14,1101.0,0.3043959191478977,0.4422300679083585,23.938564784416812,27.17247120526703,0.121604787914065
catboost,ml,STORE0007,SKU0058,1061.2346676045431,75.80247625746736,14,1027.0,0.3042760517527511,0.3535997091586179,22.320821796433957,25.597126640106985,0.0677586652034411
catboost,ml,STORE0002,SKU0098,439.7983853580552,31.41417038271823,14,446.0,0.304240835450334,0.4329161192734266,9.692243757917783,11.767340400561418,0.1484230374511684
catboost,ml,STORE0005,SKU0053,458.74271946532633,32.76733710466617,14,455.0,0.3042092228652456,0.2449001207427418,9.88679974312048,13.108237396440838,0.0250074085321854
catboost,ml,STORE0003,SKU0041,980.6811573044715,70.04865409317654,14,1210.0,0.3036571875375226,0.3960771173851798,26.24465692288588,39.03197753166597,0.0489381595896174
catboost,ml,STORE0011,SKU0056,319.7228692000173,22.837347800001236,14,400.0,0.3033082530455077,0.452109826667152,8.665950087014505,9.898056395813082,-0.1126442114695322
catboost,ml,STORE0012,SKU0020,746.3947051532708,53.313907510947914,14,770.0,0.3033037977852046,0.3402913064085884,16.681708878186253,21.72236742797949,-0.1423278539384447
catboost,ml,STORE0008,SKU0089,678.2238072511248,48.44455766079462,14,751.0,0.3024576801054106,0.2987720052649192,16.224694125654526,19.078548089300813,-0.1729859881255178
catboost,ml,STORE0012,SKU0076,402.2407897738527,28.731484983846624,14,375.0,0.3024379143914904,1.2996407221356787,8.101015564057779,11.50185794711851,0.0730319187233813
catboost,ml,STORE0001,SKU0048,1130.1210715140874,80.72293367957766,14,1153.0,0.3022069101166854,1.1492226442297924,24.888897668895595,33.21685033561908,0.1426097497971995
catboost,ml,STORE0008,SKU0091,303.7673130047817,21.697665214627268,14,360.0,0.3018590332798694,1.653021775837559,7.762089427196642,11.95129595487706,0.0113835530084911
catboost,ml,STORE0009,SKU0072,496.90315251377297,35.493082322412356,14,452.0,0.3018159839353177,0.6111547910743075,9.7443446241974,13.104229847596594,0.1156897596884506
catboost,ml,STORE0005,SKU0085,1030.8783587131923,73.63416847951373,14,1371.0,0.3017583457558169,0.6622398965815276,29.55076371651607,39.10312818651709,0.0399584560831548
catboost,ml,STORE0005,SKU0055,218.23687279525382,15.588348056803843,14,213.0,0.3008944208843891,1.2305886590355375,4.577893689169635,6.109088548846759,0.0324906694800335
catboost,ml,STORE0008,SKU0049,727.0551873711906,51.93251338365648,14,709.0,0.3008919618871265,0.4126462611248732,15.238028641283766,17.944796884708822,0.1522537216536351
catboost,ml,STORE0003,SKU0020,581.598177866244,41.542726990446,14,512.0,0.3005851171576558,0.4589457680079974,10.992827141765698,14.634591040971756,0.2132605401004475
catboost,ml,STORE0005,SKU0003,336.45502831481326,24.03250202248666,14,327.0,0.2997830185098612,0.3708245929006363,7.00207478948033,7.949177839736512,0.0637255290439232
catboost,ml,STORE0005,SKU0057,1331.563342758233,95.11166733987378,14,1247.0,0.2995812468062659,0.4443047168052746,26.684129626243838,33.040762124694034,0.159802086010172
catboost,ml,STORE0003,SKU0095,334.827674618437,23.9162624727455,14,342.0,0.2994847208693242,0.3130796864338687,7.315983895522064,8.5672158147762,-0.0006000659930352
catboost,ml,STORE0006,SKU0055,232.07067427619347,16.57647673401382,14,230.0,0.2994146764893246,0.4412404809078788,4.918955399467476,6.728336427748731,0.0141295075582465
catboost,ml,STORE0008,SKU0014,885.494112822204,63.24957948730029,14,903.0,0.2987011174650766,0.294711898387557,19.26622207649744,28.12159975621536,-0.0306763731580151
catboost,ml,STORE0005,SKU0010,530.3183979084486,37.879885564889186,14,531.0,0.2984995412119748,1.090629325254325,11.321661170254188,13.90614153228559,0.073747629193262
catboost,ml,STORE0001,SKU0077,780.7222563426951,55.76587545304965,14,871.0,0.2983259532423172,0.7277901132242299,18.560136091004164,28.30059887822004,0.1567869052373232
catboost,ml,STORE0002,SKU0064,1055.677825795076,75.40555898536256,14,1120.0,0.298084687035799,0.3078956301532978,23.84677496286392,29.601978854044194,-0.1133168311926972
catboost,ml,STORE0011,SKU0079,1216.3791453878173,86.88422467055838,14,1376.0,0.2980597881477877,0.3247773007959606,29.295019177953996,33.1113705126483,-0.1142811792306485
catboost,ml,STORE0001,SKU0082,901.7293882934244,64.40924202095889,14,892.0,0.2976770071266702,0.3869535472858506,18.966277882642128,22.140855323928783,0.1287855846286162
catboost,ml,STORE0007,SKU0013,910.025211667142,65.00180083336728,14,1056.0,0.2976238897404605,0.426096631586851,22.449344826137597,34.00559752566923,0.2139976161328644
catboost,ml,STORE0010,SKU0058,1204.022324432003,86.00159460228592,14,1183.0,0.2975859094707871,0.4128018179419367,25.146009350281517,32.9111602948113,0.1320505505889235
catboost,ml,STORE0002,SKU0019,179.59089042718318,12.8279207447988,14,198.0,0.2973701037246457,0.4458693433813405,4.205662895534275,5.038015874408615,0.151108101700427
catboost,ml,STORE0011,SKU0095,465.9813907720778,33.28438505514841,14,484.0,0.2971463479712232,0.3381068982902517,10.272773744148004,12.158727555211945,-0.078167114032556
catboost,ml,STORE0009,SKU0044,1273.2739355829806,90.94813825592719,14,1174.0,0.2968964712090541,1.0098888609070362,24.89688979995925,32.0154066479627,0.0961269828234304
catboost,ml,STORE0004,SKU0050,268.98175720618565,19.21298265758469,14,248.0,0.2968875790291148,0.8823038242730129,5.2591513999443205,6.732907691560104,0.1033214176106307
catboost,ml,STORE0008,SKU0057,1305.2987051619227,93.23562179728019,14,1252.0,0.2961367997518221,0.3264147360945296,26.483090949234377,32.054439053104865,0.1011437213330877
catboost,ml,STORE0012,SKU0014,764.3664818640426,54.597605847431616,14,766.0,0.2960727949145363,0.3584170230144515,16.19941149318106,17.98270408204354,-0.0072804759002754
catboost,ml,STORE0003,SKU0042,204.1551366181153,14.582509758436808,14,176.0,0.2960067135291448,1.4504219157078662,3.721227255794964,5.457355515065782,0.100009117270885
catboost,ml,STORE0011,SKU0089,645.3749634363925,46.098211674028036,14,668.0,0.2959972686118214,0.3793579760850266,14.123298245192624,18.50048588543173,-0.1098171656013741
catboost,ml,STORE0012,SKU0057,1064.2863854934915,76.02045610667797,14,1032.0,0.2958050275955526,0.3267075513027202,21.80505631990074,24.329789919453148,0.100823388797829
catboost,ml,STORE0009,SKU0098,578.2204844489727,41.30146317492662,14,617.0,0.2954683783858994,0.3538721809232718,13.021713533149995,20.015970223202643,-0.0644184964840604
catboost,ml,STORE0007,SKU0102,968.7727386425337,69.19805276018097,14,1147.0,0.294897039242316,0.6676312978809646,24.16049314363832,31.60680845112485,0.115620314961849
catboost,ml,STORE0013,SKU0099,703.9502035590999,50.282157397078564,14,747.0,0.2948855398158022,0.542132068514037,15.734249874457449,19.374897998432115,0.0852622957969661
catboost,ml,STORE0001,SKU0011,297.3020049070147,21.235857493358193,14,335.0,0.2948340055935461,0.4389106615633002,7.054956562416998,8.655851271586911,0.0761807146765285
catboost,ml,STORE0007,SKU0076,334.3413420641914,23.881524433156528,14,358.0,0.2945545255454158,0.2911130989065035,7.532180010375632,8.639734024819736,-0.1600723737906023
catboost,ml,STORE0006,SKU0065,852.1434237158903,60.86738740827788,14,954.0,0.2945047990106906,0.3292290925369251,20.06839844687135,29.12980896007736,0.1520727606670509
catboost,ml,STORE0013,SKU0041,672.6842870473356,48.04887764623826,14,779.0,0.294274412149821,0.4641512453787432,16.37426907605075,21.9820990727589,0.2490643079654368
catboost,ml,STORE0003,SKU0066,308.75097016183213,22.053640725845153,14,303.0,0.2942582734941362,0.5584830247612756,6.368589776337376,8.439845431609264,0.1615973731608314
catboost,ml,STORE0004,SKU0013,1243.2494326676976,88.80353090483554,14,1577.0,0.2937915076477302,0.2846268790506847,33.093514825747896,42.1514308914246,0.2103667801328464
catboost,ml,STORE0010,SKU0029,421.9771183951576,30.141222742511257,14,400.0,0.2936192816707101,1.3762275731011466,8.389122333448862,11.604329820309127,0.2083667244672016
catboost,ml,STORE0012,SKU0016,338.98377672768953,24.21312690912068,14,394.0,0.2935447936568419,0.8188510018198286,8.26118919291398,10.073777977299876,-0.0189380818398741
catboost,ml,STORE0002,SKU0082,640.8160154913355,45.77257253509539,14,632.0,0.2933924142394117,0.4460682404229222,13.244571842807732,15.345275574372469,0.0025947603678328
catboost,ml,STORE0009,SKU0083,1227.141480312068,87.65296287943343,14,1146.0,0.2933637142790253,0.9870776913087526,24.01391546884022,29.10805142285727,0.0346173504500847
catboost,ml,STORE0008,SKU0040,384.297055292725,27.449789663766072,14,505.0,0.2929505904126663,1.2336932677862988,10.56714629702832,15.107152593343528,0.0824374911950266
catboost,ml,STORE0008,SKU0055,222.51964780511273,15.894260557508051,14,204.0,0.292740164885328,0.3595257486570762,4.26564240261478,5.050120001434354,0.1807748471692789
catboost,ml,STORE0001,SKU0084,383.2647573809702,27.37605409864073,14,388.0,0.2925996455209381,0.5493922967403719,8.109190175866,10.013034174654589,-0.0005070514672076
catboost,ml,STORE0001,SKU0042,263.8768910947813,18.84834936391295,14,244.0,0.2923568352612591,0.3804194586398789,5.0953619859819455,6.061467682052836,0.095973246647002
catboost,ml,STORE0008,SKU0003,331.26580250423694,23.661843036016926,14,339.0,0.2922826705792331,0.3107727472738507,7.077416094740002,9.670446984698817,-0.0790647597387332
catboost,ml,STORE0002,SKU0071,349.24145006611343,24.945817861865244,14,316.0,0.2922428470735039,1.084268893343303,6.596338548230518,9.229501344557187,0.1463855603736427
catboost,ml,STORE0007,SKU0083,976.7466110054143,69.7676150718153,14,888.0,0.2921424249331718,0.3608119136520843,18.53017666718976,22.815693202881818,0.1294236917745266
catboost,ml,STORE0007,SKU0009,680.828956551309,48.63063975366493,14,700.0,0.2916854901473255,0.3077572736178824,14.584274507366274,17.040974746087354,-0.0909196613399866
catboost,ml,STORE0002,SKU0065,627.2268959641049,44.8019211402932,14,692.0,0.2916453569591347,0.3713330581122254,14.4156133582658,20.174636287485654,0.1429495326904167
catboost,ml,STORE0001,SKU0007,382.11379486984816,27.29384249070344,14,376.0,0.2913776943777891,0.3988268274928132,7.825572363289193,9.213395152135504,0.069557163554265
catboost,ml,STORE0012,SKU0037,1413.9962904129977,100.99973502949983,14,1387.0,0.2913532211506091,0.5613533109481013,28.864779838278203,38.82222390101757,0.0195321070010063
catboost,ml,STORE0013,SKU0087,258.1645556471618,18.4403254033687,14,267.0,0.2912577492180349,0.287868351609946,5.554701360086809,6.229070566058584,-0.1499753078648237
catboost,ml,STORE0012,SKU0092,1254.5244379489175,89.60888842492268,14,1293.0,0.2911012177095368,1.6028273539970346,26.88527674988794,35.10011069299439,-0.0891831447029542
catboost,ml,STORE0006,SKU0006,1585.7536771121654,113.2681197937261,14,1978.0,0.2909666152292117,1.4355398800604824,41.10942606595578,51.7432403728428,-0.0765974784242546
catboost,ml,STORE0007,SKU0078,348.6890511383636,24.9063607955974,14,338.0,0.2909241156685839,0.4210378090950089,7.023739363998668,8.821744198697974,-0.0729370436455151
catboost,ml,STORE0005,SKU0088,377.2094224363686,26.94353017402633,14,353.0,0.2908582420004327,0.580470942546728,7.333782816153769,9.57169288403706,0.0933915850772099
catboost,ml,STORE0002,SKU0078,318.8935758413534,22.778112560096673,14,287.0,0.2907911666263982,0.4422366902978351,5.961218915841164,7.648029339209937,0.2279400696334003
catboost,ml,STORE0013,SKU0061,794.5529194026047,56.75377995732891,14,679.0,0.29075485485771,1.1034150136339584,14.101610460598936,21.18516094134305,0.1017914888390622
catboost,ml,STORE0008,SKU0092,1408.2456054123718,100.58897181516942,14,1494.0,0.2907207361892405,0.5243164908262958,31.024055704766106,39.19287703509835,-0.0788587172153309
catboost,ml,STORE0004,SKU0054,1130.5087465169406,80.75062475121004,14,1285.0,0.2904988913783833,0.4111389805250326,26.663648244373043,33.03851342679903,0.169142916564837
catboost,ml,STORE0006,SKU0001,1434.161374611672,102.440098186548,14,1469.0,0.2902210053659815,0.3754226773580143,30.45247549161621,36.49690236530117,0.1302921647887303
catboost,ml,STORE0009,SKU0092,1242.9312647133625,88.78080462238303,14,1306.0,0.2900583034323031,0.3240622256415841,27.058296020184848,32.09412830379848,-0.1076661818227762
catboost,ml,STORE0011,SKU0027,1598.4552111551668,114.17537222536906,14,2117.0,0.2896833671024588,1.0833371702544217,43.80426343970752,71.4825162166303,0.1474735348112401
catboost,ml,STORE0011,SKU0012,664.1193542783383,47.43709673416702,14,988.0,0.2895794699706028,0.3686758948238229,20.43603688078254,27.59629390928257,0.0540752713844082
catboost,ml,STORE0009,SKU0075,434.5635351861319,31.040252513295137,14,458.0,0.2887887961889787,0.281675501281397,9.447519189610876,12.14050044822378,-0.2230341721381007
catboost,ml,STORE0004,SKU0065,846.2700927041199,60.44786376457999,14,1077.0,0.2882725198389614,0.2785459345228331,22.17639313332582,34.355504000407656,-0.0015135604907854
catboost,ml,STORE0009,SKU0089,547.2396340693871,39.0885452906705,14,533.0,0.288035272852702,3.235653525684107,10.965914316463582,14.96284723865829,0.0131183352562126
catboost,ml,STORE0006,SKU0035,2254.7647602173624,161.0546257298116,14,3647.0,0.2880033451134594,0.2576886226121282,75.02487140205618,96.05165014727784,-0.233967570881668
catboost,ml,STORE0011,SKU0072,547.096859248389,39.07834708917064,14,561.0,0.2879793191696733,0.3973676335109102,11.539742718156193,14.033339809657695,0.051028255746023
catboost,ml,STORE0008,SKU0060,902.3036841753518,64.45026315538227,14,906.0,0.2877187388801274,0.5340094507864509,18.61951267324253,24.580839070485634,0.0251332161381159
catboost,ml,STORE0012,SKU0081,933.8901263030187,66.70643759307276,14,967.0,0.2871542603456731,0.3978416323262118,19.834154982447565,23.716092113278613,-0.0239494829954138
catboost,ml,STORE0011,SKU0085,1036.9174697823828,74.06553355588449,14,1342.0,0.2869963669578536,0.6017520994839505,27.51065174695997,32.34086321667081,0.0580137374505205
catboost,ml,STORE0009,SKU0084,322.7995600239598,23.057111430282845,14,320.0,0.2866840089921034,0.3748037700116591,6.552777348390936,8.198528124606787,0.0628373724538246
catboost,ml,STORE0009,SKU0005,1048.1094630244218,74.86496164460155,14,1252.0,0.2866087666762491,0.5839614864887798,25.631012562761708,29.18379260582299,0.0537144308794718
catboost,ml,STORE0012,SKU0039,219.22635229509345,15.659025163935246,14,229.0,0.2864442104937407,0.3681568798418328,4.685408871647616,6.20940985182787,-0.0255777396067154
catboost,ml,STORE0009,SKU0090,271.22690815011845,19.373350582151318,14,249.0,0.2864429391738776,0.2267239100001695,5.094592275306823,7.0993186222212765,0.0868913371636847
catboost,ml,STORE0012,SKU0077,643.7594737418118,45.982819552986555,14,784.0,0.2863325771027328,0.4396235974408662,16.03462431775304,22.959843407565497,0.1297277703794389
catboost,ml,STORE0007,SKU0079,899.9170413694762,64.2797886692483,14,993.0,0.2860951236792208,0.2716055817110857,20.292318415247596,23.40146634610307,-0.1690436766014637
catboost,ml,STORE0012,SKU0029,431.9114820545785,30.85082014675561,14,423.0,0.285918833534147,0.3859873150416446,8.638833327496013,10.152705278509297,0.1553372920860235
catboost,ml,STORE0006,SKU0099,1314.7993711924,93.91424079945715,14,1474.0,0.2855981206269483,1.2945373866248489,30.069402128865843,42.770956761899,0.0640156238316896
catboost,ml,STORE0012,SKU0008,336.3013448008435,24.021524628631678,14,336.0,0.2855913518928942,0.3451296287809457,6.854192445429462,8.31305097328461,-0.04112901552989
catboost,ml,STORE0011,SKU0094,885.7665896738607,63.26904211956148,14,891.0,0.2851485883328492,0.3549340825441804,18.1476708717549,23.26504870141915,0.0379259406559064
catboost,ml,STORE0005,SKU0074,815.8255489200204,58.273253494287175,14,1170.0,0.2850922586133452,0.3110664328300664,23.82556732697242,28.98525446208728,-0.0572121024365001
catboost,ml,STORE0007,SKU0029,383.5635644718471,27.397397462274792,14,356.0,0.2850341569775121,0.4766210498887436,7.248011420285308,9.23792746931836,0.209993860655424
catboost,ml,STORE0007,SKU0037,1283.1130346224304,91.65093104445931,14,1408.0,0.2849798436383314,0.2817866903241932,28.660829988769336,34.13345443472341,-0.2098711710910106
catboost,ml,STORE0001,SKU0014,883.7734047004491,63.12667176431779,14,909.0,0.2848944236494024,0.336731711248579,18.49778793552191,22.255472699597444,-0.0155211556422737
catboost,ml,STORE0005,SKU0034,1994.9250318711772,142.49464513365552,14,2695.0,0.2844444092819501,0.3929953401445039,54.755548786775385,61.9411796409466,-0.0214094221176198
catboost,ml,STORE0010,SKU0015,147.4333681441891,10.530954867442079,14,141.0,0.2842352451615193,0.3807121174935297,2.8626549691267305,3.3801064622581847,0.005228409662354
catboost,ml,STORE0011,SKU0051,1135.7476900084152,81.1248350006011,14,1127.0,0.2840937010956567,0.3565973408056326,22.869542938200368,27.076902080931944,0.0067946740884973
catboost,ml,STORE0002,SKU0081,795.0133063012636,56.78666473580454,14,766.0,0.2836552261484794,1.3279460247401769,15.51999308783823,19.391248455513928,-0.0160284540765883
catboost,ml,STORE0005,SKU0005,1056.297214367889,75.44980102627778,14,1269.0,0.2836162460110175,0.3545689610240194,25.70778687057009,35.26684048094819,0.2107933313526896
catboost,ml,STORE0002,SKU0042,187.1467373057903,13.367624093270736,14,178.0,0.283574653648721,0.5919682725667964,3.605449167819452,4.806486465065756,-0.0243196775271031
catboost,ml,STORE0013,SKU0063,367.0703053120301,26.219307522287863,14,400.0,0.2831454239364076,0.669653368796519,8.089869255325933,11.18807969567473,0.1605162014407481
catboost,ml,STORE0007,SKU0022,1113.4275104620979,79.53053646157842,14,1142.0,0.2828927193718607,0.2804828675389582,23.075963251618926,28.555167299663253,-0.0713448703140544
catboost,ml,STORE0008,SKU0028,1785.1532134029655,127.51094381449754,14,2184.0,0.2826050709688231,0.347755099390537,44.0863910711364,50.861866892847225,-0.119363247661307
catboost,ml,STORE0006,SKU0023,1081.407320471603,77.24338003368594,14,1272.0,0.2825200581526866,0.5341979458618134,25.668965283586957,33.74887380403467,-0.0032398077587084
catboost,ml,STORE0010,SKU0037,1498.6059428495782,107.04328163211274,14,1785.0,0.2825176580845308,0.2637431230736434,36.021001405777675,43.977881104395344,-0.2005890330645852
catboost,ml,STORE0006,SKU0037,1532.0876080479502,109.43482914628215,14,1684.0,0.2821412734964436,0.3856847444429753,33.93756461200079,39.936463412225415,0.0159535487221887
catboost,ml,STORE0005,SKU0083,1264.972329941364,90.35516642438314,14,1247.0,0.2821017520792536,0.349240778809154,25.12720606020209,29.91442491805384,0.0999768823042848
catboost,ml,STORE0009,SKU0041,1184.063671146426,84.575976510459,14,1453.0,0.2809768036820049,0.7276411425035443,29.1613782678538,44.10231606110391,0.0804199400898018
catboost,ml,STORE0002,SKU0032,782.3851312609122,55.8846522329223,14,777.0,0.2808624526541923,0.6531522178578235,15.587866122307672,20.750139491484155,0.1551148305603039
catboost,ml,STORE0004,SKU0072,557.4868427516712,39.82048876797652,14,588.0,0.2806105189820628,0.277552798656106,11.78564179724664,14.836291011281244,-0.0476996934629483
catboost,ml,STORE0009,SKU0096,1296.7249975631664,92.62321411165475,14,1393.0,0.2805194392725531,0.3422907210361663,27.91168420761904,30.740499634315974,-0.1383305679359007
catboost,ml,STORE0001,SKU0040,324.6105586838074,23.186468477414817,14,430.0,0.2805098869722386,0.3705103737746325,8.61566081414733,10.30702726585673,0.191622952660326
catboost,ml,STORE0001,SKU0087,464.1064208162596,33.150458629732825,14,438.0,0.2804992691648934,0.6550609892737265,8.775619992444522,11.432630049556364,0.0850353904502031
catboost,ml,STORE0012,SKU0080,1107.9570075966135,79.13978625690096,14,1230.0,0.2803271378429654,0.3141970136850805,24.62874139620339,31.552601172174786,-0.1380233367988917
catboost,ml,STORE0002,SKU0024,654.0662649505094,46.71901892503639,14,589.0,0.2802667798311116,0.4409761767107442,11.79122380860891,14.942307539986144,0.1503543320656975
catboost,ml,STORE0002,SKU0022,1081.855591276403,77.27539937688593,14,1028.0,0.2800286970551107,0.3971802132365443,20.56210718376099,23.556822433297743,-0.0195753807955716
catboost,ml,STORE0011,SKU0002,958.6681144992074,68.47629389280053,14,963.0,0.2800097290356239,0.3782107487379131,19.260669218664702,23.434818154410017,0.0735826340989691
catboost,ml,STORE0003,SKU0043,565.0832702352525,40.363090731089464,14,614.0,0.2798166158577509,0.3421643578258855,12.271957295475646,14.14352395573729,0.0705427488366486
catboost,ml,STORE0010,SKU0065,765.8520103538316,54.70371502527369,14,882.0,0.2797441369543255,0.4167370539019671,17.62388062812251,22.77778855900908,0.1063626484781138
catboost,ml,STORE0011,SKU0038,1541.9623654250997,110.14016895893569,14,1762.0,0.2797428177196727,0.3234764518273821,35.20763177300453,40.32411862732961,-0.0855703826788237
catboost,ml,STORE0005,SKU0049,740.8091093056199,52.914936378972854,14,789.0,0.2795705747455387,0.7950107407630729,15.755798819587865,19.700398013777622,-0.1315353071133431
catboost,ml,STORE0012,SKU0096,1221.737160014628,87.26694000104486,14,1219.0,0.279453896721754,0.5116036800248323,24.332450007415584,35.41543420543261,0.0116335399243835
catboost,ml,STORE0010,SKU0080,1087.5529135478437,77.68235096770312,14,1122.0,0.2793345130667703,0.1923938298828579,22.38666597577974,32.22187827864466,-0.0516476574702191
catboost,ml,STORE0011,SKU0044,1331.3806355719173,95.09861682656552,14,1262.0,0.2790932911956689,0.6559033706787502,25.15826667778101,36.75104271186058,0.0684470341500692
catboost,ml,STORE0011,SKU0030,714.5221605573037,51.037297182664545,14,741.0,0.2790114249860195,0.4537578192108228,14.76767613676003,18.824334902846275,0.035285866022148
catboost,ml,STORE0002,SKU0009,669.5628125927044,47.825915185193175,14,721.0,0.2789399292351219,0.3119608811144149,14.365406355608782,16.653924283613012,-0.1952536474432116
catboost,ml,STORE0004,SKU0018,1334.8804436801324,95.34860312000946,14,1410.0,0.2787044558363311,0.2777388286101187,28.069520194944776,37.18348345097623,-0.1028464036466681
catboost,ml,STORE0007,SKU0098,483.3243946906835,34.523171049334536,14,477.0,0.2781832049465877,0.3427895796235114,9.478099197108742,14.295305555821322,0.1363341022482541
catboost,ml,STORE0003,SKU0011,246.7299172555765,17.623565518255464,14,266.0,0.278108529144464,0.3184073515488901,5.284062053744817,7.84264398886562,-0.0361917609244389
catboost,ml,STORE0008,SKU0008,369.29689071348065,26.37834933667719,14,370.0,0.2779793728919733,0.3213673045123864,7.34659771214501,8.14042617106578,0.0679739856396917
catboost,ml,STORE0005,SKU0095,497.88980908420456,35.5635577917289,14,571.0,0.2778499840067659,0.2478487833663769,11.332310061990238,15.29583668120336,-0.2322962652163385
catboost,ml,STORE0008,SKU0010,522.1111296238852,37.2936521159918,14,525.0,0.2777323651535012,0.3700617583055182,10.414963693256295,12.964716579748677,0.1466307672379175
catboost,ml,STORE0002,SKU0070,1207.5663980033912,86.25474271452795,14,1187.0,0.2774973573656852,0.2904610028926303,23.52781165664774,30.249366759522573,-0.0073757302486881
catboost,ml,STORE0008,SKU0074,892.133214700475,63.723801050033934,14,1162.0,0.2771404525953046,0.5410754791588311,23.002657565410285,31.191452905579126,0.0910431881611388
catboost,ml,STORE0012,SKU0034,1961.880811356468,140.13434366831913,14,2784.0,0.2768258264314904,0.2290413013087843,55.04879291323353,86.25322233886568,-0.1980962960495364
catboost,ml,STORE0003,SKU0067,445.38333780516047,31.813095557511463,14,432.0,0.2767347752686785,0.3157163736917963,8.539244494004938,9.467880836978036,0.0692391838034574
catboost,ml,STORE0006,SKU0028,1614.0537499124848,115.28955356517748,14,1773.0,0.2767089470572801,0.5490109658529244,35.043211652325546,46.09136776862522,0.0518281001602818
catboost,ml,STORE0002,SKU0101,177.67148183321623,12.690820130944017,14,200.0,0.2766447876866844,0.4142223257487525,3.952068395524064,4.742853014626808,0.1041875141423435
catboost,ml,STORE0012,SKU0068,466.47253225722307,33.31946658980165,14,534.0,0.276305852474038,0.2913826502142731,10.539094658652592,14.725938266324652,0.0027084495882232
catboost,ml,STORE0009,SKU0028,1503.6638557404322,107.40456112431659,14,1576.0,0.2759103004389225,0.3716601296527422,31.05961667798157,41.19950469631319,0.0188192816247586
catboost,ml,STORE0002,SKU0083,1003.2511603880554,71.66079717057538,14,884.0,0.2757493863413403,0.3473388401470966,17.41160410898177,20.980738194234696,0.1982938079184055
catboost,ml,STORE0004,SKU0026,1512.2903841062418,108.02074172187442,14,1729.0,0.2755494948110455,0.3431326745941789,34.03036260916413,39.48986824898505,-0.0682990746390161
catboost,ml,STORE0010,SKU0005,1054.2760319101171,75.30543085072266,14,1302.0,0.2754998628703296,0.3685281333958051,25.621487246940656,30.71703823693248,0.0470734646339961
catboost,ml,STORE0009,SKU0067,493.0719393425441,35.21942423875315,14,473.0,0.2754359276568667,0.5632745816585476,9.305799555835566,11.86211937521533,0.0725585905352625
catboost,ml,STORE0006,SKU0097,1109.5422544735034,79.25301817667881,14,1148.0,0.2751281787854008,0.2172893937423416,22.560510660402866,30.84776265077599,0.0152461975059835
catboost,ml,STORE0012,SKU0059,338.6681578040319,24.190582700287994,14,346.0,0.274998419350159,0.4112854438171991,6.796389506796786,8.345919423595486,-0.0095297052433969
catboost,ml,STORE0010,SKU0032,986.344012959627,70.4531437828305,14,1108.0,0.2749861701091793,0.3091777808376224,21.76319117721219,23.825360487922516,0.0081448622803158
catboost,ml,STORE0003,SKU0058,1013.2105319366764,72.37218085261973,14,1001.0,0.2749420414087535,0.3630039324009074,19.65835596072588,23.889793178475117,0.0454970883417813
catboost,ml,STORE0003,SKU0004,990.6045170368204,70.75746550263003,14,911.0,0.2749015710142113,0.326049633850196,17.88823794242475,21.802932640400417,0.1413559030233527
catboost,ml,STORE0001,SKU0018,1369.9466551514138,97.85333251081526,14,1497.0,0.274874189387064,0.2607221025758031,29.391904393745342,35.84270963404669,-0.1121974578405164
catboost,ml,STORE0007,SKU0096,1085.395496736283,77.52824976687735,14,1130.0,0.2741376520063958,0.3636805568097109,22.126824769087666,26.6630523134779,-0.078993518400608
catboost,ml,STORE0010,SKU0042,210.097628135588,15.006973438256285,14,195.0,0.2739625501022519,0.4461962027486931,3.8159069478527954,5.082652664726261,0.1996300512393335
catboost,ml,STORE0001,SKU0041,1267.0132243033997,90.50094459309999,14,1714.0,0.2738887820157239,0.4355680346855368,33.531812312496484,41.35131404652098,0.03723077460086
catboost,ml,STORE0006,SKU0011,316.00133234268395,22.57152373876314,14,360.0,0.2735229955304202,0.3661691444249589,7.03344845649652,8.57195779993594,-0.0264199710713828
catboost,ml,STORE0004,SKU0064,1342.98070610338,95.92719329309857,14,1440.0,0.2735203506656073,0.2666641958843412,28.133521782748183,37.758538455502375,-0.1184544505081425
catboost,ml,STORE0012,SKU0070,1296.6661597051793,92.61901140751282,14,1370.0,0.2734589020218548,0.2887545796012776,26.75990684071008,30.078467841304363,-0.0737993505682078
catboost,ml,STORE0004,SKU0021,939.5994055168603,67.11424325120431,14,958.0,0.2732794117970503,0.929324465427474,18.70011975011244,24.025213680279,0.026785701553624
catboost,ml,STORE0001,SKU0031,835.2200648923081,59.65857606373629,14,947.0,0.2732576690729524,0.7073899830448046,18.48392947229185,24.064272880732556,0.0501891507622475
catboost,ml,STORE0003,SKU0065,631.660930081441,45.11863786296008,14,770.0,0.2725128141411846,0.3639543213609968,14.988204777765151,20.28592867940182,-0.0580949202413207
catboost,ml,STORE0009,SKU0102,1290.8154563055111,92.20110402182222,14,1685.0,0.272236961930685,0.2726498155579108,32.76566291808602,41.52159194405747,-0.0479996160784472
catboost,ml,STORE0006,SKU0044,1367.3034932348487,97.66453523106063,14,1507.0,0.2719996130037553,0.2747240315930941,29.27881548547566,38.6699830794541,-0.0757737344305218
catboost,ml,STORE0006,SKU0010,552.3035011883862,39.45025008488473,14,576.0,0.2719784301195669,0.5062681561476975,11.189969696347896,16.056728416377425,-0.0413408520175068
catboost,ml,STORE0009,SKU0046,1191.47984381673,85.10570312976643,14,1328.0,0.2719563894575427,0.3067876265472791,25.797006085686903,34.51834376114008,0.0574139382304281
catboost,ml,STORE0002,SKU0028,1282.4357911838556,91.60255651313254,14,1333.0,0.2715440040687835,0.2777735407240082,25.85486838740632,30.08248367262838,-0.030754418855532
catboost,ml,STORE0006,SKU0019,242.62944978950927,17.330674984964947,14,307.0,0.2713709970308972,0.4640834970636621,5.950778292034674,8.332570775924738,-0.0420636485747055
catboost,ml,STORE0011,SKU0034,2055.5185492283886,146.82275351631347,14,2864.0,0.271320933143339,0.3182120487220622,55.50451089446593,63.33144957780301,-0.0617540679252589
catboost,ml,STORE0011,SKU0017,1486.4180452303453,106.17271751645323,14,1642.0,0.2713082032308637,0.3008471588684424,31.820576407505587,38.8893383834095,-0.01326322394501
catboost,ml,STORE0012,SKU0099,1244.4288061477828,88.88777186769877,14,1401.0,0.2706139063759634,0.6762643203993349,27.08072020233748,33.42968053454457,0.0002468416808328
catboost,ml,STORE0001,SKU0073,159.5584872829645,11.397034805926037,14,163.0,0.2702145773947838,0.2965968814962756,3.146069722524983,3.655480625966757,-0.0374945988815845
catboost,ml,STORE0010,SKU0011,281.9775643633695,20.141254597383533,14,330.0,0.2701845777876849,0.2645471912418171,6.368636476424003,7.826835608031357,-0.1102121861007606
catboost,ml,STORE0002,SKU0088,299.66977141976207,21.40498367284015,14,317.0,0.2700361667063735,0.2513930393802357,6.114390346137171,7.611511941873886,-0.1644515590996498
catboost,ml,STORE0001,SKU0010,550.5875128517998,39.32767948941427,14,595.0,0.2700274543694049,2.8744160806722925,11.476166810699707,15.83893704013312,-0.0251332315907709
catboost,ml,STORE0007,SKU0082,729.9996916438835,52.14283511742025,14,697.0,0.2699128333771245,0.3910708833136777,13.43780320456113,17.914316592887317,0.0236286105240586
catboost,ml,STORE0010,SKU0085,898.9386784777679,64.20990560555485,14,1155.0,0.2693622973917793,1.0989570834098925,22.222389534821797,29.50636703810811,-0.0121073439520034
catboost,ml,STORE0001,SKU0006,1509.840625649009,107.84575897492923,14,1888.0,0.2688477576102694,0.299654986397837,36.25604045487063,47.87593356384816,-0.0160948780982681
catboost,ml,STORE0007,SKU0003,267.69115169304877,19.120796549503485,14,248.0,0.2687915123399018,0.1802494638787825,4.761449647163976,6.783279919701602,-0.0329577003653384
catboost,ml,STORE0002,SKU0040,252.73920343393186,18.052800245280846,14,312.0,0.2687409004074327,0.398174547030398,5.989082923365643,7.043743783063002,0.20095703393682
catboost,ml,STORE0006,SKU0072,491.0702158937576,35.07644399241126,14,483.0,0.2682521227676879,0.4496607754417222,9.254698235485234,12.69280057386232,0.1386071486611466
catboost,ml,STORE0010,SKU0067,497.08250499559136,35.505893213970815,14,463.0,0.2679379740225674,0.4865910988251624,8.861091569460623,11.374194020353032,0.0775599306327873
catboost,ml,STORE0001,SKU0086,128.30453805159988,9.164609860828563,14,177.0,0.267774237029186,0.2997074106126697,3.385431425297567,4.915625862399108,-0.0606047695355859
catboost,ml,STORE0006,SKU0036,676.3910438754228,48.31364599110163,14,661.0,0.2676137372751335,0.6823766240491933,12.635191452775944,16.62916679115795,0.167054217552416
catboost,ml,STORE0010,SKU0083,1289.6956615829072,92.12111868449337,14,1272.0,0.2669983696209166,1.1190641693087942,24.258709011271858,31.60650519948396,-0.0372648859415569
catboost,ml,STORE0012,SKU0019,216.81690631810423,15.486921879864587,14,256.0,0.2669056133591182,0.3529748414417759,4.880559787138162,5.526649505241098,0.1581679997418953
catboost,ml,STORE0004,SKU0075,531.3102828488549,37.95073448920392,14,539.0,0.2664434998895503,0.420805171181234,10.258074745747686,13.993133349021656,-0.024001812151361
catboost,ml,STORE0009,SKU0039,238.08680765200612,17.006200546571865,14,227.0,0.2664423456044083,0.7232259787315004,4.320172318014335,6.169606698953602,0.0763801064515132
catboost,ml,STORE0002,SKU0044,1012.2504975967886,72.30360697119919,14,974.0,0.2664081406438496,0.4954332959691988,18.53439492765068,22.563680115943956,0.0534280507304646
catboost,ml,STORE0009,SKU0071,417.72882276876027,29.837773054911448,14,412.0,0.2663734678949832,0.43604965263153,7.838990626623791,9.440091145848337,-0.0422162997430244
catboost,ml,STORE0002,SKU0018,937.8919134227608,66.9922795301972,14,818.0,0.266190596707182,1.8704759028147064,15.553136293319636,22.981084560610896,0.1241844084030028
catboost,ml,STORE0010,SKU0057,1211.8281142561405,86.55915101829575,14,1210.0,0.2659749724419646,0.525818898428222,22.98783690391266,28.66403520735628,-0.054520284917898
catboost,ml,STORE0002,SKU0011,249.6648116908047,17.83320083505748,14,251.0,0.2658306717611361,0.4220487352036265,4.765964186574655,5.603661990922828,0.038900921731679
catboost,ml,STORE0003,SKU0092,987.0161746196094,70.5011553299721,14,949.0,0.2657275479902137,1.284630477676759,18.012531645908062,23.696947154059263,0.0319438172077907
catboost,ml,STORE0010,SKU0087,378.6562833059705,27.04687737899789,14,348.0,0.2652630691043225,0.3180739716599476,6.593682003450303,8.134405191356995,0.0829758105073504
catboost,ml,STORE0009,SKU0038,1313.4284215444147,93.81631582460105,14,1253.0,0.2650736828457977,0.3480323851027596,23.724094614698892,27.25287024298117,0.0779470644976953
catboost,ml,STORE0004,SKU0019,246.53707502699532,17.60979107335681,14,297.0,0.2650013968287318,0.3528122474603062,5.621815347009525,7.812182228709366,0.1149694341966629
catboost,ml,STORE0003,SKU0076,336.39915886009845,24.02851134714989,14,356.0,0.264827153619727,0.2656050737963127,6.734176192044487,8.095602617945598,-0.1687059542613301
catboost,ml,STORE0013,SKU0014,472.062286299103,33.718734735650216,14,483.0,0.2647667578936205,0.289619498130793,9.134453147329909,10.44351035255788,-0.1260905097755371
catboost,ml,STORE0004,SKU0071,467.3268905529517,33.38049218235369,14,421.0,0.2647441541696856,0.3769114022153357,7.961234921816975,9.79745095191188,0.1763168527097826
catboost,ml,STORE0010,SKU0088,341.82675801147343,24.41619700081953,14,348.0,0.2646778681889366,0.3855786651278768,6.579135580696424,8.346600901846084,0.0087726470924956
catboost,ml,STORE0004,SKU0008,388.00419421509577,27.71458530107827,14,363.0,0.2644692886832184,0.512640653406205,6.857310842286306,10.2251205836712,0.0848971823142536
catboost,ml,STORE0004,SKU0095,471.73515575274683,33.69536826805334,14,468.0,0.264390685707858,0.5058036849696519,8.838202922234114,12.11275420282565,0.056104952901591
catboost,ml,STORE0005,SKU0087,444.80142038403085,31.771530027430774,14,436.0,0.2641174228032689,0.3536631544393668,8.225371167301802,9.424744087935474,0.0441634986037513
catboost,ml,STORE0007,SKU0038,1246.974140937398,89.06958149552842,14,1185.0,0.2640863656841024,0.3551737176281279,22.35302452397581,26.90372036394836,-0.031253579546295
catboost,ml,STORE0003,SKU0016,245.5608166929626,17.540058335211615,14,283.0,0.263951318946764,0.26245483527873,5.335587375852443,6.601572806289915,0.0555155948246281
catboost,ml,STORE0012,SKU0017,1382.7660263291846,98.76900188065603,14,1482.0,0.2637986591471584,0.4433644683524042,27.924972346863488,33.17539835555791,-0.0361003535556354
catboost,ml,STORE0007,SKU0068,456.697621705292,32.62125869323514,14,518.0,0.2635112632951903,0.2909434184808955,9.74991674192204,10.982790760131705,-0.1370946363752727
catboost,ml,STORE0011,SKU0073,180.5799438827853,12.89856742019895,14,184.0,0.2633251735744541,0.1822917726320476,3.4608451384071115,4.724132347431261,-0.1210393760564448
catboost,ml,STORE0009,SKU0051,919.751187777194,65.69651341265671,14,894.0,0.2633023178124611,0.3989026510625004,16.81373372316716,21.21911048713388,0.0410339407306787
catboost,ml,STORE0003,SKU0094,672.5428810472887,48.03877721766348,14,641.0,0.2632697497658637,0.4500960725975276,12.053993542851334,15.977467400953556,0.0586519546573839
catboost,ml,STORE0011,SKU0037,1640.404563763918,117.17175455456558,14,1945.0,0.2630820614604125,0.3156360044661745,36.54961496717874,43.67839506258177,-0.1062279315763767
catboost,ml,STORE0006,SKU0042,259.89987961437174,18.56427711531227,14,248.0,0.2626228470757706,1.6069181593939228,4.652176148199366,6.907604972484221,0.0512608339594061
catboost,ml,STORE0004,SKU0070,1508.6487067190371,107.76062190850266,14,1545.0,0.2625709402828697,0.4192279808949488,28.976578766930977,37.22386352469303,0.0221826580601673
catboost,ml,STORE0008,SKU0088,324.11316263429353,23.150940188163823,14,350.0,0.2623527087270098,0.3031366662925934,6.558817718175244,7.861740730788382,-0.0488194189789586
catboost,ml,STORE0005,SKU0089,707.6229331919546,50.54449522799676,14,749.0,0.2623070416286953,0.3013931284098281,14.033426727135195,16.992812824206307,-0.0408465479055388
catboost,ml,STORE0011,SKU0074,798.3751642534081,57.026797446672006,14,1107.0,0.2621213542362503,0.342095304113802,20.726309938537792,23.6905707648317,0.0378457041493158
catboost,ml,STORE0009,SKU0085,868.9923891223403,62.070884937310026,14,1081.0,0.2620768372660656,0.3267240782972687,20.23607579175835,25.52653082826031,0.0641919402021959
catboost,ml,STORE0004,SKU0015,181.63106876312662,12.97364776879476,14,176.0,0.2619126410034576,0.4914509187550521,3.2926160583291817,4.414084920131102,0.0537744908669751
catboost,ml,STORE0006,SKU0004,1371.5598745011239,97.96856246436599,14,1365.0,0.2618392880498832,0.3979802186076118,25.52933058486361,34.500981387618644,0.059936068525007
catboost,ml,STORE0001,SKU0004,1437.4538735527258,102.67527668233755,14,1418.0,0.2618280385593812,2.4857819104044503,26.51943990551447,35.36636539936987,0.0261667618638983
catboost,ml,STORE0010,SKU0043,699.3748396968788,49.9553456926342,14,744.0,0.2616137608039401,0.3673158389900697,13.902902717009388,16.542521138341634,0.1456206935279629
catboost,ml,STORE0009,SKU0063,680.6427984263356,48.61734274473826,14,836.0,0.2616084804814295,0.4689212885862304,15.621763548748222,19.34921156294106,0.0761657926368592
catboost,ml,STORE0009,SKU0061,1344.8611981401777,96.06151415286983,14,1390.0,0.261487464876929,0.3495015794509742,25.96196972706652,31.36581666941008,-0.0620845694955777
catboost,ml,STORE0007,SKU0031,630.730329888443,45.052166420603065,14,763.0,0.261263647586851,0.3346376446018836,14.238868793483382,16.701337025161823,-0.0163900063248634
catboost,ml,STORE0007,SKU0024,648.983952692558,46.355996620896995,14,611.0,0.2611300667395297,0.3410543270888474,11.39646219841805,14.046977279652076,0.0981587778790249
catboost,ml,STORE0008,SKU0012,638.3761653653113,45.59829752609367,14,949.0,0.2610777420746473,0.3675208109656551,17.697341230631448,21.37906662966793,0.1062996428353279
catboost,ml,STORE0010,SKU0019,215.0961146142028,15.364008186728771,14,253.0,0.2609539110952963,0.2594980034352719,4.7158099647935705,6.579441499941202,0.1717549988010334
catboost,ml,STORE0005,SKU0004,1415.1109792563568,101.07935566116835,14,1459.0,0.2608129722817246,0.2953749696929844,27.18043761135973,35.15946660811265,0.0112890418000873
catboost,ml,STORE0011,SKU0052,863.0781628405932,61.648440202899515,14,860.0,0.2607288373855936,0.4129847591473467,16.01620001082932,23.44916631814289,-0.0111774667009202
catboost,ml,STORE0007,SKU0085,703.1611929101454,50.22579949358181,14,893.0,0.2606932636668347,0.3211119604691372,16.6285060324631,20.8189773927092,0.0367465428059197
catboost,ml,STORE0006,SKU0096,1444.93485288051,103.20963234860787,14,1601.0,0.2606015080824174,0.3467730837301082,29.80164388856788,34.13337795743341,-0.0885802876274669
catboost,ml,STORE0003,SKU0035,1943.428494995913,138.81632107113666,14,2221.0,0.260329723135833,0.4265260660634221,41.29945107747751,50.09369424262785,-0.0037743795127227
catboost,ml,STORE0007,SKU0087,318.2406969475673,22.731478353397666,14,315.0,0.2602631701715646,0.4221758430050619,5.8559213288602034,7.121400096026963,-0.0290234040651798
catboost,ml,STORE0004,SKU0046,1424.3003836960936,101.73574169257812,14,1925.0,0.2601567372055783,0.2867470210098571,35.771551365767024,41.73803465100928,-0.1548512401481924
catboost,ml,STORE0010,SKU0053,432.7344056009693,30.909600400069234,14,445.0,0.2599195148724877,0.2391165883653674,8.26172743701836,10.755400568275588,-0.1350036288736321
catboost,ml,STORE0006,SKU0054,1335.6796491916946,95.40568922797819,14,1880.0,0.2599168422026651,0.2586487338313905,34.90311881007217,44.81018863751561,-0.2075186437907687
catboost,ml,STORE0009,SKU0018,1304.8662325011908,93.2047308929422,14,1416.0,0.2598943769596882,0.2472778454241215,26.286459841065607,30.71848248235371,-0.1871300120998084
catboost,ml,STORE0001,SKU0070,1540.1564702913631,110.01117644938309,14,1701.0,0.2594082716769331,0.8471997677132707,31.51810500874737,42.13578843102797,-0.0830774730298794
catboost,ml,STORE0010,SKU0096,1221.2485460408598,87.23203900291855,14,1170.0,0.259388526306517,0.4397600931556527,21.677469698473203,26.201573963953823,0.0446263856767795
catboost,ml,STORE0012,SKU0058,1158.1155382322129,82.72253844515807,14,1174.0,0.259240107528704,0.4597890195189366,21.73913473133561,28.69353069066081,-0.0479808804380626
catboost,ml,STORE0007,SKU0056,249.05014547399867,17.78929610528562,14,279.0,0.2590044694888906,0.53809355640035,5.161589070528605,6.923891306605336,0.0816287785585195
catboost,ml,STORE0012,SKU0052,738.4854969489204,52.74896406778003,14,731.0,0.2589513545468257,0.2976407497392048,13.520960012409258,16.39231031133423,0.0637877438300763
catboost,ml,STORE0007,SKU0088,266.0976490495413,19.006974932110094,14,252.0,0.258873740405778,0.3122332525655421,4.6597273273040045,5.830291708825926,0.0470187282427741
catboost,ml,STORE0004,SKU0027,1655.5464738594767,118.2533195613912,14,2403.0,0.2588586455718021,0.2921594089317564,44.43123752207433,58.694444353544526,0.0281622093368664
catboost,ml,STORE0004,SKU0017,1600.2401917415414,114.30287083868153,14,1849.0,0.2583563247165918,0.2540532193284801,34.12148888578417,41.93173545357903,-0.074937660044748
catboost,ml,STORE0009,SKU0034,1754.3592443856662,125.31137459897616,14,2219.0,0.2583534346408556,0.2837289599472762,40.94901939057562,47.00415081230086,0.0121140793705111
catboost,ml,STORE0012,SKU0064,1163.993559971789,83.14239714084206,14,1122.0,0.258222285587486,0.5954811884413854,20.69467174493996,28.115126488823897,0.0157551246394615
catboost,ml,STORE0011,SKU0066,437.1624076782528,31.22588626273234,14,486.0,0.2577844012135869,0.2734687550678187,8.948801356414517,9.988017709914471,-0.0280947988619786
catboost,ml,STORE0009,SKU0076,402.5458927250509,28.75327805178935,14,399.0,0.257749914249834,0.3559012095313165,7.34587255612027,9.107949100153764,-0.0127682799892406
catboost,ml,STORE0013,SKU0080,692.7481934537021,49.48201381812158,14,743.0,0.2575864201429921,0.2539001325060525,13.670479297588797,16.23346405923999,-0.1618529802780499
catboost,ml,STORE0006,SKU0025,507.3499049055742,36.23927892182673,14,499.0,0.2575673024144951,1.725398923898224,9.180434564630934,14.39402536267025,0.1165349733507933
catboost,ml,STORE0009,SKU0047,1081.5832596922778,77.25594712087698,14,1126.0,0.2575642653883335,0.2747034189795344,20.715525916233112,25.00322295250996,-0.1114214917324155
catboost,ml,STORE0002,SKU0051,792.4619162531791,56.604422589512794,14,762.0,0.2575485798439019,0.2967163255044678,14.01800127436095,16.952417056823773,-0.0426710182636152
catboost,ml,STORE0013,SKU0024,465.1074504462647,33.22196074616176,14,496.0,0.257544314526756,0.2526169546993716,9.124427143233644,11.34155769861471,-0.1393029861051741
catboost,ml,STORE0008,SKU0039,298.3780211189266,21.312715794209044,14,321.0,0.2573738558906606,0.2422090820829144,5.90121483863586,7.29514464228497,-0.1486337842562863
catboost,ml,STORE0006,SKU0070,1475.0317185316098,105.35940846654356,14,1667.0,0.257145980646721,0.2855906867568535,30.618739267006,34.13938979327621,-0.1134623540359646
catboost,ml,STORE0005,SKU0056,344.4978641847961,24.606990298914006,14,455.0,0.2571198427294126,0.3044110035734867,8.35639488870591,11.138632463954554,-0.1380688301616031
catboost,ml,STORE0002,SKU0055,165.59912443286376,11.828508888061696,14,165.0,0.2570877913851952,0.7897743329014798,3.029963255611229,3.9949093038297874,-0.1380405880464101
catboost,ml,STORE0012,SKU0046,1272.3768219136446,90.88405870811746,14,1369.0,0.2569633537893109,0.3482579891178642,25.127345095540477,30.014091584745817,0.1220939757594655
catboost,ml,STORE0008,SKU0018,1251.787739726371,89.41340998045507,14,1262.0,0.2568214570287013,0.2850765212963447,23.15061991215865,27.444119952688496,-0.0182951258587371
catboost,ml,STORE0011,SKU0031,866.5010884984499,61.892934892746425,14,1024.0,0.2564370955625765,0.2872729609327724,18.756541846862746,26.602131495353557,0.0598420757288003
catboost,ml,STORE0008,SKU0077,807.4514033676425,57.67510024054589,14,960.0,0.2563661827927625,0.8637084531069721,17.579395391503716,22.93890388176143,0.1211654477722676
catboost,ml,STORE0008,SKU0015,187.18417358226597,13.370298113018999,14,189.0,0.2562019110321445,0.2762743629005105,3.4587257989339517,4.322577061380776,-0.0181605276406129
catboost,ml,STORE0004,SKU0092,1277.516939338575,91.25120995275536,14,1296.0,0.2559238248863826,0.2782295122792442,23.69123407519657,26.344341485199827,0.0917244607900857
catboost,ml,STORE0001,SKU0096,1381.8816900360257,98.70583500257327,14,1542.0,0.2557759926140637,0.2641360952905401,28.171898615063306,31.082216687323285,-0.0833432090881667
catboost,ml,STORE0002,SKU0034,1607.4816771819799,114.82011979871285,14,1962.0,0.255574269550765,0.2603369981398102,35.81690834704293,42.52932633568328,-0.0761897912900924
catboost,ml,STORE0010,SKU0074,752.1335717685366,53.723826554895474,14,952.0,0.2554963403498474,0.4356318838000221,17.373751143789622,23.066717796345177,0.0597910495736615
catboost,ml,STORE0007,SKU0093,817.64592642752,58.403280459108565,14,816.0,0.2554291694867538,0.2994585186320635,14.887871592942227,17.15444440314049,-0.0289615417959463
catboost,ml,STORE0012,SKU0050,236.08625202945382,16.86330371638956,14,260.0,0.2554039346158308,0.2333392259052448,4.743215928579716,6.368748535784625,-0.1626411761965116
catboost,ml,STORE0010,SKU0010,452.5145598614341,32.32246856153101,14,488.0,0.2551186794940562,0.3053948811378574,8.89270825664996,12.091346540670653,-0.054351255265332
catboost,ml,STORE0012,SKU0027,1553.3779371056025,110.95556693611447,14,2358.0,0.2548343092114967,0.2373462723580111,42.92137865147923,59.97914361612708,-0.1615677254076102
catboost,ml,STORE0009,SKU0064,1292.5151624545128,92.32251160389377,14,1341.0,0.2547984889893963,0.3122590786887168,24.406055266770032,28.2541088275759,-0.0807651794510457
catboost,ml,STORE0011,SKU0022,1501.2375638678293,107.23125456198781,14,1660.0,0.2547533077343934,0.2552114197434302,30.206463631363796,34.02692946734399,-0.0686413340998602
catboost,ml,STORE0006,SKU0040,373.9377440582715,26.70983886130511,14,537.0,0.2546542515090978,0.3160427090328076,9.767809504313252,13.066123013707768,-0.0849162977593726
catboost,ml,STORE0001,SKU0036,701.3625067668202,50.09732191191573,14,751.0,0.2545440024351438,0.2894977507498843,13.6544675591995,14.79964728728545,0.088131638267434
catboost,ml,STORE0008,SKU0082,989.7971866477479,70.69979904626771,14,1036.0,0.2545074101611856,0.2863259851534541,18.83354835192774,21.66872454474529,-0.0282946474587708
catboost,ml,STORE0013,SKU0056,184.06842855384593,13.147744896703282,14,205.0,0.2544502401228036,0.2825247849831995,3.72587851608391,4.288115645179341,0.0250111389809241
catboost,ml,STORE0002,SKU0012,520.3944549741983,37.171032498157025,14,745.0,0.2541037009053861,0.3222449917876466,13.52194694103662,20.33509401317321,-0.0003786032057503
catboost,ml,STORE0006,SKU0090,290.9145766666241,20.779612619044578,14,298.0,0.2541011734588892,0.3275558534570928,5.4087249779106426,7.315424421006177,-0.0422315560923288
catboost,ml,STORE0009,SKU0088,313.9056813074135,22.421834379100964,14,297.0,0.2534401950191187,0.3008795450251609,5.376552708619876,6.66542688539635,0.143315309097959
catboost,ml,STORE0003,SKU0069,829.5305607675327,59.25218291196662,14,1055.0,0.2533181259942053,0.3192825854755022,19.08933020884904,24.443552118129336,0.0583035441875148
catboost,ml,STORE0008,SKU0005,1178.4678562813808,84.17627544867005,14,1579.0,0.2532475758235182,0.327299698453449,28.562708730381097,35.647375820087206,0.011366889975143
catboost,ml,STORE0001,SKU0068,599.1912898712419,42.79937784794585,14,625.0,0.2531543129097006,0.5738317918696724,11.30153182632592,15.38897550788219,0.1457401266789752
catboost,ml,STORE0010,SKU0064,1218.9676241050659,87.0691160075047,14,1232.0,0.2528726430156689,0.3622951547212597,22.252792585378867,29.59369170599133,0.0264240410380998
catboost,ml,STORE0008,SKU0022,1383.2275611787086,98.80196865562205,14,1449.0,0.25272361723685,0.295690226789962,26.15689438401398,30.40181769444406,-0.0373623858682174
catboost,ml,STORE0004,SKU0031,892.3423327132898,63.73873805094927,14,1139.0,0.2523447676641188,0.4038300908833365,20.53004931210224,25.518210168649723,-0.1301783565653862
catboost,ml,STORE0009,SKU0024,739.0861103412591,52.791865024375646,14,724.0,0.252340003543119,0.2907481236130406,13.049583040372726,15.178085902209634,0.061199466969414
catboost,ml,STORE0010,SKU0039,238.54650588380213,17.039036134557296,14,237.0,0.2523360716144904,0.3198124215411909,4.271689212331017,5.476321267386952,-0.0341567557635787
catboost,ml,STORE0009,SKU0074,765.3829239194208,54.6702088513872,14,1042.0,0.2522451299433622,0.2635974455087734,18.774244671498817,28.45427205036671,0.0159940405241707
catboost,ml,STORE0009,SKU0033,1535.9522525649288,109.7108751832092,14,1735.0,0.2520323116009014,0.2565899541867541,31.234004330540284,36.58953575166589,-0.1646356521677491
catboost,ml,STORE0003,SKU0013,848.3506467394279,60.596474767101995,14,1042.0,0.2516196339478136,0.2764915439230196,18.72768989811584,26.011287665917543,0.2268681012431849
catboost,ml,STORE0002,SKU0092,1056.3746596028977,75.45533282877841,14,941.0,0.251037649149075,0.8774626303871251,16.873316274948543,23.519105860706496,0.1177223403554022
catboost,ml,STORE0010,SKU0046,1268.8809115260408,90.63435082328863,14,1367.0,0.2509052688274783,0.4959737291822816,24.499107320511637,29.4739365329559,0.0937030463530627
catboost,ml,STORE0013,SKU0031,486.76346742129715,34.768819101521224,14,543.0,0.250741732774324,0.2722597567609753,9.72519720688985,11.644237791961936,-0.0195256932650636
catboost,ml,STORE0001,SKU0060,876.545954271485,62.61042530510607,14,927.0,0.2507263053658459,0.2724567134386818,16.60166321958137,20.00609407997513,-0.1104539603459216
catboost,ml,STORE0005,SKU0018,1290.6162231537912,92.18687308241365,14,1259.0,0.2506840897592207,0.4096877015635992,22.543662071918497,27.42377226083604,0.0080039542840218
catboost,ml,STORE0002,SKU0056,245.01101459838324,17.500786757027374,14,305.0,0.2505786227626924,0.2372748206728113,5.459034281615799,8.750028967421919,-0.0276302901142388
catboost,ml,STORE0010,SKU0059,364.74996135247505,26.053568668033932,14,367.0,0.2505063335004145,0.2758013459139902,6.566844599618009,8.202179762306502,-0.0283784239636195
catboost,ml,STORE0012,SKU0009,748.3951955304819,53.45679968074871,14,708.0,0.2502270166195035,1.472276735476404,12.654337697614894,18.885195127581547,0.0670298502838288
catboost,ml,STORE0011,SKU0050,270.78865083342896,19.342046488102067,14,248.0,0.2501586106352999,0.7629909164632532,4.431381102682456,6.066897577103345,0.0608894656158942
catboost,ml,STORE0007,SKU0020,569.1676875217108,40.654834822979346,14,561.0,0.2500075376598863,0.2832449501378807,10.018159187656874,13.152568256905184,-0.0727815805857992
catboost,ml,STORE0008,SKU0093,1122.7934889732585,80.19953492666131,14,1165.0,0.2499472334208957,0.3174695328454176,20.79918049538168,26.01410413480959,0.026035493496953
catboost,ml,STORE0012,SKU0074,795.1249642554142,56.794640303958154,14,1015.0,0.2499430222950638,0.4422818676152119,18.120869116392125,22.267812328022742,0.0915380322916478
catboost,ml,STORE0001,SKU0053,460.3971616604066,32.8855115471719,14,476.0,0.2499369056620964,0.2395448280568818,8.497854792511278,10.957356545455974,-0.0483396799950819
catboost,ml,STORE0007,SKU0086,99.13933809462014,7.081381292472868,14,129.0,0.2498097717786517,0.2263369208972097,2.3018186113890056,3.055025764662386,-0.1175834786882414
catboost,ml,STORE0013,SKU0036,398.0736592443955,28.433832803171107,14,382.0,0.2497356499277555,0.607431362429323,6.8142155908859,8.856803410878895,0.1049702186304953
catboost,ml,STORE0012,SKU0028,1555.326984167111,111.09478458336507,14,1723.0,0.249721578869405,0.2528831570786588,30.733591456570355,40.199775269995634,-0.0136004833445115
catboost,ml,STORE0003,SKU0071,366.92821686677746,26.20915834762696,14,347.0,0.2497214304742281,0.2850849866560194,6.189524026754083,6.885150176880812,0.0697472946504719
catboost,ml,STORE0006,SKU0020,795.2683737199644,56.804883837140316,14,812.0,0.249641942516456,0.3300886517649868,14.479232665954449,16.77876091655262,0.009603091916662
catboost,ml,STORE0003,SKU0091,202.47179992054666,14.46227142289619,14,230.0,0.2496241539126724,0.971377513208009,4.100968242851048,5.232206874173611,-0.1083273940886558
catboost,ml,STORE0007,SKU0015,126.92591617486572,9.066136869633265,14,121.0,0.2494868722873627,0.816610795480961,2.1562793961979203,3.1191045997541136,0.0319818579599421
catboost,ml,STORE0007,SKU0030,564.6069219969128,40.32906585692234,14,538.0,0.2494581066336029,0.27749015548385,9.586318669205598,10.88743484275397,0.1529487117728009
catboost,ml,STORE0005,SKU0058,1375.2007108161986,98.22862220115704,14,1467.0,0.2493235033179421,0.2832996888537629,26.125541383387223,30.02367078031809,-0.0450403375276464
catboost,ml,STORE0010,SKU0068,530.0785342507627,37.86275244648305,14,623.0,0.2491574679385256,0.2510522556454511,11.08750732326439,13.03673971015824,0.0133156503165806
catboost,ml,STORE0013,SKU0032,562.251976440745,40.16085546005321,14,642.0,0.2491115606422928,0.3224671161995621,11.423544423739427,14.490450769577809,-0.112926084421319
catboost,ml,STORE0004,SKU0081,1122.0348014106498,80.14534295790357,14,1199.0,0.2490155525654526,0.2765631228815509,21.326403394712692,26.683855924237516,-0.1078858171397382
catboost,ml,STORE0010,SKU0035,2162.8281151110327,154.4877225079309,14,2699.0,0.2488572961470419,0.4495598447920789,47.97613159291903,62.54104309146404,-0.0240044169012579
catboost,ml,STORE0004,SKU0037,1619.3855986092633,115.67039990066166,14,1788.0,0.2488388733579997,0.4082961052579171,31.78027896886454,40.36016618376903,-0.0429795072735057
catboost,ml,STORE0006,SKU0085,1054.1052349373138,75.29323106695098,14,1393.0,0.2488370282854328,0.7077218033736287,24.759284314400563,31.92034808919824,-0.0703165291471281
catboost,ml,STORE0002,SKU0052,648.8703092167666,46.34787922976904,14,690.0,0.2483808660163372,0.233970961651652,12.241628396519475,14.51506156440015,-0.1884186979568572
catboost,ml,STORE0013,SKU0040,191.87083808396676,13.705059863140482,14,243.0,0.2479875924058636,0.3362803801184379,4.304356068187491,6.229313514562221,0.0442197508655647
catboost,ml,STORE0010,SKU0077,718.8060281012487,51.34328772151776,14,817.0,0.2479334400043111,0.3450623702087935,14.468687177394443,19.857512607245848,0.1950968090121954
catboost,ml,STORE0006,SKU0021,804.016640888147,57.42976006343907,14,755.0,0.247814453626214,0.3175959940216725,13.364279463413684,16.651371602755358,0.1493145390764204
catboost,ml,STORE0009,SKU0017,1441.121453946433,102.93724671045949,14,1593.0,0.2477898421534168,0.2381298909925724,28.19494418217093,35.60955162499747,-0.084209137350578
catboost,ml,STORE0011,SKU0096,1461.4211290336834,104.38722350240596,14,1533.0,0.2475817163385895,0.9071721493721264,27.11019793907555,35.72531305175621,-0.0534295806782209
catboost,ml,STORE0011,SKU0007,460.42062525354936,32.88718751811067,14,501.0,0.2474003161327726,0.241298714464242,8.853397027322792,12.832995892915912,-0.1707250637624662
catboost,ml,STORE0007,SKU0008,273.8882346740096,19.56344533385783,14,282.0,0.2473718862529808,0.4293740165636229,4.982776565952899,5.958744413275988,-0.0644777398287274
catboost,ml,STORE0005,SKU0079,1166.453301595557,83.31809297111121,14,1154.0,0.2473522700264895,1.509886017142404,20.38889425789778,29.22401674353797,0.0472739980113711
catboost,ml,STORE0007,SKU0089,478.4169829408163,34.172641638629734,14,434.0,0.2471382261368322,0.526856006705751,7.6612850102418,11.03749003031587,0.1344450839804565
catboost,ml,STORE0007,SKU0028,1335.2852367222424,95.37751690873161,14,1380.0,0.2470982788394677,0.3805940090221251,24.356830342747536,31.769222704088754,-0.0012486060887838
catboost,ml,STORE0001,SKU0015,173.8125500736711,12.415182148119365,14,160.0,0.2467690507433265,0.3913299043449796,2.8202177227808742,3.776005017557878,0.1551274007478846
catboost,ml,STORE0005,SKU0076,429.94796414358984,30.710568867399274,14,437.0,0.2466970631416968,0.3262593871247398,7.700472613780109,9.487952667911,0.0102846462820944
catboost,ml,STORE0006,SKU0030,781.0781921107623,55.79129943648302,14,772.0,0.2464501733717417,0.2746531406602311,13.589966703070331,16.27198790937037,0.0945487981684361
catboost,ml,STORE0005,SKU0052,858.4508935534728,61.317920968105206,14,866.0,0.2463613853150721,0.3354639430220764,15.239211405918036,19.69200873678276,-0.0080252254532538
catboost,ml,STORE0009,SKU0078,440.12080971226555,31.437200693733253,14,492.0,0.2463079525463583,0.2282762684827264,8.655965189486308,10.155686252264577,-0.2358313834712866
catboost,ml,STORE0001,SKU0045,1039.6399829536156,74.25999878240111,14,1258.0,0.2461885807531638,0.3220356702900402,22.12180247053429,29.23879000865944,0.099946471211177
catboost,ml,STORE0005,SKU0036,692.5427342112172,49.467338157944084,14,706.0,0.2461488732543539,0.3693433219040025,12.412936036969564,16.12948492845641,0.2086793571702273
catboost,ml,STORE0011,SKU0065,852.0720965757878,60.86229261255627,14,1013.0,0.2460332337203182,0.3078862463266339,17.802261839905885,23.76534927519578,0.0135666285257976
catboost,ml,STORE0006,SKU0022,1422.1769309435551,101.58406649596823,14,1508.0,0.2455884597531376,0.5838822422822599,26.453385521980824,35.60402170233199,-0.0443113962029483
catboost,ml,STORE0008,SKU0085,1012.6648971363632,72.33320693831165,14,1368.0,0.2455595305867506,0.2776007609866768,23.99467413161964,28.65910580052914,0.0324906854741516
catboost,ml,STORE0001,SKU0027,1787.804795227558,127.70034251625415,14,2752.0,0.2455086246905702,0.2823275874001121,48.25998108203209,61.47462780304655,-0.1239129057810514
catboost,ml,STORE0007,SKU0035,1928.0718572663075,137.7194183761648,14,2441.0,0.2454083543121855,0.2255726123203008,42.78869949114607,53.11498116694824,-0.2092027152352548
catboost,ml,STORE0002,SKU0059,285.70193620410737,20.40728115743624,14,273.0,0.2451126493598532,0.750891223580977,4.779696662517138,6.29547371350398,-0.0124787105269489
catboost,ml,STORE0009,SKU0006,1465.4620084415726,104.67585774582662,14,1664.0,0.2443890207538735,0.4670308122045351,29.04738075246039,38.003662733852224,0.006983744328627
catboost,ml,STORE0008,SKU0004,1372.4452405042161,98.0318028931583,14,1489.0,0.2441621240090285,0.2866172248737011,25.96838590353168,29.02251013687106,-0.0666189812020024
catboost,ml,STORE0012,SKU0018,1157.8437817593267,82.70312726852333,14,1143.0,0.2441388467026695,0.3615580942318992,19.932192984367948,23.444661874207466,-0.0149444060317705
catboost,ml,STORE0006,SKU0008,380.73927653364177,27.195662609545842,14,381.0,0.244126859620177,0.377201798549207,6.643738108234818,7.991946292451439,-0.0247555559777584
catboost,ml,STORE0010,SKU0012,593.4613070711774,42.390093362226956,14,874.0,0.2440703352005218,0.5047338552904878,15.236962354661149,18.023461331115406,0.0096843680606619
catboost,ml,STORE0005,SKU0002,966.5705330663371,69.04075236188122,14,1008.0,0.2440389354256972,0.2655359188196375,17.570803350650202,20.84177897338825,-0.0391865224564081
catboost,ml,STORE0005,SKU0067,613.188809701797,43.7992006929855,14,633.0,0.2439070118149125,1.0962727705366648,11.028081319917115,15.460030940231231,-0.005813611617042
catboost,ml,STORE0011,SKU0070,1462.5627945624049,104.46877104017177,14,1494.0,0.2438623750834263,0.5921789839944733,26.023599169617064,34.02926988245415,-0.0006869442878164
catboost,ml,STORE0002,SKU0008,262.1446664137808,18.72461902955577,14,263.0,0.2437631459841328,0.2640021594303182,4.579264813844781,5.204835185479242,-0.0090216913137874
catboost,ml,STORE0012,SKU0078,411.60992346687925,29.400708819062803,14,414.0,0.2435492036226073,0.2729829727031961,7.2020978785542455,8.112299883366727,0.0089511284776117
catboost,ml,STORE0008,SKU0096,1354.0153180750387,96.71537986250277,14,1339.0,0.2433636909284948,0.3258504212980074,23.275998725232476,31.443824578417665,0.0787146408214053
catboost,ml,STORE0007,SKU0046,1166.7082085891368,83.33630061350978,14,1422.0,0.24318937369447,0.2259513047723842,24.70109209953832,33.29585532956292,-0.1198370648466363
catboost,ml,STORE0003,SKU0051,763.0964939353591,54.50689242395423,14,746.0,0.2431160279509095,0.3090751132583614,12.954611203669891,15.84771499054152,0.0233094794941651
catboost,ml,STORE0011,SKU0061,1383.5452335135199,98.82465953667999,14,1435.0,0.2430538405305027,0.3302669143684746,24.91301865437653,35.40342094887226,-0.031327629687294
catboost,ml,STORE0008,SKU0086,128.36519355235964,9.168942396597117,14,156.0,0.2429499754673229,0.1960154933747452,2.7071568694930277,3.630435289112846,0.0352745956936204
catboost,ml,STORE0003,SKU0022,1130.4210759828852,80.74436257020609,14,1056.0,0.2429310822851941,0.3444355842979122,18.32394449236893,22.999240364226683,0.0285658142804136
catboost,ml,STORE0003,SKU0054,936.8102229231989,66.91501592308563,14,1121.0,0.2428084160778244,0.4118124888826392,19.442016744517225,27.79540303510469,0.0114152740972219
catboost,ml,STORE0001,SKU0054,1177.460474810906,84.10431962935043,14,1489.0,0.2427291754596359,0.2604576869325849,25.815981589957,31.72855626455231,0.0280085858925569
catboost,ml,STORE0012,SKU0072,545.9201167094764,38.994294050676885,14,546.0,0.2424735177358476,0.3512703072166028,9.456467191698058,11.874732391709404,-0.0235188800337227
catboost,ml,STORE0002,SKU0001,1109.2970165483136,79.2355011820224,14,1087.0,0.242193275991066,0.3325665439478032,18.80457792873491,25.81794332603684,-0.0208328267405881
catboost,ml,STORE0004,SKU0100,1295.629690116602,92.54497786547157,14,1247.0,0.2421472794374466,0.2671925867139036,21.568404104178285,24.727034422569787,0.0869177520213094
catboost,ml,STORE0005,SKU0001,1521.6224835423097,108.68732025302212,14,1634.0,0.2421035509397452,0.3784455724043721,28.25694301682455,37.4534228071964,-0.054350932634397
catboost,ml,STORE0012,SKU0055,190.0264151664793,13.573315369034235,14,187.0,0.2417813641832089,0.2888031203786446,3.229508221590005,4.240536054071731,-0.0061810398093571
catboost,ml,STORE0003,SKU0003,267.86337772440055,19.133098408885754,14,272.0,0.2414511144706619,0.3837917993387191,4.691050224001432,5.832622876949364,-0.0555886181817362
catboost,ml,STORE0005,SKU0081,1038.8074285215687,74.20053060868348,14,1122.0,0.2414426436923115,0.2503440658283465,19.34990330162669,26.247662694167115,-0.0644006397335569
catboost,ml,STORE0001,SKU0067,596.6360305002072,42.61685932144337,14,615.0,0.2412337364694422,0.2631223945647469,10.59705342347907,12.72122242901848,-0.007013606065866
catboost,ml,STORE0007,SKU0040,259.44510503806396,18.53179321700457,14,332.0,0.2411483105385407,0.2941688118858249,5.718659935628251,6.565282472234128,0.0908198081988542
catboost,ml,STORE0002,SKU0036,497.3201509083781,35.522867922027004,14,497.0,0.2409217414824443,0.2866850420981274,8.552721822626774,12.712832361077178,0.1791216871485837
catboost,ml,STORE0002,SKU0005,801.511355983279,57.25081114166279,14,982.0,0.2409071849974252,0.443911101632732,16.897918261962253,20.54325974692177,0.1252890489213578
catboost,ml,STORE0001,SKU0012,673.9560908233219,48.139720773094425,14,998.0,0.2403184368811429,0.3224190058827739,17.131271429098614,23.757489272902653,0.0900837811196754
catboost,ml,STORE0005,SKU0033,1433.8466359948193,102.41761685677281,14,1527.0,0.2400796444291368,0.2674750547336596,26.18582978880657,31.384392833650548,0.036948897514219
catboost,ml,STORE0003,SKU0056,242.6810280386108,17.334359145615057,14,301.0,0.2399159703830619,0.2473962352592558,5.158193363235832,5.810297357513831,-0.0080849190275515
catboost,ml,STORE0002,SKU0096,1010.697638964657,72.1926884974755,14,950.0,0.2397877657365285,0.3776523921447108,16.27131267497872,23.06958043961435,0.0982680083228656
catboost,ml,STORE0003,SKU0063,559.6124216589603,39.97231583278288,14,680.0,0.2397505672491876,0.3381740298854452,11.645027552103398,13.380020569109814,0.0552321618333833
catboost,ml,STORE0008,SKU0044,1345.3684314550328,96.09774510393092,14,1387.0,0.2392189696194149,0.2879743054887638,23.69976506158061,28.467977898962875,-0.0305246003232153
catboost,ml,STORE0011,SKU0064,1358.4824765080552,97.03446260771823,14,1470.0,0.2390195589959613,0.2451923858981144,25.097053694575944,30.60291505764473,-0.0606617847921938
catboost,ml,STORE0004,SKU0056,353.1382890170765,25.22416350121975,14,437.0,0.2386812099908931,0.2968651232163138,7.450263483287164,8.415450572479328,-0.0283742063836008
catboost,ml,STORE0003,SKU0053,377.62348360888154,26.973105972062967,14,403.0,0.2383115728589497,0.2507963502177125,6.85996884729691,8.099450955506633,-0.1264239523879726
catboost,ml,STORE0008,SKU0016,368.2823975004964,26.305885535749745,14,488.0,0.2382363780041315,0.2132637379464607,8.3042394618583,10.93323450926965,-0.1552168058832687
catboost,ml,STORE0001,SKU0047,1214.508505144678,86.75060751033415,14,1257.0,0.2380924479021444,0.232230984730046,21.37730050092825,26.68931311998191,-0.0747949046065773
catboost,ml,STORE0006,SKU0047,1272.7256178231205,90.90897270165146,14,1285.0,0.2376991941003123,0.2889601279967619,21.81739031563581,27.093611473217678,0.0679790456579723
catboost,ml,STORE0004,SKU0091,303.8090827300846,21.700648766434615,14,408.0,0.2372153895391479,0.2343800196138754,6.913134209426597,7.881683297501053,-0.2156223530618961
catboost,ml,STORE0009,SKU0059,369.917830579527,26.42270218425193,14,384.0,0.2370368057229484,0.239067179355275,6.501580956972299,7.446195863550869,-0.1726063405251461
catboost,ml,STORE0006,SKU0101,227.98279305184704,16.284485217989076,14,272.0,0.2369242700964357,0.394579036999385,4.603100104730751,5.952265440394972,-0.0016563518848066
catboost,ml,STORE0008,SKU0102,1366.4514132934064,97.60367237810046,14,1650.0,0.2363041716763557,0.3340185391020002,27.85013451899908,38.34809718468091,0.1945442895544249
catboost,ml,STORE0009,SKU0080,1126.1556755467343,80.43969111048102,14,1224.0,0.2362895132755359,0.2780829256652874,20.65845458923257,25.82402271819885,-0.1198405169425164
catboost,ml,STORE0003,SKU0023,826.9581167253505,59.06843690895361,14,943.0,0.2361504463818134,0.2904924268592461,15.906419352717863,20.24781353854186,-0.0581435998011922
catboost,ml,STORE0011,SKU0047,1165.5689584062745,83.25492560044817,14,1260.0,0.2359917719658464,0.2361572572634613,21.23925947692618,24.500913777058628,-0.1189572009823275
catboost,ml,STORE0004,SKU0020,860.2451346801347,61.44608104858105,14,826.0,0.235824512196318,2.0468736353022896,13.913646219582764,18.954648029903392,0.0025678937601687
catboost,ml,STORE0005,SKU0035,2226.9756896826984,159.06969212019274,14,2860.0,0.2356213016722677,0.293353424937468,48.134065913048985,62.90340844515789,-0.0217840035862751
catboost,ml,STORE0005,SKU0031,850.5046245219568,60.75033032299691,14,1061.0,0.235609286952698,0.2535535829048588,17.85581810405804,21.997938824063848,-0.0165871878295334
catboost,ml,STORE0012,SKU0084,342.7677585944264,24.483411328173315,14,351.0,0.2355285096614772,0.2640934417163141,5.90503620651275,6.83040061661422,-0.057246820187035
catboost,ml,STORE0013,SKU0020,392.83460073248153,28.059614338034397,14,390.0,0.2355212256896677,0.2262632945730396,6.56094842992646,8.638910719172905,-0.0328956797236864
catboost,ml,STORE0006,SKU0018,1291.4412273711976,92.24580195508554,14,1342.0,0.2354465584553347,0.270419782987428,22.569234389075657,28.500416633388337,0.0002990247047066
catboost,ml,STORE0004,SKU0038,1605.9543543982788,114.71102531416277,14,1901.0,0.2354099662939621,0.2776224204959535,31.96531042320157,41.27777480781192,-0.1442291425848876
catboost,ml,STORE0004,SKU0101,236.99333379875242,16.92809527133946,14,279.0,0.2349998217851441,0.2504987561598478,4.683210734146802,5.993380867148475,0.0470894350535517
catboost,ml,STORE0012,SKU0030,727.442369203146,51.96016922879614,14,750.0,0.2349502765969507,0.259633467085396,12.58662196055093,16.51381255513943,-0.0551246818495028
catboost,ml,STORE0008,SKU0065,837.2360610978463,59.80257579270331,14,1094.0,0.2349172925062552,0.2358488739065708,18.35710842870309,24.233799822844272,-0.0348979170996794
catboost,ml,STORE0009,SKU0068,500.5829299113487,35.75592356509633,14,556.0,0.2348197331595919,0.3262510163068741,9.325697974052364,11.24794114024444,0.0640454033440509
catboost,ml,STORE0011,SKU0071,491.28646556146236,35.09189039724731,14,524.0,0.234792121003182,0.2424561659164461,8.787933671833384,9.935262891989346,-0.1047027869825203
catboost,ml,STORE0011,SKU0077,795.9400253422203,56.85285895301574,14,1037.0,0.2347681851682118,0.2637385460819931,17.38961485853112,23.933519905830657,-0.0812973292815479
catboost,ml,STORE0011,SKU0090,317.34693710447243,22.667638364605175,14,347.0,0.2346947133692639,0.2404736130589542,5.817076109938184,7.025174026799506,-0.1619663353095571
catboost,ml,STORE0007,SKU0047,1016.164454619666,72.58317532997614,14,1027.0,0.2346923511335908,0.305541899722098,17.21636032958556,20.95285367954236,-0.092425365197272
catboost,ml,STORE0001,SKU0046,1446.397719707606,103.31412283625757,14,1677.0,0.2346830830940923,0.3476003691698004,28.111680739199493,32.52168301897526,0.0488259252055766
catboost,ml,STORE0006,SKU0026,1510.0364335186675,107.8597452513334,14,1829.0,0.2346616906685533,0.2347590553418742,30.656873730913155,38.43179442456626,-0.1540874369003518
catboost,ml,STORE0013,SKU0086,79.75580857522965,5.696843469659261,14,87.0,0.2339193120678408,0.2806103321952035,1.453641439278725,1.8533665263624104,-0.0741969799972376
catboost,ml,STORE0002,SKU0075,387.50753315456444,27.679109511040316,14,387.0,0.233717840443436,0.2354015911332801,6.460628875114982,7.704800689329525,-0.0307096362382931
catboost,ml,STORE0002,SKU0041,1016.500479056403,72.60717707545736,14,1295.0,0.233072624108256,0.2889520666965845,21.55921773001369,26.781925778193305,0.0106259139369853
catboost,ml,STORE0010,SKU0007,354.11960966817537,25.294257833441097,14,334.0,0.2329809889037551,0.3949845627478351,5.558260735275302,7.420639125273444,0.1188923630927971
catboost,ml,STORE0002,SKU0025,367.5529139161163,26.25377956543688,14,396.0,0.2328461990933209,0.2381029763407508,6.586221060068222,7.63549426596334,-0.0966798713903126
catboost,ml,STORE0008,SKU0061,1323.4615487433152,94.53296776737966,14,1310.0,0.2327144067006166,0.2838726429367326,21.775419484129127,26.112978268770647,0.0911681341662845
catboost,ml,STORE0013,SKU0089,379.868638988126,27.133474213437573,14,390.0,0.2324464286831564,0.2223446124368047,6.475293370459359,7.995032006496117,-0.0869316357296144
catboost,ml,STORE0010,SKU0016,311.7129473653913,22.265210526099377,14,400.0,0.2324172770707109,0.2905442915247636,6.640493630591741,7.866565598964727,-0.1061609659388926
catboost,ml,STORE0006,SKU0050,258.3118565563151,18.45084689687965,14,250.0,0.2321633647884398,0.2506074400365347,4.14577437122214,4.798174765284832,0.0603030025439747
catboost,ml,STORE0005,SKU0066,381.88259952427893,27.277328537448494,14,408.0,0.2321483249770037,0.4585930099178241,6.765465470758395,8.670647352684222,0.094508581787489
catboost,ml,STORE0008,SKU0001,1431.564373423974,102.25459810171243,14,1519.0,0.2320727986391004,0.2780413161315204,25.1798986523424,36.486802037919816,0.062994757363264
catboost,ml,STORE0009,SKU0001,1291.1616372242906,92.22583123030647,14,1379.0,0.2316509241481743,0.2280124923606783,22.81761602859517,30.827293931023835,-0.071250423569587
catboost,ml,STORE0010,SKU0052,771.5124127493942,55.10802948209959,14,721.0,0.2316328699699608,0.344540830100336,11.929092803452985,15.75203632501236,0.0296097910087762
catboost,ml,STORE0011,SKU0019,240.30106987182023,17.164362133701445,14,287.0,0.2314701696106584,0.403980835191874,4.7451384770184974,5.691399878438788,0.0695746892182535
catboost,ml,STORE0012,SKU0066,371.1111114259874,26.507936530427674,14,381.0,0.2311933191297579,0.3827914727667593,6.29176104203127,8.501488807183991,-0.0354899311017838
catboost,ml,STORE0004,SKU0060,897.3726681684349,64.09804772631678,14,841.0,0.231078644755431,0.2936023872932431,13.881224302808397,18.868657215046056,0.1731871512812649
catboost,ml,STORE0002,SKU0004,1122.0077782086153,80.1434127291868,14,1160.0,0.2308926355639034,0.2302818083854587,19.131104089580568,24.1655257082396,-0.1001681139909479
catboost,ml,STORE0009,SKU0030,622.2413423543591,44.44581016816851,14,587.0,0.2307377461324558,0.3169856976812345,9.674504069982255,12.08930394848248,0.1554593165404993
catboost,ml,STORE0012,SKU0023,916.3403862959563,65.45288473542544,14,986.0,0.2305311667187107,0.2446904346251042,16.235980741760624,19.712440758243417,0.1796352475127894
catboost,ml,STORE0007,SKU0073,124.23094622668077,8.873639016191484,14,119.0,0.2303937045913234,0.2481314360322355,1.9583464890262492,2.258594447185194,-0.0206530684855965
catboost,ml,STORE0002,SKU0073,125.35111411714308,8.953651008367363,14,114.0,0.2303554699197638,0.2319975147295684,1.8757516836323629,2.4646890047547907,0.0105422860493714
catboost,ml,STORE0005,SKU0072,589.0988603039051,42.07849002170751,14,626.0,0.23021671064482,0.2263678467911646,10.293975775975523,12.62537084864526,-0.1169571992966903
catboost,ml,STORE0004,SKU0098,574.508602148435,41.036328724888214,14,620.0,0.2301189847012686,0.3566181510690233,10.190983608199035,12.73043838061228,-0.0058945182982536
catboost,ml,STORE0001,SKU0069,1192.6457329316079,85.18898092368627,14,1641.0,0.2299561841292625,2.177990926195238,26.954149868294277,39.52913993986303,-0.0599891845135445
catboost,ml,STORE0004,SKU0041,1289.0098945141262,92.07213532243759,14,1795.0,0.2298525379622252,0.248174570641,29.470378974442447,34.17513510154848,-0.0211807328770231
catboost,ml,STORE0003,SKU0089,509.0862431432459,36.36330308166042,14,533.0,0.2297642477199702,0.2573316619750559,8.747453145338866,11.031645703618386,-0.0579333244299477
catboost,ml,STORE0003,SKU0082,603.4123854215562,43.1008846729683,14,612.0,0.2296423188137127,0.3054259387888679,10.038649936713728,12.285127399085608,-0.0483310097029022
catboost,ml,STORE0010,SKU0070,1319.0688329061893,94.21920235044209,14,1503.0,0.2294179315027554,0.2420361763655182,24.629653646331526,27.254334645829367,-0.1515831484892596
catboost,ml,STORE0010,SKU0038,1400.6313610773072,100.04509721980766,14,1464.0,0.2294169486378919,0.3628374159188464,23.99045805756241,30.071819792570636,-0.0584494846972168
catboost,ml,STORE0007,SKU0059,271.5769534470074,19.398353817643386,14,282.0,0.2294099309351844,0.2238037500176709,4.620971465980143,5.915657485554365,-0.0648886085987923
catboost,ml,STORE0010,SKU0014,839.4919698084518,59.96371212917513,14,807.0,0.2293680571831383,0.2865687934816942,13.22143015334233,16.39901198672977,0.0262254802031379
catboost,ml,STORE0011,SKU0059,407.06970519159614,29.07640751368544,14,425.0,0.2293176435903841,0.3117486735381818,6.961428466136662,9.530878900176646,-0.0633488839241627
catboost,ml,STORE0008,SKU0095,449.90757974336617,32.13625569595472,14,449.0,0.2286758676457526,0.270092370889986,7.333961755210211,8.912992487593714,0.0436495426428617
catboost,ml,STORE0002,SKU0007,320.8104653795979,22.915033241399847,14,321.0,0.2286230179467115,0.2358965983321051,5.241999197206742,6.279216860929827,-0.100390304345684
catboost,ml,STORE0002,SKU0033,1222.7758780606782,87.3411341471913,14,1228.0,0.2285153689204085,0.2378567905565563,20.04406235959012,22.98663804120009,-0.0609541875351478
catboost,ml,STORE0001,SKU0093,1113.29200654927,79.52085761066213,14,1088.0,0.2282033672682222,0.3039525809576114,17.7346616848447,22.229880865015897,0.0431988153733984
catboost,ml,STORE0002,SKU0003,247.25939044154217,17.661385031538725,14,250.0,0.2280331476405182,0.2602907716564541,4.072020493580682,5.039472156209514,-0.060787891514817
catboost,ml,STORE0004,SKU0005,1150.8527139182752,82.2037652798768,14,1558.0,0.227958231864761,0.2619438437516918,25.36849466037841,29.905029525648853,-0.0329531204580561
catboost,ml,STORE0011,SKU0018,1220.085085576343,87.14893468402451,14,1152.0,0.2279384882696495,0.3194846437362853,18.756081320474017,24.52669985512155,0.0921506582129953
catboost,ml,STORE0012,SKU0026,1422.997494511439,101.64267817938851,14,1485.0,0.2279160703817443,0.3426628825231165,24.17538317977788,30.08249881775115,-0.0398547583478787
catboost,ml,STORE0004,SKU0063,772.8185980459157,55.20132843185112,14,970.0,0.2277732440432336,0.2494291070845905,15.78143190870976,19.25432273968387,0.089522887934803
catboost,ml,STORE0001,SKU0038,1444.1481167370307,103.15343690978791,14,1504.0,0.2273119286308299,0.3427380717280255,24.41979576148345,29.985746363765283,0.0227094619058284
catboost,ml,STORE0009,SKU0035,2199.0786565349554,157.07704689535396,14,2812.0,0.2272585139693817,0.2254856402163031,45.64649580585011,54.26103897515301,-0.1215086793916629
catboost,ml,STORE0004,SKU0088,355.463369270645,25.390240662188926,14,340.0,0.2270487390836154,0.1577833073889724,5.514040806316374,8.184478086734476,0.0569596014350715
catboost,ml,STORE0010,SKU0099,1207.788439862638,86.27060284733128,14,1273.0,0.2270184976344197,0.3591552175474845,20.64246767775831,25.366783053732487,0.0502576408131908
catboost,ml,STORE0009,SKU0025,462.43509574235003,33.03107826731072,14,431.0,0.2266121003304714,0.3847225322087024,6.976415374459514,9.081091122591936,0.0980906393130178
catboost,ml,STORE0002,SKU0093,843.4512390024903,60.24651707160645,14,797.0,0.2260760575415741,0.3924838139841301,12.870186990045328,17.399928628265027,0.1020375723653537
catboost,ml,STORE0004,SKU0025,449.2813789596443,32.09152706854602,14,450.0,0.22604743189468,0.2977952042088015,7.265810310900429,8.93899949755411,0.0985254649860825
catboost,ml,STORE0012,SKU0038,1330.5353821037957,95.03824157884254,14,1419.0,0.2255284952017117,0.2615632289988533,22.85892390651636,26.64618898912361,-0.0994344522271503
catboost,ml,STORE0012,SKU0101,206.81486450516624,14.772490321797589,14,250.0,0.2252833916202911,0.2327342371599703,4.0229177075052,5.603478711112066,-0.0029682135892135
catboost,ml,STORE0010,SKU0101,196.06819301300084,14.00487092950006,14,214.0,0.2252031023883261,0.2375679359103236,3.4423902793644143,3.9808217260034353,0.1997688429889421
catboost,ml,STORE0012,SKU0056,282.431168950806,20.173654925057573,14,336.0,0.225185044401845,0.8003429257577436,5.404441065644282,6.998878602508627,0.0061933771724984
catboost,ml,STORE0012,SKU0015,161.44640524302594,11.531886088787568,14,171.0,0.2249408264104612,0.230289482322165,2.7474915225849195,3.2973877115531383,-0.1042023744810491
catboost,ml,STORE0004,SKU0036,734.0480710599887,52.432005075713484,14,786.0,0.2249246751352891,0.2624199401341561,12.627913904024089,14.172445090316051,-0.0203879844370354
catboost,ml,STORE0011,SKU0014,823.3845579075944,58.813182707685314,14,814.0,0.2249226264382493,0.2600939575517105,13.077644137195357,14.949632130718848,0.0715048544985251
catboost,ml,STORE0002,SKU0074,651.2604424822533,46.51860303444666,14,857.0,0.2247410738533542,0.2712319604330436,13.757364306594614,15.849840343655067,0.0517533635068152
catboost,ml,STORE0005,SKU0063,732.0784343455606,52.29131673896861,14,922.0,0.2245115031371665,2.076991654537278,14.785686135176254,20.02177204592516,0.0182543586978651
catboost,ml,STORE0001,SKU0094,964.956211987552,68.92544371339658,14,1084.0,0.2243410008451597,0.199409558580846,17.370403208296658,24.34625026020978,-0.1892113588108278
catboost,ml,STORE0003,SKU0014,690.7153581210549,49.33681129436106,14,723.0,0.2241459264743219,0.2134688559123149,11.575536060066767,16.47219043226531,-0.0925902359933307
catboost,ml,STORE0007,SKU0063,581.4278517743182,41.530560841022734,14,671.0,0.2240440993713842,0.2592789741720381,10.738113619871346,12.607518490627122,0.0687759057434735
catboost,ml,STORE0013,SKU0039,150.7413352456778,10.767238231834128,14,149.0,0.2234718403772125,0.2243980664450278,2.378378872586048,2.973102027294108,-0.0594858315959494
catboost,ml,STORE0008,SKU0084,399.08151668167454,28.50582262011961,14,433.0,0.2234125926042874,0.2181076615746698,6.909832328404031,8.984098361249885,-0.1334678259910121
catboost,ml,STORE0010,SKU0061,1164.7302345887033,83.19501675633595,14,1199.0,0.2233255205423633,0.2352440106300128,19.12623565216383,23.276531845683827,-0.0500904544637623
catboost,ml,STORE0008,SKU0075,505.3923443558142,36.09945316827244,14,510.0,0.2232121705246735,0.3104924957692193,8.131300497684537,10.524699038116871,-0.0061816417976007
catboost,ml,STORE0006,SKU0077,844.0789583082727,60.29135416487662,14,1121.0,0.2230262606137647,0.2564210095614416,17.858031296287873,22.80123659124808,-0.009831684837668
catboost,ml,STORE0012,SKU0071,402.74367808133394,28.76740557723814,14,404.0,0.2229544317823179,0.2332094995939375,6.433827888575462,7.815095054017165,-0.0402606627446806
catboost,ml,STORE0012,SKU0036,605.2154804221192,43.22967717300851,14,655.0,0.222938181762398,0.2364584396866862,10.430322075312192,12.3958385712514,-0.0117858217426254
catboost,ml,STORE0001,SKU0002,999.8306119774302,71.41647228410216,14,954.0,0.2229297449820677,1.3059825199774646,15.191069765206615,22.05850532788168,0.0568123052994452
catboost,ml,STORE0005,SKU0071,472.8185879353997,33.77275628109998,14,460.0,0.2228779780358064,0.3766435740900534,7.3231335640336415,9.69522487284007,0.0164992173302622
catboost,ml,STORE0007,SKU0001,1205.641029874657,86.11721641961836,14,1190.0,0.222874329977591,0.4467125528337981,18.944318048095237,23.086597156984865,-0.017295081799535
catboost,ml,STORE0008,SKU0030,726.0356324725957,51.85968803375683,14,737.0,0.2228513670697696,0.2571165553212239,11.7315326807443,13.261100613279464,0.0726641266769296
catboost,ml,STORE0012,SKU0089,530.9194614963292,37.92281867830923,14,590.0,0.2228071671664963,0.1974454722447808,9.389730616302344,13.208195336316235,-0.1179811518660744
catboost,ml,STORE0008,SKU0038,1497.6070209270215,106.97193006621582,14,1628.0,0.2226372068747947,0.2296075054699079,25.889526628011847,32.38118555964858,-0.0354098019456859
catboost,ml,STORE0012,SKU0004,1283.6810279892752,91.69150199923395,14,1315.0,0.2226011650331541,0.3194125519339868,20.908609429899837,27.657853692202263,-0.030953388796148
catboost,ml,STORE0004,SKU0039,269.17028412737733,19.22644886624124,14,282.0,0.2224086656545321,0.2234565467512899,4.479945979612718,6.074351769056358,-0.0383403674514808
catboost,ml,STORE0010,SKU0075,489.20436735673593,34.943169096909706,14,475.0,0.2223119047534755,0.2785820048060988,7.542725339850063,9.795528646204955,-0.0044088012395611
catboost,ml,STORE0008,SKU0080,1262.117762222108,90.15126873015058,14,1359.0,0.222073774809694,1.063369156296648,21.55701856902673,31.77655312587534,-0.0405101935942923
catboost,ml,STORE0012,SKU0010,494.4243482930355,35.31602487807397,14,552.0,0.2220427855988193,0.2331966814492635,8.754829832182022,10.365658650450616,-0.0419334609894309
catboost,ml,STORE0007,SKU0044,1059.8032856368504,75.70023468834646,14,1071.0,0.2219215344603761,0.3073483138386782,16.976997386218773,22.13265692385116,-0.011694894371134
catboost,ml,STORE0008,SKU0048,1084.9514491079608,77.49653207914005,14,1241.0,0.2218611230273131,0.2526143727168239,19.666403834063967,25.475414799821923,-0.0449392905149167
catboost,ml,STORE0009,SKU0091,233.0014286535502,16.6429591895393,14,302.0,0.221673868286789,0.2497464356728194,4.781822015900736,5.162709913999386,-0.0615951798157503
catboost,ml,STORE0007,SKU0026,1097.867303057635,78.41909307554535,14,1113.0,0.2198476668050748,0.2900797206093372,17.47788951100345,24.22610806103165,0.0370888009720879
catboost,ml,STORE0009,SKU0020,661.5043180362534,47.25030843116095,14,639.0,0.2197978011074101,0.4133350559474445,10.032199636259646,13.40083476522412,0.0388404510344313
catboost,ml,STORE0010,SKU0018,1132.2977997471728,80.8784142676552,14,1117.0,0.2193279551810694,0.2583603534970433,17.499237566946753,21.456446655547182,0.0295447259685216
catboost,ml,STORE0002,SKU0002,843.803022393328,60.27164445666629,14,862.0,0.2192537399727975,0.2197124205337339,13.499765989753676,15.47842323509406,-0.0911965931788168
catboost,ml,STORE0006,SKU0075,561.1144862204997,40.07960615860712,14,592.0,0.2190538217180661,0.2301529553527952,9.26284731836394,10.613809270355558,-0.0994625788086246
catboost,ml,STORE0002,SKU0020,606.3297328328327,43.309266630916625,14,645.0,0.2186017331778844,0.2042331893242091,10.071294135695387,12.553385091396391,-0.1387963017110001
catboost,ml,STORE0001,SKU0023,1099.8057562449724,78.55755401749802,14,1189.0,0.2185046074591709,0.3230290638371129,18.55728416206816,25.751534191639955,0.0247044209377599
catboost,ml,STORE0004,SKU0090,300.3601517376619,21.454296552690135,14,284.0,0.2183343072513365,0.2675750289155392,4.4290673756699706,5.828314920068465,0.144262460626696
catboost,ml,STORE0003,SKU0039,206.77944338972048,14.769960242122892,14,191.0,0.2180683102442519,0.3525433917326128,2.9750748040465806,3.985014401158129,0.0282702285461238
catboost,ml,STORE0008,SKU0099,1361.1090875605278,97.22207768289483,14,1683.0,0.2179292684178558,0.2552885477216343,26.19821133908939,31.155331135828884,-0.0452508045915657
catboost,ml,STORE0004,SKU0102,1470.2340715174898,105.01671939410642,14,1893.0,0.217778528796751,0.2990781055580508,29.446768215160688,36.88301320425866,0.0921393831333851
catboost,ml,STORE0008,SKU0046,1378.9102044719934,98.49358603371381,14,1773.0,0.2177545885795693,0.274076583401016,27.57706325368403,36.22183226581715,-0.0852528437701897
catboost,ml,STORE0004,SKU0079,1229.3623447087327,87.81159605062376,14,1285.0,0.2177064786924402,0.2388802041095641,19.982344651413268,25.33523484126379,-0.0100540089559636
catboost,ml,STORE0005,SKU0051,1178.8664648554584,84.2047474896756,14,1281.0,0.2176640706696269,0.2111144035217494,19.91626246627087,23.264462621082487,-0.1649957114839349
catboost,ml,STORE0003,SKU0024,644.5789455920641,46.04135325657601,14,659.0,0.217297273640376,0.2360924551011818,10.228493094929126,12.537600902734688,-0.0006590811874072
catboost,ml,STORE0005,SKU0043,765.7345228010777,54.69532305721983,14,925.0,0.2170782435395275,0.2268145176883991,14.342669662433067,18.308148107422333,-0.0816686048336366
catboost,ml,STORE0009,SKU0086,119.08398029540324,8.505998592528803,14,145.0,0.2169626446593317,0.2432569769049444,2.247113105400221,2.907078332200724,-0.0029510010695561
catboost,ml,STORE0009,SKU0060,799.1906241961611,57.08504458544008,14,817.0,0.2168808827354605,0.2432296899986003,12.656548656776518,14.605404620138389,-0.0191232807493476
catboost,ml,STORE0005,SKU0048,1057.6849349737736,75.54892392669811,14,1173.0,0.2168533976597449,0.2772695780418952,18.169216818205776,21.49739215727221,0.062131861605314
catboost,ml,STORE0006,SKU0007,436.1738029945443,31.15527164246745,14,453.0,0.216713926347716,0.3077233884459441,7.012243473965384,8.78219188582338,-0.0154069758423616
catboost,ml,STORE0007,SKU0032,826.7097304278861,59.0506950305633,14,940.0,0.2163194079188268,0.1910215116190277,14.524303103121229,28.10862205929136,-0.0485455620470989
catboost,ml,STORE0013,SKU0027,939.4988238985088,67.10705884989349,14,1226.0,0.2161006694089566,0.2561934606094143,18.924244335384344,27.00659192489546,0.0053716820414876
catboost,ml,STORE0004,SKU0045,1034.2235787639208,73.87311276885148,14,1259.0,0.2151846580496871,0.3009750123030085,19.351248891754008,22.186838422042864,0.0982036405450911
catboost,ml,STORE0003,SKU0037,1254.5650788092669,89.61179134351906,14,1223.0,0.2151075917252096,0.2600051769277253,18.791184619995104,21.925249741370408,0.0226501630428147
catboost,ml,STORE0002,SKU0010,391.86074524326165,27.990053231661545,14,377.0,0.2149065896364132,0.3542463004362724,5.787127449494841,9.780058111556642,0.1014690691210516
catboost,ml,STORE0008,SKU0087,497.89636527321704,35.564026090944076,14,544.0,0.2149005238994286,0.2193709449540311,8.35042035723494,10.129562799442969,-0.093044525614574
catboost,ml,STORE0006,SKU0092,1346.110323871024,96.15073741935886,14,1299.0,0.2148981978282408,0.1568810855064457,19.939482784206056,31.67872343748488,0.0799663551873764
catboost,ml,STORE0004,SKU0023,1079.5562179404747,77.11115842431961,14,1222.0,0.2146459215792887,0.30382780878524,18.73552258356363,22.74882807745077,0.0221743645717461
catboost,ml,STORE0012,SKU0006,1307.5768797194864,93.39834855139189,14,1388.0,0.2143906735549272,0.3616641709082107,21.255303921017067,30.081803723971223,0.1356423012420615
catboost,ml,STORE0011,SKU0003,317.5382524572129,22.681303746943776,14,339.0,0.2142185886206855,0.2440525974516826,5.187150110172316,6.156520455448817,-0.0457157410341019
catboost,ml,STORE0007,SKU0099,1070.0384522352524,76.43131801680374,14,1133.0,0.2140748141057986,0.2614963728806206,17.32476888441927,20.73994367228647,0.1077011588291674
catboost,ml,STORE0006,SKU0087,407.81112645319905,29.129366175228505,14,391.0,0.2140287972816779,0.3400747158006898,5.977518552652578,8.370609871446966,0.0361368840393008
catboost,ml,STORE0009,SKU0037,1333.7256171332735,95.26611550951954,14,1292.0,0.2137867892122718,0.3141423981691505,19.72946654730394,25.259629717418253,0.0827910989804257
catboost,ml,STORE0012,SKU0094,812.2170558726192,58.01550399090137,14,813.0,0.2137019016361323,0.2577637684960821,12.409974716441113,14.93055614041263,0.0010503766017928
catboost,ml,STORE0004,SKU0049,752.8107323977595,53.772195171268535,14,781.0,0.2134186548347218,0.2161477000169163,11.905712101851268,14.525905404376257,-0.0273354725171535
catboost,ml,STORE0009,SKU0013,1202.0110102931737,85.85792930665527,14,1701.0,0.2132343476628802,0.253533893543326,25.90797324103995,34.309971044952306,-0.0569079033536392
catboost,ml,STORE0012,SKU0048,936.1637907076563,66.86884219340402,14,1115.0,0.2131773480183535,0.2296694832143987,16.978053074318872,22.952764587656425,-0.1301274709979346
catboost,ml,STORE0003,SKU0061,1090.1083222948362,77.86488016391687,14,1121.0,0.2130385922698645,0.1998570992533899,17.058304423894157,24.93904129175141,-0.0720805309517518
catboost,ml,STORE0001,SKU0039,268.6768842490459,19.191206017788993,14,303.0,0.2128359849690207,0.2027874374946222,4.606378817543805,6.025259339230206,-0.0955108778109645
catboost,ml,STORE0001,SKU0097,1039.290479193011,74.23503422807221,14,1117.0,0.2124455571837348,0.2144194232370994,16.950120526730842,20.438014524158252,-0.0552706568998039
catboost,ml,STORE0008,SKU0027,1690.075512220238,120.71967944430271,14,2431.0,0.2119458690066357,0.2648781247624557,36.80288625393796,46.05457087268176,-0.0959217884531527
catboost,ml,STORE0008,SKU0064,1335.9078040851819,95.42198600608442,14,1430.0,0.2112882547201106,0.2194754713350912,21.58158601783987,24.380166573932588,-0.0079773301222953
catboost,ml,STORE0008,SKU0094,1059.4454650915504,75.67467607796789,14,1177.0,0.2112206992671032,0.1918468857260826,17.757625931241467,22.81670085918152,-0.1387454632390847
catboost,ml,STORE0013,SKU0008,194.42784303318456,13.887703073798898,14,179.0,0.2110688200833306,0.2903441315268554,2.698665628208299,3.316478321723173,0.07426414941797
catboost,ml,STORE0010,SKU0004,1354.519208989493,96.75137207067807,14,1388.0,0.2108876841792699,0.2566825951056455,20.908007545773337,25.757992421249497,-0.0382792865021994
catboost,ml,STORE0002,SKU0030,640.5530161308641,45.753786866490294,14,632.0,0.2107445526320502,0.2228436835576823,9.51361123310398,11.854440905897578,-0.0422704509020774
catboost,ml,STORE0006,SKU0029,506.61943628749884,36.187102591964205,14,550.0,0.2105725185096138,0.2396047740632676,8.27249179859197,9.374177204580706,0.0055638574949855
catboost,ml,STORE0001,SKU0029,587.3995774764335,41.95711267688811,14,595.0,0.2105117273208053,0.2527661626879466,8.946748411134225,10.808669722600287,0.0488094888512603
catboost,ml,STORE0003,SKU0064,1008.9342226303105,72.06673018787932,14,987.0,0.2104919569994578,0.2822262978507495,14.839682968461776,18.620572005229526,0.0880180178862011
catboost,ml,STORE0010,SKU0081,946.2832645340761,67.591661752434,14,1047.0,0.2104171874946147,0.1978032800397411,15.736199664775828,20.137866780909807,-0.1575758083569524
catboost,ml,STORE0004,SKU0007,438.11449888914797,31.293892777796284,14,466.0,0.2103755944004505,0.2182025306267053,7.002501927900712,8.257927101422698,-0.090007888906468
catboost,ml,STORE0002,SKU0037,1238.6977886248274,88.47841347320195,14,1200.0,0.2103185847314794,0.2156120848733207,18.02730726269824,22.521550762697103,-0.0135687078179939
catboost,ml,STORE0004,SKU0057,1319.289718026503,94.23497985903592,14,1483.0,0.210032477634347,0.2166155806426947,22.24844030940976,29.126656934603773,-0.1292663123601299
catboost,ml,STORE0005,SKU0096,1454.7686895626618,103.91204925447585,14,1530.0,0.2098995378323404,0.2708433406404411,22.939020920248627,27.238925542865484,-0.0369140996536031
catboost,ml,STORE0013,SKU0065,465.78614651433054,33.2704390367379,14,548.0,0.2095554741502377,0.2218675954967479,8.202599988166451,11.12081090123384,-0.0702700145029336
catboost,ml,STORE0011,SKU0040,384.145189813696,27.438942129549712,14,548.0,0.2094204571253572,0.2285430409915751,8.1973150360497,10.260257226583388,0.0239375877487207
catboost,ml,STORE0005,SKU0094,988.3405482870915,70.59575344907796,14,1048.0,0.2094108863593039,0.2565902744730786,15.675900636039326,20.601662843163663,-0.0497172288028568
catboost,ml,STORE0006,SKU0100,1309.8373197873607,93.55980855624004,14,1293.0,0.2092883879938404,0.2395426660513449,19.329277548288267,24.01935871912109,0.0996841420048613
catboost,ml,STORE0008,SKU0033,1541.8725653803733,110.13375467002666,14,1750.0,0.2088876307361993,0.2075238059805255,26.11095384202492,31.91796002378167,-0.0561756962438597
catboost,ml,STORE0008,SKU0100,1318.9313361751695,94.20938115536924,14,1462.0,0.2088122258689111,0.2099282142779984,21.805962444310577,23.64108494909066,-0.1041240954730443
catboost,ml,STORE0008,SKU0072,559.7840606836797,39.984575763119985,14,583.0,0.2085647469717086,0.2550398604644485,8.685231963179008,11.063987074222734,-0.0154824035583486
catboost,ml,STORE0008,SKU0045,1113.4112757743228,79.52937684102305,14,1369.0,0.2083084119200932,0.2151102513459116,20.369586851329117,24.79840377624053,0.0184881736802736
catboost,ml,STORE0004,SKU0002,1024.9532382735854,73.21094559097038,14,1095.0,0.2082830417339945,0.2060775511698648,16.290709335623145,19.470018685996468,-0.0620960050614016
catboost,ml,STORE0005,SKU0068,589.2967499278723,42.092624994848016,14,689.0,0.2080504314162462,0.2134258848581874,10.239053374699546,11.788358459981374,0.0045781932561841
catboost,ml,STORE0008,SKU0002,1012.4407120525366,72.31719371803833,14,1009.0,0.2075074590352636,0.2280730231004463,14.955359011898643,16.87749867928267,-0.0049676918133911
catboost,ml,STORE0003,SKU0068,452.46220703866743,32.31872907419053,14,530.0,0.2070351653339605,0.2268638094820311,7.837759830499935,9.746329525555655,-0.103796187566151
catboost,ml,STORE0010,SKU0051,920.2362988798667,65.73116420570476,14,907.0,0.2070214097085324,0.3803078890493137,13.412029900402777,18.710929584503628,0.0070625000880135
catboost,ml,STORE0002,SKU0046,1208.4539764556043,86.31814117540031,14,1470.0,0.2069133409664286,0.1992833770127193,21.725900801475007,30.77609822053805,-0.139972256155145
catboost,ml,STORE0009,SKU0011,268.1076582238018,19.150547015985843,14,293.0,0.2068468137217189,0.3685657536787799,4.329008315747403,6.153250633061555,0.0517601716227271
catboost,ml,STORE0001,SKU0095,468.37990194220856,33.45570728158633,14,501.0,0.2066395967197311,0.2201849039415593,7.39474556832752,8.808600065871035,-0.0577304846678329
catboost,ml,STORE0004,SKU0047,1167.079722499761,83.36283732141149,14,1200.0,0.2062800851466557,0.3114815507752308,17.681150155427634,26.52596160569824,0.040438734381359
catboost,ml,STORE0001,SKU0050,262.92807129387387,18.78057652099099,14,267.0,0.2057563805653081,0.2175355507428474,3.924068115066948,4.637195102361547,-0.0172336461658129
catboost,ml,STORE0002,SKU0014,697.8745486924627,49.84818204946162,14,713.0,0.2055132922937324,0.2025031451755822,10.466498386102232,13.31227532776701,-0.0692593126740355
catboost,ml,STORE0011,SKU0009,894.8750000463572,63.91964286045408,14,904.0,0.2054770693310123,0.3273122541876218,13.26794790537394,17.247286681618316,0.0015788742288528
catboost,ml,STORE0004,SKU0012,687.8792402301679,49.13423144501199,14,1052.0,0.20540084282528,0.2113744632715189,15.434406189442472,21.311386043587746,-0.06281715128943
catboost,ml,STORE0001,SKU0076,429.7079065762493,30.69342189830352,14,455.0,0.205337433658587,0.2031519881595032,6.673466593904079,7.841195474063961,-0.072793634385356
catboost,ml,STORE0001,SKU0080,1123.7841906108442,80.27029932934602,14,1224.0,0.2051533379550265,0.201235555065754,17.936263261210893,22.39667754895837,0.0219760149694895
catboost,ml,STORE0003,SKU0077,599.9758489497237,42.855417782123126,14,729.0,0.2040949283352668,0.227969223619415,10.627514482600676,12.20220136601893,0.0160889336498605
catboost,ml,STORE0004,SKU0055,223.73417209538525,15.981012292527518,14,228.0,0.2038876927059885,0.2244250713959243,3.3204567097832416,3.9858828154504695,-0.0378867967469281
catboost,ml,STORE0004,SKU0093,1229.3014135692729,87.80724382637663,14,1345.0,0.2038830846373817,0.1806801225031982,19.587339202662747,25.85688306568037,-0.1491992646995986
catboost,ml,STORE0002,SKU0060,648.9231538426955,46.35165384590682,14,598.0,0.2036245282600139,0.279967913978103,8.697676278534884,10.724945952718436,0.1011691505241997
catboost,ml,STORE0004,SKU0024,964.8243577050273,68.9160255503591,14,1022.0,0.2029848202850287,0.199888727930087,14.817891880807096,17.11873485468437,-0.0940006436875224
catboost,ml,STORE0012,SKU0095,424.8113558354452,30.343668273960372,14,442.0,0.2028495609271221,0.1832669645279173,6.4042504235562845,9.111340044696922,-0.1059630074126384
catboost,ml,STORE0003,SKU0052,622.9171410295899,44.49408150211356,14,632.0,0.2026772363703905,0.2158119530672025,9.14942952757763,11.485209785529914,-0.0265086795019887
catboost,ml,STORE0012,SKU0007,372.6235756558414,26.615969689702958,14,380.0,0.2019682683309094,0.2095299665032462,5.481995854696113,7.774258725789945,-0.0296494327361968
catboost,ml,STORE0010,SKU0073,141.92368838378027,10.137406313127162,14,138.0,0.2018883666835549,0.2284845889197466,1.9900424715950416,2.366327585574873,-0.0048147631872948
catboost,ml,STORE0011,SKU0005,1233.2798541838324,88.09141815598802,14,1749.0,0.2018696652150136,0.1822750052173225,25.21928889007563,38.5485064951426,-0.1366872294689197
catboost,ml,STORE0005,SKU0021,893.4173027357649,63.81552162398321,14,911.0,0.2018502894868032,0.2026989800364338,13.134686694462692,15.537376411605075,-0.0506864481790335
catboost,ml,STORE0011,SKU0068,561.8903592926417,40.135025663760125,14,657.0,0.2018066208485708,0.2069322615759649,9.470496421250788,11.37888339488639,-0.0739040535232259
catboost,ml,STORE0009,SKU0087,401.70860330145103,28.69347166438936,14,419.0,0.2017943165137128,0.2090745728066973,6.039415615660407,7.138061648139299,-0.1098649048703718
catboost,ml,STORE0006,SKU0005,1138.894737163556,81.34962408311115,14,1530.0,0.2016800626967399,0.255589805943449,22.040749709000863,27.36027056046677,-0.0575243990917274
catboost,ml,STORE0001,SKU0098,630.4345605417845,45.0310400386989,14,731.0,0.2014850287936401,0.2039437013279737,10.520396860582212,13.272318201123642,-0.1033281737970729
catboost,ml,STORE0008,SKU0098,606.665824489524,43.33327317782314,14,692.0,0.2014706248382487,0.2281841506939256,9.958405170576295,12.005569847473412,-0.0671196274183755
catboost,ml,STORE0005,SKU0040,319.65315312744804,22.832368080532003,14,431.0,0.2013526392045984,0.2788540396068862,6.198784821227279,8.174942937422072,0.0916623558747202
catboost,ml,STORE0013,SKU0090,167.2935793738671,11.949541383847649,14,173.0,0.2011488258406271,0.1876672151551088,2.4856247764591783,3.0357148696496927,-0.1469591195711451
catboost,ml,STORE0012,SKU0086,105.79298593173988,7.556641852267134,14,129.0,0.2007667394837853,0.2274830778674316,1.849922099529165,2.685976196208708,0.0587939472911269
catboost,ml,STORE0008,SKU0011,285.75288104866763,20.41092007490483,14,338.0,0.2004495422275314,0.1964043538831561,4.839424662350402,6.885291793207047,0.0348974393796818
catboost,ml,STORE0012,SKU0065,727.8998964937159,51.992849749551134,14,842.0,0.199663881895758,3.6062850510883058,12.008356325444876,18.16997245899509,0.0382390800949649
catboost,ml,STORE0005,SKU0012,686.2802561806668,49.02001829861906,14,1056.0,0.1988708819874991,0.2711710910840635,15.00054652705708,18.77551330094309,-0.0438244362249828
catboost,ml,STORE0011,SKU0069,1090.0772226811298,77.86265876293784,14,1593.0,0.1988201323642966,0.1965022039153174,22.62289077545176,33.08506298892811,-0.1230178023399405
catboost,ml,STORE0010,SKU0030,662.7062378365038,47.33615984546456,14,637.0,0.1984511825616964,0.2667208842482697,9.029528806557186,11.273922850793928,0.0706555233374654
catboost,ml,STORE0007,SKU0100,946.8598150219707,67.63284393014077,14,955.0,0.1981921669673415,0.2400013119032321,13.519537103843655,18.73471772983744,-0.0038364915472418
catboost,ml,STORE0002,SKU0102,1170.2180707960017,83.58700505685727,14,1430.0,0.1971720181197321,0.2653121243731067,20.139713279372643,28.84169369143616,-0.0165516163081763
catboost,ml,STORE0003,SKU0033,1304.4039878168137,93.17171341548669,14,1350.0,0.1969771563558346,0.1770405369085465,18.99422579145548,26.798330974147643,-0.0981713776112393
catboost,ml,STORE0005,SKU0062,268.2349465108102,19.159639036486443,14,300.0,0.1969378606420031,0.2023230003200893,4.2200970137572105,5.734077800301185,-0.1294374022125579
catboost,ml,STORE0013,SKU0097,543.3911789366155,38.81365563832968,14,535.0,0.1968463250442557,0.2205755773619433,7.522341707048346,8.683461890622295,0.0346102367155224
catboost,ml,STORE0012,SKU0025,425.3723216574031,30.38373726124308,14,456.0,0.1966459734891963,0.1846595014102687,6.405040279362394,7.872740123673949,-0.062393310704342
catboost,ml,STORE0009,SKU0055,187.04373957136383,13.360267112240274,14,175.0,0.1964250339610509,0.3266464095824776,2.455312924513137,3.302592200958878,0.0812260679323339
catboost,ml,STORE0003,SKU0097,771.242385783282,55.088741841663,14,800.0,0.1960464712805855,0.20276739309793,11.202655501747744,14.785779299533225,-0.0043242874637929
catboost,ml,STORE0004,SKU0078,468.7538931989649,33.48242094278321,14,475.0,0.1958921708978087,0.2398971265869711,6.6463415126042245,8.410860477523165,0.0731315888122426
catboost,ml,STORE0001,SKU0100,1301.7042841673222,92.97887744052301,14,1251.0,0.1955868501011765,0.2325010781281991,17.477082105469414,22.473316264186824,0.0352299238448509
catboost,ml,STORE0013,SKU0034,1196.9288500936013,85.49491786382866,14,1377.0,0.1953998912518618,0.2148092147165481,19.21897501812956,22.82040852017905,-0.0040776677230674
catboost,ml,STORE0006,SKU0084,433.9555717087825,30.996826550627322,14,437.0,0.1953865190382772,0.2045790963869039,6.098850629980511,7.478144851765397,0.0400754588537689
catboost,ml,STORE0005,SKU0039,291.51949980958517,20.82282141497037,14,295.0,0.1953358140202759,0.2403572188577505,4.1160046525701,5.208800073656242,0.04055890595657
catboost,ml,STORE0011,SKU0088,379.9423000141125,27.138735715293752,14,400.0,0.1951308398778846,0.1837169014264329,5.575166853653846,8.18726122748908,-0.0620499336997753
catboost,ml,STORE0008,SKU0006,1563.6446113149357,111.6889008082097,14,1939.0,0.1950434865554656,0.4818313382119569,27.013522887931988,36.16095282302627,-0.0764376022224955
catboost,ml,STORE0005,SKU0011,312.7684512002564,22.34060365716117,14,366.0,0.194828713726896,0.2268645866532319,5.0933792302888525,6.084833589830138,-0.057577717884035
catboost,ml,STORE0005,SKU0050,261.0612121762947,18.64722944116391,14,257.0,0.1945609885217306,0.2409809613192666,3.5715838607203416,4.310476353833907,0.0149945932103124
catboost,ml,STORE0009,SKU0027,1448.4580048766527,103.46128606261804,14,1920.0,0.1942677984629368,0.2602718892163314,26.64244093205991,34.685551025923324,0.0335539123907282
catboost,ml,STORE0007,SKU0025,364.85739279414383,26.061242342438845,14,380.0,0.1942078321418025,0.2049911333566466,5.271355443848925,6.53921007630661,-0.0624392798843664
catboost,ml,STORE0011,SKU0046,1493.6508683281354,106.68934773772396,14,1787.0,0.1937205975254559,0.2583297045592314,24.72705055557069,30.83891091793338,-0.0300073986674511
catboost,ml,STORE0002,SKU0097,758.0395848361727,54.14568463115519,14,727.0,0.1936171015114613,0.2212793938326005,10.054259485630883,12.7494790894177,0.1404654525048484
catboost,ml,STORE0007,SKU0045,764.2340170284027,54.588144073457336,14,912.0,0.1927477486026218,0.273608487398299,12.55613905182794,15.706549364931648,0.061807829378212
catboost,ml,STORE0003,SKU0015,133.87754973379057,9.562682123842183,14,118.0,0.1926430209582017,0.2207769047813746,1.6237054623619862,2.0588825756058724,0.1111282064807636
catboost,ml,STORE0011,SKU0086,131.5917797052321,9.399412836088008,14,173.0,0.1925660467010108,0.2271864051971409,2.379566148519634,2.8779767823639752,-0.0272129358149575
catboost,ml,STORE0007,SKU0060,738.9324682093272,52.780890586380515,14,758.0,0.1921536145929355,0.2474480256306377,10.40374570438894,12.880870579556696,-0.0699197009416638
catboost,ml,STORE0005,SKU0007,458.72450455477815,32.76603603962701,14,492.0,0.1920070293280556,0.2190411957441147,6.74767560210024,8.39471369662573,-0.0867547381597271
catboost,ml,STORE0006,SKU0073,160.34060390727853,11.452900279091324,14,173.0,0.1920066255784001,0.1903762936877699,2.3726533017902303,2.7825503701086154,-0.0688542581449835
catboost,ml,STORE0004,SKU0034,2035.1288232299466,145.36634451642476,14,3135.0,0.1919334990962614,0.1967781065768861,42.97939426191283,55.30144859549984,-0.0823232021654203
catboost,ml,STORE0004,SKU0032,1151.703805660792,82.26455754719943,14,1320.0,0.1918878296864805,0.2239959349467306,18.092281084725304,22.56959895350441,-0.0065454766246508
catboost,ml,STORE0009,SKU0066,393.5994344360277,28.114245316859122,14,434.0,0.1914944568517033,0.1867844949014761,5.936328162402805,7.997598560801461,-0.0737533323780487
catboost,ml,STORE0003,SKU0006,1181.7588691138299,84.411347793845,14,1310.0,0.1914555229560475,0.2108534246078899,17.914766790887306,22.268006364458724,0.0063041250601737
catboost,ml,STORE0004,SKU0061,1384.3263866606665,98.88045619004761,14,1480.0,0.1913027749963745,0.1906214759340148,20.223436213902456,24.995290155514628,0.0020938592845218
catboost,ml,STORE0003,SKU0046,1143.2133720956163,81.65809800682973,14,1266.0,0.1911370212233715,0.217874551482069,17.284247776342024,26.77821784798733,0.0448120780395882
catboost,ml,STORE0003,SKU0010,388.45787945853954,27.74699138989568,14,419.0,0.1907345183263279,0.1939587271319245,5.708411655623672,6.593760048112991,-0.0842374181415005
catboost,ml,STORE0012,SKU0035,2048.13027648178,146.2950197486986,14,2425.0,0.1906783770573998,0.1941157346748583,33.028218883156754,37.39765718041495,0.0221652992267266
catboost,ml,STORE0010,SKU0001,1315.3527070163977,93.95376478688556,14,1348.0,0.1906182110814057,0.2198993479951914,18.35381060983821,24.213287229116027,0.0878542684459755
catboost,ml,STORE0001,SKU0030,754.329537479208,53.88068124851486,14,738.0,0.1896979359677153,0.2073787917895569,9.999791196012422,11.34193882332483,0.1216360028221971
catboost,ml,STORE0006,SKU0052,902.017349596921,64.42981068549436,14,965.0,0.1892158083548354,0.1964948310821105,13.042375361601156,17.30453391299348,-0.0519286115964775
catboost,ml,STORE0011,SKU0054,1281.5846247329287,91.5417589094949,14,1640.0,0.1890866985890678,0.2162190898042827,22.15015612043366,27.48607718176686,-0.0361568115638146
catboost,ml,STORE0010,SKU0069,975.240951367292,69.66006795480658,14,1248.0,0.1888464301078971,0.2859679890432908,16.834310341046827,23.313703737230785,0.0376863741686842
catboost,ml,STORE0007,SKU0081,764.9346843848823,54.638191741777305,14,810.0,0.1886720664340031,0.1759409240002592,10.916026700824466,14.454123080093298,-0.1237941455806356
catboost,ml,STORE0002,SKU0048,799.4314322018865,57.10224515727761,14,890.0,0.1881832654492346,0.1962728753166069,11.963079017844205,15.4562743653088,-0.0845053869760237
catboost,ml,STORE0012,SKU0032,1018.7460469374093,72.76757478124352,14,1098.0,0.1877418285170766,0.2172007289923037,14.724323407982151,17.98984176859601,0.0851746930479933
catboost,ml,STORE0005,SKU0102,1509.6380068722526,107.83128620516091,14,2057.0,0.1875581524543799,0.2122862941606484,27.557651399904252,33.188520887325296,-0.0465895568565394
catboost,ml,STORE0001,SKU0062,298.7798307394888,21.341416481392056,14,308.0,0.187202986941864,0.1774331228522645,4.118465712721009,4.903404898172465,-0.1357028502148232
catboost,ml,STORE0013,SKU0017,861.5914884672699,61.54224917623356,14,772.0,0.1868087995366266,0.7972327036884765,10.30117094587684,15.527126322371634,0.0618445028529331
catboost,ml,STORE0003,SKU0005,873.3840549213396,62.384575351524255,14,1159.0,0.1866503515010069,0.1924956733943704,15.451982670690509,17.954664208697398,-0.0710538680705555
catboost,ml,STORE0004,SKU0033,1499.0491894029321,107.07494210020944,14,1635.0,0.1866400082574806,0.1863796920517913,21.79688667864149,27.14382549755437,-0.0412327048600743
catboost,ml,STORE0011,SKU0101,237.51603920272544,16.965431371623247,14,290.0,0.186003987866117,0.1936791821277677,3.8529397486552814,4.950775418358271,-0.0053053825089218
catboost,ml,STORE0006,SKU0032,1162.9642724211901,83.06887660151358,14,1432.0,0.1856880950428887,0.17622823063343,18.99323943581548,23.88177239687392,-0.1226515681139547
catboost,ml,STORE0010,SKU0095,457.8772533798362,32.70551809855973,14,461.0,0.185642332165632,0.2947728138951997,6.112936794882597,8.160907668501933,-0.0056612627059176
catboost,ml,STORE0010,SKU0028,1585.193922273832,113.2281373052737,14,1787.0,0.1850749332895558,0.1786837576185038,23.623493270602584,29.971254411592803,-0.0730059416883425
catboost,ml,STORE0013,SKU0102,748.6052005605547,53.471800040039625,14,928.0,0.1850523980676756,0.1945771150272366,12.266330386200211,14.663758967675683,0.005918778885044
catboost,ml,STORE0001,SKU0008,419.9338029664177,29.99527164045841,14,422.0,0.1821684747640167,0.1754920346296135,5.491078310743933,7.051665606704457,-0.04851890205189
catboost,ml,STORE0006,SKU0009,866.7807092222375,61.912907801588396,14,920.0,0.1821513554240332,0.2001908255893569,11.969946213579323,16.806245336884515,-0.0770376197703533
catboost,ml,STORE0008,SKU0041,1320.9974487168693,94.35696062263352,14,1837.0,0.1814932243234321,0.1896775121696458,23.814503791581775,28.66572507777385,-0.046819294108436
catboost,ml,STORE0004,SKU0085,928.1172112784195,66.2940865198871,14,1270.0,0.1806580630950299,0.2189874356800833,16.388267152192,18.64627583557247,-0.0202916434492271
catboost,ml,STORE0008,SKU0042,258.9740521039116,18.49814657885083,14,281.0,0.1800571390951474,0.1917610480286604,3.61400400612403,4.448905854469399,-0.0340924444648551
catboost,ml,STORE0010,SKU0102,1288.4564022136678,92.03260015811914,14,1666.0,0.1793972011559022,0.1851016074658536,21.348266937552363,31.58476235990733,-0.0066783757579197
catboost,ml,STORE0007,SKU0011,227.73116919666194,16.266512085475853,14,253.0,0.1792020831520663,0.1997689900769297,3.2384376455337693,3.853211318318375,0.0025258459094542
catboost,ml,STORE0013,SKU0057,698.0014667347987,49.85724762391419,14,648.0,0.1783042338145159,0.2047383035657164,8.25293882227188,9.689197582524136,0.0913178676930198
catboost,ml,STORE0009,SKU0065,764.2986404642328,54.592760033159486,14,898.0,0.1782177552673029,0.1839207170769735,11.431396016431288,14.95940736585236,0.0959932625198592
catboost,ml,STORE0007,SKU0004,1047.381283126815,74.81294879477251,14,991.0,0.1780493625357415,0.2433145042887267,12.603351305208562,17.10245904780323,0.054891024728321
catboost,ml,STORE0012,SKU0002,931.4661937742303,66.53329955530216,14,1021.0,0.1778051743648677,0.1797710668736537,12.967077359037855,18.03261203622177,-0.0872909906297292
catboost,ml,STORE0007,SKU0072,388.5664039634288,27.754743140244916,14,375.0,0.1776105744198301,0.2195774291721858,4.757426100531164,6.492168269839893,0.0665247355118884
catboost,ml,STORE0002,SKU0058,1084.691984287582,77.47799887768443,14,1066.0,0.1775929244037776,0.2359831761576479,13.522432672459072,19.92951178694405,-0.0037298229781807
catboost,ml,STORE0005,SKU0027,1714.7533179912928,122.48237985652091,14,2564.0,0.1774892318364483,0.1837879584430271,32.5058850306181,42.31427755870845,-0.0839296112764899
catboost,ml,STORE0013,SKU0096,771.9415463939088,55.1386818852792,14,753.0,0.1774593551889978,0.2094391574710067,9.544778175522524,11.076826569539293,0.0162973140365492
catboost,ml,STORE0008,SKU0020,844.7431030625518,60.338793075896554,14,909.0,0.1770836520573768,0.1731239783442986,11.49778855143968,14.239429668478069,-0.1114448057099717
catboost,ml,STORE0007,SKU0075,390.3701884889127,27.88358489206519,14,417.0,0.1769540468798266,0.1774676637309385,5.270702682063407,5.959867863382489,-0.0980049377234855
catboost,ml,STORE0005,SKU0014,813.2068520093164,58.086203714951175,14,832.0,0.1763843393373285,0.1987055103142075,10.482269309189808,12.598769200747263,0.0461302684430256
catboost,ml,STORE0003,SKU0007,327.62582383858404,23.40184455989886,14,352.0,0.1762389233015562,0.1581234617315965,4.431150071581986,6.3783214426735,-0.1153907047613515
catboost,ml,STORE0004,SKU0009,901.2430759353844,64.37450542395602,14,911.0,0.1761110096812889,0.1962311640883788,11.459794987118162,13.848628030315478,0.0299456794838362
catboost,ml,STORE0011,SKU0087,452.89352197178385,32.349537283698844,14,463.0,0.1758092901778286,0.2277997992938912,5.814264382309619,7.319504370816926,0.0259634799402727
catboost,ml,STORE0004,SKU0062,271.3388136275232,19.38134383053737,14,293.0,0.1753564093101284,0.1646635969621427,3.66995913770483,4.5419782380780696,-0.077605390905909
catboost,ml,STORE0007,SKU0062,202.14022910693814,14.438587793352724,14,196.0,0.175232309413655,0.208716508385525,2.4532523317911705,3.155768341543346,0.0344234673213266
catboost,ml,STORE0004,SKU0040,374.2695962004837,26.733542585748836,14,515.0,0.1746358459419298,0.3518221482493197,6.424104332863848,8.066191421666133,0.033061505317938
catboost,ml,STORE0012,SKU0061,1225.3248861586385,87.52320615418846,14,1301.0,0.1745993604281791,0.1644372974576396,16.225269136932933,21.63399917556714,-0.0825522269954062
catboost,ml,STORE0005,SKU0064,1373.5599342063592,98.1114238718828,14,1440.0,0.1740870276127812,0.1921665912844083,17.906094268743207,23.587689867968898,-0.0413246523182433
catboost,ml,STORE0003,SKU0100,1021.8104017694277,72.98645726924484,14,1105.0,0.1739428527314972,0.1703089060200039,13.729060876307464,16.08215686192767,-0.1102209318817857
catboost,ml,STORE0007,SKU0023,856.1774835764005,61.15553454117146,14,1017.0,0.1739292087537514,0.1640983768958043,12.63471466446894,16.77741327772931,-0.1076406061007354
catboost,ml,STORE0008,SKU0013,1286.2333419869394,91.87381014192424,14,1894.0,0.1734507490686531,0.2131760526511247,23.465408481144937,38.28022840755249,0.0089989863664868
catboost,ml,STORE0003,SKU0012,511.041270429981,36.50294788785579,14,762.0,0.1725791177853185,0.1610555123575058,9.393234839458056,12.550879250024073,-0.1500579065403389
catboost,ml,STORE0006,SKU0045,1088.8750386181025,77.7767884727216,14,1420.0,0.1721749905586558,0.1832114083733875,17.46346332809224,22.614365925174297,-0.0634291865687794
catboost,ml,STORE0011,SKU0078,460.1125025533209,32.865178753808635,14,447.0,0.1717348652097721,0.199131497616041,5.483248910626297,6.425756116041252,0.0855708414987129
catboost,ml,STORE0003,SKU0073,121.62666828174656,8.687619162981898,14,120.0,0.1691912795072322,0.1661090188692881,1.4502109672048478,2.0604946414341923,-0.0551768355008238
catboost,ml,STORE0013,SKU0009,425.79519088475683,30.41394220605406,14,401.0,0.1691489619914188,0.1832552962480397,4.844909554182784,6.384483785223597,0.0445529692467987
catboost,ml,STORE0011,SKU0036,671.8697667804358,47.99069762717399,14,745.0,0.1690147344674163,0.2258644136613798,8.993998369873228,11.722599835685598,0.0101714672105213
catboost,ml,STORE0006,SKU0041,1309.6044185182664,93.54317275130474,14,1818.0,0.1686692875986817,0.1819259980129742,21.90291177531452,25.57507051425731,-0.0399093105846955
catboost,ml,STORE0009,SKU0097,958.1412971826435,68.43866408447454,14,932.0,0.1686230507889133,0.1733681605709671,11.22547738109052,13.904255827004905,0.087196368533077
catboost,ml,STORE0003,SKU0049,518.8773615007095,37.06266867862211,14,525.0,0.1680641652793192,0.1923570534606775,6.30240619797447,7.672246407461883,-0.0573000914607965
catboost,ml,STORE0010,SKU0025,403.21416466107377,28.80101176150527,14,401.0,0.1675217434686831,0.2059137602411022,4.798301366495851,6.483665907933715,0.0921492719925207
catboost,ml,STORE0009,SKU0052,778.6899701762724,55.620712155448025,14,809.0,0.1667580538659634,0.1570393640865094,9.636233255540317,12.207278972344984,-0.0825495865384952
catboost,ml,STORE0005,SKU0098,658.9992728249015,47.07137663035011,14,711.0,0.1667005689241672,0.20197588740298,8.466007464648778,12.498325647174289,0.0446142134060634
catboost,ml,STORE0012,SKU0075,487.3563164974137,34.811165464100974,14,499.0,0.1665187440620725,0.1797384452853669,5.935203806212442,7.724581617631875,-0.050823312864124
catboost,ml,STORE0010,SKU0086,106.28972748439136,7.59212339174224,14,146.0,0.1662983215631543,0.1531524967357231,1.734253924872895,2.352698368152333,-0.1171729759962856
catboost,ml,STORE0003,SKU0087,323.0641493242783,23.076010666019876,14,310.0,0.1658288870789239,0.3211727965928432,3.6719253567476016,5.413480292355891,-0.0293096330398971
catboost,ml,STORE0003,SKU0062,200.6280396176784,14.330574258405601,14,199.0,0.1651316428275535,0.1640882757309095,2.347228351620225,3.0407637229161306,-0.0042685954805212
catboost,ml,STORE0003,SKU0001,1144.2494569584917,81.7321040684637,14,1181.0,0.1644853307566817,0.1756213726504329,13.875512544545796,16.008756656585675,0.0346193642555832
catboost,ml,STORE0006,SKU0013,1322.1545654333725,94.43961181666945,14,1958.0,0.1639388788384212,0.1533178667474397,22.92802319754491,31.93582805389747,-0.0285413468220275
catboost,ml,STORE0012,SKU0098,482.8981447688949,34.492724626349634,14,579.0,0.1637678516449416,0.1570778500645497,6.772970435887227,8.748516589592123,-0.0689162164635269
catboost,ml,STORE0004,SKU0096,1390.2453010097927,99.30323578641377,14,1579.0,0.1634497504765814,0.1478828564155997,18.434796857323004,28.11826701247412,-0.1317197974747302
catboost,ml,STORE0013,SKU0015,104.91556832110466,7.49396916579319,14,98.0,0.1632448438047243,0.1472275216404008,1.1427139066330707,1.6185570408826853,-0.1024070282060509
catboost,ml,STORE0008,SKU0078,507.9113782047666,36.27938415748333,14,541.0,0.1632225243573939,0.157234820148544,6.307384691239294,7.355070373903384,-0.0846206745781769
catboost,ml,STORE0002,SKU0054,923.1604397582304,65.94003141130217,14,1097.0,0.1628688587193078,0.1977065388972746,12.76193842964862,16.870440866407364,0.0529150713726721
catboost,ml,STORE0010,SKU0050,247.7361189307284,17.6954370664806,14,236.0,0.161616842690993,0.1541899732429792,2.7243982053624545,3.6905915211238938,-0.0197031257833518
catboost,ml,STORE0007,SKU0002,737.8848394886832,52.706059963477365,14,756.0,0.1612959217078885,0.1747902091406591,8.709979772225983,9.890732469226224,-0.0296045862450795
catboost,ml,STORE0006,SKU0067,548.2984757850662,39.16417684179044,14,557.0,0.1600023987273027,0.185270446057027,6.365809720793401,8.233995535362714,0.0258864457250795
catboost,ml,STORE0003,SKU0101,174.77244240238997,12.483745885884998,14,211.0,0.1556092226093532,0.155932842391959,2.345253283612396,2.875958631411744,-0.0816722222537853
catboost,ml,STORE0010,SKU0006,1281.6393673056295,91.54566909325925,14,1503.0,0.15512991734955,0.5830387346220115,16.65430469831241,27.78546362138166,0.0116517843662016
catboost,ml,STORE0010,SKU0055,206.49017498052666,14.749298212894761,14,213.0,0.1542637625523859,0.1557908468843937,2.347012958832729,2.6648870909725964,-0.1029425626745457
catboost,ml,STORE0001,SKU0056,343.2192588298397,24.51566134498855,14,420.0,0.1541193406916028,0.1754710802265913,4.623580220748084,6.23832076951194,-0.0005741829447354
catboost,ml,STORE0005,SKU0091,262.0337600475701,18.716697146255008,14,329.0,0.1540404150556381,0.144854542591247,3.619949753807496,4.3254930039916095,-0.0534668773220769
catboost,ml,STORE0008,SKU0066,434.7849603859578,31.056068598996983,14,465.0,0.1538724534030257,0.1644072053031958,5.110763630886213,6.463255383127981,0.0360292122609729
catboost,ml,STORE0011,SKU0004,1374.6393829361823,98.18852735258444,14,1501.0,0.1530867778539373,0.1434045852423204,16.41308953991142,22.14215168964448,-0.0894925189223542
catboost,ml,STORE0010,SKU0063,728.7886055136065,52.056328965257606,14,942.0,0.1530615205280339,0.172569884078175,10.298853738386288,13.974773281607105,-0.0412303796191227
catboost,ml,STORE0003,SKU0028,1306.5383930119935,93.3241709294281,14,1445.0,0.1527340961474555,0.146303120595535,15.76434063807666,19.18991636947209,-0.0932975334835271
catboost,ml,STORE0002,SKU0069,820.9042767225995,58.63601976589997,14,1055.0,0.1526714628326517,0.1610844067200497,11.504885234889112,18.54040819555566,0.0347735711162992
catboost,ml,STORE0006,SKU0060,922.6457164127796,65.90326545805569,14,986.0,0.1526657933407359,0.1490136501389464,10.752033730997548,12.880858449619732,-0.0700540064475674
catboost,ml,STORE0010,SKU0056,305.24856407133336,21.8034688622381,14,374.0,0.1512555292986105,0.1658821035739655,4.040683425548595,5.179216725333895,0.0110962279430163
catboost,ml,STORE0009,SKU0050,237.55603325201167,16.968288089429404,14,233.0,0.1510624821770491,0.1467773813366607,2.5141113105180315,2.9959556446221347,-0.0282046781902306
catboost,ml,STORE0002,SKU0027,1353.9395727246706,96.70996948033361,14,1812.0,0.1500225252529634,0.1730189390190183,19.41720112559784,23.61129428777124,-0.0534414641227439
catboost,ml,STORE0003,SKU0025,347.91333539971373,24.85095252855098,14,350.0,0.1488544240049271,0.1658928970811418,3.721360600123177,4.3834758223157175,0.0897653492842834
catboost,ml,STORE0009,SKU0008,363.06927844764016,25.933519889117154,14,367.0,0.1487965412660489,0.1641865737151758,3.900595046045711,5.069731831872657,-0.0403664470243267
catboost,ml,STORE0004,SKU0097,1078.1557867823758,77.01112762731256,14,1146.0,0.1457437623996149,0.1657292653625161,11.930167979282768,16.764793593441738,-0.0319012853022801
catboost,ml,STORE0012,SKU0044,1211.2425040590167,86.5173217185012,14,1271.0,0.1453882449019928,0.135170061012887,13.199175662173785,18.355896475631805,-0.0812476061522207
catboost,ml,STORE0012,SKU0033,1346.1032722156071,96.15023372968622,14,1467.0,0.1444460747169935,0.1413077482477286,15.135885114987824,18.32433001181529,-0.0674113665750352
catboost,ml,STORE0006,SKU0064,1401.5309545702353,100.10935389787394,14,1484.0,0.1425001810301542,0.1484853931077011,15.105019189196351,18.39391825146297,0.0367050904334205
catboost,ml,STORE0003,SKU0099,1109.4502268831882,79.24644477737058,14,1227.0,0.1424093659313192,0.135023715223363,12.48116371412348,16.08956986546296,-0.0182911582334882
catboost,ml,STORE0012,SKU0085,875.1752174751199,62.51251553393713,14,1133.0,0.1411778213228915,0.1638537192179037,11.425319397059724,15.36361574276034,0.0334066253151971
catboost,ml,STORE0008,SKU0083,1370.7776334648372,97.91268810463123,14,1555.0,0.1349266774368304,0.1209313389775451,14.9864988153051,19.643766241551912,-0.1012937566754988
catboost,ml,STORE0001,SKU0033,1598.4239690366073,114.17314064547195,14,1816.0,0.1325783497780329,0.1145015453299741,17.197305942636266,26.37527197007639,-0.0603466997888638
catboost,ml,STORE0010,SKU0090,261.08920162401773,18.649228687429837,14,267.0,0.1312186584360744,0.1228423606021532,2.502527271602277,3.293716147778063,-0.0779644289374527
catboost,ml,STORE0010,SKU0045,881.3868349277759,62.956202494841136,14,1099.0,0.1251864569804113,0.2304096470748229,9.827136872962294,14.6785243958814,0.0495003712863223
tide,darts,STORE0002,SKU0086,80.65747258864451,5.761248042046036,14,104.0,0.6717203087297078,1.1720887752790037,4.989922293420686,6.790112017781212,0.3535566087361855
tide,darts,STORE0005,SKU0086,118.7523954797578,8.482313962839843,14,135.0,0.6018089521148092,0.5485693896143414,5.80315775253566,8.21297254320607,0.3839111008637008
tide,darts,STORE0002,SKU0063,493.76030803962146,35.268593431401534,14,529.0,0.5602406102215771,0.9913870150670606,21.169091629086733,27.952367399238057,0.2951370284142885
tide,darts,STORE0013,SKU0071,229.9759319118729,16.426852279419492,14,195.0,0.5396908898871713,0.9028021002155374,7.517123109142743,8.372240228030112,0.2979491504575587
tide,darts,STORE0001,SKU0019,233.2671126319389,16.661936616567065,14,244.0,0.5326371917128787,0.571143731546967,9.2831053412816,12.367096138563529,0.2425055927229427
tide,darts,STORE0007,SKU0084,249.64796834836488,17.83199773916892,14,196.0,0.5293134231195671,1.3524348739277394,7.410387923673939,9.375994234498664,0.4267735896338363
tide,darts,STORE0007,SKU0101,152.14402587597561,10.867430419712544,14,165.0,0.5270359256198005,2.05764425215931,6.211494837661935,8.286261740979594,0.2862220058606847
tide,darts,STORE0010,SKU0098,532.8270664969349,38.05907617835249,14,456.0,0.5263025326039659,2.043953146800775,17.14242534767203,21.02235160088147,0.3120089239639994
tide,darts,STORE0009,SKU0069,985.4194215093128,70.38710153637949,14,1072.0,0.5211971783470905,0.639976029167781,39.90881251343435,51.82772130698999,0.2305709215442004
tide,darts,STORE0011,SKU0023,979.6012134596464,69.9715152471176,14,964.0,0.5180931995157254,1.051670229195912,35.67441745236852,46.53591632666805,0.2322168386219656
tide,darts,STORE0012,SKU0091,217.223946022566,15.515996144469,14,223.0,0.5082912279769591,0.6923794095296127,8.096353131347277,10.071693260537568,0.3586141747266545
tide,darts,STORE0013,SKU0086,58.704588508934194,4.1931848934952995,14,87.0,0.5051192093051913,0.5291245028579554,3.1389550863965456,3.5951031949808527,0.2064613056161464
tide,darts,STORE0008,SKU0043,600.8762965832367,42.919735470231196,14,765.0,0.5050139464225052,4.391787942780653,27.595404929515464,35.80231619122893,0.166654565167976
tide,darts,STORE0006,SKU0063,661.7894808283609,47.27067720202577,14,749.0,0.4990931725378,0.8803837066924594,26.7014847307723,35.03604014309903,0.1626726115180506
tide,darts,STORE0002,SKU0016,253.09827887266954,18.078448490904968,14,271.0,0.4923547704434384,1.9404620422071897,9.530581627869417,11.969225336467082,0.1877581402229005
tide,darts,STORE0006,SKU0095,460.6837359402857,32.905981138591834,14,373.0,0.4881775951019231,1.2889924539707156,13.006445926644094,15.70596689637038,0.2656498515213243
tide,darts,STORE0005,SKU0013,1246.8334031872685,89.0595287990906,14,1453.0,0.4859643646442435,2.0897872036719463,50.43615870200613,70.09814404137153,0.200721870626033
tide,darts,STORE0002,SKU0066,307.00780303077397,21.929128787912425,14,253.0,0.481160913757105,2.7711240404495525,8.695265084324827,11.141274057660429,0.3812249900634711
tide,darts,STORE0005,SKU0045,819.9106972847519,58.56504980605371,14,985.0,0.4766325108113591,0.7064545329838668,33.53450165351348,44.36140297437049,0.3485283247584596
tide,darts,STORE0003,SKU0060,618.5957313683431,44.18540938345308,14,634.0,0.4695441701969154,0.7772696358769794,21.263643136060317,24.499572682746688,0.0048981545111257
tide,darts,STORE0010,SKU0076,388.55029076475125,27.75359219748223,14,354.0,0.4694534429793396,1.7778766523764489,11.870465629620444,14.588680284487776,0.1919816630069005
tide,darts,STORE0007,SKU0080,811.2070468243585,57.94336048745418,14,717.0,0.4604211392525835,0.6942635008344862,23.580139774578743,31.534510865901844,0.2664513521759187
tide,darts,STORE0013,SKU0002,465.62785326045275,33.259132375746624,14,399.0,0.4586028293821781,0.994583613929101,13.070180637392076,15.661423620684513,0.2232764274999631
tide,darts,STORE0006,SKU0091,237.78301786515772,16.984501276082693,14,294.0,0.4574682110906983,0.60392017369457,9.606832432904666,12.29141141206819,0.0451385010702533
tide,darts,STORE0007,SKU0039,158.19483312802953,11.299630937716396,14,183.0,0.4531758522261845,1.7540241857429444,5.923655782670841,6.859165857907112,0.1247653127655718
tide,darts,STORE0009,SKU0016,312.47149039122297,22.319392170801642,14,347.0,0.4506466111080225,1.3686269958346948,11.169598146748845,14.59967447269134,0.0985824413394521
tide,darts,STORE0006,SKU0034,1927.070559210919,137.64789708649423,14,2432.0,0.4505500821548764,0.9557035170087133,78.26698570004712,94.26275004508312,0.0936528393001301
tide,darts,STORE0008,SKU0059,389.7494954234718,27.839249673105126,14,364.0,0.4482571596187667,0.4510107109593221,11.654686150087937,13.381928414054842,0.1667992916977025
tide,darts,STORE0008,SKU0029,441.15679606378717,31.51119971884194,14,460.0,0.447222946850533,1.2906210922533354,14.694468253660371,18.812013860409685,0.3109261906332645
tide,darts,STORE0002,SKU0023,736.448016934835,52.60342978105964,14,801.0,0.4471715758633109,0.679339110552867,25.58460230475086,34.71324785410382,0.1714288481322819
tide,darts,STORE0011,SKU0055,222.05364414863658,15.86097458204547,14,192.0,0.4443500897429755,0.7070999805048176,6.093944087903664,8.460447199608026,0.2256661789290457
tide,darts,STORE0011,SKU0098,582.348352196811,41.596310871200785,14,576.0,0.4434540024982781,1.9396171644557785,18.24496467421487,22.8032717806997,0.120875134469638
tide,darts,STORE0005,SKU0073,146.05865484235818,10.432761060168442,14,127.0,0.442440443731194,0.4835325973907798,4.013566882418689,5.535850341239753,0.2896109189733247
tide,darts,STORE0009,SKU0032,786.0993640263565,56.14995457331118,14,997.0,0.4413908989689148,1.942172831002993,31.43333759085772,47.07827213788077,0.0952193405750014
tide,darts,STORE0007,SKU0097,678.4775775398963,48.462684109992594,14,650.0,0.4408207376007241,4.8862556225090445,20.466677102890763,27.70198242348003,0.0536195615998682
tide,darts,STORE0008,SKU0047,980.2179068332366,70.01556477380261,14,1012.0,0.4392490587394386,0.5696343382215143,31.75143196030799,36.01968628703724,0.318444115061432
tide,darts,STORE0001,SKU0024,743.427972024004,53.10199800171457,14,665.0,0.4360921145357677,1.7879579903876426,20.71437544044897,26.03551950031093,0.2497348505363793
tide,darts,STORE0007,SKU0049,493.23973761058465,35.231409829327475,14,502.0,0.4351076336237685,0.5783443204430071,15.60171657708084,16.612983963874896,0.1443392292313495
tide,darts,STORE0004,SKU0076,439.860578057222,31.418612718373,14,386.0,0.4345392059789483,0.5854472357581486,11.980866679133864,13.59527085470671,0.2472010552711647
tide,darts,STORE0001,SKU0092,1364.3526207598766,97.45375862570548,14,1319.0,0.4336751309294696,0.6843492390879616,40.85839269256932,49.55222935228391,0.0779679216574287
tide,darts,STORE0007,SKU0061,952.2922883674261,68.02087774053044,14,794.0,0.429475378403892,1.0092017142538,24.357389318049304,31.207596995593843,0.3487556666799041
tide,darts,STORE0006,SKU0046,1248.9299679679293,89.20928342628066,14,1571.0,0.4286308578695605,0.6975504337982142,48.098505550934256,59.63636586848582,0.0992628989001726
tide,darts,STORE0001,SKU0020,719.1872389780254,51.37051706985896,14,665.0,0.4269841101939509,0.9447606861613874,20.281745234212668,23.91968367758083,0.1530802416602305
tide,darts,STORE0004,SKU0051,1035.7278506970672,73.98056076407623,14,970.0,0.4256247687821567,1.472986268482187,29.48971612276372,38.826075445650375,0.1822249157273039
tide,darts,STORE0011,SKU0035,2148.000261845548,153.42859013182485,14,2625.0,0.4230584938657196,0.7466742683403839,79.32346759982242,90.20393767725,-0.0634768362807622
tide,darts,STORE0005,SKU0084,348.4870831419528,24.891934510139485,14,296.0,0.4216812559454017,1.1856934097972114,8.915546554274206,11.448213754902817,0.2898031033612349
tide,darts,STORE0002,SKU0015,121.03370613667626,8.645264724048305,14,102.0,0.4204313545014731,1.1534875587797655,3.06314272565359,4.018176649147695,0.3215533832594011
tide,darts,STORE0007,SKU0043,441.8805397366121,31.562895695472292,14,512.0,0.4198470606976637,0.7426278212690324,15.354406791228843,22.28388317008804,0.255682838526528
tide,darts,STORE0011,SKU0039,223.3735231475128,15.955251653393772,14,264.0,0.4194341264819808,1.696311043255665,7.909329242231638,8.776258566590839,0.0801890179658138
tide,darts,STORE0009,SKU0099,1302.4638744146907,93.03313388676362,14,1318.0,0.4181937768241014,0.8886802079006112,39.36995698958327,46.39231929703743,0.1250011715264937
tide,darts,STORE0003,SKU0008,250.1479760614832,17.867712575820228,14,243.0,0.4155785644962865,0.6459728996564363,7.213256512328401,8.215010820936925,0.1229075684597212
tide,darts,STORE0010,SKU0100,1054.1966809711312,75.29976292650937,14,1076.0,0.4145567974810795,0.6831729084473547,31.86165100640297,37.90117095135032,-0.002894009319211
tide,darts,STORE0009,SKU0057,1096.0307492850827,78.28791066322019,14,986.0,0.4144486046029611,0.9611812345989692,29.189023152751407,37.79035406193373,0.2035034095655538
tide,darts,STORE0007,SKU0055,151.2091644239082,10.800654601707729,14,138.0,0.409394004535088,0.7142912941662055,4.035455187560154,4.883590801058093,0.2161469057054008
tide,darts,STORE0007,SKU0027,1206.2296148183088,86.15925820130778,14,1769.0,0.4080345178722177,1.288727510360577,51.55807586542522,62.09571781290246,-0.1196138350270635
tide,darts,STORE0007,SKU0066,321.629327822696,22.973523415906858,14,279.0,0.4075889706072338,0.7269090379486812,8.12266591424416,10.025140928324833,0.2887571196177995
tide,darts,STORE0013,SKU0006,726.357276463833,51.882662604559506,14,938.0,0.4058597428206474,0.5604585460062694,27.19260276898337,33.2988011699924,0.0052646872731763
tide,darts,STORE0009,SKU0019,200.67634655766818,14.334024754119156,14,230.0,0.4052921721921214,0.6713409888618684,6.658371400299138,7.452805548389625,0.1427670104976101
tide,darts,STORE0001,SKU0058,1366.1059590530688,97.57899707521919,14,1284.0,0.403424416812784,1.374011156423416,36.999782227686765,47.38615631240594,0.1566318753422048
tide,darts,STORE0003,SKU0019,171.5281481363067,12.252010581164765,14,186.0,0.4030253540417809,0.5019457793660517,5.354479703697948,7.510220123238494,0.2859636634505955
tide,darts,STORE0003,SKU0031,507.6317172678491,36.25940837627494,14,713.0,0.4029775285143563,0.4996115274830889,20.52306984505258,27.38641024479322,0.0207150307951266
tide,darts,STORE0003,SKU0050,179.72396503897457,12.83742607421247,14,170.0,0.4029436111891477,0.86121937676236,4.892886707296793,6.492455380594041,0.2417024496994025
tide,darts,STORE0009,SKU0058,1207.238876664701,86.23134833319293,14,1123.0,0.4020501171922623,2.726078280738676,32.25016297192219,40.47391002166285,0.0882061804907173
tide,darts,STORE0008,SKU0007,373.1196631179288,26.651404508423486,14,374.0,0.4000553948943286,2.34392768965547,10.687194120748492,12.787449153491512,0.1031470295085416
tide,darts,STORE0009,SKU0015,142.19573062561793,10.156837901829851,14,147.0,0.3989787250462398,1.138524298635166,4.189276612985518,4.936453576031023,0.0418552964506004
tide,darts,STORE0006,SKU0081,975.0460944714505,69.6461496051036,14,946.0,0.3971372063264995,0.5898700355600054,26.835128370347757,32.84602861149783,0.0956669891636942
tide,darts,STORE0002,SKU0038,907.0316955860258,64.7879782561447,14,1030.0,0.3962209961545567,0.696708858194534,29.150544717085243,34.29491886051272,0.1302536026788172
tide,darts,STORE0006,SKU0017,1476.1380711826896,105.4384336559064,14,1393.0,0.3941061499726256,1.6826412483295428,39.21356192227625,49.20282945291776,0.1950116664919164
tide,darts,STORE0003,SKU0086,87.85603276904548,6.275430912074677,14,117.0,0.3920367386646779,0.9588096692337574,3.276307030269094,4.532998630424999,0.1905881971186015
tide,darts,STORE0013,SKU0025,225.9714364282953,16.14081688773538,14,206.0,0.3898480029925921,0.7274429755269723,5.736334901176712,7.591933250536992,0.2615357763129672
tide,darts,STORE0001,SKU0016,362.03879657082365,25.859914040773116,14,404.0,0.3891675024023516,0.7462410881519723,11.230262212182147,13.268253907079574,0.0524214251079891
tide,darts,STORE0010,SKU0040,261.4461473964011,18.67472481402865,14,367.0,0.388774962309663,3.5131958210168177,10.191457940546169,15.462285401256404,0.2573171076394099
tide,darts,STORE0005,SKU0075,522.5161783790667,37.322584169933336,14,553.0,0.3886565624706903,0.3843202567767513,15.351934217592268,17.90204692398792,-0.0149825709344231
tide,darts,STORE0001,SKU0101,232.29230788533198,16.59230770609514,14,287.0,0.3872741514452714,0.5888179662948347,7.939120104628063,9.689769216719217,0.0267182960154959
tide,darts,STORE0001,SKU0043,579.0910577948863,41.36364698534902,14,718.0,0.3866482412718413,0.4672810902602972,19.829531230941573,30.33938110942442,0.2611402808643652
tide,darts,STORE0001,SKU0066,440.9649093231744,31.497493523083886,14,429.0,0.3864663196571044,0.889808708123902,11.842432223778417,13.984578861838806,0.1361337637204428
tide,darts,STORE0004,SKU0029,443.7094741765376,31.693533869752684,14,525.0,0.3862940457446521,1.6267582331153478,14.486026715424456,17.441169289310064,0.1756754954503928
tide,darts,STORE0002,SKU0062,194.03853137768078,13.85989509840577,14,188.0,0.3858287211444674,1.5196120820679475,5.181128541082848,6.562420539681556,0.0833640433117188
tide,darts,STORE0002,SKU0031,524.3520256929763,37.45371612092688,14,646.0,0.3854543152104549,1.227399634688497,17.78596340185385,22.16080373999772,0.1911367248182979
tide,darts,STORE0005,SKU0101,211.4297547114281,15.102125336530579,14,261.0,0.3853390561120331,1.157068856814764,7.183820974660046,9.032039947334257,0.0438053626155388
tide,darts,STORE0008,SKU0101,210.64603832382403,15.04614559455886,14,243.0,0.3852406056685609,0.8723600946437109,6.686676226961451,8.330127818433697,0.1453054104343822
tide,darts,STORE0005,SKU0019,234.8578347169242,16.77555962263744,14,248.0,0.3848073201446461,1.0091081512769076,6.816586813990874,11.29962292801022,0.2301696235582137
tide,darts,STORE0007,SKU0036,417.8784991401317,29.84846422429512,14,496.0,0.3843212852049825,0.8313792729611241,13.615954104405096,16.23621413522557,0.0432779574576649
tide,darts,STORE0002,SKU0099,984.9804390878433,70.35574564913166,14,1098.0,0.3841198048471385,0.9611572290472054,30.12596755158272,46.097821939831306,0.0369386080205658
tide,darts,STORE0008,SKU0035,2286.8931697027574,163.34951212162554,14,2593.0,0.3825177926908688,1.8530733888411703,70.84775974624449,84.04274071277945,0.0017041380465457
tide,darts,STORE0007,SKU0053,338.12505297950065,24.15178949853576,14,352.0,0.3818282401216691,1.4557197652318534,9.60025289448768,12.352283294390729,0.010152849608974
tide,darts,STORE0005,SKU0020,725.5792245295871,51.82708746639908,14,625.0,0.3803825403211491,0.5958911706434201,16.98136340719416,21.238835383123217,0.2518671162874136
tide,darts,STORE0006,SKU0098,575.2160782032203,41.08686272880145,14,581.0,0.3801575541689436,1.1440171210006167,15.776538498011162,19.374131012905053,0.0825208314122716
tide,darts,STORE0010,SKU0079,1081.8093088878438,77.27209349198884,14,989.0,0.3795388333846009,0.5245296376808696,26.81170758695502,29.23540510997868,0.1251832852294949
tide,darts,STORE0007,SKU0006,1069.9953848023388,76.42824177159562,14,1090.0,0.3790673262986244,0.4507709747610262,29.513098976107187,34.67167778245647,0.3157348434522006
tide,darts,STORE0011,SKU0100,1232.921506756902,88.0658219112073,14,1173.0,0.3790463341578176,0.4839712076608299,31.75866785479429,35.65261387540475,0.0911267405686995
tide,darts,STORE0009,SKU0023,881.0461218290523,62.931865844932304,14,991.0,0.3784873324025934,0.4294624224957485,26.791496172212145,33.43727038159502,0.0702770488708681
tide,darts,STORE0012,SKU0086,98.78410462817753,7.056007473441253,14,129.0,0.3783358521452179,0.413565483516302,3.486094637623794,5.140600086308578,0.2413931553195548
tide,darts,STORE0007,SKU0050,164.59711642266268,11.75693688733305,14,161.0,0.3779604625602469,0.504192470623691,4.34654531944284,5.160715214595189,0.2156940031305305
tide,darts,STORE0011,SKU0020,695.7840125577533,49.69885803983952,14,659.0,0.3778884637980138,0.8964367895013119,17.78774983163508,22.589422807762617,0.095895470472252
tide,darts,STORE0013,SKU0028,835.5808757085804,59.684348264898595,14,879.0,0.3770731442791567,6.083669745125714,23.674806701527054,31.11981702715216,0.1251160564899103
tide,darts,STORE0003,SKU0088,256.36153070527047,18.31153790751932,14,242.0,0.3754615293388083,0.9277877115176292,6.490120721427973,8.454914889972756,0.1326061187727068
tide,darts,STORE0001,SKU0065,855.3477709729357,61.09626935520969,14,1009.0,0.3749328462864003,0.760603039500519,27.02194585021271,37.25213314165944,0.0221942452316059
tide,darts,STORE0002,SKU0017,945.0684712255689,67.50489080182635,14,1063.0,0.3738700815746996,1.1693241406700423,28.387421193850408,36.82185164968605,-0.0677600815305839
tide,darts,STORE0005,SKU0060,942.3781512368342,67.3127250883453,14,923.0,0.3736644174811791,0.4911421756810568,24.63516123822345,29.55425086145182,0.0662955323318416
tide,darts,STORE0002,SKU0043,469.0616983822122,33.50440702730087,14,546.0,0.3735762332425293,0.4752380411172363,14.569473096458642,17.537296416321404,0.31138980348
tide,darts,STORE0008,SKU0031,776.108370633252,55.436312188089424,14,917.0,0.3726802049628971,0.8490951155442323,24.41055342506976,30.24961559433181,0.0961785136668656
tide,darts,STORE0008,SKU0051,1043.320620186485,74.52290144189179,14,1030.0,0.3724384196967359,1.3329393902699838,27.40082659197415,35.33601568689078,0.1016541985440978
tide,darts,STORE0002,SKU0087,302.3688687340799,21.597776338148567,14,272.0,0.371654910758826,0.6691857073888613,7.220723980457191,8.874965354106807,0.2003841970987083
tide,darts,STORE0004,SKU0068,583.0828028951734,41.64877163536953,14,562.0,0.3710327338129747,0.4622281526081532,14.894314028777984,19.51332827003811,0.2675382340658983
tide,darts,STORE0006,SKU0058,1313.6336857603433,93.83097755431024,14,1505.0,0.3704154211036891,0.3567557124943074,39.81965776864657,50.033488028681056,-0.1273036158262571
tide,darts,STORE0012,SKU0013,1068.6920352997263,76.33514537855187,14,1554.0,0.369620585235557,2.8742020043475587,41.027884961146825,47.44006240793493,-0.1055653223906418
tide,darts,STORE0010,SKU0017,1211.1138055419724,86.50812896728374,14,1321.0,0.3694343873822002,0.6393624411496415,34.858773266563325,49.6036911036121,-0.011651359374796
tide,darts,STORE0009,SKU0012,551.0551805499389,39.36108432499564,14,729.0,0.3690481574852578,1.0488719703325853,19.216864771910927,24.770928452808903,0.0987925395430742
tide,darts,STORE0009,SKU0082,752.2131439644027,53.72951028317162,14,680.0,0.3689881691554641,1.1944811022732655,17.92228250183683,22.887741269019248,0.1728059280713703
tide,darts,STORE0005,SKU0016,339.4544808150462,24.24674862964616,14,417.0,0.3679489490891936,0.4936168565438973,10.959622269299553,13.288077428441657,-0.0222804170328519
tide,darts,STORE0005,SKU0006,1545.6659851533584,110.40471322523989,14,2295.0,0.3675564763182098,0.3763838656198464,60.25300808216368,72.2828209346654,-0.1955302417472937
tide,darts,STORE0009,SKU0022,1201.7543114911189,85.83959367793706,14,1233.0,0.3671957147828754,0.8031103745067923,32.33945116623467,38.85784859902525,0.0447060721178006
tide,darts,STORE0012,SKU0062,218.2709521114246,15.590782293673186,14,192.0,0.3625890016875584,0.8084266526078182,4.972649166000801,6.437162165473263,0.2073510407625589
tide,darts,STORE0001,SKU0035,2309.9707075859315,164.9979076847094,14,3090.0,0.3622011251076944,0.6803472584572247,79.94296261305541,105.01818200507104,-0.1158991144299474
tide,darts,STORE0006,SKU0033,1502.6291393538793,107.33065281099138,14,1674.0,0.3611990508731006,0.6545284677838268,43.18908651154074,53.671703446708605,0.0435396545535678
tide,darts,STORE0011,SKU0043,622.107919079326,44.436279934237575,14,803.0,0.3609768680140414,0.8896980149975677,20.704601786805377,25.558038222555474,0.1134958228994176
tide,darts,STORE0012,SKU0053,425.5911577842179,30.39936841315842,14,428.0,0.3603298783544356,0.4565956325401497,11.015799138264171,12.167963530212678,0.0535925095326268
tide,darts,STORE0001,SKU0001,1464.2953493610987,104.5925249543642,14,1457.0,0.3600103416017884,0.573170742160251,37.466790550986126,44.45018875262213,0.1724834208867432
tide,darts,STORE0006,SKU0076,450.643153159123,32.188796654223076,14,378.0,0.3593670366652364,0.6603018234886705,9.702909989961384,13.273148075801892,0.2515719373732134
tide,darts,STORE0009,SKU0093,981.1893147258188,70.0849510518442,14,889.0,0.3592201286935214,0.5406219939148976,22.810478172038607,26.627648339807823,0.1136578111690565
tide,darts,STORE0006,SKU0071,460.7161500168392,32.90829642977423,14,423.0,0.3580429650008448,0.525043405449921,10.818012442525529,13.065513846387528,0.1423564996456714
tide,darts,STORE0002,SKU0101,160.77875542175843,11.484196815839889,14,200.0,0.3576389978173896,0.4246568193629159,5.109128540248423,5.699209033509194,0.0805615742956263
tide,darts,STORE0009,SKU0003,255.24103079658923,18.231502199756374,14,237.0,0.357052741314195,0.8896633225981455,6.044392835104588,7.845444849291608,0.2183319771773597
tide,darts,STORE0011,SKU0058,1271.9999920997416,90.85714229283869,14,1296.0,0.3562002692442512,0.7523965164916345,32.97396778146783,41.12934900244071,0.0446189656701933
tide,darts,STORE0002,SKU0026,1052.6249556069927,75.18749682907091,14,1008.0,0.3561437823790441,3.7772128351234993,25.642352331291185,35.346508769032184,0.2126629939026322
tide,darts,STORE0001,SKU0026,1514.4474255565433,108.17481611118167,14,1585.0,0.3558439829381651,0.5646860386403619,40.28662235407084,47.30640774301511,0.0754197042192874
tide,darts,STORE0012,SKU0001,1234.9880293777485,88.21343066983918,14,1615.0,0.3558053603044073,0.6494395394951861,41.0446897779727,50.33424913663315,-0.2176714423560068
tide,darts,STORE0003,SKU0048,710.5460317351248,50.75328798108034,14,898.0,0.3555531411416548,0.5125984806216601,22.806194338943293,31.770562481639036,-0.1040589332713449
tide,darts,STORE0002,SKU0039,151.61250570199527,10.829464692999663,14,173.0,0.3549473189159525,1.272913931843211,4.38613472660427,5.649608102374771,0.158302649975812
tide,darts,STORE0012,SKU0043,487.36676265840134,34.81191161845724,14,719.0,0.3540070682967788,0.3433714658747764,18.180791578956,21.866674937853794,-0.0422975752355339
tide,darts,STORE0002,SKU0078,341.5634749494353,24.39739106781681,14,287.0,0.352513757553318,0.5039016254193963,7.22653202984302,8.634082461158155,0.3009399331402655
tide,darts,STORE0010,SKU0089,582.6971865965315,41.62122761403797,14,507.0,0.3522555993379326,1.402835660656154,12.756684918880843,17.993096338197034,0.181582117583379
tide,darts,STORE0006,SKU0053,445.832348947968,31.845167781997713,14,441.0,0.3517340773294979,0.5869215101401063,11.079623435879183,14.332664140036549,0.0459614535781263
tide,darts,STORE0012,SKU0097,838.5096294547844,59.89354496105603,14,907.0,0.351418698249737,0.6850018411921851,22.766911379465103,26.58132865095892,-0.0485388131101228
tide,darts,STORE0002,SKU0090,221.83243551297775,15.845173965212696,14,207.0,0.3513247850002101,1.324241419530754,5.194587892503106,6.278419715035806,0.1267051388346737
tide,darts,STORE0005,SKU0041,995.922630007289,71.13733071480635,14,1350.0,0.3512763680814616,0.6208843414590685,33.87307835071237,49.65105710256074,0.1985900890799474
tide,darts,STORE0006,SKU0031,720.1454095816954,51.438957827263955,14,943.0,0.3511838653909141,0.4641584441171166,23.65474179025943,27.32231850836149,0.0874098197862229
tide,darts,STORE0009,SKU0010,405.1727821584337,28.94091301131669,14,379.0,0.351163157819976,0.6318503888708785,9.50648834384078,11.928505477016516,0.2368998094518426
tide,darts,STORE0012,SKU0022,1228.5839936757066,87.75599954826475,14,1162.0,0.3508776394473226,0.6266663389122449,29.122844074127777,35.899756185771714,0.0861833725100706
tide,darts,STORE0006,SKU0056,313.03920162913374,22.359942973509554,14,379.0,0.3507586864300172,1.1704387078058631,9.495538725498324,13.648536448299875,-0.0080489651645053
tide,darts,STORE0010,SKU0097,918.4149386930509,65.60106704950364,14,883.0,0.3503617011819935,0.8038830402897232,22.097813010264304,26.135352932226144,0.0900601558858122
tide,darts,STORE0001,SKU0051,934.405231784441,66.74323084174578,14,924.0,0.3492495727845126,0.968683678832562,23.050471803777832,27.470888704713875,0.1340021062937606
tide,darts,STORE0013,SKU0068,306.55199563072097,21.896571116480068,14,381.0,0.3491330584828199,0.3818090531969932,9.501406805853886,12.821296066050554,-0.1477145340263881
tide,darts,STORE0007,SKU0065,606.4401388287391,43.31715277348137,14,707.0,0.3486655992731632,0.3392813353277816,17.607612763294743,23.40919819893961,0.0743989281522036
tide,darts,STORE0007,SKU0034,1514.4616383623943,108.1758313115996,14,1854.0,0.3483959107158246,0.4446001371835666,46.13757274765277,57.926256553213264,0.0595387206424819
tide,darts,STORE0003,SKU0070,1035.8376104180375,73.98840074414554,14,996.0,0.3483010576233866,0.4061947065380208,24.77913238520665,30.97882849779871,0.0842928159403227
tide,darts,STORE0013,SKU0037,727.984701844256,51.99890727458972,14,839.0,0.3479992339212663,0.5114838828121661,20.855096947138744,25.959620198973187,0.1944534491001147
tide,darts,STORE0007,SKU0074,603.1974370539838,43.085531218141696,14,734.0,0.3476183821338093,0.6033047335173448,18.22513517758686,24.92895884144163,0.1769580524290585
tide,darts,STORE0004,SKU0048,905.3084264996788,64.66488760711992,14,1242.0,0.347598080903839,0.5647547973973707,30.836915463040576,40.00301859517148,-0.0623517799027966
tide,darts,STORE0011,SKU0026,1518.2531885737094,108.44665632669353,14,1462.0,0.3470579442051082,1.0491587112986491,36.24276531627631,47.09689816353199,0.135327752374798
tide,darts,STORE0004,SKU0014,846.5710434378828,60.46936024556306,14,812.0,0.3468114031962167,1.9468768404395715,20.115061385380567,26.34320699352523,0.1186880797608786
tide,darts,STORE0009,SKU0009,715.6357465112433,51.116839036517376,14,705.0,0.3463776911185325,1.224494741750468,17.442590874183246,23.13472597585517,0.1051107836218016
tide,darts,STORE0001,SKU0081,1014.2398335147399,72.44570239391,14,1013.0,0.3453714963689732,1.2760390685108862,24.990094701554987,31.94072958405562,0.0579352365884197
tide,darts,STORE0013,SKU0076,242.00892254808795,17.28635161057771,14,226.0,0.3452813433877655,0.7197725113915915,5.573827400402501,6.8980684133007095,0.0603654829638509
tide,darts,STORE0011,SKU0067,558.1951853336013,39.87108466668581,14,553.0,0.3449325382505165,0.6425028513277603,13.624835260895406,17.309235895770424,0.0734999020768949
tide,darts,STORE0010,SKU0034,1833.7804412847318,130.9843172346237,14,2551.0,0.3449161944839841,0.3803224546906901,62.84865800918881,90.01769468080698,-0.1386044693255999
tide,darts,STORE0006,SKU0054,1174.2347974760235,83.87391410543025,14,1880.0,0.3440380646454469,0.3389508341658456,46.199397252388586,54.36402834113002,-0.3038200730186953
tide,darts,STORE0003,SKU0096,941.0759704105935,67.21971217218525,14,947.0,0.3439981993232805,1.82272641408016,23.26902105422476,28.99868543951189,0.0569917789260688
tide,darts,STORE0002,SKU0084,288.5371775211276,20.60979839436626,14,259.0,0.3435123891480071,0.7092876240073671,6.354979199238131,8.322421228044409,0.1933752868332059
tide,darts,STORE0004,SKU0052,850.8008120751228,60.77148657679449,14,857.0,0.3430707735916113,0.4630118181378043,21.000832354857923,25.428151939289968,0.0661284486664591
tide,darts,STORE0009,SKU0062,235.98748889455157,16.856249206753684,14,252.0,0.3429312792759111,0.2681954697094542,6.1727630269664,7.88675636089559,-0.0616148896266742
tide,darts,STORE0005,SKU0023,1004.368628300065,71.7406163071475,14,1133.0,0.3422310464547153,0.5251516939801725,27.69626968808518,33.98405678357061,0.1263997389446672
tide,darts,STORE0009,SKU0002,847.5057642265162,60.53612601617973,14,848.0,0.3420035364805717,0.5232656524629478,20.71564278110892,25.49946094322664,0.0807277515184606
tide,darts,STORE0009,SKU0077,701.2791963299508,50.091371166425056,14,716.0,0.3418838814949168,0.6311981048852091,17.484918510740027,26.70806235624869,0.2323376672775823
tide,darts,STORE0007,SKU0048,678.1075974585076,48.43625696132197,14,761.0,0.3417934669328287,0.6821098549309237,18.578916309705903,23.4958353993385,0.0452486603516207
tide,darts,STORE0012,SKU0083,1131.6595474174305,80.83282481553076,14,1138.0,0.3415097709288044,2.519172368128075,27.75986566549853,35.741599501973,-0.0030180335693565
tide,darts,STORE0011,SKU0024,786.1143642854066,56.15102602038619,14,794.0,0.340770186248162,0.6361772788984826,19.326537705788617,24.8693875149195,0.0083363335053847
tide,darts,STORE0011,SKU0015,150.89230411446795,10.778021722461997,14,141.0,0.3405301720021068,1.25021021715604,3.4296253037355044,4.569879943735247,0.2359075729751076
tide,darts,STORE0001,SKU0063,737.3792019527608,52.66994299662577,14,904.0,0.3401117246457156,0.6359182837206291,21.96149993426621,30.011363551542107,0.0332026638109772
tide,darts,STORE0006,SKU0038,1373.9251440978876,98.13751029270625,14,1642.0,0.3386960752923357,0.4787044237717922,39.72421111642966,45.49886887596135,0.05307429291919
tide,darts,STORE0012,SKU0047,907.0314427363267,64.7879601954519,14,1060.0,0.3386398541738352,0.8364303509244226,25.63987467316181,32.13469625150657,-0.032389900115903
tide,darts,STORE0005,SKU0082,960.1731723563165,68.58379802545117,14,911.0,0.338410097932777,0.4120122930506983,22.02082851548285,25.16251373048565,0.1192437320665522
tide,darts,STORE0012,SKU0100,1063.430323818789,75.95930884419921,14,1159.0,0.3383815589101568,0.7594160039044641,28.01315905549084,33.148209163779974,-0.0849467304344483
tide,darts,STORE0006,SKU0019,232.1648222102773,16.58320158644838,14,307.0,0.3381749179805907,0.5357681545118402,7.415692844288668,9.513009507602852,-0.0338217098010162
tide,darts,STORE0010,SKU0020,618.7800079665355,44.19857199760968,14,601.0,0.3380438488912544,0.5775764890795414,14.51173951311742,18.88997599237349,0.1164651406104478
tide,darts,STORE0011,SKU0029,446.88993494227077,31.920709638733626,14,540.0,0.3379008944071467,0.6069228910606943,13.033320212847087,18.149944452399943,0.0575394982535186
tide,darts,STORE0011,SKU0086,128.8392631393557,9.202804509953978,14,173.0,0.3373127584078213,0.4127564606792346,4.168221943182363,5.019565358556493,0.0519178114719516
tide,darts,STORE0003,SKU0044,846.5691871741028,60.46922765529306,14,1028.0,0.3371870537132467,0.4470101285242432,24.75916365837269,28.83830385207652,-0.035163479311978
tide,darts,STORE0006,SKU0012,653.2302247468992,46.65930176763566,14,852.0,0.3371529885936653,0.7772294583105218,20.518167591557347,25.617468915995182,0.129787621111198
tide,darts,STORE0001,SKU0078,454.8530239373004,32.48950170980717,14,466.0,0.3368886673612137,1.016127917605089,11.2135799278804,13.318052130716408,-0.0043814608878806
tide,darts,STORE0007,SKU0018,825.1224337939768,58.93731669956977,14,935.0,0.3368810749544755,0.393236137542597,22.498843220173903,26.230348505908665,-0.0794979362504879
tide,darts,STORE0006,SKU0048,959.7794376044736,68.55567411460525,14,1136.0,0.3365256173719478,0.4808781803698,27.306650095323764,31.94886390117463,0.1111030959526425
tide,darts,STORE0001,SKU0037,1314.0051312530386,93.85750937521705,14,1531.0,0.336242971272942,0.5585549670975258,36.7705706442053,46.68913852687621,0.1109160293474495
tide,darts,STORE0006,SKU0102,1352.1707790652697,96.58362707609069,14,1498.0,0.3360965060102816,0.507684694506055,35.962326143100135,42.56161302071708,0.2215284779899801
tide,darts,STORE0001,SKU0072,543.9304825210814,38.85217732293439,14,490.0,0.3353045498221197,0.4676056126443334,11.735659243774192,14.738768382686184,0.2036467805639498
tide,darts,STORE0003,SKU0021,583.2681977968265,41.66201412834475,14,560.0,0.3349351147166787,1.16984808150761,13.397404588667149,17.546840331477696,0.055479753455095
tide,darts,STORE0004,SKU0028,1672.0347344224922,119.43105245874945,14,1815.0,0.334907414789426,0.7056487073426881,43.41835413162916,52.50024243492939,0.0730672478825005
tide,darts,STORE0004,SKU0035,2618.0645334581095,187.0046095327221,14,2944.0,0.3348845220598103,0.6210295333156957,70.42143092457727,89.54019540059826,0.0123546328834189
tide,darts,STORE0013,SKU0041,578.18457095319,41.298897925227855,14,779.0,0.3339673858048987,0.4927193280581395,18.58289953871544,24.20936503871413,0.2988463065641233
tide,darts,STORE0012,SKU0060,749.9220879206649,53.565863422904634,14,689.0,0.3332151631600134,1.0970627111469184,16.398946244089235,21.979954789801408,0.1205391668124855
tide,darts,STORE0005,SKU0070,1496.3684150623483,106.88345821873916,14,1516.0,0.33298780288815,3.392824806691408,36.05782208417397,48.54319947526513,0.0127094337868565
tide,darts,STORE0003,SKU0093,778.720305349238,55.622878953516995,14,800.0,0.3329471613376926,0.4197628022923966,19.02555207643957,23.461160075270705,-0.0304096054300354
tide,darts,STORE0001,SKU0074,860.4825400521673,61.46303857515481,14,1048.0,0.332573952078085,0.4822449516135464,24.895535841273794,32.73669064235825,0.1302572028617224
tide,darts,STORE0007,SKU0090,220.68200224244896,15.763000160174926,14,218.0,0.3317773947100595,0.9367508089240932,5.166248003342356,6.910312727197163,0.0489109966817381
tide,darts,STORE0008,SKU0056,315.89818013993613,22.564155724281154,14,385.0,0.3316027361112766,0.4433162205784167,9.119075243060108,13.689947469602265,0.0103120087238211
tide,darts,STORE0006,SKU0057,1290.625295424347,92.18752110173908,14,1481.0,0.331025014407205,0.3849937326153449,35.017717595505054,41.46485359742384,-0.103430354679917
tide,darts,STORE0010,SKU0092,1214.109648485887,86.72211774899192,14,1253.0,0.3307360918350425,0.545008275067424,29.600880219236306,35.76137257812459,-0.0057488169909404
tide,darts,STORE0006,SKU0003,319.97836690414704,22.855597636010504,14,297.0,0.3297657453874917,0.5741907152437999,6.995744741434647,9.154994024575396,0.1429254109325593
tide,darts,STORE0013,SKU0001,740.1124951705525,52.86517822646804,14,745.0,0.3286334047885847,0.4560199066576543,17.48799189767826,19.96468627571356,0.1172017104708967
tide,darts,STORE0004,SKU0099,1458.7576528639167,104.19697520456548,14,1429.0,0.3276310158794838,0.678401642193984,33.441765835127306,41.42169858880076,0.1692769395129587
tide,darts,STORE0001,SKU0061,1300.5669645795701,92.89764032711216,14,1251.0,0.3276152558601796,0.5045414499008298,29.27476322007748,36.68436026455367,0.1354967214622222
tide,darts,STORE0010,SKU0101,189.7808917635777,13.555777983112693,14,214.0,0.3275404135181617,0.3020836930412689,5.00668917806333,6.376275151481253,0.2246348792648794
tide,darts,STORE0003,SKU0042,152.68590761706616,10.906136258361869,14,176.0,0.3275402807563818,1.496595121043232,4.117649243794515,5.809438014163542,0.0987736229353008
tide,darts,STORE0003,SKU0084,281.8994266075583,20.13567332911131,14,303.0,0.3272481549543962,0.4020896722741419,7.082585067941577,8.347510099849009,-0.052320775866241
tide,darts,STORE0005,SKU0009,894.8322266388516,63.91658761706083,14,903.0,0.3271132857975701,0.6610311601709677,21.09880693394328,29.2154547469154,0.0243892310586858
tide,darts,STORE0012,SKU0039,179.51649477680627,12.822606769771877,14,229.0,0.3265258149340792,0.4343640638106419,5.341029401421723,6.882349236407982,0.0185822551101396
tide,darts,STORE0001,SKU0011,299.6595799436154,21.404255710258244,14,335.0,0.3252436305106906,0.4718465269008396,7.782615444362953,10.101049639322795,0.1453581916610273
tide,darts,STORE0010,SKU0036,467.2948646174318,33.37820461553084,14,589.0,0.3240852661129282,0.4424951469213286,13.63473012432248,16.96958180790099,-0.0130250043807391
tide,darts,STORE0011,SKU0083,1316.0971657534415,94.0069404109601,14,1365.0,0.3240148199039111,0.6082064158367426,31.59144494063133,37.76413573569649,-0.0045420640311441
tide,darts,STORE0013,SKU0003,153.41330914760923,10.958093510543517,14,142.0,0.3240097638725507,0.5745544033717912,3.2863847478501578,4.7766496519887935,0.1406494493704559
tide,darts,STORE0003,SKU0009,627.5435973162087,44.824542665443474,14,642.0,0.3240058138665799,0.3822082009482921,14.857980893024594,19.56203742065769,0.0567367052403743
tide,darts,STORE0002,SKU0098,464.614135389037,33.186723956359785,14,446.0,0.323852436038595,0.4710065014252559,10.31701331951524,12.630089213899376,0.1824188018372747
tide,darts,STORE0006,SKU0094,949.6256542205001,67.83040387289286,14,987.0,0.3236257338113009,0.7596391481954728,22.81561423369672,29.05875688994029,-0.0338233547513744
tide,darts,STORE0008,SKU0097,1026.349373522148,73.31066953729628,14,1035.0,0.323272416496594,0.4041132282696756,23.899067933855346,32.81834287219791,0.0261611843937558
tide,darts,STORE0013,SKU0084,190.4702116406535,13.605015117189536,14,191.0,0.3232438621603337,0.734988316338139,4.409969833758839,5.697813464292646,0.0461507489787776
tide,darts,STORE0008,SKU0025,450.0396501916674,32.145689299404815,14,468.0,0.3229570408107164,0.5836715873887782,10.795992507101092,12.878190335118122,0.1363685160134606
tide,darts,STORE0001,SKU0059,389.6555922835724,27.832542305969458,14,390.0,0.3226702360234063,0.4877067468973601,8.988670860652034,10.407805621329912,0.0219076121969165
tide,darts,STORE0008,SKU0081,995.0250551460579,71.07321822471842,14,857.0,0.322391080510375,0.93885135190985,19.734939714099387,25.84183911608823,0.2524390502180692
tide,darts,STORE0013,SKU0026,778.4512273550675,55.60365909679054,14,724.0,0.3223210826720044,0.360643410081603,16.66860456103794,24.17416614324404,0.122563424076545
tide,darts,STORE0003,SKU0040,200.45761615002962,14.318401153573545,14,308.0,0.3208540367756294,0.4214380367000135,7.058788809063848,9.570720553174098,0.2728491782635343
tide,darts,STORE0003,SKU0075,399.64373444926036,28.545981032090026,14,386.0,0.3203793694651382,0.4304241484606261,8.83331690096738,10.272096081225593,0.0889343813792198
tide,darts,STORE0006,SKU0069,1182.6741854992547,84.47672753566106,14,1386.0,0.3200291047531035,0.5174494328440146,31.68288137055725,36.14889882410412,0.0784251945260259
tide,darts,STORE0005,SKU0080,1155.5749397894624,82.54106712781875,14,1197.0,0.3195290852628094,0.5820538971249501,27.3197367899702,32.43605264687147,0.070809442117317
tide,darts,STORE0012,SKU0037,1243.4230847231797,88.81593462308426,14,1387.0,0.3193185714979012,0.6330544915093705,31.635347047684924,41.4527354785753,0.1359743931585612
tide,darts,STORE0003,SKU0011,218.8231892869203,15.630227806208593,14,266.0,0.3189481501161019,0.3896621180799751,6.060014852205937,10.053231211793047,0.0307708225012232
tide,darts,STORE0002,SKU0006,1133.2599775186036,80.94714125132883,14,1359.0,0.3188728827324513,0.370154868586918,30.953446259528665,37.22299296665315,0.0227171713335175
tide,darts,STORE0005,SKU0026,1376.9835994913642,98.3559713922403,14,1544.0,0.3188438497210416,0.3980896055413219,35.16392171209201,40.52316887464176,0.0156219368586134
tide,darts,STORE0003,SKU0095,337.60875159215004,24.114910828010718,14,342.0,0.3185615117095987,0.3364008058426955,7.782002643191626,8.998230248970414,0.0321755957292172
tide,darts,STORE0008,SKU0062,268.8955321084246,19.20682372203033,14,294.0,0.3184131220166231,0.9794224954182243,6.686675562349085,8.414068587205445,-0.08866417216701
tide,darts,STORE0011,SKU0097,1030.9540161030534,73.63957257878953,14,1139.0,0.3181462330333975,0.4213917953492215,25.88346853035998,30.59181671182443,-0.0753799189226651
tide,darts,STORE0007,SKU0067,408.0768798124576,29.148348558032687,14,400.0,0.3176363047988244,0.4501397657726193,9.075322994252128,11.491149922250957,0.0791788660894001
tide,darts,STORE0002,SKU0079,909.7565436198578,64.98261025856127,14,829.0,0.3174496364175249,0.7360934578662791,18.79755347072344,23.84761523903295,0.1337403791262771
tide,darts,STORE0001,SKU0086,126.61452517483636,9.043894655345454,14,177.0,0.3168388810525447,0.402161835949221,4.00574871045003,5.143015928541655,0.0246192405623187
tide,darts,STORE0005,SKU0038,1327.1304092166415,94.7950292297601,14,1625.0,0.3168326619934161,0.4923056615396847,36.77521969566437,43.74011697977482,-0.0046189907186213
tide,darts,STORE0009,SKU0072,471.83954020410806,33.702824300293436,14,452.0,0.3162761232171182,0.6014679981920906,10.211200549581244,12.80832770636492,0.0585632272626619
tide,darts,STORE0011,SKU0006,1464.034263753781,104.57387598241293,14,1683.0,0.3161220163957852,2.7160269048861894,38.00238239957904,46.82056842419835,0.1038546871696009
tide,darts,STORE0011,SKU0082,888.728739432061,63.48062424514722,14,908.0,0.3160542045679255,0.4532629904213948,20.4983726962626,24.99428315119257,0.0389265988987381
tide,darts,STORE0012,SKU0054,928.5985276408147,66.32846626005819,14,1213.0,0.3159608395020208,0.3458292467190475,27.375749879710803,35.34715221191548,0.0634911161968802
tide,darts,STORE0010,SKU0078,387.0419662935662,27.645854735254726,14,444.0,0.3157647581399842,0.3574519332305959,10.014253758153783,12.75776779453139,-0.1495188461544979
tide,darts,STORE0012,SKU0076,404.20068485816694,28.87147748986907,14,375.0,0.3154383471488274,1.3684910373886263,8.44924144148645,11.46413829449752,0.1299759757622082
tide,darts,STORE0012,SKU0034,1820.8969204771527,130.06406574836805,14,2784.0,0.3151988350033048,0.2556852641892312,62.67953976065719,92.71619906088594,-0.2789784156117441
tide,darts,STORE0002,SKU0042,148.66798537958053,10.61914181282718,14,178.0,0.3148577037611595,0.6746502114219466,4.003190804963315,5.0801528530220725,0.0692280489355088
tide,darts,STORE0009,SKU0090,269.5877504249846,19.2562678874989,14,249.0,0.3146910988284909,0.2420433394437724,5.597005972021017,7.9817292055903,0.1323815489000308
tide,darts,STORE0007,SKU0016,260.1380097913378,18.581286413666987,14,360.0,0.3145961454113353,0.2343648226658565,8.089615167720051,12.345670150872223,-0.1795992054179996
tide,darts,STORE0001,SKU0049,692.0921296004707,49.43515211431934,14,707.0,0.3143608805503314,0.8019262393706558,15.875224467791735,20.541766667069904,0.0286749095537515
tide,darts,STORE0005,SKU0100,1214.1008346697984,86.72148819069989,14,1179.0,0.3142816955741415,0.3885794931963029,26.467008505850917,31.772630228446108,0.1130443916342719
tide,darts,STORE0006,SKU0066,450.3425399939233,32.16732428528024,14,537.0,0.3136603044326365,0.3329492637870804,12.03111310573756,14.064955971337048,-0.1301649601007114
tide,darts,STORE0010,SKU0060,751.4759469204657,53.67685335146184,14,801.0,0.3136299121053082,0.4752079486514527,17.94411139973942,21.33379358175673,-0.0642306403331877
tide,darts,STORE0009,SKU0098,540.4653193258515,38.60466566613225,14,617.0,0.3132581351527586,0.3694446751805313,13.80573352780372,21.09104380995622,-0.0758683637954698
tide,darts,STORE0006,SKU0039,216.40222361372096,15.457301686694354,14,251.0,0.312841171022085,1.0329398196364703,5.608795280467381,7.725584799891831,0.1134863410265889
tide,darts,STORE0011,SKU0028,1696.7570193621696,121.19692995444068,14,2051.0,0.3128390703726789,0.4169282036105851,45.83092380959746,52.10244241985641,-0.0537911123325489
tide,darts,STORE0006,SKU0088,356.0668515663015,25.43334654045011,14,402.0,0.3126798936221482,0.3670364921974765,8.978379802578827,11.161563442156432,-0.1039351942643322
tide,darts,STORE0005,SKU0022,1453.2221633202785,103.8015830943056,14,1380.0,0.3121724661556503,0.568914966089459,30.7712859496284,39.47598538707896,0.1129645037922795
tide,darts,STORE0011,SKU0041,1138.531416439157,81.32367260279693,14,1678.0,0.3113390659742933,0.62686065448606,37.31621090749029,45.02619954896896,0.0477077940685876
tide,darts,STORE0004,SKU0077,816.7685762988942,58.34061259277816,14,944.0,0.3112810864078467,1.2360850214520551,20.989238969214806,31.95144172649967,0.0452113084453683
tide,darts,STORE0010,SKU0013,1133.2652082027791,80.94751487162708,14,1626.0,0.3111167043064731,0.4585218084653885,36.133982943023234,44.3792611482148,-0.0690973026562772
tide,darts,STORE0012,SKU0005,956.9885852649836,68.3563275189274,14,1255.0,0.3111000943276807,0.4233409782671531,27.887901312945665,36.13186340761082,-0.0204644256974836
tide,darts,STORE0004,SKU0066,431.46011119511957,30.81857937107997,14,424.0,0.3109746885593965,0.3539735283869846,9.418090567798863,13.221883311770402,0.1322349881906111
tide,darts,STORE0007,SKU0083,947.6940570139844,67.69243264385604,14,888.0,0.3109635441015621,0.3823202906850746,19.72397336872765,23.851836887883778,0.1525750201842137
tide,darts,STORE0011,SKU0021,834.0871811575137,59.57765579696526,14,795.0,0.3109541630972182,0.2436981959650377,17.657754261592032,22.966913610673345,0.1008324097003791
tide,darts,STORE0007,SKU0058,1049.3506516438983,74.95361797456417,14,1027.0,0.3103973189605327,0.3558600894559665,22.769860469461936,25.657453471568296,0.0671522047699857
tide,darts,STORE0012,SKU0016,322.2783261133641,23.019880436668863,14,394.0,0.3103049493932042,0.8607772433258415,8.73286786149446,10.525462434943911,-0.0145466556442117
tide,darts,STORE0011,SKU0095,453.3075612435385,32.37911151739561,14,484.0,0.3101113539874056,0.3524222524220278,10.720992523564592,12.500043678010275,-0.0810919380321267
tide,darts,STORE0008,SKU0055,220.39061187987346,15.742186562848104,14,204.0,0.3099312067278399,0.3771301377371179,4.516140440891382,5.349501012314653,0.1842210387478202
tide,darts,STORE0013,SKU0056,167.08425701230163,11.934589786592975,14,205.0,0.3099240171547218,0.3529858970199489,4.538173108336999,5.440235729974053,0.1761196905986578
tide,darts,STORE0009,SKU0070,1222.6352668141533,87.33109048672523,14,1061.0,0.3095897148968989,0.829697771264854,23.462477678972125,31.83363661313364,0.1951463065216187
tide,darts,STORE0010,SKU0094,757.8451170171782,54.13179407265558,14,835.0,0.3095077118484934,0.6013478986563198,18.459924242392287,27.93890957446371,-0.0991462278151622
tide,darts,STORE0013,SKU0049,321.6579212792936,22.975565805663827,14,298.0,0.3092684752114562,0.575774967754765,6.583000400929568,8.392060684472483,0.2636931933403187
tide,darts,STORE0011,SKU0048,905.0495044674512,64.64639317624652,14,1120.0,0.3091336530397804,1.070516861060978,24.730692243182432,31.534369940522428,0.017244555318089
tide,darts,STORE0007,SKU0094,634.7238016579547,45.33741440413962,14,607.0,0.3091318679780827,0.4099674345796938,13.403074561621157,15.19040111330215,0.0969941916326296
tide,darts,STORE0003,SKU0026,1147.8100165999806,81.98642975714147,14,1101.0,0.3087715566634349,0.4320598785425546,24.28267742046013,27.15419902287796,0.0806594248745826
tide,darts,STORE0004,SKU0001,1502.7149192672985,107.33677994766417,14,1663.0,0.3086615191207656,0.8722815876070416,36.6645790212738,46.54204871614659,0.0465882999516461
tide,darts,STORE0013,SKU0013,621.6800715636489,44.405719397403494,14,796.0,0.3083104563993739,0.6160935865283201,17.529651663850114,22.05194476229582,0.1275209220701405
tide,darts,STORE0009,SKU0086,104.57168095124206,7.469405782231576,14,145.0,0.3080357850453938,0.36052372367634,3.1903706308272928,3.742783233084552,0.1217092005579623
tide,darts,STORE0004,SKU0058,1283.9453169824353,91.71037978445966,14,1361.0,0.3079703641561161,0.3822880345495104,29.93911897260529,36.43963633643236,-0.0371143808749839
tide,darts,STORE0010,SKU0054,880.004085957259,62.857434711232784,14,1116.0,0.3074187855651544,0.4373441226681157,24.505668906479453,37.12378361615241,0.1739745099219241
tide,darts,STORE0008,SKU0009,891.6075075389327,63.686250538495194,14,896.0,0.3073012861397224,4.662006789662369,19.667282312942238,24.901548986788267,0.0461285720618987
tide,darts,STORE0001,SKU0021,873.9687321877274,62.4263380134091,14,843.0,0.3072558106008379,0.258136259212893,18.50118916689331,25.25998338840032,0.0328809553832773
tide,darts,STORE0001,SKU0084,370.51274119557024,26.46519579968359,14,388.0,0.3070969443730097,0.5296262095128721,8.510972458337699,10.223894638328822,-0.0463821888835199
tide,darts,STORE0008,SKU0090,316.4168208724762,22.601201490891157,14,344.0,0.306982539871853,0.3485722388600608,7.542999551136958,8.967699559074944,-0.0764255360740221
tide,darts,STORE0001,SKU0055,218.31352924152748,15.593823517251963,14,207.0,0.3066312819822522,0.2754501723630308,4.533762526451872,5.525186930576488,0.0533434831927788
tide,darts,STORE0011,SKU0025,431.989637153333,30.8564026538095,14,459.0,0.3065757311425334,1.2304268321951308,10.05130432817306,12.949835259026932,-0.0088320164269909
tide,darts,STORE0003,SKU0030,448.46553359209355,32.033252399435256,14,558.0,0.3064186795600158,0.3881727196489238,12.212973085320629,14.72232411893411,0.0464290041254929
tide,darts,STORE0005,SKU0054,1064.9173710414307,76.06552650295933,14,1421.0,0.3062727658851087,7.383481007061803,31.08668573733854,41.7536561560006,0.0549139577159731
tide,darts,STORE0010,SKU0058,1215.0618930609294,86.79013521863781,14,1183.0,0.3061067785413913,0.3923855483106173,25.86602278674757,31.95038019585745,0.0379798552823381
tide,darts,STORE0001,SKU0017,1430.2483918309151,102.16059941649394,14,1767.0,0.3057018340059632,0.3154330215272009,38.583938620609786,53.77976015749414,-0.1499474766902646
tide,darts,STORE0010,SKU0048,756.8862138303122,54.06330098787944,14,882.0,0.305649185018547,0.9399433640141815,19.255898656168466,25.74821874276485,0.1232457761795212
tide,darts,STORE0010,SKU0029,349.46257649280454,24.961612606628897,14,400.0,0.305347541960529,1.409601996571992,8.724215484586543,11.91421214850816,0.2244691311535892
tide,darts,STORE0001,SKU0077,769.1309126699715,54.9379223335694,14,871.0,0.3053373394236473,0.7274577562613683,18.99634447414263,28.910204914674477,0.115779013454345
tide,darts,STORE0009,SKU0084,328.0450628346498,23.431790202474986,14,320.0,0.3051265763560565,0.4137928614849374,6.974321745281293,9.078286005720768,0.1097044820352924
tide,darts,STORE0003,SKU0055,154.56314758981793,11.040224827844138,14,145.0,0.3051075373280171,0.6629975809888844,3.16004235089732,3.990537594426904,0.1560562639345363
tide,darts,STORE0011,SKU0044,1132.7138241192256,80.9081302942304,14,1262.0,0.3050157181039221,0.7443318155518123,27.49498830336783,38.975478916375074,0.1255699299489983
tide,darts,STORE0011,SKU0062,269.31543985272697,19.23681713233764,14,249.0,0.3048386570895678,0.5762599630955549,5.421773258235886,6.974654090385143,0.1544197872707706
tide,darts,STORE0003,SKU0047,779.4479710799459,55.67485507713899,14,927.0,0.3047668175777565,0.4021056176531096,20.17991713532717,23.20166127253648,-0.0491405249192935
tide,darts,STORE0005,SKU0057,1317.534619795648,94.10961569968914,14,1247.0,0.3047468606093713,0.4439014066839075,27.14423822713472,32.893535085683155,0.1610807291284284
tide,darts,STORE0008,SKU0057,1288.7658346770456,92.05470247693184,14,1252.0,0.3044179872374979,0.3447503537842832,27.22366571581053,32.28989752625354,0.1275564340074275
tide,darts,STORE0002,SKU0081,754.7240736805609,53.90886240575435,14,766.0,0.3039980559892642,1.3966633802476651,16.633036491984026,20.47582662319187,-0.0352293217255849
tide,darts,STORE0001,SKU0040,293.592575185125,20.97089822750893,14,430.0,0.3038645739837117,0.3877144924296649,9.332983343785433,11.087605131553584,0.2601025394219578
tide,darts,STORE0005,SKU0028,1786.230723496484,127.58790882117742,14,2042.0,0.3033988015502617,0.6025754888361768,44.25288234040246,54.08056986219403,-0.0509155794131915
tide,darts,STORE0008,SKU0076,496.5189915696073,35.46564225497195,14,476.0,0.3033533856087056,0.8129242740130682,10.31401511069599,13.760286931599207,0.1006358464534435
tide,darts,STORE0004,SKU0072,579.6478366542981,41.40341690387844,14,588.0,0.3032963884533779,0.3081012901240557,12.738448315041872,15.416346043834288,-0.0160512515460008
tide,darts,STORE0011,SKU0085,1010.5334820008276,72.18096300005911,14,1342.0,0.3028235125702738,0.5146013936181132,29.02779670495053,33.73244015391875,-0.096510484394493
tide,darts,STORE0012,SKU0077,684.5776771606212,48.898405511472944,14,784.0,0.302699418612516,0.4579905046179127,16.951167442300893,24.33385884511673,0.1345209365447505
tide,darts,STORE0007,SKU0040,217.1019188624102,15.507279918743587,14,332.0,0.3022035994744835,0.3736790643378604,7.166542501823465,8.67939992919079,0.1994331906705034
tide,darts,STORE0008,SKU0092,1312.3209831849272,93.73721308463766,14,1494.0,0.3020614849314484,0.5273739837146045,32.234275606256,40.207623410276256,-0.0997589636910352
tide,darts,STORE0009,SKU0096,1188.6490800428057,84.90350571734326,14,1393.0,0.3018983556429963,0.3519592108267031,30.038886386478133,32.342560970410474,-0.1744670333186555
tide,darts,STORE0012,SKU0088,327.82245093791204,23.415889352708003,14,320.0,0.3018942140435892,0.2043808415571048,6.900439178139181,10.479352635512775,0.0389915525931504
tide,darts,STORE0001,SKU0090,315.8870271629628,22.56335908306877,14,320.0,0.3014120143597067,0.792490730776126,6.889417471079011,9.065635753065536,-0.0146564668196872
tide,darts,STORE0004,SKU0003,309.7556840103173,22.125406000736948,14,392.0,0.3012524987558251,0.2997517641068281,8.435069965163104,9.758340135421754,-0.2277768672886762
tide,darts,STORE0006,SKU0055,220.89610517616794,15.778293226869138,14,230.0,0.3011693086402665,0.4565696929543162,4.947781499090093,7.011808213762619,0.0317032533285757
tide,darts,STORE0011,SKU0053,467.8042684916684,33.41459060654774,14,465.0,0.301010027118949,1.2112350040276447,9.997833043593664,12.6419516972756,0.0145310429165524
tide,darts,STORE0005,SKU0088,371.2269805841242,26.516212898866012,14,353.0,0.3008847542219457,0.5997402360873785,7.586594160024774,9.905073827373217,0.1057422457119988
tide,darts,STORE0003,SKU0101,158.6203490531615,11.330024932368678,14,211.0,0.300184726691345,0.2811996584472651,4.524212666562415,5.753727299584883,0.0619809875137797
tide,darts,STORE0013,SKU0040,151.3743109795731,10.81245078425522,14,243.0,0.3000527627188631,0.4268521864945759,5.208058667191695,7.696767693145098,0.1606158914701713
tide,darts,STORE0005,SKU0053,450.0858756699555,32.148991119282535,14,455.0,0.2998770480914384,0.2496896997091037,9.74600406297175,13.083690744147347,0.0666369861752216
tide,darts,STORE0012,SKU0014,723.9536724479103,51.71097660342217,14,766.0,0.2988856502466615,0.3580494059037975,16.353314863495907,18.097322338110143,-0.0173252036308312
tide,darts,STORE0011,SKU0079,1244.005905549001,88.8575646820715,14,1376.0,0.2988184467619874,0.3249510818179623,29.369584481749616,33.45071123285627,-0.114763184732543
tide,darts,STORE0002,SKU0064,980.4363558244445,70.0311682731746,14,1120.0,0.2987433410507091,0.3065802820186581,23.89946728405673,29.094537532934567,-0.1266723216447018
tide,darts,STORE0011,SKU0050,245.14195119781692,17.510139371272636,14,248.0,0.2984299013681895,0.7984042897503313,5.286472538522213,6.501264677211827,0.0702851515866101
tide,darts,STORE0008,SKU0067,590.947018425638,42.210501316117,14,589.0,0.2983972140344673,0.4540624907558497,12.553997076164372,16.853854962668276,0.0086401104651108
tide,darts,STORE0008,SKU0089,638.7067618272534,45.62191155908953,14,751.0,0.2981888842340413,0.3056763264528251,15.995703718554646,18.68198518710912,-0.1430543718798993
tide,darts,STORE0001,SKU0073,160.24730783053917,11.44623627360994,14,163.0,0.2978599398195334,0.3230979845921487,3.467940727898853,3.933748348717245,0.0246839180436655
tide,darts,STORE0003,SKU0041,819.0410345159563,58.50293103685402,14,1210.0,0.2978492954964751,0.3788127430041992,25.74268911076678,35.882604659824565,0.0639440625124181
tide,darts,STORE0007,SKU0078,315.8587449262952,22.5613389233068,14,338.0,0.2978262401021845,0.4495691753004991,7.190376368181312,9.178220892591778,-0.0417865982270288
tide,darts,STORE0008,SKU0014,856.1040042234714,61.150286015962244,14,903.0,0.2975264392467402,0.2971277053656286,19.190455331414743,27.69887749542269,-0.0039653363102799
tide,darts,STORE0001,SKU0031,700.9077463053957,50.064839021813974,14,947.0,0.2969937969674308,0.7451671792806567,20.089508980582643,26.146902644367334,0.0223084534718973
tide,darts,STORE0001,SKU0087,467.36968611338796,33.38354900809914,14,438.0,0.2969375080363385,0.6890904078286441,9.289902037136878,11.997322572053903,0.1018583804657235
tide,darts,STORE0001,SKU0042,208.13298179994587,14.86664155713899,14,244.0,0.2967264048052062,0.3758871255751467,5.171517340890738,6.115481170647631,0.0839540400838066
tide,darts,STORE0003,SKU0045,608.8790631566945,43.49136165404961,14,859.0,0.2966259311760481,3.994150603098458,18.200119634301807,24.90539291275119,0.1056595690919006
tide,darts,STORE0012,SKU0020,668.7885803796378,47.77061288425984,14,770.0,0.296403551606486,0.322007088633518,16.302195338356732,21.772534702171733,-0.1548295979015738
tide,darts,STORE0008,SKU0040,334.20106084624354,23.871504346160254,14,505.0,0.2960992697213855,1.2224164947590703,10.68072365780712,15.645781276729716,0.0985669316751401
tide,darts,STORE0007,SKU0098,483.5114991994591,34.53653565710422,14,477.0,0.2957524819323209,0.3324437930727134,10.076709562979792,14.27640143341404,0.0846106968358168
tide,darts,STORE0008,SKU0060,881.0786736756957,62.9341909768354,14,906.0,0.2956786224304809,0.5399585443043391,19.13463085157255,25.14460055647652,0.0290887117797988
tide,darts,STORE0007,SKU0013,785.3531933784027,56.09665666988591,14,1056.0,0.2955364132356534,0.405545605296312,22.29188945548929,30.1407803171508,0.0618184617693816
tide,darts,STORE0010,SKU0087,372.2638710272656,26.590276501947546,14,348.0,0.295224219675056,0.3622269512503073,7.338430603351393,9.133492162255784,0.1261160637048871
tide,darts,STORE0005,SKU0077,780.870965777132,55.77649755550943,14,853.0,0.2946263956115822,0.6639709392097372,17.95116538976283,22.067011840841104,0.1605538775423083
tide,darts,STORE0006,SKU0065,849.6648748967955,60.69034820691396,14,954.0,0.2938369370972569,0.3280790623258071,20.02288842791308,29.677885322803853,0.1482136296648245
tide,darts,STORE0009,SKU0005,970.3044164175909,69.3074583155422,14,1252.0,0.2932581619879496,0.5806057948794291,26.22565848635092,30.04145936551796,0.031457689078799
tide,darts,STORE0011,SKU0094,915.6810369706511,65.40578835504651,14,891.0,0.2931725427171996,0.360405180098351,18.65833825435892,23.87057226545093,0.0400792634538656
tide,darts,STORE0005,SKU0085,1048.4169385777204,74.88692418412289,14,1371.0,0.29301095081413,0.5902803742335408,28.69414382615516,40.43556119590397,-0.0628793148891927
tide,darts,STORE0012,SKU0046,1130.8593065052717,80.77566475037655,14,1369.0,0.2927760480608998,0.3998839284633358,28.6293149853837,33.77742733374208,0.1925763678135556
tide,darts,STORE0002,SKU0082,595.4145873464076,42.52961338188626,14,632.0,0.2926424503926325,0.4206847114446495,13.210716332010268,15.117230468934755,-0.0357401534369266
tide,darts,STORE0003,SKU0067,448.464472263237,32.033176590231214,14,432.0,0.2920226400425388,0.3403007798777819,9.010984321312623,10.03770269139374,0.0967522818845558
tide,darts,STORE0001,SKU0082,913.8231753913487,65.27308395652491,14,892.0,0.2919056842859831,0.3620906806748009,18.59856217022121,21.096541194717847,0.0676597172234481
tide,darts,STORE0001,SKU0041,1185.1836223540452,84.65597302528894,14,1714.0,0.2918700558409812,0.4525316554845069,35.73323397938871,43.36497070106014,0.0418719317053371
tide,darts,STORE0008,SKU0074,903.1149210099994,64.5082086435714,14,1162.0,0.2917932870020858,0.5579156551524669,24.218842821173123,32.75822469696091,0.0613857644983581
tide,darts,STORE0004,SKU0053,465.0313922120958,33.2165280151497,14,442.0,0.2913173359339014,0.5452792511854174,9.197304463056032,11.632114565633628,0.0771063254054699
tide,darts,STORE0011,SKU0027,1678.623882758999,119.90170591135707,14,2117.0,0.2904359597684486,1.0490137833065198,43.918066202128976,69.75466096071698,0.1154479418886507
tide,darts,STORE0006,SKU0006,1496.6421600688989,106.90301143349278,14,1978.0,0.290301946369853,1.4793653299385847,41.01551785139781,51.499098064027216,-0.0726362086872353
tide,darts,STORE0011,SKU0033,1317.4630869438606,94.10450621027576,14,1477.0,0.2900525876812502,1.02898738753612,30.600548000371894,43.63431081095084,0.0104636636357746
tide,darts,STORE0007,SKU0102,955.4838492283761,68.24884637345544,14,1147.0,0.289587636430756,0.6164303980827233,23.725501356148367,30.63920752220427,0.0508216731125881
tide,darts,STORE0007,SKU0079,827.4612552901806,59.10437537787004,14,993.0,0.2895070996221512,0.2721293638193945,20.5343249946283,23.8936722172833,-0.1828771749420107
tide,darts,STORE0002,SKU0022,933.2666859684834,66.66190614060596,14,1028.0,0.2890857550685238,0.3727867133745245,21.22715401503161,24.005126011769416,-0.0838645441941009
tide,darts,STORE0012,SKU0081,947.6442005734301,67.68887146953072,14,967.0,0.2889795237376368,0.4208856701339555,19.96022853244963,23.731035086918823,0.018867241302702
tide,darts,STORE0013,SKU0061,719.8354070683973,51.41681479059981,14,679.0,0.2889572770496032,1.0851433862937656,14.014427936905756,21.08204153807112,0.1108667166172572
tide,darts,STORE0007,SKU0012,451.24911370868847,32.232079550620604,14,644.0,0.2888565352591982,0.3739925627256643,13.28740062192312,16.17541674947642,0.0036225877197893
tide,darts,STORE0010,SKU0084,314.97467715895107,22.498191225639363,14,331.0,0.2884688501651574,0.2368479542730421,6.820227814619079,8.996954408279162,-0.0276770049551266
tide,darts,STORE0011,SKU0034,1992.529247551454,142.32351768224672,14,2864.0,0.2882542253245553,0.3089272398938241,58.96857866639474,68.41208928115901,-0.1390027970193912
tide,darts,STORE0002,SKU0070,1192.8436486560363,85.20311776114545,14,1187.0,0.2877653434966202,0.3104000396506335,24.398390195034867,30.14493299972641,0.0267281425749206
tide,darts,STORE0009,SKU0044,1022.676290669997,73.04830647642835,14,1174.0,0.2876335012139726,0.9931723160802338,24.12012360180027,31.30132925601865,0.103324281545849
tide,darts,STORE0002,SKU0089,470.1855887519687,33.584684910854904,14,503.0,0.2876147358906029,1.252724170987353,10.333586582355236,12.672029686246184,-0.067724544728152
tide,darts,STORE0005,SKU0034,2001.259703320978,142.94712166578412,14,2695.0,0.2872552741572223,0.3537211767888833,55.2966402752653,61.37352100079164,-0.0925694267529389
tide,darts,STORE0006,SKU0099,1364.3694420614625,97.45496014724732,14,1474.0,0.28725033639996,1.2757763985549284,30.24335684668151,43.09139123557833,0.0821261674894011
tide,darts,STORE0009,SKU0071,419.14021727190266,29.93858694799305,14,412.0,0.2871978525648497,0.4892383647804768,8.451822518337007,9.680011212725844,0.0345834015687098
tide,darts,STORE0001,SKU0018,1280.8200184074926,91.48714417196376,14,1497.0,0.2871114499288532,0.2698693524283694,30.70041718167809,37.38131002968348,-0.1283373916222744
tide,darts,STORE0012,SKU0068,474.519254186542,33.89423244189586,14,534.0,0.2869502964894911,0.3118856432048828,10.94510416609916,15.177888557414322,0.0286699004340782
tide,darts,STORE0002,SKU0019,162.58751866137362,11.613394190098116,14,198.0,0.286862810072021,0.4112941627565562,4.057059742447154,4.662633022973923,0.1442692494273253
tide,darts,STORE0006,SKU0001,1498.5475424872375,107.03911017765982,14,1469.0,0.2866873682956337,0.3898936409095784,30.081696001877567,40.96703347665087,0.2174386778910099
tide,darts,STORE0011,SKU0072,571.0468878165655,40.78906341546896,14,561.0,0.2864615942981003,0.3990893374139676,11.478925314373878,13.793594998595946,0.0624263119812363
tide,darts,STORE0008,SKU0086,123.23043123532395,8.802173659665996,14,156.0,0.2852893042576723,0.2861444372297957,3.178937961728349,3.9358290141539936,0.1235870984934817
tide,darts,STORE0001,SKU0048,997.4162855311143,71.2440203950796,14,1153.0,0.2852246470727504,1.1864486767111195,23.490287005348662,33.48974932682679,0.1210923157115215
tide,darts,STORE0007,SKU0056,234.56070354260393,16.754335967328853,14,279.0,0.2852102425487855,0.5542887900892174,5.683832690793655,7.18740263109451,0.1604453416212236
tide,darts,STORE0007,SKU0022,1010.5048477980882,72.17891769986345,14,1142.0,0.285156609781814,0.2783428755190242,23.260632026487976,28.97154936344113,-0.0963678305322554
tide,darts,STORE0013,SKU0099,697.8326174780732,49.84518696271952,14,747.0,0.2847917068413023,0.5778873549800426,15.19567178646092,20.43633502527005,0.1212516133897561
tide,darts,STORE0010,SKU0067,473.67129452822905,33.8336638948735,14,463.0,0.284683053610172,0.5328044296183833,9.414875272964975,12.24724009506948,0.1183494125915552
tide,darts,STORE0004,SKU0050,251.98468548252293,17.998906105894495,14,248.0,0.284571176859679,0.8109418110787369,5.040975132942886,6.198862823983774,0.0753812829260606
tide,darts,STORE0006,SKU0037,1412.70342101723,100.90738721551644,14,1684.0,0.2845147819956653,0.4186514782763568,34.223063777192884,41.235896508388336,0.1125246339998232
tide,darts,STORE0009,SKU0089,524.4673677097653,37.461954836411806,14,533.0,0.2844653375149151,3.417477161382729,10.830001778246412,15.170692996369889,0.0508013237298285
tide,darts,STORE0009,SKU0083,1125.9895587832548,80.42782562737534,14,1146.0,0.284412265827535,0.9244874163866228,23.28117547416822,28.3771354177144,-0.0010250961338294
tide,darts,STORE0005,SKU0003,329.36147489099505,23.525819635071077,14,327.0,0.2840400123753523,0.330607540164762,6.634363146195729,7.524164689002318,0.0128212458570238
tide,darts,STORE0009,SKU0045,721.1103861302213,51.50788472358723,14,1026.0,0.2838773580067734,0.7142477631631662,20.804154951067822,24.64811423063809,0.0334805162694992
tide,darts,STORE0002,SKU0071,340.21619759396566,24.301156970997546,14,316.0,0.2836622012666844,0.9985258347005428,6.402661114305163,8.88483814056019,0.1216489490316527
tide,darts,STORE0008,SKU0028,1720.6908777056296,122.90649126468783,14,2184.0,0.2834233443405889,0.3391715901438568,44.21404171713188,51.106045171756605,-0.1419257274019123
tide,darts,STORE0008,SKU0091,291.72522565367194,20.837516118119424,14,360.0,0.2833418411132378,1.2731772606517495,7.285933057197544,11.029623571795383,-0.0246497675390986
tide,darts,STORE0005,SKU0010,529.3716916937914,37.81226369241367,14,531.0,0.283173956410067,1.1087002437163134,10.740383632410396,13.804166442046183,0.142769205750936
tide,darts,STORE0012,SKU0070,1291.8997067479274,92.27855048199481,14,1370.0,0.2829760481990935,0.3004263526422898,27.691227573768437,30.132755537457577,-0.0567022996130097
tide,darts,STORE0012,SKU0080,1033.458427046918,73.81845907477985,14,1230.0,0.2827911705150986,0.3121328450818634,24.845224266683665,32.33641903715728,-0.14011439267833
tide,darts,STORE0005,SKU0055,208.074025150142,14.862430367867287,14,213.0,0.2827014311110128,1.1942243351035189,4.3011003447604095,5.853600123383554,0.0485781194859047
tide,darts,STORE0008,SKU0003,312.9192364243225,22.35137403030875,14,339.0,0.2824076003919282,0.3101539035147319,6.838298323775976,9.351278680728672,-0.0638561971946671
tide,darts,STORE0010,SKU0083,1216.5940168170512,86.89957262978938,14,1272.0,0.28238250468337,1.0705204373974635,25.65646756837476,31.888388287263737,-0.0711170152301843
tide,darts,STORE0006,SKU0011,287.7480946251375,20.553435330366966,14,360.0,0.2822032826307762,0.3682571877510528,7.256655839077104,8.634176926595243,-0.0500586698542944
tide,darts,STORE0012,SKU0096,1220.0022515076714,87.14301796483367,14,1219.0,0.2821896718621626,0.5384687092649453,24.57065785714116,36.34032614995769,0.0285495230676193
tide,darts,STORE0010,SKU0012,538.865447741475,38.49038912439107,14,874.0,0.2817308895770438,0.4441879626023265,17.58805696359545,20.98531343987871,-0.1293395048752851
tide,darts,STORE0001,SKU0007,381.12643889709324,27.22331706407809,14,376.0,0.2817094265486702,0.3943723473103738,7.565910313021429,9.0999251382877,0.1076455875890465
tide,darts,STORE0004,SKU0013,1258.8464885303435,89.91760632359596,14,1577.0,0.2816100629295764,0.2516871238659966,31.72136208856728,40.861488186328096,0.1574654685134544
tide,darts,STORE0008,SKU0015,177.62443127559624,12.687459376828302,14,189.0,0.2814684571445763,0.3018886301712379,3.79982417145178,4.569265163236402,-0.0316779926067949
tide,darts,STORE0008,SKU0093,1084.465604436949,77.4618288883535,14,1165.0,0.2806795216218149,0.3182803536075984,23.356545906386746,26.82140172147763,-0.0719636575299894
tide,darts,STORE0006,SKU0072,512.4041886027745,36.60029918591247,14,483.0,0.280222109533434,0.4584960769847979,9.667662778903477,13.061407663089335,0.1371709403584968
tide,darts,STORE0006,SKU0097,1159.430858587663,82.81648989911878,14,1148.0,0.2801967968769369,0.2255477529734131,22.976137343908825,31.64708673088016,0.0130009849459001
tide,darts,STORE0009,SKU0092,1169.4002816142272,83.52859154387338,14,1306.0,0.2801286365345021,0.2996258543253042,26.13199995100427,31.015763350575742,-0.1304554569181643
tide,darts,STORE0008,SKU0049,663.1674258393031,47.3691018456645,14,709.0,0.2800761244075826,0.3872162439843789,14.183855157498291,16.73743418129389,0.1450307059259724
tide,darts,STORE0004,SKU0054,1019.5398246827788,72.82427319162706,14,1285.0,0.2800440381127909,0.4147343580988341,25.704042069638312,31.099150194871143,0.1497173008456527
tide,darts,STORE0010,SKU0015,134.54212448523674,9.610151748945482,14,141.0,0.2799869777867846,0.3742022349319405,2.8198688477097598,3.2620728056080743,0.0438495734110414
tide,darts,STORE0002,SKU0034,1431.5410293085288,102.25293066489492,14,1962.0,0.2798760579366819,0.2790099985773983,39.22263040512642,45.97752544398138,-0.1205747137722651
tide,darts,STORE0012,SKU0029,363.14411962999964,25.938865687857117,14,423.0,0.2798408305855577,0.3756485085431247,8.455190809835065,10.274044988858154,0.1946585650577215
tide,darts,STORE0009,SKU0041,998.2276088028146,71.3019720573439,14,1453.0,0.2794912448722563,0.7267590023465521,29.007198485670603,45.05850886676957,0.0469296456169631
tide,darts,STORE0005,SKU0015,164.40924603728624,11.743517574091873,14,198.0,0.279435956748528,0.320330372749625,3.95202281687204,4.850819088911229,-0.1763336367135902
tide,darts,STORE0006,SKU0044,1169.4199384664032,83.52999560474309,14,1507.0,0.2793863335415618,0.2711742613476807,30.07394318908097,39.22786923994832,-0.1237580168342109
tide,darts,STORE0011,SKU0056,301.69163310151333,21.54940236439381,14,400.0,0.2792812341028121,0.4437355445397762,7.979463831508919,9.094312347093622,-0.0720370789750523
tide,darts,STORE0012,SKU0057,1018.953282151296,72.78237729652115,14,1032.0,0.279230575862031,0.3002993843187175,20.583282449258288,23.46549991196775,0.068326770777885
tide,darts,STORE0013,SKU0063,352.03052978053734,25.14503784146695,14,400.0,0.2792033869561974,0.6776766469782178,7.977239627319926,11.531630009857558,0.1875414937668057
tide,darts,STORE0013,SKU0032,438.03834652963127,31.28845332354509,14,642.0,0.2791399581335171,0.3384717176072493,12.800560937265573,16.547729266512178,-0.1751283618680527
tide,darts,STORE0012,SKU0092,1251.7977833260124,89.41412738042946,14,1293.0,0.2790730567729654,1.6469477087662805,25.774390171960302,34.9693855364239,-0.0313895064027203
tide,darts,STORE0004,SKU0095,458.3409436207008,32.73863883005006,14,468.0,0.278631148428608,0.479128048911674,9.31424124747061,11.903674261346929,-0.0066410677515512
tide,darts,STORE0007,SKU0009,651.8110085203424,46.55792918002446,14,700.0,0.2784988828126199,0.2938003119146274,13.924944140630997,16.34181490519478,-0.0880444821874418
tide,darts,STORE0002,SKU0024,582.4457787804334,41.6032699128881,14,589.0,0.2780552785001484,0.390201227111117,11.69818278832767,13.802611886528538,0.0388590504846375
tide,darts,STORE0011,SKU0051,1033.6809730376906,73.8343552169779,14,1127.0,0.2776893608467899,0.3463254480903892,22.35399354816659,26.561644811333128,0.0046851236564424
tide,darts,STORE0013,SKU0087,240.9538655006768,17.210990392905487,14,267.0,0.2775022955631092,0.2995413973099307,5.292365208239297,5.956374053630108,-0.072193835683834
tide,darts,STORE0004,SKU0021,897.9828932703825,64.14163523359875,14,958.0,0.2774821872115614,0.8828148865576642,18.98770966776256,23.92102389801091,-0.0376876604111418
tide,darts,STORE0007,SKU0015,120.34637766610967,8.596169833293548,14,121.0,0.2773719683991111,1.001099101247039,2.3972862983066032,3.8119907621833433,0.0981885175723247
tide,darts,STORE0011,SKU0001,1552.5010081439077,110.89292915313627,14,1706.0,0.2773435597547131,0.4154537858854968,33.79629378153861,40.42593745286657,0.0442847862969588
tide,darts,STORE0006,SKU0028,1689.422176561284,120.67301261152029,14,1773.0,0.277321547135835,0.5765248426653127,35.12079307655968,47.25932522409762,0.1274047484888542
tide,darts,STORE0007,SKU0089,486.88204008484945,34.777288577489244,14,434.0,0.2772825135584474,0.5745085964645559,8.59575792031187,12.034416443846736,0.1848802391450149
tide,darts,STORE0003,SKU0020,540.4009161016075,38.60006543582911,14,512.0,0.2772247480480141,0.4094066261334195,10.138505071470233,13.246109302133023,0.1229396577720098
tide,darts,STORE0010,SKU0068,544.7656955926078,38.91183539947199,14,623.0,0.2770123886721877,0.2737400219996327,12.327051295912357,14.27480159666453,-0.002556740863021
tide,darts,STORE0012,SKU0101,209.48274993675284,14.963053566910917,14,250.0,0.2767996485424488,0.2899279985288384,4.942850866829444,6.391066573446373,0.0644426069875771
tide,darts,STORE0009,SKU0028,1364.930797753032,97.49505698235943,14,1576.0,0.2767657911614993,0.376524671243051,31.155920490751644,40.59096965173886,0.0494736640944733
tide,darts,STORE0007,SKU0024,649.2682091883427,46.37630065631019,14,611.0,0.2766372844524974,0.3706508998136714,12.07324148574828,15.118446835964034,0.1406232699663081
tide,darts,STORE0011,SKU0002,983.3681226397215,70.24058018855153,14,963.0,0.2766148527039926,0.3757784283039262,19.02715022528178,23.562827642178277,0.0843787873898265
tide,darts,STORE0007,SKU0029,300.0906366508765,21.435045475062605,14,356.0,0.2760921464690528,0.4121023296975261,7.020628867355915,8.169280081138725,0.085006665875917
tide,darts,STORE0004,SKU0075,535.643246496274,38.260231892590994,14,539.0,0.2760153978532388,0.4521081667529837,10.626592817349698,14.602530667770573,-0.007787015608295
tide,darts,STORE0002,SKU0065,616.795935009914,44.056852500708146,14,692.0,0.2756852107427542,0.3349222209442549,13.626726130998993,19.933140873739177,0.0927338426569429
tide,darts,STORE0012,SKU0017,1294.4805130391253,92.46289378850895,14,1482.0,0.2753934377343707,0.4475034645343539,29.152362480166957,34.05073180762536,-0.0326596102833351
tide,darts,STORE0011,SKU0074,819.0114592235918,58.50081851597084,14,1107.0,0.2749534757195508,0.332967403410589,21.74096411582448,25.167261641134257,0.0287764234957872
tide,darts,STORE0006,SKU0042,207.08021285370694,14.791443775264781,14,248.0,0.2748094970845838,1.6102055782197813,4.868053948355484,7.088391201984583,0.0219001509789122
tide,darts,STORE0002,SKU0012,482.00279930544025,34.428771378960015,14,745.0,0.2747610097261848,0.2933250659374948,14.621210874714832,23.17574037760484,-0.1329472259430025
tide,darts,STORE0002,SKU0040,199.77105271782526,14.26936090841609,14,312.0,0.2747162305376869,0.4096802852145149,6.1222474234113085,8.05813846409192,0.2710006290190854
tide,darts,STORE0001,SKU0099,1485.6789796411156,106.11992711722255,14,1706.0,0.2746406114872124,0.2071835961976093,33.46692022837032,47.037926289469496,-0.0022517736818938
tide,darts,STORE0004,SKU0087,448.61875563783224,32.04419683127373,14,478.0,0.2746333874094614,0.4738333009325794,9.376768512980185,11.88926373813004,-0.0514079609943227
tide,darts,STORE0004,SKU0065,917.5870876242881,65.54193483030629,14,1077.0,0.2743565184285237,0.2751962657577451,21.10585502482286,31.37721998513296,0.0348216128540624
tide,darts,STORE0005,SKU0083,1298.392794930771,92.74234249505507,14,1247.0,0.2738326184640553,0.3419098784457666,24.39066251604836,30.007944883112216,0.0989450867385183
tide,darts,STORE0009,SKU0017,1232.6226279324446,88.04447342374604,14,1593.0,0.2737254200897953,0.2433171075951648,31.146042443074567,41.14337022507576,-0.1877073281703968
tide,darts,STORE0013,SKU0085,496.4544855292187,35.46103468065848,14,573.0,0.2735518621359199,0.3627223667757669,11.196086928848723,17.337981810091616,0.1140150699844905
tide,darts,STORE0008,SKU0010,503.71494096804133,35.97963864057438,14,525.0,0.2735315180873378,0.3567675841324125,10.257431928275167,12.456008993396376,0.1163228987648682
tide,darts,STORE0002,SKU0083,960.4265732040251,68.6018980860018,14,884.0,0.2734862308627575,0.3385731361709975,17.268702005905542,20.032728753091085,0.1731581746197135
tide,darts,STORE0002,SKU0028,1234.4511182118422,88.17507987227444,14,1333.0,0.2731538844829844,0.2913478556488252,26.00815200112988,30.224880164196883,0.0103063710162927
tide,darts,STORE0007,SKU0003,239.81225189123884,17.12944656365992,14,248.0,0.2728877962627967,0.1835162824684334,4.83401239094097,7.027814935925162,-0.0176221560172098
tide,darts,STORE0007,SKU0088,259.70465798758465,18.550332713398905,14,252.0,0.2728664058210703,0.3331849983269527,4.911595304779267,5.98976595176724,0.0977228523707818
tide,darts,STORE0002,SKU0051,717.8773998746265,51.27695713390189,14,762.0,0.2728600805863725,0.324404407048803,14.851384386201136,17.163568146221706,-0.0288387299729447
tide,darts,STORE0006,SKU0085,1046.4982680066773,74.74987628619124,14,1393.0,0.2724679388756629,0.7139747045266321,27.110559918128462,33.98105344104534,-0.112616717068733
tide,darts,STORE0003,SKU0004,944.996503546692,67.49975025333514,14,911.0,0.2723447322969409,0.3205522482425351,17.721860794465226,22.36812679004674,0.1292021575325336
tide,darts,STORE0009,SKU0018,1114.6771813381977,79.61979866701412,14,1416.0,0.2721842646460511,0.2525388838429317,27.529494195629177,32.66027360430223,-0.2135000092555452
tide,darts,STORE0006,SKU0010,509.2192165884177,36.372801184886974,14,576.0,0.2719602377430354,0.5130231758239001,11.189221209999172,16.133309838375332,-0.0301462222270778
tide,darts,STORE0005,SKU0004,1368.7855841429212,97.77039886735152,14,1459.0,0.2719305207339477,0.2954205716066224,28.33904498220212,35.78786273773456,-0.021200926937702
tide,darts,STORE0012,SKU0055,175.76653746731026,12.554752676236447,14,187.0,0.2716923817750273,0.3200068270237962,3.629033956566437,4.514614468459432,0.0163464372263445
tide,darts,STORE0012,SKU0008,298.7290664569187,21.337790461208478,14,336.0,0.2714076677694777,0.3064534663934576,6.513784026467465,8.191017860895979,-0.0772662513070531
tide,darts,STORE0001,SKU0014,858.2646188720717,61.3046156337194,14,909.0,0.2712521006230759,0.3268287401292262,17.61201139045543,21.59359233976137,-0.0035458756166251
tide,darts,STORE0012,SKU0072,516.0947910057627,36.86391364326876,14,546.0,0.2711236965815497,0.3584821835071352,10.573824166680438,12.469831581422651,-0.0776166693497808
tide,darts,STORE0010,SKU0065,711.9503149022264,50.8535939215876,14,882.0,0.2708334249690169,0.3569600947274743,17.06250577304807,22.242183688479304,-0.0168242533697849
tide,darts,STORE0008,SKU0012,630.3520556360581,45.02514683114701,14,949.0,0.2707458601321379,0.3059247333583486,18.352701518957065,22.596314263707143,-0.0568847962530078
tide,darts,STORE0012,SKU0058,1109.2449625337933,79.2317830381281,14,1174.0,0.2706560300794667,0.5053661631115045,22.696441379520994,29.093940042276447,0.0015587507582977
tide,darts,STORE0006,SKU0035,2686.349383701574,191.88209883582672,14,3647.0,0.2703831042628957,0.2415679301603915,70.43479866048433,92.55387558848837,-0.2111331960132786
tide,darts,STORE0010,SKU0019,212.63058737718393,15.18789909837028,14,253.0,0.2695727673437168,0.2080032408323435,4.871565009854311,6.824149579063977,0.0992568517618475
tide,darts,STORE0012,SKU0052,712.2903982167995,50.87788558691425,14,731.0,0.2694796832730468,0.3086964492777121,14.070689176614083,16.697972907475897,0.0568171349969656
tide,darts,STORE0007,SKU0038,978.3565489170797,69.88261063693427,14,1185.0,0.2692900641863818,0.3771022917951168,22.793480432918745,26.785265169125744,0.013945033919091
tide,darts,STORE0003,SKU0066,306.83904077751674,21.917074341251197,14,303.0,0.2692542401408911,0.5212334242206789,5.827431054477858,7.914731721606295,0.176670028151149
tide,darts,STORE0009,SKU0047,922.8685375126112,65.91918125090079,14,1126.0,0.2691837286174497,0.2815388581299847,21.650062744517747,25.93010300874085,-0.1394294575038203
tide,darts,STORE0011,SKU0089,653.0451369574597,46.64608121124712,14,668.0,0.2687913511495623,0.3888476594955615,12.825187326279115,18.148858627772512,-0.0290927143456615
tide,darts,STORE0002,SKU0011,226.1387052719163,16.152764662279736,14,251.0,0.2680904954017236,0.4444241313270807,4.806479596130903,5.879429421696198,0.1260863343062989
tide,darts,STORE0012,SKU0028,1432.8443198390128,102.34602284564377,14,1723.0,0.268083141193343,0.2787836874775009,32.99337516258071,41.47214368812655,0.0086256597991671
tide,darts,STORE0008,SKU0001,1505.01672677992,107.50119476999429,14,1519.0,0.2680130323108149,0.3384439633658809,29.07941400572341,39.74606201429158,0.1434896316371153
tide,darts,STORE0010,SKU0080,1020.9634868140889,72.9259633438635,14,1122.0,0.2679113855473853,0.1835948276294585,21.471183898869025,31.270363228976425,-0.0381373068004596
tide,darts,STORE0009,SKU0034,1656.1026021884682,118.29304301346201,14,2219.0,0.2677559967321833,0.283779634362521,42.43932548205105,48.307813136197296,-0.0231423092740807
tide,darts,STORE0009,SKU0075,394.2149651909518,28.158211799353698,14,458.0,0.2676144753674208,0.2832588548408303,8.754816408448482,11.098487463829583,-0.159250795421388
tide,darts,STORE0010,SKU0057,1089.2581941248568,77.80415672320406,14,1210.0,0.2675924507434656,0.5042686371414191,23.127633242828104,28.578516156383376,-0.0888192930701438
tide,darts,STORE0012,SKU0027,1469.722495994998,104.98017828535701,14,2358.0,0.2674749715071608,0.2407221077897761,45.05042734384895,63.17242943204964,-0.1917412783278695
tide,darts,STORE0009,SKU0049,541.2195199024878,38.65853713589199,14,539.0,0.2674463820441483,0.3077241675122252,10.29668570869971,11.87975355963493,0.1622674045579564
tide,darts,STORE0006,SKU0004,1322.0744807723609,94.43389148374006,14,1365.0,0.2672686856476141,0.4005379987799402,26.058696850642377,34.889184366601775,0.0381904576655742
tide,darts,STORE0011,SKU0038,1388.4006679862814,99.17147628473438,14,1762.0,0.2671869022228327,0.335306015411222,33.62738012261652,39.54368186761144,-0.0106030550861205
tide,darts,STORE0001,SKU0027,1800.4693379509304,128.60495271078074,14,2752.0,0.2671130201002988,0.2846679835880472,52.50678795114446,67.5178985492764,-0.1730376406881927
tide,darts,STORE0008,SKU0008,359.7990645975789,25.699933185541347,14,370.0,0.2670700339545397,0.2988507748313771,7.058279468798552,7.848153990683655,0.0323084222071762
tide,darts,STORE0010,SKU0088,338.1228945933393,24.151635328095665,14,348.0,0.2669653462079079,0.4006529339048611,6.635995748596569,8.706632706003186,0.0065873113072487
tide,darts,STORE0009,SKU0067,483.69639555055755,34.54974253932554,14,473.0,0.2669302342011446,0.5508063050361753,9.01842862693867,12.00458647698064,0.0343957958339975
tide,darts,STORE0010,SKU0039,192.76339322912654,13.768813802080468,14,237.0,0.2667682536541751,0.3495206187923379,4.516005436859964,5.873363026521873,-0.0119357448095696
tide,darts,STORE0002,SKU0055,147.05759087343694,10.504113633816925,14,165.0,0.2667243667034885,0.846258399381852,3.1435371790054005,4.005565326789418,-0.0743869477994101
tide,darts,STORE0004,SKU0070,1550.3532449951438,110.73951749965313,14,1545.0,0.2666917779792488,0.4060482843948435,29.431342641281397,38.2970729456771,-0.0053288797757599
tide,darts,STORE0003,SKU0043,442.0899060310565,31.57785043078975,14,614.0,0.26663338399929,0.3092631617731824,11.693778412540288,13.706060857888689,0.0397663538483134
tide,darts,STORE0007,SKU0046,1004.2249496583586,71.73035354702562,14,1422.0,0.2665029791201065,0.2475815017103101,27.069088307770816,35.68132570064835,-0.1231773213682788
tide,darts,STORE0003,SKU0092,954.3934654083911,68.17096181488508,14,949.0,0.2664433743122138,1.353878387537551,18.06105444444935,24.565577395533104,0.0680433324085485
tide,darts,STORE0004,SKU0046,1332.009317193856,95.14352265670401,14,1925.0,0.2662207723107011,0.2999752780443095,36.6053561927214,42.22943647914568,-0.1482091921790842
tide,darts,STORE0006,SKU0096,1446.4113288981623,103.3150949212973,14,1601.0,0.2659026594593101,0.3543728006196194,30.407868413882536,35.10104851808144,-0.0911917568778729
tide,darts,STORE0006,SKU0023,1016.6881284009692,72.62058060006923,14,1272.0,0.2657270531944624,0.5362691105569858,24.143200833096863,31.263279812073115,0.0280544931784667
tide,darts,STORE0011,SKU0019,244.3399034916116,17.45285024940083,14,287.0,0.265416457645137,0.4406569085400156,5.441037381725309,6.375328319028594,0.0836156719891774
tide,darts,STORE0001,SKU0004,1427.6253323459302,101.9732380247093,14,1418.0,0.2653563484398473,2.5743762702969035,26.87680729197882,35.65611689714677,0.0380986595094973
tide,darts,STORE0005,SKU0074,849.4971945698162,60.67837104070116,14,1170.0,0.2652916485824293,0.3118522047523069,22.17080206010302,26.73855232301156,-0.009583071614198
tide,darts,STORE0009,SKU0076,373.04993782162296,26.646424130115925,14,399.0,0.2650970316102818,0.3568170759840078,7.555265400893033,9.10307088798977,-0.0285027998775521
tide,darts,STORE0001,SKU0006,1518.5717757496423,108.46941255354588,14,1888.0,0.2650834315583585,0.2923950412943465,35.748394198727205,46.792172692970944,-0.0021167229047234
tide,darts,STORE0001,SKU0068,630.2836420745825,45.02026014818447,14,625.0,0.2649788481149799,0.580576577548839,11.829412862275891,15.477117684171118,0.1781281454192937
tide,darts,STORE0005,SKU0005,1145.4452495971645,81.81751782836889,14,1269.0,0.2648385251432966,0.3329898156544841,24.00572060048881,34.50866576411053,0.2232688904282825
tide,darts,STORE0007,SKU0059,262.8697702044781,18.77641215746272,14,282.0,0.2646761459636542,0.2645284273675002,5.331333797267893,6.663371837759855,-0.029128076067562
tide,darts,STORE0005,SKU0095,474.04661302352775,33.86047235882341,14,571.0,0.2646661222504076,0.2365768291361882,10.794596843213052,15.054858074006026,-0.2100639661123619
tide,darts,STORE0009,SKU0085,854.2525991158328,61.01804279398806,14,1081.0,0.2644069527658904,0.310479405394657,20.415993995709105,26.048832995796563,0.0099092172899929
tide,darts,STORE0003,SKU0035,1924.3469108975805,137.4533507783986,14,2221.0,0.2643218177674618,0.4301351154366855,41.93276837582376,49.41389243463975,0.0095304177453934
tide,darts,STORE0007,SKU0082,680.2418268564255,48.58870191831611,14,697.0,0.2642722670470271,0.3667151325086945,13.15698358084128,17.627227510914572,-0.0196305673684185
tide,darts,STORE0003,SKU0054,831.7527280635279,59.410909147394854,14,1121.0,0.2636298041301913,0.4244618728847715,21.10921503071032,29.260964315168152,0.0055372923632599
tide,darts,STORE0012,SKU0019,211.90104448775656,15.135788891982612,14,256.0,0.2635282078574127,0.3029558323994489,4.818801515106976,6.148656086231903,0.0573669337552053
tide,darts,STORE0008,SKU0018,1122.9725478523867,80.21232484659905,14,1262.0,0.263337679563158,0.2845887193152964,23.738010829193247,27.454103328742143,-0.0477673127767436
tide,darts,STORE0009,SKU0038,1070.7701403216495,76.48358145154639,14,1253.0,0.2632525532377184,0.3580373869903825,23.561103514775795,27.11596384598812,0.116581123343645
tide,darts,STORE0004,SKU0092,1370.658805353836,97.90420038241686,14,1296.0,0.2632418662857507,0.2946298933206363,24.36867562188092,27.629881230355576,0.1267403750420833
tide,darts,STORE0003,SKU0094,657.4928178498731,46.96377270356236,14,641.0,0.2632116506311432,0.4555800192326079,12.051333432468777,15.711128707468992,0.0679396343447857
tide,darts,STORE0005,SKU0049,695.3576379872108,49.668402713372195,14,789.0,0.2631398135904211,0.775331066122943,14.829808065917309,19.05537731001952,-0.1115327376016799
tide,darts,STORE0011,SKU0073,172.29414524280028,12.30672466020002,14,184.0,0.2630410766051921,0.1908658934784281,3.4571112925253824,4.555765787627977,-0.1105135072042317
tide,darts,STORE0009,SKU0102,1247.5132340681268,89.10808814772335,14,1685.0,0.2630014224408498,0.255292764420063,31.65409977234514,41.71556742253155,-0.0741255863704075
tide,darts,STORE0006,SKU0101,215.7531206689181,15.410937190637005,14,272.0,0.2629833367560959,0.4088708884987754,5.109390542689864,6.606524580315868,0.0203844019328245
tide,darts,STORE0010,SKU0035,2206.2882314240323,157.59201653028802,14,2699.0,0.2629064115168663,0.4877797982432561,50.684600334573005,67.68098482423508,-0.0111068889881175
tide,darts,STORE0011,SKU0022,1387.818030239147,99.12985930279622,14,1660.0,0.2624313921160417,0.251856119283185,31.1168650651878,36.15066306593321,-0.1090351574437612
tide,darts,STORE0012,SKU0015,148.3999295022413,10.599994964445807,14,171.0,0.262216447913355,0.278741565111802,3.2027866137988363,3.628565110005434,-0.1091086049433721
tide,darts,STORE0004,SKU0081,1084.293653910276,77.44954670787685,14,1199.0,0.2621257493829589,0.2862155341650602,22.44919810786913,27.89776079935398,-0.1309383669573762
tide,darts,STORE0007,SKU0096,1033.2129775398428,73.80092696713163,14,1130.0,0.2618025006660362,0.3705126537682757,21.13120183947293,26.553309404555897,-0.0269676705830833
tide,darts,STORE0010,SKU0010,455.94049912896895,32.56717850921207,14,488.0,0.2616667756612271,0.3537454507748089,9.120956180191344,12.276320051874457,0.0621859463190971
tide,darts,STORE0004,SKU0064,1295.8117390427817,92.5579813601987,14,1440.0,0.2616024387933025,0.2681276398493628,26.90767941873969,35.86331590227858,-0.0848272943654141
tide,darts,STORE0011,SKU0037,1529.9938199576573,109.28527285411838,14,1945.0,0.2615233073463771,0.343598703354986,36.33305948490739,44.72579298581445,-0.0375564317660987
tide,darts,STORE0010,SKU0086,97.09087701580498,6.93506264398607,14,146.0,0.2614677673671914,0.2555470307905637,2.7267352882578533,3.5929204554332355,0.0628036010894407
tide,darts,STORE0007,SKU0020,524.9289275239297,37.494923394566406,14,561.0,0.2612011824376118,0.309527402876835,10.466704524821449,13.007695942407643,-0.0334306579202454
tide,darts,STORE0003,SKU0058,1004.4355151944108,71.74539394245791,14,1001.0,0.2611769917186268,0.3406139626578084,18.674154907881817,22.313206761265047,0.0370778493521501
tide,darts,STORE0004,SKU0020,773.1646053345465,55.226043238181894,14,826.0,0.2610972542165957,1.98926561691879,15.404737998779146,19.4249141466658,-0.0515235393883145
tide,darts,STORE0010,SKU0021,686.0694426649119,49.00496019035085,14,697.0,0.2610848817929619,0.3925968004778156,12.998297329263892,18.085978245954824,-0.0126438024143889
tide,darts,STORE0002,SKU0088,283.0445664632026,20.2174690330859,14,317.0,0.2608118233120809,0.2543455322554682,5.905524856423546,7.214306103646512,-0.118714974403659
tide,darts,STORE0012,SKU0064,1147.9292875013086,81.99494910723634,14,1122.0,0.2606170516780036,0.6334353157228829,20.886595141622863,29.26530475284645,0.049754466553882
tide,darts,STORE0007,SKU0047,844.2828391377972,60.305917081271225,14,1027.0,0.2602179478486695,0.3090859330335832,19.0888451743274,22.986107129487905,-0.1632404729722555
tide,darts,STORE0009,SKU0063,638.8154991850835,45.62967851322025,14,836.0,0.2600636308946019,0.3917515358733482,15.5295139591348,18.72204424414137,-0.0784208503025265
tide,darts,STORE0011,SKU0031,752.1010566474539,53.72150404624671,14,1024.0,0.2599349866277491,0.2722130646601099,19.012387593343934,25.816929367837517,-0.0184978985933996
tide,darts,STORE0003,SKU0071,351.8121822268003,25.129441587628595,14,347.0,0.2598825062483341,0.2925758106981481,6.441373547726566,7.160188869692711,0.0647467627051782
tide,darts,STORE0011,SKU0052,800.036614149771,57.14547243926936,14,860.0,0.259818238026992,0.4003098071185999,15.960263193086655,23.28082074856573,-0.0358276390296488
tide,darts,STORE0011,SKU0012,649.6141864649387,46.40101331892419,14,988.0,0.2587959856742304,0.2903091556488423,18.263602417581403,25.302845421215675,-0.0440074126113674
tide,darts,STORE0010,SKU0085,917.1215095020327,65.50867925014519,14,1155.0,0.2586474033567664,1.055282434251295,21.338410776933227,28.511210726030846,-0.0176313673895591
tide,darts,STORE0007,SKU0008,256.2808032985475,18.305771664181965,14,282.0,0.2581358835325283,0.4296362784329797,5.199594225440928,6.153544422065281,-0.0728736883349177
tide,darts,STORE0010,SKU0064,1239.0667794288795,88.50476995920567,14,1232.0,0.2579269980990827,0.3857014910953561,22.697575832719284,31.271832085656385,0.062031715993231
tide,darts,STORE0010,SKU0074,725.7534479454316,51.83953199610226,14,952.0,0.2579033091770507,0.4249866754143173,17.537425024039447,23.55575207226241,0.0725160911349953
tide,darts,STORE0007,SKU0093,758.2133135625137,54.158093825893836,14,816.0,0.257859202807608,0.2974322584003767,15.029507820786298,17.364359333970157,-0.0489990208303526
tide,darts,STORE0008,SKU0016,346.5672189313784,24.754801352241316,14,488.0,0.2575251131719459,0.2306395873078007,8.976589659136398,11.54536199008229,-0.1896723927162532
tide,darts,STORE0009,SKU0046,1010.0645195966908,72.14746568547791,14,1328.0,0.2575170512951812,0.2942010749713044,24.427331722857197,32.64189143177083,0.0717716022743305
tide,darts,STORE0001,SKU0070,1548.3178555520033,110.5941325394288,14,1701.0,0.2573040182904579,0.8516162651968427,31.262438222290644,42.37136617750155,-0.079659751506641
tide,darts,STORE0010,SKU0032,853.7566267789813,60.98261619849866,14,1108.0,0.2572103619372102,0.2861812995781757,20.35636293045921,22.781332320764086,0.0012147129743451
tide,darts,STORE0012,SKU0059,347.2048178239007,24.800344130278624,14,346.0,0.2570431366248945,0.4132345236636555,6.352637519443823,8.168453263314198,0.0231446211836614
tide,darts,STORE0003,SKU0069,813.7824563903833,58.12731831359881,14,1055.0,0.2568385784338124,0.3081863415656066,19.354621446262293,23.496334920116208,-0.0012162970811887
tide,darts,STORE0007,SKU0076,318.3041473617977,22.73601052584269,14,358.0,0.2568213518381938,0.2688296181653385,6.5672888541480985,7.577876956803502,-0.1092548970338389
tide,darts,STORE0011,SKU0030,654.2874046063683,46.73481461474059,14,741.0,0.2566561687718874,0.421979874226044,13.58444436142633,18.153079920933763,0.0245023854088927
tide,darts,STORE0004,SKU0031,760.7054206820799,54.33610147729142,14,1139.0,0.2566488129141948,0.3777842116846681,20.880214136376274,25.829244369110526,-0.168972806246969
tide,darts,STORE0006,SKU0008,343.8524663893935,24.56089045638525,14,381.0,0.2564791914296971,0.3500643055021423,6.979897995336758,8.17078310111141,-0.0912268816564283
tide,darts,STORE0006,SKU0025,474.50809434488497,33.89343531034893,14,499.0,0.2564566157150539,1.6789064492961885,9.140846517272278,14.468800458304951,0.0314342970990001
tide,darts,STORE0004,SKU0008,357.6001097767051,25.542864984050365,14,363.0,0.2564530082355671,0.49890803946185,6.649460142107919,9.939600747303128,0.0917998777247318
tide,darts,STORE0004,SKU0017,1487.0681330602363,106.21915236144545,14,1849.0,0.2563881327952964,0.2498843825523825,33.86154696703593,41.5813773265103,-0.0924570494317967
tide,darts,STORE0002,SKU0096,998.7180759483721,71.33700542488371,14,950.0,0.2563877254097463,0.4080736849021464,17.397738509947068,24.61271038595514,0.1566957372348114
tide,darts,STORE0003,SKU0065,611.606604605679,43.686186043262786,14,770.0,0.2563389083369934,0.3533158191586781,14.09863995853464,18.87804126169776,-0.0134923610141719
tide,darts,STORE0008,SKU0022,1317.0879857969062,94.07771327120759,14,1449.0,0.2560020506880644,0.3082016984802714,26.496212246214668,30.312014290918967,-0.0023580299118162
tide,darts,STORE0009,SKU0039,194.34899929404622,13.88207137814616,14,227.0,0.2557359702024759,0.7426019646904977,4.146576088283004,5.990185773287927,0.1138770239101853
tide,darts,STORE0006,SKU0090,302.3123310011288,21.593737928652057,14,298.0,0.2556916313692262,0.3458961342374946,5.442579010573529,6.840258697798479,0.0449744910393244
tide,darts,STORE0001,SKU0069,1188.806909413382,84.914779243813,14,1641.0,0.255676277414301,1.9179149824111936,29.968912231204857,40.97312060906357,-0.1266649218778903
tide,darts,STORE0005,SKU0089,732.9316418667944,52.352260133342455,14,749.0,0.2554764965737344,0.300770897945216,13.66799256669479,16.555995353230653,-0.0059375254337757
tide,darts,STORE0008,SKU0082,972.6983754893641,69.47845539209744,14,1036.0,0.2551507082386793,0.2762714530136853,18.88115240966227,21.94248421744704,-0.065735069408032
tide,darts,STORE0010,SKU0053,404.8049775814747,28.91464125581962,14,445.0,0.2551114270006319,0.2382247756329314,8.108898929662944,10.523780850460756,-0.1156158930852351
tide,darts,STORE0001,SKU0015,163.7444784049734,11.696034171783813,14,160.0,0.2549095611835144,0.4012837267158895,2.913252127811593,3.9028235605152712,0.1303320162823822
tide,darts,STORE0011,SKU0065,779.4975099849879,55.67839357035628,14,1013.0,0.2547387485167739,0.3007389942346443,18.432168017678,24.065581011787163,-0.0321745699049859
tide,darts,STORE0002,SKU0056,245.38800158120824,17.527714398657732,14,305.0,0.2546782041994037,0.2693381367063077,5.54834659148701,8.033752736090683,0.0291775946957623
tide,darts,STORE0009,SKU0061,1291.9484097368966,92.28202926692119,14,1390.0,0.2544891105545216,0.3433178365013227,25.2671331193418,30.86838887713268,-0.0597064737710854
tide,darts,STORE0005,SKU0076,436.10072283773616,31.15005163126687,14,437.0,0.2540992308076913,0.345170148061896,7.93152599021151,9.897952583114332,0.0455136987122408
tide,darts,STORE0003,SKU0091,182.2701527208955,13.019296622921107,14,230.0,0.2539289305904881,0.9100190805312004,4.171689573986591,5.259320890671067,0.0250186024515729
tide,darts,STORE0004,SKU0027,1620.7004047670684,115.76431462621917,14,2403.0,0.25370145910918,0.2810361061531117,43.546043302811405,57.60943441981022,0.002259460962777
tide,darts,STORE0002,SKU0044,825.8160221338916,58.9868587238494,14,974.0,0.2536957394430956,0.4739150197476819,17.649975015541084,21.61095701413076,0.0578617668862607
tide,darts,STORE0002,SKU0008,251.56056368911769,17.968611692079836,14,263.0,0.2535050632843651,0.2794702236656432,4.762273688842002,5.426947682086716,0.0156962796178149
tide,darts,STORE0009,SKU0051,786.9649722279728,56.211783730569486,14,894.0,0.2531334257233176,0.371481588899443,16.164377328331852,20.67078119679289,-0.0104350894148703
tide,darts,STORE0006,SKU0022,1442.6133229478833,103.04380878199166,14,1508.0,0.2528975610017119,0.6220710642779884,27.240680142184395,36.44989153250682,0.0093954279132141
tide,darts,STORE0011,SKU0066,460.8534438137816,32.91810312955583,14,486.0,0.252562978959345,0.2729863349607073,8.767543412445834,9.807320880554729,-0.0061679370740932
tide,darts,STORE0008,SKU0039,240.54500696886012,17.181786212061436,14,321.0,0.2523780468686609,0.2358487506265375,5.78666807463144,7.319086634541796,-0.1362782024553376
tide,darts,STORE0010,SKU0043,551.9834982385346,39.4273927313239,14,744.0,0.2523217836532223,0.3294767415943543,13.4091005027141,15.773539259277094,0.0591670998382351
tide,darts,STORE0011,SKU0070,1440.569017305932,102.89778695042371,14,1494.0,0.2522834392853695,0.6277813307113869,26.92224702088158,35.46289104347932,0.0267063887143412
tide,darts,STORE0007,SKU0073,121.4439120001669,8.674565142869065,14,119.0,0.2522552278652639,0.2876794296687229,2.1441694368547437,2.373973457963354,0.1111018250037007
tide,darts,STORE0011,SKU0061,1384.5589418599116,98.89706727570797,14,1435.0,0.2521348471406286,0.3487170658807872,25.843821831914436,34.43832760782277,0.0131239354294486
tide,darts,STORE0003,SKU0016,234.1284701760589,16.723462155432777,14,283.0,0.2520879416096014,0.248012816669643,5.095777676822658,7.187318963964963,0.0645077340121465
tide,darts,STORE0013,SKU0020,382.05202638837306,27.289430456312363,14,390.0,0.2520852251300088,0.2544507621572493,7.022374128621676,8.898907150819946,0.0283420194779605
tide,darts,STORE0001,SKU0093,1122.6631738221477,80.19022670158198,14,1088.0,0.2518532534212765,0.3379502009247968,19.572595694453494,23.97051240158617,0.094092033914901
tide,darts,STORE0002,SKU0073,115.8371298088505,8.27408070063218,14,114.0,0.2517773381920238,0.2788219621668316,2.05018689670648,2.6817762343605467,0.1226669768799028
tide,darts,STORE0005,SKU0067,611.6976770413689,43.692691217240636,14,633.0,0.2517037322900443,1.0998658476242384,11.380604467114145,16.041514161620842,-0.0576588312187142
tide,darts,STORE0002,SKU0032,614.4511443526862,43.889367453763306,14,777.0,0.2516274993858041,0.5861823978289519,13.965326215912128,19.123715893874888,0.0925352772168117
tide,darts,STORE0008,SKU0044,1107.717108581229,79.12265061294492,14,1387.0,0.2515662333642518,0.2887724870661759,24.923026119729805,29.50937121439256,-0.0755545426593803
tide,darts,STORE0003,SKU0051,712.3069479085535,50.879067707753826,14,746.0,0.2513035718165898,0.3055718366504786,13.390890326798289,16.067284754356038,-0.0169286185475128
tide,darts,STORE0010,SKU0005,1030.757463222762,73.62553308734014,14,1302.0,0.251215560272179,0.3414544044736661,23.363047105312653,28.273230560836108,0.0238408380661106
tide,darts,STORE0012,SKU0074,792.7484796020553,56.62489140014681,14,1015.0,0.2505915455992269,0.4026877977638798,18.167887055943957,22.02529752475062,0.0369286935107561
tide,darts,STORE0007,SKU0086,89.66636496171184,6.404740354407989,14,129.0,0.2505005708102024,0.2895851882793393,2.308183831036865,3.5552791059723003,0.0957222991241919
tide,darts,STORE0001,SKU0045,848.5792380808584,60.61280272006132,14,1258.0,0.2503836205009091,0.3023961123946655,22.498756756438837,29.826842712974837,0.0242201124952753
tide,darts,STORE0004,SKU0101,229.5527813155537,16.396627236825264,14,279.0,0.2501997177356611,0.2525253353710434,4.986122946303532,6.419583385603876,0.0880314119927167
tide,darts,STORE0004,SKU0026,1566.9595870388516,111.9256847884894,14,1729.0,0.2500738819028343,0.3376588178773552,30.88412441500005,36.43779406140207,-0.0258232609955457
tide,darts,STORE0004,SKU0071,467.0705013537799,33.362178668127136,14,421.0,0.2500175188859765,0.3471527453580953,7.518383960785436,9.070180887577942,0.1382881941034037
tide,darts,STORE0011,SKU0096,1396.7625776604775,99.76875554717697,14,1533.0,0.2494649938029542,0.8778819033437664,27.31641682142349,35.0871285925772,-0.0664943698588616
tide,darts,STORE0005,SKU0091,263.1349317473581,18.795352267668438,14,329.0,0.2493940265023459,0.2281133356757874,5.860759622805129,7.2362041316422,-0.0046333140277199
tide,darts,STORE0004,SKU0018,1245.9558927002886,88.99684947859204,14,1410.0,0.2493413454589767,0.2499969522984229,25.112235506939804,33.80511602542679,-0.0883619626624297
tide,darts,STORE0009,SKU0088,307.20432193422187,21.94316585244442,14,297.0,0.249231480358071,0.2883800342513047,5.287267833310507,6.59909860497153,0.1067987358209353
tide,darts,STORE0008,SKU0027,1655.598659048788,118.25704707491343,14,2431.0,0.2492150109980912,0.2846811357191016,43.274406552597135,52.60230317064691,-0.1439166776889265
tide,darts,STORE0005,SKU0058,1346.6815260425951,96.19153757447108,14,1467.0,0.2488255197950796,0.2815572864491426,26.07335982424156,29.95840623871312,-0.0474587336418231
tide,darts,STORE0003,SKU0063,550.3823148222224,39.3130224873016,14,680.0,0.2487672629980635,0.3266038224585711,12.082981345620228,13.219651472136224,0.0617037039390971
tide,darts,STORE0006,SKU0050,246.36347645233468,17.597391175166763,14,250.0,0.2483058709265057,0.2655690000352875,4.434033409401889,5.4190676896624215,0.0693565046841497
tide,darts,STORE0013,SKU0089,355.70302453748985,25.40735889553499,14,390.0,0.2481027491456201,0.2386479953267169,6.911433726199418,8.202377335489333,-0.0811523858264705
tide,darts,STORE0011,SKU0007,413.98754091226726,29.57053863659052,14,501.0,0.2478880889834728,0.2446658620209854,8.870852327194278,12.412738567061242,-0.1781184101336305
tide,darts,STORE0006,SKU0092,1423.1140592069535,101.6510042290681,14,1299.0,0.2478759576661489,0.1915078622421765,22.999347786309105,35.52192104972678,0.1656431297701861
tide,darts,STORE0010,SKU0059,354.2275988301535,25.301971345010966,14,367.0,0.247735042665004,0.2738225324406224,6.494197189861177,8.229830609468458,-0.0243428017436221
tide,darts,STORE0001,SKU0010,553.0396363808426,39.50283117006018,14,595.0,0.247322604791501,2.787107113589012,10.511210703638795,14.934038280603104,0.0211821969848599
tide,darts,STORE0009,SKU0024,685.6598368115008,48.97570262939291,14,724.0,0.2471209213476233,0.2727054277538853,12.779681932548524,15.42340901409472,0.0147782904969573
tide,darts,STORE0008,SKU0004,1309.480915265462,93.53435109039015,14,1489.0,0.2468458084576441,0.2805382773516172,26.25381491381658,28.788261004691304,-0.0874125923375371
tide,darts,STORE0013,SKU0014,423.68748242593034,30.263391601852167,14,483.0,0.2467971446179968,0.2788518725129634,8.514501489320892,9.631196839727336,-0.0967158793417826
tide,darts,STORE0009,SKU0059,324.64997021665204,23.189283586903716,14,384.0,0.2466967032881142,0.2497292456960487,6.766538147331132,7.85799599890229,-0.1807296030704353
tide,darts,STORE0007,SKU0028,1281.943272281169,91.56737659151206,14,1380.0,0.246502722486746,0.4088796577234858,24.298125502264963,31.645568728844665,0.0902608801592653
tide,darts,STORE0004,SKU0098,579.4862154019208,41.39187252870863,14,620.0,0.2462789669559012,0.3921822499299465,10.906639965189912,12.984495272190356,0.039378217853374
tide,darts,STORE0012,SKU0026,1188.8934825295435,84.92096303782454,14,1485.0,0.2460895873596861,0.3185553561610685,26.10307408779528,32.739553442174184,-0.1384635874441754
tide,darts,STORE0013,SKU0031,366.1373415102754,26.15266725073396,14,543.0,0.2458399560741127,0.2427724934998501,9.535078296303087,11.745254819627087,-0.0805043657592471
tide,darts,STORE0012,SKU0036,472.09839628438215,33.72131402031301,14,655.0,0.2457887094408903,0.2602028642761339,11.499400334555942,14.057694602175964,-0.0114442294847308
tide,darts,STORE0001,SKU0053,443.79067162939646,31.699333687814033,14,476.0,0.2452516300475347,0.2407218511226136,8.338555421616183,10.795502271790868,-0.017286148625433
tide,darts,STORE0012,SKU0009,710.4609379707075,50.747209855050535,14,708.0,0.2450830040539294,1.4285705370081152,12.39419763358443,18.56292758100748,0.066452240446074
tide,darts,STORE0005,SKU0079,1233.885535391086,88.13468109936329,14,1154.0,0.2449770165858912,1.6498124676565895,20.193105510008458,29.5531995772636,0.0933259560690291
tide,darts,STORE0009,SKU0068,516.4992848990117,36.89280606421512,14,556.0,0.244804507202777,0.3346332230510457,9.722236143196003,11.74851240504795,0.0528379533659025
tide,darts,STORE0010,SKU0046,1089.2239898652774,77.80171356180553,14,1367.0,0.2447670829067454,0.5054668236476424,23.899757309537215,29.85200256401768,0.0781412328056039
tide,darts,STORE0002,SKU0036,407.8338699460563,29.130990710432595,14,497.0,0.244563225553678,0.2855331154590598,8.681994507155569,12.690351671924187,0.1539207341540971
tide,darts,STORE0013,SKU0024,424.47422734057466,30.319587667183903,14,496.0,0.2444990643078357,0.250951215131907,8.662252564049037,10.911443275266867,-0.0872820794405001
tide,darts,STORE0009,SKU0033,1351.616910850121,96.54406506072293,14,1735.0,0.2443470110448943,0.2408296692307314,30.28157601163512,36.247494982208266,-0.1768632662789937
tide,darts,STORE0005,SKU0087,446.85787217873104,31.91841944133793,14,436.0,0.2442671648937384,0.3522533890852121,7.607177420976427,9.4080633912729,0.0949598428401599
tide,darts,STORE0009,SKU0035,2216.3256633127276,158.30897595090912,14,2812.0,0.2442201609945418,0.2347741400819249,49.05336376547512,59.086807760103824,-0.1660340675608348
tide,darts,STORE0003,SKU0022,1024.5790289430115,73.18421635307224,14,1056.0,0.2441483466953042,0.3350876500870573,18.415761007874377,22.162822318147903,0.0071452555719919
tide,darts,STORE0005,SKU0035,2469.576313112233,176.39830807944523,14,2860.0,0.2440747260478923,0.3160993395365384,49.86097974978372,64.57678408851868,0.0216535987277319
tide,darts,STORE0007,SKU0031,506.67423033465246,36.191016452475175,14,763.0,0.2440073738794828,0.2858981787053598,13.298401876431813,16.697972112415812,-0.0662310630647766
tide,darts,STORE0008,SKU0088,328.07691367517117,23.434065262512227,14,350.0,0.243672161340864,0.2930304682430683,6.091804033521602,7.401760800876186,-0.0074319766507134
tide,darts,STORE0011,SKU0017,1446.3342093833348,103.30958638452391,14,1642.0,0.2436522886446741,0.2597053974521293,28.57693271103964,35.75749785552855,-0.0273268290644356
tide,darts,STORE0001,SKU0067,597.570559474783,42.683611391055926,14,615.0,0.2435490524947202,0.2656214229486854,10.698761948875212,12.779477797444365,-0.0029568629274754
tide,darts,STORE0006,SKU0020,790.0390627164613,56.43136162260438,14,812.0,0.2434718647999693,0.316598073413342,14.12136815839822,16.548139904828158,0.0003125425599235
tide,darts,STORE0010,SKU0037,1365.9985708977736,97.5713264926981,14,1785.0,0.2434502409429154,0.2379444394455345,31.03990572022172,37.906042026636165,-0.1277800707556208
tide,darts,STORE0010,SKU0096,1188.0607411242743,84.86148150887674,14,1170.0,0.2432236353145696,0.4376247440184027,20.326546665574742,26.51441703168504,0.0666271141891829
tide,darts,STORE0002,SKU0001,989.5982587225832,70.68558990875594,14,1087.0,0.2431386676424178,0.3454988066780916,18.877980837664868,25.193938773312755,0.0336624014650078
tide,darts,STORE0011,SKU0059,389.59020492069925,27.827871780049946,14,425.0,0.2428971298967239,0.3253650799797362,7.373662871864832,9.942461442524678,-0.0847168988314089
tide,darts,STORE0012,SKU0004,1172.493395121211,83.74952822294365,14,1315.0,0.2428145860169473,0.3266201113013175,22.807227186591835,29.747351055427533,-0.0855300782171233
tide,darts,STORE0002,SKU0010,371.09792607765877,26.50699471983277,14,377.0,0.2425913819660819,0.4082165675859474,6.532639357229492,11.49443795294091,0.1639379483030581
tide,darts,STORE0007,SKU0085,722.683587138627,51.62025622418764,14,893.0,0.2425528843600245,0.2927903011000804,15.471408980964425,19.53845930481872,0.0232126038043408
tide,darts,STORE0007,SKU0068,427.03820581319184,30.50272898665656,14,518.0,0.2424963041338668,0.2864038188790273,8.972363252953075,10.018863172943917,-0.1031696894584212
tide,darts,STORE0006,SKU0077,884.6719593570812,63.19085423979151,14,1121.0,0.2424144894735275,0.2707432848091868,19.41047447855888,23.92381842829131,-0.0512769819109152
tide,darts,STORE0011,SKU0003,307.27520637866013,21.94822902704715,14,339.0,0.2421448521772856,0.2728982102071433,5.863364634864273,6.997113300396774,-0.0470332940706787
tide,darts,STORE0003,SKU0014,637.3267754487606,45.5233411034829,14,723.0,0.2419948704882053,0.2211431111584183,12.497306525926604,17.48145901078246,-0.1470240931527816
tide,darts,STORE0002,SKU0092,989.7316432535206,70.69511737525147,14,941.0,0.2417419162282725,0.8522252836761398,16.24851022648603,23.16741839535525,0.1319245855281306
tide,darts,STORE0006,SKU0070,1482.8462828678037,105.91759163341455,14,1667.0,0.2416742488481502,0.2751624261853936,28.77649805927618,33.63373606341964,-0.0901142641461656
tide,darts,STORE0002,SKU0007,293.6452367352399,20.97465976680285,14,321.0,0.2415490403609901,0.249222341902741,5.538374425419844,6.435686429574961,-0.0989212361773824
tide,darts,STORE0010,SKU0007,340.72660489669937,24.337614635478527,14,334.0,0.2412924024746454,0.3967639910640416,5.756547316180828,7.417449598924108,0.1084177586257852
tide,darts,STORE0007,SKU0087,310.5862037338012,22.184728838128656,14,315.0,0.2412820274511652,0.4278664784811189,5.428845617651217,6.639753607671,0.0334054477054704
tide,darts,STORE0008,SKU0011,306.2033301946638,21.871666442475988,14,338.0,0.2412525497017952,0.2441593202835036,5.824525842800485,9.08992896786655,0.1071997551875095
tide,darts,STORE0009,SKU0011,265.1139541084285,18.936711007744893,14,293.0,0.2412171295314478,0.4033257250312853,5.048329925193873,6.704181008680635,0.1179626235658143
tide,darts,STORE0002,SKU0018,810.9468846634118,57.92477747595798,14,818.0,0.2411115657650608,1.683753715402861,14.087804342558552,21.24501221317911,0.0350215966176731
tide,darts,STORE0012,SKU0018,1094.4092001302522,78.17208572358945,14,1143.0,0.2409881784374647,0.3443247459126811,19.6749634252873,23.5677714415995,-0.0425497889103684
tide,darts,STORE0013,SKU0036,334.52682549817985,23.89477324986999,14,382.0,0.2407063670536779,0.5640999102293262,6.567845158178927,8.698527055175362,0.0316017829127579
tide,darts,STORE0005,SKU0031,722.6013895501603,51.614384967868595,14,1061.0,0.2405920615833133,0.2400661976260751,18.23344123856396,23.807350653470262,-0.090624680505422
tide,darts,STORE0001,SKU0096,1421.8463959260657,101.56045685186184,14,1542.0,0.2405858741195786,0.2539103190625461,26.498815563742166,29.57240818569662,-0.0475439628099209
tide,darts,STORE0002,SKU0025,329.79036703154827,23.556454787967734,14,396.0,0.2403003502706594,0.2386490364066472,6.797067050512937,7.752602073716639,-0.1378565345586631
tide,darts,STORE0002,SKU0009,614.5667107085602,43.897622193468585,14,721.0,0.2398728453366503,0.2891431208839576,12.353451534837491,14.694918334596151,-0.1286825832965494
tide,darts,STORE0013,SKU0027,820.2030749368997,58.585933924064264,14,1226.0,0.2397412561788067,0.2578754583099499,20.99448429108693,28.075811182537617,-0.0639108473142129
tide,darts,STORE0012,SKU0050,225.51357314786497,16.108112367704642,14,260.0,0.2396553158065577,0.2361014797659531,4.450741579264642,5.757292965881619,-0.1056515317872221
tide,darts,STORE0008,SKU0085,1008.5142333071149,72.0367309505082,14,1368.0,0.2396109068520354,0.2382735826303675,23.41340861239889,30.88297587937175,-0.0942158581120407
tide,darts,STORE0012,SKU0071,376.2923109865044,26.878022213321742,14,404.0,0.2395257333861861,0.2449386063101073,6.912028306287086,8.396998097613377,-0.0611189604959225
tide,darts,STORE0010,SKU0016,312.15076151759524,22.296482965542516,14,400.0,0.2395186992820131,0.305473324763177,6.843391408057519,7.971296447484227,-0.0879711932154391
tide,darts,STORE0012,SKU0078,407.4255553264758,29.101825380462554,14,414.0,0.2391386469011096,0.2618999486493099,7.071671415504241,7.899947216938337,-0.0009058820491072
tide,darts,STORE0007,SKU0037,1059.569228428005,75.68351631628607,14,1408.0,0.2390138243999161,0.2417192527957191,24.03796176822014,29.459286515872748,-0.1579055275625154
tide,darts,STORE0008,SKU0048,939.4660772326232,67.10471980233022,14,1241.0,0.238988058119236,0.2514350394484216,21.18458429471228,26.436346498801612,-0.0865063912970974
tide,darts,STORE0010,SKU0077,736.2181421721606,52.587010155154324,14,817.0,0.238968237106326,0.3142122719500416,13.945503551133456,18.428025452970942,0.1420086901887285
tide,darts,STORE0007,SKU0026,1007.2952697349422,71.94966212392444,14,1113.0,0.2386193159362723,0.2989197810864291,18.97023561693365,24.333108812644667,0.0041092460110809
tide,darts,STORE0010,SKU0075,484.1032868317089,34.57880620226492,14,475.0,0.2384291891483291,0.2990127543999764,8.089561774675454,10.492152242736656,0.0011232656897238
tide,darts,STORE0003,SKU0073,115.33428386565464,8.238163133261045,14,120.0,0.238236114097673,0.2555007078496275,2.042023835122911,2.420251981728371,0.1041070046860463
tide,darts,STORE0004,SKU0090,299.713253515893,21.4080895368495,14,284.0,0.2379698693687726,0.2783561911261207,4.827388778623673,5.797006378610536,0.0794064842216936
tide,darts,STORE0002,SKU0033,980.6514794653818,70.04653424752728,14,1228.0,0.2379347952360379,0.2491059872101614,20.8702806107039,24.438300789571787,-0.0563265434855623
tide,darts,STORE0006,SKU0036,542.6557764514108,38.76112688938649,14,661.0,0.2379015433033991,0.589426359350005,11.2323514373962,14.766787997974312,0.1397212229640643
tide,darts,STORE0003,SKU0053,356.8453282519376,25.48895201799554,14,403.0,0.2378291196001191,0.243039166888304,6.846081085632002,8.322889342461636,-0.1410000538587306
tide,darts,STORE0008,SKU0080,1251.3945038014367,89.38532170010262,14,1359.0,0.2374887937622035,1.0776364224517556,23.053376480202477,31.610452995983294,-0.0173602811078773
tide,darts,STORE0010,SKU0070,1300.757758230402,92.91126844502871,14,1503.0,0.2374362006258513,0.2532413050699802,25.49047211004676,28.096699110645236,-0.1475965142989498
tide,darts,STORE0003,SKU0003,240.9697054003432,17.21212181431023,14,272.0,0.2372585096310162,0.3500329619112704,4.6095939014026,5.454812908178513,-0.0761980980556896
tide,darts,STORE0007,SKU0011,212.01362323142223,15.143830230815874,14,253.0,0.2370676761848799,0.2500300913332628,4.284151576769615,6.121684515683819,0.0332254277930078
tide,darts,STORE0009,SKU0037,1125.1059143459465,80.36470816756761,14,1292.0,0.2370649604685438,0.3528621447262846,21.87770920895419,28.523460149427983,0.1737154235353999
tide,darts,STORE0001,SKU0002,937.4116855616925,66.9579775401209,14,954.0,0.2370389236658604,1.2800247603196664,16.152509512659346,22.47743887072317,0.0356067856765044
tide,darts,STORE0001,SKU0023,1007.0812212657943,71.93437294755674,14,1189.0,0.2370278440792258,0.343738333205493,20.130436186442815,28.94211628951327,0.0226010069241921
tide,darts,STORE0012,SKU0099,1246.722774438285,89.05162674559178,14,1401.0,0.2369535444630346,0.6379022653835752,23.7122796994794,31.33312996081483,0.0092748874478989
tide,darts,STORE0009,SKU0001,1224.7899381965656,87.48499558546897,14,1379.0,0.2367548812838987,0.2406695640902227,23.320355806464026,31.101067366574387,-0.0022191680716515
tide,darts,STORE0004,SKU0039,227.47623549935986,16.24830253566856,14,282.0,0.2365790851024672,0.2429610624493147,4.76537871420684,6.270988465133879,-0.0060313083316994
tide,darts,STORE0004,SKU0056,350.0174705533531,25.00124789666808,14,437.0,0.236554399484941,0.3112214044871088,7.383876612494233,8.138393928341058,-0.0244176568198149
tide,darts,STORE0012,SKU0010,463.4267655089005,33.10191182206432,14,552.0,0.2365446156990598,0.2496051603455879,9.32661627613436,10.849159262407564,-0.0566609794175693
tide,darts,STORE0009,SKU0064,1244.0945282924488,88.86389487803206,14,1341.0,0.2364927765246063,0.3043542987808689,22.65262952282122,26.651323881423554,-0.043119121178819
tide,darts,STORE0011,SKU0064,1339.4683428263338,95.67631020188098,14,1470.0,0.2363604821120175,0.2373874542045216,24.81785062176184,31.02566183173816,-0.0772351878692281
tide,darts,STORE0004,SKU0025,428.9146633346809,30.63676166676292,14,450.0,0.23622368145236,0.3108329721586629,7.592904046683003,9.547262903171898,0.1063576493517488
tide,darts,STORE0007,SKU0035,1807.9612549984506,129.14008964274646,14,2441.0,0.2362230217882543,0.2169078738993461,41.18717115608063,50.345615541868014,-0.1902866243008986
tide,darts,STORE0009,SKU0030,522.289464764039,37.3063903402885,14,587.0,0.236170667517977,0.315199157200619,9.902298702360891,11.901167224590829,0.1498462465572597
tide,darts,STORE0005,SKU0039,233.10877064413245,16.65062647458089,14,295.0,0.2359358078856608,0.2770149317713923,4.971504523304996,5.706131572598022,-0.0013351062072842
tide,darts,STORE0005,SKU0081,1046.2881662030627,74.73486901450448,14,1122.0,0.2358984504393713,0.240939366888201,18.9055758137839,26.408905387227115,-0.0745125561482768
tide,darts,STORE0009,SKU0006,1381.5162816523466,98.67973440373905,14,1664.0,0.235885617537159,0.4596454664424038,28.03669054155948,37.98257742315789,0.0322886793559486
tide,darts,STORE0005,SKU0040,285.16089815742424,20.36863558267316,14,431.0,0.2357613460959148,0.3245696329016811,7.258081440524236,10.35175075156391,0.1672350957332344
tide,darts,STORE0013,SKU0080,628.807564968043,44.91482606914593,14,743.0,0.2354959486902876,0.2475605127628756,12.498106419777406,15.179644444759164,-0.1129327775146661
tide,darts,STORE0011,SKU0077,801.5235892958827,57.25168494970591,14,1037.0,0.2352543874732296,0.2601319370628137,17.425628557838508,24.049712350781,-0.0734244410624526
tide,darts,STORE0004,SKU0079,1330.0505773159844,95.00361266542745,14,1285.0,0.2350726888675757,0.2713523065659869,21.576314656773917,26.830451030887712,0.0453593559052398
tide,darts,STORE0008,SKU0095,458.7803397447457,32.77002426748184,14,449.0,0.235034278167066,0.280491927348887,7.537885064072332,9.19974524707298,0.0585912675301464
tide,darts,STORE0002,SKU0004,1007.2049569345356,71.94321120960969,14,1160.0,0.234872608296416,0.2272258758252844,19.460873258845904,24.797116472994084,-0.1260476262462658
tide,darts,STORE0006,SKU0030,692.9075360965029,49.49339543546449,14,772.0,0.2344737793199636,0.2534546251319708,12.929554116786566,15.673983599301916,0.0590460570960543
tide,darts,STORE0004,SKU0038,1464.8728802211983,104.63377715865703,14,1901.0,0.2344542398554358,0.3016059006423487,31.83553642608453,40.3351225210695,-0.0708894763045567
tide,darts,STORE0005,SKU0072,551.1954866927624,39.37110619234017,14,626.0,0.234411955919428,0.2293576129450075,10.481563171825853,12.77139531315324,-0.1230887172779095
tide,darts,STORE0008,SKU0102,1433.0616308745393,102.3615450624671,14,1650.0,0.2342872994696269,0.3114399943886761,27.612431723206036,35.13422538205175,0.1138235533942689
tide,darts,STORE0002,SKU0046,1015.2492189962245,72.51780135687318,14,1470.0,0.2338975589463264,0.2201513795135197,24.55924368936428,32.92848130501331,-0.1800277007582875
tide,darts,STORE0010,SKU0052,682.714334760429,48.765309625744926,14,721.0,0.2337204745090881,0.3206712945198678,12.036604437218037,16.48681947893575,-0.0505790729583524
tide,darts,STORE0004,SKU0049,716.2622931246829,51.16159236604877,14,781.0,0.2334818337582939,0.2450922176957672,13.024950868944826,15.4695237938914,0.0172931982745973
tide,darts,STORE0003,SKU0056,242.64828069879562,17.33202004991397,14,301.0,0.2334524803333875,0.2535853467400995,5.019228327167832,5.654026604964694,0.0203241510218997
tide,darts,STORE0007,SKU0044,842.9780920447909,60.2127208603422,14,1071.0,0.2330194425511512,0.3149843804994419,17.825987355163072,23.397770459006463,-0.038268778240256
tide,darts,STORE0012,SKU0084,330.76446208546815,23.62603300610487,14,351.0,0.2329098767183354,0.2685018047763566,5.839383337723981,6.565374723613938,-0.0234209702609581
tide,darts,STORE0010,SKU0042,171.43392276450794,12.245280197464853,14,195.0,0.2328989545594176,0.3828493373663327,3.24394972422046,4.292697666955958,0.1673752991489711
tide,darts,STORE0006,SKU0047,1062.5036796593502,75.89311997566787,14,1285.0,0.2328947254116232,0.2619751269510431,21.37640872528113,27.06048443199273,-0.0104142340349815
tide,darts,STORE0008,SKU0005,1205.259566815134,86.08996905822384,14,1579.0,0.2328515881769453,0.2878341460812583,26.26233269509976,33.19837840723632,-0.0247284028555946
tide,darts,STORE0005,SKU0001,1391.616006069587,99.40114329068479,14,1634.0,0.2325286474454877,0.3818386400535723,27.139414994709067,36.87251225369384,-0.0178471566380166
tide,darts,STORE0004,SKU0023,1024.5218947665044,73.1801353404646,14,1222.0,0.2324973711288435,0.310205632767061,20.293699108531914,23.46350690383389,0.0130711049691673
tide,darts,STORE0008,SKU0061,1392.9610975239843,99.49722125171317,14,1310.0,0.2324925185619729,0.2810582212173532,21.75465709401318,26.16734303286924,0.0806065691774266
tide,darts,STORE0010,SKU0061,1128.1831531573719,80.58451093981228,14,1199.0,0.2323342821403895,0.250814040537995,19.89777173473765,23.346703933174638,-0.0155945716881512
tide,darts,STORE0005,SKU0052,825.3472653600551,58.953376097146794,14,866.0,0.2322576466270319,0.3234523302578468,14.36679442707212,18.62248757802788,0.0144914605783466
tide,darts,STORE0011,SKU0047,1037.891286243704,74.13509187455028,14,1260.0,0.2321263701928966,0.2340847539991694,20.8913733173607,24.17137660138363,-0.1133195364700479
tide,darts,STORE0008,SKU0030,619.535718268082,44.252551304863,14,737.0,0.2320832578057997,0.2625373059892346,12.217525785919602,13.88746835077392,0.0648239054959851
tide,darts,STORE0004,SKU0088,344.032492363337,24.57374945452407,14,340.0,0.2314220755457203,0.165090864750792,5.62025040611035,7.962301325321459,0.0524920430345107
tide,darts,STORE0002,SKU0059,272.2630210535758,19.447358646683988,14,273.0,0.2313271166268746,0.7582080797636769,4.510878774224055,6.003398536379795,0.0317591409116415
tide,darts,STORE0008,SKU0099,1509.2660273065367,107.80471623618119,14,1683.0,0.2308721108574458,0.2904682458537451,27.754125898077238,33.21066094916594,0.0069421388137933
tide,darts,STORE0009,SKU0025,404.62546269915316,28.901818764225226,14,431.0,0.2305917453228891,0.3532933617151756,7.098931588154659,8.686046316518969,-0.0069939704543048
tide,darts,STORE0012,SKU0030,612.694149859137,43.763867847081215,14,750.0,0.2303008581807625,0.2530183254865921,12.33754597396942,16.092030530020242,-0.0685164270569066
tide,darts,STORE0004,SKU0037,1489.3719757749461,106.3837125553533,14,1788.0,0.2302755240929582,0.4215902059361182,29.40947407701495,37.83875764696771,0.0660119652145535
tide,darts,STORE0004,SKU0041,1156.3628563668515,82.59734688334653,14,1795.0,0.2301054645410516,0.231970947661271,29.50280777508484,33.890319917288714,-0.0781400077069061
tide,darts,STORE0012,SKU0056,270.4621634826084,19.318725963043455,14,336.0,0.2300904808227765,0.7484154192286203,5.522171539746636,6.822931346351678,0.0096439945985846
tide,darts,STORE0008,SKU0077,875.4000140457076,62.52857243183626,14,960.0,0.2300712060360351,0.772244418207228,15.776311271042411,20.53609382353555,0.107280579666874
tide,darts,STORE0004,SKU0012,617.2394808303114,44.088534345022246,14,1052.0,0.2299222146033883,0.2382189416913067,17.27701212591175,22.9678375987256,-0.1394195827738351
tide,darts,STORE0004,SKU0015,170.20464979731838,12.157474985522741,14,176.0,0.229855833669627,0.4419264727542265,2.8896161947038825,4.1755664984313965,0.029318898242798
tide,darts,STORE0007,SKU0030,451.1899752295844,32.22785537354174,14,538.0,0.2295796429507884,0.2454544732146348,8.822417707680298,10.70532070758613,0.0962498317518591
tide,darts,STORE0011,SKU0018,1159.3805244646499,82.81289460461785,14,1152.0,0.229480975569054,0.3123664926241459,18.883005989682164,24.062345163862133,0.0762870604424128
tide,darts,STORE0009,SKU0078,407.2310787559401,29.087934196852864,14,492.0,0.2293471106035279,0.2171140436199562,8.059912744066837,9.353154191115776,-0.2018409952105306
tide,darts,STORE0002,SKU0005,802.184090301919,57.298863592994216,14,982.0,0.2292111604827141,0.4152192048352333,16.07752568528752,20.03737661687905,0.1381020841008066
tide,darts,STORE0005,SKU0066,415.51588476721554,29.67970605480111,14,408.0,0.2290716479793952,0.4789091009730917,6.675802312542375,8.983130367990015,0.1202090035014887
tide,darts,STORE0006,SKU0026,1443.9373027369288,103.13837876692348,14,1829.0,0.2288973469195336,0.2265107528527944,29.90380339398764,37.750760290691645,-0.1516276117029394
tide,darts,STORE0005,SKU0018,1249.2131784413427,89.2295127458102,14,1259.0,0.228862400736464,0.3725118631021379,20.581268751943444,25.725451308817732,0.0051165834762764
tide,darts,STORE0011,SKU0071,462.22783954721444,33.01627425337246,14,524.0,0.2279758215625267,0.2328892813247092,8.532809321340286,9.88835836992099,-0.1016781386819173
tide,darts,STORE0001,SKU0060,878.0043610976862,62.714597221263304,14,927.0,0.2279654270740677,0.2671398779948392,15.094567921261488,18.19498453536642,-0.0514417838328122
tide,darts,STORE0011,SKU0014,826.9604301564532,59.06860215403237,14,814.0,0.2278688809333396,0.2610823364943048,13.248947791409888,15.413821272484222,0.0647089892178028
tide,darts,STORE0004,SKU0057,1277.7669922133664,91.26907087238331,14,1483.0,0.2278088442824233,0.2337702972156203,24.131465433630986,30.770572570691,-0.1557374029188449
tide,darts,STORE0003,SKU0077,582.1380097207095,41.58128640862211,14,729.0,0.2274222489073853,0.2455821550548479,11.842201389534564,13.5142819388574,0.0017864575848078
tide,darts,STORE0001,SKU0012,643.8060817489219,45.98614869635156,14,998.0,0.2273578968728754,0.2655249824917029,16.207370077080693,23.90140770975739,-0.0597653050238851
tide,darts,STORE0007,SKU0001,1076.2046739819368,76.8717624272812,14,1190.0,0.2273424146863671,0.4627334093395999,19.324105248341205,23.123769613541832,0.0091731900494239
tide,darts,STORE0003,SKU0076,309.1784245513873,22.08417318224195,14,356.0,0.2273207635079116,0.2353276816068011,5.780442272058325,7.077719543703732,-0.1044126707209241
tide,darts,STORE0009,SKU0060,784.6951372744064,56.0496526624576,14,817.0,0.2273024810800043,0.240715203781365,13.264723360168826,14.978579872310585,-0.0767616620657158
tide,darts,STORE0003,SKU0082,577.9020277500723,41.27871626786231,14,612.0,0.2272920988281623,0.3139963342817988,9.935911748773956,12.075151946149749,-0.0134694874807141
tide,darts,STORE0010,SKU0099,1182.7968829378735,84.48549163841953,14,1273.0,0.2271901711055886,0.3827329382013401,20.65807770124388,24.963738270180663,0.1051207858133554
tide,darts,STORE0008,SKU0096,1388.8643145014607,99.20459389296148,14,1339.0,0.2264666834802931,0.3129036220356223,21.65992065572232,30.260923504964104,0.099242546113753
tide,darts,STORE0005,SKU0033,1242.746157515829,88.76758267970207,14,1527.0,0.2263202313621709,0.2453984415930082,24.68507094928821,31.305421561840497,0.0030072990584698
tide,darts,STORE0003,SKU0068,420.0727817903499,30.005198699310707,14,530.0,0.2258655716792122,0.2379172087585508,8.550625213570177,10.569155976433308,-0.16276968844133
tide,darts,STORE0005,SKU0071,467.58092902607893,33.398637787577066,14,460.0,0.2254977527293588,0.3875993265629223,7.4092118753932175,9.945390034247044,0.0300361365710615
tide,darts,STORE0008,SKU0038,1279.7204757097295,91.40860540783783,14,1628.0,0.2254797491359467,0.2404925502081145,26.220073685237235,32.13871248893522,-0.0106798913712816
tide,darts,STORE0004,SKU0100,1206.1842212947631,86.15601580676879,14,1247.0,0.2252866813835679,0.2387759070819373,20.066606548950656,24.173261436368996,0.043803241693567
tide,darts,STORE0001,SKU0036,588.9569818128241,42.06835584377315,14,751.0,0.2249647488410065,0.2406288820079519,12.067751884256852,13.99691368502336,-0.0026544005099503
tide,darts,STORE0010,SKU0073,133.602294861027,9.543021061501928,14,138.0,0.2246637487583996,0.2702077207973357,2.2145426663327967,2.929556323613388,0.0348888282043789
tide,darts,STORE0003,SKU0052,568.3723355462558,40.598023967589704,14,632.0,0.2243079227422576,0.231336272532239,10.12590051236477,12.665775734184916,-0.0789651443399797
tide,darts,STORE0002,SKU0003,237.6314604066913,16.973675743335093,14,250.0,0.2242124254868715,0.2514967151760287,4.003793312265563,4.936149526808555,-0.0499789042341403
tide,darts,STORE0003,SKU0089,489.8253376199417,34.98752411571012,14,533.0,0.2240423132734814,0.2483011095271457,8.52961092676897,10.627162989460068,-0.0729603089745772
tide,darts,STORE0008,SKU0065,874.2497788210842,62.446412772934586,14,1094.0,0.2235676423096489,0.2107321100231739,17.47021433476828,23.95708766761061,-0.0814501709295878
tide,darts,STORE0005,SKU0012,651.2665834111214,46.519041672222954,14,1056.0,0.2234210725467748,0.2484011638161851,16.852332329242444,22.61549762047941,-0.1348298122882578
tide,darts,STORE0006,SKU0075,534.8011319167084,38.200080851193455,14,592.0,0.2233186531746507,0.2259528928883671,9.443188762813802,11.003447140356174,-0.1270345065227892
tide,darts,STORE0003,SKU0012,452.92075057786167,32.351482184132976,14,762.0,0.2232478450273118,0.2136631938464238,12.151061279343685,15.074175825697823,-0.2219396848136542
tide,darts,STORE0006,SKU0087,420.95073074166805,30.067909338690576,14,391.0,0.223037973248121,0.3665734436565086,6.229131967143951,8.955975697725655,0.1124316539812425
tide,darts,STORE0010,SKU0004,1280.3792928429139,91.45566377449384,14,1388.0,0.2224289159095953,0.2556847382497934,22.052238234465595,26.36654938721621,-0.0938897721880377
tide,darts,STORE0012,SKU0002,869.7237698256968,62.123126416121195,14,1021.0,0.2224105558393998,0.2119005349615993,16.220084108001945,21.51894297583008,-0.1697125484081337
tide,darts,STORE0005,SKU0002,954.1003639432731,68.15002599594808,14,1008.0,0.2220712123482351,0.2444661834982711,15.98912728907293,19.30365823672761,-0.0336385339875643
tide,darts,STORE0001,SKU0054,1087.1450496936252,77.65321783525894,14,1489.0,0.2219381196307245,0.243042454201977,23.60470429501063,28.4333248950424,0.0249139841388216
tide,darts,STORE0008,SKU0075,504.491421685681,36.03510154897722,14,510.0,0.2218223244365506,0.3148674298231646,8.080670390188631,10.335899569055,0.0313529521281711
tide,darts,STORE0008,SKU0094,992.3042406592355,70.87887433280254,14,1177.0,0.2217067650597205,0.1964866978251668,18.63920446252079,24.357134268854363,-0.1759004444939292
tide,darts,STORE0002,SKU0075,392.0245867866568,28.001756199046916,14,387.0,0.22139045380185,0.2398252757233779,6.119864687236854,7.009254459335709,0.0448792137555312
tide,darts,STORE0002,SKU0093,811.4021585806579,57.95729704147556,14,797.0,0.2212785094252231,0.3655964083929345,12.597069429421634,16.43067322042741,0.0360328851314378
tide,darts,STORE0001,SKU0038,1286.31866046584,91.87990431898857,14,1504.0,0.2210651671748855,0.3499752170935671,23.748715102216277,30.77257153185682,0.0494317781834347
tide,darts,STORE0008,SKU0013,1241.9099689520733,88.7078549251481,14,1894.0,0.2208749465960242,0.22131993535314,29.88122491806213,47.0061899417846,-0.1475766001789411
tide,darts,STORE0011,SKU0068,550.4434096474043,39.317386403386024,14,657.0,0.2208490652835373,0.2246659534618883,10.364131135091716,12.421826937599882,-0.0285299694496038
tide,darts,STORE0013,SKU0008,186.48439760825283,13.320314114875202,14,179.0,0.2207709256402386,0.300778768330191,2.8227139778287658,3.4062082773432407,0.1185342827466557
tide,darts,STORE0012,SKU0095,385.04335375987733,27.503096697134094,14,442.0,0.2206756702306129,0.1929067297278605,6.967046160137924,9.77520696850616,-0.1499126365505158
tide,darts,STORE0002,SKU0041,849.7086682649406,60.693476304638615,14,1295.0,0.2206316500057736,0.2778184837983918,20.408427625534063,23.63158902592396,0.00576042873636
tide,darts,STORE0005,SKU0036,559.2614620397568,39.94724728855406,14,706.0,0.2204952917918561,0.3247460579266589,11.119262571789315,14.592186074374382,0.118043334104915
tide,darts,STORE0003,SKU0023,749.7220316967083,53.55157369262202,14,943.0,0.2201460561923053,0.297911211418399,14.828409356381709,17.625191400924255,-0.0103825826571769
tide,darts,STORE0002,SKU0002,758.7719834886792,54.197998820619944,14,862.0,0.219762517533073,0.2112003445408519,13.531092150964929,16.284196219242666,-0.1303315175445775
tide,darts,STORE0003,SKU0039,163.45619441721914,11.675442458372796,14,191.0,0.2191363662215962,0.3401792883730128,2.989646139166063,3.859118844161422,0.0804273909245583
tide,darts,STORE0001,SKU0047,1050.8535187568207,75.06096562548719,14,1257.0,0.2189987994059909,0.2149746649035278,19.66296363238076,24.88998164065069,-0.0692824165809378
tide,darts,STORE0009,SKU0020,620.6857087408179,44.33469348148699,14,639.0,0.2189667887411567,0.4121684080186863,9.9942698575428,13.474989607697154,0.0335464634722534
tide,darts,STORE0001,SKU0094,893.1440580976389,63.79600414983135,14,1084.0,0.2188890150911663,0.1940856668987119,16.94826373991602,24.21134764420652,-0.1851482702748261
tide,darts,STORE0010,SKU0069,978.3478917853713,69.88199227038366,14,1248.0,0.2188167780741982,0.3024271122241174,19.505952788328525,24.355687167337354,-0.0263528826163763
tide,darts,STORE0003,SKU0037,1035.1978850106136,73.94270607218668,14,1223.0,0.2184384368925206,0.293369024107421,19.08215773711091,25.85138007631048,0.1282991248904553
tide,darts,STORE0010,SKU0038,1224.1956083874045,87.44254345624317,14,1464.0,0.2180587997576318,0.366028312106709,22.802720203226645,30.088726821684407,-0.0138766253550738
tide,darts,STORE0009,SKU0013,1116.6986215961108,79.76418725686506,14,1701.0,0.2179478893619086,0.2468645347564001,26.480668557471905,36.49799285288274,-0.1023865336486144
tide,darts,STORE0006,SKU0021,775.6014695173365,55.40010496552403,14,755.0,0.2179321627834342,0.2710357528192891,11.752770207249492,14.856377827592471,0.0637319158197986
tide,darts,STORE0002,SKU0030,523.6343638580391,37.40245456128851,14,632.0,0.2179006945084819,0.2243642316584006,9.836659923525756,12.296687863231243,-0.0611492892393072
tide,darts,STORE0001,SKU0097,1000.7175312913447,71.47982366366747,14,1117.0,0.2178464929507095,0.2197497139480671,17.38103804471018,20.50015274754256,-0.0578694882588153
tide,darts,STORE0007,SKU0032,660.4413098394087,47.174379274243485,14,940.0,0.2176315734088071,0.1818996342180917,14.612405643162765,29.199665777715342,-0.0926689488499195
tide,darts,STORE0004,SKU0007,406.22957582844396,29.016398273460283,14,466.0,0.2175249040094213,0.2242218830662047,7.240471804885023,8.807334151981149,-0.0976100645691836
tide,darts,STORE0004,SKU0047,1049.4437989548635,74.96027135391883,14,1200.0,0.2173818079712772,0.3214277586732574,18.632726397538047,26.926319790450066,0.0306882488634547
tide,darts,STORE0001,SKU0050,246.48514704076692,17.606081931483352,14,267.0,0.2172381829853694,0.2270727324291657,4.1430424897924025,5.18799581544436,-0.0342588523377873
tide,darts,STORE0008,SKU0045,908.4889643008427,64.89206887863162,14,1369.0,0.2169642814302442,0.2142402995217139,21.216007234143166,25.44413225335257,-0.0944434606599323
tide,darts,STORE0013,SKU0039,108.23736719915482,7.731240514225344,14,149.0,0.2169606557639846,0.2273759087607469,2.3090812649166943,2.8522886242738323,-0.025588781790467
tide,darts,STORE0001,SKU0039,227.71222260129213,16.265158757235152,14,303.0,0.2165903554847171,0.216136564426113,4.687634122276378,5.843525853338622,-0.0696818478675162
tide,darts,STORE0008,SKU0098,595.7386639923465,42.55276171373903,14,692.0,0.2162954867586257,0.2448447793225988,10.691176916926356,12.8957121935053,-0.0684394862678578
tide,darts,STORE0009,SKU0080,1032.120874612074,73.72291961514814,14,1224.0,0.2159143338868162,0.2603409368824276,18.87708176267593,24.380953003911717,-0.0924799313837239
tide,darts,STORE0010,SKU0011,267.92442585295373,19.137458989496697,14,330.0,0.2155643974171439,0.2380619787217175,5.0811607962612495,6.476710887796666,-0.0250694516271058
tide,darts,STORE0012,SKU0023,915.6993443714833,65.40709602653452,14,986.0,0.2154680152613885,0.2270930209013461,15.17510450340922,19.77752291223176,0.162758117729905
tide,darts,STORE0012,SKU0066,353.62333110855764,25.258809364896972,14,381.0,0.2151754537081495,0.387633121562443,5.855846275914639,8.44222612146483,0.0062554612276661
tide,darts,STORE0002,SKU0020,566.216916196849,40.444065442632066,14,645.0,0.2150619586459844,0.2029371779035738,9.90821166619,12.140329821517913,-0.138258327710965
tide,darts,STORE0004,SKU0036,586.2201118377459,41.87286513126757,14,786.0,0.2147170854392586,0.2478111674661542,12.054830653946947,13.520412559918832,-0.0193705386198212
tide,darts,STORE0009,SKU0091,231.93252132185458,16.566608665846754,14,302.0,0.2144776731816183,0.2627195361949211,4.626589807203481,5.76801586507335,-0.0395292993155782
tide,darts,STORE0008,SKU0084,380.43701347150727,27.174072390821948,14,433.0,0.2142090983932914,0.2127015803592699,6.625181400306801,8.711399971841244,-0.1226063325136754
tide,darts,STORE0004,SKU0091,294.9811181837721,21.070079870269435,14,408.0,0.2141604493073262,0.2264855927095523,6.241247379813507,7.39544231293167,-0.1917504407166501
tide,darts,STORE0002,SKU0102,1089.329277588928,77.80923411349487,14,1430.0,0.2136090045364951,0.2586723597838783,21.818634034799143,30.36687837210609,-0.0916290105468286
tide,darts,STORE0012,SKU0048,805.519368853006,57.53709777521471,14,1115.0,0.2135066511375971,0.2328775142592258,17.004279715601488,22.92365220939212,-0.128560833125914
tide,darts,STORE0006,SKU0007,414.40728667973895,29.60052047712421,14,453.0,0.2134133263913999,0.2922221688399672,6.905445489664584,8.335647040761534,-0.026298445290024
tide,darts,STORE0011,SKU0036,518.9866192317352,37.0704728022668,14,745.0,0.2131617965194875,0.2558851209378789,11.343252743358445,13.132263438123177,-0.0703687482641235
tide,darts,STORE0012,SKU0038,1118.3272594182588,79.88051852987563,14,1419.0,0.2129792320071966,0.258202866933536,21.586966444158,26.173243648406032,-0.0649491635767645
tide,darts,STORE0008,SKU0064,1381.7707194689224,98.69790853349446,14,1430.0,0.2127289059403299,0.2209863020658693,21.728738249619408,24.835850661481736,-0.0068204994330775
tide,darts,STORE0009,SKU0074,727.9396001084635,51.99568572203311,14,1042.0,0.2124183465616712,0.1967958830695086,15.809994079804389,27.24533575268508,-0.070357242741572
tide,darts,STORE0002,SKU0037,972.4598646726188,69.46141890518706,14,1200.0,0.2121595506500738,0.2309112616847522,18.1851043414349,21.588075858961425,0.0495609734945306
tide,darts,STORE0003,SKU0024,604.7684354332586,43.1977453880899,14,659.0,0.2119803930426923,0.2260614452963443,9.978219929652443,12.380432436233397,-0.0175397211625676
tide,darts,STORE0012,SKU0035,2053.725364333484,146.69466888096312,14,2425.0,0.2118866466993097,0.2206373335172946,36.70179416041616,40.982969605882346,0.0549504120447712
tide,darts,STORE0012,SKU0065,713.6180477329959,50.972717695213994,14,842.0,0.2116533991971802,3.572005666941606,12.729440151716124,18.53645889796669,0.0668345047438049
tide,darts,STORE0002,SKU0052,603.5649319793638,43.11178085566884,14,690.0,0.2115058175203852,0.2021640672386597,10.424215292076129,12.609725180719854,-0.1533386922378365
tide,darts,STORE0004,SKU0005,1157.567646194728,82.68340329962344,14,1558.0,0.2113720958984196,0.2467754012740727,23.52269467212413,26.822090151807416,-0.0188875047712907
tide,darts,STORE0008,SKU0002,939.9374746672618,67.13839104766156,14,1009.0,0.2110120171016252,0.2274516454437055,15.207937518252846,17.030549524842872,-0.0283410453243022
tide,darts,STORE0005,SKU0043,623.5214819782557,44.53724871273255,14,925.0,0.2107889945576364,0.2216835263879303,13.927129997558124,18.01931410211957,-0.0762687313522936
tide,darts,STORE0012,SKU0089,555.9093856708193,39.707813262201384,14,590.0,0.2107065505898391,0.2006452404975459,8.879776060571789,12.534184797815351,-0.0452803957395123
tide,darts,STORE0005,SKU0048,918.0684392279126,65.57631708770803,14,1173.0,0.210604613182001,0.2486656408978619,17.64565794732052,20.643799926401847,0.0012142582513972
tide,darts,STORE0005,SKU0063,704.3547576972416,50.31105412123154,14,922.0,0.2105828349270927,1.895086061584052,13.868383843055678,18.6343123993248,0.0242966464414231
tide,darts,STORE0007,SKU0063,518.17661125026,37.01261508930428,14,671.0,0.2103797439322795,0.2237669013209436,10.083200584182824,12.15064565080764,-0.0450008355776396
tide,darts,STORE0004,SKU0019,245.89418786942963,17.563870562102117,14,297.0,0.2100149294878069,0.2786871918549561,4.455316718419906,5.823413537806706,0.0069739403510348
tide,darts,STORE0012,SKU0006,1241.6302917427338,88.68787798162384,14,1388.0,0.2100037746591411,0.357222814308982,20.82037423049199,29.969257394551995,0.142845583647145
tide,darts,STORE0006,SKU0045,922.2767440785408,65.87691029132434,14,1420.0,0.2097304272739371,0.2067012262443079,21.272657623499335,28.50027403372676,-0.1473556835724383
tide,darts,STORE0005,SKU0021,804.453096966477,57.4609354976055,14,911.0,0.2096569425075576,0.2023622233458606,13.642676758884644,16.85395075945937,-0.102481806703331
tide,darts,STORE0001,SKU0046,1287.541785380173,91.96727038429808,14,1677.0,0.2095664527228556,0.2969602570149517,25.10306722973064,29.383289867708868,-0.0002881587554909
tide,darts,STORE0010,SKU0014,759.4632769896983,54.247376927835596,14,807.0,0.2093422764330396,0.2498745324128093,12.067086934390217,16.29231813589342,-0.0385502677744899
tide,darts,STORE0012,SKU0094,794.8997485225475,56.77855346589625,14,813.0,0.2088564662880637,0.2595459731223176,12.128593363728276,14.572756944508258,-0.0101710791500102
tide,darts,STORE0006,SKU0018,1281.651304719092,91.54652176564943,14,1342.0,0.2088360658748463,0.234924009546493,20.018428600288846,25.81936365187264,-0.0272235991957756
tide,darts,STORE0003,SKU0015,115.2124317244168,8.229459408886914,14,118.0,0.2087398520501352,0.2359725880282783,1.7593787529939966,2.0919304908668783,0.0990296402843033
tide,darts,STORE0006,SKU0073,167.71191960066,11.97942282861857,14,173.0,0.2087259638497567,0.225190094588935,2.579256553286279,3.155795191799048,0.0341469386359075
tide,darts,STORE0005,SKU0011,292.1432563438877,20.867375453134834,14,366.0,0.208514843178983,0.2378398340124652,5.451173757393414,6.404125000997099,-0.0363525982857835
tide,darts,STORE0010,SKU0081,911.1672872994218,65.08337766424441,14,1047.0,0.208462189760371,0.1994574737033923,15.589993762793464,19.98536565826614,-0.1373853879964062
tide,darts,STORE0008,SKU0087,491.08710235423405,35.07765016815957,14,544.0,0.2082055135483821,0.2160415699616459,8.09027138359428,9.64516375717569,-0.0915301068279258
tide,darts,STORE0008,SKU0033,1416.2516226447372,101.1608301889098,14,1750.0,0.208173665988542,0.2012803048336286,26.02170824856776,32.685765686738726,-0.0802048324568718
tide,darts,STORE0007,SKU0060,703.4060044417984,50.24328603155703,14,758.0,0.2076297082522971,0.2594955999415079,11.241665632517227,13.606460271362131,-0.0936143010803903
tide,darts,STORE0005,SKU0094,984.2670407087969,70.30478862205692,14,1048.0,0.2075838525481585,0.2567855865889545,15.53913410503358,20.65345155931791,-0.0527881811237902
tide,darts,STORE0008,SKU0072,557.6304953697212,39.8307496692658,14,583.0,0.207182640386185,0.2517185170970267,8.62767709608185,11.103966839118137,-0.0199331434176326
tide,darts,STORE0004,SKU0002,991.4769321158602,70.8197808654186,14,1095.0,0.2066281486466896,0.2002552218388595,16.16127305486608,19.306857314449417,-0.0823086671274402
tide,darts,STORE0002,SKU0014,635.5106419658695,45.39361728327639,14,713.0,0.2061757303926809,0.1959860344362658,10.500235412141537,13.71130078870453,-0.1026373680840116
tide,darts,STORE0005,SKU0056,352.1654837663206,25.154677411880044,14,455.0,0.2057220269168184,0.2710198454040043,6.685965874796601,8.669101003821162,-0.0622651996607001
tide,darts,STORE0003,SKU0061,1034.7177917948347,73.90841369963105,14,1121.0,0.2055424005031223,0.1859424290202382,16.458073640285726,24.913299262637317,-0.0915062962460407
tide,darts,STORE0003,SKU0064,1029.130667680283,73.50933340573451,14,987.0,0.205417713155705,0.2794229252056843,14.481948777477202,18.581327877976857,0.0847561927372744
tide,darts,STORE0008,SKU0046,1234.4341051279896,88.17386465199925,14,1773.0,0.2047283383547586,0.2573918671943574,25.92738170735621,36.46865195062636,-0.0839308462933382
tide,darts,STORE0001,SKU0100,1195.1454824110974,85.36753445793553,14,1251.0,0.2046156578683376,0.2215468791577937,18.283870570949315,23.151212148189224,-0.0722274962874859
tide,darts,STORE0010,SKU0018,1064.3846920038236,76.02747800027312,14,1117.0,0.2045519666077854,0.2284073071999552,16.320324764349735,20.719602694522045,-0.028406554404103
tide,darts,STORE0011,SKU0088,360.827959621083,25.773425687220215,14,400.0,0.2043929761390699,0.1890029782970192,5.839799318259142,8.400354171343666,-0.0850787051814939
tide,darts,STORE0007,SKU0045,621.9374437145826,44.424103122470186,14,912.0,0.2035601419285197,0.2700009124574052,13.260489245629287,15.43303716247586,0.024926987806748
tide,darts,STORE0005,SKU0051,1025.1150795831068,73.22250568450762,14,1281.0,0.2033457316686584,0.2063786533411507,18.606134447682248,21.83415018936472,-0.1229965408683418
tide,darts,STORE0002,SKU0097,778.4201213092446,55.601437236374615,14,727.0,0.2032820841259765,0.2285840533676939,10.556148225684638,12.789300340018526,0.1329101249442859
tide,darts,STORE0004,SKU0024,889.1487075329339,63.51062196663814,14,1022.0,0.2027504165285155,0.1949158496815083,14.800780406581632,17.544071009693496,-0.1140859946067485
tide,darts,STORE0011,SKU0005,1228.0048270508644,87.71463050363317,14,1749.0,0.2025374583445687,0.1901389623073943,25.30271533176076,37.185568629302935,-0.1377314192654469
tide,darts,STORE0003,SKU0062,202.2373358444187,14.44552398888705,14,199.0,0.2023403462513978,0.2164900193166621,2.87612349314487,3.5080548285028925,0.0776591395287366
tide,darts,STORE0011,SKU0040,341.45676405970477,24.389768861407482,14,548.0,0.2023077290288736,0.2313330170417017,7.918902536273052,9.784159931126942,0.0321701793799673
tide,darts,STORE0010,SKU0051,852.1056828027378,60.864691628766984,14,907.0,0.2022165029286422,0.3894546376617484,13.10074058259132,18.65160606157325,0.0184950277072195
tide,darts,STORE0005,SKU0102,1487.7028663042008,106.26449045030006,14,2057.0,0.2020147925723164,0.2201535182960038,29.68174488008963,36.26442008649779,-0.1190518673550998
tide,darts,STORE0011,SKU0009,886.5263389225122,63.32330992303658,14,904.0,0.2020142250854767,0.3398490830180639,13.04434710551936,17.713625147807484,0.0386050599571446
tide,darts,STORE0001,SKU0080,1187.9181403476332,84.85129573911665,14,1224.0,0.2020075490521101,0.1996377657609467,17.661231431413057,22.126095117916023,0.0360574904004958
tide,darts,STORE0012,SKU0075,438.93987425921557,31.352848161372542,14,499.0,0.201682827431998,0.2013149646153133,7.188552206326217,9.131150957610853,-0.1355622225843593
tide,darts,STORE0004,SKU0102,1483.5760699217612,105.9697192801258,14,1893.0,0.2014547510343941,0.2529670966003872,27.239560264864867,38.2785702255323,-0.0121308233473954
tide,darts,STORE0011,SKU0054,1185.5915919805864,84.68511371289902,14,1640.0,0.2014362916093206,0.2117106091732032,23.59682273137756,30.134967651472163,-0.0763056380252152
tide,darts,STORE0005,SKU0068,615.359342806216,43.95423877187257,14,689.0,0.2014317183898633,0.2108808156965115,9.913318140758271,12.45438530716041,0.0333172720734836
tide,darts,STORE0001,SKU0095,465.81973336693085,33.272838097637916,14,501.0,0.2013842826387666,0.2106122819709586,7.206680400144434,8.500505229992953,-0.0652190751006926
tide,darts,STORE0007,SKU0100,903.3143285761455,64.52245204115324,14,955.0,0.2010333938625462,0.2493402062622634,13.71334936705226,18.99691813874996,0.01284183449191
tide,darts,STORE0005,SKU0062,265.63647112307973,18.97403365164855,14,300.0,0.2008557504240402,0.2082362206093026,4.304051794800863,5.848317006652078,-0.1282117493804564
tide,darts,STORE0004,SKU0060,900.6622177663932,64.33301555474237,14,841.0,0.2004794949135342,0.2453942869796434,12.043089658734448,16.122707948690906,0.0887592480818676
tide,darts,STORE0001,SKU0029,462.96945098034877,33.06924649859634,14,595.0,0.2004166385857912,0.2375880938166869,8.51770713989613,10.476253936025463,0.0129570838443327
tide,darts,STORE0004,SKU0040,338.4258133695549,24.173272383539633,14,515.0,0.200334896212551,0.4149349929882976,7.369462253533127,9.221307838214456,0.0967554258892187
tide,darts,STORE0006,SKU0032,1064.2871805936275,76.02051289954481,14,1432.0,0.1997928744931663,0.1877615560096361,20.435956876729584,25.082389552137503,-0.1511370745131795
tide,darts,STORE0013,SKU0065,412.78818595995887,29.484870425711346,14,548.0,0.199765531052491,0.2082494514347616,7.81939364405465,10.672551551113903,-0.0791585636287192
tide,darts,STORE0010,SKU0001,1304.2670493013386,93.16193209295275,14,1348.0,0.1994866751939412,0.2271598350332795,19.20771701153092,25.30175583715421,0.0969653521026529
tide,darts,STORE0004,SKU0063,737.1382731743332,52.65273379816666,14,970.0,0.198776563729581,0.2027588801114082,13.772376201263834,17.045572928101567,-0.0181616020892079
tide,darts,STORE0009,SKU0087,370.87125175822854,26.490803697016325,14,419.0,0.1982426868752825,0.2017417093412776,5.933120414338815,7.064020080059036,-0.1168188218510099
tide,darts,STORE0003,SKU0010,363.3738971709352,25.955278369352516,14,419.0,0.1981987305695527,0.207046146169784,5.931804864903043,6.990573349153076,-0.050315445742395
tide,darts,STORE0005,SKU0027,1645.1517337512032,117.51083812508594,14,2564.0,0.1974822166891277,0.1888981069203131,36.16745739935168,46.736780083429686,-0.1250138858409433
tide,darts,STORE0003,SKU0006,1127.1085555513123,80.50775396795088,14,1310.0,0.1972625433424814,0.2392798717488474,18.45813798418933,22.712504969887664,0.0935255064814416
tide,darts,STORE0002,SKU0060,618.2600796906648,44.161434263618915,14,598.0,0.1972447570094791,0.2616307166992188,8.425168906547752,10.022397118644404,0.079543242650608
tide,darts,STORE0008,SKU0041,1247.7551862378166,89.12537044555833,14,1837.0,0.1968969526362396,0.2043955136500911,25.83569299948373,29.949718639520164,-0.0413041081876125
tide,darts,STORE0006,SKU0084,413.4209891037837,29.530070650270265,14,437.0,0.1968846332679971,0.1890514247543721,6.145613195579624,7.907385136360769,-0.0626813848158835
tide,darts,STORE0013,SKU0097,534.0632858328981,38.147377559492725,14,535.0,0.1964293631255723,0.2192492980281055,7.506407805155801,8.738989244249527,0.0296289261922079
tide,darts,STORE0012,SKU0025,402.11067077797264,28.72219076985519,14,456.0,0.1964096862336765,0.1807484400080829,6.397344065896895,8.024886625948112,-0.1030022473683023
tide,darts,STORE0008,SKU0006,1488.646660525943,106.33190432328163,14,1939.0,0.1963933624824488,0.4848689685056517,27.20048070381916,34.81548143229249,-0.0527058592158006
tide,darts,STORE0006,SKU0040,326.1768108376715,23.29834363126225,14,537.0,0.1962507010033627,0.2530720791257038,7.527616174200415,10.685226452342391,-0.0618171067177547
tide,darts,STORE0001,SKU0030,686.7323123750418,49.0523080267887,14,738.0,0.1959021969667846,0.2149391576850723,10.32684438296336,12.048538904698752,0.1350046967047664
tide,darts,STORE0007,SKU0081,695.3980969768262,49.67129264120187,14,810.0,0.1958143416943574,0.1801610230253391,11.32925834088782,14.870976951393525,-0.1340531494973431
tide,darts,STORE0003,SKU0046,974.3510108296188,69.5965007735442,14,1266.0,0.1957971879233459,0.2174636647915553,17.70565999363971,26.58100072573365,0.0500003787118565
tide,darts,STORE0010,SKU0030,537.3539706482189,38.38242647487278,14,637.0,0.1953258401256964,0.248849568481153,8.88732572571919,10.522777030922578,0.0067219372921065
tide,darts,STORE0004,SKU0061,1483.732218285972,105.98087273471229,14,1480.0,0.1940253793539532,0.1938858989433671,20.511254388846485,24.30766646269484,0.0112789086108715
tide,darts,STORE0005,SKU0096,1507.2801515211415,107.66286796579583,14,1530.0,0.1936850714494398,0.2685556609606481,21.16701137983164,26.98768703962095,-0.009006017303174
tide,darts,STORE0013,SKU0096,739.559470315083,52.825676451077356,14,753.0,0.1934054520037254,0.2233424687699161,10.402450382771802,11.797799787620557,0.006755326438679
tide,darts,STORE0008,SKU0100,1318.3527714499123,94.16805510356517,14,1462.0,0.1932276595842203,0.200892763258048,20.17848845086644,21.75755238371286,-0.0691814564795607
tide,darts,STORE0007,SKU0062,203.02612163496033,14.501865831068596,14,196.0,0.193049912133342,0.2380474916368068,2.702698769866789,3.534168510490429,0.1105965634308795
tide,darts,STORE0011,SKU0046,1410.0160542317606,100.71543244512576,14,1787.0,0.1929375146877791,0.2527601964680642,24.627095624790087,29.90765109411144,-0.0565095141942916
tide,darts,STORE0005,SKU0007,436.8566931798497,31.204049512846407,14,492.0,0.1919711646786058,0.2246192306851248,6.74641521584815,8.653899701537117,-0.0683224239975881
tide,darts,STORE0003,SKU0013,763.5017565703732,54.53583975502666,14,1042.0,0.1919657157124124,0.2039863027838076,14.287733983738123,19.87264703535924,0.1021740949389297
tide,darts,STORE0004,SKU0085,959.6882235684732,68.54915882631951,14,1270.0,0.191617789313143,0.2208354639395849,17.382470887692257,19.14947821614255,-0.0669153963678878
tide,darts,STORE0013,SKU0015,86.35674349448148,6.168338821034391,14,98.0,0.1914815794654112,0.1925194599075945,1.340371056257879,1.572239667796763,-0.0349341210440298
tide,darts,STORE0006,SKU0029,416.25810923735446,29.732722088382463,14,550.0,0.1914580123936607,0.2145549177975301,7.5215647726081025,8.723451930581545,-0.0078425122438697
tide,darts,STORE0009,SKU0055,182.04170266030226,13.002978761450162,14,175.0,0.1913413646111747,0.3292213476357024,2.3917670576396843,3.3895210076960622,0.1052752823300938
tide,darts,STORE0001,SKU0008,378.8241045560076,27.058864611143402,14,422.0,0.191225511947628,0.1840294703271827,5.764083288707072,7.220738143294117,-0.063675367312403
tide,darts,STORE0004,SKU0034,2150.157072633313,153.58264804523665,14,3135.0,0.1910386679815413,0.1858604810781814,42.77901600872372,57.00450266899672,-0.1016606719369032
tide,darts,STORE0010,SKU0102,1300.9309133572417,92.92363666837441,14,1666.0,0.1906388521849459,0.18454452109079,22.68602341000857,34.394124261741545,-0.0701928351351293
tide,darts,STORE0003,SKU0007,309.49370054693077,22.106692896209342,14,352.0,0.1905066571555203,0.1750783855555087,4.789881665624511,6.640878440650315,-0.1161290749125802
tide,darts,STORE0003,SKU0033,1078.9579399579638,77.0684242827117,14,1350.0,0.1897805118184022,0.16759078996388,18.30026363963165,25.684833240576943,-0.1114672395366743
tide,darts,STORE0013,SKU0090,157.38366941976807,11.241690672840576,14,173.0,0.1893751930954777,0.1989436697352782,2.340136314679832,2.9138125858724973,-0.0356678685376975
tide,darts,STORE0002,SKU0058,1064.0566084902257,76.00404346358755,14,1066.0,0.1893034068905898,0.255851022432679,14.414102267526337,21.007893411697708,0.0103596027984654
tide,darts,STORE0004,SKU0055,212.94185845641883,15.210132746887059,14,228.0,0.1892423911794311,0.2203703183032967,3.0819475134935934,3.927880295904231,-0.0163443047048449
tide,darts,STORE0010,SKU0095,428.93374026926926,30.638124304947805,14,461.0,0.1892153653186367,0.2796316765925265,6.230591672277967,8.674354148177182,-0.0765074078493403
tide,darts,STORE0002,SKU0027,1239.8179382182723,88.55842415844802,14,1812.0,0.1890828255389217,0.2030661423895501,24.47271999118044,27.410262124515658,-0.1063407669721392
tide,darts,STORE0013,SKU0034,946.1942881220104,67.58530629442932,14,1377.0,0.1889257691061995,0.1865439050324165,18.58219886137405,24.41507538978666,-0.1008235860035262
tide,darts,STORE0006,SKU0052,878.121286752147,62.72294905372478,14,965.0,0.1888581421974378,0.1954053451335538,13.017721944323394,17.63830409717079,-0.0485265797224422
tide,darts,STORE0010,SKU0055,186.32646214377615,13.309033010269726,14,213.0,0.188709461184921,0.1895441715041856,2.871079659456298,3.2155928135868908,-0.14012882460474
tide,darts,STORE0004,SKU0033,1307.8620084939012,93.4187148924215,14,1635.0,0.1886604058484264,0.1880156968142561,22.032840254441226,28.53900520230101,-0.0419932029725608
tide,darts,STORE0007,SKU0072,376.65087766761945,26.903634119115676,14,375.0,0.1885017590381976,0.2272932703887646,5.049154259951723,6.452664436724732,0.0501449547081302
tide,darts,STORE0009,SKU0008,324.30924347733384,23.164945962666703,14,367.0,0.1882113695005013,0.1967907231342684,4.933826614763142,5.977537840330131,-0.1023176594072951
tide,darts,STORE0002,SKU0074,609.7535254180541,43.55382324414672,14,857.0,0.1880100297275408,0.2101834757553693,11.508899676893035,14.413287899276094,-0.002543930435185
tide,darts,STORE0006,SKU0013,1296.6203619177115,92.6157401369794,14,1958.0,0.1873051413211265,0.1766147587399169,26.19596190762613,34.947351907521664,-0.1282370422395452
tide,darts,STORE0001,SKU0076,427.6506842154407,30.54647744396005,14,455.0,0.1870518994386796,0.1989153004995447,6.079186731757088,7.1717907752920285,0.00190997374501
tide,darts,STORE0004,SKU0093,1212.254656918129,86.58961835129493,14,1345.0,0.1870102544299977,0.1667491500690542,17.96634230059621,24.49332862189,-0.1223619307747427
tide,darts,STORE0009,SKU0066,382.5787596595749,27.32705426139821,14,434.0,0.1867863949748442,0.1831990418305867,5.790378244220171,8.127608118733939,-0.0501765344417407
tide,darts,STORE0012,SKU0007,360.63813649548814,25.759866892534866,14,380.0,0.1862853734297732,0.1975552759997702,5.056317278808129,7.234207963588228,-0.0104398115722007
tide,darts,STORE0007,SKU0023,757.5294387150134,54.10924562250096,14,1017.0,0.1861747278038061,0.1746366854024898,13.524264155462204,17.553243244097224,-0.1355006629462158
tide,darts,STORE0004,SKU0078,487.901415751792,34.850101125128,14,475.0,0.1860607993280852,0.2216312825422659,6.3127771200600336,7.950444507032495,0.0471850125647272
tide,darts,STORE0005,SKU0050,246.24375194470295,17.58883942462164,14,257.0,0.18574924188139,0.2344818224755602,3.409825368822659,4.04482095666608,0.0342552877946198
tide,darts,STORE0011,SKU0087,462.814605662957,33.05818611878264,14,463.0,0.1857268521263614,0.2322271373165228,6.14225232389324,7.415569029807318,0.0013877403887675
tide,darts,STORE0003,SKU0097,774.2121251413491,55.30086608152494,14,800.0,0.1851189465490317,0.1840802904458873,10.57822551708753,15.35580144659973,-0.038164485503617
tide,darts,STORE0001,SKU0056,345.1939792929495,24.656712806639252,14,420.0,0.1842510241368738,0.2043876345456943,5.527530724106216,7.036772891324148,0.0206602345538772
tide,darts,STORE0007,SKU0075,362.58822629758987,25.89915902125642,14,417.0,0.1841683023879852,0.1854218524704618,5.485584435413559,6.056766073328741,-0.0970365143452187
tide,darts,STORE0004,SKU0009,898.2988638276272,64.16420455911623,14,911.0,0.1841383650404479,0.2077398268861776,11.98214646798915,14.610896559951398,0.0582613506962842
tide,darts,STORE0012,SKU0032,871.7732901427144,62.2695207244796,14,1098.0,0.1840345252895921,0.208994949261264,14.43356491199801,18.736840978690854,0.0282102222457399
tide,darts,STORE0003,SKU0087,308.04367880437724,22.003119914598376,14,310.0,0.1834423737870494,0.3459692213134565,4.061938276713238,5.687071823326689,-0.0153969139975641
tide,darts,STORE0001,SKU0098,639.2606295387255,45.661473538480394,14,731.0,0.1826674922777575,0.1964771736249045,9.537852632502917,12.409849804004608,-0.0585783321098884
tide,darts,STORE0008,SKU0020,799.7535014363219,57.12525010259442,14,909.0,0.1807127091625573,0.1762637680027999,11.73341804491176,14.42164214439183,-0.117704957289515
tide,darts,STORE0007,SKU0004,963.4991137555859,68.82136526825613,14,991.0,0.1806927139534019,0.2284471516678912,12.79046282341581,15.974269001278609,-0.0081235664376949
tide,darts,STORE0008,SKU0078,481.50282944415255,34.3930592460109,14,541.0,0.1801937013451692,0.1668236026040231,6.96319945912404,8.393344219407565,-0.1374652931658562
tide,darts,STORE0007,SKU0099,1025.455726105927,73.24683757899479,14,1133.0,0.1801375683443738,0.2271645381511891,14.578276066726826,17.728151962389173,0.0828622069218723
tide,darts,STORE0012,SKU0085,858.8593671090563,61.34709765064688,14,1133.0,0.1799382614619944,0.1759362247407534,14.562146445459977,18.630260519099963,-0.0667265912880883
tide,darts,STORE0008,SKU0042,221.60301612370088,15.828786865978634,14,281.0,0.1793912802259312,0.1951446299528515,3.6006392673919057,4.471636696572136,-0.0247314387674291
tide,darts,STORE0011,SKU0090,317.88841076983,22.706315054987858,14,347.0,0.1792367939394816,0.201420019703547,4.442511964071437,5.7505696935184565,-0.0503477156646023
tide,darts,STORE0006,SKU0067,556.6827115915743,39.76305082796959,14,557.0,0.1790496485708202,0.206682311536767,7.123618160996204,8.918155964800375,0.0588521130808416
tide,darts,STORE0005,SKU0064,1315.2439920728416,93.9459994337744,14,1440.0,0.1786409299694282,0.1946116694029973,18.37449565399833,23.669121369984374,-0.0525522262714994
tide,darts,STORE0006,SKU0041,1219.4759244221661,87.10542317301187,14,1818.0,0.1786264144351072,0.1935593687684465,23.195915817358923,27.48664022109733,-0.0355431347545079
tide,darts,STORE0007,SKU0025,317.9198357176404,22.708559694117174,14,380.0,0.1780896172766566,0.1886430568756291,4.8338610403663935,6.001942842295248,-0.0684839861495607
tide,darts,STORE0004,SKU0045,870.8817654935115,62.205840392393675,14,1259.0,0.1779148753570432,0.2345122798180307,15.999630576751246,19.339539037381268,0.0122588300491393
tide,darts,STORE0011,SKU0078,464.4190120083308,33.17278657202363,14,447.0,0.1776506896127113,0.2050891859345243,5.672132732634428,6.526552771916059,0.1000015939477126
tide,darts,STORE0001,SKU0062,275.78438107042075,19.69888436217291,14,308.0,0.1772978136166231,0.1712690937091559,3.9005518995657087,4.658156825257265,-0.1119749868289415
tide,darts,STORE0005,SKU0014,799.2315116860251,57.08796512043036,14,832.0,0.176281780318338,0.1909158683840763,10.476174373204088,13.032705154104892,0.0024801950865378
tide,darts,STORE0002,SKU0069,829.2624489523687,59.23303206802633,14,1055.0,0.1759083365966807,0.1840946441415564,13.255949650678442,20.83935281445312,0.0422292259201165
tide,darts,STORE0010,SKU0028,1521.9004239775013,108.7071731412501,14,1787.0,0.175887480007036,0.1814519048109813,22.45078048375525,26.77742986350729,-0.0273491807916669
tide,darts,STORE0003,SKU0001,1113.5748289830497,79.54105921307497,14,1181.0,0.175760089852284,0.1887176551013532,14.826619008253392,17.16916959531988,0.0709894583476271
tide,darts,STORE0002,SKU0048,668.068709257484,47.71919351839171,14,890.0,0.1742695371962186,0.1772950752985515,11.07856343604533,14.874595483588749,-0.0950646692925142
tide,darts,STORE0006,SKU0100,1324.9118266172802,94.63655904409144,14,1293.0,0.173259710214426,0.1923151771689903,16.00177180766092,21.39018711748106,0.0447031029348392
tide,darts,STORE0006,SKU0009,839.9803625470258,59.99859732478756,14,920.0,0.1727258011719828,0.1977378241692993,11.350552648444587,16.704855932399294,-0.0495480264127692
tide,darts,STORE0009,SKU0065,786.6429246215624,56.188780330111605,14,898.0,0.1719134938364094,0.1722058732282423,11.02702267607826,15.669619496257358,0.0885920538100447
tide,darts,STORE0010,SKU0050,212.96893293839483,15.212066638456774,14,236.0,0.1711844029248394,0.1630319308605219,2.8856799350187226,3.5046754095145345,-0.0198266747002811
tide,darts,STORE0013,SKU0102,749.810534831992,53.557895345142285,14,928.0,0.1704056587147465,0.1712587060819774,11.295460806234626,13.978346174113094,-0.007839318099279
tide,darts,STORE0011,SKU0069,1145.3693910785528,81.81209936275377,14,1593.0,0.1702694248263274,0.1716035468707838,19.3742281248814,27.47880226316784,-0.0883164378808307
tide,darts,STORE0013,SKU0017,727.479507787317,51.96282198480835,14,772.0,0.1701343215374696,0.7103988435310349,9.38169258763761,14.000741430553171,0.0460323766358642
tide,darts,STORE0004,SKU0032,1039.996208584658,74.28544347033271,14,1320.0,0.1691501010936136,0.2011629484511456,15.948438103112142,20.80433734666141,-0.0115342533653254
tide,darts,STORE0009,SKU0027,1370.5568670976231,97.89691907840165,14,1920.0,0.1687079320801422,0.2233465574151016,23.137087828133787,35.17118933583004,-0.0142014152450364
tide,darts,STORE0003,SKU0005,824.8891414379906,58.92065295985647,14,1159.0,0.1684295093655491,0.1675007076307748,13.943557239619386,16.43350603518274,-0.0733712819911158
tide,darts,STORE0006,SKU0005,1131.3753123125846,80.81252230804175,14,1530.0,0.1680219794337463,0.2230688964479768,18.36240203811656,22.967083799449853,-0.028159106663333
tide,darts,STORE0005,SKU0098,647.851470896307,46.27510506402193,14,711.0,0.1671454229742097,0.1876619518609344,8.48859969533308,12.356181295629176,-0.0192407348680501
tide,darts,STORE0006,SKU0060,897.147713099984,64.08197950714171,14,986.0,0.1664275661308702,0.1606412930004744,11.721255728931286,13.828854430702195,-0.1067746961652687
tide,darts,STORE0003,SKU0028,1218.9978061679988,87.07127186914276,14,1445.0,0.1663642603070318,0.1561538395841284,17.171168295975786,21.373284292662422,-0.1144779240123691
tide,darts,STORE0004,SKU0097,1067.319756817807,76.23712548698622,14,1146.0,0.1645006782451968,0.1855908368655836,13.465555519213966,17.580872971022707,-0.0378392211902708
tide,darts,STORE0013,SKU0057,672.2345963507349,48.01675688219535,14,648.0,0.1640712931399391,0.1884838543606668,7.594156996762899,9.055653259139875,0.0812213121733292
tide,darts,STORE0009,SKU0052,735.2500330422912,52.5178595030208,14,809.0,0.1628429809350303,0.1601840543550206,9.40999796974568,11.659890721503409,-0.0487547576038502
tide,darts,STORE0012,SKU0061,1196.1964825932425,85.44260589951732,14,1301.0,0.1612221322118293,0.152032172491502,14.98214242911357,19.774373486626324,-0.0773643979834795
tide,darts,STORE0013,SKU0009,392.10739971470235,28.007671408193026,14,401.0,0.1598323890257051,0.1694537664415986,4.57805628566484,6.020556780389072,0.0292620908858628
tide,darts,STORE0003,SKU0049,467.1701747874196,33.3692981991014,14,525.0,0.1595409287155051,0.1900373979990999,5.982784826831444,7.4812722371304545,-0.0353621559018592
tide,darts,STORE0007,SKU0002,688.5131404867637,49.17951003476884,14,756.0,0.1593225125872296,0.1734753276958955,8.6034156797104,10.131525182776327,-0.023157259492909
tide,darts,STORE0003,SKU0100,974.6627371779741,69.61876694128387,14,1105.0,0.1581733568778,0.155635678552267,12.48439709642636,14.966825177738274,-0.0863304623632402
tide,darts,STORE0009,SKU0050,213.14171835112688,15.22440845365192,14,233.0,0.1578684828828986,0.156477174245201,2.62738260797967,3.157811804865326,0.0056310560545564
tide,darts,STORE0010,SKU0056,305.6737546760716,21.833839619719402,14,374.0,0.1572302801380803,0.1720167354055728,4.200294626545862,4.965013878296986,0.0329877740625612
tide,darts,STORE0011,SKU0004,1321.4834513447363,94.3916750960526,14,1501.0,0.1554239518139615,0.1473642419048485,16.66366797662544,22.399209740606224,-0.0865778856318515
tide,darts,STORE0004,SKU0062,273.38132622547005,19.527237587533573,14,293.0,0.1542269298053995,0.1474241951796469,3.227749316641576,4.196807342152664,-0.053636524335383
tide,darts,STORE0008,SKU0066,445.73323601574083,31.83808828683863,14,465.0,0.1541939708618956,0.1653160182900747,5.121442603627249,6.418997109790097,0.039109078364743
tide,darts,STORE0002,SKU0054,780.6210476464666,55.7586462604619,14,1097.0,0.1536432589151209,0.1775391646492013,12.039046787849117,15.03066962604265,0.0030125550541247
tide,darts,STORE0012,SKU0033,1141.64117138119,81.54579795579927,14,1467.0,0.1535296116964501,0.1486299405450381,16.087710025620886,19.037636887647874,-0.0937815617557436
tide,darts,STORE0010,SKU0025,385.45289940240696,27.532349957314782,14,401.0,0.1513087158803565,0.1800711376304519,4.333913933430211,5.652335361223284,0.0512879376054462
tide,darts,STORE0008,SKU0083,1376.5263852952955,98.32331323537825,14,1555.0,0.1487445403906254,0.1330828885802295,16.521268593387322,21.347456187868477,-0.1209817989232022
tide,darts,STORE0012,SKU0098,535.5465113631774,38.25332224022696,14,579.0,0.1484288125134504,0.1555483696929626,6.1385916032348415,7.475379120194086,0.0168573187843444
tide,darts,STORE0010,SKU0006,1265.2125831161502,90.3723273654393,14,1503.0,0.1473883732673443,0.6216502147696362,15.823194644344186,29.067991267101547,0.0701334675878022
tide,darts,STORE0010,SKU0063,698.2046691204372,49.871762080031225,14,942.0,0.1454963171398443,0.1597082420014251,9.789823624695243,13.319378874417945,-0.0456046512544848
tide,darts,STORE0012,SKU0044,1010.2530656461892,72.16093326044208,14,1271.0,0.1442919311972355,0.132283360381398,13.099646039406167,18.10061366359004,-0.0762500016354598
tide,darts,STORE0009,SKU0097,922.1056739274799,65.86469099482,14,932.0,0.141792395832166,0.1379228735739503,9.439322351112764,13.301878220842616,0.0152969728923922
tide,darts,STORE0004,SKU0096,1457.2751153486754,104.09107966776253,14,1579.0,0.1378599842150052,0.1303968568382985,15.54863679110666,26.01450283206184,-0.0476888303517331
tide,darts,STORE0010,SKU0045,745.8379988370599,53.274142774075706,14,1099.0,0.1331668380320101,0.2227645699544168,10.453596785512795,14.003927467934211,-0.0022201912367588
tide,darts,STORE0011,SKU0101,228.4308058542722,16.316486132448013,14,290.0,0.132722747373788,0.1237307493235257,2.749256909885609,4.06683045672681,-0.0419262958794147
tide,darts,STORE0001,SKU0033,1476.1865313501712,105.4418950964408,14,1816.0,0.1315564165126822,0.1129963203185062,17.06474659907364,26.009355058138183,-0.0750976729865259
tide,darts,STORE0003,SKU0099,1080.5212876870075,77.1800919776434,14,1227.0,0.1276972259572088,0.1302438543857795,11.191749732106803,13.72240559480326,-0.0031052614698191
tide,darts,STORE0010,SKU0090,253.59900864512207,18.114214903223004,14,267.0,0.1273654603455868,0.1300946693606905,2.429041279447977,3.0057675632879426,0.0163505774927121
tide,darts,STORE0003,SKU0025,317.7614128724709,22.697243776605063,14,350.0,0.1273300595093174,0.1340751564993384,3.1832514877329348,3.534364919007295,0.0255278795656847
tide,darts,STORE0006,SKU0064,1442.0150602776005,103.00107573411432,14,1484.0,0.1260869921146276,0.1260603413171271,13.365221164150537,16.624602537724886,-0.0078679065251421
transformer,dl,STORE0005,SKU0045,972.2925071716309,69.44946479797363,14,985.0,0.6866887591211929,0.9049603820169808,48.31345912388393,68.1652724745994,0.5977211269630394
transformer,dl,STORE0006,SKU0063,831.9928016662598,59.4280572618757,14,749.0,0.5993000025424524,1.1739470750372585,32.06255013602121,46.27678120622669,0.4535410210032647
transformer,dl,STORE0007,SKU0084,296.4445114135742,21.174607958112443,14,196.0,0.5797726767403739,1.4663858887766683,8.116817474365234,10.208166287963111,0.5454031885886679
transformer,dl,STORE0002,SKU0066,372.77464294433594,26.62676021030971,14,253.0,0.5749899445786306,3.2205158365581807,10.390889712742396,13.39084252367333,0.5476966752365172
transformer,dl,STORE0001,SKU0019,292.35999298095703,20.882856641496932,14,244.0,0.5675211578118996,0.6491997960826572,9.89108303615025,12.877896082802652,0.404746024335017
transformer,dl,STORE0002,SKU0086,112.3354721069336,8.0239622933524,14,104.0,0.5641618875356821,1.0648216025963202,4.190916878836496,5.34088497009533,0.2645392051109901
transformer,dl,STORE0011,SKU0023,1162.2016906738281,83.014406476702,14,964.0,0.5619598404500494,1.2166915960899884,38.69494901384626,51.19284530017184,0.3946395256707282
transformer,dl,STORE0002,SKU0015,157.64348983764648,11.260249274117607,14,102.0,0.5527309716916552,1.4109282866233994,4.02703993661063,4.996846843936013,0.5527309716916552
transformer,dl,STORE0013,SKU0025,259.935546875,18.566824776785715,14,206.0,0.5496826171875,0.9746566996138128,8.088187081473214,9.857946837696806,0.4818864840905643
transformer,dl,STORE0009,SKU0069,1084.2292404174805,77.44494574410575,14,1072.0,0.5482970920961294,0.686772665297312,41.98389162336077,55.57700524985884,0.2848214320282438
transformer,dl,STORE0013,SKU0071,273.746768951416,19.553340639386857,14,195.0,0.5441903530023037,0.9102439995414812,7.579794202532087,8.63681207678446,0.3410039265950521
transformer,dl,STORE0008,SKU0043,753.0240631103516,53.78743307931082,14,765.0,0.5321220447814542,5.558827581498719,29.076668875558035,42.14811178785338,0.3829395767910029
transformer,dl,STORE0001,SKU0024,902.5763130187988,64.46973664419991,14,665.0,0.525221005776771,2.124290038211827,24.947997774396622,30.57132864788061,0.4152119629365161
transformer,dl,STORE0011,SKU0015,206.3335723876953,14.738112313406807,14,141.0,0.5242941024455618,1.5230082957224784,5.28039060320173,6.415573576877365,0.5141352119175255
transformer,dl,STORE0002,SKU0063,639.3564262390137,45.668316159929546,14,529.0,0.5226226691262258,0.9540672359815228,19.74767085484096,27.06851552292597,0.4014942190822897
transformer,dl,STORE0006,SKU0095,508.9906883239746,36.35647773742676,14,373.0,0.517433897739441,1.362735184769673,13.78591741834368,16.096629578445864,0.3058583410431808
transformer,dl,STORE0010,SKU0098,530.8995208740234,37.92139434814453,14,456.0,0.510068650831256,1.8722652610473731,16.613664627075195,20.34283944701515,0.212031038183915
transformer,dl,STORE0008,SKU0029,535.5367851257324,38.252627508980886,14,460.0,0.5098816996035369,1.487833854047148,16.75325584411621,21.206577069679472,0.4320494693258534
transformer,dl,STORE0005,SKU0084,418.1793098449707,29.869950703212194,14,296.0,0.5084412548993085,1.3315758159342483,10.749900817871094,12.887163393242757,0.4216437339782715
transformer,dl,STORE0005,SKU0013,1388.8996047973633,99.2071146283831,14,1453.0,0.4991755475689441,2.1600813669285728,51.807290758405415,72.36779236817176,0.2879005059322979
transformer,dl,STORE0006,SKU0017,1658.9173889160156,118.49409920828683,14,1393.0,0.4924414224617787,1.989536023305668,48.99792153494699,58.21547883723655,0.3740615570878948
transformer,dl,STORE0012,SKU0062,274.8386001586914,19.631328582763672,14,192.0,0.4905892213185629,1.0394191784991735,6.72808074951172,7.682230202994826,0.3857201337814331
transformer,dl,STORE0011,SKU0055,264.44568634033203,18.888977595738,14,192.0,0.4892660578091939,0.761856212227146,6.7099345070975165,9.10582694100736,0.3517868717511495
transformer,dl,STORE0007,SKU0080,859.130298614502,61.36644990103586,14,717.0,0.4867635910481089,0.757408471800669,24.929249627249582,34.2127657456602,0.371142425962738
transformer,dl,STORE0006,SKU0034,1924.6744995117188,137.47674996512276,14,2432.0,0.4812228616915251,1.2056844243458642,83.59528568812779,113.8951020803767,0.3264197989513999
transformer,dl,STORE0001,SKU0043,691.263069152832,49.375933510916575,14,718.0,0.477798313151495,0.5861541440735871,24.504227774483816,37.769832014594485,0.4044813405836525
transformer,dl,STORE0002,SKU0016,312.2561721801758,22.304012298583984,14,271.0,0.4765357408136459,2.211776242809113,9.224370411464148,12.349389339117302,0.3163366704849299
transformer,dl,STORE0008,SKU0007,481.5980281829834,34.39985915592739,14,374.0,0.4763451183543485,2.890476747340057,12.725219590323311,15.041629231278437,0.2889040829663608
transformer,dl,STORE0013,SKU0002,477.497257232666,34.10694694519043,14,399.0,0.4754598325954045,1.0282221928200757,13.55060522896903,16.21484625550042,0.2465513033376899
transformer,dl,STORE0002,SKU0039,210.2503776550293,15.017884118216378,14,173.0,0.4746681830786556,1.7521338826748114,5.865542548043387,7.648971488523599,0.4746681830786556
transformer,dl,STORE0007,SKU0043,520.193920135498,37.156708581107004,14,512.0,0.4733211472630501,0.9096054309458969,17.310030528477263,26.87592116729788,0.4337906017899513
transformer,dl,STORE0004,SKU0076,503.788143157959,35.98486736842564,14,386.0,0.4726215026539224,0.6456721488479065,13.03085000174386,14.537166813432188,0.305629058205402
transformer,dl,STORE0009,SKU0003,316.6795082092285,22.619964872087753,14,237.0,0.4667541648768171,1.1092309348110037,7.901481219700405,9.742596612371024,0.3643998496140105
transformer,dl,STORE0010,SKU0076,447.14515686035156,31.938939775739396,14,354.0,0.4568618946829758,1.8827256757629924,11.552079336983818,14.98645845884774,0.2330270971955552
transformer,dl,STORE0007,SKU0066,367.58280181884766,26.255914415631974,14,279.0,0.4567150471458298,0.8279982266949697,9.101678439549037,11.034261629515466,0.3698879706816861
transformer,dl,STORE0011,SKU0098,629.5748100280762,44.96962928771973,14,576.0,0.4566563169161479,1.8985679358577612,18.78814561026437,23.51207034028081,0.1476377314991421
transformer,dl,STORE0005,SKU0019,285.64080810546875,20.40291486467634,14,248.0,0.4563164864816973,1.192359560781446,8.083320617675781,11.406951635190005,0.3327723472349105
transformer,dl,STORE0009,SKU0016,364.644287109375,26.0460205078125,14,347.0,0.4561776262882464,1.4387682370521833,11.30668830871582,15.138814659127936,0.1903345839090924
transformer,dl,STORE0008,SKU0059,466.1051845550537,33.29322746821812,14,364.0,0.4551145427829616,0.476609946419095,11.832978112357004,13.960583044964832,0.2427352758554312
transformer,dl,STORE0007,SKU0097,746.0171585083008,53.286939893450054,14,650.0,0.4514048238900991,5.029449080594742,20.958081109183176,27.685139316395183,0.1128886002760667
transformer,dl,STORE0007,SKU0061,1100.4169998168945,78.60121427263532,14,794.0,0.4506708332513381,1.0241549220053332,25.559474400111608,31.385115519843616,0.3737979571825311
transformer,dl,STORE0011,SKU0039,293.9762725830078,20.99830518450056,14,264.0,0.4497502428112608,2.1734997280160413,8.481004578726631,10.621868496092777,0.3138549183354233
transformer,dl,STORE0012,SKU0091,264.92702865600586,18.923359189714706,14,223.0,0.4495943693836708,0.6532668973004876,7.161396026611328,8.713031067477468,0.344037624752575
transformer,dl,STORE0004,SKU0051,1197.4890365600586,85.53493118286133,14,970.0,0.4495265921366583,1.587042695940146,31.145771026611328,40.30870635198792,0.2436684755934882
transformer,dl,STORE0005,SKU0073,166.67080307006836,11.90505736214774,14,127.0,0.4489075668214813,0.5228185339817687,4.072232927594866,5.557283215939306,0.326680881770577
transformer,dl,STORE0003,SKU0060,693.0190773010254,49.50136266435896,14,634.0,0.4478681786955343,0.80297884767439,20.2820303780692,23.965979669815017,0.0922129056431141
transformer,dl,STORE0013,SKU0003,199.33453750610352,14.238181250435966,14,142.0,0.4469398176166373,0.7890542232743025,4.533246721540179,6.320472549692617,0.3921733909929302
transformer,dl,STORE0007,SKU0039,214.18084335327148,15.29863166809082,14,183.0,0.4459839492547707,1.8915262549840024,5.82964733668736,7.386957515345478,0.3298176624735848
transformer,dl,STORE0002,SKU0023,817.9728584289551,58.426632744925364,14,801.0,0.4444354148988569,0.6802944222072677,25.428054809570312,34.13868777803259,0.1902776234754164
transformer,dl,STORE0002,SKU0062,238.5179557800293,17.036996841430664,14,188.0,0.442945196273479,1.7022122972886644,5.948121207101004,7.412738766054742,0.2246568152245054
transformer,dl,STORE0009,SKU0057,1220.2030029296875,87.15735735212054,14,986.0,0.4415418381139666,1.042389216717583,31.09716088431222,39.28570947182141,0.2873343802368907
transformer,dl,STORE0003,SKU0031,562.8742904663086,40.20530646187918,14,713.0,0.4388335978332776,0.60891855154935,22.34916823250907,28.85187784242501,0.1526156956484074
transformer,dl,STORE0009,SKU0010,495.3366394042969,35.38118852887835,14,379.0,0.4376604689142634,0.7702095049258534,11.84809412275042,14.138726744281213,0.3925290371937613
transformer,dl,STORE0011,SKU0026,1379.200180053711,98.51429857526507,14,1462.0,0.4363953189875946,1.216082789490279,45.57213973999024,54.337668987231126,0.2616697120927427
transformer,dl,STORE0001,SKU0020,810.924732208252,57.92319515773228,14,665.0,0.4359825191641212,0.97365485991974,20.70916966029576,24.15463270967561,0.1869856296625352
transformer,dl,STORE0011,SKU0035,2247.934371948242,160.56674085344588,14,2625.0,0.4351055617559524,0.9566307829666136,81.58229282924107,96.37341531839397,0.2108472726004464
transformer,dl,STORE0010,SKU0036,518.6625938415527,37.04732813153948,14,589.0,0.4333463192795654,0.6647952117692152,18.23149871826172,19.946348118381067,0.2271077620760491
transformer,dl,STORE0009,SKU0032,989.2196044921875,70.65854317801339,14,997.0,0.4329105863121591,2.0019192057098167,30.829418182373047,42.80726720132034,0.2260399897813557
transformer,dl,STORE0007,SKU0050,227.88451385498047,16.27746527535575,14,161.0,0.4324926293414572,0.607145655367754,4.973665237426758,6.026620469911514,0.3756392342703683
transformer,dl,STORE0001,SKU0092,1483.2366561889648,105.94547544206891,14,1319.0,0.4317597222201656,0.7161155131554835,40.67793382917132,50.31662151251872,0.1137023763822912
transformer,dl,STORE0009,SKU0058,1276.880271911621,91.20573370797294,14,1123.0,0.4299162935170337,3.105589189504727,34.48542840140207,44.79359070680536,0.1558376798009829
transformer,dl,STORE0006,SKU0081,1082.3736038208008,77.31240027291435,14,946.0,0.42964631256039,0.6897769479345458,29.031815120152064,37.70789804793531,0.2111388885949681
transformer,dl,STORE0009,SKU0070,1427.0225830078125,101.93018450055804,14,1061.0,0.4277424502215444,1.0775813458339083,32.41676712036133,43.36066234986637,0.3942700888501598
transformer,dl,STORE0005,SKU0086,151.62673950195312,10.830481392996651,14,135.0,0.4258290608723958,0.4862477421641469,4.106208801269531,5.598505511486987,0.3352987218786169
transformer,dl,STORE0003,SKU0008,298.9361801147461,21.352584293910436,14,243.0,0.4249070249957802,0.7201816261645592,7.375171933855329,8.844492271994227,0.2678634737744744
transformer,dl,STORE0001,SKU0016,420.081823348999,30.005844524928502,14,404.0,0.4244839885447285,0.8736334245326468,12.249395098005024,14.692956653736417,0.1711565433162273
transformer,dl,STORE0003,SKU0050,251.17721557617188,17.941229684012278,14,170.0,0.4222446666044347,0.8941782575199693,5.127256665910993,6.74471304906512,0.328126750272863
transformer,dl,STORE0008,SKU0031,803.6477546691895,57.403411047799246,14,917.0,0.4216854465696777,1.0023705681964148,27.62039675031389,36.22099860148556,0.2921536860575203
transformer,dl,STORE0006,SKU0031,805.2300567626953,57.51643262590681,14,943.0,0.4188156856079749,0.6085321026128326,28.210227966308597,35.91364464862783,0.3151825371880799
transformer,dl,STORE0002,SKU0017,1092.680076599121,78.04857689993722,14,1063.0,0.4178696683523011,1.4806158323162286,31.72824696132115,37.38961245297026,0.1161444404724063
transformer,dl,STORE0006,SKU0091,311.6643409729004,22.261738640921457,14,294.0,0.415981591153307,0.5988125293219447,8.735613414219447,11.448079745779706,0.1731233012919523
transformer,dl,STORE0005,SKU0023,1130.2350540161133,80.73107528686523,14,1133.0,0.4144560164933907,0.6141400802035929,33.54133333478655,43.00512017623424,0.2055067515225928
transformer,dl,STORE0010,SKU0100,1089.0429458618164,77.7887818472726,14,1076.0,0.4141903349014906,0.7004664313820577,31.833485739571707,38.37523275824387,0.0088049098018376
transformer,dl,STORE0007,SKU0101,180.1740264892578,12.869573320661273,14,165.0,0.4132353117971709,1.831373845719933,4.870273317609515,6.752640565590116,0.2353270790793679
transformer,dl,STORE0006,SKU0065,963.6006126403809,68.82861518859863,14,954.0,0.4119335350500462,0.4393314984567905,28.07032803126744,41.38826250517035,0.2917878212918775
transformer,dl,STORE0004,SKU0035,2294.2642211914062,163.87601579938615,14,2944.0,0.4117970466613769,0.7883038393529136,86.59503609793526,101.93954191418494,0.1647925687872845
transformer,dl,STORE0009,SKU0019,254.59333038330078,18.185237884521484,14,230.0,0.410076962346616,0.7862367026562327,6.736978667122977,7.871355684635,0.2820346085921578
transformer,dl,STORE0001,SKU0051,1142.4797592163086,81.60569708687919,14,924.0,0.4090312776111421,1.0968058404558507,26.99606432233538,32.25691778654878,0.2697430565243676
transformer,dl,STORE0005,SKU0020,811.9021224975586,57.99300874982561,14,625.0,0.4080355224609375,0.6376418708867506,18.21587153843471,22.502686093502568,0.2984508056640625
transformer,dl,STORE0002,SKU0087,366.55912590026855,26.18279470716204,14,272.0,0.4079908763661104,0.7488848648601086,7.9266798836844305,10.180674846038388,0.3352638973909266
transformer,dl,STORE0008,SKU0081,1106.2947006225586,79.02105004446847,14,857.0,0.4075703125712195,1.1417742297915707,24.94912556239537,32.00811040405081,0.3935194783338727
transformer,dl,STORE0011,SKU0033,1273.6168670654297,90.9726333618164,14,1477.0,0.4075671320600774,1.415674659156765,42.99833243233817,51.77717042638597,0.2730303682341475
transformer,dl,STORE0001,SKU0058,1476.5764389038086,105.46974563598633,14,1284.0,0.4074235422960323,1.3255483333160305,37.36655916486468,46.42421328747206,0.1612052620385666
transformer,dl,STORE0008,SKU0047,1055.062873840332,75.361633845738,14,1012.0,0.4056571538269284,0.5188480004236694,29.3232171194894,32.54814562481455,0.2707880193536932
transformer,dl,STORE0003,SKU0021,674.5879859924316,48.18485614231655,14,560.0,0.4052806854248046,1.4934105407059075,16.211227416992188,20.15181016457579,0.2730839593069894
transformer,dl,STORE0007,SKU0048,660.7418403625488,47.19584574018206,14,761.0,0.4041340109866489,0.8572994207758818,21.96757016863142,26.38553805182369,0.192960440877546
transformer,dl,STORE0009,SKU0039,247.18485641479492,17.65606117248535,14,227.0,0.4030380249023437,1.022744435661711,6.534973689488003,7.795260416628998,0.341989155907988
transformer,dl,STORE0006,SKU0076,500.7806053161621,35.77004323686872,14,378.0,0.4030012605051515,0.7294268236735012,10.881034033639091,14.401454889561965,0.3297108544243706
transformer,dl,STORE0007,SKU0049,598.1135025024414,42.72239303588867,14,502.0,0.4020161571730655,0.5401035531316577,14.415150778634208,15.7133251386066,0.1113442044809045
transformer,dl,STORE0006,SKU0053,547.1808929443359,39.084349496024,14,441.0,0.4020121913918562,0.7177565348577092,12.66338402884347,15.882036696161704,0.2084848140102395
transformer,dl,STORE0002,SKU0031,568.5757217407227,40.61255155290876,14,646.0,0.4015968251892656,1.3275735895171827,18.53082493373326,24.447493868632403,0.2701636866519326
transformer,dl,STORE0008,SKU0035,2097.2113647460938,149.80081176757812,14,2593.0,0.4012169769910877,2.163086800095557,74.31111580984933,88.30412768134791,0.1779362876765571
transformer,dl,STORE0001,SKU0066,509.6956367492676,36.40683119637625,14,429.0,0.3999747607535693,0.977341995091228,12.256369454520089,14.864714972956968,0.2299635916045218
transformer,dl,STORE0006,SKU0046,1263.9401092529297,90.28143637520927,14,1571.0,0.3988666789384498,0.7207290646848664,44.75853947230748,54.88056802663005,0.1869311900293652
transformer,dl,STORE0005,SKU0041,1117.0896072387695,79.79211480276925,14,1350.0,0.3983925769947194,0.682293697445555,38.416427067347946,54.88864390838586,0.2823660221806279
transformer,dl,STORE0002,SKU0026,986.3291320800781,70.45208086286273,14,1008.0,0.3950555211021787,3.970988590896316,28.443997519356863,37.37385330094379,0.2419469999888586
transformer,dl,STORE0006,SKU0033,1323.1111373901367,94.50793838500977,14,1674.0,0.3950493925361223,0.7571005882286499,47.2366202218192,57.61855970848685,0.132191830068791
transformer,dl,STORE0006,SKU0071,533.1755447387695,38.08396748134068,14,423.0,0.3948244496158392,0.5981340277459409,11.929338727678571,14.12478865582123,0.2336847472134493
transformer,dl,STORE0013,SKU0006,854.2322616577148,61.0165901184082,14,938.0,0.3944292454831382,0.5663920437539447,26.42675944737025,32.12414937411483,0.0506629293153026
transformer,dl,STORE0009,SKU0015,173.54592895507812,12.39613778250558,14,147.0,0.3935232876109428,1.067910526163365,4.131994519914899,4.929589666656182,0.1697801862444196
transformer,dl,STORE0007,SKU0065,692.0931091308594,49.43522208077567,14,707.0,0.3897586968191273,0.4155773078847178,19.68281418936593,27.50345639350556,0.2145642195597733
transformer,dl,STORE0009,SKU0099,1362.4778671264648,97.31984765189034,14,1318.0,0.3890727539525589,0.908015882567796,36.62842069353376,43.93025002331397,0.1731341337397897
transformer,dl,STORE0008,SKU0025,498.47862243652344,35.6056158883231,14,468.0,0.3883727636092748,0.7311363648475119,12.98274666922433,15.530960647238729,0.2826996012630626
transformer,dl,STORE0009,SKU0009,835.9835090637207,59.71310779026577,14,705.0,0.3882029918914145,1.4240509855664576,19.54879352024623,25.00604036711356,0.2237138193549839
transformer,dl,STORE0006,SKU0012,713.0693511962891,50.93352508544922,14,852.0,0.3879811371995809,0.8939593149145689,23.61142349243164,28.36376769412593,0.1894804547090485
transformer,dl,STORE0011,SKU0100,1273.8575286865234,90.98982347760882,14,1173.0,0.3878532338122069,0.5109068651410683,32.49656023297991,36.941861826370456,0.1326601332512454
transformer,dl,STORE0011,SKU0024,883.5322799682617,63.10944856916155,14,794.0,0.3869349337945357,0.7838383083782959,21.944738388061523,26.438666320200685,0.1792286649458954
transformer,dl,STORE0001,SKU0026,1380.0205612182617,98.57289722987584,14,1585.0,0.3868021294145554,0.6467472357230518,43.7915267944336,51.241781787693554,0.1723085517762963
transformer,dl,STORE0008,SKU0051,1210.8973007202148,86.4926643371582,14,1030.0,0.3866422486536711,1.4678466837743191,28.44582257952009,38.02821821943557,0.172084460212189
transformer,dl,STORE0002,SKU0038,931.2530937194824,66.51807812282017,14,1030.0,0.3864811350998369,0.6818253784673857,28.433969225202286,33.69072940018961,0.1240167932602965
transformer,dl,STORE0012,SKU0043,588.540340423584,42.038595744541716,14,719.0,0.3861064247693737,0.4130565784373368,19.829322814941406,23.1144664938794,0.1169550740503303
transformer,dl,STORE0013,SKU0028,833.0618019104004,59.50441442217146,14,879.0,0.3858733540644553,6.606526578585579,24.22733415876116,32.39860648368399,0.1641808033531978
transformer,dl,STORE0006,SKU0039,284.0163040161133,20.286878858293807,14,251.0,0.3857522865690558,1.2458788251435238,6.915987423488072,9.422022261118451,0.3027698851201639
transformer,dl,STORE0011,SKU0062,329.20710372924805,23.514793123517716,14,249.0,0.3852642932570124,0.7247536458909837,6.852200644356864,8.487972520020252,0.290405365357916
transformer,dl,STORE0007,SKU0036,482.0046730041504,34.42890521458217,14,496.0,0.3846143599479429,1.0023465924742485,13.62633732386998,17.81494939147071,0.2983834974227413
transformer,dl,STORE0002,SKU0099,1106.5802307128906,79.04144505092076,14,1098.0,0.3837727475470315,1.0394801949203012,30.098748343331472,49.299652871510304,0.1360862328923682
transformer,dl,STORE0009,SKU0045,852.132453918457,60.86660385131836,14,1026.0,0.3827415005273056,0.8963671293194607,28.049484252929688,34.02715402682814,0.2615871020460221
transformer,dl,STORE0004,SKU0099,1623.9953079223633,115.99966485159737,14,1429.0,0.3810495065591651,0.7869859570499298,38.89426749093192,49.097705901596406,0.29759593240192
transformer,dl,STORE0009,SKU0093,1011.6963806152344,72.26402718680245,14,889.0,0.3809000279155169,0.5942022701683255,24.187151772635325,28.945054983779805,0.2188960741555865
transformer,dl,STORE0009,SKU0023,939.4925689697266,67.10661206926618,14,991.0,0.3799481319731588,0.4507039819768873,26.894899913242885,34.640210001807766,0.121697330571087
transformer,dl,STORE0007,SKU0055,166.77707290649414,11.91264806474958,14,138.0,0.3796111673548601,0.7452605642136014,3.7418815067836215,4.821869576967504,0.1862410116886747
transformer,dl,STORE0010,SKU0017,1344.7979049682617,96.0569932120187,14,1321.0,0.3790580351004358,0.7569813842497426,35.7668331691197,54.19170929455302,0.1206556055962723
transformer,dl,STORE0011,SKU0058,1432.9273986816406,102.35195704868862,14,1296.0,0.378892692518823,0.7997858092424426,35.07463782174248,41.92981585032768,0.1414243733441388
transformer,dl,STORE0001,SKU0081,1152.0277404785156,82.2876957484654,14,1013.0,0.378420363762301,1.456822987292835,27.38141632080078,35.826882277057095,0.2009978826283702
transformer,dl,STORE0005,SKU0060,1025.7772598266602,73.26980427333287,14,923.0,0.3782444268884793,0.4880969379652135,24.93711471557617,29.6286655520035,0.0548318633537251
transformer,dl,STORE0013,SKU0063,458.13958740234375,32.724256243024556,14,400.0,0.3781177949905395,0.8499618964517551,10.803365571158272,14.068408279521782,0.3550194120407104
transformer,dl,STORE0012,SKU0053,475.87013816833496,33.99072415488107,14,428.0,0.3781086886040518,0.4943694892680229,11.5593227658953,12.724014782763064,0.0858641695753436
transformer,dl,STORE0001,SKU0101,262.89716720581055,18.778369086129324,14,287.0,0.3777996555022662,0.6305050056246453,7.744892937796457,9.551293007260243,0.0742097249845179
transformer,dl,STORE0003,SKU0019,225.0312156677246,16.07365826198033,14,186.0,0.3775627792522472,0.5441731976731504,5.01619121006557,6.738342791701964,0.3648090157457578
transformer,dl,STORE0011,SKU0043,714.9297027587891,51.0664073399135,14,803.0,0.3770024262804765,1.0185723307704644,21.62378202165876,28.377785369107727,0.2145472012302498
transformer,dl,STORE0011,SKU0020,789.506763458252,56.393340247017996,14,659.0,0.3764975089042791,0.9806715062902044,17.722275597708567,23.565875849490716,0.1818643723344585
transformer,dl,STORE0009,SKU0012,653.1444244384766,46.6531731741769,14,729.0,0.3739610156568153,1.1618242067320492,19.47268431527274,26.42547698094793,0.187929166524335
transformer,dl,STORE0001,SKU0007,485.0623588562012,34.64731134687151,14,376.0,0.3732912337526362,0.5592808576203497,10.025535992213658,11.77564861966306,0.297121266101269
transformer,dl,STORE0009,SKU0077,785.250862121582,56.08934729439871,14,716.0,0.3727815617396179,0.6750704192008062,19.065114157540457,28.10013671940014,0.3238055373037327
transformer,dl,STORE0009,SKU0049,688.357795715332,49.168413979666575,14,539.0,0.3719019137861998,0.4304870186973937,14.318223680768694,15.461721957751616,0.2988464128993217
transformer,dl,STORE0001,SKU0061,1488.6785202026367,106.33418001447406,14,1251.0,0.3716109387880321,0.5787442142397641,33.20609174455915,40.80046076331516,0.2380843982040929
transformer,dl,STORE0007,SKU0034,1401.64501953125,100.11750139508929,14,1854.0,0.37115557525536,0.5350901229882764,49.151602608816965,68.0173261620862,0.2144200264314489
transformer,dl,STORE0013,SKU0068,304.38564682006836,21.741831915719168,14,381.0,0.3700635114054041,0.423730446066097,10.0710141318185,13.113788645629592,-0.1255603600048956
transformer,dl,STORE0004,SKU0068,632.8308792114258,45.202205657958984,14,562.0,0.369831757189116,0.4692143761484199,14.846103395734517,19.18310971414889,0.2600396247945222
transformer,dl,STORE0009,SKU0082,759.3734703063965,54.240962164742605,14,680.0,0.3692091100356158,1.161034477092992,17.933013916015625,22.17894611910333,0.2123495101928711
transformer,dl,STORE0001,SKU0001,1542.6464614868164,110.18903296334403,14,1457.0,0.3686360324500927,0.5880206383493458,38.36447851998465,45.60452989149815,0.2026544333977002
transformer,dl,STORE0005,SKU0075,598.1723709106445,42.726597922188894,14,553.0,0.3681991604741184,0.3761578126676955,14.54386683872768,17.564314128498623,0.0431105077374477
transformer,dl,STORE0007,SKU0053,391.4006099700928,27.957186426435197,14,352.0,0.3680216344920071,1.5550770880023133,9.253115381513323,12.754738571913537,0.0965536778623407
transformer,dl,STORE0010,SKU0042,215.90466690063477,15.421761921473912,14,195.0,0.3679748143905248,0.5728646816082452,5.125363486153739,6.222910174095568,0.327334712101863
transformer,dl,STORE0005,SKU0006,1656.5132598876953,118.32237570626395,14,2295.0,0.367966070569938,0.3877014258586521,60.32015228271485,71.4703315974261,-0.1634437378195636
transformer,dl,STORE0004,SKU0014,913.8549003601074,65.27535002572196,14,812.0,0.3679346451031163,2.178230355850986,21.34020941598075,28.93316036265101,0.1985911853207743
transformer,dl,STORE0001,SKU0037,1307.1910934448242,93.37079238891602,14,1531.0,0.3670692967091566,0.6277939905463875,40.141649518694194,51.37148716320442,0.1773778914159454
transformer,dl,STORE0006,SKU0102,1447.939109802246,103.42422212873187,14,1498.0,0.3670350292496114,0.5368735390409077,39.272748129708425,49.80985389702345,0.3063349144481053
transformer,dl,STORE0006,SKU0056,378.54732513427734,27.03909465244838,14,379.0,0.3664512131019129,1.4680077517508394,9.920357840401786,14.1109923124329,0.1474022877876865
transformer,dl,STORE0002,SKU0084,319.40274810791016,22.81448200770787,14,259.0,0.365906674889524,0.767350554293098,6.7692734854561945,8.945531627963897,0.2274260060667531
transformer,dl,STORE0005,SKU0101,248.44013595581055,17.745723996843612,14,261.0,0.3658022021881922,1.192498072854687,6.819598197937012,9.038000963534651,0.0805123793211019
transformer,dl,STORE0006,SKU0098,619.4851722717285,44.248940876552034,14,581.0,0.3639825239854507,1.1095145572158476,15.105274745396205,18.684644020245297,0.0892668180744742
transformer,dl,STORE0010,SKU0079,1047.7920532226562,74.84228951590401,14,989.0,0.3629535254622132,0.5051344248166135,25.64007404872349,28.222448572714548,0.1284643545430398
transformer,dl,STORE0004,SKU0029,512.8654708862305,36.63324792044504,14,525.0,0.362922639392671,1.684810174166648,13.609598977225165,17.118380008635146,0.2073333304268974
transformer,dl,STORE0002,SKU0043,525.247974395752,37.517712456839426,14,546.0,0.3627176319723164,0.4504515301263789,14.14598764692034,18.271191089691545,0.3216885088127611
transformer,dl,STORE0008,SKU0056,387.99607849121094,27.714005606515066,14,385.0,0.3625364724691812,0.535921296828913,9.969752992902484,14.170100621154678,0.154632399918197
transformer,dl,STORE0007,SKU0067,476.49815559387207,34.035582542419434,14,400.0,0.3624059867858886,0.5340744991465587,10.354456765311104,12.438498254010154,0.1610912799835205
transformer,dl,STORE0007,SKU0027,1062.001579284668,75.85725566319057,14,1769.0,0.3614075629976659,1.461825703697993,45.66642706734793,54.92112348158522,0.0078363801342676
transformer,dl,STORE0001,SKU0086,158.10351943969727,11.293108531406947,14,177.0,0.3601026157874845,0.4575046218661383,4.55272592817034,5.521606033324797,0.0549164033878994
transformer,dl,STORE0009,SKU0022,1309.788444519043,93.55631746564593,14,1233.0,0.3594436336124417,0.8023437831498751,31.656714303152903,37.27073032586279,0.0863011987443291
transformer,dl,STORE0001,SKU0011,361.9476261138916,25.85340186527797,14,335.0,0.3593513261026411,0.5593762900605855,8.598763874598912,10.693293972707064,0.2419502258300781
transformer,dl,STORE0003,SKU0042,193.02423095703125,13.787445068359375,14,176.0,0.3591133897954767,1.7991788047363215,4.514568328857422,6.729614866696447,0.2767543792724609
transformer,dl,STORE0001,SKU0035,2261.312515258789,161.52232251848494,14,3090.0,0.358801664580805,0.7902300905887811,79.19265311104911,106.26390390813988,0.0308805595323877
transformer,dl,STORE0010,SKU0034,1601.6474990844727,114.40339279174805,14,2551.0,0.3586821277578033,0.4489247674449158,65.3570077078683,78.67300439800447,0.016616731566665
transformer,dl,STORE0004,SKU0028,1593.3351593017578,113.80965423583984,14,1815.0,0.3582907264226067,0.7889055772275639,46.44983346121652,55.18145946842159,0.1781393592351067
transformer,dl,STORE0013,SKU0049,393.95033073425293,28.139309338160924,14,298.0,0.3577241641563057,0.6472106391422218,7.614414351327079,9.218139063464204,0.3120734259586206
transformer,dl,STORE0002,SKU0019,227.3578224182129,16.239844458443777,14,198.0,0.3575652440388997,0.5723541335989876,5.056994165693011,6.185313609249117,0.3203864723745018
transformer,dl,STORE0003,SKU0039,207.78155136108398,14.84153938293457,14,191.0,0.3575498570946498,0.5859401632565707,4.878001621791294,6.013663290814162,0.3486141184861747
transformer,dl,STORE0003,SKU0009,721.303783416748,51.521698815482004,14,642.0,0.3574633672601337,0.4456712585002095,16.392248698643275,19.9093300303922,0.1332222115584994
transformer,dl,STORE0010,SKU0040,316.2127265930176,22.586623328072683,14,367.0,0.3559649101070227,3.1927642480067235,9.331365857805524,13.687310969670278,0.2436527907036305
transformer,dl,STORE0002,SKU0042,194.63304901123047,13.90236064365932,14,178.0,0.3551897413275215,0.8247407462661428,4.515983854021345,5.84469530761007,0.2579984986380245
transformer,dl,STORE0013,SKU0076,268.07574462890625,19.148267473493302,14,226.0,0.3550538763535761,0.7714195355212523,5.731584003993443,7.233094466060924,0.1429020198045579
transformer,dl,STORE0003,SKU0086,108.75181198120117,7.767986570085798,14,117.0,0.3548921764406383,0.8200870333803038,2.9658846173967635,3.5956518982899013,0.0774523743197449
transformer,dl,STORE0006,SKU0099,1511.9930801391602,107.99950572422573,14,1474.0,0.3548645423257691,1.5608552109515148,37.36216681344168,53.03618457598957,0.2136585696257923
transformer,dl,STORE0001,SKU0042,251.09986877441406,17.935704912458146,14,244.0,0.3548462664494749,0.485321412053997,6.1844635009765625,7.579101652221984,0.2557874585761399
transformer,dl,STORE0013,SKU0026,753.0171318054199,53.78693798610142,14,724.0,0.3548095977108781,0.4235981112083951,18.348724910191127,26.718544120763426,0.2541237088198161
transformer,dl,STORE0011,SKU0067,672.185546875,48.013253348214285,14,553.0,0.3544882279408129,0.698397820072508,14.00228500366211,17.671592401972582,0.1647311550368021
transformer,dl,STORE0006,SKU0058,1461.6193466186523,104.40138190133231,14,1505.0,0.3532127963348084,0.3865644144955222,37.97037560599191,47.56153267242493,-0.0343215334058996
transformer,dl,STORE0011,SKU0050,333.7257308959961,23.837552206856863,14,248.0,0.3531190503028131,1.014341787674251,6.255251748221261,8.0361721916128,0.3007735590780935
transformer,dl,STORE0011,SKU0021,941.3584480285645,67.23988914489746,14,795.0,0.3530418443979707,0.3000202012233181,20.04773330688477,25.708343065003184,0.2165200767277171
transformer,dl,STORE0009,SKU0002,899.1986427307129,64.2284744807652,14,848.0,0.3530138213679475,0.5650779506072287,21.38255146571568,27.043206268934306,0.1225397631807147
transformer,dl,STORE0011,SKU0006,1609.5382461547852,114.96701758248466,14,1683.0,0.3525522269454657,3.045831908808854,42.38181413922991,50.95937238683986,0.2021455906433359
transformer,dl,STORE0008,SKU0101,263.4182434082031,18.815588814871653,14,243.0,0.3524416464346426,0.971550869143563,6.117380005972726,8.059490820786026,0.2378389413464707
transformer,dl,STORE0007,SKU0074,617.797046661377,44.12836047581264,14,734.0,0.3521372407918405,0.6019395542431064,18.462052481515062,25.14981626726764,0.1673965765929677
transformer,dl,STORE0006,SKU0048,975.1127014160156,69.65090724400112,14,1136.0,0.3521183040780081,0.5142903105227432,28.57188524518694,33.086804345676974,0.1524301985619773
transformer,dl,STORE0001,SKU0031,768.8770370483398,54.9197883605957,14,947.0,0.3515050942442107,0.8625930943772137,23.776808874947683,31.47400375301141,0.2386245123310351
transformer,dl,STORE0001,SKU0074,901.2956619262695,64.37826156616211,14,1048.0,0.3509390954752914,0.5145310182610693,26.27029800415039,34.89205191660925,0.1689359359158814
transformer,dl,STORE0010,SKU0021,794.4049682617188,56.743212018694194,14,697.0,0.350648127464174,0.5665985618375029,17.45726748875209,20.77447655264901,0.1735632470895775
transformer,dl,STORE0010,SKU0089,625.3144187927246,44.66531562805176,14,507.0,0.3503776113897621,1.4657775411999154,12.688674926757812,18.813538765076554,0.2237614738870654
transformer,dl,STORE0012,SKU0013,1189.8622207641602,84.99015862601144,14,1554.0,0.3499846930976386,3.1040424563563533,38.84830093383789,45.22445599320061,-0.022480246643302
transformer,dl,STORE0010,SKU0097,927.0697135925293,66.21926525660923,14,883.0,0.349342886210838,0.7871957995278357,22.033554894583567,25.86451983589479,0.0478187854805727
transformer,dl,STORE0008,SKU0067,665.698112487793,47.549865177699495,14,589.0,0.3492530149191061,0.5617912113924188,14.69357327052525,18.6465277544746,0.1245515042938077
transformer,dl,STORE0003,SKU0088,299.6731986999512,21.405228478567942,14,242.0,0.3491676740409914,0.96668284053071,6.035612651279995,8.328905604044289,0.1871216986790176
transformer,dl,STORE0010,SKU0029,425.65699195861816,30.40407085418701,14,400.0,0.3481064605712891,1.4708006402099656,9.9458988734654,13.268640304126126,0.3175418853759765
transformer,dl,STORE0001,SKU0045,998.5246276855469,71.32318769182477,14,1258.0,0.3477414166036585,0.4255442454621421,31.24705014910017,45.78858417965637,0.2742042662797937
transformer,dl,STORE0005,SKU0016,406.30677604675293,29.021912574768066,14,417.0,0.3464632651788725,0.546039408854672,10.31965582711356,14.34799541693555,0.1185407021062837
transformer,dl,STORE0004,SKU0066,507.78856658935547,36.270611899239675,14,424.0,0.3462512268210357,0.4024206080102809,10.486465726579938,14.665896663863345,0.2528394033324043
transformer,dl,STORE0001,SKU0055,255.4934196472168,18.2495299748012,14,207.0,0.345888736743282,0.3422985776893137,5.1142120361328125,6.622006142731471,0.1975511560117565
transformer,dl,STORE0012,SKU0022,1277.4311447143555,91.2450817653111,14,1162.0,0.3448421655546572,0.6202718601798242,28.62189974103655,35.88664970978018,0.0979564423815518
transformer,dl,STORE0003,SKU0016,304.84762954711914,21.774830681937082,14,283.0,0.3444383708832542,0.390922987762761,6.96257563999721,8.994503347672179,0.2595492251770235
transformer,dl,STORE0012,SKU0083,1190.4778366088867,85.03413118634906,14,1138.0,0.3442523399849139,2.730471774542757,27.982797350202286,37.92619190571342,0.0834216702801481
transformer,dl,STORE0001,SKU0065,921.499813079834,65.82141521998814,14,1009.0,0.3437000195264107,0.8660695187891603,24.77095140729632,42.2716181910639,0.149711934024444
transformer,dl,STORE0004,SKU0053,535.2450752258301,38.231791087559294,14,442.0,0.3434870448047759,0.6984541975268664,10.844376700265068,13.67922428501208,0.1978376397180341
transformer,dl,STORE0003,SKU0044,822.689094543457,58.763506753104075,14,1028.0,0.3432674259527184,0.4777522774781388,25.20563670567104,29.435575195075582,0.0052054215961857
transformer,dl,STORE0001,SKU0015,206.91797256469727,14.779855183192662,14,160.0,0.3432096242904663,0.5033270213441029,3.922395706176758,4.791894469502513,0.3267263650894165
transformer,dl,STORE0012,SKU0097,898.600284576416,64.18573461260114,14,907.0,0.343123603156278,0.69120164924004,22.22950771876744,26.25225889722657,-0.0357397893297895
transformer,dl,STORE0003,SKU0030,531.1033363342285,37.935952595302034,14,558.0,0.3426186277874909,0.4435102867046723,13.65579959324428,15.623292380556716,0.1177772125462905
transformer,dl,STORE0005,SKU0009,1002.3451614379883,71.5960829598563,14,903.0,0.3418787959406146,0.717312377143902,22.05118233816964,29.690275181074654,0.0925608790198037
transformer,dl,STORE0007,SKU0006,1172.1032638549805,83.72166170392718,14,1090.0,0.3415009454849663,0.39970387443134,26.588287898472377,30.95403697694797,0.2569584347786159
transformer,dl,STORE0010,SKU0092,1285.440040588379,91.81714575631278,14,1253.0,0.3410186950245192,0.5770432549005307,30.521173204694477,37.45427280756624,0.012205344624074
transformer,dl,STORE0012,SKU0005,1033.3015060424805,73.80725043160575,14,1255.0,0.3405517152581082,0.4835068413231912,30.52802876063756,36.42497058807851,0.0686359359923586
transformer,dl,STORE0008,SKU0014,951.2085342407227,67.94346673148019,14,903.0,0.3404325567606676,0.3678043284928439,21.95789991106306,28.258455746169503,0.0786024666043743
transformer,dl,STORE0003,SKU0070,1190.819450378418,85.058532169887,14,996.0,0.3399566665710694,0.4315558514009688,24.185488564627512,32.83558106792868,0.1857288544436535
transformer,dl,STORE0003,SKU0096,1022.2700881958008,73.01929201398578,14,947.0,0.3398421145542873,1.7626521290099508,22.987891605922155,28.24009202999777,0.0455832154093725
transformer,dl,STORE0001,SKU0077,854.9533271789551,61.068094798496794,14,871.0,0.3397550133969014,0.7769630882259747,21.1376154763358,31.325579312881075,0.166773917617535
transformer,dl,STORE0006,SKU0036,603.177490234375,43.0841064453125,14,661.0,0.3389242001993754,0.8196998119938295,16.00206402369908,20.351421580173035,0.3262410993475056
transformer,dl,STORE0001,SKU0072,618.1847839355469,44.15605599539621,14,490.0,0.3388476702631736,0.4753473534139456,11.859668459211075,14.543555545940531,0.2307017345817721
transformer,dl,STORE0004,SKU0050,323.82957458496094,23.13068389892578,14,248.0,0.3381900941171953,1.0595804022952229,5.990795952933175,8.061620365518138,0.2629182723260695
transformer,dl,STORE0006,SKU0003,371.3975524902344,26.528396606445312,14,297.0,0.3380970874619404,0.6460811231212789,7.172488212585449,9.871317880514262,0.2305362906921592
transformer,dl,STORE0013,SKU0037,750.0775184631348,53.576965604509624,14,839.0,0.3380401574954372,0.4903091717689968,20.258263724190847,25.03924477711756,0.1764683228994012
transformer,dl,STORE0004,SKU0077,857.9991111755371,61.285650798252654,14,944.0,0.3374668056682005,1.3787282997987358,22.75490461077009,31.501909271322333,0.1258250091035487
transformer,dl,STORE0001,SKU0059,439.6195526123047,31.40139661516462,14,390.0,0.3369932761559119,0.5541698655704118,9.387669835771831,10.923189080018046,0.1190771200718023
transformer,dl,STORE0004,SKU0052,908.1731338500977,64.86950956072126,14,857.0,0.3368542914908018,0.4438936168552613,20.62029484340123,24.58819254674655,0.055084557906054
transformer,dl,STORE0003,SKU0015,152.00368881225586,10.857406343732562,14,118.0,0.3360327704478118,0.3885813332968059,2.8322762080601285,3.422497381133634,0.3360327704478118
transformer,dl,STORE0012,SKU0076,437.82952880859375,31.27353777204241,14,375.0,0.3359047292073567,1.4399868487792038,8.997448103768486,12.072170970095156,0.1387743174235026
transformer,dl,STORE0003,SKU0066,368.41084480285645,26.315060343061173,14,303.0,0.3357106451154149,0.6474702717969858,7.265737533569336,9.659419677703529,0.2817997066888085
transformer,dl,STORE0008,SKU0003,392.3540344238281,28.02528817313058,14,339.0,0.3352633169618679,0.4317946208851189,8.118161746433803,9.993273126358831,0.1473964533622989
transformer,dl,STORE0001,SKU0063,815.7829818725586,58.27021299089704,14,904.0,0.3349352769092121,0.6744691196078254,21.62724930899484,32.092232108515496,0.1193961886178075
transformer,dl,STORE0012,SKU0054,1115.3552627563477,79.66823305402484,14,1213.0,0.3347978080881595,0.3798272064823426,29.007838657924108,37.38116573290983,0.1008953147944791
transformer,dl,STORE0008,SKU0055,265.5108184814453,18.96505846296038,14,204.0,0.3345952314489028,0.4268171184287309,4.875530515398298,6.063028896772238,0.2773740618836646
transformer,dl,STORE0005,SKU0083,1414.7361907958984,101.05258505684989,14,1247.0,0.3343876928162747,0.4217715243432894,29.78438949584961,34.30027005140686,0.2063857371461037
transformer,dl,STORE0007,SKU0018,934.2354507446289,66.73110362461635,14,935.0,0.334274903975706,0.4308845295673324,22.32478822980608,25.289022623923437,0.0150780172909007
transformer,dl,STORE0013,SKU0085,548.4552726745605,39.17537661961147,14,573.0,0.3342379824653346,0.4426977409882054,13.679883139474052,18.59795626292527,0.1717058617823203
transformer,dl,STORE0010,SKU0087,445.6621856689453,31.83301326206752,14,348.0,0.3341506760695886,0.4247856857166249,8.306031090872631,10.045806580297874,0.2534753645973644
transformer,dl,STORE0002,SKU0036,490.9556350708008,35.06825964791434,14,497.0,0.3338811172086228,0.391409183709916,11.85277966090611,16.064673507680187,0.3306015521227953
transformer,dl,STORE0006,SKU0028,1589.8115997314453,113.55797140938895,14,1773.0,0.3334292235915027,0.6721372599029596,42.22642953055246,53.612604026862165,0.2605811311105382
transformer,dl,STORE0012,SKU0039,234.93482971191406,16.78105926513672,14,229.0,0.3327068178934821,0.491415892182347,5.442132949829101,7.2091271815748605,0.1944776809892279
transformer,dl,STORE0003,SKU0075,438.1499786376953,31.296427045549667,14,386.0,0.3321897230000076,0.4628253344658434,9.158945219857353,10.846999802903191,0.1230426304080943
transformer,dl,STORE0003,SKU0040,265.00887298583984,18.929205213274276,14,308.0,0.3321292926738789,0.4533227876036402,7.306844438825336,8.60075419848522,0.2613742382495435
transformer,dl,STORE0002,SKU0078,362.1932315826416,25.870945113045828,14,287.0,0.3317887176620004,0.4901448458028366,6.80166871207101,8.363699138900385,0.2806381730667805
transformer,dl,STORE0011,SKU0083,1417.2189636230469,101.22992597307477,14,1365.0,0.3316001305213341,0.6463020041404496,32.33101272583008,36.47616150725656,0.1025173704266111
transformer,dl,STORE0010,SKU0020,679.1223526000977,48.50873947143555,14,601.0,0.3313606249512531,0.5787609037867107,14.224838256835938,18.95772415296418,0.129402097172031
transformer,dl,STORE0011,SKU0048,989.3983688354492,70.67131205967495,14,1120.0,0.3303652695247105,1.2586410611915857,26.42922156197684,33.428357388947184,0.1611077513013567
transformer,dl,STORE0006,SKU0087,510.1530418395996,36.43950298854283,14,391.0,0.3303056507159377,0.5220357019631872,9.22496495928083,12.181695711728317,0.2888939216008881
transformer,dl,STORE0001,SKU0021,960.8374328613281,68.63124520438058,14,843.0,0.329979096726025,0.3052231673884352,19.86945561000279,27.9872153336662,0.1744287203498016
transformer,dl,STORE0012,SKU0060,825.0684623718262,58.93346159798758,14,689.0,0.3298744345610996,1.0942443393433956,16.234534672328405,22.298354679596063,0.1586582975567511
transformer,dl,STORE0002,SKU0090,253.26388549804688,18.090277535574778,14,207.0,0.329732590827389,1.3752347141478616,4.875331878662109,6.19934853492952,0.1584604604232714
transformer,dl,STORE0011,SKU0025,465.5076789855957,33.25054849897112,14,459.0,0.3294992550785505,1.4932301158810053,10.802868434361049,13.826584269728698,0.2048327543636812
transformer,dl,STORE0004,SKU0048,950.9147148132324,67.9224796295166,14,1242.0,0.3292774194296623,0.5852479082157419,29.21161106654576,37.15536722167234,0.0190228571254466
transformer,dl,STORE0005,SKU0077,843.3263969421387,60.23759978158133,14,853.0,0.3291720606098421,0.7273178867911783,20.05598340715681,23.46142005603978,0.1971884187472523
transformer,dl,STORE0003,SKU0055,170.22412490844727,12.158866064889091,14,145.0,0.3291090603532462,0.715343518466015,3.408629553658621,4.290981220762272,0.1567675623400458
transformer,dl,STORE0005,SKU0028,1554.4756927490234,111.03397805350167,14,2042.0,0.3286355865807304,0.746074113059611,47.93384769984654,59.10060474546716,0.1133334751110469
transformer,dl,STORE0013,SKU0001,803.6227951049805,57.40162822178432,14,745.0,0.3282281606789403,0.4574651355899555,17.466427121843612,20.105360321881783,0.1280735860734978
transformer,dl,STORE0009,SKU0028,1304.000877380371,93.14291981288365,14,1576.0,0.3274645539104636,0.4707856915300542,36.86315264020647,45.82893157720434,0.1780915623388919
transformer,dl,STORE0004,SKU0015,196.09449005126953,14.006749289376396,14,176.0,0.3273559050126509,0.6122137312018968,4.115331377301898,5.336103975387848,0.1520967483520507
transformer,dl,STORE0004,SKU0001,1627.9653625488281,116.28324018205915,14,1663.0,0.3267885989190868,0.8576864507568084,38.817817143031526,47.22887016534202,0.0579562711916411
transformer,dl,STORE0013,SKU0036,348.2817039489746,24.8772645677839,14,382.0,0.3266828397181646,0.7444491873120878,8.913774626595634,11.13253919233219,0.1590926734564816
transformer,dl,STORE0008,SKU0097,1076.6438064575195,76.90312903267997,14,1035.0,0.3266000056612319,0.4155789824605019,24.14507184709821,32.46650155945943,0.0450628603138209
transformer,dl,STORE0005,SKU0053,537.1114273071289,38.36510195050921,14,455.0,0.326449475969587,0.3000707074329943,10.60960796901158,13.986439856064674,0.1800048408927498
transformer,dl,STORE0002,SKU0065,663.0167961120605,47.35834257943289,14,692.0,0.3258579452602849,0.4140015038542364,16.106692722865514,23.985745850913645,0.2139185315611734
transformer,dl,STORE0006,SKU0094,938.0002632141113,67.00001880100795,14,987.0,0.3257748063695225,0.7182521349671115,22.96712384905134,28.54636579602161,-0.0768830783461364
transformer,dl,STORE0008,SKU0015,209.49700927734375,14.964072091238839,14,189.0,0.3255607766449136,0.3789415478613733,4.395070484706333,5.196464438886488,0.1681729473134197
transformer,dl,STORE0001,SKU0048,1004.5217742919922,71.75155530657086,14,1153.0,0.3240219208848859,1.197988895013929,26.68551962716239,34.13278412884554,0.1559568539145504
transformer,dl,STORE0006,SKU0038,1344.3293228149414,96.0235230582101,14,1642.0,0.3239364577559402,0.4395095521779949,37.99311883108957,44.104373879295935,-0.0009499525472104
transformer,dl,STORE0003,SKU0045,725.1313209533691,51.79509435381208,14,859.0,0.3239329496834414,4.434508732610455,19.875600269862584,28.2102532457868,0.1885333477548725
transformer,dl,STORE0010,SKU0058,1241.56201171875,88.68300083705357,14,1183.0,0.3236622943378361,0.4253250090373853,27.349463871547155,34.33467152244922,0.0740170902049047
transformer,dl,STORE0008,SKU0049,870.7485580444336,62.1963255746024,14,709.0,0.3233808186562004,0.4456446683815145,16.37692860194615,18.905454373985982,0.1987147149649594
transformer,dl,STORE0002,SKU0079,943.4896354675293,67.39211681910923,14,829.0,0.3232753049622686,0.745186226228708,19.14251627240862,24.41277657523358,0.1628206894970055
transformer,dl,STORE0005,SKU0080,1214.1381225585938,86.72415161132812,14,1197.0,0.3232033712822094,0.6287853411742824,27.633888244628903,31.980856281552608,0.1494231259912476
transformer,dl,STORE0003,SKU0048,697.5999641418457,49.82856886727469,14,898.0,0.322940371880818,0.5625499995033716,20.714318139212477,29.991049877519103,0.0204630853869601
transformer,dl,STORE0005,SKU0055,254.1258544921875,18.151846749441965,14,213.0,0.3225953187181356,1.3582663170959337,4.908057349068778,6.571332259741207,0.1464143314272025
transformer,dl,STORE0007,SKU0083,996.9153518676758,71.20823941911969,14,888.0,0.3218077668198594,0.3986082182394236,20.411806924002512,24.760950519236847,0.1766986417340802
transformer,dl,STORE0011,SKU0053,555.949089050293,39.71064921787807,14,465.0,0.3217750959498908,1.5501980944421,10.687529972621371,14.488315567658075,0.160732917375462
transformer,dl,STORE0005,SKU0054,1301.776496887207,92.98403549194336,14,1421.0,0.3217583481146365,7.836144394917437,32.6584723336356,43.79623469225275,0.0982166588264481
transformer,dl,STORE0004,SKU0065,948.0771522521973,67.71979658944267,14,1077.0,0.3215478810316562,0.3333609242596501,24.736219133649552,32.77692642182396,0.1111062420886649
transformer,dl,STORE0013,SKU0013,736.1137847900391,52.579556056431365,14,796.0,0.3214542063037355,0.6618836169623113,18.27696772984096,22.71584308825918,0.168002047131409
transformer,dl,STORE0003,SKU0093,838.5426063537598,59.895900453839985,14,800.0,0.3211612558364868,0.4286301056597141,18.35207176208496,23.06126021122902,0.0146614503860473
transformer,dl,STORE0012,SKU0100,1064.4720993041992,76.03372137887138,14,1159.0,0.3204677144034964,0.7475550996069851,26.530148642403734,31.949959322829383,-0.0768092750371582
transformer,dl,STORE0006,SKU0069,1254.127067565918,89.580504826137,14,1386.0,0.3204089463359177,0.5730735080682862,31.72048568725586,38.61599294481663,0.1903057621326969
transformer,dl,STORE0002,SKU0006,1155.7482223510742,82.55344445364815,14,1359.0,0.3199585668298582,0.3722345199021903,31.05883516584124,39.3602754725646,0.0316240087513365
transformer,dl,STORE0012,SKU0047,871.3776779174805,62.24126270839146,14,1060.0,0.3198334675914836,0.8586262299010531,24.21596254621233,31.98736013458566,0.0057254359407244
transformer,dl,STORE0001,SKU0078,491.7863006591797,35.12759290422712,14,466.0,0.3196113651914146,1.0800348082730529,10.638492584228516,13.616301490153695,0.054750483435111
transformer,dl,STORE0006,SKU0042,253.48247146606445,18.105890819004603,14,248.0,0.3192419082887711,1.9000102365530096,5.6551423754010886,7.778101383813707,0.1801031328016711
transformer,dl,STORE0007,SKU0016,301.38511657714844,21.527508326939174,14,360.0,0.3187391387091742,0.2644617668555893,8.196149281093053,12.556342815458285,-0.0413382742140028
transformer,dl,STORE0005,SKU0003,363.3362407684326,25.952588626316615,14,327.0,0.318199081887528,0.4078668212723459,7.43222141265869,8.551712552436204,0.1053776230651668
transformer,dl,STORE0008,SKU0091,322.70433807373047,23.050309862409318,14,360.0,0.3179192860921224,1.7581901559737647,8.175067356654576,12.427232892083914,0.0124736785888671
transformer,dl,STORE0011,SKU0082,877.6167373657227,62.68690981183733,14,908.0,0.3167621595743994,0.4427315588855811,20.544288635253903,24.89601407570555,0.0171283184169147
transformer,dl,STORE0007,SKU0094,679.4901580810547,48.535011291503906,14,607.0,0.3160663774418084,0.4067736136443027,13.703735079084124,15.20576769676947,0.0703114504869137
transformer,dl,STORE0006,SKU0050,324.24332427978516,23.16023744855608,14,250.0,0.3160018615722657,0.3693501118838381,5.64289038521903,6.390188478835483,0.2447655944824218
transformer,dl,STORE0001,SKU0053,549.7250709533691,39.26607649666922,14,476.0,0.3157557559614422,0.3556775576783687,10.735695702689034,12.303361929023978,0.1524248604013138
transformer,dl,STORE0004,SKU0054,1337.9800567626953,95.57000405447823,14,1285.0,0.3152984381649745,0.4750262391229411,28.9398923601423,37.826945576108834,0.2829690064901508
transformer,dl,STORE0007,SKU0090,242.3599395751953,17.311424255371094,14,218.0,0.3152809493038632,0.9404591135483964,4.9093747820173,6.782560962185097,0.0500183805413202
transformer,dl,STORE0005,SKU0026,1367.7513732910156,97.69652666364398,14,1544.0,0.3149865402458863,0.4526455687247095,34.73851558140346,44.17134968098524,0.1710906448759563
transformer,dl,STORE0013,SKU0086,86.41564559936523,6.172546114240374,14,87.0,0.3149093978706447,0.4057282405645669,1.956936972481864,2.3504324068759805,0.0332123328899515
transformer,dl,STORE0001,SKU0073,170.94070434570312,12.210050310407366,14,163.0,0.314898485054999,0.3767570344602876,3.6663180759974887,4.193621030350261,0.1022586471464005
transformer,dl,STORE0003,SKU0043,519.108528137207,37.079180581229075,14,614.0,0.3147959010220506,0.404837463411463,13.806048801967076,16.684237278235138,0.1831269031238866
transformer,dl,STORE0009,SKU0041,1030.7968139648438,73.6283438546317,14,1453.0,0.3143480304841411,0.823050209927243,32.624834878104075,49.24159103986599,0.1479613008125027
transformer,dl,STORE0005,SKU0082,918.4114990234375,65.60082135881696,14,911.0,0.3143480261123272,0.3651050530038718,20.455075127737864,23.72281075470892,0.0374338922594826
transformer,dl,STORE0004,SKU0058,1387.870101928711,99.13357870919364,14,1361.0,0.3141844985591936,0.4360513348754861,30.543221609933035,38.45554212705993,0.0716954440776256
transformer,dl,STORE0011,SKU0044,1148.349380493164,82.02495574951172,14,1262.0,0.3139624074219523,0.7417348111181633,28.301468440464564,38.06151938645544,0.1733608517896166
transformer,dl,STORE0012,SKU0088,360.70846366882324,25.764890262058803,14,320.0,0.3137614369392395,0.2298443905820098,7.171689987182617,10.182843023626369,0.0772568106651306
transformer,dl,STORE0005,SKU0100,1289.6123733520508,92.11516952514648,14,1179.0,0.3136493401369672,0.3860787974488097,26.41375514439174,31.73609640909429,0.1067405098873847
transformer,dl,STORE0013,SKU0039,166.12876892089844,11.866340637207031,14,149.0,0.3135631996513213,0.3925419823902554,3.3372083391462053,3.7814838651172766,0.2262917333001258
transformer,dl,STORE0009,SKU0090,293.9356155395508,20.99540110996791,14,249.0,0.3135555068173083,0.2503006743960145,5.576808656964984,7.828837124494671,0.1584970098901464
transformer,dl,STORE0001,SKU0017,1519.6042022705078,108.54315730503627,14,1767.0,0.3135093252876079,0.3718041721646385,39.56935555594308,46.64712676154259,-0.0302317802286714
transformer,dl,STORE0011,SKU0002,1096.6694412231445,78.3335315159389,14,963.0,0.3133804384669287,0.4409268213230112,21.556097303118023,26.65863021614844,0.1731004962544822
transformer,dl,STORE0006,SKU0057,1442.1941680908203,103.0138691493443,14,1481.0,0.3132873112731975,0.386012570773744,33.141321999686106,38.83677963627173,-0.0308830317897139
transformer,dl,STORE0007,SKU0088,302.50504302978516,21.60750307355608,14,252.0,0.3123539061773391,0.4012360482227248,5.622370311192104,6.635857643321171,0.1574938183739072
transformer,dl,STORE0002,SKU0071,388.92833709716797,27.780595506940568,14,316.0,0.3123491745960863,1.1844366276247755,7.050167083740234,9.881013636580064,0.1911227793633183
transformer,dl,STORE0011,SKU0029,507.2185821533203,36.22989872523716,14,540.0,0.3122483006230107,0.5954775982560233,12.043863024030411,17.742511406814916,0.1145020378960503
transformer,dl,STORE0009,SKU0084,366.65197944641113,26.18942710331508,14,320.0,0.3120289027690887,0.4316755632096442,7.1320892061506,9.14910751607407,0.1550075113773346
transformer,dl,STORE0007,SKU0029,361.3033142089844,25.807379586356028,14,356.0,0.3118853676185179,0.5113051699060066,7.930799348013742,9.851550442577812,0.2245606786749336
transformer,dl,STORE0008,SKU0076,542.546630859375,38.753330775669646,14,476.0,0.3114721795090107,0.8240376238338457,10.590054103306365,13.740283000344736,0.1347571621422006
transformer,dl,STORE0009,SKU0067,558.862606048584,39.918757574898855,14,473.0,0.3109794842516393,0.6417660691842427,10.506664003644673,13.242008753572884,0.1750690468269977
transformer,dl,STORE0009,SKU0046,1092.3895721435547,78.02782658168248,14,1328.0,0.3108245378517242,0.3817343712999355,29.48392759050642,39.90993779311108,0.1866231768964285
transformer,dl,STORE0010,SKU0078,426.0192279815674,30.429944855826243,14,444.0,0.3107527397774361,0.388933428112071,9.855301175798688,12.010271857204945,-0.0532104732753994
transformer,dl,STORE0010,SKU0048,787.2830581665039,56.234504154750276,14,882.0,0.3107014999908655,1.0380388585790294,19.574194499424525,26.9408443995354,0.2231543015460578
transformer,dl,STORE0003,SKU0004,1080.390739440918,77.17076710292271,14,911.0,0.3097786845804962,0.3750506671927831,20.15774154663086,23.893442104060806,0.1949858429926548
transformer,dl,STORE0002,SKU0089,499.0431022644043,35.64593587602888,14,503.0,0.3095297652257839,1.335650343838799,11.120962279183525,13.336101567472564,-0.0350695471640372
transformer,dl,STORE0010,SKU0094,821.0045166015625,58.643179757254465,14,835.0,0.3093527057213697,0.6002841537466308,18.450679234095983,27.207683862175347,-0.0793336788337387
transformer,dl,STORE0010,SKU0054,1071.9513473510742,76.56795338221959,14,1116.0,0.3088404816111356,0.4416919800617246,24.61899839128767,37.487651050623306,0.1599875214279338
transformer,dl,STORE0008,SKU0008,432.10755348205566,30.86482524871826,14,370.0,0.3084363215678447,0.3799832512573227,8.15153135572161,9.006943662090196,0.1771919095838392
transformer,dl,STORE0005,SKU0022,1513.8298034667969,108.13070024762835,14,1380.0,0.3082577967989272,0.580664658471569,30.385411398751398,38.40904873262407,0.1495332192683565
transformer,dl,STORE0006,SKU0072,602.9723129272461,43.069450923374724,14,483.0,0.3081108472362068,0.5086250809767534,10.629824229649136,13.953567204132924,0.2047486315109221
transformer,dl,STORE0005,SKU0010,579.3397789001465,41.38141277858189,14,531.0,0.3080886294837276,1.146543113567523,11.68536158970424,14.514384285503796,0.1259586887395539
transformer,dl,STORE0008,SKU0074,922.3278427124023,65.88056019374302,14,1162.0,0.3078960773251348,0.605680252464042,25.55537441798619,35.99718697094588,0.0952312088669269
transformer,dl,STORE0006,SKU0001,1620.4246673583984,115.74461909702846,14,1469.0,0.3077831437102461,0.4089643243057742,32.29524557931082,44.109374493911645,0.2134091745354514
transformer,dl,STORE0007,SKU0098,479.2533531188965,34.232382365635466,14,477.0,0.3076310027820259,0.343489783355017,10.48142773764474,13.889851731210882,0.0361995537076106
transformer,dl,STORE0008,SKU0009,1025.6963806152344,73.26402718680245,14,896.0,0.3068917478833879,5.178402465584392,19.64107186453683,26.40312455469085,0.1468759264264788
transformer,dl,STORE0004,SKU0013,1404.8077392578125,100.34340994698661,14,1577.0,0.3065397931415217,0.2756436537179478,34.529518127441406,44.387093950696105,0.2220562225515961
transformer,dl,STORE0003,SKU0047,748.9106483459473,53.493617738996235,14,927.0,0.3063698349904345,0.4520098346655217,20.2860597882952,23.72624099645773,0.045558299833131
transformer,dl,STORE0012,SKU0037,1183.6444625854492,84.54603304181781,14,1387.0,0.3052018048012093,0.6198686771666667,30.236778804234092,40.80339745216814,0.1175487988615689
transformer,dl,STORE0010,SKU0015,177.89175415039062,12.706553867885045,14,141.0,0.3050252495082557,0.4752822889760781,3.072040012904576,3.825770996712508,0.2385668382577017
transformer,dl,STORE0011,SKU0027,1611.9241256713867,115.1374375479562,14,2117.0,0.3043389047830804,1.1389248367124165,46.02039010184152,73.6330496551567,0.2007304008242427
transformer,dl,STORE0004,SKU0087,503.59643173217773,35.97117369515555,14,478.0,0.3039202989394695,0.5741299671513399,10.376707349504745,12.89906221186078,0.0496352447126699
transformer,dl,STORE0004,SKU0008,428.643762588501,30.617411613464355,14,363.0,0.303652886845192,0.5951999227830275,7.873285566057477,10.934634343707582,0.1858605313892206
transformer,dl,STORE0003,SKU0041,816.4953842163086,58.321098872593474,14,1210.0,0.3035806514014882,0.3769289228693312,26.23804201398577,39.34775169478323,-0.0123529922863668
transformer,dl,STORE0005,SKU0088,414.3278007507324,29.5948429107666,14,353.0,0.3034637008105054,0.6298561284147413,7.6516204561506,10.174342746380097,0.1522690284015774
transformer,dl,STORE0001,SKU0036,625.6299591064453,44.68785422188895,14,751.0,0.3034579585617614,0.3639797843077086,16.27835191999163,18.649886682311735,0.1927455592250697
transformer,dl,STORE0005,SKU0070,1643.6463317871094,117.40330941336495,14,1516.0,0.3030048158992878,3.3642489842201067,32.81109292166574,46.52951484828266,0.0926562588573445
transformer,dl,STORE0013,SKU0099,750.1590385437012,53.58278846740723,14,747.0,0.3029430190243395,0.5791682589616868,16.164173943655832,19.993729566377667,0.1432111860119514
transformer,dl,STORE0006,SKU0088,414.56375312805176,29.611696652003697,14,402.0,0.3026687327902115,0.3909630007329039,8.690916470118932,10.767925612990046,-0.0069997180160598
transformer,dl,STORE0004,SKU0025,435.4129180908203,31.10092272077288,14,450.0,0.3020582750108507,0.3959205798593416,9.70901598249163,12.268707912557412,0.2407666524251302
transformer,dl,STORE0009,SKU0098,546.8152618408203,39.058232988630024,14,617.0,0.3015087875786631,0.3714649563770073,13.287922995431083,18.841312725337225,-0.0353411855342129
transformer,dl,STORE0008,SKU0090,346.23083305358887,24.730773789542063,14,344.0,0.3014391411182492,0.3644997871264605,7.4067903246198386,8.725986643788273,-0.01177427380584
transformer,dl,STORE0003,SKU0026,994.9006271362305,71.06433050973075,14,1101.0,0.3013667523265426,0.4506301936711339,23.700342450823104,27.82541519753516,0.1573063212021387
transformer,dl,STORE0012,SKU0020,697.9629707336426,49.8544979095459,14,770.0,0.3013396770923168,0.342150912324445,16.573682240077428,21.08508242155356,-0.1239098932835962
transformer,dl,STORE0007,SKU0013,963.1501922607422,68.79644230433873,14,1056.0,0.3012884855270386,0.4319554636578749,22.725760051182338,35.7001789678741,0.1950725967233831
transformer,dl,STORE0005,SKU0038,1294.5975875854492,92.47125625610352,14,1625.0,0.3012711885892428,0.4756865211299463,34.96897724696568,40.762465678263,0.0046447237454927
transformer,dl,STORE0011,SKU0072,647.2818756103516,46.234419686453684,14,561.0,0.3012221433262136,0.4417264342612341,12.07040160042899,14.77254612470622,0.1266760256626176
transformer,dl,STORE0008,SKU0057,1406.6765518188477,100.47689655848912,14,1252.0,0.3011776007021578,0.3437468267827515,26.933882577078684,32.97752498996009,0.137879575784214
transformer,dl,STORE0004,SKU0039,279.4794731140137,19.962819508143834,14,282.0,0.3009951435927803,0.3486322267372678,6.062902178083148,7.3929196458165585,0.184616467631455
transformer,dl,STORE0009,SKU0089,588.1905288696289,42.01360920497349,14,533.0,0.3004926141162751,3.7797757624788857,11.440183094569615,16.33455415710093,0.1336808839837337
transformer,dl,STORE0001,SKU0080,1242.5303039550781,88.75216456821987,14,1224.0,0.3003678789325789,0.3172222928181187,26.26073455810547,35.001490758025994,0.2197369718863294
transformer,dl,STORE0006,SKU0055,252.93355178833008,18.066682270595006,14,230.0,0.2996475717295771,0.4683962705297181,4.9227815355573386,6.589220189653597,0.0873860732368801
transformer,dl,STORE0011,SKU0074,900.406925201416,64.31478037152972,14,1107.0,0.2996445287964639,0.3819091184948947,23.69332095554897,27.01608568501348,0.1003024610400523
transformer,dl,STORE0010,SKU0039,242.91720962524414,17.35122925894601,14,237.0,0.2994765108647729,0.4422158318278742,5.069709505353655,6.918575880432257,0.2133983982263235
transformer,dl,STORE0003,SKU0095,371.69384765625,26.549560546875,14,342.0,0.2994400437115229,0.3213968671519586,7.314892496381487,8.62778428224073,0.0291880390100311
transformer,dl,STORE0003,SKU0084,312.1609535217285,22.297210965837753,14,303.0,0.2989485838232261,0.392756403385707,6.470101492745536,7.69296238901507,0.0156066189504692
transformer,dl,STORE0010,SKU0060,805.2273864746094,57.51624189104353,14,801.0,0.2989375606160634,0.4985529297741201,17.103499003819056,21.207746748912623,0.0046995784459489
transformer,dl,STORE0012,SKU0016,364.4694061279297,26.033529009137833,14,394.0,0.2982373019765476,0.8594521831259954,8.393249784197126,10.629164193760031,0.0125607814885638
transformer,dl,STORE0012,SKU0029,435.76417350769043,31.12601239340646,14,423.0,0.297946091239334,0.4200871633646924,9.002228328159877,11.14582378203437,0.237322074583518
transformer,dl,STORE0004,SKU0070,1662.1432418823242,118.72451727730888,14,1545.0,0.2978147784483085,0.4701562949479145,32.865988050188335,40.19080107246459,0.0919748793913708
transformer,dl,STORE0004,SKU0088,399.1367244720459,28.509766033717565,14,340.0,0.2977826230666217,0.2339447390038593,7.2318637030465265,9.60377755590184,0.1801731502308565
transformer,dl,STORE0008,SKU0010,595.9853172302246,42.570379802158904,14,525.0,0.2976690891810826,0.413874568750115,11.162590844290596,14.134615649849309,0.2124143400646391
transformer,dl,STORE0013,SKU0084,227.33364486694336,16.238117490495956,14,191.0,0.2975140516670586,0.7647483365318127,4.0589417048863,5.6443645861575895,0.1426985376168296
transformer,dl,STORE0008,SKU0065,924.5594177246094,66.03995840890067,14,1094.0,0.297253139712039,0.3217287043066303,23.22820963178362,28.367593007786724,0.1123551677306348
transformer,dl,STORE0012,SKU0001,1376.3480606079102,98.31057575770787,14,1615.0,0.2968253546085889,0.6818840789900528,34.24092483520508,42.01261164291861,-0.0704916230665271
transformer,dl,STORE0002,SKU0098,473.0687198638916,33.79062284742083,14,446.0,0.2966631089625337,0.4130454448515729,9.450839042663574,11.450695149815674,0.1171330037138387
transformer,dl,STORE0001,SKU0084,432.778772354126,30.91276945386614,14,388.0,0.296561442699629,0.6036523492198993,8.21898855481829,10.240713963712796,0.1122446305973013
transformer,dl,STORE0012,SKU0057,1160.2515411376953,82.87511008126395,14,1032.0,0.2965054918629254,0.3320327889989856,21.856690543038503,24.718260051363657,0.1143669010132782
transformer,dl,STORE0002,SKU0082,623.509937286377,44.536424091884065,14,632.0,0.2963080044034161,0.4498687615760162,13.3761899130685,15.122602123919776,0.0143272001532059
transformer,dl,STORE0004,SKU0071,528.1181793212891,37.72272709437779,14,421.0,0.2962248251726961,0.4188175790660645,8.907903671264648,10.982539765775568,0.2413619034647092
transformer,dl,STORE0001,SKU0090,343.11125564575195,24.507946831839426,14,320.0,0.2959483504295349,0.8288490673074025,6.764533724103655,9.173816056581398,0.051065969467163
transformer,dl,STORE0009,SKU0038,1095.9046020507812,78.27890014648438,14,1253.0,0.2957136575831285,0.3966846673411622,26.46637235369001,29.911842972006067,0.1489867859617386
transformer,dl,STORE0013,SKU0061,780.8344497680664,55.7738892691476,14,679.0,0.2953467333966397,1.1380150296992275,14.324316569737023,21.79984448531076,0.121162532531109
transformer,dl,STORE0009,SKU0072,522.0993919372559,37.29281370980399,14,452.0,0.2950382063874101,0.608044681592044,9.525519234793526,13.172380765330631,0.1151956541348347
transformer,dl,STORE0012,SKU0008,360.1311511993408,25.723653657095774,14,336.0,0.2948790618351528,0.4094183517208935,7.077097484043667,8.239602735866029,0.0864039829799107
transformer,dl,STORE0005,SKU0066,494.3047561645508,35.3074825831822,14,408.0,0.294852990730136,0.6048871844476195,8.592858586992536,11.389589082465774,0.2673160001343372
transformer,dl,STORE0013,SKU0041,623.791820526123,44.55655860900879,14,779.0,0.2946969449749653,0.4473182288426831,16.39778000967843,21.453411080897244,0.2102997795761167
transformer,dl,STORE0008,SKU0075,603.4412612915039,43.10294723510742,14,510.0,0.2946690129298789,0.4400599323173316,10.734371185302734,12.679602644962738,0.1884442946490119
transformer,dl,STORE0009,SKU0062,277.687255859375,19.834803989955358,14,252.0,0.2946331992981926,0.2277088760522538,5.303397587367466,7.504510366828802,0.0609450870090061
transformer,dl,STORE0011,SKU0097,1104.8310928344727,78.91650663103376,14,1139.0,0.2941535166002764,0.4064890530698433,23.93148967197963,28.91553236967661,-0.0384460462615404
transformer,dl,STORE0007,SKU0012,528.0216827392578,37.71583448137556,14,644.0,0.2940226548947162,0.4220605458490073,13.525042125156949,16.88682414661833,0.093871637901164
transformer,dl,STORE0002,SKU0064,1071.955192565918,76.56822804042271,14,1120.0,0.2939871379307338,0.3227215052251567,23.518971034458705,29.35453505662035,-0.0594645500183105
transformer,dl,STORE0009,SKU0044,1018.1549072265625,72.72535051618304,14,1174.0,0.2939275582360653,1.0454033391035449,24.647925240652903,33.51922902481023,0.1560926031213399
transformer,dl,STORE0007,SKU0102,1017.0775451660156,72.64839608328683,14,1147.0,0.2937708341670015,0.6716826431443709,24.0682247706822,31.238561351770592,0.1378706821484885
transformer,dl,STORE0002,SKU0024,661.2155952453613,47.22968537466867,14,589.0,0.2935690823151826,0.4663427070304772,12.35087067740304,15.867784934882335,0.1620278285598107
transformer,dl,STORE0008,SKU0092,1453.1296081542969,103.7949720110212,14,1494.0,0.293541296738059,0.5603512554749497,31.325049809047155,38.91840765067121,-0.026157113602522
transformer,dl,STORE0001,SKU0082,892.1079406738281,63.72199576241629,14,892.0,0.2933703067591372,0.3661765044715265,18.691879544939315,21.769643701024076,0.0823791187440333
transformer,dl,STORE0004,SKU0072,622.5870170593262,44.470501218523296,14,588.0,0.2927446365356445,0.3084893242549244,12.29527473449707,14.327750167090588,0.0249928909094155
transformer,dl,STORE0012,SKU0077,727.3262100219727,51.951872144426616,14,784.0,0.2926822827786815,0.44998224931608,16.390207835606166,23.030096320278627,0.1324670801357347
transformer,dl,STORE0004,SKU0092,1492.5422286987305,106.61015919276646,14,1296.0,0.2926764959170495,0.3342743372687161,27.09348133632115,31.17997294232903,0.1782216495937771
transformer,dl,STORE0011,SKU0051,1189.3672409057617,84.95480292184013,14,1127.0,0.2926592822612231,0.3801766609093427,23.55907222202846,27.79906630715355,0.0549619686529502
transformer,dl,STORE0005,SKU0036,608.479320526123,43.46280860900879,14,706.0,0.2924137709836446,0.4295155086482524,14.746008736746653,18.855879299891612,0.2855582628979561
transformer,dl,STORE0007,SKU0022,1099.4273300170898,78.53052357264927,14,1142.0,0.2920497419955225,0.2986261669079831,23.822914668491908,28.598127415533718,-0.0459201431942487
transformer,dl,STORE0006,SKU0090,343.79773330688477,24.55698095049177,14,298.0,0.2920477950332948,0.4165410840707862,6.2164459228515625,7.623939529573699,0.1357763917654152
transformer,dl,STORE0011,SKU0079,1290.2340393066406,92.15957423618862,14,1376.0,0.2918600814287053,0.3427150821224449,28.68567657470703,31.79572659981961,-0.0499395215234091
transformer,dl,STORE0012,SKU0014,766.4291572570801,54.74493980407715,14,766.0,0.2916565090806926,0.3609755089918409,15.95777756827218,17.925052465425487,0.0093990405608095
transformer,dl,STORE0005,SKU0034,1804.2258682250977,128.87327630179269,14,2695.0,0.2915686216336676,0.4323923728730101,56.12695966448103,68.18004838852595,0.1167503908967706
transformer,dl,STORE0012,SKU0068,506.1609191894531,36.15435137067522,14,534.0,0.2915652985876419,0.3173797520795702,11.121133531842911,15.348377869259478,0.0438801626141151
transformer,dl,STORE0001,SKU0041,1105.463768005371,78.96169771466937,14,1714.0,0.2914125048571734,0.4521303474263548,35.67721666608538,43.53358560825383,0.052200504334137
transformer,dl,STORE0001,SKU0087,526.4147987365723,37.601057052612305,14,438.0,0.2914092791134908,0.7231158151302746,9.11694744655064,12.634067330752032,0.1995058538706879
transformer,dl,STORE0010,SKU0067,579.5060958862305,41.393292563302175,14,463.0,0.291353056806725,0.5615007900314835,9.635461807250977,12.6985264921865,0.2032444420437576
transformer,dl,STORE0002,SKU0028,1078.8808212280273,77.06291580200195,14,1333.0,0.291235749916483,0.3284957171968801,27.72980390276228,31.55798302658569,0.0752209651228725
transformer,dl,STORE0012,SKU0081,974.0800933837891,69.57714952741351,14,967.0,0.2911092290710638,0.4288168655624924,20.107330322265625,23.04486569881783,0.0518167016424832
transformer,dl,STORE0011,SKU0041,1156.7051620483398,82.62179728916713,14,1678.0,0.290893404645772,0.5839932592153948,34.86565235682896,43.90238669130736,0.0516229158931181
transformer,dl,STORE0004,SKU0027,1634.8418273925781,116.774416242327,14,2403.0,0.2906643744066661,0.3320619213618059,49.89046369280134,59.65712795145286,0.0684551440622724
transformer,dl,STORE0009,SKU0083,1184.7648696899414,84.6260621207101,14,1146.0,0.2905236688583933,1.0011208571530317,23.781437465122767,29.47940238742525,0.1043482808750545
transformer,dl,STORE0010,SKU0053,473.9236373901367,33.851688385009766,14,445.0,0.2903678379701765,0.3240642842300834,9.22954913548061,10.38345683144522,0.0521697397982136
transformer,dl,STORE0011,SKU0094,928.3797798156738,66.31284141540527,14,891.0,0.2901776674486839,0.3709954823807934,18.467735835484092,23.35959499378107,0.0718818347729684
transformer,dl,STORE0011,SKU0085,1045.7862014770508,74.69901439121791,14,1342.0,0.290064247461083,0.5624793052039395,27.804730006626677,32.880151105172686,0.0170133906220892
transformer,dl,STORE0002,SKU0011,263.5681343078613,18.82629530770438,14,251.0,0.2897531653780386,0.5226857948214,5.194860322134836,6.662208454909711,0.1681706933861234
transformer,dl,STORE0001,SKU0014,914.795223236084,65.34251594543457,14,909.0,0.2894211612781151,0.3635807021708056,18.79170254298619,23.229939709167425,0.0494495429614983
transformer,dl,STORE0006,SKU0037,1417.6492767333984,101.26066262381417,14,1684.0,0.2893064729957852,0.4361646483659196,34.79943575177874,44.1281006220037,0.1565004788215256
transformer,dl,STORE0006,SKU0025,476.1757507324219,34.01255362374442,14,499.0,0.2891394896115473,1.8701247004070656,10.305757522583008,15.516718124797665,0.1475213075687508
transformer,dl,STORE0008,SKU0088,416.7685947418213,29.769185338701522,14,350.0,0.2890883309500558,0.3940246293885577,7.227208273751395,8.871283671298261,0.1624553026471819
transformer,dl,STORE0009,SKU0076,436.17647552490234,31.155462537493026,14,399.0,0.2890343295601675,0.4166588387880129,8.237478392464775,9.977222385769467,0.0964473686122655
transformer,dl,STORE0008,SKU0060,955.9444122314453,68.28174373081752,14,906.0,0.2888389444245934,0.5333730995932415,18.692005974905832,24.534657520103465,0.0505101328127694
transformer,dl,STORE0011,SKU0030,666.4450416564941,47.60321726117815,14,741.0,0.2885936937834087,0.4853902405726546,15.27485193525042,19.290488909285187,0.0821078373835637
transformer,dl,STORE0009,SKU0088,359.42041969299316,25.672887120928085,14,297.0,0.2885661012797244,0.3403774145626663,6.121723720005582,7.285077799754041,0.1798100327000474
transformer,dl,STORE0008,SKU0089,722.4672241210938,51.60480172293527,14,751.0,0.2884757579087258,0.3176512850577683,15.474663870675224,17.52617329487119,-0.0680003566208596
transformer,dl,STORE0008,SKU0001,1579.4006423950195,112.81433159964425,14,1519.0,0.2883563666378219,0.3553482669151087,31.286665780203684,43.77829630685204,0.1778161034449062
transformer,dl,STORE0009,SKU0102,1281.5202331542969,91.5371595110212,14,1685.0,0.2881336246116932,0.296466536199282,34.67893981933594,43.043459111874746,-0.0029648687436247
transformer,dl,STORE0012,SKU0066,418.3030948638916,29.87879249027797,14,381.0,0.2880318258691022,0.5257899592673198,7.838580404009138,9.792635360031117,0.1583484789830806
transformer,dl,STORE0003,SKU0011,267.6862144470215,19.120443889072963,14,266.0,0.2872756298323323,0.3581449799445063,5.458236966814313,8.426868344169582,0.1142268503518929
transformer,dl,STORE0008,SKU0011,363.7352180480957,25.98108700343541,14,338.0,0.2870777513853897,0.3053669107582227,6.930877140590122,9.539749151767827,0.2340864147660294
transformer,dl,STORE0011,SKU0070,1645.981674194336,117.57011958530971,14,1494.0,0.2868470494526935,0.6761935749437408,30.61067799159459,38.64671730624218,0.1128133393355322
transformer,dl,STORE0003,SKU0067,504.4158592224121,36.02970423017229,14,432.0,0.2866121133168538,0.3291983788599318,8.844030925205775,9.784803710634282,0.0838066471947564
transformer,dl,STORE0001,SKU0006,1574.6210632324219,112.47293308803013,14,1888.0,0.2864739409947799,0.3425653231200322,38.63305718558176,48.74474378691985,0.0964340234206894
transformer,dl,STORE0003,SKU0065,668.7175521850586,47.7655394417899,14,770.0,0.2861497408383852,0.4095863792163078,15.738235746111188,19.79172035124511,0.0853135790143694
transformer,dl,STORE0012,SKU0070,1402.6408767700195,100.1886340550014,14,1370.0,0.2860017428432937,0.3196047805983521,27.98731340680803,31.177394730279445,-0.0056929205455919
transformer,dl,STORE0009,SKU0063,745.0870399475098,53.220502853393555,14,836.0,0.2856711428701592,0.5124766957385564,17.058648245675222,20.68818692315768,0.1422393652811004
transformer,dl,STORE0005,SKU0057,1417.9064407348633,101.27903148106166,14,1247.0,0.2855685370964533,0.4165880956364239,25.435997554234092,31.63129287660056,0.1258697570947618
transformer,dl,STORE0012,SKU0028,1248.0806045532227,89.14861461094448,14,1723.0,0.2851500818359941,0.2902337060100274,35.09382792881557,43.689525133502464,0.0267401865174863
transformer,dl,STORE0011,SKU0095,507.18506240844727,36.227504457746235,14,484.0,0.2851058786565607,0.3580781115267106,9.856517519269673,11.73593551778795,0.0172381834550337
transformer,dl,STORE0008,SKU0061,1493.2457580566406,106.66041128976005,14,1310.0,0.2850593217456614,0.3632781047489075,26.67340796334403,33.16114918378915,0.2123440866251938
transformer,dl,STORE0005,SKU0015,198.2696762084961,14.162119729178292,14,198.0,0.2848257007020892,0.3962065933682231,4.028249195643833,4.897996326725885,-0.0102880265977647
transformer,dl,STORE0006,SKU0021,891.3038749694824,63.66456249782017,14,755.0,0.2847033671195933,0.3700263095585744,15.353645869663785,19.086197305086525,0.2255221638458454
transformer,dl,STORE0011,SKU0018,1274.221076965332,91.01579121180943,14,1152.0,0.2846121059523689,0.415435331793465,23.419510432652068,32.43134249686544,0.2345290117793613
transformer,dl,STORE0010,SKU0099,1308.8543090820312,93.48959350585938,14,1273.0,0.2843565839721008,0.4333731282550373,25.85613795689174,30.36406900683769,0.1623674439147805
transformer,dl,STORE0002,SKU0070,1192.0742950439453,85.14816393171039,14,1187.0,0.2841967781150451,0.3004281452694622,24.095826830182755,29.42463565221373,0.0251569289968309
transformer,dl,STORE0002,SKU0012,546.0300178527832,39.002144132341655,14,745.0,0.2840076932971109,0.36408421519228,15.11326653616769,22.847280656149124,-0.0057515496375576
transformer,dl,STORE0005,SKU0005,1197.8615493774414,85.56153924124581,14,1269.0,0.2837185149497174,0.3599417972888815,25.71705681937081,40.29090710998226,0.2624307606894731
transformer,dl,STORE0005,SKU0033,1244.3685836791992,88.88347026279995,14,1527.0,0.2832257583708098,0.335942722860433,30.89183807373047,36.85413467998813,0.1352472011763517
transformer,dl,STORE0005,SKU0079,1300.2528686523438,92.87520490373883,14,1154.0,0.283218608571917,1.762444120344852,23.34530530657087,31.06586071146121,0.1778371536545778
transformer,dl,STORE0001,SKU0018,1435.1964645385742,102.51403318132672,14,1497.0,0.2831588571837686,0.2884381467905509,30.277772086007257,35.80343476424401,-0.0366032255755
transformer,dl,STORE0006,SKU0066,523.8342781066895,37.416734150477815,14,537.0,0.2827724264986688,0.3497467629846804,10.846342359270368,12.96898534202193,0.0037567025012366
transformer,dl,STORE0002,SKU0101,191.3983917236328,13.671313694545201,14,200.0,0.282764482498169,0.4431117697425066,4.0394926071167,4.801602759773872,0.1479090595245361
transformer,dl,STORE0012,SKU0092,1237.5973892211914,88.39981351579938,14,1293.0,0.282462165047748,1.6649050598683324,26.08739852905273,35.28653325867847,-0.0434277704862873
transformer,dl,STORE0009,SKU0037,1146.9933471679688,81.92809622628349,14,1292.0,0.2823983715045562,0.4252655995179056,26.06133542742048,34.691258393867976,0.2702801175899919
transformer,dl,STORE0003,SKU0020,585.8960113525391,41.849715096609934,14,512.0,0.2821230292320251,0.4211202731759346,10.317642211914062,13.725085123758983,0.1510524302721023
transformer,dl,STORE0011,SKU0028,1586.8276824951172,113.34483446393695,14,2051.0,0.2820870312523807,0.4259523375698458,41.325750078473774,52.97251632120765,0.0461023071229544
transformer,dl,STORE0001,SKU0049,808.1073188781738,57.72195134844099,14,707.0,0.2818742506574876,0.8223734374290634,14.234649658203123,20.681798014148832,0.1205617750888161
transformer,dl,STORE0013,SKU0087,273.2574348449707,19.518388203212194,14,267.0,0.281392872556765,0.3291356571968167,5.366564069475446,6.154197374704007,0.0051840164241719
transformer,dl,STORE0006,SKU0085,1047.1851654052734,74.79894038609096,14,1393.0,0.2813073546443153,0.7405408033896256,27.99008178710937,34.65189561980004,-0.0349214749634052
transformer,dl,STORE0008,SKU0040,366.7172164916992,26.19408689226423,14,505.0,0.2809328589108911,1.2274361746835916,10.133649553571429,14.6891638556006,0.094541326843866
transformer,dl,STORE0005,SKU0085,1041.7321014404297,74.40943581717355,14,1371.0,0.2809083300033335,0.5632119432523089,27.508951459612167,38.21757243959303,-0.0593722376138254
transformer,dl,STORE0007,SKU0058,1051.394187927246,75.09958485194615,14,1027.0,0.2808899401225505,0.3103546548036567,20.60528346470424,25.048268385357527,0.0094526489614395
transformer,dl,STORE0012,SKU0096,1266.2540435791016,90.44671739850726,14,1219.0,0.2803878721592365,0.5193750682303137,24.41377258300781,35.99974250004397,0.002946435867322
transformer,dl,STORE0004,SKU0018,1395.0862121582031,99.64901515415737,14,1410.0,0.2802426060886248,0.3228721337970385,28.22443389892578,35.0269957703761,0.0269291329891123
transformer,dl,STORE0007,SKU0082,647.5495529174805,46.253539494105745,14,697.0,0.2802240270453169,0.3619831095895036,13.951153346470424,18.25118304205071,-0.065176800983708
transformer,dl,STORE0007,SKU0096,1066.2087631225586,76.15776879446847,14,1130.0,0.2801651000976562,0.3614546387319694,22.613325936453684,26.703701519581003,-0.0975016501097552
transformer,dl,STORE0011,SKU0001,1649.4623794555664,117.81874138968331,14,1706.0,0.2797405381554875,0.4201319600754815,34.088382720947266,39.28076937374034,0.037832302616741
transformer,dl,STORE0002,SKU0075,434.9384460449219,31.067031860351562,14,387.0,0.2789182441179142,0.319925892161613,7.710097176688058,8.591565782854824,0.1369931223472575
transformer,dl,STORE0012,SKU0059,373.3196392059326,26.665688514709473,14,346.0,0.2786411329500937,0.4382141006298815,6.886416571480887,8.673190514446818,0.0241248400914186
transformer,dl,STORE0005,SKU0004,1429.9777450561523,102.14126750401088,14,1459.0,0.278620849985877,0.3144755410980737,29.036272866385325,36.59777884814324,0.0187511117267151
transformer,dl,STORE0010,SKU0010,524.4837837219238,37.46312740870884,14,488.0,0.2781734779232838,0.3898954739104309,9.69633265904018,12.634613843747973,0.1157005184986552
transformer,dl,STORE0006,SKU0097,1139.8455276489258,81.41753768920898,14,1148.0,0.2780778599117691,0.2198671925660958,22.802384512765062,30.81210808257796,0.0057411326763937
transformer,dl,STORE0008,SKU0077,919.9766883850098,65.71262059892926,14,960.0,0.2778810222943624,0.9194928577453252,19.05469867161342,25.257747089864388,0.1929398020108541
transformer,dl,STORE0010,SKU0046,1100.1988372802734,78.58563123430524,14,1367.0,0.2778765686079805,0.5173528355152661,27.132662091936385,31.933947826130357,0.1298292002367467
transformer,dl,STORE0010,SKU0013,1246.9961013793945,89.07115009852818,14,1626.0,0.2776029664212047,0.4331065839116049,32.24160167149135,40.68097662667439,0.0098804835170544
transformer,dl,STORE0007,SKU0009,712.4343566894531,50.88816833496094,14,700.0,0.2769078663417271,0.3118935260150851,13.845393317086357,16.670024462643887,-0.0329054423740931
transformer,dl,STORE0004,SKU0075,587.9342346191406,41.99530247279576,14,539.0,0.2768870408548273,0.4846623541023372,10.660151072910852,14.346138418889382,0.0768926687718322
transformer,dl,STORE0008,SKU0062,327.1929359436035,23.37092399597168,14,294.0,0.2768703253090787,1.1168857515069883,5.814276831490653,8.33275758691799,0.0934925857855349
transformer,dl,STORE0007,SKU0056,272.7636032104492,19.48311451503209,14,279.0,0.2763807303589304,0.5570991956487212,5.507873126438686,7.014011115633044,0.093706554836697
transformer,dl,STORE0009,SKU0024,781.4042854309082,55.81459181649344,14,724.0,0.2761755779961855,0.3321126456380273,14.282222747802734,16.12273874543975,0.1313636737633805
transformer,dl,STORE0004,SKU0036,607.1452980041504,43.36752128601074,14,786.0,0.2761702501136838,0.3439857263895605,15.504986899239675,18.07421665941082,0.1472684069140873
transformer,dl,STORE0004,SKU0101,262.5819396972656,18.755852835518972,14,279.0,0.2760843735014666,0.3027311072896039,5.50196715763637,6.744113134369216,0.1059320032810225
transformer,dl,STORE0011,SKU0089,717.767749786377,51.26912498474121,14,668.0,0.2760060761503117,0.4222497906837565,13.169432776314872,18.241052361381463,0.0450175336734977
transformer,dl,STORE0006,SKU0019,293.0012016296387,20.928657259259904,14,307.0,0.2756881589609947,0.5208412657067784,6.045447485787528,9.088789498516087,0.1108904785752684
transformer,dl,STORE0012,SKU0072,524.555850982666,37.46827507019043,14,546.0,0.2756828860048846,0.3568879425697795,10.7516325541905,12.519682294200198,-0.0937143647190415
transformer,dl,STORE0011,SKU0031,760.3113708496094,54.30795506068638,14,1024.0,0.2754465714097023,0.3180031224355746,20.14694922310965,26.428941805826383,0.0995182767510414
transformer,dl,STORE0007,SKU0079,862.364616394043,61.597472599574495,14,993.0,0.2753920194965835,0.2770714896334943,19.53316252572196,21.872074682159724,-0.1138522521726794
transformer,dl,STORE0012,SKU0058,1212.3032836914062,86.5930916922433,14,1174.0,0.2753313834663144,0.5092522457280483,23.08850315638951,28.90375020245262,0.0405146454221345
transformer,dl,STORE0007,SKU0078,338.6122989654541,24.18659278324672,14,338.0,0.2749798509496203,0.4452998602491635,6.638799258640835,8.913965779592097,0.0033143116877629
transformer,dl,STORE0006,SKU0023,1155.208106994629,82.51486478533063,14,1272.0,0.2748091475768659,0.563245877764705,24.96837397984096,31.73608820115529,0.0529994844640576
transformer,dl,STORE0008,SKU0086,152.95563125610352,10.925402232578822,14,156.0,0.2746980618207882,0.2717244469697562,3.0609212602887834,3.836340169153958,0.1484277676313351
transformer,dl,STORE0007,SKU0024,669.143970489502,47.79599789210728,14,611.0,0.2744178334936963,0.372134032694845,11.976378304617745,15.202519374215823,0.1621265567461129
transformer,dl,STORE0013,SKU0056,200.41849899291992,14.315607070922852,14,205.0,0.2741655024086556,0.3098513974166023,4.014566285269601,4.730849591443855,0.0890725019501476
transformer,dl,STORE0007,SKU0089,551.6353912353516,39.40252794538225,14,434.0,0.274087141186411,0.5991093996984859,8.49670137677874,12.583811821175884,0.2206968140492241
transformer,dl,STORE0013,SKU0032,478.4799575805664,34.17713982718332,14,642.0,0.2738293323932778,0.3884224337015896,12.5570308140346,15.359013862134375,-0.0932326747620959
transformer,dl,STORE0001,SKU0040,366.4762477874756,26.17687484196254,14,430.0,0.2737525540728902,0.3682111601129027,8.408114160810198,10.098928453023268,0.232270551282306
transformer,dl,STORE0009,SKU0096,1223.1511154174805,87.36793681553432,14,1393.0,0.2735926839660075,0.344619727517252,27.222472054617747,30.126104674625974,-0.1184544395561793
transformer,dl,STORE0003,SKU0051,859.0159339904785,61.358280999319895,14,746.0,0.2734112624508446,0.3705059671166481,14.568914413452148,17.968585653743926,0.1524827512275757
transformer,dl,STORE0002,SKU0040,272.10918045043945,19.436370032174246,14,312.0,0.2733083260365022,0.4325748060250088,6.090871265956333,7.860687272240417,0.2523071949298565
transformer,dl,STORE0002,SKU0022,1023.9307479858398,73.13791057041713,14,1028.0,0.2732244187291958,0.3937976520615746,20.06247874668666,22.99827487212857,-0.0053267052201445
transformer,dl,STORE0013,SKU0040,210.8849983215332,15.0632141658238,14,243.0,0.273138085510505,0.4011204335540174,4.7408967699323386,6.839601939088503,0.184547753981602
transformer,dl,STORE0004,SKU0095,503.6709976196289,35.97649982997349,14,468.0,0.2730971646105122,0.5044764756816879,9.129248074122838,12.20095180489147,0.0336716521499503
transformer,dl,STORE0010,SKU0037,1205.7489929199219,86.1249280657087,14,1785.0,0.2725161854292498,0.2796321140358731,34.74581364222935,40.86806974332844,-0.0883060487378545
transformer,dl,STORE0002,SKU0083,1026.7394943237305,73.33853530883789,14,884.0,0.2720581762391517,0.3394881314734085,17.178530556815012,20.842585133645414,0.1955765512733977
transformer,dl,STORE0002,SKU0081,806.5583267211914,57.61130905151367,14,766.0,0.2717988036631293,1.4140966063531375,14.871277400425502,19.7719670982083,0.0789095726710386
transformer,dl,STORE0009,SKU0025,414.7789421081543,29.62706729343959,14,431.0,0.2716467164785292,0.4406960411517149,8.362838200160436,10.929708683968096,0.1632357285360172
transformer,dl,STORE0008,SKU0012,706.9373054504395,50.49552181788853,14,949.0,0.271348484951779,0.3455970941394617,18.39355087280273,22.390893540122704,0.0606866078834011
transformer,dl,STORE0012,SKU0052,817.0563125610352,58.36116518293108,14,731.0,0.2709181925177411,0.3191546634467389,14.145799909319196,16.647065947183304,0.1062873182805553
transformer,dl,STORE0003,SKU0094,695.847843170166,49.703417369297576,14,641.0,0.2708883121865402,0.4644779859236959,12.402814865112305,16.05920781369558,0.0766216581585627
transformer,dl,STORE0006,SKU0044,1152.9596328735352,82.3542594909668,14,1507.0,0.2706651187686629,0.2870300606116531,29.13516671316965,37.80444528852316,-0.0272593457096051
transformer,dl,STORE0003,SKU0035,1651.6353607177734,117.97395433698382,14,2221.0,0.270450734598365,0.4185851593492663,42.9050772530692,50.98626685107065,-0.0302694665049175
transformer,dl,STORE0003,SKU0054,961.5314178466797,68.68081556047711,14,1121.0,0.2702674083046143,0.4498698372521241,21.640697479248047,29.252200348029437,0.0442021733198072
transformer,dl,STORE0009,SKU0030,566.8684463500977,40.49060331072126,14,587.0,0.2702234778331126,0.3741174938416082,11.33008439200265,14.00140516648877,0.2223195103607957
transformer,dl,STORE0013,SKU0015,124.43367767333984,8.88811983380999,14,98.0,0.2699679549859494,0.2945561454409645,1.8897756849016465,2.150014621067064,0.1569920364691286
transformer,dl,STORE0011,SKU0012,732.724781036377,52.33748435974121,14,988.0,0.2695762194119967,0.3520887167185014,19.02437891278948,26.06161517736791,0.0718837189770902
transformer,dl,STORE0002,SKU0018,913.6658592224121,65.26184708731515,14,818.0,0.2683125428290705,1.913128607148924,15.677118573869976,23.427299201518853,0.1397676164771642
transformer,dl,STORE0005,SKU0035,2245.218994140625,160.37278529575892,14,2860.0,0.2680364862188593,0.3783650516362191,54.75602504185268,71.40476514176002,0.175763633034446
transformer,dl,STORE0010,SKU0084,369.1668872833252,26.36906337738037,14,331.0,0.2680134672412699,0.234492111882823,6.336604118347168,8.849871162598886,0.0997281549920488
transformer,dl,STORE0009,SKU0005,1035.2960586547852,73.9497184753418,14,1252.0,0.2679287419913295,0.5507306488977812,23.96048464093889,29.38981973450896,0.0492619462668324
transformer,dl,STORE0013,SKU0020,424.6245651245117,30.330326080322266,14,390.0,0.2678787084726187,0.2756787293346723,7.462335450308664,9.033067388855397,0.0363105235955654
transformer,dl,STORE0009,SKU0068,548.3697891235352,39.16927065168108,14,556.0,0.2672172861991169,0.3669415038903888,10.612343651907784,13.11195835509378,0.1159906936206406
transformer,dl,STORE0008,SKU0094,953.4179878234863,68.10128484453473,14,1177.0,0.2671718354334543,0.2333895543505311,22.461517878941127,29.06818593437349,-0.2577717666820439
transformer,dl,STORE0010,SKU0043,605.1008377075195,43.22148840767996,14,744.0,0.2670973654716245,0.3488770484444504,14.194317136492048,16.347587100506605,0.1219867224334388
transformer,dl,STORE0001,SKU0027,1564.856216430664,111.77544403076172,14,2752.0,0.2662631467331287,0.3104602969728732,52.339727129255024,67.22232835672506,-0.1202473030533901
transformer,dl,STORE0006,SKU0011,353.7396469116211,25.267117636544363,14,360.0,0.2661647266811794,0.4214181627167551,6.844235828944615,8.359768671295946,0.1145081520080566
transformer,dl,STORE0005,SKU0089,763.8414115905762,54.560100827898296,14,749.0,0.2661439210614152,0.314602660489932,14.238699776785714,17.118325298479622,0.0006627183412518
transformer,dl,STORE0009,SKU0086,124.53909301757812,8.89564950125558,14,145.0,0.2660086533118939,0.2923452843835343,2.755089623587472,3.6539858839498183,-7.074290308455376e-05
transformer,dl,STORE0009,SKU0085,868.4388122558594,62.03134373256138,14,1081.0,0.2658009559991292,0.3262295218429191,20.523630959647047,26.201898425762447,0.0581981366040197
transformer,dl,STORE0007,SKU0086,105.84287643432617,7.560205459594727,14,129.0,0.2656117520591085,0.2763065482511883,2.447422572544643,3.081302730861238,-0.0432545270106589
transformer,dl,STORE0012,SKU0019,246.4514389038086,17.6036742074149,14,256.0,0.2655254751443863,0.3356199709366287,4.855322974068778,5.382062734275698,0.1178758889436721
transformer,dl,STORE0011,SKU0052,913.2305717468262,65.2307551247733,14,860.0,0.2655166049336278,0.4437249192905493,16.310305731637136,23.61715513875759,0.0588048491367073
transformer,dl,STORE0007,SKU0038,932.2053985595703,66.58609989711216,14,1185.0,0.2654985001318565,0.3504747882480127,22.472551618303573,27.045400885627043,-0.0622502709239847
transformer,dl,STORE0010,SKU0064,1297.1905517578125,92.65646798270089,14,1232.0,0.2654781031918216,0.3843850889573684,23.3620730808803,31.523453210525958,0.0478451406800901
transformer,dl,STORE0001,SKU0099,1560.6491775512695,111.47494125366211,14,1706.0,0.2653236478602062,0.2190501592136256,32.33158166067941,44.46142381583108,0.0736635170117073
transformer,dl,STORE0003,SKU0069,875.6921310424805,62.549437931605745,14,1055.0,0.2649428381174096,0.3373989879013178,19.965335300990517,27.664921030416775,0.1017905646590825
transformer,dl,STORE0009,SKU0011,306.8000259399414,21.914287567138672,14,293.0,0.264520456359655,0.4750784682090346,5.536035265241351,7.3244357832466624,0.188475859449992
transformer,dl,STORE0002,SKU0044,841.3217315673828,60.0944093976702,14,974.0,0.2644919017501925,0.4894246346467709,18.401079450334823,22.146385571685336,0.0548263173818098
transformer,dl,STORE0008,SKU0018,1366.1416244506836,97.58154460362026,14,1262.0,0.2639400947679619,0.3265690276442353,23.792314256940568,29.574868386668715,0.1127462432426053
transformer,dl,STORE0009,SKU0071,460.0677738189697,32.861983844212126,14,412.0,0.2638346153555564,0.4844217195887315,7.76427582332066,9.451282408649083,0.0906892100584159
transformer,dl,STORE0005,SKU0001,1588.4579849243164,113.46128463745117,14,1634.0,0.2637381302682977,0.4277048051134277,30.782007489885604,40.60567061267013,0.0567535811276009
transformer,dl,STORE0011,SKU0056,391.3624687194824,27.9544620513916,14,400.0,0.2637333297729492,0.5371880270914999,7.535237993512835,9.461278707291632,0.1321804618835449
transformer,dl,STORE0001,SKU0010,610.3880004882812,43.59914289202009,14,595.0,0.2637024374569163,3.0863677382061807,11.207353591918944,16.15092292162052,0.0955922551515723
transformer,dl,STORE0009,SKU0001,1290.4332580566406,92.1738041469029,14,1379.0,0.263549290159805,0.2812055202753483,25.959605080740797,35.018014051630416,0.0667718136284643
transformer,dl,STORE0004,SKU0019,285.56297302246094,20.397355215890066,14,297.0,0.2634320243039115,0.3638895458685524,5.588522229875837,7.352170565755694,0.1262808135061553
transformer,dl,STORE0007,SKU0015,146.5396728515625,10.467119489397321,14,121.0,0.2631561027085485,0.9588876303215832,2.274420601981027,3.4584206113976608,0.1740903617921939
transformer,dl,STORE0001,SKU0050,326.33846855163574,23.309890610831125,14,267.0,0.2630848973877867,0.312513766157422,5.01740482875279,6.1783545822822745,0.1794805919632929
transformer,dl,STORE0009,SKU0051,1001.0324783325195,71.50231988089425,14,894.0,0.2630772771984672,0.4224074567033363,16.79936327253069,21.26144186709947,0.1401511753432169
transformer,dl,STORE0010,SKU0065,787.6249122619629,56.25892230442592,14,882.0,0.2626682117142104,0.4022401711711084,16.548097337995255,24.68773551820106,0.1207845259685905
transformer,dl,STORE0011,SKU0061,1535.267677307129,109.66197695050921,14,1435.0,0.2626382329322735,0.3817936107483262,26.920418875558035,34.68869061219052,0.0907517595988948
transformer,dl,STORE0005,SKU0049,768.734619140625,54.909615652901785,14,789.0,0.2621183890957947,0.8572298121086048,14.77224349975586,18.44927236539289,-0.0292089387340086
transformer,dl,STORE0003,SKU0058,1058.7000427246094,75.62143162318638,14,1001.0,0.2620706701135778,0.3536796703762889,18.73805291312081,22.93745634762476,0.0504700911271345
transformer,dl,STORE0010,SKU0025,403.8275680541992,28.844826289585658,14,401.0,0.2619415435410497,0.3163269069605419,7.502754211425781,8.769595502749464,0.2438213319849789
transformer,dl,STORE0006,SKU0010,585.9533462524414,41.85381044660296,14,576.0,0.2617300947507222,0.5460554223127626,10.76832389831543,15.817903930597174,0.0660015675756666
transformer,dl,STORE0006,SKU0022,1487.814079284668,106.27243423461914,14,1508.0,0.2616778811345998,0.684828112945015,28.186446053641184,39.03501650816808,0.0632000829560054
transformer,dl,STORE0003,SKU0092,1070.8065032958984,76.48617880684989,14,949.0,0.2616422309513715,1.3776122578301997,17.73560551234654,24.68266335605946,0.09289438229592
transformer,dl,STORE0007,SKU0040,276.24775314331055,19.731982367379324,14,332.0,0.2616374463920133,0.3323644747436596,6.204545157296317,7.551354529109775,0.1511470151234822
transformer,dl,STORE0011,SKU0065,913.9366798400879,65.28119141714913,14,1013.0,0.261573851755788,0.3477967020559526,18.92673655918666,28.156521565768724,0.1381619407299829
transformer,dl,STORE0010,SKU0007,416.0792465209961,29.71994618007115,14,334.0,0.2611881073363526,0.4568809528282927,6.2312019893101285,8.624368377298776,0.2274216406359644
transformer,dl,STORE0004,SKU0021,1001.7316131591797,71.55225808279855,14,958.0,0.2608945762936904,0.9274070440869302,17.852643149239675,23.50267387533156,0.042109121111589
transformer,dl,STORE0012,SKU0017,1392.4132690429688,99.45809064592633,14,1482.0,0.2606031904336412,0.4513023003606607,27.58670915876116,33.993823178793726,0.0193256373025788
transformer,dl,STORE0008,SKU0082,988.7062377929688,70.6218741280692,14,1036.0,0.2600695414892955,0.2833821748637145,19.24514607020787,22.726871127752123,-0.0529672261830922
transformer,dl,STORE0001,SKU0067,662.1840591430664,47.29886136736189,14,615.0,0.2600391791118839,0.3047359833811494,11.42314965384347,13.091925958591975,0.0819418310149898
transformer,dl,STORE0001,SKU0068,640.3777389526367,45.74126706804548,14,625.0,0.2596376220703125,0.5680315720688456,11.590965270996094,15.540963007356934,0.1363934692382812
transformer,dl,STORE0011,SKU0017,1605.8438873291016,114.70313480922154,14,1642.0,0.2595718839136604,0.3279805252910017,30.44407381330217,36.64163088047109,0.0936675867412906
transformer,dl,STORE0006,SKU0004,1490.177230834961,106.44123077392578,14,1365.0,0.2594795590355283,0.412433887580245,25.299257005964005,35.49268227269598,0.0901550237075749
transformer,dl,STORE0002,SKU0056,271.76000595092773,19.411428996494838,14,305.0,0.2589040912565638,0.2719643686266454,5.6404105595179965,7.970834876139843,0.0320764135141841
transformer,dl,STORE0012,SKU0009,803.2021751403809,57.37158393859863,14,708.0,0.2587632216976187,1.5705589032096732,13.08602578299386,19.853815029365112,0.1487043132889742
transformer,dl,STORE0002,SKU0001,1120.393196105957,80.02808543613979,14,1087.0,0.2587254935705892,0.3755268420166815,20.088186536516464,25.99517052280433,0.0869578806325285
transformer,dl,STORE0011,SKU0096,1381.3316268920898,98.66654477800641,14,1533.0,0.2585511030282993,0.8968962797442291,28.31134578159877,35.99667079456786,-0.0719590258613879
transformer,dl,STORE0012,SKU0018,1135.9251098632812,81.13750784737724,14,1143.0,0.2584124587652252,0.3878551552257906,21.097531454903734,24.11056618168113,0.0211165554150091
transformer,dl,STORE0008,SKU0102,1507.2587051391602,107.66133608136859,14,1650.0,0.2579204443729285,0.3554658654633248,30.39776665823801,45.70228738372858,0.2158780045942826
transformer,dl,STORE0006,SKU0096,1491.3739471435547,106.5267105102539,14,1601.0,0.2577123981502039,0.3544628804927853,29.471253531319757,34.419960145765906,-0.0712123873232306
transformer,dl,STORE0010,SKU0085,907.1423835754395,64.79588454110282,14,1155.0,0.2572967066909327,1.044786940025486,21.226978302001957,27.584658476030327,-0.0136657913009841
transformer,dl,STORE0008,SKU0033,1262.2128524780273,90.15806089128766,14,1750.0,0.257285400390625,0.2760383057954024,32.160675048828125,37.813481771879225,0.0895366559709821
transformer,dl,STORE0010,SKU0088,364.2943515777588,26.021025112697057,14,348.0,0.257273959017348,0.3883846416627201,6.395095552716937,8.208205173818572,0.0307453857071098
transformer,dl,STORE0002,SKU0092,1076.8185653686523,76.91561181204659,14,941.0,0.256776191476301,0.8916147312579285,17.25902829851423,24.040903666598936,0.1353756927911837
transformer,dl,STORE0009,SKU0065,803.865550994873,57.41896792820522,14,898.0,0.2566534140062226,0.2465926590675686,16.462483269827707,23.556096277929264,0.191439651965033
transformer,dl,STORE0005,SKU0040,342.2483768463135,24.446312631879533,14,431.0,0.2566470259026972,0.348907473712884,7.90106201171875,10.06716898503807,0.1806247472209886
transformer,dl,STORE0010,SKU0059,384.0800971984863,27.43429265703474,14,367.0,0.2564908009458952,0.2881070379535296,6.723723139081683,8.342972612005141,0.0083876721540653
transformer,dl,STORE0008,SKU0039,284.28449630737305,20.306035450526647,14,321.0,0.2560201805328654,0.2965508604286183,5.870176996503558,6.933884505118794,0.0843588035797404
transformer,dl,STORE0002,SKU0010,438.76329803466797,31.340235573904856,14,377.0,0.2558594913634444,0.430530998536029,6.889930588858468,11.5640889503076,0.2132389615005776
transformer,dl,STORE0011,SKU0022,1533.9455261230469,109.56753758021763,14,1660.0,0.255449465096715,0.2624312219432442,30.289008004324774,33.383018424793995,-0.0450026546616152
transformer,dl,STORE0011,SKU0014,905.0155029296875,64.64396449497768,14,814.0,0.2552240404508623,0.3008673322366409,14.839454923357282,16.372693930768936,0.1448777735379755
transformer,dl,STORE0011,SKU0019,303.1235694885254,21.65168353489467,14,287.0,0.2551467975257581,0.4996808948394375,5.230509349278042,7.186600311610662,0.2439036485625476
transformer,dl,STORE0005,SKU0087,520.3079643249512,37.16485459463937,14,436.0,0.2550396438038677,0.3935194245026857,7.942663192749023,10.463471377080024,0.1742353964289394
transformer,dl,STORE0004,SKU0064,1470.1325607299805,105.00946862357003,14,1440.0,0.2549544758266873,0.2841171657978975,26.22388894217355,31.38565543421309,0.0034167289733886
transformer,dl,STORE0011,SKU0038,1347.3713150024414,96.2408082144601,14,1762.0,0.2549410548302155,0.3113802955448551,32.086152757917134,37.2351363381192,-0.0414326653713265
transformer,dl,STORE0003,SKU0022,1097.2864379882812,78.37760271344867,14,1056.0,0.2547787175034032,0.3782005416714777,19.217594691685267,23.72030987496287,0.087235436295018
transformer,dl,STORE0008,SKU0030,680.0042839050293,48.57173456464495,14,737.0,0.2546204834812531,0.2968942069722615,13.403949737548828,14.937823536651123,0.1400888926947295
transformer,dl,STORE0011,SKU0073,179.63624954223633,12.83116068158831,14,184.0,0.2545109209807022,0.1741207905158619,3.345000675746373,4.664893824253633,-0.026624347852624
transformer,dl,STORE0008,SKU0096,1458.1132507324219,104.15094648088727,14,1339.0,0.2537900199633734,0.3533127416341786,24.273202623639783,33.36544461486259,0.137349733405366
transformer,dl,STORE0002,SKU0051,859.8318634033203,61.41656167166574,14,762.0,0.2537087417962982,0.3477175688685688,13.809004374912806,16.417790019363217,0.1089258018753972
transformer,dl,STORE0010,SKU0074,760.8377456665039,54.34555326189314,14,952.0,0.2535801935596626,0.4116281300630378,17.243453162057058,23.51068884522765,0.0751827584595239
transformer,dl,STORE0009,SKU0034,1589.0750579833984,113.50536128452846,14,2219.0,0.2534833979423973,0.3225152861896287,40.177118573869976,49.841389051691394,0.1612303546013301
transformer,dl,STORE0008,SKU0095,516.510913848877,36.89363670349121,14,449.0,0.2534584776064866,0.3140227549049433,8.128775460379464,9.914029397542086,0.1332697878967149
transformer,dl,STORE0010,SKU0096,1246.266227722168,89.01901626586914,14,1170.0,0.2533660236586872,0.443833324438988,21.17416054861886,26.521529095966144,0.0751717852731036
transformer,dl,STORE0003,SKU0063,620.6239395141602,44.33028139386858,14,680.0,0.2532433734220617,0.3804308887996269,12.300392423357282,14.034361655849906,0.1323415363536161
transformer,dl,STORE0008,SKU0045,951.7441368103027,67.98172405787876,14,1369.0,0.2532144327769756,0.2424507288602542,24.76075417654855,32.72080956653592,0.0317356396627042
transformer,dl,STORE0005,SKU0076,498.10307693481445,35.57879120962961,14,437.0,0.2531612885080158,0.3656129837967857,7.902248791285923,10.529225882931806,0.1091834314900623
transformer,dl,STORE0010,SKU0057,1186.4673385620117,84.7476670401437,14,1210.0,0.2531306747562629,0.5178481536404113,21.877722603934156,27.51416468541368,-0.0276478034405669
transformer,dl,STORE0004,SKU0020,821.0116157531738,58.64368683951242,14,826.0,0.2527939286128083,2.055105226950769,14.914841788155693,19.443966172913363,-0.0173127772444385
transformer,dl,STORE0007,SKU0085,719.5008201599121,51.39291572570801,14,893.0,0.2527265516667723,0.3046586052091822,16.12034361703055,20.36206145663076,0.023683140018886
transformer,dl,STORE0012,SKU0055,206.71692276000977,14.765494482857841,14,187.0,0.2525984004219586,0.309671610827723,3.373992919921875,4.173259838727386,0.0656308260830966
transformer,dl,STORE0005,SKU0074,824.8039512634277,58.914567947387695,14,1170.0,0.2525021740513989,0.3043058597495677,21.101967402866908,26.2933899186108,-0.0069647568922776
transformer,dl,STORE0007,SKU0031,583.2016792297363,41.65726280212402,14,763.0,0.2524529353350517,0.3460169098761362,13.75868497576032,15.981173421551809,0.065620222379152
transformer,dl,STORE0012,SKU0071,445.99817657470703,31.857012612479075,14,404.0,0.2522919248826433,0.2837493679837564,7.280424118041993,8.196267392251357,0.0561242528481058
transformer,dl,STORE0001,SKU0002,1024.2843551635742,73.16316822596959,14,954.0,0.2520427024089565,1.319872579557983,17.174909864153182,22.656935590159986,0.102522228248964
transformer,dl,STORE0004,SKU0037,1417.0842666625977,101.22030476161412,14,1788.0,0.2519219417700031,0.4438886940334058,32.17403084891183,40.90456296196093,0.0721742429455921
transformer,dl,STORE0007,SKU0020,560.9093780517578,40.06495557512556,14,561.0,0.2518665157324915,0.3034283158882695,10.092651094709124,12.524394661399624,-0.0176063918387401
transformer,dl,STORE0006,SKU0006,1633.2631301879883,116.66165215628487,14,1978.0,0.2516704054042712,1.5371621187681417,35.55743299211775,47.27173419172189,0.0186107701069182
transformer,dl,STORE0007,SKU0059,297.2869758605957,21.23478399004255,14,282.0,0.2515646346071933,0.2661066844710479,5.067230497087751,6.05508296707537,0.039156122410551
transformer,dl,STORE0001,SKU0093,1194.1560974121094,85.29686410086495,14,1088.0,0.2514445360969095,0.3504243135103246,19.54083251953125,24.676790943552238,0.1240935325622558
transformer,dl,STORE0001,SKU0004,1445.1289291381836,103.22349493844169,14,1418.0,0.2513483313814709,2.684479014222568,25.4579952784947,36.06772884494392,0.0755811026805883
transformer,dl,STORE0013,SKU0027,765.2307624816895,54.65934017726353,14,1226.0,0.2510968779272978,0.2898298734595276,21.988912309919083,30.78439647063361,0.0574638777417031
transformer,dl,STORE0004,SKU0100,1310.3580780029297,93.59700557163784,14,1247.0,0.2504962593818915,0.2790312363784117,22.3120596749442,25.71897412858957,0.1156857390354037
transformer,dl,STORE0002,SKU0032,717.3124580383301,51.236604145595,14,777.0,0.2504901861438726,0.5526776796787216,13.902205330984932,18.62598919912266,0.0813590483008818
transformer,dl,STORE0002,SKU0034,1316.1054916381836,94.00753511701312,14,1962.0,0.2503951497520268,0.2758484262502132,35.091091700962615,42.042692252443736,0.0170427530426741
transformer,dl,STORE0007,SKU0093,832.957950592041,59.496996470860076,14,816.0,0.2499370294458726,0.3036713409243449,14.567758287702288,17.305006451515254,0.0086359042747348
transformer,dl,STORE0012,SKU0080,1002.1228637695312,71.58020455496651,14,1230.0,0.249878636802115,0.3006045319134353,21.95362309047154,26.714834953335707,-0.094082058542143
transformer,dl,STORE0013,SKU0031,416.64896965026855,29.760640689304896,14,543.0,0.2493520002558306,0.288296655632167,9.671295438494,11.315634569949363,0.0237558621288882
transformer,dl,STORE0005,SKU0067,664.0063552856445,47.42902537754604,14,633.0,0.2493441854419678,1.1241329837194909,11.273919241768974,15.51434926129026,0.0254184307080309
transformer,dl,STORE0012,SKU0099,1303.0248336791992,93.07320240565709,14,1401.0,0.2491192324173441,0.6708170353924103,24.929717472621373,32.26786820545696,0.0605046437690293
transformer,dl,STORE0010,SKU0083,1191.8755493164062,85.13396780831474,14,1272.0,0.2486734330279272,1.0919770973064282,22.59375762939453,29.81618455656813,0.0004657649394101
transformer,dl,STORE0009,SKU0092,1302.3620300292969,93.02585928780692,14,1306.0,0.2486649727930883,0.3065746204520252,23.19688960484096,28.61106875010551,-0.0302958466557594
transformer,dl,STORE0002,SKU0008,295.8819236755371,21.134423119681223,14,263.0,0.2486006588083709,0.3055828590484977,4.670140947614398,5.619264582640798,0.1456965457350582
transformer,dl,STORE0008,SKU0093,1203.7985305786133,85.9856093270438,14,1165.0,0.2485171796937869,0.3137144525415244,20.680179595947266,26.22879500966361,0.0214722531036246
transformer,dl,STORE0007,SKU0087,355.6151466369629,25.401081902640207,14,315.0,0.2484540545751178,0.4867484974117659,5.590216227940151,7.476063218553467,0.1305470300099206
transformer,dl,STORE0008,SKU0028,1529.2612686157227,109.23294775826591,14,2184.0,0.248212157588302,0.3462066476870797,38.72109658377512,48.08347710170927,-0.0234714060912638
transformer,dl,STORE0010,SKU0012,639.2061157226562,45.657579694475444,14,874.0,0.2477995831033458,0.4859667195588485,15.469773973737444,18.368186791510173,-0.0060270558232846
transformer,dl,STORE0003,SKU0076,359.16193199157715,25.654423713684082,14,356.0,0.2477491035890043,0.2886529960913453,6.29990577697754,7.099373764877711,0.0162655048156052
transformer,dl,STORE0010,SKU0019,261.1937065124512,18.656693322317942,14,253.0,0.2476841922805243,0.2332382326842235,4.476007189069476,6.617138757402007,0.1874597722833806
transformer,dl,STORE0008,SKU0044,1166.638168334961,83.33129773821149,14,1387.0,0.2475989849857916,0.3162892263178902,24.529985155378068,29.747825857643257,0.0507932029014538
transformer,dl,STORE0004,SKU0017,1645.617820739746,117.54413005283901,14,1849.0,0.2470477709195109,0.2760043557989365,32.62795203072684,37.72427526393443,0.0217769451564295
transformer,dl,STORE0005,SKU0052,922.4866638183594,65.89190455845424,14,866.0,0.2470423453949891,0.3575136870492001,15.281333650861468,19.88610539197857,0.0504168671218132
transformer,dl,STORE0001,SKU0096,1445.2280654907227,103.23057610648019,14,1542.0,0.2468312977198342,0.2599332873806995,27.18670436314174,30.449339674845024,-0.0579079258148153
transformer,dl,STORE0007,SKU0062,237.62161254882812,16.972972324916295,14,196.0,0.246567609358807,0.3036308567496809,3.451946531023298,4.068486264635901,0.1786339234332649
transformer,dl,STORE0004,SKU0102,1508.5264282226562,107.75188773018974,14,1893.0,0.2463937911543969,0.2961055141749425,33.31596047537667,40.08508734084062,0.0638380982670529
transformer,dl,STORE0004,SKU0041,1140.8315963745117,81.48797116960797,14,1795.0,0.2463566177070638,0.2545090318099052,31.586437770298545,36.343440641075794,-0.022016230931189
transformer,dl,STORE0012,SKU0074,772.5314025878906,55.18081447056362,14,1015.0,0.2462786557051935,0.367119202975085,17.855202538626536,21.063933560824108,0.0074258249968731
transformer,dl,STORE0004,SKU0026,1432.3604354858398,102.31145967756,14,1729.0,0.2462097397424224,0.3642125083318075,30.406902858189174,36.8841073135227,0.079742652270889
transformer,dl,STORE0005,SKU0031,776.6278114318848,55.473415102277485,14,1061.0,0.2460646597873928,0.2744006520889506,18.648186002458846,22.79117828754389,0.0246160473046046
transformer,dl,STORE0013,SKU0008,205.6499252319336,14.689280373709542,14,179.0,0.2458323047147783,0.36459622944913,3.143141610281808,4.264651877008243,0.1672454493005848
transformer,dl,STORE0010,SKU0101,223.80464935302734,15.986046382359095,14,214.0,0.2456729389796747,0.2618494299922186,3.755286352975028,4.184269759873334,0.2071206458261079
transformer,dl,STORE0007,SKU0030,524.3105506896973,37.45075362069266,14,538.0,0.2452025927575547,0.2746665879679547,9.422785350254603,10.751348272037395,0.1520069008866207
transformer,dl,STORE0007,SKU0028,1097.2195053100586,78.37282180786133,14,1380.0,0.245146682296974,0.3983919536762529,24.164458683558877,32.26255465761386,0.0664822177610536
transformer,dl,STORE0005,SKU0050,318.04259872436523,22.717328480311803,14,257.0,0.2449519829063564,0.3408447290860694,4.496618543352399,5.6815168200045685,0.203203015754195
transformer,dl,STORE0011,SKU0037,1424.3854064941406,101.74181474958148,14,1945.0,0.2448289572120019,0.3229369990747791,34.01373726981027,43.66341944606661,-0.0492490636045951
transformer,dl,STORE0002,SKU0007,341.54895782470703,24.396354130336217,14,321.0,0.2447537930212288,0.3018224567565472,5.611854825701032,6.502459326598954,0.0764156353436526
transformer,dl,STORE0007,SKU0046,936.6431617736816,66.90308298383441,14,1422.0,0.24468875031934,0.2244480187817878,24.85338592529297,33.17481156499818,-0.1183627164816554
transformer,dl,STORE0006,SKU0020,817.6049385070801,58.40035275050572,14,812.0,0.24458770564037,0.3191012262366723,14.186086927141462,16.655536293250332,-0.0014949948916881
transformer,dl,STORE0011,SKU0066,513.195629119873,36.656830651419504,14,486.0,0.2444371352961034,0.2880174552908389,8.485460553850446,10.7187754011213,0.1015327987356931
transformer,dl,STORE0010,SKU0068,548.5179023742676,39.179850169590544,14,623.0,0.2443546276796687,0.2415706582300713,10.873780931745255,12.598294415975442,-0.0522062445528817
transformer,dl,STORE0012,SKU0056,329.822265625,23.558733258928573,14,336.0,0.244336480186099,0.8940004847930904,5.864075524466378,7.557541744692388,0.1311395395369757
transformer,dl,STORE0002,SKU0088,307.0822525024414,21.934446607317245,14,317.0,0.244221828713402,0.2532772689706525,5.529879978724888,6.50387104287506,-0.0523518703713401
transformer,dl,STORE0001,SKU0046,1256.1986694335938,89.72847638811383,14,1677.0,0.2440008119095203,0.3694558631910895,29.227811540876115,34.386151168659275,0.0573935011134093
transformer,dl,STORE0010,SKU0080,1039.7127304077148,74.2651950291225,14,1122.0,0.2431019733721347,0.1722213840186377,19.48288672310965,28.557287600166973,-0.0115077992811559
transformer,dl,STORE0012,SKU0046,1069.6888732910156,76.4063480922154,14,1369.0,0.2423959123208803,0.319826375521104,23.70285742623465,27.94415733325649,0.1108773776960686
transformer,dl,STORE0006,SKU0101,258.19855880737305,18.442754200526647,14,272.0,0.2423114636365105,0.4484712437255913,4.707765579223633,6.649757658610543,0.0931247122147503
transformer,dl,STORE0004,SKU0061,1582.4791793823242,113.03422709873745,14,1480.0,0.2421040251448347,0.2624495199967788,25.593854086739675,30.27178101481373,0.1136797363693649
transformer,dl,STORE0004,SKU0098,608.6333541870117,43.47381101335798,14,620.0,0.2419905570245558,0.3895708660959441,10.716724668230327,13.041801719883113,0.0458784595612556
transformer,dl,STORE0010,SKU0075,515.8269271850586,36.844780513218474,14,475.0,0.2419865417480468,0.3211217114244259,8.210257666451591,10.856583639293389,0.0811486896715666
transformer,dl,STORE0002,SKU0096,1064.9589462280273,76.06849615914481,14,950.0,0.2418890461168791,0.3978834467099185,16.41389955793108,24.3455996685275,0.1706204785798725
transformer,dl,STORE0008,SKU0085,1057.9363403320312,75.56688145228794,14,1368.0,0.2418674837078964,0.2535964655322391,23.633908408028734,28.143146869824434,-0.0086713143956591
transformer,dl,STORE0002,SKU0060,684.1280975341797,48.86629268101284,14,598.0,0.2417292706543785,0.3291816420569753,10.325293132237023,12.45767915230208,0.1728798282585016
transformer,dl,STORE0009,SKU0027,1302.9111557006836,93.06508255004883,14,1920.0,0.2417128205299377,0.3432598829609224,33.14918681553432,39.7293962796637,0.1492750922838847
transformer,dl,STORE0003,SKU0062,242.2612648010254,17.3043760572161,14,199.0,0.2413969375380319,0.2715427869676514,3.4312850407191684,3.890901299964096,0.1684772548963077
transformer,dl,STORE0009,SKU0047,869.0521774291992,62.075155530657085,14,1126.0,0.2410244442006411,0.2822164568249755,19.38525172642299,24.26511154244829,0.0043107298720581
transformer,dl,STORE0005,SKU0018,1334.5599060058594,95.3257075718471,14,1259.0,0.240988866974192,0.4205887575325025,21.67178453717913,26.790719676945063,0.0716242468290806
transformer,dl,STORE0004,SKU0023,1104.6483535766602,78.9034538269043,14,1222.0,0.240956002093376,0.3301615758044921,21.03201675415039,24.721271216087388,0.0688034844281435
transformer,dl,STORE0012,SKU0006,1368.6081848144531,97.75772748674665,14,1388.0,0.2406784959073025,0.3859002737969064,23.861553737095424,33.03478099836432,0.1722699146105851
transformer,dl,STORE0001,SKU0047,1019.7126770019531,72.8366197858538,14,1257.0,0.2405519326148568,0.260201627634164,21.598127092633927,26.37156056451421,0.0175808684258775
transformer,dl,STORE0001,SKU0070,1600.8901748657227,114.34929820469448,14,1701.0,0.2403887973540955,0.9155776029439948,29.2072388785226,42.65425767412124,-0.0244131519961259
transformer,dl,STORE0010,SKU0005,1037.8128509521484,74.12948935372489,14,1302.0,0.2401844499297955,0.3487653229022717,22.337153843470983,25.13326037613716,0.0640233006162394
transformer,dl,STORE0011,SKU0064,1511.1284713745117,107.93774795532227,14,1470.0,0.2400764205828816,0.2764560031998883,25.20802416120257,29.65784996473527,0.0463513847921981
transformer,dl,STORE0008,SKU0038,1290.1337203979492,92.15240859985352,14,1628.0,0.2399285337555906,0.2536427560579219,27.90026092529297,33.706432285790406,-0.0194575054346782
transformer,dl,STORE0012,SKU0065,792.6444091796875,56.617457798549104,14,842.0,0.2397406435352606,3.941569718873823,14.41868727547782,20.38226621110029,0.1722126822573555
transformer,dl,STORE0008,SKU0064,1506.0070571899414,107.57193265642438,14,1430.0,0.2395119887131911,0.2678089888693276,24.46443884713309,28.577201371836285,0.0763184180626502
transformer,dl,STORE0008,SKU0022,1501.2528533935547,107.2323466709682,14,1449.0,0.2394206203042103,0.3111664894353702,24.78003420148577,29.52584939596588,0.0682706813140932
transformer,dl,STORE0006,SKU0054,1224.4431228637695,87.46022306169782,14,1880.0,0.2392382398564765,0.2530099681450089,32.126277923583984,39.5290605130259,-0.1756797587617914
transformer,dl,STORE0009,SKU0018,1194.5184020996094,85.32274300711495,14,1416.0,0.2392181083980926,0.24266101655606,24.1952029636928,27.097483097544732,-0.1224527897807837
transformer,dl,STORE0005,SKU0071,523.1440277099609,37.3674305507115,14,460.0,0.2390295526255732,0.4305840722319263,7.853828157697405,10.273010528405845,0.113665016837742
transformer,dl,STORE0007,SKU0047,742.139347076416,53.009953362601145,14,1027.0,0.2390019120585024,0.310579124413989,17.53249740600586,21.109839646158264,-0.1084924120285494
transformer,dl,STORE0004,SKU0090,335.0691719055176,23.93351227896554,14,284.0,0.2389076326934384,0.295344795008868,4.846411977495466,6.538643565720267,0.1891011184370014
transformer,dl,STORE0006,SKU0077,857.6322288513184,61.25944491795131,14,1121.0,0.2387352193922575,0.2739227313592982,19.11587006705148,25.171950253879835,-0.0220734751937008
transformer,dl,STORE0006,SKU0008,423.6746425628662,30.26247446877616,14,381.0,0.2386980332101737,0.4194232010857621,6.495996475219727,8.274519322245451,0.0910700500167886
transformer,dl,STORE0004,SKU0056,383.9804573059082,27.427175521850586,14,437.0,0.2383350485795149,0.3237419301849758,7.439458302089146,8.249439969527991,0.006491654524814
transformer,dl,STORE0004,SKU0063,808.4027786254883,57.743055616106304,14,970.0,0.2382653934439433,0.2512988466622804,16.508387974330358,21.67474661464452,0.1181653917450265
transformer,dl,STORE0004,SKU0045,1020.5186157226562,72.89418683733258,14,1259.0,0.2381659788778607,0.3138464872626119,21.41792624337333,25.10893481044584,0.1694919989163957
transformer,dl,STORE0013,SKU0014,467.6662063598633,33.40472902570452,14,483.0,0.2380393089468188,0.2915682793934992,8.212356158665248,9.389940696026729,-0.0317650433652889
transformer,dl,STORE0010,SKU0061,1304.3040466308594,93.1645747593471,14,1199.0,0.2375622416059607,0.2847063408741141,20.345509120396205,23.31272071142945,0.0971549370569224
transformer,dl,STORE0006,SKU0092,1504.707130432129,107.47908074515206,14,1299.0,0.2374104418325094,0.1838944407637044,22.028297424316406,34.056901189372866,0.1558586161718449
transformer,dl,STORE0004,SKU0081,1116.6268997192383,79.75906426565987,14,1199.0,0.2373022186050224,0.288504736624725,20.32324000767299,23.579111874675245,-0.0194669060154295
transformer,dl,STORE0003,SKU0024,681.0969161987305,48.649779728480745,14,659.0,0.2373019784281937,0.2811777678672645,11.170143127441406,13.274143965404036,0.1117080202232905
transformer,dl,STORE0009,SKU0017,1386.8873443603516,99.06338174002511,14,1593.0,0.2372998359138982,0.240919058148545,27.001331329345703,32.9783446422912,-0.0459956560057061
transformer,dl,STORE0003,SKU0071,390.7092037200928,27.907800265720912,14,347.0,0.2372469448562314,0.2744977561098033,5.8803349903651645,6.551135504925552,0.0828951580036614
transformer,dl,STORE0012,SKU0078,417.8907928466797,29.849342346191406,14,414.0,0.2369369423907736,0.2686218519391743,7.006563867841448,7.9935757262784,0.0240770376822799
transformer,dl,STORE0012,SKU0027,1342.2331314086914,95.87379510062081,14,2358.0,0.2368641724719952,0.2289359321326639,39.89469419206892,54.82337229687233,-0.1055710026528291
transformer,dl,STORE0009,SKU0006,1392.0072631835938,99.42909022739956,14,1664.0,0.2366322829173161,0.4731503078367404,28.12543705531529,38.50385909605812,0.0251426513378436
transformer,dl,STORE0010,SKU0032,854.781135559082,61.05579539707729,14,1108.0,0.2365024477135834,0.2656680727836256,18.71747943333217,19.639628699012217,0.0013795191630559
transformer,dl,STORE0005,SKU0081,1090.6189880371094,77.90135628836495,14,1122.0,0.2364554991696607,0.2614644430472509,18.950219290597097,26.55927026467125,0.0057914040305397
transformer,dl,STORE0005,SKU0095,514.5177421569824,36.75126729692732,14,571.0,0.236270076130401,0.2116720015269326,9.6364438193185,13.80548267472835,-0.1761402257060837
transformer,dl,STORE0006,SKU0030,675.6389122009277,48.259922300066265,14,772.0,0.2362355148236368,0.2611929514869251,13.026701245989118,16.227754130735836,0.0591273925465005
transformer,dl,STORE0012,SKU0030,602.6585922241211,43.04704230172293,14,750.0,0.2359172821044922,0.2508168735089445,12.638425827026367,17.016389772564818,-0.077255630493164
transformer,dl,STORE0010,SKU0077,722.5351371765137,51.60965265546526,14,817.0,0.2358866193157368,0.3052771032476058,13.76566914149693,17.763388727697336,0.0788623431613133
transformer,dl,STORE0003,SKU0091,226.58628845214844,16.184734889439174,14,230.0,0.2358189541360606,1.1698761286976358,3.8741685322352817,5.205199687268306,0.0913142079892365
transformer,dl,STORE0007,SKU0026,976.5750122070312,69.75535801478794,14,1113.0,0.2357273633053789,0.3242720144855478,18.740325382777623,25.808946403168967,0.1149625478300658
transformer,dl,STORE0002,SKU0030,527.3139381408691,37.66528129577637,14,632.0,0.2354741036137447,0.2440593573560794,10.62997382027762,12.733722926564976,-0.0581955366496798
transformer,dl,STORE0002,SKU0003,277.22666931152344,19.801904950823104,14,250.0,0.2354461822509765,0.3074529383983205,4.204396111624582,4.8982277587582495,0.1239449310302734
transformer,dl,STORE0002,SKU0037,962.560661315918,68.754332951137,14,1200.0,0.2353283500671386,0.2515838346581238,20.17100143432617,25.406784624017387,0.0263223075866699
transformer,dl,STORE0007,SKU0068,429.67419242858887,30.691013744899205,14,518.0,0.2352408110865294,0.2763104438476658,8.703910010201591,9.948162502242267,-0.0967363482736712
transformer,dl,STORE0008,SKU0048,958.1901741027832,68.44215529305595,14,1241.0,0.2351784471731623,0.2874693584179829,20.84688949584961,25.127851957545925,0.018640934700547
transformer,dl,STORE0007,SKU0044,827.5834655761719,59.11310468401228,14,1071.0,0.2350681921124569,0.3152236251636444,17.982716696602957,22.902396592501876,-0.0319128882428622
transformer,dl,STORE0007,SKU0076,359.2600955963135,25.66143539973668,14,358.0,0.2348400254489323,0.2800574304569228,6.005194936479841,7.189940539578192,-0.013941967287543
transformer,dl,STORE0003,SKU0056,274.2064323425293,19.58617373875209,14,301.0,0.2344615340628893,0.2566086653230599,5.040922982352121,5.597164839034141,0.0404604788238424
transformer,dl,STORE0013,SKU0080,627.8182220458984,44.84415871756418,14,743.0,0.2343372483593618,0.2398669492800661,12.436612537928989,15.120902768313185,-0.1154685604459985
transformer,dl,STORE0005,SKU0056,381.8581771850586,27.275584084647043,14,455.0,0.2340973613026377,0.325244360388521,7.608164242335728,9.967107411567392,-0.0269049717829777
transformer,dl,STORE0009,SKU0075,482.444278717041,34.460305622645784,14,458.0,0.2340201498639635,0.2958431546438257,7.655802045549665,9.094219493677862,0.0505974615505168
transformer,dl,STORE0010,SKU0011,313.17187881469727,22.36941991533552,14,330.0,0.2338627439556699,0.2772465675057035,5.512478964669364,7.066088869593783,0.0647281068744081
transformer,dl,STORE0011,SKU0077,880.6110572814941,62.90078980582101,14,1037.0,0.2337147888360166,0.2742414894467877,17.311588287353516,23.480499607372725,-0.0010842053846545
transformer,dl,STORE0011,SKU0086,163.30929565429688,11.664949689592634,14,173.0,0.2336300976703621,0.2883753403448757,2.887000492640904,3.553137518999028,0.1354202976116555
transformer,dl,STORE0012,SKU0036,544.975944519043,38.92685317993164,14,655.0,0.2336188163466126,0.2682451685191583,10.930023193359377,14.063370577560235,0.0975120020276717
transformer,dl,STORE0002,SKU0005,858.3763046264648,61.312593187604634,14,982.0,0.2332961981748126,0.4321911503523347,16.364061900547572,20.91408494468296,0.1411672114354772
transformer,dl,STORE0001,SKU0023,1111.8964309692383,79.42117364065987,14,1189.0,0.2332072534713552,0.3610940498804947,19.80595888410296,32.96441680205523,0.1116259537192329
transformer,dl,STORE0012,SKU0101,210.87518310546875,15.062513078962054,14,250.0,0.2330980072021484,0.2339807499043396,4.162464414324079,5.631003549302746,-0.0255841827392578
transformer,dl,STORE0004,SKU0003,360.65672874450684,25.761194910321915,14,392.0,0.2330784700354751,0.2763523454115579,6.526197160993304,7.711860528000706,-0.0767489063496492
transformer,dl,STORE0008,SKU0004,1441.6289520263672,102.97349657331195,14,1489.0,0.2327726221949242,0.2878978094670317,24.7570310320173,28.098460621120257,-0.011837776752828
transformer,dl,STORE0007,SKU0008,292.50383377075195,20.893130983625138,14,282.0,0.2324977631264545,0.4872103833523739,4.683169228690012,6.5331808654673225,0.060306873727352
transformer,dl,STORE0002,SKU0093,848.0939483642578,60.57813916887556,14,797.0,0.2322929602494951,0.3905985358450755,13.22410637991769,17.482006075845014,0.0629129828593064
transformer,dl,STORE0010,SKU0052,785.4667816162109,56.104770115443635,14,721.0,0.2315491611517748,0.3643958566303115,11.924781799316406,15.9649027250782,0.0687400828452778
transformer,dl,STORE0013,SKU0024,480.09543800354004,34.292531285967144,14,496.0,0.2314541224510439,0.2524516797828709,8.200088909694127,10.08029272855648,-0.0373170952643117
transformer,dl,STORE0003,SKU0089,508.91196060180664,36.35085432870047,14,533.0,0.2311734025965935,0.2572374311723848,8.801101684570312,10.885029084666677,-0.0583112047492451
transformer,dl,STORE0012,SKU0064,1277.858772277832,91.27562659127372,14,1122.0,0.2311328269156117,0.6695954564619829,18.5236451285226,31.14698923338591,0.1452725728352864
transformer,dl,STORE0006,SKU0018,1370.637092590332,97.902649470738,14,1342.0,0.2310437459704062,0.2931893534208365,22.14719336373465,28.901470752080613,0.0865542245515234
transformer,dl,STORE0004,SKU0046,1276.5424575805664,91.1816041128976,14,1925.0,0.2309278810179078,0.2900106018856662,31.75258363996233,35.903237018294256,-0.0791472873440036
transformer,dl,STORE0002,SKU0069,901.8626022338867,64.41875730242047,14,1055.0,0.2308684724202088,0.2195248296585735,17.39758845738002,28.11282183908402,0.13670250770605
transformer,dl,STORE0002,SKU0059,308.5135841369629,22.036684581211635,14,273.0,0.2303664099165808,0.8277007630617323,4.4921449933733255,6.438465194558564,0.1316783751323546
transformer,dl,STORE0010,SKU0051,1015.3254547119141,72.52324676513672,14,907.0,0.230264287273571,0.4416907761159656,14.917836325509208,19.868434118720632,0.1434890175076014
transformer,dl,STORE0002,SKU0041,814.0831031799316,58.14879308428083,14,1295.0,0.2298588933171452,0.2781667623183904,21.261947631835938,24.119731706642828,-0.0224055345454271
transformer,dl,STORE0010,SKU0050,281.21786880493164,20.08699062892369,14,236.0,0.2297830581665039,0.2470871824152532,3.873485837663923,4.157743057397253,0.137242317199707
transformer,dl,STORE0002,SKU0073,114.27044677734375,8.162174769810267,14,114.0,0.2295219019839638,0.2306659629534993,1.8689640590122767,2.593257098183464,0.0169280872010347
transformer,dl,STORE0005,SKU0063,836.9273452758789,59.780524662562776,14,922.0,0.2293681932892044,2.09638256821039,15.105533872331891,20.53517312869714,0.1409412516430505
transformer,dl,STORE0002,SKU0004,1064.9579620361328,76.06842585972377,14,1160.0,0.2292644369191137,0.2306654697678449,18.99619620186942,23.69030909330095,-0.0925213649355132
transformer,dl,STORE0009,SKU0060,791.1676368713379,56.51197406223842,14,817.0,0.2290748680236144,0.25547091247136,13.368154798235212,15.236925128686783,-0.0220783098237167
transformer,dl,STORE0007,SKU0035,1635.2114334106445,116.8008166721889,14,2441.0,0.2283731762965357,0.2172207753014121,39.81849452427456,49.13478873635736,-0.1618218021478774
transformer,dl,STORE0012,SKU0026,1144.739028930664,81.76707349504743,14,1485.0,0.2283355610137836,0.3308436885372033,24.219879150390625,29.347341344632536,-0.0503285931417034
transformer,dl,STORE0001,SKU0039,285.0665817260742,20.36189869471959,14,303.0,0.2277763857699856,0.2733265000877738,4.929731777736119,5.8075574679861495,0.1225182624539919
transformer,dl,STORE0013,SKU0009,469.3504638671875,33.525033133370535,14,401.0,0.2275475147656371,0.258735770090221,6.517610958644322,8.063752622539553,0.1705551099896134
transformer,dl,STORE0010,SKU0045,819.3490333557129,58.52493095397949,14,1099.0,0.227405752888368,0.3136414425542769,17.851351601736887,27.05105141755272,0.1817735597369235
transformer,dl,STORE0003,SKU0087,364.5494804382324,26.039248602730886,14,310.0,0.2272973460535849,0.4471787281192964,5.033012662615095,6.969578538338104,0.1755845223703692
transformer,dl,STORE0001,SKU0054,1328.252685546875,94.87519182477679,14,1489.0,0.2272242180367617,0.2586226432005075,24.16691861833845,31.972562667872896,0.1054890660170022
transformer,dl,STORE0012,SKU0050,277.47520446777344,19.819657461983816,14,260.0,0.2269782139704777,0.2491605255666234,4.215309688023159,5.467171677896879,0.0283036158635065
transformer,dl,STORE0009,SKU0064,1314.5607070922852,93.89719336373466,14,1341.0,0.2268319581534594,0.308492991474749,21.72726113455636,25.49917232932968,-0.015421868081772
transformer,dl,STORE0003,SKU0025,343.2760009765625,24.51971435546875,14,350.0,0.2267502267020089,0.2516974110336792,5.668755667550223,6.932647014226222,0.2163848005022321
transformer,dl,STORE0002,SKU0002,758.213809967041,54.158129283360076,14,862.0,0.2266781003735181,0.2186788167655382,13.95689446585519,16.459278350562247,-0.1303825820958254
transformer,dl,STORE0005,SKU0043,720.4235496520996,51.45882497514997,14,925.0,0.2266532980429159,0.2653441824843831,14.975307192121234,18.33155117758425,0.0845294973012563
transformer,dl,STORE0012,SKU0004,1262.4932174682617,90.1780869620187,14,1315.0,0.2261913343074204,0.3192327791938448,21.245828901018417,27.73124883838037,-0.047549020745455
transformer,dl,STORE0012,SKU0010,504.1392707824707,36.00994791303362,14,552.0,0.2259506488191908,0.2376796855269332,8.908911296299525,10.831795980583886,-0.0360914797022722
transformer,dl,STORE0010,SKU0035,2054.4114837646484,146.74367741176061,14,2699.0,0.2258278902215664,0.4304288662443876,43.53639112200055,57.20079530327713,-0.0011254473499299
transformer,dl,STORE0007,SKU0037,984.6142501831055,70.32958929879325,14,1408.0,0.2257980704307556,0.2396151187272543,22.708834511893137,28.98454698783033,-0.1133589907125993
transformer,dl,STORE0005,SKU0058,1412.1959075927734,100.87113625662667,14,1467.0,0.2257286545039036,0.2720567417836504,23.653138296944757,28.391739848403457,-0.0027838292866234
transformer,dl,STORE0003,SKU0061,1095.8233261108398,78.27309472220284,14,1121.0,0.2256972000707376,0.2217517757170937,18.07189723423549,24.36396943966162,-0.0203187178544547
transformer,dl,STORE0005,SKU0002,1028.3343658447266,73.45245470319476,14,1008.0,0.2255642451937236,0.2644799410494984,16.240625653948104,19.36213600299025,0.0324418355548192
transformer,dl,STORE0013,SKU0090,192.12909317016602,13.723506655011859,14,173.0,0.2254588176749345,0.251079312881069,2.786026818411691,3.116715337089881,0.0784225243364455
transformer,dl,STORE0006,SKU0007,495.0362434387207,35.359731674194336,14,453.0,0.2252561682896898,0.3389560933017609,7.288646016802106,8.899446823896147,0.0594953701196127
transformer,dl,STORE0007,SKU0073,113.29478454589844,8.092484610421318,14,119.0,0.2252199830127363,0.2275737593796765,1.914369855608259,2.2688085419070942,-0.072764356597131
transformer,dl,STORE0008,SKU0042,278.8333168029785,19.916665485927037,14,281.0,0.2250249326441211,0.2712310350628218,4.516571862357004,5.82326156425431,0.1521027453005101
transformer,dl,STORE0008,SKU0072,613.7584533691406,43.83988952636719,14,583.0,0.2249045920003953,0.2893475865770097,9.365669795445031,11.531188201966884,0.0381151595205631
transformer,dl,STORE0001,SKU0029,516.4705772399902,36.89075551714216,14,595.0,0.2247689703933331,0.2820786146168653,9.55268124171666,11.633657530025657,0.0730913242372144
transformer,dl,STORE0004,SKU0033,1212.8310012817383,86.63078580583844,14,1635.0,0.2243141477625669,0.2627257462728543,26.196687970842635,33.34656836847729,0.1550819886933773
transformer,dl,STORE0008,SKU0016,416.7428607940674,29.767347199576243,14,488.0,0.2239243515202256,0.2383495559668922,7.805363110133579,10.156753271141556,-0.0122009847984939
transformer,dl,STORE0003,SKU0003,285.37981033325195,20.384272166660853,14,272.0,0.2236625166500316,0.3973832578899462,4.345443180629186,5.859930378046216,0.0196964880999396
transformer,dl,STORE0009,SKU0074,774.1331901550293,55.29522786821638,14,1042.0,0.2235173208928611,0.2240619655919347,16.63607488359724,27.30266830064629,-0.0195395713117895
transformer,dl,STORE0007,SKU0063,589.5122680664062,42.108019147600444,14,671.0,0.223480446327994,0.2600185370556168,10.711098534720284,13.019387351136054,0.0462611862159876
transformer,dl,STORE0009,SKU0020,664.9299240112305,47.494994572230745,14,639.0,0.2233871197290077,0.4125652206448837,10.196026393345424,13.111272411653092,0.0559904549230059
transformer,dl,STORE0004,SKU0038,1337.470947265625,95.53363909040179,14,1901.0,0.223127121300775,0.282650074687662,30.29747554234096,38.34296968509335,-0.0815346691245972
transformer,dl,STORE0006,SKU0029,482.08262634277344,34.4344733101981,14,550.0,0.2229083668101917,0.2694032077844191,8.75711441040039,9.803159882038829,0.0697635165127841
transformer,dl,STORE0004,SKU0079,1297.3049011230469,92.66463579450335,14,1285.0,0.2224522097101471,0.252307296093785,20.41793496268136,25.70050537530794,0.0390651836469479
transformer,dl,STORE0012,SKU0023,971.5071411132812,69.39336722237724,14,986.0,0.221955181377171,0.2251013389645916,15.631986345563616,21.229015300547136,0.1606553021599264
transformer,dl,STORE0007,SKU0003,267.97711181640625,19.141222272600448,14,248.0,0.2213625754079511,0.1389904837864466,3.9212799072265625,6.666174667501806,0.0909581030568769
transformer,dl,STORE0010,SKU0038,1114.6362380981445,79.61687414986747,14,1464.0,0.2208060645014861,0.3657985448545799,23.09000560215541,29.92931267102778,-0.0216084412538289
transformer,dl,STORE0013,SKU0089,376.0271854400635,26.859084674290248,14,390.0,0.2206881303053635,0.2188857916548789,6.147740772792271,6.929495472510259,-0.0255062885773487
transformer,dl,STORE0008,SKU0005,1177.1308975219727,84.08077839442662,14,1579.0,0.2206465592483994,0.289235895422101,24.885779789515905,31.28533628507504,0.0061124882568204
transformer,dl,STORE0012,SKU0035,1886.6014556884766,134.7572468348912,14,2425.0,0.2202699704514336,0.2379792348916863,38.1539055960519,45.192541303577975,0.0924324774987918
transformer,dl,STORE0009,SKU0061,1376.3870162963867,98.31335830688477,14,1390.0,0.220242627919149,0.326642915674099,21.866946629115517,29.11151667613936,-0.0009073380943682
transformer,dl,STORE0003,SKU0014,657.5985641479492,46.9713260105678,14,723.0,0.2201128282982284,0.2172663384330319,11.367255347115654,15.630725846249048,-0.0561506289829027
transformer,dl,STORE0009,SKU0013,1196.434944152832,85.45963886805943,14,1701.0,0.2198937139673698,0.2510021606996998,26.71708624703544,35.91925474238496,-0.0441925524263645
transformer,dl,STORE0011,SKU0101,261.9807891845703,18.712913513183594,14,290.0,0.2192417013234105,0.2563207715482812,4.541435241699219,5.366500975704104,0.0499081973371834
transformer,dl,STORE0006,SKU0047,1038.195297241211,74.15680694580078,14,1285.0,0.2191665649414062,0.2493556051038414,20.11635971069336,26.3068573554661,-0.0099318626789731
transformer,dl,STORE0006,SKU0070,1609.725685119629,114.98040607997349,14,1667.0,0.2191631452151952,0.2734162314179879,26.096068790980745,32.25645328949561,-0.0133992992051003
transformer,dl,STORE0011,SKU0071,548.2850875854492,39.1632205418178,14,524.0,0.2191376649696408,0.2573347325362008,8.202009746006556,9.657223821585482,0.0199390367697213
transformer,dl,STORE0008,SKU0066,509.00958251953125,36.35782732282366,14,465.0,0.2191027077295446,0.246996691671376,7.277339935302734,8.957773960249089,0.1728072299752184
transformer,dl,STORE0011,SKU0036,620.5665588378906,44.32618277413504,14,745.0,0.2190659388599779,0.3196896574631103,11.657437460763116,16.442410211192595,0.1728822132084993
transformer,dl,STORE0012,SKU0034,1591.619857788086,113.68713269914899,14,2784.0,0.2188998200427526,0.1960615176799895,43.52979278564453,68.13577178057002,-0.1506055799023858
transformer,dl,STORE0011,SKU0034,1990.620101928711,142.18715013776506,14,2864.0,0.2187018207997583,0.3273881042392657,44.74014391217913,56.798802957221945,0.1289790862099418
transformer,dl,STORE0009,SKU0035,2004.27099609375,143.16221400669642,14,2812.0,0.2182456948509596,0.2429756100285198,43.8362067086356,50.74749460240037,0.0012233457388952
transformer,dl,STORE0010,SKU0070,1363.6379013061523,97.40270723615374,14,1503.0,0.2175957482414728,0.2466074754946478,23.36045782906669,27.30091020237049,-0.0781573906630099
transformer,dl,STORE0005,SKU0102,1540.975341796875,110.06966727120536,14,2057.0,0.2174970768699961,0.2365396727411504,31.95653479439872,38.723948052004665,-0.0500600552408221
transformer,dl,STORE0010,SKU0018,1135.3287887573242,81.09491348266602,14,1117.0,0.2169649129268198,0.2591715866666215,17.31070055280413,22.52907145764561,0.0485008465144499
transformer,dl,STORE0001,SKU0012,701.9283065795898,50.13773618425642,14,998.0,0.2168557543553905,0.2841541957676373,15.458717346191408,22.771437553938792,0.0364078835160555
transformer,dl,STORE0009,SKU0055,206.0963897705078,14.721170697893415,14,175.0,0.2166312299455915,0.3818432428579492,2.707890374319894,3.920988143898452,0.1831513541085379
transformer,dl,STORE0012,SKU0007,414.1887512207031,29.584910801478795,14,380.0,0.2159938962836014,0.2467896025162825,5.862691470554897,7.779052429361121,0.0805418566653603
transformer,dl,STORE0004,SKU0049,813.825740814209,58.130410058157786,14,781.0,0.2159611925425511,0.2221258394387313,12.047549383980888,14.942136938826216,-0.0063273812072988
transformer,dl,STORE0003,SKU0037,1002.4065551757812,71.60046822684151,14,1223.0,0.2158764131909399,0.2680079784505652,18.858346666608536,22.744228961133707,0.0565469824478261
transformer,dl,STORE0005,SKU0068,619.1921348571777,44.22800963265555,14,689.0,0.2157669012017104,0.2134252159796238,10.618813923427036,12.41821106595197,-0.0078909144519202
transformer,dl,STORE0002,SKU0033,960.1936378479004,68.5852598462786,14,1228.0,0.2157060082649951,0.2401721093890138,18.92049843924386,22.142867863094786,0.0344559858986919
transformer,dl,STORE0003,SKU0082,610.3862800598145,43.59902000427246,14,612.0,0.2156370512021133,0.3020880987161156,9.42641966683524,11.452782043488051,0.0133130129645852
transformer,dl,STORE0001,SKU0060,947.8047180175781,67.70033700125558,14,927.0,0.2147506746787983,0.2785921665808004,14.219562530517578,17.446906344229767,0.0178294999699762
transformer,dl,STORE0009,SKU0066,434.40293312072754,31.028780937194824,14,434.0,0.2146873386224843,0.2406501370568696,6.655307497297014,8.03162621186409,0.0474581125145134
transformer,dl,STORE0007,SKU0072,431.30689430236816,30.80763530731201,14,375.0,0.2146674753824869,0.263414516588065,5.7500216620309015,7.421911657191566,0.1033617604573567
transformer,dl,STORE0003,SKU0006,1168.7181930541992,83.47987093244281,14,1310.0,0.2143874947351353,0.2409751996922944,20.06054415021624,24.25160697675117,0.0754396103720628
transformer,dl,STORE0005,SKU0012,714.8907432556152,51.06362451825823,14,1056.0,0.2138987454501065,0.269323276803499,16.134076799665177,21.968081658391032,-0.0745856617436264
transformer,dl,STORE0003,SKU0023,832.3019523620605,59.45013945443289,14,943.0,0.2137420144591832,0.2965953613234857,14.397051402500695,17.669702763153666,0.0097433314722896
transformer,dl,STORE0003,SKU0013,977.9929428100586,69.85663877214704,14,1042.0,0.2136022490869328,0.2400648754952775,15.898110253470284,22.88317330639781,0.196582094950319
transformer,dl,STORE0002,SKU0046,915.9149971008301,65.42249979291644,14,1470.0,0.2132729614673017,0.2112005886969746,22.39366095406669,28.14314810805067,-0.1484271250614503
transformer,dl,STORE0004,SKU0060,943.0324020385742,67.35945728846959,14,841.0,0.2123189012162325,0.2642043579198297,12.754299708775113,17.580534831259584,0.1104696502866983
transformer,dl,STORE0006,SKU0035,2484.3534545898438,177.45381818498885,14,3647.0,0.2121241124715091,0.2113591492653908,55.258331298828125,75.23728849048122,-0.0773766875626585
transformer,dl,STORE0008,SKU0080,1255.8948211669922,89.70677294049945,14,1359.0,0.2115894511309154,1.12320786253149,20.539290291922438,28.95005647401602,0.0444723077343175
transformer,dl,STORE0005,SKU0094,996.1827163696289,71.15590831211635,14,1048.0,0.211501358119586,0.2570823322332969,15.832387379237584,21.43062468637767,-0.0607940986866259
transformer,dl,STORE0003,SKU0052,677.7912979125977,48.413664136614116,14,632.0,0.2113960362687895,0.2340888205442636,9.543021065848214,11.637589689071392,0.0163726323767553
transformer,dl,STORE0012,SKU0094,817.1024703979492,58.364462171282085,14,813.0,0.211364671019757,0.2554256857485018,12.27424839564732,14.422047613125876,-0.0076101849733096
transformer,dl,STORE0004,SKU0047,1036.178337097168,74.01273836408343,14,1200.0,0.2113131968180338,0.3218720330029007,18.112559727260045,26.29767374489719,0.0702122116088867
transformer,dl,STORE0012,SKU0084,361.5561332702637,25.82543809073312,14,351.0,0.2112571846725594,0.2581417744299904,5.296519415719168,6.302987689175955,0.0122741525329415
transformer,dl,STORE0010,SKU0014,768.6935653686523,54.90668324061802,14,807.0,0.2111307638137609,0.2541132847474976,12.170180456978937,16.5980101738835,-0.0498459495724059
transformer,dl,STORE0010,SKU0073,139.22520446777344,9.944657461983818,14,138.0,0.2111098248025645,0.2429146775131234,2.080939701625279,2.5221879178459323,0.0159056843190953
transformer,dl,STORE0001,SKU0030,682.086669921875,48.72047642299107,14,738.0,0.2109496625781382,0.2283007732065746,11.120060784476143,12.48540040308174,0.1477319309058874
transformer,dl,STORE0005,SKU0072,587.0624656677246,41.93303326198033,14,626.0,0.2109365798413943,0.2079203510394993,9.43187849862235,11.940275258159373,-0.0994988645608432
transformer,dl,STORE0007,SKU0001,1100.9858093261719,78.641843523298,14,1190.0,0.2106915578120896,0.4631762551027157,17.908782414027623,22.92665126780061,0.0341230825215828
transformer,dl,STORE0011,SKU0003,374.34765625,26.739118303571427,14,339.0,0.2106548185545434,0.2805614247550917,5.100855963570731,6.9818104029636565,0.1190356364292381
transformer,dl,STORE0003,SKU0053,402.93524742126465,28.781089101518905,14,403.0,0.2105837791196761,0.2482019643101333,6.061804498944964,7.432125834197568,-0.0205632013363518
transformer,dl,STORE0010,SKU0004,1246.0386581420898,89.00276129586356,14,1388.0,0.2102790964439898,0.2535505268520137,20.84767041887556,25.028672317805025,-0.0370781428532229
transformer,dl,STORE0012,SKU0095,424.4254665374756,30.31610475267683,14,442.0,0.2101136419028718,0.1945747906608827,6.633587837219238,9.144761486294213,-0.0953284863433147
transformer,dl,STORE0002,SKU0014,669.7094841003418,47.83639172145298,14,713.0,0.2100723180998257,0.2121864544263547,10.698683057512556,13.450797294020337,-0.052219877737936
transformer,dl,STORE0013,SKU0097,554.4108123779297,39.60077231270926,14,535.0,0.2098312164021429,0.2311647044830911,8.018550055367607,9.281214549975466,0.0198808687869633
transformer,dl,STORE0006,SKU0073,176.45855712890625,12.604182652064733,14,173.0,0.209558277460881,0.2250820842869383,2.589541571480887,2.934219441677813,0.0217470158042246
transformer,dl,STORE0004,SKU0031,758.7947158813477,54.1996225629534,14,1139.0,0.2093702120358113,0.4225757582810445,17.03376225062779,21.49335482700169,-0.0215888153156551
transformer,dl,STORE0013,SKU0065,481.2101802825928,34.372155734470915,14,548.0,0.2092586016132883,0.2308089869212999,8.190979548863002,10.620537676461714,-0.0378436137289896
transformer,dl,STORE0001,SKU0097,1083.6741180419922,77.40529414585659,14,1117.0,0.2092520526827929,0.2131970408421503,16.69532448904855,19.861607823290264,-0.0505750446097596
transformer,dl,STORE0002,SKU0020,582.3419876098633,41.59585625784738,14,645.0,0.2087970053502755,0.1940970576493218,9.619576317923409,12.01254245375102,-0.1354370649470839
transformer,dl,STORE0012,SKU0086,124.30303573608398,8.878788266863141,14,129.0,0.2087437237880026,0.2556310184227398,1.923424312046596,2.5823805796470616,0.1361927949180899
transformer,dl,STORE0011,SKU0047,1009.5849075317383,72.11320768083844,14,1260.0,0.2086591145348927,0.2324443683750143,18.779320308140345,22.26384836933363,-0.0077512165856739
transformer,dl,STORE0003,SKU0064,1081.3438873291016,77.23884909493583,14,987.0,0.2081458682105654,0.2775927650312126,14.674283708844866,18.06286680963226,0.0985577398762031
transformer,dl,STORE0008,SKU0098,631.3867301940918,45.099052156720845,14,692.0,0.2080385505808571,0.23853043607835,10.283048357282366,12.21551078367114,-0.0454718859898561
transformer,dl,STORE0001,SKU0094,919.3863792419434,65.67045566013881,14,1084.0,0.2078828776454573,0.1851379591292931,16.09607424054827,22.80317592201189,-0.1771837002236904
transformer,dl,STORE0008,SKU0084,435.6670913696289,31.119077954973495,14,433.0,0.2069236103436688,0.2345297356697004,6.3998516627720425,8.032677690720524,0.0109496788394919
transformer,dl,STORE0006,SKU0075,575.5817031860352,41.11297879900251,14,592.0,0.2068149076925741,0.2414787217041712,8.745316096714564,9.993303260310627,-0.0238196012136098
transformer,dl,STORE0012,SKU0025,387.444881439209,27.674634388514928,14,456.0,0.206450060794228,0.212710298026628,6.724373408726284,7.581457648851412,0.0216829902247378
transformer,dl,STORE0006,SKU0040,354.6453800201416,25.331812858581543,14,537.0,0.2064373435476861,0.2723966581509186,7.918346677507673,10.978308648705774,-0.0371184748644269
transformer,dl,STORE0003,SKU0068,428.8108253479004,30.62934466770717,14,530.0,0.2063096604257259,0.2118507251186486,7.81029428754534,10.099247903569903,-0.1376879854022332
transformer,dl,STORE0012,SKU0089,576.552360534668,41.182311466761995,14,590.0,0.2061308456679522,0.2039743731892775,8.686942781720845,11.914074412047084,-0.0166204484842591
transformer,dl,STORE0010,SKU0001,1375.341423034668,98.23867307390485,14,1348.0,0.2060029570355967,0.2336046646965619,19.83514186314174,25.813046187228,0.1004337344749745
transformer,dl,STORE0013,SKU0034,927.2390480041504,66.23136057172503,14,1377.0,0.2059544415775207,0.224946746693116,20.257090432303293,24.95971144911908,0.0812888827632109
transformer,dl,STORE0001,SKU0076,509.4676094055176,36.390543528965544,14,455.0,0.2057694236000815,0.2407292037909802,6.687506267002651,8.554437449900547,0.1054075890844995
transformer,dl,STORE0011,SKU0059,445.2418327331543,31.802988052368164,14,425.0,0.2057421785242417,0.3149710988648239,6.245744705200195,9.18937889118164,0.0211789389217601
transformer,dl,STORE0004,SKU0012,711.5321235656738,50.82372311183384,14,1052.0,0.2051591909430326,0.2336375173375635,15.416247776576451,20.733410797528155,-0.0223875009514986
transformer,dl,STORE0001,SKU0038,1276.187873840332,91.15627670288086,14,1504.0,0.2048885213567855,0.3405493384248937,22.010881151471818,29.358220535038186,0.116671546976617
transformer,dl,STORE0002,SKU0025,353.50263595581055,25.250188282557897,14,396.0,0.2046446655735825,0.2461006758499909,5.788520540509905,7.23464085028494,0.047369436784224
transformer,dl,STORE0010,SKU0102,1283.6693725585938,91.69066946847099,14,1666.0,0.2045119744675214,0.2085949558665248,24.336924961635045,35.30076568430928,0.0291434536461068
transformer,dl,STORE0011,SKU0088,414.12872886657715,29.580623490469797,14,400.0,0.2042453861236572,0.2100756227226033,5.835582460675921,7.933672692554456,0.026986665725708
transformer,dl,STORE0012,SKU0002,896.7500953674316,64.05357824053083,14,1021.0,0.2041765562350789,0.1979559032777416,14.890304565429688,20.421535948878173,-0.1401976717090513
transformer,dl,STORE0009,SKU0033,1173.3521041870117,83.81086458478656,14,1735.0,0.2040225114190269,0.2372863429597355,25.284218379429408,32.03151985272391,-0.0432205727876778
transformer,dl,STORE0012,SKU0038,1078.420036315918,77.03000259399414,14,1419.0,0.2032506188680959,0.251467540021991,20.60090201241629,24.241340520001472,-0.0360754764441288
transformer,dl,STORE0007,SKU0032,699.3291015625,49.952078683035715,14,940.0,0.2030230217791618,0.1790336830046933,13.631545748029437,24.892768565222337,-0.0721440213791867
transformer,dl,STORE0010,SKU0030,579.3871841430664,41.38479886736189,14,637.0,0.2029423556485019,0.2727200043281942,9.233877182006838,11.57006347278656,0.0742566993509768
transformer,dl,STORE0003,SKU0046,931.2144203186035,66.51531573704311,14,1266.0,0.2025086039803792,0.2226751289622795,18.31256375994001,27.944161019232773,0.0009256215268778
transformer,dl,STORE0004,SKU0009,988.218132019043,70.58700942993164,14,911.0,0.2020367100000643,0.2364508618386888,13.146817343575616,16.5157743464093,0.1228032284850739
transformer,dl,STORE0011,SKU0054,1356.3794174194336,96.88424410138812,14,1640.0,0.2020162396314667,0.2316448710129496,23.664759499686102,28.200256230985083,-0.0036616022993878
transformer,dl,STORE0008,SKU0027,1470.3686752319336,105.02633394513812,14,2431.0,0.20179017293311,0.275147962977364,35.03942217145647,44.45140115873618,-0.0375432242389962
transformer,dl,STORE0004,SKU0002,1065.240707397461,76.08862195696149,14,1095.0,0.2017075421058968,0.2083231433540608,15.77641132899693,18.60883535838389,-0.0176586900127532
transformer,dl,STORE0007,SKU0060,710.8959465026855,50.77828189304897,14,758.0,0.2014866730783105,0.244559694864881,10.909064156668526,12.892703265199774,-0.1004726742062531
transformer,dl,STORE0005,SKU0048,922.3599815368652,65.8828558240618,14,1173.0,0.2014144481193887,0.2547465889416014,16.875653403145925,20.423924141195293,0.0458501830430286
transformer,dl,STORE0008,SKU0046,1250.783317565918,89.34166554042271,14,1773.0,0.2013828817626816,0.2607479302993677,25.503703526088177,34.50208629508816,-0.0553177749108811
transformer,dl,STORE0001,SKU0069,1301.7233581542969,92.98023986816406,14,1641.0,0.2013112311679949,2.053078227180726,23.59655216761998,33.087319276965225,-0.022339676154379
transformer,dl,STORE0009,SKU0050,276.657283782959,19.761234555925643,14,233.0,0.2012248059710719,0.2199796140914441,3.348955699375697,4.029111971038722,0.14396128838666
transformer,dl,STORE0006,SKU0067,644.456657409668,46.032618386404856,14,557.0,0.2010743707899988,0.2433309918000685,7.999887466430666,10.026020576345296,0.1378217317043558
transformer,dl,STORE0005,SKU0096,1468.5658340454102,104.89755957467216,14,1530.0,0.2010335336323656,0.2618064134307694,21.970093318394248,26.48823395211341,-0.0415742313160615
transformer,dl,STORE0011,SKU0009,1027.0729217529297,73.3623515537807,14,904.0,0.2009856468808334,0.3631872590687218,12.977930341448102,19.3896398566458,0.1491717448276756
transformer,dl,STORE0005,SKU0014,899.4913368225098,64.24938120160785,14,832.0,0.2007593466685368,0.2341964521023352,11.930841173444476,13.772129714569523,0.1049837424204899
transformer,dl,STORE0004,SKU0024,933.1135902404785,66.65097073146275,14,1022.0,0.2006730940010682,0.2006098316416179,14.649135862077983,16.71539944862171,-0.0811212655382846
transformer,dl,STORE0002,SKU0102,1064.769790649414,76.05498504638672,14,1430.0,0.2006116480260462,0.2646847467746015,20.491046905517575,27.246942570384885,-0.0501546846403108
transformer,dl,STORE0005,SKU0011,349.5187568664551,24.965625490461075,14,366.0,0.2000422972798999,0.2712284300802842,5.229677200317383,6.151576172421748,0.0729511344367689
transformer,dl,STORE0006,SKU0026,1389.2347946166992,99.23105675833565,14,1829.0,0.1990306639423651,0.2326966324611453,26.001934596470424,32.86514672777626,-0.000229457481889
transformer,dl,STORE0004,SKU0078,493.861515045166,35.275822503226145,14,475.0,0.1981750568590666,0.2404698905204947,6.723796572004046,8.632291051915402,0.0559600267912212
transformer,dl,STORE0004,SKU0005,1195.0678024291992,85.36198588779995,14,1558.0,0.1980094811729656,0.2422996032534977,22.03562654767717,25.794261053409745,0.0308341979980468
transformer,dl,STORE0002,SKU0074,648.9556732177734,46.353976658412385,14,857.0,0.1970030251573097,0.2290817454203005,12.059399468558174,14.98853269034322,0.0139291155713859
transformer,dl,STORE0009,SKU0059,358.925594329834,25.637542452130997,14,384.0,0.1966871817906697,0.2152779867038132,5.3948484148298,6.061588813611201,-0.0743164420127868
transformer,dl,STORE0003,SKU0077,602.2854919433594,43.02039228166853,14,729.0,0.196668219337411,0.2320948372472554,10.240795135498049,12.040581233842577,0.0449503517935796
transformer,dl,STORE0008,SKU0087,537.5244522094727,38.39460372924805,14,544.0,0.1959633055855246,0.2145470694900147,7.614574159894671,9.544935019333868,-0.0395123467725865
transformer,dl,STORE0013,SKU0017,833.3648567199707,59.52606119428362,14,772.0,0.1956259080165408,0.8614678878649168,10.787371499197825,16.169287633648054,0.1451836225282343
transformer,dl,STORE0010,SKU0069,1061.3746185302734,75.81247275216239,14,1248.0,0.1955145780856792,0.2917734423967802,17.428728103637695,22.610745012111824,0.023188435114347
transformer,dl,STORE0010,SKU0086,131.5597801208496,9.397127151489258,14,146.0,0.1953799626598619,0.2178620992002508,2.0375338963099887,2.356886639927126,0.0555036884464629
transformer,dl,STORE0009,SKU0080,1105.736099243164,78.98114994594029,14,1224.0,0.1953313116933785,0.2688056571354121,17.077537536621094,24.752992268196305,-0.0225029989005693
transformer,dl,STORE0008,SKU0002,1065.2676696777344,76.09054783412388,14,1009.0,0.1948074628151325,0.2426159735402279,14.040052141462054,17.698682077960843,0.0924734336769852
transformer,dl,STORE0005,SKU0039,283.5338249206543,20.25241606576102,14,295.0,0.1935427972825906,0.2622004715867251,4.078223228454589,5.977758972232141,0.1258181749764135
transformer,dl,STORE0011,SKU0087,534.9383544921875,38.20988246372768,14,463.0,0.1932873818580841,0.273278492022745,6.3922898428780695,8.93094833249804,0.1551350208389579
transformer,dl,STORE0010,SKU0095,451.574520111084,32.255322865077424,14,461.0,0.1931903946684136,0.288986678525947,6.361483710152762,8.730020952690055,-0.0708579024110078
transformer,dl,STORE0009,SKU0091,267.3879165649414,19.099136897495814,14,302.0,0.1926472518617743,0.2356826803165907,4.155676433018276,4.780964102821035,0.0046269625227972
transformer,dl,STORE0003,SKU0033,1029.4885177612305,73.53489412580218,14,1350.0,0.1926253142180266,0.1867513070638392,18.574583871024,26.53465444206141,-0.0276958663375289
transformer,dl,STORE0007,SKU0004,1047.0810317993164,74.79150227137974,14,991.0,0.1925186711531715,0.2662443321174623,13.627571650913785,18.266480539731138,0.0856101597113277
transformer,dl,STORE0002,SKU0052,690.4994163513184,49.32138688223703,14,690.0,0.1920178620711616,0.2077159061606837,9.463737487792969,11.060806691068995,-0.0481105970299762
transformer,dl,STORE0001,SKU0100,1244.0275497436523,88.85911069597516,14,1251.0,0.1918142914867324,0.2287316606888874,17.139977046421595,22.47600228221101,0.0241989696816765
transformer,dl,STORE0010,SKU0081,956.1705741882324,68.29789815630231,14,1047.0,0.1917386678934325,0.1913520681640174,14.339313234601702,17.640344885116296,-0.0772027213343462
transformer,dl,STORE0013,SKU0057,735.493278503418,52.53523417881557,14,648.0,0.1914007575423629,0.221450591474365,8.859120777675084,10.610012904067547,0.125636718891285
transformer,dl,STORE0008,SKU0099,1517.6758651733398,108.40541894095284,14,1683.0,0.1913147063320475,0.2609406864337733,22.998760768345424,28.311700663613014,0.0509001923967385
transformer,dl,STORE0011,SKU0078,493.4517936706543,35.24655669076102,14,447.0,0.1912176998402981,0.2232393561274272,6.105307987758091,7.097608690840787,0.1219263951517058
transformer,dl,STORE0007,SKU0099,1106.3779373168945,79.02699552263532,14,1133.0,0.1909680076121021,0.2501896886970932,15.45476804460798,17.979223249586795,0.1307702396995497
transformer,dl,STORE0005,SKU0021,893.1457977294922,63.79612840924944,14,911.0,0.1906180397477553,0.1992665409236679,12.40378815787179,14.806295003969415,-0.0113915528214723
transformer,dl,STORE0004,SKU0093,1182.765235900879,84.48323113577706,14,1345.0,0.190386690614835,0.1716114507741943,18.290721348353795,24.30971806093032,-0.1192459390065927
transformer,dl,STORE0001,SKU0095,513.4036674499512,36.67169053213937,14,501.0,0.1899161119898874,0.2143611246405919,6.796283721923828,8.153817740972956,-0.0093168155875748
transformer,dl,STORE0004,SKU0055,250.0917091369629,17.863693509783065,14,228.0,0.1897236171521638,0.2392919571835499,3.089784622192383,4.247559992213335,0.0722858863964415
transformer,dl,STORE0011,SKU0068,612.5974044799805,43.756957462855745,14,657.0,0.1897049124382401,0.2098515841950365,8.902580533708843,11.068701917017904,0.0174684393895815
transformer,dl,STORE0011,SKU0046,1302.914939880371,93.06535284859794,14,1787.0,0.1896696170749247,0.2567845982920385,24.20997183663504,31.082831287110377,-0.0134677129146702
transformer,dl,STORE0006,SKU0045,988.7876586914062,70.62768990652901,14,1420.0,0.1885316606978295,0.2107710501403817,19.122497013637,24.340089169245417,0.0206212272106761
transformer,dl,STORE0004,SKU0040,352.49972915649414,25.178552082606725,14,515.0,0.1884178569015947,0.3713380761593257,6.931085450308663,8.438968446440725,0.0351562462964104
transformer,dl,STORE0002,SKU0027,1109.8634872436523,79.27596337454659,14,1812.0,0.1883916118023937,0.219737661913291,24.383257184709823,31.8038851830946,0.0037947143150481
transformer,dl,STORE0002,SKU0055,178.9392852783203,12.781377519880023,14,165.0,0.1883362972375118,0.8568804600840564,2.219677788870676,3.5283400713088544,0.0267251448197798
transformer,dl,STORE0007,SKU0100,945.5315856933594,67.53797040666852,14,955.0,0.1882739920890768,0.2271127965114789,12.842975888933454,18.211753597949222,-0.0050263050338984
transformer,dl,STORE0008,SKU0013,1415.6443939208984,101.1174567086356,14,1894.0,0.1882705245375507,0.2296041819138692,25.47031239100865,37.10604639589847,0.035296362581827
transformer,dl,STORE0010,SKU0016,360.38840675354004,25.74202905382429,14,400.0,0.1869019699096679,0.277471107039498,5.340056283133371,7.0030497480440745,0.022460298538208
transformer,dl,STORE0004,SKU0032,1041.4058074951172,74.38612910679409,14,1320.0,0.1867402857000177,0.2256601272328125,17.60694122314453,21.305910687219946,-0.0151625662138968
transformer,dl,STORE0007,SKU0023,806.001293182373,57.571520941598074,14,1017.0,0.186453636416995,0.1801779223024298,13.544524874006,17.52393160517042,-0.0985684802750218
transformer,dl,STORE0012,SKU0032,902.4177093505859,64.45840781075614,14,1098.0,0.1853999848357098,0.1935647601057628,14.540655953543526,17.436865374206686,-0.0221298579092668
transformer,dl,STORE0009,SKU0078,423.5259780883789,30.25185557774135,14,492.0,0.1852984505940259,0.1745429945062334,6.511916978018625,7.679266150373679,-0.147070679238172
transformer,dl,STORE0011,SKU0005,1215.1796112060547,86.79854365757534,14,1749.0,0.1842042804105136,0.1792488643474389,23.01237760271345,34.404989075351146,-0.1067879198618518
transformer,dl,STORE0008,SKU0041,1182.3733291625977,84.45523779732841,14,1837.0,0.1840052596888076,0.1857254947533697,24.144118717738557,29.76960916596345,-0.0370109653628645
transformer,dl,STORE0003,SKU0010,427.49978256225586,30.535698754446848,14,419.0,0.183737392926273,0.2056782513039252,5.498997688293457,7.208565895064842,0.073821006356105
transformer,dl,STORE0002,SKU0097,803.3703765869141,57.38359832763672,14,727.0,0.1828885767122082,0.2034306599674408,9.497142519269673,11.899139776889925,0.0988904646043108
transformer,dl,STORE0006,SKU0084,439.51719665527344,31.394085475376674,14,437.0,0.1826001784894231,0.1832553759679624,5.699734142848423,7.25089540501332,-0.0115696581877614
transformer,dl,STORE0006,SKU0052,938.7809906005859,67.05578504289899,14,965.0,0.1825629792682865,0.1953646920134082,12.583805356706891,16.667290022781817,-0.0275648245539689
transformer,dl,STORE0004,SKU0062,318.4422149658203,22.745872497558594,14,293.0,0.1825017440847976,0.1979963725912092,3.8195007869175512,4.540746177423318,0.0661877707002919
transformer,dl,STORE0001,SKU0098,631.2520751953125,45.08943394252232,14,731.0,0.1821438832420004,0.1949820065268006,9.51051276070731,12.131136908503048,-0.0629584733829942
transformer,dl,STORE0004,SKU0007,477.90335273742676,34.135953766959055,14,466.0,0.1816210562579109,0.2147665231784978,6.045386586870465,7.416518354773892,0.0209934864944654
transformer,dl,STORE0004,SKU0085,965.9655380249023,68.99753843035016,14,1270.0,0.1810891038789523,0.2177065365651342,16.42736870901925,19.31403160124654,0.0114013491653081
transformer,dl,STORE0003,SKU0100,965.4196662902832,68.95854759216309,14,1105.0,0.1810442583593308,0.1750639697472649,14.28956467764718,16.61703528045177,-0.1286242144140183
transformer,dl,STORE0011,SKU0040,363.340051651001,25.952860832214355,14,548.0,0.1809231138577426,0.200033010713989,7.081847599574499,8.949131254470844,0.0096666029770008
transformer,dl,STORE0007,SKU0025,340.58387184143066,24.327419417245046,14,380.0,0.1807988518162777,0.2116735487865192,4.907397406441825,5.972694538021918,0.041130979437577
transformer,dl,STORE0013,SKU0102,767.1873474121094,54.7990962437221,14,928.0,0.1806949952553058,0.1963689260389763,11.977496828351702,13.722378606052466,0.0230784539518685
transformer,dl,STORE0002,SKU0009,707.364086151123,50.52600615365164,14,721.0,0.1806475127454273,0.257294659916397,9.303346906389509,12.640442820592972,-0.0090732548008679
transformer,dl,STORE0011,SKU0007,495.0465660095215,35.360469000680105,14,501.0,0.1804220271919539,0.2037564482081668,6.4565311159406376,10.688247045246577,-0.0283197909296153
transformer,dl,STORE0012,SKU0048,804.6607780456543,57.47576986040388,14,1115.0,0.1799750118512209,0.2116914463130538,14.33372415815081,19.86402758103197,-0.0667010285929179
transformer,dl,STORE0003,SKU0097,789.7477531433105,56.410553795950754,14,800.0,0.1798298454284668,0.1819935723015854,10.27599116734096,14.045549661377276,-0.0163897800445556
transformer,dl,STORE0004,SKU0057,1361.5307388305664,97.25219563075474,14,1483.0,0.1791912961150855,0.1991606290744647,18.981478009905132,27.30065014983465,-0.0597903148113515
transformer,dl,STORE0007,SKU0081,763.8705291748047,54.56218065534319,14,810.0,0.1785433639714747,0.1792526602235393,10.330008915492469,12.80972000146006,-0.0529777055905189
transformer,dl,STORE0008,SKU0100,1307.407241821289,93.38623155866351,14,1462.0,0.1775656463998776,0.1905238131797601,18.54292678833008,21.400811489675373,-0.0517459926787871
transformer,dl,STORE0001,SKU0008,443.4099540710449,31.67213957650321,14,422.0,0.177073917117729,0.1868996307031929,5.3375137874058325,6.919201608045975,0.039514794733852
transformer,dl,STORE0007,SKU0045,726.9611778259277,51.925798416137695,14,912.0,0.1765049298604329,0.2597362589720986,11.498035430908203,15.259997701875736,0.1390048160887601
transformer,dl,STORE0008,SKU0006,1584.6681442260742,113.19058173043388,14,1939.0,0.176481942407491,0.4891453622424636,24.4427490234375,33.75812103696878,-0.0163091981208097
transformer,dl,STORE0006,SKU0100,1355.4541397094727,96.81815283639091,14,1293.0,0.1746943828585714,0.2032290417867824,16.134274074009486,22.213909525747724,0.0809849195487722
transformer,dl,STORE0001,SKU0056,394.11950492858887,28.15139320918492,14,420.0,0.1745859827314104,0.2017607615111941,5.237579481942312,6.863649539659582,0.0733688218252999
transformer,dl,STORE0009,SKU0087,436.20969581604004,31.157835415431432,14,419.0,0.173961589330705,0.2117361404593269,5.206421852111816,6.296242457281593,0.0267260285152171
transformer,dl,STORE0011,SKU0090,348.9549980163574,24.925357001168386,14,347.0,0.1735793616654893,0.2092970183464168,4.302288464137486,5.703616221318968,-0.0015180241477592
transformer,dl,STORE0007,SKU0011,255.36288833618164,18.24020630972726,14,253.0,0.1732898983559589,0.2066063632218884,3.13159602028983,4.425068393279293,0.1124209000659083
transformer,dl,STORE0008,SKU0020,814.4650688171387,58.17607634408133,14,909.0,0.1728479744184135,0.1721838103943551,11.22277205330985,13.945500112821264,-0.1026434190202467
transformer,dl,STORE0006,SKU0009,934.4773368835449,66.74838120596749,14,920.0,0.1728230393451193,0.2200939921206875,11.356942585536412,16.47020150365528,0.0534692556961722
transformer,dl,STORE0006,SKU0041,1164.1538391113281,83.15384565080915,14,1818.0,0.1725143331899108,0.198449193590041,22.402218409946983,27.123822610421914,0.0036553025114523
transformer,dl,STORE0013,SKU0096,794.4776420593262,56.74840300423758,14,753.0,0.1724389368794353,0.2018467401706358,9.27475139072963,10.767539039374382,0.0038301992226407
transformer,dl,STORE0003,SKU0101,190.99053192138672,13.642180851527623,14,211.0,0.1722389510457549,0.1625123900795897,2.5958870479038785,3.581681321458965,0.0208192617407342
transformer,dl,STORE0005,SKU0051,1185.6116638183594,84.6865474155971,14,1281.0,0.1715878762834059,0.1804355298410231,15.70029067993164,18.78371527356776,-0.0819202872759471
transformer,dl,STORE0010,SKU0028,1315.607078552246,93.97193418230329,14,1787.0,0.1714549734396312,0.1795745449564501,21.885002681187217,28.049856344510363,0.0201047354059374
transformer,dl,STORE0002,SKU0058,1043.058738708496,74.50419562203544,14,1066.0,0.1711114951414641,0.224021247346925,13.028918130057198,19.3915904647848,-0.0182393129502631
transformer,dl,STORE0003,SKU0007,345.724214553833,24.694586753845215,14,352.0,0.1703226674686778,0.1667799623510302,4.282398496355328,5.554038578997703,-0.0082927725531838
transformer,dl,STORE0006,SKU0032,1075.9669876098633,76.85478482927594,14,1432.0,0.1702815593953904,0.1699649360322888,17.417370932442797,21.40090885749854,-0.0403241258759738
transformer,dl,STORE0005,SKU0098,668.702522277832,47.764465876988005,14,711.0,0.1700807509710684,0.1848175271686939,8.637672424316406,12.47068441682872,-0.0374855223922622
transformer,dl,STORE0003,SKU0001,1147.1221237182617,81.9372945513044,14,1181.0,0.1692492414792648,0.1798545593892768,14.27738244192941,16.204159379833552,0.025250059381367
transformer,dl,STORE0004,SKU0034,2005.0599212646484,143.21856580461775,14,3135.0,0.1691183330529804,0.2024922103943955,37.87042672293526,46.76374915695484,0.0335579563365978
transformer,dl,STORE0007,SKU0075,409.2164535522461,29.229746682303293,14,417.0,0.1667911017255531,0.1785484640842636,4.967992101396833,5.489106632050036,-0.0174084258594101
transformer,dl,STORE0002,SKU0048,691.8007011413574,49.41433579581125,14,890.0,0.1665498412057255,0.1939793709938577,10.58781133379255,13.368867077327671,0.0014367478617121
transformer,dl,STORE0012,SKU0015,171.14039993286133,12.224314280918666,14,171.0,0.1664908113535384,0.1842289564356716,2.033566338675363,2.7099524940338244,-0.0189855698256464
transformer,dl,STORE0003,SKU0073,106.14623260498047,7.581873757498605,14,120.0,0.1653819719950358,0.1596394432416537,1.41755975995745,2.0096193300852394,-0.0677678108215332
transformer,dl,STORE0011,SKU0069,1268.902229309082,90.63587352207729,14,1593.0,0.1647965406668088,0.1819187821088273,18.75149209158761,23.693635505546272,0.009220954238882
transformer,dl,STORE0006,SKU0005,1194.1553802490234,85.29681287493024,14,1530.0,0.1642262028712852,0.2338093829377446,17.94757788521903,22.329186099250062,0.0309766732010186
transformer,dl,STORE0005,SKU0091,305.2431449890137,21.80308178492955,14,329.0,0.1636313580452127,0.1495683351791034,3.8453369140625,4.936803687662398,0.0547560717921851
transformer,dl,STORE0005,SKU0007,485.30513763427734,34.66465268816267,14,492.0,0.1633280273375472,0.1996885165294064,5.739813532148089,7.995909141436964,-0.0251302137607481
transformer,dl,STORE0012,SKU0085,864.084716796875,61.7203369140625,14,1133.0,0.1627018180234392,0.1731881957482992,13.16722570146833,18.997989721256925,-0.0126371089063275
transformer,dl,STORE0012,SKU0075,487.2152328491211,34.80108806065151,14,499.0,0.1625973581073279,0.1792138481140141,5.795434406825474,7.546028374015203,-0.0381085581196572
transformer,dl,STORE0006,SKU0013,1357.3550109863281,96.9539293561663,14,1958.0,0.1618081697769866,0.15193918063171,22.63002831595284,29.6138508534987,-0.0573972715664202
transformer,dl,STORE0004,SKU0091,322.3227005004883,23.02305003574916,14,408.0,0.1612191013261383,0.1691164643042859,4.69838523864746,5.854829226274463,-0.1215504384508319
transformer,dl,STORE0005,SKU0062,315.03276443481445,22.50234031677246,14,300.0,0.1606252797444661,0.1898695798508809,3.4419702802385608,5.074891281340934,0.0218476359049479
transformer,dl,STORE0010,SKU0056,338.0865840911865,24.149041720799037,14,374.0,0.1601449640039454,0.1841025266560683,4.278158324105399,5.35742783689845,0.0342040801430768
transformer,dl,STORE0002,SKU0054,931.385082244873,66.52750587463379,14,1097.0,0.158679558780917,0.1911583896455014,12.433676855904716,15.737988713408424,0.0532204202879746
transformer,dl,STORE0007,SKU0002,729.5597496032715,52.111410685947966,14,756.0,0.1578069111657521,0.1768014980525934,8.521573202950615,10.41314754001291,-0.0032966755054615
transformer,dl,STORE0003,SKU0012,522.1618919372559,37.29727799551828,14,762.0,0.157702628708887,0.1542238036296644,8.583528791155134,11.14123881582814,-0.095023317912745
transformer,dl,STORE0012,SKU0061,1292.98779296875,92.35627092633929,14,1301.0,0.1573742068244529,0.1624040976818283,14.624560219900948,18.00460037934821,-0.0085469684996667
transformer,dl,STORE0001,SKU0062,318.9632987976074,22.783092771257675,14,308.0,0.1565663845508129,0.1683475554390915,3.444460460117885,4.292761783788859,0.0280673658692991
transformer,dl,STORE0010,SKU0006,1314.0511627197266,93.86079733712333,14,1503.0,0.1565319881071191,0.6059571895580109,16.804827008928573,28.975635762019227,0.0872371671045929
transformer,dl,STORE0005,SKU0027,1584.0551147460938,113.14679391043526,14,2564.0,0.1547941484614951,0.1840144454255425,28.349442618233816,35.03593461296967,0.0012627719159059
transformer,dl,STORE0012,SKU0098,542.7308044433594,38.76648603166853,14,579.0,0.1535014743837874,0.1528664232025163,6.348382404872349,7.69159751731406,-0.0272618097756604
transformer,dl,STORE0003,SKU0005,874.1469345092773,62.43906675066267,14,1159.0,0.1524848444282854,0.1625565844977457,12.62356676374163,14.440706018007658,-0.0091539634724337
transformer,dl,STORE0009,SKU0052,817.4567489624023,58.38976778302874,14,809.0,0.1513613452133348,0.1576999169226985,8.746523448399135,11.196394506830812,0.0096203788691309
transformer,dl,STORE0004,SKU0097,1117.6142959594727,79.82959256853376,14,1146.0,0.1505017238969786,0.1702875227637484,12.31964111328125,17.00707570977518,-0.0289241664280649
transformer,dl,STORE0011,SKU0004,1413.8221740722656,100.98729814801898,14,1501.0,0.1493956777431582,0.1527287484910558,16.017350878034318,21.028820938662445,-0.0217958789599251
transformer,dl,STORE0005,SKU0064,1484.244873046875,106.01749093191964,14,1440.0,0.149061812294854,0.1822646637852259,15.332072121756417,20.83840342539847,0.041421545876397
transformer,dl,STORE0006,SKU0060,954.4738922119141,68.17670658656529,14,986.0,0.1486876450977751,0.1479053446219217,10.471858433314733,12.826015457273645,-0.0513643493033325
transformer,dl,STORE0010,SKU0090,290.52291107177734,20.751636505126953,14,267.0,0.1486202482873581,0.1596287234886828,2.834400449480329,3.432310927038812,0.0991464250543144
transformer,dl,STORE0012,SKU0044,960.7817726135254,68.62726947239467,14,1271.0,0.1474410146357598,0.1386112244361382,13.385537828717911,17.991353044601265,-0.0790671371832126
transformer,dl,STORE0003,SKU0028,1066.8302917480469,76.20216369628906,14,1445.0,0.1452425630034872,0.1460669082037198,14.991107395717076,17.48108632149283,-0.0054245575901546
transformer,dl,STORE0008,SKU0078,511.65488052368164,36.54677718026297,14,541.0,0.1428235700963385,0.1425793114647763,5.519110815865653,6.435555739974186,-0.0475410912702352
transformer,dl,STORE0003,SKU0099,1089.8663864135742,77.84759902954102,14,1227.0,0.1428130879670308,0.1493995083522913,12.516547066824776,14.56701728212594,0.0337678867330761
transformer,dl,STORE0006,SKU0064,1513.9204025268555,108.1371716090611,14,1484.0,0.1420347465659087,0.1512722451693751,15.055683135986325,18.49097770699377,0.0587021295593755
transformer,dl,STORE0009,SKU0097,952.2757148742676,68.01969391959054,14,932.0,0.1399645089079893,0.1380018533114017,9.317637307303292,12.963308826988907,0.0308324871145092
transformer,dl,STORE0003,SKU0049,558.518684387207,39.89419174194336,14,525.0,0.1368076506115141,0.1756711725353337,5.13028689793178,7.038938189148057,0.0112262762160528
transformer,dl,STORE0004,SKU0096,1458.472915649414,104.17663683210101,14,1579.0,0.136254521394697,0.1278506825050431,15.367563520159043,25.47169929436496,-0.0495394996029429
transformer,dl,STORE0010,SKU0063,766.2320213317871,54.73085866655622,14,942.0,0.1349402142178481,0.1644953065480109,9.079548699515207,11.95889235211254,0.0151667544290011
transformer,dl,STORE0009,SKU0008,356.8230628967285,25.487361635480607,14,367.0,0.1336359860786625,0.153163146343587,3.503171920776367,4.837907845747627,0.0036824821451379
transformer,dl,STORE0012,SKU0033,1014.0352249145508,72.43108749389648,14,1467.0,0.1325936606731558,0.1390921536035635,13.893921443394255,18.134254884829268,0.0333695414932552
transformer,dl,STORE0001,SKU0033,1274.4761581420898,91.03401129586356,14,1816.0,0.126612986762093,0.1265315854273681,16.423513139997215,21.818332617887485,0.0513351121137845
transformer,dl,STORE0008,SKU0083,1418.002586364746,101.28589902605329,14,1555.0,0.1222776259640022,0.1214922643670173,13.581550598144531,14.96878485075429,-0.022956028781903
transformer,dl,STORE0010,SKU0055,214.01470184326172,15.286764417375837,14,213.0,0.1143777336872799,0.1262915975111836,1.740175519670759,2.240157391979076,-0.0252348492402985
